{
"type": "FeatureCollection",
"name": "amap_distretti",
"crs": { "type": "name", "properties": { "name": "urn:ogc:def:crs:OGC:1.3:CRS84" } },
"features": [
{"type":"Feature","properties":{"fid":1,"DISTRETTO":"ZEN"},"geometry":{"type":"MultiPolygon","coordinates":[[[[13.311178322445654,38.183170910822675],[13.311477375527708,38.183195906797629],[13.311641571681713,38.183221918709137],[13.312833694196744,38.184451793294677],[13.313709654742624,38.185355460272561],[13.315326385253082,38.186787509839597],[13.31629495441306,38.185429096471346],[13.318262555041168,38.182607456276045],[13.319242949738358,38.181248918272033],[13.320289633154806,38.179798456650964],[13.321524949055876,38.178520950331702],[13.322545315105986,38.177465690469965],[13.323124538032955,38.175723849686847],[13.322875381675731,38.175483788204509],[13.322263751718538,38.175193663831195],[13.322095510960329,38.175358183850761],[13.321619976878583,38.176009801317683],[13.320515983061089,38.177117397188859],[13.31966890457449,38.176821472799055],[13.318670210166026,38.177256527260802],[13.315760623305771,38.176103259705691],[13.315839302573423,38.175288456599084],[13.31549868948335,38.175118018164632],[13.313248092311838,38.175274903925924],[13.310850740142724,38.175299558850519],[13.309705994874745,38.176867643853683],[13.309043751187899,38.177650387344464],[13.307742639798729,38.178879625065072],[13.307151984464769,38.179536250093861],[13.30856509208053,38.180905536637717],[13.311178322445654,38.183170910822675]]]]}},
{"type":"Feature","properties":{"fid":2,"DISTRETTO":"CASTELFORTE - PALLAVICINO"},"geometry":{"type":"MultiPolygon","coordinates":[[[[13.322263751718538,38.175193663831195],[13.322875381675731,38.175483788204509],[13.323124538032955,38.175723849686847],[13.322545315105986,38.177465690469965],[13.321524949055876,38.178520950331702],[13.320289633154806,38.179798456650964],[13.319242949738358,38.181248918272033],[13.318262555041168,38.182607456276045],[13.31629495441306,38.185429096471346],[13.315326385253082,38.186787509839597],[13.314995918124783,38.18843032403791],[13.316236426282726,38.188516942626805],[13.319031007015584,38.188849236376363],[13.319341807690117,38.188845251524526],[13.320491122642617,38.188830508718169],[13.322703378607894,38.188938807348343],[13.324196002210751,38.189082792107556],[13.324946868136555,38.189179792503303],[13.325856582818187,38.189297306977871],[13.326800152739196,38.188310848746006],[13.327065343779237,38.18808774596404],[13.328255174777633,38.186937872330745],[13.328396706421088,38.186734613083566],[13.328362654149535,38.186531831633751],[13.32820393588206,38.185586650152956],[13.328694532283659,38.184430145895448],[13.329520462502066,38.182483052841782],[13.329167906186484,38.182337583929886],[13.328425451181271,38.181884052006943],[13.32873166258074,38.181661529096992],[13.329093344499277,38.181407383101046],[13.331278167947895,38.179234455159794],[13.33143360460061,38.17902058550245],[13.329609639809991,38.177979074092605],[13.328607508301562,38.177511044151444],[13.327223276163604,38.176994345801802],[13.327548977674253,38.175918590911614],[13.32807619335753,38.175007764354326],[13.32925898032047,38.173228519432534],[13.328724087303195,38.173007453141047],[13.328970239967978,38.172416739180733],[13.328685398995333,38.172304644762711],[13.328556838671496,38.172540501641251],[13.328039908716221,38.172403493123625],[13.328100310770784,38.172155862205258],[13.328123091003754,38.170470227955718],[13.327767131204462,38.170715810178805],[13.326895892969466,38.170513247181859],[13.326242193955556,38.171809047830074],[13.326086196780812,38.171927828003881],[13.323959982490962,38.171067747955895],[13.322605332566503,38.174642129789163],[13.322263751718538,38.175193663831195]]]]}},
{"type":"Feature","properties":{"fid":3,"DISTRETTO":"LANZA DI SCALEA"},"geometry":{"type":"MultiPolygon","coordinates":[[[[13.303189170773507,38.17167547763767],[13.303148184251704,38.172245020841743],[13.303752728086607,38.172527861079978],[13.30348155998225,38.172841902891449],[13.30284431537563,38.173369935196618],[13.302875326703171,38.173905772598026],[13.302726782965514,38.174245367413818],[13.305280250073523,38.176043875092432],[13.306142836470972,38.176771259662758],[13.3076328851313,38.177611299236339],[13.309043751187899,38.177650387344464],[13.309705994874745,38.176867643853683],[13.310850740142724,38.175299558850519],[13.31121297073244,38.174916667877667],[13.312997614787307,38.172373437439866],[13.31419035054649,38.171326113472318],[13.316900560367571,38.170740518296448],[13.319033252265271,38.168684735642273],[13.317581726675002,38.166918230837616],[13.317437928070861,38.166135566770954],[13.316460291530639,38.165653189673392],[13.316082204272423,38.163334342730593],[13.315544073153266,38.163284044824628],[13.314455724903473,38.162927797902533],[13.310689681509567,38.165405274505929],[13.309874096836815,38.165941764810533],[13.307530830150979,38.167767260473319],[13.306909634307861,38.168291674490355],[13.305348864156931,38.169609229006902],[13.305221877716365,38.169716982754558],[13.303276595672468,38.171367584427756],[13.303189170773507,38.17167547763767]]]]}},
{"type":"Feature","properties":{"fid":4,"DISTRETTO":"VILLA ADRIANA"},"geometry":{"type":"MultiPolygon","coordinates":[[[[13.319033252265271,38.168684735642273],[13.319912809563636,38.169858695831124],[13.320901051179614,38.168951089376236],[13.321806725848496,38.168299436247736],[13.322429160609145,38.165885458297566],[13.323693554052273,38.163111944916714],[13.323772906913797,38.16256003015355],[13.324794946966044,38.161626535479691],[13.325075030294975,38.161601825646862],[13.32525076605341,38.161385220223366],[13.325102540070446,38.161332541388632],[13.322904763537146,38.160357299724787],[13.322223137560044,38.161224010289772],[13.319264129084006,38.159934434101608],[13.318315447428249,38.159415206090237],[13.317938267211034,38.159989890984995],[13.317467738176504,38.160706790499439],[13.317120875534325,38.161235260930262],[13.316206774288711,38.162924487141488],[13.316184698346101,38.162997120946912],[13.316082204272423,38.163334342730593],[13.316460291530639,38.165653189673392],[13.317437928070861,38.166135566770954],[13.317581726675002,38.166918230837616],[13.319033252265271,38.168684735642273]]]]}},
{"type":"Feature","properties":{"fid":5,"DISTRETTO":"VILLAGGIO RUFFINI - PALLAVICINO"},"geometry":{"type":"MultiPolygon","coordinates":[[[[13.310850740142724,38.175299558850519],[13.313248092311838,38.175274903925924],[13.31549868948335,38.175118018164632],[13.315839302573423,38.175288456599084],[13.315760623305771,38.176103259705691],[13.318670210166026,38.177256527260802],[13.31966890457449,38.176821472799055],[13.320515983061089,38.177117397188859],[13.321619976878583,38.176009801317683],[13.322095510960329,38.175358183850761],[13.322263751718538,38.175193663831195],[13.322605332566503,38.174642129789163],[13.323959982490962,38.171067747955895],[13.326086196780812,38.171927828003881],[13.326242193955556,38.171809047830074],[13.326895892969466,38.170513247181859],[13.327767131204462,38.170715810178805],[13.328123091003754,38.170470227955718],[13.328100310770784,38.172155862205258],[13.328039908716221,38.172403493123625],[13.328556838671496,38.172540501641251],[13.328685398995333,38.172304644762711],[13.328970239967978,38.172416739180733],[13.328724087303195,38.173007453141047],[13.32925898032047,38.173228519432534],[13.329972919965863,38.173457383684102],[13.330913211942853,38.173726681184299],[13.331078886963411,38.173201599052526],[13.333443431511865,38.173906366359667],[13.333643457300637,38.173523279351173],[13.333702291729328,38.170940084745958],[13.329889947474863,38.168976092293747],[13.328912579262974,38.168472548344056],[13.327774822042423,38.168036862624234],[13.327270868209661,38.16776355266736],[13.326641134126715,38.16742202230057],[13.325423575291413,38.166761672305022],[13.322167034477449,38.166902078929326],[13.321806725848496,38.168299436247736],[13.320901051179614,38.168951089376236],[13.319912809563636,38.169858695831124],[13.319033252265271,38.168684735642273],[13.316900560367571,38.170740518296448],[13.31419035054649,38.171326113472318],[13.312997614787307,38.172373437439866],[13.31121297073244,38.174916667877667],[13.310850740142724,38.175299558850519]]]]}},
{"type":"Feature","properties":{"fid":6,"DISTRETTO":"GIUSINO - MARINAI ALLIATA"},"geometry":{"type":"MultiPolygon","coordinates":[[[[13.325856582818187,38.189297306977871],[13.326558732946296,38.189407831051021],[13.328553879876042,38.18966625609351],[13.328614688684841,38.189482804435293],[13.329054674284246,38.18815539933852],[13.329167603680681,38.187092307539245],[13.329322400383393,38.185872349415568],[13.329352707065061,38.185633495896646],[13.329391258746803,38.185274672483274],[13.330822358244456,38.185079407834685],[13.332551976879079,38.185103989844912],[13.332716803191294,38.184531335460562],[13.33293217096165,38.183072946754379],[13.332722730406614,38.18160852439788],[13.332821402011559,38.181274511505393],[13.33412947791914,38.177148317362317],[13.334142225401285,38.175255801434332],[13.334360605003502,38.174995359987157],[13.336274207639105,38.17492666255815],[13.336850401983206,38.174385508546514],[13.33730705617136,38.173153786246786],[13.337333587673728,38.173058029168608],[13.337184276001659,38.172340686013889],[13.336708581788562,38.172053239386024],[13.335213264193266,38.171835933150099],[13.333702291729328,38.170940084745958],[13.333643457300637,38.173523279351173],[13.333443431511865,38.173906366359667],[13.331078886963411,38.173201599052526],[13.330913211942853,38.173726681184299],[13.329972919965863,38.173457383684102],[13.32925898032047,38.173228519432534],[13.32807619335753,38.175007764354326],[13.327548977674253,38.175918590911614],[13.327223276163604,38.176994345801802],[13.328607508301562,38.177511044151444],[13.329609639809991,38.177979074092605],[13.33143360460061,38.17902058550245],[13.331278167947895,38.179234455159794],[13.329093344499277,38.181407383101046],[13.32873166258074,38.181661529096992],[13.328425451181271,38.181884052006943],[13.329167906186484,38.182337583929886],[13.329520462502066,38.182483052841782],[13.328694532283659,38.184430145895448],[13.32820393588206,38.185586650152956],[13.328362654149535,38.186531831633751],[13.328396706421088,38.186734613083566],[13.328255174777633,38.186937872330745],[13.327065343779237,38.18808774596404],[13.326800152739196,38.188310848746006],[13.325856582818187,38.189297306977871]]]]}},
{"type":"Feature","properties":{"fid":7,"DISTRETTO":"CRUILLAS BADIA"},"geometry":{"type":"MultiPolygon","coordinates":[[[[13.309421055481295,38.152463707133812],[13.311813708688744,38.151792964175719],[13.314938771911953,38.150993637706897],[13.315077257400013,38.150944780184112],[13.315344544625127,38.150850480900111],[13.315392297091391,38.14932164429883],[13.315757143290574,38.149316946212075],[13.31633591841603,38.149100459610516],[13.319298650031588,38.148417256412721],[13.320163994850367,38.14855824741452],[13.321427025088113,38.14911217655866],[13.32172648657753,38.149073587799059],[13.321780998062154,38.146695118132023],[13.320872584232664,38.143950506682032],[13.320197635346895,38.143246209333491],[13.320065498623981,38.142615831624681],[13.319988128559757,38.14142390636686],[13.320685425574982,38.141152714933838],[13.321386506728905,38.140716181896067],[13.322498527288388,38.140245027299699],[13.324029833117486,38.13959619717388],[13.324740236209673,38.139338962942965],[13.323732843122421,38.138847695959427],[13.323187796381658,38.138872992657483],[13.321921793390866,38.138375272657072],[13.321304380631732,38.137903351808298],[13.320720504881663,38.137795768781537],[13.31905527945923,38.137358465092511],[13.318363011902417,38.137229471807181],[13.318447553353783,38.136884389765449],[13.317425395247978,38.136623277997614],[13.317056557509629,38.136468042972595],[13.31607150387832,38.136053448535705],[13.314786639178191,38.135485393473971],[13.313869222883625,38.135079778194708],[13.313708701590759,38.13564906624206],[13.313396910602146,38.135803364417768],[13.313466572538955,38.137434462980579],[13.313579507460821,38.138049523404831],[13.313680933549053,38.138601896971771],[13.314104310691915,38.140005202462966],[13.313211267105819,38.140373439453796],[13.3119664481342,38.14088480386409],[13.311492876532101,38.141079111055241],[13.311712597462094,38.141431576665553],[13.311763263800357,38.14155932560989],[13.309622642215253,38.142555279180655],[13.309228956325802,38.142771897059603],[13.309539041741369,38.143273858205632],[13.310743478282763,38.142772524368688],[13.311958614409118,38.142387767243278],[13.312422185422829,38.143209478494015],[13.312648733137886,38.143847836514922],[13.31250401770858,38.144311498618855],[13.312444326640513,38.144575266738798],[13.312224579649586,38.144804979258204],[13.312276698758952,38.145451415623889],[13.309801762608766,38.146871388943318],[13.309397021080201,38.147103595513776],[13.308376428374389,38.147766338578535],[13.307772375661166,38.148964327615737],[13.307716525185203,38.149640964229249],[13.307603701786469,38.149882793647635],[13.307237992819859,38.150046882319366],[13.307167813271239,38.150183475836663],[13.30739653562968,38.150726609247968],[13.307578020403941,38.150993850793341],[13.307569459629066,38.151364203125176],[13.307629366991101,38.151672032194661],[13.308178969298957,38.152251543644759],[13.308611399416815,38.152681174445199],[13.309421055481295,38.152463707133812]]]]}},
{"type":"Feature","properties":{"fid":8,"DISTRETTO":"CIACULLI - GIARDINI"},"geometry":{"type":"MultiPolygon","coordinates":[[[[13.384539752702445,38.089171480287412],[13.384788865838397,38.089527491393739],[13.391078417409538,38.091442683274671],[13.39314525953175,38.090895197799441],[13.394255790494698,38.090511769582406],[13.397479117308313,38.090039062359168],[13.401346341013049,38.089161653622611],[13.401264866136568,38.088614297537028],[13.40398594815176,38.086492878924879],[13.406887811424985,38.084985054035279],[13.410493525128475,38.082210314127352],[13.412920610173657,38.080342391279956],[13.416675190956459,38.077381296108548],[13.419835461555843,38.073904221097365],[13.423695376040458,38.071575450316871],[13.434676435375293,38.069005220886837],[13.432622051954366,38.067686071830146],[13.431216006797554,38.067515336135607],[13.429508169268166,38.067973767704672],[13.428912611036584,38.067357917787035],[13.428231814252847,38.066234350934486],[13.42607611603102,38.065167020093575],[13.423334199879701,38.064547702190929],[13.42044254063449,38.063445062931997],[13.416526479908207,38.063797616152279],[13.41436315312898,38.064578961378437],[13.412734954950221,38.065798082997716],[13.412132696112641,38.066617297028799],[13.410910695268866,38.067191830487459],[13.409907386454918,38.067659501758868],[13.408671630658606,38.068503945918366],[13.407397776292472,38.069626475122817],[13.404227609186202,38.072496253331728],[13.401961192908653,38.073579908556361],[13.397655723981755,38.074129158163728],[13.394680029867578,38.075405624823325],[13.392988081084592,38.079511048121219],[13.390795578531097,38.083052360518209],[13.389929331682575,38.084560202943116],[13.388658272831558,38.085866854206373],[13.386925253951507,38.087102501541352],[13.385584648970424,38.087488145434094],[13.384488243650042,38.087345274421388],[13.384324105456955,38.088767391795869],[13.384539752702445,38.089171480287412]]]]}},
{"type":"Feature","properties":{"fid":9,"DISTRETTO":"BANDITA - FAVARA - GALLETTI"},"geometry":{"type":"MultiPolygon","coordinates":[[[[13.401346341013049,38.089161653622611],[13.402016167226563,38.089160386377216],[13.402999615936634,38.092055940241792],[13.403218343332233,38.093662909335315],[13.403126195263646,38.093875188724056],[13.39912374334663,38.094991631096597],[13.39978039461003,38.095594055661827],[13.401982284032787,38.095142830115272],[13.403167871825985,38.094757952783468],[13.403243799589706,38.094999584144922],[13.403392166926736,38.095643198826039],[13.401469452452043,38.096322809178616],[13.401783629542422,38.096808282328311],[13.402467632448104,38.098020582066184],[13.402353952061771,38.098580434092149],[13.40167524292138,38.098988240037023],[13.401949896309207,38.099425055058191],[13.405675518644696,38.098914280131133],[13.407248531909493,38.099384737061214],[13.410059598145867,38.098925578883318],[13.412340616637168,38.098571470330739],[13.415615562054583,38.09824676671964],[13.418839529792347,38.098402484605828],[13.421318926758337,38.098259390764994],[13.422620704391209,38.098132517825064],[13.424481348311534,38.09844620667846],[13.426335473340433,38.09906453859108],[13.42805548809924,38.099312127171395],[13.42960901946797,38.098803585529311],[13.431511885059658,38.097144807896271],[13.432604468489526,38.096357390450748],[13.433911673900756,38.095973824109016],[13.435121514532637,38.095396465994327],[13.438428049404433,38.095105600272753],[13.441253926886446,38.09501483127643],[13.441582440141504,38.094763788348637],[13.443307025640452,38.094718546426925],[13.445714014834788,38.095005818186976],[13.446771966447928,38.094900623299246],[13.449242876388535,38.095222721519995],[13.450070987099778,38.09468298550663],[13.450724423359137,38.093676294933545],[13.452450178468414,38.093070515678761],[13.452270622863722,38.092640526151548],[13.451834122164469,38.090863989093066],[13.451312325096231,38.089010395915935],[13.450276089394618,38.087868608564108],[13.449193625996379,38.087951021198599],[13.447061622035871,38.08848692049262],[13.445560175839871,38.089095589592134],[13.446147052887341,38.089818381284353],[13.444720035663632,38.091076506620404],[13.442897824511434,38.091665332739396],[13.439668754076548,38.090935297715973],[13.439192854075236,38.090300451438736],[13.439302799851811,38.08843504335325],[13.440141888481994,38.087863420703201],[13.440418930553165,38.086366699772299],[13.439372607608469,38.085152337208271],[13.437419620536689,38.08456145241373],[13.436146722466626,38.082170995699386],[13.435011137585553,38.080737823241989],[13.434676435375293,38.069005220886837],[13.423695376040458,38.071575450316871],[13.419835461555843,38.073904221097365],[13.416675190956459,38.077381296108548],[13.412920610173657,38.080342391279956],[13.410493525128475,38.082210314127352],[13.406887811424985,38.084985054035279],[13.40398594815176,38.086492878924879],[13.401264866136568,38.088614297537028],[13.401346341013049,38.089161653622611]]]]}},
{"type":"Feature","properties":{"fid":10,"DISTRETTO":"MOLARA CANNOLICCHIO"},"geometry":{"type":"MultiPolygon","coordinates":[[[[13.314337332546842,38.072064637133238],[13.309892063785616,38.074336985710289],[13.306084840994485,38.076639410271113],[13.304545818085609,38.077564321239414],[13.301422705557419,38.082507318656077],[13.30053334735226,38.087566747526949],[13.300753537930948,38.094157590349262],[13.30646938304977,38.099207181728715],[13.307199831294634,38.09987016163916],[13.309790198185295,38.102946226075311],[13.310763834047325,38.103070462582146],[13.31133879447497,38.100818997490656],[13.311518938894904,38.099089534661751],[13.310953458913009,38.097864781562393],[13.310010988849049,38.096390667012777],[13.309551633712768,38.095518000045793],[13.309238717513431,38.094923520203253],[13.309075540123537,38.094613510922933],[13.307077218194129,38.093565093825944],[13.307246740632305,38.093175851286908],[13.30816002117559,38.093249404449494],[13.309586253356716,38.09308763406851],[13.311213384786647,38.09254893855897],[13.312157757172971,38.091883172244174],[13.313304114564131,38.091074982945997],[13.313646926012666,38.090808968389908],[13.314139754577146,38.090426538417127],[13.314380539633978,38.090239689399041],[13.314636269635018,38.08996121151921],[13.315248007997928,38.089295046210509],[13.315290584129899,38.08827780239568],[13.314839316079835,38.087996927215542],[13.315531148938588,38.087163509234635],[13.315735064248612,38.086917857677456],[13.31571811119835,38.086347919786427],[13.314867538763103,38.084151891931143],[13.314876985602845,38.083894619175581],[13.31494768181355,38.081969210204363],[13.315571857245713,38.081185725772897],[13.315987102308464,38.080664485780346],[13.316555605369182,38.079950852492111],[13.316904332163489,38.079148780064543],[13.316594150125979,38.076960502722088],[13.316404399604771,38.075966908721561],[13.316250882020507,38.075126706716489],[13.317683247571264,38.073606924252637],[13.317923843045133,38.072989528607145],[13.318396081225638,38.071934342519],[13.314337332546842,38.072064637133238]]]]}},
{"type":"Feature","properties":{"fid":11,"DISTRETTO":"CALATAFIMI PIETRATAGLIATA"},"geometry":{"type":"MultiPolygon","coordinates":[[[[13.310763834047325,38.103070462582146],[13.312819860181945,38.103183689991241],[13.315312431655759,38.103052550191514],[13.31675331202525,38.103383191484127],[13.318047745194388,38.103520958350501],[13.317641681379961,38.104778927957888],[13.318187698159752,38.104655599516875],[13.320372091701522,38.10480607984374],[13.319030446165286,38.109221502137018],[13.319261513803342,38.109153827032252],[13.321049966431103,38.10916117000766],[13.324722052966109,38.109384243945428],[13.32494480476938,38.106841950921506],[13.323466656108264,38.10672800460717],[13.323629702190898,38.105764609371946],[13.323422329641449,38.104554496626577],[13.322940630966063,38.104316667727332],[13.322608899969351,38.104152880289732],[13.322565305971469,38.104003685066573],[13.323577307580749,38.103943846142748],[13.325506477406131,38.103859933417475],[13.3269464752697,38.103583306683511],[13.326958333253948,38.103063470817951],[13.326476795547086,38.102536606579513],[13.325633942027306,38.102394594309487],[13.324049436459374,38.101796278501176],[13.324159958451801,38.101073563014332],[13.324456311888097,38.100446356148993],[13.321917518926162,38.099444392658796],[13.321396957122099,38.101301816666982],[13.320306331542794,38.101685170883385],[13.31804538023697,38.100683954311201],[13.317151344160942,38.100632209319976],[13.315428409465502,38.100532469999756],[13.311518938894904,38.099089534661751],[13.31133879447497,38.100818997490656],[13.310763834047325,38.103070462582146]]]]}},
{"type":"Feature","properties":{"fid":12,"DISTRETTO":"PITRE' AEROPORTO"},"geometry":{"type":"MultiPolygon","coordinates":[[[[13.320372091701522,38.10480607984374],[13.318187698159752,38.104655599516875],[13.317641681379961,38.104778927957888],[13.318047745194388,38.103520958350501],[13.31675331202525,38.103383191484127],[13.315312431655759,38.103052550191514],[13.312819860181945,38.103183689991241],[13.310763834047325,38.103070462582146],[13.309790198185295,38.102946226075311],[13.308601818416905,38.106565747851803],[13.307908129324177,38.108465879497317],[13.306430633785309,38.107965615440619],[13.306163439401546,38.108188898111287],[13.305912498467913,38.108164722160105],[13.30579142846492,38.108109146604846],[13.305570237319232,38.107927876526617],[13.3054163743238,38.107999663899186],[13.30569970675641,38.108288310626058],[13.305777709466772,38.10832287534344],[13.305857268717229,38.108366132193481],[13.305867570531623,38.108472049247361],[13.305929199696921,38.108563596806334],[13.30614941353922,38.108708859018094],[13.306218022300586,38.108754116012243],[13.30628736157712,38.108777343489955],[13.306705086270519,38.108917272987284],[13.307020099175919,38.109077948236006],[13.30705468761947,38.109788606479725],[13.307136396990696,38.110275017328178],[13.306910829128096,38.1105741070674],[13.306578456966768,38.110763677641323],[13.305827892101613,38.112995537590677],[13.307918659735675,38.113641844364011],[13.309658446290538,38.113616968213364],[13.312120725788695,38.113710500013291],[13.312859471756436,38.11037911535896],[13.318521981970536,38.110805689921129],[13.31878902985644,38.110017406884793],[13.319030446165286,38.109221502137018],[13.320372091701522,38.10480607984374]]]]}},
{"type":"Feature","properties":{"fid":13,"DISTRETTO":"PITRE' ALTARELLO"},"geometry":{"type":"MultiPolygon","coordinates":[[[[13.321076618026346,38.114063235843524],[13.322383298186477,38.113845320834564],[13.324087283547025,38.113560122318631],[13.325356205061786,38.113347723456059],[13.325847885461023,38.113501446593865],[13.326669438510724,38.113216254263136],[13.327242558913291,38.113046029436546],[13.327596673507731,38.112940850604424],[13.327936779996318,38.112917238260984],[13.328697154678258,38.112964644642695],[13.329359992846435,38.113002528967556],[13.32965186498844,38.110696246846466],[13.329684457985037,38.110438696768632],[13.329754224568978,38.109887393703062],[13.329366224605232,38.109813454807515],[13.328502099791129,38.109732740093868],[13.324722052966109,38.109384243945428],[13.321049966431103,38.10916117000766],[13.319261513803342,38.109153827032252],[13.319030446165286,38.109221502137018],[13.31878902985644,38.110017406884793],[13.318521981970536,38.110805689921129],[13.318124972113063,38.111333884094456],[13.3198235698954,38.111499283333814],[13.318797242153906,38.113685587032329],[13.321076618026346,38.114063235843524]]]]}},
{"type":"Feature","properties":{"fid":14,"DISTRETTO":"MANOLFO"},"geometry":{"type":"MultiPolygon","coordinates":[[[[13.296341227212894,38.167264666975392],[13.295555591058779,38.170190026312461],[13.293030451056334,38.172333842827236],[13.291708654645669,38.172314616022888],[13.289608366392949,38.172487706825514],[13.288004835768371,38.173482693627598],[13.288498040291278,38.174457327457716],[13.288997210234911,38.175177456086836],[13.288616370951427,38.176292100788679],[13.288636195149861,38.178201814472587],[13.289198644317262,38.18081742500754],[13.288867875443588,38.182604676707555],[13.287925708767226,38.184057179744926],[13.286152600615299,38.185090421090408],[13.282382359329898,38.186308260205827],[13.281782197915517,38.18725830658601],[13.280033107361325,38.18881975333705],[13.279062032330543,38.190333055030571],[13.277587297984661,38.191656201355514],[13.2763054826402,38.192934672953193],[13.2781796595589,38.193928562622318],[13.278962768855944,38.19365320731039],[13.28013997381195,38.192584837553383],[13.282065888372841,38.190836882788112],[13.282868075389594,38.189489272893368],[13.283678446130137,38.188447811816623],[13.284106537114914,38.187897629044222],[13.285735943857427,38.187027128288172],[13.287443209163929,38.186431539257306],[13.287655204393602,38.186357581095905],[13.287834421027553,38.186254094448621],[13.288186460153815,38.186050910936856],[13.28862863399962,38.18569524928364],[13.288963403634652,38.185425974501122],[13.289418176457037,38.185060169320145],[13.290271917233236,38.183697172771026],[13.291069642632332,38.182423551187959],[13.291337278694254,38.181996240850474],[13.2925957082505,38.180082100046633],[13.293022286755079,38.179433223827061],[13.294565067780475,38.177186773747316],[13.294632639502076,38.177088378523422],[13.295303748651399,38.17612651643023],[13.296313840714411,38.1746787527468],[13.297150954884851,38.173715379947012],[13.297583988614852,38.173217020766515],[13.300449564037089,38.170035083148584],[13.300637806547439,38.17011282538391],[13.304026391971718,38.166947345454965],[13.304304183888799,38.166721612909065],[13.309139608504916,38.162792030713504],[13.314324228883454,38.158786421490184],[13.318007602938572,38.155687977590915],[13.318061385570649,38.155642732923461],[13.317597007615337,38.155246631079521],[13.31705627767713,38.155175564888694],[13.316104761586539,38.154983147327968],[13.314998244665002,38.154421015560338],[13.314257845389912,38.155253019552106],[13.314010985110208,38.155987122988734],[13.31349610096893,38.156501756055384],[13.313245055748746,38.156793208880963],[13.31139762675889,38.157129803421249],[13.307178840145834,38.16019105011231],[13.304873549535891,38.162270895305547],[13.303818651737673,38.161873773204881],[13.300355694619297,38.163809501363524],[13.29842304078559,38.165105378697689],[13.29698334164986,38.166001030057544],[13.296341227212894,38.167264666975392]]]]}},
{"type":"Feature","properties":{"fid":15,"DISTRETTO":"LA MALFA"},"geometry":{"type":"MultiPolygon","coordinates":[[[[13.318061385570649,38.155642732923461],[13.314324228883454,38.158786421490184],[13.309139608504916,38.162792030713504],[13.304026391971718,38.166947345454965],[13.300637806547439,38.17011282538391],[13.301550073450864,38.170489575756555],[13.303189170773507,38.17167547763767],[13.303276595672468,38.171367584427756],[13.305221877716365,38.169716982754558],[13.305348864156931,38.169609229006902],[13.306909634307861,38.168291674490355],[13.307530830150979,38.167767260473319],[13.309874096836815,38.165941764810533],[13.310689681509567,38.165405274505929],[13.314455724903473,38.162927797902533],[13.315544073153266,38.163284044824628],[13.316082204272423,38.163334342730593],[13.316184698346101,38.162997120946912],[13.316206774288711,38.162924487141488],[13.317120875534325,38.161235260930262],[13.317467738176504,38.160706790499439],[13.317938267211034,38.159989890984995],[13.318315447428249,38.159415206090237],[13.318417144326069,38.159306040108667],[13.319207893492125,38.158457200192117],[13.319471248747183,38.158150648788848],[13.319802001246391,38.15788553794377],[13.319747012844871,38.157675621503309],[13.319183746553019,38.157276284740291],[13.318863039362327,38.156732004086756],[13.318803850213152,38.156333135853615],[13.318061385570649,38.155642732923461]]]]}},
{"type":"Feature","properties":{"fid":16,"DISTRETTO":"MONTE ERCTA"},"geometry":{"type":"MultiPolygon","coordinates":[[[[13.337496818812147,38.195330853944945],[13.338262501171988,38.195235149328283],[13.338842728878435,38.194916777523368],[13.338959485199581,38.194541601030821],[13.339181722970071,38.194007136631683],[13.339316998662641,38.193657343668185],[13.340067274866342,38.19295819026226],[13.340669331294945,38.192149405705003],[13.34096956621319,38.191906512694459],[13.341591594241436,38.19140327812282],[13.342203785395693,38.190907991580296],[13.342961437652543,38.190446919765002],[13.343540205850188,38.190094701087304],[13.344058500540859,38.189656215234507],[13.34421220460221,38.189568171532009],[13.34494546184566,38.189148146368282],[13.34545100748462,38.188858553616846],[13.345802985813032,38.188684502336102],[13.34687557230105,38.188154102604742],[13.347145640167906,38.188020549802026],[13.348714557348973,38.187745431698325],[13.350795392728612,38.188146184999418],[13.350490066926364,38.187116406902028],[13.34931564352758,38.186748322138428],[13.347864018667863,38.186412694383094],[13.345712657297874,38.186455134706769],[13.343703865617144,38.186984478679179],[13.342397299217634,38.187026651917833],[13.34082112390843,38.188119725253024],[13.339830893011412,38.189111956088155],[13.339430487594035,38.189833688654623],[13.339177026174088,38.190848457414681],[13.338693830567285,38.19115682456254],[13.337800699988151,38.191253289748047],[13.33707201738549,38.190963891293912],[13.336357593355688,38.190541818894125],[13.335970200474542,38.190015027204311],[13.334808681093291,38.189756089914134],[13.333148806898532,38.189787179095248],[13.333388266934932,38.190248197145365],[13.335620557011612,38.191438946753031],[13.337496818812147,38.195330853944945]]]]}},
{"type":"Feature","properties":{"fid":17,"DISTRETTO":"VERGINE MARIA - L.MARE C. COLOMBO - ADDAURA"},"geometry":{"type":"MultiPolygon","coordinates":[[[[13.339475569438003,38.195925584591286],[13.340795297924538,38.194958032498995],[13.340902330907536,38.194400874683488],[13.34128482806171,38.194182812300326],[13.342134883933923,38.194157577190083],[13.343384303521914,38.193169609991699],[13.345486249436249,38.192044669993692],[13.346637024930077,38.191241500453309],[13.346828257139149,38.19113245963873],[13.349140751515657,38.191127761348199],[13.34955777666101,38.191468828777829],[13.350312606449737,38.191479439873802],[13.350839110820841,38.191151635346564],[13.351129728140203,38.190820515048905],[13.351645311686234,38.190976735648199],[13.351923335468188,38.191204108328172],[13.354663778183278,38.191056329848671],[13.35536975385401,38.191140713167577],[13.356026042839201,38.191336130783199],[13.356584633605209,38.191679156150833],[13.357284761818127,38.192024159790158],[13.357946917946276,38.191958935189845],[13.358847467102573,38.191785305774417],[13.359043697360557,38.191452845884633],[13.359201104765377,38.190747394735077],[13.359740094623026,38.189861051921262],[13.360828884837264,38.187604326105969],[13.362037441813607,38.186317626520804],[13.36358033293507,38.18484935075135],[13.365467512516071,38.182752685062461],[13.366061022378879,38.181531865898741],[13.36602133797286,38.181196109355596],[13.366282972968076,38.180045158528827],[13.366581790615427,38.17934166329362],[13.366792083758414,38.178376221117844],[13.366802891071613,38.177892187382504],[13.366571205767558,38.177702739235514],[13.366496824147776,38.17680782583939],[13.366690483413631,38.176587050768433],[13.367506459461028,38.175965236602991],[13.367955054397971,38.174891370342529],[13.367833491411327,38.173995801353506],[13.367055770307305,38.172904882313247],[13.36673558772498,38.172453488753355],[13.367135344236267,38.171453435435048],[13.367201619737731,38.170597722833378],[13.366922165480043,38.168321891993379],[13.368273431754497,38.166962615568949],[13.369963894837332,38.165198337511526],[13.371715517610843,38.162801716452265],[13.37243038945822,38.160353455160589],[13.373079021420549,38.158760907017488],[13.373194021398408,38.157831373608275],[13.373523930742065,38.157034764276901],[13.366380651838682,38.156649665427892],[13.36677900510966,38.157467151548964],[13.366782594971097,38.159042052341029],[13.36574386882954,38.160464840846004],[13.364564463120743,38.162115006997148],[13.364048661173896,38.164644757972837],[13.363513453775347,38.17006121690671],[13.363419995369616,38.172556400746402],[13.363758025972768,38.175117038434649],[13.363625139655982,38.178532992407192],[13.362344193544496,38.181932933647559],[13.35963337833925,38.185283165462515],[13.355909813928443,38.187608671054939],[13.353451950173906,38.18806459937727],[13.352023499856685,38.187955393605314],[13.350795392728612,38.188146184999418],[13.348714557348973,38.187745431698325],[13.347145640167906,38.188020549802026],[13.34545100748462,38.188858553616846],[13.344058500540859,38.189656215234507],[13.343540205850188,38.190094701087304],[13.342203785395693,38.190907991580296],[13.340669331294945,38.192149405705003],[13.340067274866342,38.19295819026226],[13.339316998662641,38.193657343668185],[13.339181722970071,38.194007136631683],[13.338959485199581,38.194541601030821],[13.338842728878435,38.194916777523368],[13.338262501171988,38.195235149328283],[13.337496818812147,38.195330853944945],[13.337215403594509,38.195366027435405],[13.337038304728164,38.19559464003882],[13.337047377473652,38.195755548823477],[13.339025736841398,38.195828780915456],[13.339319421105671,38.195792741434154],[13.339475569438003,38.195925584591286]]]]}},
{"type":"Feature","properties":{"fid":18,"DISTRETTO":"ORETO NUOVA"},"geometry":{"type":"MultiPolygon","coordinates":[[[[13.378684177525692,38.091035226419081],[13.378644908812655,38.091034070155814],[13.378599677476608,38.091028620979529],[13.378171102458564,38.090976988156413],[13.377590954987248,38.09090709195781],[13.377062334022826,38.090769422232171],[13.376867250855669,38.090938850660883],[13.376467647585484,38.091285899894558],[13.376427044035591,38.09132116318078],[13.375839967311505,38.091868427718246],[13.375116047990538,38.092543239295701],[13.374360731367032,38.092513722741117],[13.374123917219098,38.093557475527753],[13.373855596105976,38.094094164162868],[13.371450542592433,38.096714986349504],[13.371315341272929,38.096862309993121],[13.371462261804169,38.097945150968023],[13.370306380397938,38.098030446412601],[13.370308925048139,38.098300682672964],[13.370719106975752,38.098306372442018],[13.37133932631688,38.098361011682172],[13.371811127425909,38.098402573533626],[13.372519975319102,38.098629370788146],[13.372693864902283,38.098685006236444],[13.376877826374598,38.098121428660015],[13.376942347450221,38.098137701628985],[13.377555911268107,38.096668783245789],[13.379037430080587,38.09507017483768],[13.378902500835828,38.09469239746231],[13.378699115579817,38.094122948401079],[13.378632102763641,38.093935320367308],[13.378310296149262,38.092699127669164],[13.378187782827164,38.092228492721347],[13.378390407340314,38.091741415753717],[13.378684177525692,38.091035226419081]]]]}},
{"type":"Feature","properties":{"fid":19,"DISTRETTO":"VILLAGRAZIA AGNETTA"},"geometry":{"type":"MultiPolygon","coordinates":[[[[13.330158891105265,38.085584600552501],[13.330210368421344,38.08559658023345],[13.330785183479787,38.085730348068005],[13.331225306098483,38.085807234139324],[13.33235773617475,38.08591177801226],[13.3327773567301,38.085323945918894],[13.33460753567037,38.085846492737417],[13.337012538493591,38.087216414936442],[13.33855030133379,38.087565394417581],[13.339030183233296,38.088313883240808],[13.340822232214796,38.088404650474395],[13.342043705734735,38.088094672938702],[13.343192868200443,38.088207225233724],[13.343228735420423,38.089398464460629],[13.343974803663478,38.08989376126901],[13.346077383332076,38.088600531837265],[13.347766818218242,38.08752006743002],[13.348484330038051,38.087103587959788],[13.349602258923198,38.086753235911011],[13.350657525722992,38.086439213847029],[13.350658829576469,38.086090023403507],[13.350485836847668,38.085759463399526],[13.350777807307976,38.083788213933602],[13.350367769228852,38.080520875371128],[13.350455021111532,38.079969774505059],[13.349779286989628,38.076725232744792],[13.35110176227731,38.075619421371428],[13.350537354013696,38.074947083992093],[13.350137704927223,38.07454825528059],[13.347500063537975,38.075202324221699],[13.345027799900327,38.075399762596412],[13.342437522637656,38.07561870750888],[13.339870826875968,38.076093387475616],[13.33816732701815,38.0773698241169],[13.33738582612334,38.078148368257004],[13.3374801737768,38.079171539197183],[13.33575192608032,38.080238577184858],[13.334067226639913,38.080679171462251],[13.333160251806046,38.081804259899258],[13.332574234437137,38.083026790597572],[13.331695524140004,38.084198714999388],[13.330158891105265,38.085584600552501]]]]}},
{"type":"Feature","properties":{"fid":20,"DISTRETTO":"VILLAGRAZIA ALTOFONTE"},"geometry":{"type":"MultiPolygon","coordinates":[[[[13.318396081225638,38.071934342519],[13.317923843045133,38.072989528607145],[13.317683247571264,38.073606924252637],[13.316250882020507,38.075126706716489],[13.316404399604771,38.075966908721561],[13.316594150125979,38.076960502722088],[13.317835014682819,38.078418741719545],[13.318089184543769,38.078717428431524],[13.319006087215346,38.078995721658544],[13.31974512981161,38.079166456250896],[13.319983742330106,38.07956137787248],[13.320955951868577,38.080138487439726],[13.321427543376254,38.08041842097559],[13.322467471805682,38.081216292875894],[13.324379520412538,38.082275739696136],[13.327062769022495,38.084075771049932],[13.327177719432699,38.08449889585377],[13.327227949607181,38.084683788313853],[13.328115377340247,38.084783178953472],[13.328128561154362,38.084731594597166],[13.328264825677714,38.084680146006221],[13.328775626073394,38.084989943379277],[13.329123381995903,38.085173711485929],[13.329398567517762,38.085319129131697],[13.329889297829023,38.085521861004693],[13.330158891105265,38.085584600552501],[13.331695524140004,38.084198714999388],[13.332574234437137,38.083026790597572],[13.333160251806046,38.081804259899258],[13.334067226639913,38.080679171462251],[13.33575192608032,38.080238577184858],[13.3374801737768,38.079171539197183],[13.33738582612334,38.078148368257004],[13.33816732701815,38.0773698241169],[13.339870826875968,38.076093387475616],[13.342437522637656,38.07561870750888],[13.345027799900327,38.075399762596412],[13.347500063537975,38.075202324221699],[13.350137704927223,38.07454825528059],[13.347617943430036,38.072033537458481],[13.345329477531976,38.07099131273705],[13.341726946836641,38.071565774385277],[13.33762037566003,38.072902532323027],[13.334315266378075,38.073769549144487],[13.332466892861298,38.072108064435149],[13.332451931686764,38.070087816627591],[13.328867961049529,38.069844513554564],[13.323170064082678,38.071590985610243],[13.318396081225638,38.071934342519]]]]}},
{"type":"Feature","properties":{"fid":21,"DISTRETTO":"CERVELLO"},"geometry":{"type":"MultiPolygon","coordinates":[[[[13.310193276491955,38.153889523618695],[13.31139762675889,38.157129803421249],[13.313245055748746,38.156793208880963],[13.31349610096893,38.156501756055384],[13.314010985110208,38.155987122988734],[13.314257845389912,38.155253019552106],[13.314998244665002,38.154421015560338],[13.314936284520993,38.153834141163678],[13.314782424089536,38.153414790921921],[13.31263166280198,38.153245951322056],[13.312459719682542,38.153232451670533],[13.312331890375612,38.153386906440147],[13.310193276491955,38.153889523618695]]]]}},
{"type":"Feature","properties":{"fid":22,"DISTRETTO":"PARTANNA MONDELLO"},"geometry":{"type":"MultiPolygon","coordinates":[[[[13.299433933996218,38.188532070942863],[13.300148695372556,38.189955433723],[13.300695954362741,38.190786122791096],[13.300578521968527,38.19096328458722],[13.299438364832808,38.190760456395182],[13.298306559156091,38.191024271030464],[13.297368315691303,38.191629891770376],[13.297936035994629,38.192926214862872],[13.297634222586467,38.194783827800457],[13.29758416570693,38.19762709902836],[13.298574779453153,38.199503452062814],[13.300442769936128,38.20048701735795],[13.304075413831034,38.203131269873133],[13.304803909095442,38.204086717188204],[13.305503915839839,38.20525342923672],[13.308164524521164,38.205521373194891],[13.311345970121412,38.206332392862649],[13.315823030248737,38.207735827358903],[13.317735233330026,38.208222373412582],[13.322067354008421,38.208909305211499],[13.324045435286079,38.209345677323789],[13.3254994645078,38.210080621022847],[13.325733748402405,38.211142492957762],[13.326380527635978,38.21168980944087],[13.327325511635182,38.211828218407895],[13.328241356185822,38.21164382124163],[13.32927790233015,38.212434266419429],[13.33006479782863,38.212417259454284],[13.33066157355533,38.212115475988639],[13.33048466492354,38.211252654922944],[13.32943172609186,38.209615785673165],[13.328850634822304,38.208451037490988],[13.328567191102412,38.207558489561464],[13.328116813615157,38.20693152679975],[13.325888056823645,38.206628358319783],[13.325610711419305,38.205773339166129],[13.325578238067211,38.20524531724741],[13.325678861477888,38.204744315948162],[13.325890417965018,38.203847971752111],[13.326136056220724,38.203409330751519],[13.326703245308266,38.20255322682786],[13.326949564001195,38.202084447425612],[13.328161332579475,38.200549434712904],[13.329003563939455,38.19991454049935],[13.330469429307746,38.198596404757787],[13.331032457396573,38.19819743760673],[13.332137108923806,38.197499678364572],[13.332813309166305,38.197162603106854],[13.333199084797778,38.196997253223735],[13.334032560337887,38.196742794246056],[13.334433304993844,38.196758530401922],[13.334854974542418,38.196694171961951],[13.335483131368344,38.196788496263871],[13.335664618955178,38.196926728156214],[13.33581893317151,38.197139940204508],[13.335932011271522,38.197206860387965],[13.335767518880349,38.197440674042326],[13.335515520252818,38.197602905212058],[13.335622577125614,38.197654667163775],[13.335879568235356,38.197552799113858],[13.336177910507185,38.197592199333172],[13.336571952895353,38.197622906358234],[13.336744258142991,38.197605250658498],[13.336647565651965,38.197377783271826],[13.337626051907344,38.197185646221016],[13.338315867843328,38.196808536755455],[13.339114218121571,38.196417885855325],[13.339388265460883,38.196125324793137],[13.339475569438003,38.195925584591286],[13.339319421105671,38.195792741434154],[13.339025736841398,38.195828780915456],[13.337047377473652,38.195755548823477],[13.337038304728164,38.19559464003882],[13.337215403594509,38.195366027435405],[13.337496818812147,38.195330853944945],[13.335620557011612,38.191438946753031],[13.333388266934932,38.190248197145365],[13.333148806898532,38.189787179095248],[13.334673742234527,38.182570587203664],[13.336877197127508,38.175102914027768],[13.336274207639105,38.17492666255815],[13.334360605003502,38.174995359987157],[13.334142225401285,38.175255801434332],[13.33412947791914,38.177148317362317],[13.332821402011559,38.181274511505393],[13.332722730406614,38.18160852439788],[13.33293217096165,38.183072946754379],[13.332716803191294,38.184531335460562],[13.332551976879079,38.185103989844912],[13.330822358244456,38.185079407834685],[13.329391258746803,38.185274672483274],[13.329352707065061,38.185633495896646],[13.329322400383393,38.185872349415568],[13.329167603680681,38.187092307539245],[13.329054674284246,38.18815539933852],[13.328614688684841,38.189482804435293],[13.328553879876042,38.18966625609351],[13.326558732946296,38.189407831051021],[13.325856582818187,38.189297306977871],[13.324946868136555,38.189179792503303],[13.324196002210751,38.189082792107556],[13.322703378607894,38.188938807348343],[13.320491122642617,38.188830508718169],[13.319341807690117,38.188845251524526],[13.319031007015584,38.188849236376363],[13.316236426282726,38.188516942626805],[13.314995918124783,38.18843032403791],[13.315326385253082,38.186787509839597],[13.313709654742624,38.185355460272561],[13.312833694196744,38.184451793294677],[13.311641571681713,38.183221918709137],[13.311477375527708,38.183195906797629],[13.311178322445654,38.183170910822675],[13.30856509208053,38.180905536637717],[13.307151984464769,38.179536250093861],[13.305335226215572,38.180775427032493],[13.304261605459844,38.182929215671685],[13.303462120237711,38.183860578626295],[13.30251688115861,38.185085859492638],[13.302072913404023,38.185660536897345],[13.299433933996218,38.188532070942863]]]]}},
{"type":"Feature","properties":{"fid":23,"DISTRETTO":"SFERRACAVALLO - T. NATALE"},"geometry":{"type":"MultiPolygon","coordinates":[[[[13.288326333922456,38.211022541231266],[13.287881034741899,38.209674776054605],[13.286504310265954,38.208331515105328],[13.285718937270016,38.205846420839862],[13.285996585583119,38.202993477489805],[13.286709683218298,38.200358519019382],[13.286359291392152,38.19896269422452],[13.285210200162307,38.19681828752811],[13.287214065178812,38.194968062158395],[13.293405804491108,38.19228195414383],[13.290925599872958,38.189724392176757],[13.290209234312085,38.189496172557313],[13.289527413004228,38.188698855546455],[13.288865595762468,38.187895557137217],[13.288751906158852,38.187911785923525],[13.288607973558102,38.187283671263145],[13.288166194683285,38.186794302547185],[13.287655204393602,38.186357581095905],[13.287443209163929,38.186431539257306],[13.285735943857427,38.187027128288172],[13.284106537114914,38.187897629044222],[13.283678446130137,38.188447811816623],[13.282868075389594,38.189489272893368],[13.282065888372841,38.190836882788112],[13.28013997381195,38.192584837553383],[13.278962768855944,38.19365320731039],[13.2781796595589,38.193928562622318],[13.276191473289066,38.194882454859922],[13.274574722277849,38.19522391293966],[13.272865922842279,38.195584783750157],[13.272372864139543,38.1957187334962],[13.270926835231537,38.197076553653737],[13.269745094624881,38.198168077266729],[13.268331236415397,38.199488683291413],[13.267222858914005,38.202262555388167],[13.268216864089624,38.202402429289798],[13.269617033651652,38.202619828203396],[13.269962414652008,38.202392400626337],[13.269540150368023,38.201080490410945],[13.269571275278063,38.200723227347041],[13.270028243882965,38.20056898899621],[13.271138241322166,38.199637381430378],[13.271907081509656,38.19875439872424],[13.27240850254023,38.198636577607374],[13.272744560244677,38.198802498673146],[13.273638335316205,38.198386381760692],[13.27373318735231,38.198208915733794],[13.274340711786662,38.198396710781616],[13.275467485555037,38.199105197543886],[13.275838763531748,38.200187867535384],[13.27595941797159,38.201129071715201],[13.276376544242282,38.202287567832009],[13.276917750641966,38.202896750951432],[13.278637873005211,38.203999207173005],[13.280139424168514,38.204948126599177],[13.281486744336652,38.205706882400165],[13.281783833321485,38.205899118582749],[13.281939253233089,38.206715567985263],[13.281828078806127,38.208743112372368],[13.281959125879942,38.209246060877483],[13.282223607979653,38.209475395887544],[13.283014142030719,38.209612221760196],[13.283686840849079,38.209359020790089],[13.284195547568087,38.209328882001572],[13.285141546928322,38.209605749677145],[13.286032894910111,38.210182429740954],[13.287048867192572,38.210861128224629],[13.28799577812422,38.211100409124775],[13.288138900883858,38.211089971150713],[13.288326333922456,38.211022541231266]]]]}},
{"type":"Feature","properties":{"fid":24,"DISTRETTO":"CARDILLO - MARINELLA"},"geometry":{"type":"MultiPolygon","coordinates":[[[[13.287655204393602,38.186357581095905],[13.288166194683285,38.186794302547185],[13.288607973558102,38.187283671263145],[13.288751906158852,38.187911785923525],[13.288865595762468,38.187895557137217],[13.289527413004228,38.188698855546455],[13.290209234312085,38.189496172557313],[13.290925599872958,38.189724392176757],[13.293405804491108,38.19228195414383],[13.296659185814748,38.190720158876481],[13.297368315691303,38.191629891770376],[13.298306559156091,38.191024271030464],[13.299438364832808,38.190760456395182],[13.300578521968527,38.19096328458722],[13.300695954362741,38.190786122791096],[13.300148695372556,38.189955433723],[13.299433933996218,38.188532070942863],[13.302072913404023,38.185660536897345],[13.30251688115861,38.185085859492638],[13.303462120237711,38.183860578626295],[13.304261605459844,38.182929215671685],[13.305335226215572,38.180775427032493],[13.307151984464769,38.179536250093861],[13.307742639798729,38.178879625065072],[13.309043751187899,38.177650387344464],[13.3076328851313,38.177611299236339],[13.306142836470972,38.176771259662758],[13.305280250073523,38.176043875092432],[13.302726782965514,38.174245367413818],[13.302875326703171,38.173905772598026],[13.30284431537563,38.173369935196618],[13.30348155998225,38.172841902891449],[13.303752728086607,38.172527861079978],[13.303148184251704,38.172245020841743],[13.303189170773507,38.17167547763767],[13.301550073450864,38.170489575756555],[13.300637806547439,38.17011282538391],[13.300449564037089,38.170035083148584],[13.297583988614852,38.173217020766515],[13.297150954884851,38.173715379947012],[13.296313840714411,38.1746787527468],[13.295303748651399,38.17612651643023],[13.294632639502076,38.177088378523422],[13.294565067780475,38.177186773747316],[13.293022286755079,38.179433223827061],[13.2925957082505,38.180082100046633],[13.291337278694254,38.181996240850474],[13.291069642632332,38.182423551187959],[13.290271917233236,38.183697172771026],[13.289418176457037,38.185060169320145],[13.288963403634652,38.185425974501122],[13.28862863399962,38.18569524928364],[13.288186460153815,38.186050910936856],[13.287834421027553,38.186254094448621],[13.287655204393602,38.186357581095905]]]]}},
{"type":"Feature","properties":{"fid":25,"DISTRETTO":"STRASBURGO"},"geometry":{"type":"MultiPolygon","coordinates":[[[[13.326406971826097,38.148896484314953],[13.325741530871136,38.149485360303764],[13.32525232888173,38.149918266542151],[13.324176667040312,38.150870118952739],[13.324023511400295,38.151024483459054],[13.321116262760375,38.1539545133422],[13.32105543051223,38.154042416459177],[13.32100377518589,38.15411705864863],[13.321018660978103,38.15412924647493],[13.321938948703185,38.154669301091239],[13.323245159383553,38.155244797890695],[13.32333901581123,38.155278026198232],[13.324818819491488,38.155801912311219],[13.326068954776474,38.156376032156849],[13.326533804331673,38.156587271042753],[13.326766522345419,38.156680105698008],[13.327413875477307,38.155992367827089],[13.328312221351084,38.156369627774573],[13.327984971704279,38.15687010525594],[13.329451101011069,38.157562359612086],[13.330032305367535,38.157950854705931],[13.330313527764929,38.157134296106193],[13.330070656839979,38.156672878204823],[13.330123392286014,38.155842179237318],[13.330109850822243,38.155695260341489],[13.330135814471467,38.155544457041437],[13.32978594763731,38.155330506850085],[13.330092144611836,38.154743510579138],[13.330339971397592,38.154493598603814],[13.33048185913889,38.154197717252416],[13.331258109340649,38.154479973624717],[13.33154669484095,38.153923846817861],[13.331704610054111,38.15391275190597],[13.332031132685215,38.15366840062989],[13.332497202146866,38.15323039509925],[13.33243670132487,38.153167288303436],[13.332541058910978,38.153035382719558],[13.332799988844963,38.15303905957515],[13.332951969480346,38.153041217463809],[13.333114537755517,38.152825658954747],[13.333348624211771,38.152931245777957],[13.333475293063469,38.152808548544421],[13.333497744324163,38.152564323139657],[13.33356451809758,38.152351850566667],[13.33357891201512,38.152214220916427],[13.333680672129573,38.151948889718483],[13.334287002971111,38.151037117693839],[13.334805657925202,38.151008904221911],[13.335395435202733,38.15131961234497],[13.336312267577524,38.151857264921674],[13.336908234480969,38.151375487126415],[13.337563060081582,38.150977423215984],[13.337619626129078,38.150999863088529],[13.338138285973962,38.150424591495636],[13.338746586035873,38.150636685144654],[13.339300717389873,38.149711295777294],[13.340081670744837,38.148578607610297],[13.34097061952998,38.147384288921174],[13.341018210184385,38.147244626182996],[13.339881306807733,38.146790972583446],[13.338684730237203,38.146313490068394],[13.338442997380382,38.146394270809957],[13.337800477519458,38.146125557328205],[13.337494020247046,38.146317687951097],[13.336820318958825,38.147030873167715],[13.336447375800969,38.147411511555994],[13.335247654413902,38.1470296374791],[13.33488784261381,38.147613942785249],[13.334669213548336,38.147938448400403],[13.334165370860472,38.147747166909859],[13.333066739057129,38.147330065693005],[13.332334016984419,38.147051875714197],[13.332121336759789,38.14702189590917],[13.332361452839235,38.14661579918706],[13.332818278477422,38.145843177716742],[13.332329990001673,38.14520642133219],[13.332527340233188,38.144914850326671],[13.332385535842006,38.144289859748596],[13.331576039513966,38.144414670282146],[13.330462417737097,38.144194257394823],[13.32994631226396,38.144778706494989],[13.329849279026433,38.144890481905385],[13.328979257260109,38.145788608215419],[13.328820652133748,38.14595764162263],[13.328726881322719,38.146057577379473],[13.328524918251558,38.145920918649942],[13.32806927622299,38.146561088101009],[13.327296776452096,38.147646406745046],[13.326406971826097,38.148896484314953]]]]}},
{"type":"Feature","properties":{"fid":26,"DISTRETTO":"LAZIO - MICHELANGELO"},"geometry":{"type":"MultiPolygon","coordinates":[[[[13.332121336759789,38.14702189590917],[13.332334016984419,38.147051875714197],[13.333066739057129,38.147330065693005],[13.334165370860472,38.147747166909859],[13.334669213548336,38.147938448400403],[13.33488784261381,38.147613942785249],[13.335247654413902,38.1470296374791],[13.336447375800969,38.147411511555994],[13.336820318958825,38.147030873167715],[13.337494020247046,38.146317687951097],[13.337800477519458,38.146125557328205],[13.338442997380382,38.146394270809957],[13.338684730237203,38.146313490068394],[13.339881306807733,38.146790972583446],[13.341018210184385,38.147244626182996],[13.34097061952998,38.147384288921174],[13.340081670744837,38.148578607610297],[13.34133997663605,38.14950103608296],[13.34098141266592,38.149976593625397],[13.340509958431468,38.150710677906517],[13.340369589244608,38.150929238344261],[13.339968472370025,38.151553784939189],[13.341050655341428,38.151914896896848],[13.340854255497909,38.152223708738092],[13.340476983625217,38.152156059772778],[13.338981781011253,38.154752246258333],[13.339382709191547,38.1551692117622],[13.339675101964998,38.155798589708567],[13.340556079302267,38.155993892169896],[13.343940944414308,38.156902144359179],[13.348763080589968,38.150258453035008],[13.345999907199767,38.148369567946169],[13.346329530224196,38.148015107282212],[13.347615846909131,38.146353038238196],[13.347756024295419,38.14539303651005],[13.346309311515622,38.144908913601284],[13.343179078546163,38.143861341203724],[13.341582838607104,38.143315052815673],[13.340209792639989,38.142883335166722],[13.339828428190469,38.142900231514119],[13.339109532409205,38.142867778111004],[13.337519415058678,38.142054071985925],[13.337239829620362,38.141938676138167],[13.335937364692688,38.1415079082579],[13.334982702406078,38.141111203290095],[13.334194189445869,38.140995268812432],[13.332062157317347,38.140218801493027],[13.331456921750949,38.140174225033022],[13.33127833913052,38.139889088972069],[13.328899189701428,38.139354907457736],[13.327988475902291,38.139150413578214],[13.326885030525366,38.138883789954654],[13.32567455321356,38.138591290329565],[13.325117155599921,38.138456595876285],[13.32324991130716,38.138016320140309],[13.32161354836566,38.137630455135174],[13.320916334260815,38.137466039417539],[13.318683734114337,38.136939519267827],[13.318447553353783,38.136884389765449],[13.318363011902417,38.137229471807181],[13.31905527945923,38.137358465092511],[13.320720504881663,38.137795768781537],[13.321304380631732,38.137903351808298],[13.321921793390866,38.138375272657072],[13.323187796381658,38.138872992657483],[13.323732843122421,38.138847695959427],[13.324740236209673,38.139338962942965],[13.324029833117486,38.13959619717388],[13.322498527288388,38.140245027299699],[13.321386506728905,38.140716181896067],[13.320685425574982,38.141152714933838],[13.319988128559757,38.14142390636686],[13.320065498623981,38.142615831624681],[13.320197635346895,38.143246209333491],[13.320872584232664,38.143950506682032],[13.321780998062154,38.146695118132023],[13.32172648657753,38.149073587799059],[13.321427025088113,38.14911217655866],[13.320163994850367,38.14855824741452],[13.319298650031588,38.148417256412721],[13.31633591841603,38.149100459610516],[13.315757143290574,38.149316946212075],[13.315871805202162,38.149588426599621],[13.316940945324408,38.152119688465504],[13.317169026084969,38.152226987069234],[13.317432242998287,38.152348792708381],[13.318745855927602,38.152396188915027],[13.319009218460661,38.152839735232583],[13.318035401041628,38.154166603674163],[13.317950376687232,38.154582527806021],[13.317903985866668,38.154959277502158],[13.317833848336415,38.155277757379437],[13.318211452742922,38.155512166673354],[13.318807521691655,38.155890882192921],[13.318957468109828,38.155909219805821],[13.319335493029532,38.155817487469093],[13.319740599889416,38.155736935254275],[13.320297409410324,38.155896015266315],[13.321436387328198,38.156300880248565],[13.322375690146774,38.157109798674007],[13.322692872805723,38.157050388905027],[13.323413796352032,38.157041503172579],[13.324072884098127,38.156903847609648],[13.324538072330148,38.156392561453458],[13.324608978726317,38.156125019383865],[13.324777173296308,38.155852471243122],[13.324818819491488,38.155801912311219],[13.32333901581123,38.155278026198232],[13.323245159383553,38.155244797890695],[13.321938948703185,38.154669301091239],[13.321018660978103,38.15412924647493],[13.32105543051223,38.154042416459177],[13.321116262760375,38.1539545133422],[13.324023511400295,38.151024483459054],[13.324176667040312,38.150870118952739],[13.32525232888173,38.149918266542151],[13.325741530871136,38.149485360303764],[13.326406971826097,38.148896484314953],[13.327296776452096,38.147646406745046],[13.32806927622299,38.146561088101009],[13.328524918251558,38.145920918649942],[13.328726881322719,38.146057577379473],[13.328820652133748,38.14595764162263],[13.328979257260109,38.145788608215419],[13.329849279026433,38.144890481905385],[13.32994631226396,38.144778706494989],[13.330462417737097,38.144194257394823],[13.331576039513966,38.144414670282146],[13.332385535842006,38.144289859748596],[13.332527340233188,38.144914850326671],[13.332329990001673,38.14520642133219],[13.332818278477422,38.145843177716742],[13.332361452839235,38.14661579918706],[13.332121336759789,38.14702189590917]]]]}},
{"type":"Feature","properties":{"fid":27,"DISTRETTO":"RESUTTANA - CROCE ROSSA - STADIO"},"geometry":{"type":"MultiPolygon","coordinates":[[[[13.339968472370025,38.151553784939189],[13.340369589244608,38.150929238344261],[13.340509958431468,38.150710677906517],[13.34098141266592,38.149976593625397],[13.34133997663605,38.14950103608296],[13.340081670744837,38.148578607610297],[13.339300717389873,38.149711295777294],[13.338746586035873,38.150636685144654],[13.338138285973962,38.150424591495636],[13.337619626129078,38.150999863088529],[13.337563060081582,38.150977423215984],[13.336908234480969,38.151375487126415],[13.336312267577524,38.151857264921674],[13.335395435202733,38.15131961234497],[13.334805657925202,38.151008904221911],[13.334287002971111,38.151037117693839],[13.333680672129573,38.151948889718483],[13.33357891201512,38.152214220916427],[13.33356451809758,38.152351850566667],[13.333497744324163,38.152564323139657],[13.333475293063469,38.152808548544421],[13.333348624211771,38.152931245777957],[13.333114537755517,38.152825658954747],[13.332951969480346,38.153041217463809],[13.332799988844963,38.15303905957515],[13.332541058910978,38.153035382719558],[13.33243670132487,38.153167288303436],[13.332497202146866,38.15323039509925],[13.332031132685215,38.15366840062989],[13.331704610054111,38.15391275190597],[13.33154669484095,38.153923846817861],[13.331258109340649,38.154479973624717],[13.33048185913889,38.154197717252416],[13.330339971397592,38.154493598603814],[13.330092144611836,38.154743510579138],[13.32978594763731,38.155330506850085],[13.330135814471467,38.155544457041437],[13.330109850822243,38.155695260341489],[13.330123392286014,38.155842179237318],[13.330070656839979,38.156672878204823],[13.330313527764929,38.157134296106193],[13.330032305367535,38.157950854705931],[13.330145049055224,38.158026215298669],[13.330626112262014,38.158237668709141],[13.330173715206733,38.159174603704471],[13.331169227530703,38.15958935111459],[13.331423949118516,38.159263817154255],[13.331668499185353,38.15938444893581],[13.332080666325956,38.159591144784933],[13.33231121874833,38.159705997502599],[13.332473730029209,38.159395888093307],[13.332880995588233,38.159507670469196],[13.332537984297879,38.16060741883912],[13.331788321171032,38.161567495408917],[13.332471656198475,38.16178334568589],[13.333173483702103,38.1620357502904],[13.333461821829994,38.16227174134854],[13.333670257663346,38.162354661763722],[13.334166995710694,38.162526411015484],[13.339039884548914,38.157756763022675],[13.340556079302267,38.155993892169896],[13.339675101964998,38.155798589708567],[13.339382709191547,38.1551692117622],[13.338981781011253,38.154752246258333],[13.340476983625217,38.152156059772778],[13.340854255497909,38.152223708738092],[13.341050655341428,38.151914896896848],[13.339968472370025,38.151553784939189]]]]}},
{"type":"Feature","properties":{"fid":28,"DISTRETTO":"S. LORENZO - TRABUCCO"},"geometry":{"type":"MultiPolygon","coordinates":[[[[13.317597007615337,38.155246631079521],[13.31769237989527,38.155327981547913],[13.318061385570649,38.155642732923461],[13.318803850213152,38.156333135853615],[13.318863039362327,38.156732004086756],[13.319183746553019,38.157276284740291],[13.319747012844871,38.157675621503309],[13.319802001246391,38.15788553794377],[13.319471248747183,38.158150648788848],[13.319207893492125,38.158457200192117],[13.318417144326069,38.159306040108667],[13.318315447428249,38.159415206090237],[13.319264129084006,38.159934434101608],[13.322223137560044,38.161224010289772],[13.322904763537146,38.160357299724787],[13.325102540070446,38.161332541388632],[13.32525076605341,38.161385220223366],[13.325075030294975,38.161601825646862],[13.324794946966044,38.161626535479691],[13.323772906913797,38.16256003015355],[13.323693554052273,38.163111944916714],[13.322429160609145,38.165885458297566],[13.322167034477449,38.166902078929326],[13.325423575291413,38.166761672305022],[13.326641134126715,38.16742202230057],[13.327270868209661,38.16776355266736],[13.327774822042423,38.168036862624234],[13.328912579262974,38.168472548344056],[13.329889947474863,38.168976092293747],[13.331508911580038,38.166573228972254],[13.332035180879155,38.165870298044112],[13.333390947671306,38.165581829654997],[13.334592265620072,38.165492357659524],[13.33524959032132,38.164933577611755],[13.334990806567324,38.164579577944217],[13.333879053323516,38.163896285525901],[13.333797758268028,38.163516396764216],[13.334166995710694,38.162526411015484],[13.333670257663346,38.162354661763722],[13.333461821829994,38.16227174134854],[13.333173483702103,38.1620357502904],[13.332471656198475,38.16178334568589],[13.331788321171032,38.161567495408917],[13.332537984297879,38.16060741883912],[13.332880995588233,38.159507670469196],[13.332473730029209,38.159395888093307],[13.33231121874833,38.159705997502599],[13.332080666325956,38.159591144784933],[13.331668499185353,38.15938444893581],[13.331423949118516,38.159263817154255],[13.331169227530703,38.15958935111459],[13.330173715206733,38.159174603704471],[13.330626112262014,38.158237668709141],[13.330145049055224,38.158026215298669],[13.330032305367535,38.157950854705931],[13.329451101011069,38.157562359612086],[13.327984971704279,38.15687010525594],[13.328312221351084,38.156369627774573],[13.327413875477307,38.155992367827089],[13.326766522345419,38.156680105698008],[13.326533804331673,38.156587271042753],[13.326068954776474,38.156376032156849],[13.324818819491488,38.155801912311219],[13.324777173296308,38.155852471243122],[13.324608978726317,38.156125019383865],[13.324538072330148,38.156392561453458],[13.324072884098127,38.156903847609648],[13.323413796352032,38.157041503172579],[13.322692872805723,38.157050388905027],[13.322375690146774,38.157109798674007],[13.321436387328198,38.156300880248565],[13.320297409410324,38.155896015266315],[13.319740599889416,38.155736935254275],[13.319335493029532,38.155817487469093],[13.318957468109828,38.155909219805821],[13.318807521691655,38.155890882192921],[13.318211452742922,38.155512166673354],[13.317833848336415,38.155277757379437],[13.317903985866668,38.154959277502158],[13.317950376687232,38.154582527806021],[13.318035401041628,38.154166603674163],[13.319009218460661,38.152839735232583],[13.318745855927602,38.152396188915027],[13.317432242998287,38.152348792708381],[13.317169026084969,38.152226987069234],[13.316940945324408,38.152119688465504],[13.315871805202162,38.149588426599621],[13.315757143290574,38.149316946212075],[13.315392297091391,38.14932164429883],[13.315344544625127,38.150850480900111],[13.315077257400013,38.150944780184112],[13.314938771911953,38.150993637706897],[13.311813708688744,38.151792964175719],[13.309421055481295,38.152463707133812],[13.310193276491955,38.153889523618695],[13.312331890375612,38.153386906440147],[13.312459719682542,38.153232451670533],[13.31263166280198,38.153245951322056],[13.314782424089536,38.153414790921921],[13.314936284520993,38.153834141163678],[13.314998244665002,38.154421015560338],[13.316104761586539,38.154983147327968],[13.31705627767713,38.155175564888694],[13.317597007615337,38.155246631079521]]]]}},
{"type":"Feature","properties":{"fid":29,"DISTRETTO":"CEP"},"geometry":{"type":"MultiPolygon","coordinates":[[[[13.306012751346383,38.144763456790052],[13.304837053422688,38.146687148025457],[13.304850860062501,38.147775758542778],[13.305380798634001,38.149036107398729],[13.307167813271239,38.150183475836663],[13.307237992819859,38.150046882319366],[13.307603701786469,38.149882793647635],[13.307716525185203,38.149640964229249],[13.307772375661166,38.148964327615737],[13.308376428374389,38.147766338578535],[13.309397021080201,38.147103595513776],[13.309801762608766,38.146871388943318],[13.312276698758952,38.145451415623889],[13.312224579649586,38.144804979258204],[13.312444326640513,38.144575266738798],[13.31250401770858,38.144311498618855],[13.312648733137886,38.143847836514922],[13.312422185422829,38.143209478494015],[13.311958614409118,38.142387767243278],[13.310743478282763,38.142772524368688],[13.309539041741369,38.143273858205632],[13.309228956325802,38.142771897059603],[13.309622642215253,38.142555279180655],[13.311763263800357,38.14155932560989],[13.311712597462094,38.141431576665553],[13.311492876532101,38.141079111055241],[13.3119664481342,38.14088480386409],[13.313211267105819,38.140373439453796],[13.314104310691915,38.140005202462966],[13.313680933549053,38.138601896971771],[13.313579507460821,38.138049523404831],[13.313466572538955,38.137434462980579],[13.313396910602146,38.135803364417768],[13.313708701590759,38.13564906624206],[13.313869222883625,38.135079778194708],[13.313815933830551,38.135040342184162],[13.31379949036919,38.13502817335803],[13.313788814141349,38.135014707097163],[13.313478926967335,38.134623834166952],[13.313114981802823,38.134164769530656],[13.312365587862089,38.133496237446877],[13.311892351656581,38.133382045480971],[13.311205676265255,38.13294261181084],[13.311281057621725,38.132621525208918],[13.312461663507914,38.133014362143768],[13.31300563751015,38.133008754002248],[13.313077303383601,38.132848698147299],[13.313135996010736,38.132513946765634],[13.313143723228389,38.131440155337607],[13.313023968092418,38.130210392954922],[13.312970235373406,38.129658602117445],[13.31178074991135,38.129489623132301],[13.310495061216709,38.129323273710234],[13.30987632734484,38.129226689289013],[13.30943815265687,38.129158288059969],[13.308258597691829,38.128974144999589],[13.308024258063442,38.128937560183658],[13.303623273646556,38.129010241886334],[13.303685129395138,38.130117908744936],[13.302840953857338,38.13010571209589],[13.303127219977593,38.131004274792048],[13.303288664329513,38.1314917198209],[13.303013037979213,38.131790932474772],[13.303511956521509,38.132941892198517],[13.303321037343059,38.133713666742914],[13.302828868786687,38.135039206544931],[13.301699926049844,38.135216518395197],[13.300829567436917,38.136058191599041],[13.299944742107021,38.135658119255353],[13.299129199617095,38.135447926558207],[13.298503572681803,38.135230555250935],[13.297916259242184,38.136451355756357],[13.297770536542723,38.136754250559193],[13.297202862718599,38.137600283324808],[13.296859172233576,38.137896608740185],[13.29773508075011,38.138280019694008],[13.29917371889883,38.139052616886374],[13.300353567149578,38.139795653259412],[13.30164566178853,38.140045168945107],[13.302235805750776,38.14126022584319],[13.302750796103874,38.142333589450523],[13.303412426118735,38.143551192048022],[13.304843953290252,38.143903485756269],[13.305385299984998,38.143840238237253],[13.306231930143346,38.1437192787931],[13.306012751346383,38.144763456790052]]]]}},
{"type":"Feature","properties":{"fid":30,"DISTRETTO":"BORGONUOVO - PASSO DI RIGANO"},"geometry":{"type":"MultiPolygon","coordinates":[[[[13.293995042859811,38.132977758406611],[13.292471934186128,38.136836282520186],[13.295844650154285,38.137670993326019],[13.296859172233576,38.137896608740185],[13.297202862718599,38.137600283324808],[13.297770536542723,38.136754250559193],[13.297916259242184,38.136451355756357],[13.298503572681803,38.135230555250935],[13.299129199617095,38.135447926558207],[13.299944742107021,38.135658119255353],[13.300829567436917,38.136058191599041],[13.301699926049844,38.135216518395197],[13.302828868786687,38.135039206544931],[13.303321037343059,38.133713666742914],[13.303511956521509,38.132941892198517],[13.303013037979213,38.131790932474772],[13.303288664329513,38.1314917198209],[13.303127219977593,38.131004274792048],[13.302840953857338,38.13010571209589],[13.303685129395138,38.130117908744936],[13.303623273646556,38.129010241886334],[13.308024258063442,38.128937560183658],[13.308258597691829,38.128974144999589],[13.30943815265687,38.129158288059969],[13.30987632734484,38.129226689289013],[13.310495061216709,38.129323273710234],[13.31178074991135,38.129489623132301],[13.312970235373406,38.129658602117445],[13.312923805556887,38.129181800625062],[13.312925053348309,38.126913198353122],[13.313524578878285,38.126707028516449],[13.314544172429008,38.126708241825355],[13.31507111170319,38.126702379205248],[13.316326461074969,38.126634107633784],[13.317387194103288,38.124783870187485],[13.318214959365884,38.124048406389583],[13.320307765631128,38.123544556080908],[13.321415725658104,38.12306851050522],[13.321587712914267,38.120765739662851],[13.320997561308484,38.119390774539191],[13.320413908319154,38.118912684712207],[13.319619390841078,38.117022341049335],[13.321076618026346,38.114063235843524],[13.318797242153906,38.113685587032329],[13.316501338480768,38.119577223624198],[13.31506048063649,38.120848944360098],[13.313009815661383,38.12183686431603],[13.31071209621426,38.122423042000356],[13.308163491677531,38.122906758421941],[13.306619768437779,38.123192896773446],[13.305192640381689,38.123711987060169],[13.304845376729752,38.123957539135233],[13.303262508301074,38.124879114501596],[13.302462356277132,38.125715613586749],[13.299044649963127,38.12546807277478],[13.297264513137611,38.125550106521999],[13.297444891203753,38.125178140804096],[13.297556424048958,38.124825974269761],[13.297329889075916,38.124196765752572],[13.295797866644156,38.123412549832757],[13.294769785203536,38.123179914238364],[13.29362826257784,38.123381047129676],[13.29209523438624,38.124120757930285],[13.290469647587852,38.124396461647621],[13.287259236433007,38.124676254920196],[13.285155298941456,38.124781623231328],[13.283699320157657,38.12516856542819],[13.281271379959728,38.125867837517987],[13.279577429714267,38.127584732960841],[13.279267413970329,38.129049748550081],[13.279819692871655,38.130472968704915],[13.280858036105942,38.130270461330646],[13.282965959815177,38.130001945736083],[13.284471129502224,38.128989809458233],[13.286124915745223,38.128986742216654],[13.289814132243881,38.127949212443056],[13.289608704709675,38.128842850928329],[13.289004907053206,38.132443311331144],[13.290139125682378,38.133024311806196],[13.291271167391971,38.132998394818145],[13.291913946512199,38.133067245563829],[13.293995042859811,38.132977758406611]]]]}},
{"type":"Feature","properties":{"fid":31,"DISTRETTO":"SOTTORETE NOCE - UDITORE"},"geometry":{"type":"MultiPolygon","coordinates":[[[[13.321415725658104,38.12306851050522],[13.320307765631128,38.123544556080908],[13.318214959365884,38.124048406389583],[13.317387194103288,38.124783870187485],[13.316326461074969,38.126634107633784],[13.31507111170319,38.126702379205248],[13.314544172429008,38.126708241825355],[13.313524578878285,38.126707028516449],[13.312925053348309,38.126913198353122],[13.312923805556887,38.129181800625062],[13.312970235373406,38.129658602117445],[13.313023968092418,38.130210392954922],[13.313143723228389,38.131440155337607],[13.313135996010736,38.132513946765634],[13.313077303383601,38.132848698147299],[13.31300563751015,38.133008754002248],[13.312461663507914,38.133014362143768],[13.311281057621725,38.132621525208918],[13.311205676265255,38.13294261181084],[13.311892351656581,38.133382045480971],[13.312365587862089,38.133496237446877],[13.313114981802823,38.134164769530656],[13.313478926967335,38.134623834166952],[13.313788814141349,38.135014707097163],[13.31379949036919,38.13502817335803],[13.313815933830551,38.135040342184162],[13.313869222883625,38.135079778194708],[13.314786639178191,38.135485393473971],[13.31607150387832,38.136053448535705],[13.317056557509629,38.136468042972595],[13.317425395247978,38.136623277997614],[13.318447553353783,38.136884389765449],[13.318683734114337,38.136939519267827],[13.320916334260815,38.137466039417539],[13.32161354836566,38.137630455135174],[13.32324991130716,38.138016320140309],[13.325117155599921,38.138456595876285],[13.32567455321356,38.138591290329565],[13.326885030525366,38.138883789954654],[13.327988475902291,38.139150413578214],[13.328899189701428,38.139354907457736],[13.33127833913052,38.139889088972069],[13.331456921750949,38.140174225033022],[13.332062157317347,38.140218801493027],[13.334194189445869,38.140995268812432],[13.334982702406078,38.141111203290095],[13.335483540962334,38.141085379962249],[13.337963380751313,38.138354913999592],[13.339422035599915,38.136531821464374],[13.340504835107488,38.134736322663969],[13.340530182853403,38.133617273651403],[13.340755661183616,38.132239428046141],[13.340868829255287,38.131547862240666],[13.340581619549384,38.131346261718974],[13.338383625836215,38.130854250555466],[13.338515945211569,38.130533469889073],[13.339410691727947,38.12930819176357],[13.340667903050818,38.128272401298346],[13.341679829491,38.127759914111579],[13.341925674544894,38.127210265763857],[13.342675095873133,38.125034704155219],[13.343048001924972,38.122833727035228],[13.343213769675407,38.121855279934543],[13.343363161111551,38.121146232785911],[13.343473863731496,38.120673691198945],[13.34337982407947,38.120408974214591],[13.343086995648504,38.120088774781209],[13.343026883108555,38.119798197070267],[13.343202459315107,38.119405588043755],[13.344077952376832,38.11902284889652],[13.344529669686011,38.118212705602232],[13.344501692366421,38.117975259610212],[13.34318746443075,38.118275988179107],[13.342658478031524,38.118397028747104],[13.342354943036595,38.118550779562206],[13.341896534404116,38.118936953289115],[13.341709178945267,38.119094784007352],[13.341264575163722,38.119588947815522],[13.340889009058817,38.119978728901586],[13.339289176881714,38.119956118396885],[13.339259426447999,38.119797663438654],[13.33654628152752,38.119386790048054],[13.334709395128446,38.119108577531172],[13.333311973815777,38.118896905290413],[13.33103659514126,38.119259679507792],[13.331094261593437,38.119655584290179],[13.328706352325074,38.119801947596123],[13.328729820190201,38.119304316498727],[13.328745088398593,38.118980552296975],[13.328766275036724,38.118531280438354],[13.328799471005773,38.118200665081297],[13.328912367924326,38.117076241186531],[13.329083408196615,38.115372646066639],[13.329246767926922,38.113745462288684],[13.329321874433726,38.113252647541501],[13.329359992846435,38.113002528967556],[13.328697154678258,38.112964644642695],[13.327936779996318,38.112917238260984],[13.327596673507731,38.112940850604424],[13.327242558913291,38.113046029436546],[13.326669438510724,38.113216254263136],[13.325847885461023,38.113501446593865],[13.325356205061786,38.113347723456059],[13.324087283547025,38.113560122318631],[13.322383298186477,38.113845320834564],[13.321076618026346,38.114063235843524],[13.319619390841078,38.117022341049335],[13.320413908319154,38.118912684712207],[13.320997561308484,38.119390774539191],[13.321587712914267,38.120765739662851],[13.321415725658104,38.12306851050522]]]]}},
{"type":"Feature","properties":{"fid":32,"DISTRETTO":"SOTTORETE POLITEAMA"},"geometry":{"type":"MultiPolygon","coordinates":[[[[13.357831897316077,38.121133594468219],[13.357514448425599,38.121045039215893],[13.356941347016171,38.12065396513627],[13.356082565240131,38.120029055205904],[13.353674394212275,38.119305819516669],[13.352846058653911,38.119485734570354],[13.352168302581603,38.119437921760117],[13.350911461525811,38.119267058316225],[13.350924383800367,38.118692652987299],[13.351095641209939,38.117545883705965],[13.350629021312207,38.116734910225134],[13.350831519000613,38.116354695714627],[13.351325484845754,38.115631966458032],[13.351326719488146,38.115630160012003],[13.352335552915902,38.114154067215537],[13.352312901697024,38.113004574763181],[13.351847156011555,38.112155312119057],[13.351395388988655,38.111736003438516],[13.351134779130485,38.111494114832375],[13.350842431505285,38.111566272171267],[13.350661478201818,38.112066527934971],[13.350037832861579,38.112443246334635],[13.348213423631982,38.1133896768578],[13.34740612974046,38.11438391347771],[13.346674903172078,38.114826139300504],[13.346182990660408,38.11500357249767],[13.345849767587765,38.11566927472753],[13.344963260737371,38.116410980129139],[13.344570937895989,38.116874727309252],[13.343979037793318,38.117721136023789],[13.344501692366421,38.117975259610212],[13.344529669686011,38.118212705602232],[13.344077952376832,38.11902284889652],[13.343202459315107,38.119405588043755],[13.343026883108555,38.119798197070267],[13.343086995648504,38.120088774781209],[13.34337982407947,38.120408974214591],[13.343473863731496,38.120673691198945],[13.343363161111551,38.121146232785911],[13.343213769675407,38.121855279934543],[13.343048001924972,38.122833727035228],[13.342675095873133,38.125034704155219],[13.341925674544894,38.127210265763857],[13.341679829491,38.127759914111579],[13.340667903050818,38.128272401298346],[13.339410691727947,38.12930819176357],[13.338515945211569,38.130533469889073],[13.338383625836215,38.130854250555466],[13.340581619549384,38.131346261718974],[13.340868829255287,38.131547862240666],[13.340755661183616,38.132239428046141],[13.342126747105761,38.132379400571018],[13.342248053620565,38.131941190709163],[13.343560525487888,38.132249711795524],[13.346495509311843,38.132939572650272],[13.346677084787824,38.132982557970294],[13.346983749476331,38.133055155572507],[13.34901844113107,38.133536810142353],[13.349772547354064,38.133720529496649],[13.349867347211134,38.133743624735246],[13.356494236413756,38.135357850153774],[13.357202877976462,38.135182232685082],[13.358065557366061,38.134684082172406],[13.358817564792629,38.133882887572774],[13.363030127725301,38.134547875777621],[13.363363599252768,38.130396313124209],[13.365572866368526,38.130759255669069],[13.365657384032321,38.130398059187037],[13.362727375944131,38.129783490648549],[13.363284682210836,38.128794734077452],[13.36682816341583,38.129327228076541],[13.367227832819431,38.12854764413899],[13.363604580586369,38.12816503961858],[13.364084754487628,38.127205401766403],[13.367673780050522,38.127406328934029],[13.368184045911688,38.126809464961795],[13.364556831018529,38.126608021827998],[13.365000112595068,38.125587470563197],[13.369138180110047,38.125382577911388],[13.369984764677696,38.123721606344276],[13.368289939121297,38.123386486037731],[13.367050599366301,38.123106872982042],[13.365561869244601,38.122840175815561],[13.364269175470367,38.122556623636456],[13.361467903682509,38.122057906111635],[13.360550313548554,38.121891877822115],[13.357891875639982,38.121150325847168],[13.357831897316077,38.121133594468219]]]]}},
{"type":"Feature","properties":{"fid":33,"DISTRETTO":"SOTTORETE CENTRO STORICO"},"geometry":{"type":"MultiPolygon","coordinates":[[[[13.365087249635327,38.110085528296487],[13.3650198804489,38.110056196580111],[13.364971004227376,38.110034916435069],[13.363384960627588,38.109824298696331],[13.36170866030878,38.10920392039003],[13.360162401192245,38.108993814210969],[13.359092514488248,38.108821765109482],[13.357846547635537,38.108521558522554],[13.35671915290474,38.108254419222995],[13.356007081482497,38.108087347426817],[13.355176100921922,38.10790289552363],[13.353986985318576,38.108859520226254],[13.352961618016572,38.110025817811547],[13.352170665749943,38.110704229400284],[13.351336397729954,38.11115219248039],[13.351134779130485,38.111494114832375],[13.351395388988655,38.111736003438516],[13.351847156011555,38.112155312119057],[13.352312901697024,38.113004574763181],[13.352335552915902,38.114154067215537],[13.351326719488146,38.115630160012003],[13.351325484845754,38.115631966458032],[13.350831519000613,38.116354695714627],[13.350629021312207,38.116734910225134],[13.351095641209939,38.117545883705965],[13.350924383800367,38.118692652987299],[13.350911461525811,38.119267058316225],[13.352168302581603,38.119437921760117],[13.352846058653911,38.119485734570354],[13.353674394212275,38.119305819516669],[13.356082565240131,38.120029055205904],[13.356941347016171,38.12065396513627],[13.357514448425599,38.121045039215893],[13.357831897316077,38.121133594468219],[13.357891875639982,38.121150325847168],[13.360550313548554,38.121891877822115],[13.361467903682509,38.122057906111635],[13.364269175470367,38.122556623636456],[13.365561869244601,38.122840175815561],[13.367050599366301,38.123106872982042],[13.368289939121297,38.123386486037731],[13.369984764677696,38.123721606344276],[13.37027241885338,38.122922034437011],[13.36790815390281,38.120954090610532],[13.366988906730318,38.120285342469565],[13.366838961069892,38.119561689906746],[13.367305728998923,38.119108999976618],[13.368136898297037,38.119071353393942],[13.368710653506847,38.119407309150574],[13.369378327448317,38.120187346359856],[13.371083769999849,38.121387241916565],[13.373102668147443,38.119997907617375],[13.374334039030881,38.119133922459262],[13.377737391730877,38.115790983638298],[13.376801683540247,38.115446410950007],[13.372648205838193,38.113535063913183],[13.369931827481917,38.112287926863537],[13.366014746316258,38.110489342712569],[13.365087249635327,38.110085528296487]]]]}},
{"type":"Feature","properties":{"fid":34,"DISTRETTO":"SOTTORETE CALATAFIMI"},"geometry":{"type":"MultiPolygon","coordinates":[[[[13.353986985318576,38.108859520226254],[13.354295126577092,38.108611629091342],[13.355176100921922,38.10790289552363],[13.355707568862453,38.107478290165574],[13.357025547912652,38.106338062436315],[13.357505542638519,38.1059912825867],[13.35808235485665,38.105522568712956],[13.359767474815111,38.10696187712702],[13.36269037533164,38.105316382762723],[13.362782152546826,38.10393652374006],[13.361758210355552,38.102535380095361],[13.363583850489611,38.100911192380373],[13.366669235356166,38.099098759870458],[13.366526454908701,38.098909479309953],[13.366328258376365,38.098646733131972],[13.366159427815905,38.098422915274575],[13.365971163631507,38.098173332501709],[13.36576570196145,38.097900948704741],[13.365757771279654,38.097890434827335],[13.36270810735946,38.098595221195779],[13.361644333182054,38.098521650379546],[13.361062112235555,38.097965295529207],[13.360739836810771,38.096864332207026],[13.359409323978367,38.096532482007021],[13.358612346269856,38.096717146525719],[13.357703789699572,38.096352012596086],[13.357676161245687,38.095372638464546],[13.356390403138874,38.095256757330752],[13.355858426675399,38.095777966471132],[13.355371153005297,38.096515176196434],[13.354014147822522,38.096261213193507],[13.353166142184159,38.09540739908077],[13.35425576533617,38.094326203028999],[13.354394092518447,38.093682008887988],[13.353913669694469,38.093009566389341],[13.353046809262189,38.092997416665682],[13.352274623337269,38.09318238602323],[13.351887722369023,38.093862249972922],[13.351819719238044,38.094683645346805],[13.351252254980054,38.094577783653456],[13.350997404820497,38.093791016694503],[13.351806974160562,38.091942301324814],[13.351822802237432,38.091237652145637],[13.351344617441939,38.090467331831114],[13.349700666368323,38.089758958194743],[13.348798068716949,38.090235769274891],[13.348026432307895,38.091497604890101],[13.346732822613911,38.091733943645096],[13.344536479527093,38.09025411290645],[13.343974803663478,38.08989376126901],[13.338934036032043,38.093694375335168],[13.33857887773785,38.093977632836371],[13.338486530447744,38.094051243557779],[13.338430827199067,38.094118951065688],[13.338386590679177,38.094149148286455],[13.338329269252677,38.094202191971426],[13.338265073845353,38.094262159166085],[13.338110344279336,38.094396961055864],[13.337999712016204,38.094498138943358],[13.337834344783429,38.094624228035947],[13.337690832126043,38.094742064223318],[13.337492390082218,38.094893370546728],[13.337172676180302,38.095137141092643],[13.336940963870585,38.095322223182166],[13.336797448411271,38.095440058199756],[13.336686618704121,38.095549793924441],[13.336543684598363,38.095641951101491],[13.336400556048551,38.095742667262691],[13.336260215865755,38.095811831659987],[13.336222815831622,38.095995190446914],[13.336097990214977,38.096124771370945],[13.335972844617297,38.096611306772516],[13.336086780592073,38.097353540702983],[13.336607673524782,38.098411564663607],[13.338228897170731,38.099967421332614],[13.338672430167826,38.100593748804528],[13.338754518040904,38.100818818057036],[13.338424556949299,38.100951940972443],[13.338308198583388,38.101277545626495],[13.339350827842761,38.103682901787622],[13.339675371091408,38.104431593566403],[13.339385857197598,38.104703080348735],[13.33855308271626,38.105862516213584],[13.336996243400264,38.105306550535438],[13.335070162126527,38.104693660225841],[13.334823429810392,38.105000189356488],[13.337219545042954,38.106033107190079],[13.337544457327743,38.106123824645678],[13.337492288175483,38.106502007677086],[13.338986512735179,38.106936515612084],[13.339445687726428,38.106874113045542],[13.339766708615914,38.107137006409353],[13.339845260948957,38.108481565321092],[13.340257744038414,38.108556289330124],[13.34003008280777,38.108983664663285],[13.339309392865626,38.109042372273883],[13.338966186770335,38.109020867181044],[13.33761373581159,38.108936113531591],[13.335968644161497,38.108832999841184],[13.334694613893758,38.10875312813279],[13.332536062500935,38.108774176133437],[13.331316362202019,38.109686933541468],[13.331364106142463,38.110462677266327],[13.330818126070968,38.110506590699856],[13.330284495060132,38.110474633597377],[13.329684457985037,38.110438696768632],[13.32965186498844,38.110696246846466],[13.329359992846435,38.113002528967556],[13.329321874433726,38.113252647541501],[13.329246767926922,38.113745462288684],[13.329083408196615,38.115372646066639],[13.328912367924326,38.117076241186531],[13.328799471005773,38.118200665081297],[13.328766275036724,38.118531280438354],[13.328745088398593,38.118980552296975],[13.328729820190201,38.119304316498727],[13.328706352325074,38.119801947596123],[13.331094261593437,38.119655584290179],[13.33103659514126,38.119259679507792],[13.333311973815777,38.118896905290413],[13.334709395128446,38.119108577531172],[13.33654628152752,38.119386790048054],[13.339259426447999,38.119797663438654],[13.339289176881714,38.119956118396885],[13.340889009058817,38.119978728901586],[13.341264575163722,38.119588947815522],[13.341709178945267,38.119094784007352],[13.341896534404116,38.118936953289115],[13.342354943036595,38.118550779562206],[13.342658478031524,38.118397028747104],[13.34318746443075,38.118275988179107],[13.344501692366421,38.117975259610212],[13.343979037793318,38.117721136023789],[13.344570937895989,38.116874727309252],[13.344963260737371,38.116410980129139],[13.345849767587765,38.11566927472753],[13.346182990660408,38.11500357249767],[13.346674903172078,38.114826139300504],[13.347114568879652,38.114560242717964],[13.34740612974046,38.11438391347771],[13.348050947183449,38.113589780207121],[13.348213423631982,38.1133896768578],[13.34913225966068,38.112913028196253],[13.350037832861579,38.112443246334635],[13.350661478201818,38.112066527934971],[13.350842431505285,38.111566272171267],[13.351134779130485,38.111494114832375],[13.351336397729954,38.11115219248039],[13.352170665749943,38.110704229400284],[13.352961618016572,38.110025817811547],[13.353986985318576,38.108859520226254]]]]}},
{"type":"Feature","properties":{"fid":35,"DISTRETTO":"VILLAGRAZIA ALOI - BORGO ULIVIA - ORSA MINORE"},"geometry":{"type":"MultiPolygon","coordinates":[[[[13.360072552498977,38.087366897116333],[13.359132074611264,38.087215619576327],[13.357564105306372,38.086963390890894],[13.354658550599746,38.086531634541934],[13.352508693311011,38.086366234317367],[13.35220744648184,38.086343054564743],[13.351443131321291,38.086332331925703],[13.350657525722992,38.086439213847029],[13.349602258923198,38.086753235911011],[13.348484330038051,38.087103587959788],[13.347766818218242,38.08752006743002],[13.346077383332076,38.088600531837265],[13.343974803663478,38.08989376126901],[13.344536479527093,38.09025411290645],[13.346732822613911,38.091733943645096],[13.348026432307895,38.091497604890101],[13.348798068716949,38.090235769274891],[13.349700666368323,38.089758958194743],[13.351344617441939,38.090467331831114],[13.351822802237432,38.091237652145637],[13.351806974160562,38.091942301324814],[13.350997404820497,38.093791016694503],[13.351252254980054,38.094577783653456],[13.351819719238044,38.094683645346805],[13.351887722369023,38.093862249972922],[13.352274623337269,38.09318238602323],[13.353046809262189,38.092997416665682],[13.353913669694469,38.093009566389341],[13.354394092518447,38.093682008887988],[13.35425576533617,38.094326203028999],[13.353166142184159,38.09540739908077],[13.354014147822522,38.096261213193507],[13.355371153005297,38.096515176196434],[13.355858426675399,38.095777966471132],[13.356390403138874,38.095256757330752],[13.357676161245687,38.095372638464546],[13.357703789699572,38.096352012596086],[13.358612346269856,38.096717146525719],[13.359409323978367,38.096532482007021],[13.360739836810771,38.096864332207026],[13.361062112235555,38.097965295529207],[13.361644333182054,38.098521650379546],[13.36270810735946,38.098595221195779],[13.365757771279654,38.097890434827335],[13.36576570196145,38.097900948704741],[13.365971163631507,38.098173332501709],[13.366159427815905,38.098422915274575],[13.366328258376365,38.098646733131972],[13.366526454908701,38.098909479309953],[13.366669235356166,38.099098759870458],[13.36748617608896,38.099285481902683],[13.367758637329381,38.099008682447071],[13.368292347103697,38.098759361219663],[13.368533468592812,38.09877393364895],[13.368735737820618,38.098619614677276],[13.369221721638977,38.098480457742632],[13.369464837574318,38.098405268521425],[13.369736349469374,38.098330472872803],[13.370308925048139,38.098300682672964],[13.370306380397938,38.098030446412601],[13.371462261804169,38.097945150968023],[13.371315341272929,38.096862309993121],[13.371450542592433,38.096714986349504],[13.373855596105976,38.094094164162868],[13.374123917219098,38.093557475527753],[13.374360731367032,38.092513722741117],[13.375116047990538,38.092543239295701],[13.375839967311505,38.091868427718246],[13.376427044035591,38.09132116318078],[13.376467647585484,38.091285899894558],[13.376032154233048,38.090952452885695],[13.374417188073004,38.090295811332602],[13.369993022761181,38.089100448340119],[13.369864501783887,38.088863706308452],[13.369853042490243,38.088842597641161],[13.369773686303322,38.088857863941726],[13.368749979053794,38.088769961079109],[13.368099154264838,38.088662424680741],[13.367244881560474,38.088521266469655],[13.36564380784662,38.088256690341289],[13.36381679619647,38.087954749313802],[13.363101698991443,38.087836560424471],[13.362422227657962,38.087731216990107],[13.361231765672475,38.087546640765595],[13.360072552498977,38.087366897116333]]]]}},
{"type":"Feature","properties":{"fid":36,"DISTRETTO":"VILLA TASCA - PAGLIARELLI"},"geometry":{"type":"MultiPolygon","coordinates":[[[[13.336097990214977,38.096124771370945],[13.336222815831622,38.095995190446914],[13.336260215865755,38.095811831659987],[13.336400556048551,38.095742667262691],[13.336543684598363,38.095641951101491],[13.336686618704121,38.095549793924441],[13.336797448411271,38.095440058199756],[13.336940963870585,38.095322223182166],[13.337172676180302,38.095137141092643],[13.337492390082218,38.094893370546728],[13.337690832126043,38.094742064223318],[13.337834344783429,38.094624228035947],[13.337999712016204,38.094498138943358],[13.338110344279336,38.094396961055864],[13.338265073845353,38.094262159166085],[13.338329269252677,38.094202191971426],[13.338386590679177,38.094149148286455],[13.338430827199067,38.094118951065688],[13.338486530447744,38.094051243557779],[13.33857887773785,38.093977632836371],[13.338934036032043,38.093694375335168],[13.343974803663478,38.08989376126901],[13.343228735420423,38.089398464460629],[13.343192868200443,38.088207225233724],[13.342043705734735,38.088094672938702],[13.340822232214796,38.088404650474395],[13.339030183233296,38.088313883240808],[13.33855030133379,38.087565394417581],[13.337012538493591,38.087216414936442],[13.33460753567037,38.085846492737417],[13.3327773567301,38.085323945918894],[13.33235773617475,38.08591177801226],[13.331225306098483,38.085807234139324],[13.331716317221488,38.087075881378553],[13.332365644574198,38.087652284679606],[13.332894703231801,38.08866327344041],[13.333212362157976,38.089076337487128],[13.333725815201293,38.089743988724628],[13.33406589868804,38.090393479459969],[13.334812392935932,38.09105948397977],[13.335091829818552,38.09142459486408],[13.335589274840045,38.092092606014212],[13.335509546769131,38.092875152974727],[13.335766138560961,38.09385838391416],[13.335812824739714,38.094532517200399],[13.335928133610556,38.094913743888078],[13.335863398788163,38.095035276292442],[13.334140088930528,38.095867996854125],[13.333182227887908,38.095744205244984],[13.331382168260479,38.095355775588786],[13.331094120879319,38.095999853187692],[13.331953814049823,38.096354945533747],[13.331477450446668,38.098222601639002],[13.32720919039461,38.097659005380585],[13.321702655116868,38.095591749734758],[13.319829925183917,38.095267815605773],[13.318810133769507,38.09685333894025],[13.318045108541444,38.098060734682669],[13.317819738307904,38.098416414829572],[13.317151344160942,38.100632209319976],[13.31804538023697,38.100683954311201],[13.320306331542794,38.101685170883385],[13.321396957122099,38.101301816666982],[13.321917518926162,38.099444392658796],[13.324456311888097,38.100446356148993],[13.324159958451801,38.101073563014332],[13.324049436459374,38.101796278501176],[13.325633942027306,38.102394594309487],[13.326476795547086,38.102536606579513],[13.326958333253948,38.103063470817951],[13.3269464752697,38.103583306683511],[13.325506477406131,38.103859933417475],[13.323577307580749,38.103943846142748],[13.322565305971469,38.104003685066573],[13.322608899969351,38.104152880289732],[13.322940630966063,38.104316667727332],[13.323422329641449,38.104554496626577],[13.323629702190898,38.105764609371946],[13.323466656108264,38.10672800460717],[13.32494480476938,38.106841950921506],[13.324722052966109,38.109384243945428],[13.328502099791129,38.109732740093868],[13.329366224605232,38.109813454807515],[13.329754224568978,38.109887393703062],[13.329813866906605,38.109200162168207],[13.330007199650383,38.106972368518726],[13.330139772969517,38.105433096310669],[13.330204053470302,38.104520323443992],[13.330296985464521,38.103200652828917],[13.330363775694876,38.102213860112577],[13.330528303387675,38.101606740585588],[13.330871666149553,38.100932109348548],[13.331371014752406,38.100313423248267],[13.332175044937539,38.099554262275198],[13.332488222765212,38.099234100266152],[13.332709514635962,38.099007871113429],[13.33336623267205,38.098336489955585],[13.334250543992676,38.097455860863917],[13.335578194411472,38.096499293505758],[13.336097990214977,38.096124771370945]]]]}},
{"type":"Feature","properties":{"fid":37,"DISTRETTO":"ROCCA - MOLARA"},"geometry":{"type":"MultiPolygon","coordinates":[[[[13.311518938894904,38.099089534661751],[13.315428409465502,38.100532469999756],[13.317151344160942,38.100632209319976],[13.317819738307904,38.098416414829572],[13.318045108541444,38.098060734682669],[13.318810133769507,38.09685333894025],[13.319829925183917,38.095267815605773],[13.321702655116868,38.095591749734758],[13.32720919039461,38.097659005380585],[13.331477450446668,38.098222601639002],[13.331953814049823,38.096354945533747],[13.331094120879319,38.095999853187692],[13.331382168260479,38.095355775588786],[13.333182227887908,38.095744205244984],[13.334140088930528,38.095867996854125],[13.335863398788163,38.095035276292442],[13.335928133610556,38.094913743888078],[13.335812824739714,38.094532517200399],[13.335766138560961,38.09385838391416],[13.335509546769131,38.092875152974727],[13.335589274840045,38.092092606014212],[13.335091829818552,38.09142459486408],[13.334812392935932,38.09105948397977],[13.33406589868804,38.090393479459969],[13.333725815201293,38.089743988724628],[13.333212362157976,38.089076337487128],[13.332894703231801,38.08866327344041],[13.332365644574198,38.087652284679606],[13.331716317221488,38.087075881378553],[13.331225306098483,38.085807234139324],[13.330785183479787,38.085730348068005],[13.330210368421344,38.08559658023345],[13.330158891105265,38.085584600552501],[13.329889297829023,38.085521861004693],[13.329398567517762,38.085319129131697],[13.329123381995903,38.085173711485929],[13.328775626073394,38.084989943379277],[13.328264825677714,38.084680146006221],[13.328128561154362,38.084731594597166],[13.328115377340247,38.084783178953472],[13.327227949607181,38.084683788313853],[13.327177719432699,38.08449889585377],[13.327062769022495,38.084075771049932],[13.324379520412538,38.082275739696136],[13.322467471805682,38.081216292875894],[13.321427543376254,38.08041842097559],[13.320955951868577,38.080138487439726],[13.319983742330106,38.07956137787248],[13.31974512981161,38.079166456250896],[13.319006087215346,38.078995721658544],[13.318089184543769,38.078717428431524],[13.317835014682819,38.078418741719545],[13.316594150125979,38.076960502722088],[13.316904332163489,38.079148780064543],[13.316555605369182,38.079950852492111],[13.315987102308464,38.080664485780346],[13.315571857245713,38.081185725772897],[13.31494768181355,38.081969210204363],[13.314876985602845,38.083894619175581],[13.314867538763103,38.084151891931143],[13.31571811119835,38.086347919786427],[13.315735064248612,38.086917857677456],[13.315531148938588,38.087163509234635],[13.314839316079835,38.087996927215542],[13.315290584129899,38.08827780239568],[13.315248007997928,38.089295046210509],[13.314636269635018,38.08996121151921],[13.314380539633978,38.090239689399041],[13.314139754577146,38.090426538417127],[13.313646926012666,38.090808968389908],[13.313304114564131,38.091074982945997],[13.312157757172971,38.091883172244174],[13.311213384786647,38.09254893855897],[13.309586253356716,38.09308763406851],[13.30816002117559,38.093249404449494],[13.307246740632305,38.093175851286908],[13.307077218194129,38.093565093825944],[13.309075540123537,38.094613510922933],[13.309238717513431,38.094923520203253],[13.309551633712768,38.095518000045793],[13.310010988849049,38.096390667012777],[13.310953458913009,38.097864781562393],[13.311518938894904,38.099089534661751]]]]}},
{"type":"Feature","properties":{"fid":38,"DISTRETTO":"BOCCADIFALCO - BAIDA"},"geometry":{"type":"MultiPolygon","coordinates":[[[[13.306405934433338,38.110277876750224],[13.306750998991603,38.109965546307734],[13.30705468761947,38.109788606479725],[13.307020099175919,38.109077948236006],[13.306705086270519,38.108917272987284],[13.30628736157712,38.108777343489955],[13.306218022300586,38.108754116012243],[13.30614941353922,38.108708859018094],[13.305929199696921,38.108563596806334],[13.305867570531623,38.108472049247361],[13.305857268717229,38.108366132193481],[13.305777709466772,38.10832287534344],[13.30569970675641,38.108288310626058],[13.3054163743238,38.107999663899186],[13.305570237319232,38.107927876526617],[13.30579142846492,38.108109146604846],[13.305912498467913,38.108164722160105],[13.306163439401546,38.108188898111287],[13.306430633785309,38.107965615440619],[13.306691344000354,38.107518733540289],[13.306920941530349,38.107214288611516],[13.306794567680534,38.106662905183548],[13.305834111177999,38.10608850319656],[13.30246362889325,38.105160033423402],[13.30210703068577,38.104796145991756],[13.300886498154226,38.104112957079259],[13.299752236846485,38.103706304505664],[13.298442293600628,38.103030090050794],[13.29629231698731,38.102711381191341],[13.292660822932236,38.102391647633276],[13.292162163830753,38.102688950939957],[13.2926951061939,38.103152086294237],[13.294498215208577,38.103856064876105],[13.296438911966842,38.1042333885867],[13.297334535766222,38.104842003492962],[13.297364100891842,38.105807761876036],[13.296182384255433,38.106324638714092],[13.294052576352879,38.106252647807295],[13.291249233080157,38.107197767644905],[13.289741614687287,38.107196364727358],[13.288787942970355,38.107962953350672],[13.289520447605604,38.108877334344605],[13.291541597160123,38.109153216763097],[13.293441434410664,38.109057601623746],[13.295185352720416,38.108959692744754],[13.295346252084121,38.109865740193008],[13.294690790500178,38.112341433439255],[13.293233781906935,38.113511526360448],[13.292981251015282,38.114308873317576],[13.292964996730648,38.11500695938993],[13.293424655118775,38.115362800258765],[13.294445314377862,38.115653255943585],[13.296041452785666,38.115282940216353],[13.297262078746671,38.114679094932342],[13.299137230764378,38.113412313215782],[13.300510473583204,38.112487401126579],[13.302537156474695,38.111407606397847],[13.305252438813218,38.110694406399084],[13.306053838672328,38.110361668518195],[13.306405934433338,38.110277876750224]]]]}},
{"type":"Feature","properties":{"fid":39,"DISTRETTO":"MEDIATRICE - LA LOGGIA"},"geometry":{"type":"MultiPolygon","coordinates":[[[[13.329684457985037,38.110438696768632],[13.330818126070968,38.110506590699856],[13.331364106142463,38.110462677266327],[13.331316362202019,38.109686933541468],[13.332536062500935,38.108774176133437],[13.334694613893758,38.10875312813279],[13.339309392865626,38.109042372273883],[13.34003008280777,38.108983664663285],[13.340257744038414,38.108556289330124],[13.339845260948957,38.108481565321092],[13.339766708615914,38.107137006409353],[13.339445687726428,38.106874113045542],[13.338986512735179,38.106936515612084],[13.337492288175483,38.106502007677086],[13.337544457327743,38.106123824645678],[13.337219545042954,38.106033107190079],[13.334823429810392,38.105000189356488],[13.335070162126527,38.104693660225841],[13.336996243400264,38.105306550535438],[13.33855308271626,38.105862516213584],[13.339385857197598,38.104703080348735],[13.339675371091408,38.104431593566403],[13.338308198583388,38.101277545626495],[13.338424556949299,38.100951940972443],[13.338754518040904,38.100818818057036],[13.338672430167826,38.100593748804528],[13.338228897170731,38.099967421332614],[13.336607673524782,38.098411564663607],[13.336086780592073,38.097353540702983],[13.335972844617297,38.096611306772516],[13.336097990214977,38.096124771370945],[13.335578194411472,38.096499293505758],[13.334250543992676,38.097455860863917],[13.33336623267205,38.098336489955585],[13.332709514635962,38.099007871113429],[13.332488222765212,38.099234100266152],[13.332175044937539,38.099554262275198],[13.331371014752406,38.100313423248267],[13.330871666149553,38.100932109348548],[13.330528303387675,38.101606740585588],[13.330363775694876,38.102213860112577],[13.330296985464521,38.103200652828917],[13.330204053470302,38.104520323443992],[13.330139772969517,38.105433096310669],[13.330007199650383,38.106972368518726],[13.329813866906605,38.109200162168207],[13.329754224568978,38.109887393703062],[13.329684457985037,38.110438696768632]]]]}},
{"type":"Feature","properties":{"fid":40,"DISTRETTO":"SOTTORETE LIBERTA'"},"geometry":{"type":"MultiPolygon","coordinates":[[[[13.369882690764546,38.144635576089669],[13.3694825277181,38.14414299654819],[13.368977333842242,38.14309235822823],[13.369174640009124,38.142144242468646],[13.36966762316692,38.139785542699897],[13.370026646020158,38.138167112644751],[13.370794031261521,38.136670305229956],[13.368648671701816,38.135434557102379],[13.363030127725301,38.134547875777621],[13.358817564792629,38.133882887572774],[13.358065557366061,38.134684082172406],[13.357202877976462,38.135182232685082],[13.356494236413756,38.135357850153774],[13.349867347211134,38.133743624735246],[13.349772547354064,38.133720529496649],[13.34901844113107,38.133536810142353],[13.346983749476331,38.133055155572507],[13.346677084787824,38.132982557970294],[13.346495509311843,38.132939572650272],[13.343560525487888,38.132249711795524],[13.342248053620565,38.131941190709163],[13.342126747105761,38.132379400571018],[13.340755661183616,38.132239428046141],[13.340530182853403,38.133617273651403],[13.340504835107488,38.134736322663969],[13.339422035599915,38.136531821464374],[13.337963380751313,38.138354913999592],[13.335483540962334,38.141085379962249],[13.334982702406078,38.141111203290095],[13.335937364692688,38.1415079082579],[13.337239829620362,38.141938676138167],[13.337519415058678,38.142054071985925],[13.339109532409205,38.142867778111004],[13.339828428190469,38.142900231514119],[13.340209792639989,38.142883335166722],[13.341582838607104,38.143315052815673],[13.343179078546163,38.143861341203724],[13.346309311515622,38.144908913601284],[13.347756024295419,38.14539303651005],[13.347615846909131,38.146353038238196],[13.348562748165021,38.147214873743003],[13.349884620274366,38.148231395648637],[13.351192748846058,38.148959535124092],[13.351291379511641,38.149681356814781],[13.352569283738383,38.15055314408923],[13.353840908034297,38.149300874914772],[13.355345911689806,38.148788307305935],[13.357949731999968,38.148696671013241],[13.358775720785552,38.149834235975085],[13.359204448052669,38.150304509534514],[13.362726910736006,38.150839307108683],[13.364611067102672,38.150568896057905],[13.364611411098238,38.150578197630139],[13.366515680489369,38.149263797495941],[13.367361904027263,38.148107406951432],[13.36875665645197,38.146320560615585],[13.369885638317944,38.144635626531937],[13.369882690764546,38.144635576089669]]]]}},
{"type":"Feature","properties":{"fid":41,"DISTRETTO":"ARENELLA"},"geometry":{"type":"MultiPolygon","coordinates":[[[[13.364611411098238,38.150578197630139],[13.364682461429036,38.152499358470159],[13.365316267369764,38.154465281333586],[13.366380651838682,38.156649665427892],[13.373523930742065,38.157034764276901],[13.374390252778053,38.154942824773279],[13.375991759271123,38.152916505421949],[13.375447408355742,38.151940602140314],[13.375128912834089,38.151414763442489],[13.372982278257021,38.150379420067686],[13.372667944586187,38.149667406832513],[13.371896190653636,38.148315884145774],[13.371557910473232,38.146560672135855],[13.371026086709048,38.145026244909332],[13.370610043915933,38.14464802123144],[13.369885638317944,38.144635626531937],[13.36875665645197,38.146320560615585],[13.367361904027263,38.148107406951432],[13.366515680489369,38.149263797495941],[13.364611411098238,38.150578197630139]]]]}},
{"type":"Feature","properties":{"fid":42,"DISTRETTO":"BONAGIA - FALSOMIELE"},"geometry":{"type":"MultiPolygon","coordinates":[[[[13.354658550599746,38.086531634541934],[13.357564105306372,38.086963390890894],[13.359132074611264,38.087215619576327],[13.360072552498977,38.087366897116333],[13.361231765672475,38.087546640765595],[13.362422227657962,38.087731216990107],[13.363101698991443,38.087836560424471],[13.36381679619647,38.087954749313802],[13.36564380784662,38.088256690341289],[13.367244881560474,38.088521266469655],[13.368099154264838,38.088662424680741],[13.368749979053794,38.088769961079109],[13.369773686303322,38.088857863941726],[13.369853042490243,38.088842597641161],[13.369864501783887,38.088863706308452],[13.371715064928107,38.088479577873152],[13.372359132256939,38.087602167956753],[13.372662074834276,38.085463453119345],[13.37395436704611,38.084157452689567],[13.37515281904164,38.083882328159838],[13.37743995149753,38.083801742803963],[13.380112857957169,38.081763465586356],[13.376766331681203,38.078148679465727],[13.374003691358519,38.075969371557612],[13.370719574415711,38.074267548449356],[13.368381150369977,38.073709921598699],[13.365119581220119,38.073301000092478],[13.363129845168041,38.073152102724556],[13.359057826470247,38.073264186715761],[13.356142078169709,38.074002437318768],[13.353653591205878,38.074791762386333],[13.351251141950716,38.074927423788722],[13.350537354013696,38.074947083992093],[13.35110176227731,38.075619421371428],[13.349779286989628,38.076725232744792],[13.350455021111532,38.079969774505059],[13.350367769228852,38.080520875371128],[13.350777807307976,38.083788213933602],[13.350485836847668,38.085759463399526],[13.350658829576469,38.086090023403507],[13.350657525722992,38.086439213847029],[13.351443131321291,38.086332331925703],[13.35220744648184,38.086343054564743],[13.354658550599746,38.086531634541934]]]]}},
{"type":"Feature","properties":{"fid":43,"DISTRETTO":"S. MARIA DI GESU ALTO"},"geometry":{"type":"MultiPolygon","coordinates":[[[[13.369864501783887,38.088863706308452],[13.369993022761181,38.089100448340119],[13.374417188073004,38.090295811332602],[13.376032154233048,38.090952452885695],[13.376467647585484,38.091285899894558],[13.376867250855669,38.090938850660883],[13.377062334022826,38.090769422232171],[13.377590954987248,38.09090709195781],[13.378171102458564,38.090976988156413],[13.378599677476608,38.091028620979529],[13.378644908812655,38.091034070155814],[13.378684177525692,38.091035226419081],[13.379775915721089,38.091067367274405],[13.381214327231969,38.090900291884857],[13.382374245719799,38.090492618598816],[13.383135454898174,38.090291272271173],[13.383709994557933,38.089975210118219],[13.384362512291613,38.089697598442505],[13.384788865838397,38.089527491393739],[13.384539752702445,38.089171480287412],[13.384324105456955,38.088767391795869],[13.384488243650042,38.087345274421388],[13.38362546770685,38.086873329360813],[13.382010456795392,38.0853175056954],[13.380840462935311,38.083838565138947],[13.380112857957169,38.081763465586356],[13.37743995149753,38.083801742803963],[13.37515281904164,38.083882328159838],[13.37395436704611,38.084157452689567],[13.372662074834276,38.085463453119345],[13.372359132256939,38.087602167956753],[13.371715064928107,38.088479577873152],[13.369864501783887,38.088863706308452]]]]}},
{"type":"Feature","properties":{"fid":44,"DISTRETTO":"BRANCACCIO - SETTACANNOLI"},"geometry":{"type":"MultiPolygon","coordinates":[[[[13.389753482772681,38.105986400755995],[13.392555718355107,38.104720516428905],[13.396179132017975,38.103216385725062],[13.397714487045203,38.103372439179132],[13.399993216572902,38.102761770482857],[13.402377962242317,38.101206792654992],[13.403894072693548,38.100281695676152],[13.405485327175864,38.099830452191704],[13.407248531909493,38.099384737061214],[13.405675518644696,38.098914280131133],[13.401949896309207,38.099425055058191],[13.40167524292138,38.098988240037023],[13.402353952061771,38.098580434092149],[13.402467632448104,38.098020582066184],[13.401783629542422,38.096808282328311],[13.401469452452043,38.096322809178616],[13.403392166926736,38.095643198826039],[13.403243799589706,38.094999584144922],[13.403167871825985,38.094757952783468],[13.401982284032787,38.095142830115272],[13.39978039461003,38.095594055661827],[13.39912374334663,38.094991631096597],[13.403126195263646,38.093875188724056],[13.403218343332233,38.093662909335315],[13.402999615936634,38.092055940241792],[13.402016167226563,38.089160386377216],[13.401346341013049,38.089161653622611],[13.397479117308313,38.090039062359168],[13.394255790494698,38.090511769582406],[13.39314525953175,38.090895197799441],[13.391078417409538,38.091442683274671],[13.384788865838397,38.089527491393739],[13.384362512291613,38.089697598442505],[13.383709994557933,38.089975210118219],[13.383135454898174,38.090291272271173],[13.382374245719799,38.090492618598816],[13.381214327231969,38.090900291884857],[13.379775915721089,38.091067367274405],[13.378684177525692,38.091035226419081],[13.378390407340314,38.091741415753717],[13.378187782827164,38.092228492721347],[13.378310296149262,38.092699127669164],[13.378632102763641,38.093935320367308],[13.378699115579817,38.094122948401079],[13.378902500835828,38.09469239746231],[13.379037430080587,38.09507017483768],[13.377555911268107,38.096668783245789],[13.376942347450221,38.098137701628985],[13.3775578790826,38.09829294376749],[13.378468850178729,38.098845924371005],[13.377529799794539,38.099562501397742],[13.376094327237647,38.102622957913724],[13.375334425322476,38.10368527913478],[13.37841341632355,38.101949663105046],[13.379023724106496,38.101333347167298],[13.379354142747754,38.101231818396663],[13.382910280783761,38.098935105362848],[13.383161967684034,38.099021082588408],[13.383608773902434,38.100406374154971],[13.384307436480894,38.101193963579895],[13.385933685419204,38.102536524962218],[13.386580120686521,38.102309654649964],[13.387744612332282,38.102266705398257],[13.388251799606985,38.10294555557217],[13.387990660697179,38.103967488553323],[13.388644146177732,38.10477800752939],[13.389753482772681,38.105986400755995]]]]}},
{"type":"Feature","properties":{"fid":45,"DISTRETTO":"SOTTORETE ORETO-STAZIONE"},"geometry":{"type":"MultiPolygon","coordinates":[[[[13.372519975319102,38.098629370788146],[13.371811127425909,38.098402573533626],[13.37133932631688,38.098361011682172],[13.370719106975752,38.098306372442018],[13.370308925048139,38.098300682672964],[13.369736349469374,38.098330472872803],[13.369464837574318,38.098405268521425],[13.369221721638977,38.098480457742632],[13.368735737820618,38.098619614677276],[13.368533468592812,38.09877393364895],[13.368292347103697,38.098759361219663],[13.367758637329381,38.099008682447071],[13.36748617608896,38.099285481902683],[13.366669235356166,38.099098759870458],[13.363583850489611,38.100911192380373],[13.361758210355552,38.102535380095361],[13.362782152546826,38.10393652374006],[13.36269037533164,38.105316382762723],[13.359767474815111,38.10696187712702],[13.35808235485665,38.105522568712956],[13.357505542638519,38.1059912825867],[13.357025547912652,38.106338062436315],[13.355707568862453,38.107478290165574],[13.355176100921922,38.10790289552363],[13.356007081482497,38.108087347426817],[13.35671915290474,38.108254419222995],[13.357846547635537,38.108521558522554],[13.359092514488248,38.108821765109482],[13.360162401192245,38.108993814210969],[13.36170866030878,38.10920392039003],[13.363384960627588,38.109824298696331],[13.364971004227376,38.110034916435069],[13.3650198804489,38.110056196580111],[13.365087249635327,38.110085528296487],[13.366014746316258,38.110489342712569],[13.369931827481917,38.112287926863537],[13.372648205838193,38.113535063913183],[13.376801683540247,38.115446410950007],[13.377737391730877,38.115790983638298],[13.378929357319937,38.114580034459451],[13.37968673410451,38.113700615143621],[13.379077035967306,38.113170554908613],[13.380191961824631,38.111927843493483],[13.382641790727904,38.110028435111701],[13.383744017140112,38.108889044739549],[13.385734298191993,38.107801834694492],[13.389753482772681,38.105986400755995],[13.388644146177732,38.10477800752939],[13.387990660697179,38.103967488553323],[13.388251799606985,38.10294555557217],[13.387744612332282,38.102266705398257],[13.386580120686521,38.102309654649964],[13.385933685419204,38.102536524962218],[13.384307436480894,38.101193963579895],[13.383608773902434,38.100406374154971],[13.383161967684034,38.099021082588408],[13.382910280783761,38.098935105362848],[13.379354142747754,38.101231818396663],[13.379023724106496,38.101333347167298],[13.37841341632355,38.101949663105046],[13.375334425322476,38.10368527913478],[13.376094327237647,38.102622957913724],[13.377529799794539,38.099562501397742],[13.378468850178729,38.098845924371005],[13.3775578790826,38.09829294376749],[13.376942347450221,38.098137701628985],[13.376877826374598,38.098121428660015],[13.372693864902283,38.098685006236444],[13.372519975319102,38.098629370788146]]]]}}
]
}
