{"type": "FeatureCollection", "features": [{"type": "Feature", "geometry": {"type": "Polygon", "coordinates": [[[13.374401, 38.067752], [13.374484, 38.067875], [13.374397, 38.067928], [13.374428, 38.068051], [13.374564, 38.068135], [13.374769, 38.068219], [13.374939, 38.06829], [13.375112, 38.068292], [13.375268, 38.068226], [13.375442, 38.068133], [13.375634, 38.068041], [13.375701, 38.068083], [13.375699, 38.068178], [13.375646, 38.068259], [13.375559, 38.068312], [13.375402, 38.068391], [13.375246, 38.068444], [13.374898, 38.068589], [13.374863, 38.068656], [13.374981, 38.068726], [13.375255, 38.068825], [13.375477, 38.068882], [13.3757, 38.068926], [13.375854, 38.068956], [13.376094, 38.069], [13.37616, 38.069164], [13.376141, 38.069245], [13.375918, 38.069174], [13.375714, 38.069062], [13.375543, 38.069019], [13.37532, 38.068975], [13.375062, 38.068958], [13.374909, 38.068888], [13.374722, 38.06879], [13.374569, 38.068693], [13.3744, 38.068568], [13.374175, 38.068606], [13.374121, 38.068727], [13.374171, 38.06881], [13.374291, 38.068825], [13.374394, 38.06884], [13.374479, 38.068896], [13.37439, 38.069003], [13.374336, 38.069098], [13.374404, 38.069167], [13.37428, 38.069301], [13.374142, 38.06934], [13.374088, 38.069407], [13.374052, 38.069516], [13.37393, 38.069569], [13.373793, 38.069539], [13.373691, 38.069497], [13.373571, 38.069468], [13.373465, 38.069562], [13.37329, 38.069723], [13.373253, 38.069804], [13.373252, 38.069872], [13.373233, 38.069967], [13.373091, 38.070128], [13.372987, 38.070168], [13.372867, 38.070166], [13.372712, 38.070164], [13.372731, 38.070069], [13.372836, 38.070002], [13.373045, 38.069883], [13.373117, 38.069761], [13.373084, 38.069679], [13.373017, 38.06961], [13.373121, 38.069557], [13.373209, 38.069491], [13.373245, 38.069396], [13.373316, 38.069315], [13.373489, 38.069249], [13.373664, 38.069157], [13.373718, 38.069021], [13.373617, 38.068925], [13.373533, 38.068842], [13.373519, 38.068692], [13.373556, 38.06857], [13.373765, 38.06845], [13.373941, 38.068276], [13.374047, 38.068155], [13.374069, 38.067951], [13.374159, 38.067775], [13.374401, 38.067752]]]}, "properties": {"pai_nmr": "039", "bacino": "Area tra F. Eleuterio e F. Oreto", "provincia": "PA", "comune": "Belmonte Mezzagno", "altri_comu": "Palermo", "localita": "Pizzo Forbice", "sigla": "039-6BE-003", "n_dpr": 91, "data_dpr": "2007-03-27", "pericolo": "n.c.", "ngurs": "26", "dgurs": "2007-06-08", "cls_dissesti_attivita": "Attivo", "col_dissesti_attivita": "#ff0000", "bor_dissesti_attivita": "#000000", "cls_dissesti_tipologia": "Crollo e/o ribaltamento", "col_dissesti_tipologia": "#000000", "bor_dissesti_tipologia": "#000000", "pat_dissesti_tipologia": "pai-dissesti_tipologia-0", "sup_ha": 1.8978}}, {"type": "Feature", "geometry": {"type": "Polygon", "coordinates": [[[13.267257, 38.199283], [13.267246, 38.199177], [13.267292, 38.198925], [13.267323, 38.198757], [13.267328, 38.198557], [13.267318, 38.19842], [13.26732, 38.198304], [13.267417, 38.198168], [13.267487, 38.198022], [13.267544, 38.197864], [13.267554, 38.197475], [13.267548, 38.197158], [13.267542, 38.196842], [13.267549, 38.196568], [13.267446, 38.196366], [13.267368, 38.196281], [13.267385, 38.196144], [13.267484, 38.195893], [13.267555, 38.195746], [13.267599, 38.195547], [13.26759, 38.195367], [13.267568, 38.195177], [13.267492, 38.195008], [13.267468, 38.194902], [13.267471, 38.194775], [13.267541, 38.194618], [13.26768, 38.194399], [13.267765, 38.19419], [13.267795, 38.194053], [13.267852, 38.193906], [13.267882, 38.19378], [13.267991, 38.193677], [13.268113, 38.193605], [13.268207, 38.193585], [13.2683, 38.193618], [13.268283, 38.193734], [13.268185, 38.193964], [13.268073, 38.194152], [13.267989, 38.194309], [13.267865, 38.194476], [13.267781, 38.194632], [13.267764, 38.194822], [13.267797, 38.195107], [13.267829, 38.195445], [13.267851, 38.195656], [13.267764, 38.195918], [13.267681, 38.196064], [13.267704, 38.196212], [13.267699, 38.196423], [13.267732, 38.196697], [13.267722, 38.19714], [13.267754, 38.197467], [13.267786, 38.197815], [13.267767, 38.198068], [13.267707, 38.19833], [13.26765, 38.198498], [13.267589, 38.198792], [13.267543, 38.199034], [13.267513, 38.199181], [13.267498, 38.199319], [13.26736, 38.199334], [13.267263, 38.199298], [13.267257, 38.199283]]]}, "properties": {"pai_nmr": "040", "bacino": "Area tra F. Oreto e Punta Raisi", "provincia": "PA", "comune": "Torretta", "altri_comu": "Palermo", "localita": "La Montagnola", "sigla": "040-6TO-002", "n_dpr": 91, "data_dpr": "2007-03-27", "pericolo": "n.c.", "ngurs": "26", "dgurs": "2007-06-08", "cls_dissesti_attivita": "Attivo", "col_dissesti_attivita": "#ff0000", "bor_dissesti_attivita": "#000000", "cls_dissesti_tipologia": "Crollo e/o ribaltamento", "col_dissesti_tipologia": "#000000", "bor_dissesti_tipologia": "#000000", "pat_dissesti_tipologia": "pai-dissesti_tipologia-0", "sup_ha": 1.467}}, {"type": "Feature", "geometry": {"type": "Polygon", "coordinates": [[[13.274711, 38.184975], [13.274821, 38.185117], [13.27482, 38.185194], [13.274865, 38.185322], [13.275057, 38.185415], [13.27525, 38.185494], [13.275523, 38.185575], [13.27578, 38.185668], [13.275811, 38.18572], [13.275536, 38.185728], [13.275407, 38.185701], [13.275246, 38.185635], [13.275038, 38.185555], [13.274828, 38.185526], [13.274651, 38.185485], [13.274507, 38.185381], [13.274431, 38.185188], [13.274253, 38.185198], [13.274089, 38.18526], [13.273878, 38.185282], [13.273604, 38.18524], [13.273477, 38.185136], [13.273511, 38.185059], [13.273722, 38.18505], [13.273931, 38.185091], [13.274045, 38.185067], [13.274322, 38.18502], [13.274501, 38.184972], [13.274711, 38.184975]]]}, "properties": {"pai_nmr": "040", "bacino": "Area tra F. Oreto e Punta Raisi", "provincia": "PA", "comune": "Torretta", "altri_comu": "Palermo", "localita": "Tana Vipera", "sigla": "040-6TO-028", "n_dpr": 91, "data_dpr": "2007-03-27", "pericolo": "n.c.", "ngurs": "26", "dgurs": "2007-06-08", "cls_dissesti_attivita": "Attivo", "col_dissesti_attivita": "#ff0000", "bor_dissesti_attivita": "#000000", "cls_dissesti_tipologia": "Crollo e/o ribaltamento", "col_dissesti_tipologia": "#000000", "bor_dissesti_tipologia": "#000000", "pat_dissesti_tipologia": "pai-dissesti_tipologia-0", "sup_ha": 0.474}}, {"type": "Feature", "geometry": {"type": "Polygon", "coordinates": [[[13.257273, 38.16447], [13.257246, 38.164214], [13.257267, 38.164035], [13.257367, 38.163896], [13.2575, 38.163771], [13.257579, 38.163823], [13.25761, 38.163913], [13.257607, 38.164015], [13.257572, 38.164129], [13.257536, 38.164308], [13.257547, 38.164513], [13.257525, 38.164742], [13.257584, 38.164999], [13.257564, 38.165139], [13.257528, 38.165292], [13.257443, 38.16547], [13.257373, 38.165699], [13.257189, 38.165926], [13.256973, 38.166153], [13.256726, 38.166367], [13.256608, 38.166544], [13.256605, 38.166672], [13.256567, 38.166901], [13.256511, 38.16722], [13.256333, 38.167217], [13.256239, 38.167088], [13.256242, 38.166947], [13.256233, 38.166653], [13.256271, 38.166411], [13.256356, 38.166233], [13.256471, 38.166171], [13.256649, 38.166174], [13.256765, 38.166086], [13.256897, 38.165947], [13.256951, 38.165756], [13.257084, 38.165579], [13.257252, 38.165352], [13.257321, 38.165148], [13.257326, 38.164931], [13.257283, 38.1647], [13.257273, 38.16447]]]}, "properties": {"pai_nmr": "040", "bacino": "Area tra F. Oreto e Punta Raisi", "provincia": "PA", "comune": "Torretta", "altri_comu": "Palermo", "localita": "Serra Tre Finaite", "sigla": "040-6TO-009", "n_dpr": 91, "data_dpr": "2007-03-27", "pericolo": "n.c.", "ngurs": "26", "dgurs": "2007-06-08", "cls_dissesti_attivita": "Attivo", "col_dissesti_attivita": "#ff0000", "bor_dissesti_attivita": "#000000", "cls_dissesti_tipologia": "Crollo e/o ribaltamento", "col_dissesti_tipologia": "#000000", "bor_dissesti_tipologia": "#000000", "pat_dissesti_tipologia": "pai-dissesti_tipologia-0", "sup_ha": 1.0123}}, {"type": "Feature", "geometry": {"type": "Polygon", "coordinates": [[[13.246619, 38.115059], [13.246733, 38.115061], [13.246846, 38.114943], [13.24692, 38.114851], [13.246963, 38.114594], [13.246867, 38.114406], [13.246626, 38.114281], [13.246312, 38.114155], [13.246217, 38.11396], [13.246455, 38.113857], [13.246754, 38.11384], [13.246971, 38.113843], [13.247159, 38.113946], [13.247228, 38.11409], [13.247224, 38.114254], [13.247172, 38.114533], [13.247158, 38.114768], [13.247178, 38.115034], [13.247174, 38.115226], [13.247379, 38.115351], [13.247684, 38.115484], [13.247944, 38.115581], [13.248003, 38.115599], [13.248127, 38.115726], [13.248486, 38.115986], [13.248848, 38.116144], [13.249145, 38.116284], [13.249291, 38.116456], [13.249287, 38.116626], [13.249115, 38.11664], [13.248816, 38.116551], [13.248538, 38.11653], [13.248256, 38.116627], [13.247889, 38.116707], [13.247784, 38.116637], [13.248, 38.116556], [13.248153, 38.116456], [13.248262, 38.11639], [13.24848, 38.116258], [13.248164, 38.115998], [13.247996, 38.115826], [13.24787, 38.115706], [13.247698, 38.115737], [13.247521, 38.115938], [13.247496, 38.116073], [13.247171, 38.116204], [13.246931, 38.11637], [13.246759, 38.116368], [13.246722, 38.116147], [13.246661, 38.115976], [13.246446, 38.11599], [13.246228, 38.116122], [13.246093, 38.116392], [13.245831, 38.116574], [13.245575, 38.116503], [13.245559, 38.116248], [13.245523, 38.115993], [13.245353, 38.115906], [13.245032, 38.11585], [13.244857, 38.115983], [13.244576, 38.116047], [13.244278, 38.115957], [13.244045, 38.115835], [13.244028, 38.115631], [13.244312, 38.115449], [13.244764, 38.115388], [13.245085, 38.115443], [13.245319, 38.115532], [13.245385, 38.115448], [13.245474, 38.115348], [13.245455, 38.115212], [13.24546, 38.115025], [13.24589, 38.11498], [13.246319, 38.115038], [13.246619, 38.115059]]]}, "properties": {"pai_nmr": "040", "bacino": "Area tra F. Oreto e Punta Raisi", "provincia": "PA", "comune": "Torretta", "altri_comu": "Palermo", "localita": "Pizzo Neviera", "sigla": "040-6TO-025", "n_dpr": 91, "data_dpr": "2007-03-27", "pericolo": "n.c.", "ngurs": "26", "dgurs": "2007-06-08", "cls_dissesti_attivita": "Attivo", "col_dissesti_attivita": "#ff0000", "bor_dissesti_attivita": "#000000", "cls_dissesti_tipologia": "Crollo e/o ribaltamento", "col_dissesti_tipologia": "#000000", "bor_dissesti_tipologia": "#000000", "pat_dissesti_tipologia": "pai-dissesti_tipologia-0", "sup_ha": 4.2789}}, {"type": "Feature", "geometry": {"type": "Polygon", "coordinates": [[[13.243113, 38.102741], [13.24316, 38.10279], [13.243243, 38.102913], [13.243342, 38.103086], [13.243417, 38.10322], [13.243487, 38.103374], [13.24361, 38.103554], [13.243697, 38.103682], [13.243814, 38.103771], [13.243959, 38.103906], [13.244087, 38.104048], [13.244248, 38.104183], [13.244329, 38.104266], [13.244342, 38.104337], [13.244487, 38.104543], [13.244609, 38.104711], [13.244781, 38.104872], [13.244848, 38.104962], [13.244861, 38.105074], [13.244794, 38.105158], [13.244603, 38.10507], [13.24448, 38.104848], [13.244334, 38.104659], [13.244229, 38.104573], [13.243995, 38.104468], [13.243802, 38.104448], [13.24361, 38.104394], [13.243613, 38.104275], [13.243766, 38.104159], [13.243875, 38.104093], [13.243878, 38.103974], [13.243686, 38.10392], [13.24345, 38.103933], [13.243279, 38.10388], [13.243261, 38.103744], [13.243327, 38.10366], [13.24329, 38.103422], [13.243165, 38.103285], [13.24306, 38.103164], [13.242978, 38.103027], [13.24296, 38.102857], [13.243113, 38.102741]]]}, "properties": {"pai_nmr": "040", "bacino": "Area tra F. Oreto e Punta Raisi", "provincia": "PA", "comune": "Torretta", "altri_comu": "Palermo", "localita": "Costa S. Anna", "sigla": "040-6TO-027", "n_dpr": 91, "data_dpr": "2007-03-27", "pericolo": "n.c.", "ngurs": "26", "dgurs": "2007-06-08", "cls_dissesti_attivita": "Attivo", "col_dissesti_attivita": "#ff0000", "bor_dissesti_attivita": "#000000", "cls_dissesti_tipologia": "Crollo e/o ribaltamento", "col_dissesti_tipologia": "#000000", "bor_dissesti_tipologia": "#000000", "pat_dissesti_tipologia": "pai-dissesti_tipologia-0", "sup_ha": 0.8154}}, {"type": "Feature", "geometry": {"type": "Polygon", "coordinates": [[[13.247413, 38.112374], [13.247481, 38.112239], [13.247678, 38.112072], [13.247851, 38.112024], [13.248033, 38.112042], [13.248086, 38.112105], [13.248126, 38.112198], [13.247994, 38.112314], [13.247906, 38.112398], [13.24784, 38.112465], [13.248011, 38.112518], [13.248137, 38.112622], [13.248092, 38.112723], [13.247984, 38.112738], [13.247769, 38.112752], [13.247595, 38.112851], [13.247507, 38.112952], [13.24746, 38.113104], [13.247562, 38.113326], [13.247646, 38.113412], [13.247674, 38.113553], [13.247626, 38.113611], [13.247428, 38.113561], [13.246978, 38.113504], [13.246722, 38.113432], [13.246466, 38.11336], [13.246211, 38.113272], [13.246299, 38.113154], [13.246558, 38.113107], [13.246773, 38.11311], [13.246989, 38.113063], [13.247119, 38.11298], [13.247167, 38.112777], [13.246999, 38.112622], [13.246616, 38.112497], [13.246356, 38.112561], [13.246097, 38.112625], [13.245921, 38.112792], [13.245616, 38.113008], [13.245397, 38.113158], [13.245179, 38.11329], [13.244878, 38.113303], [13.244665, 38.113249], [13.244605, 38.113078], [13.244694, 38.112944], [13.244826, 38.11281], [13.244828, 38.112725], [13.244614, 38.112671], [13.244311, 38.112785], [13.244049, 38.112951], [13.243768, 38.113066], [13.243552, 38.113113], [13.243313, 38.113195], [13.243145, 38.113056], [13.243235, 38.112871], [13.243412, 38.112687], [13.243609, 38.112503], [13.24372, 38.112352], [13.243787, 38.112235], [13.24377, 38.112082], [13.243643, 38.111995], [13.243427, 38.112043], [13.243185, 38.112277], [13.243009, 38.112444], [13.242751, 38.112491], [13.242559, 38.11242], [13.242691, 38.112303], [13.242864, 38.112221], [13.242952, 38.112137], [13.24302, 38.11202], [13.243173, 38.111886], [13.243627, 38.111774], [13.243904, 38.111863], [13.24405, 38.112035], [13.244111, 38.112155], [13.24437, 38.112125], [13.244563, 38.112144], [13.244667, 38.112265], [13.244514, 38.112398], [13.24462, 38.112451], [13.244814, 38.11242], [13.24509, 38.112542], [13.245282, 38.112596], [13.245456, 38.112497], [13.245757, 38.112468], [13.246017, 38.112404], [13.246234, 38.112305], [13.246667, 38.112142], [13.246861, 38.112111], [13.24699, 38.112113], [13.247136, 38.112268], [13.247283, 38.112439], [13.247413, 38.112374]]]}, "properties": {"pai_nmr": "040", "bacino": "Area tra F. Oreto e Punta Raisi", "provincia": "PA", "comune": "Torretta", "altri_comu": "Palermo", "localita": "Pizzo Neviera", "sigla": "040-6TO-026", "n_dpr": 91, "data_dpr": "2007-03-27", "pericolo": "n.c.", "ngurs": "26", "dgurs": "2007-06-08", "cls_dissesti_attivita": "Attivo", "col_dissesti_attivita": "#ff0000", "bor_dissesti_attivita": "#000000", "cls_dissesti_tipologia": "Crollo e/o ribaltamento", "col_dissesti_tipologia": "#000000", "bor_dissesti_tipologia": "#000000", "pat_dissesti_tipologia": "pai-dissesti_tipologia-0", "sup_ha": 3.5845}}, {"type": "Feature", "geometry": {"type": "Polygon", "coordinates": [[[13.303567, 38.092276], [13.303716, 38.092311], [13.30381, 38.092387], [13.303847, 38.092549], [13.303856, 38.092766], [13.303719, 38.092836], [13.303612, 38.092685], [13.303601, 38.092567], [13.303576, 38.092491], [13.303414, 38.092446], [13.303239, 38.092384], [13.303091, 38.092312], [13.303023, 38.092224], [13.303011, 38.092207], [13.303084, 38.092228], [13.303152, 38.092267], [13.30327, 38.09229], [13.303357, 38.092331], [13.303567, 38.092276]]]}, "properties": {"pai_nmr": "039", "bacino": "F. Oreto", "provincia": "PA", "comune": "Monreale", "localita": "Contrada Loghivecchi", "sigla": "039-6MO-008", "pericolo": "n.c.", "n_dsg": 30, "data_dsg": "2021-02-18", "ngurs_dsg": 11, "dgurs_dsg": "2021-03-19", "cls_dissesti_attivita": "Attivo", "col_dissesti_attivita": "#ff0000", "bor_dissesti_attivita": "#000000", "cls_dissesti_tipologia": "Crollo e/o ribaltamento", "col_dissesti_tipologia": "#000000", "bor_dissesti_tipologia": "#000000", "pat_dissesti_tipologia": "pai-dissesti_tipologia-0", "sup_ha": 0.1712}}, {"type": "Feature", "geometry": {"type": "Polygon", "coordinates": [[[13.297323, 38.094043], [13.297085, 38.093896], [13.297061, 38.093622], [13.297096, 38.093408], [13.297175, 38.093266], [13.297192, 38.093182], [13.297115, 38.093137], [13.297028, 38.093085], [13.296821, 38.092903], [13.296734, 38.092782], [13.296586, 38.092637], [13.296439, 38.092492], [13.296292, 38.092311], [13.296131, 38.092106], [13.296074, 38.09195], [13.296168, 38.091821], [13.296379, 38.091824], [13.29662, 38.091839], [13.296845, 38.091902], [13.297146, 38.091918], [13.297327, 38.091909], [13.297539, 38.091864], [13.297724, 38.091724], [13.297937, 38.09162], [13.298078, 38.091419], [13.298142, 38.091265], [13.298342, 38.091101], [13.298495, 38.091008], [13.298628, 38.091105], [13.298655, 38.091225], [13.298545, 38.091414], [13.298467, 38.091556], [13.298293, 38.091887], [13.298254, 38.092268], [13.298278, 38.092554], [13.298316, 38.092865], [13.298445, 38.093141], [13.298487, 38.093285], [13.298649, 38.093466], [13.298918, 38.093541], [13.299071, 38.093484], [13.29912, 38.093294], [13.299232, 38.093045], [13.299432, 38.092881], [13.299646, 38.092741], [13.299768, 38.092683], [13.29995, 38.092626], [13.300177, 38.09263], [13.3004, 38.09274], [13.300578, 38.092886], [13.300725, 38.093043], [13.301073, 38.092988], [13.301283, 38.093039], [13.30128, 38.09317], [13.301153, 38.093466], [13.301299, 38.093659], [13.301614, 38.093747], [13.301869, 38.093787], [13.302139, 38.093874], [13.302362, 38.093996], [13.302643, 38.094251], [13.302864, 38.09448], [13.303171, 38.094914], [13.303485, 38.095026], [13.303795, 38.095305], [13.303788, 38.095614], [13.303693, 38.095816], [13.303839, 38.09602], [13.304165, 38.096276], [13.304475, 38.09659], [13.304721, 38.097035], [13.304862, 38.097442], [13.304707, 38.097619], [13.304396, 38.097376], [13.303861, 38.097046], [13.303645, 38.096957], [13.303472, 38.096885], [13.30343, 38.096742], [13.303409, 38.096372], [13.303261, 38.096215], [13.302884, 38.096233], [13.302504, 38.096359], [13.301977, 38.096304], [13.301345, 38.096223], [13.300865, 38.096132], [13.300282, 38.095886], [13.299803, 38.095748], [13.299873, 38.095608], [13.300217, 38.095432], [13.300419, 38.095172], [13.300467, 38.095054], [13.300378, 38.094981], [13.300119, 38.09512], [13.29986, 38.095236], [13.299438, 38.095218], [13.299033, 38.095117], [13.298358, 38.094928], [13.297954, 38.094815], [13.297567, 38.094559], [13.297619, 38.094297], [13.297728, 38.09412], [13.297851, 38.094038], [13.297883, 38.093967], [13.297823, 38.093931], [13.297702, 38.093941], [13.297581, 38.093987], [13.297323, 38.094043]]]}, "properties": {"pai_nmr": "039", "bacino": "F. Oreto", "provincia": "PA", "comune": "Monreale", "localita": "contrada Loghivecchi", "sigla": "039-6MO-136", "n_dpr": 155, "data_dpr": "2013-06-11", "pericolo": "n.c.", "ngurs": "47", "dgurs": "2013-10-18", "cls_dissesti_attivita": "Attivo", "col_dissesti_attivita": "#ff0000", "bor_dissesti_attivita": "#000000", "cls_dissesti_tipologia": "Crollo e/o ribaltamento", "col_dissesti_tipologia": "#000000", "bor_dissesti_tipologia": "#000000", "pat_dissesti_tipologia": "pai-dissesti_tipologia-0", "sup_ha": 17.1344}}, {"type": "Feature", "geometry": {"type": "Polygon", "coordinates": [[[13.313051, 38.05276], [13.313335, 38.052974], [13.313573, 38.053149], [13.313785, 38.053362], [13.313885, 38.053458], [13.313998, 38.053517], [13.314039, 38.053566], [13.31411, 38.053633], [13.314199, 38.053711], [13.31424, 38.053754], [13.314215, 38.053816], [13.314132, 38.053753], [13.313954, 38.053631], [13.313871, 38.05353], [13.313742, 38.053399], [13.313505, 38.0532], [13.313322, 38.053055], [13.313203, 38.052962], [13.313096, 38.052875], [13.313043, 38.052831], [13.313044, 38.052793], [13.313051, 38.05276]]]}, "properties": {"pai_nmr": "039", "bacino": "F. Oreto", "provincia": "PA", "comune": "Altofonte", "localita": "Piano di Maglio", "sigla": "039-6AO-090", "pericolo": "n.c.", "n_dsg": 41, "data_dsg": "2021-02-19", "ngurs_dsg": 11, "dgurs_dsg": "2021-03-19", "cls_dissesti_attivita": "Attivo", "col_dissesti_attivita": "#ff0000", "bor_dissesti_attivita": "#000000", "cls_dissesti_tipologia": "Crollo e/o ribaltamento", "col_dissesti_tipologia": "#000000", "bor_dissesti_tipologia": "#000000", "pat_dissesti_tipologia": "pai-dissesti_tipologia-0", "sup_ha": 0.1122}}, {"type": "Feature", "geometry": {"type": "Polygon", "coordinates": [[[13.318355, 38.050766], [13.318276, 38.050798], [13.31816, 38.050844], [13.318003, 38.050856], [13.317935, 38.050932], [13.31788, 38.050969], [13.317855, 38.050997], [13.317715, 38.051062], [13.317477, 38.051164], [13.317338, 38.051209], [13.317184, 38.051321], [13.317041, 38.051267], [13.316911, 38.051155], [13.316788, 38.050982], [13.316744, 38.0508], [13.316854, 38.050711], [13.316892, 38.050659], [13.316943, 38.050526], [13.317093, 38.050548], [13.317142, 38.050548], [13.317218, 38.050635], [13.317321, 38.050603], [13.317409, 38.050481], [13.317699, 38.050418], [13.317733, 38.050271], [13.317803, 38.050095], [13.317797, 38.049823], [13.317933, 38.049692], [13.318182, 38.049619], [13.318333, 38.049597], [13.318462, 38.049518], [13.318575, 38.049558], [13.318561, 38.049672], [13.318498, 38.049781], [13.318588, 38.049787], [13.318795, 38.049723], [13.318945, 38.049744], [13.319117, 38.049876], [13.319253, 38.049982], [13.319391, 38.050027], [13.319558, 38.050097], [13.319679, 38.050093], [13.319861, 38.050058], [13.319935, 38.050216], [13.319937, 38.050393], [13.320063, 38.050433], [13.320199, 38.05053], [13.320018, 38.050547], [13.319783, 38.050567], [13.31942, 38.050614], [13.319093, 38.050662], [13.318603, 38.050741], [13.318355, 38.050766]]]}, "properties": {"pai_nmr": "039", "bacino": "F. Oreto", "provincia": "PA", "comune": "Altofonte", "localita": "Pizzo Valle di Fico", "sigla": "039-6AO-075", "pericolo": "n.c.", "n_dsg": 41, "data_dsg": "2021-02-19", "ngurs_dsg": 11, "dgurs_dsg": "2021-03-19", "cls_dissesti_attivita": "Attivo", "col_dissesti_attivita": "#ff0000", "bor_dissesti_attivita": "#000000", "cls_dissesti_tipologia": "Crollo e/o ribaltamento", "col_dissesti_tipologia": "#000000", "bor_dissesti_tipologia": "#000000", "pat_dissesti_tipologia": "pai-dissesti_tipologia-0", "sup_ha": 2.5188}}, {"type": "Feature", "geometry": {"type": "Polygon", "coordinates": [[[13.412201, 38.059532], [13.412093, 38.059515], [13.411979, 38.059548], [13.411806, 38.059588], [13.411622, 38.059603], [13.411465, 38.059609], [13.411229, 38.059555], [13.411047, 38.059505], [13.410826, 38.059481], [13.410673, 38.059581], [13.410455, 38.059651], [13.410266, 38.05964], [13.410191, 38.059606], [13.409929, 38.059602], [13.409675, 38.059627], [13.409503, 38.059647], [13.409258, 38.059658], [13.409169, 38.059613], [13.409309, 38.059429], [13.409553, 38.059433], [13.409708, 38.05937], [13.409809, 38.059307], [13.410119, 38.059204], [13.410355, 38.059172], [13.410493, 38.059129], [13.410548, 38.059084], [13.410735, 38.059037], [13.410908, 38.059079], [13.411093, 38.059082], [13.411291, 38.059094], [13.411368, 38.059131], [13.41148, 38.059132], [13.411665, 38.059135], [13.411943, 38.059197], [13.412099, 38.059258], [13.412294, 38.059275], [13.412396, 38.059284], [13.412552, 38.059382], [13.412591, 38.059466], [13.412591, 38.059467], [13.41259, 38.059509], [13.412588, 38.059599], [13.412587, 38.059637], [13.412596, 38.05974], [13.412659, 38.059826], [13.412696, 38.059859], [13.41269, 38.059869], [13.412698, 38.060023], [13.412723, 38.060113], [13.412731, 38.060249], [13.412727, 38.060399], [13.412806, 38.060515], [13.412968, 38.060521], [13.41307, 38.060518], [13.413135, 38.060502], [13.413136, 38.060501], [13.413144, 38.060508], [13.413162, 38.060494], [13.413271, 38.060444], [13.413381, 38.06039], [13.413511, 38.060349], [13.413618, 38.060411], [13.413638, 38.060479], [13.413679, 38.060586], [13.413601, 38.060696], [13.413481, 38.060754], [13.413312, 38.060812], [13.413166, 38.060831], [13.412998, 38.060837], [13.412976, 38.060825], [13.412902, 38.060834], [13.412819, 38.060811], [13.412741, 38.060767], [13.412612, 38.060726], [13.412506, 38.060669], [13.412448, 38.06057], [13.412412, 38.060484], [13.412387, 38.060424], [13.412388, 38.060356], [13.412444, 38.060254], [13.412462, 38.060169], [13.412491, 38.060101], [13.412495, 38.060099], [13.412521, 38.059962], [13.412524, 38.059837], [13.412526, 38.059734], [13.412481, 38.059667], [13.412398, 38.059615], [13.412288, 38.059554], [13.412201, 38.059532]]]}, "properties": {"pai_nmr": "038", "bacino": "Area tra F. Eleuterio e F. Oreto", "provincia": "PA", "comune": "Palermo", "altri_comu": "Belmonte Mezzagno", "localita": "Nord Portella Larga", "sigla": "038-6PM-003", "pericolo": "n.c.", "n_dsg": 4, "data_dsg": "2026-01-09", "ngurs_dsg": 4, "dgurs_dsg": "2026-01-23", "cls_dissesti_attivita": "Attivo", "col_dissesti_attivita": "#ff0000", "bor_dissesti_attivita": "#000000", "cls_dissesti_tipologia": "Crollo e/o ribaltamento", "col_dissesti_tipologia": "#000000", "bor_dissesti_tipologia": "#000000", "pat_dissesti_tipologia": "pai-dissesti_tipologia-0", "sup_ha": 1.7754}}, {"type": "Feature", "geometry": {"type": "Polygon", "coordinates": [[[13.431712, 38.066196], [13.431909, 38.066142], [13.431955, 38.066161], [13.432012, 38.066216], [13.432021, 38.066277], [13.43201, 38.066323], [13.432008, 38.0664], [13.432016, 38.066484], [13.432101, 38.066593], [13.432186, 38.066701], [13.432368, 38.066803], [13.432573, 38.066783], [13.432749, 38.066716], [13.432884, 38.066718], [13.432918, 38.066734], [13.43295, 38.066834], [13.433082, 38.066981], [13.433267, 38.066976], [13.433406, 38.066817], [13.433625, 38.066567], [13.433747, 38.066654], [13.433778, 38.066838], [13.433736, 38.067058], [13.433678, 38.067182], [13.433552, 38.067423], [13.433515, 38.067479], [13.433505, 38.067624], [13.433463, 38.067668], [13.433267, 38.067874], [13.433031, 38.067923], [13.432994, 38.067931], [13.43291, 38.067792], [13.433, 38.067663], [13.433073, 38.067639], [13.433205, 38.067597], [13.433257, 38.067429], [13.433222, 38.067282], [13.433049, 38.067165], [13.432977, 38.067144], [13.432857, 38.067109], [13.432643, 38.067121], [13.43242, 38.067111], [13.432169, 38.067038], [13.432074, 38.066953], [13.432021, 38.066938], [13.431999, 38.066829], [13.431953, 38.066706], [13.4318, 38.066627], [13.431537, 38.066692], [13.431368, 38.066851], [13.431343, 38.066883], [13.431269, 38.066965], [13.43117, 38.06704], [13.431071, 38.067139], [13.430943, 38.067237], [13.430727, 38.067356], [13.430626, 38.067547], [13.430545, 38.067684], [13.430397, 38.067805], [13.430279, 38.067872], [13.430123, 38.067924], [13.429942, 38.067914], [13.429929, 38.067913], [13.429804, 38.067858], [13.429749, 38.067742], [13.429751, 38.067619], [13.429753, 38.067533], [13.429753, 38.067512], [13.429687, 38.06745], [13.429677, 38.067455], [13.429639, 38.067415], [13.429528, 38.067369], [13.429389, 38.06736], [13.429249, 38.067395], [13.429137, 38.067423], [13.429042, 38.067495], [13.428976, 38.067531], [13.428891, 38.067618], [13.428876, 38.067618], [13.428779, 38.067722], [13.428728, 38.067821], [13.428673, 38.067839], [13.428659, 38.067881], [13.428522, 38.067948], [13.428358, 38.067915], [13.428274, 38.067761], [13.428296, 38.067623], [13.428308, 38.067493], [13.42838, 38.06731], [13.428461, 38.067173], [13.428561, 38.067058], [13.428656, 38.06688], [13.428761, 38.066727], [13.428903, 38.066597], [13.429035, 38.066547], [13.429239, 38.066557], [13.42948, 38.06656], [13.429704, 38.066548], [13.429793, 38.06655], [13.429823, 38.066547], [13.429893, 38.066448], [13.430041, 38.066304], [13.430169, 38.066222], [13.430297, 38.066154], [13.430322, 38.066159], [13.430326, 38.066155], [13.430432, 38.066179], [13.430459, 38.066256], [13.430449, 38.066302], [13.430355, 38.066337], [13.430351, 38.066347], [13.430155, 38.066428], [13.429983, 38.066552], [13.429978, 38.066556], [13.429967, 38.066567], [13.429809, 38.066715], [13.429727, 38.066737], [13.429714, 38.06675], [13.429673, 38.066752], [13.429517, 38.066788], [13.429351, 38.066832], [13.429146, 38.066906], [13.428977, 38.067057], [13.428819, 38.067193], [13.4287, 38.067314], [13.428632, 38.067418], [13.428611, 38.067428], [13.42859, 38.067497], [13.428588, 38.067566], [13.428666, 38.067567], [13.428744, 38.067552], [13.428793, 38.067499], [13.428799, 38.067494], [13.428872, 38.067462], [13.42899, 38.067395], [13.429137, 38.06732], [13.429284, 38.067237], [13.429508, 38.067217], [13.429731, 38.067197], [13.429738, 38.067194], [13.42993, 38.067279], [13.430096, 38.067325], [13.430218, 38.067283], [13.430275, 38.06721], [13.430293, 38.067072], [13.430394, 38.067061], [13.430519, 38.067108], [13.430673, 38.067156], [13.430867, 38.067159], [13.430966, 38.067084], [13.43096, 38.067058], [13.430976, 38.067053], [13.431074, 38.066978], [13.431096, 38.066863], [13.431088, 38.066794], [13.43108, 38.066709], [13.431189, 38.066634], [13.43119, 38.066627], [13.431378, 38.06649], [13.431461, 38.066402], [13.431712, 38.066196]]]}, "properties": {"pai_nmr": "038", "bacino": "Area tra F. Eleuterio e F. Oreto", "provincia": "PA", "comune": "Palermo", "localita": "Ovest Pizzo Cicerello", "sigla": "038-6PM-001", "pericolo": "n.c.", "n_dsg": 4, "data_dsg": "2026-01-09", "ngurs_dsg": 4, "dgurs_dsg": "2026-01-23", "cls_dissesti_attivita": "Attivo", "col_dissesti_attivita": "#ff0000", "bor_dissesti_attivita": "#000000", "cls_dissesti_tipologia": "Crollo e/o ribaltamento", "col_dissesti_tipologia": "#000000", "bor_dissesti_tipologia": "#000000", "pat_dissesti_tipologia": "pai-dissesti_tipologia-0", "sup_ha": 2.817}}, {"type": "Feature", "geometry": {"type": "Polygon", "coordinates": [[[13.389586, 38.069568], [13.38959, 38.069418], [13.389537, 38.06924], [13.389448, 38.069221], [13.389312, 38.069272], [13.389187, 38.069359], [13.389178, 38.069363], [13.389053, 38.069511], [13.388848, 38.069669], [13.388534, 38.069803], [13.388423, 38.069951], [13.388246, 38.070023], [13.388015, 38.070084], [13.387894, 38.070072], [13.387951, 38.069923], [13.38806, 38.069882], [13.388212, 38.069713], [13.388406, 38.069502], [13.388515, 38.069451], [13.388666, 38.069335], [13.388803, 38.069252], [13.388914, 38.069093], [13.389023, 38.069031], [13.38916, 38.068958], [13.389338, 38.068843], [13.389459, 38.068845], [13.389545, 38.068867], [13.389568, 38.068859], [13.389691, 38.068905], [13.389755, 38.069021], [13.389865, 38.069129], [13.389987, 38.06921], [13.390176, 38.069275], [13.39032, 38.069357], [13.390543, 38.069395], [13.39062, 38.069476], [13.39063, 38.069556], [13.390729, 38.069611], [13.390786, 38.069661], [13.390831, 38.069685], [13.39083, 38.0697], [13.390827, 38.069866], [13.390864, 38.070027], [13.390875, 38.070134], [13.390897, 38.070337], [13.39072, 38.07043], [13.39061, 38.070514], [13.390621, 38.070653], [13.3907, 38.07075], [13.390833, 38.070827], [13.390914, 38.070806], [13.391077, 38.070766], [13.391277, 38.070865], [13.391479, 38.070878], [13.391591, 38.070709], [13.391569, 38.070495], [13.391588, 38.070459], [13.391653, 38.070336], [13.391925, 38.070244], [13.392234, 38.070291], [13.392392, 38.070322], [13.392463, 38.070326], [13.392643, 38.070302], [13.392803, 38.070197], [13.392793, 38.070126], [13.392615, 38.070035], [13.392371, 38.069926], [13.392262, 38.0698], [13.392186, 38.069657], [13.392102, 38.069434], [13.392039, 38.069221], [13.391987, 38.069007], [13.39187, 38.06874], [13.391763, 38.068499], [13.3917, 38.068312], [13.391726, 38.068161], [13.391795, 38.068056], [13.391897, 38.068013], [13.391998, 38.068023], [13.392233, 38.068044], [13.392469, 38.068012], [13.392571, 38.06796], [13.392586, 38.067801], [13.392584, 38.067762], [13.392573, 38.067757], [13.392563, 38.067597], [13.392433, 38.067371], [13.392356, 38.067199], [13.392157, 38.067047], [13.391983, 38.067002], [13.391714, 38.066956], [13.391596, 38.066794], [13.391613, 38.066623], [13.391804, 38.06653], [13.392033, 38.066544], [13.392101, 38.066551], [13.392092, 38.066509], [13.392249, 38.066536], [13.39241, 38.066602], [13.392636, 38.066755], [13.392916, 38.066897], [13.392926, 38.066896], [13.392981, 38.066945], [13.393103, 38.066989], [13.393266, 38.066965], [13.393382, 38.066934], [13.393492, 38.066893], [13.393587, 38.066883], [13.393703, 38.066869], [13.393819, 38.066854], [13.393921, 38.06685], [13.393969, 38.06684], [13.394091, 38.066836], [13.394261, 38.066833], [13.394343, 38.066829], [13.394465, 38.066815], [13.394642, 38.066817], [13.394757, 38.066824], [13.394887, 38.066826], [13.395023, 38.06679], [13.395099, 38.066721], [13.395169, 38.066669], [13.395225, 38.066594], [13.395307, 38.066547], [13.395417, 38.066516], [13.395533, 38.066485], [13.395628, 38.066476], [13.395785, 38.066462], [13.395853, 38.066452], [13.395949, 38.066416], [13.396045, 38.06638], [13.396134, 38.066332], [13.396177, 38.066323], [13.396288, 38.066325], [13.396309, 38.066298], [13.39633, 38.066272], [13.39644, 38.066177], [13.396564, 38.066062], [13.396755, 38.065958], [13.396905, 38.065906], [13.396922, 38.065912], [13.397039, 38.065951], [13.39709, 38.06608], [13.397249, 38.066199], [13.397518, 38.066267], [13.397759, 38.066323], [13.397835, 38.066328], [13.397893, 38.066389], [13.398039, 38.066509], [13.398348, 38.066545], [13.398672, 38.06656], [13.398874, 38.066563], [13.399093, 38.066406], [13.399153, 38.066386], [13.399239, 38.066393], [13.399288, 38.066443], [13.399241, 38.066557], [13.399151, 38.066664], [13.39911, 38.066716], [13.399005, 38.066756], [13.398869, 38.066787], [13.39872, 38.066838], [13.39849, 38.066856], [13.398274, 38.066853], [13.398273, 38.066896], [13.398286, 38.066928], [13.398473, 38.067016], [13.398688, 38.067051], [13.398863, 38.067085], [13.399049, 38.067205], [13.399263, 38.067304], [13.39949, 38.067403], [13.399757, 38.067545], [13.399915, 38.067708], [13.400129, 38.067796], [13.400395, 38.067959], [13.400417, 38.067965], [13.400427, 38.067976], [13.400521, 38.068015], [13.400615, 38.068059], [13.400702, 38.068114], [13.400817, 38.068164], [13.400987, 38.068166], [13.40119, 38.068201], [13.401311, 38.068235], [13.401383, 38.068236], [13.401527, 38.068214], [13.40155, 38.06821], [13.401617, 38.068196], [13.401645, 38.06819], [13.401765, 38.068277], [13.401764, 38.068299], [13.401771, 38.068304], [13.401855, 38.068535], [13.401913, 38.068775], [13.401963, 38.068852], [13.401947, 38.068884], [13.401954, 38.068887], [13.402032, 38.069017], [13.40222, 38.069062], [13.402476, 38.069076], [13.40261, 38.069142], [13.402836, 38.069273], [13.402888, 38.06938], [13.402778, 38.069475], [13.402601, 38.069558], [13.40261, 38.069728], [13.402593, 38.069809], [13.40258, 38.069867], [13.402577, 38.070027], [13.402737, 38.070114], [13.403036, 38.070012], [13.40303, 38.069994], [13.402998, 38.069904], [13.403416, 38.069931], [13.403645, 38.069935], [13.403888, 38.069917], [13.404128, 38.07008], [13.404569, 38.070246], [13.40481, 38.070366], [13.404887, 38.070506], [13.405023, 38.07058], [13.405048, 38.070594], [13.405091, 38.070554], [13.405199, 38.070457], [13.405271, 38.070266], [13.405463, 38.070098], [13.405606, 38.070008], [13.40565, 38.069929], [13.405693, 38.069879], [13.405762, 38.0698], [13.405798, 38.069719], [13.405835, 38.06964], [13.405838, 38.069623], [13.405856, 38.069388], [13.405875, 38.069165], [13.405764, 38.069023], [13.405649, 38.068991], [13.405543, 38.068926], [13.40553, 38.068861], [13.405613, 38.068809], [13.405703, 38.068803], [13.405817, 38.068737], [13.406047, 38.068708], [13.406275, 38.068733], [13.406353, 38.068883], [13.406368, 38.068924], [13.406404, 38.069023], [13.406408, 38.069085], [13.406414, 38.069193], [13.406329, 38.069352], [13.406117, 38.069505], [13.40611, 38.069509], [13.406106, 38.069526], [13.40608, 38.069637], [13.406224, 38.069842], [13.406179, 38.070054], [13.406011, 38.070329], [13.405831, 38.070572], [13.405741, 38.070785], [13.40572, 38.070834], [13.40573, 38.070848], [13.40566, 38.070975], [13.405631, 38.071082], [13.405656, 38.071135], [13.405708, 38.071243], [13.405733, 38.071339], [13.405691, 38.071402], [13.405649, 38.071477], [13.405513, 38.071507], [13.405297, 38.071514], [13.405266, 38.071514], [13.405246, 38.071517], [13.405166, 38.071572], [13.404907, 38.071621], [13.404649, 38.071627], [13.404424, 38.071632], [13.404203, 38.071479], [13.403971, 38.071307], [13.403773, 38.071145], [13.403552, 38.070991], [13.403284, 38.070736], [13.403143, 38.070685], [13.402886, 38.070692], [13.40275, 38.070765], [13.402666, 38.070871], [13.402488, 38.070996], [13.402354, 38.070952], [13.402223, 38.070769], [13.402212, 38.070662], [13.402283, 38.070513], [13.402285, 38.070506], [13.402273, 38.070477], [13.402298, 38.070389], [13.4023, 38.070385], [13.402368, 38.070333], [13.40237, 38.070248], [13.402384, 38.070216], [13.402318, 38.070151], [13.402258, 38.070122], [13.402171, 38.07005], [13.40212, 38.070029], [13.402118, 38.070031], [13.401994, 38.070125], [13.401886, 38.070135], [13.401824, 38.070068], [13.4018, 38.070063], [13.401712, 38.069982], [13.401614, 38.069857], [13.401539, 38.069705], [13.401486, 38.069536], [13.401501, 38.069394], [13.401492, 38.069279], [13.401552, 38.069084], [13.401578, 38.068925], [13.401548, 38.068765], [13.401484, 38.068631], [13.401453, 38.068516], [13.401364, 38.068443], [13.401253, 38.068398], [13.401063, 38.068395], [13.400938, 38.068438], [13.400858, 38.068516], [13.400745, 38.068577], [13.400543, 38.068556], [13.400332, 38.068483], [13.39982, 38.068289], [13.399675, 38.068252], [13.399565, 38.06818], [13.399376, 38.068088], [13.399277, 38.068007], [13.399154, 38.06797], [13.398976, 38.067906], [13.398867, 38.06778], [13.398813, 38.067673], [13.398871, 38.067576], [13.398806, 38.067495], [13.398651, 38.067405], [13.398636, 38.067373], [13.398627, 38.06737], [13.398454, 38.067272], [13.398307, 38.067184], [13.398174, 38.067108], [13.398039, 38.067085], [13.39806, 38.067214], [13.398063, 38.067234], [13.39808, 38.067258], [13.398155, 38.067364], [13.398219, 38.067524], [13.398284, 38.067621], [13.398377, 38.067687], [13.398536, 38.067838], [13.398437, 38.068029], [13.398207, 38.068068], [13.397977, 38.068087], [13.39783, 38.06801], [13.397723, 38.067966], [13.397549, 38.06791], [13.39732, 38.067918], [13.397212, 38.067916], [13.397116, 38.067989], [13.397073, 38.068074], [13.397124, 38.068235], [13.397132, 38.06826], [13.39714, 38.068271], [13.397216, 38.068378], [13.397291, 38.06853], [13.397307, 38.068585], [13.397357, 38.068665], [13.397545, 38.06871], [13.397693, 38.068723], [13.397703, 38.068904], [13.3977, 38.069043], [13.397882, 38.069123], [13.3979, 38.069131], [13.397906, 38.069175], [13.397912, 38.069216], [13.39775, 38.069275], [13.397735, 38.069281], [13.397599, 38.069332], [13.397476, 38.06933], [13.397274, 38.06931], [13.397095, 38.069307], [13.396882, 38.069304], [13.39668, 38.069319], [13.396444, 38.069325], [13.396242, 38.069322], [13.395941, 38.069247], [13.395807, 38.069219], [13.39573, 38.069147], [13.395743, 38.069076], [13.395822, 38.069068], [13.395979, 38.069053], [13.396136, 38.069055], [13.396284, 38.068977], [13.396498, 38.068909], [13.396568, 38.068804], [13.396659, 38.068725], [13.39675, 38.068682], [13.396885, 38.068675], [13.396996, 38.068712], [13.397043, 38.068633], [13.397023, 38.068482], [13.396981, 38.068357], [13.396859, 38.068302], [13.396795, 38.06816], [13.396743, 38.067964], [13.396599, 38.067873], [13.396433, 38.067791], [13.396277, 38.067736], [13.396201, 38.067735], [13.395946, 38.067781], [13.395755, 38.067875], [13.395604, 38.06799], [13.395494, 38.068117], [13.395505, 38.068202], [13.395409, 38.068265], [13.395219, 38.068326], [13.394897, 38.068237], [13.394643, 38.068137], [13.394374, 38.068112], [13.394371, 38.068229], [13.394607, 38.068553], [13.394644, 38.068588], [13.39481, 38.068664], [13.394815, 38.068672], [13.394834, 38.068673], [13.395007, 38.068761], [13.395111, 38.068933], [13.395081, 38.069092], [13.394986, 38.069134], [13.394996, 38.069262], [13.395114, 38.069413], [13.395463, 38.069514], [13.395813, 38.069551], [13.396133, 38.069726], [13.396244, 38.069853], [13.396386, 38.069936], [13.396587, 38.069992], [13.39681, 38.070013], [13.396956, 38.070024], [13.397215, 38.069992], [13.397394, 38.070003], [13.397505, 38.07004], [13.397637, 38.070148], [13.397725, 38.070229], [13.397824, 38.070337], [13.397913, 38.070391], [13.39808, 38.070447], [13.398236, 38.070476], [13.39837, 38.070477], [13.398482, 38.070505], [13.398626, 38.070587], [13.398726, 38.070624], [13.398895, 38.0706], [13.399064, 38.070575], [13.399311, 38.07057], [13.399433, 38.070625], [13.399476, 38.070696], [13.399465, 38.070742], [13.399498, 38.070753], [13.399427, 38.070901], [13.399425, 38.071008], [13.399474, 38.071222], [13.399619, 38.071363], [13.399749, 38.071599], [13.399702, 38.071704], [13.399756, 38.071737], [13.399957, 38.071802], [13.400203, 38.071841], [13.40046, 38.071862], [13.400662, 38.071847], [13.400931, 38.071878], [13.401053, 38.071915], [13.401052, 38.071959], [13.400984, 38.072011], [13.400849, 38.072018], [13.400647, 38.072016], [13.400333, 38.072011], [13.40011, 38.072008], [13.399996, 38.07204], [13.399751, 38.072122], [13.399387, 38.072128], [13.399078, 38.072059], [13.399, 38.071909], [13.398874, 38.071814], [13.398828, 38.071779], [13.398756, 38.071755], [13.398627, 38.071712], [13.398606, 38.071698], [13.39844, 38.071592], [13.39828, 38.071526], [13.398275, 38.071525], [13.398038, 38.07148], [13.397944, 38.071446], [13.397959, 38.071383], [13.398082, 38.071331], [13.398244, 38.071333], [13.398447, 38.071304], [13.398623, 38.071264], [13.398666, 38.071158], [13.398655, 38.071051], [13.398629, 38.070986], [13.398564, 38.070858], [13.398446, 38.070805], [13.398329, 38.070774], [13.398214, 38.070821], [13.398038, 38.070872], [13.397795, 38.070868], [13.39769, 38.070718], [13.397422, 38.070661], [13.397218, 38.070711], [13.397043, 38.070709], [13.396855, 38.070674], [13.396627, 38.070607], [13.396412, 38.07054], [13.396306, 38.070443], [13.396255, 38.070325], [13.396148, 38.070259], [13.395986, 38.070289], [13.395756, 38.070318], [13.395419, 38.070292], [13.395137, 38.070213], [13.394937, 38.070125], [13.394641, 38.070068], [13.394456, 38.070016], [13.394455, 38.070016], [13.394142, 38.069959], [13.393909, 38.069849], [13.393709, 38.069758], [13.39323, 38.069618], [13.393168, 38.069609], [13.39314, 38.069599], [13.392994, 38.069512], [13.392902, 38.069372], [13.392781, 38.06937], [13.392659, 38.069369], [13.39259, 38.069453], [13.392547, 38.069591], [13.39257, 38.069752], [13.392716, 38.069871], [13.392988, 38.069905], [13.393022, 38.069926], [13.393221, 38.070044], [13.393376, 38.070152], [13.39362, 38.070262], [13.393797, 38.070362], [13.394051, 38.070534], [13.394362, 38.070671], [13.394528, 38.07078], [13.394649, 38.070897], [13.39487, 38.071041], [13.395114, 38.071195], [13.395301, 38.071331], [13.395411, 38.071457], [13.395541, 38.071599], [13.395647, 38.071607], [13.395768, 38.07163], [13.396051, 38.071623], [13.396226, 38.071636], [13.396402, 38.071617], [13.396457, 38.071576], [13.396609, 38.071418], [13.396796, 38.071484], [13.396794, 38.07158], [13.396603, 38.071695], [13.396655, 38.071792], [13.396654, 38.071845], [13.396544, 38.071907], [13.396434, 38.072034], [13.396311, 38.072096], [13.396265, 38.072093], [13.39608, 38.072178], [13.395862, 38.072261], [13.395618, 38.072289], [13.395404, 38.072201], [13.395285, 38.072104], [13.395274, 38.071997], [13.395183, 38.071825], [13.395118, 38.071728], [13.394904, 38.071629], [13.39492, 38.071602], [13.394847, 38.071573], [13.394456, 38.071514], [13.394271, 38.07146], [13.394207, 38.071427], [13.393926, 38.071317], [13.393616, 38.071291], [13.39336, 38.071256], [13.393092, 38.071188], [13.392757, 38.071088], [13.392539, 38.071181], [13.392429, 38.071275], [13.392386, 38.071403], [13.392449, 38.071585], [13.392529, 38.07165], [13.392634, 38.071769], [13.392673, 38.071855], [13.392873, 38.071943], [13.393007, 38.072008], [13.393101, 38.07201], [13.39329, 38.071991], [13.393505, 38.072037], [13.393538, 38.072045], [13.393647, 38.072097], [13.393802, 38.072206], [13.394001, 38.072315], [13.394202, 38.07238], [13.394369, 38.072435], [13.394525, 38.072446], [13.394558, 38.0725], [13.394556, 38.072506], [13.39464, 38.072617], [13.394542, 38.072766], [13.394187, 38.072963], [13.393941, 38.073099], [13.393683, 38.07317], [13.393443, 38.073039], [13.393134, 38.072981], [13.392879, 38.072903], [13.392793, 38.07276], [13.392791, 38.072757], [13.392788, 38.072752], [13.39279, 38.072751], [13.392771, 38.072653], [13.392752, 38.072529], [13.392732, 38.072386], [13.392713, 38.072218], [13.392648, 38.072119], [13.39247, 38.072046], [13.392236, 38.071981], [13.392102, 38.071979], [13.392056, 38.072031], [13.392054, 38.07212], [13.392074, 38.072227], [13.392049, 38.072359], [13.392034, 38.072536], [13.391986, 38.072678], [13.391903, 38.072854], [13.391844, 38.072929], [13.391824, 38.073016], [13.391644, 38.073227], [13.391424, 38.073395], [13.391247, 38.073478], [13.391005, 38.073443], [13.39086, 38.073291], [13.390904, 38.073121], [13.390924, 38.073088], [13.39096, 38.073026], [13.390946, 38.07301], [13.390842, 38.072886], [13.390829, 38.072853], [13.390833, 38.072683], [13.390835, 38.072565], [13.390836, 38.072523], [13.390772, 38.072373], [13.390802, 38.072234], [13.390819, 38.072053], [13.390822, 38.072052], [13.390942, 38.07198], [13.390985, 38.071863], [13.390974, 38.071778], [13.390814, 38.071701], [13.390664, 38.071774], [13.390612, 38.071837], [13.390553, 38.071911], [13.39035, 38.07194], [13.390174, 38.071927], [13.390008, 38.071769], [13.389997, 38.071751], [13.389938, 38.071646], [13.389931, 38.071616], [13.389865, 38.071283], [13.389895, 38.071134], [13.389928, 38.070857], [13.38992, 38.070611], [13.389903, 38.070581], [13.389868, 38.070536], [13.38979, 38.070396], [13.389711, 38.070288], [13.389661, 38.070128], [13.38961, 38.069978], [13.389599, 38.069839], [13.38959, 38.069668], [13.389602, 38.069654], [13.389586, 38.069568]]]}, "properties": {"pai_nmr": "038", "bacino": "Area tra F. Eleuterio e F. Oreto", "provincia": "PA", "comune": "Palermo", "localita": "Monte Grifone", "sigla": "038-6PM-006", "pericolo": "n.c.", "n_dsg": 4, "data_dsg": "2026-01-09", "ngurs_dsg": 4, "dgurs_dsg": "2026-01-23", "cls_dissesti_attivita": "Attivo", "col_dissesti_attivita": "#ff0000", "bor_dissesti_attivita": "#000000", "cls_dissesti_tipologia": "Crollo e/o ribaltamento", "col_dissesti_tipologia": "#000000", "bor_dissesti_tipologia": "#000000", "pat_dissesti_tipologia": "pai-dissesti_tipologia-0", "sup_ha": 38.0539}}, {"type": "Feature", "geometry": {"type": "Polygon", "coordinates": [[[13.388781, 38.0857], [13.38878, 38.085701], [13.388683, 38.085743], [13.38854, 38.085769], [13.388419, 38.085776], [13.388384, 38.085739], [13.388411, 38.085663], [13.388412, 38.085619], [13.388383, 38.085543], [13.388333, 38.085518], [13.388278, 38.085485], [13.388188, 38.085448], [13.388172, 38.085447], [13.388081, 38.085438], [13.388046, 38.085455], [13.387993, 38.08548], [13.387989, 38.085481], [13.387957, 38.085545], [13.387958, 38.085546], [13.387894, 38.085671], [13.387928, 38.085858], [13.387935, 38.085874], [13.387932, 38.086005], [13.387718, 38.086121], [13.38749, 38.086214], [13.387354, 38.086265], [13.387228, 38.086348], [13.387086, 38.086441], [13.387077, 38.08647], [13.387056, 38.08672], [13.386992, 38.086922], [13.386777, 38.087098], [13.386547, 38.087226], [13.386154, 38.087268], [13.385883, 38.087276], [13.385851, 38.087263], [13.385831, 38.087284], [13.385702, 38.087274], [13.385614, 38.087255], [13.385582, 38.087248], [13.385553, 38.087188], [13.385614, 38.087142], [13.385767, 38.08706], [13.385792, 38.087047], [13.38595, 38.086967], [13.386059, 38.086814], [13.386062, 38.086671], [13.386096, 38.086504], [13.386282, 38.086245], [13.386422, 38.086068], [13.386666, 38.085952], [13.386879, 38.085871], [13.387274, 38.085722], [13.38749, 38.08551], [13.387554, 38.085332], [13.387712, 38.085024], [13.387837, 38.084812], [13.387858, 38.084538], [13.387879, 38.084299], [13.388005, 38.084051], [13.388024, 38.083959], [13.388015, 38.083947], [13.388032, 38.08386], [13.388017, 38.083823], [13.38802, 38.083679], [13.387984, 38.083516], [13.387962, 38.083434], [13.387933, 38.08334], [13.387934, 38.083265], [13.387928, 38.083196], [13.387929, 38.083157], [13.388014, 38.082954], [13.388183, 38.082813], [13.38832, 38.082765], [13.38838, 38.082756], [13.38839, 38.08274], [13.388408, 38.082712], [13.388442, 38.082655], [13.388504, 38.082627], [13.388446, 38.082495], [13.388417, 38.082367], [13.388405, 38.082316], [13.388412, 38.082272], [13.388423, 38.082197], [13.388424, 38.082137], [13.388396, 38.082114], [13.388395, 38.082101], [13.388217, 38.081932], [13.388158, 38.081883], [13.387889, 38.08176], [13.387564, 38.081446], [13.387508, 38.081266], [13.387468, 38.081064], [13.387454, 38.080991], [13.387447, 38.080958], [13.387492, 38.080874], [13.387637, 38.080798], [13.387782, 38.08073], [13.387872, 38.080661], [13.387951, 38.080592], [13.388063, 38.080541], [13.388043, 38.080428], [13.387923, 38.080365], [13.387759, 38.080293], [13.387572, 38.080229], [13.387474, 38.080166], [13.387466, 38.080053], [13.387589, 38.079976], [13.387723, 38.079958], [13.387935, 38.079975], [13.388, 38.079901], [13.388034, 38.079801], [13.388151, 38.079761], [13.388269, 38.079646], [13.388293, 38.079521], [13.388336, 38.079447], [13.388342, 38.079416], [13.388358, 38.079356], [13.388392, 38.07926], [13.388445, 38.079206], [13.38848, 38.079174], [13.388548, 38.079162], [13.388612, 38.079155], [13.388659, 38.079136], [13.388675, 38.07913], [13.388678, 38.079123], [13.388685, 38.07911], [13.388689, 38.079089], [13.388685, 38.079077], [13.388666, 38.079059], [13.388618, 38.079049], [13.38857, 38.079051], [13.38852, 38.079033], [13.388469, 38.079016], [13.388434, 38.079], [13.388373, 38.078982], [13.388338, 38.078966], [13.388337, 38.078964], [13.388337, 38.078964], [13.388297, 38.078871], [13.388268, 38.078754], [13.388239, 38.078621], [13.388189, 38.078495], [13.388172, 38.078473], [13.387994, 38.078352], [13.387739, 38.078289], [13.387668, 38.078097], [13.387777, 38.077967], [13.387789, 38.07792], [13.38781, 38.077837], [13.387734, 38.077809], [13.387675, 38.077787], [13.387544, 38.077547], [13.387596, 38.077238], [13.387676, 38.077072], [13.387966, 38.076897], [13.38813, 38.07671], [13.388152, 38.076685], [13.388117, 38.076593], [13.38811, 38.076575], [13.387896, 38.076458], [13.387771, 38.076398], [13.387593, 38.076337], [13.387342, 38.076259], [13.387156, 38.076159], [13.386976, 38.076137], [13.386914, 38.076061], [13.386896, 38.075944], [13.38672, 38.075767], [13.386565, 38.07564], [13.38652, 38.075297], [13.386524, 38.075114], [13.386571, 38.074882], [13.386679, 38.074758], [13.386706, 38.074508], [13.386648, 38.074258], [13.386464, 38.074022], [13.386405, 38.073821], [13.386473, 38.073597], [13.386654, 38.073525], [13.386766, 38.073701], [13.387025, 38.073896], [13.387234, 38.073974], [13.387267, 38.074001], [13.387296, 38.074058], [13.387291, 38.074267], [13.387361, 38.074426], [13.387469, 38.074554], [13.387463, 38.074654], [13.387458, 38.074846], [13.387377, 38.075046], [13.387314, 38.075122], [13.38731, 38.0753], [13.387379, 38.075518], [13.387631, 38.075571], [13.387812, 38.075507], [13.388097, 38.075461], [13.388351, 38.075423], [13.388479, 38.075383], [13.388713, 38.075286], [13.388893, 38.07523], [13.389009, 38.075248], [13.389164, 38.07535], [13.389183, 38.075476], [13.389148, 38.075617], [13.389104, 38.075683], [13.389081, 38.075783], [13.389014, 38.075948], [13.388812, 38.076021], [13.388569, 38.076051], [13.388373, 38.076009], [13.388275, 38.07603], [13.388073, 38.076094], [13.388008, 38.076184], [13.388102, 38.076227], [13.388268, 38.076346], [13.388278, 38.076363], [13.38837, 38.076481], [13.388365, 38.076723], [13.388478, 38.076849], [13.388689, 38.07686], [13.388984, 38.076831], [13.389355, 38.076761], [13.389439, 38.076738], [13.389504, 38.076688], [13.389579, 38.076656], [13.389644, 38.076565], [13.38971, 38.076424], [13.389838, 38.07636], [13.389965, 38.076328], [13.390071, 38.076321], [13.390155, 38.076331], [13.390228, 38.076357], [13.39028, 38.076407], [13.390331, 38.076458], [13.390308, 38.076574], [13.390284, 38.076682], [13.390209, 38.07674], [13.39006, 38.076821], [13.389906, 38.076861], [13.389816, 38.076893], [13.389561, 38.076972], [13.389296, 38.077027], [13.388979, 38.077073], [13.388833, 38.077097], [13.388737, 38.077078], [13.388546, 38.077108], [13.388517, 38.077131], [13.388488, 38.077178], [13.388501, 38.07725], [13.388604, 38.077371], [13.388632, 38.077455], [13.38854, 38.077525], [13.388375, 38.077523], [13.388362, 38.077522], [13.388224, 38.077521], [13.388025, 38.077661], [13.388023, 38.077756], [13.388155, 38.077901], [13.388412, 38.077869], [13.388541, 38.07782], [13.388667, 38.077944], [13.388665, 38.078027], [13.388736, 38.078243], [13.388902, 38.078245], [13.389101, 38.078093], [13.389401, 38.077974], [13.389512, 38.077975], [13.389655, 38.077995], [13.389792, 38.078051], [13.389812, 38.078051], [13.390086, 38.078013], [13.390171, 38.077997], [13.390297, 38.078041], [13.390336, 38.078175], [13.390408, 38.078251], [13.390662, 38.078204], [13.3908, 38.078156], [13.391034, 38.078059], [13.391277, 38.078054], [13.391498, 38.078057], [13.391792, 38.078111], [13.391833, 38.07817], [13.391957, 38.078288], [13.39196, 38.078304], [13.391991, 38.078315], [13.392, 38.078411], [13.391948, 38.078503], [13.391957, 38.078525], [13.391892, 38.078727], [13.391601, 38.078962], [13.391191, 38.079075], [13.390826, 38.079225], [13.39046, 38.079399], [13.390426, 38.079566], [13.390435, 38.07984], [13.390426, 38.079953], [13.390432, 38.079971], [13.39046, 38.080102], [13.390367, 38.080197], [13.390245, 38.080266], [13.390152, 38.080329], [13.390107, 38.08036], [13.39006, 38.080455], [13.390065, 38.080469], [13.390092, 38.080537], [13.390117, 38.080599], [13.390165, 38.080664], [13.390205, 38.080719], [13.390112, 38.080837], [13.390035, 38.080907], [13.389821, 38.081024], [13.38967, 38.081022], [13.389593, 38.080979], [13.389566, 38.080984], [13.389449, 38.080792], [13.389365, 38.080737], [13.3893, 38.080695], [13.389061, 38.080584], [13.388928, 38.080475], [13.38867, 38.080531], [13.388607, 38.080685], [13.388679, 38.080841], [13.388931, 38.081023], [13.389112, 38.081083], [13.389231, 38.081123], [13.389485, 38.081222], [13.389599, 38.081533], [13.389655, 38.081713], [13.389696, 38.081892], [13.389587, 38.082082], [13.389448, 38.082223], [13.3894, 38.082363], [13.389399, 38.082365], [13.389401, 38.082366], [13.389578, 38.082499], [13.389695, 38.082631], [13.389602, 38.082761], [13.389417, 38.082949], [13.389323, 38.083091], [13.389305, 38.08321], [13.389296, 38.083269], [13.389339, 38.083302], [13.389525, 38.083401], [13.3897, 38.083482], [13.389964, 38.083573], [13.390027, 38.083601], [13.390036, 38.083602], [13.390042, 38.083608], [13.390154, 38.083711], [13.390152, 38.083818], [13.39015, 38.083824], [13.390119, 38.083925], [13.390088, 38.083984], [13.389906, 38.084029], [13.389881, 38.084027], [13.389835, 38.084023], [13.389755, 38.084015], [13.389727, 38.083955], [13.389636, 38.083827], [13.389634, 38.083825], [13.389609, 38.083811], [13.389278, 38.083782], [13.38902, 38.08385], [13.388909, 38.084111], [13.388962, 38.084343], [13.388964, 38.08435], [13.388961, 38.084488], [13.388959, 38.084553], [13.388819, 38.084765], [13.38874, 38.084919], [13.388935, 38.084982], [13.388991, 38.085161], [13.388975, 38.08526], [13.388952, 38.085282], [13.388889, 38.085377], [13.388857, 38.085485], [13.388867, 38.085506], [13.388871, 38.085513], [13.388962, 38.085527], [13.389073, 38.08554], [13.389134, 38.085549], [13.389138, 38.085581], [13.389091, 38.085617], [13.389005, 38.085644], [13.388913, 38.085658], [13.388852, 38.085662], [13.388781, 38.0857]]]}, "properties": {"pai_nmr": "038", "bacino": "Area tra F. Eleuterio e F. Oreto", "provincia": "PA", "comune": "Palermo", "localita": "Pizzo Crocchio", "sigla": "038-6PM-008", "pericolo": "n.c.", "n_dsg": 4, "data_dsg": "2026-01-09", "ngurs_dsg": 4, "dgurs_dsg": "2026-01-23", "cls_dissesti_attivita": "Attivo", "col_dissesti_attivita": "#ff0000", "bor_dissesti_attivita": "#000000", "cls_dissesti_tipologia": "Crollo e/o ribaltamento", "col_dissesti_tipologia": "#000000", "bor_dissesti_tipologia": "#000000", "pat_dissesti_tipologia": "pai-dissesti_tipologia-0", "sup_ha": 20.3232}}, {"type": "Feature", "geometry": {"type": "Polygon", "coordinates": [[[13.405073, 38.060421], [13.405094, 38.060367], [13.405101, 38.060349], [13.405247, 38.060207], [13.405365, 38.060147], [13.40537, 38.060147], [13.405483, 38.060149], [13.40556, 38.06016], [13.405638, 38.060202], [13.405702, 38.060244], [13.405724, 38.06032], [13.405739, 38.060327], [13.405735, 38.060523], [13.405678, 38.060717], [13.405924, 38.060803], [13.406107, 38.060785], [13.406275, 38.060839], [13.406428, 38.060985], [13.406489, 38.061171], [13.406473, 38.061315], [13.406598, 38.061522], [13.406803, 38.06168], [13.406916, 38.061866], [13.406885, 38.062123], [13.406855, 38.062173], [13.406763, 38.062327], [13.406877, 38.062463], [13.407084, 38.062527], [13.407088, 38.06253], [13.407106, 38.062713], [13.407, 38.062814], [13.40667, 38.063016], [13.406319, 38.06299], [13.406022, 38.062863], [13.405868, 38.062789], [13.405727, 38.062663], [13.405467, 38.06268], [13.405385, 38.062865], [13.405384, 38.062895], [13.405483, 38.063113], [13.405725, 38.063374], [13.405682, 38.063548], [13.405588, 38.063681], [13.40525, 38.063686], [13.405032, 38.063498], [13.40484, 38.063362], [13.404706, 38.063299], [13.404634, 38.063266], [13.404578, 38.06342], [13.404586, 38.063687], [13.404624, 38.063724], [13.404619, 38.063757], [13.404536, 38.063932], [13.404436, 38.0641], [13.404416, 38.064283], [13.404477, 38.06441], [13.404611, 38.064512], [13.404744, 38.064615], [13.404916, 38.06473], [13.404891, 38.064793], [13.40495, 38.064876], [13.404792, 38.064967], [13.404491, 38.065045], [13.404165, 38.065061], [13.403827, 38.065056], [13.40355, 38.065197], [13.403559, 38.065333], [13.403562, 38.065343], [13.403593, 38.065483], [13.403686, 38.065581], [13.403786, 38.065695], [13.403878, 38.06582], [13.403978, 38.06594], [13.404187, 38.066049], [13.404311, 38.066189], [13.404524, 38.066287], [13.404668, 38.06627], [13.404789, 38.066183], [13.404823, 38.066096], [13.404875, 38.066056], [13.404928, 38.065915], [13.405033, 38.065855], [13.405254, 38.065868], [13.405409, 38.065943], [13.405498, 38.066047], [13.405572, 38.066243], [13.405874, 38.066114], [13.405964, 38.066104], [13.406122, 38.066086], [13.406253, 38.066095], [13.406317, 38.066099], [13.406321, 38.066109], [13.40636, 38.066117], [13.406477, 38.066231], [13.406514, 38.066377], [13.406518, 38.066559], [13.406444, 38.066659], [13.406289, 38.066808], [13.406166, 38.066958], [13.406098, 38.067196], [13.406088, 38.067637], [13.406076, 38.067897], [13.406082, 38.067938], [13.406179, 38.068269], [13.406384, 38.068416], [13.406223, 38.068599], [13.405899, 38.068553], [13.405666, 38.068468], [13.405631, 38.068313], [13.405661, 38.068138], [13.405666, 38.067912], [13.405696, 38.067727], [13.405704, 38.067601], [13.405715, 38.067449], [13.405688, 38.067388], [13.405603, 38.067191], [13.405371, 38.067105], [13.405296, 38.06696], [13.405314, 38.066913], [13.405337, 38.066858], [13.405546, 38.066799], [13.405704, 38.066739], [13.405679, 38.066708], [13.405536, 38.066675], [13.405352, 38.066755], [13.405234, 38.066815], [13.405153, 38.066805], [13.404948, 38.06678], [13.404912, 38.066765], [13.404857, 38.066759], [13.404651, 38.066663], [13.404651, 38.066658], [13.404653, 38.066581], [13.404694, 38.066489], [13.404676, 38.066454], [13.404656, 38.066416], [13.404591, 38.066426], [13.404435, 38.066413], [13.404241, 38.06638], [13.40392, 38.066169], [13.403859, 38.066068], [13.403714, 38.065964], [13.403387, 38.065631], [13.403193, 38.065436], [13.40308, 38.065213], [13.403083, 38.065113], [13.403111, 38.065035], [13.403204, 38.06495], [13.403305, 38.064845], [13.403441, 38.06476], [13.403534, 38.064752], [13.403663, 38.064796], [13.403764, 38.064819], [13.403906, 38.064832], [13.404036, 38.064823], [13.404131, 38.064819], [13.404199, 38.064825], [13.404321, 38.064832], [13.404382, 38.064828], [13.404404, 38.06478], [13.404391, 38.064715], [13.404291, 38.064655], [13.40417, 38.064588], [13.40407, 38.064512], [13.404037, 38.064447], [13.404016, 38.06441], [13.404012, 38.064333], [13.403981, 38.064083], [13.404, 38.063968], [13.404023, 38.063861], [13.403998, 38.06377], [13.403912, 38.063645], [13.403846, 38.063563], [13.403745, 38.063524], [13.403598, 38.063415], [13.40362, 38.063319], [13.403711, 38.063175], [13.403945, 38.063044], [13.403995, 38.062937], [13.404079, 38.062825], [13.40428, 38.062661], [13.404336, 38.062576], [13.40434, 38.062528], [13.40426, 38.062438], [13.404118, 38.062336], [13.403914, 38.062162], [13.403541, 38.061878], [13.403519, 38.061814], [13.403494, 38.061799], [13.40347, 38.061706], [13.403643, 38.061523], [13.403866, 38.061434], [13.404038, 38.061344], [13.404062, 38.061337], [13.404234, 38.061295], [13.404459, 38.061112], [13.404525, 38.061072], [13.404545, 38.061007], [13.404553, 38.06098], [13.404452, 38.060834], [13.40418, 38.060759], [13.404222, 38.060656], [13.40447, 38.060608], [13.40464, 38.06058], [13.40481, 38.060531], [13.405006, 38.060502], [13.405073, 38.060421]]]}, "properties": {"pai_nmr": "038", "bacino": "Area tra F. Eleuterio e F. Oreto", "provincia": "PA", "comune": "Palermo", "localita": "Ovest Valle del Porco", "sigla": "038-6PM-005", "pericolo": "n.c.", "n_dsg": 4, "data_dsg": "2026-01-09", "ngurs_dsg": 4, "dgurs_dsg": "2026-01-23", "cls_dissesti_attivita": "Attivo", "col_dissesti_attivita": "#ff0000", "bor_dissesti_attivita": "#000000", "cls_dissesti_tipologia": "Crollo e/o ribaltamento", "col_dissesti_tipologia": "#000000", "bor_dissesti_tipologia": "#000000", "pat_dissesti_tipologia": "pai-dissesti_tipologia-0", "sup_ha": 10.904}}, {"type": "Feature", "geometry": {"type": "Polygon", "coordinates": [[[13.40676, 38.059586], [13.406894, 38.05954], [13.406949, 38.059598], [13.406989, 38.059631], [13.407043, 38.059642], [13.407145, 38.059649], [13.407212, 38.059666], [13.407314, 38.059678], [13.407388, 38.0597], [13.407449, 38.059723], [13.407523, 38.059756], [13.40757, 38.059784], [13.407624, 38.059795], [13.407692, 38.059812], [13.4078, 38.059813], [13.407859, 38.059804], [13.407891, 38.059869], [13.407993, 38.060033], [13.408091, 38.060148], [13.408138, 38.060254], [13.408136, 38.060381], [13.408072, 38.060486], [13.407966, 38.060542], [13.407795, 38.060487], [13.407514, 38.060356], [13.407295, 38.060256], [13.407168, 38.060193], [13.407003, 38.060134], [13.4068, 38.060017], [13.406697, 38.059919], [13.406684, 38.059774], [13.40676, 38.059586]]]}, "properties": {"pai_nmr": "038", "bacino": "Area tra F. Eleuterio e F. Oreto", "provincia": "PA", "comune": "Palermo", "altri_comu": "Belmonte Mezzagno", "localita": "Sud Valle del Porco", "sigla": "038-6PM-004", "n_dpr": 278, "data_dpr": "2005-10-27", "pericolo": "n.c.", "ngurs": "56", "dgurs": "2005-12-23", "cls_dissesti_attivita": "Attivo", "col_dissesti_attivita": "#ff0000", "bor_dissesti_attivita": "#000000", "cls_dissesti_tipologia": "Crollo e/o ribaltamento", "col_dissesti_tipologia": "#000000", "bor_dissesti_tipologia": "#000000", "pat_dissesti_tipologia": "pai-dissesti_tipologia-0", "sup_ha": 0.7542}}, {"type": "Feature", "geometry": {"type": "Polygon", "coordinates": [[[13.415976, 38.060129], [13.416089, 38.060128], [13.416206, 38.060165], [13.416446, 38.060228], [13.41661, 38.060337], [13.416667, 38.060481], [13.416632, 38.060707], [13.416508, 38.060873], [13.416399, 38.061038], [13.416486, 38.061158], [13.416729, 38.061102], [13.416928, 38.060986], [13.416971, 38.06107], [13.416919, 38.061391], [13.417098, 38.061477], [13.41731, 38.06142], [13.417434, 38.061255], [13.417422, 38.061123], [13.41726, 38.060942], [13.417399, 38.060801], [13.417477, 38.060659], [13.417375, 38.060527], [13.417184, 38.060286], [13.417284, 38.06002], [13.417378, 38.059968], [13.417445, 38.059961], [13.417591, 38.059951], [13.417806, 38.05996], [13.417927, 38.060028], [13.418017, 38.060139], [13.418145, 38.060262], [13.418266, 38.060318], [13.418449, 38.060369], [13.418687, 38.060384], [13.418909, 38.060399], [13.419085, 38.060396], [13.419208, 38.060397], [13.419315, 38.060423], [13.419421, 38.060485], [13.419519, 38.060565], [13.419611, 38.060603], [13.419757, 38.060587], [13.419765, 38.060584], [13.419823, 38.060619], [13.419943, 38.060589], [13.420009, 38.060511], [13.420136, 38.060364], [13.420196, 38.060293], [13.420208, 38.060283], [13.420268, 38.060271], [13.420277, 38.060278], [13.420408, 38.060256], [13.420523, 38.060257], [13.420615, 38.060265], [13.420647, 38.060241], [13.420625, 38.060186], [13.420571, 38.060173], [13.420515, 38.060136], [13.420503, 38.060124], [13.42068, 38.060108], [13.420879, 38.060159], [13.421022, 38.060258], [13.421036, 38.060279], [13.421037, 38.060282], [13.421065, 38.060324], [13.421119, 38.060405], [13.421131, 38.060545], [13.421091, 38.060617], [13.420968, 38.060652], [13.420874, 38.060667], [13.420804, 38.060705], [13.420664, 38.060762], [13.420607, 38.060813], [13.420494, 38.060863], [13.420362, 38.060942], [13.420287, 38.061007], [13.420195, 38.061027], [13.420094, 38.060955], [13.419926, 38.060923], [13.419857, 38.060947], [13.419779, 38.060975], [13.419647, 38.06104], [13.419464, 38.061001], [13.419288, 38.060957], [13.41912, 38.06093], [13.419004, 38.060953], [13.418859, 38.06092], [13.418758, 38.060881], [13.418715, 38.060864], [13.418554, 38.060825], [13.418418, 38.060757], [13.418235, 38.0607], [13.41812, 38.060674], [13.417975, 38.06066], [13.41795, 38.060757], [13.41814, 38.060832], [13.418338, 38.060901], [13.418411, 38.06109], [13.418385, 38.061241], [13.418341, 38.061277], [13.418351, 38.061357], [13.418258, 38.061428], [13.418157, 38.061445], [13.41805, 38.06145], [13.417946, 38.061509], [13.417915, 38.061541], [13.41784, 38.061569], [13.417783, 38.06159], [13.417736, 38.061641], [13.417717, 38.061729], [13.417721, 38.061736], [13.417782, 38.061786], [13.417826, 38.061853], [13.417902, 38.061921], [13.417885, 38.061963], [13.417731, 38.062016], [13.417507, 38.062049], [13.417369, 38.062053], [13.417239, 38.062051], [13.417101, 38.062043], [13.416979, 38.062011], [13.416826, 38.061961], [13.416682, 38.061886], [13.416607, 38.061824], [13.416502, 38.061726], [13.416234, 38.06168], [13.41612, 38.061612], [13.416068, 38.061562], [13.416062, 38.061532], [13.416001, 38.061452], [13.415935, 38.06133], [13.415937, 38.061203], [13.415933, 38.061057], [13.415958, 38.060954], [13.415998, 38.060882], [13.416, 38.060779], [13.415979, 38.060675], [13.41592, 38.06059], [13.415798, 38.060546], [13.415659, 38.060568], [13.415468, 38.060559], [13.415316, 38.060497], [13.415101, 38.060463], [13.414919, 38.060394], [13.414875, 38.060296], [13.414877, 38.060193], [13.414971, 38.060104], [13.415041, 38.060056], [13.415081, 38.059972], [13.415082, 38.059952], [13.415041, 38.0599], [13.41504, 38.059899], [13.415045, 38.059874], [13.415054, 38.059795], [13.415033, 38.059722], [13.415042, 38.059712], [13.415041, 38.05971], [13.415058, 38.05965], [13.415104, 38.059632], [13.415134, 38.059669], [13.415148, 38.059712], [13.41515, 38.05976], [13.415199, 38.05987], [13.415273, 38.059998], [13.415401, 38.060085], [13.415654, 38.060113], [13.415976, 38.060129]]]}, "properties": {"pai_nmr": "038", "bacino": "Area tra F. Eleuterio e F. Oreto", "provincia": "PA", "comune": "Palermo", "localita": "Ovest Burrone e Discesa dei Mill", "sigla": "038-6PM-002", "pericolo": "n.c.", "n_dsg": 4, "data_dsg": "2026-01-09", "ngurs_dsg": 4, "dgurs_dsg": "2026-01-23", "cls_dissesti_attivita": "Attivo", "col_dissesti_attivita": "#ff0000", "bor_dissesti_attivita": "#000000", "cls_dissesti_tipologia": "Crollo e/o ribaltamento", "col_dissesti_tipologia": "#000000", "bor_dissesti_tipologia": "#000000", "pat_dissesti_tipologia": "pai-dissesti_tipologia-0", "sup_ha": 4.8529}}, {"type": "Feature", "geometry": {"type": "Polygon", "coordinates": [[[13.424132, 38.06089], [13.424227, 38.060901], [13.424232, 38.06091], [13.424265, 38.060918], [13.424309, 38.060929], [13.424354, 38.060985], [13.424384, 38.061028], [13.424384, 38.061065], [13.424375, 38.061107], [13.424313, 38.061125], [13.424227, 38.061136], [13.424212, 38.06114], [13.424165, 38.061153], [13.424087, 38.061195], [13.424086, 38.061244], [13.424132, 38.061275], [13.424137, 38.06128], [13.424168, 38.061361], [13.424183, 38.061381], [13.424175, 38.061398], [13.424203, 38.061551], [13.424161, 38.061704], [13.424028, 38.061793], [13.423857, 38.061809], [13.423702, 38.061826], [13.423569, 38.061928], [13.423428, 38.061981], [13.423425, 38.061982], [13.423174, 38.062038], [13.422875, 38.062078], [13.422632, 38.062141], [13.422437, 38.062153], [13.422289, 38.062136], [13.422287, 38.062135], [13.422173, 38.062129], [13.421996, 38.062066], [13.421774, 38.061971], [13.421575, 38.061846], [13.421433, 38.061649], [13.421416, 38.061367], [13.421567, 38.061149], [13.421754, 38.061072], [13.421811, 38.060957], [13.421815, 38.060792], [13.421817, 38.06067], [13.421865, 38.060594], [13.421967, 38.060537], [13.42213, 38.060509], [13.422164, 38.060387], [13.422142, 38.060313], [13.422144, 38.060209], [13.422169, 38.060168], [13.422192, 38.06013], [13.422211, 38.05996], [13.422213, 38.05988], [13.422312, 38.059936], [13.422333, 38.060077], [13.422344, 38.060122], [13.422361, 38.060188], [13.422376, 38.060209], [13.422414, 38.060262], [13.422419, 38.060384], [13.422354, 38.060524], [13.422332, 38.060539], [13.42226, 38.06059], [13.422259, 38.060595], [13.422142, 38.060662], [13.422046, 38.060807], [13.422004, 38.060978], [13.421923, 38.061166], [13.421874, 38.061288], [13.421878, 38.061428], [13.421961, 38.061533], [13.422135, 38.061701], [13.422451, 38.061778], [13.422536, 38.061748], [13.42255, 38.061754], [13.422779, 38.061726], [13.423208, 38.061606], [13.423281, 38.061556], [13.423509, 38.061481], [13.423658, 38.061385], [13.423753, 38.06124], [13.423811, 38.061081], [13.423945, 38.060961], [13.424024, 38.060895], [13.424132, 38.06089]]]}, "properties": {"pai_nmr": "038", "bacino": "Area tra F. Eleuterio e F. Oreto", "provincia": "PA", "comune": "Palermo", "localita": "Ovest Burrone e Discesa dei Mill", "sigla": "038-6PM-012", "pericolo": "n.c.", "n_dsg": 4, "data_dsg": "2026-01-09", "ngurs_dsg": 4, "dgurs_dsg": "2026-01-23", "cls_dissesti_attivita": "Attivo", "col_dissesti_attivita": "#ff0000", "bor_dissesti_attivita": "#000000", "cls_dissesti_tipologia": "Crollo e/o ribaltamento", "col_dissesti_tipologia": "#000000", "bor_dissesti_tipologia": "#000000", "pat_dissesti_tipologia": "pai-dissesti_tipologia-0", "sup_ha": 1.7448}}, {"type": "Feature", "geometry": {"type": "Polygon", "coordinates": [[[13.248932, 38.109614], [13.24894, 38.109613], [13.248942, 38.109614], [13.248949, 38.109613], [13.248957, 38.109611], [13.248981, 38.109605], [13.24903, 38.109605], [13.249085, 38.109593], [13.249088, 38.109593], [13.249134, 38.109604], [13.249189, 38.109618], [13.249257, 38.109619], [13.249315, 38.109628], [13.249357, 38.109644], [13.249401, 38.109683], [13.249413, 38.109729], [13.249412, 38.109798], [13.249397, 38.109873], [13.249382, 38.109934], [13.249371, 38.110003], [13.249379, 38.110067], [13.24942, 38.110142], [13.24944, 38.110227], [13.249449, 38.110276], [13.249455, 38.110307], [13.249508, 38.110382], [13.249529, 38.110439], [13.249554, 38.110493], [13.249572, 38.11056], [13.249581, 38.110596], [13.249544, 38.110652], [13.249509, 38.110624], [13.249481, 38.110554], [13.24947, 38.110534], [13.249466, 38.110532], [13.24944, 38.110494], [13.249323, 38.110367], [13.249218, 38.11027], [13.249189, 38.110237], [13.249182, 38.110182], [13.249144, 38.110113], [13.249102, 38.109989], [13.249102, 38.109968], [13.249069, 38.10987], [13.248986, 38.10979], [13.24897, 38.109781], [13.248945, 38.109774], [13.248884, 38.109744], [13.24888, 38.109738], [13.248863, 38.109709], [13.248855, 38.109695], [13.248856, 38.109659], [13.248883, 38.109629], [13.248932, 38.109614]]]}, "properties": {"pai_nmr": "039", "bacino": "F. Oreto", "provincia": "PA", "comune": "Palermo", "localita": "W di Pizzo dell'Uomo", "sigla": "039-6PM-005", "pericolo": "n.c.", "n_dsg": 4, "data_dsg": "2026-01-09", "ngurs_dsg": 4, "dgurs_dsg": "2026-01-23", "cls_dissesti_attivita": "Attivo", "col_dissesti_attivita": "#ff0000", "bor_dissesti_attivita": "#000000", "cls_dissesti_tipologia": "Crollo e/o ribaltamento", "col_dissesti_tipologia": "#000000", "bor_dissesti_tipologia": "#000000", "pat_dissesti_tipologia": "pai-dissesti_tipologia-0", "sup_ha": 0.269}}, {"type": "Feature", "geometry": {"type": "Polygon", "coordinates": [[[13.251759, 38.107893], [13.251765, 38.107936], [13.251764, 38.107937], [13.251763, 38.108015], [13.251754, 38.108107], [13.251753, 38.108161], [13.251775, 38.108254], [13.251823, 38.108342], [13.251894, 38.10847], [13.251966, 38.108554], [13.252014, 38.108585], [13.252016, 38.10859], [13.252032, 38.108608], [13.252134, 38.108736], [13.252207, 38.108776], [13.25231, 38.108836], [13.25237, 38.10892], [13.252368, 38.109008], [13.252363, 38.109048], [13.252437, 38.10926], [13.252487, 38.109447], [13.252448, 38.109561], [13.252439, 38.109578], [13.252326, 38.109494], [13.252274, 38.109333], [13.252221, 38.109215], [13.252187, 38.109112], [13.252151, 38.109034], [13.252085, 38.10897], [13.251965, 38.108846], [13.251956, 38.108832], [13.251876, 38.108708], [13.25178, 38.108561], [13.251667, 38.108418], [13.25159, 38.10827], [13.251555, 38.108172], [13.251546, 38.10805], [13.251487, 38.107952], [13.251464, 38.107854], [13.251545, 38.107826], [13.251613, 38.107832], [13.251674, 38.107848], [13.251759, 38.107893], [13.251759, 38.107893]]]}, "properties": {"pai_nmr": "039", "bacino": "F. Oreto", "provincia": "PA", "comune": "Palermo", "localita": "Pizzo dell'Uomo", "sigla": "039-6PM-002", "pericolo": "n.c.", "n_dsg": 4, "data_dsg": "2026-01-09", "ngurs_dsg": 4, "dgurs_dsg": "2026-01-23", "cls_dissesti_attivita": "Attivo", "col_dissesti_attivita": "#ff0000", "bor_dissesti_attivita": "#000000", "cls_dissesti_tipologia": "Crollo e/o ribaltamento", "col_dissesti_tipologia": "#000000", "bor_dissesti_tipologia": "#000000", "pat_dissesti_tipologia": "pai-dissesti_tipologia-0", "sup_ha": 0.3673}}, {"type": "Feature", "geometry": {"type": "Polygon", "coordinates": [[[13.254465, 38.110715], [13.254541, 38.110679], [13.254559, 38.110652], [13.254577, 38.110601], [13.254588, 38.11056], [13.2546, 38.11052], [13.254583, 38.110484], [13.254547, 38.11044], [13.254538, 38.110435], [13.254526, 38.110429], [13.254459, 38.11039], [13.254439, 38.110349], [13.254451, 38.110332], [13.25446, 38.110317], [13.254485, 38.110288], [13.254523, 38.110267], [13.254551, 38.110256], [13.254613, 38.110252], [13.254633, 38.110273], [13.254644, 38.110284], [13.25465, 38.11029], [13.25466, 38.110301], [13.254683, 38.110329], [13.254723, 38.110367], [13.254753, 38.110416], [13.254758, 38.11046], [13.254767, 38.110477], [13.25475, 38.110577], [13.254752, 38.11059], [13.254744, 38.110638], [13.254705, 38.110681], [13.25466, 38.110735], [13.254618, 38.110772], [13.254555, 38.110804], [13.254512, 38.11082], [13.254486, 38.11083], [13.254428, 38.110832], [13.254397, 38.110812], [13.254395, 38.110769], [13.254419, 38.110737], [13.254446, 38.110721], [13.254461, 38.110713], [13.254465, 38.110715]]]}, "properties": {"pai_nmr": "039", "bacino": "F. Oreto", "provincia": "PA", "comune": "Palermo", "localita": "Pizzo dell'Uomo", "sigla": "039-6PM-003", "pericolo": "n.c.", "n_dsg": 4, "data_dsg": "2026-01-09", "ngurs_dsg": 4, "dgurs_dsg": "2026-01-23", "cls_dissesti_attivita": "Attivo", "col_dissesti_attivita": "#ff0000", "bor_dissesti_attivita": "#000000", "cls_dissesti_tipologia": "Crollo e/o ribaltamento", "col_dissesti_tipologia": "#000000", "bor_dissesti_tipologia": "#000000", "pat_dissesti_tipologia": "pai-dissesti_tipologia-0", "sup_ha": 0.1084}}, {"type": "Feature", "geometry": {"type": "Polygon", "coordinates": [[[13.255256, 38.108483], [13.255269, 38.108446], [13.255288, 38.108362], [13.255267, 38.108297], [13.255221, 38.108229], [13.255197, 38.108176], [13.255175, 38.108122], [13.255193, 38.108073], [13.255249, 38.108105], [13.255281, 38.108157], [13.255316, 38.108224], [13.25533, 38.10826], [13.255385, 38.108292], [13.255407, 38.108304], [13.255406, 38.108309], [13.255443, 38.108339], [13.255453, 38.1084], [13.255429, 38.108461], [13.255393, 38.108532], [13.255346, 38.108627], [13.255299, 38.108717], [13.255249, 38.108796], [13.255235, 38.108863], [13.255233, 38.108872], [13.255237, 38.108911], [13.25524, 38.108952], [13.255234, 38.108982], [13.255232, 38.109047], [13.255177, 38.109102], [13.255107, 38.109121], [13.255047, 38.10916], [13.25499, 38.109188], [13.254956, 38.109185], [13.254925, 38.109187], [13.254919, 38.109182], [13.254885, 38.109156], [13.254867, 38.109142], [13.25486, 38.109082], [13.254886, 38.109049], [13.254932, 38.109016], [13.254961, 38.108963], [13.254963, 38.108901], [13.254978, 38.108837], [13.255018, 38.108824], [13.255049, 38.108812], [13.255115, 38.108786], [13.255163, 38.108773], [13.255201, 38.108711], [13.255217, 38.108627], [13.255241, 38.108545], [13.255256, 38.108483]]]}, "properties": {"pai_nmr": "039", "bacino": "F. Oreto", "provincia": "PA", "comune": "Palermo", "localita": "Costa S. Anna", "sigla": "039-6PM-004", "pericolo": "n.c.", "n_dsg": 4, "data_dsg": "2026-01-09", "ngurs_dsg": 4, "dgurs_dsg": "2026-01-23", "cls_dissesti_attivita": "Attivo", "col_dissesti_attivita": "#ff0000", "bor_dissesti_attivita": "#000000", "cls_dissesti_tipologia": "Crollo e/o ribaltamento", "col_dissesti_tipologia": "#000000", "bor_dissesti_tipologia": "#000000", "pat_dissesti_tipologia": "pai-dissesti_tipologia-0", "sup_ha": 0.1865}}, {"type": "Feature", "geometry": {"type": "Polygon", "coordinates": [[[13.256621, 38.111461], [13.256623, 38.111448], [13.256597, 38.111409], [13.256587, 38.111335], [13.25657, 38.111268], [13.256556, 38.111211], [13.256524, 38.11116], [13.256513, 38.11115], [13.256489, 38.111131], [13.256471, 38.111097], [13.256476, 38.11109], [13.256503, 38.111055], [13.256542, 38.111036], [13.256558, 38.111029], [13.256564, 38.111029], [13.256621, 38.111023], [13.256673, 38.110998], [13.25675, 38.11093], [13.256796, 38.110899], [13.256854, 38.110855], [13.256912, 38.110846], [13.256963, 38.110847], [13.256984, 38.110866], [13.256992, 38.110909], [13.256964, 38.110964], [13.25692, 38.11102], [13.256855, 38.111065], [13.256806, 38.111102], [13.256787, 38.111142], [13.256801, 38.111199], [13.256824, 38.111254], [13.256839, 38.111307], [13.256864, 38.111347], [13.256893, 38.111398], [13.256905, 38.111446], [13.256905, 38.111447], [13.256907, 38.111449], [13.256904, 38.111497], [13.256888, 38.111543], [13.256867, 38.111578], [13.256836, 38.111618], [13.256807, 38.111662], [13.256783, 38.111709], [13.256783, 38.111776], [13.256782, 38.111828], [13.256728, 38.111823], [13.256707, 38.111788], [13.256683, 38.111761], [13.256663, 38.111738], [13.256643, 38.111697], [13.256627, 38.111654], [13.256633, 38.111641], [13.256656, 38.111593], [13.256663, 38.111558], [13.256621, 38.111461]]]}, "properties": {"pai_nmr": "039", "bacino": "F. Oreto", "provincia": "PA", "comune": "Palermo", "localita": "Contrada Chiusetta", "sigla": "039-6PM-007", "pericolo": "n.c.", "n_dsg": 4, "data_dsg": "2026-01-09", "ngurs_dsg": 4, "dgurs_dsg": "2026-01-23", "cls_dissesti_attivita": "Attivo", "col_dissesti_attivita": "#ff0000", "bor_dissesti_attivita": "#000000", "cls_dissesti_tipologia": "Crollo e/o ribaltamento", "col_dissesti_tipologia": "#000000", "bor_dissesti_tipologia": "#000000", "pat_dissesti_tipologia": "pai-dissesti_tipologia-0", "sup_ha": 0.2224}}, {"type": "Feature", "geometry": {"type": "Polygon", "coordinates": [[[13.257994, 38.112], [13.257912, 38.111926], [13.257932, 38.11173], [13.258022, 38.111633], [13.258023, 38.111568], [13.258046, 38.111516], [13.258138, 38.111446], [13.258218, 38.111458], [13.258231, 38.111452], [13.258353, 38.111517], [13.258466, 38.111674], [13.258463, 38.111807], [13.258571, 38.111895], [13.258695, 38.111897], [13.258914, 38.1119], [13.258913, 38.111941], [13.258721, 38.112019], [13.258714, 38.11203], [13.258574, 38.112063], [13.258503, 38.11204], [13.25848, 38.112038], [13.258335, 38.11199], [13.258182, 38.111976], [13.25808, 38.111975], [13.257994, 38.112]]]}, "properties": {"pai_nmr": "039", "bacino": "F. Oreto", "provincia": "PA", "comune": "Palermo", "localita": "Contrada Chiusetta", "sigla": "039-6PM-008", "pericolo": "n.c.", "n_dsg": 4, "data_dsg": "2026-01-09", "ngurs_dsg": 4, "dgurs_dsg": "2026-01-23", "cls_dissesti_attivita": "Attivo", "col_dissesti_attivita": "#ff0000", "bor_dissesti_attivita": "#000000", "cls_dissesti_tipologia": "Crollo e/o ribaltamento", "col_dissesti_tipologia": "#000000", "bor_dissesti_tipologia": "#000000", "pat_dissesti_tipologia": "pai-dissesti_tipologia-0", "sup_ha": 0.2926}}, {"type": "Feature", "geometry": {"type": "Polygon", "coordinates": [[[13.258158, 38.110792], [13.258079, 38.110739], [13.258095, 38.110693], [13.258118, 38.110648], [13.258185, 38.110602], [13.258273, 38.110586], [13.258352, 38.110622], [13.258354, 38.110644], [13.258366, 38.110651], [13.258429, 38.110768], [13.258467, 38.110818], [13.258515, 38.110837], [13.258639, 38.110953], [13.258779, 38.111141], [13.25878, 38.111145], [13.258821, 38.111183], [13.258974, 38.111232], [13.259037, 38.111313], [13.259034, 38.111458], [13.25899, 38.111474], [13.258923, 38.111525], [13.258863, 38.111565], [13.258783, 38.111581], [13.258719, 38.111588], [13.258709, 38.111591], [13.258706, 38.111589], [13.25868, 38.111571], [13.258616, 38.111527], [13.258559, 38.111456], [13.258566, 38.111443], [13.258613, 38.111353], [13.258601, 38.111243], [13.258582, 38.111099], [13.25854, 38.111041], [13.258529, 38.111041], [13.258359, 38.110957], [13.258304, 38.110835], [13.258198, 38.110817], [13.258158, 38.110792]]]}, "properties": {"pai_nmr": "039", "bacino": "F. Oreto", "provincia": "PA", "comune": "Palermo", "localita": "Contrada Chiusetta", "sigla": "039-6PM-009", "pericolo": "n.c.", "n_dsg": 4, "data_dsg": "2026-01-09", "ngurs_dsg": 4, "dgurs_dsg": "2026-01-23", "cls_dissesti_attivita": "Attivo", "col_dissesti_attivita": "#ff0000", "bor_dissesti_attivita": "#000000", "cls_dissesti_tipologia": "Crollo e/o ribaltamento", "col_dissesti_tipologia": "#000000", "bor_dissesti_tipologia": "#000000", "pat_dissesti_tipologia": "pai-dissesti_tipologia-0", "sup_ha": 0.2811}}, {"type": "Feature", "geometry": {"type": "Polygon", "coordinates": [[[13.26014, 38.110976], [13.26016, 38.110971], [13.260193, 38.110927], [13.260296, 38.110899], [13.26039, 38.110941], [13.260484, 38.111], [13.260606, 38.111088], [13.260633, 38.111193], [13.260565, 38.111267], [13.260442, 38.11123], [13.260388, 38.111208], [13.260315, 38.111236], [13.260291, 38.111245], [13.260273, 38.111268], [13.260168, 38.111365], [13.260129, 38.111485], [13.260075, 38.111623], [13.259969, 38.111626], [13.259961, 38.111631], [13.259871, 38.111629], [13.259764, 38.111542], [13.259802, 38.1115], [13.259858, 38.1114], [13.259862, 38.111257], [13.259882, 38.111158], [13.259937, 38.111116], [13.26003, 38.111046], [13.26014, 38.110976]]]}, "properties": {"pai_nmr": "039", "bacino": "F. Oreto", "provincia": "PA", "comune": "Palermo", "localita": "Contrada Chiusetta", "sigla": "039-6PM-010", "pericolo": "n.c.", "n_dsg": 4, "data_dsg": "2026-01-09", "ngurs_dsg": 4, "dgurs_dsg": "2026-01-23", "cls_dissesti_attivita": "Attivo", "col_dissesti_attivita": "#ff0000", "bor_dissesti_attivita": "#000000", "cls_dissesti_tipologia": "Crollo e/o ribaltamento", "col_dissesti_tipologia": "#000000", "bor_dissesti_tipologia": "#000000", "pat_dissesti_tipologia": "pai-dissesti_tipologia-0", "sup_ha": 0.2926}}, {"type": "Feature", "geometry": {"type": "Polygon", "coordinates": [[[13.258813, 38.11045], [13.258847, 38.110404], [13.2589, 38.110342], [13.258924, 38.11025], [13.25886, 38.110151], [13.258885, 38.110036], [13.258946, 38.109933], [13.258968, 38.109929], [13.259041, 38.109946], [13.259083, 38.109987], [13.259118, 38.110062], [13.259116, 38.110149], [13.259121, 38.110241], [13.259068, 38.110327], [13.259044, 38.110359], [13.259022, 38.110419], [13.258998, 38.110528], [13.258973, 38.110572], [13.258918, 38.110605], [13.258915, 38.110607], [13.258914, 38.110607], [13.25885, 38.110601], [13.25881, 38.110573], [13.258799, 38.110565], [13.258812, 38.110517], [13.258813, 38.11045]]]}, "properties": {"pai_nmr": "039", "bacino": "F. Oreto", "provincia": "PA", "comune": "Palermo", "localita": "Contrada Chiusetta", "sigla": "039-6PM-011", "pericolo": "n.c.", "n_dsg": 4, "data_dsg": "2026-01-09", "ngurs_dsg": 4, "dgurs_dsg": "2026-01-23", "cls_dissesti_attivita": "Attivo", "col_dissesti_attivita": "#ff0000", "bor_dissesti_attivita": "#000000", "cls_dissesti_tipologia": "Crollo e/o ribaltamento", "col_dissesti_tipologia": "#000000", "bor_dissesti_tipologia": "#000000", "pat_dissesti_tipologia": "pai-dissesti_tipologia-0", "sup_ha": 0.1252}}, {"type": "Feature", "geometry": {"type": "Polygon", "coordinates": [[[13.257557, 38.110268], [13.257439, 38.110332], [13.257306, 38.110376], [13.25722, 38.110328], [13.257222, 38.110236], [13.257291, 38.11011], [13.257401, 38.110066], [13.257506, 38.109975], [13.257584, 38.109933], [13.257602, 38.109923], [13.257632, 38.109907], [13.257757, 38.109869], [13.257805, 38.109863], [13.25783, 38.109821], [13.257838, 38.109818], [13.25792, 38.109767], [13.25793, 38.109652], [13.257902, 38.109594], [13.257808, 38.109541], [13.257751, 38.109494], [13.257738, 38.10943], [13.257795, 38.109397], [13.258044, 38.109344], [13.258189, 38.109303], [13.258351, 38.109334], [13.258404, 38.10942], [13.2584, 38.109563], [13.258383, 38.109574], [13.258385, 38.109578], [13.258264, 38.109744], [13.258179, 38.109921], [13.258073, 38.110099], [13.257946, 38.110189], [13.257879, 38.110213], [13.257823, 38.110241], [13.257807, 38.110234], [13.257748, 38.11025], [13.25766, 38.110243], [13.257557, 38.110268]]]}, "properties": {"pai_nmr": "039", "bacino": "F. Oreto", "provincia": "PA", "comune": "Palermo", "localita": "Contrada Chiusetta", "sigla": "039-6PM-012", "pericolo": "n.c.", "n_dsg": 4, "data_dsg": "2026-01-09", "ngurs_dsg": 4, "dgurs_dsg": "2026-01-23", "cls_dissesti_attivita": "Attivo", "col_dissesti_attivita": "#ff0000", "bor_dissesti_attivita": "#000000", "cls_dissesti_tipologia": "Crollo e/o ribaltamento", "col_dissesti_tipologia": "#000000", "bor_dissesti_tipologia": "#000000", "pat_dissesti_tipologia": "pai-dissesti_tipologia-0", "sup_ha": 0.5209}}, {"type": "Feature", "geometry": {"type": "Polygon", "coordinates": [[[13.258818, 38.107194], [13.258902, 38.107179], [13.259027, 38.107152], [13.259093, 38.107118], [13.259195, 38.107143], [13.259228, 38.107198], [13.259207, 38.107235], [13.259279, 38.107288], [13.259299, 38.107381], [13.25926, 38.107473], [13.259207, 38.10757], [13.259241, 38.107674], [13.25923, 38.107836], [13.259146, 38.107967], [13.259012, 38.108087], [13.258777, 38.108135], [13.258643, 38.108237], [13.258603, 38.10827], [13.25856, 38.10834], [13.258558, 38.108443], [13.258527, 38.108524], [13.258401, 38.108591], [13.258208, 38.108704], [13.258082, 38.108794], [13.257927, 38.108844], [13.257802, 38.108871], [13.257554, 38.108879], [13.257399, 38.108917], [13.257275, 38.108932], [13.257215, 38.108989], [13.257149, 38.109023], [13.257069, 38.10901], [13.257101, 38.108895], [13.257315, 38.108794], [13.257564, 38.108752], [13.257677, 38.108632], [13.257753, 38.108483], [13.257814, 38.108398], [13.257874, 38.108301], [13.258001, 38.10821], [13.258071, 38.108185], [13.258072, 38.108148], [13.258106, 38.108102], [13.258195, 38.108028], [13.258248, 38.107943], [13.258259, 38.10781], [13.25835, 38.107661], [13.258418, 38.107547], [13.258465, 38.107409], [13.258577, 38.107307], [13.258624, 38.107271], [13.258745, 38.107238], [13.258818, 38.107197], [13.258818, 38.107194]]]}, "properties": {"pai_nmr": "039", "bacino": "F. Oreto", "provincia": "PA", "comune": "Palermo", "localita": "Contrada Chiusetta", "sigla": "039-6PM-013", "pericolo": "n.c.", "n_dsg": 4, "data_dsg": "2026-01-09", "ngurs_dsg": 4, "dgurs_dsg": "2026-01-23", "cls_dissesti_attivita": "Attivo", "col_dissesti_attivita": "#ff0000", "bor_dissesti_attivita": "#000000", "cls_dissesti_tipologia": "Crollo e/o ribaltamento", "col_dissesti_tipologia": "#000000", "bor_dissesti_tipologia": "#000000", "pat_dissesti_tipologia": "pai-dissesti_tipologia-0", "sup_ha": 1.3091}}, {"type": "Feature", "geometry": {"type": "Polygon", "coordinates": [[[13.260722, 38.106138], [13.260732, 38.106124], [13.260756, 38.106112], [13.260915, 38.105939], [13.261058, 38.10577], [13.261193, 38.105685], [13.261339, 38.105595], [13.26148, 38.105522], [13.261669, 38.105512], [13.261858, 38.105484], [13.261965, 38.105407], [13.262169, 38.105213], [13.262401, 38.105041], [13.26252, 38.104911], [13.262722, 38.10484], [13.262895, 38.10479], [13.263079, 38.104727], [13.263225, 38.104663], [13.263366, 38.104577], [13.263446, 38.10446], [13.263542, 38.10437], [13.263624, 38.104218], [13.263742, 38.104127], [13.263927, 38.104064], [13.264238, 38.104025], [13.264482, 38.104024], [13.264753, 38.104072], [13.26493, 38.104079], [13.265207, 38.104096], [13.265373, 38.104116], [13.2655, 38.104131], [13.265627, 38.104151], [13.265788, 38.104175], [13.265754, 38.104214], [13.265647, 38.104242], [13.265642, 38.104243], [13.265618, 38.104245], [13.265559, 38.104242], [13.26537, 38.104235], [13.265116, 38.104213], [13.264872, 38.104197], [13.264701, 38.104176], [13.264529, 38.104156], [13.264258, 38.104126], [13.264014, 38.104149], [13.263927, 38.104188], [13.263873, 38.104212], [13.263783, 38.104281], [13.263721, 38.104333], [13.263658, 38.104411], [13.263561, 38.104515], [13.263334, 38.104744], [13.26317, 38.104855], [13.26302, 38.104892], [13.262869, 38.104956], [13.2627, 38.105045], [13.262559, 38.105135], [13.262385, 38.10522], [13.262265, 38.105376], [13.262146, 38.105502], [13.262016, 38.105614], [13.261744, 38.105637], [13.261632, 38.105647], [13.261452, 38.105697], [13.261359, 38.105722], [13.261146, 38.105846], [13.261043, 38.105945], [13.260986, 38.106006], [13.260941, 38.106053], [13.260923, 38.106071], [13.260922, 38.106105], [13.260921, 38.106145], [13.260913, 38.10625], [13.260828, 38.10635], [13.260754, 38.106419], [13.260597, 38.106487], [13.260434, 38.106585], [13.260326, 38.106677], [13.260295, 38.106718], [13.260256, 38.10686], [13.260253, 38.106869], [13.26024, 38.107042], [13.260182, 38.107155], [13.260031, 38.107214], [13.259805, 38.107369], [13.259722, 38.107451], [13.259586, 38.107637], [13.2595, 38.10779], [13.259501, 38.107798], [13.259514, 38.107956], [13.259478, 38.108078], [13.259468, 38.108249], [13.259387, 38.108419], [13.259374, 38.108489], [13.259319, 38.108698], [13.259272, 38.108798], [13.259185, 38.108955], [13.259099, 38.109107], [13.258899, 38.109314], [13.258656, 38.109512], [13.258549, 38.109612], [13.258438, 38.109847], [13.258357, 38.109959], [13.258282, 38.110107], [13.25821, 38.110225], [13.2582, 38.110264], [13.258123, 38.110495], [13.25799, 38.110695], [13.257765, 38.110845], [13.257535, 38.110959], [13.25732, 38.111145], [13.257204, 38.111331], [13.257085, 38.111461], [13.256955, 38.111534], [13.256955, 38.111532], [13.256952, 38.111429], [13.256944, 38.111328], [13.256945, 38.111257], [13.256946, 38.111244], [13.256968, 38.111228], [13.257079, 38.111088], [13.257229, 38.110875], [13.25747, 38.110622], [13.257673, 38.110467], [13.257895, 38.110271], [13.257899, 38.110262], [13.257985, 38.110217], [13.258047, 38.110183], [13.258115, 38.110105], [13.258162, 38.110018], [13.258219, 38.109949], [13.258271, 38.109853], [13.25834, 38.109736], [13.258432, 38.10961], [13.258436, 38.109596], [13.258495, 38.109528], [13.258678, 38.109307], [13.258831, 38.109151], [13.258979, 38.108996], [13.2591, 38.108796], [13.259165, 38.108626], [13.259226, 38.108416], [13.259283, 38.108097], [13.259362, 38.10784], [13.259376, 38.107641], [13.259486, 38.107509], [13.259616, 38.107388], [13.259696, 38.107293], [13.259844, 38.107146], [13.259952, 38.107016], [13.26005, 38.106869], [13.260103, 38.106755], [13.260167, 38.106625], [13.260242, 38.106503], [13.260417, 38.106374], [13.260597, 38.106263], [13.260722, 38.106138]]]}, "properties": {"pai_nmr": "039", "bacino": "F. Oreto", "provincia": "PA", "comune": "Palermo", "altri_comu": "Monreale", "localita": "Vallone d'Inverno", "sigla": "039-6PM-014", "pericolo": "2", "n_dsg": 4, "data_dsg": "2026-01-09", "ngurs_dsg": 4, "dgurs_dsg": "2026-01-23", "cls_dissesti_attivita": "Attivo", "col_dissesti_attivita": "#ff0000", "bor_dissesti_attivita": "#000000", "cls_dissesti_tipologia": "Dissesti dovuti ad erosione accelerata", "col_dissesti_tipologia": "#000000", "bor_dissesti_tipologia": "#000000", "pat_dissesti_tipologia": "pai-dissesti_tipologia-10", "sup_ha": 2.0188}}, {"type": "Feature", "geometry": {"type": "Polygon", "coordinates": [[[13.267312, 38.11249], [13.267311, 38.112441], [13.267242, 38.112238], [13.267248, 38.111988], [13.267477, 38.111884], [13.267686, 38.111982], [13.267758, 38.112103], [13.267693, 38.11234], [13.267703, 38.112519], [13.267759, 38.112735], [13.267769, 38.112805], [13.267843, 38.112986], [13.267779, 38.113164], [13.267742, 38.113166], [13.267596, 38.113233], [13.26749, 38.113243], [13.26734, 38.113229], [13.267146, 38.113131], [13.267089, 38.112975], [13.267168, 38.112833], [13.267306, 38.112739], [13.267312, 38.11249]]]}, "properties": {"pai_nmr": "039", "bacino": "F. Oreto", "provincia": "PA", "comune": "Palermo", "localita": "S di Monte Cuccio", "sigla": "039-6PM-018", "pericolo": "n.c.", "n_dsg": 4, "data_dsg": "2026-01-09", "ngurs_dsg": 4, "dgurs_dsg": "2026-01-23", "cls_dissesti_attivita": "Attivo", "col_dissesti_attivita": "#ff0000", "bor_dissesti_attivita": "#000000", "cls_dissesti_tipologia": "Crollo e/o ribaltamento", "col_dissesti_tipologia": "#000000", "bor_dissesti_tipologia": "#000000", "pat_dissesti_tipologia": "pai-dissesti_tipologia-0", "sup_ha": 0.6414}}, {"type": "Feature", "geometry": {"type": "Polygon", "coordinates": [[[13.28444, 38.107231], [13.284616, 38.107327], [13.284752, 38.10727], [13.284887, 38.10719], [13.285125, 38.107205], [13.285377, 38.10728], [13.285671, 38.107449], [13.286011, 38.107524], [13.286398, 38.107542], [13.286697, 38.107475], [13.286893, 38.107384], [13.287046, 38.107198], [13.28714, 38.107023], [13.287173, 38.106859], [13.287236, 38.106742], [13.28743, 38.10671], [13.287651, 38.106795], [13.287828, 38.106857], [13.288034, 38.106977], [13.288195, 38.107085], [13.28843, 38.107254], [13.28868, 38.107363], [13.289005, 38.107485], [13.289287, 38.107537], [13.289481, 38.107492], [13.289674, 38.107542], [13.28985, 38.107627], [13.290116, 38.107737], [13.290367, 38.107823], [13.290558, 38.107908], [13.290735, 38.107981], [13.290929, 38.107984], [13.291183, 38.107964], [13.291349, 38.107861], [13.291544, 38.107805], [13.291753, 38.107772], [13.291946, 38.107775], [13.29229, 38.107733], [13.292602, 38.107761], [13.292872, 38.107683], [13.293068, 38.107545], [13.29334, 38.107396], [13.293523, 38.107222], [13.293749, 38.107084], [13.293961, 38.106922], [13.294113, 38.106795], [13.294413, 38.106705], [13.294564, 38.106625], [13.294789, 38.106569], [13.295041, 38.106597], [13.295309, 38.106601], [13.29556, 38.106675], [13.295872, 38.106726], [13.296257, 38.106791], [13.296658, 38.106832], [13.296942, 38.106789], [13.297137, 38.106733], [13.297571, 38.106645], [13.297932, 38.106474], [13.298115, 38.1063], [13.298283, 38.106103], [13.298423, 38.105869], [13.298608, 38.105578], [13.29888, 38.105429], [13.299166, 38.10528], [13.299406, 38.105225], [13.299643, 38.105263], [13.300028, 38.105351], [13.30019, 38.105424], [13.299982, 38.105409], [13.299685, 38.105393], [13.299372, 38.105389], [13.298967, 38.105524], [13.298785, 38.105651], [13.298678, 38.105802], [13.298584, 38.106001], [13.298368, 38.106292], [13.29817, 38.106489], [13.297929, 38.106639], [13.297658, 38.106729], [13.297419, 38.106796], [13.297015, 38.106872], [13.296656, 38.10695], [13.296284, 38.106944], [13.295972, 38.106881], [13.295602, 38.106805], [13.295231, 38.106764], [13.294919, 38.106724], [13.294606, 38.106743], [13.29429, 38.106856], [13.294139, 38.106972], [13.293911, 38.107169], [13.293565, 38.107328], [13.293352, 38.107502], [13.293185, 38.10764], [13.293049, 38.107756], [13.292853, 38.107847], [13.29254, 38.107866], [13.292302, 38.107839], [13.291899, 38.107869], [13.291555, 38.107946], [13.291254, 38.108071], [13.291043, 38.108186], [13.290789, 38.108217], [13.290612, 38.108168], [13.29051, 38.10806], [13.290289, 38.107975], [13.290081, 38.107948], [13.289874, 38.107875], [13.289624, 38.107765], [13.289236, 38.107783], [13.288878, 38.107801], [13.288686, 38.10774], [13.288466, 38.107619], [13.288321, 38.10744], [13.288117, 38.107237], [13.287913, 38.107081], [13.287526, 38.10704], [13.287433, 38.107192], [13.287312, 38.107308], [13.287189, 38.107447], [13.286946, 38.107667], [13.28681, 38.107748], [13.286646, 38.107757], [13.286393, 38.107753], [13.286275, 38.107693], [13.286066, 38.107713], [13.285902, 38.107758], [13.285766, 38.107815], [13.285648, 38.107778], [13.285412, 38.107668], [13.285279, 38.107619], [13.285101, 38.107605], [13.284772, 38.107647], [13.284418, 38.107536], [13.284138, 38.107403], [13.283859, 38.107222], [13.283758, 38.107091], [13.283761, 38.106962], [13.283983, 38.107012], [13.28419, 38.107098], [13.28444, 38.107231]]]}, "properties": {"pai_nmr": "039", "bacino": "F. Oreto", "provincia": "PA", "comune": "Palermo", "altri_comu": "Monreale", "localita": "Vallone del Paradiso", "sigla": "039-6PM-019", "n_dpr": 91, "data_dpr": "2007-03-27", "pericolo": "2", "ngurs": "26", "dgurs": "2007-06-08", "cls_dissesti_attivita": "Attivo", "col_dissesti_attivita": "#ff0000", "bor_dissesti_attivita": "#000000", "cls_dissesti_tipologia": "Dissesti dovuti ad erosione accelerata", "col_dissesti_tipologia": "#000000", "bor_dissesti_tipologia": "#000000", "pat_dissesti_tipologia": "pai-dissesti_tipologia-10", "sup_ha": 3.4023}}, {"type": "Feature", "geometry": {"type": "Polygon", "coordinates": [[[13.299539, 38.102653], [13.299554, 38.102659], [13.29956, 38.10266], [13.299631, 38.102688], [13.299673, 38.102704], [13.299695, 38.102708], [13.299831, 38.102738], [13.299863, 38.102803], [13.299881, 38.102875], [13.299928, 38.102985], [13.300004, 38.103047], [13.300106, 38.103062], [13.300187, 38.103066], [13.300261, 38.10307], [13.300322, 38.103052], [13.300394, 38.103019], [13.300409, 38.103011], [13.300444, 38.102991], [13.300463, 38.10298], [13.300512, 38.102987], [13.300531, 38.103045], [13.300464, 38.103106], [13.300446, 38.10312], [13.300426, 38.103147], [13.300376, 38.103181], [13.300352, 38.103197], [13.300352, 38.103198], [13.300293, 38.103248], [13.300269, 38.103273], [13.300226, 38.103315], [13.300152, 38.103369], [13.300093, 38.103436], [13.300027, 38.103477], [13.299961, 38.103498], [13.299862, 38.103523], [13.299781, 38.103525], [13.299772, 38.103521], [13.299764, 38.103521], [13.299698, 38.103483], [13.29968, 38.103472], [13.299652, 38.10341], [13.29963, 38.103319], [13.299591, 38.103251], [13.29954, 38.103197], [13.299527, 38.103182], [13.299455, 38.103133], [13.299378, 38.103103], [13.299288, 38.103085], [13.299187, 38.103068], [13.299105, 38.103073], [13.299038, 38.103133], [13.298903, 38.10316], [13.298887, 38.103161], [13.298778, 38.103161], [13.29876, 38.103162], [13.298622, 38.103131], [13.298525, 38.103074], [13.298465, 38.103019], [13.298456, 38.103014], [13.298381, 38.102956], [13.298304, 38.102919], [13.298194, 38.102918], [13.298141, 38.102896], [13.298113, 38.102884], [13.298069, 38.102829], [13.298066, 38.10279], [13.298099, 38.102771], [13.29816, 38.102795], [13.298212, 38.102818], [13.298327, 38.102804], [13.298421, 38.102798], [13.298502, 38.102829], [13.298522, 38.102839], [13.298571, 38.102865], [13.298636, 38.102876], [13.298653, 38.102837], [13.298666, 38.102792], [13.298672, 38.102728], [13.29869, 38.102657], [13.298756, 38.102639], [13.298804, 38.102665], [13.298869, 38.102689], [13.298958, 38.102709], [13.298983, 38.10271], [13.299053, 38.102669], [13.299136, 38.102628], [13.299218, 38.1026], [13.2993, 38.102579], [13.299382, 38.102583], [13.299459, 38.102607], [13.299539, 38.102653]]]}, "properties": {"pai_nmr": "039", "bacino": "F. Oreto", "provincia": "PA", "comune": "Palermo", "localita": "Punta Pileri", "sigla": "039-6PM-020", "pericolo": "n.c.", "n_dsg": 4, "data_dsg": "2026-01-09", "ngurs_dsg": 4, "dgurs_dsg": "2026-01-23", "cls_dissesti_attivita": "Attivo", "col_dissesti_attivita": "#ff0000", "bor_dissesti_attivita": "#000000", "cls_dissesti_tipologia": "Crollo e/o ribaltamento", "col_dissesti_tipologia": "#000000", "bor_dissesti_tipologia": "#000000", "pat_dissesti_tipologia": "pai-dissesti_tipologia-0", "sup_ha": 0.9262}}, {"type": "Feature", "geometry": {"type": "Polygon", "coordinates": [[[13.29377, 38.101708], [13.293782, 38.101716], [13.293827, 38.101687], [13.293869, 38.101722], [13.293833, 38.101804], [13.293761, 38.101926], [13.293776, 38.102001], [13.293835, 38.102091], [13.293921, 38.102126], [13.293947, 38.102122], [13.293991, 38.102066], [13.29402, 38.101936], [13.29402, 38.101928], [13.294048, 38.101855], [13.29412, 38.101746], [13.294232, 38.101714], [13.294233, 38.101714], [13.294337, 38.101729], [13.29444, 38.101751], [13.294456, 38.101813], [13.294429, 38.10186], [13.294349, 38.101934], [13.294336, 38.101968], [13.294327, 38.101989], [13.294303, 38.10205], [13.29426, 38.102158], [13.294257, 38.102166], [13.294176, 38.102294], [13.294114, 38.102376], [13.293906, 38.102386], [13.293794, 38.10235], [13.29379, 38.102347], [13.293768, 38.102343], [13.29364, 38.102266], [13.293573, 38.102162], [13.293524, 38.102052], [13.293543, 38.101964], [13.293572, 38.101934], [13.29358, 38.101868], [13.293646, 38.10178], [13.293661, 38.10176], [13.293669, 38.101765], [13.29377, 38.101708]]]}, "properties": {"pai_nmr": "039", "bacino": "F. Oreto", "provincia": "PA", "comune": "Palermo", "localita": "Punta Pileri", "sigla": "039-6PM-021", "pericolo": "n.c.", "n_dsg": 4, "data_dsg": "2026-01-09", "ngurs_dsg": 4, "dgurs_dsg": "2026-01-23", "cls_dissesti_attivita": "Attivo", "col_dissesti_attivita": "#ff0000", "bor_dissesti_attivita": "#000000", "cls_dissesti_tipologia": "Crollo e/o ribaltamento", "col_dissesti_tipologia": "#000000", "bor_dissesti_tipologia": "#000000", "pat_dissesti_tipologia": "pai-dissesti_tipologia-0", "sup_ha": 0.3547}}, {"type": "Feature", "geometry": {"type": "Polygon", "coordinates": [[[13.294243, 38.101462], [13.294222, 38.10146], [13.293937, 38.101422], [13.293712, 38.101432], [13.293594, 38.101498], [13.293544, 38.101574], [13.293386, 38.10166], [13.293221, 38.101678], [13.293118, 38.101622], [13.293112, 38.101519], [13.293189, 38.10141], [13.293189, 38.101409], [13.29321, 38.101405], [13.293324, 38.101324], [13.293489, 38.10132], [13.293629, 38.101274], [13.293769, 38.101214], [13.29385, 38.101183], [13.293992, 38.10114], [13.294017, 38.101158], [13.294178, 38.101124], [13.294353, 38.101038], [13.294545, 38.100952], [13.294553, 38.100948], [13.294554, 38.100952], [13.294825, 38.100819], [13.294965, 38.10076], [13.295139, 38.100721], [13.295331, 38.100676], [13.295582, 38.1007], [13.295788, 38.100744], [13.295906, 38.100801], [13.295907, 38.100807], [13.295908, 38.100807], [13.295941, 38.100867], [13.296043, 38.100974], [13.295955, 38.101041], [13.295851, 38.101046], [13.295747, 38.101017], [13.295644, 38.100981], [13.295636, 38.100962], [13.29563, 38.100961], [13.295584, 38.100953], [13.295482, 38.100876], [13.295334, 38.100915], [13.295169, 38.100954], [13.295062, 38.101055], [13.295051, 38.101068], [13.295052, 38.101072], [13.294956, 38.10117], [13.294871, 38.101271], [13.294849, 38.101298], [13.294718, 38.101365], [13.294595, 38.101404], [13.294464, 38.101464], [13.294334, 38.101476], [13.294261, 38.101463], [13.294243, 38.101462]]]}, "properties": {"pai_nmr": "039", "bacino": "F. Oreto", "provincia": "PA", "comune": "Palermo", "altri_comu": "Monreale", "localita": "Punta Pileri", "sigla": "039-6PM-022", "pericolo": "n.c.", "n_dsg": 4, "data_dsg": "2026-01-09", "ngurs_dsg": 4, "dgurs_dsg": "2026-01-23", "cls_dissesti_attivita": "Attivo", "col_dissesti_attivita": "#ff0000", "bor_dissesti_attivita": "#000000", "cls_dissesti_tipologia": "Crollo e/o ribaltamento", "col_dissesti_tipologia": "#000000", "bor_dissesti_tipologia": "#000000", "pat_dissesti_tipologia": "pai-dissesti_tipologia-0", "sup_ha": 0.8745}}, {"type": "Feature", "geometry": {"type": "Polygon", "coordinates": [[[13.293899, 38.103412], [13.293916, 38.103417], [13.294004, 38.103373], [13.29409, 38.103395], [13.294045, 38.103456], [13.293973, 38.103536], [13.293965, 38.103557], [13.293962, 38.103687], [13.293977, 38.10381], [13.294052, 38.103907], [13.294225, 38.103923], [13.294269, 38.103912], [13.294366, 38.103886], [13.294373, 38.103885], [13.29453, 38.103853], [13.294659, 38.103902], [13.294866, 38.103926], [13.294919, 38.103941], [13.294924, 38.103943], [13.294941, 38.103948], [13.295047, 38.103949], [13.295187, 38.10391], [13.295259, 38.103774], [13.295337, 38.103741], [13.295465, 38.103721], [13.295459, 38.103736], [13.29548, 38.103736], [13.295497, 38.103737], [13.295632, 38.103739], [13.295822, 38.103776], [13.295864, 38.103831], [13.29569, 38.103842], [13.29552, 38.103854], [13.295429, 38.103907], [13.295358, 38.104001], [13.295329, 38.104097], [13.295129, 38.104135], [13.294857, 38.104118], [13.294844, 38.104117], [13.29471, 38.10413], [13.294601, 38.104141], [13.294443, 38.104228], [13.294267, 38.104341], [13.294119, 38.10438], [13.293965, 38.104303], [13.293833, 38.104256], [13.293805, 38.104249], [13.293785, 38.104225], [13.293665, 38.104162], [13.293573, 38.10403], [13.293594, 38.103873], [13.293651, 38.103683], [13.293767, 38.103527], [13.293899, 38.103412]]]}, "properties": {"pai_nmr": "039", "bacino": "F. Oreto", "provincia": "PA", "comune": "Palermo", "localita": "SE di Cozzo Comune", "sigla": "039-6PM-023", "pericolo": "n.c.", "n_dsg": 4, "data_dsg": "2026-01-09", "ngurs_dsg": 4, "dgurs_dsg": "2026-01-23", "cls_dissesti_attivita": "Attivo", "col_dissesti_attivita": "#ff0000", "bor_dissesti_attivita": "#000000", "cls_dissesti_tipologia": "Crollo e/o ribaltamento", "col_dissesti_tipologia": "#000000", "bor_dissesti_tipologia": "#000000", "pat_dissesti_tipologia": "pai-dissesti_tipologia-0", "sup_ha": 0.7287}}, {"type": "Feature", "geometry": {"type": "Polygon", "coordinates": [[[13.29649, 38.10449], [13.296498, 38.104529], [13.296493, 38.10456], [13.296478, 38.104652], [13.296481, 38.104709], [13.296505, 38.104769], [13.296549, 38.104839], [13.296617, 38.104873], [13.296643, 38.104938], [13.296649, 38.104944], [13.296659, 38.10498], [13.296682, 38.105063], [13.296672, 38.105153], [13.296625, 38.105175], [13.296571, 38.105141], [13.296548, 38.105071], [13.296529, 38.104998], [13.296451, 38.104907], [13.296369, 38.104823], [13.296367, 38.104822], [13.296349, 38.10478], [13.296324, 38.10476], [13.296267, 38.104679], [13.296194, 38.104592], [13.296111, 38.104531], [13.296075, 38.104468], [13.296093, 38.104411], [13.296151, 38.104389], [13.296237, 38.104384], [13.296353, 38.104415], [13.29649, 38.10449]]]}, "properties": {"pai_nmr": "039", "bacino": "F. Oreto", "provincia": "PA", "comune": "Palermo", "localita": "E di Cozzo Comune", "sigla": "039-6PM-024", "pericolo": "n.c.", "n_dsg": 4, "data_dsg": "2026-01-09", "ngurs_dsg": 4, "dgurs_dsg": "2026-01-23", "cls_dissesti_attivita": "Attivo", "col_dissesti_attivita": "#ff0000", "bor_dissesti_attivita": "#000000", "cls_dissesti_tipologia": "Crollo e/o ribaltamento", "col_dissesti_tipologia": "#000000", "bor_dissesti_tipologia": "#000000", "pat_dissesti_tipologia": "pai-dissesti_tipologia-0", "sup_ha": 0.1609}}, {"type": "Feature", "geometry": {"type": "Polygon", "coordinates": [[[13.300964, 38.106463], [13.301046, 38.106394], [13.301177, 38.106312], [13.301269, 38.106212], [13.301277, 38.106206], [13.301394, 38.106183], [13.3015, 38.106102], [13.30151, 38.106098], [13.301529, 38.106061], [13.301568, 38.106014], [13.301674, 38.106016], [13.301704, 38.106038], [13.301733, 38.106058], [13.301787, 38.106093], [13.301837, 38.106125], [13.301882, 38.106138], [13.301956, 38.106193], [13.302024, 38.106188], [13.302034, 38.10618], [13.302079, 38.106146], [13.302199, 38.106124], [13.302258, 38.10616], [13.302301, 38.106219], [13.302335, 38.106297], [13.302436, 38.106325], [13.302534, 38.106314], [13.302556, 38.106356], [13.30248, 38.106379], [13.30236, 38.106365], [13.30228, 38.106345], [13.302157, 38.106327], [13.302096, 38.106367], [13.302086, 38.106406], [13.302064, 38.10645], [13.302062, 38.106522], [13.302036, 38.106647], [13.301974, 38.106753], [13.302062, 38.106826], [13.302031, 38.106873], [13.301971, 38.10686], [13.301913, 38.106776], [13.301915, 38.106693], [13.301924, 38.106603], [13.301874, 38.106489], [13.301868, 38.106468], [13.301867, 38.106469], [13.301816, 38.106381], [13.301721, 38.106249], [13.301555, 38.106276], [13.301482, 38.106359], [13.301462, 38.106382], [13.301422, 38.106415], [13.301404, 38.106431], [13.301263, 38.106493], [13.301234, 38.106517], [13.301133, 38.10655], [13.300981, 38.106596], [13.300844, 38.106665], [13.300715, 38.106711], [13.300624, 38.106739], [13.300511, 38.106726], [13.300573, 38.106626], [13.300717, 38.106592], [13.300846, 38.106576], [13.300954, 38.106488], [13.300989, 38.10646], [13.300964, 38.106463]]]}, "properties": {"pai_nmr": "039", "bacino": "F. Oreto", "provincia": "PA", "comune": "Palermo", "localita": "Boccadifalco", "sigla": "039-6PM-025", "pericolo": "n.c.", "n_dsg": 4, "data_dsg": "2026-01-09", "ngurs_dsg": 4, "dgurs_dsg": "2026-01-23", "cls_dissesti_attivita": "Attivo", "col_dissesti_attivita": "#ff0000", "bor_dissesti_attivita": "#000000", "cls_dissesti_tipologia": "Crollo e/o ribaltamento", "col_dissesti_tipologia": "#000000", "bor_dissesti_tipologia": "#000000", "pat_dissesti_tipologia": "pai-dissesti_tipologia-0", "sup_ha": 0.417}}, {"type": "Feature", "geometry": {"type": "Polygon", "coordinates": [[[13.302844, 38.102352], [13.302976, 38.102507], [13.303044, 38.102582], [13.303048, 38.10259], [13.303064, 38.102618], [13.303065, 38.10262], [13.303068, 38.102665], [13.303083, 38.102696], [13.303106, 38.102734], [13.303136, 38.102754], [13.303154, 38.102767], [13.303168, 38.102774], [13.303189, 38.10278], [13.303205, 38.102797], [13.303214, 38.102806], [13.303222, 38.102832], [13.303228, 38.102853], [13.303235, 38.102878], [13.303251, 38.102921], [13.303277, 38.102963], [13.303249, 38.102991], [13.303206, 38.102994], [13.30318, 38.102978], [13.303158, 38.102964], [13.303142, 38.102919], [13.303129, 38.102876], [13.303095, 38.102817], [13.303045, 38.102781], [13.303023, 38.10277], [13.303006, 38.102746], [13.302959, 38.102663], [13.302912, 38.102602], [13.302888, 38.10258], [13.302742, 38.102493], [13.302649, 38.102417], [13.302592, 38.102352], [13.302507, 38.102301], [13.302441, 38.102243], [13.302428, 38.102214], [13.302456, 38.102182], [13.302515, 38.102183], [13.302519, 38.10218], [13.302635, 38.102213], [13.302751, 38.10229], [13.302844, 38.102352]]]}, "properties": {"pai_nmr": "039", "bacino": "F. Oreto", "provincia": "PA", "comune": "Palermo", "localita": "Versante dx Vallone Brusca", "sigla": "039-6PM-088", "pericolo": "n.c.", "n_dsg": 4, "data_dsg": "2026-01-09", "ngurs_dsg": 4, "dgurs_dsg": "2026-01-23", "cls_dissesti_attivita": "Attivo", "col_dissesti_attivita": "#ff0000", "bor_dissesti_attivita": "#000000", "cls_dissesti_tipologia": "Crollo e/o ribaltamento", "col_dissesti_tipologia": "#000000", "bor_dissesti_tipologia": "#000000", "pat_dissesti_tipologia": "pai-dissesti_tipologia-0", "sup_ha": 0.1337}}, {"type": "Feature", "geometry": {"type": "Polygon", "coordinates": [[[13.301251, 38.10421], [13.301192, 38.104175], [13.301058, 38.104148], [13.300944, 38.104138], [13.300854, 38.104224], [13.30077, 38.104332], [13.300676, 38.104387], [13.300527, 38.104396], [13.300424, 38.1044], [13.300286, 38.104403], [13.300169, 38.104382], [13.30011, 38.104342], [13.300104, 38.104283], [13.300154, 38.10425], [13.300251, 38.104221], [13.300435, 38.104229], [13.300517, 38.104213], [13.300586, 38.104147], [13.30063, 38.104094], [13.300691, 38.104045], [13.300756, 38.103993], [13.300846, 38.103943], [13.300954, 38.103892], [13.301072, 38.103857], [13.301149, 38.103886], [13.301273, 38.103902], [13.301365, 38.103881], [13.301432, 38.103872], [13.301432, 38.103867], [13.301472, 38.103874], [13.30155, 38.103858], [13.301653, 38.103857], [13.301688, 38.103864], [13.301689, 38.103863], [13.301766, 38.103878], [13.301837, 38.10389], [13.301904, 38.103905], [13.301946, 38.10392], [13.30196, 38.103943], [13.301963, 38.103962], [13.301959, 38.103996], [13.301913, 38.104], [13.301905, 38.104001], [13.301813, 38.103994], [13.301721, 38.104001], [13.301622, 38.103999], [13.301568, 38.104024], [13.301528, 38.104065], [13.301495, 38.104121], [13.30145, 38.104173], [13.301447, 38.104176], [13.301429, 38.104221], [13.301378, 38.104257], [13.301342, 38.104262], [13.301309, 38.104248], [13.301299, 38.104244], [13.301293, 38.104241], [13.301292, 38.104239], [13.301251, 38.10421]]]}, "properties": {"pai_nmr": "039", "bacino": "F. Oreto", "provincia": "PA", "comune": "Palermo", "localita": "Versante sx Vallone Brusca", "sigla": "039-6PM-027", "pericolo": "n.c.", "n_dsg": 4, "data_dsg": "2026-01-09", "ngurs_dsg": 4, "dgurs_dsg": "2026-01-23", "cls_dissesti_attivita": "Attivo", "col_dissesti_attivita": "#ff0000", "bor_dissesti_attivita": "#000000", "cls_dissesti_tipologia": "Crollo e/o ribaltamento", "col_dissesti_tipologia": "#000000", "bor_dissesti_tipologia": "#000000", "pat_dissesti_tipologia": "pai-dissesti_tipologia-0", "sup_ha": 0.4083}}, {"type": "Feature", "geometry": {"type": "Polygon", "coordinates": [[[13.302696, 38.104569], [13.302714, 38.104579], [13.302718, 38.104579], [13.302796, 38.104608], [13.302862, 38.104616], [13.302897, 38.104624], [13.30291, 38.104642], [13.302912, 38.104644], [13.302921, 38.104655], [13.302942, 38.104695], [13.302983, 38.10471], [13.303027, 38.104719], [13.303055, 38.104734], [13.303056, 38.104746], [13.303064, 38.104749], [13.303063, 38.104796], [13.303061, 38.104884], [13.303065, 38.104909], [13.303045, 38.10498], [13.303044, 38.10501], [13.303041, 38.10506], [13.30304, 38.105101], [13.30304, 38.105128], [13.303038, 38.105178], [13.303069, 38.105233], [13.303043, 38.10527], [13.302967, 38.105246], [13.302931, 38.105186], [13.302923, 38.105116], [13.302932, 38.105088], [13.30293, 38.105088], [13.302926, 38.105004], [13.302907, 38.104954], [13.302914, 38.104934], [13.302909, 38.104921], [13.30291, 38.104877], [13.302898, 38.104826], [13.302893, 38.104781], [13.302881, 38.104741], [13.302837, 38.104728], [13.302774, 38.104715], [13.302702, 38.104714], [13.302617, 38.104698], [13.30256, 38.104689], [13.302488, 38.104691], [13.30244, 38.1047], [13.30238, 38.104702], [13.302349, 38.104671], [13.302363, 38.104639], [13.302392, 38.10461], [13.302456, 38.104578], [13.302457, 38.104577], [13.302455, 38.104577], [13.302478, 38.104564], [13.302495, 38.104526], [13.302527, 38.104499], [13.302577, 38.104513], [13.302655, 38.104539], [13.302696, 38.104569]]]}, "properties": {"pai_nmr": "039", "bacino": "F. Oreto", "provincia": "PA", "comune": "Palermo", "localita": "Boccadifalco", "sigla": "039-6PM-028", "pericolo": "n.c.", "n_dsg": 4, "data_dsg": "2026-01-09", "ngurs_dsg": 4, "dgurs_dsg": "2026-01-23", "cls_dissesti_attivita": "Attivo", "col_dissesti_attivita": "#ff0000", "bor_dissesti_attivita": "#000000", "cls_dissesti_tipologia": "Crollo e/o ribaltamento", "col_dissesti_tipologia": "#000000", "bor_dissesti_tipologia": "#000000", "pat_dissesti_tipologia": "pai-dissesti_tipologia-0", "sup_ha": 0.1454}}, {"type": "Feature", "geometry": {"type": "Polygon", "coordinates": [[[13.303799, 38.104967], [13.303804, 38.104971], [13.303907, 38.105031], [13.303947, 38.105059], [13.303947, 38.105061], [13.303981, 38.105094], [13.304005, 38.105132], [13.304062, 38.10515], [13.304119, 38.105133], [13.304138, 38.105124], [13.304173, 38.105107], [13.304218, 38.10507], [13.304303, 38.105066], [13.304336, 38.105082], [13.304379, 38.105092], [13.304514, 38.105117], [13.304576, 38.105147], [13.304694, 38.105217], [13.304871, 38.105232], [13.30488, 38.105254], [13.304847, 38.105294], [13.304787, 38.105328], [13.304704, 38.105349], [13.304581, 38.105342], [13.304497, 38.105311], [13.304441, 38.105268], [13.304403, 38.105247], [13.304347, 38.105241], [13.304326, 38.105245], [13.304309, 38.105256], [13.304311, 38.105288], [13.304313, 38.105318], [13.304317, 38.105327], [13.304331, 38.105366], [13.304365, 38.105426], [13.304395, 38.105487], [13.304415, 38.105547], [13.304424, 38.105589], [13.304376, 38.105601], [13.304327, 38.10557], [13.30429, 38.10552], [13.304266, 38.105494], [13.30425, 38.105457], [13.304216, 38.105427], [13.304194, 38.105429], [13.304156, 38.105433], [13.304102, 38.10543], [13.304075, 38.105387], [13.304042, 38.105341], [13.304035, 38.105332], [13.30402, 38.105324], [13.303948, 38.105308], [13.30386, 38.105287], [13.303839, 38.105232], [13.303827, 38.105189], [13.303818, 38.105156], [13.303785, 38.105099], [13.303717, 38.105055], [13.303665, 38.105046], [13.303651, 38.105043], [13.303641, 38.105042], [13.303534, 38.105048], [13.303534, 38.105048], [13.303471, 38.105026], [13.303466, 38.104998], [13.303463, 38.104974], [13.303498, 38.10494], [13.303503, 38.104938], [13.303562, 38.104911], [13.303644, 38.104912], [13.303707, 38.104923], [13.303763, 38.104956], [13.303799, 38.104967]]]}, "properties": {"pai_nmr": "039", "bacino": "F. Oreto", "provincia": "PA", "comune": "Palermo", "localita": "Boccadifalco", "sigla": "039-6PM-029", "pericolo": "n.c.", "n_dsg": 4, "data_dsg": "2026-01-09", "ngurs_dsg": 4, "dgurs_dsg": "2026-01-23", "cls_dissesti_attivita": "Attivo", "col_dissesti_attivita": "#ff0000", "bor_dissesti_attivita": "#000000", "cls_dissesti_tipologia": "Crollo e/o ribaltamento", "col_dissesti_tipologia": "#000000", "bor_dissesti_tipologia": "#000000", "pat_dissesti_tipologia": "pai-dissesti_tipologia-0", "sup_ha": 0.2797}}, {"type": "Feature", "geometry": {"type": "Polygon", "coordinates": [[[13.308403, 38.106656], [13.308416, 38.106635], [13.308456, 38.106571], [13.308508, 38.106527], [13.308592, 38.106482], [13.308695, 38.106423], [13.308781, 38.106319], [13.308771, 38.106202], [13.308736, 38.106046], [13.308669, 38.105923], [13.308772, 38.105885], [13.308834, 38.105941], [13.308884, 38.105997], [13.308907, 38.106098], [13.308931, 38.106174], [13.308928, 38.106311], [13.308894, 38.106401], [13.308784, 38.106465], [13.308576, 38.106603], [13.308558, 38.106671], [13.308541, 38.106729], [13.308615, 38.106851], [13.308646, 38.106884], [13.308689, 38.106973], [13.308724, 38.1071], [13.308722, 38.107104], [13.308632, 38.107245], [13.308588, 38.107355], [13.30852, 38.1074], [13.308493, 38.107419], [13.308454, 38.107474], [13.308412, 38.107615], [13.308478, 38.107808], [13.30848, 38.107814], [13.308472, 38.107838], [13.308472, 38.107839], [13.308477, 38.107848], [13.308494, 38.107954], [13.308485, 38.108085], [13.308437, 38.108201], [13.308396, 38.108259], [13.308393, 38.108263], [13.308384, 38.108276], [13.308358, 38.108295], [13.30834, 38.108296], [13.308288, 38.108299], [13.308213, 38.108278], [13.308174, 38.108268], [13.308176, 38.108197], [13.308203, 38.108096], [13.308217, 38.108041], [13.308226, 38.10794], [13.308242, 38.107819], [13.30825, 38.107734], [13.308252, 38.107648], [13.308248, 38.107567], [13.308243, 38.107471], [13.308305, 38.107347], [13.308305, 38.10733], [13.308383, 38.107226], [13.308386, 38.107214], [13.308416, 38.107196], [13.308462, 38.107136], [13.308464, 38.10702], [13.308435, 38.106899], [13.308406, 38.106808], [13.308401, 38.106722], [13.308403, 38.106656]]]}, "properties": {"pai_nmr": "039", "bacino": "F. Oreto", "provincia": "PA", "comune": "Palermo", "localita": "Boccadifalco", "sigla": "039-6PM-031", "pericolo": "n.c.", "n_dsg": 4, "data_dsg": "2026-01-09", "ngurs_dsg": 4, "dgurs_dsg": "2026-01-23", "cls_dissesti_attivita": "Attivo", "col_dissesti_attivita": "#ff0000", "bor_dissesti_attivita": "#000000", "cls_dissesti_tipologia": "Crollo e/o ribaltamento", "col_dissesti_tipologia": "#000000", "bor_dissesti_tipologia": "#000000", "pat_dissesti_tipologia": "pai-dissesti_tipologia-0", "sup_ha": 0.4809}}, {"type": "Feature", "geometry": {"type": "Polygon", "coordinates": [[[13.307931, 38.10135], [13.307972, 38.101434], [13.30801, 38.10152], [13.308022, 38.101548], [13.308072, 38.101686], [13.308088, 38.101737], [13.308114, 38.101818], [13.308194, 38.10195], [13.308214, 38.102034], [13.30822, 38.102117], [13.30827, 38.102231], [13.308313, 38.102357], [13.308296, 38.102424], [13.308299, 38.102435], [13.308297, 38.102518], [13.308353, 38.102707], [13.30835, 38.102834], [13.308362, 38.102908], [13.30839, 38.103085], [13.30838, 38.103128], [13.308366, 38.103193], [13.308361, 38.103198], [13.308363, 38.103206], [13.308389, 38.1033], [13.308379, 38.103389], [13.308349, 38.103402], [13.308311, 38.103418], [13.308214, 38.103381], [13.308198, 38.103332], [13.308185, 38.103291], [13.308192, 38.103272], [13.308183, 38.103193], [13.308164, 38.102915], [13.308143, 38.102718], [13.308111, 38.10242], [13.308066, 38.102177], [13.308007, 38.101949], [13.307938, 38.101813], [13.307921, 38.10166], [13.307922, 38.101623], [13.30788, 38.101475], [13.307871, 38.101435], [13.307859, 38.101409], [13.307831, 38.101343], [13.307831, 38.101319], [13.307862, 38.101307], [13.307922, 38.101308], [13.307931, 38.10135]]]}, "properties": {"pai_nmr": "039", "bacino": "F. Oreto", "provincia": "PA", "comune": "Palermo", "localita": "Boccadifalco", "sigla": "039-6PM-032", "pericolo": "n.c.", "n_dsg": 4, "data_dsg": "2026-01-09", "ngurs_dsg": 4, "dgurs_dsg": "2026-01-23", "cls_dissesti_attivita": "Attivo", "col_dissesti_attivita": "#ff0000", "bor_dissesti_attivita": "#000000", "cls_dissesti_tipologia": "Crollo e/o ribaltamento", "col_dissesti_tipologia": "#000000", "bor_dissesti_tipologia": "#000000", "pat_dissesti_tipologia": "pai-dissesti_tipologia-0", "sup_ha": 0.3582}}, {"type": "Feature", "geometry": {"type": "Polygon", "coordinates": [[[13.30558, 38.098053], [13.305583, 38.098025], [13.305588, 38.098017], [13.305728, 38.097865], [13.30576, 38.09775], [13.305753, 38.097627], [13.305679, 38.097464], [13.305662, 38.097341], [13.30586, 38.097213], [13.305881, 38.097136], [13.305806, 38.097027], [13.305809, 38.096881], [13.305783, 38.09675], [13.305786, 38.096634], [13.305779, 38.096488], [13.30582, 38.096423], [13.30586, 38.096376], [13.305996, 38.096342], [13.306223, 38.096334], [13.306241, 38.09634], [13.306252, 38.096335], [13.306263, 38.096308], [13.306299, 38.096311], [13.30648, 38.096302], [13.306482, 38.096194], [13.306485, 38.096063], [13.306428, 38.095931], [13.306385, 38.095835], [13.306327, 38.095739], [13.306186, 38.095737], [13.305933, 38.095793], [13.305841, 38.095875], [13.305614, 38.095896], [13.305419, 38.095869], [13.305364, 38.095796], [13.305364, 38.095796], [13.305363, 38.095794], [13.305332, 38.095758], [13.305276, 38.095693], [13.305201, 38.095647], [13.305127, 38.095564], [13.305044, 38.095495], [13.304974, 38.095411], [13.304856, 38.095383], [13.304765, 38.095408], [13.304661, 38.095426], [13.304566, 38.095413], [13.304482, 38.09537], [13.304431, 38.09531], [13.304474, 38.095277], [13.304536, 38.095292], [13.304568, 38.095327], [13.304715, 38.095344], [13.30484, 38.095286], [13.305006, 38.095258], [13.305126, 38.09523], [13.305197, 38.095208], [13.305222, 38.095171], [13.305243, 38.095096], [13.305353, 38.095057], [13.305432, 38.095103], [13.305435, 38.095178], [13.305434, 38.09526], [13.305365, 38.095357], [13.30531, 38.095454], [13.305337, 38.095522], [13.305387, 38.095612], [13.305461, 38.095646], [13.305514, 38.09567], [13.3057, 38.095632], [13.305825, 38.095566], [13.305908, 38.095481], [13.305924, 38.09547], [13.305989, 38.095461], [13.306155, 38.095381], [13.306294, 38.095349], [13.306306, 38.095322], [13.306594, 38.095278], [13.306596, 38.095279], [13.306783, 38.095345], [13.306804, 38.095353], [13.306937, 38.095462], [13.306982, 38.095526], [13.307087, 38.095606], [13.307248, 38.095726], [13.307306, 38.095821], [13.307308, 38.095856], [13.30732, 38.095873], [13.307494, 38.096149], [13.307474, 38.096388], [13.3072, 38.096467], [13.306983, 38.096738], [13.306992, 38.097013], [13.307047, 38.09724], [13.307041, 38.097478], [13.307037, 38.097657], [13.307125, 38.097777], [13.306972, 38.097847], [13.306939, 38.097966], [13.306829, 38.098167], [13.306811, 38.098215], [13.306863, 38.098238], [13.306829, 38.098402], [13.306752, 38.098507], [13.306674, 38.098554], [13.306637, 38.098629], [13.306571, 38.098878], [13.306448, 38.098984], [13.30619, 38.099075], [13.306173, 38.099159], [13.306352, 38.099233], [13.306682, 38.099297], [13.306891, 38.099407], [13.306917, 38.099598], [13.306836, 38.099824], [13.30668, 38.100036], [13.306585, 38.100226], [13.306612, 38.100393], [13.306725, 38.10045], [13.306885, 38.100497], [13.307151, 38.100584], [13.307253, 38.100691], [13.307224, 38.100741], [13.307265, 38.100843], [13.30726, 38.10107], [13.307316, 38.101238], [13.307357, 38.101429], [13.307323, 38.101607], [13.307274, 38.10175], [13.307093, 38.101783], [13.307007, 38.101591], [13.307011, 38.101388], [13.30703, 38.101245], [13.306944, 38.101041], [13.306902, 38.10091], [13.306768, 38.100824], [13.306664, 38.100727], [13.306411, 38.100593], [13.306156, 38.100541], [13.305932, 38.100443], [13.305724, 38.100309], [13.305712, 38.100201], [13.305687, 38.100162], [13.30572, 38.10001], [13.305752, 38.09994], [13.305827, 38.099906], [13.305878, 38.099894], [13.305885, 38.09987], [13.305935, 38.099656], [13.305787, 38.099535], [13.305761, 38.099355], [13.305763, 38.099239], [13.305739, 38.099199], [13.305712, 38.099069], [13.305745, 38.098952], [13.305791, 38.09887], [13.305823, 38.098764], [13.305826, 38.098665], [13.305794, 38.098557], [13.305601, 38.098411], [13.305516, 38.098207], [13.30558, 38.098053]]]}, "properties": {"pai_nmr": "039", "bacino": "F. Oreto", "provincia": "PA", "comune": "Palermo", "localita": "Contrada Chiusetta", "sigla": "039-6PM-068", "pericolo": "n.c.", "n_dsg": 4, "data_dsg": "2026-01-09", "ngurs_dsg": 4, "dgurs_dsg": "2026-01-23", "cls_dissesti_attivita": "Attivo", "col_dissesti_attivita": "#ff0000", "bor_dissesti_attivita": "#000000", "cls_dissesti_tipologia": "Crollo e/o ribaltamento", "col_dissesti_tipologia": "#000000", "bor_dissesti_tipologia": "#000000", "pat_dissesti_tipologia": "pai-dissesti_tipologia-0", "sup_ha": 6.2363}}, {"type": "Feature", "geometry": {"type": "Polygon", "coordinates": [[[13.364185, 38.099351], [13.364175, 38.099344], [13.364166, 38.099319], [13.364166, 38.099319], [13.36417, 38.099308], [13.364174, 38.099299], [13.364194, 38.099289], [13.364233, 38.099299], [13.364246, 38.099309], [13.364267, 38.099325], [13.364268, 38.099329], [13.364302, 38.099349], [13.36438, 38.099384], [13.364429, 38.09943], [13.364482, 38.099461], [13.364537, 38.099504], [13.364607, 38.09953], [13.364677, 38.099543], [13.364712, 38.099554], [13.36472, 38.099562], [13.364782, 38.099591], [13.364855, 38.099641], [13.364917, 38.099665], [13.364947, 38.099695], [13.364908, 38.099718], [13.364863, 38.099719], [13.364803, 38.099681], [13.364743, 38.099666], [13.364679, 38.099642], [13.36463, 38.099627], [13.364625, 38.099627], [13.364598, 38.099615], [13.364444, 38.099558], [13.364319, 38.099502], [13.364307, 38.099488], [13.364261, 38.099443], [13.364221, 38.099402], [13.364194, 38.099368], [13.364185, 38.099351]]]}, "properties": {"pai_nmr": "039", "bacino": "F. Oreto", "provincia": "PA", "comune": "Palermo", "localita": "Sponda sx Fiume Oreto", "sigla": "039-6PM-055", "pericolo": "n.c.", "n_dsg": 4, "data_dsg": "2026-01-09", "ngurs_dsg": 4, "dgurs_dsg": "2026-01-23", "cls_dissesti_attivita": "Attivo", "col_dissesti_attivita": "#ff0000", "bor_dissesti_attivita": "#000000", "cls_dissesti_tipologia": "Crollo e/o ribaltamento", "col_dissesti_tipologia": "#000000", "bor_dissesti_tipologia": "#000000", "pat_dissesti_tipologia": "pai-dissesti_tipologia-0", "sup_ha": 0.0741}}, {"type": "Feature", "geometry": {"type": "Polygon", "coordinates": [[[13.360827, 38.09839], [13.360857, 38.098357], [13.360886, 38.098345], [13.360912, 38.098335], [13.360941, 38.098335], [13.360961, 38.098339], [13.361095, 38.098448], [13.361237, 38.098543], [13.361443, 38.098639], [13.361704, 38.098714], [13.361903, 38.098745], [13.362092, 38.098769], [13.362218, 38.09879], [13.362315, 38.098784], [13.362461, 38.098793], [13.362617, 38.098777], [13.362861, 38.098809], [13.363041, 38.098847], [13.363274, 38.098929], [13.363282, 38.099008], [13.363218, 38.099007], [13.363182, 38.099006], [13.363155, 38.098999], [13.363029, 38.098983], [13.362758, 38.09895], [13.362551, 38.098904], [13.362422, 38.098911], [13.362404, 38.098907], [13.362348, 38.098909], [13.362317, 38.0989], [13.362042, 38.098896], [13.361778, 38.098906], [13.361731, 38.098898], [13.361619, 38.098863], [13.36152, 38.09884], [13.361367, 38.098802], [13.36117, 38.098721], [13.361027, 38.098619], [13.360953, 38.098557], [13.360891, 38.098495], [13.360832, 38.098463], [13.360826, 38.098439], [13.360827, 38.09839]]]}, "properties": {"pai_nmr": "039", "bacino": "F. Oreto", "provincia": "PA", "comune": "Palermo", "localita": "Sponda sx Fiume Oreto", "sigla": "039-6PM-056", "pericolo": "n.c.", "n_dsg": 4, "data_dsg": "2026-01-09", "ngurs_dsg": 4, "dgurs_dsg": "2026-01-23", "cls_dissesti_attivita": "Attivo", "col_dissesti_attivita": "#ff0000", "bor_dissesti_attivita": "#000000", "cls_dissesti_tipologia": "Crollo e/o ribaltamento", "col_dissesti_tipologia": "#000000", "bor_dissesti_tipologia": "#000000", "pat_dissesti_tipologia": "pai-dissesti_tipologia-0", "sup_ha": 0.3714}}, {"type": "Feature", "geometry": {"type": "Polygon", "coordinates": [[[13.355978, 38.095329], [13.356044, 38.095234], [13.356071, 38.095136], [13.356198, 38.094991], [13.356306, 38.094944], [13.356414, 38.094892], [13.356466, 38.094821], [13.356552, 38.094747], [13.356711, 38.094687], [13.35683, 38.094662], [13.357044, 38.094638], [13.357296, 38.094682], [13.357564, 38.094766], [13.357799, 38.094836], [13.357966, 38.094905], [13.358155, 38.095005], [13.358281, 38.095136], [13.358313, 38.095238], [13.358341, 38.09531], [13.358349, 38.095318], [13.35835, 38.095328], [13.358416, 38.095417], [13.358425, 38.095423], [13.358582, 38.095509], [13.358789, 38.095569], [13.359064, 38.095613], [13.359216, 38.095606], [13.359479, 38.095659], [13.359752, 38.095747], [13.359908, 38.095825], [13.360013, 38.095915], [13.360179, 38.09602], [13.360257, 38.096074], [13.3604, 38.096214], [13.360532, 38.096331], [13.360615, 38.096404], [13.360893, 38.096545], [13.361071, 38.096637], [13.36109, 38.096655], [13.361203, 38.096763], [13.361239, 38.096901], [13.361343, 38.097054], [13.361501, 38.097165], [13.361615, 38.09729], [13.361809, 38.097406], [13.362163, 38.09758], [13.362194, 38.09759], [13.362247, 38.097591], [13.362557, 38.097604], [13.362737, 38.097584], [13.362985, 38.09757], [13.363282, 38.097601], [13.363545, 38.097684], [13.363705, 38.09778], [13.363845, 38.097831], [13.364091, 38.09791], [13.364314, 38.098002], [13.36452, 38.098071], [13.364671, 38.098142], [13.364726, 38.098159], [13.364933, 38.098237], [13.365128, 38.098302], [13.365256, 38.098339], [13.365419, 38.098364], [13.365536, 38.098401], [13.365665, 38.098447], [13.365822, 38.098467], [13.365928, 38.098482], [13.365947, 38.098551], [13.36594, 38.098564], [13.365933, 38.09858], [13.365926, 38.098593], [13.365813, 38.098609], [13.365644, 38.098594], [13.365448, 38.098569], [13.365356, 38.098558], [13.365073, 38.098497], [13.364793, 38.098422], [13.36475, 38.098407], [13.364743, 38.098403], [13.364587, 38.098334], [13.364476, 38.098275], [13.364253, 38.098192], [13.364047, 38.0981], [13.363712, 38.097998], [13.363525, 38.097982], [13.363521, 38.097982], [13.363515, 38.097978], [13.363354, 38.097886], [13.363216, 38.0978], [13.363037, 38.09774], [13.362829, 38.097732], [13.362672, 38.09773], [13.362419, 38.097718], [13.362211, 38.097728], [13.362077, 38.097682], [13.361887, 38.097617], [13.361708, 38.09757], [13.361696, 38.097568], [13.361558, 38.097431], [13.36133, 38.09723], [13.361141, 38.097007], [13.361141, 38.097007], [13.361096, 38.096793], [13.361002, 38.096711], [13.360875, 38.096616], [13.360718, 38.096574], [13.360483, 38.096517], [13.360355, 38.096462], [13.360351, 38.096458], [13.360349, 38.096458], [13.36032, 38.096426], [13.360305, 38.096422], [13.360199, 38.096321], [13.360162, 38.096286], [13.360081, 38.096121], [13.359994, 38.095999], [13.3599, 38.095927], [13.359676, 38.095911], [13.359395, 38.09588], [13.359183, 38.095828], [13.359093, 38.095827], [13.358985, 38.095879], [13.358878, 38.095924], [13.358854, 38.095935], [13.358804, 38.095927], [13.358753, 38.095929], [13.358542, 38.095819], [13.35838, 38.095777], [13.358234, 38.095702], [13.358131, 38.095545], [13.357851, 38.095287], [13.357676, 38.095115], [13.357322, 38.094941], [13.357037, 38.09488], [13.356767, 38.094947], [13.356749, 38.094956], [13.356654, 38.094971], [13.356405, 38.095069], [13.35625, 38.0952], [13.356128, 38.095372], [13.356085, 38.095505], [13.35601, 38.095602], [13.355938, 38.095574], [13.355923, 38.095476], [13.355977, 38.095339], [13.355978, 38.095329]]]}, "properties": {"pai_nmr": "039", "bacino": "F. Oreto", "provincia": "PA", "comune": "Palermo", "localita": "Sponda dx Fiume Oreto", "sigla": "039-6PM-057", "pericolo": "n.c.", "n_dsg": 4, "data_dsg": "2026-01-09", "ngurs_dsg": 4, "dgurs_dsg": "2026-01-23", "cls_dissesti_attivita": "Attivo", "col_dissesti_attivita": "#ff0000", "bor_dissesti_attivita": "#000000", "cls_dissesti_tipologia": "Crollo e/o ribaltamento", "col_dissesti_tipologia": "#000000", "bor_dissesti_tipologia": "#000000", "pat_dissesti_tipologia": "pai-dissesti_tipologia-0", "sup_ha": 2.2844}}, {"type": "Feature", "geometry": {"type": "Polygon", "coordinates": [[[13.358317, 38.096881], [13.358312, 38.096864], [13.358303, 38.096836], [13.358302, 38.096834], [13.358304, 38.096832], [13.358328, 38.096799], [13.358359, 38.096792], [13.35836, 38.096792], [13.358382, 38.096814], [13.358419, 38.09685], [13.358472, 38.096904], [13.358578, 38.096955], [13.358589, 38.096958], [13.358698, 38.096959], [13.359051, 38.09706], [13.359277, 38.097105], [13.359622, 38.097223], [13.359778, 38.097339], [13.359897, 38.097466], [13.36002, 38.097695], [13.360058, 38.097724], [13.360061, 38.097726], [13.360061, 38.097727], [13.360109, 38.097814], [13.360152, 38.097905], [13.360305, 38.097977], [13.360358, 38.09803], [13.360373, 38.09806], [13.360365, 38.098075], [13.360356, 38.098093], [13.360321, 38.098092], [13.360303, 38.098085], [13.36027, 38.098073], [13.360135, 38.097983], [13.360032, 38.09785], [13.359921, 38.097735], [13.35986, 38.097703], [13.359859, 38.097703], [13.359761, 38.097672], [13.35968, 38.097646], [13.359643, 38.0976], [13.359639, 38.097588], [13.359637, 38.09758], [13.359648, 38.097508], [13.359668, 38.097445], [13.35966, 38.097393], [13.35962, 38.097337], [13.359532, 38.097311], [13.359419, 38.097279], [13.359252, 38.097225], [13.359101, 38.09719], [13.358954, 38.097135], [13.358802, 38.097123], [13.358683, 38.097087], [13.358545, 38.097035], [13.358449, 38.096992], [13.358429, 38.096983], [13.358354, 38.096927], [13.358317, 38.096894], [13.358318, 38.096883], [13.358317, 38.096881]]]}, "properties": {"pai_nmr": "039", "bacino": "F. Oreto", "provincia": "PA", "comune": "Palermo", "localita": "Sponda sx Fiume Oreto", "sigla": "039-6PM-058", "pericolo": "n.c.", "n_dsg": 4, "data_dsg": "2026-01-09", "ngurs_dsg": 4, "dgurs_dsg": "2026-01-23", "cls_dissesti_attivita": "Attivo", "col_dissesti_attivita": "#ff0000", "bor_dissesti_attivita": "#000000", "cls_dissesti_tipologia": "Crollo e/o ribaltamento", "col_dissesti_tipologia": "#000000", "bor_dissesti_tipologia": "#000000", "pat_dissesti_tipologia": "pai-dissesti_tipologia-0", "sup_ha": 0.2946}}, {"type": "Feature", "geometry": {"type": "Polygon", "coordinates": [[[13.350463, 38.092669], [13.35039, 38.092915], [13.350258, 38.093091], [13.350156, 38.093245], [13.350098, 38.093398], [13.35012, 38.093433], [13.350132, 38.0935], [13.350152, 38.093713], [13.350178, 38.093912], [13.350205, 38.094072], [13.350318, 38.094204], [13.35049, 38.094452], [13.350567, 38.09455], [13.350717, 38.094687], [13.350941, 38.094778], [13.351215, 38.094825], [13.351576, 38.094811], [13.35178, 38.094731], [13.352009, 38.09459], [13.352166, 38.094423], [13.352201, 38.094379], [13.352272, 38.094332], [13.35233, 38.094179], [13.352353, 38.093976], [13.352307, 38.09384], [13.352347, 38.093691], [13.352433, 38.093661], [13.352452, 38.093654], [13.352523, 38.093742], [13.352533, 38.093867], [13.35253, 38.093998], [13.352459, 38.094156], [13.352467, 38.094326], [13.352435, 38.094377], [13.35236, 38.094493], [13.352352, 38.09453], [13.352284, 38.094574], [13.352085, 38.094741], [13.351931, 38.094801], [13.351702, 38.094919], [13.351493, 38.094983], [13.351397, 38.094989], [13.351333, 38.095001], [13.351101, 38.094983], [13.35084, 38.094936], [13.350701, 38.094852], [13.350545, 38.094738], [13.350371, 38.094567], [13.35033, 38.094489], [13.350186, 38.094376], [13.350074, 38.094205], [13.349985, 38.094078], [13.349941, 38.09385], [13.349949, 38.093507], [13.349983, 38.093329], [13.350035, 38.093185], [13.350052, 38.09317], [13.350087, 38.093016], [13.350312, 38.092539], [13.350519, 38.092075], [13.350692, 38.091824], [13.350696, 38.091822], [13.350734, 38.091765], [13.350758, 38.091748], [13.350802, 38.091717], [13.350882, 38.091699], [13.350886, 38.091705], [13.350898, 38.091722], [13.350923, 38.091758], [13.350872, 38.091811], [13.350823, 38.091863], [13.350747, 38.091982], [13.350701, 38.092112], [13.350612, 38.092275], [13.350561, 38.092371], [13.350535, 38.092458], [13.350539, 38.092468], [13.350463, 38.092669]]]}, "properties": {"pai_nmr": "039", "bacino": "F. Oreto", "provincia": "PA", "comune": "Palermo", "localita": "Sponda sx Fiume Oreto", "sigla": "039-6PM-059", "pericolo": "n.c.", "n_dsg": 4, "data_dsg": "2026-01-09", "ngurs_dsg": 4, "dgurs_dsg": "2026-01-23", "cls_dissesti_attivita": "Attivo", "col_dissesti_attivita": "#ff0000", "bor_dissesti_attivita": "#000000", "cls_dissesti_tipologia": "Crollo e/o ribaltamento", "col_dissesti_tipologia": "#000000", "bor_dissesti_tipologia": "#000000", "pat_dissesti_tipologia": "pai-dissesti_tipologia-0", "sup_ha": 1.0124}}, {"type": "Feature", "geometry": {"type": "Polygon", "coordinates": [[[13.351655, 38.092984], [13.351722, 38.092928], [13.351922, 38.092748], [13.352207, 38.092592], [13.352527, 38.09249], [13.352779, 38.092436], [13.353042, 38.09242], [13.353056, 38.092423], [13.353069, 38.092422], [13.353247, 38.092446], [13.353249, 38.092438], [13.353597, 38.092491], [13.353901, 38.092543], [13.354193, 38.092615], [13.354495, 38.092769], [13.354779, 38.092923], [13.354984, 38.09308], [13.355029, 38.09315], [13.355037, 38.093156], [13.355247, 38.093357], [13.355261, 38.093541], [13.355274, 38.093753], [13.35518, 38.093964], [13.355121, 38.094189], [13.354935, 38.094497], [13.354881, 38.094583], [13.354795, 38.094658], [13.354686, 38.094632], [13.35465, 38.094583], [13.354683, 38.094492], [13.354795, 38.094406], [13.354889, 38.094306], [13.354934, 38.094191], [13.355029, 38.094057], [13.355038, 38.093922], [13.355028, 38.093908], [13.35503, 38.093893], [13.355037, 38.09384], [13.355055, 38.09371], [13.355082, 38.093599], [13.355054, 38.093502], [13.354959, 38.093365], [13.354852, 38.093238], [13.35472, 38.093091], [13.354576, 38.092988], [13.35437, 38.092898], [13.354098, 38.092788], [13.35377, 38.092687], [13.353436, 38.09259], [13.353216, 38.092563], [13.352819, 38.092543], [13.352451, 38.092625], [13.352435, 38.092634], [13.35242, 38.092634], [13.352166, 38.092775], [13.351949, 38.092903], [13.351861, 38.09302], [13.351751, 38.09303], [13.351669, 38.093131], [13.351598, 38.093294], [13.351581, 38.093316], [13.351561, 38.093318], [13.35154, 38.093298], [13.35153, 38.093307], [13.351457, 38.093316], [13.351415, 38.093258], [13.351484, 38.093196], [13.351536, 38.093066], [13.351635, 38.092995], [13.351655, 38.092984]]]}, "properties": {"pai_nmr": "039", "bacino": "F. Oreto", "provincia": "PA", "comune": "Palermo", "localita": "Sponda dx Fiume Oreto", "sigla": "039-6PM-060", "pericolo": "n.c.", "n_dsg": 4, "data_dsg": "2026-01-09", "ngurs_dsg": 4, "dgurs_dsg": "2026-01-23", "cls_dissesti_attivita": "Attivo", "col_dissesti_attivita": "#ff0000", "bor_dissesti_attivita": "#000000", "cls_dissesti_tipologia": "Crollo e/o ribaltamento", "col_dissesti_tipologia": "#000000", "bor_dissesti_tipologia": "#000000", "pat_dissesti_tipologia": "pai-dissesti_tipologia-0", "sup_ha": 0.8459}}, {"type": "Feature", "geometry": {"type": "Polygon", "coordinates": [[[13.348134, 38.089473], [13.348142, 38.089455], [13.348, 38.089345], [13.347848, 38.089243], [13.34767, 38.089184], [13.347669, 38.089183], [13.347668, 38.089182], [13.347509, 38.089031], [13.347609, 38.089011], [13.347799, 38.089042], [13.347898, 38.089036], [13.348053, 38.089024], [13.348296, 38.089049], [13.348585, 38.089103], [13.348746, 38.08917], [13.348943, 38.089273], [13.349214, 38.089305], [13.349404, 38.089201], [13.349619, 38.089165], [13.349832, 38.089211], [13.349992, 38.089284], [13.350152, 38.0893], [13.350224, 38.089287], [13.350237, 38.089279], [13.350237, 38.089277], [13.350243, 38.089274], [13.35033, 38.089192], [13.35036, 38.089042], [13.350487, 38.08903], [13.350585, 38.08911], [13.350727, 38.089212], [13.350733, 38.089232], [13.350778, 38.089384], [13.350819, 38.089557], [13.350953, 38.089637], [13.350986, 38.089667], [13.351025, 38.089674], [13.351042, 38.089685], [13.351188, 38.089775], [13.351392, 38.089855], [13.35171, 38.090015], [13.352045, 38.090203], [13.352257, 38.090469], [13.352322, 38.090606], [13.352351, 38.090665], [13.352447, 38.090845], [13.352476, 38.091139], [13.352372, 38.091338], [13.352286, 38.09153], [13.352129, 38.091707], [13.351952, 38.091807], [13.351908, 38.091832], [13.351742, 38.09198], [13.351576, 38.092135], [13.351489, 38.092384], [13.351479, 38.09248], [13.351271, 38.092835], [13.351156, 38.093183], [13.351125, 38.093245], [13.351062, 38.093265], [13.350991, 38.093186], [13.351013, 38.093], [13.351117, 38.092808], [13.351203, 38.092616], [13.351234, 38.092424], [13.35133, 38.092196], [13.351361, 38.092118], [13.351433, 38.092003], [13.35158, 38.091836], [13.35189, 38.091572], [13.352018, 38.091446], [13.352164, 38.091279], [13.352295, 38.09104], [13.352173, 38.090879], [13.352045, 38.090604], [13.351931, 38.090423], [13.351725, 38.090327], [13.351723, 38.090328], [13.351633, 38.09024], [13.351333, 38.090066], [13.351068, 38.089949], [13.35096, 38.089879], [13.350813, 38.089828], [13.350582, 38.089646], [13.350557, 38.089524], [13.350449, 38.089494], [13.350223, 38.08952], [13.350037, 38.089468], [13.349792, 38.089436], [13.349541, 38.089447], [13.349272, 38.0895], [13.349022, 38.089468], [13.348809, 38.08938], [13.348597, 38.089264], [13.348354, 38.089175], [13.348285, 38.089142], [13.348149, 38.089176], [13.348138, 38.0892], [13.348136, 38.089204], [13.34812, 38.08924], [13.348325, 38.089371], [13.348485, 38.089509], [13.348583, 38.089582], [13.348651, 38.089784], [13.348594, 38.089912], [13.348472, 38.090074], [13.348403, 38.090199], [13.348343, 38.09025], [13.348142, 38.090431], [13.34801, 38.090598], [13.347879, 38.090717], [13.347731, 38.090844], [13.347539, 38.090934], [13.347534, 38.090881], [13.347636, 38.090678], [13.347766, 38.09044], [13.347986, 38.090217], [13.348186, 38.09005], [13.348332, 38.089911], [13.34839, 38.089742], [13.348322, 38.089599], [13.348134, 38.089473]]]}, "properties": {"pai_nmr": "039", "bacino": "F. Oreto", "provincia": "PA", "comune": "Palermo", "localita": "Sponda dx Fiume Oreto", "sigla": "039-6PM-061", "pericolo": "n.c.", "n_dsg": 4, "data_dsg": "2026-01-09", "ngurs_dsg": 4, "dgurs_dsg": "2026-01-23", "cls_dissesti_attivita": "Attivo", "col_dissesti_attivita": "#ff0000", "bor_dissesti_attivita": "#000000", "cls_dissesti_tipologia": "Crollo e/o ribaltamento", "col_dissesti_tipologia": "#000000", "bor_dissesti_tipologia": "#000000", "pat_dissesti_tipologia": "pai-dissesti_tipologia-0", "sup_ha": 2.2501}}, {"type": "Feature", "geometry": {"type": "Polygon", "coordinates": [[[13.34537, 38.091168], [13.345494, 38.091283], [13.345503, 38.091327], [13.345618, 38.091408], [13.34576, 38.091567], [13.345974, 38.091692], [13.346242, 38.091831], [13.346549, 38.0919], [13.346829, 38.091918], [13.34729, 38.091946], [13.347617, 38.091894], [13.347908, 38.091812], [13.348065, 38.0917], [13.348094, 38.091622], [13.348186, 38.091558], [13.3482, 38.091538], [13.348232, 38.091494], [13.348373, 38.091289], [13.348397, 38.091268], [13.348511, 38.091169], [13.348722, 38.091065], [13.348726, 38.091075], [13.348729, 38.091083], [13.348749, 38.091073], [13.348775, 38.091101], [13.348765, 38.091144], [13.34871, 38.091166], [13.348655, 38.091221], [13.348534, 38.091348], [13.348524, 38.091357], [13.348496, 38.091397], [13.348275, 38.091662], [13.348215, 38.09172], [13.347998, 38.091863], [13.347759, 38.092017], [13.347485, 38.092113], [13.347095, 38.092144], [13.346923, 38.092152], [13.346751, 38.09216], [13.346408, 38.092098], [13.346192, 38.092052], [13.345987, 38.091928], [13.34594, 38.091887], [13.3458, 38.091768], [13.345676, 38.091687], [13.34538, 38.09154], [13.345346, 38.091521], [13.345229, 38.091438], [13.345122, 38.091358], [13.345033, 38.091271], [13.345, 38.091156], [13.344937, 38.091119], [13.344856, 38.091089], [13.344722, 38.091016], [13.344688, 38.090996], [13.344579, 38.090935], [13.34449, 38.090862], [13.344497, 38.09083], [13.344511, 38.090763], [13.344556, 38.090756], [13.344644, 38.090886], [13.344787, 38.09096], [13.344967, 38.090998], [13.345129, 38.09105], [13.34537, 38.091168]]]}, "properties": {"pai_nmr": "039", "bacino": "F. Oreto", "provincia": "PA", "comune": "Palermo", "localita": "Sponda sx Fiume Oreto", "sigla": "039-6PM-062", "pericolo": "n.c.", "n_dsg": 4, "data_dsg": "2026-01-09", "ngurs_dsg": 4, "dgurs_dsg": "2026-01-23", "cls_dissesti_attivita": "Attivo", "col_dissesti_attivita": "#ff0000", "bor_dissesti_attivita": "#000000", "cls_dissesti_tipologia": "Crollo e/o ribaltamento", "col_dissesti_tipologia": "#000000", "bor_dissesti_tipologia": "#000000", "pat_dissesti_tipologia": "pai-dissesti_tipologia-0", "sup_ha": 0.8486}}, {"type": "Feature", "geometry": {"type": "Polygon", "coordinates": [[[13.3422, 38.066688], [13.342205, 38.066684], [13.342169, 38.066609], [13.342188, 38.066511], [13.342189, 38.066452], [13.342033, 38.066404], [13.341952, 38.066324], [13.341928, 38.066271], [13.341847, 38.066205], [13.341897, 38.066166], [13.341973, 38.066134], [13.342106, 38.066117], [13.342255, 38.066093], [13.342404, 38.066095], [13.342495, 38.066116], [13.342566, 38.066261], [13.342553, 38.066279], [13.342564, 38.066359], [13.34257, 38.06647], [13.342658, 38.066616], [13.342647, 38.06672], [13.342627, 38.066877], [13.342541, 38.067001], [13.342533, 38.067038], [13.342519, 38.067048], [13.342481, 38.067098], [13.342413, 38.067176], [13.342323, 38.067155], [13.342233, 38.067088], [13.342152, 38.067021], [13.342136, 38.066975], [13.342088, 38.066909], [13.342022, 38.066882], [13.341923, 38.066861], [13.34199, 38.066829], [13.342114, 38.066857], [13.342152, 38.066857], [13.342188, 38.066858], [13.34227, 38.066918], [13.342336, 38.066939], [13.342321, 38.06686], [13.342264, 38.066813], [13.342237, 38.066776], [13.342216, 38.066747], [13.3422, 38.066688]]]}, "properties": {"pai_nmr": "039", "bacino": "F. Oreto", "provincia": "PA", "comune": "Palermo", "localita": "SE di Monte Starabba", "sigla": "039-6PM-063", "pericolo": "n.c.", "n_dsg": 4, "data_dsg": "2026-01-09", "ngurs_dsg": 4, "dgurs_dsg": "2026-01-23", "cls_dissesti_attivita": "Attivo", "col_dissesti_attivita": "#ff0000", "bor_dissesti_attivita": "#000000", "cls_dissesti_tipologia": "Crollo e/o ribaltamento", "col_dissesti_tipologia": "#000000", "bor_dissesti_tipologia": "#000000", "pat_dissesti_tipologia": "pai-dissesti_tipologia-0", "sup_ha": 0.4728}}, {"type": "Feature", "geometry": {"type": "Polygon", "coordinates": [[[13.33785, 38.071339], [13.337861, 38.071321], [13.337919, 38.071296], [13.337973, 38.071277], [13.337999, 38.071237], [13.33801, 38.071224], [13.338012, 38.071222], [13.33805, 38.07121], [13.33808, 38.071211], [13.338118, 38.071225], [13.338135, 38.071241], [13.338147, 38.071252], [13.338152, 38.071257], [13.33819, 38.071248], [13.338218, 38.071242], [13.338228, 38.071236], [13.338259, 38.071225], [13.338329, 38.071216], [13.338344, 38.071232], [13.338343, 38.071274], [13.338336, 38.071288], [13.338325, 38.07131], [13.338286, 38.071347], [13.33825, 38.071384], [13.338234, 38.071428], [13.338231, 38.07146], [13.338275, 38.071488], [13.33829, 38.071507], [13.338295, 38.071514], [13.338299, 38.071552], [13.338266, 38.071574], [13.338254, 38.071577], [13.338202, 38.071593], [13.338159, 38.071622], [13.338168, 38.07168], [13.338192, 38.07172], [13.338165, 38.07174], [13.338164, 38.071741], [13.338161, 38.071741], [13.338098, 38.071742], [13.338043, 38.07175], [13.338009, 38.071779], [13.337971, 38.071808], [13.337944, 38.071814], [13.337933, 38.071816], [13.3379, 38.071807], [13.337888, 38.071805], [13.33784, 38.071786], [13.337816, 38.07176], [13.337787, 38.07171], [13.337724, 38.071697], [13.337668, 38.071712], [13.33758, 38.071707], [13.337523, 38.071684], [13.337523, 38.071683], [13.33748, 38.07167], [13.337435, 38.071655], [13.337398, 38.071641], [13.337351, 38.071612], [13.337361, 38.071589], [13.337389, 38.071584], [13.337401, 38.071582], [13.337419, 38.071579], [13.337439, 38.07158], [13.33749, 38.07158], [13.337558, 38.071581], [13.337646, 38.071573], [13.337742, 38.071562], [13.337763, 38.071533], [13.337792, 38.071473], [13.337785, 38.071449], [13.33778, 38.071433], [13.337807, 38.071386], [13.337842, 38.071362], [13.337849, 38.071354], [13.33785, 38.071339]]]}, "properties": {"pai_nmr": "039", "bacino": "F. Oreto", "provincia": "PA", "comune": "Palermo", "localita": "NW di Monte Starabba", "sigla": "039-6PM-064", "pericolo": "n.c.", "n_dsg": 4, "data_dsg": "2026-01-09", "ngurs_dsg": 4, "dgurs_dsg": "2026-01-23", "cls_dissesti_attivita": "Attivo", "col_dissesti_attivita": "#ff0000", "bor_dissesti_attivita": "#000000", "cls_dissesti_tipologia": "Crollo e/o ribaltamento", "col_dissesti_tipologia": "#000000", "bor_dissesti_tipologia": "#000000", "pat_dissesti_tipologia": "pai-dissesti_tipologia-0", "sup_ha": 0.2725}}, {"type": "Feature", "geometry": {"type": "Polygon", "coordinates": [[[13.340962, 38.088478], [13.34129, 38.088448], [13.341413, 38.088473], [13.341467, 38.088452], [13.34154, 38.088424], [13.341884, 38.088444], [13.342063, 38.088518], [13.342104, 38.088543], [13.342313, 38.088671], [13.342473, 38.08881], [13.342521, 38.088875], [13.342605, 38.08899], [13.3427, 38.089163], [13.342601, 38.089176], [13.342495, 38.089039], [13.342362, 38.088901], [13.3423, 38.088803], [13.342266, 38.088749], [13.342105, 38.088668], [13.341898, 38.088615], [13.34169, 38.088613], [13.341587, 38.088649], [13.341578, 38.088648], [13.341408, 38.088687], [13.341126, 38.088762], [13.340835, 38.088801], [13.340631, 38.088771], [13.340564, 38.088761], [13.340311, 38.08875], [13.340031, 38.088746], [13.339733, 38.088721], [13.339498, 38.088689], [13.33929, 38.088582], [13.339283, 38.088579], [13.339105, 38.088469], [13.338936, 38.088316], [13.338568, 38.088204], [13.338408, 38.088073], [13.338184, 38.087955], [13.338159, 38.087854], [13.33816, 38.087819], [13.338259, 38.087834], [13.338457, 38.087923], [13.338563, 38.088032], [13.338885, 38.088194], [13.339206, 38.088391], [13.339718, 38.088549], [13.34028, 38.088543], [13.340678, 38.088541], [13.340729, 38.088539], [13.340962, 38.088478]]]}, "properties": {"pai_nmr": "039", "bacino": "F. Oreto", "provincia": "PA", "comune": "Palermo", "localita": "Sponda sx Fiume Oreto", "sigla": "039-6PM-065", "pericolo": "n.c.", "n_dsg": 4, "data_dsg": "2026-01-09", "ngurs_dsg": 4, "dgurs_dsg": "2026-01-23", "cls_dissesti_attivita": "Attivo", "col_dissesti_attivita": "#ff0000", "bor_dissesti_attivita": "#000000", "cls_dissesti_tipologia": "Crollo e/o ribaltamento", "col_dissesti_tipologia": "#000000", "bor_dissesti_tipologia": "#000000", "pat_dissesti_tipologia": "pai-dissesti_tipologia-0", "sup_ha": 0.8354}}, {"type": "Feature", "geometry": {"type": "Polygon", "coordinates": [[[13.341952, 38.087692], [13.342011, 38.087692], [13.342204, 38.087662], [13.342355, 38.087646], [13.342547, 38.087653], [13.342767, 38.087675], [13.342946, 38.087723], [13.34312, 38.087753], [13.343357, 38.087812], [13.34351, 38.087861], [13.343564, 38.087879], [13.343678, 38.087981], [13.34374, 38.088079], [13.343784, 38.088176], [13.343792, 38.088193], [13.343824, 38.088264], [13.343862, 38.088347], [13.343887, 38.088512], [13.343885, 38.088576], [13.343883, 38.088682], [13.34395, 38.088793], [13.343963, 38.088807], [13.343967, 38.088817], [13.344056, 38.088988], [13.344217, 38.089064], [13.344431, 38.089135], [13.344575, 38.089188], [13.344692, 38.08927], [13.344695, 38.089272], [13.344696, 38.089276], [13.344761, 38.089406], [13.344691, 38.089433], [13.344524, 38.089371], [13.34437, 38.089268], [13.344214, 38.089201], [13.344008, 38.089079], [13.343848, 38.088934], [13.343759, 38.088777], [13.343694, 38.088602], [13.343689, 38.088546], [13.343642, 38.088391], [13.343631, 38.088355], [13.343629, 38.088346], [13.343621, 38.088321], [13.343613, 38.088293], [13.343506, 38.088121], [13.343479, 38.088061], [13.343272, 38.087962], [13.343134, 38.087905], [13.343001, 38.08787], [13.342943, 38.087842], [13.342461, 38.087821], [13.342405, 38.087822], [13.342375, 38.087816], [13.342224, 38.0878], [13.342032, 38.087811], [13.341916, 38.087814], [13.341864, 38.087777], [13.341883, 38.087708], [13.341952, 38.087692]]]}, "properties": {"pai_nmr": "039", "bacino": "F. Oreto", "provincia": "PA", "comune": "Palermo", "localita": "Sponda dx Fiume Oreto", "sigla": "039-6PM-066", "pericolo": "n.c.", "n_dsg": 4, "data_dsg": "2026-01-09", "ngurs_dsg": 4, "dgurs_dsg": "2026-01-23", "cls_dissesti_attivita": "Attivo", "col_dissesti_attivita": "#ff0000", "bor_dissesti_attivita": "#000000", "cls_dissesti_tipologia": "Crollo e/o ribaltamento", "col_dissesti_tipologia": "#000000", "bor_dissesti_tipologia": "#000000", "pat_dissesti_tipologia": "pai-dissesti_tipologia-0", "sup_ha": 0.5719}}, {"type": "Feature", "geometry": {"type": "Polygon", "coordinates": [[[13.333771, 38.085834], [13.333773, 38.085829], [13.333786, 38.08583], [13.333918, 38.085853], [13.334088, 38.08589], [13.334318, 38.085959], [13.334564, 38.086015], [13.334817, 38.086062], [13.335195, 38.086146], [13.335409, 38.086197], [13.335499, 38.086261], [13.335494, 38.086311], [13.335383, 38.08634], [13.335219, 38.086307], [13.335182, 38.086303], [13.335021, 38.086287], [13.334884, 38.086241], [13.334676, 38.086195], [13.334504, 38.086141], [13.334501, 38.08614], [13.334336, 38.086116], [13.334329, 38.086115], [13.334237, 38.086119], [13.333925, 38.086049], [13.333678, 38.086007], [13.333448, 38.085934], [13.3334, 38.085876], [13.333466, 38.08586], [13.333648, 38.085845], [13.333771, 38.085834]]]}, "properties": {"pai_nmr": "039", "bacino": "F. Oreto", "provincia": "PA", "comune": "Palermo", "localita": "Sponda sx Fiume Oreto", "sigla": "039-6PM-067", "pericolo": "n.c.", "n_dsg": 4, "data_dsg": "2026-01-09", "ngurs_dsg": 4, "dgurs_dsg": "2026-01-23", "cls_dissesti_attivita": "Attivo", "col_dissesti_attivita": "#ff0000", "bor_dissesti_attivita": "#000000", "cls_dissesti_tipologia": "Crollo e/o ribaltamento", "col_dissesti_tipologia": "#000000", "bor_dissesti_tipologia": "#000000", "pat_dissesti_tipologia": "pai-dissesti_tipologia-0", "sup_ha": 0.3209}}, {"type": "Feature", "geometry": {"type": "Polygon", "coordinates": [[[13.383862, 38.087225], [13.384038, 38.08724], [13.384139, 38.087215], [13.384192, 38.087175], [13.384227, 38.087161], [13.384288, 38.087142], [13.384365, 38.087163], [13.384416, 38.087185], [13.384467, 38.087219], [13.384491, 38.087234], [13.384733, 38.087312], [13.384792, 38.087402], [13.384903, 38.087465], [13.385031, 38.087555], [13.385106, 38.087672], [13.385112, 38.087789], [13.385102, 38.087805], [13.385123, 38.08783], [13.385044, 38.087939], [13.384935, 38.088055], [13.384827, 38.088134], [13.384779, 38.088133], [13.384745, 38.088128], [13.384746, 38.088085], [13.384714, 38.0879], [13.384663, 38.087758], [13.384399, 38.087599], [13.384095, 38.087581], [13.383971, 38.087571], [13.383924, 38.087547], [13.383754, 38.087421], [13.383669, 38.087345], [13.38354, 38.087343], [13.383514, 38.087336], [13.383445, 38.087315], [13.383222, 38.087236], [13.383155, 38.087154], [13.383251, 38.087107], [13.383387, 38.087191], [13.383463, 38.087213], [13.383533, 38.087234], [13.383736, 38.087255], [13.383752, 38.087256], [13.383766, 38.087258], [13.383774, 38.087251], [13.383775, 38.087251], [13.383862, 38.087225]]]}, "properties": {"pai_nmr": "038", "bacino": "Area tra F. Eleuterio e F. Oreto", "provincia": "PA", "comune": "Palermo", "localita": "Fondo Brasca", "sigla": "038-6PM-021", "pericolo": "n.c.", "n_dsg": 4, "data_dsg": "2026-01-09", "ngurs_dsg": 4, "dgurs_dsg": "2026-01-23", "cls_dissesti_attivita": "Attivo", "col_dissesti_attivita": "#ff0000", "bor_dissesti_attivita": "#000000", "cls_dissesti_tipologia": "Crollo e/o ribaltamento", "col_dissesti_tipologia": "#000000", "bor_dissesti_tipologia": "#000000", "pat_dissesti_tipologia": "pai-dissesti_tipologia-0", "sup_ha": 0.6369}}, {"type": "Feature", "geometry": {"type": "Polygon", "coordinates": [[[13.381133, 38.08323], [13.381141, 38.083223], [13.381163, 38.08322], [13.381174, 38.083193], [13.381202, 38.083127], [13.381278, 38.082942], [13.381415, 38.082894], [13.381455, 38.08273], [13.381521, 38.082602], [13.381723, 38.082476], [13.381767, 38.082445], [13.381852, 38.082385], [13.381998, 38.082323], [13.382126, 38.082239], [13.38231, 38.08212], [13.382359, 38.081934], [13.382471, 38.081793], [13.382597, 38.081802], [13.382614, 38.081852], [13.382609, 38.08189], [13.382593, 38.081907], [13.382465, 38.082047], [13.38239, 38.082215], [13.382207, 38.082383], [13.382024, 38.082578], [13.381859, 38.082745], [13.381729, 38.082955], [13.381634, 38.083237], [13.381591, 38.083447], [13.381584, 38.083454], [13.381376, 38.083553], [13.381359, 38.083516], [13.381322, 38.083614], [13.381247, 38.083754], [13.381226, 38.083794], [13.381232, 38.083822], [13.38122, 38.08395], [13.381336, 38.084016], [13.381534, 38.084062], [13.381559, 38.084155], [13.381539, 38.084262], [13.381348, 38.084281], [13.381233, 38.084172], [13.38109, 38.084106], [13.380956, 38.083985], [13.380894, 38.083953], [13.380908, 38.083717], [13.38091, 38.083688], [13.380918, 38.08358], [13.380921, 38.083524], [13.380922, 38.083506], [13.380987, 38.083383], [13.381133, 38.08323]]]}, "properties": {"pai_nmr": "038", "bacino": "Area tra F. Eleuterio e F. Oreto", "provincia": "PA", "comune": "Palermo", "localita": "Cimitero di S.Maria di Gesù", "sigla": "038-6PM-022", "pericolo": "n.c.", "n_dsg": 4, "data_dsg": "2026-01-09", "ngurs_dsg": 4, "dgurs_dsg": "2026-01-23", "cls_dissesti_attivita": "Attivo", "col_dissesti_attivita": "#ff0000", "bor_dissesti_attivita": "#000000", "cls_dissesti_tipologia": "Crollo e/o ribaltamento", "col_dissesti_tipologia": "#000000", "bor_dissesti_tipologia": "#000000", "pat_dissesti_tipologia": "pai-dissesti_tipologia-0", "sup_ha": 0.8972}}, {"type": "Feature", "geometry": {"type": "Polygon", "coordinates": [[[13.379789, 38.079867], [13.379862, 38.079868], [13.379918, 38.079798], [13.379955, 38.079748], [13.380054, 38.079771], [13.380107, 38.079822], [13.380142, 38.079887], [13.380123, 38.079944], [13.380112, 38.080015], [13.380078, 38.080025], [13.380075, 38.080043], [13.380012, 38.080042], [13.379896, 38.079976], [13.379815, 38.079954], [13.379697, 38.079966], [13.379596, 38.080008], [13.379433, 38.080013], [13.379352, 38.080012], [13.379322, 38.080003], [13.379319, 38.080006], [13.379186, 38.079978], [13.379064, 38.079935], [13.378969, 38.079825], [13.378973, 38.079683], [13.378953, 38.079571], [13.37888, 38.079482], [13.378792, 38.079425], [13.378694, 38.079335], [13.378707, 38.079256], [13.37876, 38.079192], [13.378772, 38.079174], [13.378884, 38.079082], [13.379048, 38.07902], [13.37905, 38.078942], [13.379042, 38.078877], [13.379043, 38.078813], [13.379117, 38.078778], [13.379132, 38.078775], [13.379152, 38.078804], [13.379184, 38.078872], [13.379201, 38.078954], [13.37918, 38.079057], [13.37914, 38.0791], [13.379036, 38.079163], [13.378943, 38.079262], [13.378922, 38.079376], [13.379021, 38.079428], [13.379155, 38.079515], [13.379218, 38.07953], [13.379207, 38.079623], [13.37916, 38.07968], [13.379159, 38.079746], [13.379149, 38.079773], [13.379229, 38.079831], [13.37931, 38.079839], [13.37939, 38.079831], [13.379401, 38.079833], [13.379536, 38.07985], [13.379653, 38.079887], [13.379789, 38.079867]]]}, "properties": {"pai_nmr": "038", "bacino": "Area tra F. Eleuterio e F. Oreto", "provincia": "PA", "comune": "Palermo", "localita": "SW di Cimitero di S.Maria di Ges", "sigla": "038-6PM-023", "pericolo": "n.c.", "n_dsg": 4, "data_dsg": "2026-01-09", "ngurs_dsg": 4, "dgurs_dsg": "2026-01-23", "cls_dissesti_attivita": "Attivo", "col_dissesti_attivita": "#ff0000", "bor_dissesti_attivita": "#000000", "cls_dissesti_tipologia": "Crollo e/o ribaltamento", "col_dissesti_tipologia": "#000000", "bor_dissesti_tipologia": "#000000", "pat_dissesti_tipologia": "pai-dissesti_tipologia-0", "sup_ha": 0.3794}}, {"type": "Feature", "geometry": {"type": "Polygon", "coordinates": [[[13.384123, 38.069739], [13.38412, 38.069877], [13.384044, 38.070071], [13.384038, 38.070079], [13.384043, 38.070086], [13.384022, 38.070127], [13.383926, 38.070297], [13.38393, 38.070311], [13.383922, 38.070377], [13.38388, 38.070458], [13.38383, 38.070503], [13.383758, 38.070542], [13.383705, 38.0706], [13.38365, 38.07066], [13.383642, 38.070729], [13.383619, 38.070773], [13.383576, 38.070828], [13.383548, 38.070856], [13.383524, 38.070856], [13.383484, 38.070839], [13.383442, 38.07082], [13.383433, 38.070814], [13.383407, 38.070796], [13.383401, 38.070791], [13.383381, 38.070773], [13.383372, 38.070766], [13.383358, 38.070711], [13.383376, 38.070676], [13.383408, 38.070643], [13.383439, 38.070625], [13.383453, 38.070617], [13.383497, 38.07057], [13.383508, 38.070549], [13.383572, 38.070495], [13.3837, 38.070294], [13.383776, 38.0701], [13.38378, 38.07009], [13.383863, 38.069881], [13.383948, 38.069769], [13.38392, 38.069646], [13.383836, 38.069627], [13.383768, 38.069612], [13.383749, 38.069593], [13.383737, 38.069581], [13.383737, 38.06958], [13.383737, 38.069548], [13.383712, 38.069503], [13.38368, 38.06944], [13.383643, 38.069397], [13.383579, 38.069336], [13.383537, 38.069325], [13.383491, 38.069307], [13.383442, 38.069301], [13.38344, 38.0693], [13.383392, 38.069277], [13.383358, 38.069261], [13.383357, 38.069227], [13.383402, 38.069203], [13.383405, 38.069203], [13.383427, 38.069202], [13.383491, 38.069187], [13.383525, 38.069177], [13.383552, 38.069138], [13.383553, 38.069137], [13.383591, 38.069122], [13.383657, 38.069133], [13.383692, 38.06917], [13.383705, 38.069184], [13.383716, 38.069195], [13.383787, 38.069218], [13.383837, 38.069206], [13.383845, 38.069204], [13.383914, 38.0692], [13.383965, 38.069206], [13.383992, 38.069185], [13.384033, 38.069166], [13.384075, 38.069179], [13.384106, 38.069199], [13.384147, 38.069226], [13.384187, 38.06926], [13.384228, 38.069289], [13.384261, 38.069328], [13.38429, 38.069367], [13.384298, 38.069378], [13.384286, 38.069418], [13.384256, 38.069455], [13.384217, 38.069477], [13.384144, 38.069476], [13.384077, 38.069494], [13.384089, 38.069545], [13.384121, 38.069597], [13.384136, 38.06962], [13.384123, 38.069739]]]}, "properties": {"pai_nmr": "038", "bacino": "Area tra F. Eleuterio e F. Oreto", "provincia": "PA", "comune": "Palermo", "localita": "E di Pizzo Forbice", "sigla": "038-6PM-024", "pericolo": "n.c.", "n_dsg": 4, "data_dsg": "2026-01-09", "ngurs_dsg": 4, "dgurs_dsg": "2026-01-23", "cls_dissesti_attivita": "Attivo", "col_dissesti_attivita": "#ff0000", "bor_dissesti_attivita": "#000000", "cls_dissesti_tipologia": "Crollo e/o ribaltamento", "col_dissesti_tipologia": "#000000", "bor_dissesti_tipologia": "#000000", "pat_dissesti_tipologia": "pai-dissesti_tipologia-0", "sup_ha": 0.5411}}, {"type": "Feature", "geometry": {"type": "Polygon", "coordinates": [[[13.376038, 38.074805], [13.376043, 38.074803], [13.376074, 38.074835], [13.376109, 38.074879], [13.376145, 38.074941], [13.376161, 38.07502], [13.376191, 38.075097], [13.376209, 38.075129], [13.376281, 38.075192], [13.376385, 38.075226], [13.376472, 38.075245], [13.376585, 38.075283], [13.376657, 38.07532], [13.376717, 38.075335], [13.376834, 38.075391], [13.376854, 38.075399], [13.376854, 38.075413], [13.376861, 38.075417], [13.376983, 38.075483], [13.377087, 38.075535], [13.377154, 38.07563], [13.377192, 38.075732], [13.377151, 38.07576], [13.377092, 38.075738], [13.376993, 38.075672], [13.37688, 38.075609], [13.376789, 38.07556], [13.376671, 38.075522], [13.376459, 38.075477], [13.376264, 38.075404], [13.376198, 38.075361], [13.376122, 38.075345], [13.375926, 38.075324], [13.375855, 38.075237], [13.375847, 38.075164], [13.375872, 38.075052], [13.375861, 38.074937], [13.375818, 38.074838], [13.375755, 38.074776], [13.375684, 38.074703], [13.375665, 38.074695], [13.375529, 38.074657], [13.375396, 38.074663], [13.375167, 38.074696], [13.375012, 38.074683], [13.374908, 38.074631], [13.374808, 38.074597], [13.374686, 38.074537], [13.374541, 38.074463], [13.374465, 38.074372], [13.374453, 38.074295], [13.374386, 38.074229], [13.374369, 38.074164], [13.374466, 38.074158], [13.374573, 38.074257], [13.374631, 38.074323], [13.374689, 38.074389], [13.374779, 38.074441], [13.374883, 38.074511], [13.374987, 38.074545], [13.37511, 38.074597], [13.375278, 38.074629], [13.375343, 38.07459], [13.375436, 38.074533], [13.375541, 38.074509], [13.375643, 38.074467], [13.375735, 38.074454], [13.375744, 38.074469], [13.375793, 38.074498], [13.375883, 38.074565], [13.375882, 38.074622], [13.375894, 38.074684], [13.375961, 38.07475], [13.375998, 38.074769], [13.376038, 38.074805]]]}, "properties": {"pai_nmr": "038", "bacino": "Area tra F. Eleuterio e F. Oreto", "provincia": "PA", "comune": "Palermo", "localita": "Contrada Sferrovecchio", "sigla": "038-6PM-025", "pericolo": "n.c.", "n_dsg": 4, "data_dsg": "2026-01-09", "ngurs_dsg": 4, "dgurs_dsg": "2026-01-23", "cls_dissesti_attivita": "Attivo", "col_dissesti_attivita": "#ff0000", "bor_dissesti_attivita": "#000000", "cls_dissesti_tipologia": "Crollo e/o ribaltamento", "col_dissesti_tipologia": "#000000", "bor_dissesti_tipologia": "#000000", "pat_dissesti_tipologia": "pai-dissesti_tipologia-0", "sup_ha": 0.5888}}, {"type": "Feature", "geometry": {"type": "Polygon", "coordinates": [[[13.379806, 38.068557], [13.379812, 38.06857], [13.379917, 38.068656], [13.379919, 38.068664], [13.379968, 38.068667], [13.380055, 38.068633], [13.380197, 38.068635], [13.380318, 38.068652], [13.380332, 38.068709], [13.380336, 38.068769], [13.380269, 38.0688], [13.380178, 38.068815], [13.380096, 38.068822], [13.38, 38.068844], [13.379928, 38.068847], [13.379892, 38.068842], [13.379841, 38.068867], [13.379718, 38.068795], [13.379595, 38.068694], [13.379594, 38.068692], [13.379602, 38.068682], [13.379584, 38.068666], [13.379528, 38.068617], [13.379498, 38.068573], [13.379452, 38.068584], [13.379431, 38.06862], [13.379365, 38.068643], [13.379268, 38.068646], [13.379181, 38.068677], [13.379096, 38.068627], [13.379052, 38.068551], [13.378972, 38.068489], [13.378938, 38.068421], [13.378869, 38.068355], [13.378855, 38.068307], [13.378956, 38.068293], [13.379042, 38.068342], [13.37907, 38.068414], [13.379171, 38.068448], [13.379277, 38.068461], [13.379379, 38.068463], [13.379456, 38.068432], [13.379518, 38.068376], [13.37953, 38.068288], [13.379562, 38.068225], [13.379642, 38.068246], [13.379645, 38.068254], [13.379666, 38.068314], [13.3797, 38.068407], [13.379698, 38.068467], [13.379793, 38.068553], [13.379806, 38.068557]]]}, "properties": {"pai_nmr": "038", "bacino": "Area tra F. Eleuterio e F. Oreto", "provincia": "PA", "comune": "Palermo", "localita": "E di Pizzo Forbice", "sigla": "038-6PM-028", "pericolo": "n.c.", "n_dsg": 4, "data_dsg": "2026-01-09", "ngurs_dsg": 4, "dgurs_dsg": "2026-01-23", "cls_dissesti_attivita": "Attivo", "col_dissesti_attivita": "#ff0000", "bor_dissesti_attivita": "#000000", "cls_dissesti_tipologia": "Crollo e/o ribaltamento", "col_dissesti_tipologia": "#000000", "bor_dissesti_tipologia": "#000000", "pat_dissesti_tipologia": "pai-dissesti_tipologia-0", "sup_ha": 0.3155}}, {"type": "Feature", "geometry": {"type": "Polygon", "coordinates": [[[13.377667, 38.068322], [13.377672, 38.068276], [13.377738, 38.068225], [13.377821, 38.068213], [13.377887, 38.068171], [13.377965, 38.068154], [13.378071, 38.068174], [13.378165, 38.068222], [13.378246, 38.068284], [13.378304, 38.068355], [13.378385, 38.06844], [13.378502, 38.068498], [13.378614, 38.068528], [13.378683, 38.068613], [13.378763, 38.068741], [13.378767, 38.068785], [13.378788, 38.06881], [13.378875, 38.068925], [13.378883, 38.068927], [13.378901, 38.068958], [13.379007, 38.068988], [13.379107, 38.069022], [13.379147, 38.069074], [13.379098, 38.069129], [13.379015, 38.069133], [13.378916, 38.069094], [13.378828, 38.069046], [13.378764, 38.068998], [13.378711, 38.068979], [13.378622, 38.06895], [13.378575, 38.06894], [13.378499, 38.06891], [13.378482, 38.068903], [13.378482, 38.068885], [13.37847, 38.068882], [13.378346, 38.068852], [13.37827, 38.068832], [13.378181, 38.068817], [13.378058, 38.068768], [13.377964, 38.068702], [13.377877, 38.06864], [13.377801, 38.068592], [13.377767, 38.06853], [13.377733, 38.068455], [13.377687, 38.068398], [13.377676, 38.068372], [13.377665, 38.068344], [13.377659, 38.068327], [13.377667, 38.068322]]]}, "properties": {"pai_nmr": "038", "bacino": "Area tra F. Eleuterio e F. Oreto", "provincia": "PA", "comune": "Palermo", "localita": "E di Pizzo Forbice", "sigla": "038-6PM-027", "pericolo": "n.c.", "n_dsg": 4, "data_dsg": "2026-01-09", "ngurs_dsg": 4, "dgurs_dsg": "2026-01-23", "cls_dissesti_attivita": "Attivo", "col_dissesti_attivita": "#ff0000", "bor_dissesti_attivita": "#000000", "cls_dissesti_tipologia": "Crollo e/o ribaltamento", "col_dissesti_tipologia": "#000000", "bor_dissesti_tipologia": "#000000", "pat_dissesti_tipologia": "pai-dissesti_tipologia-0", "sup_ha": 0.5225}}, {"type": "Feature", "geometry": {"type": "Polygon", "coordinates": [[[13.367587, 38.070866], [13.367583, 38.070866], [13.367568, 38.070814], [13.367569, 38.070809], [13.36757, 38.070806], [13.367572, 38.070791], [13.367588, 38.070786], [13.367619, 38.070787], [13.367626, 38.070785], [13.367704, 38.070798], [13.367751, 38.070804], [13.367751, 38.070804], [13.36777, 38.070804], [13.367824, 38.070827], [13.367867, 38.070863], [13.3679, 38.070918], [13.367903, 38.070954], [13.367903, 38.070963], [13.367887, 38.071085], [13.367879, 38.071172], [13.367886, 38.071267], [13.367918, 38.071395], [13.367922, 38.071404], [13.367921, 38.071412], [13.367924, 38.071417], [13.367936, 38.071465], [13.367925, 38.071522], [13.367886, 38.071554], [13.367833, 38.07157], [13.367832, 38.071571], [13.367788, 38.071548], [13.367767, 38.071537], [13.367737, 38.071506], [13.36773, 38.071501], [13.367715, 38.071472], [13.367713, 38.071417], [13.367725, 38.071346], [13.367724, 38.071345], [13.367719, 38.071275], [13.367692, 38.071222], [13.367694, 38.071125], [13.36768, 38.071052], [13.367662, 38.071012], [13.367628, 38.070964], [13.367607, 38.070901], [13.367587, 38.070866]]]}, "properties": {"pai_nmr": "038", "bacino": "Area tra F. Eleuterio e F. Oreto", "provincia": "PA", "comune": "Palermo", "localita": "Scala dei Muli", "sigla": "038-6PM-030", "pericolo": "n.c.", "n_dsg": 4, "data_dsg": "2026-01-09", "ngurs_dsg": 4, "dgurs_dsg": "2026-01-23", "cls_dissesti_attivita": "Attivo", "col_dissesti_attivita": "#ff0000", "bor_dissesti_attivita": "#000000", "cls_dissesti_tipologia": "Crollo e/o ribaltamento", "col_dissesti_tipologia": "#000000", "bor_dissesti_tipologia": "#000000", "pat_dissesti_tipologia": "pai-dissesti_tipologia-0", "sup_ha": 0.158}}, {"type": "Feature", "geometry": {"type": "Polygon", "coordinates": [[[13.368042, 38.065503], [13.36805, 38.065387], [13.368091, 38.065321], [13.368104, 38.0653], [13.36817, 38.065256], [13.368221, 38.065277], [13.368258, 38.065292], [13.368275, 38.065299], [13.368283, 38.065303], [13.368368, 38.065366], [13.368372, 38.065371], [13.368452, 38.065458], [13.368449, 38.065566], [13.368379, 38.065634], [13.368369, 38.065644], [13.368373, 38.065649], [13.368353, 38.0657], [13.368344, 38.065791], [13.368331, 38.065802], [13.368264, 38.065858], [13.368258, 38.065878], [13.368256, 38.06588], [13.368118, 38.065969], [13.368001, 38.066064], [13.367999, 38.066171], [13.367968, 38.066261], [13.367843, 38.066413], [13.367711, 38.066558], [13.367546, 38.066573], [13.367523, 38.066623], [13.367657, 38.066727], [13.367748, 38.066814], [13.367756, 38.066828], [13.367767, 38.066916], [13.367757, 38.066981], [13.367751, 38.067018], [13.367854, 38.067189], [13.36783, 38.067325], [13.367755, 38.067471], [13.367729, 38.06762], [13.367722, 38.067657], [13.367805, 38.067794], [13.367874, 38.067909], [13.367822, 38.067993], [13.367687, 38.067963], [13.367567, 38.067859], [13.367471, 38.067693], [13.367467, 38.067552], [13.367562, 38.06744], [13.367616, 38.067293], [13.36764, 38.06718], [13.367624, 38.067119], [13.367545, 38.067128], [13.367472, 38.067156], [13.367385, 38.067146], [13.367361, 38.067137], [13.367277, 38.067073], [13.367236, 38.066971], [13.367204, 38.0668], [13.367207, 38.066676], [13.367288, 38.066558], [13.367321, 38.066524], [13.367376, 38.066468], [13.367411, 38.066464], [13.367541, 38.066448], [13.367671, 38.06641], [13.367673, 38.066393], [13.367681, 38.066391], [13.367708, 38.066343], [13.367783, 38.066213], [13.367808, 38.066033], [13.367823, 38.065981], [13.36784, 38.06592], [13.367899, 38.065819], [13.367987, 38.065746], [13.368024, 38.06569], [13.368026, 38.065597], [13.368026, 38.065588], [13.368042, 38.065503]]]}, "properties": {"pai_nmr": "038", "bacino": "Area tra F. Eleuterio e F. Oreto", "provincia": "PA", "comune": "Palermo", "localita": "Serra Chiaranda", "sigla": "038-6PM-031", "pericolo": "n.c.", "n_dsg": 4, "data_dsg": "2026-01-09", "ngurs_dsg": 4, "dgurs_dsg": "2026-01-23", "cls_dissesti_attivita": "Attivo", "col_dissesti_attivita": "#ff0000", "bor_dissesti_attivita": "#000000", "cls_dissesti_tipologia": "Crollo e/o ribaltamento", "col_dissesti_tipologia": "#000000", "bor_dissesti_tipologia": "#000000", "pat_dissesti_tipologia": "pai-dissesti_tipologia-0", "sup_ha": 0.8394}}, {"type": "Feature", "geometry": {"type": "Polygon", "coordinates": [[[13.364977, 38.063602], [13.364654, 38.063654], [13.364569, 38.063699], [13.364546, 38.063699], [13.364361, 38.063708], [13.364184, 38.063667], [13.36422, 38.063565], [13.36422, 38.063564], [13.364263, 38.06355], [13.364264, 38.063549], [13.364269, 38.063549], [13.36444, 38.063535], [13.36462, 38.063484], [13.364697, 38.06342], [13.364813, 38.063438], [13.364964, 38.063402], [13.365081, 38.063403], [13.365252, 38.063395], [13.365438, 38.063376], [13.365528, 38.06335], [13.36563, 38.063275], [13.36564, 38.063249], [13.365681, 38.063227], [13.365696, 38.063226], [13.365726, 38.063224], [13.365743, 38.063223], [13.36577, 38.063261], [13.365727, 38.063347], [13.365712, 38.063401], [13.36571, 38.063472], [13.365619, 38.063563], [13.365488, 38.063593], [13.365358, 38.063581], [13.365228, 38.063568], [13.36509, 38.063588], [13.365029, 38.063585], [13.364977, 38.063602]]]}, "properties": {"pai_nmr": "038", "bacino": "Area tra F. Eleuterio e F. Oreto", "provincia": "PA", "comune": "Palermo", "localita": "Serra Chiaranda", "sigla": "038-6PM-032", "pericolo": "n.c.", "n_dsg": 4, "data_dsg": "2026-01-09", "ngurs_dsg": 4, "dgurs_dsg": "2026-01-23", "cls_dissesti_attivita": "Attivo", "col_dissesti_attivita": "#ff0000", "bor_dissesti_attivita": "#000000", "cls_dissesti_tipologia": "Crollo e/o ribaltamento", "col_dissesti_tipologia": "#000000", "bor_dissesti_tipologia": "#000000", "pat_dissesti_tipologia": "pai-dissesti_tipologia-0", "sup_ha": 0.2939}}, {"type": "Feature", "geometry": {"type": "Polygon", "coordinates": [[[13.365558, 38.065987], [13.365481, 38.066016], [13.365433, 38.066108], [13.365468, 38.066194], [13.365567, 38.066224], [13.365576, 38.066247], [13.365605, 38.066321], [13.365609, 38.066332], [13.365568, 38.06638], [13.365571, 38.066432], [13.365487, 38.066538], [13.365386, 38.066637], [13.365438, 38.06673], [13.365407, 38.066895], [13.365331, 38.067037], [13.365329, 38.067158], [13.365236, 38.067243], [13.364956, 38.067239], [13.364795, 38.067144], [13.364808, 38.066979], [13.364829, 38.066844], [13.364832, 38.066693], [13.364817, 38.066557], [13.364829, 38.066422], [13.364857, 38.066359], [13.36485, 38.066354], [13.36495, 38.066185], [13.364975, 38.066198], [13.364998, 38.066174], [13.365046, 38.066142], [13.365081, 38.066089], [13.365083, 38.06601], [13.365103, 38.065903], [13.365295, 38.065842], [13.365405, 38.065764], [13.365562, 38.065616], [13.365587, 38.065605], [13.365682, 38.065496], [13.365848, 38.065384], [13.366019, 38.065422], [13.366034, 38.065573], [13.365994, 38.065701], [13.365892, 38.065814], [13.365773, 38.065891], [13.365563, 38.065981], [13.365558, 38.065987]]]}, "properties": {"pai_nmr": "038", "bacino": "Area tra F. Eleuterio e F. Oreto", "provincia": "PA", "comune": "Palermo", "localita": "Serra Chiaranda", "sigla": "038-6PM-033", "pericolo": "n.c.", "n_dsg": 4, "data_dsg": "2026-01-09", "ngurs_dsg": 4, "dgurs_dsg": "2026-01-23", "cls_dissesti_attivita": "Attivo", "col_dissesti_attivita": "#ff0000", "bor_dissesti_attivita": "#000000", "cls_dissesti_tipologia": "Crollo e/o ribaltamento", "col_dissesti_tipologia": "#000000", "bor_dissesti_tipologia": "#000000", "pat_dissesti_tipologia": "pai-dissesti_tipologia-0", "sup_ha": 0.9612}}, {"type": "Feature", "geometry": {"type": "Polygon", "coordinates": [[[13.362444, 38.068072], [13.362507, 38.068068], [13.362539, 38.068085], [13.362612, 38.068079], [13.362801, 38.068103], [13.362836, 38.068189], [13.362819, 38.068216], [13.362779, 38.068282], [13.362871, 38.06833], [13.362904, 38.068348], [13.3631, 38.068364], [13.363112, 38.068365], [13.363256, 38.068388], [13.363355, 38.068433], [13.363546, 38.068399], [13.363579, 38.068391], [13.363655, 38.068372], [13.363783, 38.068324], [13.363892, 38.068307], [13.36391, 38.068304], [13.364055, 38.068285], [13.364117, 38.068329], [13.364097, 38.068429], [13.364049, 38.068542], [13.363931, 38.068569], [13.363926, 38.06857], [13.363804, 38.068589], [13.363767, 38.068631], [13.363705, 38.068672], [13.363648, 38.068685], [13.363416, 38.068696], [13.363202, 38.068665], [13.362955, 38.068534], [13.362757, 38.068588], [13.36263, 38.068671], [13.362468, 38.068711], [13.362324, 38.068738], [13.36224, 38.068717], [13.36218, 38.06876], [13.362178, 38.068888], [13.362266, 38.068983], [13.36229, 38.069133], [13.362261, 38.069181], [13.362205, 38.069275], [13.362212, 38.069354], [13.362292, 38.069455], [13.362253, 38.069562], [13.362133, 38.069667], [13.362031, 38.06974], [13.362004, 38.069759], [13.361932, 38.069758], [13.361879, 38.069714], [13.361875, 38.069675], [13.361853, 38.069665], [13.361854, 38.069592], [13.361839, 38.069442], [13.36176, 38.06934], [13.36149, 38.069286], [13.361255, 38.06929], [13.361017, 38.069394], [13.360806, 38.069542], [13.360658, 38.069683], [13.360512, 38.069731], [13.360357, 38.069793], [13.360202, 38.069826], [13.359994, 38.069816], [13.359838, 38.069787], [13.359682, 38.069691], [13.359629, 38.069568], [13.359541, 38.069438], [13.359407, 38.069365], [13.359237, 38.069291], [13.359112, 38.069232], [13.358969, 38.069151], [13.358944, 38.069043], [13.359026, 38.069002], [13.35917, 38.069025], [13.359332, 38.069085], [13.359423, 38.069079], [13.359461, 38.068993], [13.359481, 38.068901], [13.359509, 38.068873], [13.359509, 38.068844], [13.359681, 38.068832], [13.359726, 38.068883], [13.359748, 38.068981], [13.35985, 38.069085], [13.359992, 38.069129], [13.360063, 38.06913], [13.360261, 38.069062], [13.3603, 38.069032], [13.360346, 38.069049], [13.360609, 38.069038], [13.360763, 38.069033], [13.360934, 38.069047], [13.36098, 38.06905], [13.361206, 38.069054], [13.361377, 38.069063], [13.361389, 38.069063], [13.361431, 38.069085], [13.361481, 38.069065], [13.361513, 38.069051], [13.361522, 38.069041], [13.361551, 38.069008], [13.361551, 38.06897], [13.36157, 38.068937], [13.361593, 38.068919], [13.361625, 38.068895], [13.361645, 38.068816], [13.361638, 38.068759], [13.361529, 38.068765], [13.361357, 38.068798], [13.361322, 38.06878], [13.361037, 38.068748], [13.36077, 38.068716], [13.360553, 38.068574], [13.360465, 38.068578], [13.360395, 38.068477], [13.360402, 38.068467], [13.360451, 38.068392], [13.360561, 38.068344], [13.360722, 38.068417], [13.360733, 38.06842], [13.360866, 38.068448], [13.361047, 38.06845], [13.361146, 38.068466], [13.361263, 38.068496], [13.361353, 38.068526], [13.361374, 38.068508], [13.361409, 38.068477], [13.361409, 38.068468], [13.36141, 38.068391], [13.361476, 38.068299], [13.361621, 38.068287], [13.361747, 38.068303], [13.361847, 38.068283], [13.361886, 38.068169], [13.361925, 38.068055], [13.36208, 38.068], [13.36217, 38.068023], [13.362269, 38.068053], [13.362444, 38.068072]]]}, "properties": {"pai_nmr": "038", "bacino": "Area tra F. Eleuterio e F. Oreto", "provincia": "PA", "comune": "Palermo", "localita": "Serra Chiaranda", "sigla": "038-6PM-034", "pericolo": "n.c.", "n_dsg": 4, "data_dsg": "2026-01-09", "ngurs_dsg": 4, "dgurs_dsg": "2026-01-23", "cls_dissesti_attivita": "Attivo", "col_dissesti_attivita": "#ff0000", "bor_dissesti_attivita": "#000000", "cls_dissesti_tipologia": "Crollo e/o ribaltamento", "col_dissesti_tipologia": "#000000", "bor_dissesti_tipologia": "#000000", "pat_dissesti_tipologia": "pai-dissesti_tipologia-0", "sup_ha": 3.1419}}, {"type": "Feature", "geometry": {"type": "Polygon", "coordinates": [[[13.361381, 38.067308], [13.361386, 38.067267], [13.361389, 38.067267], [13.3614, 38.067216], [13.361403, 38.067204], [13.361401, 38.067197], [13.361392, 38.067141], [13.361421, 38.067095], [13.361477, 38.067061], [13.361502, 38.067036], [13.361547, 38.066965], [13.361583, 38.066931], [13.36162, 38.066937], [13.361623, 38.066938], [13.361662, 38.066985], [13.361668, 38.067051], [13.361667, 38.067111], [13.361669, 38.067143], [13.361673, 38.067186], [13.361715, 38.067256], [13.361773, 38.067335], [13.361815, 38.067389], [13.361853, 38.067401], [13.361905, 38.067488], [13.361911, 38.067553], [13.361926, 38.067598], [13.361944, 38.067676], [13.361954, 38.067733], [13.361957, 38.067786], [13.361948, 38.067833], [13.361931, 38.067845], [13.361911, 38.06788], [13.361855, 38.067907], [13.361807, 38.067932], [13.361732, 38.067934], [13.361693, 38.067902], [13.361658, 38.067835], [13.361612, 38.067784], [13.361568, 38.067736], [13.361565, 38.067734], [13.361532, 38.067712], [13.36153, 38.067711], [13.361529, 38.067704], [13.361519, 38.06767], [13.361529, 38.067645], [13.361533, 38.067605], [13.361544, 38.067555], [13.361523, 38.067504], [13.36148, 38.067453], [13.361438, 38.067409], [13.361395, 38.067355], [13.361381, 38.067308]]]}, "properties": {"pai_nmr": "038", "bacino": "Area tra F. Eleuterio e F. Oreto", "provincia": "PA", "comune": "Palermo", "localita": "Serra Chiaranda", "sigla": "038-6PM-035", "pericolo": "n.c.", "n_dsg": 4, "data_dsg": "2026-01-09", "ngurs_dsg": 4, "dgurs_dsg": "2026-01-23", "cls_dissesti_attivita": "Attivo", "col_dissesti_attivita": "#ff0000", "bor_dissesti_attivita": "#000000", "cls_dissesti_tipologia": "Crollo e/o ribaltamento", "col_dissesti_tipologia": "#000000", "bor_dissesti_tipologia": "#000000", "pat_dissesti_tipologia": "pai-dissesti_tipologia-0", "sup_ha": 0.3021}}, {"type": "Feature", "geometry": {"type": "Polygon", "coordinates": [[[13.36167, 38.06477], [13.36167, 38.06477], [13.36167, 38.064764], [13.361719, 38.064741], [13.361786, 38.064729], [13.361793, 38.064728], [13.361838, 38.064708], [13.361858, 38.064658], [13.361866, 38.064616], [13.361867, 38.064611], [13.36187, 38.06461], [13.361909, 38.064553], [13.361947, 38.064492], [13.36193, 38.064436], [13.361918, 38.064361], [13.36192, 38.064359], [13.361918, 38.064321], [13.361911, 38.064279], [13.361905, 38.064235], [13.361947, 38.064171], [13.362015, 38.064122], [13.362064, 38.06409], [13.362128, 38.064071], [13.362132, 38.064074], [13.362156, 38.064094], [13.362157, 38.064095], [13.362157, 38.064099], [13.36216, 38.064133], [13.362136, 38.0642], [13.362098, 38.064223], [13.362064, 38.064255], [13.362029, 38.064316], [13.362054, 38.064393], [13.362067, 38.064445], [13.362071, 38.064461], [13.362095, 38.064541], [13.362056, 38.064626], [13.362021, 38.064696], [13.362005, 38.064728], [13.362, 38.064825], [13.362013, 38.064896], [13.362015, 38.064912], [13.361994, 38.065129], [13.361974, 38.065152], [13.361973, 38.065163], [13.361897, 38.065261], [13.36181, 38.065334], [13.361787, 38.065343], [13.361725, 38.065367], [13.361708, 38.065374], [13.361596, 38.065404], [13.361521, 38.065424], [13.361436, 38.06542], [13.361328, 38.065395], [13.361236, 38.065349], [13.361144, 38.065304], [13.361101, 38.065259], [13.361024, 38.065191], [13.361007, 38.065149], [13.361033, 38.065117], [13.361101, 38.065083], [13.36118, 38.065049], [13.361236, 38.065029], [13.361278, 38.064997], [13.361297, 38.064978], [13.361342, 38.064954], [13.361343, 38.064904], [13.361307, 38.064859], [13.361207, 38.064817], [13.361127, 38.064771], [13.361045, 38.06475], [13.361009, 38.064742], [13.360945, 38.064728], [13.360845, 38.064715], [13.360805, 38.064676], [13.360754, 38.064613], [13.360748, 38.064551], [13.36077, 38.064544], [13.360782, 38.064525], [13.36089, 38.064524], [13.36099, 38.064546], [13.361034, 38.064576], [13.361087, 38.064594], [13.361202, 38.064539], [13.361414, 38.064655], [13.361538, 38.064727], [13.361573, 38.064751], [13.361588, 38.064778], [13.361609, 38.064828], [13.361608, 38.064858], [13.361581, 38.064901], [13.361554, 38.064936], [13.361512, 38.06498], [13.361541, 38.065021], [13.361612, 38.065043], [13.361693, 38.065041], [13.361735, 38.065015], [13.361758, 38.06498], [13.36177, 38.064927], [13.36173, 38.064886], [13.361694, 38.064868], [13.361669, 38.064802], [13.361669, 38.0648], [13.36167, 38.06477]]]}, "properties": {"pai_nmr": "038", "bacino": "Area tra F. Eleuterio e F. Oreto", "provincia": "PA", "comune": "Palermo", "localita": "Serra Chiaranda", "sigla": "038-6PM-037", "pericolo": "n.c.", "n_dsg": 4, "data_dsg": "2026-01-09", "ngurs_dsg": 4, "dgurs_dsg": "2026-01-23", "cls_dissesti_attivita": "Attivo", "col_dissesti_attivita": "#ff0000", "bor_dissesti_attivita": "#000000", "cls_dissesti_tipologia": "Crollo e/o ribaltamento", "col_dissesti_tipologia": "#000000", "bor_dissesti_tipologia": "#000000", "pat_dissesti_tipologia": "pai-dissesti_tipologia-0", "sup_ha": 0.6667}}, {"type": "Feature", "geometry": {"type": "Polygon", "coordinates": [[[13.360038, 38.067052], [13.360058, 38.067007], [13.360059, 38.066978], [13.360096, 38.066904], [13.360103, 38.066902], [13.36016, 38.06688], [13.360237, 38.066863], [13.36029, 38.066896], [13.360282, 38.066946], [13.36028, 38.066964], [13.360262, 38.066986], [13.360247, 38.067006], [13.360228, 38.067059], [13.36024, 38.067113], [13.360259, 38.067113], [13.360335, 38.067114], [13.360446, 38.067162], [13.360486, 38.067212], [13.360538, 38.067237], [13.36056, 38.067313], [13.360535, 38.067398], [13.360503, 38.067426], [13.360422, 38.067432], [13.360397, 38.067423], [13.360245, 38.067366], [13.360157, 38.067322], [13.360105, 38.067237], [13.360054, 38.067151], [13.360038, 38.067052]]]}, "properties": {"pai_nmr": "038", "bacino": "Area tra F. Eleuterio e F. Oreto", "provincia": "PA", "comune": "Palermo", "localita": "Serra Chiaranda", "sigla": "038-6PM-038", "pericolo": "n.c.", "n_dsg": 4, "data_dsg": "2026-01-09", "ngurs_dsg": 4, "dgurs_dsg": "2026-01-23", "cls_dissesti_attivita": "Attivo", "col_dissesti_attivita": "#ff0000", "bor_dissesti_attivita": "#000000", "cls_dissesti_tipologia": "Crollo e/o ribaltamento", "col_dissesti_tipologia": "#000000", "bor_dissesti_tipologia": "#000000", "pat_dissesti_tipologia": "pai-dissesti_tipologia-0", "sup_ha": 0.1516}}, {"type": "Feature", "geometry": {"type": "Polygon", "coordinates": [[[13.355368, 38.0686], [13.355379, 38.068581], [13.355287, 38.068526], [13.355226, 38.068425], [13.355319, 38.068319], [13.355465, 38.06825], [13.35561, 38.068245], [13.355781, 38.068261], [13.355943, 38.068328], [13.356025, 38.0683], [13.356116, 38.068273], [13.356197, 38.068274], [13.356347, 38.068261], [13.356406, 38.068256], [13.356596, 38.068237], [13.356616, 38.068151], [13.356556, 38.068091], [13.356537, 38.068072], [13.35653, 38.067971], [13.356624, 38.06783], [13.356636, 38.067701], [13.356585, 38.067529], [13.356743, 38.067359], [13.356807, 38.067321], [13.356833, 38.067262], [13.357069, 38.067124], [13.35734, 38.067], [13.35754, 38.066925], [13.357567, 38.066899], [13.357759, 38.066808], [13.357896, 38.06676], [13.358071, 38.066648], [13.358208, 38.066557], [13.35839, 38.066531], [13.358479, 38.066575], [13.358599, 38.066598], [13.358618, 38.066594], [13.358851, 38.066583], [13.359101, 38.066587], [13.359174, 38.066517], [13.359249, 38.066377], [13.359447, 38.066309], [13.359678, 38.066383], [13.359682, 38.066391], [13.359795, 38.066407], [13.359957, 38.066453], [13.360137, 38.066512], [13.360208, 38.066556], [13.360108, 38.066562], [13.359928, 38.066524], [13.359765, 38.066536], [13.359696, 38.066551], [13.359655, 38.066595], [13.359638, 38.06661], [13.359628, 38.066613], [13.359482, 38.066668], [13.359398, 38.06676], [13.359386, 38.06677], [13.359315, 38.06683], [13.359179, 38.06685], [13.359114, 38.066843], [13.359016, 38.066833], [13.358844, 38.066845], [13.358725, 38.066908], [13.358526, 38.066919], [13.358327, 38.066931], [13.358217, 38.066979], [13.358064, 38.066948], [13.357873, 38.067003], [13.357654, 38.06705], [13.357545, 38.067106], [13.357508, 38.067187], [13.357424, 38.067226], [13.357296, 38.067302], [13.357259, 38.067353], [13.35724, 38.06738], [13.357201, 38.067487], [13.35719, 38.067594], [13.357088, 38.067686], [13.356987, 38.067785], [13.356955, 38.06786], [13.356939, 38.067898], [13.356828, 38.068011], [13.356817, 38.068097], [13.356857, 38.0682], [13.356848, 38.068223], [13.356774, 38.068335], [13.356766, 38.068339], [13.356647, 38.068416], [13.356447, 38.068442], [13.356302, 38.068462], [13.356219, 38.068525], [13.35612, 38.068495], [13.355857, 38.068513], [13.355793, 38.068533], [13.355702, 38.068575], [13.355718, 38.06869], [13.355753, 38.068722], [13.355789, 38.068755], [13.355788, 38.068769], [13.355785, 38.068793], [13.355778, 38.068841], [13.355704, 38.068911], [13.355675, 38.068961], [13.355611, 38.068989], [13.35553, 38.069002], [13.355523, 38.068986], [13.355521, 38.068987], [13.355341, 38.068956], [13.355188, 38.06889], [13.355125, 38.068882], [13.354953, 38.068872], [13.354863, 38.068878], [13.354783, 38.068798], [13.354712, 38.068747], [13.35464, 38.068725], [13.354579, 38.068609], [13.354603, 38.068582], [13.354687, 38.06853], [13.354699, 38.068532], [13.354861, 38.068577], [13.354972, 38.068579], [13.355041, 38.06858], [13.355212, 38.068654], [13.355286, 38.068693], [13.355382, 38.068742], [13.355401, 38.068734], [13.355445, 38.068757], [13.355472, 38.068751], [13.3555, 38.068708], [13.355456, 38.06865], [13.355392, 38.068621], [13.355368, 38.0686]]]}, "properties": {"pai_nmr": "038", "bacino": "Area tra F. Eleuterio e F. Oreto", "provincia": "PA", "comune": "Palermo", "localita": "Serra Chiaranda", "sigla": "038-6PM-039", "pericolo": "n.c.", "n_dsg": 4, "data_dsg": "2026-01-09", "ngurs_dsg": 4, "dgurs_dsg": "2026-01-23", "cls_dissesti_attivita": "Attivo", "col_dissesti_attivita": "#ff0000", "bor_dissesti_attivita": "#000000", "cls_dissesti_tipologia": "Crollo e/o ribaltamento", "col_dissesti_tipologia": "#000000", "bor_dissesti_tipologia": "#000000", "pat_dissesti_tipologia": "pai-dissesti_tipologia-0", "sup_ha": 1.8696}}, {"type": "Feature", "geometry": {"type": "Polygon", "coordinates": [[[13.357387, 38.068839], [13.357396, 38.068837], [13.357543, 38.068872], [13.357705, 38.068958], [13.35771, 38.069088], [13.357848, 38.069168], [13.357903, 38.069286], [13.357891, 38.069448], [13.3578, 38.069505], [13.357689, 38.069692], [13.357572, 38.069768], [13.357507, 38.069775], [13.357448, 38.069799], [13.357259, 38.069815], [13.357131, 38.069772], [13.357123, 38.069684], [13.357106, 38.069664], [13.357025, 38.069624], [13.356878, 38.069609], [13.356765, 38.06951], [13.356669, 38.069405], [13.35663, 38.069358], [13.356601, 38.069324], [13.356597, 38.069319], [13.35663, 38.069227], [13.356641, 38.06919], [13.356667, 38.0691], [13.356661, 38.069009], [13.356614, 38.06893], [13.356606, 38.068922], [13.356549, 38.068903], [13.356549, 38.068866], [13.35655, 38.068852], [13.35655, 38.068819], [13.3566, 38.06882], [13.356665, 38.06882], [13.356772, 38.068828], [13.3568, 38.068841], [13.356822, 38.068851], [13.356845, 38.068862], [13.356873, 38.068889], [13.356925, 38.068941], [13.356917, 38.069016], [13.356915, 38.069038], [13.356904, 38.069161], [13.35692, 38.069173], [13.356969, 38.069208], [13.357068, 38.069183], [13.357191, 38.069172], [13.35725, 38.069108], [13.357244, 38.069023], [13.357205, 38.068925], [13.357199, 38.068904], [13.35719, 38.068873], [13.357224, 38.068822], [13.357339, 38.068817], [13.357387, 38.068839]]]}, "properties": {"pai_nmr": "038", "bacino": "Area tra F. Eleuterio e F. Oreto", "provincia": "PA", "comune": "Palermo", "localita": "Serra Chiaranda", "sigla": "038-6PM-040", "pericolo": "n.c.", "n_dsg": 4, "data_dsg": "2026-01-09", "ngurs_dsg": 4, "dgurs_dsg": "2026-01-23", "cls_dissesti_attivita": "Attivo", "col_dissesti_attivita": "#ff0000", "bor_dissesti_attivita": "#000000", "cls_dissesti_tipologia": "Crollo e/o ribaltamento", "col_dissesti_tipologia": "#000000", "bor_dissesti_tipologia": "#000000", "pat_dissesti_tipologia": "pai-dissesti_tipologia-0", "sup_ha": 0.8362}}, {"type": "Feature", "geometry": {"type": "Polygon", "coordinates": [[[13.351302, 38.072429], [13.351228, 38.072401], [13.351192, 38.072376], [13.351108, 38.072317], [13.35102, 38.072255], [13.350812, 38.072157], [13.350615, 38.07219], [13.350511, 38.072129], [13.350467, 38.072057], [13.350469, 38.071961], [13.350577, 38.071868], [13.350716, 38.071715], [13.350794, 38.071596], [13.350886, 38.071514], [13.351057, 38.071486], [13.351072, 38.071483], [13.351083, 38.071481], [13.351398, 38.071557], [13.351403, 38.071576], [13.351502, 38.07163], [13.351741, 38.071753], [13.351904, 38.07185], [13.352099, 38.071913], [13.352342, 38.071833], [13.352346, 38.07183], [13.352526, 38.071716], [13.35273, 38.07165], [13.352738, 38.071648], [13.352806, 38.071658], [13.352904, 38.071674], [13.352919, 38.07167], [13.353084, 38.071634], [13.353223, 38.071535], [13.353485, 38.0713], [13.353731, 38.071089], [13.35393, 38.070949], [13.354003, 38.070944], [13.354107, 38.07087], [13.354129, 38.070867], [13.354143, 38.070869], [13.354154, 38.070864], [13.354372, 38.070764], [13.354453, 38.070503], [13.354711, 38.070447], [13.354905, 38.070522], [13.354983, 38.070508], [13.355102, 38.070489], [13.355139, 38.070155], [13.354887, 38.069997], [13.354803, 38.069968], [13.354738, 38.069805], [13.354749, 38.069773], [13.354741, 38.069768], [13.354758, 38.069747], [13.354802, 38.069693], [13.354865, 38.069615], [13.355105, 38.069678], [13.355344, 38.069777], [13.355656, 38.069972], [13.355983, 38.070191], [13.356233, 38.070469], [13.35626, 38.070636], [13.355968, 38.070858], [13.35584, 38.070969], [13.355754, 38.071043], [13.355735, 38.071063], [13.355691, 38.071105], [13.355578, 38.071296], [13.355566, 38.071318], [13.355427, 38.071471], [13.35523, 38.07148], [13.355017, 38.071363], [13.354811, 38.07136], [13.354596, 38.071371], [13.354272, 38.071452], [13.35404, 38.071449], [13.353894, 38.071602], [13.353675, 38.071797], [13.35353, 38.071877], [13.353471, 38.071932], [13.353242, 38.072036], [13.353013, 38.072152], [13.352725, 38.07222], [13.352512, 38.072324], [13.352387, 38.072501], [13.35216, 38.072534], [13.351917, 38.072614], [13.351645, 38.072658], [13.351421, 38.072559], [13.351302, 38.072429]]]}, "properties": {"pai_nmr": "038", "bacino": "Area tra F. Eleuterio e F. Oreto", "provincia": "PA", "comune": "Palermo", "localita": "Balzo Cavallo", "sigla": "038-6PM-041", "pericolo": "n.c.", "n_dsg": 4, "data_dsg": "2026-01-09", "ngurs_dsg": 4, "dgurs_dsg": "2026-01-23", "cls_dissesti_attivita": "Attivo", "col_dissesti_attivita": "#ff0000", "bor_dissesti_attivita": "#000000", "cls_dissesti_tipologia": "Crollo e/o ribaltamento", "col_dissesti_tipologia": "#000000", "bor_dissesti_tipologia": "#000000", "pat_dissesti_tipologia": "pai-dissesti_tipologia-0", "sup_ha": 4.4755}}, {"type": "Feature", "geometry": {"type": "Polygon", "coordinates": [[[13.353481, 38.070861], [13.353521, 38.070814], [13.35355, 38.070809], [13.353572, 38.070755], [13.353602, 38.070679], [13.353678, 38.070596], [13.353738, 38.070493], [13.35377, 38.070484], [13.353804, 38.070475], [13.353902, 38.070469], [13.353953, 38.070392], [13.353988, 38.070295], [13.354082, 38.070167], [13.354117, 38.070051], [13.354095, 38.069933], [13.354033, 38.069764], [13.353978, 38.069672], [13.353964, 38.069646], [13.353993, 38.06958], [13.354006, 38.06951], [13.354025, 38.069407], [13.354085, 38.069291], [13.354167, 38.069279], [13.354159, 38.069298], [13.354132, 38.069402], [13.354124, 38.069433], [13.354135, 38.06943], [13.354131, 38.069441], [13.35412, 38.069544], [13.354173, 38.069753], [13.354211, 38.069903], [13.354282, 38.070007], [13.354279, 38.07015], [13.35421, 38.070305], [13.354125, 38.070408], [13.354041, 38.070517], [13.354023, 38.070585], [13.354021, 38.070672], [13.354, 38.070695], [13.353981, 38.070716], [13.353962, 38.070736], [13.353952, 38.070738], [13.353863, 38.070755], [13.353763, 38.070831], [13.353596, 38.070946], [13.353421, 38.071047], [13.353255, 38.071142], [13.353207, 38.071152], [13.353115, 38.071172], [13.352984, 38.071158], [13.352903, 38.071098], [13.352854, 38.071065], [13.352781, 38.071044], [13.352715, 38.071044], [13.352634, 38.070997], [13.35266, 38.070932], [13.352767, 38.07094], [13.352898, 38.070975], [13.353003, 38.071015], [13.35311, 38.071023], [13.3532, 38.071031], [13.353265, 38.071004], [13.3533, 38.070958], [13.353481, 38.070861]]]}, "properties": {"pai_nmr": "038", "bacino": "Area tra F. Eleuterio e F. Oreto", "provincia": "PA", "comune": "Palermo", "localita": "Balzo Cavallo", "sigla": "038-6PM-042", "pericolo": "n.c.", "n_dsg": 4, "data_dsg": "2026-01-09", "ngurs_dsg": 4, "dgurs_dsg": "2026-01-23", "cls_dissesti_attivita": "Attivo", "col_dissesti_attivita": "#ff0000", "bor_dissesti_attivita": "#000000", "cls_dissesti_tipologia": "Crollo e/o ribaltamento", "col_dissesti_tipologia": "#000000", "bor_dissesti_tipologia": "#000000", "pat_dissesti_tipologia": "pai-dissesti_tipologia-0", "sup_ha": 0.429}}, {"type": "Feature", "geometry": {"type": "Polygon", "coordinates": [[[13.340772, 38.061487], [13.340782, 38.061487], [13.340812, 38.06147], [13.340851, 38.061471], [13.340895, 38.061461], [13.340925, 38.061469], [13.340977, 38.061473], [13.340991, 38.061486], [13.341007, 38.061487], [13.341006, 38.061526], [13.340979, 38.061576], [13.340961, 38.061628], [13.340955, 38.061686], [13.341002, 38.061728], [13.341124, 38.061726], [13.341157, 38.061715], [13.341176, 38.061713], [13.341233, 38.061707], [13.341304, 38.061677], [13.341375, 38.061626], [13.341398, 38.061565], [13.341395, 38.061523], [13.341402, 38.061511], [13.341378, 38.061465], [13.341345, 38.061409], [13.341328, 38.061361], [13.341312, 38.061315], [13.341314, 38.06124], [13.341341, 38.061164], [13.341413, 38.061079], [13.341509, 38.06107], [13.341596, 38.061085], [13.341656, 38.061107], [13.341656, 38.061141], [13.34162, 38.061159], [13.34159, 38.061175], [13.341576, 38.061181], [13.34151, 38.061218], [13.341474, 38.061256], [13.341451, 38.061307], [13.341455, 38.061359], [13.341454, 38.061386], [13.34147, 38.061435], [13.341556, 38.061484], [13.341573, 38.061536], [13.341569, 38.061579], [13.341556, 38.061587], [13.341554, 38.061598], [13.341514, 38.061625], [13.341494, 38.061638], [13.341434, 38.061679], [13.341376, 38.061747], [13.341314, 38.061784], [13.341222, 38.061824], [13.341126, 38.061837], [13.340981, 38.061886], [13.340918, 38.061978], [13.340838, 38.062025], [13.340781, 38.062073], [13.340779, 38.062135], [13.340764, 38.06221], [13.340711, 38.062268], [13.340706, 38.062272], [13.340661, 38.06235], [13.340643, 38.062388], [13.340637, 38.06244], [13.340601, 38.062518], [13.340595, 38.06256], [13.340603, 38.062601], [13.340668, 38.062629], [13.340747, 38.062613], [13.340826, 38.062587], [13.340914, 38.062547], [13.340919, 38.062537], [13.34095, 38.062489], [13.341003, 38.062469], [13.341042, 38.062469], [13.341076, 38.062508], [13.341101, 38.062549], [13.341126, 38.062588], [13.341139, 38.062605], [13.341153, 38.062624], [13.34116, 38.062633], [13.341158, 38.062637], [13.341168, 38.062664], [13.341136, 38.062722], [13.341124, 38.062741], [13.341096, 38.062784], [13.341024, 38.062855], [13.340936, 38.062899], [13.340792, 38.062914], [13.340705, 38.062895], [13.340679, 38.062877], [13.340606, 38.062859], [13.340511, 38.062824], [13.340433, 38.062812], [13.340364, 38.062784], [13.340282, 38.062714], [13.340289, 38.062628], [13.340313, 38.062531], [13.340371, 38.062446], [13.340377, 38.062398], [13.340339, 38.062335], [13.340245, 38.062255], [13.340119, 38.062239], [13.340098, 38.062237], [13.340035, 38.062263], [13.339855, 38.062303], [13.339712, 38.062329], [13.339694, 38.062317], [13.339633, 38.062312], [13.339573, 38.062294], [13.339535, 38.062248], [13.339536, 38.062183], [13.339529, 38.062107], [13.339557, 38.062025], [13.339589, 38.061963], [13.339685, 38.061937], [13.339738, 38.061925], [13.339853, 38.06187], [13.339911, 38.061806], [13.339922, 38.061785], [13.339924, 38.061786], [13.339924, 38.061778], [13.339977, 38.061741], [13.340044, 38.061687], [13.340093, 38.061646], [13.340168, 38.061616], [13.340247, 38.06159], [13.340256, 38.06159], [13.340257, 38.061587], [13.340264, 38.061587], [13.340365, 38.061567], [13.340461, 38.061572], [13.340543, 38.061601], [13.340594, 38.061633], [13.340641, 38.061685], [13.340666, 38.06173], [13.340687, 38.061755], [13.34074, 38.061759], [13.340775, 38.061732], [13.340759, 38.061659], [13.340754, 38.061656], [13.340743, 38.061624], [13.340714, 38.061524], [13.340772, 38.061487]]]}, "properties": {"pai_nmr": "039", "bacino": "F.Oreto", "provincia": "PA", "comune": "Palermo", "localita": "Pizzo Orecchiuta", "sigla": "039-6PM-073", "pericolo": "n.c.", "n_dsg": 4, "data_dsg": "2026-01-09", "ngurs_dsg": 4, "dgurs_dsg": "2026-01-23", "cls_dissesti_attivita": "Attivo", "col_dissesti_attivita": "#ff0000", "bor_dissesti_attivita": "#000000", "cls_dissesti_tipologia": "Crollo e/o ribaltamento", "col_dissesti_tipologia": "#000000", "bor_dissesti_tipologia": "#000000", "pat_dissesti_tipologia": "pai-dissesti_tipologia-0", "sup_ha": 1.2415}}, {"type": "Feature", "geometry": {"type": "Polygon", "coordinates": [[[13.342579, 38.058633], [13.342601, 38.058623], [13.342613, 38.058599], [13.342703, 38.058567], [13.342784, 38.058542], [13.34282, 38.058533], [13.342865, 38.058521], [13.342897, 38.058551], [13.342887, 38.058577], [13.342872, 38.058607], [13.342843, 38.05864], [13.342833, 38.058696], [13.342832, 38.058741], [13.342859, 38.058786], [13.34291, 38.058843], [13.342918, 38.058857], [13.342923, 38.05888], [13.34294, 38.058981], [13.342951, 38.059093], [13.342963, 38.059154], [13.342949, 38.059253], [13.342923, 38.059287], [13.342842, 38.059342], [13.342736, 38.0594], [13.342598, 38.059447], [13.342437, 38.059471], [13.342348, 38.059436], [13.342259, 38.059423], [13.342122, 38.059414], [13.342079, 38.059462], [13.342087, 38.059503], [13.342094, 38.059551], [13.342151, 38.059582], [13.342207, 38.059621], [13.342225, 38.059666], [13.342201, 38.059699], [13.342182, 38.05971], [13.342115, 38.059713], [13.342097, 38.059705], [13.342046, 38.059671], [13.342013, 38.05964], [13.341986, 38.059595], [13.34195, 38.059527], [13.341918, 38.059467], [13.341891, 38.059407], [13.34194, 38.059318], [13.342026, 38.059289], [13.342122, 38.059216], [13.34212, 38.059085], [13.342211, 38.059038], [13.342287, 38.059009], [13.342298, 38.058961], [13.342285, 38.058919], [13.342276, 38.05889], [13.342249, 38.058837], [13.342234, 38.05879], [13.342227, 38.058766], [13.342266, 38.058707], [13.342384, 38.058693], [13.342448, 38.058696], [13.342498, 38.05868], [13.342579, 38.058633]]]}, "properties": {"pai_nmr": "039", "bacino": "F.Oreto", "provincia": "PA", "comune": "Palermo", "localita": "N di Balzo Rosso", "sigla": "039-6PM-074", "pericolo": "n.c.", "n_dsg": 4, "data_dsg": "2026-01-09", "ngurs_dsg": 4, "dgurs_dsg": "2026-01-23", "cls_dissesti_attivita": "Attivo", "col_dissesti_attivita": "#ff0000", "bor_dissesti_attivita": "#000000", "cls_dissesti_tipologia": "Crollo e/o ribaltamento", "col_dissesti_tipologia": "#000000", "bor_dissesti_tipologia": "#000000", "pat_dissesti_tipologia": "pai-dissesti_tipologia-0", "sup_ha": 0.6264}}, {"type": "Feature", "geometry": {"type": "Polygon", "coordinates": [[[13.327699, 38.065865], [13.327557, 38.065905], [13.327497, 38.066004], [13.327501, 38.06601], [13.327505, 38.066143], [13.327589, 38.066245], [13.327622, 38.066304], [13.3276, 38.066372], [13.327566, 38.066409], [13.327525, 38.066419], [13.327432, 38.066365], [13.327414, 38.06628], [13.327365, 38.066225], [13.327364, 38.066223], [13.327362, 38.066221], [13.327363, 38.066219], [13.327321, 38.066082], [13.327319, 38.066073], [13.327322, 38.066045], [13.327403, 38.065905], [13.32753, 38.06579], [13.32771, 38.065731], [13.327891, 38.065665], [13.327885, 38.065654], [13.327986, 38.065611], [13.328026, 38.065544], [13.328052, 38.06544], [13.328078, 38.065323], [13.328089, 38.065188], [13.32813, 38.065078], [13.328172, 38.064967], [13.328205, 38.064863], [13.328202, 38.064844], [13.328206, 38.064832], [13.328256, 38.064673], [13.328323, 38.064477], [13.32835, 38.064311], [13.32837, 38.064133], [13.328404, 38.064004], [13.328404, 38.064004], [13.328445, 38.063937], [13.328447, 38.063935], [13.328464, 38.063923], [13.328466, 38.063922], [13.328502, 38.063933], [13.328505, 38.063934], [13.328505, 38.063935], [13.328555, 38.064048], [13.32856, 38.064168], [13.328526, 38.064317], [13.328499, 38.064513], [13.32844, 38.064758], [13.328375, 38.064972], [13.328279, 38.065203], [13.328244, 38.065406], [13.328256, 38.065556], [13.32814, 38.065673], [13.327873, 38.065795], [13.327798, 38.06585], [13.327699, 38.065865]]]}, "properties": {"pai_nmr": "039", "bacino": "F.Oreto", "provincia": "PA", "comune": "Palermo", "localita": "Malpasso", "sigla": "039-6PM-070", "pericolo": "n.c.", "n_dsg": 4, "data_dsg": "2026-01-09", "ngurs_dsg": 4, "dgurs_dsg": "2026-01-23", "cls_dissesti_attivita": "Attivo", "col_dissesti_attivita": "#ff0000", "bor_dissesti_attivita": "#000000", "cls_dissesti_tipologia": "Crollo e/o ribaltamento", "col_dissesti_tipologia": "#000000", "bor_dissesti_tipologia": "#000000", "pat_dissesti_tipologia": "pai-dissesti_tipologia-0", "sup_ha": 0.4778}}, {"type": "Feature", "geometry": {"type": "Polygon", "coordinates": [[[13.329421, 38.056293], [13.329432, 38.056333], [13.329437, 38.05634], [13.329456, 38.056375], [13.329466, 38.056402], [13.329487, 38.056431], [13.329505, 38.056461], [13.329527, 38.056482], [13.329572, 38.056514], [13.329617, 38.056528], [13.329655, 38.056527], [13.329716, 38.056515], [13.329755, 38.056499], [13.329833, 38.056467], [13.329888, 38.056429], [13.329978, 38.056378], [13.329987, 38.056375], [13.330072, 38.056353], [13.330147, 38.056337], [13.330191, 38.056324], [13.330214, 38.056317], [13.330251, 38.056324], [13.330256, 38.056351], [13.330257, 38.056357], [13.330258, 38.056361], [13.330231, 38.056394], [13.33023, 38.056395], [13.330203, 38.056432], [13.330131, 38.056484], [13.330121, 38.056496], [13.330086, 38.056541], [13.330071, 38.05659], [13.330045, 38.056627], [13.330014, 38.056674], [13.330019, 38.056722], [13.330019, 38.056722], [13.330032, 38.056788], [13.330053, 38.056835], [13.330083, 38.056862], [13.330093, 38.056871], [13.330112, 38.056903], [13.330085, 38.056936], [13.330034, 38.056951], [13.329979, 38.05696], [13.329946, 38.056958], [13.329915, 38.056965], [13.329785, 38.056964], [13.329695, 38.056962], [13.329411, 38.056907], [13.329361, 38.056874], [13.329352, 38.056871], [13.329327, 38.056851], [13.329294, 38.056824], [13.329274, 38.056814], [13.329202, 38.056779], [13.329148, 38.056756], [13.329092, 38.056741], [13.329001, 38.056725], [13.328965, 38.056702], [13.328982, 38.056655], [13.329036, 38.05663], [13.329103, 38.056602], [13.329142, 38.056569], [13.329171, 38.056544], [13.329204, 38.056519], [13.329249, 38.056495], [13.329272, 38.056483], [13.329276, 38.056474], [13.329282, 38.056472], [13.329315, 38.056463], [13.329343, 38.056441], [13.329358, 38.056406], [13.329355, 38.056364], [13.329334, 38.056317], [13.329304, 38.056291], [13.329269, 38.056279], [13.329262, 38.056276], [13.329202, 38.056267], [13.329147, 38.05627], [13.329086, 38.056279], [13.329033, 38.056287], [13.328965, 38.056282], [13.328912, 38.05626], [13.328869, 38.056221], [13.328878, 38.05618], [13.328926, 38.056179], [13.328971, 38.056179], [13.329042, 38.056185], [13.329076, 38.056182], [13.329131, 38.056185], [13.329163, 38.056182], [13.329218, 38.05618], [13.329293, 38.056185], [13.329314, 38.056196], [13.329337, 38.056207], [13.329365, 38.056223], [13.329375, 38.056228], [13.329378, 38.056232], [13.3294, 38.056264], [13.329421, 38.056293]]]}, "properties": {"pai_nmr": "039", "bacino": "F.Oreto", "provincia": "PA", "comune": "Palermo", "localita": "NE di Pizzo Valle del Fico", "sigla": "039-6PM-138", "pericolo": "n.c.", "n_dsg": 4, "data_dsg": "2026-01-09", "ngurs_dsg": 4, "dgurs_dsg": "2026-01-23", "cls_dissesti_attivita": "Attivo", "col_dissesti_attivita": "#ff0000", "bor_dissesti_attivita": "#000000", "cls_dissesti_tipologia": "Crollo e/o ribaltamento", "col_dissesti_tipologia": "#000000", "bor_dissesti_tipologia": "#000000", "pat_dissesti_tipologia": "pai-dissesti_tipologia-0", "sup_ha": 0.5005}}, {"type": "Feature", "geometry": {"type": "Polygon", "coordinates": [[[13.370252, 38.072488], [13.370218, 38.072481], [13.370215, 38.072469], [13.370202, 38.072413], [13.370261, 38.072372], [13.370314, 38.072332], [13.370321, 38.072272], [13.37034, 38.0722], [13.370342, 38.072198], [13.370392, 38.072173], [13.370462, 38.072178], [13.370531, 38.072193], [13.370529, 38.072252], [13.370529, 38.072267], [13.370531, 38.072268], [13.370556, 38.072335], [13.370607, 38.072418], [13.370658, 38.072469], [13.370778, 38.072521], [13.370928, 38.072551], [13.371072, 38.072548], [13.371166, 38.072513], [13.371271, 38.072455], [13.37137, 38.072424], [13.371544, 38.07239], [13.371638, 38.072368], [13.37175, 38.072274], [13.371878, 38.072216], [13.372025, 38.072136], [13.372103, 38.072109], [13.372141, 38.072096], [13.372239, 38.072107], [13.372238, 38.072162], [13.372229, 38.072199], [13.372234, 38.072203], [13.372236, 38.07224], [13.37224, 38.072317], [13.372302, 38.072396], [13.372417, 38.072443], [13.372479, 38.072513], [13.372541, 38.072596], [13.372626, 38.072666], [13.372729, 38.072722], [13.372926, 38.072725], [13.372983, 38.072758], [13.373049, 38.072798], [13.373085, 38.072832], [13.372985, 38.072922], [13.372759, 38.072942], [13.372545, 38.072912], [13.372438, 38.072809], [13.372277, 38.072752], [13.372191, 38.07271], [13.371971, 38.072707], [13.371845, 38.072669], [13.371748, 38.072603], [13.371638, 38.072629], [13.371474, 38.072686], [13.371311, 38.072757], [13.371148, 38.072769], [13.371004, 38.072771], [13.370929, 38.072739], [13.370866, 38.072733], [13.370716, 38.072722], [13.370618, 38.07267], [13.370545, 38.0726], [13.370442, 38.072549], [13.370362, 38.072511], [13.370258, 38.072491], [13.370252, 38.072488]]]}, "properties": {"pai_nmr": "038", "bacino": "Area tra F. Eleuterio e F. Oreto", "provincia": "PA", "comune": "Palermo", "localita": "NW di Pizzo Forbice", "sigla": "038-6PM-029", "pericolo": "n.c.", "n_dsg": 4, "data_dsg": "2026-01-09", "ngurs_dsg": 4, "dgurs_dsg": "2026-01-23", "cls_dissesti_attivita": "Attivo", "col_dissesti_attivita": "#ff0000", "bor_dissesti_attivita": "#000000", "cls_dissesti_tipologia": "Crollo e/o ribaltamento", "col_dissesti_tipologia": "#000000", "bor_dissesti_tipologia": "#000000", "pat_dissesti_tipologia": "pai-dissesti_tipologia-0", "sup_ha": 0.8495}}, {"type": "Feature", "geometry": {"type": "Polygon", "coordinates": [[[13.376494, 38.071786], [13.376532, 38.071823], [13.376554, 38.07186], [13.376553, 38.071889], [13.376462, 38.071887], [13.376383, 38.071872], [13.376333, 38.071914], [13.37638, 38.071978], [13.37644, 38.072027], [13.376537, 38.072048], [13.376622, 38.072078], [13.376737, 38.072133], [13.376808, 38.072208], [13.376808, 38.072216], [13.376827, 38.07223], [13.376856, 38.072289], [13.376848, 38.072361], [13.376815, 38.072472], [13.376813, 38.072573], [13.376865, 38.072704], [13.376906, 38.072777], [13.376875, 38.072825], [13.376861, 38.072843], [13.376853, 38.072961], [13.376868, 38.072975], [13.376894, 38.073067], [13.376928, 38.073159], [13.376969, 38.073237], [13.377072, 38.073306], [13.377188, 38.073317], [13.377214, 38.07332], [13.377321, 38.073362], [13.377466, 38.073427], [13.377617, 38.073507], [13.377542, 38.073568], [13.377377, 38.073585], [13.377231, 38.073554], [13.377098, 38.073514], [13.376964, 38.073459], [13.376861, 38.073419], [13.376814, 38.073355], [13.376779, 38.073273], [13.376759, 38.073242], [13.376688, 38.073157], [13.376639, 38.072973], [13.376643, 38.072775], [13.376622, 38.072597], [13.376624, 38.072563], [13.376607, 38.072493], [13.376591, 38.072382], [13.376562, 38.072304], [13.376526, 38.072279], [13.376466, 38.072254], [13.376375, 38.072205], [13.376267, 38.072136], [13.376189, 38.072057], [13.376135, 38.072028], [13.376075, 38.071979], [13.37607, 38.071901], [13.376078, 38.071834], [13.376128, 38.071762], [13.376251, 38.071764], [13.376366, 38.07177], [13.376494, 38.071786]]]}, "properties": {"pai_nmr": "038", "bacino": "Area tra F. Eleuterio e F. Oreto", "provincia": "PA", "comune": "Palermo", "localita": "Contrada Sferrovecchio", "sigla": "038-6PM-026", "pericolo": "n.c.", "n_dsg": 4, "data_dsg": "2026-01-09", "ngurs_dsg": 4, "dgurs_dsg": "2026-01-23", "cls_dissesti_attivita": "Attivo", "col_dissesti_attivita": "#ff0000", "bor_dissesti_attivita": "#000000", "cls_dissesti_tipologia": "Crollo e/o ribaltamento", "col_dissesti_tipologia": "#000000", "bor_dissesti_tipologia": "#000000", "pat_dissesti_tipologia": "pai-dissesti_tipologia-0", "sup_ha": 0.5499}}, {"type": "Feature", "geometry": {"type": "Polygon", "coordinates": [[[13.303902, 38.095254], [13.303935, 38.095209], [13.303946, 38.095199], [13.303983, 38.095176], [13.304098, 38.09514], [13.304194, 38.095074], [13.304244, 38.094984], [13.30427, 38.094887], [13.304257, 38.094804], [13.304241, 38.094743], [13.304235, 38.094722], [13.304298, 38.094666], [13.304309, 38.09461], [13.304273, 38.094538], [13.304232, 38.094444], [13.30423, 38.094358], [13.304254, 38.094306], [13.304275, 38.094261], [13.304333, 38.094198], [13.304349, 38.0941], [13.304337, 38.09401], [13.304262, 38.093964], [13.304256, 38.093962], [13.304253, 38.093954], [13.304124, 38.093924], [13.303985, 38.093875], [13.303874, 38.093779], [13.303692, 38.093713], [13.303644, 38.093656], [13.303732, 38.093602], [13.303872, 38.093626], [13.304002, 38.093623], [13.304116, 38.093591], [13.30412, 38.09359], [13.304138, 38.093576], [13.304234, 38.093566], [13.304295, 38.093573], [13.304302, 38.09358], [13.304314, 38.093582], [13.304355, 38.093639], [13.304392, 38.093681], [13.304434, 38.093719], [13.30449, 38.09375], [13.304541, 38.093826], [13.30454, 38.093878], [13.304544, 38.093893], [13.304543, 38.093938], [13.304556, 38.094006], [13.304606, 38.094078], [13.304605, 38.094134], [13.304594, 38.094202], [13.304585, 38.094243], [13.304539, 38.094306], [13.304452, 38.094406], [13.304397, 38.094525], [13.304481, 38.09459], [13.304521, 38.09467], [13.304527, 38.094739], [13.304528, 38.094739], [13.30451, 38.094756], [13.304455, 38.094894], [13.304428, 38.095036], [13.304368, 38.0951], [13.304327, 38.095127], [13.304326, 38.095128], [13.304323, 38.09513], [13.304299, 38.095141], [13.304196, 38.095194], [13.304085, 38.095256], [13.304018, 38.095304], [13.304, 38.095326], [13.303907, 38.095314], [13.303902, 38.095254]]]}, "properties": {"pai_nmr": "039", "bacino": "F.Oreto", "provincia": "PA", "comune": "Palermo", "altri_comu": "Monreale", "localita": "Contrada Loghivecchi", "sigla": "039-6PM-069", "pericolo": "n.c.", "n_dsg": 4, "data_dsg": "2026-01-09", "ngurs_dsg": 4, "dgurs_dsg": "2026-01-23", "cls_dissesti_attivita": "Attivo", "col_dissesti_attivita": "#ff0000", "bor_dissesti_attivita": "#000000", "cls_dissesti_tipologia": "Crollo e/o ribaltamento", "col_dissesti_tipologia": "#000000", "bor_dissesti_tipologia": "#000000", "pat_dissesti_tipologia": "pai-dissesti_tipologia-0", "sup_ha": 0.5066}}, {"type": "Feature", "geometry": {"type": "Polygon", "coordinates": [[[13.251933, 38.116301], [13.251967, 38.116309], [13.251968, 38.116309], [13.25202, 38.116312], [13.252046, 38.116317], [13.252069, 38.116336], [13.252089, 38.116345], [13.252089, 38.116366], [13.252088, 38.116401], [13.252082, 38.116406], [13.252082, 38.116407], [13.252052, 38.116446], [13.252052, 38.116446], [13.25204, 38.116451], [13.251998, 38.116508], [13.251953, 38.116562], [13.251926, 38.116604], [13.251895, 38.116661], [13.251887, 38.116692], [13.251882, 38.116697], [13.251864, 38.116732], [13.251849, 38.11675], [13.251825, 38.116784], [13.251792, 38.116816], [13.251748, 38.116834], [13.25171, 38.116838], [13.25169, 38.116821], [13.251659, 38.116782], [13.251671, 38.116749], [13.251675, 38.116694], [13.251683, 38.11663], [13.251693, 38.116572], [13.251726, 38.116536], [13.25177, 38.116504], [13.2518, 38.116483], [13.251799, 38.11648], [13.251836, 38.116438], [13.251881, 38.116388], [13.251894, 38.116333], [13.251913, 38.116318], [13.251933, 38.116301]]]}, "properties": {"pai_nmr": "039", "bacino": "F. Oreto", "provincia": "PA", "comune": "Palermo", "localita": "SSW di Portella Vuturo", "sigla": "039-6PM-015", "pericolo": "n.c.", "n_dsg": 4, "data_dsg": "2026-01-09", "ngurs_dsg": 4, "dgurs_dsg": "2026-01-23", "cls_dissesti_attivita": "Attivo", "col_dissesti_attivita": "#ff0000", "bor_dissesti_attivita": "#000000", "cls_dissesti_tipologia": "Crollo e/o ribaltamento", "col_dissesti_tipologia": "#000000", "bor_dissesti_tipologia": "#000000", "pat_dissesti_tipologia": "pai-dissesti_tipologia-0", "sup_ha": 0.1039}}, {"type": "Feature", "geometry": {"type": "Polygon", "coordinates": [[[13.307371, 38.108434], [13.307371, 38.108437], [13.307361, 38.108469], [13.307353, 38.1085], [13.307352, 38.1085], [13.307353, 38.108505], [13.307332, 38.108515], [13.307324, 38.108524], [13.307324, 38.108523], [13.307291, 38.108523], [13.307256, 38.108503], [13.30722, 38.108463], [13.307184, 38.108424], [13.307157, 38.108378], [13.307099, 38.10836], [13.307033, 38.108351], [13.307025, 38.108351], [13.306979, 38.108351], [13.306977, 38.10835], [13.306912, 38.108348], [13.306801, 38.10832], [13.306697, 38.108286], [13.306635, 38.108254], [13.306565, 38.108224], [13.306507, 38.108203], [13.306432, 38.108181], [13.306375, 38.108152], [13.306372, 38.108121], [13.306404, 38.108101], [13.306437, 38.108097], [13.3065, 38.108113], [13.306554, 38.10812], [13.306621, 38.108141], [13.306687, 38.108182], [13.306746, 38.108209], [13.306803, 38.108223], [13.306887, 38.108226], [13.306985, 38.108227], [13.306994, 38.108232], [13.307039, 38.108254], [13.307041, 38.108255], [13.307064, 38.108265], [13.307142, 38.108278], [13.307294, 38.108313], [13.307358, 38.108363], [13.307365, 38.108377], [13.307365, 38.108381], [13.307374, 38.108399], [13.307373, 38.108431], [13.307371, 38.108434]]]}, "properties": {"pai_nmr": "039", "bacino": "F. Oreto", "provincia": "PA", "comune": "Palermo", "localita": "Boccadifalco", "sigla": "039-6PM-030", "pericolo": "n.c.", "n_dsg": 4, "data_dsg": "2026-01-09", "ngurs_dsg": 4, "dgurs_dsg": "2026-01-23", "cls_dissesti_attivita": "Attivo", "col_dissesti_attivita": "#ff0000", "bor_dissesti_attivita": "#000000", "cls_dissesti_tipologia": "Crollo e/o ribaltamento", "col_dissesti_tipologia": "#000000", "bor_dissesti_tipologia": "#000000", "pat_dissesti_tipologia": "pai-dissesti_tipologia-0", "sup_ha": 0.1097}}, {"type": "Feature", "geometry": {"type": "Polygon", "coordinates": [[[13.246854, 38.105898], [13.246976, 38.105893], [13.247145, 38.105867], [13.247196, 38.10593], [13.247226, 38.105992], [13.247356, 38.106057], [13.24747, 38.106087], [13.247574, 38.106155], [13.247599, 38.106218], [13.247559, 38.106235], [13.247514, 38.106254], [13.247481, 38.106308], [13.247505, 38.106391], [13.247503, 38.10647], [13.247445, 38.106486], [13.247388, 38.106472], [13.247368, 38.106418], [13.247269, 38.106371], [13.247212, 38.106387], [13.247185, 38.106394], [13.247121, 38.106402], [13.247081, 38.106351], [13.24704, 38.106322], [13.246918, 38.106324], [13.246793, 38.106293], [13.246662, 38.106266], [13.246527, 38.106206], [13.246474, 38.106179], [13.246475, 38.106176], [13.246408, 38.106121], [13.246379, 38.106111], [13.246325, 38.106091], [13.246241, 38.106081], [13.246209, 38.106031], [13.246202, 38.10602], [13.246201, 38.106019], [13.246203, 38.106015], [13.246239, 38.105965], [13.246266, 38.105914], [13.246272, 38.105903], [13.246288, 38.10589], [13.246314, 38.105867], [13.246373, 38.10583], [13.246457, 38.105827], [13.246505, 38.105828], [13.246573, 38.105841], [13.246624, 38.105871], [13.246734, 38.105898], [13.246829, 38.105899], [13.24685, 38.1059], [13.246854, 38.105898]]]}, "properties": {"pai_nmr": "039", "bacino": "F. Oreto", "provincia": "PA", "comune": "Palermo", "localita": "Pizzo Ilici", "sigla": "039-6PM-001", "pericolo": "n.c.", "n_dsg": 4, "data_dsg": "2026-01-09", "ngurs_dsg": 4, "dgurs_dsg": "2026-01-23", "cls_dissesti_attivita": "Attivo", "col_dissesti_attivita": "#ff0000", "bor_dissesti_attivita": "#000000", "cls_dissesti_tipologia": "Crollo e/o ribaltamento", "col_dissesti_tipologia": "#000000", "bor_dissesti_tipologia": "#000000", "pat_dissesti_tipologia": "pai-dissesti_tipologia-0", "sup_ha": 0.4758}}, {"type": "Feature", "geometry": {"type": "Polygon", "coordinates": [[[13.266861, 38.201928], [13.266878, 38.201921], [13.266878, 38.201921], [13.266825, 38.201853], [13.266801, 38.201798], [13.266767, 38.201742], [13.266713, 38.201701], [13.266655, 38.201618], [13.266642, 38.20155], [13.266629, 38.201463], [13.266661, 38.201381], [13.266678, 38.201294], [13.266639, 38.201222], [13.266575, 38.201174], [13.266511, 38.201137], [13.266453, 38.201073], [13.26641, 38.200978], [13.266401, 38.200906], [13.266353, 38.200834], [13.266305, 38.200735], [13.266247, 38.200639], [13.26616, 38.200523], [13.266086, 38.200463], [13.266122, 38.200452], [13.266161, 38.200484], [13.266239, 38.200552], [13.266328, 38.200636], [13.266375, 38.200752], [13.266428, 38.200859], [13.266471, 38.200927], [13.266504, 38.201034], [13.266587, 38.201111], [13.266651, 38.201167], [13.266724, 38.201235], [13.266742, 38.201311], [13.266746, 38.201386], [13.266719, 38.201445], [13.266706, 38.201579], [13.266759, 38.201659], [13.266817, 38.201739], [13.26689, 38.201858], [13.266928, 38.201922], [13.266936, 38.201943], [13.266976, 38.202018], [13.267014, 38.202109], [13.267046, 38.20222], [13.267024, 38.202323], [13.26703, 38.202368], [13.267017, 38.20239], [13.266994, 38.202548], [13.266957, 38.202614], [13.266921, 38.202702], [13.266906, 38.202706], [13.266905, 38.202708], [13.266857, 38.20283], [13.266835, 38.202913], [13.266842, 38.203024], [13.266886, 38.203068], [13.26689, 38.203123], [13.266859, 38.203154], [13.266789, 38.203141], [13.266778, 38.202979], [13.266807, 38.202814], [13.266847, 38.202697], [13.266848, 38.202693], [13.26685, 38.202688], [13.266862, 38.202667], [13.266909, 38.202527], [13.26693, 38.202286], [13.266947, 38.202195], [13.266901, 38.202005], [13.266861, 38.201928]]]}, "properties": {"pai_nmr": "040", "bacino": "Area tra F. Oreto e Punta Raisi", "provincia": "PA", "comune": "Palermo", "localita": "Punta Matese", "sigla": "040-6PM-106", "pericolo": "n.c.", "n_dsg": 4, "data_dsg": "2026-01-09", "ngurs_dsg": 4, "dgurs_dsg": "2026-01-23", "cls_dissesti_attivita": "Attivo", "col_dissesti_attivita": "#ff0000", "bor_dissesti_attivita": "#000000", "cls_dissesti_tipologia": "Crollo e/o ribaltamento", "col_dissesti_tipologia": "#000000", "bor_dissesti_tipologia": "#000000", "pat_dissesti_tipologia": "pai-dissesti_tipologia-0", "sup_ha": 0.1941}}, {"type": "Feature", "geometry": {"type": "Polygon", "coordinates": [[[13.283842, 38.195257], [13.283858, 38.195226], [13.283876, 38.195196], [13.28388, 38.195172], [13.283844, 38.195152], [13.283827, 38.195126], [13.283743, 38.195098], [13.283704, 38.195069], [13.283669, 38.195023], [13.283673, 38.19498], [13.283708, 38.1949], [13.283752, 38.194827], [13.283801, 38.194782], [13.283866, 38.194752], [13.283911, 38.194738], [13.283966, 38.194734], [13.284014, 38.194742], [13.284044, 38.194766], [13.284095, 38.194777], [13.284197, 38.19479], [13.284287, 38.194825], [13.284338, 38.194847], [13.28437, 38.194879], [13.284397, 38.1949], [13.284439, 38.194925], [13.28449, 38.194935], [13.284522, 38.194969], [13.284567, 38.194998], [13.284621, 38.195028], [13.28465, 38.195069], [13.28467, 38.195107], [13.284706, 38.195129], [13.284763, 38.195139], [13.28481, 38.195181], [13.284858, 38.195217], [13.284899, 38.195242], [13.284963, 38.195247], [13.285008, 38.195267], [13.284998, 38.195303], [13.284946, 38.195307], [13.284868, 38.195298], [13.284798, 38.195297], [13.284769, 38.195268], [13.284693, 38.195265], [13.284601, 38.195232], [13.284565, 38.195203], [13.284551, 38.19517], [13.284578, 38.195158], [13.284623, 38.195176], [13.284686, 38.195193], [13.284716, 38.195191], [13.28472, 38.195155], [13.284672, 38.195148], [13.284645, 38.195128], [13.284631, 38.19509], [13.284589, 38.195068], [13.28455, 38.195058], [13.284493, 38.195057], [13.284445, 38.195049], [13.284442, 38.195027], [13.284473, 38.195009], [13.284464, 38.19499], [13.284441, 38.194973], [13.284398, 38.194984], [13.284353, 38.194974], [13.284293, 38.194949], [13.284281, 38.194927], [13.284282, 38.194899], [13.284274, 38.194863], [13.284256, 38.194839], [13.284181, 38.194819], [13.284121, 38.194803], [13.284082, 38.194812], [13.284043, 38.1948], [13.283977, 38.194787], [13.283916, 38.194805], [13.283855, 38.194819], [13.28382, 38.194875], [13.283786, 38.19492], [13.283773, 38.194972], [13.283745, 38.195008], [13.283732, 38.195034], [13.283756, 38.195058], [13.283804, 38.195073], [13.283848, 38.195102], [13.283884, 38.195131], [13.283917, 38.195146], [13.283904, 38.195184], [13.283906, 38.195237], [13.283869, 38.19526], [13.283842, 38.195257]]]}, "properties": {"pai_nmr": "040", "bacino": "Area tra F. Oreto e Punta Raisi", "provincia": "PA", "comune": "Palermo", "localita": "Pizzo Impiso - ex cava", "sigla": "040-6PM-173", "n_dpr": 511, "data_dpr": "2016-11-02", "pericolo": "n.c.", "ngurs": "56", "dgurs": "2016-12-23", "cls_dissesti_attivita": "Attivo", "col_dissesti_attivita": "#ff0000", "bor_dissesti_attivita": "#000000", "cls_dissesti_tipologia": "Crollo e/o ribaltamento", "col_dissesti_tipologia": "#000000", "bor_dissesti_tipologia": "#000000", "pat_dissesti_tipologia": "pai-dissesti_tipologia-0", "sup_ha": 0.1203}}, {"type": "Feature", "geometry": {"type": "Polygon", "coordinates": [[[13.289064, 38.195715], [13.289043, 38.195693], [13.289083, 38.195667], [13.289135, 38.195639], [13.289175, 38.195588], [13.289231, 38.195543], [13.289283, 38.195496], [13.289339, 38.195452], [13.289385, 38.195402], [13.289477, 38.195337], [13.289563, 38.195286], [13.289636, 38.195253], [13.289698, 38.195185], [13.289718, 38.19514], [13.289728, 38.195102], [13.289747, 38.195062], [13.289762, 38.19505], [13.289771, 38.195074], [13.289788, 38.195122], [13.289796, 38.195163], [13.289797, 38.195213], [13.289766, 38.19526], [13.289684, 38.195302], [13.289619, 38.195341], [13.28954, 38.195385], [13.289463, 38.195432], [13.289401, 38.195488], [13.289328, 38.195533], [13.289269, 38.195582], [13.289195, 38.195645], [13.289134, 38.19568], [13.289064, 38.195715]]]}, "properties": {"pai_nmr": "040", "bacino": "Area tra F. Oreto e Punta Raisi", "provincia": "PA", "comune": "Palermo", "localita": "Pizzo Impiso - versante sudoccidentale", "sigla": "040-6PM-177", "n_dpr": 511, "data_dpr": "2016-11-02", "pericolo": "n.c.", "ngurs": "56", "dgurs": "2016-12-23", "cls_dissesti_attivita": "Attivo", "col_dissesti_attivita": "#ff0000", "bor_dissesti_attivita": "#000000", "cls_dissesti_tipologia": "Crollo e/o ribaltamento", "col_dissesti_tipologia": "#000000", "bor_dissesti_tipologia": "#000000", "pat_dissesti_tipologia": "pai-dissesti_tipologia-0", "sup_ha": 0.0626}}, {"type": "Feature", "geometry": {"type": "Polygon", "coordinates": [[[13.290297, 38.197771], [13.290232, 38.197766], [13.290228, 38.197732], [13.290293, 38.197695], [13.290337, 38.197658], [13.290322, 38.19759], [13.290304, 38.197454], [13.290269, 38.197373], [13.290173, 38.197346], [13.290135, 38.197324], [13.290184, 38.197296], [13.290255, 38.197254], [13.290272, 38.197216], [13.290247, 38.197136], [13.290239, 38.19703], [13.290247, 38.196936], [13.290303, 38.196827], [13.290379, 38.196761], [13.290452, 38.196656], [13.290593, 38.19656], [13.290658, 38.196549], [13.290809, 38.1965], [13.29092, 38.196379], [13.290959, 38.196312], [13.290966, 38.196248], [13.291042, 38.196186], [13.291114, 38.196081], [13.291143, 38.195992], [13.291156, 38.195912], [13.291221, 38.195871], [13.291206, 38.195837], [13.291152, 38.195844], [13.291093, 38.195865], [13.291022, 38.195906], [13.290918, 38.195972], [13.290815, 38.196055], [13.290771, 38.196097], [13.290743, 38.196131], [13.290694, 38.196151], [13.290641, 38.196138], [13.290604, 38.196095], [13.290681, 38.196037], [13.29079, 38.195945], [13.290894, 38.195862], [13.290928, 38.195807], [13.290902, 38.195765], [13.290958, 38.195672], [13.291044, 38.195631], [13.291094, 38.195577], [13.291041, 38.195551], [13.290971, 38.195541], [13.290912, 38.195574], [13.290885, 38.195553], [13.290903, 38.195493], [13.290968, 38.195456], [13.291032, 38.195466], [13.291156, 38.195455], [13.291215, 38.195473], [13.291187, 38.195523], [13.291158, 38.195595], [13.291119, 38.195641], [13.291113, 38.195666], [13.291162, 38.195671], [13.291253, 38.195664], [13.291403, 38.195653], [13.29158, 38.195673], [13.291751, 38.195713], [13.291884, 38.195762], [13.291985, 38.195785], [13.292215, 38.195843], [13.292369, 38.195883], [13.29246, 38.195918], [13.292459, 38.195969], [13.292415, 38.196011], [13.292312, 38.196022], [13.292195, 38.196012], [13.29205, 38.196001], [13.291938, 38.195966], [13.291895, 38.195957], [13.291793, 38.195964], [13.291696, 38.195979], [13.29155, 38.196024], [13.291523, 38.196049], [13.291505, 38.196112], [13.291456, 38.196171], [13.291429, 38.196179], [13.291396, 38.196191], [13.291347, 38.196211], [13.291286, 38.196299], [13.291246, 38.196409], [13.29116, 38.196437], [13.291056, 38.196495], [13.290963, 38.196604], [13.29076, 38.196783], [13.290644, 38.19693], [13.290554, 38.197115], [13.290487, 38.197211], [13.29047, 38.197262], [13.290534, 38.197284], [13.290532, 38.19736], [13.290498, 38.197427], [13.290459, 38.197494], [13.290441, 38.197553], [13.290446, 38.197592], [13.290445, 38.197638], [13.290455, 38.197672], [13.290406, 38.19771], [13.290372, 38.197751], [13.290339, 38.197781], [13.290297, 38.197771]]]}, "properties": {"pai_nmr": "040", "bacino": "Area tra F. Oreto e Punta Raisi", "provincia": "PA", "comune": "Palermo", "localita": "Pizzo Impiso - versante sudoccidentale", "sigla": "040-6PM-176", "n_dpr": 511, "data_dpr": "2016-11-02", "pericolo": "n.c.", "ngurs": "56", "dgurs": "2016-12-23", "cls_dissesti_attivita": "Attivo", "col_dissesti_attivita": "#ff0000", "bor_dissesti_attivita": "#000000", "cls_dissesti_tipologia": "Crollo e/o ribaltamento", "col_dissesti_tipologia": "#000000", "bor_dissesti_tipologia": "#000000", "pat_dissesti_tipologia": "pai-dissesti_tipologia-0", "sup_ha": 0.9696}}, {"type": "Feature", "geometry": {"type": "Polygon", "coordinates": [[[13.288987, 38.196622], [13.288956, 38.196579], [13.28893, 38.196553], [13.288947, 38.196532], [13.288995, 38.196516], [13.289081, 38.196517], [13.289135, 38.19651], [13.289253, 38.196494], [13.28928, 38.196512], [13.289295, 38.196541], [13.289332, 38.196584], [13.289358, 38.196589], [13.289385, 38.196589], [13.289434, 38.196565], [13.289468, 38.196514], [13.289506, 38.196464], [13.28955, 38.196422], [13.28961, 38.196394], [13.289648, 38.196386], [13.289728, 38.196378], [13.289781, 38.196413], [13.289764, 38.196447], [13.289737, 38.19648], [13.289678, 38.196471], [13.289624, 38.196462], [13.289565, 38.196499], [13.289537, 38.196532], [13.289595, 38.196567], [13.28961, 38.196622], [13.289603, 38.196686], [13.289496, 38.196688], [13.289388, 38.196691], [13.28933, 38.196678], [13.289265, 38.196668], [13.289267, 38.196622], [13.289262, 38.196592], [13.289219, 38.196583], [13.2891, 38.196611], [13.288987, 38.196622]]]}, "properties": {"pai_nmr": "040", "bacino": "Area tra F. Oreto e Punta Raisi", "provincia": "PA", "comune": "Palermo", "localita": "Pizzo Impiso - versante sudoccidentale", "sigla": "040-6PM-175", "n_dpr": 511, "data_dpr": "2016-11-02", "pericolo": "n.c.", "ngurs": "56", "dgurs": "2016-12-23", "cls_dissesti_attivita": "Attivo", "col_dissesti_attivita": "#ff0000", "bor_dissesti_attivita": "#000000", "cls_dissesti_tipologia": "Crollo e/o ribaltamento", "col_dissesti_tipologia": "#000000", "bor_dissesti_tipologia": "#000000", "pat_dissesti_tipologia": "pai-dissesti_tipologia-0", "sup_ha": 0.0945}}, {"type": "Feature", "geometry": {"type": "Polygon", "coordinates": [[[13.289881, 38.196736], [13.289941, 38.196686], [13.290006, 38.196675], [13.290108, 38.196676], [13.290199, 38.196673], [13.290268, 38.196708], [13.290299, 38.196751], [13.290293, 38.196789], [13.290245, 38.196771], [13.29017, 38.196753], [13.290137, 38.196795], [13.290126, 38.196825], [13.290093, 38.196828], [13.290013, 38.196831], [13.28996, 38.196801], [13.289998, 38.196763], [13.289983, 38.196725], [13.289924, 38.196745], [13.28988, 38.196762], [13.289881, 38.196736]]]}, "properties": {"pai_nmr": "040", "bacino": "Area tra F. Oreto e Punta Raisi", "provincia": "PA", "comune": "Palermo", "localita": "Pizzo Impiso - versante sudoccidentale", "sigla": "040-6PM-178", "n_dpr": 511, "data_dpr": "2016-11-02", "pericolo": "n.c.", "ngurs": "56", "dgurs": "2016-12-23", "cls_dissesti_attivita": "Attivo", "col_dissesti_attivita": "#ff0000", "bor_dissesti_attivita": "#000000", "cls_dissesti_tipologia": "Crollo e/o ribaltamento", "col_dissesti_tipologia": "#000000", "bor_dissesti_tipologia": "#000000", "pat_dissesti_tipologia": "pai-dissesti_tipologia-0", "sup_ha": 0.0392}}, {"type": "Feature", "geometry": {"type": "Polygon", "coordinates": [[[13.289362, 38.197339], [13.28931, 38.197291], [13.289343, 38.197249], [13.289413, 38.197229], [13.289452, 38.197183], [13.28948, 38.197112], [13.289562, 38.197079], [13.289638, 38.197042], [13.28966, 38.196996], [13.289695, 38.196886], [13.289728, 38.196844], [13.289787, 38.196837], [13.289824, 38.196892], [13.28979, 38.196934], [13.289752, 38.196972], [13.289746, 38.197018], [13.28975, 38.197052], [13.289825, 38.197062], [13.289884, 38.197084], [13.289824, 38.197121], [13.289716, 38.197119], [13.289635, 38.197139], [13.289543, 38.19718], [13.28951, 38.197222], [13.289519, 38.197282], [13.289503, 38.197311], [13.289433, 38.197323], [13.289362, 38.197339]]]}, "properties": {"pai_nmr": "040", "bacino": "Area tra F. Oreto e Punta Raisi", "provincia": "PA", "comune": "Palermo", "localita": "Pizzo Impiso - versante sudoccidentale", "sigla": "040-6PM-179", "n_dpr": 511, "data_dpr": "2016-11-02", "pericolo": "n.c.", "ngurs": "56", "dgurs": "2016-12-23", "cls_dissesti_attivita": "Attivo", "col_dissesti_attivita": "#ff0000", "bor_dissesti_attivita": "#000000", "cls_dissesti_tipologia": "Crollo e/o ribaltamento", "col_dissesti_tipologia": "#000000", "bor_dissesti_tipologia": "#000000", "pat_dissesti_tipologia": "pai-dissesti_tipologia-0", "sup_ha": 0.0702}}, {"type": "Feature", "geometry": {"type": "Polygon", "coordinates": [[[13.285398, 38.19693], [13.285386, 38.196957], [13.28538, 38.196988], [13.285352, 38.197012], [13.285304, 38.197044], [13.285281, 38.197051], [13.285315, 38.197072], [13.285369, 38.197086], [13.285412, 38.197108], [13.285467, 38.197137], [13.285523, 38.197148], [13.285532, 38.197169], [13.28551, 38.19719], [13.28545, 38.197182], [13.285394, 38.197176], [13.285346, 38.197175], [13.285323, 38.197151], [13.285288, 38.197139], [13.285254, 38.197117], [13.285224, 38.197102], [13.285215, 38.19707], [13.285221, 38.197038], [13.285215, 38.197004], [13.285213, 38.196973], [13.285176, 38.19696], [13.28513, 38.196959], [13.285077, 38.196925], [13.285038, 38.196916], [13.285005, 38.19693], [13.28496, 38.196944], [13.284898, 38.196934], [13.28487, 38.196906], [13.284866, 38.19688], [13.284867, 38.196843], [13.284863, 38.19681], [13.284871, 38.196781], [13.284842, 38.196746], [13.284807, 38.196721], [13.284761, 38.196695], [13.28473, 38.196638], [13.284701, 38.1966], [13.284707, 38.196549], [13.284733, 38.19652], [13.284731, 38.196483], [13.284709, 38.196463], [13.284681, 38.196437], [13.28465, 38.196403], [13.284643, 38.196383], [13.284623, 38.196363], [13.284579, 38.196347], [13.284558, 38.196334], [13.284542, 38.196315], [13.28454, 38.196297], [13.284548, 38.196275], [13.284562, 38.196255], [13.284577, 38.196243], [13.284595, 38.196239], [13.284611, 38.196256], [13.284634, 38.196276], [13.28465, 38.196306], [13.28467, 38.196338], [13.284685, 38.196367], [13.284711, 38.196366], [13.284737, 38.196346], [13.284751, 38.196324], [13.284768, 38.196313], [13.284823, 38.196353], [13.28488, 38.196385], [13.284924, 38.196393], [13.284968, 38.196397], [13.284977, 38.196414], [13.285, 38.196445], [13.28503, 38.196468], [13.285067, 38.196474], [13.285103, 38.196491], [13.285108, 38.196515], [13.285082, 38.196529], [13.285056, 38.196549], [13.285043, 38.196591], [13.285012, 38.196622], [13.284991, 38.196632], [13.284995, 38.196652], [13.285009, 38.19666], [13.285027, 38.196655], [13.285048, 38.196657], [13.285083, 38.196689], [13.285119, 38.196735], [13.285159, 38.19678], [13.285179, 38.196819], [13.2852, 38.196846], [13.285257, 38.196867], [13.285327, 38.196879], [13.285377, 38.196911], [13.285398, 38.19693]]]}, "properties": {"pai_nmr": "040", "bacino": "Area tra F. Oreto e Punta Raisi", "provincia": "PA", "comune": "Palermo", "localita": "Pizzo Impiso - versante nord occidentale", "sigla": "040-6PM-171", "n_dpr": 511, "data_dpr": "2016-11-02", "pericolo": "n.c.", "ngurs": "56", "dgurs": "2016-12-23", "cls_dissesti_attivita": "Attivo", "col_dissesti_attivita": "#ff0000", "bor_dissesti_attivita": "#000000", "cls_dissesti_tipologia": "Crollo e/o ribaltamento", "col_dissesti_tipologia": "#000000", "bor_dissesti_tipologia": "#000000", "pat_dissesti_tipologia": "pai-dissesti_tipologia-0", "sup_ha": 0.2379}}, {"type": "Feature", "geometry": {"type": "Polygon", "coordinates": [[[13.288347, 38.196589], [13.288274, 38.196604], [13.288204, 38.196627], [13.288185, 38.196663], [13.288173, 38.196693], [13.288133, 38.196721], [13.288039, 38.19672], [13.287967, 38.196681], [13.287914, 38.196635], [13.287882, 38.196587], [13.287867, 38.19656], [13.287843, 38.196574], [13.287797, 38.1966], [13.287763, 38.196652], [13.287732, 38.196668], [13.287659, 38.196674], [13.287639, 38.196645], [13.287637, 38.196612], [13.287619, 38.196578], [13.287577, 38.196582], [13.287553, 38.196567], [13.287581, 38.196542], [13.287593, 38.19652], [13.287548, 38.19651], [13.287461, 38.19649], [13.287395, 38.196477], [13.28735, 38.196479], [13.287325, 38.1965], [13.287309, 38.19654], [13.287272, 38.196582], [13.287211, 38.196589], [13.287157, 38.196566], [13.287146, 38.196538], [13.287125, 38.196523], [13.287065, 38.196517], [13.287037, 38.196546], [13.287006, 38.196581], [13.286963, 38.196614], [13.286914, 38.196642], [13.286874, 38.196655], [13.286784, 38.196644], [13.286691, 38.196615], [13.286616, 38.196597], [13.286532, 38.196567], [13.286442, 38.196542], [13.286385, 38.196527], [13.286339, 38.196533], [13.286321, 38.196561], [13.286278, 38.19657], [13.286209, 38.196562], [13.286152, 38.19654], [13.286137, 38.196511], [13.286132, 38.196468], [13.286103, 38.196425], [13.286122, 38.196387], [13.286129, 38.196368], [13.286129, 38.196339], [13.286099, 38.196329], [13.286081, 38.196353], [13.28606, 38.196357], [13.286027, 38.196321], [13.285985, 38.196304], [13.285956, 38.196277], [13.285947, 38.196263], [13.285948, 38.196225], [13.285964, 38.196199], [13.286006, 38.196202], [13.286062, 38.196236], [13.28611, 38.196267], [13.286193, 38.196316], [13.286225, 38.196369], [13.286245, 38.19642], [13.286269, 38.196439], [13.286305, 38.196432], [13.286366, 38.196412], [13.286438, 38.196437], [13.286508, 38.196445], [13.286588, 38.196491], [13.286675, 38.196507], [13.286717, 38.196543], [13.286777, 38.196563], [13.286867, 38.196569], [13.286937, 38.196544], [13.28699, 38.1965], [13.287033, 38.19646], [13.287073, 38.196444], [13.287136, 38.196452], [13.287178, 38.196467], [13.28718, 38.196495], [13.287177, 38.196514], [13.287201, 38.196527], [13.287231, 38.196508], [13.287248, 38.196444], [13.28727, 38.196418], [13.287303, 38.196426], [13.287397, 38.196417], [13.287453, 38.196435], [13.287523, 38.19645], [13.287607, 38.196473], [13.287679, 38.196469], [13.287746, 38.196446], [13.287814, 38.196412], [13.287889, 38.196427], [13.287927, 38.196458], [13.287962, 38.196511], [13.288001, 38.196538], [13.288073, 38.196542], [13.288116, 38.196511], [13.288157, 38.196455], [13.288203, 38.196408], [13.288256, 38.196339], [13.288276, 38.196285], [13.288235, 38.196215], [13.288234, 38.19612], [13.288243, 38.196008], [13.288293, 38.195942], [13.288364, 38.195885], [13.288407, 38.195846], [13.288442, 38.195767], [13.28847, 38.195737], [13.28853, 38.19575], [13.288584, 38.195774], [13.288657, 38.195766], [13.288671, 38.195807], [13.288707, 38.195795], [13.288723, 38.195752], [13.288687, 38.19574], [13.288639, 38.195723], [13.288659, 38.195666], [13.28866, 38.195623], [13.288646, 38.19557], [13.288625, 38.195546], [13.288574, 38.195562], [13.288509, 38.195602], [13.288427, 38.195629], [13.288312, 38.195637], [13.288249, 38.195629], [13.288247, 38.195595], [13.288335, 38.195575], [13.288444, 38.195555], [13.28852, 38.195528], [13.288639, 38.195494], [13.288685, 38.195447], [13.28872, 38.195397], [13.28873, 38.19535], [13.288789, 38.195277], [13.288862, 38.195242], [13.288951, 38.195186], [13.289064, 38.195145], [13.289201, 38.195092], [13.289298, 38.195069], [13.289337, 38.195084], [13.289309, 38.195124], [13.289242, 38.195159], [13.289162, 38.195196], [13.28911, 38.195234], [13.289085, 38.195281], [13.289063, 38.195312], [13.288993, 38.195332], [13.288947, 38.195355], [13.28894, 38.1954], [13.288933, 38.195453], [13.288886, 38.195493], [13.288846, 38.195528], [13.288791, 38.19557], [13.288763, 38.19562], [13.288768, 38.19567], [13.288797, 38.195718], [13.288826, 38.195768], [13.288818, 38.195818], [13.288796, 38.195875], [13.288786, 38.19593], [13.28877, 38.195968], [13.288736, 38.195989], [13.288636, 38.195992], [13.288579, 38.195974], [13.288531, 38.195962], [13.288446, 38.195989], [13.288394, 38.196027], [13.288371, 38.196069], [13.288385, 38.196134], [13.288393, 38.196196], [13.288395, 38.196244], [13.288424, 38.196292], [13.288496, 38.196309], [13.288544, 38.196322], [13.288519, 38.196357], [13.288476, 38.196383], [13.288469, 38.196421], [13.288453, 38.196459], [13.288395, 38.196482], [13.288382, 38.196522], [13.288347, 38.196589]]]}, "properties": {"pai_nmr": "040", "bacino": "Area tra F. Oreto e Punta Raisi", "provincia": "PA", "comune": "Palermo", "localita": "Pizzo Impiso - versante sudoccidentale", "sigla": "040-6PM-174", "n_dpr": 511, "data_dpr": "2016-11-02", "pericolo": "n.c.", "ngurs": "56", "dgurs": "2016-12-23", "cls_dissesti_attivita": "Attivo", "col_dissesti_attivita": "#ff0000", "bor_dissesti_attivita": "#000000", "cls_dissesti_tipologia": "Crollo e/o ribaltamento", "col_dissesti_tipologia": "#000000", "bor_dissesti_tipologia": "#000000", "pat_dissesti_tipologia": "pai-dissesti_tipologia-0", "sup_ha": 0.6301}}, {"type": "Feature", "geometry": {"type": "Polygon", "coordinates": [[[13.283524, 38.195327], [13.28356, 38.195342], [13.28359, 38.195362], [13.283625, 38.195395], [13.283658, 38.195415], [13.283699, 38.195459], [13.28377, 38.195529], [13.28385, 38.195604], [13.283925, 38.19565], [13.284002, 38.195713], [13.284091, 38.195767], [13.284216, 38.19584], [13.284287, 38.195889], [13.284377, 38.19595], [13.28449, 38.196007], [13.284582, 38.196065], [13.284629, 38.196125], [13.284731, 38.196177], [13.284833, 38.19619], [13.284981, 38.196193], [13.285022, 38.19615], [13.285105, 38.196061], [13.285155, 38.195981], [13.28522, 38.195939], [13.285275, 38.195927], [13.285336, 38.195902], [13.285396, 38.195884], [13.285439, 38.195882], [13.285466, 38.195863], [13.285476, 38.195837], [13.285465, 38.19578], [13.285467, 38.195725], [13.28544, 38.195706], [13.285394, 38.195717], [13.285367, 38.195714], [13.285365, 38.195697], [13.285353, 38.195662], [13.285324, 38.195635], [13.285289, 38.19558], [13.285269, 38.195534], [13.285251, 38.1955], [13.285237, 38.19546], [13.285214, 38.195407], [13.285185, 38.195363], [13.285138, 38.195329], [13.285096, 38.195288], [13.285064, 38.195259], [13.28504, 38.19524], [13.285029, 38.195187], [13.285027, 38.195144], [13.284989, 38.195103], [13.284953, 38.195067], [13.28492, 38.195052], [13.284891, 38.195035], [13.28484, 38.195017], [13.284789, 38.194981], [13.284757, 38.19494], [13.284721, 38.194908], [13.284658, 38.194891], [13.284604, 38.194871], [13.284584, 38.194837], [13.284579, 38.194809], [13.284615, 38.194807], [13.284636, 38.194831], [13.284693, 38.194846], [13.284735, 38.194859], [13.284807, 38.194876], [13.28486, 38.194915], [13.284872, 38.194949], [13.284934, 38.194978], [13.284997, 38.195029], [13.285044, 38.195066], [13.285109, 38.195119], [13.28512, 38.195167], [13.285152, 38.19521], [13.285209, 38.195242], [13.285272, 38.195281], [13.285367, 38.195337], [13.285429, 38.195377], [13.285456, 38.195422], [13.285497, 38.195475], [13.285531, 38.195545], [13.285587, 38.195624], [13.285631, 38.195651], [13.285688, 38.195693], [13.285727, 38.195715], [13.285744, 38.195739], [13.285713, 38.195767], [13.285755, 38.195796], [13.285791, 38.195825], [13.285832, 38.195854], [13.285874, 38.195881], [13.285909, 38.195915], [13.285927, 38.195942], [13.285947, 38.195983], [13.285973, 38.196019], [13.285994, 38.19604], [13.286005, 38.196074], [13.285986, 38.196102], [13.285965, 38.196133], [13.285961, 38.196166], [13.285964, 38.196199], [13.285948, 38.196225], [13.285947, 38.196263], [13.285904, 38.196268], [13.285868, 38.196272], [13.285831, 38.196279], [13.285798, 38.1963], [13.285785, 38.196338], [13.285769, 38.196371], [13.285735, 38.196385], [13.285686, 38.196398], [13.285676, 38.196444], [13.285679, 38.196477], [13.285651, 38.19651], [13.285593, 38.196523], [13.285427, 38.196526], [13.285345, 38.196515], [13.28524, 38.196504], [13.285143, 38.1965], [13.285103, 38.196491], [13.285084, 38.196456], [13.285045, 38.196422], [13.28501, 38.196393], [13.284968, 38.196397], [13.284924, 38.196393], [13.28488, 38.196385], [13.284823, 38.196353], [13.284768, 38.196313], [13.28474, 38.196299], [13.284671, 38.196286], [13.284634, 38.196276], [13.284611, 38.196256], [13.284595, 38.196239], [13.284561, 38.19622], [13.284555, 38.196208], [13.284519, 38.196191], [13.284492, 38.196204], [13.284464, 38.196202], [13.28445, 38.196194], [13.284413, 38.196184], [13.284384, 38.196174], [13.284357, 38.19615], [13.284333, 38.196119], [13.284319, 38.196088], [13.284299, 38.196061], [13.284269, 38.196022], [13.284239, 38.196005], [13.284195, 38.195983], [13.284162, 38.195949], [13.284145, 38.195928], [13.284127, 38.195887], [13.28411, 38.195865], [13.284077, 38.195853], [13.28405, 38.195836], [13.28397, 38.195761], [13.283887, 38.195697], [13.283819, 38.195653], [13.28375, 38.195614], [13.283715, 38.195585], [13.283679, 38.195546], [13.283653, 38.195517], [13.283635, 38.195498], [13.283629, 38.195479], [13.283618, 38.195457], [13.283585, 38.19545], [13.28357, 38.195438], [13.283561, 38.195414], [13.283544, 38.195394], [13.283517, 38.195375], [13.283511, 38.195356], [13.283524, 38.195327]]]}, "properties": {"pai_nmr": "040", "bacino": "Area tra F. Oreto e Punta Raisi", "provincia": "PA", "comune": "Palermo", "localita": "Pizzo Impiso - ex cava", "sigla": "040-6PM-172", "n_dpr": 511, "data_dpr": "2016-11-02", "pericolo": "n.c.", "ngurs": "56", "dgurs": "2016-12-23", "cls_dissesti_attivita": "Attivo", "col_dissesti_attivita": "#ff0000", "bor_dissesti_attivita": "#000000", "cls_dissesti_tipologia": "Crollo e/o ribaltamento", "col_dissesti_tipologia": "#000000", "bor_dissesti_tipologia": "#000000", "pat_dissesti_tipologia": "pai-dissesti_tipologia-0", "sup_ha": 0.8919}}, {"type": "Feature", "geometry": {"type": "Polygon", "coordinates": [[[13.292536, 38.193533], [13.292441, 38.193558], [13.29232, 38.193525], [13.292264, 38.193533], [13.292208, 38.193541], [13.292199, 38.19348], [13.292272, 38.193442], [13.292349, 38.193469], [13.292432, 38.193483], [13.292432, 38.19347], [13.292405, 38.19343], [13.292423, 38.193391], [13.292501, 38.19334], [13.292564, 38.193253], [13.292639, 38.193171], [13.292689, 38.193141], [13.292729, 38.193116], [13.29278, 38.193038], [13.292854, 38.192986], [13.292942, 38.192987], [13.293002, 38.193023], [13.293045, 38.193085], [13.293039, 38.193138], [13.293066, 38.193169], [13.293155, 38.193139], [13.29325, 38.193101], [13.293401, 38.193064], [13.293479, 38.193056], [13.293572, 38.193075], [13.293588, 38.193097], [13.293542, 38.193167], [13.293564, 38.193206], [13.293607, 38.193247], [13.293628, 38.193291], [13.293655, 38.193335], [13.29376, 38.193332], [13.293833, 38.193315], [13.293956, 38.193265], [13.294046, 38.193209], [13.294119, 38.193171], [13.294281, 38.193125], [13.294387, 38.1931], [13.294522, 38.193028], [13.294755, 38.193005], [13.294927, 38.19299], [13.295054, 38.19304], [13.295248, 38.193043], [13.295347, 38.193066], [13.295385, 38.19311], [13.295378, 38.193176], [13.295349, 38.193202], [13.295272, 38.193192], [13.295189, 38.193182], [13.295034, 38.193188], [13.294928, 38.1932], [13.294872, 38.193234], [13.294838, 38.193278], [13.294754, 38.193303], [13.294683, 38.193249], [13.294606, 38.1932], [13.294551, 38.193177], [13.294474, 38.193185], [13.294429, 38.193197], [13.294405, 38.193258], [13.294399, 38.193289], [13.294482, 38.193307], [13.294548, 38.193321], [13.294581, 38.193348], [13.294525, 38.193361], [13.29442, 38.193368], [13.294309, 38.19337], [13.29422, 38.193352], [13.294114, 38.193376], [13.294014, 38.193419], [13.293946, 38.19347], [13.293911, 38.193549], [13.293832, 38.1936], [13.293848, 38.193631], [13.29392, 38.193641], [13.293998, 38.19362], [13.294116, 38.193556], [13.294211, 38.193522], [13.294372, 38.193498], [13.294433, 38.193521], [13.294437, 38.193587], [13.29437, 38.193595], [13.294298, 38.193602], [13.29428, 38.193637], [13.29424, 38.193685], [13.294184, 38.193728], [13.294078, 38.19373], [13.293973, 38.19372], [13.293939, 38.193768], [13.29391, 38.193851], [13.293913, 38.193942], [13.293867, 38.194003], [13.293854, 38.194073], [13.293815, 38.194099], [13.293793, 38.194059], [13.293778, 38.193993], [13.2937, 38.194005], [13.293666, 38.194053], [13.293654, 38.194105], [13.293652, 38.194184], [13.293583, 38.194279], [13.293548, 38.194348], [13.293476, 38.194356], [13.293499, 38.194304], [13.293523, 38.194243], [13.293553, 38.194152], [13.293588, 38.194069], [13.293618, 38.193991], [13.293673, 38.193974], [13.293762, 38.193958], [13.293807, 38.193945], [13.29383, 38.193902], [13.293851, 38.193844], [13.293866, 38.193789], [13.293895, 38.193736], [13.293846, 38.193723], [13.293784, 38.193752], [13.293744, 38.193791], [13.293694, 38.19379], [13.293712, 38.19376], [13.293735, 38.193704], [13.293736, 38.193673], [13.293681, 38.193655], [13.293621, 38.193614], [13.293544, 38.193565], [13.293478, 38.193542], [13.293416, 38.193598], [13.293382, 38.193646], [13.293314, 38.193671], [13.29322, 38.193679], [13.29317, 38.193678], [13.293196, 38.19361], [13.2932, 38.193549], [13.293188, 38.193476], [13.293176, 38.19342], [13.293194, 38.193385], [13.29325, 38.193342], [13.293318, 38.193299], [13.293374, 38.193274], [13.293308, 38.193242], [13.293208, 38.193249], [13.293068, 38.193282], [13.292997, 38.193273], [13.292953, 38.193228], [13.292865, 38.193196], [13.292791, 38.193278], [13.292768, 38.193339], [13.292706, 38.193378], [13.292609, 38.193468], [13.292536, 38.193533]]]}, "properties": {"pai_nmr": "040", "bacino": "Area tra F. Oreto e Punta Raisi", "provincia": "PA", "comune": "Palermo", "localita": "Pizzo Impiso", "sigla": "040-6PM-180", "n_dpr": 511, "data_dpr": "2016-11-02", "pericolo": "n.c.", "ngurs": "56", "dgurs": "2016-12-23", "cls_dissesti_attivita": "Attivo", "col_dissesti_attivita": "#ff0000", "bor_dissesti_attivita": "#000000", "cls_dissesti_tipologia": "Crollo e/o ribaltamento", "col_dissesti_tipologia": "#000000", "bor_dissesti_tipologia": "#000000", "pat_dissesti_tipologia": "pai-dissesti_tipologia-0", "sup_ha": 0.9001}}, {"type": "Feature", "geometry": {"type": "Polygon", "coordinates": [[[13.296531, 38.19172], [13.296507, 38.191638], [13.296539, 38.191568], [13.296604, 38.191511], [13.296699, 38.191499], [13.29678, 38.191524], [13.2968, 38.191595], [13.296807, 38.191639], [13.296918, 38.191661], [13.296991, 38.191659], [13.297103, 38.191647], [13.297112, 38.191624], [13.297074, 38.191572], [13.297059, 38.191515], [13.296986, 38.191507], [13.296913, 38.191519], [13.296888, 38.191485], [13.296898, 38.191424], [13.29695, 38.191398], [13.296934, 38.191354], [13.296909, 38.191313], [13.296956, 38.19131], [13.297042, 38.191311], [13.297124, 38.191302], [13.297197, 38.191259], [13.29724, 38.191274], [13.297251, 38.191335], [13.29725, 38.191399], [13.297278, 38.191481], [13.297401, 38.19155], [13.297451, 38.191601], [13.297466, 38.191676], [13.29744, 38.19172], [13.297358, 38.191725], [13.297269, 38.191694], [13.297235, 38.191666], [13.297188, 38.191669], [13.297166, 38.191692], [13.297182, 38.191746], [13.29721, 38.191828], [13.297225, 38.191913], [13.297286, 38.192056], [13.297334, 38.192212], [13.297356, 38.192358], [13.297345, 38.192476], [13.297347, 38.192584], [13.297422, 38.192646], [13.297429, 38.192728], [13.297435, 38.192846], [13.297412, 38.19292], [13.297355, 38.192957], [13.297317, 38.192956], [13.297265, 38.192939], [13.297219, 38.192918], [13.297184, 38.192924], [13.297158, 38.192944], [13.297144, 38.192991], [13.297096, 38.193058], [13.297092, 38.19319], [13.297043, 38.193307], [13.297007, 38.193364], [13.296946, 38.193397], [13.296877, 38.19342], [13.296783, 38.193422], [13.296697, 38.193434], [13.296674, 38.193488], [13.296663, 38.193596], [13.296613, 38.193697], [13.296616, 38.193782], [13.296627, 38.193853], [13.296672, 38.193925], [13.296783, 38.193977], [13.296803, 38.194038], [13.296748, 38.194169], [13.29666, 38.194283], [13.29658, 38.1944], [13.296527, 38.194477], [13.296478, 38.194524], [13.29641, 38.19451], [13.296386, 38.194448], [13.296387, 38.194381], [13.296376, 38.194293], [13.296413, 38.194219], [13.296419, 38.194134], [13.296395, 38.194049], [13.296435, 38.194002], [13.296489, 38.194047], [13.296533, 38.194027], [13.296525, 38.19399], [13.29647, 38.193956], [13.296479, 38.193922], [13.296536, 38.193902], [13.296554, 38.193865], [13.296542, 38.193831], [13.296494, 38.193848], [13.29645, 38.193915], [13.296397, 38.193951], [13.296341, 38.193981], [13.29629, 38.193973], [13.29629, 38.193936], [13.296322, 38.193869], [13.296353, 38.193808], [13.296369, 38.19369], [13.296377, 38.193538], [13.296374, 38.19346], [13.296449, 38.193377], [13.296488, 38.193354], [13.296583, 38.193335], [13.296585, 38.193267], [13.2966, 38.193179], [13.296618, 38.193119], [13.296671, 38.193062], [13.296741, 38.192992], [13.296797, 38.192982], [13.296862, 38.19297], [13.296905, 38.192947], [13.296928, 38.192903], [13.296915, 38.192883], [13.296856, 38.192855], [13.29684, 38.192787], [13.296821, 38.192653], [13.29685, 38.19256], [13.296868, 38.192503], [13.296928, 38.192528], [13.296951, 38.192643], [13.297022, 38.192725], [13.297076, 38.192773], [13.297109, 38.192858], [13.297156, 38.192835], [13.297153, 38.192795], [13.297141, 38.192744], [13.297091, 38.192699], [13.29708, 38.192635], [13.297099, 38.192557], [13.297079, 38.192486], [13.297012, 38.19241], [13.296967, 38.192332], [13.29696, 38.192251], [13.296931, 38.192216], [13.296915, 38.192169], [13.296921, 38.192074], [13.296928, 38.191969], [13.2969, 38.191878], [13.296867, 38.191816], [13.296838, 38.191779], [13.296735, 38.191781], [13.296696, 38.191787], [13.296645, 38.191783], [13.296624, 38.191755], [13.296664, 38.191722], [13.296729, 38.191692], [13.296721, 38.191665], [13.2967, 38.191638], [13.296639, 38.191661], [13.296605, 38.191681], [13.29657, 38.191714], [13.296531, 38.19172]]]}, "properties": {"pai_nmr": "040", "bacino": "Area tra F. Oreto e Punta Raisi", "provincia": "PA", "comune": "Palermo", "localita": "Cozzo Portello", "sigla": "040-6PM-181", "n_dpr": 511, "data_dpr": "2016-11-02", "pericolo": "n.c.", "ngurs": "56", "dgurs": "2016-12-23", "cls_dissesti_attivita": "Attivo", "col_dissesti_attivita": "#ff0000", "bor_dissesti_attivita": "#000000", "cls_dissesti_tipologia": "Crollo e/o ribaltamento", "col_dissesti_tipologia": "#000000", "bor_dissesti_tipologia": "#000000", "pat_dissesti_tipologia": "pai-dissesti_tipologia-0", "sup_ha": 1.1816}}, {"type": "Feature", "geometry": {"type": "Polygon", "coordinates": [[[13.289395, 38.211482], [13.289343, 38.211437], [13.289349, 38.21138], [13.289506, 38.211413], [13.289728, 38.211472], [13.289926, 38.211592], [13.29, 38.211687], [13.290126, 38.211767], [13.290219, 38.211885], [13.290326, 38.211988], [13.290414, 38.21208], [13.290451, 38.212144], [13.290431, 38.212181], [13.290374, 38.212158], [13.29029, 38.212097], [13.290221, 38.212009], [13.290099, 38.211895], [13.289974, 38.211765], [13.28981, 38.211643], [13.289679, 38.211562], [13.289594, 38.211512], [13.289513, 38.211495], [13.289457, 38.211483], [13.289395, 38.211482]]]}, "properties": {"pai_nmr": "040", "bacino": "Area tra F. Oreto e Punta Raisi", "provincia": "PA", "comune": "Palermo", "localita": "La Fossa", "sigla": "040-6PM-182", "n_dpr": 511, "data_dpr": "2016-11-02", "pericolo": "n.c.", "ngurs": "56", "dgurs": "2016-12-23", "cls_dissesti_attivita": "Attivo", "col_dissesti_attivita": "#ff0000", "bor_dissesti_attivita": "#000000", "cls_dissesti_tipologia": "Crollo e/o ribaltamento", "col_dissesti_tipologia": "#000000", "bor_dissesti_tipologia": "#000000", "pat_dissesti_tipologia": "pai-dissesti_tipologia-0", "sup_ha": 0.1193}}, {"type": "Feature", "geometry": {"type": "Polygon", "coordinates": [[[13.288765, 38.211323], [13.288756, 38.211293], [13.288785, 38.211293], [13.288899, 38.211291], [13.288985, 38.211296], [13.289079, 38.211316], [13.289117, 38.211324], [13.289145, 38.211359], [13.289107, 38.211373], [13.289007, 38.21136], [13.288874, 38.211325], [13.288765, 38.211323]]]}, "properties": {"pai_nmr": "040", "bacino": "Area tra F. Oreto e Punta Raisi", "provincia": "PA", "comune": "Palermo", "localita": "La Fossa", "sigla": "040-6PM-183", "n_dpr": 511, "data_dpr": "2016-11-02", "pericolo": "n.c.", "ngurs": "56", "dgurs": "2016-12-23", "cls_dissesti_attivita": "Attivo", "col_dissesti_attivita": "#ff0000", "bor_dissesti_attivita": "#000000", "cls_dissesti_tipologia": "Crollo e/o ribaltamento", "col_dissesti_tipologia": "#000000", "bor_dissesti_tipologia": "#000000", "pat_dissesti_tipologia": "pai-dissesti_tipologia-0", "sup_ha": 0.0161}}, {"type": "Feature", "geometry": {"type": "Polygon", "coordinates": [[[13.291275, 38.203302], [13.291271, 38.203352], [13.291246, 38.203381], [13.291209, 38.203387], [13.29118, 38.203341], [13.291157, 38.203281], [13.291138, 38.203203], [13.291079, 38.20313], [13.290993, 38.203065], [13.290905, 38.202982], [13.29084, 38.20291], [13.290757, 38.202825], [13.290726, 38.202748], [13.290716, 38.202658], [13.290652, 38.20254], [13.290612, 38.202437], [13.290532, 38.202359], [13.29049, 38.202251], [13.290487, 38.202113], [13.290483, 38.202032], [13.290473, 38.201917], [13.290439, 38.201845], [13.290368, 38.201773], [13.290308, 38.201734], [13.290233, 38.201728], [13.290179, 38.201703], [13.290111, 38.20165], [13.290048, 38.20163], [13.289951, 38.201645], [13.28989, 38.201661], [13.289878, 38.201642], [13.289888, 38.201611], [13.289928, 38.20158], [13.28998, 38.201552], [13.290041, 38.201527], [13.290054, 38.201487], [13.289988, 38.201469], [13.289952, 38.201469], [13.28993, 38.201497], [13.28984, 38.201486], [13.289756, 38.201449], [13.289703, 38.201401], [13.28962, 38.201335], [13.289586, 38.20123], [13.28957, 38.201148], [13.289559, 38.201103], [13.289506, 38.201045], [13.289411, 38.20097], [13.289346, 38.200902], [13.289308, 38.200839], [13.289321, 38.200787], [13.289365, 38.200735], [13.289411, 38.200691], [13.289455, 38.200615], [13.289547, 38.200583], [13.289593, 38.200529], [13.289637, 38.200463], [13.289725, 38.200438], [13.28979, 38.200401], [13.289838, 38.200385], [13.289902, 38.200395], [13.289977, 38.200415], [13.290024, 38.200444], [13.290073, 38.200436], [13.290125, 38.200403], [13.290153, 38.200375], [13.290184, 38.200332], [13.290206, 38.200318], [13.290263, 38.200314], [13.290299, 38.200329], [13.290329, 38.200327], [13.290366, 38.200306], [13.290388, 38.200278], [13.290404, 38.200216], [13.290406, 38.200159], [13.290437, 38.200093], [13.290469, 38.200053], [13.290479, 38.2], [13.290456, 38.199943], [13.290393, 38.199925], [13.290354, 38.199927], [13.290333, 38.199898], [13.290305, 38.199821], [13.290307, 38.199743], [13.290267, 38.19964], [13.290201, 38.199491], [13.290122, 38.199385], [13.290006, 38.199312], [13.289942, 38.199206], [13.289875, 38.199074], [13.289787, 38.19896], [13.289726, 38.198869], [13.289721, 38.198835], [13.289761, 38.198807], [13.289776, 38.198772], [13.289825, 38.198765], [13.289844, 38.198737], [13.289854, 38.198692], [13.289878, 38.198683], [13.289905, 38.198695], [13.289944, 38.198715], [13.289983, 38.198711], [13.290017, 38.19869], [13.290036, 38.198635], [13.290086, 38.198581], [13.29003, 38.198506], [13.289959, 38.198448], [13.289884, 38.198421], [13.289819, 38.198374], [13.289786, 38.198348], [13.289714, 38.198325], [13.289676, 38.198303], [13.289662, 38.198262], [13.289636, 38.198202], [13.289601, 38.198154], [13.289544, 38.19813], [13.289515, 38.198089], [13.289471, 38.198026], [13.289448, 38.197973], [13.289443, 38.197906], [13.289412, 38.197832], [13.289359, 38.197757], [13.289303, 38.197697], [13.289241, 38.19762], [13.289186, 38.19755], [13.289151, 38.197502], [13.289124, 38.197473], [13.289104, 38.19742], [13.289075, 38.197379], [13.289036, 38.197369], [13.288981, 38.197362], [13.288904, 38.197359], [13.288856, 38.197357], [13.288824, 38.197342], [13.288801, 38.197308], [13.288781, 38.197288], [13.288744, 38.197272], [13.288707, 38.197252], [13.288685, 38.197207], [13.288655, 38.197181], [13.288613, 38.197175], [13.28856, 38.197189], [13.288527, 38.197194], [13.288488, 38.197186], [13.288442, 38.197141], [13.288406, 38.197112], [13.288397, 38.197088], [13.28836, 38.197061], [13.288293, 38.197047], [13.288261, 38.197038], [13.288247, 38.197019], [13.288218, 38.196986], [13.288169, 38.196974], [13.288122, 38.196995], [13.288103, 38.197004], [13.288036, 38.196996], [13.287914, 38.196967], [13.287847, 38.196947], [13.287748, 38.196904], [13.287671, 38.196879], [13.287607, 38.196854], [13.28753, 38.196853], [13.287502, 38.196858], [13.287446, 38.19685], [13.287396, 38.196821], [13.28735, 38.196802], [13.287306, 38.196798], [13.287264, 38.19681], [13.287212, 38.196828], [13.287124, 38.196836], [13.287025, 38.196855], [13.286958, 38.196872], [13.286829, 38.196894], [13.286726, 38.196905], [13.286652, 38.196908], [13.286529, 38.196908], [13.286415, 38.196903], [13.286352, 38.196893], [13.286278, 38.196873], [13.286226, 38.196839], [13.286191, 38.196813], [13.286176, 38.196785], [13.286139, 38.196765], [13.286069, 38.196765], [13.286034, 38.196787], [13.285994, 38.196807], [13.285945, 38.196817], [13.285912, 38.196811], [13.285887, 38.196799], [13.285878, 38.196779], [13.2859, 38.196748], [13.285921, 38.196725], [13.285892, 38.196682], [13.285867, 38.196645], [13.285849, 38.196619], [13.285824, 38.196619], [13.285795, 38.196642], [13.285769, 38.196666], [13.285708, 38.196678], [13.285653, 38.19666], [13.285597, 38.196654], [13.285561, 38.196633], [13.285552, 38.196613], [13.285557, 38.196589], [13.285618, 38.196566], [13.285656, 38.196541], [13.285683, 38.196547], [13.28572, 38.19655], [13.285765, 38.196541], [13.285777, 38.196537], [13.285817, 38.196521], [13.285878, 38.196503], [13.285911, 38.196505], [13.285928, 38.196537], [13.285948, 38.196582], [13.285996, 38.196616], [13.286056, 38.196617], [13.286135, 38.196633], [13.286212, 38.196665], [13.286258, 38.19667], [13.286327, 38.196695], [13.286401, 38.196729], [13.286503, 38.196772], [13.286599, 38.196785], [13.28675, 38.196785], [13.286996, 38.196748], [13.287172, 38.196731], [13.28732, 38.196733], [13.287413, 38.196754], [13.287473, 38.196774], [13.287654, 38.196781], [13.28772, 38.196796], [13.287789, 38.196812], [13.287855, 38.196829], [13.287922, 38.196821], [13.287958, 38.196817], [13.288015, 38.196836], [13.288048, 38.196851], [13.288096, 38.196847], [13.288154, 38.196829], [13.288226, 38.196842], [13.288292, 38.196872], [13.288409, 38.196907], [13.288481, 38.196939], [13.288526, 38.196935], [13.28856, 38.196933], [13.288571, 38.196954], [13.288603, 38.196998], [13.28869, 38.197025], [13.288772, 38.197033], [13.288838, 38.197042], [13.28894, 38.197081], [13.289, 38.197113], [13.28908, 38.197157], [13.289121, 38.197201], [13.289204, 38.197271], [13.289288, 38.19732], [13.289362, 38.197378], [13.289439, 38.197434], [13.289492, 38.197483], [13.289564, 38.197505], [13.289597, 38.197551], [13.289644, 38.197573], [13.289674, 38.197612], [13.289703, 38.197657], [13.289798, 38.197728], [13.289903, 38.197765], [13.28996, 38.197785], [13.290049, 38.197822], [13.290109, 38.197847], [13.290184, 38.197869], [13.290245, 38.197868], [13.29032, 38.197893], [13.290389, 38.197908], [13.290473, 38.197909], [13.290542, 38.197934], [13.290559, 38.197977], [13.290561, 38.198023], [13.290579, 38.198059], [13.290599, 38.1981], [13.290613, 38.198145], [13.290597, 38.198166], [13.290549, 38.198151], [13.29052, 38.198127], [13.290498, 38.198132], [13.290492, 38.198165], [13.290497, 38.198205], [13.290541, 38.198239], [13.290575, 38.198235], [13.290596, 38.19824], [13.290595, 38.198266], [13.290576, 38.19829], [13.290579, 38.198304], [13.290627, 38.1983], [13.290663, 38.198315], [13.290662, 38.198358], [13.290677, 38.198394], [13.290706, 38.198425], [13.290736, 38.198452], [13.290798, 38.198505], [13.290839, 38.198566], [13.29088, 38.198621], [13.290903, 38.198669], [13.290904, 38.198755], [13.290921, 38.198812], [13.290931, 38.198875], [13.290936, 38.19891], [13.290987, 38.198935], [13.291034, 38.199007], [13.291087, 38.199056], [13.291082, 38.199125], [13.291088, 38.199168], [13.291111, 38.199216], [13.291128, 38.199247], [13.291166, 38.199281], [13.291181, 38.199317], [13.291198, 38.199343], [13.291221, 38.199401], [13.291211, 38.199444], [13.291174, 38.199484], [13.291185, 38.19951], [13.291184, 38.199551], [13.291162, 38.199584], [13.291183, 38.199601], [13.291216, 38.199618], [13.291217, 38.199687], [13.291228, 38.199768], [13.291202, 38.199815], [13.29118, 38.199844], [13.291179, 38.199889], [13.291193, 38.199956], [13.291188, 38.200027], [13.291163, 38.20006], [13.291129, 38.200098], [13.291126, 38.200217], [13.291079, 38.200317], [13.291066, 38.200495], [13.29104, 38.200569], [13.291037, 38.200669], [13.291047, 38.200788], [13.291035, 38.200905], [13.291032, 38.201031], [13.291015, 38.201107], [13.291028, 38.201205], [13.29102, 38.201262], [13.290963, 38.201374], [13.290925, 38.201452], [13.290894, 38.201506], [13.290862, 38.201572], [13.290849, 38.201627], [13.29085, 38.201687], [13.290894, 38.201752], [13.290947, 38.201819], [13.290969, 38.201894], [13.291004, 38.201968], [13.290999, 38.202056], [13.290992, 38.202106], [13.290975, 38.202165], [13.290959, 38.202215], [13.290963, 38.202299], [13.290983, 38.202347], [13.291027, 38.202405], [13.291077, 38.202467], [13.291088, 38.202506], [13.291083, 38.202587], [13.291073, 38.202637], [13.291084, 38.202689], [13.291104, 38.202742], [13.291102, 38.202809], [13.291128, 38.202866], [13.291157, 38.202926], [13.291219, 38.202958], [13.291294, 38.203009], [13.291341, 38.203074], [13.291345, 38.20316], [13.291355, 38.203239], [13.291336, 38.203277], [13.291282, 38.203264], [13.291275, 38.203302]]]}, "properties": {"pai_nmr": "040", "bacino": "Area tra F. Oreto e Punta Raisi", "provincia": "PA", "comune": "Palermo", "localita": "Pizzo Vuletta - Pizzo Impiso", "sigla": "040-6PM-071", "n_dpr": 511, "data_dpr": "2016-11-02", "pericolo": "n.c.", "ngurs": "56", "dgurs": "2016-12-23", "cls_dissesti_attivita": "Attivo", "col_dissesti_attivita": "#ff0000", "bor_dissesti_attivita": "#000000", "cls_dissesti_tipologia": "Crollo e/o ribaltamento", "col_dissesti_tipologia": "#000000", "bor_dissesti_tipologia": "#000000", "pat_dissesti_tipologia": "pai-dissesti_tipologia-0", "sup_ha": 5.5247}}, {"type": "Feature", "geometry": {"type": "Polygon", "coordinates": [[[13.289495, 38.201635], [13.289489, 38.201677], [13.289517, 38.201705], [13.289525, 38.201793], [13.289552, 38.201881], [13.289555, 38.201946], [13.289558, 38.202038], [13.289552, 38.202083], [13.28959, 38.202111], [13.289672, 38.202146], [13.289739, 38.202166], [13.289762, 38.20222], [13.289766, 38.20227], [13.289755, 38.202312], [13.289788, 38.202354], [13.289826, 38.202378], [13.289846, 38.202348], [13.289891, 38.202302], [13.289924, 38.202334], [13.289927, 38.202406], [13.289945, 38.202452], [13.290022, 38.20248], [13.29004, 38.202542], [13.289948, 38.202559], [13.289817, 38.202577], [13.289715, 38.202571], [13.289662, 38.202551], [13.289615, 38.202478], [13.28953, 38.20242], [13.289439, 38.202365], [13.289319, 38.202325], [13.289237, 38.202308], [13.289214, 38.202247], [13.289226, 38.202155], [13.289271, 38.202076], [13.289349, 38.202061], [13.289384, 38.202012], [13.289346, 38.201966], [13.289333, 38.201901], [13.289374, 38.201817], [13.289356, 38.201756], [13.289334, 38.201675], [13.28935, 38.201591], [13.289386, 38.201531], [13.289464, 38.201494], [13.289542, 38.201476], [13.289585, 38.201522], [13.289602, 38.201599], [13.289596, 38.201648], [13.289567, 38.201656], [13.289495, 38.201635]]]}, "properties": {"pai_nmr": "040", "bacino": "Area tra F. Oreto e Punta Raisi", "provincia": "PA", "comune": "Palermo", "localita": "Pizzo Vuletta", "sigla": "040-6PM-103", "n_dpr": 511, "data_dpr": "2016-11-02", "pericolo": "n.c.", "ngurs": "56", "dgurs": "2016-12-23", "cls_dissesti_attivita": "Attivo", "col_dissesti_attivita": "#ff0000", "bor_dissesti_attivita": "#000000", "cls_dissesti_tipologia": "Crollo e/o ribaltamento", "col_dissesti_tipologia": "#000000", "bor_dissesti_tipologia": "#000000", "pat_dissesti_tipologia": "pai-dissesti_tipologia-0", "sup_ha": 0.3224}}, {"type": "Feature", "geometry": {"type": "Polygon", "coordinates": [[[13.289671, 38.2079], [13.289635, 38.207916], [13.289548, 38.207978], [13.289532, 38.208068], [13.289548, 38.20817], [13.289618, 38.208261], [13.289674, 38.208311], [13.289722, 38.208379], [13.289738, 38.208402], [13.289774, 38.208512], [13.289768, 38.208538], [13.289747, 38.208639], [13.289692, 38.20874], [13.289666, 38.208837], [13.289694, 38.208879], [13.289738, 38.208838], [13.289748, 38.208789], [13.289779, 38.208718], [13.289841, 38.208702], [13.289846, 38.208701], [13.289894, 38.208656], [13.289919, 38.208611], [13.289946, 38.208691], [13.28992, 38.208758], [13.289893, 38.208807], [13.289861, 38.208866], [13.289769, 38.20891], [13.289754, 38.208959], [13.289791, 38.208989], [13.289835, 38.208967], [13.28992, 38.208987], [13.289985, 38.209048], [13.290012, 38.209131], [13.290087, 38.209189], [13.290166, 38.209246], [13.290255, 38.2093], [13.290268, 38.209316], [13.290316, 38.209376], [13.290334, 38.209404], [13.290371, 38.20946], [13.290387, 38.209588], [13.290351, 38.209711], [13.290348, 38.209835], [13.290346, 38.209929], [13.290363, 38.209982], [13.290415, 38.210013], [13.290454, 38.209961], [13.29049, 38.209875], [13.29055, 38.209834], [13.290604, 38.209895], [13.290598, 38.209948], [13.290559, 38.210024], [13.290558, 38.210026], [13.290558, 38.210028], [13.290585, 38.210079], [13.290655, 38.210148], [13.290657, 38.210261], [13.29058, 38.21029], [13.290505, 38.210251], [13.290356, 38.210198], [13.290265, 38.210123], [13.290237, 38.210078], [13.290133, 38.210058], [13.28999, 38.210052], [13.289924, 38.210028], [13.289887, 38.209968], [13.289866, 38.209866], [13.289852, 38.209806], [13.289839, 38.209799], [13.289765, 38.209664], [13.289721, 38.209554], [13.289662, 38.209455], [13.289492, 38.209416], [13.289477, 38.209372], [13.289403, 38.209295], [13.289339, 38.209201], [13.28924, 38.209146], [13.289178, 38.209149], [13.289187, 38.209183], [13.289238, 38.209244], [13.289284, 38.209294], [13.289277, 38.209369], [13.289313, 38.209486], [13.289347, 38.20964], [13.289397, 38.209756], [13.289397, 38.209758], [13.289382, 38.209799], [13.289352, 38.209828], [13.289314, 38.209828], [13.28923, 38.209789], [13.289106, 38.209565], [13.288967, 38.209421], [13.288887, 38.209367], [13.288824, 38.209392], [13.288772, 38.209406], [13.288672, 38.209409], [13.288591, 38.209378], [13.288512, 38.209309], [13.288443, 38.209206], [13.288354, 38.209141], [13.288143, 38.209018], [13.28787, 38.20886], [13.287586, 38.208788], [13.2874, 38.208793], [13.287351, 38.208796], [13.287252, 38.208802], [13.287122, 38.208875], [13.287029, 38.20899], [13.287027, 38.209054], [13.287058, 38.209112], [13.286929, 38.209183], [13.286776, 38.20912], [13.286703, 38.208936], [13.286709, 38.208667], [13.286808, 38.208437], [13.286819, 38.208414], [13.286891, 38.208357], [13.286989, 38.208234], [13.287025, 38.208122], [13.286976, 38.208009], [13.286924, 38.207936], [13.2869, 38.207779], [13.286796, 38.207619], [13.286769, 38.207459], [13.28689, 38.207386], [13.287089, 38.207532], [13.287264, 38.207806], [13.287621, 38.208033], [13.287973, 38.20821], [13.288121, 38.208348], [13.288247, 38.208409], [13.288276, 38.208329], [13.288153, 38.208141], [13.288031, 38.207953], [13.287909, 38.207715], [13.287714, 38.207534], [13.287733, 38.207254], [13.287885, 38.207207], [13.28822, 38.207233], [13.288519, 38.207238], [13.288656, 38.207183], [13.288698, 38.207024], [13.288642, 38.206989], [13.28847, 38.206987], [13.28838, 38.206957], [13.288437, 38.206857], [13.288445, 38.206821], [13.288467, 38.206722], [13.288461, 38.206593], [13.288399, 38.206555], [13.288415, 38.20646], [13.28842, 38.206428], [13.288458, 38.20635], [13.28828, 38.206358], [13.288124, 38.206302], [13.288073, 38.20613], [13.288012, 38.206043], [13.287839, 38.206069], [13.28745, 38.206049], [13.287191, 38.205927], [13.286833, 38.20602], [13.286693, 38.206079], [13.28657, 38.206028], [13.286541, 38.205942], [13.286729, 38.205835], [13.28718, 38.205744], [13.287462, 38.205602], [13.287713, 38.205471], [13.287823, 38.205399], [13.287872, 38.205278], [13.28783, 38.20507], [13.287803, 38.204911], [13.287807, 38.20474], [13.28781, 38.204642], [13.287687, 38.204579], [13.287536, 38.204443], [13.2874, 38.204295], [13.287326, 38.204135], [13.287252, 38.203987], [13.287162, 38.203876], [13.287165, 38.203778], [13.287168, 38.203632], [13.287078, 38.203496], [13.287035, 38.203361], [13.287038, 38.203227], [13.287149, 38.203107], [13.287305, 38.203048], [13.287461, 38.203014], [13.287604, 38.202869], [13.287747, 38.2027], [13.287903, 38.202629], [13.288026, 38.202656], [13.28815, 38.202657], [13.288321, 38.202611], [13.28843, 38.2026], [13.288443, 38.20271], [13.288331, 38.202867], [13.28814, 38.203097], [13.28806, 38.203181], [13.288074, 38.203279], [13.288148, 38.20339], [13.288145, 38.203536], [13.288172, 38.203708], [13.288298, 38.203612], [13.288332, 38.20349], [13.288396, 38.203393], [13.288443, 38.203345], [13.288519, 38.20342], [13.288578, 38.20353], [13.288669, 38.203605], [13.288715, 38.203654], [13.288791, 38.20368], [13.28893, 38.203706], [13.289056, 38.203598], [13.289153, 38.203417], [13.289198, 38.203295], [13.289204, 38.203286], [13.289279, 38.20318], [13.289487, 38.203], [13.289653, 38.202941], [13.289846, 38.202986], [13.289998, 38.203103], [13.290165, 38.203189], [13.290271, 38.203222], [13.290321, 38.203184], [13.290333, 38.203115], [13.290337, 38.203093], [13.290335, 38.202974], [13.290305, 38.202817], [13.290351, 38.202707], [13.290419, 38.202696], [13.290504, 38.202785], [13.290511, 38.2029], [13.290547, 38.203046], [13.290505, 38.203168], [13.290493, 38.203249], [13.290482, 38.20332], [13.290469, 38.203422], [13.290464, 38.203458], [13.290415, 38.203506], [13.290328, 38.203498], [13.290246, 38.20347], [13.290118, 38.203349], [13.289956, 38.203232], [13.289765, 38.203122], [13.289596, 38.203093], [13.289468, 38.203172], [13.28939, 38.203314], [13.289388, 38.203322], [13.289289, 38.203565], [13.289192, 38.203735], [13.289002, 38.203915], [13.288862, 38.203962], [13.288692, 38.203947], [13.288506, 38.203957], [13.288428, 38.204016], [13.288471, 38.204139], [13.288434, 38.204407], [13.2884, 38.204553], [13.288347, 38.204797], [13.288359, 38.20498], [13.288353, 38.205212], [13.28852, 38.205336], [13.288626, 38.205436], [13.288871, 38.205561], [13.289025, 38.2056], [13.289044, 38.205553], [13.289192, 38.205595], [13.28945, 38.205792], [13.289635, 38.206024], [13.289911, 38.206228], [13.290052, 38.206402], [13.29022, 38.206583], [13.290345, 38.206656], [13.290416, 38.20675], [13.290505, 38.206823], [13.290605, 38.206782], [13.290599, 38.206682], [13.290701, 38.206576], [13.290773, 38.206577], [13.290874, 38.206528], [13.290858, 38.206442], [13.290902, 38.206308], [13.291025, 38.206093], [13.291044, 38.20591], [13.291074, 38.205767], [13.291255, 38.205747], [13.291352, 38.205884], [13.291476, 38.205978], [13.291536, 38.206144], [13.291551, 38.206288], [13.291584, 38.206417], [13.291537, 38.206473], [13.291409, 38.206515], [13.291283, 38.20647], [13.291184, 38.206447], [13.291093, 38.20646], [13.291054, 38.206595], [13.290916, 38.206787], [13.290834, 38.206969], [13.290884, 38.207495], [13.290766, 38.207678], [13.29077, 38.207864], [13.290819, 38.208101], [13.290835, 38.208223], [13.290923, 38.208324], [13.291038, 38.208433], [13.291118, 38.208513], [13.29118, 38.208564], [13.291217, 38.208529], [13.291058, 38.208355], [13.290961, 38.208253], [13.290954, 38.20816], [13.290949, 38.207981], [13.291005, 38.207896], [13.291105, 38.207962], [13.291099, 38.208141], [13.291187, 38.208271], [13.291284, 38.208401], [13.291343, 38.208559], [13.291444, 38.208687], [13.291456, 38.208783], [13.291453, 38.20889], [13.291344, 38.208917], [13.291199, 38.208915], [13.291064, 38.208856], [13.290903, 38.208796], [13.290778, 38.208701], [13.290736, 38.20855], [13.290648, 38.208463], [13.290567, 38.208419], [13.290516, 38.20829], [13.290545, 38.208204], [13.290619, 38.208165], [13.290637, 38.208156], [13.290657, 38.208077], [13.290604, 38.207983], [13.290559, 38.207969], [13.290487, 38.207946], [13.290435, 38.207859], [13.290374, 38.207744], [13.290305, 38.2076], [13.290228, 38.20742], [13.290177, 38.207269], [13.290051, 38.207239], [13.289842, 38.207225], [13.289761, 38.20722], [13.289651, 38.207261], [13.289621, 38.207397], [13.289643, 38.207597], [13.289691, 38.207705], [13.289671, 38.2079]]]}, "properties": {"pai_nmr": "040", "bacino": "Area tra F. Oreto e Punta Raisi", "provincia": "PA", "comune": "Palermo", "localita": "Monte S. Margherita", "sigla": "040-6PM-104", "n_dpr": 511, "data_dpr": "2016-11-02", "pericolo": "n.c.", "ngurs": "56", "dgurs": "2016-12-23", "cls_dissesti_attivita": "Attivo", "col_dissesti_attivita": "#ff0000", "bor_dissesti_attivita": "#000000", "cls_dissesti_tipologia": "Crollo e/o ribaltamento", "col_dissesti_tipologia": "#000000", "bor_dissesti_tipologia": "#000000", "pat_dissesti_tipologia": "pai-dissesti_tipologia-0", "sup_ha": 13.1622}}, {"type": "Feature", "geometry": {"type": "Polygon", "coordinates": [[[13.288811, 38.194862], [13.288763, 38.194844], [13.288791, 38.194806], [13.288844, 38.194782], [13.288942, 38.194763], [13.28905, 38.194733], [13.289112, 38.19472], [13.289178, 38.194735], [13.289249, 38.194757], [13.289315, 38.194772], [13.289337, 38.194772], [13.289404, 38.194752], [13.289459, 38.194693], [13.289509, 38.194613], [13.289538, 38.194537], [13.28957, 38.194478], [13.289669, 38.194413], [13.289768, 38.194348], [13.289907, 38.194318], [13.290124, 38.194318], [13.290314, 38.194338], [13.29041, 38.194392], [13.290458, 38.194431], [13.290453, 38.194473], [13.290466, 38.194494], [13.290577, 38.194499], [13.290733, 38.194463], [13.290893, 38.194424], [13.291005, 38.19439], [13.291073, 38.194346], [13.291119, 38.194245], [13.291187, 38.194197], [13.291157, 38.194126], [13.291136, 38.194081], [13.291178, 38.194015], [13.291241, 38.193974], [13.291304, 38.193946], [13.291392, 38.193965], [13.29144, 38.194011], [13.291519, 38.19402], [13.291613, 38.193982], [13.291752, 38.193935], [13.291836, 38.19393], [13.291872, 38.193934], [13.291898, 38.193969], [13.291933, 38.19397], [13.291942, 38.193942], [13.291952, 38.193914], [13.292006, 38.193901], [13.292014, 38.193925], [13.292027, 38.193946], [13.292094, 38.19393], [13.292148, 38.193899], [13.29221, 38.193886], [13.292272, 38.193901], [13.292343, 38.193881], [13.292384, 38.193833], [13.29239, 38.19378], [13.292439, 38.193753], [13.292547, 38.193705], [13.292627, 38.193682], [13.292672, 38.193662], [13.292704, 38.19362], [13.292745, 38.193582], [13.292835, 38.193531], [13.292907, 38.19349], [13.292973, 38.193498], [13.292967, 38.193568], [13.292957, 38.193613], [13.29292, 38.193669], [13.292866, 38.193721], [13.292785, 38.193772], [13.292704, 38.19383], [13.292614, 38.193878], [13.292537, 38.193922], [13.292425, 38.193987], [13.29229, 38.194048], [13.292165, 38.194109], [13.292128, 38.194161], [13.29207, 38.194196], [13.292038, 38.194237], [13.292025, 38.194281], [13.291986, 38.194369], [13.29194, 38.194425], [13.291899, 38.194487], [13.291852, 38.194595], [13.29181, 38.194664], [13.291748, 38.194681], [13.291699, 38.194684], [13.291659, 38.194701], [13.291649, 38.194736], [13.291595, 38.194773], [13.291567, 38.194815], [13.291531, 38.19486], [13.291529, 38.194912], [13.291542, 38.194951], [13.291536, 38.195003], [13.291504, 38.195042], [13.291468, 38.195059], [13.291437, 38.195058], [13.29142, 38.195033], [13.291435, 38.194971], [13.291472, 38.194912], [13.291455, 38.194862], [13.29143, 38.194795], [13.29148, 38.194751], [13.291543, 38.194713], [13.291589, 38.194654], [13.291621, 38.194606], [13.291631, 38.194553], [13.29165, 38.194501], [13.291709, 38.194425], [13.291755, 38.19438], [13.291782, 38.194338], [13.291806, 38.194283], [13.291802, 38.194241], [13.291745, 38.19424], [13.291687, 38.194232], [13.291622, 38.194193], [13.291574, 38.194153], [13.291526, 38.194132], [13.29145, 38.194124], [13.291393, 38.194126], [13.291344, 38.194126], [13.291312, 38.19416], [13.291333, 38.194202], [13.291337, 38.194237], [13.291255, 38.194303], [13.291205, 38.194362], [13.291182, 38.1944], [13.291235, 38.194425], [13.291337, 38.19443], [13.291444, 38.194404], [13.291555, 38.194405], [13.291594, 38.194413], [13.291589, 38.194441], [13.291473, 38.19447], [13.291366, 38.194486], [13.291255, 38.194499], [13.291207, 38.194488], [13.291131, 38.19448], [13.291029, 38.194506], [13.2909, 38.194525], [13.290854, 38.194566], [13.290756, 38.194597], [13.290649, 38.194606], [13.290521, 38.194593], [13.290428, 38.194578], [13.290412, 38.194536], [13.290404, 38.194497], [13.290396, 38.194462], [13.290356, 38.194447], [13.290254, 38.194435], [13.290144, 38.19442], [13.290037, 38.194415], [13.289944, 38.194417], [13.289868, 38.194454], [13.289823, 38.194481], [13.289799, 38.194534], [13.289749, 38.194592], [13.2897, 38.194634], [13.289623, 38.194661], [13.289574, 38.194677], [13.28956, 38.194723], [13.289563, 38.194765], [13.289492, 38.194839], [13.289428, 38.194857], [13.289326, 38.194866], [13.289241, 38.194876], [13.289211, 38.194865], [13.289216, 38.194837], [13.289207, 38.194812], [13.289146, 38.194787], [13.289093, 38.194793], [13.28906, 38.194834], [13.289034, 38.194861], [13.288904, 38.194874], [13.288811, 38.194862]]]}, "properties": {"pai_nmr": "040", "bacino": "Area tra F. Oreto e Punta Raisi", "provincia": "PA", "comune": "Palermo", "localita": "Pizzo Impiso - versante sudoccidentale", "sigla": "040-6PM-072", "n_dpr": 511, "data_dpr": "2016-11-02", "pericolo": "n.c.", "ngurs": "56", "dgurs": "2016-12-23", "cls_dissesti_attivita": "Attivo", "col_dissesti_attivita": "#ff0000", "bor_dissesti_attivita": "#000000", "cls_dissesti_tipologia": "Crollo e/o ribaltamento", "col_dissesti_tipologia": "#000000", "bor_dissesti_tipologia": "#000000", "pat_dissesti_tipologia": "pai-dissesti_tipologia-0", "sup_ha": 0.8584}}, {"type": "Feature", "geometry": {"type": "Polygon", "coordinates": [[[13.295463, 38.192831], [13.295396, 38.192801], [13.295366, 38.192749], [13.295354, 38.192711], [13.295309, 38.192656], [13.295293, 38.192592], [13.295251, 38.192557], [13.295252, 38.19251], [13.295292, 38.192467], [13.295369, 38.192441], [13.295423, 38.192367], [13.295445, 38.19231], [13.295476, 38.192283], [13.29551, 38.192291], [13.295535, 38.192325], [13.295582, 38.192339], [13.295616, 38.192326], [13.29563, 38.192299], [13.295605, 38.192272], [13.295602, 38.192214], [13.295624, 38.19217], [13.295655, 38.192161], [13.295662, 38.192201], [13.295683, 38.192232], [13.295756, 38.192243], [13.29585, 38.192235], [13.295881, 38.192208], [13.295899, 38.192147], [13.295905, 38.192087], [13.295846, 38.192052], [13.295794, 38.192071], [13.295755, 38.192074], [13.295744, 38.192006], [13.29578, 38.191929], [13.295901, 38.19189], [13.295924, 38.19184], [13.295943, 38.191742], [13.295957, 38.191675], [13.29607, 38.191636], [13.296185, 38.191654], [13.296257, 38.191716], [13.296299, 38.19172], [13.296351, 38.191728], [13.296379, 38.191779], [13.296352, 38.191836], [13.296369, 38.19187], [13.296436, 38.191908], [13.296418, 38.191955], [13.296281, 38.19195], [13.296199, 38.191962], [13.296151, 38.192005], [13.296106, 38.192089], [13.296053, 38.192163], [13.296048, 38.19221], [13.296021, 38.192268], [13.296002, 38.192321], [13.295975, 38.192389], [13.295948, 38.192425], [13.2959, 38.192486], [13.295835, 38.192522], [13.295761, 38.192558], [13.295627, 38.192617], [13.295617, 38.192674], [13.295602, 38.192742], [13.295571, 38.192799], [13.295532, 38.192832], [13.295463, 38.192831]]]}, "properties": {"pai_nmr": "040", "bacino": "Area tra F. Oreto e Punta Raisi", "provincia": "PA", "comune": "Palermo", "localita": "Cozzo Portello", "sigla": "040-6PM-073", "n_dpr": 511, "data_dpr": "2016-11-02", "pericolo": "n.c.", "ngurs": "56", "dgurs": "2016-12-23", "cls_dissesti_attivita": "Attivo", "col_dissesti_attivita": "#ff0000", "bor_dissesti_attivita": "#000000", "cls_dissesti_tipologia": "Crollo e/o ribaltamento", "col_dissesti_tipologia": "#000000", "bor_dissesti_tipologia": "#000000", "pat_dissesti_tipologia": "pai-dissesti_tipologia-0", "sup_ha": 0.4468}}, {"type": "Feature", "geometry": {"type": "Polygon", "coordinates": [[[13.315707, 38.220672], [13.315826, 38.220839], [13.315885, 38.220882], [13.31593, 38.220915], [13.315979, 38.220992], [13.316022, 38.221101], [13.316082, 38.221211], [13.316113, 38.221317], [13.31614, 38.221436], [13.316187, 38.221565], [13.316234, 38.221697], [13.316277, 38.22183], [13.316308, 38.221936], [13.316374, 38.222138], [13.316371, 38.222164], [13.316404, 38.222287], [13.316404, 38.222315], [13.316418, 38.222473], [13.316502, 38.222514], [13.316595, 38.222443], [13.316673, 38.222408], [13.316766, 38.222397], [13.316889, 38.222423], [13.316888, 38.222426], [13.316909, 38.222422], [13.316946, 38.222436], [13.317024, 38.22243], [13.317109, 38.222436], [13.31716, 38.222445], [13.317159, 38.222481], [13.317159, 38.222487], [13.317097, 38.222548], [13.31701, 38.222608], [13.316942, 38.22266], [13.316929, 38.22267], [13.316819, 38.222737], [13.316757, 38.222772], [13.316757, 38.222789], [13.31654, 38.222809], [13.31644, 38.222818], [13.316432, 38.222819], [13.316099, 38.22285], [13.315886, 38.222871], [13.315805, 38.222824], [13.315801, 38.222811], [13.315776, 38.222807], [13.315715, 38.222684], [13.315791, 38.222557], [13.315882, 38.222495], [13.315956, 38.222445], [13.315933, 38.22228], [13.315902, 38.222183], [13.315874, 38.222093], [13.315876, 38.221992], [13.315879, 38.221893], [13.315963, 38.221751], [13.315868, 38.221542], [13.315852, 38.22147], [13.315662, 38.221439], [13.315464, 38.221408], [13.315399, 38.221259], [13.31536, 38.22117], [13.315382, 38.220999], [13.315386, 38.220986], [13.315387, 38.220944], [13.315316, 38.220753], [13.315124, 38.220547], [13.314839, 38.220472], [13.314585, 38.220313], [13.314318, 38.220106], [13.313868, 38.219957], [13.313462, 38.219868], [13.312769, 38.21981], [13.312193, 38.219873], [13.311783, 38.219939], [13.311775, 38.219942], [13.311625, 38.219857], [13.311131, 38.219801], [13.310559, 38.219781], [13.310203, 38.219775], [13.309815, 38.219806], [13.309703, 38.219976], [13.309514, 38.220132], [13.309373, 38.220191], [13.309203, 38.220188], [13.309125, 38.220224], [13.309099, 38.220317], [13.30907, 38.220317], [13.308588, 38.220215], [13.308249, 38.220233], [13.308159, 38.220255], [13.307866, 38.220256], [13.307809, 38.220256], [13.307452, 38.220297], [13.307415, 38.220317], [13.307216, 38.220426], [13.306871, 38.220541], [13.306801, 38.220551], [13.306578, 38.220583], [13.306242, 38.220636], [13.30617, 38.220627], [13.306126, 38.220622], [13.306116, 38.220612], [13.306098, 38.220607], [13.305929, 38.220568], [13.305728, 38.220566], [13.305542, 38.220563], [13.305434, 38.220561], [13.305249, 38.220534], [13.305073, 38.220523], [13.305015, 38.220497], [13.304841, 38.22046], [13.304705, 38.220378], [13.304539, 38.220284], [13.304411, 38.220178], [13.304312, 38.220045], [13.304073, 38.219978], [13.30392, 38.219999], [13.30381, 38.22002], [13.303694, 38.220019], [13.303456, 38.2199], [13.303218, 38.219794], [13.302901, 38.219674], [13.302658, 38.219458], [13.302503, 38.219232], [13.302377, 38.219023], [13.302252, 38.218763], [13.30209, 38.218519], [13.301847, 38.218338], [13.30174, 38.218305], [13.301621, 38.218174], [13.30154, 38.218122], [13.301532, 38.218109], [13.301542, 38.218006], [13.301609, 38.217938], [13.301713, 38.217836], [13.301703, 38.217623], [13.301656, 38.217456], [13.301741, 38.217262], [13.301773, 38.217119], [13.301777, 38.216981], [13.301706, 38.216877], [13.301599, 38.216766], [13.301398, 38.216665], [13.301217, 38.2166], [13.300941, 38.216573], [13.300738, 38.216552], [13.300701, 38.216552], [13.30068, 38.216546], [13.300622, 38.216524], [13.300521, 38.216486], [13.300405, 38.216467], [13.300239, 38.216419], [13.30011, 38.216314], [13.300149, 38.216193], [13.3002, 38.216175], [13.300274, 38.216149], [13.300406, 38.216123], [13.300495, 38.216061], [13.300499, 38.215888], [13.300387, 38.215697], [13.300207, 38.215591], [13.299998, 38.215496], [13.299782, 38.215418], [13.299529, 38.215323], [13.29927, 38.215176], [13.299047, 38.215086], [13.298831, 38.214974], [13.298645, 38.214805], [13.298393, 38.214692], [13.298141, 38.214602], [13.297822, 38.214528], [13.297511, 38.214449], [13.297285, 38.21444], [13.29729, 38.214463], [13.29727, 38.214463], [13.297044, 38.214494], [13.297042, 38.214494], [13.296863, 38.214526], [13.296861, 38.214526], [13.296613, 38.214528], [13.296448, 38.214428], [13.29643, 38.214278], [13.296403, 38.214175], [13.296389, 38.214151], [13.296368, 38.214117], [13.296327, 38.214018], [13.296395, 38.21391], [13.296433, 38.21383], [13.296515, 38.213745], [13.296589, 38.213706], [13.296671, 38.21361], [13.296752, 38.213548], [13.296753, 38.213548], [13.296753, 38.213548], [13.296762, 38.213526], [13.296781, 38.213343], [13.296772, 38.213321], [13.29678, 38.213301], [13.296754, 38.21318], [13.296686, 38.21299], [13.296572, 38.212873], [13.296458, 38.212774], [13.296299, 38.212708], [13.296182, 38.212712], [13.296163, 38.212719], [13.296072, 38.212751], [13.295891, 38.212737], [13.295885, 38.212656], [13.295882, 38.212635], [13.295873, 38.212576], [13.295781, 38.212425], [13.295668, 38.212314], [13.29553, 38.212266], [13.295342, 38.212212], [13.295338, 38.21221], [13.295032, 38.212072], [13.294786, 38.211971], [13.294525, 38.211882], [13.29439, 38.211733], [13.294316, 38.211561], [13.294135, 38.211364], [13.294044, 38.211294], [13.293959, 38.211279], [13.293823, 38.211167], [13.293792, 38.210966], [13.293844, 38.21085], [13.293845, 38.210846], [13.294, 38.210762], [13.294119, 38.210655], [13.294145, 38.210483], [13.294061, 38.21035], [13.293969, 38.210245], [13.29393, 38.210236], [13.29378, 38.210202], [13.293666, 38.210114], [13.293567, 38.209992], [13.293422, 38.209955], [13.293131, 38.209963], [13.29295, 38.209908], [13.292828, 38.209849], [13.292814, 38.209847], [13.292632, 38.209818], [13.292516, 38.209781], [13.29248, 38.209769], [13.292336, 38.209693], [13.292368, 38.209567], [13.292472, 38.209488], [13.292626, 38.209456], [13.292715, 38.209478], [13.292725, 38.209475], [13.292789, 38.209494], [13.29285, 38.209499], [13.293069, 38.209496], [13.293229, 38.209476], [13.293341, 38.209391], [13.293394, 38.2093], [13.293403, 38.209203], [13.293275, 38.209082], [13.293261, 38.209068], [13.293241, 38.209064], [13.293007, 38.209007], [13.292972, 38.208967], [13.292976, 38.208929], [13.292981, 38.208875], [13.292956, 38.208731], [13.293009, 38.208634], [13.293041, 38.208508], [13.292956, 38.208392], [13.292814, 38.208404], [13.292788, 38.208407], [13.292652, 38.208336], [13.292582, 38.208191], [13.292585, 38.208158], [13.292555, 38.208116], [13.292478, 38.207983], [13.292437, 38.20785], [13.292557, 38.20772], [13.292619, 38.207711], [13.292718, 38.207696], [13.292769, 38.207688], [13.2929, 38.20769], [13.293009, 38.207686], [13.293084, 38.207613], [13.293137, 38.20751], [13.293104, 38.207414], [13.292916, 38.207244], [13.29266, 38.206869], [13.29265, 38.20686], [13.292529, 38.20672], [13.292424, 38.206558], [13.292304, 38.206406], [13.292176, 38.206278], [13.292201, 38.206109], [13.292202, 38.206106], [13.292205, 38.205951], [13.292157, 38.205836], [13.292079, 38.205743], [13.291936, 38.205649], [13.291913, 38.205647], [13.291725, 38.205634], [13.291594, 38.205609], [13.291567, 38.20554], [13.291576, 38.205471], [13.2916, 38.205391], [13.29177, 38.205261], [13.291786, 38.20521], [13.29179, 38.205195], [13.29179, 38.205195], [13.291831, 38.205136], [13.291841, 38.20501], [13.291888, 38.20489], [13.291912, 38.204798], [13.291935, 38.204735], [13.292002, 38.204679], [13.292076, 38.204723], [13.29201, 38.204996], [13.292032, 38.205363], [13.292067, 38.205426], [13.292064, 38.205449], [13.292134, 38.205588], [13.292183, 38.205664], [13.292281, 38.205809], [13.292401, 38.205966], [13.292472, 38.206064], [13.292527, 38.206214], [13.292641, 38.206296], [13.292734, 38.206384], [13.292796, 38.206511], [13.292924, 38.206657], [13.292984, 38.206702], [13.29311, 38.206797], [13.293216, 38.206937], [13.293425, 38.207026], [13.293455, 38.207035], [13.29354, 38.207021], [13.294047, 38.207211], [13.294437, 38.20773], [13.294585, 38.208013], [13.294609, 38.208306], [13.294525, 38.20861], [13.294362, 38.208937], [13.294156, 38.20913], [13.294089, 38.209348], [13.29419, 38.209657], [13.294221, 38.209731], [13.294379, 38.209831], [13.294545, 38.209891], [13.294666, 38.209979], [13.294721, 38.210147], [13.294768, 38.210308], [13.294823, 38.210435], [13.294796, 38.210653], [13.294766, 38.210783], [13.294768, 38.210787], [13.294809, 38.211007], [13.294765, 38.211105], [13.294763, 38.211105], [13.294762, 38.211111], [13.294753, 38.21122], [13.294776, 38.211282], [13.294839, 38.211347], [13.294908, 38.211421], [13.295003, 38.211467], [13.295115, 38.211505], [13.295152, 38.21154], [13.295157, 38.211545], [13.295213, 38.211585], [13.295293, 38.211659], [13.295387, 38.211738], [13.295484, 38.211818], [13.295571, 38.211881], [13.295655, 38.211941], [13.295785, 38.211999], [13.295862, 38.212031], [13.295918, 38.212054], [13.296056, 38.212092], [13.296155, 38.212105], [13.296314, 38.21213], [13.296437, 38.212168], [13.296553, 38.212206], [13.296656, 38.212224], [13.296733, 38.212264], [13.296736, 38.212295], [13.296754, 38.212433], [13.296773, 38.212495], [13.296774, 38.212497], [13.29686, 38.212577], [13.296972, 38.21266], [13.297016, 38.212761], [13.297081, 38.212871], [13.297173, 38.213029], [13.297239, 38.213083], [13.297275, 38.21312], [13.29734, 38.213266], [13.297504, 38.213549], [13.297639, 38.21371], [13.298071, 38.213849], [13.298176, 38.213862], [13.298437, 38.213945], [13.298662, 38.214005], [13.298914, 38.214109], [13.299012, 38.214182], [13.299272, 38.214279], [13.299488, 38.214375], [13.299757, 38.214507], [13.299944, 38.214653], [13.300131, 38.214777], [13.300292, 38.214901], [13.300532, 38.215076], [13.300765, 38.215216], [13.301049, 38.215456], [13.301255, 38.215588], [13.301378, 38.215761], [13.301501, 38.21592], [13.301606, 38.216065], [13.301699, 38.216205], [13.301758, 38.216272], [13.302176, 38.216901], [13.302567, 38.217419], [13.302649, 38.217562], [13.302792, 38.21772], [13.302979, 38.217851], [13.30313, 38.218004], [13.303135, 38.218014], [13.30319, 38.218133], [13.303189, 38.218205], [13.303167, 38.218369], [13.303245, 38.218485], [13.303399, 38.218523], [13.303466, 38.218403], [13.303474, 38.218388], [13.303645, 38.218448], [13.303814, 38.218607], [13.303955, 38.21876], [13.304075, 38.218816], [13.304189, 38.218869], [13.304207, 38.218878], [13.304514, 38.218925], [13.304731, 38.218935], [13.30504, 38.218911], [13.305359, 38.218816], [13.305624, 38.218762], [13.30584, 38.218765], [13.305932, 38.218767], [13.305981, 38.218766], [13.306249, 38.218764], [13.306539, 38.218783], [13.306827, 38.218851], [13.306881, 38.218874], [13.306916, 38.218889], [13.307088, 38.218962], [13.307356, 38.219116], [13.307634, 38.219271], [13.308036, 38.219534], [13.308159, 38.219623], [13.308164, 38.219624], [13.308505, 38.219604], [13.30857, 38.219551], [13.308634, 38.219528], [13.308671, 38.219466], [13.308719, 38.219386], [13.308723, 38.219386], [13.308865, 38.219367], [13.309073, 38.21937], [13.309127, 38.219371], [13.309302, 38.21928], [13.309358, 38.219188], [13.309507, 38.219033], [13.309529, 38.219007], [13.309591, 38.218934], [13.309685, 38.218792], [13.309833, 38.218644], [13.30984, 38.218642], [13.310199, 38.218535], [13.310417, 38.218481], [13.310507, 38.218476], [13.310726, 38.218464], [13.310991, 38.218396], [13.311214, 38.21837], [13.311263, 38.218364], [13.311508, 38.218375], [13.311788, 38.218429], [13.311933, 38.218403], [13.312061, 38.218376], [13.312288, 38.21835], [13.312333, 38.218361], [13.31245, 38.218389], [13.312547, 38.21854], [13.312598, 38.21867], [13.312659, 38.218799], [13.312637, 38.218942], [13.312789, 38.219037], [13.313012, 38.219191], [13.313109, 38.219335], [13.313214, 38.21948], [13.313411, 38.219597], [13.313439, 38.219608], [13.313707, 38.219709], [13.31406, 38.219756], [13.314228, 38.219795], [13.31441, 38.219885], [13.314624, 38.219998], [13.3149, 38.220099], [13.315221, 38.220287], [13.31548, 38.220437], [13.315707, 38.220672]]]}, "properties": {"pai_nmr": "040", "bacino": "Area tra F. Oreto e Punta Raisi", "provincia": "PA", "comune": "Palermo", "localita": "Pizzo Sella- Pizzo Vuturo", "sigla": "040-6PM-089", "pericolo": "n.c.", "n_dsg": 4, "data_dsg": "2026-01-09", "ngurs_dsg": 4, "dgurs_dsg": "2026-01-23", "cls_dissesti_attivita": "Attivo", "col_dissesti_attivita": "#ff0000", "bor_dissesti_attivita": "#000000", "cls_dissesti_tipologia": "Crollo e/o ribaltamento", "col_dissesti_tipologia": "#000000", "bor_dissesti_tipologia": "#000000", "pat_dissesti_tipologia": "pai-dissesti_tipologia-0", "sup_ha": 29.8413}}, {"type": "Feature", "geometry": {"type": "Polygon", "coordinates": [[[13.280916, 38.184632], [13.281042, 38.184731], [13.28132, 38.18485], [13.281565, 38.185025], [13.281772, 38.18511], [13.281949, 38.185113], [13.282051, 38.18519], [13.282009, 38.185291], [13.281824, 38.185301], [13.281608, 38.18526], [13.2814, 38.185187], [13.281293, 38.185029], [13.281234, 38.184984], [13.280958, 38.184914], [13.28078, 38.184887], [13.280618, 38.184985], [13.280599, 38.185087], [13.280562, 38.185321], [13.280365, 38.185464], [13.280138, 38.185568], [13.280007, 38.185668], [13.279882, 38.18585], [13.27982, 38.186084], [13.279679, 38.186297], [13.279474, 38.186459], [13.279301, 38.18666], [13.279258, 38.186773], [13.279254, 38.18694], [13.279299, 38.186962], [13.279297, 38.187023], [13.279309, 38.187194], [13.279354, 38.187268], [13.279398, 38.187367], [13.279288, 38.187438], [13.279147, 38.187485], [13.278992, 38.187532], [13.278821, 38.187566], [13.27865, 38.1876], [13.278465, 38.187561], [13.278464, 38.187414], [13.278508, 38.187343], [13.278733, 38.187345], [13.278861, 38.187176], [13.278863, 38.187066], [13.278714, 38.186856], [13.278778, 38.186747], [13.278828, 38.186601], [13.278864, 38.18637], [13.279007, 38.186238], [13.279124, 38.186162], [13.279419, 38.185854], [13.279711, 38.185496], [13.279835, 38.185136], [13.279872, 38.184588], [13.279895, 38.184354], [13.279898, 38.18425], [13.280025, 38.184247], [13.280216, 38.184335], [13.280647, 38.184499], [13.280916, 38.184632]]]}, "properties": {"pai_nmr": "040", "bacino": "Area tra F. Oreto e Punta Raisi", "provincia": "PA", "comune": "Palermo", "localita": "Tana Vipera", "sigla": "040-6PM-077", "pericolo": "n.c.", "n_dsg": 4, "data_dsg": "2026-01-09", "ngurs_dsg": 4, "dgurs_dsg": "2026-01-23", "cls_dissesti_attivita": "Attivo", "col_dissesti_attivita": "#ff0000", "bor_dissesti_attivita": "#000000", "cls_dissesti_tipologia": "Crollo e/o ribaltamento", "col_dissesti_tipologia": "#000000", "bor_dissesti_tipologia": "#000000", "pat_dissesti_tipologia": "pai-dissesti_tipologia-0", "sup_ha": 2.2984}}, {"type": "Feature", "geometry": {"type": "Polygon", "coordinates": [[[13.264761, 38.19987], [13.264822, 38.199866], [13.264858, 38.199876], [13.264919, 38.199854], [13.264948, 38.199883], [13.264911, 38.199906], [13.26479, 38.199937], [13.264657, 38.199935], [13.264482, 38.199923], [13.264272, 38.199839], [13.264154, 38.199752], [13.263993, 38.199621], [13.26379, 38.199551], [13.263566, 38.199567], [13.263366, 38.199564], [13.263082, 38.199583], [13.262846, 38.199604], [13.262664, 38.199629], [13.262519, 38.199632], [13.262343, 38.199634], [13.262095, 38.199678], [13.261876, 38.199713], [13.261689, 38.19972], [13.261599, 38.199685], [13.261684, 38.199653], [13.261823, 38.199665], [13.261969, 38.199638], [13.26223, 38.199594], [13.262502, 38.19957], [13.262714, 38.199573], [13.262932, 38.199543], [13.263343, 38.199516], [13.263688, 38.199492], [13.263911, 38.199519], [13.264055, 38.199579], [13.264149, 38.19968], [13.264298, 38.199778], [13.264435, 38.199846], [13.26455, 38.199848], [13.264761, 38.19987]]]}, "properties": {"pai_nmr": "040", "bacino": "Area tra F. Oreto e Punta Raisi", "provincia": "PA", "comune": "Palermo", "localita": "la Cala", "sigla": "040-6PM-170", "n_dpr": 155, "data_dpr": "2013-06-11", "pericolo": "n.c.", "ngurs": "47", "dgurs": "2013-10-18", "cls_dissesti_attivita": "Attivo", "col_dissesti_attivita": "#ff0000", "bor_dissesti_attivita": "#000000", "cls_dissesti_tipologia": "Crollo e/o ribaltamento", "col_dissesti_tipologia": "#000000", "bor_dissesti_tipologia": "#000000", "pat_dissesti_tipologia": "pai-dissesti_tipologia-0", "sup_ha": 0.1944}}, {"type": "Feature", "geometry": {"type": "Polygon", "coordinates": [[[13.3561, 38.165839], [13.356146, 38.165777], [13.356174, 38.165715], [13.356179, 38.16571], [13.356228, 38.165667], [13.356259, 38.165607], [13.356316, 38.165529], [13.356397, 38.165444], [13.356442, 38.16539], [13.356443, 38.165386], [13.356468, 38.165313], [13.356537, 38.165228], [13.356554, 38.165142], [13.356605, 38.16511], [13.356641, 38.165102], [13.356696, 38.165091], [13.356786, 38.165041], [13.356899, 38.164968], [13.356904, 38.164966], [13.356967, 38.164939], [13.357032, 38.164949], [13.357091, 38.164973], [13.357093, 38.164973], [13.357163, 38.164986], [13.357174, 38.164986], [13.357206, 38.164986], [13.357213, 38.164986], [13.357263, 38.164976], [13.357314, 38.16496], [13.357355, 38.16494], [13.357374, 38.164903], [13.357416, 38.164878], [13.357495, 38.164863], [13.357557, 38.164802], [13.35758, 38.164764], [13.357621, 38.164748], [13.357683, 38.164759], [13.357685, 38.164798], [13.357669, 38.164851], [13.357638, 38.164892], [13.357611, 38.164953], [13.357582, 38.165043], [13.357539, 38.165123], [13.357436, 38.165233], [13.357433, 38.165296], [13.3574, 38.165321], [13.357291, 38.165319], [13.357176, 38.165327], [13.357079, 38.16533], [13.356994, 38.165315], [13.356951, 38.165291], [13.356921, 38.165277], [13.35686, 38.165276], [13.356771, 38.165312], [13.356755, 38.165327], [13.356714, 38.165339], [13.35661, 38.165407], [13.35654, 38.165506], [13.356465, 38.165579], [13.35636, 38.165652], [13.3563, 38.165707], [13.3563, 38.165708], [13.356282, 38.165749], [13.356234, 38.165804], [13.356209, 38.165828], [13.356201, 38.165844], [13.35617, 38.165869], [13.356147, 38.165879], [13.356138, 38.165878], [13.356116, 38.165875], [13.356102, 38.165867], [13.356096, 38.165863], [13.356092, 38.165849], [13.356101, 38.165839], [13.3561, 38.165839]]]}, "properties": {"pai_nmr": "040", "bacino": "Area tra F. Oreto e Punta Raisi", "provincia": "PA", "comune": "Palermo", "localita": "S di Santuario di S. Rosalia", "sigla": "040-6PM-024", "pericolo": "n.c.", "n_dsg": 4, "data_dsg": "2026-01-09", "ngurs_dsg": 4, "dgurs_dsg": "2026-01-23", "cls_dissesti_attivita": "Attivo", "col_dissesti_attivita": "#ff0000", "bor_dissesti_attivita": "#000000", "cls_dissesti_tipologia": "Crollo e/o ribaltamento", "col_dissesti_tipologia": "#000000", "bor_dissesti_tipologia": "#000000", "pat_dissesti_tipologia": "pai-dissesti_tipologia-0", "sup_ha": 0.424}}, {"type": "Feature", "geometry": {"type": "Polygon", "coordinates": [[[13.354084, 38.165528], [13.353912, 38.165641], [13.35369, 38.165725], [13.353542, 38.165799], [13.353397, 38.165909], [13.353258, 38.166001], [13.353224, 38.166073], [13.353239, 38.166154], [13.35324, 38.16616], [13.353317, 38.166219], [13.353485, 38.166257], [13.353649, 38.166307], [13.353837, 38.166313], [13.353868, 38.166314], [13.35397, 38.166326], [13.353992, 38.166373], [13.354, 38.166427], [13.353957, 38.166481], [13.353842, 38.166501], [13.35364, 38.166513], [13.353553, 38.166515], [13.353433, 38.166542], [13.353305, 38.166555], [13.353127, 38.166488], [13.353014, 38.166457], [13.35291, 38.166394], [13.352778, 38.16632], [13.352684, 38.166217], [13.352681, 38.166198], [13.352695, 38.166175], [13.352691, 38.166116], [13.352748, 38.166041], [13.352806, 38.165904], [13.352887, 38.165768], [13.353018, 38.165636], [13.353209, 38.165515], [13.353404, 38.165413], [13.353534, 38.165325], [13.353603, 38.165253], [13.353628, 38.165214], [13.35371, 38.165192], [13.353711, 38.165193], [13.35375, 38.165209], [13.353784, 38.165223], [13.353889, 38.165225], [13.354004, 38.165208], [13.354111, 38.165152], [13.35419, 38.165084], [13.354241, 38.165035], [13.354242, 38.165034], [13.354245, 38.165029], [13.354275, 38.16498], [13.354331, 38.164946], [13.354398, 38.164911], [13.3544, 38.16491], [13.354427, 38.164917], [13.354474, 38.164929], [13.354487, 38.164933], [13.35449, 38.164936], [13.354526, 38.164971], [13.354532, 38.164977], [13.354524, 38.164995], [13.354503, 38.16504], [13.354498, 38.165052], [13.354455, 38.165109], [13.354441, 38.165125], [13.354399, 38.16517], [13.354329, 38.165231], [13.35429, 38.165313], [13.354271, 38.165375], [13.354251, 38.165403], [13.354084, 38.165528]]]}, "properties": {"pai_nmr": "040", "bacino": "Area tra F. Oreto e Punta Raisi", "provincia": "PA", "comune": "Palermo", "localita": "S di Santuario di S. Rosalia", "sigla": "040-6PM-025", "pericolo": "n.c.", "n_dsg": 4, "data_dsg": "2026-01-09", "ngurs_dsg": 4, "dgurs_dsg": "2026-01-23", "cls_dissesti_attivita": "Attivo", "col_dissesti_attivita": "#ff0000", "bor_dissesti_attivita": "#000000", "cls_dissesti_tipologia": "Crollo e/o ribaltamento", "col_dissesti_tipologia": "#000000", "bor_dissesti_tipologia": "#000000", "pat_dissesti_tipologia": "pai-dissesti_tipologia-0", "sup_ha": 1.0445}}, {"type": "Feature", "geometry": {"type": "Polygon", "coordinates": [[[13.354051, 38.164764], [13.353851, 38.164928], [13.353689, 38.165074], [13.353516, 38.165182], [13.353483, 38.165203], [13.353471, 38.165204], [13.353286, 38.165218], [13.353251, 38.165186], [13.353252, 38.165184], [13.353249, 38.16517], [13.353345, 38.164944], [13.353524, 38.164726], [13.353716, 38.16455], [13.354045, 38.164376], [13.354327, 38.164249], [13.354619, 38.164032], [13.354916, 38.163882], [13.354975, 38.163777], [13.355103, 38.163491], [13.355226, 38.163408], [13.355322, 38.163345], [13.35557, 38.163125], [13.355726, 38.162966], [13.355749, 38.162953], [13.355848, 38.16289], [13.355909, 38.162811], [13.356011, 38.162786], [13.356053, 38.162803], [13.356073, 38.162847], [13.356055, 38.162907], [13.356075, 38.162961], [13.35607, 38.162984], [13.355979, 38.16306], [13.355816, 38.163148], [13.355657, 38.163256], [13.355588, 38.163328], [13.355547, 38.163441], [13.355438, 38.163567], [13.355288, 38.163655], [13.355227, 38.163758], [13.355203, 38.163855], [13.35515, 38.163971], [13.355079, 38.164094], [13.355048, 38.16415], [13.354945, 38.164209], [13.3548, 38.164247], [13.354638, 38.164322], [13.354466, 38.164416], [13.354337, 38.164498], [13.354229, 38.164617], [13.354095, 38.164729], [13.354067, 38.164762], [13.354051, 38.164764]]]}, "properties": {"pai_nmr": "040", "bacino": "Area tra F. Oreto e Punta Raisi", "provincia": "PA", "comune": "Palermo", "localita": "S di Santuario di S. Rosalia", "sigla": "040-6PM-026", "pericolo": "n.c.", "n_dsg": 4, "data_dsg": "2026-01-09", "ngurs_dsg": 4, "dgurs_dsg": "2026-01-23", "cls_dissesti_attivita": "Attivo", "col_dissesti_attivita": "#ff0000", "bor_dissesti_attivita": "#000000", "cls_dissesti_tipologia": "Crollo e/o ribaltamento", "col_dissesti_tipologia": "#000000", "bor_dissesti_tipologia": "#000000", "pat_dissesti_tipologia": "pai-dissesti_tipologia-0", "sup_ha": 0.9307}}, {"type": "Feature", "geometry": {"type": "Polygon", "coordinates": [[[13.353586, 38.155372], [13.353274, 38.15553], [13.353205, 38.155796], [13.3531, 38.155882], [13.352961, 38.156029], [13.352837, 38.156134], [13.352769, 38.156176], [13.352661, 38.156164], [13.3525, 38.156151], [13.352419, 38.156192], [13.352106, 38.156274], [13.352105, 38.156273], [13.351944, 38.156239], [13.351892, 38.156251], [13.351765, 38.156348], [13.351586, 38.156505], [13.351476, 38.1566], [13.351299, 38.156661], [13.35108, 38.156775], [13.350916, 38.156879], [13.35094, 38.157008], [13.35094, 38.157015], [13.351058, 38.157112], [13.351053, 38.157157], [13.351083, 38.157265], [13.351024, 38.157467], [13.350884, 38.157678], [13.350758, 38.15789], [13.350578, 38.158111], [13.350248, 38.158351], [13.350136, 38.158541], [13.350092, 38.158711], [13.349963, 38.159029], [13.349769, 38.159272], [13.349596, 38.159354], [13.34959, 38.159359], [13.34939, 38.159555], [13.348924, 38.159697], [13.348584, 38.159831], [13.348299, 38.159792], [13.348042, 38.159788], [13.347745, 38.159805], [13.347528, 38.159824], [13.347299, 38.15981], [13.347163, 38.159851], [13.346934, 38.159815], [13.346746, 38.159749], [13.346627, 38.159672], [13.346492, 38.159639], [13.34633, 38.159636], [13.346305, 38.159639], [13.34631, 38.159898], [13.34631, 38.159904], [13.346525, 38.160195], [13.346593, 38.160288], [13.346944, 38.160531], [13.346945, 38.16053], [13.34704, 38.160521], [13.347159, 38.160629], [13.347141, 38.160659], [13.347332, 38.160793], [13.347209, 38.160887], [13.34691, 38.160968], [13.34676, 38.16103], [13.346394, 38.161078], [13.346264, 38.160885], [13.346226, 38.160788], [13.346216, 38.160596], [13.346234, 38.160426], [13.346099, 38.160424], [13.345964, 38.160433], [13.345775, 38.160441], [13.345649, 38.16062], [13.345631, 38.160812], [13.345439, 38.160969], [13.345192, 38.161018], [13.34514, 38.161029], [13.345062, 38.160932], [13.345065, 38.160772], [13.345096, 38.160602], [13.3451, 38.16041], [13.345036, 38.160292], [13.345033, 38.16028], [13.344961, 38.159992], [13.345007, 38.159769], [13.345016, 38.159729], [13.345067, 38.159504], [13.345154, 38.159249], [13.345247, 38.159092], [13.34528, 38.159038], [13.345293, 38.159038], [13.345294, 38.159027], [13.345581, 38.158872], [13.345747, 38.158672], [13.34599, 38.158654], [13.346128, 38.158649], [13.34615, 38.158642], [13.346461, 38.158625], [13.346716, 38.158693], [13.346826, 38.158755], [13.347227, 38.158884], [13.347684, 38.158944], [13.348288, 38.159123], [13.348628, 38.158978], [13.348816, 38.158788], [13.348822, 38.158754], [13.348745, 38.158551], [13.348534, 38.158356], [13.348281, 38.158192], [13.348162, 38.158084], [13.348097, 38.157955], [13.348168, 38.157785], [13.348319, 38.157702], [13.34839, 38.157693], [13.348455, 38.157665], [13.348619, 38.157582], [13.348663, 38.157434], [13.348437, 38.157281], [13.348279, 38.157109], [13.348174, 38.15699], [13.348298, 38.156853], [13.348358, 38.156747], [13.34841, 38.156637], [13.348547, 38.156575], [13.348631, 38.156438], [13.348675, 38.156257], [13.348895, 38.15609], [13.34917, 38.15587], [13.349274, 38.15584], [13.349376, 38.15575], [13.349581, 38.155614], [13.349852, 38.155575], [13.350176, 38.155558], [13.350568, 38.155553], [13.350932, 38.155558], [13.351326, 38.155457], [13.351559, 38.15529], [13.351779, 38.155101], [13.351905, 38.154922], [13.351992, 38.154657], [13.352117, 38.154477], [13.352269, 38.154309], [13.352422, 38.154141], [13.352615, 38.153962], [13.352779, 38.153869], [13.352955, 38.153828], [13.353144, 38.15382], [13.353251, 38.153843], [13.353411, 38.153963], [13.353406, 38.15397], [13.353426, 38.153978], [13.353523, 38.154064], [13.353543, 38.154092], [13.353551, 38.154327], [13.35356, 38.154508], [13.353638, 38.154669], [13.35385, 38.154821], [13.353953, 38.154887], [13.353956, 38.154891], [13.35396, 38.154892], [13.354223, 38.15497], [13.354427, 38.155087], [13.35448, 38.155272], [13.354476, 38.155457], [13.354463, 38.155592], [13.354428, 38.155743], [13.354402, 38.155775], [13.354367, 38.155681], [13.35425, 38.155585], [13.354106, 38.155542], [13.354025, 38.155467], [13.353898, 38.155411], [13.353586, 38.155372]]]}, "properties": {"pai_nmr": "040", "bacino": "Area tra F. Oreto e Punta Raisi", "provincia": "PA", "comune": "Palermo", "localita": "Roccia dello Schiavo-Pizzo Vulet", "sigla": "040-6PM-027", "pericolo": "n.c.", "n_dsg": 4, "data_dsg": "2026-01-09", "ngurs_dsg": 4, "dgurs_dsg": "2026-01-23", "cls_dissesti_attivita": "Attivo", "col_dissesti_attivita": "#ff0000", "bor_dissesti_attivita": "#000000", "cls_dissesti_tipologia": "Crollo e/o ribaltamento", "col_dissesti_tipologia": "#000000", "bor_dissesti_tipologia": "#000000", "pat_dissesti_tipologia": "pai-dissesti_tipologia-0", "sup_ha": 17.4626}}, {"type": "Feature", "geometry": {"type": "Polygon", "coordinates": [[[13.348827, 38.161516], [13.348829, 38.161502], [13.348829, 38.161502], [13.348858, 38.161364], [13.348884, 38.161325], [13.349008, 38.161346], [13.349054, 38.161538], [13.349116, 38.161655], [13.349119, 38.161712], [13.349181, 38.16198], [13.349272, 38.16213], [13.349281, 38.162343], [13.349277, 38.162493], [13.349273, 38.162695], [13.349334, 38.162984], [13.349411, 38.163156], [13.349449, 38.163263], [13.349406, 38.163369], [13.349283, 38.16342], [13.349165, 38.163291], [13.349088, 38.163119], [13.349065, 38.162938], [13.34903, 38.162702], [13.349049, 38.162425], [13.349055, 38.162191], [13.349018, 38.162031], [13.348927, 38.16188], [13.348877, 38.161698], [13.348827, 38.161516]]]}, "properties": {"pai_nmr": "040", "bacino": "Area tra F. Oreto e Punta Raisi", "provincia": "PA", "comune": "Palermo", "localita": "Pizzo Ferro", "sigla": "040-6PM-028", "pericolo": "n.c.", "n_dsg": 4, "data_dsg": "2026-01-09", "ngurs_dsg": 4, "dgurs_dsg": "2026-01-23", "cls_dissesti_attivita": "Attivo", "col_dissesti_attivita": "#ff0000", "bor_dissesti_attivita": "#000000", "cls_dissesti_tipologia": "Crollo e/o ribaltamento", "col_dissesti_tipologia": "#000000", "bor_dissesti_tipologia": "#000000", "pat_dissesti_tipologia": "pai-dissesti_tipologia-0", "sup_ha": 0.4731}}, {"type": "Feature", "geometry": {"type": "Polygon", "coordinates": [[[13.349254, 38.165149], [13.349314, 38.165063], [13.349522, 38.164831], [13.349675, 38.16462], [13.349712, 38.164524], [13.349699, 38.164453], [13.349698, 38.164367], [13.349745, 38.164277], [13.349799, 38.164228], [13.349816, 38.164264], [13.3498, 38.164333], [13.349802, 38.16441], [13.349824, 38.164516], [13.349849, 38.164644], [13.34984, 38.164729], [13.349786, 38.164803], [13.349743, 38.164827], [13.349693, 38.164863], [13.349547, 38.164988], [13.349457, 38.165086], [13.349349, 38.165215], [13.349228, 38.165296], [13.349142, 38.165353], [13.349096, 38.165411], [13.349098, 38.165441], [13.349112, 38.165461], [13.349192, 38.165481], [13.349215, 38.165537], [13.349168, 38.165614], [13.349128, 38.165671], [13.349103, 38.165718], [13.349091, 38.165782], [13.349067, 38.165897], [13.349024, 38.16596], [13.348974, 38.165982], [13.348943, 38.165981], [13.348908, 38.165962], [13.34892, 38.165893], [13.34896, 38.165835], [13.348979, 38.165774], [13.348998, 38.165714], [13.349021, 38.16562], [13.349061, 38.165568], [13.349034, 38.165498], [13.348996, 38.165462], [13.348985, 38.165429], [13.34898, 38.165412], [13.349027, 38.165343], [13.349095, 38.165267], [13.349213, 38.165183], [13.349254, 38.165149]]]}, "properties": {"pai_nmr": "040", "bacino": "Area tra F. Oreto e Punta Raisi", "provincia": "PA", "comune": "Palermo", "localita": "N di Pizzo Ferro", "sigla": "040-6PM-029", "pericolo": "n.c.", "n_dsg": 4, "data_dsg": "2026-01-09", "ngurs_dsg": 4, "dgurs_dsg": "2026-01-23", "cls_dissesti_attivita": "Attivo", "col_dissesti_attivita": "#ff0000", "bor_dissesti_attivita": "#000000", "cls_dissesti_tipologia": "Crollo e/o ribaltamento", "col_dissesti_tipologia": "#000000", "bor_dissesti_tipologia": "#000000", "pat_dissesti_tipologia": "pai-dissesti_tipologia-0", "sup_ha": 0.2489}}, {"type": "Feature", "geometry": {"type": "Polygon", "coordinates": [[[13.347608, 38.167054], [13.347607, 38.167044], [13.347603, 38.167043], [13.347552, 38.166951], [13.34753, 38.166886], [13.347539, 38.166806], [13.347554, 38.166751], [13.347613, 38.166676], [13.347677, 38.166581], [13.347732, 38.1665], [13.347845, 38.166394], [13.347909, 38.166322], [13.347995, 38.166291], [13.348047, 38.166302], [13.348043, 38.166325], [13.348039, 38.166344], [13.348001, 38.166389], [13.347989, 38.166449], [13.347988, 38.166482], [13.347987, 38.1665], [13.34797, 38.166552], [13.347928, 38.166608], [13.347925, 38.166612], [13.347926, 38.166618], [13.347887, 38.166671], [13.347826, 38.166737], [13.347807, 38.16675], [13.347809, 38.166751], [13.347794, 38.166758], [13.347751, 38.166778], [13.347718, 38.166799], [13.347665, 38.166811], [13.347653, 38.166824], [13.347655, 38.166847], [13.347675, 38.166873], [13.347676, 38.166874], [13.34768, 38.166879], [13.347705, 38.166901], [13.347729, 38.16693], [13.347727, 38.16695], [13.347726, 38.16697], [13.34773, 38.166996], [13.34775, 38.167029], [13.347784, 38.167038], [13.347816, 38.16704], [13.347819, 38.16704], [13.347849, 38.16705], [13.347852, 38.167055], [13.347869, 38.167076], [13.347866, 38.167097], [13.347877, 38.167125], [13.347883, 38.167145], [13.34788, 38.16718], [13.34788, 38.167181], [13.34788, 38.167181], [13.347872, 38.167207], [13.347847, 38.167231], [13.347805, 38.167249], [13.347798, 38.167249], [13.347761, 38.167216], [13.347755, 38.16721], [13.347757, 38.167204], [13.347763, 38.167179], [13.347768, 38.16715], [13.347764, 38.167116], [13.347735, 38.167092], [13.347723, 38.167088], [13.347701, 38.16708], [13.347652, 38.167074], [13.347618, 38.167059], [13.347608, 38.167055], [13.347608, 38.167054]]]}, "properties": {"pai_nmr": "040", "bacino": "Area tra F. Oreto e Punta Raisi", "provincia": "PA", "comune": "Palermo", "localita": "Bosco Vecchio", "sigla": "040-6PM-030", "pericolo": "n.c.", "n_dsg": 4, "data_dsg": "2026-01-09", "ngurs_dsg": 4, "dgurs_dsg": "2026-01-23", "cls_dissesti_attivita": "Attivo", "col_dissesti_attivita": "#ff0000", "bor_dissesti_attivita": "#000000", "cls_dissesti_tipologia": "Crollo e/o ribaltamento", "col_dissesti_tipologia": "#000000", "bor_dissesti_tipologia": "#000000", "pat_dissesti_tipologia": "pai-dissesti_tipologia-0", "sup_ha": 0.1717}}, {"type": "Feature", "geometry": {"type": "Polygon", "coordinates": [[[13.348176, 38.165208], [13.34819, 38.165206], [13.348194, 38.165202], [13.348276, 38.165174], [13.34834, 38.165175], [13.348347, 38.165183], [13.348349, 38.165184], [13.348375, 38.165211], [13.348375, 38.165247], [13.348373, 38.165311], [13.348362, 38.165314], [13.34835, 38.165337], [13.348349, 38.165337], [13.34817, 38.165463], [13.348059, 38.165632], [13.348058, 38.16565], [13.348057, 38.16565], [13.347855, 38.165805], [13.347787, 38.16599], [13.347729, 38.166058], [13.347666, 38.166131], [13.347552, 38.166351], [13.347466, 38.16655], [13.347363, 38.166692], [13.347305, 38.166891], [13.347282, 38.167099], [13.347324, 38.167221], [13.34749, 38.167316], [13.347519, 38.167417], [13.347492, 38.167461], [13.347472, 38.167495], [13.347346, 38.16745], [13.347328, 38.167425], [13.347258, 38.167327], [13.347152, 38.16724], [13.347147, 38.16724], [13.347116, 38.167196], [13.346947, 38.167087], [13.346833, 38.167028], [13.34684, 38.167021], [13.346787, 38.166934], [13.346784, 38.166892], [13.346773, 38.166755], [13.346839, 38.166627], [13.34696, 38.166522], [13.347053, 38.166373], [13.347149, 38.16616], [13.347252, 38.166018], [13.347375, 38.165777], [13.34748, 38.165542], [13.347699, 38.165388], [13.34771, 38.165381], [13.347856, 38.16534], [13.348047, 38.165307], [13.348176, 38.165208]]]}, "properties": {"pai_nmr": "040", "bacino": "Area tra F. Oreto e Punta Raisi", "provincia": "PA", "comune": "Palermo", "localita": "Bosco Vecchio", "sigla": "040-6PM-031", "pericolo": "n.c.", "n_dsg": 4, "data_dsg": "2026-01-09", "ngurs_dsg": 4, "dgurs_dsg": "2026-01-23", "cls_dissesti_attivita": "Attivo", "col_dissesti_attivita": "#ff0000", "bor_dissesti_attivita": "#000000", "cls_dissesti_tipologia": "Crollo e/o ribaltamento", "col_dissesti_tipologia": "#000000", "bor_dissesti_tipologia": "#000000", "pat_dissesti_tipologia": "pai-dissesti_tipologia-0", "sup_ha": 1.0274}}, {"type": "Feature", "geometry": {"type": "Polygon", "coordinates": [[[13.34878, 38.16658], [13.34886, 38.16655], [13.348862, 38.166572], [13.348876, 38.166615], [13.348874, 38.166617], [13.348838, 38.166654], [13.348779, 38.166738], [13.34872, 38.166812], [13.348661, 38.166878], [13.348617, 38.166943], [13.348613, 38.167016], [13.348619, 38.167055], [13.34862, 38.167092], [13.348618, 38.167099], [13.348581, 38.167189], [13.348597, 38.167262], [13.348613, 38.167343], [13.348632, 38.167391], [13.348631, 38.16743], [13.34859, 38.167451], [13.348511, 38.167403], [13.34849, 38.167341], [13.348507, 38.167263], [13.348509, 38.167174], [13.348523, 38.167105], [13.348542, 38.167034], [13.348538, 38.166993], [13.348512, 38.16693], [13.348521, 38.166849], [13.348593, 38.166781], [13.34864, 38.166717], [13.34867, 38.166664], [13.34878, 38.16658]]]}, "properties": {"pai_nmr": "040", "bacino": "Area tra F. Oreto e Punta Raisi", "provincia": "PA", "comune": "Palermo", "localita": "La Croce", "sigla": "040-6PM-032", "pericolo": "n.c.", "n_dsg": 4, "data_dsg": "2026-01-09", "ngurs_dsg": 4, "dgurs_dsg": "2026-01-23", "cls_dissesti_attivita": "Attivo", "col_dissesti_attivita": "#ff0000", "bor_dissesti_attivita": "#000000", "cls_dissesti_tipologia": "Crollo e/o ribaltamento", "col_dissesti_tipologia": "#000000", "bor_dissesti_tipologia": "#000000", "pat_dissesti_tipologia": "pai-dissesti_tipologia-0", "sup_ha": 0.0971}}, {"type": "Feature", "geometry": {"type": "Polygon", "coordinates": [[[13.342289, 38.168109], [13.342295, 38.168107], [13.342298, 38.168119], [13.342582, 38.168231], [13.342633, 38.168237], [13.343004, 38.168284], [13.343245, 38.168361], [13.343438, 38.168422], [13.343536, 38.168462], [13.343767, 38.168557], [13.344064, 38.168788], [13.344411, 38.168817], [13.34438, 38.168597], [13.344145, 38.168477], [13.34361, 38.168224], [13.343141, 38.16809], [13.342872, 38.168032], [13.342699, 38.167913], [13.342463, 38.167621], [13.342333, 38.167396], [13.342201, 38.167234], [13.342177, 38.167095], [13.342288, 38.16699], [13.34241, 38.166981], [13.34253, 38.167015], [13.342464, 38.167123], [13.342475, 38.167226], [13.342565, 38.167326], [13.3427, 38.167426], [13.342887, 38.167542], [13.343095, 38.167618], [13.343277, 38.167688], [13.34344, 38.167747], [13.343725, 38.16789], [13.343914, 38.167919], [13.344102, 38.167975], [13.344229, 38.167982], [13.344482, 38.168329], [13.344568, 38.168358], [13.344901, 38.16847], [13.345037, 38.168516], [13.345283, 38.168591], [13.345421, 38.168633], [13.345478, 38.168651], [13.345477, 38.16872], [13.345515, 38.168795], [13.345596, 38.168828], [13.345812, 38.16881], [13.345961, 38.168812], [13.345986, 38.168876], [13.345984, 38.168972], [13.345912, 38.169152], [13.345965, 38.169228], [13.345974, 38.169232], [13.346319, 38.169237], [13.346334, 38.169237], [13.346625, 38.169075], [13.346835, 38.169268], [13.346862, 38.169292], [13.34716, 38.169476], [13.347439, 38.169789], [13.34792, 38.169927], [13.348447, 38.169959], [13.348313, 38.170139], [13.348349, 38.170166], [13.348138, 38.170313], [13.348122, 38.170324], [13.348018, 38.170347], [13.347513, 38.170461], [13.347378, 38.170492], [13.346621, 38.170577], [13.346544, 38.170517], [13.346413, 38.170417], [13.346398, 38.170396], [13.346276, 38.170311], [13.346207, 38.170177], [13.34585, 38.16997], [13.34534, 38.169796], [13.344773, 38.169513], [13.344354, 38.169353], [13.343966, 38.169132], [13.343606, 38.16902], [13.343583, 38.169028], [13.343542, 38.168995], [13.343379, 38.168914], [13.343152, 38.168804], [13.34291, 38.168737], [13.342815, 38.168725], [13.342653, 38.16862], [13.342551, 38.168495], [13.342442, 38.168405], [13.342307, 38.168295], [13.342276, 38.168186], [13.342235, 38.168115], [13.342289, 38.168109]]]}, "properties": {"pai_nmr": "040", "bacino": "Area tra F. Oreto e Punta Raisi", "provincia": "PA", "comune": "Palermo", "localita": "Valle del Porco", "sigla": "040-6PM-148", "pericolo": "n.c.", "n_dsg": 4, "data_dsg": "2026-01-09", "ngurs_dsg": 4, "dgurs_dsg": "2026-01-23", "cls_dissesti_attivita": "Attivo", "col_dissesti_attivita": "#ff0000", "bor_dissesti_attivita": "#000000", "cls_dissesti_tipologia": "Crollo e/o ribaltamento", "col_dissesti_tipologia": "#000000", "bor_dissesti_tipologia": "#000000", "pat_dissesti_tipologia": "pai-dissesti_tipologia-0", "sup_ha": 5.5816}}, {"type": "Feature", "geometry": {"type": "Polygon", "coordinates": [[[13.345473, 38.17175], [13.34551, 38.171728], [13.345555, 38.171624], [13.345542, 38.171528], [13.345501, 38.171438], [13.345551, 38.171302], [13.345623, 38.17122], [13.345704, 38.1711], [13.345788, 38.171024], [13.345966, 38.170959], [13.346115, 38.170939], [13.346241, 38.170929], [13.346358, 38.170937], [13.346404, 38.171005], [13.346463, 38.171142], [13.346463, 38.171142], [13.346504, 38.171251], [13.346546, 38.171307], [13.34659, 38.17141], [13.346631, 38.171509], [13.346656, 38.171599], [13.346658, 38.171607], [13.346653, 38.171626], [13.346677, 38.171749], [13.346676, 38.171765], [13.346675, 38.171797], [13.346673, 38.171893], [13.346666, 38.171899], [13.346644, 38.171917], [13.346603, 38.17191], [13.346591, 38.171907], [13.346587, 38.171901], [13.346527, 38.171798], [13.346514, 38.17179], [13.346461, 38.171757], [13.346388, 38.171704], [13.346279, 38.171653], [13.346193, 38.171648], [13.346188, 38.17165], [13.346106, 38.171675], [13.345992, 38.171735], [13.345903, 38.171824], [13.345815, 38.171881], [13.345773, 38.171893], [13.345644, 38.171872], [13.345621, 38.171877], [13.345597, 38.171866], [13.345472, 38.171873], [13.345348, 38.171952], [13.345284, 38.172028], [13.345197, 38.172086], [13.345185, 38.172095], [13.345086, 38.172106], [13.345068, 38.172088], [13.345044, 38.172065], [13.345044, 38.172065], [13.345038, 38.172], [13.345106, 38.171924], [13.345158, 38.17189], [13.345241, 38.171854], [13.345332, 38.171835], [13.345351, 38.171831], [13.345414, 38.171814], [13.34547, 38.171759], [13.345473, 38.17175]]]}, "properties": {"pai_nmr": "040", "bacino": "Area tra F. Oreto e Punta Raisi", "provincia": "PA", "comune": "Palermo", "localita": "Pizzo Rufuliata", "sigla": "040-6PM-034", "pericolo": "n.c.", "n_dsg": 4, "data_dsg": "2026-01-09", "ngurs_dsg": 4, "dgurs_dsg": "2026-01-23", "cls_dissesti_attivita": "Attivo", "col_dissesti_attivita": "#ff0000", "bor_dissesti_attivita": "#000000", "cls_dissesti_tipologia": "Crollo e/o ribaltamento", "col_dissesti_tipologia": "#000000", "bor_dissesti_tipologia": "#000000", "pat_dissesti_tipologia": "pai-dissesti_tipologia-0", "sup_ha": 0.8458}}, {"type": "Feature", "geometry": {"type": "Polygon", "coordinates": [[[13.345735, 38.174001], [13.345802, 38.174065], [13.345797, 38.174082], [13.345764, 38.174237], [13.345731, 38.174367], [13.345789, 38.17447], [13.345901, 38.174513], [13.346004, 38.174529], [13.346029, 38.174533], [13.346014, 38.174594], [13.346012, 38.174604], [13.346012, 38.174604], [13.345897, 38.174671], [13.345768, 38.174691], [13.345732, 38.174672], [13.345602, 38.174601], [13.345498, 38.174502], [13.345471, 38.174462], [13.345454, 38.174233], [13.345454, 38.174231], [13.345424, 38.174087], [13.345366, 38.173927], [13.345291, 38.173802], [13.345182, 38.173686], [13.345072, 38.173574], [13.345031, 38.173433], [13.345029, 38.173267], [13.345016, 38.173218], [13.345005, 38.173179], [13.344977, 38.173075], [13.345094, 38.172851], [13.345176, 38.172698], [13.345179, 38.172566], [13.345204, 38.172429], [13.345196, 38.172292], [13.345243, 38.172223], [13.345348, 38.172268], [13.34535, 38.172404], [13.345362, 38.172406], [13.345356, 38.172414], [13.345409, 38.172525], [13.345441, 38.172583], [13.345439, 38.17266], [13.345438, 38.17271], [13.345435, 38.172717], [13.345397, 38.172798], [13.345383, 38.17293], [13.345469, 38.173081], [13.345607, 38.173172], [13.345636, 38.173196], [13.345697, 38.173308], [13.345775, 38.173447], [13.345772, 38.173586], [13.345741, 38.173745], [13.345697, 38.173883], [13.345735, 38.174001]]]}, "properties": {"pai_nmr": "040", "bacino": "Area tra F. Oreto e Punta Raisi", "provincia": "PA", "comune": "Palermo", "localita": "Pizzo Rufuliata", "sigla": "040-6PM-035", "pericolo": "n.c.", "n_dsg": 4, "data_dsg": "2026-01-09", "ngurs_dsg": 4, "dgurs_dsg": "2026-01-23", "cls_dissesti_attivita": "Attivo", "col_dissesti_attivita": "#ff0000", "bor_dissesti_attivita": "#000000", "cls_dissesti_tipologia": "Crollo e/o ribaltamento", "col_dissesti_tipologia": "#000000", "bor_dissesti_tipologia": "#000000", "pat_dissesti_tipologia": "pai-dissesti_tipologia-0", "sup_ha": 0.9479}}, {"type": "Feature", "geometry": {"type": "Polygon", "coordinates": [[[13.340832, 38.175494], [13.340803, 38.175611], [13.340778, 38.175723], [13.340718, 38.175964], [13.340528, 38.176126], [13.340475, 38.176039], [13.340478, 38.175906], [13.340479, 38.175857], [13.340549, 38.175659], [13.340584, 38.175573], [13.340586, 38.175479], [13.340587, 38.175435], [13.340636, 38.175404], [13.340736, 38.175253], [13.340808, 38.175051], [13.340878, 38.174946], [13.341068, 38.174895], [13.341167, 38.174715], [13.341305, 38.174589], [13.341418, 38.174388], [13.341517, 38.174155], [13.341563, 38.173953], [13.34162, 38.173794], [13.341761, 38.173551], [13.341783, 38.173167], [13.341749, 38.172857], [13.341877, 38.172582], [13.341978, 38.172328], [13.342065, 38.172062], [13.342165, 38.171786], [13.342193, 38.171705], [13.342195, 38.171704], [13.34241, 38.171413], [13.342643, 38.171286], [13.34284, 38.171238], [13.342907, 38.171221], [13.342871, 38.171341], [13.342832, 38.171373], [13.342704, 38.171478], [13.342692, 38.171502], [13.342644, 38.171548], [13.342548, 38.1716], [13.342546, 38.171696], [13.342476, 38.171801], [13.342406, 38.171896], [13.342388, 38.172088], [13.342357, 38.172269], [13.34238, 38.172429], [13.342377, 38.172589], [13.342333, 38.172716], [13.342262, 38.172795], [13.342279, 38.172829], [13.342331, 38.172943], [13.342379, 38.173067], [13.342414, 38.17316], [13.34241, 38.173175], [13.342378, 38.173281], [13.342223, 38.173382], [13.342163, 38.173476], [13.342098, 38.173579], [13.342087, 38.173639], [13.34206, 38.173795], [13.342054, 38.173831], [13.342029, 38.173971], [13.342022, 38.174011], [13.341933, 38.174028], [13.341884, 38.174054], [13.341774, 38.174148], [13.341689, 38.174339], [13.341644, 38.17453], [13.34156, 38.174646], [13.341382, 38.174761], [13.341257, 38.174898], [13.341131, 38.175109], [13.341019, 38.175289], [13.340867, 38.175447], [13.340832, 38.175494]]]}, "properties": {"pai_nmr": "040", "bacino": "Area tra F. Oreto e Punta Raisi", "provincia": "PA", "comune": "Palermo", "localita": "W di Pizzo Rufuliata", "sigla": "040-6PM-036", "pericolo": "n.c.", "n_dsg": 4, "data_dsg": "2026-01-09", "ngurs_dsg": 4, "dgurs_dsg": "2026-01-23", "cls_dissesti_attivita": "Attivo", "col_dissesti_attivita": "#ff0000", "bor_dissesti_attivita": "#000000", "cls_dissesti_tipologia": "Crollo e/o ribaltamento", "col_dissesti_tipologia": "#000000", "bor_dissesti_tipologia": "#000000", "pat_dissesti_tipologia": "pai-dissesti_tipologia-0", "sup_ha": 1.6918}}, {"type": "Feature", "geometry": {"type": "Polygon", "coordinates": [[[13.343885, 38.17609], [13.343882, 38.176099], [13.343843, 38.176158], [13.343807, 38.17621], [13.343796, 38.176212], [13.343752, 38.17622], [13.343749, 38.176219], [13.343715, 38.176206], [13.343681, 38.176162], [13.343683, 38.176096], [13.343684, 38.176042], [13.343686, 38.176031], [13.343697, 38.175978], [13.343712, 38.175928], [13.343723, 38.175881], [13.343725, 38.175871], [13.343767, 38.175833], [13.343799, 38.175802], [13.343847, 38.175739], [13.343899, 38.175705], [13.343958, 38.17566], [13.344028, 38.175641], [13.344088, 38.175654], [13.344097, 38.175653], [13.344134, 38.175663], [13.34418, 38.17568], [13.344235, 38.175676], [13.344322, 38.175652], [13.344377, 38.175655], [13.344408, 38.175685], [13.344401, 38.175717], [13.344329, 38.175745], [13.344298, 38.175747], [13.344217, 38.175746], [13.344204, 38.175746], [13.344161, 38.175757], [13.344076, 38.175792], [13.344018, 38.175823], [13.343971, 38.175875], [13.343943, 38.175945], [13.343922, 38.175986], [13.343909, 38.176049], [13.343908, 38.176052], [13.343885, 38.17609]]]}, "properties": {"pai_nmr": "040", "bacino": "Area tra F. Oreto e Punta Raisi", "provincia": "PA", "comune": "Palermo", "localita": "Pizzo di Mezzo", "sigla": "040-6PM-037", "pericolo": "n.c.", "n_dsg": 4, "data_dsg": "2026-01-09", "ngurs_dsg": 4, "dgurs_dsg": "2026-01-23", "cls_dissesti_attivita": "Attivo", "col_dissesti_attivita": "#ff0000", "bor_dissesti_attivita": "#000000", "cls_dissesti_tipologia": "Crollo e/o ribaltamento", "col_dissesti_tipologia": "#000000", "bor_dissesti_tipologia": "#000000", "pat_dissesti_tipologia": "pai-dissesti_tipologia-0", "sup_ha": 0.1418}}, {"type": "Feature", "geometry": {"type": "Polygon", "coordinates": [[[13.341474, 38.175466], [13.341612, 38.17534], [13.34175, 38.175193], [13.341889, 38.175056], [13.341998, 38.174994], [13.342092, 38.175027], [13.342103, 38.175123], [13.342088, 38.175208], [13.342017, 38.175356], [13.341892, 38.175525], [13.341739, 38.175694], [13.341519, 38.175872], [13.341353, 38.176061], [13.3412, 38.17623], [13.341007, 38.176398], [13.340789, 38.176501], [13.340585, 38.176573], [13.340474, 38.176667], [13.340308, 38.176868], [13.340182, 38.177026], [13.340045, 38.177152], [13.33984, 38.177245], [13.339621, 38.177359], [13.339428, 38.177527], [13.339275, 38.177727], [13.339233, 38.177812], [13.339203, 38.17794], [13.33909, 38.178141], [13.338993, 38.178246], [13.338845, 38.178244], [13.338888, 38.178116], [13.338973, 38.177958], [13.33906, 38.177692], [13.339173, 38.177459], [13.339311, 38.177312], [13.339422, 38.177207], [13.339694, 38.177115], [13.339899, 38.177011], [13.34005, 38.176907], [13.340121, 38.176769], [13.340274, 38.176547], [13.34044, 38.176411], [13.340563, 38.176317], [13.340768, 38.176213], [13.34096, 38.17612], [13.341097, 38.175994], [13.341251, 38.175761], [13.34139, 38.175614], [13.341474, 38.175466]]]}, "properties": {"pai_nmr": "040", "bacino": "Area tra F. Oreto e Punta Raisi", "provincia": "PA", "comune": "Palermo", "localita": "W di Pizzo di Mezzo", "sigla": "040-6PM-038", "n_dpr": 91, "data_dpr": "2007-03-27", "pericolo": "n.c.", "ngurs": "26", "dgurs": "2007-06-08", "cls_dissesti_attivita": "Attivo", "col_dissesti_attivita": "#ff0000", "bor_dissesti_attivita": "#000000", "cls_dissesti_tipologia": "Crollo e/o ribaltamento", "col_dissesti_tipologia": "#000000", "bor_dissesti_tipologia": "#000000", "pat_dissesti_tipologia": "pai-dissesti_tipologia-0", "sup_ha": 1.0663}}, {"type": "Feature", "geometry": {"type": "Polygon", "coordinates": [[[13.359554, 38.172879], [13.359544, 38.172876], [13.359474, 38.172835], [13.359454, 38.172821], [13.35942, 38.172798], [13.359425, 38.172763], [13.359466, 38.172759], [13.359521, 38.172788], [13.359621, 38.172829], [13.359696, 38.17285], [13.359741, 38.172858], [13.359892, 38.17293], [13.359896, 38.172932], [13.359901, 38.172939], [13.35994, 38.172985], [13.360009, 38.173041], [13.360084, 38.173086], [13.360102, 38.173093], [13.360139, 38.173107], [13.360178, 38.173143], [13.360198, 38.173179], [13.360212, 38.173235], [13.360224, 38.173261], [13.360236, 38.173279], [13.360437, 38.173437], [13.3606, 38.173564], [13.360824, 38.173651], [13.361048, 38.173797], [13.361249, 38.173895], [13.361391, 38.173974], [13.36149, 38.174077], [13.3615, 38.174083], [13.361553, 38.174105], [13.361584, 38.174113], [13.361604, 38.174141], [13.361654, 38.174162], [13.361772, 38.174211], [13.361895, 38.174298], [13.361918, 38.174317], [13.361922, 38.17433], [13.361953, 38.174348], [13.362006, 38.174379], [13.36205, 38.174431], [13.362014, 38.174474], [13.361954, 38.174474], [13.361873, 38.174435], [13.361859, 38.174428], [13.361779, 38.1744], [13.361729, 38.174363], [13.361653, 38.174386], [13.361641, 38.174469], [13.361675, 38.174519], [13.36169, 38.174555], [13.361699, 38.174577], [13.361709, 38.174615], [13.361778, 38.174685], [13.361836, 38.174758], [13.361877, 38.174848], [13.361901, 38.174896], [13.361929, 38.174951], [13.36197, 38.175054], [13.361989, 38.175093], [13.362006, 38.175115], [13.362085, 38.175214], [13.362126, 38.175304], [13.36214, 38.175411], [13.362095, 38.175477], [13.362093, 38.175479], [13.362007, 38.175481], [13.361968, 38.175413], [13.361899, 38.175325], [13.36186, 38.175268], [13.361769, 38.175295], [13.361726, 38.175406], [13.361658, 38.17552], [13.361545, 38.175622], [13.361542, 38.175624], [13.361453, 38.175661], [13.361281, 38.175694], [13.36118, 38.175685], [13.361055, 38.175635], [13.36099, 38.175611], [13.360946, 38.175554], [13.360987, 38.175536], [13.361056, 38.175549], [13.361218, 38.17556], [13.361365, 38.175519], [13.361485, 38.175474], [13.361568, 38.175386], [13.361574, 38.175361], [13.361594, 38.175355], [13.361635, 38.175284], [13.361653, 38.175174], [13.361682, 38.175114], [13.361721, 38.175055], [13.361722, 38.175052], [13.361761, 38.174966], [13.36174, 38.174915], [13.361676, 38.174888], [13.361618, 38.174849], [13.361492, 38.174801], [13.361489, 38.1748], [13.361413, 38.17482], [13.361392, 38.174825], [13.361321, 38.174799], [13.361302, 38.174763], [13.361404, 38.174721], [13.36144, 38.174689], [13.361446, 38.174622], [13.361443, 38.174546], [13.361445, 38.174467], [13.361456, 38.174403], [13.361463, 38.174319], [13.361399, 38.174259], [13.361301, 38.174337], [13.361225, 38.174376], [13.36115, 38.174339], [13.361071, 38.17427], [13.361112, 38.174231], [13.361208, 38.17422], [13.361279, 38.174194], [13.36127, 38.17415], [13.361196, 38.174069], [13.361188, 38.174062], [13.361142, 38.174024], [13.361137, 38.17401], [13.361123, 38.173964], [13.361053, 38.173916], [13.360954, 38.173859], [13.360834, 38.173825], [13.360659, 38.173759], [13.360652, 38.173759], [13.360514, 38.173673], [13.360471, 38.173654], [13.36045, 38.173637], [13.360421, 38.173557], [13.360368, 38.173472], [13.360294, 38.173412], [13.360287, 38.173406], [13.360283, 38.173403], [13.360179, 38.173338], [13.360135, 38.173266], [13.360102, 38.173194], [13.360062, 38.173138], [13.359977, 38.173117], [13.359882, 38.173071], [13.359876, 38.17307], [13.359768, 38.172956], [13.35958, 38.172894], [13.359554, 38.172879]]]}, "properties": {"pai_nmr": "040", "bacino": "Area tra F. Oreto e Punta Raisi", "provincia": "PA", "comune": "Palermo", "localita": "Statua di Rosalia", "sigla": "040-6PM-002", "pericolo": "n.c.", "n_dsg": 4, "data_dsg": "2026-01-09", "ngurs_dsg": 4, "dgurs_dsg": "2026-01-23", "cls_dissesti_attivita": "Attivo", "col_dissesti_attivita": "#ff0000", "bor_dissesti_attivita": "#000000", "cls_dissesti_tipologia": "Crollo e/o ribaltamento", "col_dissesti_tipologia": "#000000", "bor_dissesti_tipologia": "#000000", "pat_dissesti_tipologia": "pai-dissesti_tipologia-0", "sup_ha": 0.8407}}, {"type": "Feature", "geometry": {"type": "Polygon", "coordinates": [[[13.359509, 38.174152], [13.359488, 38.174031], [13.359494, 38.173976], [13.359481, 38.173894], [13.359434, 38.173796], [13.359391, 38.173726], [13.359392, 38.173724], [13.359387, 38.173717], [13.359408, 38.173621], [13.359401, 38.173512], [13.359308, 38.173444], [13.359235, 38.173408], [13.359113, 38.173379], [13.358999, 38.173374], [13.35893, 38.173392], [13.35893, 38.173393], [13.358843, 38.173384], [13.358827, 38.173371], [13.358738, 38.173355], [13.358645, 38.173353], [13.358611, 38.173361], [13.35858, 38.173368], [13.358516, 38.17339], [13.358442, 38.173386], [13.358379, 38.17335], [13.358251, 38.173305], [13.358205, 38.173284], [13.358154, 38.173261], [13.358096, 38.173221], [13.357998, 38.173185], [13.357964, 38.173169], [13.35792, 38.173149], [13.357822, 38.173128], [13.357842, 38.173081], [13.357946, 38.173061], [13.357951, 38.17306], [13.357954, 38.173056], [13.358015, 38.173088], [13.358122, 38.173124], [13.358249, 38.173184], [13.358313, 38.17322], [13.3584, 38.173268], [13.358528, 38.173278], [13.358651, 38.173276], [13.358751, 38.173246], [13.358869, 38.173236], [13.359032, 38.173242], [13.359037, 38.173236], [13.3592, 38.17324], [13.359366, 38.173259], [13.359393, 38.173318], [13.359454, 38.173344], [13.359501, 38.173443], [13.359561, 38.173607], [13.359642, 38.173733], [13.359689, 38.173862], [13.35974, 38.173968], [13.359768, 38.174054], [13.359781, 38.174152], [13.359817, 38.174277], [13.359877, 38.17433], [13.359928, 38.174376], [13.360026, 38.174424], [13.360153, 38.174492], [13.360176, 38.174554], [13.360111, 38.174588], [13.360032, 38.174575], [13.359979, 38.174528], [13.359912, 38.174473], [13.359875, 38.174459], [13.359853, 38.174441], [13.359821, 38.174438], [13.359794, 38.174436], [13.35975, 38.174435], [13.359671, 38.174446], [13.359607, 38.174433], [13.359544, 38.174362], [13.359512, 38.174276], [13.35952, 38.174229], [13.359528, 38.174187], [13.359516, 38.174172], [13.359509, 38.174152]]]}, "properties": {"pai_nmr": "040", "bacino": "Area tra F. Oreto e Punta Raisi", "provincia": "PA", "comune": "Palermo", "localita": "Statua di Rosalia", "sigla": "040-6PM-003", "pericolo": "n.c.", "n_dsg": 4, "data_dsg": "2026-01-09", "ngurs_dsg": 4, "dgurs_dsg": "2026-01-23", "cls_dissesti_attivita": "Attivo", "col_dissesti_attivita": "#ff0000", "bor_dissesti_attivita": "#000000", "cls_dissesti_tipologia": "Crollo e/o ribaltamento", "col_dissesti_tipologia": "#000000", "bor_dissesti_tipologia": "#000000", "pat_dissesti_tipologia": "pai-dissesti_tipologia-0", "sup_ha": 0.4609}}, {"type": "Feature", "geometry": {"type": "Polygon", "coordinates": [[[13.363108, 38.168832], [13.363122, 38.168795], [13.363134, 38.168749], [13.363145, 38.168709], [13.363183, 38.168658], [13.363185, 38.168658], [13.363293, 38.168637], [13.363297, 38.168639], [13.363347, 38.168638], [13.363384, 38.168649], [13.363408, 38.168691], [13.363412, 38.168719], [13.363411, 38.168767], [13.363421, 38.16882], [13.363436, 38.168875], [13.36344, 38.168924], [13.363439, 38.168976], [13.363402, 38.169041], [13.363356, 38.169077], [13.363282, 38.169069], [13.363272, 38.169065], [13.363199, 38.169037], [13.363166, 38.168992], [13.363145, 38.168941], [13.36314, 38.16893], [13.363123, 38.168877], [13.363119, 38.168861], [13.363116, 38.168859], [13.363108, 38.168832]]]}, "properties": {"pai_nmr": "040", "bacino": "Area tra F. Oreto e Punta Raisi", "provincia": "PA", "comune": "Palermo", "localita": "ESE di Pizzo Monaco", "sigla": "040-6PM-004", "pericolo": "n.c.", "n_dsg": 4, "data_dsg": "2026-01-09", "ngurs_dsg": 4, "dgurs_dsg": "2026-01-23", "cls_dissesti_attivita": "Attivo", "col_dissesti_attivita": "#ff0000", "bor_dissesti_attivita": "#000000", "cls_dissesti_tipologia": "Crollo e/o ribaltamento", "col_dissesti_tipologia": "#000000", "bor_dissesti_tipologia": "#000000", "pat_dissesti_tipologia": "pai-dissesti_tipologia-0", "sup_ha": 0.1106}}, {"type": "Feature", "geometry": {"type": "Polygon", "coordinates": [[[13.363893, 38.15906], [13.363704, 38.159078], [13.363417, 38.159229], [13.363252, 38.159437], [13.363193, 38.159675], [13.363151, 38.159969], [13.363359, 38.160197], [13.36351, 38.160249], [13.363571, 38.16027], [13.363693, 38.16037], [13.363866, 38.160583], [13.363791, 38.160792], [13.363699, 38.160918], [13.363612, 38.160975], [13.363428, 38.161096], [13.363374, 38.161152], [13.363156, 38.161317], [13.363026, 38.161568], [13.36295, 38.161653], [13.362539, 38.161884], [13.362373, 38.162177], [13.362439, 38.162374], [13.362538, 38.162713], [13.362559, 38.162771], [13.362589, 38.162854], [13.362941, 38.162999], [13.363093, 38.163123], [13.363116, 38.163142], [13.363344, 38.163272], [13.363498, 38.16354], [13.363421, 38.163792], [13.363275, 38.163973], [13.363042, 38.164068], [13.362598, 38.164033], [13.362116, 38.164097], [13.361615, 38.16423], [13.361427, 38.164301], [13.36124, 38.164323], [13.360722, 38.164414], [13.360694, 38.164423], [13.360471, 38.164495], [13.360325, 38.164662], [13.360304, 38.164802], [13.360385, 38.165154], [13.360755, 38.165313], [13.361198, 38.16539], [13.361443, 38.165548], [13.361438, 38.165772], [13.3614, 38.165912], [13.361142, 38.166288], [13.361005, 38.166875], [13.360993, 38.167381], [13.36098, 38.167956], [13.361043, 38.168336], [13.361112, 38.16844], [13.361058, 38.168477], [13.361196, 38.168675], [13.361425, 38.168735], [13.361745, 38.168767], [13.361814, 38.168776], [13.3621, 38.168814], [13.362366, 38.168832], [13.362504, 38.169031], [13.36247, 38.169053], [13.362377, 38.169113], [13.362267, 38.169294], [13.362139, 38.169433], [13.361992, 38.169627], [13.361758, 38.169778], [13.361542, 38.169902], [13.361324, 38.170067], [13.361234, 38.170122], [13.361154, 38.170514], [13.361272, 38.170825], [13.361264, 38.171162], [13.361348, 38.171401], [13.361772, 38.171548], [13.362055, 38.171594], [13.362088, 38.171637], [13.36213, 38.171692], [13.362228, 38.171821], [13.362452, 38.172147], [13.362475, 38.172158], [13.362628, 38.172234], [13.362751, 38.172598], [13.362761, 38.172629], [13.362898, 38.172883], [13.362984, 38.172983], [13.36311, 38.172957], [13.3635, 38.172976], [13.363655, 38.173231], [13.363753, 38.173597], [13.363564, 38.174128], [13.363301, 38.174925], [13.363277, 38.174995], [13.363213, 38.175184], [13.363182, 38.175274], [13.362994, 38.175721], [13.362852, 38.176269], [13.362824, 38.176309], [13.362666, 38.176744], [13.362595, 38.176914], [13.362552, 38.177031], [13.362522, 38.177137], [13.362493, 38.177232], [13.362343, 38.177305], [13.362181, 38.177303], [13.362061, 38.177237], [13.362051, 38.177088], [13.362192, 38.176823], [13.362265, 38.176579], [13.362324, 38.176334], [13.362343, 38.1761], [13.36236, 38.175951], [13.362444, 38.175792], [13.362555, 38.175655], [13.362681, 38.175497], [13.362737, 38.175402], [13.362714, 38.175199], [13.362705, 38.175007], [13.362707, 38.1749], [13.362764, 38.174805], [13.362903, 38.174626], [13.363059, 38.174287], [13.363213, 38.174054], [13.36327, 38.173906], [13.363275, 38.173703], [13.363279, 38.173522], [13.36324, 38.173436], [13.363119, 38.173402], [13.36301, 38.173454], [13.363009, 38.173455], [13.362922, 38.173403], [13.362584, 38.17337], [13.362582, 38.173357], [13.362609, 38.173267], [13.362612, 38.17315], [13.362546, 38.173053], [13.362454, 38.172945], [13.36232, 38.172922], [13.362211, 38.172963], [13.362117, 38.173011], [13.36197, 38.172999], [13.361935, 38.172996], [13.361758, 38.172952], [13.361492, 38.172892], [13.361351, 38.172848], [13.361052, 38.172717], [13.360775, 38.172376], [13.360765, 38.172366], [13.360601, 38.172191], [13.360653, 38.172003], [13.36084, 38.172038], [13.361029, 38.172051], [13.361179, 38.172], [13.361249, 38.171894], [13.361237, 38.171787], [13.361105, 38.171679], [13.361075, 38.171658], [13.361076, 38.171636], [13.360956, 38.171424], [13.360908, 38.17137], [13.360817, 38.171268], [13.360712, 38.171196], [13.360627, 38.17104], [13.360739, 38.170817], [13.360746, 38.170798], [13.360722, 38.170693], [13.360698, 38.170564], [13.360591, 38.17051], [13.360334, 38.170495], [13.36001, 38.170512], [13.359794, 38.170509], [13.35951, 38.170537], [13.359266, 38.170534], [13.35913, 38.170596], [13.359059, 38.170667], [13.359052, 38.170667], [13.358572, 38.170661], [13.35847, 38.170696], [13.358375, 38.170728], [13.35809, 38.170738], [13.35795, 38.170666], [13.358076, 38.170584], [13.358453, 38.170434], [13.358739, 38.17034], [13.359028, 38.170176], [13.359096, 38.17013], [13.35919, 38.170066], [13.359458, 38.170027], [13.359728, 38.169862], [13.359734, 38.169817], [13.359742, 38.169815], [13.359824, 38.169752], [13.35984, 38.169558], [13.359878, 38.169514], [13.360062, 38.169263], [13.360192, 38.169012], [13.360322, 38.168776], [13.360341, 38.16872], [13.360436, 38.16844], [13.360511, 38.168259], [13.360493, 38.168096], [13.360482, 38.167991], [13.360473, 38.16757], [13.360481, 38.167247], [13.360431, 38.167161], [13.360451, 38.167096], [13.360481, 38.166979], [13.36051, 38.166872], [13.360486, 38.166755], [13.36034, 38.166635], [13.360321, 38.166613], [13.360308, 38.166517], [13.360287, 38.16636], [13.360219, 38.166233], [13.360131, 38.166204], [13.360042, 38.166174], [13.359793, 38.166199], [13.359635, 38.166084], [13.359639, 38.165902], [13.359539, 38.165605], [13.359506, 38.165507], [13.359513, 38.165184], [13.359516, 38.165043], [13.359361, 38.164831], [13.35926, 38.164799], [13.359245, 38.164794], [13.359238, 38.164773], [13.359152, 38.164645], [13.359129, 38.164436], [13.359122, 38.164378], [13.359268, 38.164212], [13.359449, 38.16406], [13.35965, 38.163838], [13.359814, 38.163643], [13.360052, 38.163603], [13.360118, 38.163592], [13.36016, 38.163592], [13.360272, 38.163638], [13.360379, 38.163693], [13.360501, 38.163663], [13.360721, 38.163506], [13.360858, 38.163391], [13.360987, 38.163385], [13.361048, 38.163338], [13.361358, 38.163005], [13.361574, 38.16291], [13.361828, 38.162689], [13.361869, 38.162408], [13.361881, 38.16236], [13.361937, 38.162132], [13.361948, 38.162087], [13.362098, 38.161752], [13.362262, 38.161619], [13.362292, 38.161491], [13.362431, 38.161333], [13.362515, 38.161185], [13.362584, 38.161101], [13.362656, 38.160931], [13.362686, 38.160772], [13.362729, 38.160666], [13.362749, 38.160606], [13.362747, 38.160553], [13.362753, 38.160259], [13.362797, 38.159908], [13.362837, 38.159764], [13.362893, 38.159558], [13.362907, 38.159468], [13.362914, 38.159418], [13.363044, 38.159167], [13.363176, 38.15886], [13.363465, 38.158654], [13.363762, 38.158548], [13.36377, 38.158546], [13.364219, 38.158355], [13.364468, 38.158317], [13.364737, 38.158236], [13.364766, 38.158223], [13.365096, 38.158073], [13.365328, 38.158034], [13.365642, 38.158012], [13.36572, 38.157978], [13.365802, 38.157904], [13.365953, 38.1578], [13.366022, 38.157747], [13.366199, 38.157696], [13.366374, 38.157731], [13.36671, 38.157768], [13.366802, 38.157793], [13.366899, 38.157789], [13.36722, 38.157751], [13.367413, 38.157852], [13.367374, 38.157992], [13.36723, 38.158088], [13.367069, 38.158128], [13.366972, 38.158118], [13.366767, 38.158096], [13.366429, 38.158105], [13.365823, 38.158195], [13.365232, 38.158341], [13.364642, 38.158502], [13.364372, 38.158666], [13.364047, 38.158995], [13.363893, 38.15906]]]}, "properties": {"pai_nmr": "040", "bacino": "Area tra F. Oreto e Punta Raisi", "provincia": "PA", "comune": "Palermo", "localita": "Pizzo Volo d'Aquila-Pizzo Monaco", "sigla": "040-6PM-006", "pericolo": "n.c.", "n_dsg": 4, "data_dsg": "2026-01-09", "ngurs_dsg": 4, "dgurs_dsg": "2026-01-23", "cls_dissesti_attivita": "Attivo", "col_dissesti_attivita": "#ff0000", "bor_dissesti_attivita": "#000000", "cls_dissesti_tipologia": "Crollo e/o ribaltamento", "col_dissesti_tipologia": "#000000", "bor_dissesti_tipologia": "#000000", "pat_dissesti_tipologia": "pai-dissesti_tipologia-0", "sup_ha": 20.5553}}, {"type": "Feature", "geometry": {"type": "Polygon", "coordinates": [[[13.364443, 38.152255], [13.364444, 38.152251], [13.364433, 38.152184], [13.364454, 38.15213], [13.364511, 38.152081], [13.364523, 38.152013], [13.364497, 38.151942], [13.364497, 38.151941], [13.364505, 38.151874], [13.364514, 38.151771], [13.364502, 38.151692], [13.364531, 38.151651], [13.36461, 38.151658], [13.36462, 38.151669], [13.364633, 38.151715], [13.364631, 38.151797], [13.36463, 38.151807], [13.364633, 38.15187], [13.364631, 38.151958], [13.364611, 38.152096], [13.364567, 38.152277], [13.364574, 38.152498], [13.364574, 38.152499], [13.364573, 38.152502], [13.364562, 38.152524], [13.364562, 38.152525], [13.364528, 38.152794], [13.364497, 38.153188], [13.364438, 38.153533], [13.364438, 38.153567], [13.36443, 38.153909], [13.3644, 38.15425], [13.364395, 38.154478], [13.364393, 38.154584], [13.364391, 38.154666], [13.364477, 38.154846], [13.364652, 38.15511], [13.364829, 38.155327], [13.365003, 38.155628], [13.365302, 38.155775], [13.365555, 38.155946], [13.365775, 38.156223], [13.365904, 38.156546], [13.365998, 38.156659], [13.366068, 38.156697], [13.366176, 38.156875], [13.36631, 38.157143], [13.366498, 38.157274], [13.366603, 38.157368], [13.366721, 38.157596], [13.366735, 38.157734], [13.3667, 38.15773], [13.366671, 38.157735], [13.366523, 38.157712], [13.366361, 38.157709], [13.366172, 38.157685], [13.366156, 38.157672], [13.366012, 38.15767], [13.365955, 38.157479], [13.365932, 38.157447], [13.365884, 38.157381], [13.365673, 38.157276], [13.36561, 38.157241], [13.36549, 38.157176], [13.365296, 38.157098], [13.365262, 38.157084], [13.36506, 38.156855], [13.364867, 38.156693], [13.364674, 38.15654], [13.36458, 38.156485], [13.364575, 38.156485], [13.364432, 38.156392], [13.364232, 38.156272], [13.364213, 38.156265], [13.364183, 38.156233], [13.364065, 38.156027], [13.364021, 38.155844], [13.364009, 38.155797], [13.363942, 38.155517], [13.363939, 38.155507], [13.363938, 38.155506], [13.363943, 38.155309], [13.363961, 38.155106], [13.364033, 38.154894], [13.36401, 38.154723], [13.364015, 38.15452], [13.363969, 38.154125], [13.36403, 38.153838], [13.36408, 38.153423], [13.364141, 38.153115], [13.364164, 38.152678], [13.364277, 38.152466], [13.364443, 38.152255]]]}, "properties": {"pai_nmr": "040", "bacino": "Area tra F. Oreto e Punta Raisi", "provincia": "PA", "comune": "Palermo", "localita": "Pizzo Grattarola", "sigla": "040-6PM-007", "pericolo": "n.c.", "n_dsg": 4, "data_dsg": "2026-01-09", "ngurs_dsg": 4, "dgurs_dsg": "2026-01-23", "cls_dissesti_attivita": "Attivo", "col_dissesti_attivita": "#ff0000", "bor_dissesti_attivita": "#000000", "cls_dissesti_tipologia": "Crollo e/o ribaltamento", "col_dissesti_tipologia": "#000000", "bor_dissesti_tipologia": "#000000", "pat_dissesti_tipologia": "pai-dissesti_tipologia-0", "sup_ha": 3.9324}}, {"type": "Feature", "geometry": {"type": "Polygon", "coordinates": [[[13.362063, 38.154034], [13.362118, 38.154051], [13.362182, 38.154104], [13.362195, 38.154168], [13.36217, 38.154245], [13.362169, 38.154285], [13.362132, 38.154292], [13.362074, 38.154326], [13.361974, 38.154369], [13.361818, 38.154426], [13.361861, 38.154378], [13.361942, 38.154339], [13.362041, 38.154314], [13.362047, 38.154309], [13.362073, 38.154287], [13.362125, 38.154243], [13.362135, 38.154229], [13.362144, 38.154172], [13.362132, 38.154134], [13.362113, 38.154094], [13.362083, 38.154052], [13.362063, 38.154034]]]}, "properties": {"pai_nmr": "040", "bacino": "Area tra F. Oreto e Punta Raisi", "provincia": "PA", "comune": "Palermo", "localita": "W di Pizzo Grattarola", "sigla": "040-6PM-012", "pericolo": "n.c.", "n_dsg": 4, "data_dsg": "2026-01-09", "ngurs_dsg": 4, "dgurs_dsg": "2026-01-23", "cls_dissesti_attivita": "Attivo", "col_dissesti_attivita": "#ff0000", "bor_dissesti_attivita": "#000000", "cls_dissesti_tipologia": "Crollo e/o ribaltamento", "col_dissesti_tipologia": "#000000", "bor_dissesti_tipologia": "#000000", "pat_dissesti_tipologia": "pai-dissesti_tipologia-0", "sup_ha": 0.0219}}, {"type": "Feature", "geometry": {"type": "Polygon", "coordinates": [[[13.362336, 38.153163], [13.362341, 38.15315], [13.362357, 38.153127], [13.362359, 38.153124], [13.362367, 38.15312], [13.362388, 38.15311], [13.362406, 38.153102], [13.362421, 38.153095], [13.362447, 38.153097], [13.362453, 38.153123], [13.362444, 38.153148], [13.362431, 38.153173], [13.362426, 38.1532], [13.362425, 38.153204], [13.36242, 38.153231], [13.362407, 38.153285], [13.362396, 38.153315], [13.362396, 38.153316], [13.36235, 38.153367], [13.362265, 38.153411], [13.362265, 38.153412], [13.362256, 38.153414], [13.362184, 38.153428], [13.362132, 38.153437], [13.362093, 38.153439], [13.362102, 38.153416], [13.362106, 38.153412], [13.362141, 38.153386], [13.362242, 38.153333], [13.362303, 38.153281], [13.362326, 38.15322], [13.362335, 38.153164], [13.362336, 38.153163]]]}, "properties": {"pai_nmr": "040", "bacino": "Area tra F. Oreto e Punta Raisi", "provincia": "PA", "comune": "Palermo", "localita": "W di Pizzo Grattarola", "sigla": "040-6PM-014", "pericolo": "n.c.", "n_dsg": 4, "data_dsg": "2026-01-09", "ngurs_dsg": 4, "dgurs_dsg": "2026-01-23", "cls_dissesti_attivita": "Attivo", "col_dissesti_attivita": "#ff0000", "bor_dissesti_attivita": "#000000", "cls_dissesti_tipologia": "Crollo e/o ribaltamento", "col_dissesti_tipologia": "#000000", "bor_dissesti_tipologia": "#000000", "pat_dissesti_tipologia": "pai-dissesti_tipologia-0", "sup_ha": 0.0381}}, {"type": "Feature", "geometry": {"type": "Polygon", "coordinates": [[[13.364136, 38.151174], [13.364182, 38.151174], [13.364194, 38.151186], [13.364298, 38.151188], [13.364474, 38.15116], [13.364611, 38.151158], [13.364631, 38.151154], [13.364632, 38.151156], [13.364785, 38.151143], [13.364977, 38.15107], [13.365131, 38.150997], [13.365228, 38.150952], [13.365247, 38.150943], [13.365364, 38.150835], [13.36553, 38.150757], [13.365618, 38.150714], [13.36564, 38.150703], [13.365711, 38.150629], [13.365751, 38.150559], [13.365753, 38.150545], [13.36576, 38.150541], [13.365785, 38.150488], [13.365792, 38.150387], [13.365786, 38.150204], [13.365835, 38.150123], [13.365858, 38.150103], [13.36586, 38.150093], [13.365923, 38.150016], [13.365905, 38.149944], [13.365958, 38.149926], [13.366, 38.149961], [13.365961, 38.150044], [13.365963, 38.150124], [13.365932, 38.150232], [13.36592, 38.150337], [13.365919, 38.150399], [13.365937, 38.150426], [13.365944, 38.150442], [13.365987, 38.150547], [13.365994, 38.150655], [13.365996, 38.150748], [13.365995, 38.150807], [13.365995, 38.150812], [13.365946, 38.150886], [13.365943, 38.150885], [13.365896, 38.150947], [13.365897, 38.150949], [13.365839, 38.151034], [13.365766, 38.151122], [13.365674, 38.151188], [13.36555, 38.151272], [13.365326, 38.151344], [13.365253, 38.15141], [13.365058, 38.15146], [13.365006, 38.151481], [13.364726, 38.151504], [13.364627, 38.151495], [13.364586, 38.151472], [13.364551, 38.151476], [13.364472, 38.151452], [13.364378, 38.151425], [13.364251, 38.15139], [13.364144, 38.151378], [13.364064, 38.15138], [13.364024, 38.15138], [13.363941, 38.151369], [13.363882, 38.151353], [13.363783, 38.151316], [13.363713, 38.151289], [13.363706, 38.151287], [13.363609, 38.151252], [13.363504, 38.151259], [13.363496, 38.15126], [13.363399, 38.151249], [13.363321, 38.151256], [13.363206, 38.151306], [13.363034, 38.151334], [13.363014, 38.151334], [13.3629, 38.151337], [13.362696, 38.151364], [13.362599, 38.151438], [13.362579, 38.151451], [13.362496, 38.151502], [13.362374, 38.151571], [13.362253, 38.151599], [13.362112, 38.151622], [13.362, 38.151676], [13.36199, 38.151681], [13.361939, 38.151709], [13.361894, 38.151734], [13.361893, 38.151733], [13.361862, 38.15175], [13.36163, 38.151843], [13.36152, 38.151948], [13.361436, 38.152085], [13.361365, 38.152152], [13.361368, 38.152214], [13.361284, 38.152288], [13.361149, 38.152361], [13.361056, 38.152396], [13.361047, 38.1524], [13.360994, 38.152479], [13.360972, 38.152615], [13.360989, 38.15271], [13.361094, 38.152822], [13.3611, 38.152879], [13.361105, 38.152922], [13.361083, 38.153022], [13.361024, 38.153142], [13.360971, 38.153217], [13.360945, 38.153255], [13.360936, 38.153351], [13.360902, 38.153446], [13.360831, 38.153516], [13.360702, 38.153584], [13.36065, 38.153674], [13.360629, 38.153759], [13.360596, 38.153818], [13.360531, 38.153858], [13.360379, 38.153845], [13.360265, 38.153839], [13.360196, 38.153838], [13.360098, 38.153859], [13.360086, 38.153866], [13.360045, 38.153991], [13.359905, 38.154024], [13.359758, 38.154042], [13.359683, 38.154006], [13.359741, 38.153982], [13.359887, 38.153964], [13.359977, 38.15393], [13.359984, 38.15388], [13.359983, 38.153878], [13.359953, 38.153839], [13.359974, 38.153774], [13.360041, 38.15375], [13.360121, 38.153721], [13.360152, 38.153726], [13.360325, 38.153719], [13.36048, 38.153606], [13.360641, 38.153468], [13.360716, 38.153278], [13.360839, 38.153165], [13.360938, 38.15298], [13.360835, 38.152788], [13.360755, 38.152637], [13.360752, 38.152502], [13.360752, 38.152501], [13.360753, 38.1525], [13.360799, 38.152401], [13.36096, 38.152278], [13.361115, 38.152175], [13.36124, 38.151996], [13.36137, 38.151858], [13.361487, 38.151739], [13.36161, 38.15166], [13.361777, 38.151562], [13.361816, 38.151507], [13.361843, 38.151468], [13.361895, 38.151378], [13.362004, 38.151345], [13.362024, 38.151349], [13.362156, 38.151377], [13.362289, 38.151409], [13.362499, 38.151367], [13.362576, 38.151333], [13.362686, 38.151269], [13.362795, 38.151225], [13.362845, 38.15119], [13.36286, 38.151188], [13.36297, 38.151126], [13.36308, 38.151042], [13.363242, 38.151023], [13.36339, 38.151068], [13.363604, 38.151156], [13.36394, 38.151203], [13.363982, 38.151186], [13.364015, 38.151197], [13.364136, 38.151174]]]}, "properties": {"pai_nmr": "040", "bacino": "Area tra F. Oreto e Punta Raisi", "provincia": "PA", "comune": "Palermo", "localita": "S di Pizzo Grattarola", "sigla": "040-6PM-016", "pericolo": "n.c.", "n_dsg": 4, "data_dsg": "2026-01-09", "ngurs_dsg": 4, "dgurs_dsg": "2026-01-23", "cls_dissesti_attivita": "Attivo", "col_dissesti_attivita": "#ff0000", "bor_dissesti_attivita": "#000000", "cls_dissesti_tipologia": "Crollo e/o ribaltamento", "col_dissesti_tipologia": "#000000", "bor_dissesti_tipologia": "#000000", "pat_dissesti_tipologia": "pai-dissesti_tipologia-0", "sup_ha": 1.8222}}, {"type": "Feature", "geometry": {"type": "Polygon", "coordinates": [[[13.358877, 38.154195], [13.358746, 38.15441], [13.358655, 38.154553], [13.358597, 38.154615], [13.35857, 38.154589], [13.35861, 38.154475], [13.358716, 38.154299], [13.358818, 38.154116], [13.358888, 38.153951], [13.358931, 38.153867], [13.35894, 38.153863], [13.359041, 38.153692], [13.359145, 38.153558], [13.359225, 38.153456], [13.359229, 38.153409], [13.359255, 38.153139], [13.359377, 38.152878], [13.359453, 38.152592], [13.359487, 38.152464], [13.359488, 38.152209], [13.359488, 38.152194], [13.359488, 38.152079], [13.359364, 38.151753], [13.359124, 38.151377], [13.35883, 38.151061], [13.358713, 38.151009], [13.358661, 38.150985], [13.358468, 38.150976], [13.358344, 38.150956], [13.35837, 38.150859], [13.358387, 38.15085], [13.358473, 38.15072], [13.358505, 38.150683], [13.358587, 38.150632], [13.358599, 38.150642], [13.358996, 38.150886], [13.359322, 38.151202], [13.359597, 38.151683], [13.359703, 38.152167], [13.359725, 38.15254], [13.359729, 38.152589], [13.359676, 38.152731], [13.359669, 38.152859], [13.359668, 38.152867], [13.359622, 38.153058], [13.359552, 38.153289], [13.359431, 38.153461], [13.359325, 38.153585], [13.359314, 38.153599], [13.359153, 38.153796], [13.359033, 38.153942], [13.359014, 38.153988], [13.359009, 38.153985], [13.358998, 38.154008], [13.358969, 38.154034], [13.358877, 38.154195]]]}, "properties": {"pai_nmr": "040", "bacino": "Area tra F. Oreto e Punta Raisi", "provincia": "PA", "comune": "Palermo", "localita": "Via Monte Pellegrino", "sigla": "040-6PM-017", "pericolo": "n.c.", "n_dsg": 4, "data_dsg": "2026-01-09", "ngurs_dsg": 4, "dgurs_dsg": "2026-01-23", "cls_dissesti_attivita": "Attivo", "col_dissesti_attivita": "#ff0000", "bor_dissesti_attivita": "#000000", "cls_dissesti_tipologia": "Crollo e/o ribaltamento", "col_dissesti_tipologia": "#000000", "bor_dissesti_tipologia": "#000000", "pat_dissesti_tipologia": "pai-dissesti_tipologia-0", "sup_ha": 0.967}}, {"type": "Feature", "geometry": {"type": "Polygon", "coordinates": [[[13.359563, 38.158426], [13.359639, 38.158392], [13.359639, 38.158387], [13.359668, 38.158348], [13.359702, 38.158319], [13.359741, 38.158303], [13.359792, 38.158297], [13.359836, 38.158306], [13.359851, 38.158329], [13.359876, 38.158366], [13.359905, 38.158404], [13.359941, 38.158425], [13.360031, 38.158449], [13.360113, 38.158468], [13.360138, 38.158468], [13.3602, 38.158466], [13.360309, 38.158431], [13.360364, 38.158407], [13.360385, 38.158403], [13.360387, 38.158405], [13.360434, 38.158397], [13.360449, 38.158394], [13.360495, 38.158407], [13.360556, 38.158436], [13.360606, 38.158487], [13.360677, 38.158534], [13.360679, 38.158535], [13.360691, 38.158596], [13.360696, 38.158619], [13.360685, 38.158653], [13.360657, 38.158738], [13.360579, 38.158788], [13.360575, 38.158788], [13.360465, 38.1588], [13.360367, 38.158803], [13.360331, 38.158802], [13.360292, 38.158802], [13.360226, 38.158785], [13.360102, 38.158714], [13.360081, 38.158704], [13.360059, 38.158681], [13.35995, 38.158629], [13.359886, 38.158583], [13.359815, 38.158562], [13.359689, 38.158536], [13.359617, 38.158539], [13.359542, 38.158576], [13.35947, 38.158585], [13.359465, 38.158591], [13.359459, 38.158585], [13.359459, 38.158586], [13.359421, 38.158601], [13.359382, 38.15858], [13.359378, 38.158537], [13.359428, 38.158493], [13.359472, 38.158472], [13.359537, 38.158436], [13.359556, 38.158429], [13.359563, 38.158426]]]}, "properties": {"pai_nmr": "040", "bacino": "Area tra F. Oreto e Punta Raisi", "provincia": "PA", "comune": "Palermo", "localita": "N di Primo Pizzo", "sigla": "040-6PM-018", "pericolo": "n.c.", "n_dsg": 4, "data_dsg": "2026-01-09", "ngurs_dsg": 4, "dgurs_dsg": "2026-01-23", "cls_dissesti_attivita": "Attivo", "col_dissesti_attivita": "#ff0000", "bor_dissesti_attivita": "#000000", "cls_dissesti_tipologia": "Crollo e/o ribaltamento", "col_dissesti_tipologia": "#000000", "bor_dissesti_tipologia": "#000000", "pat_dissesti_tipologia": "pai-dissesti_tipologia-0", "sup_ha": 0.319}}, {"type": "Feature", "geometry": {"type": "Polygon", "coordinates": [[[13.355423, 38.159407], [13.35541, 38.15943], [13.355392, 38.159439], [13.355376, 38.159447], [13.355339, 38.159465], [13.355215, 38.159479], [13.35517, 38.159436], [13.355113, 38.1594], [13.355006, 38.159388], [13.354937, 38.159352], [13.354942, 38.159326], [13.354942, 38.159326], [13.354946, 38.159303], [13.355041, 38.159298], [13.355179, 38.159262], [13.355304, 38.159197], [13.355413, 38.159085], [13.355453, 38.159046], [13.35546, 38.159043], [13.355519, 38.158985], [13.355599, 38.158921], [13.355689, 38.158919], [13.355743, 38.158933], [13.355791, 38.158931], [13.355796, 38.15893], [13.355817, 38.158924], [13.355859, 38.158912], [13.355919, 38.158893], [13.355971, 38.158877], [13.356071, 38.15883], [13.356176, 38.15877], [13.356276, 38.158719], [13.35638, 38.158668], [13.35643, 38.15863], [13.356517, 38.158624], [13.356578, 38.158655], [13.356568, 38.158736], [13.356513, 38.15882], [13.356474, 38.158911], [13.356431, 38.158969], [13.356414, 38.158979], [13.356392, 38.158988], [13.356147, 38.159113], [13.356138, 38.159125], [13.356026, 38.159175], [13.355873, 38.159199], [13.355849, 38.159197], [13.355725, 38.159187], [13.355592, 38.159214], [13.355499, 38.15933], [13.355423, 38.159407]]]}, "properties": {"pai_nmr": "040", "bacino": "Area tra F. Oreto e Punta Raisi", "provincia": "PA", "comune": "Palermo", "localita": "N di Primo Pizzo", "sigla": "040-6PM-019", "pericolo": "n.c.", "n_dsg": 4, "data_dsg": "2026-01-09", "ngurs_dsg": 4, "dgurs_dsg": "2026-01-23", "cls_dissesti_attivita": "Attivo", "col_dissesti_attivita": "#ff0000", "bor_dissesti_attivita": "#000000", "cls_dissesti_tipologia": "Crollo e/o ribaltamento", "col_dissesti_tipologia": "#000000", "bor_dissesti_tipologia": "#000000", "pat_dissesti_tipologia": "pai-dissesti_tipologia-0", "sup_ha": 0.4219}}, {"type": "Feature", "geometry": {"type": "Polygon", "coordinates": [[[13.357648, 38.15859], [13.357693, 38.158544], [13.357713, 38.158484], [13.357738, 38.15845], [13.357782, 38.158436], [13.357892, 38.158476], [13.357923, 38.158494], [13.358035, 38.158478], [13.358143, 38.158348], [13.358329, 38.158316], [13.358535, 38.158226], [13.358716, 38.15816], [13.358809, 38.158172], [13.358839, 38.158231], [13.358757, 38.158288], [13.358627, 38.158296], [13.358538, 38.158397], [13.358425, 38.15844], [13.358301, 38.158453], [13.358225, 38.15853], [13.358087, 38.15864], [13.358062, 38.158666], [13.358041, 38.158742], [13.357939, 38.158868], [13.357775, 38.158974], [13.35777, 38.158976], [13.357538, 38.1591], [13.357292, 38.159225], [13.357141, 38.15934], [13.356935, 38.159465], [13.35673, 38.159601], [13.356607, 38.159674], [13.356496, 38.15979], [13.356385, 38.159905], [13.35626, 38.160064], [13.356161, 38.160254], [13.3561, 38.160332], [13.356099, 38.160333], [13.355942, 38.160443], [13.355735, 38.160543], [13.355529, 38.160623], [13.355323, 38.160718], [13.355202, 38.160868], [13.355056, 38.161041], [13.354994, 38.161324], [13.35491, 38.161484], [13.354939, 38.161572], [13.355008, 38.161663], [13.355029, 38.161701], [13.355064, 38.161789], [13.355086, 38.161902], [13.355177, 38.161981], [13.355156, 38.162079], [13.355103, 38.162234], [13.35512, 38.162318], [13.355173, 38.162416], [13.355274, 38.16245], [13.355365, 38.162424], [13.35539, 38.162405], [13.355427, 38.16241], [13.355439, 38.162435], [13.355438, 38.162471], [13.355451, 38.162479], [13.355387, 38.162571], [13.355368, 38.16258], [13.355368, 38.16258], [13.35532, 38.162629], [13.355311, 38.162638], [13.35529, 38.162731], [13.355307, 38.162791], [13.355319, 38.162834], [13.355347, 38.162942], [13.355308, 38.163039], [13.355258, 38.163063], [13.3552, 38.163064], [13.355128, 38.163075], [13.354997, 38.163108], [13.354954, 38.163158], [13.354892, 38.16323], [13.354889, 38.163233], [13.354708, 38.163285], [13.354706, 38.163278], [13.354685, 38.163284], [13.354658, 38.163303], [13.35455, 38.163343], [13.354452, 38.163379], [13.354304, 38.163377], [13.354306, 38.163269], [13.354376, 38.163182], [13.354391, 38.163055], [13.354352, 38.162884], [13.354386, 38.162733], [13.354414, 38.162611], [13.354428, 38.162533], [13.354531, 38.162378], [13.354627, 38.162233], [13.354715, 38.162141], [13.354718, 38.162009], [13.354719, 38.16199], [13.354716, 38.161848], [13.354737, 38.161721], [13.354723, 38.16154], [13.354706, 38.161457], [13.354707, 38.161422], [13.35471, 38.161291], [13.354718, 38.161178], [13.354776, 38.161109], [13.354802, 38.161033], [13.354858, 38.160966], [13.354875, 38.160946], [13.354923, 38.160888], [13.355019, 38.160762], [13.355034, 38.160645], [13.355153, 38.160549], [13.355322, 38.160493], [13.355447, 38.160431], [13.355566, 38.16035], [13.355687, 38.160234], [13.355831, 38.160163], [13.355963, 38.160062], [13.355998, 38.159862], [13.356069, 38.159726], [13.356189, 38.159625], [13.356395, 38.159555], [13.356431, 38.159554], [13.356625, 38.159472], [13.356927, 38.159252], [13.356951, 38.159235], [13.357004, 38.159158], [13.357012, 38.159075], [13.35712, 38.158984], [13.357301, 38.158898], [13.357365, 38.158806], [13.357503, 38.158705], [13.357553, 38.158692], [13.357648, 38.15859]]]}, "properties": {"pai_nmr": "040", "bacino": "Area tra F. Oreto e Punta Raisi", "provincia": "PA", "comune": "Palermo", "localita": "N di Primo Pizzo", "sigla": "040-6PM-020", "pericolo": "n.c.", "n_dsg": 4, "data_dsg": "2026-01-09", "ngurs_dsg": 4, "dgurs_dsg": "2026-01-23", "cls_dissesti_attivita": "Attivo", "col_dissesti_attivita": "#ff0000", "bor_dissesti_attivita": "#000000", "cls_dissesti_tipologia": "Crollo e/o ribaltamento", "col_dissesti_tipologia": "#000000", "bor_dissesti_tipologia": "#000000", "pat_dissesti_tipologia": "pai-dissesti_tipologia-0", "sup_ha": 2.4024}}, {"type": "Feature", "geometry": {"type": "Polygon", "coordinates": [[[13.358208, 38.159714], [13.35824, 38.159686], [13.358349, 38.159656], [13.358484, 38.159647], [13.358673, 38.159671], [13.358768, 38.159661], [13.358785, 38.159645], [13.358812, 38.159572], [13.358865, 38.159412], [13.358912, 38.15919], [13.359111, 38.159076], [13.359309, 38.159029], [13.359516, 38.158877], [13.359756, 38.158852], [13.359923, 38.158932], [13.360125, 38.159018], [13.360172, 38.159091], [13.360136, 38.159157], [13.359968, 38.159122], [13.359701, 38.159124], [13.359449, 38.159191], [13.359396, 38.159219], [13.359362, 38.159329], [13.359302, 38.159328], [13.359178, 38.159422], [13.359086, 38.159565], [13.35902, 38.159702], [13.358905, 38.159823], [13.358663, 38.159925], [13.358556, 38.160023], [13.358385, 38.160104], [13.358352, 38.160095], [13.358238, 38.160063], [13.358091, 38.160034], [13.358032, 38.159999], [13.357974, 38.159965], [13.357969, 38.15986], [13.358097, 38.159778], [13.358208, 38.159714]]]}, "properties": {"pai_nmr": "040", "bacino": "Area tra F. Oreto e Punta Raisi", "provincia": "PA", "comune": "Palermo", "localita": "N di Primo Pizzo", "sigla": "040-6PM-021", "pericolo": "n.c.", "n_dsg": 4, "data_dsg": "2026-01-09", "ngurs_dsg": 4, "dgurs_dsg": "2026-01-23", "cls_dissesti_attivita": "Attivo", "col_dissesti_attivita": "#ff0000", "bor_dissesti_attivita": "#000000", "cls_dissesti_tipologia": "Crollo e/o ribaltamento", "col_dissesti_tipologia": "#000000", "bor_dissesti_tipologia": "#000000", "pat_dissesti_tipologia": "pai-dissesti_tipologia-0", "sup_ha": 0.6741}}, {"type": "Feature", "geometry": {"type": "Polygon", "coordinates": [[[13.354348, 38.150206], [13.354362, 38.150204], [13.354493, 38.150116], [13.354591, 38.150046], [13.354764, 38.149968], [13.354867, 38.149906], [13.354932, 38.149873], [13.354964, 38.149857], [13.35511, 38.149795], [13.355118, 38.149786], [13.355263, 38.149628], [13.355346, 38.149616], [13.355516, 38.14959], [13.355723, 38.149622], [13.355883, 38.149675], [13.356064, 38.14972], [13.356228, 38.149794], [13.356277, 38.149972], [13.356342, 38.150163], [13.356393, 38.150316], [13.356449, 38.150401], [13.356672, 38.150476], [13.356858, 38.150542], [13.357013, 38.150561], [13.35717, 38.150475], [13.357418, 38.150398], [13.357712, 38.150372], [13.357905, 38.150375], [13.358108, 38.150403], [13.358294, 38.150448], [13.358359, 38.150473], [13.358453, 38.150509], [13.358478, 38.150586], [13.35845, 38.150653], [13.3584, 38.150741], [13.358366, 38.150808], [13.358326, 38.150909], [13.358302, 38.150909], [13.358236, 38.150911], [13.358198, 38.150911], [13.35819, 38.150903], [13.358103, 38.150855], [13.357985, 38.150845], [13.35776, 38.150888], [13.357593, 38.150941], [13.357447, 38.150984], [13.357442, 38.150985], [13.357196, 38.150961], [13.357005, 38.150928], [13.356808, 38.150892], [13.356792, 38.15089], [13.356538, 38.150855], [13.35653, 38.150854], [13.356413, 38.150801], [13.35634, 38.150767], [13.35605, 38.150784], [13.355983, 38.150798], [13.355981, 38.150798], [13.355841, 38.150828], [13.355587, 38.150917], [13.355447, 38.150978], [13.355397, 38.151075], [13.355421, 38.151174], [13.35542, 38.151219], [13.355392, 38.15129], [13.355325, 38.151386], [13.355318, 38.151483], [13.355311, 38.151559], [13.355281, 38.151681], [13.355263, 38.151707], [13.355199, 38.151794], [13.355116, 38.151916], [13.355097, 38.152055], [13.355079, 38.152135], [13.355039, 38.152214], [13.355125, 38.152288], [13.355144, 38.152305], [13.355239, 38.152374], [13.355339, 38.152459], [13.355346, 38.152479], [13.35537, 38.15249], [13.355427, 38.152547], [13.355441, 38.152562], [13.355474, 38.152651], [13.355504, 38.152728], [13.355523, 38.152817], [13.355543, 38.152902], [13.355547, 38.152925], [13.355525, 38.152969], [13.35549, 38.153095], [13.355466, 38.15323], [13.355462, 38.15339], [13.35546, 38.153483], [13.355437, 38.153563], [13.355409, 38.153626], [13.355305, 38.153718], [13.355305, 38.153722], [13.355143, 38.153875], [13.354986, 38.154135], [13.354816, 38.154427], [13.354835, 38.154439], [13.354892, 38.154476], [13.355028, 38.15451], [13.355052, 38.154517], [13.355205, 38.154565], [13.355403, 38.154613], [13.35546, 38.154674], [13.355474, 38.154793], [13.355402, 38.154897], [13.355372, 38.15502], [13.355317, 38.155091], [13.35532, 38.155181], [13.355296, 38.15521], [13.355139, 38.155278], [13.35494, 38.155349], [13.354808, 38.155449], [13.354733, 38.155567], [13.354673, 38.155718], [13.354693, 38.155869], [13.354695, 38.155882], [13.354637, 38.155934], [13.354528, 38.155916], [13.354535, 38.155794], [13.354537, 38.155753], [13.354551, 38.155577], [13.354576, 38.155421], [13.354579, 38.155274], [13.354557, 38.155073], [13.354574, 38.155052], [13.354619, 38.155023], [13.354705, 38.155024], [13.354791, 38.155056], [13.354807, 38.155057], [13.354808, 38.155056], [13.354842, 38.155059], [13.354911, 38.155064], [13.354997, 38.155079], [13.355003, 38.155075], [13.355006, 38.155076], [13.355066, 38.15507], [13.355071, 38.155033], [13.355029, 38.155015], [13.355004, 38.155013], [13.354947, 38.154997], [13.354849, 38.154941], [13.354787, 38.154852], [13.354685, 38.154779], [13.354635, 38.154713], [13.354603, 38.154667], [13.35448, 38.154537], [13.354312, 38.154214], [13.354235, 38.154021], [13.354092, 38.153785], [13.353949, 38.153527], [13.353792, 38.153311], [13.353624, 38.15301], [13.35341, 38.152615], [13.353376, 38.152575], [13.353262, 38.152275], [13.353257, 38.151834], [13.353288, 38.151679], [13.353278, 38.151566], [13.353364, 38.151322], [13.353571, 38.151144], [13.353697, 38.150954], [13.353864, 38.150732], [13.354003, 38.150563], [13.354127, 38.150426], [13.354265, 38.150322], [13.354348, 38.150206]]]}, "properties": {"pai_nmr": "040", "bacino": "Area tra F. Oreto e Punta Raisi", "provincia": "PA", "comune": "Palermo", "localita": "Primo Pizzo", "sigla": "040-6PM-022", "pericolo": "n.c.", "n_dsg": 4, "data_dsg": "2026-01-09", "ngurs_dsg": 4, "dgurs_dsg": "2026-01-23", "cls_dissesti_attivita": "Attivo", "col_dissesti_attivita": "#ff0000", "bor_dissesti_attivita": "#000000", "cls_dissesti_tipologia": "Crollo e/o ribaltamento", "col_dissesti_tipologia": "#000000", "bor_dissesti_tipologia": "#000000", "pat_dissesti_tipologia": "pai-dissesti_tipologia-0", "sup_ha": 9.5213}}, {"type": "Feature", "geometry": {"type": "Polygon", "coordinates": [[[13.337113, 38.179293], [13.337104, 38.179291], [13.337025, 38.179428], [13.337026, 38.179475], [13.337029, 38.17956], [13.33704, 38.179687], [13.337016, 38.179808], [13.336976, 38.180016], [13.336924, 38.180159], [13.336839, 38.180298], [13.336837, 38.180301], [13.336839, 38.180304], [13.336836, 38.180433], [13.336765, 38.180581], [13.33668, 38.180772], [13.33665, 38.18091], [13.336653, 38.180924], [13.336634, 38.180953], [13.336621, 38.181223], [13.336589, 38.181362], [13.336559, 38.181492], [13.336457, 38.181689], [13.336416, 38.181725], [13.3363, 38.18183], [13.336136, 38.181981], [13.336049, 38.182134], [13.336223, 38.182153], [13.336377, 38.182112], [13.336406, 38.182101], [13.336575, 38.182037], [13.336776, 38.182062], [13.336858, 38.182168], [13.336889, 38.182306], [13.336859, 38.182394], [13.336763, 38.182343], [13.33666, 38.182264], [13.336459, 38.182217], [13.336353, 38.182268], [13.336304, 38.182292], [13.336157, 38.182318], [13.33599, 38.182288], [13.335917, 38.182234], [13.335859, 38.182192], [13.335913, 38.181989], [13.336014, 38.181886], [13.336056, 38.181843], [13.336184, 38.181723], [13.336221, 38.181614], [13.336253, 38.181465], [13.336298, 38.181334], [13.336302, 38.181152], [13.33629, 38.181034], [13.336285, 38.180981], [13.336309, 38.180923], [13.336373, 38.180768], [13.33637, 38.180752], [13.336427, 38.180598], [13.336431, 38.180427], [13.336353, 38.180309], [13.336347, 38.180299], [13.336303, 38.180189], [13.336277, 38.180067], [13.336267, 38.179907], [13.336368, 38.179788], [13.33639, 38.179749], [13.336476, 38.179602], [13.336566, 38.179366], [13.336586, 38.179322], [13.336632, 38.179224], [13.33676, 38.179088], [13.336826, 38.17894], [13.336848, 38.178837], [13.336886, 38.178754], [13.336804, 38.178698], [13.336732, 38.178642], [13.336667, 38.178591], [13.336798, 38.17834], [13.336854, 38.178283], [13.336962, 38.178171], [13.337028, 38.178029], [13.337123, 38.177849], [13.337064, 38.177677], [13.337174, 38.177464], [13.337296, 38.177295], [13.337305, 38.17717], [13.337306, 38.177158], [13.337311, 38.17697], [13.337363, 38.1768], [13.337437, 38.176614], [13.337478, 38.176562], [13.337567, 38.176451], [13.337704, 38.176238], [13.337883, 38.176048], [13.337969, 38.175922], [13.338008, 38.175883], [13.338098, 38.175792], [13.33817, 38.175666], [13.338125, 38.175512], [13.338129, 38.175319], [13.338085, 38.175148], [13.338044, 38.175081], [13.338146, 38.174912], [13.338317, 38.174749], [13.338408, 38.174436], [13.338433, 38.174244], [13.338461, 38.174192], [13.338528, 38.174069], [13.33856, 38.173956], [13.338581, 38.173883], [13.338654, 38.17374], [13.338804, 38.173561], [13.338853, 38.173489], [13.338912, 38.173403], [13.339012, 38.173316], [13.339064, 38.173163], [13.33917, 38.17312], [13.339223, 38.173258], [13.339333, 38.173315], [13.339437, 38.173321], [13.339457, 38.173322], [13.339472, 38.173322], [13.339475, 38.173316], [13.339579, 38.173285], [13.339689, 38.173191], [13.339812, 38.173129], [13.339854, 38.173065], [13.33996, 38.173163], [13.340021, 38.173207], [13.34001, 38.173292], [13.339917, 38.173417], [13.339734, 38.173486], [13.339574, 38.173462], [13.339372, 38.173442], [13.339268, 38.173397], [13.339035, 38.17352], [13.338934, 38.173662], [13.338824, 38.173903], [13.338764, 38.174094], [13.338683, 38.174292], [13.338665, 38.174489], [13.338674, 38.174699], [13.338675, 38.174902], [13.338701, 38.174937], [13.338841, 38.175175], [13.338833, 38.175211], [13.3388, 38.17536], [13.338742, 38.175517], [13.338604, 38.175629], [13.33844, 38.175663], [13.338328, 38.175811], [13.338243, 38.175968], [13.338112, 38.176145], [13.337999, 38.176322], [13.337858, 38.176549], [13.337801, 38.176684], [13.337802, 38.176707], [13.337808, 38.176784], [13.337842, 38.176849], [13.337912, 38.176986], [13.337871, 38.177171], [13.33787, 38.177174], [13.337882, 38.177207], [13.337823, 38.17743], [13.337684, 38.177577], [13.337547, 38.177692], [13.337437, 38.177765], [13.33738, 38.177892], [13.337376, 38.177908], [13.337366, 38.177913], [13.337322, 38.177972], [13.337321, 38.177972], [13.337321, 38.177973], [13.337286, 38.178198], [13.337292, 38.178278], [13.337297, 38.178365], [13.337339, 38.17852], [13.337358, 38.178604], [13.337337, 38.178632], [13.337336, 38.178634], [13.337347, 38.178755], [13.337344, 38.178877], [13.337344, 38.178893], [13.337313, 38.179002], [13.337316, 38.179016], [13.337313, 38.179027], [13.337292, 38.179078], [13.33726, 38.179123], [13.337218, 38.179177], [13.337168, 38.179244], [13.337113, 38.179293]]]}, "properties": {"pai_nmr": "040", "bacino": "Area tra F. Oreto e Punta Raisi", "provincia": "PA", "comune": "Palermo", "localita": "Colle d'Addaura", "sigla": "040-6PM-040", "pericolo": "n.c.", "n_dsg": 4, "data_dsg": "2026-01-09", "ngurs_dsg": 4, "dgurs_dsg": "2026-01-23", "cls_dissesti_attivita": "Attivo", "col_dissesti_attivita": "#ff0000", "bor_dissesti_attivita": "#000000", "cls_dissesti_tipologia": "Crollo e/o ribaltamento", "col_dissesti_tipologia": "#000000", "bor_dissesti_tipologia": "#000000", "pat_dissesti_tipologia": "pai-dissesti_tipologia-0", "sup_ha": 3.9781}}, {"type": "Feature", "geometry": {"type": "Polygon", "coordinates": [[[13.338949, 38.185029], [13.338978, 38.184876], [13.339028, 38.184662], [13.339086, 38.184436], [13.339032, 38.184155], [13.338984, 38.18391], [13.338892, 38.183635], [13.338889, 38.183462], [13.338975, 38.183338], [13.339081, 38.183225], [13.339091, 38.183214], [13.339088, 38.18321], [13.339139, 38.18311], [13.339254, 38.182824], [13.339317, 38.182678], [13.339331, 38.182604], [13.339352, 38.182371], [13.339357, 38.182133], [13.339242, 38.181875], [13.339173, 38.181606], [13.339175, 38.181505], [13.33919, 38.181505], [13.339246, 38.181684], [13.339295, 38.181852], [13.339375, 38.18202], [13.339487, 38.182075], [13.339628, 38.182167], [13.339603, 38.182286], [13.339502, 38.18238], [13.339454, 38.182504], [13.339438, 38.182546], [13.339434, 38.182562], [13.339405, 38.182688], [13.339386, 38.182716], [13.339355, 38.182902], [13.339305, 38.183074], [13.339234, 38.183228], [13.33921, 38.183277], [13.339118, 38.183334], [13.339017, 38.18343], [13.338956, 38.183487], [13.338946, 38.183606], [13.339031, 38.183851], [13.339038, 38.183878], [13.339043, 38.1839], [13.339086, 38.184073], [13.339113, 38.184234], [13.339147, 38.184377], [13.339121, 38.184538], [13.33908, 38.184675], [13.339078, 38.184758], [13.339018, 38.184977], [13.339008, 38.184992], [13.338949, 38.185029]]]}, "properties": {"pai_nmr": "040", "bacino": "Area tra F. Oreto e Punta Raisi", "provincia": "PA", "comune": "Palermo", "localita": "NW di Colle d'Addaura", "sigla": "040-6PM-041", "pericolo": "n.c.", "n_dsg": 4, "data_dsg": "2026-01-09", "ngurs_dsg": 4, "dgurs_dsg": "2026-01-23", "cls_dissesti_attivita": "Attivo", "col_dissesti_attivita": "#ff0000", "bor_dissesti_attivita": "#000000", "cls_dissesti_tipologia": "Crollo e/o ribaltamento", "col_dissesti_tipologia": "#000000", "bor_dissesti_tipologia": "#000000", "pat_dissesti_tipologia": "pai-dissesti_tipologia-0", "sup_ha": 0.3306}}, {"type": "Feature", "geometry": {"type": "Polygon", "coordinates": [[[13.352093, 38.185574], [13.352115, 38.185634], [13.352095, 38.185649], [13.352167, 38.185981], [13.352355, 38.186198], [13.35269, 38.1864], [13.352951, 38.186455], [13.352978, 38.186483], [13.353125, 38.186517], [13.353215, 38.186518], [13.35322, 38.186514], [13.3533, 38.186471], [13.353427, 38.186365], [13.353622, 38.18627], [13.353872, 38.186237], [13.354052, 38.186294], [13.354186, 38.186349], [13.354353, 38.186477], [13.354436, 38.186605], [13.354478, 38.186616], [13.354551, 38.186774], [13.354693, 38.186973], [13.354836, 38.187172], [13.355, 38.187425], [13.355107, 38.18773], [13.355269, 38.188063], [13.355288, 38.188134], [13.3553, 38.188177], [13.355332, 38.188296], [13.355409, 38.188414], [13.355377, 38.188521], [13.35528, 38.188637], [13.355119, 38.188581], [13.355027, 38.188441], [13.354964, 38.18828], [13.354834, 38.188033], [13.354639, 38.187679], [13.354517, 38.187415], [13.35454, 38.187266], [13.354577, 38.187106], [13.35458, 38.186998], [13.354468, 38.186934], [13.354325, 38.186718], [13.354216, 38.186546], [13.354059, 38.186464], [13.353878, 38.186452], [13.353639, 38.186529], [13.3535, 38.186661], [13.353437, 38.186929], [13.353371, 38.187039], [13.353366, 38.187071], [13.35335, 38.187074], [13.353166, 38.187112], [13.353161, 38.187113], [13.352981, 38.187074], [13.352754, 38.18708], [13.35261, 38.186953], [13.352575, 38.186925], [13.35242, 38.186798], [13.352195, 38.186768], [13.351933, 38.186827], [13.351782, 38.186977], [13.35176, 38.186981], [13.351566, 38.187019], [13.351399, 38.186882], [13.351369, 38.18687], [13.351242, 38.186817], [13.351131, 38.186809], [13.351106, 38.186807], [13.350893, 38.186723], [13.350693, 38.186533], [13.350613, 38.186439], [13.350561, 38.186379], [13.350498, 38.186163], [13.35057, 38.185985], [13.350753, 38.185881], [13.350914, 38.185803], [13.35103, 38.185688], [13.351125, 38.185493], [13.351105, 38.185248], [13.351101, 38.185199], [13.351098, 38.185161], [13.3511, 38.185054], [13.351104, 38.184893], [13.351084, 38.184768], [13.351041, 38.184678], [13.350963, 38.184623], [13.350748, 38.18462], [13.350466, 38.184562], [13.350436, 38.184383], [13.350314, 38.184256], [13.350111, 38.184209], [13.349897, 38.184179], [13.349867, 38.184184], [13.349852, 38.184178], [13.349838, 38.184188], [13.349774, 38.184237], [13.349725, 38.184275], [13.349741, 38.184306], [13.349779, 38.184383], [13.349785, 38.184598], [13.349748, 38.18477], [13.349722, 38.184892], [13.349651, 38.185025], [13.349535, 38.185175], [13.349294, 38.185315], [13.348941, 38.185373], [13.34867, 38.185324], [13.348513, 38.18525], [13.348403, 38.185124], [13.3482, 38.185067], [13.347941, 38.18501], [13.347761, 38.184954], [13.347549, 38.184816], [13.347498, 38.184574], [13.347434, 38.184377], [13.347303, 38.184196], [13.347099, 38.184166], [13.346747, 38.184197], [13.34653, 38.184284], [13.346343, 38.18454], [13.346191, 38.184762], [13.346086, 38.184912], [13.346038, 38.185005], [13.346007, 38.185017], [13.345965, 38.184962], [13.345888, 38.184845], [13.345823, 38.184719], [13.345815, 38.184567], [13.345876, 38.18438], [13.345924, 38.184255], [13.346004, 38.184199], [13.346208, 38.184127], [13.34648, 38.184045], [13.346698, 38.183963], [13.346796, 38.18396], [13.34681, 38.183957], [13.34715, 38.183917], [13.347433, 38.18393], [13.347601, 38.18403], [13.347768, 38.184158], [13.347935, 38.184294], [13.348126, 38.184351], [13.348374, 38.18439], [13.34853, 38.184526], [13.348605, 38.184676], [13.34864, 38.184716], [13.348774, 38.184781], [13.348923, 38.184741], [13.349008, 38.184603], [13.349052, 38.184412], [13.348964, 38.184155], [13.348861, 38.183908], [13.348817, 38.183858], [13.348818, 38.183797], [13.348832, 38.183672], [13.348958, 38.183603], [13.349106, 38.183569], [13.349303, 38.183572], [13.349422, 38.183654], [13.349567, 38.183736], [13.349757, 38.183837], [13.349981, 38.183975], [13.350307, 38.184095], [13.350383, 38.184103], [13.350479, 38.184038], [13.350602, 38.184007], [13.350748, 38.184105], [13.351041, 38.184312], [13.351253, 38.184464], [13.351547, 38.184628], [13.351787, 38.184781], [13.351918, 38.184954], [13.352034, 38.185168], [13.352058, 38.185318], [13.352093, 38.185574]]]}, "properties": {"pai_nmr": "040", "bacino": "Area tra F. Oreto e Punta Raisi", "provincia": "PA", "comune": "Palermo", "localita": "Grotte d'Addaura", "sigla": "040-6PM-042", "pericolo": "n.c.", "n_dsg": 4, "data_dsg": "2026-01-09", "ngurs_dsg": 4, "dgurs_dsg": "2026-01-23", "cls_dissesti_attivita": "Attivo", "col_dissesti_attivita": "#ff0000", "bor_dissesti_attivita": "#000000", "cls_dissesti_tipologia": "Crollo e/o ribaltamento", "col_dissesti_tipologia": "#000000", "bor_dissesti_tipologia": "#000000", "pat_dissesti_tipologia": "pai-dissesti_tipologia-0", "sup_ha": 7.5851}}, {"type": "Feature", "geometry": {"type": "Polygon", "coordinates": [[[13.337523, 38.183471], [13.337494, 38.183567], [13.337518, 38.183706], [13.337597, 38.183813], [13.337741, 38.184007], [13.337887, 38.184105], [13.337898, 38.184233], [13.337896, 38.184329], [13.337841, 38.184361], [13.337721, 38.184306], [13.337548, 38.184175], [13.337375, 38.184055], [13.337271, 38.183894], [13.337206, 38.183765], [13.337194, 38.18369], [13.337143, 38.183562], [13.337201, 38.183403], [13.337269, 38.183361], [13.337337, 38.18333], [13.337406, 38.183288], [13.337449, 38.183172], [13.337465, 38.183054], [13.337522, 38.182938], [13.337617, 38.182897], [13.337726, 38.182877], [13.337764, 38.182973], [13.337736, 38.183037], [13.337654, 38.183089], [13.337585, 38.183141], [13.337556, 38.183237], [13.337581, 38.183312], [13.33758, 38.183376], [13.337523, 38.183471]]]}, "properties": {"pai_nmr": "040", "bacino": "Area tra F. Oreto e Punta Raisi", "provincia": "PA", "comune": "Palermo", "localita": "W di Pizzo Gorgo Rosso", "sigla": "040-6PM-043", "n_dpr": 91, "data_dpr": "2007-03-27", "pericolo": "n.c.", "ngurs": "26", "dgurs": "2007-06-08", "cls_dissesti_attivita": "Attivo", "col_dissesti_attivita": "#ff0000", "bor_dissesti_attivita": "#000000", "cls_dissesti_tipologia": "Crollo e/o ribaltamento", "col_dissesti_tipologia": "#000000", "bor_dissesti_tipologia": "#000000", "pat_dissesti_tipologia": "pai-dissesti_tipologia-0", "sup_ha": 0.4188}}, {"type": "Feature", "geometry": {"type": "Polygon", "coordinates": [[[13.336587, 38.183074], [13.336644, 38.182926], [13.336716, 38.182745], [13.336812, 38.182661], [13.336895, 38.182609], [13.337017, 38.182579], [13.337097, 38.182601], [13.337026, 38.182771], [13.336942, 38.182898], [13.336858, 38.183035], [13.33684, 38.183227], [13.336807, 38.183472], [13.336802, 38.183717], [13.336944, 38.183985], [13.337035, 38.184157], [13.337059, 38.184307], [13.33707, 38.184414], [13.337027, 38.184488], [13.336972, 38.184551], [13.336865, 38.184517], [13.336813, 38.184421], [13.336762, 38.18426], [13.336726, 38.184068], [13.336608, 38.183927], [13.336412, 38.183647], [13.336334, 38.183508], [13.336337, 38.18338], [13.336339, 38.183273], [13.33649, 38.18319], [13.336571, 38.183159], [13.336587, 38.183074]]]}, "properties": {"pai_nmr": "040", "bacino": "Area tra F. Oreto e Punta Raisi", "provincia": "PA", "comune": "Palermo", "localita": "W di Pizzo Gorgo Rosso", "sigla": "040-6PM-044", "n_dpr": 91, "data_dpr": "2007-03-27", "pericolo": "n.c.", "ngurs": "26", "dgurs": "2007-06-08", "cls_dissesti_attivita": "Attivo", "col_dissesti_attivita": "#ff0000", "bor_dissesti_attivita": "#000000", "cls_dissesti_tipologia": "Crollo e/o ribaltamento", "col_dissesti_tipologia": "#000000", "bor_dissesti_tipologia": "#000000", "pat_dissesti_tipologia": "pai-dissesti_tipologia-0", "sup_ha": 0.6115}}, {"type": "Feature", "geometry": {"type": "Polygon", "coordinates": [[[13.338844, 38.190694], [13.338866, 38.190651], [13.338868, 38.190533], [13.338871, 38.190416], [13.338842, 38.190289], [13.33889, 38.190171], [13.338881, 38.18999], [13.338988, 38.189759], [13.339047, 38.189502], [13.339004, 38.189309], [13.339044, 38.189089], [13.339126, 38.188903], [13.339094, 38.188716], [13.33911, 38.188545], [13.339081, 38.188384], [13.33908, 38.188242], [13.339112, 38.188127], [13.338901, 38.18789], [13.338798, 38.187696], [13.338762, 38.187504], [13.338766, 38.187312], [13.338907, 38.187047], [13.339007, 38.186825], [13.339107, 38.18657], [13.339375, 38.186255], [13.33936, 38.185989], [13.339456, 38.185723], [13.339552, 38.185429], [13.340163, 38.185115], [13.340417, 38.184931], [13.340498, 38.184719], [13.340548, 38.184505], [13.340597, 38.184327], [13.340633, 38.184203], [13.340663, 38.184076], [13.340612, 38.183968], [13.340643, 38.183798], [13.340646, 38.183649], [13.340738, 38.183448], [13.34087, 38.183262], [13.341072, 38.183222], [13.341163, 38.182987], [13.341169, 38.182633], [13.341223, 38.182612], [13.341262, 38.182687], [13.341234, 38.182762], [13.341272, 38.182858], [13.341269, 38.182975], [13.341252, 38.183146], [13.341221, 38.183327], [13.341178, 38.183443], [13.341137, 38.183443], [13.340974, 38.183472], [13.340904, 38.18361], [13.340872, 38.183802], [13.340894, 38.184015], [13.340985, 38.184198], [13.340953, 38.18441], [13.340923, 38.184527], [13.341062, 38.184753], [13.341068, 38.185013], [13.340862, 38.185241], [13.340416, 38.185469], [13.340156, 38.185615], [13.339854, 38.185802], [13.339783, 38.185951], [13.339763, 38.186238], [13.339731, 38.186483], [13.339724, 38.18675], [13.339635, 38.187132], [13.339564, 38.18727], [13.339463, 38.187374], [13.339459, 38.187548], [13.339436, 38.187696], [13.339428, 38.187908], [13.339366, 38.18804], [13.339435, 38.188244], [13.339458, 38.188367], [13.339273, 38.18856], [13.339287, 38.188825], [13.339347, 38.189101], [13.339288, 38.189302], [13.339203, 38.189504], [13.3392, 38.1896], [13.33925, 38.189814], [13.339243, 38.19008], [13.339156, 38.190378], [13.33915, 38.190612], [13.339065, 38.190781], [13.339049, 38.19092], [13.339111, 38.191134], [13.339056, 38.191275], [13.339024, 38.19141], [13.339, 38.191583], [13.339002, 38.191772], [13.338917, 38.191963], [13.338931, 38.192101], [13.338921, 38.192201], [13.338894, 38.192368], [13.338919, 38.192475], [13.338867, 38.192603], [13.33883, 38.192767], [13.338725, 38.192898], [13.338677, 38.193197], [13.338676, 38.193439], [13.338567, 38.193566], [13.338544, 38.193862], [13.338497, 38.194123], [13.338537, 38.194349], [13.338517, 38.194513], [13.338649, 38.194641], [13.338614, 38.194711], [13.338485, 38.194828], [13.338237, 38.194824], [13.338079, 38.194678], [13.337988, 38.194491], [13.337942, 38.194271], [13.338051, 38.19429], [13.338154, 38.194274], [13.338287, 38.194213], [13.338233, 38.194351], [13.338289, 38.194438], [13.338334, 38.194421], [13.338386, 38.194382], [13.338417, 38.194337], [13.338419, 38.194238], [13.338327, 38.194119], [13.338276, 38.19399], [13.338361, 38.193832], [13.338327, 38.193689], [13.338437, 38.193529], [13.338412, 38.193358], [13.338417, 38.193174], [13.338378, 38.193086], [13.338399, 38.192884], [13.338508, 38.192725], [13.338511, 38.192586], [13.338555, 38.192438], [13.338676, 38.192188], [13.338834, 38.191707], [13.338867, 38.191324], [13.338851, 38.190953], [13.338844, 38.190694]]]}, "properties": {"pai_nmr": "040", "bacino": "Area tra F. Oreto e Punta Raisi", "provincia": "PA", "comune": "Palermo", "localita": "Pizzo Croce di S. Pantaleo-Pizzo", "sigla": "040-6PM-156", "pericolo": "n.c.", "n_dsg": 4, "data_dsg": "2026-01-09", "ngurs_dsg": 4, "dgurs_dsg": "2026-01-23", "cls_dissesti_attivita": "Attivo", "col_dissesti_attivita": "#ff0000", "bor_dissesti_attivita": "#000000", "cls_dissesti_tipologia": "Crollo e/o ribaltamento", "col_dissesti_tipologia": "#000000", "bor_dissesti_tipologia": "#000000", "pat_dissesti_tipologia": "pai-dissesti_tipologia-0", "sup_ha": 4.3806}}, {"type": "Feature", "geometry": {"type": "Polygon", "coordinates": [[[13.338414, 38.189359], [13.338425, 38.189316], [13.338426, 38.189256], [13.338424, 38.18922], [13.33837, 38.189152], [13.33836, 38.189143], [13.338325, 38.189108], [13.338286, 38.189094], [13.338173, 38.189054], [13.338063, 38.189024], [13.338065, 38.189018], [13.338021, 38.188993], [13.337927, 38.188943], [13.337853, 38.188903], [13.337776, 38.18885], [13.337676, 38.188808], [13.337592, 38.188763], [13.337495, 38.18871], [13.337369, 38.188643], [13.337253, 38.18859], [13.337133, 38.188534], [13.337046, 38.188492], [13.336984, 38.188457], [13.336981, 38.188454], [13.336975, 38.188452], [13.336958, 38.188445], [13.336921, 38.18843], [13.336886, 38.188411], [13.336841, 38.188392], [13.336798, 38.188369], [13.336751, 38.188351], [13.336699, 38.188332], [13.336651, 38.188311], [13.336612, 38.188291], [13.336539, 38.188254], [13.336495, 38.188232], [13.336459, 38.188218], [13.336452, 38.188214], [13.336437, 38.188208], [13.336436, 38.188197], [13.33644, 38.188191], [13.336454, 38.188187], [13.33646, 38.18819], [13.336468, 38.188194], [13.33647, 38.188195], [13.336473, 38.188197], [13.336485, 38.188206], [13.336486, 38.188205], [13.336493, 38.188209], [13.336535, 38.188239], [13.336576, 38.188262], [13.336601, 38.188276], [13.336676, 38.188308], [13.336742, 38.188337], [13.336824, 38.188359], [13.336911, 38.188388], [13.336993, 38.188415], [13.337074, 38.188436], [13.337133, 38.188453], [13.337213, 38.188468], [13.337234, 38.188469], [13.337265, 38.188477], [13.337415, 38.188513], [13.337596, 38.188572], [13.337706, 38.18861], [13.337852, 38.188658], [13.338011, 38.188709], [13.338137, 38.188757], [13.338269, 38.188842], [13.338359, 38.188915], [13.338453, 38.189001], [13.338471, 38.189035], [13.338525, 38.189085], [13.338563, 38.189119], [13.338624, 38.189161], [13.338664, 38.18917], [13.338706, 38.18918], [13.338794, 38.189189], [13.338881, 38.189206], [13.338819, 38.189239], [13.338801, 38.189238], [13.338773, 38.18926], [13.338712, 38.1893], [13.33865, 38.189341], [13.338619, 38.189377], [13.33855, 38.189435], [13.338475, 38.189434], [13.33843, 38.189386], [13.33843, 38.189384], [13.338414, 38.189359]]]}, "properties": {"pai_nmr": "040", "bacino": "Area tra F. Oreto e Punta Raisi", "provincia": "PA", "comune": "Palermo", "localita": "Pizzo Croce di S. Pantaleo", "sigla": "040-6PM-046", "pericolo": "n.c.", "n_dsg": 4, "data_dsg": "2026-01-09", "ngurs_dsg": 4, "dgurs_dsg": "2026-01-23", "cls_dissesti_attivita": "Attivo", "col_dissesti_attivita": "#ff0000", "bor_dissesti_attivita": "#000000", "cls_dissesti_tipologia": "Crollo e/o ribaltamento", "col_dissesti_tipologia": "#000000", "bor_dissesti_tipologia": "#000000", "pat_dissesti_tipologia": "pai-dissesti_tipologia-0", "sup_ha": 0.3707}}, {"type": "Feature", "geometry": {"type": "Polygon", "coordinates": [[[13.338675, 38.188116], [13.338795, 38.18822], [13.338806, 38.188303], [13.338732, 38.188333], [13.338707, 38.188343], [13.338686, 38.188334], [13.338587, 38.188294], [13.338506, 38.188209], [13.338364, 38.18813], [13.33834, 38.188133], [13.338229, 38.188066], [13.338142, 38.188], [13.337932, 38.187885], [13.337744, 38.187823], [13.337504, 38.187778], [13.337216, 38.187815], [13.337011, 38.187836], [13.336832, 38.187744], [13.336797, 38.187625], [13.336859, 38.187542], [13.336953, 38.187394], [13.337047, 38.187259], [13.337111, 38.187116], [13.337196, 38.186998], [13.337289, 38.186916], [13.337397, 38.18681], [13.33753, 38.186592], [13.337686, 38.186391], [13.337696, 38.186389], [13.337787, 38.18628], [13.337895, 38.186186], [13.338041, 38.186074], [13.338148, 38.185987], [13.338294, 38.185887], [13.338432, 38.185788], [13.338555, 38.185712], [13.338596, 38.185698], [13.338605, 38.185696], [13.33863, 38.185737], [13.338598, 38.18582], [13.338496, 38.185962], [13.338388, 38.186079], [13.33834, 38.186216], [13.338254, 38.18634], [13.338216, 38.186416], [13.338206, 38.186452], [13.338187, 38.186625], [13.338213, 38.186816], [13.338186, 38.187006], [13.338159, 38.187185], [13.338209, 38.187323], [13.338365, 38.187444], [13.338422, 38.18757], [13.338358, 38.187736], [13.338431, 38.18785], [13.338542, 38.187935], [13.338646, 38.188038], [13.338675, 38.188116]]]}, "properties": {"pai_nmr": "040", "bacino": "Area tra F. Oreto e Punta Raisi", "provincia": "PA", "comune": "Palermo", "localita": "Pizzo Croce di S. Pantaleo", "sigla": "040-6PM-047", "pericolo": "n.c.", "n_dsg": 4, "data_dsg": "2026-01-09", "ngurs_dsg": 4, "dgurs_dsg": "2026-01-23", "cls_dissesti_attivita": "Attivo", "col_dissesti_attivita": "#ff0000", "bor_dissesti_attivita": "#000000", "cls_dissesti_tipologia": "Crollo e/o ribaltamento", "col_dissesti_tipologia": "#000000", "bor_dissesti_tipologia": "#000000", "pat_dissesti_tipologia": "pai-dissesti_tipologia-0", "sup_ha": 1.9153}}, {"type": "Feature", "geometry": {"type": "Polygon", "coordinates": [[[13.350157, 38.167581], [13.350153, 38.167582], [13.350153, 38.167569], [13.350154, 38.167526], [13.350168, 38.167517], [13.350267, 38.167451], [13.35035, 38.167384], [13.350423, 38.167325], [13.350524, 38.167339], [13.350644, 38.167433], [13.350719, 38.167454], [13.350971, 38.167561], [13.350991, 38.16757], [13.351026, 38.167578], [13.351213, 38.167625], [13.351421, 38.167668], [13.351608, 38.167691], [13.351836, 38.167734], [13.352007, 38.167801], [13.352138, 38.167863], [13.352243, 38.167944], [13.352296, 38.168049], [13.352321, 38.168117], [13.352349, 38.16819], [13.352391, 38.168327], [13.352449, 38.168501], [13.352494, 38.168619], [13.352526, 38.16865], [13.352561, 38.168715], [13.352561, 38.168715], [13.352554, 38.168767], [13.35251, 38.168797], [13.352502, 38.168814], [13.352437, 38.168777], [13.352423, 38.168733], [13.352419, 38.168722], [13.352414, 38.168711], [13.352399, 38.168672], [13.352397, 38.168653], [13.35229, 38.168531], [13.352179, 38.168272], [13.352083, 38.168038], [13.352005, 38.167905], [13.351894, 38.167843], [13.351738, 38.167813], [13.351555, 38.167798], [13.351326, 38.167827], [13.351142, 38.167841], [13.351007, 38.167783], [13.35085, 38.167732], [13.350678, 38.167698], [13.350597, 38.167691], [13.350587, 38.167696], [13.350541, 38.167686], [13.350479, 38.167671], [13.350461, 38.167667], [13.350354, 38.167649], [13.350273, 38.16764], [13.350162, 38.167598], [13.350157, 38.167581]]]}, "properties": {"pai_nmr": "040", "bacino": "Area tra F. Oreto e Punta Raisi", "provincia": "PA", "comune": "Palermo", "localita": "Santuario di S. Rosalia", "sigla": "040-6PM-142", "pericolo": "n.c.", "n_dsg": 4, "data_dsg": "2026-01-09", "ngurs_dsg": 4, "dgurs_dsg": "2026-01-23", "cls_dissesti_attivita": "Attivo", "col_dissesti_attivita": "#ff0000", "bor_dissesti_attivita": "#000000", "cls_dissesti_tipologia": "Crollo e/o ribaltamento", "col_dissesti_tipologia": "#000000", "bor_dissesti_tipologia": "#000000", "pat_dissesti_tipologia": "pai-dissesti_tipologia-0", "sup_ha": 0.5101}}, {"type": "Feature", "geometry": {"type": "Polygon", "coordinates": [[[13.351038, 38.166604], [13.351046, 38.166636], [13.351085, 38.166785], [13.351128, 38.166898], [13.351201, 38.167051], [13.351307, 38.167093], [13.351318, 38.167105], [13.351402, 38.16715], [13.351395, 38.167218], [13.351365, 38.167224], [13.351342, 38.167228], [13.351309, 38.167233], [13.351277, 38.16722], [13.351221, 38.167197], [13.351218, 38.167196], [13.351168, 38.167151], [13.351035, 38.167122], [13.351032, 38.167121], [13.350856, 38.167038], [13.350765, 38.166967], [13.35076, 38.166964], [13.350741, 38.166949], [13.350687, 38.16686], [13.350685, 38.166835], [13.350684, 38.166828], [13.350679, 38.166775], [13.350691, 38.166687], [13.350708, 38.166595], [13.35072, 38.166507], [13.350728, 38.166407], [13.350678, 38.166346], [13.350641, 38.166284], [13.350634, 38.166273], [13.350629, 38.166265], [13.350635, 38.166234], [13.350652, 38.166141], [13.350689, 38.166078], [13.350691, 38.166075], [13.350758, 38.165962], [13.350801, 38.165949], [13.350815, 38.165931], [13.350874, 38.165918], [13.350917, 38.165908], [13.351029, 38.165898], [13.351168, 38.165828], [13.351344, 38.165658], [13.351638, 38.165445], [13.351815, 38.165275], [13.351975, 38.165153], [13.352042, 38.165073], [13.352048, 38.165066], [13.352103, 38.165024], [13.352121, 38.164983], [13.352178, 38.164931], [13.352291, 38.164901], [13.352282, 38.164914], [13.352222, 38.165008], [13.352123, 38.165115], [13.352099, 38.165172], [13.35207, 38.165243], [13.351966, 38.165337], [13.351812, 38.165407], [13.351734, 38.165471], [13.351656, 38.16555], [13.351603, 38.165661], [13.351539, 38.165781], [13.351488, 38.165859], [13.35141, 38.165899], [13.351307, 38.165942], [13.351306, 38.165943], [13.351224, 38.166025], [13.351114, 38.166168], [13.351025, 38.166303], [13.351002, 38.166431], [13.351034, 38.166576], [13.351041, 38.166591], [13.351038, 38.166604]]]}, "properties": {"pai_nmr": "040", "bacino": "Area tra F. Oreto e Punta Raisi", "provincia": "PA", "comune": "Palermo", "localita": "SW di Santuario di S. Rosalia", "sigla": "040-6PM-143", "pericolo": "n.c.", "n_dsg": 4, "data_dsg": "2026-01-09", "ngurs_dsg": 4, "dgurs_dsg": "2026-01-23", "cls_dissesti_attivita": "Attivo", "col_dissesti_attivita": "#ff0000", "bor_dissesti_attivita": "#000000", "cls_dissesti_tipologia": "Crollo e/o ribaltamento", "col_dissesti_tipologia": "#000000", "bor_dissesti_tipologia": "#000000", "pat_dissesti_tipologia": "pai-dissesti_tipologia-0", "sup_ha": 0.6792}}, {"type": "Feature", "geometry": {"type": "Polygon", "coordinates": [[[13.309702, 38.157721], [13.309705, 38.157713], [13.30983, 38.157678], [13.30997, 38.157631], [13.310019, 38.15751], [13.310023, 38.157356], [13.309967, 38.157347], [13.309911, 38.15731], [13.309875, 38.157247], [13.309847, 38.157145], [13.309853, 38.157041], [13.309878, 38.156954], [13.30991, 38.156874], [13.309965, 38.156789], [13.310035, 38.1567], [13.310111, 38.15665], [13.310185, 38.156589], [13.310179, 38.156514], [13.310151, 38.156421], [13.310153, 38.156317], [13.310159, 38.156218], [13.31018, 38.156129], [13.310219, 38.15607], [13.310285, 38.155985], [13.310311, 38.15586], [13.31029, 38.155779], [13.310236, 38.155662], [13.310227, 38.155569], [13.310248, 38.155459], [13.310282, 38.155399], [13.310285, 38.155377], [13.310332, 38.155254], [13.310336, 38.155248], [13.310368, 38.15518], [13.31037, 38.1551], [13.310353, 38.15501], [13.31034, 38.154917], [13.310319, 38.154839], [13.310295, 38.154737], [13.31026, 38.154641], [13.310228, 38.154539], [13.310178, 38.154437], [13.310134, 38.154344], [13.310106, 38.154257], [13.31004, 38.154191], [13.309985, 38.154112], [13.309983, 38.154111], [13.309929, 38.154064], [13.309893, 38.154], [13.309887, 38.153935], [13.309885, 38.153851], [13.309885, 38.153848], [13.309884, 38.153848], [13.309875, 38.153809], [13.309816, 38.153716], [13.309794, 38.15368], [13.309776, 38.153653], [13.309699, 38.153571], [13.309651, 38.15349], [13.309635, 38.153449], [13.309626, 38.153427], [13.309599, 38.153325], [13.309514, 38.153237], [13.309448, 38.153153], [13.309389, 38.15308], [13.309318, 38.153019], [13.309237, 38.152965], [13.309177, 38.152931], [13.3091, 38.152899], [13.30908, 38.152891], [13.309068, 38.152875], [13.309047, 38.152848], [13.308985, 38.152746], [13.308896, 38.152586], [13.308853, 38.152515], [13.308677, 38.152428], [13.308616, 38.15232], [13.308592, 38.152176], [13.308496, 38.152039], [13.308463, 38.151895], [13.308383, 38.151794], [13.308304, 38.151707], [13.308189, 38.151598], [13.30811, 38.151497], [13.308021, 38.151396], [13.307997, 38.151281], [13.307999, 38.151173], [13.307866, 38.151057], [13.307863, 38.151036], [13.307816, 38.150989], [13.307798, 38.150933], [13.307811, 38.150864], [13.307827, 38.150829], [13.30784, 38.150787], [13.30784, 38.150754], [13.307838, 38.150703], [13.307816, 38.150652], [13.30779, 38.150634], [13.307719, 38.150606], [13.307705, 38.150573], [13.307722, 38.150542], [13.307724, 38.150539], [13.307724, 38.150538], [13.307759, 38.150517], [13.30776, 38.150518], [13.307767, 38.150514], [13.307819, 38.150515], [13.307838, 38.150536], [13.307874, 38.150599], [13.307906, 38.150689], [13.307927, 38.150773], [13.30794, 38.150851], [13.307949, 38.150953], [13.307977, 38.151034], [13.308055, 38.151124], [13.308102, 38.151194], [13.3081, 38.151286], [13.308079, 38.15136], [13.30812, 38.151424], [13.30819, 38.15149], [13.308198, 38.151495], [13.308216, 38.151511], [13.308282, 38.15159], [13.308334, 38.15165], [13.308419, 38.151729], [13.308511, 38.151776], [13.308578, 38.15186], [13.308659, 38.151957], [13.308699, 38.152029], [13.308754, 38.15211], [13.308812, 38.152189], [13.30886, 38.152246], [13.308875, 38.152263], [13.308882, 38.152282], [13.308989, 38.152382], [13.309059, 38.152487], [13.309162, 38.15259], [13.309205, 38.152713], [13.309232, 38.152824], [13.309336, 38.152897], [13.309448, 38.152956], [13.309536, 38.153076], [13.309635, 38.153209], [13.309693, 38.153317], [13.309774, 38.153438], [13.309846, 38.153558], [13.309912, 38.153675], [13.309981, 38.153775], [13.310016, 38.153892], [13.31004, 38.153994], [13.310065, 38.154059], [13.310065, 38.15406], [13.310066, 38.15406], [13.310073, 38.15407], [13.310117, 38.154123], [13.310172, 38.15419], [13.310176, 38.154192], [13.310232, 38.154217], [13.310261, 38.154277], [13.310271, 38.154334], [13.31028, 38.154412], [13.31032, 38.154484], [13.31033, 38.154501], [13.310364, 38.154562], [13.310392, 38.15464], [13.310439, 38.154739], [13.310464, 38.15482], [13.31048, 38.154904], [13.310475, 38.154994], [13.310468, 38.155122], [13.310465, 38.155238], [13.310429, 38.155351], [13.310404, 38.155443], [13.310409, 38.155536], [13.310412, 38.155598], [13.310442, 38.155642], [13.310441, 38.155644], [13.310446, 38.155648], [13.310459, 38.155658], [13.310508, 38.155695], [13.310495, 38.155755], [13.310467, 38.155829], [13.310435, 38.155897], [13.310392, 38.155968], [13.310337, 38.156048], [13.31032, 38.156122], [13.310311, 38.156209], [13.310312, 38.156292], [13.310333, 38.156388], [13.31035, 38.156463], [13.310367, 38.156547], [13.310343, 38.156612], [13.310296, 38.15668], [13.310219, 38.156733], [13.310131, 38.156788], [13.310053, 38.156867], [13.310003, 38.156938], [13.310004, 38.157037], [13.310071, 38.157123], [13.310072, 38.157193], [13.310115, 38.157313], [13.310135, 38.157424], [13.310091, 38.157525], [13.31004, 38.157631], [13.309984, 38.157735], [13.309881, 38.157793], [13.309763, 38.157842], [13.309686, 38.157892], [13.30967, 38.157895], [13.309671, 38.157866], [13.309652, 38.157867], [13.309611, 38.157864], [13.309581, 38.15783], [13.309582, 38.157795], [13.309613, 38.157768], [13.30969, 38.157725], [13.309702, 38.157721]]]}, "properties": {"pai_nmr": "040", "bacino": "Area tra F. Oreto e Punta Raisi", "provincia": "PA", "comune": "Palermo", "localita": "Contrada Malaterra", "sigla": "040-6PM-048", "pericolo": "n.c.", "n_dsg": 4, "data_dsg": "2026-01-09", "ngurs_dsg": 4, "dgurs_dsg": "2026-01-23", "cls_dissesti_attivita": "Attivo", "col_dissesti_attivita": "#ff0000", "bor_dissesti_attivita": "#000000", "cls_dissesti_tipologia": "Crollo e/o ribaltamento", "col_dissesti_tipologia": "#000000", "bor_dissesti_tipologia": "#000000", "pat_dissesti_tipologia": "pai-dissesti_tipologia-0", "sup_ha": 1.1139}}, {"type": "Feature", "geometry": {"type": "Polygon", "coordinates": [[[13.305239, 38.152277], [13.305279, 38.152241], [13.305303, 38.152233], [13.305341, 38.152185], [13.305424, 38.152084], [13.305509, 38.151935], [13.305721, 38.151752], [13.305891, 38.151683], [13.305941, 38.151662], [13.306139, 38.151687], [13.306067, 38.151762], [13.306019, 38.151814], [13.305951, 38.151845], [13.305808, 38.151911], [13.305679, 38.152094], [13.305566, 38.152215], [13.305499, 38.152324], [13.305296, 38.152519], [13.305039, 38.152672], [13.304865, 38.152756], [13.3047, 38.152818], [13.304482, 38.15285], [13.304472, 38.152799], [13.304564, 38.152719], [13.304768, 38.152588], [13.304941, 38.152456], [13.305174, 38.152398], [13.305239, 38.152277]]]}, "properties": {"pai_nmr": "040", "bacino": "Area tra F. Oreto e Punta Raisi", "provincia": "PA", "comune": "Palermo", "localita": "Serbatoio Petrazzi", "sigla": "040-6PM-050", "pericolo": "n.c.", "n_dsg": 4, "data_dsg": "2026-01-09", "ngurs_dsg": 4, "dgurs_dsg": "2026-01-23", "cls_dissesti_attivita": "Attivo", "col_dissesti_attivita": "#ff0000", "bor_dissesti_attivita": "#000000", "cls_dissesti_tipologia": "Crollo e/o ribaltamento", "col_dissesti_tipologia": "#000000", "bor_dissesti_tipologia": "#000000", "pat_dissesti_tipologia": "pai-dissesti_tipologia-0", "sup_ha": 0.3603}}, {"type": "Feature", "geometry": {"type": "Polygon", "coordinates": [[[13.30448, 38.151668], [13.304501, 38.151654], [13.30451, 38.15162], [13.304594, 38.151514], [13.30466, 38.151422], [13.304824, 38.151374], [13.304943, 38.151333], [13.304952, 38.151338], [13.30505, 38.151385], [13.305027, 38.151431], [13.305003, 38.151477], [13.30495, 38.151493], [13.304937, 38.151502], [13.304866, 38.151532], [13.304654, 38.15168], [13.304461, 38.15182], [13.3044, 38.151877], [13.304368, 38.15189], [13.304203, 38.152002], [13.304029, 38.152064], [13.303865, 38.152078], [13.303811, 38.152082], [13.303749, 38.152024], [13.303851, 38.151933], [13.304016, 38.151856], [13.30417, 38.151828], [13.304198, 38.151823], [13.30429, 38.151753], [13.304291, 38.151742], [13.304356, 38.151703], [13.30448, 38.151668]]]}, "properties": {"pai_nmr": "040", "bacino": "Area tra F. Oreto e Punta Raisi", "provincia": "PA", "comune": "Palermo", "localita": "Serbatoio Petrazzi", "sigla": "040-6PM-051", "pericolo": "n.c.", "n_dsg": 4, "data_dsg": "2026-01-09", "ngurs_dsg": 4, "dgurs_dsg": "2026-01-23", "cls_dissesti_attivita": "Attivo", "col_dissesti_attivita": "#ff0000", "bor_dissesti_attivita": "#000000", "cls_dissesti_tipologia": "Crollo e/o ribaltamento", "col_dissesti_tipologia": "#000000", "bor_dissesti_tipologia": "#000000", "pat_dissesti_tipologia": "pai-dissesti_tipologia-0", "sup_ha": 0.2217}}, {"type": "Feature", "geometry": {"type": "Polygon", "coordinates": [[[13.304457, 38.149317], [13.304523, 38.149237], [13.304539, 38.149203], [13.304606, 38.149075], [13.30459, 38.148989], [13.304709, 38.148905], [13.304809, 38.148921], [13.304889, 38.148965], [13.304896, 38.149058], [13.304839, 38.149171], [13.304691, 38.149291], [13.304624, 38.149423], [13.304605, 38.149511], [13.304645, 38.149712], [13.304577, 38.149904], [13.304537, 38.150091], [13.304546, 38.150143], [13.304608, 38.150251], [13.304595, 38.15032], [13.304699, 38.150507], [13.304827, 38.15048], [13.304913, 38.150393], [13.304928, 38.150378], [13.304938, 38.150367], [13.304961, 38.150175], [13.304989, 38.150152], [13.305057, 38.150138], [13.305182, 38.150079], [13.305261, 38.150006], [13.305495, 38.149888], [13.305652, 38.149805], [13.305852, 38.149832], [13.306113, 38.149921], [13.306219, 38.15002], [13.306309, 38.150144], [13.30652, 38.150256], [13.306625, 38.150292], [13.306776, 38.150373], [13.306801, 38.150387], [13.306857, 38.150417], [13.30699, 38.15054], [13.307122, 38.150699], [13.307129, 38.150828], [13.306992, 38.150862], [13.306902, 38.150825], [13.306651, 38.150721], [13.306489, 38.150655], [13.306373, 38.150565], [13.306223, 38.150509], [13.306087, 38.150385], [13.305969, 38.15028], [13.305928, 38.150274], [13.305748, 38.150207], [13.305635, 38.150265], [13.305555, 38.150305], [13.30539, 38.15041], [13.305134, 38.150528], [13.304967, 38.150697], [13.3048, 38.150866], [13.304598, 38.150971], [13.304421, 38.151183], [13.304332, 38.151312], [13.30429, 38.151374], [13.304263, 38.151391], [13.30419, 38.151517], [13.304017, 38.151649], [13.303877, 38.151659], [13.303655, 38.151704], [13.303639, 38.151701], [13.303457, 38.151734], [13.303431, 38.151744], [13.303229, 38.151823], [13.303095, 38.151853], [13.302983, 38.151877], [13.302801, 38.151903], [13.302662, 38.15187], [13.302639, 38.151865], [13.302678, 38.15173], [13.302771, 38.151645], [13.302881, 38.151597], [13.303099, 38.151557], [13.303172, 38.151558], [13.303253, 38.151559], [13.303262, 38.151554], [13.303464, 38.151448], [13.303594, 38.151285], [13.303751, 38.151187], [13.303915, 38.151111], [13.304029, 38.150912], [13.304069, 38.150727], [13.304163, 38.150607], [13.304209, 38.150556], [13.304228, 38.150515], [13.304295, 38.150358], [13.304327, 38.150234], [13.304335, 38.150201], [13.304295, 38.149993], [13.304336, 38.149772], [13.304412, 38.149595], [13.304418, 38.149366], [13.304457, 38.149317]]]}, "properties": {"pai_nmr": "040", "bacino": "Area tra F. Oreto e Punta Raisi", "provincia": "PA", "comune": "Palermo", "localita": "S di Serbatoio Petrazzi", "sigla": "040-6PM-052", "pericolo": "2", "n_dsg": 4, "data_dsg": "2026-01-09", "ngurs_dsg": 4, "dgurs_dsg": "2026-01-23", "cls_dissesti_attivita": "Attivo", "col_dissesti_attivita": "#ff0000", "bor_dissesti_attivita": "#000000", "cls_dissesti_tipologia": "Dissesti dovuti ad erosione accelerata", "col_dissesti_tipologia": "#000000", "bor_dissesti_tipologia": "#000000", "pat_dissesti_tipologia": "pai-dissesti_tipologia-10", "sup_ha": 2.3312}}, {"type": "Feature", "geometry": {"type": "Polygon", "coordinates": [[[13.30517, 38.14922], [13.305215, 38.14923], [13.305272, 38.149236], [13.30536, 38.149251], [13.305442, 38.149262], [13.305577, 38.149262], [13.305625, 38.149262], [13.305634, 38.149262], [13.305726, 38.149245], [13.30583, 38.149229], [13.305925, 38.149219], [13.305977, 38.14921], [13.306057, 38.149172], [13.306131, 38.14913], [13.306208, 38.149095], [13.306299, 38.149104], [13.306331, 38.149157], [13.306334, 38.149162], [13.306366, 38.149225], [13.306413, 38.149303], [13.306452, 38.149361], [13.306466, 38.149402], [13.306491, 38.149491], [13.306548, 38.14954], [13.30662, 38.149575], [13.306732, 38.14963], [13.306768, 38.149659], [13.306852, 38.149699], [13.306869, 38.149704], [13.306932, 38.149772], [13.307026, 38.149831], [13.307134, 38.149873], [13.30721, 38.149899], [13.307187, 38.149912], [13.307151, 38.149934], [13.307047, 38.149935], [13.306895, 38.149908], [13.306884, 38.149906], [13.306776, 38.149875], [13.306533, 38.149793], [13.306336, 38.149644], [13.30623, 38.149557], [13.306225, 38.149548], [13.306162, 38.149484], [13.306087, 38.149442], [13.30599, 38.149429], [13.305868, 38.149444], [13.3058, 38.149474], [13.305746, 38.149495], [13.305711, 38.149509], [13.305628, 38.149534], [13.305524, 38.149538], [13.305445, 38.149529], [13.305397, 38.149495], [13.30534, 38.14946], [13.305268, 38.149421], [13.305244, 38.149411], [13.305232, 38.149387], [13.305172, 38.149371], [13.305107, 38.149356], [13.305087, 38.149351], [13.305086, 38.149351], [13.305039, 38.149333], [13.304966, 38.149332], [13.304923, 38.14933], [13.304896, 38.149329], [13.304894, 38.149285], [13.304906, 38.149262], [13.304946, 38.149241], [13.304996, 38.149215], [13.305078, 38.149214], [13.305093, 38.149215], [13.305151, 38.149219], [13.30517, 38.14922]]]}, "properties": {"pai_nmr": "040", "bacino": "Area tra F. Oreto e Punta Raisi", "provincia": "PA", "comune": "Palermo", "localita": "S di Serbatoio Petrazzi", "sigla": "040-6PM-053", "pericolo": "1", "n_dsg": 4, "data_dsg": "2026-01-09", "ngurs_dsg": 4, "dgurs_dsg": "2026-01-23", "cls_dissesti_attivita": "Attivo", "col_dissesti_attivita": "#ff0000", "bor_dissesti_attivita": "#000000", "cls_dissesti_tipologia": "Dissesti dovuti ad erosione accelerata", "col_dissesti_tipologia": "#000000", "bor_dissesti_tipologia": "#000000", "pat_dissesti_tipologia": "pai-dissesti_tipologia-10", "sup_ha": 0.5223}}, {"type": "Feature", "geometry": {"type": "Polygon", "coordinates": [[[13.303281, 38.158748], [13.303281, 38.158745], [13.303156, 38.158709], [13.303139, 38.158704], [13.303118, 38.158691], [13.303063, 38.158659], [13.303012, 38.158628], [13.302886, 38.158514], [13.302759, 38.15845], [13.302625, 38.158397], [13.30249, 38.158333], [13.302464, 38.158231], [13.302565, 38.158205], [13.302602, 38.15821], [13.30265, 38.158217], [13.302757, 38.158253], [13.302927, 38.158306], [13.303085, 38.15828], [13.303104, 38.15827], [13.303221, 38.158254], [13.303347, 38.158363], [13.303394, 38.158476], [13.303527, 38.158602], [13.30358, 38.15865], [13.303612, 38.15866], [13.303618, 38.158688], [13.303795, 38.158747], [13.303894, 38.158816], [13.30407, 38.158915], [13.304091, 38.158926], [13.304175, 38.158989], [13.304287, 38.159098], [13.304422, 38.159123], [13.304558, 38.159125], [13.304728, 38.159166], [13.304784, 38.159246], [13.304937, 38.159389], [13.305021, 38.159464], [13.30517, 38.159523], [13.305218, 38.159591], [13.30511, 38.159651], [13.304904, 38.159592], [13.304821, 38.159467], [13.304759, 38.15937], [13.304596, 38.159311], [13.30439, 38.159297], [13.304147, 38.159282], [13.303878, 38.159194], [13.303815, 38.159108], [13.303786, 38.158973], [13.303783, 38.158961], [13.303678, 38.158886], [13.30367, 38.158888], [13.303663, 38.158883], [13.303434, 38.158782], [13.303281, 38.158748]]]}, "properties": {"pai_nmr": "040", "bacino": "Area tra F. Oreto e Punta Raisi", "provincia": "PA", "comune": "Palermo", "localita": "Contrada Malaterra", "sigla": "040-6PM-054", "pericolo": "n.c.", "n_dsg": 4, "data_dsg": "2026-01-09", "ngurs_dsg": 4, "dgurs_dsg": "2026-01-23", "cls_dissesti_attivita": "Attivo", "col_dissesti_attivita": "#ff0000", "bor_dissesti_attivita": "#000000", "cls_dissesti_tipologia": "Crollo e/o ribaltamento", "col_dissesti_tipologia": "#000000", "bor_dissesti_tipologia": "#000000", "pat_dissesti_tipologia": "pai-dissesti_tipologia-0", "sup_ha": 0.6566}}, {"type": "Feature", "geometry": {"type": "Polygon", "coordinates": [[[13.301971, 38.160409], [13.302062, 38.160487], [13.3023, 38.160677], [13.30254, 38.160821], [13.302665, 38.160953], [13.302699, 38.16106], [13.302761, 38.161157], [13.302809, 38.16122], [13.302823, 38.161229], [13.302823, 38.161231], [13.302992, 38.161347], [13.303162, 38.161417], [13.303324, 38.161509], [13.303494, 38.161579], [13.303566, 38.161638], [13.303656, 38.161672], [13.303776, 38.161741], [13.30381, 38.161804], [13.303792, 38.161821], [13.303752, 38.161859], [13.303712, 38.161865], [13.303673, 38.16187], [13.303587, 38.161863], [13.303516, 38.161839], [13.303303, 38.161802], [13.303175, 38.161761], [13.303035, 38.161663], [13.302937, 38.161571], [13.302782, 38.161484], [13.302648, 38.161404], [13.302634, 38.161361], [13.302627, 38.161358], [13.302565, 38.161267], [13.30246, 38.16117], [13.302334, 38.161089], [13.302178, 38.161036], [13.302065, 38.16095], [13.302004, 38.160819], [13.301886, 38.160682], [13.30181, 38.160591], [13.301677, 38.16047], [13.301572, 38.160367], [13.301524, 38.160265], [13.30152, 38.160173], [13.301471, 38.160157], [13.30147, 38.160151], [13.301443, 38.160078], [13.301339, 38.159958], [13.301305, 38.159867], [13.301328, 38.159866], [13.301405, 38.159863], [13.301504, 38.159926], [13.301601, 38.160018], [13.301659, 38.16009], [13.301705, 38.160149], [13.301767, 38.160274], [13.30183, 38.160343], [13.301971, 38.160409]]]}, "properties": {"pai_nmr": "040", "bacino": "Area tra F. Oreto e Punta Raisi", "provincia": "PA", "comune": "Palermo", "localita": "W di Case Benfratelli", "sigla": "040-6PM-055", "pericolo": "n.c.", "n_dsg": 4, "data_dsg": "2026-01-09", "ngurs_dsg": 4, "dgurs_dsg": "2026-01-23", "cls_dissesti_attivita": "Attivo", "col_dissesti_attivita": "#ff0000", "bor_dissesti_attivita": "#000000", "cls_dissesti_tipologia": "Crollo e/o ribaltamento", "col_dissesti_tipologia": "#000000", "bor_dissesti_tipologia": "#000000", "pat_dissesti_tipologia": "pai-dissesti_tipologia-0", "sup_ha": 0.7616}}, {"type": "Feature", "geometry": {"type": "Polygon", "coordinates": [[[13.303046, 38.160382], [13.302878, 38.16027], [13.302859, 38.160261], [13.302847, 38.160222], [13.302749, 38.160142], [13.302664, 38.160078], [13.302602, 38.15997], [13.302598, 38.159835], [13.302664, 38.159774], [13.302735, 38.159809], [13.302757, 38.159832], [13.302794, 38.159914], [13.303068, 38.160114], [13.30311, 38.160159], [13.303211, 38.160216], [13.303288, 38.160302], [13.303297, 38.160366], [13.303306, 38.160432], [13.303318, 38.160517], [13.303259, 38.160634], [13.30325, 38.160752], [13.303248, 38.160786], [13.303223, 38.160927], [13.303131, 38.160914], [13.303133, 38.160818], [13.30311, 38.160792], [13.303086, 38.160763], [13.303084, 38.160761], [13.303073, 38.160643], [13.303104, 38.160536], [13.30308, 38.160453], [13.303046, 38.160382]]]}, "properties": {"pai_nmr": "040", "bacino": "Area tra F. Oreto e Punta Raisi", "provincia": "PA", "comune": "Palermo", "localita": "W di Case Benfratelli", "sigla": "040-6PM-056", "pericolo": "n.c.", "n_dsg": 4, "data_dsg": "2026-01-09", "ngurs_dsg": 4, "dgurs_dsg": "2026-01-23", "cls_dissesti_attivita": "Attivo", "col_dissesti_attivita": "#ff0000", "bor_dissesti_attivita": "#000000", "cls_dissesti_tipologia": "Crollo e/o ribaltamento", "col_dissesti_tipologia": "#000000", "bor_dissesti_tipologia": "#000000", "pat_dissesti_tipologia": "pai-dissesti_tipologia-0", "sup_ha": 0.2595}}, {"type": "Feature", "geometry": {"type": "Polygon", "coordinates": [[[13.298633, 38.153011], [13.298635, 38.153011], [13.298661, 38.153006], [13.298723, 38.153018], [13.298803, 38.153022], [13.29889, 38.15304], [13.298983, 38.153058], [13.299056, 38.153067], [13.299143, 38.153082], [13.299145, 38.153085], [13.299166, 38.15311], [13.299197, 38.153143], [13.299205, 38.153176], [13.299206, 38.153182], [13.299161, 38.153211], [13.299074, 38.153207], [13.299005, 38.153173], [13.298946, 38.153151], [13.29888, 38.153122], [13.298745, 38.153123], [13.298609, 38.153129], [13.298573, 38.153153], [13.29857, 38.153153], [13.298427, 38.153162], [13.298339, 38.153154], [13.29823, 38.153158], [13.298147, 38.153125], [13.298051, 38.153063], [13.298038, 38.153019], [13.298115, 38.152982], [13.298226, 38.153005], [13.298417, 38.153017], [13.298602, 38.153011], [13.298633, 38.153011]]]}, "properties": {"pai_nmr": "040", "bacino": "Area tra F. Oreto e Punta Raisi", "provincia": "PA", "comune": "Palermo", "localita": "W di Serbatoio Petrazzi", "sigla": "040-6PM-057", "pericolo": "n.c.", "n_dsg": 4, "data_dsg": "2026-01-09", "ngurs_dsg": 4, "dgurs_dsg": "2026-01-23", "cls_dissesti_attivita": "Attivo", "col_dissesti_attivita": "#ff0000", "bor_dissesti_attivita": "#000000", "cls_dissesti_tipologia": "Crollo e/o ribaltamento", "col_dissesti_tipologia": "#000000", "bor_dissesti_tipologia": "#000000", "pat_dissesti_tipologia": "pai-dissesti_tipologia-0", "sup_ha": 0.1363}}, {"type": "Feature", "geometry": {"type": "Polygon", "coordinates": [[[13.29594, 38.164126], [13.295954, 38.164041], [13.295999, 38.163951], [13.296007, 38.163828], [13.295967, 38.163742], [13.295914, 38.163708], [13.295717, 38.163663], [13.295544, 38.163618], [13.295329, 38.163567], [13.295181, 38.163499], [13.295027, 38.163411], [13.294933, 38.163296], [13.294834, 38.16319], [13.294808, 38.163151], [13.294799, 38.163147], [13.294793, 38.163138], [13.294748, 38.163004], [13.294769, 38.162886], [13.294861, 38.162783], [13.294894, 38.162684], [13.294997, 38.162619], [13.295263, 38.162547], [13.295486, 38.162508], [13.295608, 38.162424], [13.295921, 38.162391], [13.296033, 38.162194], [13.296159, 38.162196], [13.296254, 38.162244], [13.296385, 38.162289], [13.296602, 38.162282], [13.296614, 38.162273], [13.296728, 38.162261], [13.296788, 38.162266], [13.29681, 38.162352], [13.29676, 38.162451], [13.29665, 38.162534], [13.296473, 38.162646], [13.296374, 38.162758], [13.296377, 38.162919], [13.296279, 38.163012], [13.296133, 38.163086], [13.295958, 38.163126], [13.296004, 38.163184], [13.296135, 38.163257], [13.296141, 38.163263], [13.296284, 38.163297], [13.296384, 38.163374], [13.296546, 38.163395], [13.296638, 38.163403], [13.296648, 38.163397], [13.296706, 38.163409], [13.296791, 38.163426], [13.296821, 38.163433], [13.29685, 38.163446], [13.296872, 38.163456], [13.296916, 38.163477], [13.296968, 38.163577], [13.296996, 38.163644], [13.29694, 38.163738], [13.296765, 38.163774], [13.296753, 38.163777], [13.296729, 38.163782], [13.296597, 38.163789], [13.296416, 38.163792], [13.296331, 38.163852], [13.296244, 38.163964], [13.296207, 38.164016], [13.296121, 38.16411], [13.296018, 38.164141], [13.295984, 38.164121], [13.29594, 38.164126]]]}, "properties": {"pai_nmr": "040", "bacino": "Area tra F. Oreto e Punta Raisi", "provincia": "PA", "comune": "Palermo", "localita": "Contrada Ferreri", "sigla": "040-6PM-058", "pericolo": "n.c.", "n_dsg": 4, "data_dsg": "2026-01-09", "ngurs_dsg": 4, "dgurs_dsg": "2026-01-23", "cls_dissesti_attivita": "Attivo", "col_dissesti_attivita": "#ff0000", "bor_dissesti_attivita": "#000000", "cls_dissesti_tipologia": "Crollo e/o ribaltamento", "col_dissesti_tipologia": "#000000", "bor_dissesti_tipologia": "#000000", "pat_dissesti_tipologia": "pai-dissesti_tipologia-0", "sup_ha": 2.1058}}, {"type": "Feature", "geometry": {"type": "Polygon", "coordinates": [[[13.294034, 38.165083], [13.294064, 38.165062], [13.294091, 38.165011], [13.294218, 38.164883], [13.294319, 38.164786], [13.294485, 38.164717], [13.294651, 38.164674], [13.294991, 38.16462], [13.295139, 38.164603], [13.295382, 38.164476], [13.295531, 38.164427], [13.295778, 38.16443], [13.295958, 38.164524], [13.296172, 38.16454], [13.296452, 38.164518], [13.29684, 38.164524], [13.297036, 38.164585], [13.297148, 38.164723], [13.297133, 38.165016], [13.297065, 38.1651], [13.296906, 38.165228], [13.296736, 38.165453], [13.296486, 38.16554], [13.296047, 38.165625], [13.295771, 38.165803], [13.295512, 38.165949], [13.295343, 38.166123], [13.295151, 38.166218], [13.294995, 38.166222], [13.294746, 38.166264], [13.294744, 38.166261], [13.294608, 38.166301], [13.294588, 38.166299], [13.294559, 38.166313], [13.294232, 38.166368], [13.294121, 38.166404], [13.293971, 38.166412], [13.293719, 38.166498], [13.293461, 38.166597], [13.293247, 38.166693], [13.293033, 38.166788], [13.292929, 38.166812], [13.29292, 38.166821], [13.292901, 38.166814], [13.292891, 38.16682], [13.292662, 38.166886], [13.292643, 38.166887], [13.29246, 38.1669], [13.29221, 38.166926], [13.291986, 38.166974], [13.291986, 38.166974], [13.29173, 38.167018], [13.291484, 38.167066], [13.291272, 38.167097], [13.291177, 38.167114], [13.291141, 38.167121], [13.290967, 38.167135], [13.290837, 38.167171], [13.290837, 38.16717], [13.290839, 38.167167], [13.29077, 38.167188], [13.290546, 38.167266], [13.290367, 38.167225], [13.290259, 38.167202], [13.289972, 38.167181], [13.289695, 38.167181], [13.289516, 38.167174], [13.28938, 38.167172], [13.28925, 38.167183], [13.289229, 38.167153], [13.2893, 38.167115], [13.28954, 38.16708], [13.289767, 38.167109], [13.29, 38.167138], [13.290234, 38.167133], [13.290598, 38.16713], [13.290717, 38.167123], [13.29074, 38.167076], [13.290812, 38.167017], [13.290928, 38.166955], [13.291001, 38.166917], [13.291002, 38.166911], [13.29107, 38.166897], [13.291224, 38.166809], [13.291341, 38.166704], [13.291386, 38.16661], [13.291388, 38.166534], [13.291418, 38.166474], [13.291417, 38.166465], [13.291425, 38.166332], [13.291515, 38.16623], [13.291593, 38.166141], [13.291702, 38.1661], [13.291758, 38.166036], [13.291848, 38.165905], [13.2919, 38.165773], [13.291972, 38.165697], [13.292056, 38.165616], [13.292113, 38.165501], [13.292252, 38.165362], [13.292341, 38.165282], [13.292403, 38.165184], [13.292445, 38.165123], [13.292449, 38.165117], [13.292453, 38.165112], [13.292531, 38.165032], [13.292628, 38.164973], [13.292691, 38.164935], [13.292768, 38.164894], [13.292801, 38.164877], [13.292806, 38.164886], [13.292948, 38.16487], [13.293045, 38.164872], [13.293131, 38.164899], [13.293299, 38.164923], [13.293423, 38.164967], [13.293502, 38.16508], [13.293607, 38.165223], [13.293642, 38.165352], [13.293755, 38.165392], [13.293849, 38.165317], [13.293929, 38.165181], [13.294034, 38.165083]]]}, "properties": {"pai_nmr": "040", "bacino": "Area tra F. Oreto e Punta Raisi", "provincia": "PA", "comune": "Palermo", "localita": "Vallone Guggino", "sigla": "040-6PM-061", "pericolo": "n.c.", "n_dsg": 4, "data_dsg": "2026-01-09", "ngurs_dsg": 4, "dgurs_dsg": "2026-01-23", "cls_dissesti_attivita": "Attivo", "col_dissesti_attivita": "#ff0000", "bor_dissesti_attivita": "#000000", "cls_dissesti_tipologia": "Crollo e/o ribaltamento", "col_dissesti_tipologia": "#000000", "bor_dissesti_tipologia": "#000000", "pat_dissesti_tipologia": "pai-dissesti_tipologia-0", "sup_ha": 7.9394}}, {"type": "Feature", "geometry": {"type": "Polygon", "coordinates": [[[13.289539, 38.152836], [13.289675, 38.152892], [13.289847, 38.152942], [13.290018, 38.153016], [13.290189, 38.153102], [13.290238, 38.153148], [13.290252, 38.153171], [13.290307, 38.153193], [13.290381, 38.153229], [13.29053, 38.153303], [13.290634, 38.153363], [13.290736, 38.153496], [13.290833, 38.153575], [13.290891, 38.153623], [13.290956, 38.153644], [13.291078, 38.153685], [13.291217, 38.153817], [13.291439, 38.153981], [13.291445, 38.153983], [13.291558, 38.154024], [13.291707, 38.154109], [13.291794, 38.154229], [13.291818, 38.154335], [13.291848, 38.154354], [13.291785, 38.154414], [13.291631, 38.154387], [13.291385, 38.154298], [13.291233, 38.154211], [13.290957, 38.154097], [13.290605, 38.153945], [13.290398, 38.153818], [13.290241, 38.153779], [13.290033, 38.153663], [13.289832, 38.153571], [13.289623, 38.153491], [13.289469, 38.153329], [13.289218, 38.153141], [13.289047, 38.153032], [13.288999, 38.152996], [13.288885, 38.15291], [13.288723, 38.152754], [13.288723, 38.152753], [13.288585, 38.152538], [13.288462, 38.152352], [13.288355, 38.152089], [13.288222, 38.152004], [13.28802, 38.151942], [13.287855, 38.151945], [13.287608, 38.1519], [13.2874, 38.151772], [13.287462, 38.151708], [13.28773, 38.151795], [13.287896, 38.151798], [13.288048, 38.151728], [13.288312, 38.151691], [13.288513, 38.151747], [13.288685, 38.151815], [13.288929, 38.151991], [13.288963, 38.152134], [13.289108, 38.152373], [13.289128, 38.152486], [13.289163, 38.152594], [13.289281, 38.152702], [13.289428, 38.152772], [13.289437, 38.152776], [13.289442, 38.152778], [13.289541, 38.152825], [13.289539, 38.152836]]]}, "properties": {"pai_nmr": "040", "bacino": "Area tra F. Oreto e Punta Raisi", "provincia": "PA", "comune": "Palermo", "localita": "Case del Monaco", "sigla": "040-6PM-060", "pericolo": "n.c.", "n_dsg": 4, "data_dsg": "2026-01-09", "ngurs_dsg": 4, "dgurs_dsg": "2026-01-23", "cls_dissesti_attivita": "Attivo", "col_dissesti_attivita": "#ff0000", "bor_dissesti_attivita": "#000000", "cls_dissesti_tipologia": "Crollo e/o ribaltamento", "col_dissesti_tipologia": "#000000", "bor_dissesti_tipologia": "#000000", "pat_dissesti_tipologia": "pai-dissesti_tipologia-0", "sup_ha": 2.0804}}, {"type": "Feature", "geometry": {"type": "Polygon", "coordinates": [[[13.293607, 38.169344], [13.293467, 38.169551], [13.293333, 38.169772], [13.293201, 38.169913], [13.293179, 38.169989], [13.293012, 38.170251], [13.292841, 38.170391], [13.292661, 38.170384], [13.292592, 38.170301], [13.292539, 38.170087], [13.292498, 38.169913], [13.292482, 38.16974], [13.29244, 38.169622], [13.292373, 38.169468], [13.292415, 38.169322], [13.292328, 38.169163], [13.29233, 38.169097], [13.292326, 38.16909], [13.29232, 38.168897], [13.292322, 38.168788], [13.2923, 38.168611], [13.29233, 38.168461], [13.292408, 38.168307], [13.292459, 38.168169], [13.292578, 38.168074], [13.292751, 38.167938], [13.292762, 38.167939], [13.292912, 38.167869], [13.29311, 38.167818], [13.293334, 38.167804], [13.293547, 38.167778], [13.29369, 38.167767], [13.293834, 38.167757], [13.293876, 38.167787], [13.293853, 38.167858], [13.293845, 38.167987], [13.293845, 38.167988], [13.293845, 38.167989], [13.293838, 38.168098], [13.293836, 38.16813], [13.293778, 38.168322], [13.293756, 38.168371], [13.293717, 38.168456], [13.293656, 38.168568], [13.293642, 38.168698], [13.293666, 38.16882], [13.293675, 38.16887], [13.293675, 38.16887], [13.293677, 38.168879], [13.29369, 38.168933], [13.293689, 38.168938], [13.293672, 38.169021], [13.29367, 38.169088], [13.293673, 38.169185], [13.293645, 38.169271], [13.293607, 38.169344]]]}, "properties": {"pai_nmr": "040", "bacino": "Area tra F. Oreto e Punta Raisi", "provincia": "PA", "comune": "Palermo", "localita": "Cozzo Di Paola", "sigla": "040-6PM-063", "pericolo": "n.c.", "n_dsg": 4, "data_dsg": "2026-01-09", "ngurs_dsg": 4, "dgurs_dsg": "2026-01-23", "cls_dissesti_attivita": "Attivo", "col_dissesti_attivita": "#ff0000", "bor_dissesti_attivita": "#000000", "cls_dissesti_tipologia": "Crollo e/o ribaltamento", "col_dissesti_tipologia": "#000000", "bor_dissesti_tipologia": "#000000", "pat_dissesti_tipologia": "pai-dissesti_tipologia-0", "sup_ha": 2.7192}}, {"type": "Feature", "geometry": {"type": "Polygon", "coordinates": [[[13.293806, 38.1708], [13.293858, 38.170813], [13.293865, 38.170811], [13.293964, 38.17087], [13.294026, 38.170918], [13.294071, 38.170958], [13.294106, 38.17102], [13.294092, 38.171062], [13.294095, 38.171106], [13.294084, 38.171181], [13.294071, 38.171185], [13.294072, 38.171191], [13.294061, 38.17121], [13.294047, 38.171216], [13.294042, 38.171219], [13.294034, 38.171223], [13.294018, 38.171225], [13.293961, 38.171238], [13.293907, 38.171247], [13.29364, 38.171374], [13.29347, 38.171471], [13.293311, 38.171547], [13.293024, 38.171676], [13.292717, 38.171766], [13.292609, 38.171803], [13.292469, 38.171851], [13.292273, 38.171897], [13.292153, 38.171903], [13.292019, 38.17191], [13.291909, 38.171934], [13.291892, 38.171937], [13.291617, 38.171971], [13.291462, 38.172009], [13.291404, 38.172016], [13.291272, 38.172036], [13.2912, 38.172002], [13.291134, 38.171915], [13.291129, 38.171908], [13.291123, 38.171886], [13.291092, 38.171857], [13.290899, 38.171742], [13.290887, 38.171739], [13.290781, 38.171719], [13.290641, 38.171711], [13.290566, 38.171699], [13.290512, 38.171699], [13.290453, 38.171698], [13.290399, 38.171689], [13.290348, 38.171669], [13.290291, 38.171628], [13.290295, 38.17159], [13.290309, 38.17156], [13.290352, 38.171507], [13.290399, 38.171463], [13.290403, 38.171455], [13.290415, 38.171451], [13.290473, 38.171428], [13.290498, 38.171393], [13.290547, 38.171353], [13.290593, 38.171297], [13.290645, 38.171257], [13.290693, 38.171236], [13.290735, 38.171224], [13.290773, 38.171203], [13.290828, 38.171194], [13.290838, 38.171193], [13.290917, 38.171183], [13.290979, 38.171184], [13.291039, 38.171223], [13.291083, 38.171264], [13.291109, 38.171289], [13.29112, 38.171299], [13.291131, 38.171299], [13.29122, 38.17134], [13.291553, 38.171467], [13.291696, 38.171491], [13.291779, 38.171517], [13.291922, 38.171543], [13.292, 38.171553], [13.292086, 38.171559], [13.292188, 38.171561], [13.292252, 38.171553], [13.292264, 38.171551], [13.292265, 38.171551], [13.292329, 38.171533], [13.292398, 38.171496], [13.292453, 38.171462], [13.292457, 38.171459], [13.292527, 38.171425], [13.292617, 38.171364], [13.292721, 38.171293], [13.292784, 38.171245], [13.292863, 38.171217], [13.292939, 38.171188], [13.292988, 38.171148], [13.293061, 38.171106], [13.293128, 38.171045], [13.293194, 38.171005], [13.293267, 38.170944], [13.293357, 38.170902], [13.29344, 38.170865], [13.293467, 38.170853], [13.293467, 38.170848], [13.293468, 38.170847], [13.293575, 38.170808], [13.293626, 38.170796], [13.2937, 38.170793], [13.293701, 38.170791], [13.293715, 38.170792], [13.293731, 38.170793], [13.293806, 38.1708]]]}, "properties": {"pai_nmr": "040", "bacino": "Area tra F. Oreto e Punta Raisi", "provincia": "PA", "comune": "Palermo", "localita": "Cozzo Di Paola", "sigla": "040-6PM-064", "pericolo": "n.c.", "n_dsg": 4, "data_dsg": "2026-01-09", "ngurs_dsg": 4, "dgurs_dsg": "2026-01-23", "cls_dissesti_attivita": "Attivo", "col_dissesti_attivita": "#ff0000", "bor_dissesti_attivita": "#000000", "cls_dissesti_tipologia": "Crollo e/o ribaltamento", "col_dissesti_tipologia": "#000000", "bor_dissesti_tipologia": "#000000", "pat_dissesti_tipologia": "pai-dissesti_tipologia-0", "sup_ha": 1.7671}}, {"type": "Feature", "geometry": {"type": "Polygon", "coordinates": [[[13.288125, 38.170556], [13.288128, 38.170519], [13.288146, 38.17045], [13.288204, 38.170401], [13.288302, 38.170355], [13.288387, 38.17029], [13.288422, 38.170222], [13.288471, 38.170149], [13.288512, 38.170094], [13.288643, 38.170081], [13.288747, 38.170048], [13.288851, 38.170036], [13.288965, 38.170017], [13.289145, 38.170017], [13.289258, 38.170037], [13.289406, 38.170026], [13.289434, 38.170022], [13.289456, 38.170003], [13.28955, 38.169978], [13.289664, 38.169993], [13.28966, 38.169985], [13.289707, 38.169995], [13.289753, 38.170004], [13.289851, 38.169987], [13.289996, 38.169926], [13.290019, 38.169916], [13.290104, 38.169854], [13.290147, 38.16976], [13.290155, 38.169678], [13.290168, 38.16957], [13.290253, 38.169497], [13.290394, 38.169486], [13.290506, 38.169528], [13.290627, 38.169521], [13.290771, 38.169489], [13.290911, 38.169507], [13.29093, 38.16952], [13.290943, 38.169539], [13.290906, 38.169589], [13.290837, 38.169646], [13.290779, 38.169716], [13.290667, 38.169778], [13.290522, 38.169834], [13.290407, 38.16989], [13.290282, 38.169949], [13.290207, 38.170014], [13.290167, 38.170055], [13.290152, 38.170087], [13.290109, 38.170207], [13.290057, 38.170288], [13.289996, 38.170335], [13.289974, 38.170416], [13.289948, 38.170521], [13.289897, 38.170595], [13.289815, 38.170675], [13.2897, 38.17071], [13.289576, 38.170745], [13.289488, 38.170784], [13.289419, 38.170805], [13.289353, 38.170837], [13.289318, 38.170847], [13.28928, 38.170858], [13.289219, 38.170875], [13.289092, 38.170857], [13.28902, 38.170814], [13.288947, 38.1708], [13.28885, 38.1708], [13.288763, 38.170778], [13.288748, 38.170777], [13.288683, 38.170772], [13.288596, 38.170794], [13.288482, 38.170819], [13.288381, 38.170826], [13.28835, 38.170822], [13.288265, 38.170813], [13.288179, 38.170783], [13.288123, 38.17073], [13.288101, 38.170669], [13.288106, 38.170605], [13.288127, 38.170561], [13.288125, 38.170556]]]}, "properties": {"pai_nmr": "040", "bacino": "Area tra F. Oreto e Punta Raisi", "provincia": "PA", "comune": "Palermo", "localita": "Cozzo Di Paola", "sigla": "040-6PM-065", "pericolo": "n.c.", "n_dsg": 4, "data_dsg": "2026-01-09", "ngurs_dsg": 4, "dgurs_dsg": "2026-01-23", "cls_dissesti_attivita": "Attivo", "col_dissesti_attivita": "#ff0000", "bor_dissesti_attivita": "#000000", "cls_dissesti_tipologia": "Crollo e/o ribaltamento", "col_dissesti_tipologia": "#000000", "bor_dissesti_tipologia": "#000000", "pat_dissesti_tipologia": "pai-dissesti_tipologia-0", "sup_ha": 1.5592}}, {"type": "Feature", "geometry": {"type": "Polygon", "coordinates": [[[13.287579, 38.171127], [13.287762, 38.171182], [13.287777, 38.171201], [13.287838, 38.171309], [13.287899, 38.171418], [13.287988, 38.171476], [13.288142, 38.171471], [13.288351, 38.171453], [13.288369, 38.171444], [13.288614, 38.171435], [13.288659, 38.171464], [13.288829, 38.171531], [13.289009, 38.171605], [13.289306, 38.171703], [13.28943, 38.171805], [13.289429, 38.171807], [13.289391, 38.171911], [13.289317, 38.17201], [13.289283, 38.17204], [13.289196, 38.172116], [13.288959, 38.172191], [13.288676, 38.172302], [13.288474, 38.17229], [13.288366, 38.172323], [13.288196, 38.172308], [13.288087, 38.172266], [13.28788, 38.17224], [13.287603, 38.172071], [13.287244, 38.171909], [13.287039, 38.17177], [13.286807, 38.171623], [13.286456, 38.171489], [13.286113, 38.171442], [13.285972, 38.171296], [13.286167, 38.171085], [13.286441, 38.171003], [13.286749, 38.170986], [13.286857, 38.171009], [13.287228, 38.171043], [13.287579, 38.171127]]]}, "properties": {"pai_nmr": "040", "bacino": "Area tra F. Oreto e Punta Raisi", "provincia": "PA", "comune": "Palermo", "localita": "Cozzo Di Paola", "sigla": "040-6PM-066", "pericolo": "n.c.", "n_dsg": 4, "data_dsg": "2026-01-09", "ngurs_dsg": 4, "dgurs_dsg": "2026-01-23", "cls_dissesti_attivita": "Attivo", "col_dissesti_attivita": "#ff0000", "bor_dissesti_attivita": "#000000", "cls_dissesti_tipologia": "Crollo e/o ribaltamento", "col_dissesti_tipologia": "#000000", "bor_dissesti_tipologia": "#000000", "pat_dissesti_tipologia": "pai-dissesti_tipologia-0", "sup_ha": 2.2624}}, {"type": "Feature", "geometry": {"type": "Polygon", "coordinates": [[[13.287103, 38.172403], [13.287125, 38.172391], [13.28715, 38.172372], [13.287218, 38.172342], [13.287244, 38.172331], [13.287274, 38.172318], [13.287421, 38.172279], [13.287504, 38.17227], [13.287547, 38.172265], [13.287648, 38.172255], [13.2878, 38.172257], [13.287816, 38.172274], [13.287841, 38.172302], [13.287851, 38.172313], [13.287848, 38.172316], [13.287826, 38.172338], [13.287815, 38.172349], [13.287808, 38.17235], [13.287768, 38.172376], [13.287453, 38.17239], [13.287317, 38.172471], [13.287222, 38.172552], [13.287176, 38.172572], [13.287021, 38.172659], [13.286851, 38.172712], [13.286756, 38.17278], [13.28669, 38.172852], [13.286584, 38.172902], [13.286478, 38.172946], [13.286383, 38.173018], [13.286311, 38.173065], [13.286306, 38.173072], [13.286236, 38.173085], [13.28619, 38.173057], [13.28615, 38.173019], [13.286134, 38.17295], [13.286078, 38.172871], [13.286003, 38.172833], [13.286011, 38.172732], [13.28606, 38.172645], [13.286207, 38.172565], [13.286319, 38.172534], [13.286489, 38.172509], [13.286658, 38.172507], [13.286833, 38.172487], [13.287009, 38.172448], [13.287061, 38.172428], [13.287103, 38.172403]]]}, "properties": {"pai_nmr": "040", "bacino": "Area tra F. Oreto e Punta Raisi", "provincia": "PA", "comune": "Palermo", "localita": "Vallone Ferraloro", "sigla": "040-6PM-067", "pericolo": "n.c.", "n_dsg": 4, "data_dsg": "2026-01-09", "ngurs_dsg": 4, "dgurs_dsg": "2026-01-23", "cls_dissesti_attivita": "Attivo", "col_dissesti_attivita": "#ff0000", "bor_dissesti_attivita": "#000000", "cls_dissesti_tipologia": "Crollo e/o ribaltamento", "col_dissesti_tipologia": "#000000", "bor_dissesti_tipologia": "#000000", "pat_dissesti_tipologia": "pai-dissesti_tipologia-0", "sup_ha": 0.4741}}, {"type": "Feature", "geometry": {"type": "Polygon", "coordinates": [[[13.28547, 38.171831], [13.285555, 38.171805], [13.285559, 38.171799], [13.285689, 38.171764], [13.285705, 38.17176], [13.285716, 38.171759], [13.285804, 38.171747], [13.28586, 38.171766], [13.285972, 38.171779], [13.286037, 38.171813], [13.286129, 38.171866], [13.286131, 38.171871], [13.286133, 38.171871], [13.286138, 38.171874], [13.286175, 38.171919], [13.286259, 38.171935], [13.286343, 38.171917], [13.286396, 38.171885], [13.286492, 38.171783], [13.286642, 38.171763], [13.286773, 38.17179], [13.286819, 38.171824], [13.286817, 38.171872], [13.286831, 38.17188], [13.28682, 38.171958], [13.286799, 38.172068], [13.286692, 38.172222], [13.28656, 38.172268], [13.28636, 38.172221], [13.286088, 38.172224], [13.285876, 38.172254], [13.285671, 38.172229], [13.285484, 38.172215], [13.285338, 38.172235], [13.285117, 38.172269], [13.284902, 38.17227], [13.28468, 38.172337], [13.284524, 38.172394], [13.284275, 38.172431], [13.284144, 38.172418], [13.283919, 38.172429], [13.283694, 38.172444], [13.283507, 38.172434], [13.283474, 38.172437], [13.283375, 38.172459], [13.283319, 38.172483], [13.283257, 38.172512], [13.283201, 38.172522], [13.283112, 38.172506], [13.283099, 38.17245], [13.283124, 38.172395], [13.283141, 38.172372], [13.283167, 38.172337], [13.283198, 38.172318], [13.28322, 38.172304], [13.283247, 38.172298], [13.283343, 38.172258], [13.283456, 38.172212], [13.283519, 38.172109], [13.283563, 38.172009], [13.283564, 38.171991], [13.283631, 38.171959], [13.283715, 38.171945], [13.283814, 38.171943], [13.283883, 38.171978], [13.283933, 38.17203], [13.283984, 38.172068], [13.284072, 38.17211], [13.284166, 38.172111], [13.284222, 38.172108], [13.284302, 38.17208], [13.284383, 38.172044], [13.284472, 38.172027], [13.284585, 38.17201], [13.28467, 38.171997], [13.284755, 38.17195], [13.284961, 38.171927], [13.28514, 38.171911], [13.285342, 38.171869], [13.28547, 38.171831]]]}, "properties": {"pai_nmr": "040", "bacino": "Area tra F. Oreto e Punta Raisi", "provincia": "PA", "comune": "Palermo", "localita": "Vallone Ferraloro", "sigla": "040-6PM-068", "pericolo": "n.c.", "n_dsg": 4, "data_dsg": "2026-01-09", "ngurs_dsg": 4, "dgurs_dsg": "2026-01-23", "cls_dissesti_attivita": "Attivo", "col_dissesti_attivita": "#ff0000", "bor_dissesti_attivita": "#000000", "cls_dissesti_tipologia": "Crollo e/o ribaltamento", "col_dissesti_tipologia": "#000000", "bor_dissesti_tipologia": "#000000", "pat_dissesti_tipologia": "pai-dissesti_tipologia-0", "sup_ha": 1.3369}}, {"type": "Feature", "geometry": {"type": "Polygon", "coordinates": [[[13.283831, 38.172609], [13.283843, 38.172604], [13.283864, 38.172609], [13.283929, 38.172622], [13.283976, 38.172615], [13.284005, 38.172563], [13.284053, 38.172531], [13.284147, 38.172525], [13.284188, 38.172559], [13.284343, 38.172539], [13.284461, 38.172496], [13.284464, 38.172496], [13.284574, 38.17249], [13.2847, 38.172492], [13.284827, 38.172461], [13.28494, 38.172448], [13.284968, 38.172456], [13.285117, 38.172498], [13.285242, 38.172563], [13.28523, 38.172659], [13.285233, 38.172751], [13.285212, 38.172844], [13.28514, 38.172894], [13.285098, 38.172916], [13.284938, 38.172921], [13.284812, 38.172912], [13.284657, 38.172909], [13.284512, 38.172918], [13.284333, 38.172964], [13.284172, 38.173024], [13.283942, 38.173036], [13.283938, 38.173036], [13.283749, 38.173088], [13.283496, 38.173122], [13.283317, 38.173152], [13.283249, 38.173232], [13.283191, 38.173255], [13.283069, 38.173345], [13.282884, 38.173438], [13.282729, 38.17344], [13.282664, 38.173416], [13.282666, 38.173328], [13.282669, 38.173221], [13.282699, 38.173198], [13.282708, 38.173147], [13.282842, 38.173027], [13.282925, 38.172869], [13.282989, 38.172767], [13.28307, 38.172698], [13.283206, 38.172674], [13.283353, 38.172632], [13.283385, 38.172634], [13.283522, 38.172597], [13.2837, 38.172581], [13.283831, 38.172609]]]}, "properties": {"pai_nmr": "040", "bacino": "Area tra F. Oreto e Punta Raisi", "provincia": "PA", "comune": "Palermo", "localita": "Vallone Ferraloro", "sigla": "040-6PM-069", "pericolo": "n.c.", "n_dsg": 4, "data_dsg": "2026-01-09", "ngurs_dsg": 4, "dgurs_dsg": "2026-01-23", "cls_dissesti_attivita": "Attivo", "col_dissesti_attivita": "#ff0000", "bor_dissesti_attivita": "#000000", "cls_dissesti_tipologia": "Crollo e/o ribaltamento", "col_dissesti_tipologia": "#000000", "bor_dissesti_tipologia": "#000000", "pat_dissesti_tipologia": "pai-dissesti_tipologia-0", "sup_ha": 1.1675}}, {"type": "Feature", "geometry": {"type": "Polygon", "coordinates": [[[13.284153, 38.173804], [13.283714, 38.173845], [13.28349, 38.173861], [13.283337, 38.173872], [13.283217, 38.173852], [13.283167, 38.173843], [13.28314, 38.173832], [13.283005, 38.173774], [13.282857, 38.173697], [13.282845, 38.173641], [13.28283, 38.17357], [13.282881, 38.173538], [13.282979, 38.173477], [13.283167, 38.17336], [13.283562, 38.173259], [13.283896, 38.173168], [13.28403, 38.173155], [13.28405, 38.173153], [13.284108, 38.173147], [13.284635, 38.173227], [13.285119, 38.173198], [13.28539, 38.173214], [13.285461, 38.173355], [13.285458, 38.173374], [13.285467, 38.173459], [13.285482, 38.173543], [13.285503, 38.173568], [13.28551, 38.173576], [13.28552, 38.173588], [13.285632, 38.173643], [13.285777, 38.17369], [13.285934, 38.173697], [13.286015, 38.173688], [13.286194, 38.17369], [13.2863, 38.17367], [13.286329, 38.173658], [13.286517, 38.17359], [13.286681, 38.173539], [13.286884, 38.173537], [13.28703, 38.173548], [13.287183, 38.173506], [13.28742, 38.173461], [13.287617, 38.173495], [13.287744, 38.173572], [13.287821, 38.173666], [13.287914, 38.173774], [13.287991, 38.173873], [13.288095, 38.173982], [13.288182, 38.174103], [13.288176, 38.174116], [13.288125, 38.17416], [13.287934, 38.174121], [13.287844, 38.174111], [13.287737, 38.174114], [13.287647, 38.174131], [13.287555, 38.174191], [13.287487, 38.174226], [13.287386, 38.174224], [13.287319, 38.174188], [13.287234, 38.174147], [13.287196, 38.174146], [13.287015, 38.174108], [13.286797, 38.173998], [13.286794, 38.173997], [13.286747, 38.173973], [13.28646, 38.17398], [13.286155, 38.174071], [13.286084, 38.174108], [13.286036, 38.174059], [13.285896, 38.174118], [13.285631, 38.174187], [13.285431, 38.174172], [13.285399, 38.174167], [13.285186, 38.1742], [13.285139, 38.174205], [13.284894, 38.17423], [13.284857, 38.174245], [13.28479, 38.174244], [13.284782, 38.174242], [13.284768, 38.174236], [13.284662, 38.174198], [13.284567, 38.174139], [13.284529, 38.174094], [13.284491, 38.174036], [13.284464, 38.173977], [13.284437, 38.17391], [13.284427, 38.173879], [13.284405, 38.173839], [13.284382, 38.173826], [13.284355, 38.173811], [13.28431, 38.173811], [13.284243, 38.17381], [13.284241, 38.173812], [13.284153, 38.173804]]]}, "properties": {"pai_nmr": "040", "bacino": "Area tra F. Oreto e Punta Raisi", "provincia": "PA", "comune": "Palermo", "localita": "Vallone Ferraloro", "sigla": "040-6PM-070", "pericolo": "n.c.", "n_dsg": 4, "data_dsg": "2026-01-09", "ngurs_dsg": 4, "dgurs_dsg": "2026-01-23", "cls_dissesti_attivita": "Attivo", "col_dissesti_attivita": "#ff0000", "bor_dissesti_attivita": "#000000", "cls_dissesti_tipologia": "Crollo e/o ribaltamento", "col_dissesti_tipologia": "#000000", "bor_dissesti_tipologia": "#000000", "pat_dissesti_tipologia": "pai-dissesti_tipologia-0", "sup_ha": 3.0901}}, {"type": "Feature", "geometry": {"type": "Polygon", "coordinates": [[[13.270999, 38.179313], [13.270977, 38.179325], [13.27087, 38.179363], [13.270739, 38.179386], [13.270711, 38.179383], [13.270672, 38.179379], [13.270631, 38.179345], [13.270636, 38.179256], [13.270719, 38.179213], [13.270719, 38.179212], [13.270871, 38.179173], [13.270936, 38.179141], [13.271007, 38.179094], [13.271058, 38.179031], [13.271077, 38.17895], [13.27117, 38.17881], [13.271235, 38.178676], [13.271248, 38.178569], [13.271318, 38.178508], [13.271448, 38.178404], [13.27158, 38.178328], [13.271736, 38.178305], [13.271781, 38.178356], [13.271765, 38.178489], [13.271624, 38.178572], [13.27153, 38.178644], [13.27145, 38.178728], [13.271416, 38.178874], [13.271396, 38.178931], [13.271382, 38.178949], [13.271295, 38.179045], [13.271239, 38.179106], [13.271229, 38.179117], [13.271171, 38.179189], [13.271071, 38.179265], [13.271022, 38.179287], [13.270999, 38.179313]]]}, "properties": {"pai_nmr": "040", "bacino": "Area tra F. Oreto e Punta Raisi", "provincia": "PA", "comune": "Palermo", "localita": "Pizzo Manolfo", "sigla": "040-6PM-074", "pericolo": "n.c.", "n_dsg": 4, "data_dsg": "2026-01-09", "ngurs_dsg": 4, "dgurs_dsg": "2026-01-23", "cls_dissesti_attivita": "Attivo", "col_dissesti_attivita": "#ff0000", "bor_dissesti_attivita": "#000000", "cls_dissesti_tipologia": "Crollo e/o ribaltamento", "col_dissesti_tipologia": "#000000", "bor_dissesti_tipologia": "#000000", "pat_dissesti_tipologia": "pai-dissesti_tipologia-0", "sup_ha": 0.3191}}, {"type": "Feature", "geometry": {"type": "Polygon", "coordinates": [[[13.271708, 38.177275], [13.271806, 38.177216], [13.271877, 38.177125], [13.271879, 38.177069], [13.271857, 38.176975], [13.2718, 38.176871], [13.271832, 38.176786], [13.271928, 38.176736], [13.272065, 38.176738], [13.272142, 38.176749], [13.272327, 38.176756], [13.272469, 38.176763], [13.272576, 38.176788], [13.272683, 38.176808], [13.272692, 38.176813], [13.272708, 38.176822], [13.272711, 38.176824], [13.272771, 38.176857], [13.27284, 38.176956], [13.272845, 38.176975], [13.272826, 38.177041], [13.272795, 38.177111], [13.272787, 38.177186], [13.272796, 38.177289], [13.272811, 38.177416], [13.272761, 38.177514], [13.272623, 38.177559], [13.27245, 38.177592], [13.27245, 38.17759], [13.272404, 38.177593], [13.27236, 38.177595], [13.272265, 38.177601], [13.272104, 38.177632], [13.271996, 38.177649], [13.271895, 38.177647], [13.271782, 38.177641], [13.27171, 38.177649], [13.271639, 38.177629], [13.271569, 38.177586], [13.271546, 38.177525], [13.271548, 38.177454], [13.271591, 38.177363], [13.271592, 38.177361], [13.271608, 38.17735], [13.271695, 38.177292], [13.271708, 38.177275]]]}, "properties": {"pai_nmr": "040", "bacino": "Area tra F. Oreto e Punta Raisi", "provincia": "PA", "comune": "Palermo", "localita": "Pizzo Manolfo", "sigla": "040-6PM-075", "pericolo": "n.c.", "n_dsg": 4, "data_dsg": "2026-01-09", "ngurs_dsg": 4, "dgurs_dsg": "2026-01-23", "cls_dissesti_attivita": "Attivo", "col_dissesti_attivita": "#ff0000", "bor_dissesti_attivita": "#000000", "cls_dissesti_tipologia": "Crollo e/o ribaltamento", "col_dissesti_tipologia": "#000000", "bor_dissesti_tipologia": "#000000", "pat_dissesti_tipologia": "pai-dissesti_tipologia-0", "sup_ha": 0.8671}}, {"type": "Feature", "geometry": {"type": "Polygon", "coordinates": [[[13.277122, 38.190725], [13.277015, 38.190819], [13.276864, 38.190904], [13.276766, 38.190942], [13.276766, 38.190942], [13.276657, 38.190984], [13.276493, 38.190995], [13.276427, 38.190974], [13.276425, 38.190977], [13.276422, 38.190974], [13.276348, 38.190958], [13.276256, 38.190965], [13.276176, 38.190971], [13.27609, 38.190976], [13.276009, 38.190983], [13.275934, 38.190993], [13.275901, 38.190991], [13.27573, 38.190958], [13.275628, 38.190952], [13.275577, 38.190901], [13.275584, 38.190844], [13.275639, 38.190838], [13.275766, 38.19085], [13.275829, 38.190878], [13.27592, 38.190895], [13.276025, 38.190864], [13.276045, 38.190857], [13.276163, 38.19082], [13.276247, 38.190807], [13.276315, 38.190811], [13.276439, 38.19083], [13.276525, 38.190834], [13.276619, 38.19082], [13.276747, 38.190782], [13.276895, 38.190728], [13.276937, 38.190701], [13.276974, 38.190694], [13.277101, 38.190687], [13.277222, 38.190619], [13.277295, 38.190565], [13.277356, 38.190551], [13.277331, 38.190581], [13.277219, 38.190654], [13.277122, 38.190725]]]}, "properties": {"pai_nmr": "040", "bacino": "Area tra F. Oreto e Punta Raisi", "provincia": "PA", "comune": "Palermo", "localita": "Pizzo Diamante", "sigla": "040-6PM-076", "pericolo": "n.c.", "n_dsg": 4, "data_dsg": "2026-01-09", "ngurs_dsg": 4, "dgurs_dsg": "2026-01-23", "cls_dissesti_attivita": "Attivo", "col_dissesti_attivita": "#ff0000", "bor_dissesti_attivita": "#000000", "cls_dissesti_tipologia": "Crollo e/o ribaltamento", "col_dissesti_tipologia": "#000000", "bor_dissesti_tipologia": "#000000", "pat_dissesti_tipologia": "pai-dissesti_tipologia-0", "sup_ha": 0.2112}}, {"type": "Feature", "geometry": {"type": "Polygon", "coordinates": [[[13.317502, 38.209796], [13.317503, 38.209794], [13.317729, 38.20967], [13.317844, 38.209563], [13.317961, 38.209349], [13.318212, 38.209225], [13.318253, 38.209212], [13.318416, 38.209022], [13.318494, 38.208886], [13.318558, 38.208769], [13.318574, 38.208642], [13.318389, 38.208561], [13.318069, 38.208439], [13.317796, 38.208386], [13.317436, 38.20839], [13.317075, 38.208414], [13.316729, 38.208311], [13.316422, 38.20814], [13.316177, 38.20798], [13.316045, 38.207772], [13.315672, 38.207786], [13.31539, 38.207596], [13.314942, 38.207619], [13.314593, 38.207643], [13.314404, 38.207758], [13.314302, 38.207894], [13.314155, 38.207794], [13.314034, 38.207635], [13.313914, 38.207467], [13.31373, 38.207346], [13.313634, 38.207168], [13.313502, 38.20699], [13.313496, 38.206959], [13.313409, 38.206917], [13.313253, 38.207013], [13.313229, 38.207038], [13.313188, 38.207103], [13.31316, 38.20726], [13.313057, 38.207405], [13.312967, 38.207541], [13.312803, 38.207647], [13.312691, 38.207645], [13.312668, 38.207566], [13.312758, 38.20743], [13.312848, 38.207314], [13.312914, 38.207158], [13.312953, 38.207089], [13.312988, 38.207027], [13.312991, 38.207022], [13.312996, 38.207019], [13.313116, 38.206901], [13.313291, 38.206671], [13.31357, 38.206675], [13.313861, 38.206814], [13.313949, 38.206998], [13.313976, 38.207157], [13.314129, 38.207269], [13.314357, 38.207419], [13.314496, 38.207458], [13.31459, 38.207398], [13.314699, 38.207339], [13.314964, 38.207281], [13.315242, 38.20731], [13.315503, 38.207387], [13.315673, 38.207389], [13.315904, 38.207441], [13.316211, 38.207543], [13.316533, 38.20767], [13.316699, 38.207843], [13.316805, 38.207955], [13.317082, 38.20802], [13.317375, 38.208061], [13.317637, 38.208101], [13.317853, 38.208129], [13.318069, 38.208156], [13.318424, 38.208198], [13.318808, 38.208338], [13.318976, 38.208438], [13.319031, 38.208695], [13.31903, 38.20878], [13.318919, 38.208864], [13.318714, 38.209032], [13.318476, 38.209345], [13.318244, 38.209451], [13.318048, 38.209585], [13.318004, 38.209615], [13.31785, 38.209819], [13.317674, 38.209904], [13.317523, 38.20994], [13.317397, 38.210019], [13.317215, 38.210197], [13.317077, 38.210385], [13.316991, 38.210504], [13.316834, 38.210693], [13.316716, 38.210862], [13.316598, 38.211011], [13.316425, 38.211088], [13.316319, 38.210986], [13.316424, 38.210843], [13.316582, 38.210629], [13.31668, 38.210515], [13.316695, 38.210405], [13.316697, 38.21029], [13.316777, 38.21016], [13.316969, 38.210083], [13.317022, 38.209983], [13.317157, 38.20993], [13.317343, 38.209867], [13.317502, 38.209796]]]}, "properties": {"pai_nmr": "040", "bacino": "Area tra F. Oreto e Punta Raisi", "provincia": "PA", "comune": "Palermo", "localita": "S di Pizzo Coda di Volpe", "sigla": "040-6PM-078", "pericolo": "n.c.", "n_dsg": 4, "data_dsg": "2026-01-09", "ngurs_dsg": 4, "dgurs_dsg": "2026-01-23", "cls_dissesti_attivita": "Attivo", "col_dissesti_attivita": "#ff0000", "bor_dissesti_attivita": "#000000", "cls_dissesti_tipologia": "Crollo e/o ribaltamento", "col_dissesti_tipologia": "#000000", "bor_dissesti_tipologia": "#000000", "pat_dissesti_tipologia": "pai-dissesti_tipologia-0", "sup_ha": 3.0594}}, {"type": "Feature", "geometry": {"type": "Polygon", "coordinates": [[[13.322881, 38.209507], [13.322558, 38.209429], [13.322281, 38.209352], [13.322036, 38.209251], [13.321853, 38.209114], [13.321747, 38.209014], [13.321656, 38.20894], [13.32144, 38.208912], [13.321147, 38.208872], [13.320885, 38.208843], [13.320639, 38.208754], [13.320635, 38.208751], [13.320623, 38.20875], [13.3203, 38.208706], [13.319904, 38.208661], [13.319701, 38.208805], [13.31967, 38.209099], [13.319577, 38.209353], [13.319421, 38.209635], [13.319143, 38.209827], [13.319013, 38.210081], [13.318957, 38.210345], [13.318668, 38.210497], [13.318438, 38.210759], [13.31837, 38.211033], [13.318105, 38.211196], [13.317996, 38.211057], [13.318068, 38.21082], [13.318179, 38.210687], [13.318353, 38.21044], [13.31842, 38.210395], [13.318627, 38.210154], [13.318785, 38.21001], [13.318868, 38.20973], [13.318999, 38.209439], [13.319049, 38.209269], [13.31913, 38.209111], [13.319226, 38.208991], [13.319366, 38.208932], [13.31949, 38.208933], [13.319462, 38.208799], [13.319496, 38.208643], [13.319582, 38.208578], [13.319871, 38.208474], [13.319883, 38.208473], [13.319951, 38.208465], [13.32017, 38.208439], [13.320406, 38.208396], [13.320477, 38.20841], [13.320568, 38.208473], [13.320877, 38.208489], [13.321046, 38.208565], [13.321138, 38.208615], [13.321308, 38.208618], [13.321601, 38.208671], [13.321938, 38.208797], [13.322229, 38.208948], [13.322519, 38.209099], [13.322781, 38.209164], [13.323012, 38.209203], [13.323134, 38.209291], [13.323301, 38.209403], [13.323609, 38.209468], [13.323856, 38.209509], [13.323993, 38.209608], [13.324192, 38.209684], [13.324454, 38.209725], [13.324592, 38.2098], [13.324636, 38.209898], [13.324758, 38.209973], [13.324943, 38.210025], [13.325141, 38.210137], [13.32534, 38.210238], [13.325693, 38.210377], [13.325969, 38.210466], [13.326139, 38.210481], [13.326292, 38.210544], [13.326305, 38.210679], [13.32627, 38.210709], [13.326207, 38.210667], [13.326011, 38.210634], [13.325815, 38.21061], [13.325633, 38.210556], [13.325395, 38.210544], [13.325304, 38.210469], [13.325165, 38.210431], [13.325104, 38.210457], [13.324986, 38.210401], [13.324791, 38.210251], [13.324766, 38.21025], [13.324752, 38.210229], [13.324323, 38.210052], [13.324137, 38.21005], [13.323983, 38.210023], [13.32383, 38.20996], [13.323662, 38.209872], [13.323616, 38.209806], [13.32336, 38.20976], [13.323077, 38.209609], [13.322961, 38.209527], [13.322881, 38.209507]]]}, "properties": {"pai_nmr": "040", "bacino": "Area tra F. Oreto e Punta Raisi", "provincia": "PA", "comune": "Palermo", "localita": "Pizzo Coda di Volpe", "sigla": "040-6PM-079", "pericolo": "n.c.", "n_dsg": 4, "data_dsg": "2026-01-09", "ngurs_dsg": 4, "dgurs_dsg": "2026-01-23", "cls_dissesti_attivita": "Attivo", "col_dissesti_attivita": "#ff0000", "bor_dissesti_attivita": "#000000", "cls_dissesti_tipologia": "Crollo e/o ribaltamento", "col_dissesti_tipologia": "#000000", "bor_dissesti_tipologia": "#000000", "pat_dissesti_tipologia": "pai-dissesti_tipologia-0", "sup_ha": 2.9053}}, {"type": "Feature", "geometry": {"type": "Polygon", "coordinates": [[[13.321938, 38.212756], [13.321953, 38.212733], [13.321967, 38.212732], [13.322097, 38.212734], [13.322253, 38.212721], [13.322398, 38.212653], [13.322503, 38.212617], [13.322671, 38.212605], [13.322913, 38.21257], [13.322994, 38.212548], [13.323284, 38.212564], [13.323603, 38.212603], [13.323747, 38.212696], [13.323729, 38.212845], [13.323484, 38.21275], [13.323296, 38.212713], [13.323077, 38.212733], [13.322682, 38.21283], [13.322346, 38.212906], [13.32212, 38.212931], [13.322043, 38.212999], [13.321901, 38.213082], [13.321621, 38.213151], [13.32142, 38.213173], [13.321294, 38.213244], [13.321136, 38.213401], [13.321087, 38.213498], [13.3209, 38.213568], [13.320774, 38.213652], [13.320695, 38.213748], [13.320658, 38.213992], [13.320638, 38.214175], [13.320526, 38.214332], [13.320382, 38.214562], [13.320301, 38.214696], [13.320296, 38.21477], [13.320333, 38.215057], [13.320384, 38.215345], [13.320424, 38.215529], [13.320508, 38.215668], [13.320303, 38.215711], [13.320045, 38.21557], [13.31989, 38.215338], [13.319937, 38.215213], [13.319954, 38.214983], [13.31999, 38.214776], [13.320104, 38.214534], [13.320218, 38.214303], [13.320257, 38.214173], [13.320256, 38.213989], [13.320335, 38.21368], [13.320573, 38.213454], [13.320854, 38.213263], [13.321091, 38.213095], [13.321371, 38.212903], [13.321621, 38.212804], [13.321869, 38.212761], [13.321938, 38.212756]]]}, "properties": {"pai_nmr": "040", "bacino": "Area tra F. Oreto e Punta Raisi", "provincia": "PA", "comune": "Palermo", "localita": "La Fossa", "sigla": "040-6PM-080", "pericolo": "n.c.", "n_dsg": 4, "data_dsg": "2026-01-09", "ngurs_dsg": 4, "dgurs_dsg": "2026-01-23", "cls_dissesti_attivita": "Attivo", "col_dissesti_attivita": "#ff0000", "bor_dissesti_attivita": "#000000", "cls_dissesti_tipologia": "Crollo e/o ribaltamento", "col_dissesti_tipologia": "#000000", "bor_dissesti_tipologia": "#000000", "pat_dissesti_tipologia": "pai-dissesti_tipologia-0", "sup_ha": 1.5356}}, {"type": "Feature", "geometry": {"type": "Polygon", "coordinates": [[[13.317622, 38.220314], [13.317619, 38.220313], [13.317617, 38.220315], [13.317551, 38.220365], [13.317441, 38.220436], [13.317324, 38.220441], [13.317236, 38.22044], [13.317169, 38.220468], [13.317117, 38.220553], [13.317052, 38.220645], [13.316933, 38.220712], [13.316839, 38.220806], [13.31675, 38.220891], [13.316681, 38.220956], [13.316668, 38.220964], [13.316571, 38.221023], [13.316502, 38.221101], [13.316496, 38.221203], [13.316511, 38.221289], [13.316566, 38.221405], [13.316614, 38.221505], [13.316665, 38.221557], [13.316705, 38.221663], [13.316964, 38.221875], [13.317092, 38.221941], [13.31711, 38.221947], [13.317128, 38.22196], [13.317163, 38.221984], [13.317208, 38.222044], [13.317244, 38.222104], [13.317283, 38.222149], [13.317293, 38.222161], [13.31735, 38.222227], [13.31734, 38.222293], [13.317305, 38.222352], [13.317254, 38.222391], [13.317199, 38.222403], [13.317112, 38.222405], [13.317053, 38.222404], [13.31698, 38.222406], [13.316974, 38.222406], [13.316874, 38.222389], [13.316778, 38.222371], [13.316699, 38.222363], [13.316662, 38.222376], [13.316598, 38.222398], [13.316547, 38.222423], [13.316516, 38.222414], [13.316504, 38.222411], [13.316489, 38.222406], [13.316487, 38.222393], [13.316477, 38.222383], [13.316458, 38.222323], [13.316459, 38.222248], [13.316449, 38.222204], [13.31643, 38.222184], [13.316404, 38.221989], [13.3163, 38.22178], [13.316228, 38.221559], [13.316155, 38.221363], [13.316143, 38.221228], [13.3161, 38.221093], [13.31601, 38.220945], [13.315953, 38.220749], [13.31582, 38.220467], [13.31584, 38.220271], [13.31589, 38.220101], [13.315895, 38.219906], [13.315715, 38.219647], [13.315642, 38.219463], [13.315692, 38.219317], [13.315831, 38.219319], [13.315999, 38.219431], [13.316104, 38.219543], [13.31632, 38.219595], [13.316338, 38.219485], [13.316295, 38.219338], [13.316299, 38.219143], [13.316289, 38.218898], [13.316248, 38.21869], [13.31627, 38.218581], [13.316235, 38.218402], [13.316242, 38.21807], [13.316243, 38.218018], [13.31629, 38.217814], [13.316338, 38.217602], [13.316454, 38.217153], [13.316633, 38.216738], [13.316637, 38.216738], [13.316652, 38.216584], [13.31672, 38.216353], [13.316786, 38.216171], [13.316807, 38.215903], [13.316693, 38.215474], [13.316734, 38.215059], [13.316788, 38.214718], [13.316887, 38.214451], [13.316999, 38.214282], [13.317036, 38.214038], [13.317148, 38.213881], [13.317246, 38.213662], [13.317363, 38.213261], [13.317188, 38.212831], [13.316917, 38.212474], [13.316796, 38.21235], [13.316998, 38.212353], [13.317228, 38.212417], [13.317288, 38.212491], [13.317333, 38.212589], [13.317438, 38.212725], [13.317512, 38.212848], [13.317619, 38.212899], [13.317773, 38.21295], [13.317924, 38.213123], [13.317966, 38.213307], [13.31804, 38.213442], [13.318145, 38.213602], [13.318282, 38.21369], [13.31845, 38.213802], [13.318601, 38.213938], [13.318583, 38.214048], [13.31847, 38.214254], [13.318452, 38.214388], [13.318448, 38.214559], [13.318521, 38.214755], [13.318518, 38.214865], [13.318391, 38.214985], [13.31822, 38.215032], [13.318232, 38.215203], [13.318245, 38.215313], [13.318132, 38.215482], [13.317942, 38.215687], [13.317874, 38.215942], [13.317885, 38.216138], [13.317941, 38.216383], [13.318029, 38.216604], [13.318024, 38.216811], [13.317944, 38.216944], [13.317847, 38.217114], [13.317737, 38.21721], [13.317456, 38.217316], [13.317252, 38.217435], [13.317202, 38.217569], [13.317387, 38.217596], [13.31765, 38.217599], [13.317772, 38.217711], [13.317737, 38.217857], [13.317827, 38.218005], [13.317948, 38.218116], [13.318053, 38.218264], [13.318003, 38.218398], [13.317814, 38.218542], [13.317642, 38.218637], [13.317405, 38.218841], [13.317169, 38.219021], [13.317085, 38.219288], [13.317077, 38.219308], [13.317033, 38.219565], [13.317094, 38.219649], [13.317264, 38.219618], [13.317713, 38.219424], [13.318097, 38.21928], [13.318563, 38.219253], [13.31905, 38.21926], [13.319084, 38.219268], [13.319329, 38.219272], [13.319576, 38.219324], [13.319667, 38.219411], [13.319665, 38.219472], [13.319539, 38.219568], [13.319338, 38.219589], [13.319122, 38.219562], [13.319012, 38.219633], [13.318871, 38.219692], [13.318684, 38.219738], [13.318588, 38.219896], [13.318415, 38.220003], [13.318166, 38.220073], [13.318025, 38.22013], [13.318006, 38.220184], [13.318001, 38.220259], [13.317925, 38.220295], [13.317796, 38.220293], [13.317622, 38.220314]]]}, "properties": {"pai_nmr": "040", "bacino": "Area tra F. Oreto e Punta Raisi", "provincia": "PA", "comune": "Palermo", "localita": "Monte Gallo", "sigla": "040-6PM-081", "pericolo": "n.c.", "n_dsg": 4, "data_dsg": "2026-01-09", "ngurs_dsg": 4, "dgurs_dsg": "2026-01-23", "cls_dissesti_attivita": "Attivo", "col_dissesti_attivita": "#ff0000", "bor_dissesti_attivita": "#000000", "cls_dissesti_tipologia": "Crollo e/o ribaltamento", "col_dissesti_tipologia": "#000000", "bor_dissesti_tipologia": "#000000", "pat_dissesti_tipologia": "pai-dissesti_tipologia-0", "sup_ha": 12.345}}, {"type": "Feature", "geometry": {"type": "Polygon", "coordinates": [[[13.312212, 38.208512], [13.312402, 38.208328], [13.312401, 38.208309], [13.312511, 38.208246], [13.312648, 38.208199], [13.312765, 38.208193], [13.312873, 38.208223], [13.312944, 38.20826], [13.313024, 38.208325], [13.313053, 38.208402], [13.313062, 38.208426], [13.313067, 38.20844], [13.313011, 38.208503], [13.312908, 38.208658], [13.312777, 38.208877], [13.312682, 38.209061], [13.312516, 38.209194], [13.312253, 38.209276], [13.312062, 38.209366], [13.311942, 38.209472], [13.311675, 38.209676], [13.311656, 38.209798], [13.311827, 38.2098], [13.311983, 38.209729], [13.312107, 38.209694], [13.312314, 38.209625], [13.312326, 38.209612], [13.312564, 38.209494], [13.312711, 38.209354], [13.312804, 38.209234], [13.312885, 38.209278], [13.312908, 38.209428], [13.312832, 38.209619], [13.312738, 38.209781], [13.312528, 38.209871], [13.312335, 38.210025], [13.312177, 38.210208], [13.311987, 38.210241], [13.311707, 38.210215], [13.311437, 38.210212], [13.311301, 38.21021], [13.311206, 38.21024], [13.311087, 38.210339], [13.310944, 38.210508], [13.310849, 38.210604], [13.310739, 38.210639], [13.310659, 38.210772], [13.310485, 38.210916], [13.310393, 38.210915], [13.310329, 38.210999], [13.310311, 38.211121], [13.310184, 38.211241], [13.30998, 38.211361], [13.309823, 38.211456], [13.309603, 38.211587], [13.309292, 38.21168], [13.308979, 38.211822], [13.308836, 38.211909], [13.308785, 38.212019], [13.308664, 38.212181], [13.308453, 38.212341], [13.308315, 38.212461], [13.308201, 38.212694], [13.307999, 38.212841], [13.307743, 38.212951], [13.30757, 38.213034], [13.307493, 38.212855], [13.307572, 38.212634], [13.307568, 38.212632], [13.307562, 38.212625], [13.307589, 38.212585], [13.30772, 38.212409], [13.307849, 38.21229], [13.308032, 38.212179], [13.308179, 38.212074], [13.308389, 38.21197], [13.308483, 38.211913], [13.308497, 38.211913], [13.308639, 38.211793], [13.308861, 38.211589], [13.309126, 38.21147], [13.309267, 38.211411], [13.309338, 38.211399], [13.309417, 38.211265], [13.309674, 38.211077], [13.309902, 38.210959], [13.310104, 38.210834], [13.310342, 38.210702], [13.310561, 38.210577], [13.3107, 38.21045], [13.310737, 38.210424], [13.310761, 38.210383], [13.311015, 38.210094], [13.311346, 38.209854], [13.311553, 38.209589], [13.311823, 38.209275], [13.31189, 38.209056], [13.312037, 38.208729], [13.312212, 38.208512]]]}, "properties": {"pai_nmr": "040", "bacino": "Area tra F. Oreto e Punta Raisi", "provincia": "PA", "comune": "Palermo", "localita": "Monte Gallo", "sigla": "040-6PM-082", "pericolo": "n.c.", "n_dsg": 4, "data_dsg": "2026-01-09", "ngurs_dsg": 4, "dgurs_dsg": "2026-01-23", "cls_dissesti_attivita": "Attivo", "col_dissesti_attivita": "#ff0000", "bor_dissesti_attivita": "#000000", "cls_dissesti_tipologia": "Crollo e/o ribaltamento", "col_dissesti_tipologia": "#000000", "bor_dissesti_tipologia": "#000000", "pat_dissesti_tipologia": "pai-dissesti_tipologia-0", "sup_ha": 3.026}}, {"type": "Feature", "geometry": {"type": "Polygon", "coordinates": [[[13.311074, 38.213562], [13.311259, 38.213613], [13.311301, 38.213809], [13.311435, 38.214006], [13.311603, 38.214119], [13.311801, 38.214256], [13.31206, 38.214418], [13.312058, 38.214528], [13.312024, 38.214637], [13.311912, 38.214819], [13.311939, 38.21499], [13.312043, 38.215138], [13.312025, 38.215285], [13.311856, 38.215197], [13.31172, 38.21506], [13.311662, 38.214889], [13.311667, 38.214706], [13.311733, 38.214511], [13.311658, 38.214388], [13.311537, 38.214276], [13.311309, 38.214127], [13.311143, 38.213917], [13.31104, 38.213708], [13.311074, 38.213562]]]}, "properties": {"pai_nmr": "040", "bacino": "Area tra F. Oreto e Punta Raisi", "provincia": "PA", "comune": "Palermo", "localita": "Monte Gallo", "sigla": "040-6PM-083", "n_dpr": 91, "data_dpr": "2007-03-27", "pericolo": "n.c.", "ngurs": "26", "dgurs": "2007-06-08", "cls_dissesti_attivita": "Attivo", "col_dissesti_attivita": "#ff0000", "bor_dissesti_attivita": "#000000", "cls_dissesti_tipologia": "Crollo e/o ribaltamento", "col_dissesti_tipologia": "#000000", "bor_dissesti_tipologia": "#000000", "pat_dissesti_tipologia": "pai-dissesti_tipologia-0", "sup_ha": 0.4341}}, {"type": "Feature", "geometry": {"type": "Polygon", "coordinates": [[[13.30987, 38.213434], [13.309994, 38.213412], [13.309995, 38.213412], [13.310005, 38.213421], [13.310007, 38.213442], [13.310011, 38.213474], [13.309957, 38.213568], [13.309969, 38.21368], [13.310041, 38.21381], [13.310089, 38.213988], [13.31022, 38.21412], [13.310317, 38.214175], [13.310317, 38.214192], [13.310396, 38.214264], [13.310431, 38.214376], [13.310326, 38.214386], [13.310179, 38.214302], [13.310138, 38.214258], [13.31013, 38.214256], [13.309962, 38.214132], [13.309843, 38.213947], [13.309815, 38.213824], [13.309786, 38.213714], [13.30979, 38.213568], [13.30987, 38.213434]]]}, "properties": {"pai_nmr": "040", "bacino": "Area tra F. Oreto e Punta Raisi", "provincia": "PA", "comune": "Palermo", "localita": "Monte Gallo", "sigla": "040-6PM-084", "pericolo": "n.c.", "n_dsg": 4, "data_dsg": "2026-01-09", "ngurs_dsg": 4, "dgurs_dsg": "2026-01-23", "cls_dissesti_attivita": "Attivo", "col_dissesti_attivita": "#ff0000", "bor_dissesti_attivita": "#000000", "cls_dissesti_tipologia": "Crollo e/o ribaltamento", "col_dissesti_tipologia": "#000000", "bor_dissesti_tipologia": "#000000", "pat_dissesti_tipologia": "pai-dissesti_tipologia-0", "sup_ha": 0.1998}}, {"type": "Feature", "geometry": {"type": "Polygon", "coordinates": [[[13.309883, 38.212337], [13.309994, 38.212283], [13.310079, 38.212172], [13.310119, 38.212037], [13.310189, 38.21192], [13.310302, 38.211892], [13.310353, 38.21194], [13.310389, 38.212], [13.310531, 38.212013], [13.310587, 38.21215], [13.310487, 38.212302], [13.31035, 38.2124], [13.310214, 38.21248], [13.310151, 38.212592], [13.310164, 38.212692], [13.310092, 38.212874], [13.309963, 38.212984], [13.309826, 38.213005], [13.309702, 38.212945], [13.309697, 38.212844], [13.309693, 38.212838], [13.309632, 38.212737], [13.30956, 38.212642], [13.309547, 38.212547], [13.309639, 38.212437], [13.309783, 38.212362], [13.309883, 38.212337]]]}, "properties": {"pai_nmr": "040", "bacino": "Area tra F. Oreto e Punta Raisi", "provincia": "PA", "comune": "Palermo", "localita": "Monte Gallo", "sigla": "040-6PM-085", "pericolo": "n.c.", "n_dsg": 4, "data_dsg": "2026-01-09", "ngurs_dsg": 4, "dgurs_dsg": "2026-01-23", "cls_dissesti_attivita": "Attivo", "col_dissesti_attivita": "#ff0000", "bor_dissesti_attivita": "#000000", "cls_dissesti_tipologia": "Crollo e/o ribaltamento", "col_dissesti_tipologia": "#000000", "bor_dissesti_tipologia": "#000000", "pat_dissesti_tipologia": "pai-dissesti_tipologia-0", "sup_ha": 0.5041}}, {"type": "Feature", "geometry": {"type": "Polygon", "coordinates": [[[13.308797, 38.213627], [13.308787, 38.213619], [13.308664, 38.213405], [13.308621, 38.213246], [13.30864, 38.213088], [13.308638, 38.213083], [13.308633, 38.212947], [13.308644, 38.212823], [13.308736, 38.212707], [13.308873, 38.212609], [13.309002, 38.212534], [13.309037, 38.212611], [13.308983, 38.21271], [13.308882, 38.212874], [13.308892, 38.21298], [13.308894, 38.212998], [13.308862, 38.213049], [13.308856, 38.213059], [13.308808, 38.213209], [13.308886, 38.213316], [13.308974, 38.213412], [13.309001, 38.213536], [13.308999, 38.213619], [13.308953, 38.213671], [13.308893, 38.213682], [13.308819, 38.213631], [13.308797, 38.213627]]]}, "properties": {"pai_nmr": "040", "bacino": "Area tra F. Oreto e Punta Raisi", "provincia": "PA", "comune": "Palermo", "localita": "Monte Gallo", "sigla": "040-6PM-086", "pericolo": "n.c.", "n_dsg": 4, "data_dsg": "2026-01-09", "ngurs_dsg": 4, "dgurs_dsg": "2026-01-23", "cls_dissesti_attivita": "Attivo", "col_dissesti_attivita": "#ff0000", "bor_dissesti_attivita": "#000000", "cls_dissesti_tipologia": "Crollo e/o ribaltamento", "col_dissesti_tipologia": "#000000", "bor_dissesti_tipologia": "#000000", "pat_dissesti_tipologia": "pai-dissesti_tipologia-0", "sup_ha": 0.2505}}, {"type": "Feature", "geometry": {"type": "Polygon", "coordinates": [[[13.308669, 38.215228], [13.308667, 38.215327], [13.30867, 38.215445], [13.308669, 38.215452], [13.308625, 38.215577], [13.30854, 38.215627], [13.308405, 38.215753], [13.308328, 38.215714], [13.308409, 38.215592], [13.30849, 38.215466], [13.30851, 38.215358], [13.308525, 38.215312], [13.308518, 38.215298], [13.308542, 38.215273], [13.308551, 38.215165], [13.308545, 38.215089], [13.308566, 38.215018], [13.30861, 38.214939], [13.308703, 38.2149], [13.308743, 38.214884], [13.308815, 38.214876], [13.308899, 38.214867], [13.309067, 38.214832], [13.309212, 38.214782], [13.309336, 38.214773], [13.309374, 38.21477], [13.309547, 38.214801], [13.309593, 38.214854], [13.309496, 38.214919], [13.309387, 38.214917], [13.309364, 38.214917], [13.309302, 38.21494], [13.309139, 38.214938], [13.308967, 38.214996], [13.308884, 38.215017], [13.308835, 38.215022], [13.308727, 38.21504], [13.308683, 38.215115], [13.308681, 38.215223], [13.308669, 38.215228]]]}, "properties": {"pai_nmr": "040", "bacino": "Area tra F. Oreto e Punta Raisi", "provincia": "PA", "comune": "Palermo", "localita": "Monte Gallo", "sigla": "040-6PM-088", "pericolo": "n.c.", "n_dsg": 4, "data_dsg": "2026-01-09", "ngurs_dsg": 4, "dgurs_dsg": "2026-01-23", "cls_dissesti_attivita": "Attivo", "col_dissesti_attivita": "#ff0000", "bor_dissesti_attivita": "#000000", "cls_dissesti_tipologia": "Crollo e/o ribaltamento", "col_dissesti_tipologia": "#000000", "bor_dissesti_tipologia": "#000000", "pat_dissesti_tipologia": "pai-dissesti_tipologia-0", "sup_ha": 0.2362}}, {"type": "Feature", "geometry": {"type": "Polygon", "coordinates": [[[13.297597, 38.21779], [13.297588, 38.217788], [13.297459, 38.217747], [13.29739, 38.217691], [13.29739, 38.217691], [13.297398, 38.217658], [13.297402, 38.217644], [13.297467, 38.21764], [13.297564, 38.217668], [13.297651, 38.217673], [13.297759, 38.217696], [13.297834, 38.217723], [13.297837, 38.217724], [13.297914, 38.217771], [13.297966, 38.217853], [13.298057, 38.217923], [13.298218, 38.217981], [13.298241, 38.217981], [13.29837, 38.217983], [13.298429, 38.218027], [13.298458, 38.218064], [13.298476, 38.218087], [13.298568, 38.218106], [13.298649, 38.218111], [13.298656, 38.218111], [13.298828, 38.218101], [13.298925, 38.218128], [13.29907, 38.218177], [13.29921, 38.218243], [13.29936, 38.21831], [13.299456, 38.218392], [13.299519, 38.218487], [13.299656, 38.218618], [13.299757, 38.218693], [13.299784, 38.218713], [13.29993, 38.218763], [13.300065, 38.218747], [13.300084, 38.218654], [13.300086, 38.218555], [13.300111, 38.218503], [13.300132, 38.218458], [13.300356, 38.218358], [13.300575, 38.218297], [13.300653, 38.218307], [13.30066, 38.218305], [13.300661, 38.218307], [13.300667, 38.218303], [13.300775, 38.218304], [13.300894, 38.218402], [13.300891, 38.218551], [13.300846, 38.218722], [13.300821, 38.218781], [13.300775, 38.218891], [13.300743, 38.219083], [13.300762, 38.219105], [13.300793, 38.219141], [13.300835, 38.219191], [13.301029, 38.21923], [13.301118, 38.219249], [13.301281, 38.219219], [13.301428, 38.219296], [13.30149, 38.219376], [13.301615, 38.219416], [13.301935, 38.219613], [13.302297, 38.219767], [13.302673, 38.219912], [13.302887, 38.220011], [13.303358, 38.220135], [13.30387, 38.220239], [13.304353, 38.220406], [13.304931, 38.220574], [13.305348, 38.220687], [13.305823, 38.220641], [13.306308, 38.220744], [13.306769, 38.220686], [13.307176, 38.220639], [13.307636, 38.220645], [13.307963, 38.220575], [13.308358, 38.220453], [13.308912, 38.220504], [13.309435, 38.220693], [13.309891, 38.22087], [13.310269, 38.220929], [13.310742, 38.220936], [13.311154, 38.221294], [13.311595, 38.221503], [13.312216, 38.221598], [13.312699, 38.221775], [13.312967, 38.221907], [13.313204, 38.222167], [13.313266, 38.222435], [13.31325, 38.222541], [13.313178, 38.222732], [13.313056, 38.222741], [13.313032, 38.222581], [13.312972, 38.22227], [13.312815, 38.222012], [13.312493, 38.221879], [13.312199, 38.221757], [13.31197, 38.22169], [13.311646, 38.221675], [13.311229, 38.221562], [13.310974, 38.221452], [13.310638, 38.221329], [13.310222, 38.221184], [13.309819, 38.221083], [13.309402, 38.22097], [13.309038, 38.220911], [13.308631, 38.220927], [13.308263, 38.221028], [13.30791, 38.221076], [13.307502, 38.221199], [13.307241, 38.221355], [13.30697, 38.221383], [13.306688, 38.221251], [13.306597, 38.221122], [13.306272, 38.221117], [13.306058, 38.221018], [13.305966, 38.220888], [13.305832, 38.220822], [13.305575, 38.22084], [13.305222, 38.220856], [13.304926, 38.220788], [13.304765, 38.220732], [13.304429, 38.220631], [13.304197, 38.220735], [13.303766, 38.220643], [13.303457, 38.22051], [13.303148, 38.22041], [13.302799, 38.220309], [13.302518, 38.220155], [13.302318, 38.220035], [13.302186, 38.219905], [13.302064, 38.219882], [13.301873, 38.219954], [13.301619, 38.219832], [13.301337, 38.219754], [13.301111, 38.219569], [13.300914, 38.219508], [13.300801, 38.219522], [13.300584, 38.219529], [13.300519, 38.2194], [13.300521, 38.219331], [13.300457, 38.219186], [13.300407, 38.218982], [13.300356, 38.218853], [13.300207, 38.218883], [13.300071, 38.218902], [13.299924, 38.2189], [13.299908, 38.2189], [13.299904, 38.218904], [13.299777, 38.218929], [13.299564, 38.218779], [13.299453, 38.218689], [13.299427, 38.218648], [13.299295, 38.218507], [13.299162, 38.218398], [13.298989, 38.2183], [13.298787, 38.218233], [13.298558, 38.218208], [13.29837, 38.21812], [13.298129, 38.218031], [13.297927, 38.217964], [13.297781, 38.217866], [13.297597, 38.21779]]]}, "properties": {"pai_nmr": "040", "bacino": "Area tra F. Oreto e Punta Raisi", "provincia": "PA", "comune": "Palermo", "localita": "N di Pizzo Sella", "sigla": "040-6PM-090", "pericolo": "n.c.", "n_dsg": 4, "data_dsg": "2026-01-09", "ngurs_dsg": 4, "dgurs_dsg": "2026-01-23", "cls_dissesti_attivita": "Attivo", "col_dissesti_attivita": "#ff0000", "bor_dissesti_attivita": "#000000", "cls_dissesti_tipologia": "Crollo e/o ribaltamento", "col_dissesti_tipologia": "#000000", "bor_dissesti_tipologia": "#000000", "pat_dissesti_tipologia": "pai-dissesti_tipologia-0", "sup_ha": 5.1331}}, {"type": "Feature", "geometry": {"type": "Polygon", "coordinates": [[[13.303419, 38.216084], [13.303403, 38.215979], [13.3034, 38.215878], [13.303438, 38.215774], [13.303446, 38.215703], [13.303435, 38.21568], [13.303441, 38.215636], [13.303438, 38.215522], [13.303441, 38.215417], [13.303419, 38.215297], [13.303419, 38.215293], [13.303395, 38.215263], [13.303391, 38.215197], [13.303382, 38.215097], [13.303359, 38.21501], [13.303359, 38.215004], [13.30335, 38.21491], [13.303399, 38.214858], [13.30347, 38.214912], [13.303511, 38.215003], [13.30355, 38.215117], [13.30355, 38.215118], [13.303535, 38.215232], [13.303545, 38.215347], [13.303518, 38.21548], [13.303524, 38.215491], [13.303531, 38.215675], [13.303622, 38.21591], [13.303636, 38.216092], [13.303632, 38.216171], [13.303615, 38.21622], [13.303611, 38.216387], [13.303603, 38.216507], [13.303602, 38.21652], [13.303585, 38.216545], [13.30354, 38.216614], [13.303527, 38.216633], [13.303486, 38.216665], [13.303441, 38.216699], [13.303366, 38.216718], [13.303366, 38.216718], [13.303277, 38.216735], [13.303173, 38.216795], [13.303105, 38.216875], [13.30312, 38.217004], [13.303195, 38.217124], [13.303331, 38.21725], [13.303463, 38.217319], [13.303574, 38.217454], [13.303645, 38.21755], [13.303679, 38.217632], [13.303582, 38.217668], [13.30351, 38.21761], [13.303452, 38.217538], [13.303393, 38.217442], [13.303293, 38.217345], [13.303187, 38.217248], [13.303039, 38.217112], [13.302939, 38.216992], [13.302953, 38.216878], [13.303035, 38.21676], [13.303091, 38.21667], [13.303195, 38.216638], [13.303316, 38.216597], [13.303396, 38.216546], [13.303476, 38.216468], [13.303491, 38.216371], [13.303475, 38.216261], [13.303465, 38.21618], [13.303431, 38.216108], [13.303419, 38.216084]]]}, "properties": {"pai_nmr": "040", "bacino": "Area tra F. Oreto e Punta Raisi", "provincia": "PA", "comune": "Palermo", "localita": "Versante sud di Pizzo Sella", "sigla": "040-6PM-091", "pericolo": "n.c.", "n_dsg": 4, "data_dsg": "2026-01-09", "ngurs_dsg": 4, "dgurs_dsg": "2026-01-23", "cls_dissesti_attivita": "Attivo", "col_dissesti_attivita": "#ff0000", "bor_dissesti_attivita": "#000000", "cls_dissesti_tipologia": "Crollo e/o ribaltamento", "col_dissesti_tipologia": "#000000", "bor_dissesti_tipologia": "#000000", "pat_dissesti_tipologia": "pai-dissesti_tipologia-0", "sup_ha": 0.4351}}, {"type": "Feature", "geometry": {"type": "Polygon", "coordinates": [[[13.304676, 38.215039], [13.304556, 38.21498], [13.304497, 38.214908], [13.304553, 38.214851], [13.304655, 38.214891], [13.304732, 38.21494], [13.304845, 38.215027], [13.304963, 38.215153], [13.305045, 38.215278], [13.305076, 38.215311], [13.305105, 38.215343], [13.305121, 38.21536], [13.305126, 38.21536], [13.305191, 38.215413], [13.305204, 38.215452], [13.305297, 38.215601], [13.305319, 38.215706], [13.305302, 38.215773], [13.305299, 38.215787], [13.305201, 38.215838], [13.305118, 38.215756], [13.30512, 38.215655], [13.305077, 38.215584], [13.305068, 38.215569], [13.304991, 38.21552], [13.304944, 38.215438], [13.304923, 38.215314], [13.304901, 38.215233], [13.304836, 38.21517], [13.304807, 38.215171], [13.3048, 38.21516], [13.304717, 38.215068], [13.304684, 38.215055], [13.304676, 38.215039]]]}, "properties": {"pai_nmr": "040", "bacino": "Area tra F. Oreto e Punta Raisi", "provincia": "PA", "comune": "Palermo", "localita": "Versante sud di Pizzo Sella", "sigla": "040-6PM-092", "pericolo": "n.c.", "n_dsg": 4, "data_dsg": "2026-01-09", "ngurs_dsg": 4, "dgurs_dsg": "2026-01-23", "cls_dissesti_attivita": "Attivo", "col_dissesti_attivita": "#ff0000", "bor_dissesti_attivita": "#000000", "cls_dissesti_tipologia": "Crollo e/o ribaltamento", "col_dissesti_tipologia": "#000000", "bor_dissesti_tipologia": "#000000", "pat_dissesti_tipologia": "pai-dissesti_tipologia-0", "sup_ha": 0.1731}}, {"type": "Feature", "geometry": {"type": "Polygon", "coordinates": [[[13.305758, 38.214597], [13.305751, 38.214611], [13.3057, 38.214699], [13.305688, 38.214776], [13.305701, 38.21485], [13.305758, 38.214932], [13.305767, 38.214963], [13.305764, 38.215075], [13.305763, 38.215156], [13.305713, 38.215251], [13.305697, 38.21523], [13.305629, 38.215095], [13.305639, 38.215011], [13.30564, 38.214953], [13.305593, 38.214883], [13.305588, 38.214878], [13.305535, 38.214816], [13.305454, 38.214742], [13.305421, 38.21466], [13.305443, 38.214575], [13.305482, 38.214492], [13.305484, 38.214487], [13.305482, 38.21448], [13.305483, 38.214433], [13.305497, 38.214323], [13.305508, 38.214313], [13.305534, 38.214221], [13.305554, 38.214189], [13.30558, 38.214148], [13.305628, 38.214167], [13.305629, 38.214167], [13.305672, 38.214184], [13.305711, 38.214231], [13.305739, 38.214286], [13.305772, 38.214348], [13.305784, 38.214441], [13.305777, 38.214534], [13.305758, 38.214597]]]}, "properties": {"pai_nmr": "040", "bacino": "Area tra F. Oreto e Punta Raisi", "provincia": "PA", "comune": "Palermo", "localita": "Versante sud di Pizzo Sella", "sigla": "040-6PM-093", "n_dpr": 91, "data_dpr": "2007-03-27", "pericolo": "n.c.", "ngurs": "26", "dgurs": "2007-06-08", "cls_dissesti_attivita": "Attivo", "col_dissesti_attivita": "#ff0000", "bor_dissesti_attivita": "#000000", "cls_dissesti_tipologia": "Crollo e/o ribaltamento", "col_dissesti_tipologia": "#000000", "bor_dissesti_tipologia": "#000000", "pat_dissesti_tipologia": "pai-dissesti_tipologia-0", "sup_ha": 0.2101}}, {"type": "Feature", "geometry": {"type": "Polygon", "coordinates": [[[13.304231, 38.213017], [13.304188, 38.212909], [13.304192, 38.212723], [13.304303, 38.212625], [13.304342, 38.212518], [13.304315, 38.212417], [13.304305, 38.212409], [13.30427, 38.212354], [13.304265, 38.212312], [13.30432, 38.212258], [13.304338, 38.212253], [13.304372, 38.212243], [13.304412, 38.212219], [13.304419, 38.212188], [13.304397, 38.212154], [13.30438, 38.212129], [13.30437, 38.212114], [13.304353, 38.212061], [13.304333, 38.211968], [13.304315, 38.211885], [13.304288, 38.211822], [13.304277, 38.211772], [13.30424, 38.211677], [13.30423, 38.211609], [13.304225, 38.211569], [13.304279, 38.211585], [13.304308, 38.211667], [13.304337, 38.2118], [13.304358, 38.211881], [13.304389, 38.212001], [13.304433, 38.212091], [13.304473, 38.212175], [13.304503, 38.212236], [13.304505, 38.212306], [13.304478, 38.212362], [13.30449, 38.212432], [13.304526, 38.212488], [13.304539, 38.212552], [13.304503, 38.212621], [13.304481, 38.21268], [13.304454, 38.2127], [13.304391, 38.212784], [13.304431, 38.212878], [13.304513, 38.212913], [13.304549, 38.212929], [13.304677, 38.213024], [13.304881, 38.213142], [13.305086, 38.213239], [13.305096, 38.213244], [13.305136, 38.213255], [13.305208, 38.213274], [13.305246, 38.213326], [13.305259, 38.21339], [13.305248, 38.21345], [13.305251, 38.213587], [13.305252, 38.213605], [13.305257, 38.213681], [13.305331, 38.213766], [13.305354, 38.213789], [13.305432, 38.213918], [13.305427, 38.213931], [13.305418, 38.214019], [13.305416, 38.214091], [13.305411, 38.214124], [13.305407, 38.214146], [13.30536, 38.214163], [13.305303, 38.21415], [13.30527, 38.21408], [13.30523, 38.213989], [13.305194, 38.21391], [13.30519, 38.213892], [13.305177, 38.213819], [13.305152, 38.21374], [13.305126, 38.213679], [13.305112, 38.213621], [13.305091, 38.213551], [13.30507, 38.213451], [13.305057, 38.213366], [13.304997, 38.213292], [13.304899, 38.213221], [13.304788, 38.213201], [13.30467, 38.21316], [13.304548, 38.213134], [13.304467, 38.21313], [13.304364, 38.213105], [13.304313, 38.213084], [13.304231, 38.213017]]]}, "properties": {"pai_nmr": "040", "bacino": "Area tra F. Oreto e Punta Raisi", "provincia": "PA", "comune": "Palermo", "localita": "Versante sud di Pizzo Sella", "sigla": "040-6PM-095", "pericolo": "n.c.", "n_dsg": 4, "data_dsg": "2026-01-09", "ngurs_dsg": 4, "dgurs_dsg": "2026-01-23", "cls_dissesti_attivita": "Attivo", "col_dissesti_attivita": "#ff0000", "bor_dissesti_attivita": "#000000", "cls_dissesti_tipologia": "Crollo e/o ribaltamento", "col_dissesti_tipologia": "#000000", "bor_dissesti_tipologia": "#000000", "pat_dissesti_tipologia": "pai-dissesti_tipologia-0", "sup_ha": 0.4468}}, {"type": "Feature", "geometry": {"type": "Polygon", "coordinates": [[[13.305793, 38.212997], [13.305795, 38.212997], [13.305818, 38.213005], [13.305818, 38.213004], [13.305775, 38.212896], [13.305779, 38.21271], [13.305855, 38.212561], [13.306039, 38.212442], [13.306068, 38.212357], [13.306053, 38.212235], [13.305991, 38.212163], [13.305903, 38.212083], [13.305915, 38.211933], [13.30598, 38.211869], [13.306078, 38.211956], [13.306173, 38.212151], [13.306214, 38.212338], [13.306184, 38.212466], [13.305999, 38.212635], [13.305931, 38.212798], [13.305955, 38.212935], [13.306097, 38.21308], [13.306177, 38.21316], [13.306197, 38.213217], [13.306254, 38.213248], [13.306298, 38.213334], [13.306328, 38.213396], [13.306249, 38.213456], [13.306111, 38.213405], [13.306051, 38.213372], [13.305984, 38.213243], [13.305878, 38.213127], [13.305808, 38.213018], [13.305793, 38.212997]]]}, "properties": {"pai_nmr": "040", "bacino": "Area tra F. Oreto e Punta Raisi", "provincia": "PA", "comune": "Palermo", "localita": "Versante sud di Pizzo Sella", "sigla": "040-6PM-096", "pericolo": "n.c.", "n_dsg": 4, "data_dsg": "2026-01-09", "ngurs_dsg": 4, "dgurs_dsg": "2026-01-23", "cls_dissesti_attivita": "Attivo", "col_dissesti_attivita": "#ff0000", "bor_dissesti_attivita": "#000000", "cls_dissesti_tipologia": "Crollo e/o ribaltamento", "col_dissesti_tipologia": "#000000", "bor_dissesti_tipologia": "#000000", "pat_dissesti_tipologia": "pai-dissesti_tipologia-0", "sup_ha": 0.2929}}, {"type": "Feature", "geometry": {"type": "Polygon", "coordinates": [[[13.304056, 38.206378], [13.304373, 38.20623], [13.304377, 38.206229], [13.304506, 38.206209], [13.304643, 38.206211], [13.304765, 38.206165], [13.304935, 38.206107], [13.305045, 38.206058], [13.305113, 38.206003], [13.305172, 38.205968], [13.305233, 38.205902], [13.305295, 38.20583], [13.305327, 38.205837], [13.305329, 38.205945], [13.305367, 38.20604], [13.305349, 38.206139], [13.305186, 38.206225], [13.305058, 38.206369], [13.305024, 38.206423], [13.304929, 38.206517], [13.304755, 38.20659], [13.304493, 38.206615], [13.304431, 38.20666], [13.304429, 38.206683], [13.304337, 38.206932], [13.304268, 38.207144], [13.304344, 38.207184], [13.304403, 38.207252], [13.304399, 38.207426], [13.304251, 38.207511], [13.304134, 38.207617], [13.304147, 38.20776], [13.30414, 38.20784], [13.304278, 38.207888], [13.304226, 38.208032], [13.304165, 38.20805], [13.303982, 38.20799], [13.303958, 38.207984], [13.3038, 38.207948], [13.303577, 38.208064], [13.303564, 38.208071], [13.303498, 38.208282], [13.303545, 38.20836], [13.303543, 38.208476], [13.303533, 38.208511], [13.303502, 38.20863], [13.303427, 38.208725], [13.303411, 38.208889], [13.30331, 38.209023], [13.303064, 38.209068], [13.303005, 38.209061], [13.302769, 38.209122], [13.3025, 38.209108], [13.301886, 38.209167], [13.301395, 38.209227], [13.300974, 38.209319], [13.30094, 38.209327], [13.300821, 38.209441], [13.300722, 38.209535], [13.300654, 38.209654], [13.300626, 38.20968], [13.300228, 38.209935], [13.300198, 38.209958], [13.300187, 38.209962], [13.299967, 38.210117], [13.299792, 38.210335], [13.299584, 38.2106], [13.299308, 38.210873], [13.299237, 38.210983], [13.298974, 38.21123], [13.298664, 38.21139], [13.298404, 38.211466], [13.298381, 38.211473], [13.298083, 38.211652], [13.297686, 38.211878], [13.297548, 38.211958], [13.297475, 38.212], [13.297428, 38.212024], [13.297368, 38.212082], [13.297348, 38.212104], [13.297112, 38.212352], [13.297037, 38.212526], [13.297021, 38.212564], [13.297014, 38.212563], [13.296921, 38.212562], [13.296899, 38.212562], [13.296816, 38.212425], [13.296845, 38.212233], [13.296889, 38.212195], [13.296945, 38.212147], [13.297205, 38.212016], [13.297273, 38.211975], [13.297602, 38.211799], [13.298011, 38.211564], [13.298309, 38.211404], [13.298716, 38.211255], [13.298918, 38.210988], [13.299267, 38.210732], [13.29957, 38.21034], [13.299984, 38.209921], [13.300406, 38.209667], [13.300744, 38.209324], [13.300879, 38.20914], [13.300918, 38.20913], [13.301076, 38.20901], [13.301132, 38.208977], [13.301246, 38.2088], [13.301449, 38.208475], [13.301774, 38.208219], [13.302075, 38.207895], [13.302399, 38.207629], [13.302872, 38.207327], [13.303203, 38.207283], [13.30357, 38.207279], [13.303735, 38.207059], [13.303726, 38.206895], [13.303769, 38.206615], [13.304056, 38.206378]]]}, "properties": {"pai_nmr": "040", "bacino": "Area tra F. Oreto e Punta Raisi", "provincia": "PA", "comune": "Palermo", "localita": "Pizzo Sella", "sigla": "040-6PM-100", "pericolo": "n.c.", "n_dsg": 4, "data_dsg": "2026-01-09", "ngurs_dsg": 4, "dgurs_dsg": "2026-01-23", "cls_dissesti_attivita": "Attivo", "col_dissesti_attivita": "#ff0000", "bor_dissesti_attivita": "#000000", "cls_dissesti_tipologia": "Crollo e/o ribaltamento", "col_dissesti_tipologia": "#000000", "bor_dissesti_tipologia": "#000000", "pat_dissesti_tipologia": "pai-dissesti_tipologia-0", "sup_ha": 5.2396}}, {"type": "Feature", "geometry": {"type": "Polygon", "coordinates": [[[13.296272, 38.201813], [13.296314, 38.201763], [13.296312, 38.201757], [13.296309, 38.201657], [13.296277, 38.201587], [13.296272, 38.201578], [13.296307, 38.2015], [13.296459, 38.201389], [13.296554, 38.201229], [13.296574, 38.201195], [13.296687, 38.201049], [13.296692, 38.201047], [13.296755, 38.201024], [13.29701, 38.200932], [13.297305, 38.200827], [13.297451, 38.200707], [13.297581, 38.200574], [13.297665, 38.200544], [13.297668, 38.200537], [13.297701, 38.200503], [13.29781, 38.200473], [13.297915, 38.200444], [13.298103, 38.200451], [13.298245, 38.200479], [13.298406, 38.20046], [13.298543, 38.200475], [13.298663, 38.200493], [13.298781, 38.20059], [13.299024, 38.200764], [13.29942, 38.201039], [13.299635, 38.201103], [13.29985, 38.201167], [13.300128, 38.201208], [13.300405, 38.20126], [13.300696, 38.201399], [13.300957, 38.201464], [13.301158, 38.201491], [13.301389, 38.201531], [13.301558, 38.20157], [13.301688, 38.201618], [13.301786, 38.201706], [13.301961, 38.201787], [13.302164, 38.201829], [13.30235, 38.201893], [13.302474, 38.201995], [13.30269, 38.202202], [13.302825, 38.202331], [13.302916, 38.202462], [13.302979, 38.202616], [13.303054, 38.202686], [13.303068, 38.202696], [13.303078, 38.20274], [13.303199, 38.202876], [13.303264, 38.202906], [13.303308, 38.202916], [13.303451, 38.202927], [13.303556, 38.202942], [13.303715, 38.202966], [13.303824, 38.203028], [13.303868, 38.203064], [13.303891, 38.203069], [13.304151, 38.203182], [13.304327, 38.203281], [13.304468, 38.203316], [13.304605, 38.203366], [13.304701, 38.203494], [13.304763, 38.203673], [13.304771, 38.203751], [13.304772, 38.203753], [13.304836, 38.203943], [13.304827, 38.20402], [13.304823, 38.204174], [13.304722, 38.204173], [13.304656, 38.204093], [13.304551, 38.203933], [13.304464, 38.203688], [13.304459, 38.203683], [13.304455, 38.203656], [13.304397, 38.203529], [13.30425, 38.203466], [13.304196, 38.203441], [13.304113, 38.203403], [13.303988, 38.203331], [13.303953, 38.203304], [13.303836, 38.203211], [13.303706, 38.203109], [13.303498, 38.203072], [13.303332, 38.203091], [13.303314, 38.203089], [13.303133, 38.203071], [13.302981, 38.202999], [13.302905, 38.202911], [13.302853, 38.202801], [13.302817, 38.202661], [13.302775, 38.2026], [13.302689, 38.202507], [13.302688, 38.202502], [13.302651, 38.202463], [13.302631, 38.202393], [13.302627, 38.20231], [13.302481, 38.202199], [13.3023, 38.202136], [13.302125, 38.202094], [13.301955, 38.202048], [13.301752, 38.202002], [13.301587, 38.201969], [13.301428, 38.201932], [13.301179, 38.201937], [13.301042, 38.2019], [13.300901, 38.201819], [13.300764, 38.201765], [13.300638, 38.201729], [13.300501, 38.201705], [13.300346, 38.201733], [13.300159, 38.201704], [13.300006, 38.201637], [13.299934, 38.201602], [13.299786, 38.201581], [13.299617, 38.201505], [13.299476, 38.20142], [13.299234, 38.20136], [13.299038, 38.201274], [13.298931, 38.201112], [13.298846, 38.200971], [13.298793, 38.20087], [13.298691, 38.200756], [13.298683, 38.200743], [13.298409, 38.200597], [13.298178, 38.200557], [13.298178, 38.200557], [13.298161, 38.200552], [13.297934, 38.200575], [13.297749, 38.200707], [13.297718, 38.200864], [13.297709, 38.20099], [13.297729, 38.201086], [13.297715, 38.20118], [13.29771, 38.20122], [13.297651, 38.201359], [13.297572, 38.20144], [13.297444, 38.201531], [13.297404, 38.20156], [13.29721, 38.201588], [13.297118, 38.201539], [13.296913, 38.201548], [13.296722, 38.201694], [13.296614, 38.20184], [13.296501, 38.201956], [13.296393, 38.202068], [13.296332, 38.202106], [13.296201, 38.202295], [13.296018, 38.202328], [13.295787, 38.202289], [13.295588, 38.202291], [13.295405, 38.202332], [13.295273, 38.202326], [13.295269, 38.202265], [13.29537, 38.202192], [13.295587, 38.202104], [13.295947, 38.202035], [13.296131, 38.201959], [13.296272, 38.201813]]]}, "properties": {"pai_nmr": "040", "bacino": "Area tra F. Oreto e Punta Raisi", "provincia": "PA", "comune": "Palermo", "localita": "Spinasanta", "sigla": "040-6PM-101", "pericolo": "n.c.", "n_dsg": 4, "data_dsg": "2026-01-09", "ngurs_dsg": 4, "dgurs_dsg": "2026-01-23", "cls_dissesti_attivita": "Attivo", "col_dissesti_attivita": "#ff0000", "bor_dissesti_attivita": "#000000", "cls_dissesti_tipologia": "Crollo e/o ribaltamento", "col_dissesti_tipologia": "#000000", "bor_dissesti_tipologia": "#000000", "pat_dissesti_tipologia": "pai-dissesti_tipologia-0", "sup_ha": 3.3959}}, {"type": "Feature", "geometry": {"type": "Polygon", "coordinates": [[[13.296513, 38.196803], [13.296515, 38.196801], [13.296614, 38.196688], [13.296648, 38.19656], [13.296621, 38.196416], [13.296654, 38.196288], [13.296681, 38.196179], [13.296671, 38.196093], [13.296661, 38.195973], [13.296639, 38.195868], [13.296594, 38.195758], [13.296559, 38.195675], [13.296554, 38.195662], [13.296573, 38.19559], [13.29664, 38.195601], [13.296713, 38.195656], [13.296717, 38.195659], [13.296783, 38.195694], [13.296805, 38.19578], [13.296808, 38.195904], [13.29683, 38.196009], [13.29683, 38.19601], [13.296823, 38.196044], [13.296875, 38.196143], [13.296934, 38.196201], [13.296931, 38.196335], [13.296844, 38.196448], [13.296896, 38.196549], [13.296844, 38.196667], [13.296773, 38.196762], [13.29677, 38.196766], [13.296772, 38.196772], [13.296815, 38.196901], [13.296861, 38.197011], [13.296852, 38.197139], [13.296764, 38.197253], [13.296762, 38.197339], [13.296858, 38.197473], [13.296861, 38.19752], [13.296884, 38.19755], [13.296918, 38.19767], [13.296933, 38.197794], [13.296857, 38.197858], [13.296822, 38.197888], [13.296765, 38.198016], [13.296688, 38.198177], [13.296649, 38.198333], [13.296639, 38.198491], [13.296643, 38.198501], [13.296691, 38.198601], [13.296682, 38.198711], [13.296542, 38.198775], [13.296383, 38.19884], [13.296229, 38.198976], [13.296184, 38.199043], [13.296175, 38.199087], [13.29618, 38.199264], [13.296223, 38.199446], [13.296306, 38.19958], [13.296343, 38.1997], [13.296413, 38.199848], [13.296458, 38.199934], [13.296552, 38.199997], [13.296707, 38.20003], [13.296762, 38.200055], [13.296796, 38.200134], [13.296919, 38.200303], [13.296919, 38.200402], [13.296982, 38.200461], [13.297112, 38.200518], [13.297132, 38.200528], [13.297156, 38.20062], [13.297038, 38.20067], [13.296901, 38.200623], [13.296829, 38.200544], [13.296766, 38.200461], [13.296677, 38.200367], [13.296559, 38.200256], [13.296376, 38.200117], [13.296178, 38.200067], [13.295992, 38.200074], [13.29576, 38.20003], [13.295657, 38.19997], [13.295564, 38.199877], [13.295493, 38.199773], [13.295483, 38.199664], [13.295528, 38.199562], [13.295649, 38.199407], [13.295788, 38.199351], [13.295915, 38.199291], [13.296, 38.199197], [13.296047, 38.199003], [13.29606, 38.198839], [13.296073, 38.198794], [13.296083, 38.198761], [13.29607, 38.198757], [13.29607, 38.198757], [13.296124, 38.198683], [13.296221, 38.198616], [13.296361, 38.198557], [13.296457, 38.19849], [13.296468, 38.198384], [13.296464, 38.198348], [13.296461, 38.198326], [13.296473, 38.198176], [13.296532, 38.198061], [13.296535, 38.198058], [13.296595, 38.197973], [13.296618, 38.197892], [13.296619, 38.197843], [13.29662, 38.197813], [13.296561, 38.197747], [13.296576, 38.197652], [13.296591, 38.197591], [13.296591, 38.197577], [13.296593, 38.197478], [13.296556, 38.197416], [13.29654, 38.197341], [13.296521, 38.197325], [13.296509, 38.197187], [13.296515, 38.196895], [13.296513, 38.196803]]]}, "properties": {"pai_nmr": "040", "bacino": "Area tra F. Oreto e Punta Raisi", "provincia": "PA", "comune": "Palermo", "localita": "Le Colonne", "sigla": "040-6PM-102", "pericolo": "n.c.", "n_dsg": 4, "data_dsg": "2026-01-09", "ngurs_dsg": 4, "dgurs_dsg": "2026-01-23", "cls_dissesti_attivita": "Attivo", "col_dissesti_attivita": "#ff0000", "bor_dissesti_attivita": "#000000", "cls_dissesti_tipologia": "Crollo e/o ribaltamento", "col_dissesti_tipologia": "#000000", "bor_dissesti_tipologia": "#000000", "pat_dissesti_tipologia": "pai-dissesti_tipologia-0", "sup_ha": 1.6523}}, {"type": "Feature", "geometry": {"type": "Polygon", "coordinates": [[[13.289595, 38.210309], [13.289601, 38.210305], [13.289623, 38.2103], [13.289636, 38.21032], [13.289631, 38.210378], [13.289624, 38.210399], [13.289592, 38.210446], [13.289555, 38.210487], [13.289532, 38.210525], [13.289512, 38.210562], [13.289484, 38.210613], [13.289454, 38.210642], [13.289426, 38.210696], [13.289391, 38.210734], [13.289341, 38.210763], [13.289334, 38.210792], [13.289358, 38.210807], [13.289384, 38.210801], [13.289411, 38.210771], [13.289431, 38.210733], [13.289458, 38.21069], [13.2895, 38.210631], [13.289545, 38.210581], [13.289584, 38.210521], [13.289615, 38.210451], [13.289658, 38.210399], [13.289708, 38.210356], [13.289742, 38.210344], [13.289766, 38.210361], [13.289776, 38.210378], [13.289731, 38.210445], [13.289651, 38.21059], [13.289493, 38.210722], [13.289428, 38.210856], [13.289424, 38.211026], [13.289329, 38.211098], [13.289222, 38.21106], [13.289178, 38.210937], [13.289182, 38.210791], [13.289262, 38.21067], [13.289372, 38.210574], [13.289498, 38.21049], [13.289595, 38.210309]]]}, "properties": {"pai_nmr": "040", "bacino": "Area tra F. Oreto e Punta Raisi", "provincia": "PA", "comune": "Palermo", "localita": "E di Punta Barcarello", "sigla": "040-6PM-105", "n_dpr": 91, "data_dpr": "2007-03-27", "pericolo": "n.c.", "ngurs": "26", "dgurs": "2007-06-08", "cls_dissesti_attivita": "Attivo", "col_dissesti_attivita": "#ff0000", "bor_dissesti_attivita": "#000000", "cls_dissesti_tipologia": "Crollo e/o ribaltamento", "col_dissesti_tipologia": "#000000", "bor_dissesti_tipologia": "#000000", "pat_dissesti_tipologia": "pai-dissesti_tipologia-0", "sup_ha": 0.157}}, {"type": "Feature", "geometry": {"type": "Polygon", "coordinates": [[[13.365791, 38.149056], [13.36577, 38.149083], [13.365729, 38.149122], [13.36569, 38.149153], [13.365666, 38.149177], [13.365669, 38.149204], [13.365696, 38.149233], [13.365722, 38.14927], [13.365735, 38.149312], [13.365745, 38.149353], [13.365734, 38.149388], [13.365688, 38.149456], [13.365645, 38.14949], [13.365593, 38.149524], [13.365528, 38.149572], [13.365489, 38.149597], [13.365452, 38.14961], [13.365409, 38.149617], [13.365386, 38.149619], [13.365335, 38.149626], [13.365297, 38.149648], [13.365278, 38.14966], [13.365253, 38.149675], [13.365226, 38.149675], [13.365212, 38.149663], [13.36521, 38.149641], [13.365222, 38.149627], [13.365249, 38.149612], [13.365283, 38.149596], [13.365335, 38.14958], [13.365386, 38.149577], [13.365434, 38.149569], [13.365465, 38.149555], [13.365513, 38.149527], [13.365549, 38.149505], [13.365583, 38.149477], [13.365612, 38.149459], [13.365645, 38.149437], [13.365663, 38.149413], [13.365679, 38.149383], [13.365684, 38.14935], [13.365685, 38.149312], [13.365669, 38.149276], [13.365654, 38.149237], [13.365652, 38.149206], [13.36564, 38.149165], [13.365642, 38.149127], [13.365673, 38.149088], [13.365715, 38.149046], [13.365751, 38.14901], [13.365766, 38.148992], [13.365797, 38.148955], [13.365835, 38.148919], [13.365872, 38.14888], [13.365902, 38.148852], [13.365933, 38.148824], [13.365961, 38.148799], [13.365992, 38.148772], [13.36602, 38.148759], [13.366055, 38.148743], [13.366079, 38.148728], [13.366086, 38.148707], [13.366099, 38.148674], [13.366129, 38.148644], [13.366173, 38.148602], [13.366201, 38.148578], [13.36623, 38.148559], [13.366252, 38.148537], [13.366257, 38.148517], [13.366274, 38.148476], [13.366287, 38.148444], [13.366321, 38.148419], [13.366354, 38.148401], [13.366379, 38.148386], [13.36638, 38.148383], [13.366448, 38.148351], [13.366462, 38.148314], [13.366493, 38.148285], [13.36653, 38.14825], [13.36657, 38.148213], [13.366599, 38.148184], [13.366612, 38.14814], [13.366627, 38.148095], [13.366643, 38.148032], [13.366655, 38.147975], [13.366694, 38.147918], [13.36675, 38.147876], [13.366757, 38.147832], [13.366753, 38.147803], [13.366749, 38.14777], [13.366747, 38.147722], [13.366751, 38.147681], [13.366769, 38.147642], [13.366794, 38.147614], [13.366796, 38.147614], [13.366799, 38.147605], [13.366836, 38.147596], [13.366884, 38.147582], [13.366937, 38.147557], [13.366986, 38.147513], [13.367039, 38.147457], [13.367115, 38.147376], [13.367211, 38.14728], [13.367255, 38.147202], [13.367292, 38.147147], [13.367307, 38.147095], [13.367313, 38.147056], [13.367311, 38.14702], [13.367316, 38.147002], [13.367328, 38.146986], [13.367336, 38.146985], [13.367344, 38.146977], [13.367392, 38.146958], [13.367428, 38.146936], [13.367463, 38.146913], [13.367493, 38.146899], [13.3675, 38.146879], [13.36751, 38.146856], [13.36752, 38.146826], [13.367543, 38.146799], [13.367539, 38.146747], [13.367557, 38.146709], [13.367572, 38.146677], [13.367598, 38.146646], [13.367631, 38.146608], [13.367647, 38.146594], [13.367649, 38.146581], [13.367649, 38.146571], [13.36766, 38.146569], [13.367667, 38.146576], [13.367666, 38.146587], [13.367666, 38.146588], [13.367662, 38.146596], [13.367654, 38.146611], [13.36765, 38.146638], [13.367641, 38.146664], [13.367629, 38.146703], [13.367619, 38.146737], [13.367614, 38.14677], [13.367603, 38.146808], [13.367589, 38.146835], [13.367566, 38.146859], [13.36755, 38.146886], [13.367536, 38.146903], [13.36751, 38.146915], [13.367509, 38.146915], [13.367509, 38.146917], [13.367496, 38.146918], [13.367447, 38.14694], [13.367418, 38.146961], [13.367379, 38.146985], [13.367352, 38.147005], [13.367341, 38.147008], [13.367339, 38.147024], [13.367349, 38.147042], [13.367355, 38.147062], [13.367364, 38.147083], [13.367368, 38.147107], [13.367369, 38.14714], [13.367359, 38.147173], [13.367335, 38.147206], [13.367317, 38.14724], [13.367287, 38.147283], [13.367244, 38.147322], [13.367192, 38.147364], [13.367168, 38.147432], [13.367128, 38.147473], [13.367077, 38.147534], [13.367057, 38.147563], [13.367019, 38.1476], [13.366985, 38.147628], [13.36694, 38.147638], [13.366905, 38.147642], [13.366869, 38.147646], [13.366836, 38.147667], [13.366828, 38.147667], [13.366812, 38.147691], [13.36682, 38.147722], [13.366823, 38.147747], [13.366819, 38.147785], [13.366802, 38.147822], [13.36678, 38.147857], [13.366746, 38.147903], [13.366723, 38.147958], [13.366703, 38.148004], [13.366691, 38.148057], [13.366676, 38.148095], [13.366656, 38.148141], [13.366625, 38.148197], [13.366594, 38.148235], [13.36657, 38.148263], [13.366538, 38.148296], [13.366511, 38.148323], [13.366491, 38.148363], [13.36647, 38.148395], [13.366432, 38.148418], [13.366427, 38.148419], [13.36639, 38.148453], [13.366341, 38.148497], [13.366285, 38.148554], [13.36624, 38.148598], [13.366192, 38.148655], [13.366139, 38.148714], [13.36608, 38.148768], [13.366, 38.148845], [13.365947, 38.148894], [13.365894, 38.148946], [13.365847, 38.149006], [13.36581, 38.149044], [13.365791, 38.149056]]]}, "properties": {"pai_nmr": "040", "bacino": "Area tra F. Oreto e Punta Raisi", "provincia": "PA", "comune": "Palermo", "localita": "NW di Villa Igea", "sigla": "040-6PM-107", "pericolo": "n.c.", "n_dsg": 4, "data_dsg": "2026-01-09", "ngurs_dsg": 4, "dgurs_dsg": "2026-01-23", "cls_dissesti_attivita": "Attivo", "col_dissesti_attivita": "#ff0000", "bor_dissesti_attivita": "#000000", "cls_dissesti_tipologia": "Crollo e/o ribaltamento", "col_dissesti_tipologia": "#000000", "bor_dissesti_tipologia": "#000000", "pat_dissesti_tipologia": "pai-dissesti_tipologia-0", "sup_ha": 0.2146}}, {"type": "Feature", "geometry": {"type": "Polygon", "coordinates": [[[13.292609, 38.148549], [13.292633, 38.148571], [13.292662, 38.148597], [13.292664, 38.148599], [13.292664, 38.148602], [13.292665, 38.148611], [13.292658, 38.148676], [13.292643, 38.148733], [13.29263, 38.148768], [13.292613, 38.148785], [13.29261, 38.148786], [13.292568, 38.148772], [13.292546, 38.148755], [13.292525, 38.148711], [13.29251, 38.148674], [13.292495, 38.148614], [13.292486, 38.148555], [13.292494, 38.148485], [13.292524, 38.148417], [13.292549, 38.148356], [13.292567, 38.148299], [13.292587, 38.148268], [13.29261, 38.148241], [13.29264, 38.14823], [13.29264, 38.148228], [13.292647, 38.148226], [13.29272, 38.148198], [13.292775, 38.148161], [13.292831, 38.148133], [13.292859, 38.148138], [13.292867, 38.148161], [13.292846, 38.148197], [13.292813, 38.148219], [13.292768, 38.148278], [13.292753, 38.148292], [13.292749, 38.148292], [13.292727, 38.148316], [13.292698, 38.148331], [13.292676, 38.148351], [13.292659, 38.148388], [13.292668, 38.148413], [13.29267, 38.14842], [13.29267, 38.14844], [13.292665, 38.148464], [13.292657, 38.148476], [13.292632, 38.14849], [13.29262, 38.148498], [13.292612, 38.148503], [13.292612, 38.148525], [13.292609, 38.148549]]]}, "properties": {"pai_nmr": "040", "bacino": "Area tra F. Oreto e Punta Raisi", "provincia": "PA", "comune": "Palermo", "localita": "Cozzo S. Croce", "sigla": "040-6PM-108", "pericolo": "n.c.", "n_dsg": 4, "data_dsg": "2026-01-09", "ngurs_dsg": 4, "dgurs_dsg": "2026-01-23", "cls_dissesti_attivita": "Attivo", "col_dissesti_attivita": "#ff0000", "bor_dissesti_attivita": "#000000", "cls_dissesti_tipologia": "Crollo e/o ribaltamento", "col_dissesti_tipologia": "#000000", "bor_dissesti_tipologia": "#000000", "pat_dissesti_tipologia": "pai-dissesti_tipologia-0", "sup_ha": 0.0863}}, {"type": "Feature", "geometry": {"type": "Polygon", "coordinates": [[[13.269701, 38.150563], [13.269664, 38.150596], [13.269654, 38.150606], [13.26963, 38.150593], [13.269587, 38.150569], [13.269596, 38.150492], [13.269689, 38.150404], [13.269685, 38.150231], [13.269846, 38.15015], [13.270027, 38.15014], [13.270215, 38.150173], [13.270418, 38.150224], [13.270583, 38.150268], [13.270837, 38.150347], [13.270839, 38.150347], [13.270845, 38.150349], [13.270853, 38.15035], [13.271192, 38.150401], [13.271639, 38.150481], [13.271663, 38.150481], [13.271829, 38.150543], [13.272056, 38.15054], [13.272229, 38.150566], [13.272429, 38.150724], [13.272442, 38.150732], [13.272622, 38.15084], [13.272878, 38.150886], [13.273096, 38.150925], [13.273314, 38.150958], [13.273516, 38.151014], [13.273663, 38.151002], [13.273698, 38.150999], [13.273805, 38.151011], [13.273983, 38.151063], [13.274001, 38.151069], [13.274163, 38.151119], [13.274192, 38.151167], [13.274078, 38.151213], [13.27398, 38.151218], [13.273822, 38.151192], [13.27374, 38.151143], [13.273737, 38.15114], [13.273674, 38.151053], [13.273576, 38.151057], [13.273469, 38.151091], [13.273282, 38.151053], [13.273064, 38.151002], [13.272816, 38.150962], [13.272582, 38.150965], [13.272395, 38.150873], [13.272359, 38.150854], [13.272278, 38.150784], [13.272265, 38.150778], [13.271963, 38.150774], [13.271632, 38.150745], [13.271392, 38.15067], [13.271134, 38.150726], [13.270893, 38.150687], [13.270775, 38.150578], [13.27074, 38.150563], [13.270713, 38.150484], [13.270692, 38.150442], [13.27054, 38.150476], [13.270437, 38.150442], [13.270428, 38.150438], [13.270427, 38.150438], [13.270361, 38.15036], [13.270272, 38.150293], [13.270137, 38.150267], [13.269919, 38.150258], [13.269804, 38.150316], [13.269786, 38.150423], [13.269772, 38.150478], [13.269701, 38.150563]]]}, "properties": {"pai_nmr": "040", "bacino": "Area tra F. Oreto e Punta Raisi", "provincia": "PA", "comune": "Palermo", "localita": "Pizzo Cardillo", "sigla": "040-6PM-109", "pericolo": "n.c.", "n_dsg": 4, "data_dsg": "2026-01-09", "ngurs_dsg": 4, "dgurs_dsg": "2026-01-23", "cls_dissesti_attivita": "Attivo", "col_dissesti_attivita": "#ff0000", "bor_dissesti_attivita": "#000000", "cls_dissesti_tipologia": "Crollo e/o ribaltamento", "col_dissesti_tipologia": "#000000", "bor_dissesti_tipologia": "#000000", "pat_dissesti_tipologia": "pai-dissesti_tipologia-0", "sup_ha": 0.7855}}, {"type": "Feature", "geometry": {"type": "Polygon", "coordinates": [[[13.277856, 38.151953], [13.277899, 38.151949], [13.277939, 38.151925], [13.277982, 38.151941], [13.27802, 38.151955], [13.278118, 38.152036], [13.278218, 38.152066], [13.278334, 38.152132], [13.278496, 38.152206], [13.278678, 38.152209], [13.278804, 38.152247], [13.279032, 38.152236], [13.279071, 38.1522], [13.27919, 38.152095], [13.279392, 38.151983], [13.279642, 38.151821], [13.279898, 38.151732], [13.28008, 38.151729], [13.280135, 38.151728], [13.280371, 38.151739], [13.280559, 38.151783], [13.280633, 38.1518], [13.280678, 38.151821], [13.280976, 38.15192], [13.281183, 38.151995], [13.281409, 38.152055], [13.281644, 38.152123], [13.281816, 38.152169], [13.28193, 38.152307], [13.282014, 38.152361], [13.282056, 38.152388], [13.282088, 38.152393], [13.282237, 38.152419], [13.282401, 38.152407], [13.282461, 38.152396], [13.28252, 38.152366], [13.282523, 38.152365], [13.282712, 38.152333], [13.282794, 38.152334], [13.28292, 38.152365], [13.283003, 38.152384], [13.283019, 38.152394], [13.2832, 38.15242], [13.283338, 38.152392], [13.283458, 38.152315], [13.283742, 38.152197], [13.284044, 38.152137], [13.284302, 38.151983], [13.284578, 38.151843], [13.284863, 38.151689], [13.285038, 38.15162], [13.285089, 38.151612], [13.285164, 38.151601], [13.285166, 38.1516], [13.285164, 38.151603], [13.285146, 38.151665], [13.28497, 38.151806], [13.28462, 38.151973], [13.284379, 38.152192], [13.284103, 38.152346], [13.283691, 38.152455], [13.283443, 38.152537], [13.283397, 38.15257], [13.283369, 38.152601], [13.283349, 38.152604], [13.283214, 38.152627], [13.283103, 38.152626], [13.283005, 38.152624], [13.282833, 38.152579], [13.282733, 38.15251], [13.282698, 38.152526], [13.282535, 38.15251], [13.282315, 38.152571], [13.282124, 38.152568], [13.281953, 38.152501], [13.281793, 38.152334], [13.281596, 38.152223], [13.28138, 38.152148], [13.281108, 38.15208], [13.280846, 38.152018], [13.280594, 38.151928], [13.280341, 38.151846], [13.280114, 38.151835], [13.280036, 38.151852], [13.279995, 38.151855], [13.279973, 38.151867], [13.279929, 38.151889], [13.27983, 38.151939], [13.279682, 38.152016], [13.279526, 38.152092], [13.279379, 38.152162], [13.279204, 38.152274], [13.279111, 38.152338], [13.278947, 38.152378], [13.278683, 38.152361], [13.278656, 38.15236], [13.278489, 38.152297], [13.278458, 38.152285], [13.278341, 38.152219], [13.278143, 38.152122], [13.277935, 38.152098], [13.277826, 38.152082], [13.277801, 38.152002], [13.277856, 38.151953]]]}, "properties": {"pai_nmr": "040", "bacino": "Area tra F. Oreto e Punta Raisi", "provincia": "PA", "comune": "Palermo", "localita": "SW di Cozzo del Monaco", "sigla": "040-6PM-110", "pericolo": "n.c.", "n_dsg": 4, "data_dsg": "2026-01-09", "ngurs_dsg": 4, "dgurs_dsg": "2026-01-23", "cls_dissesti_attivita": "Attivo", "col_dissesti_attivita": "#ff0000", "bor_dissesti_attivita": "#000000", "cls_dissesti_tipologia": "Crollo e/o ribaltamento", "col_dissesti_tipologia": "#000000", "bor_dissesti_tipologia": "#000000", "pat_dissesti_tipologia": "pai-dissesti_tipologia-0", "sup_ha": 1.1616}}, {"type": "Feature", "geometry": {"type": "Polygon", "coordinates": [[[13.293066, 38.146491], [13.293099, 38.146433], [13.293172, 38.146378], [13.293258, 38.146307], [13.293339, 38.146213], [13.293352, 38.146188], [13.293376, 38.14617], [13.293408, 38.146118], [13.293433, 38.146075], [13.293446, 38.146016], [13.29349, 38.145961], [13.293553, 38.145886], [13.293584, 38.145829], [13.293603, 38.1458], [13.293675, 38.145844], [13.29371, 38.145888], [13.293709, 38.145945], [13.293653, 38.146011], [13.293645, 38.146083], [13.293631, 38.146174], [13.293629, 38.14618], [13.293575, 38.14623], [13.29347, 38.146329], [13.293422, 38.146409], [13.293419, 38.146415], [13.293278, 38.146508], [13.293156, 38.146588], [13.293142, 38.146597], [13.293018, 38.146644], [13.293001, 38.146647], [13.292941, 38.146656], [13.292937, 38.146637], [13.29293, 38.146599], [13.292974, 38.146537], [13.293066, 38.146491]]]}, "properties": {"pai_nmr": "040", "bacino": "Area tra F. Oreto e Punta Raisi", "provincia": "PA", "comune": "Palermo", "localita": "S di Cozzo S. Croce", "sigla": "040-6PM-111", "pericolo": "n.c.", "n_dsg": 4, "data_dsg": "2026-01-09", "ngurs_dsg": 4, "dgurs_dsg": "2026-01-23", "cls_dissesti_attivita": "Attivo", "col_dissesti_attivita": "#ff0000", "bor_dissesti_attivita": "#000000", "cls_dissesti_tipologia": "Crollo e/o ribaltamento", "col_dissesti_tipologia": "#000000", "bor_dissesti_tipologia": "#000000", "pat_dissesti_tipologia": "pai-dissesti_tipologia-0", "sup_ha": 0.1783}}, {"type": "Feature", "geometry": {"type": "Polygon", "coordinates": [[[13.289622, 38.144936], [13.289729, 38.144938], [13.289735, 38.144944], [13.289748, 38.144938], [13.289892, 38.144876], [13.289895, 38.144875], [13.289942, 38.144798], [13.289988, 38.144751], [13.290013, 38.14465], [13.290031, 38.144525], [13.290162, 38.144476], [13.290177, 38.144477], [13.290251, 38.144491], [13.290251, 38.144492], [13.290378, 38.14453], [13.29056, 38.144497], [13.290571, 38.144498], [13.290748, 38.144524], [13.290853, 38.144555], [13.290903, 38.144693], [13.290833, 38.144763], [13.290696, 38.144755], [13.29069, 38.144755], [13.290578, 38.144749], [13.290488, 38.144778], [13.29044, 38.144793], [13.290429, 38.144807], [13.290347, 38.144905], [13.290209, 38.144975], [13.29011, 38.145015], [13.290067, 38.145027], [13.289972, 38.145052], [13.28992, 38.145066], [13.289739, 38.145063], [13.289617, 38.145139], [13.28948, 38.145167], [13.289283, 38.145212], [13.289117, 38.145221], [13.289058, 38.145149], [13.289083, 38.145066], [13.289204, 38.14502], [13.289387, 38.144969], [13.289622, 38.144936]]]}, "properties": {"pai_nmr": "040", "bacino": "Area tra F. Oreto e Punta Raisi", "provincia": "PA", "comune": "Palermo", "localita": "NE di Monte Gibilformi", "sigla": "040-6PM-112", "pericolo": "n.c.", "n_dsg": 4, "data_dsg": "2026-01-09", "ngurs_dsg": 4, "dgurs_dsg": "2026-01-23", "cls_dissesti_attivita": "Attivo", "col_dissesti_attivita": "#ff0000", "bor_dissesti_attivita": "#000000", "cls_dissesti_tipologia": "Crollo e/o ribaltamento", "col_dissesti_tipologia": "#000000", "bor_dissesti_tipologia": "#000000", "pat_dissesti_tipologia": "pai-dissesti_tipologia-0", "sup_ha": 0.4683}}, {"type": "Feature", "geometry": {"type": "Polygon", "coordinates": [[[13.28793, 38.144256], [13.287758, 38.144219], [13.28762, 38.144217], [13.287517, 38.144222], [13.287352, 38.144227], [13.287154, 38.144204], [13.287008, 38.144174], [13.286897, 38.144104], [13.28685, 38.144008], [13.28684, 38.143987], [13.286886, 38.143889], [13.286894, 38.143872], [13.286892, 38.143871], [13.286904, 38.143838], [13.286992, 38.143758], [13.287113, 38.143746], [13.287224, 38.143771], [13.287242, 38.143775], [13.287414, 38.143812], [13.287562, 38.143855], [13.287715, 38.143857], [13.287863, 38.143811], [13.287977, 38.143731], [13.288109, 38.143638], [13.288273, 38.143626], [13.288425, 38.143615], [13.288525, 38.143575], [13.288588, 38.14346], [13.288595, 38.143372], [13.288659, 38.143283], [13.288753, 38.143236], [13.288894, 38.143152], [13.288966, 38.143084], [13.289099, 38.143031], [13.289211, 38.143033], [13.289322, 38.14311], [13.289459, 38.143146], [13.289617, 38.143066], [13.289628, 38.143061], [13.289653, 38.143066], [13.28981, 38.142982], [13.289935, 38.142911], [13.289992, 38.142879], [13.289993, 38.142874], [13.2901, 38.142725], [13.290076, 38.142609], [13.290139, 38.142501], [13.290262, 38.142427], [13.290383, 38.142422], [13.290591, 38.142405], [13.29062, 38.142409], [13.290844, 38.1423], [13.290969, 38.142256], [13.291019, 38.1422], [13.291149, 38.142195], [13.291276, 38.142265], [13.291283, 38.142272], [13.291353, 38.142307], [13.291325, 38.142416], [13.29115, 38.142502], [13.290992, 38.142615], [13.290824, 38.14279], [13.290553, 38.142916], [13.290386, 38.143043], [13.290277, 38.143253], [13.290065, 38.143462], [13.289779, 38.143526], [13.289554, 38.143515], [13.28925, 38.143586], [13.288973, 38.143637], [13.288756, 38.143668], [13.288555, 38.143753], [13.288414, 38.143888], [13.288339, 38.144012], [13.288333, 38.14405], [13.28833, 38.144063], [13.288306, 38.14407], [13.288295, 38.144193], [13.288225, 38.144199], [13.288198, 38.144267], [13.288111, 38.144293], [13.288022, 38.144298], [13.28793, 38.144256]]]}, "properties": {"pai_nmr": "040", "bacino": "Area tra F. Oreto e Punta Raisi", "provincia": "PA", "comune": "Palermo", "localita": "NE di Monte Gibilformi", "sigla": "040-6PM-113", "pericolo": "n.c.", "n_dsg": 4, "data_dsg": "2026-01-09", "ngurs_dsg": 4, "dgurs_dsg": "2026-01-23", "cls_dissesti_attivita": "Attivo", "col_dissesti_attivita": "#ff0000", "bor_dissesti_attivita": "#000000", "cls_dissesti_tipologia": "Crollo e/o ribaltamento", "col_dissesti_tipologia": "#000000", "bor_dissesti_tipologia": "#000000", "pat_dissesti_tipologia": "pai-dissesti_tipologia-0", "sup_ha": 2.0578}}, {"type": "Feature", "geometry": {"type": "Polygon", "coordinates": [[[13.299646, 38.140818], [13.299556, 38.140892], [13.299497, 38.140985], [13.29939, 38.141063], [13.299308, 38.141172], [13.299226, 38.141281], [13.299075, 38.141341], [13.299015, 38.141372], [13.298926, 38.141508], [13.298867, 38.141591], [13.298829, 38.141596], [13.298783, 38.141687], [13.298654, 38.141851], [13.298574, 38.141936], [13.298511, 38.142002], [13.298419, 38.142123], [13.298321, 38.142247], [13.298171, 38.142281], [13.298121, 38.142285], [13.297986, 38.142298], [13.297822, 38.142303], [13.297678, 38.142277], [13.297609, 38.142217], [13.29763, 38.142182], [13.297709, 38.142207], [13.297824, 38.142189], [13.297984, 38.14216], [13.298116, 38.142134], [13.298174, 38.142135], [13.29832, 38.14209], [13.298372, 38.141996], [13.298434, 38.141899], [13.298541, 38.141802], [13.298628, 38.141721], [13.298714, 38.141631], [13.298781, 38.141534], [13.298843, 38.141452], [13.298911, 38.141327], [13.298949, 38.141281], [13.298957, 38.141273], [13.299052, 38.141266], [13.299167, 38.141221], [13.29926, 38.141084], [13.299368, 38.140964], [13.299459, 38.140883], [13.299581, 38.140798], [13.299583, 38.140719], [13.299605, 38.140621], [13.299632, 38.140531], [13.299687, 38.140473], [13.29979, 38.140463], [13.299797, 38.140463], [13.299852, 38.140467], [13.299865, 38.140476], [13.299892, 38.140492], [13.299876, 38.140537], [13.299847, 38.140547], [13.299818, 38.140558], [13.299788, 38.140587], [13.299756, 38.140631], [13.299711, 38.140684], [13.299697, 38.140722], [13.299646, 38.140818]]]}, "properties": {"pai_nmr": "040", "bacino": "Area tra F. Oreto e Punta Raisi", "provincia": "PA", "comune": "Palermo", "localita": "E di Monte Gibilformi", "sigla": "040-6PM-114", "pericolo": "n.c.", "n_dsg": 4, "data_dsg": "2026-01-09", "ngurs_dsg": 4, "dgurs_dsg": "2026-01-23", "cls_dissesti_attivita": "Attivo", "col_dissesti_attivita": "#ff0000", "bor_dissesti_attivita": "#000000", "cls_dissesti_tipologia": "Crollo e/o ribaltamento", "col_dissesti_tipologia": "#000000", "bor_dissesti_tipologia": "#000000", "pat_dissesti_tipologia": "pai-dissesti_tipologia-0", "sup_ha": 0.3139}}, {"type": "Feature", "geometry": {"type": "Polygon", "coordinates": [[[13.30364, 38.138548], [13.303641, 38.138525], [13.303612, 38.138425], [13.303571, 38.13835], [13.303556, 38.138272], [13.303537, 38.138184], [13.303532, 38.138084], [13.303496, 38.137995], [13.30347, 38.137901], [13.303451, 38.137823], [13.303428, 38.137748], [13.303415, 38.137709], [13.30341, 38.137701], [13.303409, 38.13767], [13.303411, 38.137568], [13.303396, 38.137471], [13.303351, 38.137431], [13.303292, 38.137397], [13.303191, 38.137393], [13.30311, 38.137425], [13.303056, 38.137466], [13.303034, 38.137493], [13.303035, 38.137494], [13.302999, 38.137529], [13.30297, 38.137575], [13.302906, 38.137602], [13.30286, 38.13761], [13.302812, 38.137579], [13.302788, 38.137537], [13.302779, 38.137495], [13.302755, 38.13747], [13.302754, 38.137469], [13.302734, 38.137469], [13.302662, 38.137419], [13.302635, 38.137371], [13.302576, 38.137348], [13.302513, 38.137311], [13.302504, 38.13727], [13.302473, 38.137225], [13.30244, 38.137161], [13.302392, 38.137122], [13.302321, 38.137134], [13.302258, 38.137145], [13.302132, 38.137126], [13.302013, 38.137127], [13.301943, 38.137126], [13.301922, 38.137126], [13.301832, 38.137117], [13.301776, 38.137104], [13.301681, 38.1371], [13.301558, 38.137121], [13.301441, 38.137216], [13.301366, 38.137259], [13.301268, 38.137252], [13.301219, 38.137235], [13.301164, 38.137223], [13.301091, 38.137208], [13.301083, 38.137207], [13.301052, 38.137199], [13.300987, 38.137162], [13.300945, 38.137126], [13.30089, 38.137097], [13.300844, 38.137099], [13.300844, 38.137099], [13.300841, 38.137099], [13.300792, 38.137115], [13.300738, 38.137142], [13.300719, 38.137142], [13.300696, 38.137141], [13.300669, 38.137111], [13.300638, 38.137077], [13.300625, 38.137066], [13.300583, 38.137043], [13.300549, 38.137023], [13.300482, 38.137003], [13.300444, 38.136997], [13.300391, 38.137007], [13.300328, 38.137023], [13.300326, 38.137024], [13.300104, 38.137047], [13.299908, 38.137125], [13.299812, 38.137261], [13.299665, 38.137444], [13.29954, 38.137539], [13.299485, 38.137644], [13.29948, 38.137647], [13.299478, 38.137655], [13.299475, 38.137673], [13.299476, 38.137682], [13.299472, 38.137689], [13.299471, 38.137691], [13.299461, 38.13771], [13.29944, 38.137729], [13.299422, 38.137715], [13.299434, 38.137654], [13.299435, 38.137624], [13.299433, 38.137561], [13.299433, 38.137557], [13.299437, 38.137555], [13.29949, 38.137525], [13.299518, 38.137512], [13.299558, 38.137471], [13.299602, 38.137386], [13.299621, 38.137325], [13.299629, 38.137313], [13.299668, 38.137256], [13.299725, 38.137191], [13.299772, 38.137128], [13.299779, 38.137122], [13.299788, 38.137113], [13.299903, 38.137064], [13.300087, 38.136989], [13.300242, 38.136938], [13.300394, 38.136905], [13.300488, 38.136912], [13.300572, 38.136913], [13.300701, 38.136934], [13.300729, 38.136937], [13.300736, 38.136943], [13.300781, 38.136943], [13.300782, 38.136943], [13.300788, 38.136941], [13.300824, 38.136927], [13.300882, 38.136915], [13.300978, 38.136921], [13.301069, 38.136942], [13.301176, 38.136993], [13.301209, 38.137066], [13.301237, 38.137094], [13.301345, 38.137101], [13.30142, 38.137038], [13.301534, 38.136979], [13.301625, 38.13695], [13.301755, 38.136963], [13.301856, 38.136976], [13.301968, 38.136977], [13.302097, 38.136985], [13.302164, 38.136963], [13.302231, 38.136956], [13.302304, 38.13696], [13.302328, 38.136966], [13.302329, 38.136966], [13.302423, 38.136967], [13.302489, 38.137015], [13.302522, 38.137071], [13.302623, 38.137136], [13.302667, 38.137189], [13.302689, 38.13725], [13.302696, 38.13727], [13.302737, 38.137337], [13.30277, 38.137409], [13.302822, 38.137427], [13.302924, 38.137425], [13.303016, 38.137382], [13.303091, 38.137342], [13.303133, 38.137326], [13.303146, 38.137321], [13.303211, 38.137294], [13.303295, 38.137301], [13.303367, 38.137351], [13.303435, 38.137435], [13.303468, 38.13753], [13.303514, 38.137636], [13.30352, 38.13769], [13.30352, 38.137694], [13.303519, 38.137749], [13.303521, 38.137813], [13.303543, 38.137907], [13.303593, 38.138019], [13.303606, 38.13808], [13.303622, 38.138132], [13.303623, 38.138224], [13.303635, 38.13831], [13.303644, 38.138401], [13.30366, 38.138454], [13.3037, 38.138538], [13.303704, 38.138537], [13.303706, 38.13855], [13.303707, 38.138557], [13.303708, 38.138568], [13.303713, 38.138607], [13.303693, 38.138681], [13.303657, 38.138747], [13.303565, 38.138793], [13.303511, 38.13885], [13.303407, 38.138959], [13.303255, 38.13902], [13.303124, 38.139071], [13.303015, 38.139111], [13.302971, 38.139155], [13.302851, 38.139208], [13.302676, 38.139219], [13.302574, 38.139218], [13.302488, 38.139178], [13.302457, 38.139128], [13.302384, 38.139113], [13.302328, 38.13912], [13.302278, 38.139142], [13.302204, 38.139182], [13.302127, 38.139162], [13.302023, 38.139138], [13.301947, 38.139096], [13.301853, 38.139042], [13.301804, 38.139044], [13.301719, 38.139089], [13.301673, 38.139122], [13.301574, 38.139154], [13.301392, 38.139154], [13.301266, 38.139138], [13.301105, 38.139158], [13.30103, 38.139198], [13.300921, 38.13923], [13.300829, 38.139276], [13.300685, 38.139293], [13.300572, 38.139311], [13.300466, 38.139362], [13.300409, 38.139436], [13.300299, 38.139478], [13.30018, 38.139493], [13.300131, 38.139487], [13.300114, 38.139445], [13.300077, 38.139384], [13.300103, 38.139334], [13.300194, 38.139333], [13.300229, 38.139331], [13.300289, 38.139293], [13.300353, 38.139241], [13.300439, 38.139193], [13.300524, 38.13913], [13.300627, 38.139079], [13.300744, 38.139028], [13.300836, 38.13898], [13.300945, 38.138937], [13.301124, 38.138926], [13.30131, 38.138912], [13.301503, 38.138884], [13.301615, 38.138903], [13.301635, 38.138928], [13.301698, 38.13897], [13.301767, 38.138991], [13.301865, 38.138989], [13.30197, 38.138988], [13.302029, 38.139011], [13.302068, 38.139012], [13.30213, 38.139046], [13.302151, 38.139065], [13.302196, 38.13908], [13.302276, 38.139078], [13.302364, 38.139085], [13.302445, 38.139064], [13.302501, 38.139059], [13.30256, 38.13908], [13.302595, 38.139088], [13.302675, 38.139089], [13.302777, 38.139085], [13.302896, 38.139071], [13.303031, 38.139025], [13.303221, 38.138962], [13.303369, 38.138906], [13.303409, 38.138848], [13.303446, 38.138794], [13.303493, 38.138733], [13.30356, 38.138693], [13.303617, 38.138655], [13.303633, 38.138564], [13.303641, 38.138549], [13.30364, 38.138548]]]}, "properties": {"pai_nmr": "040", "bacino": "Area tra F. Oreto e Punta Raisi", "provincia": "PA", "comune": "Palermo", "localita": "Montagnola S. Rosalia", "sigla": "040-6PM-115", "pericolo": "n.c.", "n_dsg": 4, "data_dsg": "2026-01-09", "ngurs_dsg": 4, "dgurs_dsg": "2026-01-23", "cls_dissesti_attivita": "Attivo", "col_dissesti_attivita": "#ff0000", "bor_dissesti_attivita": "#000000", "cls_dissesti_tipologia": "Crollo e/o ribaltamento", "col_dissesti_tipologia": "#000000", "bor_dissesti_tipologia": "#000000", "pat_dissesti_tipologia": "pai-dissesti_tipologia-0", "sup_ha": 1.208}}, {"type": "Feature", "geometry": {"type": "Polygon", "coordinates": [[[13.282646, 38.135345], [13.282753, 38.13542], [13.282798, 38.135482], [13.282811, 38.135568], [13.282733, 38.135603], [13.282533, 38.135539], [13.282441, 38.135513], [13.282331, 38.135609], [13.282252, 38.135669], [13.282081, 38.135728], [13.282001, 38.135812], [13.281967, 38.135958], [13.281858, 38.136018], [13.281763, 38.136114], [13.28173, 38.136199], [13.281881, 38.136323], [13.281802, 38.136407], [13.281738, 38.13648], [13.281736, 38.136602], [13.281794, 38.136749], [13.281776, 38.136871], [13.281649, 38.136979], [13.281478, 38.137025], [13.281368, 38.137134], [13.281242, 38.137229], [13.281089, 38.137142], [13.281217, 38.136973], [13.28139, 38.136853], [13.281531, 38.13677], [13.281609, 38.13671], [13.281582, 38.136563], [13.281508, 38.136415], [13.281452, 38.136183], [13.281548, 38.136025], [13.281659, 38.135905], [13.281817, 38.135773], [13.281898, 38.135615], [13.281994, 38.135458], [13.282086, 38.135484], [13.282227, 38.135413], [13.282322, 38.135341], [13.282462, 38.135282], [13.282646, 38.135345]]]}, "properties": {"pai_nmr": "040", "bacino": "Area tra F. Oreto e Punta Raisi", "provincia": "PA", "comune": "Palermo", "localita": "Costa della Castellana", "sigla": "040-6PM-116", "n_dpr": 91, "data_dpr": "2007-03-27", "pericolo": "n.c.", "ngurs": "26", "dgurs": "2007-06-08", "cls_dissesti_attivita": "Attivo", "col_dissesti_attivita": "#ff0000", "bor_dissesti_attivita": "#000000", "cls_dissesti_tipologia": "Crollo e/o ribaltamento", "col_dissesti_tipologia": "#000000", "bor_dissesti_tipologia": "#000000", "pat_dissesti_tipologia": "pai-dissesti_tipologia-0", "sup_ha": 0.6115}}, {"type": "Feature", "geometry": {"type": "Polygon", "coordinates": [[[13.283197, 38.134255], [13.283262, 38.134134], [13.283325, 38.134073], [13.283401, 38.134123], [13.283445, 38.134222], [13.283475, 38.134295], [13.283518, 38.134406], [13.283563, 38.13448], [13.283607, 38.134578], [13.283529, 38.134601], [13.283438, 38.134527], [13.283344, 38.134611], [13.283325, 38.13472], [13.283322, 38.134855], [13.28335, 38.135014], [13.283283, 38.135196], [13.283142, 38.135292], [13.283001, 38.135375], [13.282988, 38.135289], [13.283038, 38.135119], [13.283026, 38.134972], [13.283124, 38.13473], [13.283113, 38.134534], [13.283197, 38.134255]]]}, "properties": {"pai_nmr": "040", "bacino": "Area tra F. Oreto e Punta Raisi", "provincia": "PA", "comune": "Palermo", "localita": "Costa della Castellana", "sigla": "040-6PM-117", "n_dpr": 91, "data_dpr": "2007-03-27", "pericolo": "n.c.", "ngurs": "26", "dgurs": "2007-06-08", "cls_dissesti_attivita": "Attivo", "col_dissesti_attivita": "#ff0000", "bor_dissesti_attivita": "#000000", "cls_dissesti_tipologia": "Crollo e/o ribaltamento", "col_dissesti_tipologia": "#000000", "bor_dissesti_tipologia": "#000000", "pat_dissesti_tipologia": "pai-dissesti_tipologia-0", "sup_ha": 0.3277}}, {"type": "Feature", "geometry": {"type": "Polygon", "coordinates": [[[13.278886, 38.137476], [13.278745, 38.137583], [13.278575, 38.137557], [13.278328, 38.137565], [13.278141, 38.137611], [13.277969, 38.137719], [13.277702, 38.137873], [13.277452, 38.138016], [13.277201, 38.138171], [13.27695, 38.138314], [13.276823, 38.138434], [13.276544, 38.138491], [13.276279, 38.138585], [13.276344, 38.138427], [13.276455, 38.138319], [13.276689, 38.138213], [13.276924, 38.138106], [13.277221, 38.137976], [13.277409, 38.137869], [13.277535, 38.137749], [13.277692, 38.137654], [13.277912, 38.13751], [13.278161, 38.137428], [13.278394, 38.137395], [13.27855, 38.137336], [13.278706, 38.137241], [13.278865, 38.137073], [13.279181, 38.136796], [13.279434, 38.136556], [13.279593, 38.136326], [13.279755, 38.136048], [13.280041, 38.135698], [13.280231, 38.13553], [13.280465, 38.135436], [13.280682, 38.135378], [13.280839, 38.135295], [13.281027, 38.135175], [13.281107, 38.135079], [13.281157, 38.134896], [13.281286, 38.134691], [13.281398, 38.134534], [13.28162, 38.134305], [13.282075, 38.133982], [13.282042, 38.134091], [13.281991, 38.134274], [13.28177, 38.13449], [13.281721, 38.134552], [13.281721, 38.134552], [13.281601, 38.134666], [13.28151, 38.134791], [13.28143, 38.134914], [13.281343, 38.135086], [13.281313, 38.135188], [13.281226, 38.135264], [13.281085, 38.135347], [13.280836, 38.135429], [13.280663, 38.135548], [13.280412, 38.135691], [13.280224, 38.135798], [13.280065, 38.136016], [13.279922, 38.136172], [13.27984, 38.136379], [13.279777, 38.136489], [13.279622, 38.136652], [13.279446, 38.136885], [13.279169, 38.137046], [13.279098, 38.137157], [13.279016, 38.1373], [13.278886, 38.137476]]]}, "properties": {"pai_nmr": "040", "bacino": "Area tra F. Oreto e Punta Raisi", "provincia": "PA", "comune": "Palermo", "localita": "SW di Monte Gibilformi", "sigla": "040-6PM-118", "n_dpr": 91, "data_dpr": "2007-03-27", "pericolo": "2", "ngurs": "26", "dgurs": "2007-06-08", "cls_dissesti_attivita": "Attivo", "col_dissesti_attivita": "#ff0000", "bor_dissesti_attivita": "#000000", "cls_dissesti_tipologia": "Dissesti dovuti ad erosione accelerata", "col_dissesti_tipologia": "#000000", "bor_dissesti_tipologia": "#000000", "pat_dissesti_tipologia": "pai-dissesti_tipologia-10", "sup_ha": 1.5002}}, {"type": "Feature", "geometry": {"type": "Polygon", "coordinates": [[[13.27403, 38.133669], [13.274065, 38.133467], [13.274084, 38.133436], [13.274134, 38.133358], [13.274145, 38.133354], [13.274146, 38.133353], [13.274236, 38.133315], [13.274313, 38.133333], [13.274375, 38.133347], [13.274431, 38.133373], [13.27452, 38.133374], [13.274558, 38.133375], [13.27466, 38.133341], [13.274761, 38.133327], [13.274881, 38.133354], [13.274854, 38.133444], [13.274831, 38.133456], [13.27477, 38.133488], [13.274688, 38.133501], [13.274586, 38.1335], [13.274498, 38.133469], [13.274391, 38.133447], [13.274315, 38.133476], [13.274303, 38.133526], [13.274294, 38.133536], [13.274248, 38.133605], [13.274246, 38.133705], [13.274244, 38.133775], [13.274229, 38.133815], [13.274242, 38.133833], [13.274241, 38.133849], [13.274215, 38.13394], [13.274167, 38.134119], [13.274113, 38.134238], [13.27401, 38.134307], [13.273934, 38.134322], [13.273923, 38.134307], [13.273876, 38.13435], [13.273843, 38.134404], [13.273792, 38.134444], [13.273722, 38.134433], [13.273686, 38.134347], [13.273657, 38.134257], [13.273665, 38.134177], [13.273718, 38.134082], [13.273802, 38.133979], [13.273964, 38.133856], [13.274054, 38.133775], [13.27403, 38.133669]]]}, "properties": {"pai_nmr": "040", "bacino": "Area tra F. Oreto e Punta Raisi", "provincia": "PA", "comune": "Palermo", "localita": "Pizzo Capra", "sigla": "040-6PM-119", "pericolo": "n.c.", "n_dsg": 4, "data_dsg": "2026-01-09", "ngurs_dsg": 4, "dgurs_dsg": "2026-01-23", "cls_dissesti_attivita": "Attivo", "col_dissesti_attivita": "#ff0000", "bor_dissesti_attivita": "#000000", "cls_dissesti_tipologia": "Crollo e/o ribaltamento", "col_dissesti_tipologia": "#000000", "bor_dissesti_tipologia": "#000000", "pat_dissesti_tipologia": "pai-dissesti_tipologia-0", "sup_ha": 0.3821}}, {"type": "Feature", "geometry": {"type": "Polygon", "coordinates": [[[13.271196, 38.134416], [13.270972, 38.134507], [13.270859, 38.134461], [13.270962, 38.134387], [13.27109, 38.134344], [13.271199, 38.134261], [13.27135, 38.134238], [13.27148, 38.13419], [13.271807, 38.134009], [13.272135, 38.133804], [13.272481, 38.133509], [13.272516, 38.133495], [13.27282, 38.133224], [13.273087, 38.132913], [13.273295, 38.132656], [13.273503, 38.132454], [13.273718, 38.132207], [13.273888, 38.132026], [13.273986, 38.131962], [13.274222, 38.131807], [13.274423, 38.131774], [13.274407, 38.131834], [13.27428, 38.131955], [13.274108, 38.132062], [13.27395, 38.132182], [13.273776, 38.13235], [13.273618, 38.132506], [13.273505, 38.1327], [13.27319, 38.132976], [13.272968, 38.133205], [13.272797, 38.133388], [13.272629, 38.133506], [13.272364, 38.133742], [13.272081, 38.133933], [13.271875, 38.134085], [13.271581, 38.134201], [13.271286, 38.134352], [13.271203, 38.134413], [13.271196, 38.134416]]]}, "properties": {"pai_nmr": "040", "bacino": "Area tra F. Oreto e Punta Raisi", "provincia": "PA", "comune": "Palermo", "localita": "W di Pizzo Capra", "sigla": "040-6PM-120", "pericolo": "1", "n_dsg": 4, "data_dsg": "2026-01-09", "ngurs_dsg": 4, "dgurs_dsg": "2026-01-23", "cls_dissesti_attivita": "Attivo", "col_dissesti_attivita": "#ff0000", "bor_dissesti_attivita": "#000000", "cls_dissesti_tipologia": "Dissesti dovuti ad erosione accelerata", "col_dissesti_tipologia": "#000000", "bor_dissesti_tipologia": "#000000", "pat_dissesti_tipologia": "pai-dissesti_tipologia-10", "sup_ha": 0.4904}}, {"type": "Feature", "geometry": {"type": "Polygon", "coordinates": [[[13.27332, 38.128197], [13.273375, 38.128265], [13.273433, 38.128354], [13.273456, 38.128391], [13.273459, 38.128395], [13.273492, 38.128444], [13.27353, 38.128502], [13.273555, 38.12857], [13.273567, 38.128634], [13.273576, 38.128704], [13.273595, 38.128747], [13.273624, 38.128822], [13.273629, 38.128878], [13.273593, 38.128891], [13.273553, 38.128849], [13.273534, 38.128786], [13.273525, 38.128727], [13.27352, 38.128673], [13.273486, 38.12859], [13.273455, 38.128516], [13.27343, 38.128448], [13.27342, 38.128425], [13.273388, 38.128399], [13.273317, 38.12832], [13.273257, 38.128243], [13.273198, 38.128139], [13.273114, 38.128088], [13.273067, 38.128033], [13.273003, 38.127937], [13.27296, 38.127893], [13.272904, 38.127847], [13.272895, 38.127834], [13.272838, 38.127756], [13.272776, 38.127699], [13.272698, 38.127632], [13.272594, 38.12758], [13.272535, 38.127552], [13.272465, 38.12755], [13.272461, 38.12755], [13.272305, 38.12749], [13.272295, 38.127485], [13.272203, 38.127462], [13.272098, 38.127436], [13.272031, 38.1274], [13.271995, 38.127346], [13.271988, 38.127315], [13.271975, 38.12726], [13.271976, 38.127217], [13.271977, 38.127201], [13.271999, 38.127167], [13.272037, 38.127168], [13.272058, 38.127183], [13.272049, 38.127211], [13.272049, 38.127218], [13.27206, 38.127223], [13.272057, 38.127246], [13.272077, 38.127304], [13.272139, 38.127376], [13.272231, 38.127413], [13.272312, 38.127434], [13.272452, 38.12745], [13.272537, 38.127468], [13.272546, 38.127477], [13.272646, 38.127531], [13.272767, 38.127616], [13.272874, 38.127701], [13.27304, 38.12784], [13.27312, 38.127934], [13.273119, 38.127937], [13.273122, 38.127939], [13.273131, 38.127984], [13.273179, 38.128023], [13.27322, 38.12807], [13.273271, 38.128132], [13.27332, 38.128197]]]}, "properties": {"pai_nmr": "040", "bacino": "Area tra F. Oreto e Punta Raisi", "provincia": "PA", "comune": "Palermo", "localita": "S di Pizzo Capra", "sigla": "040-6PM-121", "pericolo": "n.c.", "n_dsg": 4, "data_dsg": "2026-01-09", "ngurs_dsg": 4, "dgurs_dsg": "2026-01-23", "cls_dissesti_attivita": "Attivo", "col_dissesti_attivita": "#ff0000", "bor_dissesti_attivita": "#000000", "cls_dissesti_tipologia": "Crollo e/o ribaltamento", "col_dissesti_tipologia": "#000000", "bor_dissesti_tipologia": "#000000", "pat_dissesti_tipologia": "pai-dissesti_tipologia-0", "sup_ha": 0.1769}}, {"type": "Feature", "geometry": {"type": "Polygon", "coordinates": [[[13.267138, 38.129466], [13.267239, 38.129313], [13.267294, 38.129254], [13.267482, 38.128947], [13.267609, 38.128686], [13.26772, 38.128461], [13.267719, 38.128451], [13.267756, 38.128376], [13.267777, 38.128132], [13.267847, 38.127791], [13.267944, 38.127585], [13.26807, 38.127489], [13.268318, 38.127456], [13.268563, 38.127557], [13.268685, 38.127645], [13.268744, 38.127767], [13.268681, 38.127803], [13.268558, 38.127801], [13.268544, 38.127798], [13.268397, 38.127887], [13.268274, 38.127981], [13.268118, 38.128205], [13.268158, 38.128432], [13.268063, 38.128621], [13.267892, 38.128834], [13.267692, 38.128997], [13.267549, 38.129317], [13.267213, 38.129467], [13.267138, 38.129466]]]}, "properties": {"pai_nmr": "040", "bacino": "Area tra F. Oreto e Punta Raisi", "provincia": "PA", "comune": "Palermo", "localita": "Pizzo Scala", "sigla": "040-6PM-122", "pericolo": "n.c.", "n_dsg": 4, "data_dsg": "2026-01-09", "ngurs_dsg": 4, "dgurs_dsg": "2026-01-23", "cls_dissesti_attivita": "Attivo", "col_dissesti_attivita": "#ff0000", "bor_dissesti_attivita": "#000000", "cls_dissesti_tipologia": "Crollo e/o ribaltamento", "col_dissesti_tipologia": "#000000", "bor_dissesti_tipologia": "#000000", "pat_dissesti_tipologia": "pai-dissesti_tipologia-0", "sup_ha": 0.8123}}, {"type": "Feature", "geometry": {"type": "Polygon", "coordinates": [[[13.264326, 38.128972], [13.264452, 38.128864], [13.264686, 38.128782], [13.264829, 38.128625], [13.264971, 38.128505], [13.265082, 38.128373], [13.265255, 38.128241], [13.265491, 38.128049], [13.265804, 38.127907], [13.265962, 38.127751], [13.26612, 38.127595], [13.266309, 38.127475], [13.266451, 38.127343], [13.266669, 38.127273], [13.26701, 38.127254], [13.267181, 38.127171], [13.267386, 38.127039], [13.267543, 38.126907], [13.267901, 38.126791], [13.268307, 38.126626], [13.268745, 38.126425], [13.269257, 38.12631], [13.269506, 38.126265], [13.269721, 38.126292], [13.269998, 38.126358], [13.270275, 38.126435], [13.270719, 38.1266], [13.271073, 38.126642], [13.271352, 38.126634], [13.271615, 38.126601], [13.271909, 38.126581], [13.272063, 38.126608], [13.272309, 38.12666], [13.272585, 38.126774], [13.272939, 38.126828], [13.273215, 38.126918], [13.273584, 38.126996], [13.273938, 38.127087], [13.274291, 38.127178], [13.274751, 38.127343], [13.275274, 38.127448], [13.275657, 38.127564], [13.275763, 38.127688], [13.27567, 38.127698], [13.275424, 38.127622], [13.275117, 38.127544], [13.27481, 38.127466], [13.274534, 38.127352], [13.274088, 38.12726], [13.27355, 38.12713], [13.273089, 38.127026], [13.272659, 38.126909], [13.272259, 38.126818], [13.271782, 38.126738], [13.271395, 38.126769], [13.270915, 38.126798], [13.270593, 38.126708], [13.27027, 38.12663], [13.269826, 38.126453], [13.269471, 38.126447], [13.269145, 38.126504], [13.268912, 38.126549], [13.2686, 38.126654], [13.268381, 38.126785], [13.268071, 38.126818], [13.267882, 38.126949], [13.267568, 38.127164], [13.267332, 38.127344], [13.267052, 38.127401], [13.266835, 38.127446], [13.2666, 38.127565], [13.266348, 38.127757], [13.265987, 38.12802], [13.265626, 38.128246], [13.265234, 38.12846], [13.265123, 38.128618], [13.264979, 38.128811], [13.264757, 38.129027], [13.264537, 38.129183], [13.264381, 38.129254], [13.26427, 38.129362], [13.264143, 38.129506], [13.263952, 38.129736], [13.263746, 38.129977], [13.263571, 38.130157], [13.263352, 38.130276], [13.263105, 38.130285], [13.263184, 38.130213], [13.263342, 38.130068], [13.263453, 38.129948], [13.263783, 38.129696], [13.263974, 38.129492], [13.264133, 38.129287], [13.264229, 38.129154], [13.264326, 38.128972]]]}, "properties": {"pai_nmr": "040", "bacino": "Area tra F. Oreto e Punta Raisi", "provincia": "PA", "comune": "Palermo", "localita": "Vallone Scala di Carini", "sigla": "040-6PM-124", "n_dpr": 91, "data_dpr": "2007-03-27", "pericolo": "2", "ngurs": "26", "dgurs": "2007-06-08", "cls_dissesti_attivita": "Attivo", "col_dissesti_attivita": "#ff0000", "bor_dissesti_attivita": "#000000", "cls_dissesti_tipologia": "Dissesti dovuti ad erosione accelerata", "col_dissesti_tipologia": "#000000", "bor_dissesti_tipologia": "#000000", "pat_dissesti_tipologia": "pai-dissesti_tipologia-10", "sup_ha": 2.3109}}, {"type": "Feature", "geometry": {"type": "Polygon", "coordinates": [[[13.263555, 38.118917], [13.263539, 38.118853], [13.263807, 38.118742], [13.263979, 38.118744], [13.264179, 38.118726], [13.264487, 38.118626], [13.264861, 38.118537], [13.265329, 38.118386], [13.265795, 38.118341], [13.265934, 38.11828], [13.26597, 38.118273], [13.266029, 38.118238], [13.266073, 38.118212], [13.266195, 38.118167], [13.266289, 38.118127], [13.266456, 38.118076], [13.266611, 38.118045], [13.266795, 38.118063], [13.266888, 38.118084], [13.266937, 38.118095], [13.267056, 38.118141], [13.267266, 38.118159], [13.26745, 38.118179], [13.267569, 38.11822], [13.267624, 38.118252], [13.267629, 38.118305], [13.267625, 38.118306], [13.267599, 38.118313], [13.267551, 38.118347], [13.267468, 38.118364], [13.267416, 38.118361], [13.267393, 38.11836], [13.267345, 38.118317], [13.267252, 38.118283], [13.267169, 38.118276], [13.267016, 38.118262], [13.266896, 38.118251], [13.266799, 38.118211], [13.266682, 38.118201], [13.266554, 38.118214], [13.266392, 38.118253], [13.266282, 38.118299], [13.266137, 38.118356], [13.266137, 38.118357], [13.2661, 38.118366], [13.266091, 38.118377], [13.266058, 38.118382], [13.265937, 38.118421], [13.265835, 38.118444], [13.265763, 38.118457], [13.265649, 38.118494], [13.265581, 38.118523], [13.265472, 38.11853], [13.265396, 38.11855], [13.265295, 38.118531], [13.265268, 38.118542], [13.265244, 38.118601], [13.265168, 38.118648], [13.26513, 38.118665], [13.26513, 38.118666], [13.265123, 38.118667], [13.264949, 38.118738], [13.264862, 38.118732], [13.264832, 38.118702], [13.264742, 38.118701], [13.264628, 38.118749], [13.264514, 38.118783], [13.264371, 38.118826], [13.26425, 38.118857], [13.264114, 38.118855], [13.264006, 38.118838], [13.263874, 38.118842], [13.263761, 38.118858], [13.263693, 38.118884], [13.263658, 38.118922], [13.263642, 38.118928], [13.263555, 38.118917]]]}, "properties": {"pai_nmr": "040", "bacino": "Area tra F. Oreto e Punta Raisi", "provincia": "PA", "comune": "Palermo", "localita": "N di Monte Cuccio", "sigla": "040-6PM-128", "pericolo": "n.c.", "n_dsg": 4, "data_dsg": "2026-01-09", "ngurs_dsg": 4, "dgurs_dsg": "2026-01-23", "cls_dissesti_attivita": "Attivo", "col_dissesti_attivita": "#ff0000", "bor_dissesti_attivita": "#000000", "cls_dissesti_tipologia": "Crollo e/o ribaltamento", "col_dissesti_tipologia": "#000000", "bor_dissesti_tipologia": "#000000", "pat_dissesti_tipologia": "pai-dissesti_tipologia-0", "sup_ha": 0.5907}}, {"type": "Feature", "geometry": {"type": "Polygon", "coordinates": [[[13.276071, 38.125162], [13.275993, 38.125298], [13.275861, 38.125388], [13.275621, 38.125462], [13.275352, 38.125557], [13.275139, 38.125672], [13.274955, 38.125762], [13.274767, 38.125822], [13.274534, 38.125822], [13.274319, 38.125822], [13.274131, 38.125853], [13.273992, 38.12584], [13.274032, 38.1257], [13.274105, 38.125594], [13.274149, 38.125507], [13.274171, 38.125359], [13.274337, 38.12524], [13.274578, 38.125118], [13.274844, 38.12493], [13.275044, 38.124764], [13.275193, 38.1246], [13.275379, 38.124411], [13.275537, 38.124266], [13.275671, 38.12412], [13.275683, 38.123987], [13.275668, 38.123858], [13.275631, 38.123647], [13.275723, 38.123505], [13.275951, 38.123545], [13.276065, 38.123628], [13.276138, 38.123683], [13.276134, 38.123672], [13.276134, 38.123673], [13.276295, 38.123775], [13.276409, 38.123898], [13.276491, 38.123999], [13.276554, 38.1241], [13.276631, 38.124208], [13.27666, 38.124345], [13.276621, 38.124436], [13.276515, 38.124568], [13.276488, 38.124711], [13.276426, 38.124788], [13.276288, 38.124881], [13.276167, 38.125046], [13.276161, 38.125061], [13.276071, 38.125162]]]}, "properties": {"pai_nmr": "040", "bacino": "Area tra F. Oreto e Punta Raisi", "provincia": "PA", "comune": "Palermo", "localita": "Contrada La Rossella", "sigla": "040-6PM-131", "pericolo": "n.c.", "n_dsg": 4, "data_dsg": "2026-01-09", "ngurs_dsg": 4, "dgurs_dsg": "2026-01-23", "cls_dissesti_attivita": "Attivo", "col_dissesti_attivita": "#ff0000", "bor_dissesti_attivita": "#000000", "cls_dissesti_tipologia": "Crollo e/o ribaltamento", "col_dissesti_tipologia": "#000000", "bor_dissesti_tipologia": "#000000", "pat_dissesti_tipologia": "pai-dissesti_tipologia-0", "sup_ha": 2.5793}}, {"type": "Feature", "geometry": {"type": "Polygon", "coordinates": [[[13.278233, 38.123706], [13.278392, 38.123684], [13.278505, 38.123686], [13.278792, 38.123678], [13.279064, 38.123682], [13.279089, 38.123669], [13.27911, 38.123674], [13.279492, 38.12362], [13.279903, 38.123524], [13.280031, 38.123506], [13.280079, 38.123518], [13.280321, 38.123498], [13.280562, 38.123489], [13.280821, 38.123398], [13.281111, 38.123259], [13.281167, 38.123212], [13.28128, 38.123174], [13.281813, 38.123009], [13.282275, 38.122968], [13.282632, 38.122925], [13.282764, 38.122883], [13.282924, 38.12286], [13.283245, 38.122749], [13.283326, 38.122755], [13.283674, 38.122736], [13.284175, 38.1226], [13.284523, 38.122558], [13.284965, 38.12235], [13.285376, 38.122213], [13.285727, 38.122051], [13.286047, 38.121924], [13.286274, 38.121892], [13.286495, 38.121798], [13.286849, 38.12175], [13.287076, 38.121759], [13.286973, 38.121967], [13.286665, 38.122201], [13.286252, 38.122404], [13.285937, 38.122621], [13.285796, 38.122816], [13.285527, 38.122991], [13.285347, 38.123234], [13.285111, 38.123338], [13.284889, 38.123442], [13.284343, 38.1235], [13.284008, 38.123634], [13.283983, 38.123694], [13.28392, 38.123813], [13.283813, 38.123857], [13.283752, 38.123882], [13.283653, 38.123925], [13.283569, 38.123962], [13.283402, 38.124008], [13.283375, 38.124029], [13.283264, 38.124113], [13.283225, 38.124126], [13.283097, 38.12417], [13.282967, 38.124146], [13.282646, 38.124281], [13.282505, 38.124471], [13.282499, 38.124474], [13.2823, 38.124695], [13.28222, 38.124896], [13.282036, 38.125001], [13.28201, 38.125005], [13.282002, 38.125007], [13.281763, 38.125045], [13.281507, 38.125041], [13.281266, 38.125002], [13.281037, 38.124951], [13.280776, 38.124965], [13.280352, 38.125001], [13.280017, 38.125097], [13.279715, 38.125057], [13.279283, 38.125093], [13.278989, 38.125064], [13.278729, 38.124881], [13.27864, 38.124784], [13.278302, 38.124702], [13.278295, 38.124647], [13.277928, 38.124511], [13.277906, 38.124431], [13.27775, 38.124366], [13.277634, 38.12415], [13.277427, 38.123968], [13.277218, 38.123858], [13.27686, 38.123697], [13.276622, 38.123551], [13.276292, 38.123474], [13.275992, 38.123398], [13.275751, 38.123359], [13.275604, 38.123178], [13.275744, 38.123013], [13.275968, 38.123136], [13.276147, 38.123198], [13.276389, 38.123202], [13.276734, 38.123266], [13.276913, 38.123352], [13.277393, 38.123491], [13.277801, 38.123461], [13.277995, 38.123547], [13.278233, 38.123706]]]}, "properties": {"pai_nmr": "040", "bacino": "Area tra F. Oreto e Punta Raisi", "provincia": "PA", "comune": "Palermo", "localita": "Cozzo Paladino", "sigla": "040-6PM-132", "pericolo": "n.c.", "n_dsg": 4, "data_dsg": "2026-01-09", "ngurs_dsg": 4, "dgurs_dsg": "2026-01-23", "cls_dissesti_attivita": "Attivo", "col_dissesti_attivita": "#ff0000", "bor_dissesti_attivita": "#000000", "cls_dissesti_tipologia": "Crollo e/o ribaltamento", "col_dissesti_tipologia": "#000000", "bor_dissesti_tipologia": "#000000", "pat_dissesti_tipologia": "pai-dissesti_tipologia-0", "sup_ha": 11.8641}}, {"type": "Feature", "geometry": {"type": "Polygon", "coordinates": [[[13.287571, 38.12288], [13.287527, 38.1229], [13.287418, 38.122959], [13.287315, 38.123065], [13.287196, 38.123189], [13.287097, 38.123292], [13.287081, 38.123317], [13.287055, 38.123428], [13.287073, 38.123517], [13.287059, 38.123602], [13.286986, 38.123635], [13.286922, 38.123638], [13.286883, 38.123586], [13.286873, 38.123554], [13.286864, 38.123556], [13.28685, 38.123431], [13.286861, 38.123368], [13.286869, 38.123324], [13.286903, 38.123275], [13.286952, 38.123205], [13.287066, 38.123099], [13.287188, 38.123028], [13.287199, 38.123017], [13.287302, 38.12297], [13.287435, 38.122899], [13.287522, 38.122799], [13.287596, 38.122683], [13.287645, 38.122665], [13.287653, 38.122658], [13.287726, 38.122628], [13.287734, 38.122631], [13.28777, 38.122645], [13.287777, 38.122648], [13.287785, 38.122686], [13.287772, 38.12273], [13.287735, 38.122757], [13.287687, 38.122791], [13.287682, 38.122795], [13.287577, 38.122869], [13.287571, 38.12288]]]}, "properties": {"pai_nmr": "040", "bacino": "Area tra F. Oreto e Punta Raisi", "provincia": "PA", "comune": "Palermo", "localita": "E di Cozzo Paladino", "sigla": "040-6PM-133", "pericolo": "1", "n_dsg": 4, "data_dsg": "2026-01-09", "ngurs_dsg": 4, "dgurs_dsg": "2026-01-23", "cls_dissesti_attivita": "Attivo", "col_dissesti_attivita": "#ff0000", "bor_dissesti_attivita": "#000000", "cls_dissesti_tipologia": "Dissesti dovuti ad erosione accelerata", "col_dissesti_tipologia": "#000000", "bor_dissesti_tipologia": "#000000", "pat_dissesti_tipologia": "pai-dissesti_tipologia-10", "sup_ha": 0.1736}}, {"type": "Feature", "geometry": {"type": "Polygon", "coordinates": [[[13.29136, 38.114999], [13.291223, 38.114899], [13.291133, 38.1148], [13.291044, 38.114628], [13.290909, 38.114431], [13.290742, 38.114331], [13.290449, 38.114278], [13.290309, 38.114337], [13.290229, 38.114433], [13.290227, 38.114529], [13.290182, 38.114551], [13.290164, 38.114568], [13.290197, 38.114707], [13.290206, 38.114744], [13.290203, 38.114861], [13.290157, 38.114874], [13.290083, 38.114855], [13.290086, 38.114765], [13.29008, 38.114715], [13.290067, 38.114585], [13.290065, 38.114428], [13.290227, 38.114304], [13.2904, 38.114208], [13.290713, 38.114226], [13.290928, 38.114296], [13.291039, 38.11436], [13.291077, 38.114393], [13.29109, 38.114398], [13.291231, 38.114458], [13.291349, 38.114518], [13.291359, 38.114595], [13.291306, 38.114671], [13.291282, 38.114729], [13.291298, 38.114797], [13.291394, 38.114865], [13.291527, 38.114902], [13.29159, 38.114953], [13.291486, 38.114992], [13.291412, 38.115005], [13.291367, 38.115001], [13.29136, 38.114999]]]}, "properties": {"pai_nmr": "040", "bacino": "Area tra F. Oreto e Punta Raisi", "provincia": "PA", "comune": "Palermo", "localita": "S di Cozzo S. Isidoro", "sigla": "040-6PM-139", "pericolo": "n.c.", "n_dsg": 4, "data_dsg": "2026-01-09", "ngurs_dsg": 4, "dgurs_dsg": "2026-01-23", "cls_dissesti_attivita": "Attivo", "col_dissesti_attivita": "#ff0000", "bor_dissesti_attivita": "#000000", "cls_dissesti_tipologia": "Crollo e/o ribaltamento", "col_dissesti_tipologia": "#000000", "bor_dissesti_tipologia": "#000000", "pat_dissesti_tipologia": "pai-dissesti_tipologia-0", "sup_ha": 0.2884}}, {"type": "Feature", "geometry": {"type": "Polygon", "coordinates": [[[13.289669, 38.113961], [13.289867, 38.114074], [13.289896, 38.114172], [13.289784, 38.114329], [13.289736, 38.114401], [13.28981, 38.114512], [13.289886, 38.114599], [13.289898, 38.114709], [13.289698, 38.114669], [13.289362, 38.114506], [13.28895, 38.114317], [13.288723, 38.114106], [13.288493, 38.114029], [13.288232, 38.113928], [13.28791, 38.113825], [13.287758, 38.113738], [13.287684, 38.113578], [13.287547, 38.113491], [13.287412, 38.113342], [13.287521, 38.113307], [13.287721, 38.113322], [13.287954, 38.113277], [13.288172, 38.113219], [13.288512, 38.113199], [13.28876, 38.113166], [13.289021, 38.113256], [13.289218, 38.113429], [13.289353, 38.113578], [13.289502, 38.1138], [13.289669, 38.113961]]]}, "properties": {"pai_nmr": "040", "bacino": "Area tra F. Oreto e Punta Raisi", "provincia": "PA", "comune": "Palermo", "localita": "E di Casa del Rosario", "sigla": "040-6PM-140", "n_dpr": 91, "data_dpr": "2007-03-27", "pericolo": "2", "ngurs": "26", "dgurs": "2007-06-08", "cls_dissesti_attivita": "Attivo", "col_dissesti_attivita": "#ff0000", "bor_dissesti_attivita": "#000000", "cls_dissesti_tipologia": "Deformazione superficiale lenta", "col_dissesti_tipologia": "#000000", "bor_dissesti_tipologia": "#000000", "pat_dissesti_tipologia": "pai-dissesti_tipologia-8", "sup_ha": 1.7076}}, {"type": "Feature", "geometry": {"type": "Polygon", "coordinates": [[[13.306131, 38.110346], [13.306095, 38.110352], [13.30599, 38.11036], [13.305957, 38.110366], [13.305923, 38.110377], [13.30588, 38.110371], [13.305857, 38.110339], [13.305855, 38.110336], [13.305842, 38.110331], [13.305802, 38.110315], [13.305764, 38.110296], [13.305736, 38.110264], [13.305757, 38.110242], [13.305855, 38.110227], [13.305906, 38.110211], [13.305946, 38.110198], [13.305953, 38.110196], [13.305959, 38.110195], [13.305963, 38.110195], [13.305996, 38.110193], [13.306073, 38.110188], [13.306086, 38.110186], [13.306224, 38.110196], [13.306226, 38.110198], [13.306256, 38.110203], [13.306312, 38.110197], [13.306374, 38.110178], [13.306444, 38.110139], [13.306504, 38.110103], [13.306561, 38.110074], [13.306562, 38.110075], [13.306588, 38.110088], [13.306616, 38.110113], [13.306615, 38.110146], [13.306615, 38.110147], [13.306589, 38.110181], [13.306558, 38.110194], [13.306517, 38.11021], [13.306444, 38.110252], [13.306367, 38.110287], [13.306243, 38.110336], [13.306135, 38.110347], [13.306131, 38.110346]]]}, "properties": {"pai_nmr": "040", "bacino": "Area tra F. Oreto e Punta Raisi", "provincia": "PA", "comune": "Palermo", "localita": "Boccadifalco", "sigla": "040-6PM-141", "pericolo": "n.c.", "n_dsg": 4, "data_dsg": "2026-01-09", "ngurs_dsg": 4, "dgurs_dsg": "2026-01-23", "cls_dissesti_attivita": "Attivo", "col_dissesti_attivita": "#ff0000", "bor_dissesti_attivita": "#000000", "cls_dissesti_tipologia": "Crollo e/o ribaltamento", "col_dissesti_tipologia": "#000000", "bor_dissesti_tipologia": "#000000", "pat_dissesti_tipologia": "pai-dissesti_tipologia-0", "sup_ha": 0.1078}}, {"type": "Feature", "geometry": {"type": "Polygon", "coordinates": [[[13.344203, 38.105], [13.344353, 38.105209], [13.344564, 38.105456], [13.344792, 38.105618], [13.345221, 38.105771], [13.345482, 38.105872], [13.345665, 38.105936], [13.34554, 38.10602], [13.345202, 38.105917], [13.344865, 38.105802], [13.344575, 38.105627], [13.344363, 38.105466], [13.344182, 38.105256], [13.344093, 38.105083], [13.344144, 38.104877], [13.344203, 38.105]]]}, "properties": {"pai_nmr": "040", "bacino": "Area tra F. Oreto e Punta Raisi", "provincia": "PA", "comune": "Palermo", "localita": "Città Universitaria", "sigla": "040-6PM-144", "n_dpr": 91, "data_dpr": "2007-03-27", "pericolo": "1", "ngurs": "26", "dgurs": "2007-06-08", "cls_dissesti_attivita": "Attivo", "col_dissesti_attivita": "#ff0000", "bor_dissesti_attivita": "#000000", "cls_dissesti_tipologia": "Dissesti dovuti ad erosione accelerata", "col_dissesti_tipologia": "#000000", "bor_dissesti_tipologia": "#000000", "pat_dissesti_tipologia": "pai-dissesti_tipologia-10", "sup_ha": 0.2542}}, {"type": "Feature", "geometry": {"type": "Polygon", "coordinates": [[[13.343514, 38.102695], [13.343316, 38.10257], [13.343242, 38.102398], [13.343261, 38.102239], [13.343417, 38.102193], [13.343507, 38.102304], [13.343504, 38.10245], [13.343778, 38.102625], [13.344052, 38.102812], [13.344173, 38.102936], [13.344263, 38.103059], [13.344228, 38.10323], [13.344178, 38.103388], [13.344111, 38.103594], [13.344046, 38.103764], [13.343877, 38.103701], [13.343895, 38.103591], [13.343929, 38.10347], [13.34398, 38.103263], [13.343985, 38.103043], [13.343879, 38.102932], [13.343681, 38.102819], [13.343514, 38.102695]]]}, "properties": {"pai_nmr": "040", "bacino": "Area tra F. Oreto e Punta Raisi", "provincia": "PA", "comune": "Palermo", "localita": "Città Universitaria", "sigla": "040-6PM-145", "n_dpr": 91, "data_dpr": "2007-03-27", "pericolo": "1", "ngurs": "26", "dgurs": "2007-06-08", "cls_dissesti_attivita": "Attivo", "col_dissesti_attivita": "#ff0000", "bor_dissesti_attivita": "#000000", "cls_dissesti_tipologia": "Dissesti dovuti ad erosione accelerata", "col_dissesti_tipologia": "#000000", "bor_dissesti_tipologia": "#000000", "pat_dissesti_tipologia": "pai-dissesti_tipologia-10", "sup_ha": 0.4037}}, {"type": "Feature", "geometry": {"type": "Polygon", "coordinates": [[[13.348761, 38.106382], [13.349128, 38.106558], [13.349466, 38.106661], [13.349848, 38.106813], [13.350077, 38.106962], [13.350334, 38.107198], [13.350495, 38.107591], [13.350644, 38.107837], [13.350657, 38.107972], [13.350563, 38.108031], [13.350459, 38.107822], [13.350372, 38.107601], [13.350101, 38.107268], [13.349676, 38.106932], [13.349095, 38.106668], [13.348696, 38.10654], [13.348589, 38.106465], [13.348592, 38.106355], [13.348761, 38.106382]]]}, "properties": {"pai_nmr": "040", "bacino": "Area tra F. Oreto e Punta Raisi", "provincia": "PA", "comune": "Palermo", "localita": "Città Universitaria", "sigla": "040-6PM-146", "n_dpr": 91, "data_dpr": "2007-03-27", "pericolo": "1", "ngurs": "26", "dgurs": "2007-06-08", "cls_dissesti_attivita": "Attivo", "col_dissesti_attivita": "#ff0000", "bor_dissesti_attivita": "#000000", "cls_dissesti_tipologia": "Dissesti dovuti ad erosione accelerata", "col_dissesti_tipologia": "#000000", "bor_dissesti_tipologia": "#000000", "pat_dissesti_tipologia": "pai-dissesti_tipologia-10", "sup_ha": 0.4329}}, {"type": "Feature", "geometry": {"type": "Polygon", "coordinates": [[[13.363892, 38.151966], [13.363984, 38.15196], [13.364097, 38.151934], [13.364106, 38.151934], [13.364121, 38.151929], [13.364183, 38.151916], [13.364221, 38.151941], [13.36422, 38.151943], [13.364202, 38.151998], [13.364167, 38.152036], [13.364134, 38.152042], [13.364125, 38.152042], [13.364121, 38.152044], [13.363783, 38.152063], [13.363597, 38.152074], [13.363586, 38.152077], [13.363476, 38.152078], [13.363452, 38.152073], [13.363369, 38.152057], [13.363398, 38.152014], [13.363501, 38.152007], [13.363544, 38.152007], [13.363622, 38.152006], [13.363648, 38.151997], [13.363678, 38.151996], [13.363725, 38.151986], [13.363771, 38.151976], [13.363808, 38.151973], [13.363892, 38.151966]]]}, "properties": {"pai_nmr": "040", "bacino": "Area tra F. Oreto e Punta Raisi", "provincia": "PA", "comune": "Palermo", "localita": "Pizzo Grattarola", "sigla": "040-6PM-147", "pericolo": "n.c.", "n_dsg": 4, "data_dsg": "2026-01-09", "ngurs_dsg": 4, "dgurs_dsg": "2026-01-23", "cls_dissesti_attivita": "Attivo", "col_dissesti_attivita": "#ff0000", "bor_dissesti_attivita": "#000000", "cls_dissesti_tipologia": "Crollo e/o ribaltamento", "col_dissesti_tipologia": "#000000", "bor_dissesti_tipologia": "#000000", "pat_dissesti_tipologia": "pai-dissesti_tipologia-0", "sup_ha": 0.0677}}, {"type": "Feature", "geometry": {"type": "Polygon", "coordinates": [[[13.343321, 38.17309], [13.343389, 38.17332], [13.343364, 38.173409], [13.343366, 38.173465], [13.343344, 38.173562], [13.343212, 38.173378], [13.343081, 38.173113], [13.343084, 38.173092], [13.343113, 38.172844], [13.343093, 38.172587], [13.342979, 38.172336], [13.342895, 38.171916], [13.342928, 38.17173], [13.342963, 38.171533], [13.343071, 38.171312], [13.343083, 38.171163], [13.342921, 38.170756], [13.343018, 38.170232], [13.343296, 38.169649], [13.343444, 38.169489], [13.343463, 38.169482], [13.343611, 38.169329], [13.34376, 38.169183], [13.343765, 38.169182], [13.343923, 38.169145], [13.343921, 38.169226], [13.34388, 38.16928], [13.343851, 38.169319], [13.343805, 38.16946], [13.343743, 38.169567], [13.343652, 38.169802], [13.343529, 38.169949], [13.343373, 38.170034], [13.343352, 38.170203], [13.343423, 38.170494], [13.343455, 38.170807], [13.343472, 38.170967], [13.343471, 38.171011], [13.343465, 38.17127], [13.343479, 38.17143], [13.343419, 38.171543], [13.34339, 38.171667], [13.343461, 38.171735], [13.343478, 38.171824], [13.343464, 38.171885], [13.34343, 38.171947], [13.343324, 38.171977], [13.343196, 38.172125], [13.343168, 38.172228], [13.343303, 38.172344], [13.343392, 38.172448], [13.343443, 38.172516], [13.343447, 38.17262], [13.343432, 38.172692], [13.343327, 38.172727], [13.343234, 38.172787], [13.343239, 38.17286], [13.343276, 38.172928], [13.343314, 38.172975], [13.343321, 38.17309]]]}, "properties": {"pai_nmr": "040", "bacino": "Area tra F. Oreto e Punta Raisi", "provincia": "PA", "comune": "Palermo", "localita": "W di Pizzo Rufuliata", "sigla": "040-6PM-149", "pericolo": "n.c.", "n_dsg": 4, "data_dsg": "2026-01-09", "ngurs_dsg": 4, "dgurs_dsg": "2026-01-23", "cls_dissesti_attivita": "Attivo", "col_dissesti_attivita": "#ff0000", "bor_dissesti_attivita": "#000000", "cls_dissesti_tipologia": "Crollo e/o ribaltamento", "col_dissesti_tipologia": "#000000", "bor_dissesti_tipologia": "#000000", "pat_dissesti_tipologia": "pai-dissesti_tipologia-0", "sup_ha": 1.4916}}, {"type": "Feature", "geometry": {"type": "Polygon", "coordinates": [[[13.341124, 38.173473], [13.341128, 38.173477], [13.341198, 38.173561], [13.34117, 38.173643], [13.341064, 38.173678], [13.340991, 38.173728], [13.340866, 38.173758], [13.340824, 38.173855], [13.340802, 38.173974], [13.34078, 38.174067], [13.340739, 38.174123], [13.340687, 38.174133], [13.340622, 38.174101], [13.340577, 38.174048], [13.34058, 38.173933], [13.340567, 38.173918], [13.340524, 38.173634], [13.340492, 38.173418], [13.340359, 38.17327], [13.340358, 38.173268], [13.340228, 38.173283], [13.340092, 38.173271], [13.339885, 38.173097], [13.339854, 38.173065], [13.33988, 38.172994], [13.339934, 38.172958], [13.340071, 38.172945], [13.340221, 38.172988], [13.340339, 38.172995], [13.340405, 38.172985], [13.340437, 38.172944], [13.340577, 38.17295], [13.340618, 38.172756], [13.340364, 38.172488], [13.340185, 38.172202], [13.340016, 38.172024], [13.340001, 38.172002], [13.33986, 38.171797], [13.34, 38.171611], [13.340064, 38.171526], [13.340066, 38.171439], [13.340069, 38.171311], [13.340093, 38.171261], [13.340121, 38.171204], [13.34014, 38.171221], [13.34023, 38.171303], [13.34035, 38.171481], [13.340549, 38.171445], [13.34055, 38.17141], [13.340587, 38.171416], [13.34053, 38.17119], [13.340463, 38.170867], [13.340434, 38.170589], [13.340481, 38.170493], [13.340544, 38.170323], [13.340619, 38.17018], [13.340713, 38.169996], [13.340718, 38.169991], [13.341033, 38.169751], [13.341249, 38.16951], [13.34137, 38.169091], [13.34143, 38.168946], [13.341454, 38.168929], [13.341541, 38.168837], [13.341601, 38.168771], [13.341624, 38.168632], [13.341666, 38.168534], [13.341701, 38.168405], [13.34173, 38.168307], [13.341751, 38.168219], [13.341773, 38.168153], [13.34182, 38.168081], [13.341893, 38.168025], [13.341979, 38.168011], [13.342037, 38.168058], [13.342235, 38.168115], [13.342282, 38.168242], [13.342307, 38.168295], [13.342442, 38.168405], [13.342551, 38.168495], [13.342653, 38.16862], [13.342815, 38.168725], [13.342573, 38.168702], [13.342421, 38.168726], [13.342301, 38.168827], [13.342185, 38.169048], [13.342194, 38.169122], [13.342147, 38.1692], [13.341921, 38.169373], [13.341595, 38.169554], [13.341405, 38.169727], [13.341127, 38.169977], [13.340909, 38.170287], [13.340827, 38.170647], [13.34087, 38.170922], [13.340972, 38.171373], [13.341126, 38.171658], [13.341023, 38.171833], [13.340749, 38.171917], [13.340734, 38.172034], [13.340816, 38.17224], [13.340886, 38.172398], [13.340881, 38.172652], [13.340874, 38.172925], [13.340829, 38.173277], [13.340926, 38.173395], [13.341124, 38.173473]]]}, "properties": {"pai_nmr": "040", "bacino": "Area tra F. Oreto e Punta Raisi", "provincia": "PA", "comune": "Palermo", "localita": "Parco della Favorita", "sigla": "040-6PM-150", "pericolo": "n.c.", "n_dsg": 4, "data_dsg": "2026-01-09", "ngurs_dsg": 4, "dgurs_dsg": "2026-01-23", "cls_dissesti_attivita": "Attivo", "col_dissesti_attivita": "#ff0000", "bor_dissesti_attivita": "#000000", "cls_dissesti_tipologia": "Crollo e/o ribaltamento", "col_dissesti_tipologia": "#000000", "bor_dissesti_tipologia": "#000000", "pat_dissesti_tipologia": "pai-dissesti_tipologia-0", "sup_ha": 3.4143}}, {"type": "Feature", "geometry": {"type": "Polygon", "coordinates": [[[13.345536, 38.161664], [13.345613, 38.161652], [13.345608, 38.161627], [13.345778, 38.161507], [13.345984, 38.161406], [13.346116, 38.16137], [13.346355, 38.161326], [13.346573, 38.161226], [13.346705, 38.161171], [13.346874, 38.161098], [13.347042, 38.161044], [13.347199, 38.16098], [13.347343, 38.160935], [13.347471, 38.160973], [13.347518, 38.160976], [13.347497, 38.161038], [13.347428, 38.16115], [13.347255, 38.161232], [13.347253, 38.161235], [13.347119, 38.161375], [13.346961, 38.161486], [13.34678, 38.161574], [13.346756, 38.161586], [13.346574, 38.161678], [13.346298, 38.161769], [13.346211, 38.161928], [13.346062, 38.162171], [13.346032, 38.162212], [13.345926, 38.162357], [13.345837, 38.162592], [13.345812, 38.162783], [13.345804, 38.162855], [13.34586, 38.163011], [13.345896, 38.163141], [13.345907, 38.16324], [13.345986, 38.163494], [13.346049, 38.163635], [13.346091, 38.163796], [13.346092, 38.164028], [13.345978, 38.164156], [13.345982, 38.164286], [13.346114, 38.1645], [13.34619, 38.16462], [13.346208, 38.164697], [13.34618, 38.164795], [13.345996, 38.164798], [13.345867, 38.164729], [13.345703, 38.164711], [13.34554, 38.164709], [13.345275, 38.164803], [13.344984, 38.164923], [13.344745, 38.165085], [13.344649, 38.165265], [13.344474, 38.165449], [13.344395, 38.165612], [13.344335, 38.165663], [13.344017, 38.166007], [13.343916, 38.166232], [13.343882, 38.166665], [13.343874, 38.167014], [13.34395, 38.167354], [13.343994, 38.16749], [13.343926, 38.167686], [13.343914, 38.167919], [13.343862, 38.167908], [13.343725, 38.16789], [13.343621, 38.167827], [13.34344, 38.167747], [13.343277, 38.167688], [13.343095, 38.167618], [13.342887, 38.167542], [13.342648, 38.167389], [13.342475, 38.167226], [13.342464, 38.167123], [13.34253, 38.167015], [13.342658, 38.166955], [13.342712, 38.166898], [13.342772, 38.166853], [13.342825, 38.166838], [13.342873, 38.166837], [13.342949, 38.166756], [13.343203, 38.166588], [13.343216, 38.16658], [13.343378, 38.166243], [13.343395, 38.166104], [13.343408, 38.165989], [13.34351, 38.165708], [13.343563, 38.165482], [13.34371, 38.165296], [13.343942, 38.165063], [13.344149, 38.164897], [13.344309, 38.164682], [13.344503, 38.164581], [13.344694, 38.164555], [13.34496, 38.164427], [13.345051, 38.1644], [13.345236, 38.164346], [13.345451, 38.164349], [13.345642, 38.164371], [13.345704, 38.164277], [13.345612, 38.164125], [13.34547, 38.164048], [13.345471, 38.16401], [13.345571, 38.163823], [13.345442, 38.163708], [13.345241, 38.16362], [13.345235, 38.163618], [13.345075, 38.163571], [13.344802, 38.163473], [13.344758, 38.16334], [13.344812, 38.163202], [13.344809, 38.163131], [13.344813, 38.16296], [13.344835, 38.162842], [13.344883, 38.162744], [13.344901, 38.16273], [13.344884, 38.162512], [13.344912, 38.162343], [13.345105, 38.162233], [13.345224, 38.162209], [13.345369, 38.16218], [13.345537, 38.162125], [13.345553, 38.161984], [13.345496, 38.161842], [13.345525, 38.161714], [13.345536, 38.161664]]]}, "properties": {"pai_nmr": "040", "bacino": "Area tra F. Oreto e Punta Raisi", "provincia": "PA", "comune": "Palermo", "localita": "Bosco Vecchio", "sigla": "040-6PM-033", "pericolo": "n.c.", "n_dsg": 4, "data_dsg": "2026-01-09", "ngurs_dsg": 4, "dgurs_dsg": "2026-01-23", "cls_dissesti_attivita": "Attivo", "col_dissesti_attivita": "#ff0000", "bor_dissesti_attivita": "#000000", "cls_dissesti_tipologia": "Crollo e/o ribaltamento", "col_dissesti_tipologia": "#000000", "bor_dissesti_tipologia": "#000000", "pat_dissesti_tipologia": "pai-dissesti_tipologia-0", "sup_ha": 5.9559}}, {"type": "Feature", "geometry": {"type": "Polygon", "coordinates": [[[13.362157, 38.180007], [13.362184, 38.17995], [13.3621, 38.17968], [13.361911, 38.179575], [13.361878, 38.179556], [13.361716, 38.179186], [13.361622, 38.178972], [13.361586, 38.178588], [13.361603, 38.178249], [13.361653, 38.177994], [13.361794, 38.177705], [13.361744, 38.177556], [13.361732, 38.177522], [13.361685, 38.177392], [13.36174, 38.177308], [13.361931, 38.177197], [13.361957, 38.177145], [13.361998, 38.177155], [13.362061, 38.177237], [13.362181, 38.177303], [13.362343, 38.177305], [13.362493, 38.177232], [13.36261, 38.17725], [13.362536, 38.177454], [13.362658, 38.177618], [13.362663, 38.177817], [13.362613, 38.177955], [13.362576, 38.178057], [13.362572, 38.17806], [13.362375, 38.178231], [13.362217, 38.178491], [13.362114, 38.178653], [13.36211, 38.178858], [13.362166, 38.179149], [13.362278, 38.179364], [13.362382, 38.179521], [13.3624, 38.179539], [13.36239, 38.179571], [13.362546, 38.179814], [13.362738, 38.18005], [13.362788, 38.180249], [13.362684, 38.180461], [13.362356, 38.180676], [13.362155, 38.18085], [13.362015, 38.181068], [13.361929, 38.181329], [13.361946, 38.181377], [13.361926, 38.181397], [13.361798, 38.181539], [13.361666, 38.181885], [13.361652, 38.182001], [13.361752, 38.182101], [13.361682, 38.182162], [13.361522, 38.18224], [13.36134, 38.182274], [13.361213, 38.182397], [13.361029, 38.182511], [13.360764, 38.18273], [13.360509, 38.182977], [13.36049, 38.18299], [13.360257, 38.183021], [13.360075, 38.183103], [13.36, 38.183237], [13.359827, 38.183355], [13.359681, 38.183459], [13.359723, 38.183573], [13.359708, 38.183625], [13.359685, 38.1837], [13.359548, 38.183797], [13.359439, 38.183838], [13.359331, 38.183851], [13.359335, 38.183695], [13.359335, 38.183661], [13.359338, 38.183546], [13.359234, 38.183375], [13.35912, 38.183274], [13.358772, 38.183156], [13.358476, 38.18313], [13.358269, 38.183156], [13.358158, 38.183296], [13.35802, 38.183471], [13.358042, 38.183663], [13.358109, 38.183884], [13.358278, 38.183978], [13.358436, 38.184115], [13.358452, 38.184214], [13.358253, 38.184297], [13.358024, 38.184478], [13.357823, 38.18461], [13.357571, 38.184649], [13.357344, 38.184766], [13.357268, 38.184935], [13.35722, 38.18509], [13.357428, 38.185412], [13.357578, 38.185556], [13.357617, 38.185804], [13.357595, 38.18601], [13.357555, 38.186092], [13.357356, 38.186219], [13.357288, 38.186245], [13.357293, 38.186258], [13.357202, 38.186309], [13.3572, 38.18638], [13.357243, 38.18648], [13.357241, 38.186579], [13.357186, 38.186628], [13.357078, 38.186619], [13.356919, 38.186489], [13.356734, 38.186338], [13.356539, 38.186207], [13.356417, 38.186057], [13.356312, 38.185963], [13.356158, 38.185982], [13.355887, 38.186092], [13.355679, 38.18616], [13.355407, 38.186241], [13.355236, 38.186288], [13.354965, 38.186356], [13.354879, 38.18656], [13.35492, 38.186731], [13.355087, 38.186924], [13.355236, 38.187068], [13.355341, 38.187197], [13.355525, 38.187405], [13.355586, 38.187484], [13.355619, 38.187626], [13.355596, 38.187831], [13.355557, 38.187994], [13.355526, 38.188171], [13.35546, 38.188297], [13.355402, 38.18832], [13.355375, 38.188301], [13.355288, 38.188157], [13.355292, 38.18797], [13.355263, 38.187773], [13.355221, 38.187602], [13.35522, 38.187594], [13.35519, 38.187535], [13.354965, 38.187163], [13.354817, 38.186885], [13.35481, 38.186871], [13.354573, 38.186626], [13.354574, 38.186605], [13.354587, 38.1864], [13.35465, 38.186337], [13.354738, 38.18625], [13.35477, 38.186218], [13.354961, 38.186122], [13.355268, 38.186016], [13.355278, 38.186013], [13.355592, 38.185908], [13.355685, 38.185877], [13.356056, 38.185733], [13.356452, 38.185724], [13.356677, 38.185692], [13.356734, 38.185537], [13.356848, 38.185269], [13.356971, 38.18498], [13.357121, 38.184692], [13.357206, 38.184509], [13.357335, 38.184355], [13.357474, 38.184187], [13.357481, 38.184174], [13.357475, 38.184015], [13.357481, 38.183739], [13.357511, 38.183444], [13.35765, 38.183294], [13.357766, 38.183171], [13.357916, 38.18303], [13.358028, 38.182995], [13.358058, 38.182947], [13.358259, 38.182808], [13.3585, 38.182869], [13.358784, 38.183021], [13.359044, 38.183039], [13.359222, 38.183098], [13.359328, 38.183115], [13.359464, 38.183137], [13.359546, 38.183074], [13.359552, 38.183066], [13.359666, 38.182906], [13.3598, 38.182854], [13.359929, 38.182803], [13.360165, 38.182708], [13.360367, 38.1826], [13.36041, 38.182576], [13.360719, 38.182432], [13.360918, 38.182294], [13.360919, 38.182293], [13.360921, 38.182286], [13.360959, 38.18213], [13.361081, 38.181884], [13.361257, 38.181646], [13.361358, 38.181432], [13.36137, 38.181406], [13.361401, 38.181244], [13.361468, 38.181053], [13.36147, 38.180945], [13.361472, 38.18089], [13.361546, 38.180792], [13.361724, 38.180823], [13.36188, 38.180705], [13.361991, 38.18055], [13.362003, 38.180416], [13.362018, 38.180405], [13.362006, 38.180353], [13.362077, 38.180211], [13.36216, 38.180052], [13.362157, 38.180007]]]}, "properties": {"pai_nmr": "040", "bacino": "Area tra F. Oreto e Punta Raisi", "provincia": "PA", "comune": "Palermo", "localita": "Costa Finocchiaro", "sigla": "040-6PM-151", "pericolo": "n.c.", "n_dsg": 4, "data_dsg": "2026-01-09", "ngurs_dsg": 4, "dgurs_dsg": "2026-01-23", "cls_dissesti_attivita": "Attivo", "col_dissesti_attivita": "#ff0000", "bor_dissesti_attivita": "#000000", "cls_dissesti_tipologia": "Crollo e/o ribaltamento", "col_dissesti_tipologia": "#000000", "bor_dissesti_tipologia": "#000000", "pat_dissesti_tipologia": "pai-dissesti_tipologia-0", "sup_ha": 7.4186}}, {"type": "Feature", "geometry": {"type": "Polygon", "coordinates": [[[13.339098, 38.185785], [13.339057, 38.185588], [13.339129, 38.185401], [13.339258, 38.185233], [13.339375, 38.18503], [13.339471, 38.184808], [13.339621, 38.184667], [13.339794, 38.184544], [13.339831, 38.184393], [13.339835, 38.184241], [13.339805, 38.184062], [13.339698, 38.183774], [13.339723, 38.183659], [13.339806, 38.183517], [13.339886, 38.183423], [13.340061, 38.183446], [13.340174, 38.183773], [13.340199, 38.183935], [13.340219, 38.184058], [13.340249, 38.184265], [13.340263, 38.184364], [13.340377, 38.184637], [13.340381, 38.184645], [13.340384, 38.184801], [13.340117, 38.185004], [13.339814, 38.185178], [13.339585, 38.18531], [13.339404, 38.185485], [13.339266, 38.185671], [13.339145, 38.185876], [13.339144, 38.185877], [13.339098, 38.185785]]]}, "properties": {"pai_nmr": "040", "bacino": "Area tra F. Oreto e Punta Raisi", "provincia": "PA", "comune": "Palermo", "localita": "Pizzo di Gorgo Rosso", "sigla": "040-6PM-153", "pericolo": "n.c.", "n_dsg": 4, "data_dsg": "2026-01-09", "ngurs_dsg": 4, "dgurs_dsg": "2026-01-23", "cls_dissesti_attivita": "Attivo", "col_dissesti_attivita": "#ff0000", "bor_dissesti_attivita": "#000000", "cls_dissesti_tipologia": "Crollo e/o ribaltamento", "col_dissesti_tipologia": "#000000", "bor_dissesti_tipologia": "#000000", "pat_dissesti_tipologia": "pai-dissesti_tipologia-0", "sup_ha": 1.0891}}, {"type": "Feature", "geometry": {"type": "Polygon", "coordinates": [[[13.334885, 38.189362], [13.334828, 38.189326], [13.334754, 38.189289], [13.334724, 38.189271], [13.334611, 38.189239], [13.334498, 38.189238], [13.334362, 38.189242], [13.334266, 38.189163], [13.334306, 38.18905], [13.334399, 38.188926], [13.334531, 38.188797], [13.334647, 38.188644], [13.334674, 38.188477], [13.334678, 38.188316], [13.334697, 38.188126], [13.334799, 38.187948], [13.334879, 38.187759], [13.334921, 38.187575], [13.335022, 38.187445], [13.335117, 38.18725], [13.335183, 38.187006], [13.335263, 38.186799], [13.335267, 38.186632], [13.335278, 38.186483], [13.335271, 38.186333], [13.335305, 38.186287], [13.335458, 38.186199], [13.335695, 38.186083], [13.335692, 38.185869], [13.335781, 38.185644], [13.33589, 38.185466], [13.335979, 38.185241], [13.335998, 38.185033], [13.335966, 38.184806], [13.335811, 38.18466], [13.33574, 38.184463], [13.335737, 38.184242], [13.33572, 38.184119], [13.335711, 38.184057], [13.335715, 38.18386], [13.335719, 38.183705], [13.335723, 38.183517], [13.335723, 38.183509], [13.335751, 38.183289], [13.335725, 38.183127], [13.335737, 38.183084], [13.335774, 38.182949], [13.335815, 38.182789], [13.335937, 38.182749], [13.336012, 38.182786], [13.336011, 38.182839], [13.335963, 38.182952], [13.335923, 38.183058], [13.33592, 38.183067], [13.335914, 38.183094], [13.335888, 38.183267], [13.335898, 38.183458], [13.335916, 38.183684], [13.335932, 38.183947], [13.335927, 38.184179], [13.33599, 38.184389], [13.336131, 38.184504], [13.336264, 38.184667], [13.336356, 38.184924], [13.336371, 38.18497], [13.336398, 38.185053], [13.336441, 38.185182], [13.336499, 38.185273], [13.336496, 38.185397], [13.336539, 38.185523], [13.336636, 38.185542], [13.336797, 38.185443], [13.336897, 38.185283], [13.336901, 38.185244], [13.33694, 38.185125], [13.336996, 38.18504], [13.337078, 38.185059], [13.337085, 38.185093], [13.337084, 38.185127], [13.33707, 38.185257], [13.33701, 38.185353], [13.337063, 38.185425], [13.337066, 38.185436], [13.33708, 38.185485], [13.337089, 38.185516], [13.337073, 38.185618], [13.337028, 38.185686], [13.336918, 38.185764], [13.336783, 38.185838], [13.33666, 38.185896], [13.336623, 38.185927], [13.336535, 38.185999], [13.336471, 38.186124], [13.336449, 38.186207], [13.336439, 38.186245], [13.336405, 38.186353], [13.33637, 38.186446], [13.336336, 38.186511], [13.336323, 38.186621], [13.336386, 38.186682], [13.336413, 38.186681], [13.336444, 38.18668], [13.336499, 38.186635], [13.336547, 38.186579], [13.336603, 38.186489], [13.336666, 38.186407], [13.336704, 38.186323], [13.33671, 38.186232], [13.336664, 38.186178], [13.336666, 38.186175], [13.336626, 38.18612], [13.336617, 38.186021], [13.336705, 38.185948], [13.336825, 38.185893], [13.336975, 38.18581], [13.337105, 38.185758], [13.33716, 38.185751], [13.337206, 38.185745], [13.337311, 38.185746], [13.337419, 38.185717], [13.337489, 38.185664], [13.337541, 38.185585], [13.337554, 38.185511], [13.337554, 38.185511], [13.337554, 38.185508], [13.337609, 38.185461], [13.337674, 38.185436], [13.337699, 38.185437], [13.337759, 38.185477], [13.337812, 38.185523], [13.337833, 38.185552], [13.337911, 38.185613], [13.337971, 38.185679], [13.337962, 38.185767], [13.337855, 38.185842], [13.33782, 38.185972], [13.337775, 38.186045], [13.337679, 38.186146], [13.337594, 38.186245], [13.337506, 38.186354], [13.337399, 38.186463], [13.337307, 38.186559], [13.337284, 38.186571], [13.337288, 38.186578], [13.337218, 38.186662], [13.337104, 38.186777], [13.337022, 38.186898], [13.336922, 38.187042], [13.336792, 38.187199], [13.336695, 38.187351], [13.336602, 38.187463], [13.336581, 38.187602], [13.336579, 38.187701], [13.336638, 38.187793], [13.336682, 38.187851], [13.336725, 38.187908], [13.336903, 38.188007], [13.337049, 38.188077], [13.337188, 38.188136], [13.337313, 38.188192], [13.337409, 38.188247], [13.337417, 38.18825], [13.337505, 38.188279], [13.33764, 38.188344], [13.337733, 38.188402], [13.337728, 38.188436], [13.337663, 38.188449], [13.337598, 38.188443], [13.337509, 38.188424], [13.337413, 38.18838], [13.337398, 38.188403], [13.337308, 38.188387], [13.337183, 38.188343], [13.337051, 38.188299], [13.336933, 38.188266], [13.336812, 38.18823], [13.336694, 38.188194], [13.336612, 38.188139], [13.336499, 38.188064], [13.336382, 38.187988], [13.33624, 38.18789], [13.336162, 38.187837], [13.335894, 38.187786], [13.335733, 38.187899], [13.335728, 38.188123], [13.335828, 38.188205], [13.33611, 38.188262], [13.336458, 38.188365], [13.336907, 38.188541], [13.33741, 38.188808], [13.337669, 38.188915], [13.337702, 38.188947], [13.337784, 38.188999], [13.337837, 38.189037], [13.337842, 38.189053], [13.337854, 38.18906], [13.337857, 38.18908], [13.337857, 38.189094], [13.337849, 38.189116], [13.337821, 38.189119], [13.337819, 38.189116], [13.337817, 38.189119], [13.337785, 38.189081], [13.337704, 38.189012], [13.337594, 38.188948], [13.337466, 38.188881], [13.337349, 38.188814], [13.337245, 38.188784], [13.337135, 38.188737], [13.337038, 38.188713], [13.336984, 38.188707], [13.336984, 38.188707], [13.336938, 38.188685], [13.336674, 38.188597], [13.33666, 38.188594], [13.336527, 38.188564], [13.336492, 38.188552], [13.33642, 38.188528], [13.33632, 38.18849], [13.336245, 38.188452], [13.336163, 38.188419], [13.336067, 38.188381], [13.335971, 38.188349], [13.335874, 38.188325], [13.335799, 38.188304], [13.335734, 38.188291], [13.335645, 38.188267], [13.335602, 38.188261], [13.335534, 38.188254], [13.335468, 38.188282], [13.335439, 38.188304], [13.335422, 38.188319], [13.335419, 38.188318], [13.335379, 38.188377], [13.335293, 38.188507], [13.335293, 38.188519], [13.335374, 38.188621], [13.335415, 38.18864], [13.335508, 38.188683], [13.335666, 38.188721], [13.335831, 38.188765], [13.336027, 38.188809], [13.336289, 38.188885], [13.336446, 38.188952], [13.336445, 38.188955], [13.336468, 38.188963], [13.336471, 38.188986], [13.33647, 38.189009], [13.336448, 38.189028], [13.336416, 38.189028], [13.336383, 38.189021], [13.336264, 38.189009], [13.336115, 38.188918], [13.335949, 38.188892], [13.335761, 38.188877], [13.335679, 38.18884], [13.335415, 38.188813], [13.335232, 38.188799], [13.335219, 38.188798], [13.335046, 38.188778], [13.334871, 38.188817], [13.334764, 38.188881], [13.334749, 38.188857], [13.334625, 38.18901], [13.334653, 38.189094], [13.334856, 38.18915], [13.334902, 38.189142], [13.334921, 38.189203], [13.334943, 38.189273], [13.334885, 38.189362], [13.334885, 38.189362]]]}, "properties": {"pai_nmr": "040", "bacino": "Area tra F. Oreto e Punta Raisi", "provincia": "PA", "comune": "Palermo", "localita": "W di Pizzo Croce di S.Pantaleo", "sigla": "040-6PM-045", "pericolo": "n.c.", "n_dsg": 4, "data_dsg": "2026-01-09", "ngurs_dsg": 4, "dgurs_dsg": "2026-01-23", "cls_dissesti_attivita": "Attivo", "col_dissesti_attivita": "#ff0000", "bor_dissesti_attivita": "#000000", "cls_dissesti_tipologia": "Crollo e/o ribaltamento", "col_dissesti_tipologia": "#000000", "bor_dissesti_tipologia": "#000000", "pat_dissesti_tipologia": "pai-dissesti_tipologia-0", "sup_ha": 6.5517}}, {"type": "Feature", "geometry": {"type": "Polygon", "coordinates": [[[13.337394, 38.189522], [13.337504, 38.189612], [13.337628, 38.189593], [13.337917, 38.189524], [13.338131, 38.189544], [13.338322, 38.189563], [13.338575, 38.189613], [13.338601, 38.189691], [13.338623, 38.189754], [13.338458, 38.189939], [13.338284, 38.190143], [13.338225, 38.190182], [13.338035, 38.190307], [13.337727, 38.190436], [13.337748, 38.190644], [13.337753, 38.190661], [13.337849, 38.190971], [13.337858, 38.190999], [13.337865, 38.191012], [13.33798, 38.191221], [13.338028, 38.191301], [13.338102, 38.191423], [13.338094, 38.191487], [13.338061, 38.191737], [13.338032, 38.191931], [13.338022, 38.191997], [13.338015, 38.192291], [13.338012, 38.192417], [13.338009, 38.192551], [13.338149, 38.19274], [13.338245, 38.192962], [13.338271, 38.19331], [13.338221, 38.19365], [13.338158, 38.193809], [13.33815, 38.193792], [13.33815, 38.193796], [13.338023, 38.193727], [13.337972, 38.193735], [13.337965, 38.193726], [13.337893, 38.193545], [13.337939, 38.193372], [13.338003, 38.193192], [13.338007, 38.193012], [13.337993, 38.192858], [13.337922, 38.192637], [13.337818, 38.192375], [13.337815, 38.192128], [13.337816, 38.191707], [13.337823, 38.191433], [13.337759, 38.191278], [13.337671, 38.191043], [13.337597, 38.190922], [13.337494, 38.190647], [13.337473, 38.190433], [13.337563, 38.190193], [13.337643, 38.190034], [13.337569, 38.189933], [13.337393, 38.189877], [13.337072, 38.189826], [13.337, 38.189814], [13.336659, 38.18976], [13.336644, 38.189749], [13.336442, 38.18961], [13.336106, 38.189505], [13.335719, 38.189412], [13.335331, 38.18934], [13.334977, 38.189275], [13.334922, 38.189305], [13.334943, 38.189273], [13.334921, 38.189203], [13.335217, 38.189205], [13.335419, 38.189244], [13.335543, 38.189264], [13.335645, 38.189283], [13.335714, 38.189248], [13.335807, 38.189142], [13.335955, 38.189073], [13.336248, 38.189131], [13.336529, 38.189224], [13.336695, 38.189405], [13.336862, 38.189524], [13.337008, 38.189579], [13.337133, 38.189563], [13.337259, 38.189493], [13.337394, 38.189522]]]}, "properties": {"pai_nmr": "040", "bacino": "Area tra F. Oreto e Punta Raisi", "provincia": "PA", "comune": "Palermo", "localita": "Valdesi", "sigla": "040-6PM-152", "pericolo": "n.c.", "n_dsg": 4, "data_dsg": "2026-01-09", "ngurs_dsg": 4, "dgurs_dsg": "2026-01-23", "cls_dissesti_attivita": "Attivo", "col_dissesti_attivita": "#ff0000", "bor_dissesti_attivita": "#000000", "cls_dissesti_tipologia": "Crollo e/o ribaltamento", "col_dissesti_tipologia": "#000000", "bor_dissesti_tipologia": "#000000", "pat_dissesti_tipologia": "pai-dissesti_tipologia-0", "sup_ha": 2.1358}}, {"type": "Feature", "geometry": {"type": "Polygon", "coordinates": [[[13.31975, 38.212603], [13.319498, 38.212713], [13.319249, 38.21272], [13.318999, 38.212737], [13.318759, 38.21293], [13.318573, 38.213021], [13.318402, 38.21306], [13.318193, 38.213026], [13.318011, 38.212951], [13.317792, 38.212772], [13.317585, 38.212634], [13.317523, 38.212509], [13.31755, 38.212458], [13.317812, 38.212462], [13.318022, 38.212475], [13.31831, 38.21251], [13.318637, 38.212546], [13.318833, 38.212549], [13.319071, 38.212459], [13.319298, 38.212307], [13.319591, 38.212094], [13.319677, 38.212093], [13.320016, 38.211916], [13.320308, 38.211743], [13.320634, 38.21167], [13.320985, 38.211668], [13.321328, 38.211616], [13.32153, 38.211434], [13.321687, 38.21128], [13.322032, 38.211136], [13.322212, 38.211039], [13.322314, 38.210984], [13.322553, 38.210781], [13.322644, 38.210712], [13.322699, 38.21067], [13.322871, 38.210637], [13.32304, 38.210739], [13.323145, 38.210776], [13.323227, 38.210798], [13.323442, 38.210851], [13.323537, 38.210924], [13.323605, 38.21093], [13.324023, 38.210978], [13.324416, 38.211014], [13.32477, 38.210988], [13.325033, 38.210951], [13.325206, 38.21087], [13.32538, 38.210697], [13.325395, 38.210544], [13.325488, 38.210554], [13.325633, 38.210556], [13.325815, 38.21061], [13.326011, 38.210634], [13.32627, 38.210709], [13.326231, 38.210782], [13.32606, 38.210779], [13.325859, 38.210818], [13.325801, 38.210778], [13.32555, 38.210732], [13.325367, 38.210892], [13.325165, 38.211053], [13.324893, 38.211148], [13.324586, 38.21118], [13.324366, 38.211232], [13.324306, 38.211247], [13.324027, 38.211235], [13.323669, 38.211152], [13.323466, 38.211093], [13.323365, 38.211063], [13.323072, 38.210909], [13.322894, 38.210807], [13.322794, 38.21087], [13.322823, 38.211096], [13.322815, 38.211105], [13.322813, 38.211108], [13.322676, 38.211287], [13.322636, 38.211485], [13.322612, 38.211719], [13.322525, 38.211974], [13.322294, 38.212131], [13.322269, 38.212147], [13.322059, 38.212279], [13.322024, 38.212308], [13.321913, 38.212398], [13.321714, 38.212438], [13.321519, 38.212307], [13.321402, 38.212224], [13.321386, 38.212213], [13.321219, 38.212026], [13.32106, 38.211917], [13.320791, 38.211892], [13.320484, 38.211916], [13.320267, 38.211977], [13.319967, 38.212115], [13.319952, 38.212349], [13.319956, 38.212479], [13.31975, 38.212603]]]}, "properties": {"pai_nmr": "040", "bacino": "Area tra F. Oreto e Punta Raisi", "provincia": "PA", "comune": "Palermo", "localita": "Pizzo Coda di Volpe", "sigla": "040-6PM-154", "pericolo": "n.c.", "n_dsg": 4, "data_dsg": "2026-01-09", "ngurs_dsg": 4, "dgurs_dsg": "2026-01-23", "cls_dissesti_attivita": "Attivo", "col_dissesti_attivita": "#ff0000", "bor_dissesti_attivita": "#000000", "cls_dissesti_tipologia": "Crollo e/o ribaltamento", "col_dissesti_tipologia": "#000000", "bor_dissesti_tipologia": "#000000", "pat_dissesti_tipologia": "pai-dissesti_tipologia-0", "sup_ha": 3.4299}}, {"type": "Feature", "geometry": {"type": "Polygon", "coordinates": [[[13.288885, 38.114696], [13.289016, 38.114674], [13.289232, 38.114733], [13.289396, 38.114841], [13.289462, 38.115004], [13.289377, 38.115109], [13.289243, 38.115091], [13.289147, 38.115122], [13.289108, 38.115135], [13.288933, 38.115104], [13.288923, 38.115102], [13.288923, 38.115098], [13.288906, 38.115088], [13.288911, 38.115046], [13.288957, 38.114991], [13.288992, 38.114901], [13.288955, 38.114804], [13.288881, 38.114717], [13.288885, 38.114696]]]}, "properties": {"pai_nmr": "040", "bacino": "Area tra F. Oreto e Punta Raisi", "provincia": "PA", "comune": "Palermo", "localita": "Falconara", "sigla": "040-6PM-155", "pericolo": "n.c.", "n_dsg": 4, "data_dsg": "2026-01-09", "ngurs_dsg": 4, "dgurs_dsg": "2026-01-23", "cls_dissesti_attivita": "Attivo", "col_dissesti_attivita": "#ff0000", "bor_dissesti_attivita": "#000000", "cls_dissesti_tipologia": "Crollo e/o ribaltamento", "col_dissesti_tipologia": "#000000", "bor_dissesti_tipologia": "#000000", "pat_dissesti_tipologia": "pai-dissesti_tipologia-0", "sup_ha": 0.1763}}, {"type": "Feature", "geometry": {"type": "Polygon", "coordinates": [[[13.267262, 38.199851], [13.267213, 38.199639], [13.267215, 38.199611], [13.267182, 38.199546], [13.267133, 38.199454], [13.267101, 38.199384], [13.267129, 38.199326], [13.267194, 38.199324], [13.267195, 38.199326], [13.267241, 38.199325], [13.267281, 38.19935], [13.267354, 38.19937], [13.267375, 38.199375], [13.267411, 38.199432], [13.267413, 38.199482], [13.267415, 38.199522], [13.26741, 38.199621], [13.267397, 38.199646], [13.26739, 38.199717], [13.267394, 38.199728], [13.267399, 38.199789], [13.267392, 38.199917], [13.267447, 38.200056], [13.26748, 38.200132], [13.267493, 38.20023], [13.267538, 38.200326], [13.267573, 38.200403], [13.267602, 38.200473], [13.267632, 38.200542], [13.267646, 38.200606], [13.267637, 38.200676], [13.267638, 38.200719], [13.267628, 38.200721], [13.267578, 38.200731], [13.267545, 38.200695], [13.267536, 38.200643], [13.267537, 38.200596], [13.267528, 38.200532], [13.267508, 38.200474], [13.267482, 38.200395], [13.267454, 38.200329], [13.26743, 38.200252], [13.267429, 38.200207], [13.267412, 38.200145], [13.267358, 38.200085], [13.267343, 38.20008], [13.267304, 38.20004], [13.267295, 38.200015], [13.267295, 38.199991], [13.267296, 38.199964], [13.267295, 38.199946], [13.267262, 38.199851]]]}, "properties": {"pai_nmr": "040", "bacino": "Area tra F. Oreto e Punta Raisi", "provincia": "PA", "comune": "Palermo", "localita": "La Montagnola", "sigla": "040-6PM-157", "pericolo": "n.c.", "n_dsg": 4, "data_dsg": "2026-01-09", "ngurs_dsg": 4, "dgurs_dsg": "2026-01-23", "cls_dissesti_attivita": "Attivo", "col_dissesti_attivita": "#ff0000", "bor_dissesti_attivita": "#000000", "cls_dissesti_tipologia": "Crollo e/o ribaltamento", "col_dissesti_tipologia": "#000000", "bor_dissesti_tipologia": "#000000", "pat_dissesti_tipologia": "pai-dissesti_tipologia-0", "sup_ha": 0.1867}}, {"type": "Feature", "geometry": {"type": "Polygon", "coordinates": [[[13.337805, 38.193887], [13.337888, 38.193784], [13.33797, 38.193728], [13.338086, 38.193764], [13.338152, 38.193788], [13.338178, 38.193916], [13.338264, 38.193986], [13.338313, 38.194091], [13.338319, 38.194172], [13.338222, 38.19424], [13.338103, 38.194302], [13.337987, 38.194288], [13.337929, 38.194264], [13.337805, 38.193887]]]}, "properties": {"pai_nmr": "040", "bacino": "Area tra F. Oreto e Punta Raisi", "provincia": "PA", "comune": "Palermo", "localita": "Unghia a mare", "sigla": "040-6PM-161", "pericolo": "n.c.", "n_dsg": 4, "data_dsg": "2026-01-09", "ngurs_dsg": 4, "dgurs_dsg": "2026-01-23", "cls_dissesti_attivita": "Attivo", "col_dissesti_attivita": "#ff0000", "bor_dissesti_attivita": "#000000", "cls_dissesti_tipologia": "Crollo e/o ribaltamento", "col_dissesti_tipologia": "#000000", "bor_dissesti_tipologia": "#000000", "pat_dissesti_tipologia": "pai-dissesti_tipologia-0", "sup_ha": 0.1896}}, {"type": "Feature", "geometry": {"type": "Polygon", "coordinates": [[[13.340936, 38.177191], [13.341012, 38.177081], [13.341156, 38.176921], [13.341297, 38.176914], [13.341425, 38.176976], [13.341315, 38.177042], [13.341315, 38.177043], [13.341248, 38.177069], [13.341215, 38.177167], [13.341227, 38.177323], [13.341071, 38.177346], [13.340984, 38.177388], [13.340952, 38.177327], [13.340936, 38.177191]]]}, "properties": {"pai_nmr": "040", "bacino": "Area tra F. Oreto e Punta Raisi", "provincia": "PA", "comune": "Palermo", "localita": "Pizzo di Mezzo", "sigla": "040-6PM-162", "pericolo": "n.c.", "n_dsg": 4, "data_dsg": "2026-01-09", "ngurs_dsg": 4, "dgurs_dsg": "2026-01-23", "cls_dissesti_attivita": "Attivo", "col_dissesti_attivita": "#ff0000", "bor_dissesti_attivita": "#000000", "cls_dissesti_tipologia": "Crollo e/o ribaltamento", "col_dissesti_tipologia": "#000000", "bor_dissesti_tipologia": "#000000", "pat_dissesti_tipologia": "pai-dissesti_tipologia-0", "sup_ha": 0.1105}}, {"type": "Feature", "geometry": {"type": "Polygon", "coordinates": [[[13.341277, 38.176846], [13.341293, 38.176817], [13.341486, 38.176663], [13.341636, 38.176461], [13.341982, 38.176294], [13.342122, 38.176042], [13.342295, 38.175749], [13.342509, 38.175502], [13.342679, 38.175392], [13.342663, 38.175509], [13.342419, 38.175784], [13.342267, 38.176077], [13.342219, 38.17633], [13.342073, 38.176393], [13.342056, 38.176419], [13.34201, 38.176425], [13.341759, 38.176495], [13.341631, 38.176673], [13.341491, 38.176876], [13.341432, 38.176956], [13.341329, 38.176932], [13.341189, 38.176913], [13.341277, 38.176846]]]}, "properties": {"pai_nmr": "040", "bacino": "Area tra F. Oreto e Punta Raisi", "provincia": "PA", "comune": "Palermo", "localita": "Pizzo di Mezzo", "sigla": "040-6PM-137", "pericolo": "n.c.", "n_dsg": 4, "data_dsg": "2026-01-09", "ngurs_dsg": 4, "dgurs_dsg": "2026-01-23", "cls_dissesti_attivita": "Attivo", "col_dissesti_attivita": "#ff0000", "bor_dissesti_attivita": "#000000", "cls_dissesti_tipologia": "Crollo e/o ribaltamento", "col_dissesti_tipologia": "#000000", "bor_dissesti_tipologia": "#000000", "pat_dissesti_tipologia": "pai-dissesti_tipologia-0", "sup_ha": 0.2749}}, {"type": "Feature", "geometry": {"type": "Polygon", "coordinates": [[[13.277675, 38.189146], [13.277705, 38.189065], [13.277706, 38.189032], [13.277707, 38.189004], [13.277781, 38.188951], [13.27789, 38.188913], [13.277891, 38.188911], [13.27797, 38.188856], [13.277984, 38.188753], [13.277913, 38.188636], [13.277944, 38.188543], [13.278056, 38.188549], [13.278128, 38.188617], [13.278126, 38.18872], [13.278112, 38.188822], [13.278088, 38.188902], [13.278018, 38.188995], [13.277903, 38.18906], [13.277896, 38.189068], [13.277884, 38.189082], [13.277874, 38.189095], [13.277873, 38.189118], [13.277815, 38.189219], [13.277688, 38.189307], [13.277574, 38.189363], [13.277461, 38.189344], [13.277514, 38.189246], [13.277564, 38.189215], [13.277675, 38.189146]]]}, "properties": {"pai_nmr": "040", "bacino": "Area tra F. Oreto e Punta Raisi", "provincia": "PA", "comune": "Palermo", "localita": "Tana Vipera", "sigla": "040-6PM-158", "pericolo": "n.c.", "n_dsg": 4, "data_dsg": "2026-01-09", "ngurs_dsg": 4, "dgurs_dsg": "2026-01-23", "cls_dissesti_attivita": "Attivo", "col_dissesti_attivita": "#ff0000", "bor_dissesti_attivita": "#000000", "cls_dissesti_tipologia": "Crollo e/o ribaltamento", "col_dissesti_tipologia": "#000000", "bor_dissesti_tipologia": "#000000", "pat_dissesti_tipologia": "pai-dissesti_tipologia-0", "sup_ha": 0.1542}}, {"type": "Feature", "geometry": {"type": "Polygon", "coordinates": [[[13.341308, 38.182655], [13.341372, 38.182911], [13.341384, 38.182922], [13.341528, 38.183074], [13.341661, 38.183268], [13.341795, 38.183437], [13.342076, 38.183608], [13.342316, 38.183778], [13.342548, 38.183798], [13.342778, 38.183901], [13.342933, 38.184054], [13.343166, 38.184057], [13.343431, 38.184011], [13.343604, 38.183846], [13.343744, 38.183715], [13.344127, 38.18362], [13.344173, 38.183602], [13.344437, 38.183499], [13.344562, 38.183584], [13.344685, 38.183753], [13.344947, 38.183857], [13.345071, 38.18387], [13.345221, 38.183886], [13.345338, 38.183846], [13.345385, 38.183918], [13.345469, 38.183897], [13.34549, 38.184073], [13.345634, 38.184271], [13.345924, 38.184255], [13.345823, 38.184719], [13.346004, 38.185012], [13.345892, 38.185052], [13.34585, 38.185046], [13.345682, 38.185002], [13.345617, 38.185076], [13.345521, 38.185117], [13.345432, 38.185121], [13.345394, 38.185123], [13.345359, 38.185111], [13.34532, 38.185097], [13.345236, 38.185096], [13.345183, 38.185095], [13.345023, 38.185168], [13.344959, 38.185192], [13.344639, 38.185296], [13.344559, 38.185301], [13.34429, 38.185316], [13.344244, 38.185222], [13.344189, 38.185106], [13.344119, 38.184905], [13.344209, 38.184664], [13.344245, 38.18449], [13.344259, 38.184323], [13.344071, 38.184245], [13.343952, 38.184352], [13.34397, 38.184511], [13.343882, 38.18466], [13.343827, 38.184734], [13.343816, 38.184767], [13.343797, 38.184773], [13.343757, 38.184787], [13.34372, 38.184799], [13.343583, 38.184781], [13.343539, 38.184748], [13.343531, 38.184747], [13.343373, 38.184703], [13.343056, 38.184698], [13.342749, 38.18471], [13.342529, 38.184624], [13.342244, 38.184595], [13.341997, 38.184591], [13.341937, 38.184641], [13.341841, 38.184673], [13.341744, 38.18473], [13.341607, 38.184711], [13.341596, 38.184698], [13.341573, 38.184671], [13.341535, 38.184627], [13.341543, 38.184617], [13.341579, 38.184569], [13.341561, 38.184435], [13.341459, 38.18425], [13.341389, 38.184082], [13.341378, 38.18407], [13.341203, 38.183879], [13.341182, 38.183862], [13.341197, 38.183687], [13.341197, 38.183685], [13.341167, 38.183628], [13.341154, 38.183435], [13.341243, 38.183329], [13.341273, 38.183114], [13.341243, 38.18281], [13.341259, 38.182664], [13.341308, 38.182655]]]}, "properties": {"pai_nmr": "040", "bacino": "Area tra F. Oreto e Punta Raisi", "provincia": "PA", "comune": "Palermo", "localita": "Pizzo di Gorgo Rosso", "sigla": "040-6PM-138", "pericolo": "n.c.", "n_dsg": 4, "data_dsg": "2026-01-09", "ngurs_dsg": 4, "dgurs_dsg": "2026-01-23", "cls_dissesti_attivita": "Attivo", "col_dissesti_attivita": "#ff0000", "bor_dissesti_attivita": "#000000", "cls_dissesti_tipologia": "Crollo e/o ribaltamento", "col_dissesti_tipologia": "#000000", "bor_dissesti_tipologia": "#000000", "pat_dissesti_tipologia": "pai-dissesti_tipologia-0", "sup_ha": 4.8441}}, {"type": "Feature", "geometry": {"type": "Polygon", "coordinates": [[[13.352935, 38.114646], [13.352897, 38.114645], [13.352869, 38.114634], [13.352865, 38.114623], [13.352865, 38.11461], [13.352885, 38.11461], [13.352916, 38.114607], [13.352929, 38.114612], [13.352944, 38.114618], [13.352947, 38.11463], [13.352948, 38.114639], [13.35294, 38.114644], [13.352935, 38.114646]]]}, "properties": {"pai_nmr": "040", "bacino": "Area tra F. Oreto e Punta Raisi", "provincia": "PA", "comune": "Palermo", "localita": "casema dei carabinieri papireto", "sigla": "040-6PM-169", "n_dpr": 91, "data_dpr": "2007-03-27", "pericolo": "n.c.", "ngurs": "26", "dgurs": "2007-06-08", "cls_dissesti_attivita": "Attivo", "col_dissesti_attivita": "#ff0000", "bor_dissesti_attivita": "#000000", "cls_dissesti_tipologia": "Sprofondamento", "col_dissesti_tipologia": "#000000", "bor_dissesti_tipologia": "#6e6e6e", "pat_dissesti_tipologia": "pai-dissesti_tipologia-2", "sup_ha": 0.0025}}, {"type": "Feature", "geometry": {"type": "Polygon", "coordinates": [[[13.26892, 38.11532], [13.268731, 38.115459], [13.268433, 38.115565], [13.268204, 38.115715], [13.267814, 38.115777], [13.267487, 38.115796], [13.267084, 38.11576], [13.266672, 38.115747], [13.266338, 38.115743], [13.266149, 38.11582], [13.265914, 38.115933], [13.265826, 38.115947], [13.265733, 38.115992], [13.265492, 38.116025], [13.265291, 38.115979], [13.265167, 38.11594], [13.264997, 38.115913], [13.264895, 38.115948], [13.264832, 38.115972], [13.264713, 38.116081], [13.264549, 38.116103], [13.26438, 38.11606], [13.264208, 38.116073], [13.264168, 38.11609], [13.264146, 38.116072], [13.26398, 38.116168], [13.263846, 38.116265], [13.263805, 38.116368], [13.263896, 38.116468], [13.264019, 38.116513], [13.264049, 38.116562], [13.263931, 38.116597], [13.263784, 38.116583], [13.263655, 38.116581], [13.263482, 38.116554], [13.263225, 38.116538], [13.26307, 38.116554], [13.262868, 38.116551], [13.262744, 38.116512], [13.262646, 38.116394], [13.262647, 38.116393], [13.262645, 38.116393], [13.262647, 38.116338], [13.262676, 38.116323], [13.262762, 38.116277], [13.262955, 38.116241], [13.263163, 38.116248], [13.263416, 38.116209], [13.263591, 38.116134], [13.263747, 38.116011], [13.263838, 38.115907], [13.263954, 38.115762], [13.264213, 38.115514], [13.264469, 38.11535], [13.264601, 38.115214], [13.264871, 38.115099], [13.265132, 38.115106], [13.265311, 38.11507], [13.265717, 38.115098], [13.265739, 38.115101], [13.26583, 38.115176], [13.26593, 38.115239], [13.266029, 38.115308], [13.266191, 38.115384], [13.266315, 38.115411], [13.266485, 38.11545], [13.266663, 38.115453], [13.267005, 38.115458], [13.267231, 38.115461], [13.267486, 38.115495], [13.267735, 38.115475], [13.267969, 38.115466], [13.268212, 38.115377], [13.268369, 38.115287], [13.26847, 38.115233], [13.268635, 38.115218], [13.268808, 38.115153], [13.26902, 38.115039], [13.269162, 38.114955], [13.269164, 38.114957], [13.269241, 38.114901], [13.269333, 38.114958], [13.269315, 38.11505], [13.269181, 38.115158], [13.268971, 38.115278], [13.26892, 38.11532]]]}, "properties": {"pai_nmr": "040", "bacino": "Area tra F. Oreto e Punta Raisi", "provincia": "PA", "comune": "Palermo", "localita": "Monte Cuccio", "sigla": "040-6PM-129", "pericolo": "n.c.", "n_dsg": 4, "data_dsg": "2026-01-09", "ngurs_dsg": 4, "dgurs_dsg": "2026-01-23", "cls_dissesti_attivita": "Attivo", "col_dissesti_attivita": "#ff0000", "bor_dissesti_attivita": "#000000", "cls_dissesti_tipologia": "Crollo e/o ribaltamento", "col_dissesti_tipologia": "#000000", "bor_dissesti_tipologia": "#000000", "pat_dissesti_tipologia": "pai-dissesti_tipologia-0", "sup_ha": 3.0009}}, {"type": "Feature", "geometry": {"type": "Polygon", "coordinates": [[[13.256967, 38.121269], [13.257067, 38.121219], [13.257104, 38.121207], [13.257115, 38.121189], [13.257204, 38.12105], [13.257156, 38.120915], [13.257094, 38.120839], [13.257026, 38.120755], [13.257088, 38.120645], [13.25719, 38.120609], [13.257289, 38.120608], [13.257544, 38.120545], [13.257895, 38.120416], [13.25798, 38.120374], [13.257973, 38.120396], [13.257975, 38.120395], [13.258024, 38.120478], [13.257947, 38.120611], [13.257834, 38.120697], [13.257772, 38.120831], [13.257827, 38.120989], [13.257854, 38.121107], [13.257761, 38.121298], [13.257602, 38.121454], [13.257503, 38.121569], [13.25733, 38.121695], [13.257069, 38.121761], [13.256847, 38.121752], [13.256791, 38.121646], [13.256726, 38.121558], [13.256721, 38.12147], [13.256767, 38.121383], [13.256887, 38.121338], [13.256967, 38.121269]]]}, "properties": {"pai_nmr": "040", "bacino": "Area tra F. Oreto e Punta Raisi", "provincia": "PA", "comune": "Palermo", "localita": "Pizzo Vuturo", "sigla": "040-6PM-126", "pericolo": "n.c.", "n_dsg": 4, "data_dsg": "2026-01-09", "ngurs_dsg": 4, "dgurs_dsg": "2026-01-23", "cls_dissesti_attivita": "Attivo", "col_dissesti_attivita": "#ff0000", "bor_dissesti_attivita": "#000000", "cls_dissesti_tipologia": "Crollo e/o ribaltamento", "col_dissesti_tipologia": "#000000", "bor_dissesti_tipologia": "#000000", "pat_dissesti_tipologia": "pai-dissesti_tipologia-0", "sup_ha": 0.8753}}, {"type": "Feature", "geometry": {"type": "Polygon", "coordinates": [[[13.289793, 38.121947], [13.289953, 38.121944], [13.290071, 38.121957], [13.290238, 38.121998], [13.290417, 38.122066], [13.29057, 38.12208], [13.290648, 38.122048], [13.290705, 38.121977], [13.290782, 38.121995], [13.290794, 38.122066], [13.290805, 38.122193], [13.291006, 38.12224], [13.291068, 38.122258], [13.291129, 38.12233], [13.291119, 38.122462], [13.290993, 38.122504], [13.290908, 38.122536], [13.290872, 38.122618], [13.290765, 38.122694], [13.290603, 38.122779], [13.290462, 38.122827], [13.290232, 38.122862], [13.290114, 38.122811], [13.289977, 38.122699], [13.289889, 38.122626], [13.289793, 38.122547], [13.289781, 38.122459], [13.289755, 38.12236], [13.289631, 38.122292], [13.289479, 38.122267], [13.289389, 38.122233], [13.289475, 38.122146], [13.289594, 38.122115], [13.289728, 38.12204], [13.289743, 38.121996], [13.289793, 38.121947]]]}, "properties": {"pai_nmr": "040", "bacino": "Area tra F. Oreto e Punta Raisi", "provincia": "PA", "comune": "Palermo", "localita": "Cozzo S. Isidoro", "sigla": "040-6PM-135", "pericolo": "n.c.", "n_dsg": 4, "data_dsg": "2026-01-09", "ngurs_dsg": 4, "dgurs_dsg": "2026-01-23", "cls_dissesti_attivita": "Attivo", "col_dissesti_attivita": "#ff0000", "bor_dissesti_attivita": "#000000", "cls_dissesti_tipologia": "Crollo e/o ribaltamento", "col_dissesti_tipologia": "#000000", "bor_dissesti_tipologia": "#000000", "pat_dissesti_tipologia": "pai-dissesti_tipologia-0", "sup_ha": 0.9175}}, {"type": "Feature", "geometry": {"type": "Polygon", "coordinates": [[[13.289599, 38.122787], [13.289435, 38.122652], [13.289298, 38.12254], [13.289156, 38.122367], [13.289053, 38.122294], [13.288938, 38.122133], [13.288815, 38.122037], [13.288622, 38.121958], [13.288561, 38.12188], [13.288542, 38.121791], [13.288556, 38.121769], [13.28864, 38.12176], [13.288764, 38.121844], [13.289017, 38.12204], [13.289091, 38.122157], [13.289234, 38.122286], [13.289378, 38.122404], [13.289549, 38.122527], [13.289673, 38.122606], [13.289774, 38.122745], [13.289912, 38.122797], [13.289901, 38.122807], [13.289917, 38.122811], [13.289979, 38.122852], [13.289978, 38.122893], [13.289892, 38.122905], [13.289791, 38.122863], [13.289767, 38.12285], [13.289599, 38.122787]]]}, "properties": {"pai_nmr": "040", "bacino": "Area tra F. Oreto e Punta Raisi", "provincia": "PA", "comune": "Palermo", "localita": "Cozzo S. Isidoro", "sigla": "040-6PM-136", "pericolo": "n.c.", "n_dsg": 4, "data_dsg": "2026-01-09", "ngurs_dsg": 4, "dgurs_dsg": "2026-01-23", "cls_dissesti_attivita": "Attivo", "col_dissesti_attivita": "#ff0000", "bor_dissesti_attivita": "#000000", "cls_dissesti_tipologia": "Crollo e/o ribaltamento", "col_dissesti_tipologia": "#000000", "bor_dissesti_tipologia": "#000000", "pat_dissesti_tipologia": "pai-dissesti_tipologia-0", "sup_ha": 0.237}}, {"type": "Feature", "geometry": {"type": "Polygon", "coordinates": [[[13.288706, 38.123069], [13.28873, 38.123056], [13.288753, 38.123051], [13.288814, 38.123019], [13.289009, 38.122957], [13.289247, 38.122869], [13.289404, 38.122867], [13.289514, 38.122891], [13.289513, 38.122927], [13.289488, 38.123], [13.289423, 38.123032], [13.289344, 38.123042], [13.289233, 38.123069], [13.289167, 38.123097], [13.289101, 38.123166], [13.289026, 38.123223], [13.289012, 38.123237], [13.288923, 38.123295], [13.288793, 38.123307], [13.288622, 38.123316], [13.288543, 38.123355], [13.288469, 38.123361], [13.288442, 38.12332], [13.288443, 38.123273], [13.288443, 38.123262], [13.288447, 38.123249], [13.288454, 38.123215], [13.288557, 38.123129], [13.288706, 38.123069]]]}, "properties": {"pai_nmr": "040", "bacino": "Area tra F. Oreto e Punta Raisi", "provincia": "PA", "comune": "Palermo", "localita": "Est Cozzo Paladino", "sigla": "040-6PM-184", "pericolo": "n.c.", "n_dsg": 4, "data_dsg": "2026-01-09", "ngurs_dsg": 4, "dgurs_dsg": "2026-01-23", "cls_dissesti_attivita": "Attivo", "col_dissesti_attivita": "#ff0000", "bor_dissesti_attivita": "#000000", "cls_dissesti_tipologia": "Crollo e/o ribaltamento", "col_dissesti_tipologia": "#000000", "bor_dissesti_tipologia": "#000000", "pat_dissesti_tipologia": "pai-dissesti_tipologia-0", "sup_ha": 0.2298}}, {"type": "Feature", "geometry": {"type": "Polygon", "coordinates": [[[13.294203, 38.123725], [13.294262, 38.123696], [13.294265, 38.123692], [13.294283, 38.123686], [13.294367, 38.123658], [13.294511, 38.123623], [13.294533, 38.123536], [13.294559, 38.123497], [13.294706, 38.123452], [13.294859, 38.123419], [13.29497, 38.123438], [13.295029, 38.123446], [13.29503, 38.123446], [13.295046, 38.123432], [13.295051, 38.123402], [13.29505, 38.123402], [13.295051, 38.1234], [13.295068, 38.123367], [13.295116, 38.123336], [13.295133, 38.123352], [13.295141, 38.123397], [13.295143, 38.123403], [13.295155, 38.123454], [13.29513, 38.123481], [13.295071, 38.123495], [13.295019, 38.123523], [13.294881, 38.123528], [13.294791, 38.123529], [13.294681, 38.123563], [13.294612, 38.123613], [13.294555, 38.12369], [13.29446, 38.123755], [13.29435, 38.123771], [13.29422, 38.123831], [13.294187, 38.123895], [13.29418, 38.123984], [13.294229, 38.124047], [13.294264, 38.124109], [13.294274, 38.124167], [13.294234, 38.124182], [13.294193, 38.124148], [13.294191, 38.124146], [13.294194, 38.124156], [13.294187, 38.124142], [13.294167, 38.124041], [13.294125, 38.123925], [13.294132, 38.123841], [13.294203, 38.123725]]]}, "properties": {"pai_nmr": "040", "bacino": "Area tra F. Oreto e Punta Raisi", "provincia": "PA", "comune": "Palermo", "localita": "Ovest Via Salaparuta", "sigla": "040-6PM-185", "pericolo": "n.c.", "n_dsg": 4, "data_dsg": "2026-01-09", "ngurs_dsg": 4, "dgurs_dsg": "2026-01-23", "cls_dissesti_attivita": "Attivo", "col_dissesti_attivita": "#ff0000", "bor_dissesti_attivita": "#000000", "cls_dissesti_tipologia": "Crollo e/o ribaltamento", "col_dissesti_tipologia": "#000000", "bor_dissesti_tipologia": "#000000", "pat_dissesti_tipologia": "pai-dissesti_tipologia-0", "sup_ha": 0.1281}}, {"type": "Feature", "geometry": {"type": "Polygon", "coordinates": [[[13.296067, 38.123615], [13.295968, 38.123601], [13.295862, 38.123616], [13.295753, 38.123535], [13.295659, 38.123484], [13.295581, 38.123449], [13.295582, 38.123383], [13.295683, 38.123384], [13.295766, 38.123444], [13.295902, 38.123487], [13.296043, 38.123527], [13.296121, 38.123582], [13.296262, 38.123634], [13.296323, 38.123718], [13.296359, 38.123794], [13.296341, 38.123856], [13.296276, 38.123955], [13.29622, 38.124063], [13.296165, 38.124166], [13.296105, 38.124282], [13.29607, 38.124406], [13.29605, 38.124415], [13.296008, 38.124423], [13.296005, 38.124388], [13.296004, 38.124349], [13.296034, 38.124307], [13.296064, 38.12425], [13.296083, 38.124212], [13.296117, 38.12417], [13.296148, 38.12411], [13.296181, 38.124052], [13.296208, 38.124008], [13.296239, 38.123959], [13.296249, 38.123905], [13.296232, 38.123862], [13.296177, 38.123806], [13.296147, 38.123742], [13.296149, 38.123696], [13.296114, 38.123636], [13.296068, 38.123617], [13.296067, 38.123615]]]}, "properties": {"pai_nmr": "040", "bacino": "Area tra F. Oreto e Punta Raisi", "provincia": "PA", "comune": "Palermo", "localita": "Ovest Via Salaparuta", "sigla": "040-6PM-186", "pericolo": "n.c.", "n_dsg": 4, "data_dsg": "2026-01-09", "ngurs_dsg": 4, "dgurs_dsg": "2026-01-23", "cls_dissesti_attivita": "Attivo", "col_dissesti_attivita": "#ff0000", "bor_dissesti_attivita": "#000000", "cls_dissesti_tipologia": "Crollo e/o ribaltamento", "col_dissesti_tipologia": "#000000", "bor_dissesti_tipologia": "#000000", "pat_dissesti_tipologia": "pai-dissesti_tipologia-0", "sup_ha": 0.1226}}, {"type": "Feature", "geometry": {"type": "Polygon", "coordinates": [[[13.296702, 38.123788], [13.296701, 38.1238], [13.296701, 38.123833], [13.2967, 38.123865], [13.296694, 38.123902], [13.296675, 38.12392], [13.296647, 38.123926], [13.296621, 38.123915], [13.296607, 38.123894], [13.296607, 38.123854], [13.296611, 38.123852], [13.296632, 38.123799], [13.296636, 38.123716], [13.296635, 38.123647], [13.296591, 38.123567], [13.296559, 38.123552], [13.296533, 38.123511], [13.296534, 38.123481], [13.29657, 38.123471], [13.296616, 38.123478], [13.296632, 38.123481], [13.296692, 38.123538], [13.296696, 38.123543], [13.296704, 38.123583], [13.296711, 38.123618], [13.296715, 38.123648], [13.296714, 38.123685], [13.296706, 38.123731], [13.296705, 38.123764], [13.296707, 38.123782], [13.296702, 38.123788]]]}, "properties": {"pai_nmr": "040", "bacino": "Area tra F. Oreto e Punta Raisi", "provincia": "PA", "comune": "Palermo", "localita": "Ovest Via Salaparuta", "sigla": "040-6PM-187", "pericolo": "n.c.", "n_dsg": 4, "data_dsg": "2026-01-09", "ngurs_dsg": 4, "dgurs_dsg": "2026-01-23", "cls_dissesti_attivita": "Attivo", "col_dissesti_attivita": "#ff0000", "bor_dissesti_attivita": "#000000", "cls_dissesti_tipologia": "Crollo e/o ribaltamento", "col_dissesti_tipologia": "#000000", "bor_dissesti_tipologia": "#000000", "pat_dissesti_tipologia": "pai-dissesti_tipologia-0", "sup_ha": 0.0392}}, {"type": "Feature", "geometry": {"type": "Polygon", "coordinates": [[[13.296202, 38.122525], [13.296204, 38.122522], [13.296167, 38.122376], [13.296108, 38.122179], [13.296172, 38.122167], [13.296347, 38.12222], [13.296384, 38.122347], [13.296396, 38.122506], [13.296339, 38.122611], [13.296297, 38.122634], [13.296244, 38.122622], [13.296232, 38.12259], [13.296216, 38.122558], [13.296202, 38.122525]]]}, "properties": {"pai_nmr": "040", "bacino": "Area tra F. Oreto e Punta Raisi", "provincia": "PA", "comune": "Palermo", "localita": "Ovest Case S. Isidoro", "sigla": "040-6PM-188", "pericolo": "n.c.", "n_dsg": 4, "data_dsg": "2026-01-09", "ngurs_dsg": 4, "dgurs_dsg": "2026-01-23", "cls_dissesti_attivita": "Attivo", "col_dissesti_attivita": "#ff0000", "bor_dissesti_attivita": "#000000", "cls_dissesti_tipologia": "Crollo e/o ribaltamento", "col_dissesti_tipologia": "#000000", "bor_dissesti_tipologia": "#000000", "pat_dissesti_tipologia": "pai-dissesti_tipologia-0", "sup_ha": 0.0843}}, {"type": "Feature", "geometry": {"type": "Polygon", "coordinates": [[[13.296216, 38.121994], [13.296204, 38.122001], [13.296178, 38.121992], [13.296167, 38.121964], [13.29615, 38.121931], [13.296124, 38.121891], [13.296093, 38.121831], [13.296068, 38.121758], [13.296023, 38.121718], [13.295993, 38.12171], [13.295928, 38.1217], [13.2959, 38.121665], [13.295913, 38.121602], [13.295927, 38.121573], [13.295941, 38.121533], [13.295959, 38.121495], [13.295958, 38.121456], [13.295936, 38.121425], [13.295963, 38.121341], [13.296007, 38.121267], [13.295999, 38.121203], [13.296029, 38.121133], [13.296063, 38.121077], [13.296097, 38.121096], [13.296101, 38.12115], [13.296106, 38.12122], [13.296111, 38.12131], [13.296115, 38.121396], [13.296151, 38.121483], [13.296201, 38.121574], [13.296226, 38.121656], [13.296237, 38.121755], [13.296239, 38.121844], [13.296231, 38.121915], [13.296216, 38.121994]]]}, "properties": {"pai_nmr": "040", "bacino": "Area tra F. Oreto e Punta Raisi", "provincia": "PA", "comune": "Palermo", "localita": "Ovest Case S. Isidoro", "sigla": "040-6PM-189", "pericolo": "n.c.", "n_dsg": 4, "data_dsg": "2026-01-09", "ngurs_dsg": 4, "dgurs_dsg": "2026-01-23", "cls_dissesti_attivita": "Attivo", "col_dissesti_attivita": "#ff0000", "bor_dissesti_attivita": "#000000", "cls_dissesti_tipologia": "Crollo e/o ribaltamento", "col_dissesti_tipologia": "#000000", "bor_dissesti_tipologia": "#000000", "pat_dissesti_tipologia": "pai-dissesti_tipologia-0", "sup_ha": 0.1441}}, {"type": "Feature", "geometry": {"type": "Polygon", "coordinates": [[[13.295056, 38.120861], [13.295049, 38.12072], [13.294954, 38.120524], [13.294858, 38.120366], [13.294705, 38.120198], [13.294593, 38.120052], [13.294476, 38.119905], [13.294337, 38.119808], [13.294161, 38.119723], [13.294024, 38.11953], [13.294037, 38.119398], [13.294148, 38.119371], [13.294319, 38.119448], [13.294438, 38.119507], [13.294614, 38.119588], [13.294757, 38.119752], [13.29484, 38.120039], [13.294986, 38.120276], [13.295033, 38.120488], [13.295124, 38.120655], [13.295135, 38.120825], [13.29516, 38.120883], [13.295118, 38.12092], [13.295056, 38.120861]]]}, "properties": {"pai_nmr": "040", "bacino": "Area tra F. Oreto e Punta Raisi", "provincia": "PA", "comune": "Palermo", "localita": "Cozzo S. Isidoro", "sigla": "040-6PM-190", "pericolo": "n.c.", "n_dsg": 4, "data_dsg": "2026-01-09", "ngurs_dsg": 4, "dgurs_dsg": "2026-01-23", "cls_dissesti_attivita": "Attivo", "col_dissesti_attivita": "#ff0000", "bor_dissesti_attivita": "#000000", "cls_dissesti_tipologia": "Crollo e/o ribaltamento", "col_dissesti_tipologia": "#000000", "bor_dissesti_tipologia": "#000000", "pat_dissesti_tipologia": "pai-dissesti_tipologia-0", "sup_ha": 0.3834}}, {"type": "Feature", "geometry": {"type": "Polygon", "coordinates": [[[13.295341, 38.120538], [13.295335, 38.120584], [13.295246, 38.120582], [13.295201, 38.120499], [13.295239, 38.120417], [13.295299, 38.120327], [13.295385, 38.120237], [13.295465, 38.120176], [13.29552, 38.120061], [13.295597, 38.120116], [13.295589, 38.120223], [13.295489, 38.120267], [13.295414, 38.120349], [13.295343, 38.120455], [13.295341, 38.120538]]]}, "properties": {"pai_nmr": "040", "bacino": "Area tra F. Oreto e Punta Raisi", "provincia": "PA", "comune": "Palermo", "localita": "Cozzo S. Isidoro", "sigla": "040-6PM-191", "pericolo": "n.c.", "n_dsg": 4, "data_dsg": "2026-01-09", "ngurs_dsg": 4, "dgurs_dsg": "2026-01-23", "cls_dissesti_attivita": "Attivo", "col_dissesti_attivita": "#ff0000", "bor_dissesti_attivita": "#000000", "cls_dissesti_tipologia": "Crollo e/o ribaltamento", "col_dissesti_tipologia": "#000000", "bor_dissesti_tipologia": "#000000", "pat_dissesti_tipologia": "pai-dissesti_tipologia-0", "sup_ha": 0.0627}}, {"type": "Feature", "geometry": {"type": "Polygon", "coordinates": [[[13.293954, 38.12005], [13.293876, 38.120045], [13.293779, 38.119916], [13.293678, 38.119761], [13.293654, 38.119678], [13.293691, 38.119649], [13.293811, 38.119684], [13.293892, 38.11981], [13.293946, 38.119939], [13.294002, 38.120031], [13.293954, 38.12005]]]}, "properties": {"pai_nmr": "040", "bacino": "Area tra F. Oreto e Punta Raisi", "provincia": "PA", "comune": "Palermo", "localita": "Cozzo S. Isidoro", "sigla": "040-6PM-192", "pericolo": "n.c.", "n_dsg": 4, "data_dsg": "2026-01-09", "ngurs_dsg": 4, "dgurs_dsg": "2026-01-23", "cls_dissesti_attivita": "Attivo", "col_dissesti_attivita": "#ff0000", "bor_dissesti_attivita": "#000000", "cls_dissesti_tipologia": "Crollo e/o ribaltamento", "col_dissesti_tipologia": "#000000", "bor_dissesti_tipologia": "#000000", "pat_dissesti_tipologia": "pai-dissesti_tipologia-0", "sup_ha": 0.0596}}, {"type": "Feature", "geometry": {"type": "Polygon", "coordinates": [[[13.287999, 38.124496], [13.287924, 38.124554], [13.287838, 38.12458], [13.287671, 38.124627], [13.287535, 38.124607], [13.287468, 38.124552], [13.287423, 38.124528], [13.287446, 38.124506], [13.287515, 38.124516], [13.287605, 38.124554], [13.287696, 38.124555], [13.287782, 38.124534], [13.287845, 38.124503], [13.28792, 38.124477], [13.287983, 38.12446], [13.287999, 38.124496]]]}, "properties": {"pai_nmr": "040", "bacino": "Area tra F. Oreto e Punta Raisi", "provincia": "PA", "comune": "Palermo", "localita": "NE Cozzo Paladino", "sigla": "040-6PM-193", "pericolo": "n.c.", "n_dsg": 4, "data_dsg": "2026-01-09", "ngurs_dsg": 4, "dgurs_dsg": "2026-01-23", "cls_dissesti_attivita": "Attivo", "col_dissesti_attivita": "#ff0000", "bor_dissesti_attivita": "#000000", "cls_dissesti_tipologia": "Crollo e/o ribaltamento", "col_dissesti_tipologia": "#000000", "bor_dissesti_tipologia": "#000000", "pat_dissesti_tipologia": "pai-dissesti_tipologia-0", "sup_ha": 0.0355}}, {"type": "Feature", "geometry": {"type": "Polygon", "coordinates": [[[13.29072, 38.120136], [13.290556, 38.120134], [13.290459, 38.120155], [13.29036, 38.120253], [13.29007, 38.120309], [13.289791, 38.120283], [13.289677, 38.120205], [13.289612, 38.120128], [13.289547, 38.119997], [13.289636, 38.119938], [13.289798, 38.120001], [13.289982, 38.119935], [13.290091, 38.119823], [13.290226, 38.119802], [13.290467, 38.119798], [13.290642, 38.119739], [13.290825, 38.119734], [13.290924, 38.119652], [13.291012, 38.1196], [13.291091, 38.119495], [13.291209, 38.11939], [13.291326, 38.119323], [13.291596, 38.119327], [13.291808, 38.119345], [13.292, 38.119356], [13.292078, 38.119311], [13.291957, 38.119127], [13.291846, 38.118927], [13.29181, 38.118812], [13.291813, 38.118691], [13.291815, 38.118607], [13.291953, 38.118495], [13.292039, 38.118511], [13.292007, 38.118625], [13.292025, 38.118694], [13.292126, 38.118893], [13.29223, 38.119009], [13.292382, 38.119102], [13.292561, 38.119265], [13.292681, 38.119495], [13.292765, 38.119618], [13.292742, 38.119762], [13.292634, 38.11986], [13.29242, 38.119917], [13.292138, 38.120043], [13.291896, 38.1201], [13.291663, 38.120158], [13.291422, 38.120162], [13.291251, 38.120083], [13.291184, 38.120044], [13.291069, 38.120027], [13.290952, 38.120086], [13.290865, 38.120115], [13.29072, 38.120136]]]}, "properties": {"pai_nmr": "040", "bacino": "Area tra F. Oreto e Punta Raisi", "provincia": "PA", "comune": "Palermo", "localita": "Cozzo S. Isidoro", "sigla": "040-6PM-194", "pericolo": "n.c.", "n_dsg": 4, "data_dsg": "2026-01-09", "ngurs_dsg": 4, "dgurs_dsg": "2026-01-23", "cls_dissesti_attivita": "Attivo", "col_dissesti_attivita": "#ff0000", "bor_dissesti_attivita": "#000000", "cls_dissesti_tipologia": "Crollo e/o ribaltamento", "col_dissesti_tipologia": "#000000", "bor_dissesti_tipologia": "#000000", "pat_dissesti_tipologia": "pai-dissesti_tipologia-0", "sup_ha": 1.9327}}, {"type": "Feature", "geometry": {"type": "Polygon", "coordinates": [[[13.292806, 38.119557], [13.29274, 38.119522], [13.292736, 38.11943], [13.292694, 38.119386], [13.292678, 38.119319], [13.292778, 38.119209], [13.292888, 38.119191], [13.293017, 38.119188], [13.293109, 38.119156], [13.293148, 38.11907], [13.293223, 38.11896], [13.293341, 38.118908], [13.293487, 38.11891], [13.293622, 38.118917], [13.293689, 38.118909], [13.293818, 38.118857], [13.293905, 38.118791], [13.293986, 38.118734], [13.294122, 38.118693], [13.294262, 38.1187], [13.294396, 38.118726], [13.294512, 38.118737], [13.294688, 38.118783], [13.29482, 38.118857], [13.294856, 38.118901], [13.294782, 38.11892], [13.294643, 38.118879], [13.294551, 38.118863], [13.294405, 38.118871], [13.294264, 38.118878], [13.294129, 38.1189], [13.293982, 38.118918], [13.293841, 38.118935], [13.293742, 38.118996], [13.29354, 38.119022], [13.293369, 38.119025], [13.293294, 38.119057], [13.293274, 38.119163], [13.293242, 38.119211], [13.293149, 38.119277], [13.293013, 38.119348], [13.292926, 38.119414], [13.292893, 38.1195], [13.292806, 38.119557]]]}, "properties": {"pai_nmr": "040", "bacino": "Area tra F. Oreto e Punta Raisi", "provincia": "PA", "comune": "Palermo", "localita": "Cozzo S. Isidoro", "sigla": "040-6PM-195", "pericolo": "n.c.", "n_dsg": 4, "data_dsg": "2026-01-09", "ngurs_dsg": 4, "dgurs_dsg": "2026-01-23", "cls_dissesti_attivita": "Attivo", "col_dissesti_attivita": "#ff0000", "bor_dissesti_attivita": "#000000", "cls_dissesti_tipologia": "Crollo e/o ribaltamento", "col_dissesti_tipologia": "#000000", "bor_dissesti_tipologia": "#000000", "pat_dissesti_tipologia": "pai-dissesti_tipologia-0", "sup_ha": 0.3312}}, {"type": "Feature", "geometry": {"type": "Polygon", "coordinates": [[[13.290426, 38.118861], [13.290362, 38.1188], [13.290297, 38.118762], [13.290176, 38.118679], [13.290141, 38.118589], [13.290134, 38.1185], [13.290135, 38.118418], [13.290164, 38.118418], [13.290294, 38.11848], [13.290329, 38.118584], [13.290393, 38.118682], [13.290448, 38.118764], [13.290465, 38.118817], [13.290426, 38.118861]]]}, "properties": {"pai_nmr": "040", "bacino": "Area tra F. Oreto e Punta Raisi", "provincia": "PA", "comune": "Palermo", "localita": "A valle di Cozzo S. Isidoro", "sigla": "040-6PM-196", "pericolo": "n.c.", "n_dsg": 4, "data_dsg": "2026-01-09", "ngurs_dsg": 4, "dgurs_dsg": "2026-01-23", "cls_dissesti_attivita": "Attivo", "col_dissesti_attivita": "#ff0000", "bor_dissesti_attivita": "#000000", "cls_dissesti_tipologia": "Crollo e/o ribaltamento", "col_dissesti_tipologia": "#000000", "bor_dissesti_tipologia": "#000000", "pat_dissesti_tipologia": "pai-dissesti_tipologia-0", "sup_ha": 0.0648}}, {"type": "Feature", "geometry": {"type": "Polygon", "coordinates": [[[13.291785, 38.11836], [13.291736, 38.118441], [13.291602, 38.118499], [13.291509, 38.118467], [13.291538, 38.118423], [13.291633, 38.118387], [13.291683, 38.118284], [13.291685, 38.118172], [13.291678, 38.118105], [13.29168, 38.118001], [13.291849, 38.118026], [13.291886, 38.118056], [13.291894, 38.118109], [13.291884, 38.118131], [13.291855, 38.118182], [13.291807, 38.118211], [13.291778, 38.118256], [13.291785, 38.11836]]]}, "properties": {"pai_nmr": "040", "bacino": "Area tra F. Oreto e Punta Raisi", "provincia": "PA", "comune": "Palermo", "localita": "A valle di Cozzo S. Isidoro", "sigla": "040-6PM-197", "pericolo": "n.c.", "n_dsg": 4, "data_dsg": "2026-01-09", "ngurs_dsg": 4, "dgurs_dsg": "2026-01-23", "cls_dissesti_attivita": "Attivo", "col_dissesti_attivita": "#ff0000", "bor_dissesti_attivita": "#000000", "cls_dissesti_tipologia": "Crollo e/o ribaltamento", "col_dissesti_tipologia": "#000000", "bor_dissesti_tipologia": "#000000", "pat_dissesti_tipologia": "pai-dissesti_tipologia-0", "sup_ha": 0.0729}}, {"type": "Feature", "geometry": {"type": "Polygon", "coordinates": [[[13.367596, 38.174505], [13.367673, 38.174665], [13.36767, 38.174813], [13.3676, 38.174949], [13.36753, 38.175065], [13.3675, 38.175234], [13.367428, 38.175434], [13.367196, 38.175642], [13.36695, 38.17584], [13.366676, 38.17609], [13.366563, 38.176374], [13.366466, 38.17651], [13.366434, 38.176721], [13.366411, 38.177165], [13.366418, 38.177441], [13.366479, 38.177727], [13.366608, 38.177951], [13.366602, 38.178194], [13.366572, 38.178374], [13.366567, 38.178575], [13.366563, 38.178744], [13.366573, 38.178914], [13.366516, 38.179071], [13.36638, 38.179144], [13.366283, 38.17929], [13.366172, 38.179437], [13.366154, 38.179648], [13.366097, 38.179806], [13.365987, 38.179942], [13.365956, 38.180132], [13.365912, 38.180301], [13.365842, 38.180448], [13.365775, 38.180447], [13.365873, 38.180226], [13.365864, 38.180036], [13.36599, 38.179794], [13.366089, 38.179552], [13.366107, 38.179351], [13.366218, 38.179215], [13.366328, 38.17909], [13.366345, 38.178932], [13.366389, 38.178752], [13.366407, 38.178541], [13.366491, 38.178373], [13.366481, 38.178224], [13.366486, 38.178023], [13.366462, 38.177886], [13.366385, 38.177715], [13.366294, 38.177587], [13.36619, 38.177469], [13.36622, 38.177311], [13.366263, 38.177195], [13.366266, 38.177047], [13.366297, 38.176878], [13.366301, 38.176667], [13.366307, 38.176402], [13.366407, 38.17616], [13.366626, 38.175941], [13.366831, 38.175753], [13.366887, 38.175659], [13.367038, 38.175513], [13.367216, 38.175346], [13.367312, 38.17522], [13.367356, 38.175052], [13.367399, 38.174946], [13.367481, 38.174852], [13.367497, 38.174768], [13.36739, 38.174724], [13.367379, 38.17465], [13.367434, 38.174545], [13.367475, 38.174514], [13.367596, 38.174505]]]}, "properties": {"pai_nmr": "040", "bacino": "Area tra F. Oreto e Punta Raisi", "provincia": "PA", "comune": "Palermo", "localita": "Torre del Rotolo", "sigla": "040-6PM-001", "pericolo": "n.c.", "n_dsg": 4, "data_dsg": "2026-01-09", "ngurs_dsg": 4, "dgurs_dsg": "2026-01-23", "cls_dissesti_attivita": "Attivo", "col_dissesti_attivita": "#ff0000", "bor_dissesti_attivita": "#000000", "cls_dissesti_tipologia": "Crollo e/o ribaltamento", "col_dissesti_tipologia": "#000000", "bor_dissesti_tipologia": "#000000", "pat_dissesti_tipologia": "pai-dissesti_tipologia-0", "sup_ha": 0.9401}}, {"type": "Feature", "geometry": {"type": "Polygon", "coordinates": [[[13.365722, 38.179039], [13.365558, 38.178941], [13.365409, 38.178844], [13.365306, 38.178735], [13.365278, 38.178616], [13.365311, 38.178497], [13.365449, 38.178403], [13.365631, 38.178382], [13.365813, 38.178325], [13.365826, 38.178409], [13.365659, 38.178466], [13.365519, 38.178631], [13.365531, 38.178774], [13.365726, 38.178848], [13.365843, 38.179005], [13.365722, 38.179039]]]}, "properties": {"pai_nmr": "040", "bacino": "Area tra F. Oreto e Punta Raisi", "provincia": "PA", "comune": "Palermo", "localita": "Torre del Rotolo", "sigla": "040-6PM-257", "pericolo": "n.c.", "n_dsg": 4, "data_dsg": "2026-01-09", "ngurs_dsg": 4, "dgurs_dsg": "2026-01-23", "cls_dissesti_attivita": "Attivo", "col_dissesti_attivita": "#ff0000", "bor_dissesti_attivita": "#000000", "cls_dissesti_tipologia": "Crollo e/o ribaltamento", "col_dissesti_tipologia": "#000000", "bor_dissesti_tipologia": "#000000", "pat_dissesti_tipologia": "pai-dissesti_tipologia-0", "sup_ha": 0.1684}}, {"type": "Feature", "geometry": {"type": "Polygon", "coordinates": [[[13.365095, 38.178878], [13.365139, 38.178939], [13.365138, 38.178974], [13.365189, 38.179041], [13.365202, 38.179166], [13.365184, 38.179267], [13.365115, 38.179338], [13.364992, 38.179407], [13.364842, 38.179364], [13.364782, 38.179375], [13.364661, 38.179361], [13.364578, 38.17936], [13.364494, 38.179395], [13.36444, 38.179447], [13.364335, 38.17941], [13.364398, 38.179304], [13.36449, 38.179234], [13.364583, 38.179128], [13.364751, 38.179058], [13.364911, 38.178995], [13.365034, 38.178877], [13.365095, 38.178878]]]}, "properties": {"pai_nmr": "040", "bacino": "Area tra F. Oreto e Punta Raisi", "provincia": "PA", "comune": "Palermo", "localita": "Torre del Rotolo", "sigla": "040-6PM-258", "pericolo": "n.c.", "n_dsg": 4, "data_dsg": "2026-01-09", "ngurs_dsg": 4, "dgurs_dsg": "2026-01-23", "cls_dissesti_attivita": "Attivo", "col_dissesti_attivita": "#ff0000", "bor_dissesti_attivita": "#000000", "cls_dissesti_tipologia": "Crollo e/o ribaltamento", "col_dissesti_tipologia": "#000000", "bor_dissesti_tipologia": "#000000", "pat_dissesti_tipologia": "pai-dissesti_tipologia-0", "sup_ha": 0.2509}}, {"type": "Feature", "geometry": {"type": "Polygon", "coordinates": [[[13.365429, 38.179121], [13.365497, 38.179134], [13.365481, 38.179146], [13.365481, 38.179188], [13.365412, 38.179228], [13.365342, 38.179311], [13.36531, 38.179388], [13.365224, 38.179518], [13.365139, 38.1796], [13.365061, 38.179694], [13.365013, 38.179813], [13.364974, 38.17989], [13.364944, 38.17986], [13.364946, 38.179788], [13.364985, 38.179723], [13.365047, 38.179664], [13.365117, 38.17957], [13.365202, 38.179482], [13.365266, 38.179322], [13.365321, 38.179215], [13.365429, 38.179121]]]}, "properties": {"pai_nmr": "040", "bacino": "Area tra F. Oreto e Punta Raisi", "provincia": "PA", "comune": "Palermo", "localita": "Torre del Rotolo", "sigla": "040-6PM-259", "pericolo": "n.c.", "n_dsg": 4, "data_dsg": "2026-01-09", "ngurs_dsg": 4, "dgurs_dsg": "2026-01-23", "cls_dissesti_attivita": "Attivo", "col_dissesti_attivita": "#ff0000", "bor_dissesti_attivita": "#000000", "cls_dissesti_tipologia": "Crollo e/o ribaltamento", "col_dissesti_tipologia": "#000000", "bor_dissesti_tipologia": "#000000", "pat_dissesti_tipologia": "pai-dissesti_tipologia-0", "sup_ha": 0.0484}}, {"type": "Feature", "geometry": {"type": "Polygon", "coordinates": [[[13.365532, 38.179939], [13.36555, 38.179815], [13.365574, 38.179725], [13.365562, 38.179582], [13.365527, 38.179492], [13.365566, 38.179433], [13.365648, 38.179458], [13.365645, 38.179583], [13.36565, 38.179721], [13.365625, 38.179816], [13.365608, 38.179911], [13.365614, 38.179988], [13.365598, 38.180012], [13.365532, 38.179939]]]}, "properties": {"pai_nmr": "040", "bacino": "Area tra F. Oreto e Punta Raisi", "provincia": "PA", "comune": "Palermo", "localita": "Torre del Rotolo", "sigla": "040-6PM-260", "pericolo": "n.c.", "n_dsg": 4, "data_dsg": "2026-01-09", "ngurs_dsg": 4, "dgurs_dsg": "2026-01-23", "cls_dissesti_attivita": "Attivo", "col_dissesti_attivita": "#ff0000", "bor_dissesti_attivita": "#000000", "cls_dissesti_tipologia": "Crollo e/o ribaltamento", "col_dissesti_tipologia": "#000000", "bor_dissesti_tipologia": "#000000", "pat_dissesti_tipologia": "pai-dissesti_tipologia-0", "sup_ha": 0.0435}}, {"type": "Feature", "geometry": {"type": "Polygon", "coordinates": [[[13.365272, 38.151601], [13.365213, 38.151638], [13.365163, 38.151675], [13.365059, 38.151699], [13.364972, 38.151678], [13.364879, 38.151625], [13.364813, 38.151559], [13.3648, 38.151545], [13.364856, 38.151522], [13.364981, 38.151512], [13.365169, 38.151481], [13.365262, 38.151469], [13.365363, 38.151415], [13.365462, 38.151367], [13.365566, 38.151325], [13.365651, 38.151293], [13.36573, 38.151246], [13.365787, 38.15115], [13.365887, 38.151057], [13.365979, 38.150942], [13.366039, 38.150828], [13.366084, 38.150738], [13.3661, 38.150675], [13.366127, 38.150574], [13.366141, 38.150521], [13.366251, 38.150414], [13.366356, 38.150301], [13.366402, 38.15025], [13.366434, 38.15019], [13.366442, 38.150144], [13.366468, 38.150091], [13.366511, 38.150066], [13.366553, 38.149976], [13.36659, 38.149911], [13.366625, 38.149817], [13.366643, 38.149766], [13.366652, 38.149725], [13.366659, 38.149614], [13.366673, 38.149557], [13.366673, 38.149529], [13.366695, 38.149551], [13.366712, 38.149607], [13.36672, 38.149686], [13.366696, 38.149749], [13.366682, 38.149828], [13.366662, 38.149928], [13.366633, 38.149991], [13.366586, 38.150097], [13.366594, 38.150063], [13.366538, 38.150126], [13.366487, 38.150173], [13.366458, 38.150218], [13.366436, 38.150288], [13.366395, 38.150361], [13.366313, 38.150447], [13.366261, 38.150517], [13.366232, 38.150592], [13.366243, 38.150687], [13.366206, 38.150755], [13.366175, 38.150808], [13.366138, 38.150873], [13.366102, 38.150943], [13.366083, 38.151], [13.366051, 38.151077], [13.366049, 38.15116], [13.366035, 38.151235], [13.366008, 38.151315], [13.365959, 38.15138], [13.365931, 38.151429], [13.365892, 38.151478], [13.365844, 38.151491], [13.365777, 38.151498], [13.365681, 38.151526], [13.365621, 38.151551], [13.36553, 38.151565], [13.365442, 38.151572], [13.365415, 38.15157], [13.36537, 38.151563], [13.365327, 38.151576], [13.365272, 38.151601]]]}, "properties": {"pai_nmr": "040", "bacino": "Area tra F. Oreto e Punta Raisi", "provincia": "PA", "comune": "Palermo", "localita": "SE Pizzo Grattarola", "sigla": "040-6PM-252", "pericolo": "n.c.", "n_dsg": 4, "data_dsg": "2026-01-09", "ngurs_dsg": 4, "dgurs_dsg": "2026-01-23", "cls_dissesti_attivita": "Attivo", "col_dissesti_attivita": "#ff0000", "bor_dissesti_attivita": "#000000", "cls_dissesti_tipologia": "Crollo e/o ribaltamento", "col_dissesti_tipologia": "#000000", "bor_dissesti_tipologia": "#000000", "pat_dissesti_tipologia": "pai-dissesti_tipologia-0", "sup_ha": 0.3993}}, {"type": "Feature", "geometry": {"type": "Polygon", "coordinates": [[[13.363063, 38.154549], [13.362865, 38.154439], [13.362638, 38.154334], [13.362493, 38.154077], [13.362514, 38.153771], [13.36264, 38.153574], [13.362709, 38.153377], [13.362721, 38.153179], [13.36271, 38.153032], [13.362842, 38.152903], [13.362931, 38.152768], [13.363076, 38.15268], [13.363148, 38.152703], [13.363016, 38.152838], [13.362912, 38.152978], [13.362807, 38.153175], [13.362809, 38.153413], [13.362754, 38.153627], [13.362648, 38.153869], [13.362629, 38.154084], [13.362777, 38.154222], [13.362947, 38.154287], [13.363044, 38.154441], [13.363108, 38.154499], [13.363114, 38.154539], [13.363063, 38.154549]]]}, "properties": {"pai_nmr": "040", "bacino": "Area tra F. Oreto e Punta Raisi", "provincia": "PA", "comune": "Palermo", "localita": "Pizzo Grattarola", "sigla": "040-6PM-253", "pericolo": "n.c.", "n_dsg": 4, "data_dsg": "2026-01-09", "ngurs_dsg": 4, "dgurs_dsg": "2026-01-23", "cls_dissesti_attivita": "Attivo", "col_dissesti_attivita": "#ff0000", "bor_dissesti_attivita": "#000000", "cls_dissesti_tipologia": "Crollo e/o ribaltamento", "col_dissesti_tipologia": "#000000", "bor_dissesti_tipologia": "#000000", "pat_dissesti_tipologia": "pai-dissesti_tipologia-0", "sup_ha": 0.2726}}, {"type": "Feature", "geometry": {"type": "Polygon", "coordinates": [[[13.359444, 38.154397], [13.359552, 38.154359], [13.359654, 38.154303], [13.35979, 38.154294], [13.35989, 38.154312], [13.359925, 38.154381], [13.359838, 38.154414], [13.359701, 38.15444], [13.359564, 38.154472], [13.359485, 38.154471], [13.359399, 38.154475], [13.359393, 38.154424], [13.359444, 38.154397]]]}, "properties": {"pai_nmr": "040", "bacino": "Area tra F. Oreto e Punta Raisi", "provincia": "PA", "comune": "Palermo", "localita": "W Pizzo Grattarola", "sigla": "040-6PM-254", "pericolo": "n.c.", "n_dsg": 4, "data_dsg": "2026-01-09", "ngurs_dsg": 4, "dgurs_dsg": "2026-01-23", "cls_dissesti_attivita": "Attivo", "col_dissesti_attivita": "#ff0000", "bor_dissesti_attivita": "#000000", "cls_dissesti_tipologia": "Crollo e/o ribaltamento", "col_dissesti_tipologia": "#000000", "bor_dissesti_tipologia": "#000000", "pat_dissesti_tipologia": "pai-dissesti_tipologia-0", "sup_ha": 0.056}}, {"type": "Feature", "geometry": {"type": "Polygon", "coordinates": [[[13.361184, 38.152865], [13.36116, 38.152856], [13.361194, 38.152825], [13.361205, 38.152818], [13.361276, 38.152819], [13.361423, 38.152793], [13.361493, 38.152731], [13.361563, 38.152645], [13.361629, 38.152548], [13.361638, 38.152545], [13.361666, 38.152547], [13.361664, 38.152578], [13.36162, 38.152671], [13.361509, 38.152797], [13.361368, 38.15286], [13.361184, 38.152865]]]}, "properties": {"pai_nmr": "040", "bacino": "Area tra F. Oreto e Punta Raisi", "provincia": "PA", "comune": "Palermo", "localita": "SW Pizzo Grattarola", "sigla": "040-6PM-015", "pericolo": "n.c.", "n_dsg": 4, "data_dsg": "2026-01-09", "ngurs_dsg": 4, "dgurs_dsg": "2026-01-23", "cls_dissesti_attivita": "Attivo", "col_dissesti_attivita": "#ff0000", "bor_dissesti_attivita": "#000000", "cls_dissesti_tipologia": "Crollo e/o ribaltamento", "col_dissesti_tipologia": "#000000", "bor_dissesti_tipologia": "#000000", "pat_dissesti_tipologia": "pai-dissesti_tipologia-0", "sup_ha": 0.0302}}, {"type": "Feature", "geometry": {"type": "Polygon", "coordinates": [[[13.362005, 38.150904], [13.362024, 38.150843], [13.362029, 38.1508], [13.362098, 38.150801], [13.362116, 38.150831], [13.362093, 38.150871], [13.362089, 38.15088], [13.362089, 38.150882], [13.362069, 38.150948], [13.362089, 38.151038], [13.362062, 38.151118], [13.362013, 38.151187], [13.361997, 38.151247], [13.361959, 38.15131], [13.361841, 38.15134], [13.361735, 38.151359], [13.36168, 38.151364], [13.36167, 38.15132], [13.361678, 38.151286], [13.361665, 38.151208], [13.361728, 38.151183], [13.361805, 38.151158], [13.36192, 38.151087], [13.361988, 38.150993], [13.362005, 38.150904]]]}, "properties": {"pai_nmr": "040", "bacino": "Area tra F. Oreto e Punta Raisi", "provincia": "PA", "comune": "Palermo", "localita": "S Pizzo Grattarola", "sigla": "040-6PM-255", "pericolo": "n.c.", "n_dsg": 4, "data_dsg": "2026-01-09", "ngurs_dsg": 4, "dgurs_dsg": "2026-01-23", "cls_dissesti_attivita": "Attivo", "col_dissesti_attivita": "#ff0000", "bor_dissesti_attivita": "#000000", "cls_dissesti_tipologia": "Crollo e/o ribaltamento", "col_dissesti_tipologia": "#000000", "bor_dissesti_tipologia": "#000000", "pat_dissesti_tipologia": "pai-dissesti_tipologia-0", "sup_ha": 0.0938}}, {"type": "Feature", "geometry": {"type": "Polygon", "coordinates": [[[13.29199, 38.115064], [13.291965, 38.115027], [13.291959, 38.114971], [13.291971, 38.114895], [13.291983, 38.114805], [13.291995, 38.114742], [13.292038, 38.114673], [13.292136, 38.114621], [13.292264, 38.114594], [13.292347, 38.114579], [13.292456, 38.11458], [13.2925, 38.114581], [13.292591, 38.114595], [13.292636, 38.114651], [13.292653, 38.114719], [13.292689, 38.114863], [13.292719, 38.114986], [13.292786, 38.115149], [13.292777, 38.115197], [13.292744, 38.115143], [13.292687, 38.114941], [13.292626, 38.114755], [13.292579, 38.114666], [13.292486, 38.114634], [13.292387, 38.114655], [13.292311, 38.114771], [13.292211, 38.114862], [13.292084, 38.11494], [13.292017, 38.115036], [13.29199, 38.115064]]]}, "properties": {"pai_nmr": "040", "bacino": "Area tra F. Oreto e Punta Raisi", "provincia": "PA", "comune": "Palermo", "localita": "S Cozzo San Isidoro", "sigla": "040-6PM-198", "pericolo": "n.c.", "n_dsg": 4, "data_dsg": "2026-01-09", "ngurs_dsg": 4, "dgurs_dsg": "2026-01-23", "cls_dissesti_attivita": "Attivo", "col_dissesti_attivita": "#ff0000", "bor_dissesti_attivita": "#000000", "cls_dissesti_tipologia": "Crollo e/o ribaltamento", "col_dissesti_tipologia": "#000000", "bor_dissesti_tipologia": "#000000", "pat_dissesti_tipologia": "pai-dissesti_tipologia-0", "sup_ha": 0.1308}}, {"type": "Feature", "geometry": {"type": "Polygon", "coordinates": [[[13.29115, 38.11421], [13.29101, 38.114177], [13.290877, 38.114135], [13.290776, 38.114078], [13.290649, 38.114021], [13.290503, 38.113978], [13.290389, 38.113931], [13.290224, 38.113883], [13.290104, 38.113841], [13.290008, 38.113804], [13.290067, 38.11377], [13.290127, 38.113769], [13.290309, 38.113806], [13.290524, 38.113888], [13.290689, 38.113939], [13.290859, 38.113992], [13.290964, 38.11405], [13.291044, 38.114102], [13.291092, 38.114138], [13.291131, 38.114169], [13.291159, 38.114194], [13.29115, 38.11421]]]}, "properties": {"pai_nmr": "040", "bacino": "Area tra F. Oreto e Punta Raisi", "provincia": "PA", "comune": "Palermo", "localita": "S Cozzo San Isidoro", "sigla": "040-6PM-199", "pericolo": "n.c.", "n_dsg": 4, "data_dsg": "2026-01-09", "ngurs_dsg": 4, "dgurs_dsg": "2026-01-23", "cls_dissesti_attivita": "Attivo", "col_dissesti_attivita": "#ff0000", "bor_dissesti_attivita": "#000000", "cls_dissesti_tipologia": "Crollo e/o ribaltamento", "col_dissesti_tipologia": "#000000", "bor_dissesti_tipologia": "#000000", "pat_dissesti_tipologia": "pai-dissesti_tipologia-0", "sup_ha": 0.1027}}, {"type": "Feature", "geometry": {"type": "Polygon", "coordinates": [[[13.296539, 38.115377], [13.296478, 38.115417], [13.296319, 38.115462], [13.296192, 38.115478], [13.296077, 38.115459], [13.296006, 38.115426], [13.295877, 38.115419], [13.295799, 38.115416], [13.295699, 38.115408], [13.295677, 38.115373], [13.295727, 38.115329], [13.295836, 38.11533], [13.295965, 38.115353], [13.296217, 38.115377], [13.296332, 38.115372], [13.296418, 38.115366], [13.296479, 38.115344], [13.296512, 38.115299], [13.296539, 38.115243], [13.296586, 38.115228], [13.296623, 38.115228], [13.296687, 38.115209], [13.296793, 38.11519], [13.296878, 38.115139], [13.296971, 38.115099], [13.297058, 38.115064], [13.297113, 38.115035], [13.297145, 38.115031], [13.297126, 38.115086], [13.297047, 38.115143], [13.296972, 38.115156], [13.29687, 38.115186], [13.296854, 38.115195], [13.296807, 38.115231], [13.296769, 38.115267], [13.296729, 38.115281], [13.296727, 38.115282], [13.296708, 38.115288], [13.29665, 38.115276], [13.29661, 38.115285], [13.296569, 38.115316], [13.296558, 38.115325], [13.296539, 38.115377]]]}, "properties": {"pai_nmr": "040", "bacino": "Area tra F. Oreto e Punta Raisi", "provincia": "PA", "comune": "Palermo", "localita": "Baida", "sigla": "040-6PM-200", "pericolo": "n.c.", "n_dsg": 4, "data_dsg": "2026-01-09", "ngurs_dsg": 4, "dgurs_dsg": "2026-01-23", "cls_dissesti_attivita": "Attivo", "col_dissesti_attivita": "#ff0000", "bor_dissesti_attivita": "#000000", "cls_dissesti_tipologia": "Crollo e/o ribaltamento", "col_dissesti_tipologia": "#000000", "bor_dissesti_tipologia": "#000000", "pat_dissesti_tipologia": "pai-dissesti_tipologia-0", "sup_ha": 0.1071}}, {"type": "Feature", "geometry": {"type": "Polygon", "coordinates": [[[13.298664, 38.113741], [13.29866, 38.113693], [13.298675, 38.113658], [13.298669, 38.11363], [13.298642, 38.113574], [13.2986, 38.113542], [13.298582, 38.113502], [13.2986, 38.113483], [13.298632, 38.113464], [13.298673, 38.113458], [13.298692, 38.113453], [13.298755, 38.113453], [13.298789, 38.113474], [13.29879, 38.113523], [13.298781, 38.113565], [13.298763, 38.11362], [13.298757, 38.113689], [13.298768, 38.113738], [13.298798, 38.113762], [13.298827, 38.113799], [13.298831, 38.113843], [13.298814, 38.113888], [13.298795, 38.113935], [13.298758, 38.113962], [13.298699, 38.113983], [13.29864, 38.113995], [13.298585, 38.113995], [13.298542, 38.113984], [13.298494, 38.11397], [13.29845, 38.113949], [13.298415, 38.113933], [13.298385, 38.113918], [13.298346, 38.113907], [13.29829, 38.113899], [13.298264, 38.113889], [13.29826, 38.113872], [13.298268, 38.113857], [13.298308, 38.113854], [13.298371, 38.113854], [13.298433, 38.113846], [13.298493, 38.113858], [13.298544, 38.113891], [13.298587, 38.113912], [13.298656, 38.113898], [13.298695, 38.113882], [13.298719, 38.113843], [13.298695, 38.113808], [13.298664, 38.113741]]]}, "properties": {"pai_nmr": "040", "bacino": "Area tra F. Oreto e Punta Raisi", "provincia": "PA", "comune": "Palermo", "localita": "Baida", "sigla": "040-6PM-201", "pericolo": "n.c.", "n_dsg": 4, "data_dsg": "2026-01-09", "ngurs_dsg": 4, "dgurs_dsg": "2026-01-23", "cls_dissesti_attivita": "Attivo", "col_dissesti_attivita": "#ff0000", "bor_dissesti_attivita": "#000000", "cls_dissesti_tipologia": "Crollo e/o ribaltamento", "col_dissesti_tipologia": "#000000", "bor_dissesti_tipologia": "#000000", "pat_dissesti_tipologia": "pai-dissesti_tipologia-0", "sup_ha": 0.0966}}, {"type": "Feature", "geometry": {"type": "Polygon", "coordinates": [[[13.258308, 38.121622], [13.25817, 38.121526], [13.258039, 38.121425], [13.257975, 38.121301], [13.258025, 38.121086], [13.25817, 38.120889], [13.25833, 38.120705], [13.25834, 38.12057], [13.258388, 38.120425], [13.258525, 38.120281], [13.258645, 38.120212], [13.258785, 38.120214], [13.258873, 38.120274], [13.258954, 38.120299], [13.25919, 38.120302], [13.259309, 38.120292], [13.25951, 38.120231], [13.25954, 38.120243], [13.259521, 38.120389], [13.259496, 38.120523], [13.259397, 38.120656], [13.259378, 38.120819], [13.259279, 38.120923], [13.259209, 38.121074], [13.259117, 38.121219], [13.259011, 38.121299], [13.258933, 38.121473], [13.25876, 38.121611], [13.258588, 38.12169], [13.258418, 38.121676], [13.258308, 38.121622]]]}, "properties": {"pai_nmr": "040", "bacino": "Area tra F. Oreto e Punta Raisi", "provincia": "PA", "comune": "Palermo", "localita": "Pizzo Vuturo", "sigla": "040-6PM-125", "pericolo": "n.c.", "n_dsg": 4, "data_dsg": "2026-01-09", "ngurs_dsg": 4, "dgurs_dsg": "2026-01-23", "cls_dissesti_attivita": "Attivo", "col_dissesti_attivita": "#ff0000", "bor_dissesti_attivita": "#000000", "cls_dissesti_tipologia": "Crollo e/o ribaltamento", "col_dissesti_tipologia": "#000000", "bor_dissesti_tipologia": "#000000", "pat_dissesti_tipologia": "pai-dissesti_tipologia-0", "sup_ha": 1.3915}}, {"type": "Feature", "geometry": {"type": "Polygon", "coordinates": [[[13.26011, 38.120532], [13.260357, 38.120396], [13.260428, 38.120239], [13.260594, 38.120066], [13.260613, 38.119914], [13.260793, 38.119788], [13.260942, 38.119749], [13.261113, 38.119729], [13.261183, 38.119893], [13.261039, 38.120043], [13.260931, 38.120229], [13.260816, 38.120402], [13.260591, 38.12051], [13.260463, 38.120602], [13.260299, 38.120658], [13.260174, 38.120632], [13.260153, 38.120591], [13.26011, 38.120532]]]}, "properties": {"pai_nmr": "040", "bacino": "Area tra F. Oreto e Punta Raisi", "provincia": "PA", "comune": "Palermo", "localita": "Pizzo Vuturo", "sigla": "040-6PM-127", "pericolo": "n.c.", "n_dsg": 4, "data_dsg": "2026-01-09", "ngurs_dsg": 4, "dgurs_dsg": "2026-01-23", "cls_dissesti_attivita": "Attivo", "col_dissesti_attivita": "#ff0000", "bor_dissesti_attivita": "#000000", "cls_dissesti_tipologia": "Crollo e/o ribaltamento", "col_dissesti_tipologia": "#000000", "bor_dissesti_tipologia": "#000000", "pat_dissesti_tipologia": "pai-dissesti_tipologia-0", "sup_ha": 0.3873}}, {"type": "Feature", "geometry": {"type": "Polygon", "coordinates": [[[13.26965, 38.12611], [13.269314, 38.126043], [13.269184, 38.125837], [13.268985, 38.125728], [13.268664, 38.125546], [13.268489, 38.12533], [13.26845, 38.125099], [13.268721, 38.125005], [13.269224, 38.125119], [13.269684, 38.125144], [13.269763, 38.125109], [13.269841, 38.125146], [13.269907, 38.125182], [13.270109, 38.125212], [13.270343, 38.125278], [13.270701, 38.125336], [13.271039, 38.125306], [13.271501, 38.125233], [13.271985, 38.125178], [13.27206, 38.125338], [13.271932, 38.125496], [13.271625, 38.125678], [13.271351, 38.125878], [13.271054, 38.126069], [13.270803, 38.126251], [13.270365, 38.126245], [13.269985, 38.126186], [13.26965, 38.12611]]]}, "properties": {"pai_nmr": "040", "bacino": "Area tra F. Oreto e Punta Raisi", "provincia": "PA", "comune": "Palermo", "localita": "Nord Monte Cuccio", "sigla": "040-6PM-130", "pericolo": "n.c.", "n_dsg": 4, "data_dsg": "2026-01-09", "ngurs_dsg": 4, "dgurs_dsg": "2026-01-23", "cls_dissesti_attivita": "Attivo", "col_dissesti_attivita": "#ff0000", "bor_dissesti_attivita": "#000000", "cls_dissesti_tipologia": "Crollo e/o ribaltamento", "col_dissesti_tipologia": "#000000", "bor_dissesti_tipologia": "#000000", "pat_dissesti_tipologia": "pai-dissesti_tipologia-0", "sup_ha": 2.5823}}, {"type": "Feature", "geometry": {"type": "Polygon", "coordinates": [[[13.267347, 38.125544], [13.267432, 38.125485], [13.267436, 38.125468], [13.267513, 38.125401], [13.2676, 38.125402], [13.267644, 38.125403], [13.267719, 38.125421], [13.267706, 38.125524], [13.267584, 38.125642], [13.267559, 38.125779], [13.267556, 38.125879], [13.267556, 38.125899], [13.26763, 38.125969], [13.267698, 38.125965], [13.267772, 38.125962], [13.267989, 38.125931], [13.268054, 38.125966], [13.26806, 38.126146], [13.268022, 38.126163], [13.268027, 38.126172], [13.267872, 38.126307], [13.267653, 38.12638], [13.26742, 38.126609], [13.267158, 38.126648], [13.266942, 38.12661], [13.266605, 38.126648], [13.266356, 38.126619], [13.266196, 38.12647], [13.266288, 38.126257], [13.2668, 38.126196], [13.26705, 38.126166], [13.267195, 38.126005], [13.267266, 38.125757], [13.267347, 38.125544]]]}, "properties": {"pai_nmr": "040", "bacino": "Area tra F. Oreto e Punta Raisi", "provincia": "PA", "comune": "Palermo", "localita": "Mandria Cuncumello", "sigla": "040-6PM-123", "pericolo": "n.c.", "n_dsg": 4, "data_dsg": "2026-01-09", "ngurs_dsg": 4, "dgurs_dsg": "2026-01-23", "cls_dissesti_attivita": "Attivo", "col_dissesti_attivita": "#ff0000", "bor_dissesti_attivita": "#000000", "cls_dissesti_tipologia": "Crollo e/o ribaltamento", "col_dissesti_tipologia": "#000000", "bor_dissesti_tipologia": "#000000", "pat_dissesti_tipologia": "pai-dissesti_tipologia-0", "sup_ha": 0.9605}}, {"type": "Feature", "geometry": {"type": "Polygon", "coordinates": [[[13.27257, 38.13334], [13.272605, 38.133206], [13.272672, 38.133057], [13.272788, 38.132943], [13.272917, 38.132835], [13.272984, 38.132711], [13.27303, 38.132617], [13.273128, 38.132493], [13.273295, 38.132411], [13.273412, 38.132277], [13.273548, 38.132134], [13.273633, 38.132045], [13.273788, 38.131918], [13.273935, 38.13185], [13.274038, 38.131766], [13.274166, 38.131718], [13.27432, 38.13163], [13.274378, 38.131611], [13.274401, 38.131671], [13.274311, 38.131745], [13.274177, 38.131773], [13.273984, 38.1319], [13.27381, 38.132053], [13.273661, 38.132191], [13.273466, 38.132383], [13.273273, 38.132515], [13.27322, 38.13261], [13.273129, 38.132718], [13.273018, 38.132852], [13.272895, 38.132995], [13.272788, 38.133203], [13.272672, 38.133307], [13.272607, 38.133371], [13.27257, 38.13334]]]}, "properties": {"pai_nmr": "040", "bacino": "Area tra F. Oreto e Punta Raisi", "provincia": "PA", "comune": "Palermo", "localita": "W Pizzo Capra", "sigla": "040-6PM-202", "pericolo": "n.c.", "n_dsg": 4, "data_dsg": "2026-01-09", "ngurs_dsg": 4, "dgurs_dsg": "2026-01-23", "cls_dissesti_attivita": "Attivo", "col_dissesti_attivita": "#ff0000", "bor_dissesti_attivita": "#000000", "cls_dissesti_tipologia": "Crollo e/o ribaltamento", "col_dissesti_tipologia": "#000000", "bor_dissesti_tipologia": "#000000", "pat_dissesti_tipologia": "pai-dissesti_tipologia-0", "sup_ha": 0.2652}}, {"type": "Feature", "geometry": {"type": "Polygon", "coordinates": [[[13.27246, 38.133719], [13.272646, 38.133617], [13.272839, 38.133474], [13.272955, 38.133376], [13.273111, 38.133228], [13.273184, 38.133089], [13.273237, 38.133], [13.273341, 38.132871], [13.273457, 38.132768], [13.273594, 38.13263], [13.273672, 38.132516], [13.273789, 38.132398], [13.274036, 38.132146], [13.274273, 38.13201], [13.274449, 38.131812], [13.274557, 38.131789], [13.274684, 38.131796], [13.274777, 38.131852], [13.274739, 38.131882], [13.274528, 38.131943], [13.27431, 38.13205], [13.273995, 38.132261], [13.273819, 38.132488], [13.273616, 38.13276], [13.273493, 38.132874], [13.273382, 38.133012], [13.273219, 38.13321], [13.273038, 38.133382], [13.272836, 38.133584], [13.272631, 38.133711], [13.272477, 38.133799], [13.27233, 38.133827], [13.27246, 38.133719]]]}, "properties": {"pai_nmr": "040", "bacino": "Area tra F. Oreto e Punta Raisi", "provincia": "PA", "comune": "Palermo", "localita": "W Pizzo Capra", "sigla": "040-6PM-203", "pericolo": "n.c.", "n_dsg": 4, "data_dsg": "2026-01-09", "ngurs_dsg": 4, "dgurs_dsg": "2026-01-23", "cls_dissesti_attivita": "Attivo", "col_dissesti_attivita": "#ff0000", "bor_dissesti_attivita": "#000000", "cls_dissesti_tipologia": "Crollo e/o ribaltamento", "col_dissesti_tipologia": "#000000", "bor_dissesti_tipologia": "#000000", "pat_dissesti_tipologia": "pai-dissesti_tipologia-0", "sup_ha": 0.2657}}, {"type": "Feature", "geometry": {"type": "Polygon", "coordinates": [[[13.272978, 38.131896], [13.272866, 38.131774], [13.272863, 38.131659], [13.272965, 38.13161], [13.273117, 38.131623], [13.273284, 38.13154], [13.273318, 38.131415], [13.273466, 38.131323], [13.273512, 38.131238], [13.273639, 38.131235], [13.273694, 38.131311], [13.273698, 38.131406], [13.273564, 38.131479], [13.273461, 38.131553], [13.273325, 38.131646], [13.273173, 38.131678], [13.273063, 38.131762], [13.273042, 38.131847], [13.273041, 38.131887], [13.272978, 38.131896]]]}, "properties": {"pai_nmr": "040", "bacino": "Area tra F. Oreto e Punta Raisi", "provincia": "PA", "comune": "Palermo", "localita": "SW Pizzo Capra", "sigla": "040-6PM-204", "pericolo": "n.c.", "n_dsg": 4, "data_dsg": "2026-01-09", "ngurs_dsg": 4, "dgurs_dsg": "2026-01-23", "cls_dissesti_attivita": "Attivo", "col_dissesti_attivita": "#ff0000", "bor_dissesti_attivita": "#000000", "cls_dissesti_tipologia": "Crollo e/o ribaltamento", "col_dissesti_tipologia": "#000000", "bor_dissesti_tipologia": "#000000", "pat_dissesti_tipologia": "pai-dissesti_tipologia-0", "sup_ha": 0.1533}}, {"type": "Feature", "geometry": {"type": "Polygon", "coordinates": [[[13.274394, 38.131471], [13.274415, 38.131372], [13.27443, 38.131262], [13.274402, 38.131131], [13.274374, 38.130936], [13.274334, 38.13076], [13.27428, 38.130664], [13.274193, 38.130563], [13.274096, 38.130396], [13.274099, 38.130271], [13.274133, 38.130182], [13.274128, 38.130087], [13.274068, 38.129986], [13.273987, 38.12992], [13.273951, 38.129839], [13.274001, 38.129845], [13.274107, 38.129931], [13.27418, 38.130067], [13.274246, 38.130199], [13.274311, 38.13039], [13.274334, 38.13052], [13.274385, 38.130746], [13.274445, 38.130907], [13.274485, 38.131092], [13.27448, 38.131282], [13.274465, 38.131397], [13.27445, 38.131492], [13.274404, 38.131551], [13.274394, 38.131471]]]}, "properties": {"pai_nmr": "040", "bacino": "Area tra F. Oreto e Punta Raisi", "provincia": "PA", "comune": "Palermo", "localita": "S Pizzo Capra", "sigla": "040-6PM-205", "pericolo": "n.c.", "n_dsg": 4, "data_dsg": "2026-01-09", "ngurs_dsg": 4, "dgurs_dsg": "2026-01-23", "cls_dissesti_attivita": "Attivo", "col_dissesti_attivita": "#ff0000", "bor_dissesti_attivita": "#000000", "cls_dissesti_tipologia": "Crollo e/o ribaltamento", "col_dissesti_tipologia": "#000000", "bor_dissesti_tipologia": "#000000", "pat_dissesti_tipologia": "pai-dissesti_tipologia-0", "sup_ha": 0.1592}}, {"type": "Feature", "geometry": {"type": "Polygon", "coordinates": [[[13.27569, 38.132341], [13.27563, 38.13248], [13.275431, 38.132612], [13.275258, 38.132674], [13.275181, 38.132728], [13.275166, 38.132803], [13.275106, 38.132937], [13.27501, 38.132976], [13.274865, 38.132944], [13.274664, 38.132911], [13.274659, 38.132831], [13.274819, 38.132778], [13.274991, 38.132711], [13.275126, 38.132628], [13.275229, 38.132559], [13.275363, 38.132511], [13.275504, 38.132433], [13.275531, 38.132398], [13.275602, 38.132334], [13.275647, 38.132315], [13.27569, 38.132341]]]}, "properties": {"pai_nmr": "040", "bacino": "Area tra F. Oreto e Punta Raisi", "provincia": "PA", "comune": "Palermo", "localita": "S Pizzo Capra", "sigla": "040-6PM-206", "pericolo": "n.c.", "n_dsg": 4, "data_dsg": "2026-01-09", "ngurs_dsg": 4, "dgurs_dsg": "2026-01-23", "cls_dissesti_attivita": "Attivo", "col_dissesti_attivita": "#ff0000", "bor_dissesti_attivita": "#000000", "cls_dissesti_tipologia": "Crollo e/o ribaltamento", "col_dissesti_tipologia": "#000000", "bor_dissesti_tipologia": "#000000", "pat_dissesti_tipologia": "pai-dissesti_tipologia-0", "sup_ha": 0.167}}, {"type": "Feature", "geometry": {"type": "Polygon", "coordinates": [[[13.275718, 38.131981], [13.27572, 38.131876], [13.275781, 38.131717], [13.275853, 38.131603], [13.275932, 38.131509], [13.276059, 38.131456], [13.276051, 38.131526], [13.275985, 38.13164], [13.276014, 38.131765], [13.275968, 38.13186], [13.275877, 38.131938], [13.275806, 38.131987], [13.275718, 38.131981]]]}, "properties": {"pai_nmr": "040", "bacino": "Area tra F. Oreto e Punta Raisi", "provincia": "PA", "comune": "Palermo", "localita": "S Pizzo Capra", "sigla": "040-6PM-207", "pericolo": "n.c.", "n_dsg": 4, "data_dsg": "2026-01-09", "ngurs_dsg": 4, "dgurs_dsg": "2026-01-23", "cls_dissesti_attivita": "Attivo", "col_dissesti_attivita": "#ff0000", "bor_dissesti_attivita": "#000000", "cls_dissesti_tipologia": "Crollo e/o ribaltamento", "col_dissesti_tipologia": "#000000", "bor_dissesti_tipologia": "#000000", "pat_dissesti_tipologia": "pai-dissesti_tipologia-0", "sup_ha": 0.0906}}, {"type": "Feature", "geometry": {"type": "Polygon", "coordinates": [[[13.279694, 38.133415], [13.27949, 38.133419], [13.279223, 38.133408], [13.278974, 38.133368], [13.278756, 38.133233], [13.278778, 38.133088], [13.278864, 38.132943], [13.278785, 38.132782], [13.278759, 38.132723], [13.278724, 38.132606], [13.278672, 38.132459], [13.27863, 38.132305], [13.278643, 38.132152], [13.278747, 38.132052], [13.278773, 38.13211], [13.27875, 38.132292], [13.27883, 38.132447], [13.278861, 38.132673], [13.278969, 38.132813], [13.279059, 38.13291], [13.278963, 38.133069], [13.278987, 38.133208], [13.279133, 38.133275], [13.279262, 38.133306], [13.279446, 38.133346], [13.279622, 38.133319], [13.279751, 38.133343], [13.279694, 38.133415]]]}, "properties": {"pai_nmr": "040", "bacino": "Area tra F. Oreto e Punta Raisi", "provincia": "PA", "comune": "Palermo", "localita": "SE Pizzo Capra", "sigla": "040-6PM-208", "pericolo": "n.c.", "n_dsg": 4, "data_dsg": "2026-01-09", "ngurs_dsg": 4, "dgurs_dsg": "2026-01-23", "cls_dissesti_attivita": "Attivo", "col_dissesti_attivita": "#ff0000", "bor_dissesti_attivita": "#000000", "cls_dissesti_tipologia": "Crollo e/o ribaltamento", "col_dissesti_tipologia": "#000000", "bor_dissesti_tipologia": "#000000", "pat_dissesti_tipologia": "pai-dissesti_tipologia-0", "sup_ha": 0.2627}}, {"type": "Feature", "geometry": {"type": "Polygon", "coordinates": [[[13.279022, 38.131946], [13.279017, 38.131931], [13.279057, 38.13183], [13.279132, 38.131758], [13.279189, 38.131686], [13.279273, 38.131673], [13.279327, 38.131739], [13.279357, 38.13183], [13.279341, 38.1319], [13.279376, 38.13201], [13.279494, 38.13207], [13.279628, 38.132269], [13.279543, 38.132355], [13.279456, 38.1325], [13.279555, 38.132618], [13.279719, 38.132737], [13.279912, 38.132747], [13.279967, 38.132792], [13.279827, 38.132841], [13.279662, 38.132809], [13.279543, 38.132742], [13.279417, 38.132608], [13.279337, 38.132491], [13.279357, 38.132389], [13.279461, 38.132325], [13.279491, 38.132223], [13.279427, 38.132193], [13.279271, 38.132154], [13.279097, 38.132071], [13.279022, 38.131946]]]}, "properties": {"pai_nmr": "040", "bacino": "Area tra F. Oreto e Punta Raisi", "provincia": "PA", "comune": "Palermo", "localita": "SE Pizzo Capra", "sigla": "040-6PM-209", "pericolo": "n.c.", "n_dsg": 4, "data_dsg": "2026-01-09", "ngurs_dsg": 4, "dgurs_dsg": "2026-01-23", "cls_dissesti_attivita": "Attivo", "col_dissesti_attivita": "#ff0000", "bor_dissesti_attivita": "#000000", "cls_dissesti_tipologia": "Crollo e/o ribaltamento", "col_dissesti_tipologia": "#000000", "bor_dissesti_tipologia": "#000000", "pat_dissesti_tipologia": "pai-dissesti_tipologia-0", "sup_ha": 0.2405}}, {"type": "Feature", "geometry": {"type": "Polygon", "coordinates": [[[13.279097, 38.131276], [13.278903, 38.131281], [13.278737, 38.131278], [13.27858, 38.13129], [13.278424, 38.13123], [13.278315, 38.131177], [13.278186, 38.131153], [13.278039, 38.131107], [13.27795, 38.130997], [13.277944, 38.130843], [13.278003, 38.130698], [13.278109, 38.130496], [13.278176, 38.130395], [13.278252, 38.130316], [13.278317, 38.130273], [13.278371, 38.130361], [13.278284, 38.130528], [13.278179, 38.130672], [13.278148, 38.130795], [13.278137, 38.130875], [13.278135, 38.13097], [13.278216, 38.131052], [13.278372, 38.131105], [13.278609, 38.131218], [13.278739, 38.131191], [13.278887, 38.1312], [13.279034, 38.131217], [13.279097, 38.131276]]]}, "properties": {"pai_nmr": "040", "bacino": "Area tra F. Oreto e Punta Raisi", "provincia": "PA", "comune": "Palermo", "localita": "SE Pizzo Capra", "sigla": "040-6PM-210", "pericolo": "n.c.", "n_dsg": 4, "data_dsg": "2026-01-09", "ngurs_dsg": 4, "dgurs_dsg": "2026-01-23", "cls_dissesti_attivita": "Attivo", "col_dissesti_attivita": "#ff0000", "bor_dissesti_attivita": "#000000", "cls_dissesti_tipologia": "Crollo e/o ribaltamento", "col_dissesti_tipologia": "#000000", "bor_dissesti_tipologia": "#000000", "pat_dissesti_tipologia": "pai-dissesti_tipologia-0", "sup_ha": 0.2179}}, {"type": "Feature", "geometry": {"type": "Polygon", "coordinates": [[[13.282333, 38.133089], [13.282305, 38.133088], [13.282223, 38.133051], [13.282142, 38.132969], [13.282136, 38.132838], [13.282074, 38.132713], [13.281956, 38.132616], [13.28182, 38.132534], [13.281663, 38.132532], [13.281506, 38.13253], [13.281395, 38.132521], [13.281314, 38.132454], [13.281352, 38.132403], [13.281507, 38.132464], [13.281693, 38.132445], [13.281868, 38.132447], [13.282005, 38.132493], [13.282078, 38.132545], [13.28215, 38.132612], [13.282167, 38.132685], [13.28221, 38.132824], [13.282235, 38.132963], [13.282333, 38.133089]]]}, "properties": {"pai_nmr": "040", "bacino": "Area tra F. Oreto e Punta Raisi", "provincia": "PA", "comune": "Palermo", "localita": "SE Pizzo Capra", "sigla": "040-6PM-211", "pericolo": "n.c.", "n_dsg": 4, "data_dsg": "2026-01-09", "ngurs_dsg": 4, "dgurs_dsg": "2026-01-23", "cls_dissesti_attivita": "Attivo", "col_dissesti_attivita": "#ff0000", "bor_dissesti_attivita": "#000000", "cls_dissesti_tipologia": "Crollo e/o ribaltamento", "col_dissesti_tipologia": "#000000", "bor_dissesti_tipologia": "#000000", "pat_dissesti_tipologia": "pai-dissesti_tipologia-0", "sup_ha": 0.1153}}, {"type": "Feature", "geometry": {"type": "Polygon", "coordinates": [[[13.282239, 38.132365], [13.282101, 38.132363], [13.281916, 38.132353], [13.281741, 38.132336], [13.28162, 38.132385], [13.281454, 38.132361], [13.281355, 38.132287], [13.281181, 38.132197], [13.281166, 38.132072], [13.281223, 38.131986], [13.28128, 38.131935], [13.281287, 38.13203], [13.281312, 38.132155], [13.281421, 38.132207], [13.281541, 38.132231], [13.281679, 38.132226], [13.281754, 38.132183], [13.281854, 38.132236], [13.281983, 38.132259], [13.282167, 38.132299], [13.282239, 38.132365]]]}, "properties": {"pai_nmr": "040", "bacino": "Area tra F. Oreto e Punta Raisi", "provincia": "PA", "comune": "Palermo", "localita": "SE Pizzo Capra", "sigla": "040-6PM-212", "pericolo": "n.c.", "n_dsg": 4, "data_dsg": "2026-01-09", "ngurs_dsg": 4, "dgurs_dsg": "2026-01-23", "cls_dissesti_attivita": "Attivo", "col_dissesti_attivita": "#ff0000", "bor_dissesti_attivita": "#000000", "cls_dissesti_tipologia": "Crollo e/o ribaltamento", "col_dissesti_tipologia": "#000000", "bor_dissesti_tipologia": "#000000", "pat_dissesti_tipologia": "pai-dissesti_tipologia-0", "sup_ha": 0.1323}}, {"type": "Feature", "geometry": {"type": "Polygon", "coordinates": [[[13.279413, 38.130275], [13.279454, 38.130329], [13.279505, 38.130416], [13.279557, 38.130487], [13.279531, 38.13052], [13.279472, 38.13048], [13.279438, 38.130423], [13.279407, 38.130359], [13.279332, 38.130268], [13.27926, 38.130147], [13.279195, 38.130054], [13.279102, 38.129926], [13.279062, 38.129836], [13.279075, 38.129747], [13.279143, 38.1297], [13.279204, 38.129665], [13.279248, 38.12961], [13.279257, 38.129532], [13.279234, 38.129464], [13.279199, 38.129413], [13.2792, 38.129377], [13.279212, 38.129335], [13.279258, 38.12933], [13.279305, 38.1293], [13.27932, 38.129272], [13.279355, 38.129265], [13.279351, 38.129312], [13.279331, 38.129376], [13.279351, 38.12943], [13.279393, 38.129475], [13.279433, 38.129565], [13.279428, 38.129643], [13.279397, 38.129732], [13.27935, 38.129785], [13.279272, 38.129797], [13.279199, 38.129866], [13.279212, 38.129936], [13.279253, 38.129979], [13.279305, 38.130066], [13.27937, 38.13014], [13.279415, 38.130197], [13.279413, 38.130275]]]}, "properties": {"pai_nmr": "040", "bacino": "Area tra F. Oreto e Punta Raisi", "provincia": "PA", "comune": "Palermo", "localita": "SE Pizzo Capra", "sigla": "040-6PM-213", "pericolo": "n.c.", "n_dsg": 4, "data_dsg": "2026-01-09", "ngurs_dsg": 4, "dgurs_dsg": "2026-01-23", "cls_dissesti_attivita": "Attivo", "col_dissesti_attivita": "#ff0000", "bor_dissesti_attivita": "#000000", "cls_dissesti_tipologia": "Crollo e/o ribaltamento", "col_dissesti_tipologia": "#000000", "bor_dissesti_tipologia": "#000000", "pat_dissesti_tipologia": "pai-dissesti_tipologia-0", "sup_ha": 0.1616}}, {"type": "Feature", "geometry": {"type": "Polygon", "coordinates": [[[13.280093, 38.130713], [13.280084, 38.130794], [13.280026, 38.130851], [13.279972, 38.130898], [13.279904, 38.130931], [13.279801, 38.130924], [13.27977, 38.130901], [13.279732, 38.130853], [13.279698, 38.130807], [13.279681, 38.130757], [13.279658, 38.130695], [13.279627, 38.130667], [13.279599, 38.130627], [13.279569, 38.130573], [13.27957, 38.130523], [13.279652, 38.130477], [13.27973, 38.130475], [13.279795, 38.130451], [13.279869, 38.130427], [13.279937, 38.130411], [13.279929, 38.130464], [13.27985, 38.130508], [13.279768, 38.130548], [13.279727, 38.130607], [13.279723, 38.130654], [13.279728, 38.130721], [13.279766, 38.130769], [13.2798, 38.130815], [13.279842, 38.130826], [13.279896, 38.130822], [13.279949, 38.1308], [13.279993, 38.130747], [13.280011, 38.130717], [13.280048, 38.130684], [13.28009, 38.130685], [13.280093, 38.130713]]]}, "properties": {"pai_nmr": "040", "bacino": "Area tra F. Oreto e Punta Raisi", "provincia": "PA", "comune": "Palermo", "localita": "SE Pizzo Capra", "sigla": "040-6PM-214", "pericolo": "n.c.", "n_dsg": 4, "data_dsg": "2026-01-09", "ngurs_dsg": 4, "dgurs_dsg": "2026-01-23", "cls_dissesti_attivita": "Attivo", "col_dissesti_attivita": "#ff0000", "bor_dissesti_attivita": "#000000", "cls_dissesti_tipologia": "Crollo e/o ribaltamento", "col_dissesti_tipologia": "#000000", "bor_dissesti_tipologia": "#000000", "pat_dissesti_tipologia": "pai-dissesti_tipologia-0", "sup_ha": 0.0909}}, {"type": "Feature", "geometry": {"type": "Polygon", "coordinates": [[[13.303084, 38.143878], [13.303021, 38.14377], [13.302993, 38.143654], [13.30294, 38.143573], [13.302898, 38.143426], [13.302835, 38.143293], [13.302757, 38.143185], [13.302664, 38.143052], [13.302672, 38.142936], [13.302711, 38.142794], [13.302704, 38.142642], [13.30267, 38.142574], [13.302617, 38.142494], [13.302579, 38.142389], [13.30249, 38.142305], [13.302421, 38.14222], [13.302453, 38.142153], [13.302415, 38.142073], [13.30233, 38.142016], [13.302221, 38.141962], [13.302142, 38.141889], [13.302068, 38.141809], [13.302059, 38.141749], [13.302056, 38.141685], [13.302103, 38.14159], [13.30218, 38.141539], [13.302201, 38.14148], [13.302203, 38.141412], [13.302204, 38.141373], [13.302138, 38.14138], [13.302045, 38.141474], [13.301994, 38.141529], [13.301946, 38.141616], [13.301878, 38.141718], [13.301812, 38.141769], [13.301736, 38.141744], [13.301779, 38.141661], [13.301831, 38.141586], [13.301913, 38.14152], [13.30196, 38.141441], [13.302053, 38.14137], [13.302125, 38.141304], [13.302217, 38.141245], [13.302308, 38.141243], [13.302372, 38.141299], [13.302344, 38.141402], [13.302287, 38.141477], [13.302225, 38.141568], [13.302187, 38.141675], [13.302144, 38.14177], [13.302178, 38.141854], [13.302277, 38.141903], [13.302408, 38.141941], [13.302542, 38.142023], [13.302641, 38.142112], [13.302619, 38.142195], [13.302582, 38.142266], [13.302651, 38.142303], [13.302714, 38.142415], [13.302772, 38.142532], [13.302835, 38.142656], [13.302894, 38.142725], [13.302916, 38.142848], [13.302874, 38.142943], [13.302861, 38.143051], [13.302894, 38.143127], [13.303008, 38.14322], [13.303046, 38.143336], [13.303099, 38.14346], [13.303127, 38.143532], [13.303141, 38.143592], [13.303165, 38.143656], [13.303194, 38.143709], [13.303187, 38.143772], [13.303185, 38.143844], [13.303189, 38.1439], [13.303178, 38.143927], [13.303133, 38.143915], [13.303084, 38.143878]]]}, "properties": {"pai_nmr": "040", "bacino": "Area tra F. Oreto e Punta Raisi", "provincia": "PA", "comune": "Palermo", "localita": "Parrini", "sigla": "040-6PM-215", "pericolo": "n.c.", "n_dsg": 4, "data_dsg": "2026-01-09", "ngurs_dsg": 4, "dgurs_dsg": "2026-01-23", "cls_dissesti_attivita": "Attivo", "col_dissesti_attivita": "#ff0000", "bor_dissesti_attivita": "#000000", "cls_dissesti_tipologia": "Crollo e/o ribaltamento", "col_dissesti_tipologia": "#000000", "bor_dissesti_tipologia": "#000000", "pat_dissesti_tipologia": "pai-dissesti_tipologia-0", "sup_ha": 0.467}}, {"type": "Feature", "geometry": {"type": "Polygon", "coordinates": [[[13.294407, 38.149597], [13.294353, 38.149582], [13.294322, 38.149591], [13.294293, 38.149543], [13.294307, 38.149476], [13.294363, 38.149415], [13.294414, 38.149301], [13.294435, 38.149163], [13.294457, 38.148982], [13.29446, 38.148849], [13.294408, 38.148767], [13.294313, 38.148704], [13.294224, 38.148621], [13.294279, 38.148589], [13.294339, 38.148623], [13.29444, 38.148672], [13.294523, 38.148764], [13.294556, 38.148903], [13.294553, 38.149026], [13.294526, 38.149155], [13.294516, 38.149298], [13.29444, 38.149454], [13.294407, 38.149597]]]}, "properties": {"pai_nmr": "040", "bacino": "Area tra F. Oreto e Punta Raisi", "provincia": "PA", "comune": "Palermo", "localita": "Cozzo S. Croce", "sigla": "040-6PM-216", "pericolo": "n.c.", "n_dsg": 4, "data_dsg": "2026-01-09", "ngurs_dsg": 4, "dgurs_dsg": "2026-01-23", "cls_dissesti_attivita": "Attivo", "col_dissesti_attivita": "#ff0000", "bor_dissesti_attivita": "#000000", "cls_dissesti_tipologia": "Crollo e/o ribaltamento", "col_dissesti_tipologia": "#000000", "bor_dissesti_tipologia": "#000000", "pat_dissesti_tipologia": "pai-dissesti_tipologia-0", "sup_ha": 0.1022}}, {"type": "Feature", "geometry": {"type": "Polygon", "coordinates": [[[13.29395, 38.148994], [13.293867, 38.148907], [13.293779, 38.148815], [13.293775, 38.148734], [13.293723, 38.148609], [13.293689, 38.148508], [13.293637, 38.148412], [13.293554, 38.148349], [13.293465, 38.148295], [13.293496, 38.148258], [13.293615, 38.148321], [13.293704, 38.148409], [13.293768, 38.148514], [13.293849, 38.148635], [13.2939, 38.148788], [13.293935, 38.148851], [13.294, 38.148918], [13.294017, 38.148981], [13.29395, 38.148994]]]}, "properties": {"pai_nmr": "040", "bacino": "Area tra F. Oreto e Punta Raisi", "provincia": "PA", "comune": "Palermo", "localita": "Cozzo S. Croce", "sigla": "040-6PM-217", "pericolo": "n.c.", "n_dsg": 4, "data_dsg": "2026-01-09", "ngurs_dsg": 4, "dgurs_dsg": "2026-01-23", "cls_dissesti_attivita": "Attivo", "col_dissesti_attivita": "#ff0000", "bor_dissesti_attivita": "#000000", "cls_dissesti_tipologia": "Crollo e/o ribaltamento", "col_dissesti_tipologia": "#000000", "bor_dissesti_tipologia": "#000000", "pat_dissesti_tipologia": "pai-dissesti_tipologia-0", "sup_ha": 0.0699}}, {"type": "Feature", "geometry": {"type": "Polygon", "coordinates": [[[13.293276, 38.166942], [13.293428, 38.166926], [13.293474, 38.166929], [13.293511, 38.166922], [13.29357, 38.166911], [13.29366, 38.166902], [13.293713, 38.166932], [13.293724, 38.166991], [13.293686, 38.167029], [13.293645, 38.167053], [13.293619, 38.167067], [13.293544, 38.167125], [13.293518, 38.167186], [13.293541, 38.167232], [13.293582, 38.167262], [13.293582, 38.167265], [13.293721, 38.167287], [13.293919, 38.167316], [13.294037, 38.167383], [13.294134, 38.167449], [13.294139, 38.167562], [13.294139, 38.167569], [13.294035, 38.167617], [13.294028, 38.167613], [13.293942, 38.167567], [13.293889, 38.16753], [13.293777, 38.167564], [13.293714, 38.167622], [13.293667, 38.167663], [13.293581, 38.167711], [13.293262, 38.167739], [13.293068, 38.167739], [13.292854, 38.167749], [13.292646, 38.167805], [13.292473, 38.167835], [13.292342, 38.16795], [13.292229, 38.168039], [13.292146, 38.168041], [13.291979, 38.167993], [13.29187, 38.167878], [13.29177, 38.167753], [13.291781, 38.167646], [13.291762, 38.167561], [13.291717, 38.167557], [13.291704, 38.167562], [13.291667, 38.167576], [13.291618, 38.167572], [13.29149, 38.167563], [13.291393, 38.167507], [13.291303, 38.16745], [13.291147, 38.167422], [13.291033, 38.167375], [13.290926, 38.167333], [13.290819, 38.167365], [13.290637, 38.167414], [13.290311, 38.167403], [13.290048, 38.16739], [13.289843, 38.167354], [13.2896, 38.167341], [13.28936, 38.167383], [13.289007, 38.167342], [13.289049, 38.16731], [13.289308, 38.167301], [13.289503, 38.167274], [13.289705, 38.167274], [13.289984, 38.167298], [13.290288, 38.167322], [13.290544, 38.167315], [13.290759, 38.167286], [13.290854, 38.167242], [13.290855, 38.167242], [13.290921, 38.16722], [13.290962, 38.16721], [13.291079, 38.16718], [13.291113, 38.167177], [13.291174, 38.167172], [13.291238, 38.167175], [13.291252, 38.167176], [13.291491, 38.167189], [13.291702, 38.167147], [13.291966, 38.167121], [13.292232, 38.167113], [13.292388, 38.16705], [13.292563, 38.166974], [13.292724, 38.166957], [13.292918, 38.166937], [13.293099, 38.166966], [13.293276, 38.166942]]]}, "properties": {"pai_nmr": "040", "bacino": "Area tra F. Oreto e Punta Raisi", "provincia": "PA", "comune": "Palermo", "localita": "Vallone Guggino", "sigla": "040-6PM-059", "pericolo": "n.c.", "n_dsg": 4, "data_dsg": "2026-01-09", "ngurs_dsg": 4, "dgurs_dsg": "2026-01-23", "cls_dissesti_attivita": "Attivo", "col_dissesti_attivita": "#ff0000", "bor_dissesti_attivita": "#000000", "cls_dissesti_tipologia": "Crollo e/o ribaltamento", "col_dissesti_tipologia": "#000000", "bor_dissesti_tipologia": "#000000", "pat_dissesti_tipologia": "pai-dissesti_tipologia-0", "sup_ha": 2.0068}}, {"type": "Feature", "geometry": {"type": "Polygon", "coordinates": [[[13.30103, 38.160724], [13.301033, 38.160683], [13.301036, 38.16068], [13.301093, 38.160661], [13.30112, 38.160652], [13.301165, 38.160718], [13.301161, 38.160754], [13.301153, 38.160839], [13.301243, 38.160961], [13.301304, 38.161036], [13.301391, 38.161143], [13.301409, 38.161236], [13.301424, 38.161315], [13.301498, 38.161429], [13.301536, 38.161489], [13.301557, 38.161591], [13.30157, 38.161654], [13.301585, 38.161664], [13.301656, 38.16171], [13.301719, 38.161792], [13.301727, 38.161872], [13.301728, 38.161901], [13.30173, 38.161937], [13.301716, 38.161953], [13.301699, 38.162059], [13.301757, 38.162169], [13.301764, 38.162261], [13.301721, 38.162334], [13.301641, 38.162384], [13.301552, 38.16243], [13.301504, 38.162423], [13.301501, 38.162422], [13.301483, 38.162381], [13.301512, 38.16232], [13.301527, 38.162284], [13.301542, 38.162251], [13.301581, 38.162156], [13.301564, 38.162097], [13.301542, 38.162035], [13.301516, 38.161994], [13.301511, 38.161975], [13.301504, 38.161884], [13.301465, 38.161766], [13.301431, 38.161652], [13.301392, 38.161531], [13.301316, 38.161401], [13.301235, 38.161298], [13.301233, 38.161162], [13.301194, 38.161041], [13.301118, 38.160923], [13.301074, 38.160834], [13.30103, 38.160724]]]}, "properties": {"pai_nmr": "040", "bacino": "Area tra F. Oreto e Punta Raisi", "provincia": "PA", "comune": "Palermo", "localita": "Contrada Ferreri", "sigla": "040-6PM-062", "pericolo": "n.c.", "n_dsg": 4, "data_dsg": "2026-01-09", "ngurs_dsg": 4, "dgurs_dsg": "2026-01-23", "cls_dissesti_attivita": "Attivo", "col_dissesti_attivita": "#ff0000", "bor_dissesti_attivita": "#000000", "cls_dissesti_tipologia": "Crollo e/o ribaltamento", "col_dissesti_tipologia": "#000000", "bor_dissesti_tipologia": "#000000", "pat_dissesti_tipologia": "pai-dissesti_tipologia-0", "sup_ha": 0.2793}}, {"type": "Feature", "geometry": {"type": "Polygon", "coordinates": [[[13.308603, 38.15305], [13.308529, 38.153046], [13.308453, 38.153021], [13.308392, 38.152991], [13.308347, 38.152966], [13.308268, 38.152941], [13.308217, 38.152891], [13.3082, 38.152835], [13.308198, 38.152792], [13.308199, 38.152746], [13.308188, 38.152697], [13.308164, 38.152677], [13.308093, 38.15266], [13.308042, 38.152632], [13.308012, 38.152593], [13.308001, 38.152542], [13.307978, 38.1525], [13.307956, 38.152486], [13.30788, 38.152468], [13.307835, 38.152438], [13.307808, 38.152396], [13.307773, 38.152338], [13.307734, 38.152296], [13.307701, 38.152245], [13.307631, 38.152217], [13.307525, 38.152179], [13.307486, 38.15214], [13.307484, 38.152101], [13.307484, 38.152086], [13.30747, 38.152047], [13.307458, 38.152016], [13.307394, 38.151996], [13.307331, 38.151961], [13.307249, 38.151921], [13.307194, 38.151881], [13.307187, 38.151823], [13.307213, 38.151743], [13.307208, 38.151685], [13.307166, 38.151646], [13.307118, 38.151609], [13.307104, 38.151541], [13.307112, 38.151485], [13.30715, 38.151428], [13.307191, 38.151382], [13.307241, 38.151344], [13.307293, 38.151316], [13.307324, 38.151316], [13.307339, 38.151326], [13.307314, 38.151362], [13.307264, 38.151383], [13.30723, 38.151402], [13.307195, 38.151441], [13.307194, 38.151489], [13.307193, 38.15153], [13.307244, 38.151608], [13.307283, 38.151643], [13.307322, 38.151687], [13.30732, 38.151757], [13.307322, 38.151823], [13.307338, 38.151883], [13.307374, 38.151925], [13.307426, 38.151933], [13.30747, 38.151919], [13.307522, 38.151913], [13.30757, 38.151967], [13.307569, 38.152008], [13.307561, 38.152066], [13.307579, 38.152105], [13.307691, 38.152145], [13.30774, 38.152156], [13.307797, 38.152195], [13.307848, 38.152256], [13.307877, 38.152317], [13.307889, 38.152366], [13.307928, 38.1524], [13.30797, 38.15242], [13.308016, 38.152431], [13.308058, 38.15246], [13.308075, 38.152514], [13.308096, 38.152563], [13.308125, 38.152616], [13.308167, 38.152648], [13.308216, 38.152659], [13.308274, 38.152677], [13.308294, 38.152735], [13.308281, 38.152786], [13.308295, 38.152834], [13.308327, 38.152883], [13.308364, 38.15291], [13.308427, 38.152943], [13.308485, 38.152973], [13.30853, 38.152993], [13.308579, 38.153015], [13.308622, 38.153023], [13.308627, 38.153043], [13.308603, 38.15305]]]}, "properties": {"pai_nmr": "040", "bacino": "Area tra F. Oreto e Punta Raisi", "provincia": "PA", "comune": "Palermo", "localita": "Contrada Malaterra", "sigla": "040-6PM-049", "pericolo": "n.c.", "n_dsg": 4, "data_dsg": "2026-01-09", "ngurs_dsg": 4, "dgurs_dsg": "2026-01-23", "cls_dissesti_attivita": "Attivo", "col_dissesti_attivita": "#ff0000", "bor_dissesti_attivita": "#000000", "cls_dissesti_tipologia": "Crollo e/o ribaltamento", "col_dissesti_tipologia": "#000000", "bor_dissesti_tipologia": "#000000", "pat_dissesti_tipologia": "pai-dissesti_tipologia-0", "sup_ha": 0.2049}}, {"type": "Feature", "geometry": {"type": "Polygon", "coordinates": [[[13.341195, 38.18189], [13.341167, 38.181911], [13.341122, 38.18191], [13.341015, 38.181816], [13.340973, 38.181679], [13.340958, 38.181528], [13.34079, 38.181354], [13.340583, 38.18128], [13.340438, 38.181277], [13.340246, 38.181332], [13.34009, 38.18138], [13.339929, 38.181292], [13.339814, 38.181154], [13.339636, 38.180994], [13.339447, 38.180912], [13.339397, 38.180747], [13.339439, 38.180482], [13.339517, 38.18024], [13.33955, 38.180011], [13.339673, 38.179776], [13.339804, 38.179599], [13.339947, 38.179286], [13.339952, 38.179071], [13.339883, 38.178898], [13.340005, 38.178749], [13.340135, 38.178622], [13.340219, 38.178509], [13.340365, 38.178489], [13.340372, 38.178568], [13.340257, 38.178825], [13.340226, 38.179003], [13.340149, 38.179181], [13.340045, 38.179359], [13.339958, 38.179616], [13.339853, 38.179829], [13.339818, 38.180194], [13.339711, 38.180508], [13.339722, 38.180809], [13.339809, 38.180982], [13.340059, 38.181165], [13.340312, 38.181204], [13.34054, 38.181179], [13.340831, 38.181133], [13.34102, 38.181221], [13.341097, 38.181423], [13.341183, 38.181639], [13.341195, 38.18189]]]}, "properties": {"pai_nmr": "040", "bacino": "Area tra F. Oreto e Punta Raisi", "provincia": "PA", "comune": "Palermo", "localita": "Colle D'Addaura", "sigla": "040-6PM-261", "pericolo": "n.c.", "n_dsg": 4, "data_dsg": "2026-01-09", "ngurs_dsg": 4, "dgurs_dsg": "2026-01-23", "cls_dissesti_attivita": "Attivo", "col_dissesti_attivita": "#ff0000", "bor_dissesti_attivita": "#000000", "cls_dissesti_tipologia": "Crollo e/o ribaltamento", "col_dissesti_tipologia": "#000000", "bor_dissesti_tipologia": "#000000", "pat_dissesti_tipologia": "pai-dissesti_tipologia-0", "sup_ha": 0.9111}}, {"type": "Feature", "geometry": {"type": "Polygon", "coordinates": [[[13.33891, 38.181221], [13.338886, 38.181294], [13.338879, 38.181315], [13.338808, 38.181397], [13.338791, 38.181512], [13.338797, 38.181579], [13.338843, 38.181695], [13.338858, 38.181718], [13.339165, 38.18197], [13.339225, 38.182312], [13.33912, 38.182747], [13.338993, 38.183023], [13.338867, 38.183202], [13.338836, 38.183383], [13.338833, 38.183522], [13.338776, 38.183649], [13.33864, 38.183679], [13.338642, 38.18365], [13.338584, 38.183558], [13.338587, 38.18342], [13.33861, 38.183338], [13.33862, 38.183307], [13.338648, 38.183218], [13.338656, 38.183174], [13.338644, 38.183069], [13.338653, 38.182933], [13.338655, 38.182915], [13.338684, 38.182855], [13.338735, 38.182762], [13.338759, 38.182635], [13.338754, 38.182525], [13.338715, 38.182425], [13.338661, 38.182315], [13.338579, 38.182242], [13.338567, 38.182236], [13.338496, 38.182202], [13.338427, 38.182168], [13.338311, 38.182056], [13.338189, 38.181895], [13.338143, 38.181768], [13.338139, 38.181652], [13.33817, 38.181526], [13.338256, 38.181433], [13.338295, 38.181367], [13.338301, 38.181339], [13.33825, 38.181232], [13.338132, 38.18106], [13.338132, 38.181057], [13.338191, 38.180893], [13.338216, 38.180739], [13.338234, 38.180546], [13.338202, 38.180403], [13.338147, 38.180316], [13.338155, 38.180313], [13.338226, 38.180396], [13.338309, 38.180494], [13.338448, 38.180592], [13.338489, 38.180641], [13.33856, 38.180758], [13.338575, 38.180903], [13.338645, 38.181039], [13.338759, 38.181127], [13.33891, 38.181221], [13.33891, 38.181221]]]}, "properties": {"pai_nmr": "040", "bacino": "Area tra F. Oreto e Punta Raisi", "provincia": "PA", "comune": "Palermo", "localita": "Colle d'Addaura", "sigla": "040-6PM-039", "pericolo": "n.c.", "n_dsg": 4, "data_dsg": "2026-01-09", "ngurs_dsg": 4, "dgurs_dsg": "2026-01-23", "cls_dissesti_attivita": "Attivo", "col_dissesti_attivita": "#ff0000", "bor_dissesti_attivita": "#000000", "cls_dissesti_tipologia": "Crollo e/o ribaltamento", "col_dissesti_tipologia": "#000000", "bor_dissesti_tipologia": "#000000", "pat_dissesti_tipologia": "pai-dissesti_tipologia-0", "sup_ha": 1.4764}}, {"type": "Feature", "geometry": {"type": "Polygon", "coordinates": [[[13.33732, 38.179387], [13.337334, 38.179366], [13.337336, 38.179363], [13.337368, 38.179336], [13.337409, 38.179281], [13.33743, 38.179249], [13.337431, 38.179249], [13.337469, 38.179312], [13.337935, 38.179628], [13.338186, 38.179866], [13.338357, 38.18006], [13.338474, 38.180286], [13.338512, 38.180393], [13.338524, 38.180468], [13.338562, 38.180554], [13.33867, 38.180566], [13.338717, 38.180513], [13.33873, 38.180526], [13.338804, 38.180654], [13.338905, 38.180782], [13.338968, 38.180824], [13.338974, 38.180847], [13.339134, 38.180956], [13.339296, 38.18098], [13.339407, 38.180958], [13.339479, 38.180999], [13.339472, 38.180999], [13.339596, 38.181083], [13.339663, 38.181189], [13.339723, 38.181327], [13.339783, 38.181477], [13.339871, 38.181588], [13.340008, 38.181695], [13.340159, 38.181802], [13.340121, 38.181917], [13.340111, 38.182082], [13.340163, 38.182253], [13.340168, 38.182411], [13.340171, 38.182496], [13.340118, 38.182671], [13.340014, 38.182653], [13.339947, 38.18252], [13.339959, 38.182328], [13.339959, 38.182327], [13.339997, 38.182168], [13.340001, 38.181998], [13.339915, 38.181787], [13.33975, 38.181691], [13.339701, 38.181631], [13.339573, 38.181474], [13.339548, 38.18143], [13.339486, 38.181324], [13.33934, 38.181289], [13.339279, 38.181288], [13.339244, 38.181238], [13.339119, 38.181187], [13.338917, 38.1812], [13.33891, 38.181221], [13.33891, 38.181221], [13.338759, 38.181127], [13.338645, 38.181039], [13.338575, 38.180903], [13.33856, 38.180758], [13.338489, 38.180641], [13.338448, 38.180592], [13.338309, 38.180494], [13.338226, 38.180396], [13.338155, 38.180313], [13.338147, 38.180316], [13.338142, 38.180308], [13.338047, 38.180197], [13.337895, 38.18009], [13.337752, 38.17995], [13.337686, 38.179885], [13.33765, 38.17985], [13.337493, 38.179671], [13.337415, 38.179573], [13.337378, 38.179527], [13.33732, 38.179387]]]}, "properties": {"pai_nmr": "040", "bacino": "Area tra F. Oreto e Punta Raisi", "provincia": "PA", "comune": "Palermo", "localita": "Colle d'Addaura", "sigla": "040-6PM-262", "pericolo": "n.c.", "n_dsg": 4, "data_dsg": "2026-01-09", "ngurs_dsg": 4, "dgurs_dsg": "2026-01-23", "cls_dissesti_attivita": "Attivo", "col_dissesti_attivita": "#ff0000", "bor_dissesti_attivita": "#000000", "cls_dissesti_tipologia": "Crollo e/o ribaltamento", "col_dissesti_tipologia": "#000000", "bor_dissesti_tipologia": "#000000", "pat_dissesti_tipologia": "pai-dissesti_tipologia-0", "sup_ha": 1.1155}}, {"type": "Feature", "geometry": {"type": "Polygon", "coordinates": [[[13.354869, 38.167406], [13.354823, 38.167415], [13.354727, 38.167424], [13.354634, 38.167469], [13.354504, 38.167486], [13.354382, 38.167537], [13.354174, 38.167521], [13.35397, 38.167518], [13.353841, 38.167517], [13.353758, 38.167483], [13.35376, 38.167417], [13.353898, 38.167399], [13.354053, 38.167375], [13.354236, 38.167364], [13.354412, 38.167314], [13.354559, 38.167287], [13.354717, 38.167292], [13.354813, 38.167284], [13.354888, 38.167294], [13.354899, 38.167354], [13.354869, 38.167406]]]}, "properties": {"pai_nmr": "040", "bacino": "Area tra F. Oreto e Punta Raisi", "provincia": "PA", "comune": "Palermo", "localita": "Santuario di S. Rosalia", "sigla": "040-6PM-023", "pericolo": "n.c.", "n_dsg": 4, "data_dsg": "2026-01-09", "ngurs_dsg": 4, "dgurs_dsg": "2026-01-23", "cls_dissesti_attivita": "Attivo", "col_dissesti_attivita": "#ff0000", "bor_dissesti_attivita": "#000000", "cls_dissesti_tipologia": "Crollo e/o ribaltamento", "col_dissesti_tipologia": "#000000", "bor_dissesti_tipologia": "#000000", "pat_dissesti_tipologia": "pai-dissesti_tipologia-0", "sup_ha": 0.1689}}, {"type": "Feature", "geometry": {"type": "Polygon", "coordinates": [[[13.294287, 38.168238], [13.294573, 38.167646], [13.294746, 38.167326], [13.29502, 38.167235], [13.295211, 38.167464], [13.295292, 38.167895], [13.295052, 38.168452], [13.294588, 38.168945], [13.294456, 38.169432], [13.294297, 38.169764], [13.294214, 38.170073], [13.293982, 38.170308], [13.293615, 38.170505], [13.293161, 38.170546], [13.293274, 38.170238], [13.293784, 38.169744], [13.293917, 38.16921], [13.294065, 38.168711], [13.294159, 38.168546], [13.294287, 38.168238]]]}, "properties": {"pai_nmr": "040", "bacino": "Area tra F. Oreto e Punta Raisi", "provincia": "PA", "comune": "Palermo", "localita": "Cozzo di Paola", "sigla": "040-6PM-218", "pericolo": "n.c.", "n_dsg": 4, "data_dsg": "2026-01-09", "ngurs_dsg": 4, "dgurs_dsg": "2026-01-23", "cls_dissesti_attivita": "Attivo", "col_dissesti_attivita": "#ff0000", "bor_dissesti_attivita": "#000000", "cls_dissesti_tipologia": "Crollo e/o ribaltamento", "col_dissesti_tipologia": "#000000", "bor_dissesti_tipologia": "#000000", "pat_dissesti_tipologia": "pai-dissesti_tipologia-0", "sup_ha": 2.1324}}, {"type": "Feature", "geometry": {"type": "Polygon", "coordinates": [[[13.276628, 38.191141], [13.276682, 38.191098], [13.276744, 38.191053], [13.276844, 38.191015], [13.276917, 38.190986], [13.276968, 38.190943], [13.277128, 38.190849], [13.277179, 38.190808], [13.27723, 38.190755], [13.277302, 38.190723], [13.277363, 38.190726], [13.277365, 38.190776], [13.277291, 38.190838], [13.277177, 38.190878], [13.277085, 38.190916], [13.276978, 38.19098], [13.276894, 38.191038], [13.276804, 38.191096], [13.276731, 38.191127], [13.276639, 38.191167], [13.276628, 38.191141]]]}, "properties": {"pai_nmr": "040", "bacino": "Area tra F. Oreto e Punta Raisi", "provincia": "PA", "comune": "Palermo", "localita": "Pizzo Diamante", "sigla": "040-6PM-226", "pericolo": "n.c.", "n_dsg": 4, "data_dsg": "2026-01-09", "ngurs_dsg": 4, "dgurs_dsg": "2026-01-23", "cls_dissesti_attivita": "Attivo", "col_dissesti_attivita": "#ff0000", "bor_dissesti_attivita": "#000000", "cls_dissesti_tipologia": "Crollo e/o ribaltamento", "col_dissesti_tipologia": "#000000", "bor_dissesti_tipologia": "#000000", "pat_dissesti_tipologia": "pai-dissesti_tipologia-0", "sup_ha": 0.0433}}, {"type": "Feature", "geometry": {"type": "Polygon", "coordinates": [[[13.275544, 38.191817], [13.275397, 38.191915], [13.275314, 38.19195], [13.275124, 38.191947], [13.274972, 38.191873], [13.274947, 38.191758], [13.274931, 38.191665], [13.274933, 38.191586], [13.274942, 38.191572], [13.275051, 38.191595], [13.275185, 38.191662], [13.275292, 38.191749], [13.275427, 38.191772], [13.275546, 38.191746], [13.275544, 38.191817]]]}, "properties": {"pai_nmr": "040", "bacino": "Area tra F. Oreto e Punta Raisi", "provincia": "PA", "comune": "Palermo", "localita": "Pizzo Diamante", "sigla": "040-6PM-227", "pericolo": "n.c.", "n_dsg": 4, "data_dsg": "2026-01-09", "ngurs_dsg": 4, "dgurs_dsg": "2026-01-23", "cls_dissesti_attivita": "Attivo", "col_dissesti_attivita": "#ff0000", "bor_dissesti_attivita": "#000000", "cls_dissesti_tipologia": "Crollo e/o ribaltamento", "col_dissesti_tipologia": "#000000", "bor_dissesti_tipologia": "#000000", "pat_dissesti_tipologia": "pai-dissesti_tipologia-0", "sup_ha": 0.1299}}, {"type": "Feature", "geometry": {"type": "Polygon", "coordinates": [[[13.275513, 38.191531], [13.275471, 38.191529], [13.275448, 38.191509], [13.275431, 38.19148], [13.275445, 38.191451], [13.275469, 38.191432], [13.275491, 38.191411], [13.275507, 38.191392], [13.275534, 38.191383], [13.275535, 38.191381], [13.275536, 38.191381], [13.275673, 38.191347], [13.275703, 38.191351], [13.275752, 38.191347], [13.275792, 38.191348], [13.275831, 38.191336], [13.275874, 38.191332], [13.275905, 38.191319], [13.275953, 38.19132], [13.27599, 38.191322], [13.276023, 38.191321], [13.276041, 38.19133], [13.276026, 38.191345], [13.275978, 38.191362], [13.275931, 38.191376], [13.275886, 38.191396], [13.275835, 38.191416], [13.275785, 38.191421], [13.275729, 38.191438], [13.275692, 38.191448], [13.275651, 38.191469], [13.275595, 38.191491], [13.275558, 38.191515], [13.275513, 38.191531]]]}, "properties": {"pai_nmr": "040", "bacino": "Area tra F. Oreto e Punta Raisi", "provincia": "PA", "comune": "Palermo", "localita": "Pizzo Diamante", "sigla": "040-6PM-228", "pericolo": "n.c.", "n_dsg": 4, "data_dsg": "2026-01-09", "ngurs_dsg": 4, "dgurs_dsg": "2026-01-23", "cls_dissesti_attivita": "Attivo", "col_dissesti_attivita": "#ff0000", "bor_dissesti_attivita": "#000000", "cls_dissesti_tipologia": "Crollo e/o ribaltamento", "col_dissesti_tipologia": "#000000", "bor_dissesti_tipologia": "#000000", "pat_dissesti_tipologia": "pai-dissesti_tipologia-0", "sup_ha": 0.0509}}, {"type": "Feature", "geometry": {"type": "Polygon", "coordinates": [[[13.276548, 38.19236], [13.276549, 38.192308], [13.276612, 38.192298], [13.276695, 38.192299], [13.276834, 38.19231], [13.276932, 38.192289], [13.277016, 38.192249], [13.277128, 38.192221], [13.277246, 38.192212], [13.277256, 38.192261], [13.277157, 38.192298], [13.277021, 38.19234], [13.276843, 38.192376], [13.276714, 38.192396], [13.276648, 38.192387], [13.276603, 38.192386], [13.276548, 38.19236]]]}, "properties": {"pai_nmr": "040", "bacino": "Area tra F. Oreto e Punta Raisi", "provincia": "PA", "comune": "Palermo", "localita": "Pizzo Diamante", "sigla": "040-6PM-229", "pericolo": "n.c.", "n_dsg": 4, "data_dsg": "2026-01-09", "ngurs_dsg": 4, "dgurs_dsg": "2026-01-23", "cls_dissesti_attivita": "Attivo", "col_dissesti_attivita": "#ff0000", "bor_dissesti_attivita": "#000000", "cls_dissesti_tipologia": "Crollo e/o ribaltamento", "col_dissesti_tipologia": "#000000", "bor_dissesti_tipologia": "#000000", "pat_dissesti_tipologia": "pai-dissesti_tipologia-0", "sup_ha": 0.0539}}, {"type": "Feature", "geometry": {"type": "Polygon", "coordinates": [[[13.279346, 38.191614], [13.279356, 38.191599], [13.27936, 38.191595], [13.279362, 38.19159], [13.279382, 38.191543], [13.279431, 38.191525], [13.279469, 38.191525], [13.279497, 38.191529], [13.279518, 38.191535], [13.279525, 38.191537], [13.279513, 38.191608], [13.279511, 38.191685], [13.279513, 38.191756], [13.279511, 38.191836], [13.279484, 38.191948], [13.279479, 38.191967], [13.27944, 38.192027], [13.279419, 38.192202], [13.279459, 38.192263], [13.27959, 38.192317], [13.279686, 38.192379], [13.279785, 38.192457], [13.279869, 38.19256], [13.279867, 38.192642], [13.279813, 38.192718], [13.279743, 38.192772], [13.279679, 38.192829], [13.279608, 38.192891], [13.279523, 38.192953], [13.27941, 38.193033], [13.279256, 38.193078], [13.279173, 38.19306], [13.279122, 38.193015], [13.27906, 38.192962], [13.278964, 38.192911], [13.278868, 38.19288], [13.278865, 38.192836], [13.278945, 38.192823], [13.279053, 38.192841], [13.279098, 38.192842], [13.279163, 38.19289], [13.279288, 38.192894], [13.279428, 38.192831], [13.279593, 38.192784], [13.27972, 38.192703], [13.279729, 38.192607], [13.2797, 38.192527], [13.279656, 38.192475], [13.27957, 38.192407], [13.279488, 38.192354], [13.279358, 38.192256], [13.27927, 38.192189], [13.279192, 38.1921], [13.279149, 38.192006], [13.279147, 38.191943], [13.27918, 38.191864], [13.279286, 38.191783], [13.279333, 38.191699], [13.279346, 38.191614]]]}, "properties": {"pai_nmr": "040", "bacino": "Area tra F. Oreto e Punta Raisi", "provincia": "PA", "comune": "Palermo", "localita": "Pizzo Diamante", "sigla": "040-6PM-230", "pericolo": "n.c.", "n_dsg": 4, "data_dsg": "2026-01-09", "ngurs_dsg": 4, "dgurs_dsg": "2026-01-23", "cls_dissesti_attivita": "Attivo", "col_dissesti_attivita": "#ff0000", "bor_dissesti_attivita": "#000000", "cls_dissesti_tipologia": "Crollo e/o ribaltamento", "col_dissesti_tipologia": "#000000", "bor_dissesti_tipologia": "#000000", "pat_dissesti_tipologia": "pai-dissesti_tipologia-0", "sup_ha": 0.3406}}, {"type": "Feature", "geometry": {"type": "Polygon", "coordinates": [[[13.27518, 38.18704], [13.275182, 38.187036], [13.275298, 38.187042], [13.275367, 38.187057], [13.275454, 38.187064], [13.275575, 38.187064], [13.275782, 38.187092], [13.275958, 38.187095], [13.276128, 38.187119], [13.276186, 38.187212], [13.27623, 38.187314], [13.27627, 38.187392], [13.276351, 38.187492], [13.276441, 38.18761], [13.276342, 38.187663], [13.276182, 38.187599], [13.276129, 38.187488], [13.276132, 38.187364], [13.276102, 38.187276], [13.276034, 38.187202], [13.275952, 38.187157], [13.275777, 38.187133], [13.275633, 38.18713], [13.275458, 38.187121], [13.275367, 38.187109], [13.275365, 38.187108], [13.275357, 38.187108], [13.275314, 38.187108], [13.275287, 38.187107], [13.275227, 38.187084], [13.275199, 38.187084], [13.275167, 38.187083], [13.275112, 38.187083], [13.275103, 38.187057], [13.275168, 38.18704], [13.27518, 38.18704]]]}, "properties": {"pai_nmr": "040", "bacino": "Area tra F. Oreto e Punta Raisi", "provincia": "PA", "comune": "Palermo", "localita": "Tana Vipera", "sigla": "040-6PM-225", "pericolo": "n.c.", "n_dsg": 4, "data_dsg": "2026-01-09", "ngurs_dsg": 4, "dgurs_dsg": "2026-01-23", "cls_dissesti_attivita": "Attivo", "col_dissesti_attivita": "#ff0000", "bor_dissesti_attivita": "#000000", "cls_dissesti_tipologia": "Crollo e/o ribaltamento", "col_dissesti_tipologia": "#000000", "bor_dissesti_tipologia": "#000000", "pat_dissesti_tipologia": "pai-dissesti_tipologia-0", "sup_ha": 0.1335}}, {"type": "Feature", "geometry": {"type": "Polygon", "coordinates": [[[13.277862, 38.187766], [13.27776, 38.187753], [13.277645, 38.187737], [13.277483, 38.187738], [13.277358, 38.187744], [13.277257, 38.18772], [13.277263, 38.187655], [13.277334, 38.187597], [13.277476, 38.187643], [13.277596, 38.187652], [13.27773, 38.187658], [13.277845, 38.187674], [13.277918, 38.187719], [13.277927, 38.187752], [13.277862, 38.187766]]]}, "properties": {"pai_nmr": "040", "bacino": "Area tra F. Oreto e Punta Raisi", "provincia": "PA", "comune": "Palermo", "localita": "Tana Vipera", "sigla": "040-6PM-224", "pericolo": "n.c.", "n_dsg": 4, "data_dsg": "2026-01-09", "ngurs_dsg": 4, "dgurs_dsg": "2026-01-23", "cls_dissesti_attivita": "Attivo", "col_dissesti_attivita": "#ff0000", "bor_dissesti_attivita": "#000000", "cls_dissesti_tipologia": "Crollo e/o ribaltamento", "col_dissesti_tipologia": "#000000", "bor_dissesti_tipologia": "#000000", "pat_dissesti_tipologia": "pai-dissesti_tipologia-0", "sup_ha": 0.0606}}, {"type": "Feature", "geometry": {"type": "Polygon", "coordinates": [[[13.285885, 38.176525], [13.286293, 38.176516], [13.286356, 38.176467], [13.286475, 38.176441], [13.286581, 38.176443], [13.286602, 38.176527], [13.286529, 38.176628], [13.286468, 38.176729], [13.286426, 38.176752], [13.286301, 38.176819], [13.286134, 38.176928], [13.286132, 38.17703], [13.286138, 38.177049], [13.286164, 38.177133], [13.286269, 38.1772], [13.286337, 38.177312], [13.286286, 38.17745], [13.286232, 38.177489], [13.286141, 38.177615], [13.285807, 38.177815], [13.285697, 38.178027], [13.285762, 38.17825], [13.285828, 38.178428], [13.28586, 38.178586], [13.28582, 38.178799], [13.285686, 38.178973], [13.285531, 38.179083], [13.285331, 38.179089], [13.285238, 38.179013], [13.285229, 38.178911], [13.285233, 38.178744], [13.285097, 38.17851], [13.284998, 38.17823], [13.284908, 38.178034], [13.284973, 38.177803], [13.285098, 38.177461], [13.285104, 38.177238], [13.284979, 38.177023], [13.284811, 38.176668], [13.284945, 38.176493], [13.285298, 38.176452], [13.285546, 38.176418], [13.285885, 38.176525]]]}, "properties": {"pai_nmr": "040", "bacino": "Area tra F. Oreto e Punta Raisi", "provincia": "PA", "comune": "Palermo", "localita": "Cozzo Finocchio", "sigla": "040-6PM-222", "pericolo": "n.c.", "n_dsg": 4, "data_dsg": "2026-01-09", "ngurs_dsg": 4, "dgurs_dsg": "2026-01-23", "cls_dissesti_attivita": "Attivo", "col_dissesti_attivita": "#ff0000", "bor_dissesti_attivita": "#000000", "cls_dissesti_tipologia": "Crollo e/o ribaltamento", "col_dissesti_tipologia": "#000000", "bor_dissesti_tipologia": "#000000", "pat_dissesti_tipologia": "pai-dissesti_tipologia-0", "sup_ha": 2.4922}}, {"type": "Feature", "geometry": {"type": "Polygon", "coordinates": [[[13.28792, 38.178988], [13.287837, 38.179042], [13.28772, 38.179022], [13.287616, 38.178918], [13.28749, 38.178805], [13.287351, 38.178682], [13.28726, 38.178551], [13.287111, 38.1784], [13.286974, 38.17824], [13.286812, 38.178099], [13.286697, 38.178013], [13.286736, 38.177856], [13.286843, 38.177802], [13.286984, 38.177804], [13.287103, 38.177732], [13.287059, 38.177601], [13.286954, 38.177572], [13.286861, 38.177515], [13.286721, 38.177494], [13.286699, 38.17741], [13.286807, 38.177309], [13.286949, 38.177284], [13.28709, 38.177286], [13.28723, 38.177353], [13.287334, 38.177429], [13.287484, 38.177524], [13.287635, 38.177609], [13.287727, 38.177722], [13.287631, 38.177786], [13.287465, 38.177839], [13.287312, 38.177837], [13.287086, 38.177945], [13.287084, 38.178056], [13.287211, 38.178132], [13.287456, 38.17821], [13.287595, 38.178342], [13.287745, 38.178437], [13.287884, 38.178532], [13.287951, 38.178682], [13.287936, 38.178821], [13.28792, 38.178988]]]}, "properties": {"pai_nmr": "040", "bacino": "Area tra F. Oreto e Punta Raisi", "provincia": "PA", "comune": "Palermo", "localita": "Cozzo Finocchio", "sigla": "040-6PM-221", "pericolo": "n.c.", "n_dsg": 4, "data_dsg": "2026-01-09", "ngurs_dsg": 4, "dgurs_dsg": "2026-01-23", "cls_dissesti_attivita": "Attivo", "col_dissesti_attivita": "#ff0000", "bor_dissesti_attivita": "#000000", "cls_dissesti_tipologia": "Crollo e/o ribaltamento", "col_dissesti_tipologia": "#000000", "bor_dissesti_tipologia": "#000000", "pat_dissesti_tipologia": "pai-dissesti_tipologia-0", "sup_ha": 0.8584}}, {"type": "Feature", "geometry": {"type": "Polygon", "coordinates": [[[13.288137, 38.1735], [13.288209, 38.173608], [13.288244, 38.173701], [13.288322, 38.173766], [13.288414, 38.173821], [13.28848, 38.173895], [13.288558, 38.173969], [13.288625, 38.174033], [13.288685, 38.174117], [13.288727, 38.174166], [13.288806, 38.174211], [13.28892, 38.17435], [13.288973, 38.174438], [13.289039, 38.174527], [13.289099, 38.174596], [13.289096, 38.174722], [13.289003, 38.17475], [13.288924, 38.174691], [13.288882, 38.174636], [13.288885, 38.174515], [13.288819, 38.174416], [13.288711, 38.174293], [13.288664, 38.174185], [13.28855, 38.174052], [13.288429, 38.173953], [13.288338, 38.173878], [13.288223, 38.173808], [13.288133, 38.17368], [13.288062, 38.173572], [13.287991, 38.17344], [13.288017, 38.173381], [13.288054, 38.173382], [13.288096, 38.173431], [13.288137, 38.1735]]]}, "properties": {"pai_nmr": "040", "bacino": "Area tra F. Oreto e Punta Raisi", "provincia": "PA", "comune": "Palermo", "localita": "Vallone Ferraloro", "sigla": "040-6PM-219", "pericolo": "n.c.", "n_dsg": 4, "data_dsg": "2026-01-09", "ngurs_dsg": 4, "dgurs_dsg": "2026-01-23", "cls_dissesti_attivita": "Attivo", "col_dissesti_attivita": "#ff0000", "bor_dissesti_attivita": "#000000", "cls_dissesti_tipologia": "Crollo e/o ribaltamento", "col_dissesti_tipologia": "#000000", "bor_dissesti_tipologia": "#000000", "pat_dissesti_tipologia": "pai-dissesti_tipologia-0", "sup_ha": 0.1719}}, {"type": "Feature", "geometry": {"type": "Polygon", "coordinates": [[[13.288302, 38.175149], [13.288405, 38.174995], [13.288462, 38.174913], [13.288569, 38.174846], [13.288657, 38.174774], [13.288661, 38.174852], [13.288627, 38.174988], [13.288569, 38.175109], [13.288447, 38.175293], [13.288399, 38.175487], [13.288364, 38.175672], [13.288374, 38.175803], [13.288376, 38.175983], [13.288291, 38.176177], [13.288201, 38.176317], [13.288063, 38.176393], [13.287907, 38.176508], [13.287836, 38.176604], [13.287772, 38.17671], [13.28769, 38.176787], [13.287535, 38.176834], [13.287428, 38.17691], [13.287279, 38.176932], [13.287131, 38.176945], [13.287064, 38.17689], [13.287021, 38.17688], [13.286929, 38.176883], [13.286799, 38.176876], [13.286795, 38.176803], [13.286803, 38.176701], [13.286899, 38.176576], [13.287085, 38.176515], [13.28721, 38.176488], [13.287323, 38.176373], [13.287456, 38.176238], [13.287551, 38.176137], [13.287622, 38.175992], [13.287743, 38.175833], [13.287877, 38.17566], [13.287968, 38.175451], [13.288087, 38.17537], [13.288239, 38.175231], [13.288302, 38.175149]]]}, "properties": {"pai_nmr": "040", "bacino": "Area tra F. Oreto e Punta Raisi", "provincia": "PA", "comune": "Palermo", "localita": "Cozzo Finocchio", "sigla": "040-6PM-220", "pericolo": "n.c.", "n_dsg": 4, "data_dsg": "2026-01-09", "ngurs_dsg": 4, "dgurs_dsg": "2026-01-23", "cls_dissesti_attivita": "Attivo", "col_dissesti_attivita": "#ff0000", "bor_dissesti_attivita": "#000000", "cls_dissesti_tipologia": "Crollo e/o ribaltamento", "col_dissesti_tipologia": "#000000", "bor_dissesti_tipologia": "#000000", "pat_dissesti_tipologia": "pai-dissesti_tipologia-0", "sup_ha": 1.1743}}, {"type": "Feature", "geometry": {"type": "Polygon", "coordinates": [[[13.279576, 38.187797], [13.279521, 38.187864], [13.279464, 38.18778], [13.279433, 38.187675], [13.279429, 38.187575], [13.279562, 38.18752], [13.279688, 38.187532], [13.27986, 38.18753], [13.280014, 38.187448], [13.280247, 38.187374], [13.280572, 38.187316], [13.280784, 38.187314], [13.280975, 38.187348], [13.281049, 38.187291], [13.281174, 38.187288], [13.281246, 38.187326], [13.281205, 38.187393], [13.281204, 38.187445], [13.281163, 38.187476], [13.281045, 38.187474], [13.280926, 38.187441], [13.280861, 38.187409], [13.280782, 38.187376], [13.28065, 38.187385], [13.280391, 38.187443], [13.280264, 38.187489], [13.280004, 38.187563], [13.279878, 38.187608], [13.279692, 38.187616], [13.279579, 38.187656], [13.279572, 38.187682], [13.279576, 38.187797]]]}, "properties": {"pai_nmr": "040", "bacino": "Area tra F. Oreto e Punta Raisi", "provincia": "PA", "comune": "Palermo", "localita": "Tana Vipera", "sigla": "040-6PM-223", "pericolo": "n.c.", "n_dsg": 4, "data_dsg": "2026-01-09", "ngurs_dsg": 4, "dgurs_dsg": "2026-01-23", "cls_dissesti_attivita": "Attivo", "col_dissesti_attivita": "#ff0000", "bor_dissesti_attivita": "#000000", "cls_dissesti_tipologia": "Crollo e/o ribaltamento", "col_dissesti_tipologia": "#000000", "bor_dissesti_tipologia": "#000000", "pat_dissesti_tipologia": "pai-dissesti_tipologia-0", "sup_ha": 0.2041}}, {"type": "Feature", "geometry": {"type": "Polygon", "coordinates": [[[13.311057, 38.212896], [13.31109, 38.212793], [13.311087, 38.212656], [13.311173, 38.212553], [13.311366, 38.212471], [13.311517, 38.212435], [13.311643, 38.212423], [13.311823, 38.212397], [13.311852, 38.212445], [13.31173, 38.212514], [13.311562, 38.212554], [13.311399, 38.212622], [13.311265, 38.212724], [13.311202, 38.212837], [13.311098, 38.21293], [13.31105, 38.212929], [13.311057, 38.212896]]]}, "properties": {"pai_nmr": "040", "bacino": "Area tra F. Oreto e Punta Raisi", "provincia": "PA", "comune": "Palermo", "localita": "Monte Gallo", "sigla": "040-6PM-087", "pericolo": "n.c.", "n_dsg": 4, "data_dsg": "2026-01-09", "ngurs_dsg": 4, "dgurs_dsg": "2026-01-23", "cls_dissesti_attivita": "Attivo", "col_dissesti_attivita": "#ff0000", "bor_dissesti_attivita": "#000000", "cls_dissesti_tipologia": "Crollo e/o ribaltamento", "col_dissesti_tipologia": "#000000", "bor_dissesti_tipologia": "#000000", "pat_dissesti_tipologia": "pai-dissesti_tipologia-0", "sup_ha": 0.125}}, {"type": "Feature", "geometry": {"type": "Polygon", "coordinates": [[[13.305714, 38.218502], [13.305704, 38.218412], [13.305788, 38.218234], [13.305837, 38.218074], [13.306033, 38.217978], [13.30624, 38.217846], [13.306457, 38.217814], [13.306626, 38.217897], [13.306896, 38.21799], [13.306916, 38.218116], [13.306791, 38.218132], [13.306519, 38.218066], [13.306257, 38.218098], [13.306096, 38.218185], [13.305923, 38.21829], [13.305714, 38.218502]]]}, "properties": {"pai_nmr": "040", "bacino": "Area tra F. Oreto e Punta Raisi", "provincia": "PA", "comune": "Palermo", "localita": "Torre Amari", "sigla": "040-6PM-231", "pericolo": "n.c.", "n_dsg": 4, "data_dsg": "2026-01-09", "ngurs_dsg": 4, "dgurs_dsg": "2026-01-23", "cls_dissesti_attivita": "Attivo", "col_dissesti_attivita": "#ff0000", "bor_dissesti_attivita": "#000000", "cls_dissesti_tipologia": "Crollo e/o ribaltamento", "col_dissesti_tipologia": "#000000", "bor_dissesti_tipologia": "#000000", "pat_dissesti_tipologia": "pai-dissesti_tipologia-0", "sup_ha": 0.2614}}, {"type": "Feature", "geometry": {"type": "Polygon", "coordinates": [[[13.31076, 38.217006], [13.3108, 38.217249], [13.31083, 38.217446], [13.310804, 38.217589], [13.310676, 38.217713], [13.310492, 38.217782], [13.310296, 38.217905], [13.310008, 38.218098], [13.310039, 38.218224], [13.310035, 38.218403], [13.309828, 38.218517], [13.309787, 38.218301], [13.309793, 38.218068], [13.310036, 38.217883], [13.31022, 38.217778], [13.310415, 38.217682], [13.310577, 38.217577], [13.310603, 38.217425], [13.310584, 38.217272], [13.310621, 38.21712], [13.310669, 38.217031], [13.31076, 38.217006]]]}, "properties": {"pai_nmr": "040", "bacino": "Area tra F. Oreto e Punta Raisi", "provincia": "PA", "comune": "Palermo", "localita": "Piano dello Stinco", "sigla": "040-6PM-232", "pericolo": "n.c.", "n_dsg": 4, "data_dsg": "2026-01-09", "ngurs_dsg": 4, "dgurs_dsg": "2026-01-23", "cls_dissesti_attivita": "Attivo", "col_dissesti_attivita": "#ff0000", "bor_dissesti_attivita": "#000000", "cls_dissesti_tipologia": "Crollo e/o ribaltamento", "col_dissesti_tipologia": "#000000", "bor_dissesti_tipologia": "#000000", "pat_dissesti_tipologia": "pai-dissesti_tipologia-0", "sup_ha": 0.332}}, {"type": "Feature", "geometry": {"type": "Polygon", "coordinates": [[[13.309227, 38.216464], [13.30939, 38.216323], [13.309598, 38.216182], [13.30977, 38.216086], [13.309795, 38.215988], [13.309878, 38.215854], [13.309984, 38.215686], [13.310079, 38.215517], [13.310275, 38.215394], [13.310516, 38.215299], [13.310848, 38.215196], [13.311154, 38.215218], [13.311333, 38.215346], [13.311535, 38.215448], [13.311714, 38.215567], [13.311553, 38.215645], [13.311315, 38.215642], [13.311134, 38.215595], [13.310908, 38.21552], [13.310702, 38.215597], [13.31045, 38.215701], [13.310106, 38.215813], [13.31001, 38.216027], [13.309891, 38.216258], [13.309684, 38.216363], [13.309507, 38.216491], [13.309441, 38.216583], [13.309347, 38.216699], [13.309199, 38.216714], [13.309168, 38.21657], [13.309227, 38.216493], [13.309227, 38.216464]]]}, "properties": {"pai_nmr": "040", "bacino": "Area tra F. Oreto e Punta Raisi", "provincia": "PA", "comune": "Palermo", "localita": "Piano dello Stinco", "sigla": "040-6PM-233", "pericolo": "n.c.", "n_dsg": 4, "data_dsg": "2026-01-09", "ngurs_dsg": 4, "dgurs_dsg": "2026-01-23", "cls_dissesti_attivita": "Attivo", "col_dissesti_attivita": "#ff0000", "bor_dissesti_attivita": "#000000", "cls_dissesti_tipologia": "Crollo e/o ribaltamento", "col_dissesti_tipologia": "#000000", "bor_dissesti_tipologia": "#000000", "pat_dissesti_tipologia": "pai-dissesti_tipologia-0", "sup_ha": 0.7593}}, {"type": "Feature", "geometry": {"type": "Polygon", "coordinates": [[[13.306264, 38.211293], [13.306261, 38.211193], [13.306263, 38.211104], [13.306275, 38.211015], [13.306277, 38.210945], [13.306283, 38.210884], [13.306294, 38.21083], [13.306305, 38.210799], [13.306305, 38.210791], [13.306308, 38.210775], [13.30634, 38.210741], [13.30636, 38.210726], [13.30637, 38.210726], [13.306394, 38.210731], [13.306419, 38.210746], [13.306398, 38.210796], [13.306391, 38.21087], [13.306405, 38.21091], [13.306405, 38.210918], [13.306405, 38.210924], [13.306405, 38.210925], [13.306417, 38.21104], [13.306404, 38.211156], [13.306395, 38.211341], [13.306405, 38.211527], [13.306412, 38.211666], [13.306424, 38.211802], [13.306432, 38.211876], [13.306426, 38.211922], [13.306424, 38.21198], [13.306414, 38.212022], [13.306383, 38.21206], [13.306344, 38.212052], [13.306331, 38.21199], [13.306334, 38.211878], [13.306331, 38.211766], [13.306329, 38.21169], [13.30631, 38.21163], [13.306292, 38.211549], [13.306255, 38.211467], [13.306242, 38.21137], [13.306267, 38.211304], [13.306264, 38.211293]]]}, "properties": {"pai_nmr": "040", "bacino": "Area tra F. Oreto e Punta Raisi", "provincia": "PA", "comune": "Palermo", "localita": "Versante sud di Pizzo Sella", "sigla": "040-6PM-094", "pericolo": "n.c.", "n_dsg": 4, "data_dsg": "2026-01-09", "ngurs_dsg": 4, "dgurs_dsg": "2026-01-23", "cls_dissesti_attivita": "Attivo", "col_dissesti_attivita": "#ff0000", "bor_dissesti_attivita": "#000000", "cls_dissesti_tipologia": "Crollo e/o ribaltamento", "col_dissesti_tipologia": "#000000", "bor_dissesti_tipologia": "#000000", "pat_dissesti_tipologia": "pai-dissesti_tipologia-0", "sup_ha": 0.1492}}, {"type": "Feature", "geometry": {"type": "Polygon", "coordinates": [[[13.306651, 38.210313], [13.306607, 38.210403], [13.306548, 38.210461], [13.306482, 38.210499], [13.306425, 38.210446], [13.306476, 38.210363], [13.30652, 38.210253], [13.306605, 38.21015], [13.306656, 38.210066], [13.3067, 38.209943], [13.306795, 38.209776], [13.306839, 38.209633], [13.306868, 38.209478], [13.306887, 38.209361], [13.306889, 38.209257], [13.306843, 38.209107], [13.306789, 38.208976], [13.306742, 38.208845], [13.306841, 38.208866], [13.306871, 38.208996], [13.306932, 38.209179], [13.306961, 38.209375], [13.306965, 38.20955], [13.306903, 38.209745], [13.306817, 38.209906], [13.306723, 38.210048], [13.306653, 38.210222], [13.306652, 38.210242], [13.306651, 38.210313]]]}, "properties": {"pai_nmr": "040", "bacino": "Area tra F. Oreto e Punta Raisi", "provincia": "PA", "comune": "Palermo", "localita": "E Primo Pizzo", "sigla": "040-6PM-234", "pericolo": "n.c.", "n_dsg": 4, "data_dsg": "2026-01-09", "ngurs_dsg": 4, "dgurs_dsg": "2026-01-23", "cls_dissesti_attivita": "Attivo", "col_dissesti_attivita": "#ff0000", "bor_dissesti_attivita": "#000000", "cls_dissesti_tipologia": "Crollo e/o ribaltamento", "col_dissesti_tipologia": "#000000", "bor_dissesti_tipologia": "#000000", "pat_dissesti_tipologia": "pai-dissesti_tipologia-0", "sup_ha": 0.1443}}, {"type": "Feature", "geometry": {"type": "Polygon", "coordinates": [[[13.305071, 38.209205], [13.30507, 38.209254], [13.305071, 38.209315], [13.30507, 38.209354], [13.305047, 38.209364], [13.305013, 38.209348], [13.305004, 38.209284], [13.305003, 38.209231], [13.305004, 38.209184], [13.305005, 38.209139], [13.305004, 38.20909], [13.304995, 38.209043], [13.304995, 38.209037], [13.305001, 38.208997], [13.305002, 38.208958], [13.305013, 38.208921], [13.305009, 38.208888], [13.305012, 38.208846], [13.305013, 38.208813], [13.304996, 38.208769], [13.304974, 38.208746], [13.304943, 38.208725], [13.30491, 38.208713], [13.304841, 38.208683], [13.30478, 38.208648], [13.304748, 38.20862], [13.304717, 38.208585], [13.304705, 38.208541], [13.304716, 38.208512], [13.304736, 38.208502], [13.304781, 38.208505], [13.304829, 38.208574], [13.304875, 38.208616], [13.304937, 38.208662], [13.305, 38.208714], [13.305046, 38.208768], [13.305062, 38.208845], [13.305065, 38.208936], [13.30505, 38.209032], [13.305053, 38.209118], [13.305059, 38.209161], [13.305071, 38.209205]]]}, "properties": {"pai_nmr": "040", "bacino": "Area tra F. Oreto e Punta Raisi", "provincia": "PA", "comune": "Palermo", "localita": "Primo Pizzo", "sigla": "040-6PM-097", "pericolo": "n.c.", "n_dsg": 4, "data_dsg": "2026-01-09", "ngurs_dsg": 4, "dgurs_dsg": "2026-01-23", "cls_dissesti_attivita": "Attivo", "col_dissesti_attivita": "#ff0000", "bor_dissesti_attivita": "#000000", "cls_dissesti_tipologia": "Crollo e/o ribaltamento", "col_dissesti_tipologia": "#000000", "bor_dissesti_tipologia": "#000000", "pat_dissesti_tipologia": "pai-dissesti_tipologia-0", "sup_ha": 0.0581}}, {"type": "Feature", "geometry": {"type": "Polygon", "coordinates": [[[13.307612, 38.207388], [13.307634, 38.207429], [13.307621, 38.207493], [13.307652, 38.207649], [13.307701, 38.207777], [13.307732, 38.207937], [13.307764, 38.208066], [13.307807, 38.208208], [13.307832, 38.208359], [13.307857, 38.208519], [13.307878, 38.208629], [13.30791, 38.208744], [13.307931, 38.208854], [13.307962, 38.208996], [13.307999, 38.209165], [13.308048, 38.209298], [13.308074, 38.209431], [13.308082, 38.209568], [13.308114, 38.209692], [13.308107, 38.209742], [13.308066, 38.20976], [13.308057, 38.209659], [13.308042, 38.20954], [13.308016, 38.209439], [13.308006, 38.209334], [13.307974, 38.20922], [13.307914, 38.209054], [13.307893, 38.208963], [13.30785, 38.208857], [13.307846, 38.20877], [13.307836, 38.208706], [13.307809, 38.208619], [13.307777, 38.208509], [13.307773, 38.208408], [13.307741, 38.208308], [13.307726, 38.208202], [13.307688, 38.208074], [13.307657, 38.207936], [13.307619, 38.207817], [13.307593, 38.207675], [13.307537, 38.207597], [13.307539, 38.20751], [13.307582, 38.207419], [13.307612, 38.207388]]]}, "properties": {"pai_nmr": "040", "bacino": "Area tra F. Oreto e Punta Raisi", "provincia": "PA", "comune": "Palermo", "localita": "SE Primo Pizzo", "sigla": "040-6PM-235", "pericolo": "n.c.", "n_dsg": 4, "data_dsg": "2026-01-09", "ngurs_dsg": 4, "dgurs_dsg": "2026-01-23", "cls_dissesti_attivita": "Attivo", "col_dissesti_attivita": "#ff0000", "bor_dissesti_attivita": "#000000", "cls_dissesti_tipologia": "Crollo e/o ribaltamento", "col_dissesti_tipologia": "#000000", "bor_dissesti_tipologia": "#000000", "pat_dissesti_tipologia": "pai-dissesti_tipologia-0", "sup_ha": 0.1541}}, {"type": "Feature", "geometry": {"type": "Polygon", "coordinates": [[[13.308665, 38.209376], [13.308697, 38.209486], [13.308695, 38.2096], [13.308699, 38.209673], [13.308685, 38.209769], [13.308649, 38.209846], [13.308607, 38.209882], [13.308515, 38.209871], [13.308505, 38.209803], [13.308508, 38.209661], [13.308528, 38.209575], [13.30853, 38.209483], [13.308532, 38.209401], [13.308557, 38.209315], [13.30857, 38.209247], [13.308572, 38.209173], [13.308568, 38.209082], [13.308588, 38.208982], [13.308561, 38.208872], [13.308518, 38.208748], [13.308468, 38.208651], [13.308435, 38.20856], [13.308391, 38.208454], [13.308382, 38.208367], [13.308385, 38.208248], [13.308353, 38.208129], [13.308309, 38.207991], [13.308283, 38.207904], [13.308256, 38.207803], [13.308219, 38.20767], [13.308175, 38.207542], [13.308154, 38.207437], [13.308156, 38.207373], [13.308118, 38.207258], [13.308103, 38.207166], [13.30807, 38.207079], [13.30802, 38.207005], [13.307993, 38.206914], [13.307989, 38.206845], [13.308001, 38.2068], [13.308041, 38.206832], [13.308062, 38.206942], [13.308116, 38.207098], [13.308176, 38.207263], [13.308207, 38.20741], [13.308227, 38.207547], [13.308275, 38.207717], [13.308324, 38.20785], [13.308356, 38.207983], [13.308404, 38.208175], [13.308442, 38.208286], [13.308462, 38.208423], [13.308505, 38.208561], [13.308537, 38.208666], [13.30861, 38.208777], [13.30863, 38.208887], [13.308657, 38.208997], [13.308654, 38.209129], [13.308668, 38.209262], [13.308678, 38.209317], [13.308665, 38.209376]]]}, "properties": {"pai_nmr": "040", "bacino": "Area tra F. Oreto e Punta Raisi", "provincia": "PA", "comune": "Palermo", "localita": "SE Primo Pizzo", "sigla": "040-6PM-236", "pericolo": "n.c.", "n_dsg": 4, "data_dsg": "2026-01-09", "ngurs_dsg": 4, "dgurs_dsg": "2026-01-23", "cls_dissesti_attivita": "Attivo", "col_dissesti_attivita": "#ff0000", "bor_dissesti_attivita": "#000000", "cls_dissesti_tipologia": "Crollo e/o ribaltamento", "col_dissesti_tipologia": "#000000", "bor_dissesti_tipologia": "#000000", "pat_dissesti_tipologia": "pai-dissesti_tipologia-0", "sup_ha": 0.2342}}, {"type": "Feature", "geometry": {"type": "Polygon", "coordinates": [[[13.305479, 38.20569], [13.30548, 38.20569], [13.305572, 38.205704], [13.305799, 38.205631], [13.305949, 38.205573], [13.306034, 38.205542], [13.30618, 38.2055], [13.306289, 38.205482], [13.306431, 38.205453], [13.306539, 38.205476], [13.306638, 38.205532], [13.306718, 38.205539], [13.306835, 38.205541], [13.306951, 38.205574], [13.307031, 38.205607], [13.307071, 38.205621], [13.307085, 38.205619], [13.307087, 38.205621], [13.307096, 38.205618], [13.307143, 38.205603], [13.307148, 38.20558], [13.30714, 38.205555], [13.307135, 38.20554], [13.307133, 38.205536], [13.307125, 38.20551], [13.30713, 38.205475], [13.307154, 38.205464], [13.307158, 38.205463], [13.307292, 38.205447], [13.307409, 38.205389], [13.307595, 38.205373], [13.307785, 38.205394], [13.307883, 38.205414], [13.307975, 38.205457], [13.308078, 38.205508], [13.308261, 38.205575], [13.308387, 38.205641], [13.308437, 38.2057], [13.308464, 38.205714], [13.308464, 38.205749], [13.308443, 38.205751], [13.308427, 38.205751], [13.308421, 38.205747], [13.308413, 38.205755], [13.308339, 38.205699], [13.308173, 38.205638], [13.308082, 38.205581], [13.307973, 38.205516], [13.307887, 38.205478], [13.307783, 38.205481], [13.307695, 38.205517], [13.307567, 38.205569], [13.30748, 38.205568], [13.307401, 38.205574], [13.307329, 38.205599], [13.307223, 38.205658], [13.307137, 38.205688], [13.307028, 38.205709], [13.30694, 38.205711], [13.306851, 38.205716], [13.306698, 38.205707], [13.306583, 38.205658], [13.30648, 38.205599], [13.306343, 38.205585], [13.306197, 38.205621], [13.306104, 38.205661], [13.306022, 38.205748], [13.305884, 38.205791], [13.305673, 38.205848], [13.305628, 38.205842], [13.305545, 38.205828], [13.305541, 38.205827], [13.30552, 38.205811], [13.305482, 38.205782], [13.30543, 38.205737], [13.305425, 38.205725], [13.305419, 38.205711], [13.305428, 38.205679], [13.305479, 38.20569]]]}, "properties": {"pai_nmr": "040", "bacino": "Area tra F. Oreto e Punta Raisi", "provincia": "PA", "comune": "Palermo", "localita": "SE Primo Pizzo", "sigla": "040-6PM-237", "pericolo": "n.c.", "n_dsg": 4, "data_dsg": "2026-01-09", "ngurs_dsg": 4, "dgurs_dsg": "2026-01-23", "cls_dissesti_attivita": "Attivo", "col_dissesti_attivita": "#ff0000", "bor_dissesti_attivita": "#000000", "cls_dissesti_tipologia": "Crollo e/o ribaltamento", "col_dissesti_tipologia": "#000000", "bor_dissesti_tipologia": "#000000", "pat_dissesti_tipologia": "pai-dissesti_tipologia-0", "sup_ha": 0.4039}}, {"type": "Feature", "geometry": {"type": "Polygon", "coordinates": [[[13.309206, 38.207027], [13.309146, 38.206857], [13.309063, 38.206692], [13.309014, 38.206572], [13.309046, 38.20644], [13.309048, 38.206349], [13.309097, 38.206245], [13.309152, 38.206099], [13.309108, 38.206016], [13.309016, 38.205956], [13.309006, 38.205901], [13.309081, 38.205916], [13.309143, 38.205985], [13.30921, 38.206082], [13.309225, 38.206201], [13.309188, 38.206292], [13.309139, 38.2064], [13.309153, 38.206551], [13.309208, 38.206675], [13.309239, 38.206822], [13.309243, 38.206932], [13.309276, 38.207001], [13.30928, 38.207056], [13.309206, 38.207027]]]}, "properties": {"pai_nmr": "040", "bacino": "Area tra F. Oreto e Punta Raisi", "provincia": "PA", "comune": "Palermo", "localita": "SE Primo Pizzo", "sigla": "040-6PM-238", "pericolo": "n.c.", "n_dsg": 4, "data_dsg": "2026-01-09", "ngurs_dsg": 4, "dgurs_dsg": "2026-01-23", "cls_dissesti_attivita": "Attivo", "col_dissesti_attivita": "#ff0000", "bor_dissesti_attivita": "#000000", "cls_dissesti_tipologia": "Crollo e/o ribaltamento", "col_dissesti_tipologia": "#000000", "bor_dissesti_tipologia": "#000000", "pat_dissesti_tipologia": "pai-dissesti_tipologia-0", "sup_ha": 0.1139}}, {"type": "Feature", "geometry": {"type": "Polygon", "coordinates": [[[13.309023, 38.208417], [13.309022, 38.208477], [13.308982, 38.208453], [13.308966, 38.208366], [13.308951, 38.208288], [13.308942, 38.208174], [13.308944, 38.208078], [13.308941, 38.207982], [13.308885, 38.207899], [13.308839, 38.207853], [13.308859, 38.207753], [13.308873, 38.207666], [13.308874, 38.207593], [13.308859, 38.207492], [13.30885, 38.207374], [13.308858, 38.207292], [13.308939, 38.20732], [13.308937, 38.207398], [13.308964, 38.207476], [13.308968, 38.207544], [13.308955, 38.207631], [13.308923, 38.207735], [13.308916, 38.207804], [13.30895, 38.207841], [13.308994, 38.207905], [13.309034, 38.207965], [13.309043, 38.208043], [13.309031, 38.208098], [13.309, 38.20818], [13.308987, 38.208248], [13.309019, 38.208335], [13.309023, 38.208417]]]}, "properties": {"pai_nmr": "040", "bacino": "Area tra F. Oreto e Punta Raisi", "provincia": "PA", "comune": "Palermo", "localita": "SE Primo Pizzo", "sigla": "040-6PM-239", "pericolo": "n.c.", "n_dsg": 4, "data_dsg": "2026-01-09", "ngurs_dsg": 4, "dgurs_dsg": "2026-01-23", "cls_dissesti_attivita": "Attivo", "col_dissesti_attivita": "#ff0000", "bor_dissesti_attivita": "#000000", "cls_dissesti_tipologia": "Crollo e/o ribaltamento", "col_dissesti_tipologia": "#000000", "bor_dissesti_tipologia": "#000000", "pat_dissesti_tipologia": "pai-dissesti_tipologia-0", "sup_ha": 0.0886}}, {"type": "Feature", "geometry": {"type": "Polygon", "coordinates": [[[13.30888, 38.209333], [13.308813, 38.209241], [13.308758, 38.209126], [13.308748, 38.209044], [13.308756, 38.208952], [13.308758, 38.20887], [13.308754, 38.208792], [13.308808, 38.208707], [13.308856, 38.208634], [13.308881, 38.208571], [13.308902, 38.208639], [13.308882, 38.208762], [13.308874, 38.208863], [13.308853, 38.208995], [13.308861, 38.209169], [13.308888, 38.209269], [13.308915, 38.209334], [13.308914, 38.20937], [13.30888, 38.209333]]]}, "properties": {"pai_nmr": "040", "bacino": "Area tra F. Oreto e Punta Raisi", "provincia": "PA", "comune": "Palermo", "localita": "SE Primo Pizzo", "sigla": "040-6PM-240", "pericolo": "n.c.", "n_dsg": 4, "data_dsg": "2026-01-09", "ngurs_dsg": 4, "dgurs_dsg": "2026-01-23", "cls_dissesti_attivita": "Attivo", "col_dissesti_attivita": "#ff0000", "bor_dissesti_attivita": "#000000", "cls_dissesti_tipologia": "Crollo e/o ribaltamento", "col_dissesti_tipologia": "#000000", "bor_dissesti_tipologia": "#000000", "pat_dissesti_tipologia": "pai-dissesti_tipologia-0", "sup_ha": 0.0641}}, {"type": "Feature", "geometry": {"type": "Polygon", "coordinates": [[[13.309852, 38.209635], [13.309782, 38.209648], [13.309807, 38.209579], [13.309838, 38.209475], [13.309858, 38.20937], [13.309878, 38.209243], [13.309841, 38.2091], [13.30981, 38.20894], [13.309858, 38.20885], [13.309903, 38.208932], [13.309923, 38.209051], [13.309938, 38.209161], [13.309971, 38.209244], [13.310044, 38.209336], [13.310052, 38.209492], [13.309968, 38.209614], [13.309852, 38.209635]]]}, "properties": {"pai_nmr": "040", "bacino": "Area tra F. Oreto e Punta Raisi", "provincia": "PA", "comune": "Palermo", "localita": "La Barbera", "sigla": "040-6PM-241", "pericolo": "n.c.", "n_dsg": 4, "data_dsg": "2026-01-09", "ngurs_dsg": 4, "dgurs_dsg": "2026-01-23", "cls_dissesti_attivita": "Attivo", "col_dissesti_attivita": "#ff0000", "bor_dissesti_attivita": "#000000", "cls_dissesti_tipologia": "Crollo e/o ribaltamento", "col_dissesti_tipologia": "#000000", "bor_dissesti_tipologia": "#000000", "pat_dissesti_tipologia": "pai-dissesti_tipologia-0", "sup_ha": 0.0989}}, {"type": "Feature", "geometry": {"type": "Polygon", "coordinates": [[[13.307031, 38.210695], [13.306992, 38.210653], [13.307, 38.210562], [13.30706, 38.210453], [13.307108, 38.210381], [13.307156, 38.210304], [13.307221, 38.21025], [13.307309, 38.210187], [13.307379, 38.210166], [13.307361, 38.210206], [13.307278, 38.210292], [13.307165, 38.210409], [13.307099, 38.210522], [13.307062, 38.210609], [13.307056, 38.210645], [13.307031, 38.210695]]]}, "properties": {"pai_nmr": "040", "bacino": "Area tra F. Oreto e Punta Raisi", "provincia": "PA", "comune": "Palermo", "localita": "E Primo Pizzo", "sigla": "040-6PM-242", "pericolo": "n.c.", "n_dsg": 4, "data_dsg": "2026-01-09", "ngurs_dsg": 4, "dgurs_dsg": "2026-01-23", "cls_dissesti_attivita": "Attivo", "col_dissesti_attivita": "#ff0000", "bor_dissesti_attivita": "#000000", "cls_dissesti_tipologia": "Crollo e/o ribaltamento", "col_dissesti_tipologia": "#000000", "bor_dissesti_tipologia": "#000000", "pat_dissesti_tipologia": "pai-dissesti_tipologia-0", "sup_ha": 0.0396}}, {"type": "Feature", "geometry": {"type": "Polygon", "coordinates": [[[13.306556, 38.207165], [13.306435, 38.207105], [13.306281, 38.207064], [13.306144, 38.206998], [13.30599, 38.206964], [13.305901, 38.206943], [13.305821, 38.206904], [13.305805, 38.206871], [13.305855, 38.206827], [13.305968, 38.206893], [13.306121, 38.206934], [13.306194, 38.20698], [13.306331, 38.207014], [13.306428, 38.20706], [13.306508, 38.207119], [13.306556, 38.207165]]]}, "properties": {"pai_nmr": "040", "bacino": "Area tra F. Oreto e Punta Raisi", "provincia": "PA", "comune": "Palermo", "localita": "S Primo Pizzo", "sigla": "040-6PM-243", "pericolo": "n.c.", "n_dsg": 4, "data_dsg": "2026-01-09", "ngurs_dsg": 4, "dgurs_dsg": "2026-01-23", "cls_dissesti_attivita": "Attivo", "col_dissesti_attivita": "#ff0000", "bor_dissesti_attivita": "#000000", "cls_dissesti_tipologia": "Crollo e/o ribaltamento", "col_dissesti_tipologia": "#000000", "bor_dissesti_tipologia": "#000000", "pat_dissesti_tipologia": "pai-dissesti_tipologia-0", "sup_ha": 0.0402}}, {"type": "Feature", "geometry": {"type": "Polygon", "coordinates": [[[13.306848, 38.206704], [13.306812, 38.206703], [13.306719, 38.206669], [13.306653, 38.206634], [13.306581, 38.206619], [13.306509, 38.206608], [13.306461, 38.206572], [13.306453, 38.206529], [13.30649, 38.206513], [13.306532, 38.206511], [13.306565, 38.206521], [13.30664, 38.206546], [13.3067, 38.20657], [13.306772, 38.206603], [13.306804, 38.206627], [13.306891, 38.206659], [13.306969, 38.206691], [13.306959, 38.206715], [13.306899, 38.206716], [13.306848, 38.206704]]]}, "properties": {"pai_nmr": "040", "bacino": "Area tra F. Oreto e Punta Raisi", "provincia": "PA", "comune": "Palermo", "localita": "S Primo Pizzo", "sigla": "040-6PM-244", "pericolo": "n.c.", "n_dsg": 4, "data_dsg": "2026-01-09", "ngurs_dsg": 4, "dgurs_dsg": "2026-01-23", "cls_dissesti_attivita": "Attivo", "col_dissesti_attivita": "#ff0000", "bor_dissesti_attivita": "#000000", "cls_dissesti_tipologia": "Crollo e/o ribaltamento", "col_dissesti_tipologia": "#000000", "bor_dissesti_tipologia": "#000000", "pat_dissesti_tipologia": "pai-dissesti_tipologia-0", "sup_ha": 0.0375}}, {"type": "Feature", "geometry": {"type": "Polygon", "coordinates": [[[13.301102, 38.215391], [13.301067, 38.215345], [13.301011, 38.215299], [13.300967, 38.215272], [13.300895, 38.215232], [13.300841, 38.215206], [13.300777, 38.215158], [13.300723, 38.215125], [13.300662, 38.215093], [13.300593, 38.215047], [13.300518, 38.215001], [13.300426, 38.21494], [13.300386, 38.214888], [13.300314, 38.214848], [13.300245, 38.214796], [13.300166, 38.214735], [13.300131, 38.214667], [13.300096, 38.214615], [13.300039, 38.214585], [13.299954, 38.214541], [13.299933, 38.214473], [13.300004, 38.214429], [13.300079, 38.214449], [13.300146, 38.21447], [13.300226, 38.214469], [13.30031, 38.214477], [13.300441, 38.21453], [13.300533, 38.214582], [13.300568, 38.214653], [13.300587, 38.214725], [13.300573, 38.214786], [13.300602, 38.214873], [13.300681, 38.214948], [13.300749, 38.21502], [13.300831, 38.215093], [13.300918, 38.215158], [13.301013, 38.21519], [13.30109, 38.215241], [13.30112, 38.215301], [13.301137, 38.215348], [13.301131, 38.215385], [13.301102, 38.215391]]]}, "properties": {"pai_nmr": "040", "bacino": "Area tra F. Oreto e Punta Raisi", "provincia": "PA", "comune": "Palermo", "localita": "Pizzo della Sella", "sigla": "040-6PM-245", "pericolo": "n.c.", "n_dsg": 4, "data_dsg": "2026-01-09", "ngurs_dsg": 4, "dgurs_dsg": "2026-01-23", "cls_dissesti_attivita": "Attivo", "col_dissesti_attivita": "#ff0000", "bor_dissesti_attivita": "#000000", "cls_dissesti_tipologia": "Crollo e/o ribaltamento", "col_dissesti_tipologia": "#000000", "bor_dissesti_tipologia": "#000000", "pat_dissesti_tipologia": "pai-dissesti_tipologia-0", "sup_ha": 0.2488}}, {"type": "Feature", "geometry": {"type": "Polygon", "coordinates": [[[13.301569, 38.215535], [13.301517, 38.21542], [13.301439, 38.215276], [13.301359, 38.215174], [13.30129, 38.215059], [13.301193, 38.214922], [13.301167, 38.21485], [13.301241, 38.214815], [13.301375, 38.214903], [13.301444, 38.21504], [13.301515, 38.215127], [13.30155, 38.215177], [13.301575, 38.215263], [13.301609, 38.215357], [13.301606, 38.215464], [13.301622, 38.215572], [13.301569, 38.215535]]]}, "properties": {"pai_nmr": "040", "bacino": "Area tra F. Oreto e Punta Raisi", "provincia": "PA", "comune": "Palermo", "localita": "Pizzo della Sella", "sigla": "040-6PM-246", "pericolo": "n.c.", "n_dsg": 4, "data_dsg": "2026-01-09", "ngurs_dsg": 4, "dgurs_dsg": "2026-01-23", "cls_dissesti_attivita": "Attivo", "col_dissesti_attivita": "#ff0000", "bor_dissesti_attivita": "#000000", "cls_dissesti_tipologia": "Crollo e/o ribaltamento", "col_dissesti_tipologia": "#000000", "bor_dissesti_tipologia": "#000000", "pat_dissesti_tipologia": "pai-dissesti_tipologia-0", "sup_ha": 0.0996}}, {"type": "Feature", "geometry": {"type": "Polygon", "coordinates": [[[13.300092, 38.213532], [13.299975, 38.213488], [13.299848, 38.213479], [13.299704, 38.213448], [13.299604, 38.213468], [13.299521, 38.213545], [13.299356, 38.213593], [13.299385, 38.213529], [13.299486, 38.213481], [13.29955, 38.213431], [13.29966, 38.21339], [13.299778, 38.213392], [13.299986, 38.213431], [13.30013, 38.213461], [13.300174, 38.213533], [13.300092, 38.213532]]]}, "properties": {"pai_nmr": "040", "bacino": "Area tra F. Oreto e Punta Raisi", "provincia": "PA", "comune": "Palermo", "localita": "S di Pizzo Sella", "sigla": "040-6PM-099", "pericolo": "n.c.", "n_dsg": 4, "data_dsg": "2026-01-09", "ngurs_dsg": 4, "dgurs_dsg": "2026-01-23", "cls_dissesti_attivita": "Attivo", "col_dissesti_attivita": "#ff0000", "bor_dissesti_attivita": "#000000", "cls_dissesti_tipologia": "Crollo e/o ribaltamento", "col_dissesti_tipologia": "#000000", "bor_dissesti_tipologia": "#000000", "pat_dissesti_tipologia": "pai-dissesti_tipologia-0", "sup_ha": 0.0522}}, {"type": "Feature", "geometry": {"type": "Polygon", "coordinates": [[[13.299533, 38.208076], [13.299418, 38.20812], [13.299403, 38.208042], [13.299438, 38.207939], [13.299508, 38.207759], [13.299649, 38.207697], [13.299715, 38.207659], [13.299831, 38.207583], [13.299963, 38.207527], [13.300162, 38.207452], [13.30036, 38.207378], [13.30064, 38.207317], [13.300905, 38.207172], [13.301253, 38.206984], [13.30156, 38.206801], [13.301648, 38.20655], [13.301701, 38.206351], [13.301927, 38.20616], [13.302216, 38.206055], [13.302418, 38.206148], [13.302406, 38.206303], [13.302188, 38.206552], [13.302035, 38.206769], [13.301778, 38.206946], [13.301545, 38.207111], [13.301302, 38.207346], [13.301077, 38.207504], [13.30069, 38.207628], [13.300285, 38.207796], [13.299889, 38.207907], [13.299533, 38.208076]]]}, "properties": {"pai_nmr": "040", "bacino": "Area tra F. Oreto e Punta Raisi", "provincia": "PA", "comune": "Palermo", "localita": "Vallone Pizzo della Sella", "sigla": "040-6PM-098", "pericolo": "n.c.", "n_dsg": 4, "data_dsg": "2026-01-09", "ngurs_dsg": 4, "dgurs_dsg": "2026-01-23", "cls_dissesti_attivita": "Attivo", "col_dissesti_attivita": "#ff0000", "bor_dissesti_attivita": "#000000", "cls_dissesti_tipologia": "Crollo e/o ribaltamento", "col_dissesti_tipologia": "#000000", "bor_dissesti_tipologia": "#000000", "pat_dissesti_tipologia": "pai-dissesti_tipologia-0", "sup_ha": 1.1838}}, {"type": "Feature", "geometry": {"type": "Polygon", "coordinates": [[[13.305603, 38.204422], [13.305522, 38.204425], [13.305441, 38.204424], [13.305311, 38.204431], [13.30521, 38.204369], [13.305141, 38.204296], [13.305138, 38.204211], [13.305146, 38.204087], [13.305126, 38.20401], [13.305112, 38.203911], [13.30518, 38.203801], [13.30521, 38.203909], [13.305249, 38.204054], [13.305257, 38.204187], [13.305341, 38.20432], [13.305524, 38.204353], [13.30562, 38.20438], [13.305631, 38.204397], [13.305603, 38.204422]]]}, "properties": {"pai_nmr": "040", "bacino": "Area tra F. Oreto e Punta Raisi", "provincia": "PA", "comune": "Palermo", "localita": "Spinasanta", "sigla": "040-6PM-247", "pericolo": "n.c.", "n_dsg": 4, "data_dsg": "2026-01-09", "ngurs_dsg": 4, "dgurs_dsg": "2026-01-23", "cls_dissesti_attivita": "Attivo", "col_dissesti_attivita": "#ff0000", "bor_dissesti_attivita": "#000000", "cls_dissesti_tipologia": "Crollo e/o ribaltamento", "col_dissesti_tipologia": "#000000", "bor_dissesti_tipologia": "#000000", "pat_dissesti_tipologia": "pai-dissesti_tipologia-0", "sup_ha": 0.0882}}, {"type": "Feature", "geometry": {"type": "Polygon", "coordinates": [[[13.305005, 38.203189], [13.304917, 38.203226], [13.30482, 38.203233], [13.304659, 38.20318], [13.304524, 38.203139], [13.304428, 38.203082], [13.304382, 38.203005], [13.304275, 38.202931], [13.304174, 38.202848], [13.304149, 38.202758], [13.304252, 38.20276], [13.304358, 38.202864], [13.304555, 38.202969], [13.304721, 38.203057], [13.304936, 38.203132], [13.304989, 38.203146], [13.305005, 38.203189]]]}, "properties": {"pai_nmr": "040", "bacino": "Area tra F. Oreto e Punta Raisi", "provincia": "PA", "comune": "Palermo", "localita": "Spinasanta", "sigla": "040-6PM-248", "pericolo": "n.c.", "n_dsg": 4, "data_dsg": "2026-01-09", "ngurs_dsg": 4, "dgurs_dsg": "2026-01-23", "cls_dissesti_attivita": "Attivo", "col_dissesti_attivita": "#ff0000", "bor_dissesti_attivita": "#000000", "cls_dissesti_tipologia": "Crollo e/o ribaltamento", "col_dissesti_tipologia": "#000000", "bor_dissesti_tipologia": "#000000", "pat_dissesti_tipologia": "pai-dissesti_tipologia-0", "sup_ha": 0.1138}}, {"type": "Feature", "geometry": {"type": "Polygon", "coordinates": [[[13.303859, 38.202912], [13.303698, 38.202875], [13.303612, 38.20284], [13.30351, 38.202813], [13.303375, 38.202794], [13.303194, 38.202693], [13.303148, 38.202569], [13.303155, 38.202488], [13.303168, 38.202407], [13.30319, 38.20239], [13.303249, 38.202391], [13.303248, 38.202451], [13.303315, 38.202588], [13.303432, 38.202671], [13.303609, 38.202755], [13.303759, 38.202808], [13.303899, 38.20284], [13.303925, 38.202887], [13.303859, 38.202912]]]}, "properties": {"pai_nmr": "040", "bacino": "Area tra F. Oreto e Punta Raisi", "provincia": "PA", "comune": "Palermo", "localita": "Spinasanta", "sigla": "040-6PM-249", "pericolo": "n.c.", "n_dsg": 4, "data_dsg": "2026-01-09", "ngurs_dsg": 4, "dgurs_dsg": "2026-01-23", "cls_dissesti_attivita": "Attivo", "col_dissesti_attivita": "#ff0000", "bor_dissesti_attivita": "#000000", "cls_dissesti_tipologia": "Crollo e/o ribaltamento", "col_dissesti_tipologia": "#000000", "bor_dissesti_tipologia": "#000000", "pat_dissesti_tipologia": "pai-dissesti_tipologia-0", "sup_ha": 0.0999}}, {"type": "Feature", "geometry": {"type": "Polygon", "coordinates": [[[13.302299, 38.201622], [13.302282, 38.201652], [13.302208, 38.201604], [13.30215, 38.201539], [13.301947, 38.201433], [13.301824, 38.201351], [13.301752, 38.201222], [13.301613, 38.201121], [13.301492, 38.201013], [13.30138, 38.200918], [13.301241, 38.200843], [13.301049, 38.200746], [13.300917, 38.200625], [13.300864, 38.20056], [13.30072, 38.200464], [13.300743, 38.200422], [13.300834, 38.200449], [13.300925, 38.200497], [13.301004, 38.200571], [13.301089, 38.20064], [13.301191, 38.200701], [13.301287, 38.200758], [13.301453, 38.200825], [13.301571, 38.200865], [13.301655, 38.200981], [13.30176, 38.201115], [13.301839, 38.201184], [13.301906, 38.201313], [13.302034, 38.201401], [13.302211, 38.201467], [13.302301, 38.201533], [13.302299, 38.201622]]]}, "properties": {"pai_nmr": "040", "bacino": "Area tra F. Oreto e Punta Raisi", "provincia": "PA", "comune": "Palermo", "localita": "Spinasanta", "sigla": "040-6PM-250", "pericolo": "n.c.", "n_dsg": 4, "data_dsg": "2026-01-09", "ngurs_dsg": 4, "dgurs_dsg": "2026-01-23", "cls_dissesti_attivita": "Attivo", "col_dissesti_attivita": "#ff0000", "bor_dissesti_attivita": "#000000", "cls_dissesti_tipologia": "Crollo e/o ribaltamento", "col_dissesti_tipologia": "#000000", "bor_dissesti_tipologia": "#000000", "pat_dissesti_tipologia": "pai-dissesti_tipologia-0", "sup_ha": 0.1926}}, {"type": "Feature", "geometry": {"type": "Polygon", "coordinates": [[[13.36637, 38.153933], [13.366318, 38.15385], [13.36627, 38.153768], [13.366205, 38.153666], [13.366137, 38.153554], [13.366083, 38.153413], [13.366056, 38.153283], [13.366015, 38.153169], [13.365964, 38.153057], [13.365923, 38.152953], [13.365905, 38.152849], [13.365877, 38.152748], [13.365855, 38.152677], [13.365834, 38.152565], [13.365823, 38.152472], [13.365811, 38.152396], [13.365829, 38.152338], [13.365844, 38.152282], [13.36587, 38.152218], [13.36588, 38.152164], [13.365935, 38.152109], [13.365977, 38.152038], [13.365988, 38.151964], [13.366037, 38.15188], [13.366088, 38.151838], [13.366144, 38.151749], [13.366193, 38.15167], [13.366261, 38.151632], [13.366336, 38.15158], [13.366374, 38.151519], [13.366372, 38.151445], [13.366377, 38.151358], [13.366433, 38.151261], [13.366475, 38.15119], [13.36653, 38.151109], [13.366593, 38.151009], [13.366645, 38.150917], [13.366698, 38.15082], [13.366717, 38.150717], [13.366719, 38.150624], [13.366717, 38.150561], [13.366717, 38.150553], [13.366712, 38.150492], [13.366746, 38.150439], [13.366784, 38.150392], [13.366805, 38.15035], [13.366823, 38.150303], [13.366828, 38.150216], [13.366833, 38.150152], [13.366859, 38.150062], [13.366891, 38.149954], [13.366906, 38.149888], [13.366978, 38.149802], [13.367119, 38.149653], [13.367281, 38.149483], [13.367456, 38.149277], [13.367579, 38.149154], [13.367685, 38.149076], [13.367744, 38.149011], [13.367806, 38.148919], [13.367808, 38.148919], [13.367827, 38.148882], [13.367868, 38.148838], [13.36792, 38.14878], [13.367961, 38.148733], [13.36804, 38.148658], [13.368092, 38.148576], [13.36812, 38.148497], [13.368156, 38.148416], [13.368171, 38.148329], [13.368217, 38.148234], [13.368278, 38.148211], [13.368352, 38.148188], [13.368407, 38.148131], [13.368445, 38.148065], [13.36848, 38.147983], [13.368546, 38.14791], [13.368558, 38.147898], [13.368573, 38.147879], [13.368591, 38.147821], [13.368629, 38.147774], [13.368661, 38.147713], [13.368695, 38.147656], [13.368748, 38.147574], [13.368796, 38.147504], [13.368838, 38.147441], [13.368892, 38.147388], [13.368958, 38.147318], [13.369006, 38.147247], [13.369068, 38.147187], [13.369166, 38.14713], [13.369252, 38.147052], [13.369311, 38.146955], [13.369343, 38.146889], [13.369395, 38.146808], [13.369463, 38.14674], [13.369529, 38.146664], [13.369613, 38.14662], [13.369589, 38.146665], [13.369541, 38.146715], [13.369499, 38.146788], [13.369447, 38.146872], [13.369391, 38.146969], [13.369417, 38.147028], [13.369534, 38.14704], [13.36961, 38.147062], [13.369613, 38.147091], [13.369589, 38.147107], [13.369499, 38.147092], [13.36932, 38.147143], [13.369229, 38.147171], [13.369151, 38.147225], [13.369007, 38.147374], [13.368908, 38.147463], [13.368866, 38.147536], [13.368864, 38.147594], [13.368853, 38.14766], [13.368799, 38.147676], [13.36875, 38.147765], [13.368708, 38.147846], [13.368646, 38.147917], [13.368588, 38.147959], [13.36858, 38.14796], [13.368547, 38.147998], [13.368519, 38.148071], [13.368467, 38.148137], [13.368422, 38.148181], [13.368364, 38.148239], [13.368279, 38.148274], [13.368248, 38.14834], [13.368223, 38.148393], [13.368221, 38.148472], [13.368207, 38.148522], [13.368172, 38.14858], [13.3681, 38.148664], [13.368049, 38.148711], [13.368, 38.148795], [13.367965, 38.148847], [13.36791, 38.148913], [13.367865, 38.148954], [13.36785, 38.148959], [13.36782, 38.149041], [13.367778, 38.149109], [13.367656, 38.149163], [13.367544, 38.149244], [13.367468, 38.149338], [13.36743, 38.149414], [13.367381, 38.149493], [13.367316, 38.149547], [13.367248, 38.149589], [13.367173, 38.149643], [13.367125, 38.149709], [13.36709, 38.149769], [13.367028, 38.149837], [13.366976, 38.1499], [13.366941, 38.149992], [13.366912, 38.150068], [13.36691, 38.150145], [13.366915, 38.150235], [13.366913, 38.15032], [13.366899, 38.150378], [13.36684, 38.15047], [13.366809, 38.150547], [13.366807, 38.150573], [13.366809, 38.150655], [13.366793, 38.150758], [13.36676, 38.150868], [13.366724, 38.150971], [13.366686, 38.151053], [13.36662, 38.151155], [13.366571, 38.151247], [13.366519, 38.151331], [13.366486, 38.151423], [13.366474, 38.151523], [13.366439, 38.151602], [13.36638, 38.15167], [13.366305, 38.151727], [13.366224, 38.15179], [13.366141, 38.151879], [13.366072, 38.151986], [13.365996, 38.152088], [13.365953, 38.152191], [13.365945, 38.152246], [13.365945, 38.152252], [13.365929, 38.152395], [13.365913, 38.152498], [13.365931, 38.152601], [13.365951, 38.152731], [13.366005, 38.152859], [13.366027, 38.152936], [13.366078, 38.153053], [13.366126, 38.153162], [13.366144, 38.153266], [13.366169, 38.153345], [13.366206, 38.15346], [13.366248, 38.153537], [13.366306, 38.153657], [13.366384, 38.153751], [13.36645, 38.153826], [13.366535, 38.153885], [13.366539, 38.153902], [13.366571, 38.153947], [13.366644, 38.15399], [13.36673, 38.154041], [13.366786, 38.154082], [13.366906, 38.154123], [13.366959, 38.15414], [13.366988, 38.154185], [13.366947, 38.154206], [13.366891, 38.154194], [13.366834, 38.154159], [13.366778, 38.154132], [13.366738, 38.154102], [13.366682, 38.154088], [13.366595, 38.154071], [13.366532, 38.154041], [13.366486, 38.154004], [13.36646, 38.153981], [13.36637, 38.153933]]]}, "properties": {"pai_nmr": "040", "bacino": "Area tra F. Oreto e Punta Raisi", "provincia": "PA", "comune": "Palermo", "localita": "E Pizzo Grattarola", "sigla": "040-6PM-251", "pericolo": "n.c.", "n_dsg": 4, "data_dsg": "2026-01-09", "ngurs_dsg": 4, "dgurs_dsg": "2026-01-23", "cls_dissesti_attivita": "Attivo", "col_dissesti_attivita": "#ff0000", "bor_dissesti_attivita": "#000000", "cls_dissesti_tipologia": "Crollo e/o ribaltamento", "col_dissesti_tipologia": "#000000", "bor_dissesti_tipologia": "#000000", "pat_dissesti_tipologia": "pai-dissesti_tipologia-0", "sup_ha": 0.7574}}, {"type": "Feature", "geometry": {"type": "Polygon", "coordinates": [[[13.356954, 38.148866], [13.356991, 38.148902], [13.356959, 38.148935], [13.356894, 38.148959], [13.356839, 38.148966], [13.356746, 38.148967], [13.356617, 38.148993], [13.356449, 38.149034], [13.356339, 38.149058], [13.356219, 38.149099], [13.356071, 38.14912], [13.355917, 38.149123], [13.3558, 38.149162], [13.355696, 38.149214], [13.355611, 38.149294], [13.355456, 38.149358], [13.355352, 38.149404], [13.35519, 38.149476], [13.355034, 38.149516], [13.354906, 38.149538], [13.354863, 38.14957], [13.354845, 38.149651], [13.354842, 38.149661], [13.354834, 38.149737], [13.354816, 38.149813], [13.354808, 38.149894], [13.354772, 38.149914], [13.354711, 38.149925], [13.354682, 38.149907], [13.354683, 38.149862], [13.354684, 38.149803], [13.354712, 38.149728], [13.354739, 38.149667], [13.354763, 38.149601], [13.354774, 38.149551], [13.354801, 38.149475], [13.354914, 38.149446], [13.355021, 38.14942], [13.355127, 38.149396], [13.355247, 38.149339], [13.355338, 38.149285], [13.355448, 38.149261], [13.355514, 38.149209], [13.355637, 38.149132], [13.355767, 38.149085], [13.355867, 38.149051], [13.355935, 38.14904], [13.356038, 38.149031], [13.356157, 38.149022], [13.356302, 38.148991], [13.356412, 38.148952], [13.356564, 38.148914], [13.356664, 38.148905], [13.356764, 38.148894], [13.356883, 38.148868], [13.356954, 38.148866]]]}, "properties": {"pai_nmr": "040", "bacino": "Area tra F. Oreto e Punta Raisi", "provincia": "PA", "comune": "Palermo", "localita": "S Castello Utveggio", "sigla": "040-6PM-256", "pericolo": "n.c.", "n_dsg": 4, "data_dsg": "2026-01-09", "ngurs_dsg": 4, "dgurs_dsg": "2026-01-23", "cls_dissesti_attivita": "Attivo", "col_dissesti_attivita": "#ff0000", "bor_dissesti_attivita": "#000000", "cls_dissesti_tipologia": "Crollo e/o ribaltamento", "col_dissesti_tipologia": "#000000", "bor_dissesti_tipologia": "#000000", "pat_dissesti_tipologia": "pai-dissesti_tipologia-0", "sup_ha": 0.2438}}, {"type": "Feature", "geometry": {"type": "Polygon", "coordinates": [[[13.28679, 38.123937], [13.286921, 38.123838], [13.287046, 38.123768], [13.287163, 38.123624], [13.287152, 38.123504], [13.287126, 38.123383], [13.287181, 38.123253], [13.287303, 38.123135], [13.28753, 38.122954], [13.287688, 38.122871], [13.287838, 38.122779], [13.287906, 38.122713], [13.287975, 38.122575], [13.288006, 38.122463], [13.288008, 38.122373], [13.288053, 38.122314], [13.288118, 38.122337], [13.288115, 38.122472], [13.288079, 38.122606], [13.287962, 38.12274], [13.287841, 38.122858], [13.287653, 38.122956], [13.287475, 38.123051], [13.28735, 38.123158], [13.287194, 38.123321], [13.287191, 38.123425], [13.287222, 38.123523], [13.287191, 38.123635], [13.287108, 38.123762], [13.287044, 38.123851], [13.28691, 38.123909], [13.286842, 38.123979], [13.286793, 38.124027], [13.286746, 38.124], [13.286747, 38.123989], [13.286747, 38.123985], [13.286747, 38.123974], [13.28679, 38.123937]]]}, "properties": {"pai_nmr": "040", "bacino": "Area tra F. Oreto e Punta Raisi", "provincia": "PA", "comune": "Palermo", "localita": "E Cozzo Paladino", "sigla": "040-6PM-263", "pericolo": "n.c.", "n_dsg": 4, "data_dsg": "2026-01-09", "ngurs_dsg": 4, "dgurs_dsg": "2026-01-23", "cls_dissesti_attivita": "Attivo", "col_dissesti_attivita": "#ff0000", "bor_dissesti_attivita": "#000000", "cls_dissesti_tipologia": "Crollo e/o ribaltamento", "col_dissesti_tipologia": "#000000", "bor_dissesti_tipologia": "#000000", "pat_dissesti_tipologia": "pai-dissesti_tipologia-0", "sup_ha": 0.1393}}, {"type": "Feature", "geometry": {"type": "Polygon", "coordinates": [[[13.286498, 38.123438], [13.286549, 38.123311], [13.286671, 38.123156], [13.286821, 38.123034], [13.28697, 38.122969], [13.287172, 38.122826], [13.287273, 38.122771], [13.287356, 38.122671], [13.287447, 38.122638], [13.287517, 38.122699], [13.287419, 38.122814], [13.287256, 38.122905], [13.287058, 38.123041], [13.286923, 38.123125], [13.286817, 38.123221], [13.286729, 38.123329], [13.286679, 38.123429], [13.286615, 38.123515], [13.28651, 38.123569], [13.286434, 38.123549], [13.286455, 38.123482], [13.286498, 38.123438]]]}, "properties": {"pai_nmr": "040", "bacino": "Area tra F. Oreto e Punta Raisi", "provincia": "PA", "comune": "Palermo", "localita": "E Cozzo Paladino", "sigla": "040-6PM-134", "pericolo": "n.c.", "n_dsg": 4, "data_dsg": "2026-01-09", "ngurs_dsg": 4, "dgurs_dsg": "2026-01-23", "cls_dissesti_attivita": "Attivo", "col_dissesti_attivita": "#ff0000", "bor_dissesti_attivita": "#000000", "cls_dissesti_tipologia": "Crollo e/o ribaltamento", "col_dissesti_tipologia": "#000000", "bor_dissesti_tipologia": "#000000", "pat_dissesti_tipologia": "pai-dissesti_tipologia-0", "sup_ha": 0.1719}}, {"type": "Feature", "geometry": {"type": "Polygon", "coordinates": [[[13.341052, 38.1775], [13.341105, 38.177428], [13.341219, 38.177429], [13.341289, 38.177553], [13.341336, 38.177783], [13.341433, 38.178063], [13.341407, 38.1783], [13.341369, 38.178594], [13.34127, 38.178871], [13.341058, 38.179056], [13.341049, 38.179474], [13.340959, 38.179759], [13.34089, 38.180061], [13.34078, 38.180322], [13.340653, 38.180459], [13.340648, 38.180672], [13.340506, 38.180522], [13.340648, 38.180221], [13.340756, 38.180026], [13.340929, 38.17971], [13.340966, 38.179448], [13.340984, 38.179121], [13.341061, 38.178934], [13.341202, 38.178665], [13.341202, 38.178207], [13.341196, 38.17801], [13.341141, 38.177682], [13.341052, 38.1775]]]}, "properties": {"pai_nmr": "040", "bacino": "Area tra F. Oreto e Punta Raisi", "provincia": "PA", "comune": "Palermo", "localita": "Pizzo di Mezzo", "sigla": "040-6PM-264", "pericolo": "n.c.", "n_dsg": 4, "data_dsg": "2026-01-09", "ngurs_dsg": 4, "dgurs_dsg": "2026-01-23", "cls_dissesti_attivita": "Attivo", "col_dissesti_attivita": "#ff0000", "bor_dissesti_attivita": "#000000", "cls_dissesti_tipologia": "Crollo e/o ribaltamento", "col_dissesti_tipologia": "#000000", "bor_dissesti_tipologia": "#000000", "pat_dissesti_tipologia": "pai-dissesti_tipologia-0", "sup_ha": 0.4463}}, {"type": "Feature", "geometry": {"type": "Polygon", "coordinates": [[[13.351144, 38.166441], [13.351117, 38.166473], [13.351093, 38.166412], [13.351095, 38.16634], [13.351168, 38.166245], [13.351349, 38.166131], [13.351529, 38.166037], [13.351653, 38.165931], [13.351777, 38.165848], [13.351876, 38.165737], [13.351983, 38.165703], [13.351971, 38.165783], [13.351898, 38.165866], [13.351769, 38.165956], [13.351645, 38.166059], [13.35147, 38.166165], [13.351316, 38.166223], [13.351238, 38.166322], [13.351144, 38.166441]]]}, "properties": {"pai_nmr": "040", "bacino": "Area tra F. Oreto e Punta Raisi", "provincia": "PA", "comune": "Palermo", "localita": "SW Santuario di Santa Rosalia", "sigla": "040-6PM-265", "pericolo": "n.c.", "n_dsg": 4, "data_dsg": "2026-01-09", "ngurs_dsg": 4, "dgurs_dsg": "2026-01-23", "cls_dissesti_attivita": "Attivo", "col_dissesti_attivita": "#ff0000", "bor_dissesti_attivita": "#000000", "cls_dissesti_tipologia": "Crollo e/o ribaltamento", "col_dissesti_tipologia": "#000000", "bor_dissesti_tipologia": "#000000", "pat_dissesti_tipologia": "pai-dissesti_tipologia-0", "sup_ha": 0.0953}}, {"type": "Feature", "geometry": {"type": "Polygon", "coordinates": [[[13.343749, 38.173892], [13.343729, 38.173955], [13.343693, 38.173873], [13.343673, 38.173747], [13.343648, 38.173614], [13.343596, 38.173429], [13.343525, 38.173247], [13.343477, 38.173113], [13.34348, 38.172977], [13.343501, 38.172852], [13.343547, 38.172708], [13.343569, 38.172531], [13.343596, 38.172388], [13.343627, 38.172241], [13.343687, 38.172087], [13.343722, 38.172179], [13.343668, 38.172319], [13.343602, 38.172532], [13.343575, 38.172709], [13.343534, 38.17287], [13.343531, 38.173007], [13.343541, 38.173147], [13.343622, 38.173292], [13.343675, 38.173437], [13.343732, 38.173615], [13.343729, 38.173752], [13.343749, 38.173892]]]}, "properties": {"pai_nmr": "040", "bacino": "Area tra F. Oreto e Punta Raisi", "provincia": "PA", "comune": "Palermo", "localita": "W Pizzo Rufuliata", "sigla": "040-6PM-266", "pericolo": "n.c.", "n_dsg": 4, "data_dsg": "2026-01-09", "ngurs_dsg": 4, "dgurs_dsg": "2026-01-23", "cls_dissesti_attivita": "Attivo", "col_dissesti_attivita": "#ff0000", "bor_dissesti_attivita": "#000000", "cls_dissesti_tipologia": "Crollo e/o ribaltamento", "col_dissesti_tipologia": "#000000", "bor_dissesti_tipologia": "#000000", "pat_dissesti_tipologia": "pai-dissesti_tipologia-0", "sup_ha": 0.0981}}, {"type": "Feature", "geometry": {"type": "Polygon", "coordinates": [[[13.356857, 38.189924], [13.356863, 38.189948], [13.35682, 38.189972], [13.356693, 38.189946], [13.356585, 38.189892], [13.356539, 38.189776], [13.356476, 38.189613], [13.35642, 38.189416], [13.356351, 38.189228], [13.356289, 38.189036], [13.356233, 38.188834], [13.356283, 38.188739], [13.356362, 38.188754], [13.356395, 38.188879], [13.356447, 38.189014], [13.356481, 38.189129], [13.356503, 38.189235], [13.356531, 38.189336], [13.356551, 38.189489], [13.356597, 38.189605], [13.356685, 38.18974], [13.35678, 38.189837], [13.356857, 38.189924]]]}, "properties": {"pai_nmr": "040", "bacino": "Area tra F. Oreto e Punta Raisi", "provincia": "PA", "comune": "Palermo", "localita": "N Grotte dell'Addaura", "sigla": "040-6PM-267", "pericolo": "n.c.", "n_dsg": 4, "data_dsg": "2026-01-09", "ngurs_dsg": 4, "dgurs_dsg": "2026-01-23", "cls_dissesti_attivita": "Attivo", "col_dissesti_attivita": "#ff0000", "bor_dissesti_attivita": "#000000", "cls_dissesti_tipologia": "Crollo e/o ribaltamento", "col_dissesti_tipologia": "#000000", "bor_dissesti_tipologia": "#000000", "pat_dissesti_tipologia": "pai-dissesti_tipologia-0", "sup_ha": 0.1791}}, {"type": "Feature", "geometry": {"type": "Polygon", "coordinates": [[[13.357008, 38.189941], [13.356948, 38.189921], [13.356889, 38.189834], [13.356801, 38.189699], [13.35675, 38.18954], [13.356735, 38.189434], [13.35679, 38.189406], [13.356838, 38.189431], [13.356835, 38.189536], [13.356845, 38.189647], [13.356904, 38.189705], [13.357006, 38.189792], [13.35707, 38.189884], [13.357008, 38.189941]]]}, "properties": {"pai_nmr": "040", "bacino": "Area tra F. Oreto e Punta Raisi", "provincia": "PA", "comune": "Palermo", "localita": "N Grotte dell'Addaura", "sigla": "040-6PM-268", "pericolo": "n.c.", "n_dsg": 4, "data_dsg": "2026-01-09", "ngurs_dsg": 4, "dgurs_dsg": "2026-01-23", "cls_dissesti_attivita": "Attivo", "col_dissesti_attivita": "#ff0000", "bor_dissesti_attivita": "#000000", "cls_dissesti_tipologia": "Crollo e/o ribaltamento", "col_dissesti_tipologia": "#000000", "bor_dissesti_tipologia": "#000000", "pat_dissesti_tipologia": "pai-dissesti_tipologia-0", "sup_ha": 0.0514}}, {"type": "Feature", "geometry": {"type": "Polygon", "coordinates": [[[13.267637, 38.200676], [13.267647, 38.200608], [13.267655, 38.200591], [13.267694, 38.20055], [13.267701, 38.200551], [13.267729, 38.20056], [13.267747, 38.200568], [13.267749, 38.200585], [13.267759, 38.200602], [13.267771, 38.200618], [13.26777, 38.200621], [13.267793, 38.200653], [13.267808, 38.2007], [13.267784, 38.200734], [13.267751, 38.200741], [13.267751, 38.200742], [13.267742, 38.200744], [13.267731, 38.200746], [13.267712, 38.200748], [13.267701, 38.20075], [13.267686, 38.20075], [13.267677, 38.20075], [13.267668, 38.20075], [13.267663, 38.200747], [13.26766, 38.200746], [13.267648, 38.200734], [13.26764, 38.200717], [13.267638, 38.200715], [13.267637, 38.200676]]]}, "properties": {"pai_nmr": "040", "bacino": "Area tra F. Oreto e Punta Raisi", "provincia": "PA", "comune": "Palermo", "localita": "La Montagnola", "sigla": "040-6PM-160", "pericolo": "n.c.", "n_dsg": 4, "data_dsg": "2026-01-09", "ngurs_dsg": 4, "dgurs_dsg": "2026-01-23", "cls_dissesti_attivita": "Attivo", "col_dissesti_attivita": "#ff0000", "bor_dissesti_attivita": "#000000", "cls_dissesti_tipologia": "Crollo e/o ribaltamento", "col_dissesti_tipologia": "#000000", "bor_dissesti_tipologia": "#000000", "pat_dissesti_tipologia": "pai-dissesti_tipologia-0", "sup_ha": 0.0241}}, {"type": "Feature", "geometry": {"type": "Polygon", "coordinates": [[[13.428526, 38.065099], [13.428425, 38.064895], [13.428411, 38.0648], [13.428415, 38.064657], [13.428492, 38.06455], [13.428556, 38.064373], [13.428635, 38.06423], [13.428742, 38.064148], [13.428774, 38.064089], [13.428817, 38.064149], [13.428738, 38.064339], [13.428689, 38.064505], [13.4287, 38.064708], [13.428787, 38.064876], [13.428921, 38.064962], [13.428873, 38.06508], [13.428766, 38.065126], [13.428526, 38.065099]]]}, "properties": {"pai_nmr": "038", "bacino": "Area tra F. Eleuterio e F. Oreto", "provincia": "PA", "comune": "Palermo", "localita": "Case S. Spirito", "sigla": "038-6PM-013", "pericolo": "n.c.", "n_dsg": 4, "data_dsg": "2026-01-09", "ngurs_dsg": 4, "dgurs_dsg": "2026-01-23", "cls_dissesti_attivita": "Attivo", "col_dissesti_attivita": "#ff0000", "bor_dissesti_attivita": "#000000", "cls_dissesti_tipologia": "Crollo e/o ribaltamento", "col_dissesti_tipologia": "#000000", "bor_dissesti_tipologia": "#000000", "pat_dissesti_tipologia": "pai-dissesti_tipologia-0", "sup_ha": 0.2494}}, {"type": "Feature", "geometry": {"type": "Polygon", "coordinates": [[[13.427211, 38.064748], [13.427145, 38.064765], [13.427069, 38.064788], [13.426988, 38.064811], [13.426874, 38.064816], [13.426787, 38.064787], [13.426711, 38.064759], [13.426643, 38.064731], [13.426625, 38.06468], [13.426638, 38.064626], [13.426662, 38.064578], [13.426692, 38.064563], [13.426734, 38.064567], [13.426749, 38.064594], [13.42674, 38.064648], [13.426774, 38.064688], [13.426822, 38.064719], [13.42691, 38.064732], [13.426982, 38.064748], [13.427073, 38.06474], [13.427135, 38.064735], [13.427188, 38.06473], [13.427211, 38.064748]]]}, "properties": {"pai_nmr": "038", "bacino": "Area tra F. Eleuterio e F. Oreto", "provincia": "PA", "comune": "Palermo", "localita": "Case S. Spirito", "sigla": "038-6PM-014", "pericolo": "n.c.", "n_dsg": 4, "data_dsg": "2026-01-09", "ngurs_dsg": 4, "dgurs_dsg": "2026-01-23", "cls_dissesti_attivita": "Attivo", "col_dissesti_attivita": "#ff0000", "bor_dissesti_attivita": "#000000", "cls_dissesti_tipologia": "Crollo e/o ribaltamento", "col_dissesti_tipologia": "#000000", "bor_dissesti_tipologia": "#000000", "pat_dissesti_tipologia": "pai-dissesti_tipologia-0", "sup_ha": 0.0474}}, {"type": "Feature", "geometry": {"type": "Polygon", "coordinates": [[[13.414378, 38.059984], [13.41437, 38.06007], [13.414261, 38.060116], [13.414115, 38.060148], [13.413965, 38.060127], [13.413894, 38.060078], [13.413755, 38.060057], [13.413732, 38.060009], [13.413812, 38.059943], [13.413939, 38.059935], [13.414131, 38.059967], [13.414228, 38.059968], [13.414325, 38.059936], [13.414378, 38.059984]]]}, "properties": {"pai_nmr": "038", "bacino": "Area tra F. Eleuterio e F. Oreto", "provincia": "PA", "comune": "Palermo", "localita": "Nord Portella Larga", "sigla": "038-6PM-015", "pericolo": "n.c.", "n_dsg": 4, "data_dsg": "2026-01-09", "ngurs_dsg": 4, "dgurs_dsg": "2026-01-23", "cls_dissesti_attivita": "Attivo", "col_dissesti_attivita": "#ff0000", "bor_dissesti_attivita": "#000000", "cls_dissesti_tipologia": "Crollo e/o ribaltamento", "col_dissesti_tipologia": "#000000", "bor_dissesti_tipologia": "#000000", "pat_dissesti_tipologia": "pai-dissesti_tipologia-0", "sup_ha": 0.094}}, {"type": "Feature", "geometry": {"type": "Polygon", "coordinates": [[[13.414396, 38.061372], [13.414543, 38.061312], [13.414647, 38.061228], [13.414902, 38.061164], [13.415047, 38.061147], [13.415239, 38.06116], [13.415268, 38.061231], [13.415314, 38.061337], [13.415385, 38.061419], [13.415358, 38.061524], [13.415171, 38.061535], [13.415051, 38.061505], [13.414925, 38.06148], [13.414791, 38.061521], [13.414682, 38.061533], [13.414562, 38.061522], [13.414479, 38.061483], [13.414413, 38.061444], [13.414396, 38.061372]]]}, "properties": {"pai_nmr": "038", "bacino": "Area tra F. Eleuterio e F. Oreto", "provincia": "PA", "comune": "Palermo", "localita": "W Burrone e discesa dei Mille", "sigla": "038-6PM-016", "pericolo": "n.c.", "n_dsg": 4, "data_dsg": "2026-01-09", "ngurs_dsg": 4, "dgurs_dsg": "2026-01-23", "cls_dissesti_attivita": "Attivo", "col_dissesti_attivita": "#ff0000", "bor_dissesti_attivita": "#000000", "cls_dissesti_tipologia": "Crollo e/o ribaltamento", "col_dissesti_tipologia": "#000000", "bor_dissesti_tipologia": "#000000", "pat_dissesti_tipologia": "pai-dissesti_tipologia-0", "sup_ha": 0.27}}, {"type": "Feature", "geometry": {"type": "Polygon", "coordinates": [[[13.411614, 38.059865], [13.412024, 38.059739], [13.412128, 38.059788], [13.412232, 38.059885], [13.412123, 38.060027], [13.411745, 38.060093], [13.41153, 38.060245], [13.411258, 38.060301], [13.41088, 38.06032], [13.410687, 38.060198], [13.410492, 38.060124], [13.410207, 38.060048], [13.409893, 38.059949], [13.409651, 38.059969], [13.409468, 38.060074], [13.409345, 38.06018], [13.409176, 38.060332], [13.40901, 38.060354], [13.408936, 38.06027], [13.409212, 38.060083], [13.409471, 38.059955], [13.409624, 38.059826], [13.410002, 38.059783], [13.410408, 38.059848], [13.410648, 38.059911], [13.410843, 38.059962], [13.411069, 38.059977], [13.411401, 38.059945], [13.411614, 38.059865]]]}, "properties": {"pai_nmr": "038", "bacino": "Area tra F. Eleuterio e F. Oreto", "provincia": "PA", "comune": "Palermo", "localita": "Nord Portella Larga", "sigla": "038-6PM-017", "pericolo": "n.c.", "n_dsg": 4, "data_dsg": "2026-01-09", "ngurs_dsg": 4, "dgurs_dsg": "2026-01-23", "cls_dissesti_attivita": "Attivo", "col_dissesti_attivita": "#ff0000", "bor_dissesti_attivita": "#000000", "cls_dissesti_tipologia": "Crollo e/o ribaltamento", "col_dissesti_tipologia": "#000000", "bor_dissesti_tipologia": "#000000", "pat_dissesti_tipologia": "pai-dissesti_tipologia-0", "sup_ha": 0.7793}}, {"type": "Feature", "geometry": {"type": "Polygon", "coordinates": [[[13.407817, 38.061137], [13.408063, 38.061075], [13.408081, 38.061066], [13.408125, 38.061059], [13.408152, 38.061062], [13.408195, 38.061079], [13.40824, 38.061107], [13.408277, 38.061144], [13.408313, 38.061186], [13.40834, 38.061222], [13.408338, 38.061276], [13.408403, 38.061301], [13.408456, 38.06127], [13.408487, 38.061251], [13.408515, 38.061225], [13.408569, 38.061183], [13.408811, 38.061162], [13.409082, 38.061201], [13.409352, 38.061253], [13.409471, 38.061326], [13.409349, 38.061372], [13.409124, 38.061345], [13.408823, 38.061329], [13.408596, 38.061374], [13.408441, 38.061527], [13.408183, 38.061642], [13.408019, 38.061545], [13.407931, 38.061424], [13.407797, 38.061363], [13.407588, 38.061282], [13.407512, 38.061264], [13.407481, 38.061229], [13.407426, 38.061166], [13.407394, 38.061131], [13.407366, 38.061059], [13.407444, 38.060953], [13.407548, 38.061], [13.407564, 38.060978], [13.407817, 38.061137]]]}, "properties": {"pai_nmr": "038", "bacino": "Area tra F. Eleuterio e F. Oreto", "provincia": "PA", "comune": "Palermo", "localita": "Vallone del Porco", "sigla": "038-6PM-018", "pericolo": "n.c.", "n_dsg": 4, "data_dsg": "2026-01-09", "ngurs_dsg": 4, "dgurs_dsg": "2026-01-23", "cls_dissesti_attivita": "Attivo", "col_dissesti_attivita": "#ff0000", "bor_dissesti_attivita": "#000000", "cls_dissesti_tipologia": "Crollo e/o ribaltamento", "col_dissesti_tipologia": "#000000", "bor_dissesti_tipologia": "#000000", "pat_dissesti_tipologia": "pai-dissesti_tipologia-0", "sup_ha": 0.5051}}, {"type": "Feature", "geometry": {"type": "Polygon", "coordinates": [[[13.388475, 38.071684], [13.388474, 38.07168], [13.388471, 38.071683], [13.388379, 38.071768], [13.388303, 38.071839], [13.388132, 38.071997], [13.388078, 38.072019], [13.3879, 38.072091], [13.387679, 38.07213], [13.387511, 38.072114], [13.387504, 38.072037], [13.38764, 38.071878], [13.387863, 38.071784], [13.387963, 38.071659], [13.387991, 38.071569], [13.387976, 38.071436], [13.387979, 38.071297], [13.388017, 38.071193], [13.388098, 38.071117], [13.387923, 38.071073], [13.387826, 38.071044], [13.387667, 38.071041], [13.387571, 38.071019], [13.387608, 38.070929], [13.387732, 38.070917], [13.38774, 38.070918], [13.387877, 38.070937], [13.387899, 38.07094], [13.388022, 38.070942], [13.388208, 38.07093], [13.38835, 38.070918], [13.388412, 38.070891], [13.388643, 38.070839], [13.388962, 38.070752], [13.389131, 38.070685], [13.38938, 38.070625], [13.389468, 38.070627], [13.389511, 38.070683], [13.389492, 38.070759], [13.389461, 38.070789], [13.389267, 38.070823], [13.389132, 38.070865], [13.388838, 38.07095], [13.388746, 38.071034], [13.38867, 38.071087], [13.388628, 38.071161], [13.388599, 38.071236], [13.388538, 38.071344], [13.388543, 38.071353], [13.388701, 38.071398], [13.388973, 38.071457], [13.389039, 38.07166], [13.389027, 38.071835], [13.389192, 38.071955], [13.389312, 38.072111], [13.389505, 38.072155], [13.389641, 38.07238], [13.389638, 38.072527], [13.38966, 38.072722], [13.389827, 38.072794], [13.390186, 38.072911], [13.390253, 38.073058], [13.390277, 38.073177], [13.390327, 38.073332], [13.390349, 38.073506], [13.390417, 38.073619], [13.390344, 38.073757], [13.390296, 38.073775], [13.390271, 38.073861], [13.390356, 38.074023], [13.390281, 38.07421], [13.390075, 38.074333], [13.390003, 38.074416], [13.389883, 38.074658], [13.389687, 38.074739], [13.38944, 38.074715], [13.389239, 38.074621], [13.389083, 38.074515], [13.388891, 38.074421], [13.388689, 38.074356], [13.388577, 38.07425], [13.38858, 38.074245], [13.388559, 38.074235], [13.388554, 38.074082], [13.388502, 38.074032], [13.388407, 38.073933], [13.38833, 38.0738], [13.388121, 38.073685], [13.388045, 38.073545], [13.387924, 38.073438], [13.387829, 38.073339], [13.387716, 38.073233], [13.387622, 38.07312], [13.387411, 38.073068], [13.387253, 38.073045], [13.387095, 38.072973], [13.387009, 38.07286], [13.386914, 38.072782], [13.386642, 38.072723], [13.386447, 38.072755], [13.386138, 38.072772], [13.385908, 38.072797], [13.385705, 38.072794], [13.385519, 38.072805], [13.385264, 38.072753], [13.385302, 38.072663], [13.385453, 38.072581], [13.385658, 38.072507], [13.3858, 38.072453], [13.385934, 38.07242], [13.386181, 38.072396], [13.386367, 38.072356], [13.386472, 38.072407], [13.386735, 38.072501], [13.386832, 38.072502], [13.387001, 38.072421], [13.387153, 38.072339], [13.387321, 38.072334], [13.387506, 38.072337], [13.38762, 38.072387], [13.387778, 38.072424], [13.387704, 38.072563], [13.387482, 38.07263], [13.3874, 38.072747], [13.387679, 38.072898], [13.387791, 38.073025], [13.38814, 38.073225], [13.388393, 38.073361], [13.388521, 38.073579], [13.38871, 38.073819], [13.388846, 38.074023], [13.388862, 38.074128], [13.38888, 38.074212], [13.388947, 38.074255], [13.389087, 38.07434], [13.389348, 38.074469], [13.389552, 38.074465], [13.389678, 38.07432], [13.389698, 38.074244], [13.389701, 38.074091], [13.389801, 38.073966], [13.389891, 38.073863], [13.389946, 38.073766], [13.389956, 38.073742], [13.389958, 38.073634], [13.3899, 38.073472], [13.389921, 38.073312], [13.389793, 38.073129], [13.389681, 38.072995], [13.389558, 38.072944], [13.389446, 38.072852], [13.389183, 38.072737], [13.389035, 38.072644], [13.388978, 38.072469], [13.388875, 38.072293], [13.38873, 38.072103], [13.38862, 38.071871], [13.388622, 38.071759], [13.388553, 38.071696], [13.388475, 38.071684]]]}, "properties": {"pai_nmr": "038", "bacino": "Area tra F. Eleuterio e F. Oreto", "provincia": "PA", "comune": "Palermo", "localita": "Monte Grifone", "sigla": "038-6PM-019", "pericolo": "n.c.", "n_dsg": 4, "data_dsg": "2026-01-09", "ngurs_dsg": 4, "dgurs_dsg": "2026-01-23", "cls_dissesti_attivita": "Attivo", "col_dissesti_attivita": "#ff0000", "bor_dissesti_attivita": "#000000", "cls_dissesti_tipologia": "Crollo e/o ribaltamento", "col_dissesti_tipologia": "#000000", "bor_dissesti_tipologia": "#000000", "pat_dissesti_tipologia": "pai-dissesti_tipologia-0", "sup_ha": 4.0795}}, {"type": "Feature", "geometry": {"type": "Polygon", "coordinates": [[[13.385864, 38.08746], [13.385978, 38.087407], [13.385984, 38.0874], [13.386082, 38.087381], [13.386175, 38.087378], [13.386268, 38.087371], [13.38635, 38.087385], [13.386353, 38.087393], [13.386354, 38.087393], [13.386508, 38.08743], [13.38665, 38.087502], [13.386801, 38.087644], [13.386808, 38.087653], [13.386819, 38.087656], [13.386865, 38.08771], [13.386941, 38.087772], [13.387006, 38.087871], [13.387054, 38.087998], [13.387067, 38.08805], [13.387069, 38.088055], [13.387114, 38.08813], [13.387119, 38.088136], [13.387154, 38.088175], [13.387272, 38.088193], [13.387334, 38.088214], [13.387307, 38.088271], [13.387208, 38.088278], [13.387111, 38.08826], [13.386974, 38.088156], [13.386972, 38.088149], [13.386945, 38.088042], [13.38683, 38.087893], [13.386772, 38.087887], [13.386742, 38.087842], [13.386651, 38.087809], [13.38655, 38.087718], [13.386443, 38.087635], [13.386292, 38.087686], [13.386214, 38.087717], [13.386093, 38.087805], [13.386066, 38.087858], [13.386054, 38.087871], [13.386021, 38.087939], [13.385964, 38.088034], [13.385808, 38.088093], [13.385641, 38.088108], [13.385476, 38.088106], [13.38546, 38.088109], [13.385436, 38.088106], [13.385298, 38.088084], [13.385194, 38.088119], [13.38514, 38.088208], [13.385093, 38.088307], [13.385086, 38.088322], [13.384998, 38.088345], [13.384842, 38.088363], [13.384771, 38.088326], [13.384726, 38.088268], [13.384735, 38.088254], [13.384825, 38.088229], [13.384938, 38.088218], [13.385037, 38.088183], [13.385065, 38.088097], [13.38508, 38.088054], [13.385092, 38.08802], [13.385104, 38.08798], [13.385162, 38.087911], [13.385235, 38.087892], [13.385318, 38.087876], [13.385453, 38.087837], [13.385546, 38.087818], [13.38565, 38.087783], [13.385671, 38.087747], [13.385691, 38.087689], [13.385677, 38.087682], [13.38571, 38.087625], [13.38578, 38.087491], [13.385786, 38.087486], [13.385786, 38.087483], [13.385864, 38.08746]]]}, "properties": {"pai_nmr": "038", "bacino": "Area tra F. Eleuterio e F. Oreto", "provincia": "PA", "comune": "Palermo", "localita": "Pizzo Crocchio", "sigla": "038-6PM-020", "pericolo": "n.c.", "n_dsg": 4, "data_dsg": "2026-01-09", "ngurs_dsg": 4, "dgurs_dsg": "2026-01-23", "cls_dissesti_attivita": "Attivo", "col_dissesti_attivita": "#ff0000", "bor_dissesti_attivita": "#000000", "cls_dissesti_tipologia": "Crollo e/o ribaltamento", "col_dissesti_tipologia": "#000000", "bor_dissesti_tipologia": "#000000", "pat_dissesti_tipologia": "pai-dissesti_tipologia-0", "sup_ha": 0.7202}}, {"type": "Feature", "geometry": {"type": "Polygon", "coordinates": [[[13.385559, 38.087515], [13.385539, 38.087617], [13.385392, 38.087628], [13.385273, 38.087531], [13.385189, 38.087414], [13.385045, 38.087303], [13.384919, 38.087137], [13.384903, 38.087061], [13.384861, 38.086999], [13.384768, 38.08693], [13.384666, 38.08686], [13.384493, 38.086844], [13.384321, 38.086814], [13.384156, 38.086833], [13.384027, 38.086803], [13.383828, 38.086787], [13.383769, 38.086738], [13.383761, 38.086704], [13.383771, 38.08665], [13.383822, 38.086684], [13.383899, 38.086726], [13.384114, 38.08677], [13.384192, 38.086778], [13.384382, 38.08676], [13.384547, 38.086763], [13.384667, 38.086778], [13.384839, 38.086842], [13.384933, 38.086864], [13.385, 38.086981], [13.385058, 38.087098], [13.385142, 38.087188], [13.385321, 38.087306], [13.385458, 38.08737], [13.3855, 38.087452], [13.385559, 38.087515]]]}, "properties": {"pai_nmr": "038", "bacino": "Area tra F. Eleuterio e F. Oreto", "provincia": "PA", "comune": "Palermo", "localita": "Fondo Brasca", "sigla": "038-6PM-043", "pericolo": "n.c.", "n_dsg": 4, "data_dsg": "2026-01-09", "ngurs_dsg": 4, "dgurs_dsg": "2026-01-23", "cls_dissesti_attivita": "Attivo", "col_dissesti_attivita": "#ff0000", "bor_dissesti_attivita": "#000000", "cls_dissesti_tipologia": "Crollo e/o ribaltamento", "col_dissesti_tipologia": "#000000", "bor_dissesti_tipologia": "#000000", "pat_dissesti_tipologia": "pai-dissesti_tipologia-0", "sup_ha": 0.2352}}, {"type": "Feature", "geometry": {"type": "Polygon", "coordinates": [[[13.383058, 38.086845], [13.383042, 38.086769], [13.383018, 38.086694], [13.382967, 38.086666], [13.382855, 38.08661], [13.382788, 38.086527], [13.382842, 38.086445], [13.382843, 38.08637], [13.38275, 38.086273], [13.382666, 38.08619], [13.382598, 38.086121], [13.382514, 38.086024], [13.382446, 38.085948], [13.382353, 38.085892], [13.382171, 38.085883], [13.382051, 38.085861], [13.382156, 38.085794], [13.382337, 38.085803], [13.382543, 38.085867], [13.38262, 38.085937], [13.382661, 38.086019], [13.382771, 38.086144], [13.382898, 38.086255], [13.382982, 38.086359], [13.383058, 38.086462], [13.383107, 38.086586], [13.383251, 38.086697], [13.383397, 38.086747], [13.383396, 38.086795], [13.383395, 38.086822], [13.383395, 38.086863], [13.383316, 38.08691], [13.383211, 38.086936], [13.383131, 38.08703], [13.383036, 38.087049], [13.383038, 38.08694], [13.383061, 38.086912], [13.383058, 38.086845]]]}, "properties": {"pai_nmr": "038", "bacino": "Area tra F. Eleuterio e F. Oreto", "provincia": "PA", "comune": "Palermo", "localita": "Fondo Brasca", "sigla": "038-6PM-044", "pericolo": "n.c.", "n_dsg": 4, "data_dsg": "2026-01-09", "ngurs_dsg": 4, "dgurs_dsg": "2026-01-23", "cls_dissesti_attivita": "Attivo", "col_dissesti_attivita": "#ff0000", "bor_dissesti_attivita": "#000000", "cls_dissesti_tipologia": "Crollo e/o ribaltamento", "col_dissesti_tipologia": "#000000", "bor_dissesti_tipologia": "#000000", "pat_dissesti_tipologia": "pai-dissesti_tipologia-0", "sup_ha": 0.2699}}, {"type": "Feature", "geometry": {"type": "Polygon", "coordinates": [[[13.383726, 38.086157], [13.383578, 38.086095], [13.383421, 38.086028], [13.38335, 38.085956], [13.383311, 38.085876], [13.383295, 38.085783], [13.383269, 38.085726], [13.383235, 38.085643], [13.383172, 38.085624], [13.383094, 38.085634], [13.382941, 38.085607], [13.382821, 38.085519], [13.382819, 38.085397], [13.382871, 38.085323], [13.382886, 38.085252], [13.382919, 38.085191], [13.382979, 38.085117], [13.383048, 38.085079], [13.383051, 38.085125], [13.383018, 38.085225], [13.382979, 38.085332], [13.382945, 38.085453], [13.38297, 38.085539], [13.383105, 38.085552], [13.383183, 38.085506], [13.383332, 38.085512], [13.383439, 38.085588], [13.383551, 38.085676], [13.383567, 38.085769], [13.383605, 38.08588], [13.383685, 38.085957], [13.383811, 38.085994], [13.383869, 38.086006], [13.383923, 38.086035], [13.383983, 38.086104], [13.384025, 38.086129], [13.384042, 38.08618], [13.384041, 38.086215], [13.384031, 38.086269], [13.383972, 38.086279], [13.383922, 38.086264], [13.383887, 38.086213], [13.383872, 38.086206], [13.383726, 38.086157]]]}, "properties": {"pai_nmr": "038", "bacino": "Area tra F. Eleuterio e F. Oreto", "provincia": "PA", "comune": "Palermo", "localita": "Pizzo Sferravecchio", "sigla": "038-6PM-045", "pericolo": "n.c.", "n_dsg": 4, "data_dsg": "2026-01-09", "ngurs_dsg": 4, "dgurs_dsg": "2026-01-23", "cls_dissesti_attivita": "Attivo", "col_dissesti_attivita": "#ff0000", "bor_dissesti_attivita": "#000000", "cls_dissesti_tipologia": "Crollo e/o ribaltamento", "col_dissesti_tipologia": "#000000", "bor_dissesti_tipologia": "#000000", "pat_dissesti_tipologia": "pai-dissesti_tipologia-0", "sup_ha": 0.2937}}, {"type": "Feature", "geometry": {"type": "Polygon", "coordinates": [[[13.382326, 38.084353], [13.382326, 38.084353], [13.382346, 38.084479], [13.382303, 38.084596], [13.382305, 38.0847], [13.382329, 38.084836], [13.382391, 38.084905], [13.382489, 38.084957], [13.382494, 38.084971], [13.382412, 38.084988], [13.382339, 38.084994], [13.382258, 38.084968], [13.382192, 38.08492], [13.382212, 38.084835], [13.382186, 38.084756], [13.382148, 38.084634], [13.382147, 38.084476], [13.382166, 38.084419], [13.382181, 38.08438], [13.382159, 38.084348], [13.382111, 38.084321], [13.382065, 38.084296], [13.382061, 38.084291], [13.382021, 38.084242], [13.381905, 38.084183], [13.38186, 38.08415], [13.38183, 38.084086], [13.38184, 38.084057], [13.381885, 38.084047], [13.381975, 38.08407], [13.382087, 38.0841], [13.382127, 38.084165], [13.382153, 38.084229], [13.382208, 38.084275], [13.382228, 38.084291], [13.382317, 38.084344], [13.382326, 38.08435], [13.382326, 38.084353]]]}, "properties": {"pai_nmr": "038", "bacino": "Area tra F. Eleuterio e F. Oreto", "provincia": "PA", "comune": "Palermo", "localita": "Pizzo Sferravecchio", "sigla": "038-6PM-046", "pericolo": "n.c.", "n_dsg": 4, "data_dsg": "2026-01-09", "ngurs_dsg": 4, "dgurs_dsg": "2026-01-23", "cls_dissesti_attivita": "Attivo", "col_dissesti_attivita": "#ff0000", "bor_dissesti_attivita": "#000000", "cls_dissesti_tipologia": "Crollo e/o ribaltamento", "col_dissesti_tipologia": "#000000", "bor_dissesti_tipologia": "#000000", "pat_dissesti_tipologia": "pai-dissesti_tipologia-0", "sup_ha": 0.1574}}, {"type": "Feature", "geometry": {"type": "Polygon", "coordinates": [[[13.38127, 38.082492], [13.38118, 38.082469], [13.381036, 38.082438], [13.380918, 38.08243], [13.38083, 38.082342], [13.38085, 38.082257], [13.380852, 38.08215], [13.380855, 38.082021], [13.380884, 38.081957], [13.380963, 38.082058], [13.380952, 38.082144], [13.380922, 38.082279], [13.380929, 38.082351], [13.381028, 38.082381], [13.381127, 38.082397], [13.381191, 38.082383], [13.38122, 38.082305], [13.381301, 38.082335], [13.38127, 38.082492]]]}, "properties": {"pai_nmr": "038", "bacino": "Area tra F. Eleuterio e F. Oreto", "provincia": "PA", "comune": "Palermo", "localita": "Cimitero di S.Maria di Gesù", "sigla": "038-6PM-047", "pericolo": "n.c.", "n_dsg": 4, "data_dsg": "2026-01-09", "ngurs_dsg": 4, "dgurs_dsg": "2026-01-23", "cls_dissesti_attivita": "Attivo", "col_dissesti_attivita": "#ff0000", "bor_dissesti_attivita": "#000000", "cls_dissesti_tipologia": "Crollo e/o ribaltamento", "col_dissesti_tipologia": "#000000", "bor_dissesti_tipologia": "#000000", "pat_dissesti_tipologia": "pai-dissesti_tipologia-0", "sup_ha": 0.0674}}, {"type": "Feature", "geometry": {"type": "Polygon", "coordinates": [[[13.380221, 38.081225], [13.380093, 38.081266], [13.379931, 38.081221], [13.379807, 38.081119], [13.379728, 38.08099], [13.379766, 38.080911], [13.379857, 38.08092], [13.379946, 38.080971], [13.37999, 38.081043], [13.380033, 38.081115], [13.380122, 38.081195], [13.380221, 38.081225]]]}, "properties": {"pai_nmr": "038", "bacino": "Area tra F. Eleuterio e F. Oreto", "provincia": "PA", "comune": "Palermo", "localita": "Cimitero di S.Maria di Gesù", "sigla": "038-6PM-048", "pericolo": "n.c.", "n_dsg": 4, "data_dsg": "2026-01-09", "ngurs_dsg": 4, "dgurs_dsg": "2026-01-23", "cls_dissesti_attivita": "Attivo", "col_dissesti_attivita": "#ff0000", "bor_dissesti_attivita": "#000000", "cls_dissesti_tipologia": "Crollo e/o ribaltamento", "col_dissesti_tipologia": "#000000", "bor_dissesti_tipologia": "#000000", "pat_dissesti_tipologia": "pai-dissesti_tipologia-0", "sup_ha": 0.0704}}, {"type": "Feature", "geometry": {"type": "Polygon", "coordinates": [[[13.380677, 38.081496], [13.380643, 38.081388], [13.380628, 38.081245], [13.380703, 38.081096], [13.380797, 38.080961], [13.38098, 38.080878], [13.380969, 38.080971], [13.380876, 38.081048], [13.380792, 38.081176], [13.38077, 38.081354], [13.380723, 38.08144], [13.380677, 38.081496]]]}, "properties": {"pai_nmr": "038", "bacino": "Area tra F. Eleuterio e F. Oreto", "provincia": "PA", "comune": "Palermo", "localita": "Cimitero di S.Maria di Gesù", "sigla": "038-6PM-049", "pericolo": "n.c.", "n_dsg": 4, "data_dsg": "2026-01-09", "ngurs_dsg": 4, "dgurs_dsg": "2026-01-23", "cls_dissesti_attivita": "Attivo", "col_dissesti_attivita": "#ff0000", "bor_dissesti_attivita": "#000000", "cls_dissesti_tipologia": "Crollo e/o ribaltamento", "col_dissesti_tipologia": "#000000", "bor_dissesti_tipologia": "#000000", "pat_dissesti_tipologia": "pai-dissesti_tipologia-0", "sup_ha": 0.0726}}, {"type": "Feature", "geometry": {"type": "Polygon", "coordinates": [[[13.380959, 38.080585], [13.380823, 38.080611], [13.380696, 38.080602], [13.380608, 38.080515], [13.380491, 38.080456], [13.380402, 38.080384], [13.380431, 38.080298], [13.380497, 38.080213], [13.380534, 38.080149], [13.380569, 38.080229], [13.380548, 38.080364], [13.380672, 38.080488], [13.380825, 38.080511], [13.380924, 38.080513], [13.380959, 38.080585]]]}, "properties": {"pai_nmr": "038", "bacino": "Area tra F. Eleuterio e F. Oreto", "provincia": "PA", "comune": "Palermo", "localita": "Cimitero di S.Maria di Gesù", "sigla": "038-6PM-050", "pericolo": "n.c.", "n_dsg": 4, "data_dsg": "2026-01-09", "ngurs_dsg": 4, "dgurs_dsg": "2026-01-23", "cls_dissesti_attivita": "Attivo", "col_dissesti_attivita": "#ff0000", "bor_dissesti_attivita": "#000000", "cls_dissesti_tipologia": "Crollo e/o ribaltamento", "col_dissesti_tipologia": "#000000", "bor_dissesti_tipologia": "#000000", "pat_dissesti_tipologia": "pai-dissesti_tipologia-0", "sup_ha": 0.0669}}, {"type": "Feature", "geometry": {"type": "Polygon", "coordinates": [[[13.378116, 38.076401], [13.378389, 38.076333], [13.378753, 38.076243], [13.378997, 38.076127], [13.37927, 38.076048], [13.379621, 38.075862], [13.379822, 38.075674], [13.380021, 38.07551], [13.380012, 38.075259], [13.380195, 38.075142], [13.380362, 38.075097], [13.380557, 38.075147], [13.380328, 38.075287], [13.380173, 38.075452], [13.380123, 38.075666], [13.379952, 38.075902], [13.379751, 38.076126], [13.3796, 38.076159], [13.379433, 38.076181], [13.379236, 38.07625], [13.378962, 38.076341], [13.378794, 38.076434], [13.378581, 38.076551], [13.378368, 38.076619], [13.378234, 38.076546], [13.378115, 38.076485], [13.378116, 38.076401]]]}, "properties": {"pai_nmr": "038", "bacino": "Area tra F. Eleuterio e F. Oreto", "provincia": "PA", "comune": "Palermo", "localita": "C.da Sferrovecchio", "sigla": "038-6PM-051", "pericolo": "n.c.", "n_dsg": 4, "data_dsg": "2026-01-09", "ngurs_dsg": 4, "dgurs_dsg": "2026-01-23", "cls_dissesti_attivita": "Attivo", "col_dissesti_attivita": "#ff0000", "bor_dissesti_attivita": "#000000", "cls_dissesti_tipologia": "Crollo e/o ribaltamento", "col_dissesti_tipologia": "#000000", "bor_dissesti_tipologia": "#000000", "pat_dissesti_tipologia": "pai-dissesti_tipologia-0", "sup_ha": 0.5866}}, {"type": "Feature", "geometry": {"type": "Polygon", "coordinates": [[[13.382448, 38.075555], [13.382416, 38.075674], [13.382357, 38.075613], [13.382361, 38.075434], [13.382334, 38.075255], [13.382246, 38.075182], [13.382099, 38.074978], [13.382104, 38.074763], [13.382226, 38.074693], [13.382255, 38.074765], [13.382252, 38.074885], [13.382295, 38.074992], [13.382413, 38.075101], [13.382562, 38.075175], [13.382546, 38.075246], [13.382448, 38.075555]]]}, "properties": {"pai_nmr": "038", "bacino": "Area tra F. Eleuterio e F. Oreto", "provincia": "PA", "comune": "Palermo", "localita": "C.da Sferrovecchio", "sigla": "038-6PM-052", "pericolo": "n.c.", "n_dsg": 4, "data_dsg": "2026-01-09", "ngurs_dsg": 4, "dgurs_dsg": "2026-01-23", "cls_dissesti_attivita": "Attivo", "col_dissesti_attivita": "#ff0000", "bor_dissesti_attivita": "#000000", "cls_dissesti_tipologia": "Crollo e/o ribaltamento", "col_dissesti_tipologia": "#000000", "bor_dissesti_tipologia": "#000000", "pat_dissesti_tipologia": "pai-dissesti_tipologia-0", "sup_ha": 0.1522}}, {"type": "Feature", "geometry": {"type": "Polygon", "coordinates": [[[13.383492, 38.070991], [13.383513, 38.070951], [13.383561, 38.070877], [13.383576, 38.070858], [13.383655, 38.070752], [13.383687, 38.070724], [13.383688, 38.070724], [13.38373, 38.070702], [13.383775, 38.070662], [13.383812, 38.07061], [13.383875, 38.070558], [13.38391, 38.070518], [13.383933, 38.070467], [13.383941, 38.070415], [13.38397, 38.070399], [13.384022, 38.070368], [13.384069, 38.070334], [13.384086, 38.070299], [13.384107, 38.070264], [13.384117, 38.070257], [13.384236, 38.070212], [13.384433, 38.070141], [13.384559, 38.070147], [13.38462, 38.070247], [13.384618, 38.070346], [13.384473, 38.070429], [13.384329, 38.070469], [13.38422, 38.070534], [13.384219, 38.070537], [13.384145, 38.070625], [13.384084, 38.07066], [13.384083, 38.070661], [13.384037, 38.070687], [13.38402, 38.070697], [13.383906, 38.070744], [13.383759, 38.070856], [13.383742, 38.070949], [13.383736, 38.070977], [13.383641, 38.071098], [13.38364, 38.071099], [13.383587, 38.071195], [13.383679, 38.071237], [13.38375, 38.071155], [13.383763, 38.07114], [13.383846, 38.071109], [13.383939, 38.071126], [13.383931, 38.07114], [13.383906, 38.071183], [13.383811, 38.071295], [13.383676, 38.071383], [13.383612, 38.071405], [13.38352, 38.071438], [13.383386, 38.071444], [13.383305, 38.071394], [13.383401, 38.071265], [13.383444, 38.071168], [13.383478, 38.071107], [13.383495, 38.070995], [13.383492, 38.070991]]]}, "properties": {"pai_nmr": "038", "bacino": "Area tra F. Eleuterio e F. Oreto", "provincia": "PA", "comune": "Palermo", "localita": "E di Pizzo Forbice", "sigla": "038-6PM-053", "pericolo": "n.c.", "n_dsg": 4, "data_dsg": "2026-01-09", "ngurs_dsg": 4, "dgurs_dsg": "2026-01-23", "cls_dissesti_attivita": "Attivo", "col_dissesti_attivita": "#ff0000", "bor_dissesti_attivita": "#000000", "cls_dissesti_tipologia": "Crollo e/o ribaltamento", "col_dissesti_tipologia": "#000000", "bor_dissesti_tipologia": "#000000", "pat_dissesti_tipologia": "pai-dissesti_tipologia-0", "sup_ha": 0.4195}}, {"type": "Feature", "geometry": {"type": "Polygon", "coordinates": [[[13.378446, 38.070235], [13.378415, 38.070282], [13.378391, 38.070319], [13.378308, 38.070322], [13.378212, 38.070373], [13.378141, 38.070348], [13.378053, 38.070323], [13.377995, 38.070252], [13.377961, 38.070191], [13.377921, 38.070111], [13.377799, 38.070039], [13.37767, 38.069962], [13.377583, 38.069891], [13.377513, 38.069843], [13.377533, 38.06974], [13.377582, 38.069666], [13.37756, 38.069581], [13.377591, 38.069488], [13.377564, 38.069394], [13.377566, 38.0693], [13.377661, 38.069274], [13.377714, 38.069316], [13.377706, 38.069396], [13.37771, 38.069476], [13.377762, 38.069561], [13.377801, 38.06965], [13.377829, 38.069716], [13.377905, 38.069792], [13.378027, 38.069869], [13.378156, 38.069941], [13.378154, 38.07003], [13.3782, 38.070087], [13.378235, 38.070143], [13.378352, 38.070182], [13.378446, 38.070235]]]}, "properties": {"pai_nmr": "038", "bacino": "Area tra F. Eleuterio e F. Oreto", "provincia": "PA", "comune": "Palermo", "localita": "E di Pizzo Forbice", "sigla": "038-6PM-055", "pericolo": "n.c.", "n_dsg": 4, "data_dsg": "2026-01-09", "ngurs_dsg": 4, "dgurs_dsg": "2026-01-23", "cls_dissesti_attivita": "Attivo", "col_dissesti_attivita": "#ff0000", "bor_dissesti_attivita": "#000000", "cls_dissesti_tipologia": "Crollo e/o ribaltamento", "col_dissesti_tipologia": "#000000", "bor_dissesti_tipologia": "#000000", "pat_dissesti_tipologia": "pai-dissesti_tipologia-0", "sup_ha": 0.3146}}, {"type": "Feature", "geometry": {"type": "Polygon", "coordinates": [[[13.379363, 38.070009], [13.379333, 38.070055], [13.379279, 38.070073], [13.379214, 38.070073], [13.379125, 38.070057], [13.379091, 38.069987], [13.379081, 38.069907], [13.379053, 38.069822], [13.37902, 38.069751], [13.379021, 38.0697], [13.37907, 38.069602], [13.379059, 38.069555], [13.379131, 38.069533], [13.379171, 38.069604], [13.379145, 38.069725], [13.379183, 38.069857], [13.379246, 38.06997], [13.379287, 38.06997], [13.379363, 38.070009]]]}, "properties": {"pai_nmr": "038", "bacino": "Area tra F. Eleuterio e F. Oreto", "provincia": "PA", "comune": "Palermo", "localita": "E di Pizzo Forbice", "sigla": "038-6PM-056", "pericolo": "n.c.", "n_dsg": 4, "data_dsg": "2026-01-09", "ngurs_dsg": 4, "dgurs_dsg": "2026-01-23", "cls_dissesti_attivita": "Attivo", "col_dissesti_attivita": "#ff0000", "bor_dissesti_attivita": "#000000", "cls_dissesti_tipologia": "Crollo e/o ribaltamento", "col_dissesti_tipologia": "#000000", "bor_dissesti_tipologia": "#000000", "pat_dissesti_tipologia": "pai-dissesti_tipologia-0", "sup_ha": 0.0718}}, {"type": "Feature", "geometry": {"type": "Polygon", "coordinates": [[[13.379234, 38.071791], [13.379115, 38.071729], [13.379119, 38.071574], [13.379136, 38.071479], [13.379288, 38.07141], [13.379515, 38.071377], [13.379697, 38.071344], [13.379909, 38.071275], [13.380049, 38.071098], [13.380041, 38.070776], [13.380194, 38.070659], [13.380359, 38.070733], [13.38037, 38.070888], [13.380504, 38.070997], [13.38044, 38.07114], [13.38021, 38.071303], [13.380013, 38.071384], [13.37989, 38.071478], [13.379692, 38.071547], [13.379464, 38.071651], [13.379234, 38.071791]]]}, "properties": {"pai_nmr": "038", "bacino": "Area tra F. Eleuterio e F. Oreto", "provincia": "PA", "comune": "Palermo", "localita": "E di Pizzo Forbice", "sigla": "038-6PM-054", "pericolo": "n.c.", "n_dsg": 4, "data_dsg": "2026-01-09", "ngurs_dsg": 4, "dgurs_dsg": "2026-01-23", "cls_dissesti_attivita": "Attivo", "col_dissesti_attivita": "#ff0000", "bor_dissesti_attivita": "#000000", "cls_dissesti_tipologia": "Crollo e/o ribaltamento", "col_dissesti_tipologia": "#000000", "bor_dissesti_tipologia": "#000000", "pat_dissesti_tipologia": "pai-dissesti_tipologia-0", "sup_ha": 0.435}}, {"type": "Feature", "geometry": {"type": "Polygon", "coordinates": [[[13.382358, 38.06964], [13.382266, 38.069746], [13.381976, 38.069861], [13.381782, 38.069787], [13.381712, 38.069548], [13.381549, 38.069426], [13.381522, 38.069259], [13.381586, 38.069117], [13.381737, 38.069095], [13.381887, 38.069145], [13.381956, 38.06942], [13.382102, 38.069636], [13.382224, 38.06959], [13.382358, 38.06964]]]}, "properties": {"pai_nmr": "038", "bacino": "Area tra F. Eleuterio e F. Oreto", "provincia": "PA", "comune": "Palermo", "localita": "E di Pizzo Forbice", "sigla": "038-6PM-057", "pericolo": "n.c.", "n_dsg": 4, "data_dsg": "2026-01-09", "ngurs_dsg": 4, "dgurs_dsg": "2026-01-23", "cls_dissesti_attivita": "Attivo", "col_dissesti_attivita": "#ff0000", "bor_dissesti_attivita": "#000000", "cls_dissesti_tipologia": "Crollo e/o ribaltamento", "col_dissesti_tipologia": "#000000", "bor_dissesti_tipologia": "#000000", "pat_dissesti_tipologia": "pai-dissesti_tipologia-0", "sup_ha": 0.2845}}, {"type": "Feature", "geometry": {"type": "Polygon", "coordinates": [[[13.374224, 38.07196], [13.374359, 38.071997], [13.374494, 38.072023], [13.374676, 38.071954], [13.374859, 38.071861], [13.375011, 38.07184], [13.375009, 38.071923], [13.374855, 38.072064], [13.374702, 38.072145], [13.37446, 38.072178], [13.374342, 38.072081], [13.374237, 38.072043], [13.374224, 38.07196]]]}, "properties": {"pai_nmr": "038", "bacino": "Area tra F. Eleuterio e F. Oreto", "provincia": "PA", "comune": "Palermo", "localita": "N di Pizzo Forbice", "sigla": "038-6PM-058", "pericolo": "n.c.", "n_dsg": 4, "data_dsg": "2026-01-09", "ngurs_dsg": 4, "dgurs_dsg": "2026-01-23", "cls_dissesti_attivita": "Attivo", "col_dissesti_attivita": "#ff0000", "bor_dissesti_attivita": "#000000", "cls_dissesti_tipologia": "Crollo e/o ribaltamento", "col_dissesti_tipologia": "#000000", "bor_dissesti_tipologia": "#000000", "pat_dissesti_tipologia": "pai-dissesti_tipologia-0", "sup_ha": 0.1156}}, {"type": "Feature", "geometry": {"type": "Polygon", "coordinates": [[[13.369395, 38.071887], [13.369428, 38.071903], [13.369431, 38.071905], [13.369458, 38.071949], [13.369479, 38.071978], [13.369527, 38.072009], [13.369567, 38.072022], [13.369594, 38.072011], [13.369622, 38.071997], [13.369652, 38.072006], [13.369661, 38.072025], [13.369669, 38.072063], [13.369666, 38.072124], [13.369673, 38.072159], [13.369707, 38.072168], [13.369772, 38.072138], [13.369814, 38.072094], [13.369855, 38.072048], [13.369887, 38.07199], [13.369931, 38.071925], [13.369992, 38.071892], [13.370056, 38.071909], [13.370069, 38.07194], [13.370063, 38.07197], [13.370018, 38.07199], [13.369967, 38.072002], [13.369934, 38.072027], [13.369905, 38.072075], [13.369884, 38.072122], [13.369846, 38.072201], [13.369825, 38.072241], [13.369777, 38.072277], [13.369764, 38.072292], [13.369756, 38.072321], [13.369756, 38.072357], [13.369755, 38.072396], [13.369744, 38.072428], [13.369713, 38.072455], [13.369662, 38.072464], [13.369608, 38.072466], [13.369559, 38.072469], [13.369515, 38.07247], [13.369473, 38.072471], [13.369433, 38.072453], [13.369407, 38.07243], [13.369424, 38.072417], [13.369429, 38.072413], [13.369431, 38.072411], [13.369456, 38.072402], [13.369484, 38.072399], [13.369498, 38.072394], [13.369515, 38.072366], [13.369524, 38.072353], [13.369526, 38.072328], [13.369527, 38.072307], [13.369518, 38.072269], [13.369517, 38.072267], [13.369516, 38.072265], [13.369488, 38.072232], [13.369485, 38.072225], [13.369445, 38.072185], [13.369405, 38.072149], [13.369387, 38.072127], [13.369326, 38.072092], [13.369314, 38.072051], [13.369309, 38.071999], [13.369294, 38.071948], [13.369297, 38.071904], [13.36934, 38.071877], [13.369395, 38.071887]]]}, "properties": {"pai_nmr": "038", "bacino": "Area tra F. Eleuterio e F. Oreto", "provincia": "PA", "comune": "Palermo", "altri_comu": "Belmonte Mezzagno", "localita": "NW di Pizzo Forbice", "sigla": "038-6PM-059", "pericolo": "n.c.", "n_dsg": 4, "data_dsg": "2026-01-09", "ngurs_dsg": 4, "dgurs_dsg": "2026-01-23", "cls_dissesti_attivita": "Attivo", "col_dissesti_attivita": "#ff0000", "bor_dissesti_attivita": "#000000", "cls_dissesti_tipologia": "Crollo e/o ribaltamento", "col_dissesti_tipologia": "#000000", "bor_dissesti_tipologia": "#000000", "pat_dissesti_tipologia": "pai-dissesti_tipologia-0", "sup_ha": 0.1817}}, {"type": "Feature", "geometry": {"type": "Polygon", "coordinates": [[[13.36672, 38.068356], [13.36673, 38.068342], [13.366765, 38.068335], [13.366803, 38.06834], [13.366818, 38.068359], [13.366825, 38.068402], [13.366836, 38.068445], [13.366837, 38.068447], [13.366865, 38.068504], [13.366872, 38.068513], [13.366918, 38.068565], [13.366949, 38.068615], [13.366988, 38.068655], [13.367029, 38.068692], [13.367024, 38.06874], [13.367007, 38.068792], [13.366984, 38.068836], [13.366985, 38.068875], [13.366995, 38.0689], [13.367007, 38.068907], [13.367008, 38.068912], [13.367027, 38.068918], [13.367052, 38.068926], [13.367053, 38.068926], [13.367116, 38.068942], [13.36715, 38.068968], [13.367167, 38.069008], [13.367158, 38.06903], [13.36711, 38.069047], [13.367055, 38.069075], [13.367022, 38.069109], [13.366977, 38.069139], [13.366911, 38.06915], [13.366859, 38.069151], [13.366817, 38.069122], [13.366794, 38.069088], [13.366765, 38.069047], [13.366744, 38.068997], [13.366755, 38.068961], [13.366771, 38.068941], [13.366824, 38.068913], [13.366825, 38.068911], [13.366826, 38.068911], [13.366856, 38.068899], [13.366883, 38.06888], [13.366889, 38.06885], [13.366892, 38.068817], [13.366873, 38.06878], [13.366837, 38.068761], [13.3668, 38.068738], [13.36676, 38.068709], [13.366752, 38.0687], [13.366729, 38.068674], [13.366723, 38.068639], [13.366722, 38.068632], [13.366717, 38.068597], [13.366701, 38.068554], [13.366674, 38.068517], [13.366651, 38.06849], [13.366647, 38.068465], [13.366658, 38.068443], [13.366664, 38.068425], [13.366691, 38.068396], [13.366705, 38.068385], [13.36671, 38.068372], [13.36672, 38.068356]]]}, "properties": {"pai_nmr": "038", "bacino": "Area tra F. Eleuterio e F. Oreto", "provincia": "PA", "comune": "Palermo", "localita": "W Scala dei Muli", "sigla": "038-6PM-060", "pericolo": "n.c.", "n_dsg": 4, "data_dsg": "2026-01-09", "ngurs_dsg": 4, "dgurs_dsg": "2026-01-23", "cls_dissesti_attivita": "Attivo", "col_dissesti_attivita": "#ff0000", "bor_dissesti_attivita": "#000000", "cls_dissesti_tipologia": "Crollo e/o ribaltamento", "col_dissesti_tipologia": "#000000", "bor_dissesti_tipologia": "#000000", "pat_dissesti_tipologia": "pai-dissesti_tipologia-0", "sup_ha": 0.1716}}, {"type": "Feature", "geometry": {"type": "Polygon", "coordinates": [[[13.366917, 38.065635], [13.366978, 38.065568], [13.366979, 38.065565], [13.367009, 38.065533], [13.36708, 38.065506], [13.367085, 38.065509], [13.367124, 38.065526], [13.367125, 38.065527], [13.367126, 38.065527], [13.367214, 38.06558], [13.367433, 38.065654], [13.367547, 38.065711], [13.367666, 38.065788], [13.367745, 38.065833], [13.367717, 38.06594], [13.367642, 38.065966], [13.367521, 38.065992], [13.36734, 38.065982], [13.367165, 38.065991], [13.367039, 38.066005], [13.366914, 38.065976], [13.36672, 38.065938], [13.366666, 38.065889], [13.366583, 38.065781], [13.36659, 38.065658], [13.366512, 38.065578], [13.366488, 38.065499], [13.366489, 38.065494], [13.36652, 38.065455], [13.366525, 38.065447], [13.366611, 38.065441], [13.36662, 38.065441], [13.366647, 38.065464], [13.366689, 38.065501], [13.366692, 38.0655], [13.366763, 38.065562], [13.366846, 38.065654], [13.366917, 38.065635]]]}, "properties": {"pai_nmr": "038", "bacino": "Area tra F. Eleuterio e F. Oreto", "provincia": "PA", "comune": "Palermo", "localita": "Serra Chiaranda", "sigla": "038-6PM-061", "pericolo": "n.c.", "n_dsg": 4, "data_dsg": "2026-01-09", "ngurs_dsg": 4, "dgurs_dsg": "2026-01-23", "cls_dissesti_attivita": "Attivo", "col_dissesti_attivita": "#ff0000", "bor_dissesti_attivita": "#000000", "cls_dissesti_tipologia": "Crollo e/o ribaltamento", "col_dissesti_tipologia": "#000000", "bor_dissesti_tipologia": "#000000", "pat_dissesti_tipologia": "pai-dissesti_tipologia-0", "sup_ha": 0.4083}}, {"type": "Feature", "geometry": {"type": "Polygon", "coordinates": [[[13.367981, 38.064694], [13.367982, 38.064639], [13.368068, 38.064608], [13.368117, 38.064645], [13.368171, 38.064697], [13.368281, 38.064722], [13.368396, 38.064728], [13.368476, 38.064757], [13.368469, 38.064848], [13.368417, 38.064934], [13.368355, 38.064993], [13.368224, 38.065019], [13.368203, 38.065058], [13.368202, 38.065118], [13.368161, 38.065181], [13.368064, 38.065251], [13.367972, 38.065333], [13.36789, 38.065391], [13.367833, 38.065457], [13.367827, 38.065541], [13.367755, 38.065583], [13.367635, 38.065601], [13.367576, 38.065525], [13.367503, 38.065453], [13.367413, 38.065408], [13.367314, 38.065355], [13.367231, 38.065287], [13.367131, 38.065238], [13.367042, 38.065189], [13.366978, 38.06514], [13.366904, 38.065068], [13.366876, 38.065], [13.366883, 38.064921], [13.366919, 38.064878], [13.36699, 38.064843], [13.367035, 38.064824], [13.367106, 38.064801], [13.367172, 38.06477], [13.367227, 38.064771], [13.367246, 38.064795], [13.367225, 38.064854], [13.367199, 38.064913], [13.367232, 38.064997], [13.367286, 38.065065], [13.36736, 38.065114], [13.367464, 38.065143], [13.367515, 38.0651], [13.367517, 38.065049], [13.367538, 38.06499], [13.367594, 38.064959], [13.36766, 38.064932], [13.367715, 38.064909], [13.367847, 38.064871], [13.367907, 38.064864], [13.367993, 38.064833], [13.367994, 38.064778], [13.367981, 38.064694]]]}, "properties": {"pai_nmr": "038", "bacino": "Area tra F. Eleuterio e F. Oreto", "provincia": "PA", "comune": "Palermo", "localita": "Serra Chiaranda", "sigla": "038-6PM-062", "pericolo": "n.c.", "n_dsg": 4, "data_dsg": "2026-01-09", "ngurs_dsg": 4, "dgurs_dsg": "2026-01-23", "cls_dissesti_attivita": "Attivo", "col_dissesti_attivita": "#ff0000", "bor_dissesti_attivita": "#000000", "cls_dissesti_tipologia": "Crollo e/o ribaltamento", "col_dissesti_tipologia": "#000000", "bor_dissesti_tipologia": "#000000", "pat_dissesti_tipologia": "pai-dissesti_tipologia-0", "sup_ha": 0.6597}}, {"type": "Feature", "geometry": {"type": "Polygon", "coordinates": [[[13.366914, 38.065334], [13.366843, 38.065356], [13.366723, 38.065351], [13.366633, 38.065338], [13.366598, 38.065302], [13.366579, 38.065266], [13.36657, 38.065218], [13.366566, 38.065166], [13.366558, 38.065087], [13.36654, 38.065003], [13.366521, 38.064948], [13.366482, 38.064907], [13.366469, 38.064824], [13.36644, 38.064772], [13.366391, 38.064716], [13.366367, 38.064644], [13.366378, 38.064593], [13.36639, 38.064518], [13.366351, 38.064454], [13.366327, 38.06441], [13.366233, 38.064385], [13.366158, 38.064368], [13.366092, 38.064375], [13.366037, 38.064374], [13.365958, 38.064349], [13.365868, 38.06432], [13.365753, 38.064299], [13.365703, 38.064282], [13.365618, 38.064273], [13.365583, 38.064308], [13.365566, 38.064363], [13.365535, 38.064434], [13.365498, 38.064493], [13.365447, 38.064536], [13.365372, 38.064543], [13.365276, 38.064554], [13.365126, 38.064524], [13.365027, 38.064507], [13.364947, 38.064454], [13.364883, 38.064402], [13.364809, 38.064381], [13.364708, 38.064399], [13.364593, 38.064401], [13.364442, 38.064387], [13.364372, 38.064379], [13.364283, 38.064365], [13.364268, 38.064337], [13.36429, 38.064266], [13.364336, 38.064216], [13.364421, 38.064205], [13.364516, 38.064226], [13.364581, 38.064239], [13.364631, 38.064239], [13.364712, 38.064217], [13.364758, 38.064174], [13.364794, 38.064119], [13.364841, 38.064076], [13.364847, 38.064017], [13.364848, 38.063973], [13.364883, 38.063958], [13.364978, 38.063963], [13.365034, 38.063944], [13.365109, 38.063957], [13.365103, 38.064008], [13.365102, 38.06406], [13.365066, 38.064095], [13.365, 38.064122], [13.364964, 38.064161], [13.364983, 38.064209], [13.365077, 38.064265], [13.365171, 38.064306], [13.365211, 38.064335], [13.365245, 38.064379], [13.3653, 38.064403], [13.3654, 38.064405], [13.365486, 38.064354], [13.365513, 38.064283], [13.365524, 38.064216], [13.36556, 38.064189], [13.36564, 38.064182], [13.365821, 38.064197], [13.365906, 38.06419], [13.366016, 38.064191], [13.366127, 38.064193], [13.366216, 38.064222], [13.366306, 38.064267], [13.36639, 38.064312], [13.366459, 38.064376], [13.366507, 38.06444], [13.366491, 38.064499], [13.366479, 38.064574], [13.366477, 38.064658], [13.366531, 38.064702], [13.366615, 38.064759], [13.366639, 38.064822], [13.366653, 38.064898], [13.366671, 38.064962], [13.366674, 38.065037], [13.366723, 38.065101], [13.366832, 38.065154], [13.366877, 38.06519], [13.366915, 38.065262], [13.366914, 38.065334]]]}, "properties": {"pai_nmr": "038", "bacino": "Area tra F. Eleuterio e F. Oreto", "provincia": "PA", "comune": "Palermo", "localita": "Serra Chiaranda", "sigla": "038-6PM-063", "pericolo": "n.c.", "n_dsg": 4, "data_dsg": "2026-01-09", "ngurs_dsg": 4, "dgurs_dsg": "2026-01-23", "cls_dissesti_attivita": "Attivo", "col_dissesti_attivita": "#ff0000", "bor_dissesti_attivita": "#000000", "cls_dissesti_tipologia": "Crollo e/o ribaltamento", "col_dissesti_tipologia": "#000000", "bor_dissesti_tipologia": "#000000", "pat_dissesti_tipologia": "pai-dissesti_tipologia-0", "sup_ha": 0.572}}, {"type": "Feature", "geometry": {"type": "Polygon", "coordinates": [[[13.367909, 38.064106], [13.367866, 38.06413], [13.367802, 38.064136], [13.367744, 38.064174], [13.367788, 38.064259], [13.367784, 38.064325], [13.367748, 38.06439], [13.367697, 38.064456], [13.367652, 38.064521], [13.367631, 38.064594], [13.367604, 38.064634], [13.367563, 38.064645], [13.367524, 38.064581], [13.367467, 38.064448], [13.367382, 38.064367], [13.367308, 38.064318], [13.367231, 38.064292], [13.367177, 38.064259], [13.367062, 38.064249], [13.366982, 38.064238], [13.366911, 38.064169], [13.36682, 38.064125], [13.36674, 38.064092], [13.366588, 38.064053], [13.366563, 38.064005], [13.366644, 38.063999], [13.366762, 38.063992], [13.366887, 38.063966], [13.367002, 38.063956], [13.367105, 38.063985], [13.367201, 38.063968], [13.367263, 38.063905], [13.367344, 38.063874], [13.367459, 38.063878], [13.367567, 38.06385], [13.367658, 38.063867], [13.367718, 38.063909], [13.36776, 38.063969], [13.367865, 38.064025], [13.367909, 38.064106]]]}, "properties": {"pai_nmr": "038", "bacino": "Area tra F. Eleuterio e F. Oreto", "provincia": "PA", "comune": "Palermo", "localita": "Serra Chiaranda", "sigla": "038-6PM-064", "pericolo": "n.c.", "n_dsg": 4, "data_dsg": "2026-01-09", "ngurs_dsg": 4, "dgurs_dsg": "2026-01-23", "cls_dissesti_attivita": "Attivo", "col_dissesti_attivita": "#ff0000", "bor_dissesti_attivita": "#000000", "cls_dissesti_tipologia": "Crollo e/o ribaltamento", "col_dissesti_tipologia": "#000000", "bor_dissesti_tipologia": "#000000", "pat_dissesti_tipologia": "pai-dissesti_tipologia-0", "sup_ha": 0.4358}}, {"type": "Feature", "geometry": {"type": "Polygon", "coordinates": [[[13.366338, 38.06572], [13.366371, 38.065842], [13.366295, 38.06602], [13.366201, 38.06619], [13.366153, 38.066304], [13.366285, 38.066449], [13.36631, 38.066564], [13.366271, 38.066685], [13.366225, 38.06672], [13.366088, 38.06679], [13.365997, 38.066796], [13.36589, 38.066715], [13.365839, 38.066593], [13.365841, 38.066486], [13.365898, 38.066365], [13.3659, 38.066272], [13.365947, 38.066201], [13.366103, 38.066117], [13.366133, 38.066003], [13.366171, 38.065882], [13.366183, 38.065782], [13.366193, 38.065704], [13.366267, 38.065655], [13.366338, 38.06572]]]}, "properties": {"pai_nmr": "038", "bacino": "Area tra F. Eleuterio e F. Oreto", "provincia": "PA", "comune": "Palermo", "localita": "Serra Chiaranda", "sigla": "038-6PM-065", "pericolo": "n.c.", "n_dsg": 4, "data_dsg": "2026-01-09", "ngurs_dsg": 4, "dgurs_dsg": "2026-01-23", "cls_dissesti_attivita": "Attivo", "col_dissesti_attivita": "#ff0000", "bor_dissesti_attivita": "#000000", "cls_dissesti_tipologia": "Crollo e/o ribaltamento", "col_dissesti_tipologia": "#000000", "bor_dissesti_tipologia": "#000000", "pat_dissesti_tipologia": "pai-dissesti_tipologia-0", "sup_ha": 0.2889}}, {"type": "Feature", "geometry": {"type": "Polygon", "coordinates": [[[13.364576, 38.065223], [13.364649, 38.065167], [13.36473, 38.065204], [13.364745, 38.065355], [13.364731, 38.065548], [13.364656, 38.065682], [13.364502, 38.06568], [13.364375, 38.065679], [13.364203, 38.06569], [13.364095, 38.065689], [13.363968, 38.06568], [13.363824, 38.065649], [13.363716, 38.065634], [13.363736, 38.065527], [13.363909, 38.0655], [13.364072, 38.06551], [13.364263, 38.065441], [13.364453, 38.065465], [13.364562, 38.065409], [13.364546, 38.065338], [13.364576, 38.065223]]]}, "properties": {"pai_nmr": "038", "bacino": "Area tra F. Eleuterio e F. Oreto", "provincia": "PA", "comune": "Palermo", "localita": "Serra Chiaranda", "sigla": "038-6PM-036", "pericolo": "n.c.", "n_dsg": 4, "data_dsg": "2026-01-09", "ngurs_dsg": 4, "dgurs_dsg": "2026-01-23", "cls_dissesti_attivita": "Attivo", "col_dissesti_attivita": "#ff0000", "bor_dissesti_attivita": "#000000", "cls_dissesti_tipologia": "Crollo e/o ribaltamento", "col_dissesti_tipologia": "#000000", "bor_dissesti_tipologia": "#000000", "pat_dissesti_tipologia": "pai-dissesti_tipologia-0", "sup_ha": 0.2381}}, {"type": "Feature", "geometry": {"type": "Polygon", "coordinates": [[[13.356979, 38.069857], [13.357045, 38.069851], [13.357085, 38.069871], [13.357133, 38.06995], [13.35713, 38.070067], [13.357161, 38.070152], [13.357261, 38.070101], [13.357287, 38.070011], [13.357306, 38.06992], [13.357454, 38.069915], [13.357551, 38.069962], [13.357574, 38.070047], [13.357687, 38.070146], [13.35765, 38.070308], [13.357516, 38.070416], [13.357506, 38.070526], [13.357373, 38.070589], [13.357209, 38.070574], [13.357096, 38.070508], [13.357049, 38.07039], [13.357027, 38.070267], [13.357005, 38.070156], [13.356943, 38.069999], [13.356979, 38.069857]]]}, "properties": {"pai_nmr": "038", "bacino": "Area tra F. Eleuterio e F. Oreto", "provincia": "PA", "comune": "Palermo", "localita": "Serra Chiaranda", "sigla": "038-6PM-066", "pericolo": "n.c.", "n_dsg": 4, "data_dsg": "2026-01-09", "ngurs_dsg": 4, "dgurs_dsg": "2026-01-23", "cls_dissesti_attivita": "Attivo", "col_dissesti_attivita": "#ff0000", "bor_dissesti_attivita": "#000000", "cls_dissesti_tipologia": "Crollo e/o ribaltamento", "col_dissesti_tipologia": "#000000", "bor_dissesti_tipologia": "#000000", "pat_dissesti_tipologia": "pai-dissesti_tipologia-0", "sup_ha": 0.3336}}, {"type": "Feature", "geometry": {"type": "Polygon", "coordinates": [[[13.26637, 38.114296], [13.266339, 38.114386], [13.266302, 38.114511], [13.266192, 38.114564], [13.266033, 38.114548], [13.265878, 38.114532], [13.265757, 38.114598], [13.265635, 38.114682], [13.265574, 38.114835], [13.265521, 38.114916], [13.265406, 38.114923], [13.265269, 38.114916], [13.265115, 38.114919], [13.264976, 38.114975], [13.264885, 38.11496], [13.264858, 38.11487], [13.264901, 38.114762], [13.26491, 38.114599], [13.265118, 38.114526], [13.265268, 38.114483], [13.265373, 38.114394], [13.26546, 38.114323], [13.265582, 38.11427], [13.265737, 38.114209], [13.265881, 38.114189], [13.266012, 38.114218], [13.266172, 38.114229], [13.266257, 38.114249], [13.26637, 38.114296]]]}, "properties": {"pai_nmr": "039", "bacino": "F. Oreto", "provincia": "PA", "comune": "Palermo", "localita": "Monte Cuccio", "sigla": "039-6PM-017", "pericolo": "n.c.", "n_dsg": 4, "data_dsg": "2026-01-09", "ngurs_dsg": 4, "dgurs_dsg": "2026-01-23", "cls_dissesti_attivita": "Attivo", "col_dissesti_attivita": "#ff0000", "bor_dissesti_attivita": "#000000", "cls_dissesti_tipologia": "Crollo e/o ribaltamento", "col_dissesti_tipologia": "#000000", "bor_dissesti_tipologia": "#000000", "pat_dissesti_tipologia": "pai-dissesti_tipologia-0", "sup_ha": 0.5726}}, {"type": "Feature", "geometry": {"type": "Polygon", "coordinates": [[[13.301624, 38.102742], [13.30171, 38.10273], [13.301751, 38.102747], [13.301836, 38.102787], [13.301854, 38.102861], [13.301864, 38.102961], [13.301821, 38.103045], [13.301746, 38.103131], [13.301667, 38.103194], [13.301589, 38.103203], [13.301495, 38.103198], [13.301426, 38.1032], [13.301355, 38.103254], [13.301268, 38.103321], [13.301173, 38.103364], [13.301037, 38.103391], [13.300906, 38.103402], [13.300854, 38.103379], [13.300772, 38.103378], [13.300707, 38.103393], [13.300657, 38.103428], [13.300587, 38.103459], [13.300567, 38.103423], [13.300597, 38.103369], [13.300611, 38.103298], [13.300653, 38.103225], [13.300797, 38.103204], [13.300904, 38.103164], [13.30103, 38.103188], [13.301161, 38.103187], [13.301219, 38.10312], [13.301298, 38.103072], [13.301385, 38.103038], [13.301431, 38.102965], [13.301441, 38.102884], [13.301499, 38.102843], [13.30155, 38.102792], [13.301624, 38.102742]]]}, "properties": {"pai_nmr": "039", "bacino": "F. Oreto", "provincia": "PA", "comune": "Palermo", "localita": "W Vallone Brusca", "sigla": "039-6PM-079", "pericolo": "n.c.", "n_dsg": 4, "data_dsg": "2026-01-09", "ngurs_dsg": 4, "dgurs_dsg": "2026-01-23", "cls_dissesti_attivita": "Attivo", "col_dissesti_attivita": "#ff0000", "bor_dissesti_attivita": "#000000", "cls_dissesti_tipologia": "Crollo e/o ribaltamento", "col_dissesti_tipologia": "#000000", "bor_dissesti_tipologia": "#000000", "pat_dissesti_tipologia": "pai-dissesti_tipologia-0", "sup_ha": 0.3191}}, {"type": "Feature", "geometry": {"type": "Polygon", "coordinates": [[[13.299854, 38.1023], [13.299857, 38.102329], [13.299827, 38.102412], [13.299793, 38.10246], [13.299735, 38.102508], [13.299677, 38.102549], [13.299582, 38.10257], [13.29951, 38.102517], [13.299441, 38.102474], [13.29936, 38.102467], [13.299262, 38.102478], [13.299196, 38.102474], [13.299075, 38.102424], [13.29904, 38.102349], [13.29902, 38.102333], [13.298934, 38.10218], [13.298807, 38.102168], [13.298668, 38.102202], [13.29857, 38.102207], [13.298502, 38.102148], [13.29843, 38.102076], [13.298362, 38.102013], [13.298354, 38.101991], [13.2984, 38.101933], [13.29841, 38.101875], [13.298395, 38.101804], [13.298364, 38.101736], [13.298349, 38.101687], [13.29828, 38.101644], [13.298216, 38.101605], [13.298197, 38.10155], [13.298198, 38.101492], [13.298228, 38.101444], [13.29831, 38.101429], [13.298375, 38.101459], [13.29843, 38.101514], [13.2985, 38.101528], [13.298719, 38.101577], [13.298745, 38.101667], [13.298752, 38.101719], [13.298783, 38.101807], [13.298843, 38.101866], [13.298961, 38.101864], [13.299072, 38.101869], [13.299137, 38.10187], [13.299279, 38.101894], [13.299335, 38.101957], [13.299354, 38.102015], [13.29936, 38.102092], [13.299371, 38.10216], [13.299407, 38.102209], [13.299447, 38.102232], [13.299512, 38.102259], [13.299556, 38.102282], [13.299588, 38.102318], [13.299607, 38.102367], [13.299656, 38.102365], [13.29971, 38.102346], [13.299756, 38.102311], [13.299793, 38.102286], [13.299842, 38.102274], [13.299854, 38.1023]]]}, "properties": {"pai_nmr": "039", "bacino": "F. Oreto", "provincia": "PA", "comune": "Palermo", "localita": "Punta Pileri", "sigla": "039-6PM-080", "pericolo": "n.c.", "n_dsg": 4, "data_dsg": "2026-01-09", "ngurs_dsg": 4, "dgurs_dsg": "2026-01-23", "cls_dissesti_attivita": "Attivo", "col_dissesti_attivita": "#ff0000", "bor_dissesti_attivita": "#000000", "cls_dissesti_tipologia": "Crollo e/o ribaltamento", "col_dissesti_tipologia": "#000000", "bor_dissesti_tipologia": "#000000", "pat_dissesti_tipologia": "pai-dissesti_tipologia-0", "sup_ha": 0.6369}}, {"type": "Feature", "geometry": {"type": "Polygon", "coordinates": [[[13.29567, 38.104763], [13.29564, 38.104776], [13.295586, 38.104772], [13.295523, 38.104738], [13.295361, 38.104689], [13.295286, 38.104662], [13.295153, 38.104607], [13.295062, 38.104559], [13.294984, 38.104482], [13.294884, 38.10444], [13.294823, 38.104373], [13.294677, 38.104308], [13.294607, 38.104271], [13.294591, 38.104221], [13.294663, 38.104215], [13.294742, 38.104243], [13.294796, 38.10428], [13.294857, 38.104331], [13.294953, 38.104375], [13.295057, 38.10441], [13.295114, 38.10447], [13.295265, 38.104479], [13.295402, 38.104541], [13.295476, 38.104598], [13.295596, 38.104663], [13.29567, 38.104763]]]}, "properties": {"pai_nmr": "039", "bacino": "F. Oreto", "provincia": "PA", "comune": "Palermo", "localita": "SE Cozzo Comunelli", "sigla": "039-6PM-081", "pericolo": "n.c.", "n_dsg": 4, "data_dsg": "2026-01-09", "ngurs_dsg": 4, "dgurs_dsg": "2026-01-23", "cls_dissesti_attivita": "Attivo", "col_dissesti_attivita": "#ff0000", "bor_dissesti_attivita": "#000000", "cls_dissesti_tipologia": "Crollo e/o ribaltamento", "col_dissesti_tipologia": "#000000", "bor_dissesti_tipologia": "#000000", "pat_dissesti_tipologia": "pai-dissesti_tipologia-0", "sup_ha": 0.1199}}, {"type": "Feature", "geometry": {"type": "Polygon", "coordinates": [[[13.296574, 38.105992], [13.296651, 38.105927], [13.296745, 38.105883], [13.29681, 38.105831], [13.296884, 38.105754], [13.296939, 38.105724], [13.297009, 38.105694], [13.297089, 38.105635], [13.297132, 38.105588], [13.297133, 38.105545], [13.297108, 38.105483], [13.297121, 38.105419], [13.297156, 38.105355], [13.297202, 38.105322], [13.297254, 38.105308], [13.297264, 38.105366], [13.29726, 38.10544], [13.29728, 38.105488], [13.297318, 38.105541], [13.297331, 38.105605], [13.297287, 38.105681], [13.297217, 38.105728], [13.29711, 38.105762], [13.297077, 38.105759], [13.296986, 38.105779], [13.29694, 38.105812], [13.296885, 38.105859], [13.296893, 38.105902], [13.296901, 38.10593], [13.296919, 38.105957], [13.296921, 38.106005], [13.29689, 38.106035], [13.296823, 38.106051], [13.296753, 38.106052], [13.296699, 38.106061], [13.296672, 38.106058], [13.296612, 38.106045], [13.296591, 38.106028], [13.296574, 38.105992]]]}, "properties": {"pai_nmr": "039", "bacino": "F. Oreto", "provincia": "PA", "comune": "Palermo", "localita": "Madonna del ponticello", "sigla": "039-6PM-082", "pericolo": "n.c.", "n_dsg": 4, "data_dsg": "2026-01-09", "ngurs_dsg": 4, "dgurs_dsg": "2026-01-23", "cls_dissesti_attivita": "Attivo", "col_dissesti_attivita": "#ff0000", "bor_dissesti_attivita": "#000000", "cls_dissesti_tipologia": "Crollo e/o ribaltamento", "col_dissesti_tipologia": "#000000", "bor_dissesti_tipologia": "#000000", "pat_dissesti_tipologia": "pai-dissesti_tipologia-0", "sup_ha": 0.1403}}, {"type": "Feature", "geometry": {"type": "Polygon", "coordinates": [[[13.295254, 38.102228], [13.295194, 38.102171], [13.295165, 38.102133], [13.295149, 38.102089], [13.295139, 38.102026], [13.295154, 38.101976], [13.295189, 38.101919], [13.295242, 38.101874], [13.295325, 38.101906], [13.295354, 38.101952], [13.295409, 38.101955], [13.295478, 38.101952], [13.295521, 38.101911], [13.29556, 38.101881], [13.295657, 38.101867], [13.295687, 38.101894], [13.295698, 38.101918], [13.295753, 38.101932], [13.295843, 38.101957], [13.295937, 38.101983], [13.296022, 38.102003], [13.296127, 38.102009], [13.296224, 38.102006], [13.296265, 38.102011], [13.296368, 38.102013], [13.296462, 38.102014], [13.296516, 38.10203], [13.296516, 38.102065], [13.296471, 38.1021], [13.296448, 38.102141], [13.296413, 38.102186], [13.296385, 38.102234], [13.296332, 38.102253], [13.296282, 38.102252], [13.296224, 38.102231], [13.296197, 38.102203], [13.296157, 38.102167], [13.296102, 38.102147], [13.29603, 38.102139], [13.29595, 38.102125], [13.295879, 38.102097], [13.295823, 38.102108], [13.295771, 38.102109], [13.295734, 38.102135], [13.295709, 38.102161], [13.295661, 38.102197], [13.295591, 38.102248], [13.295537, 38.102285], [13.295476, 38.102317], [13.295393, 38.102318], [13.295346, 38.102282], [13.295311, 38.102262], [13.295254, 38.102228]]]}, "properties": {"pai_nmr": "039", "bacino": "F. Oreto", "provincia": "PA", "comune": "Palermo", "localita": "Punta Pileri", "sigla": "039-6PM-083", "pericolo": "n.c.", "n_dsg": 4, "data_dsg": "2026-01-09", "ngurs_dsg": 4, "dgurs_dsg": "2026-01-23", "cls_dissesti_attivita": "Attivo", "col_dissesti_attivita": "#ff0000", "bor_dissesti_attivita": "#000000", "cls_dissesti_tipologia": "Crollo e/o ribaltamento", "col_dissesti_tipologia": "#000000", "bor_dissesti_tipologia": "#000000", "pat_dissesti_tipologia": "pai-dissesti_tipologia-0", "sup_ha": 0.3138}}, {"type": "Feature", "geometry": {"type": "Polygon", "coordinates": [[[13.30228, 38.106567], [13.302385, 38.106568], [13.302467, 38.106611], [13.302571, 38.106684], [13.302637, 38.106775], [13.302597, 38.106869], [13.302549, 38.107], [13.302449, 38.107058], [13.302387, 38.107135], [13.302289, 38.107139], [13.302313, 38.107062], [13.302331, 38.106967], [13.302348, 38.106866], [13.302426, 38.106778], [13.302352, 38.106687], [13.302277, 38.106662], [13.30228, 38.106567]]]}, "properties": {"pai_nmr": "039", "bacino": "F. Oreto", "provincia": "PA", "comune": "Palermo", "localita": "Boccadifalco", "sigla": "039-6PM-084", "pericolo": "n.c.", "n_dsg": 4, "data_dsg": "2026-01-09", "ngurs_dsg": 4, "dgurs_dsg": "2026-01-23", "cls_dissesti_attivita": "Attivo", "col_dissesti_attivita": "#ff0000", "bor_dissesti_attivita": "#000000", "cls_dissesti_tipologia": "Crollo e/o ribaltamento", "col_dissesti_tipologia": "#000000", "bor_dissesti_tipologia": "#000000", "pat_dissesti_tipologia": "pai-dissesti_tipologia-0", "sup_ha": 0.1121}}, {"type": "Feature", "geometry": {"type": "Polygon", "coordinates": [[[13.303057, 38.107192], [13.303006, 38.107108], [13.302894, 38.107088], [13.302737, 38.107015], [13.302783, 38.106962], [13.302838, 38.106867], [13.302848, 38.10679], [13.302842, 38.106724], [13.302775, 38.106657], [13.302755, 38.106568], [13.302904, 38.106641], [13.30293, 38.106809], [13.302866, 38.106999], [13.302977, 38.10706], [13.303104, 38.107115], [13.303119, 38.107151], [13.303057, 38.107192]]]}, "properties": {"pai_nmr": "039", "bacino": "F. Oreto", "provincia": "PA", "comune": "Palermo", "localita": "Boccadifalco", "sigla": "039-6PM-085", "pericolo": "n.c.", "n_dsg": 4, "data_dsg": "2026-01-09", "ngurs_dsg": 4, "dgurs_dsg": "2026-01-23", "cls_dissesti_attivita": "Attivo", "col_dissesti_attivita": "#ff0000", "bor_dissesti_attivita": "#000000", "cls_dissesti_tipologia": "Crollo e/o ribaltamento", "col_dissesti_tipologia": "#000000", "bor_dissesti_tipologia": "#000000", "pat_dissesti_tipologia": "pai-dissesti_tipologia-0", "sup_ha": 0.0564}}, {"type": "Feature", "geometry": {"type": "Polygon", "coordinates": [[[13.300432, 38.106558], [13.300295, 38.106568], [13.300205, 38.106585], [13.300075, 38.106624], [13.299969, 38.106676], [13.299854, 38.106723], [13.299766, 38.106644], [13.299706, 38.106631], [13.299539, 38.106646], [13.299433, 38.106693], [13.299302, 38.106804], [13.299239, 38.106904], [13.299207, 38.106999], [13.299138, 38.107052], [13.299039, 38.10708], [13.299063, 38.107015], [13.299132, 38.106956], [13.299194, 38.106886], [13.299227, 38.106785], [13.299266, 38.106714], [13.299283, 38.106643], [13.299374, 38.106614], [13.29954, 38.106605], [13.299707, 38.106577], [13.299834, 38.106603], [13.299902, 38.106628], [13.299978, 38.106587], [13.300024, 38.106546], [13.300116, 38.106482], [13.300253, 38.106466], [13.300358, 38.106473], [13.300448, 38.106505], [13.300432, 38.106558]]]}, "properties": {"pai_nmr": "039", "bacino": "F. Oreto", "provincia": "PA", "comune": "Palermo", "localita": "Boccadifalco", "sigla": "039-6PM-086", "pericolo": "n.c.", "n_dsg": 4, "data_dsg": "2026-01-09", "ngurs_dsg": 4, "dgurs_dsg": "2026-01-23", "cls_dissesti_attivita": "Attivo", "col_dissesti_attivita": "#ff0000", "bor_dissesti_attivita": "#000000", "cls_dissesti_tipologia": "Crollo e/o ribaltamento", "col_dissesti_tipologia": "#000000", "bor_dissesti_tipologia": "#000000", "pat_dissesti_tipologia": "pai-dissesti_tipologia-0", "sup_ha": 0.1262}}, {"type": "Feature", "geometry": {"type": "Polygon", "coordinates": [[[13.301486, 38.105971], [13.30147, 38.106019], [13.30137, 38.106083], [13.301279, 38.106105], [13.301166, 38.106104], [13.301046, 38.106066], [13.300912, 38.106017], [13.300815, 38.105973], [13.300732, 38.10596], [13.300733, 38.105936], [13.300876, 38.105933], [13.301086, 38.106007], [13.301266, 38.106022], [13.30141, 38.106], [13.301486, 38.105971]]]}, "properties": {"pai_nmr": "039", "bacino": "F. Oreto", "provincia": "PA", "comune": "Palermo", "localita": "Boccadifalco", "sigla": "039-6PM-087", "pericolo": "n.c.", "n_dsg": 4, "data_dsg": "2026-01-09", "ngurs_dsg": 4, "dgurs_dsg": "2026-01-23", "cls_dissesti_attivita": "Attivo", "col_dissesti_attivita": "#ff0000", "bor_dissesti_attivita": "#000000", "cls_dissesti_tipologia": "Crollo e/o ribaltamento", "col_dissesti_tipologia": "#000000", "bor_dissesti_tipologia": "#000000", "pat_dissesti_tipologia": "pai-dissesti_tipologia-0", "sup_ha": 0.0492}}, {"type": "Feature", "geometry": {"type": "Polygon", "coordinates": [[[13.303109, 38.103054], [13.3031, 38.103087], [13.303099, 38.103088], [13.303097, 38.103093], [13.303087, 38.103113], [13.303087, 38.103148], [13.303091, 38.103155], [13.303091, 38.103156], [13.303121, 38.103201], [13.303188, 38.103256], [13.303365, 38.103352], [13.30337, 38.103356], [13.303371, 38.103356], [13.303423, 38.103425], [13.303413, 38.103485], [13.303372, 38.103502], [13.303318, 38.103494], [13.303216, 38.103429], [13.303185, 38.103379], [13.303096, 38.103335], [13.303096, 38.103334], [13.303067, 38.103305], [13.303021, 38.103291], [13.302932, 38.103232], [13.302901, 38.103193], [13.302902, 38.103143], [13.302918, 38.103061], [13.302964, 38.102991], [13.303016, 38.102971], [13.303027, 38.102961], [13.303109, 38.103054]]]}, "properties": {"pai_nmr": "039", "bacino": "F. Oreto", "provincia": "PA", "comune": "Palermo", "localita": "Versante dx Vallone Brusca", "sigla": "039-6PM-026", "pericolo": "n.c.", "n_dsg": 4, "data_dsg": "2026-01-09", "ngurs_dsg": 4, "dgurs_dsg": "2026-01-23", "cls_dissesti_attivita": "Attivo", "col_dissesti_attivita": "#ff0000", "bor_dissesti_attivita": "#000000", "cls_dissesti_tipologia": "Crollo e/o ribaltamento", "col_dissesti_tipologia": "#000000", "bor_dissesti_tipologia": "#000000", "pat_dissesti_tipologia": "pai-dissesti_tipologia-0", "sup_ha": 0.0954}}, {"type": "Feature", "geometry": {"type": "Polygon", "coordinates": [[[13.306188, 38.106354], [13.306053, 38.106323], [13.305888, 38.106272], [13.305798, 38.106241], [13.30567, 38.106234], [13.305505, 38.106201], [13.30537, 38.106146], [13.305296, 38.106085], [13.3052, 38.106018], [13.305096, 38.105945], [13.304984, 38.105866], [13.304985, 38.10583], [13.305024, 38.105807], [13.305106, 38.105808], [13.305234, 38.105852], [13.305405, 38.105932], [13.305532, 38.106023], [13.305658, 38.10609], [13.305726, 38.106115], [13.305898, 38.106159], [13.306025, 38.106227], [13.306174, 38.106283], [13.306188, 38.106354]]]}, "properties": {"pai_nmr": "039", "bacino": "F. Oreto", "provincia": "PA", "comune": "Palermo", "localita": "Boccadifalco", "sigla": "039-6PM-089", "pericolo": "n.c.", "n_dsg": 4, "data_dsg": "2026-01-09", "ngurs_dsg": 4, "dgurs_dsg": "2026-01-23", "cls_dissesti_attivita": "Attivo", "col_dissesti_attivita": "#ff0000", "bor_dissesti_attivita": "#000000", "cls_dissesti_tipologia": "Crollo e/o ribaltamento", "col_dissesti_tipologia": "#000000", "bor_dissesti_tipologia": "#000000", "pat_dissesti_tipologia": "pai-dissesti_tipologia-0", "sup_ha": 0.1656}}, {"type": "Feature", "geometry": {"type": "Polygon", "coordinates": [[[13.306398, 38.107383], [13.306294, 38.107321], [13.306189, 38.107296], [13.306039, 38.10724], [13.305935, 38.107173], [13.305869, 38.107071], [13.305849, 38.106987], [13.305842, 38.106939], [13.305821, 38.106868], [13.305815, 38.106814], [13.305906, 38.106797], [13.306001, 38.106948], [13.306043, 38.107067], [13.306116, 38.107164], [13.306273, 38.10725], [13.306408, 38.107287], [13.306429, 38.107347], [13.306398, 38.107383]]]}, "properties": {"pai_nmr": "039", "bacino": "F. Oreto", "provincia": "PA", "comune": "Palermo", "localita": "Boccadifalco", "sigla": "039-6PM-090", "pericolo": "n.c.", "n_dsg": 4, "data_dsg": "2026-01-09", "ngurs_dsg": 4, "dgurs_dsg": "2026-01-23", "cls_dissesti_attivita": "Attivo", "col_dissesti_attivita": "#ff0000", "bor_dissesti_attivita": "#000000", "cls_dissesti_tipologia": "Crollo e/o ribaltamento", "col_dissesti_tipologia": "#000000", "bor_dissesti_tipologia": "#000000", "pat_dissesti_tipologia": "pai-dissesti_tipologia-0", "sup_ha": 0.0905}}, {"type": "Feature", "geometry": {"type": "Polygon", "coordinates": [[[13.308941, 38.106831], [13.309059, 38.106711], [13.309126, 38.106581], [13.309161, 38.106455], [13.30919, 38.106274], [13.309193, 38.106173], [13.309113, 38.106031], [13.309015, 38.105848], [13.308896, 38.10577], [13.308735, 38.105818], [13.30853, 38.105826], [13.308322, 38.105727], [13.308223, 38.105584], [13.308156, 38.105452], [13.308159, 38.105301], [13.308214, 38.105155], [13.308317, 38.105101], [13.308402, 38.105027], [13.308511, 38.104993], [13.308608, 38.104944], [13.308742, 38.104961], [13.308734, 38.105041], [13.308572, 38.105115], [13.308411, 38.105198], [13.308357, 38.105293], [13.308392, 38.105435], [13.308434, 38.105562], [13.308484, 38.105623], [13.308573, 38.10565], [13.308662, 38.105666], [13.308834, 38.105669], [13.30898, 38.105711], [13.309088, 38.105733], [13.309203, 38.105734], [13.309259, 38.105806], [13.309274, 38.105962], [13.309335, 38.106079], [13.309352, 38.106206], [13.309387, 38.106327], [13.309424, 38.106404], [13.309414, 38.106545], [13.309328, 38.10669], [13.309191, 38.106819], [13.309081, 38.106863], [13.309011, 38.106862], [13.308941, 38.106831]]]}, "properties": {"pai_nmr": "039", "bacino": "F. Oreto", "provincia": "PA", "comune": "Palermo", "localita": "Boccadifalco", "sigla": "039-6PM-091", "pericolo": "n.c.", "n_dsg": 4, "data_dsg": "2026-01-09", "ngurs_dsg": 4, "dgurs_dsg": "2026-01-23", "cls_dissesti_attivita": "Attivo", "col_dissesti_attivita": "#ff0000", "bor_dissesti_attivita": "#000000", "cls_dissesti_tipologia": "Crollo e/o ribaltamento", "col_dissesti_tipologia": "#000000", "bor_dissesti_tipologia": "#000000", "pat_dissesti_tipologia": "pai-dissesti_tipologia-0", "sup_ha": 0.4989}}, {"type": "Feature", "geometry": {"type": "Polygon", "coordinates": [[[13.308802, 38.10395], [13.308701, 38.103824], [13.308729, 38.103711], [13.308751, 38.103622], [13.308808, 38.103493], [13.308884, 38.103393], [13.308952, 38.103253], [13.308955, 38.103124], [13.308944, 38.102968], [13.308912, 38.102835], [13.30894, 38.102718], [13.308957, 38.102617], [13.308965, 38.102484], [13.308914, 38.102331], [13.308878, 38.10219], [13.308793, 38.102009], [13.308687, 38.10187], [13.308606, 38.101744], [13.308524, 38.101638], [13.308482, 38.101567], [13.308424, 38.101492], [13.308396, 38.101421], [13.308422, 38.101382], [13.30848, 38.101434], [13.308541, 38.10156], [13.308666, 38.101737], [13.308756, 38.101875], [13.308842, 38.102006], [13.308918, 38.102132], [13.30901, 38.102254], [13.309099, 38.102431], [13.309121, 38.102588], [13.309067, 38.102751], [13.309064, 38.102892], [13.309095, 38.103041], [13.309116, 38.103201], [13.309104, 38.103314], [13.309032, 38.103419], [13.308966, 38.103507], [13.308933, 38.103648], [13.308886, 38.10376], [13.308864, 38.10385], [13.308848, 38.103908], [13.308847, 38.103943], [13.308802, 38.10395]]]}, "properties": {"pai_nmr": "039", "bacino": "F. Oreto", "provincia": "PA", "comune": "Palermo", "localita": "Boccadifalco", "sigla": "039-6PM-092", "pericolo": "n.c.", "n_dsg": 4, "data_dsg": "2026-01-09", "ngurs_dsg": 4, "dgurs_dsg": "2026-01-23", "cls_dissesti_attivita": "Attivo", "col_dissesti_attivita": "#ff0000", "bor_dissesti_attivita": "#000000", "cls_dissesti_tipologia": "Crollo e/o ribaltamento", "col_dissesti_tipologia": "#000000", "bor_dissesti_tipologia": "#000000", "pat_dissesti_tipologia": "pai-dissesti_tipologia-0", "sup_ha": 0.3082}}, {"type": "Feature", "geometry": {"type": "Polygon", "coordinates": [[[13.367482, 38.099188], [13.367431, 38.099187], [13.367369, 38.099169], [13.367246, 38.099136], [13.367152, 38.099099], [13.36708, 38.099054], [13.366968, 38.099003], [13.366829, 38.098957], [13.366762, 38.098916], [13.366847, 38.098904], [13.366886, 38.098909], [13.366964, 38.098928], [13.367037, 38.098964], [13.367126, 38.098988], [13.367226, 38.09906], [13.367354, 38.099084], [13.36745, 38.099108], [13.367499, 38.099148], [13.367482, 38.099188]]]}, "properties": {"pai_nmr": "039", "bacino": "F. Oreto", "provincia": "PA", "comune": "Palermo", "localita": "Sponda dx F. Oreto", "sigla": "039-6PM-093", "pericolo": "n.c.", "n_dsg": 4, "data_dsg": "2026-01-09", "ngurs_dsg": 4, "dgurs_dsg": "2026-01-23", "cls_dissesti_attivita": "Attivo", "col_dissesti_attivita": "#ff0000", "bor_dissesti_attivita": "#000000", "cls_dissesti_tipologia": "Crollo e/o ribaltamento", "col_dissesti_tipologia": "#000000", "bor_dissesti_tipologia": "#000000", "pat_dissesti_tipologia": "pai-dissesti_tipologia-0", "sup_ha": 0.0502}}, {"type": "Feature", "geometry": {"type": "Polygon", "coordinates": [[[13.35659, 38.096996], [13.35667, 38.096936], [13.356771, 38.096868], [13.35687, 38.096794], [13.356944, 38.096751], [13.356994, 38.096697], [13.357037, 38.096697], [13.357048, 38.096749], [13.356985, 38.09683], [13.356886, 38.096913], [13.356792, 38.096962], [13.356733, 38.097017], [13.356661, 38.097092], [13.35658, 38.097142], [13.35645, 38.097177], [13.356345, 38.097228], [13.356254, 38.097286], [13.356201, 38.097318], [13.356094, 38.09738], [13.355987, 38.097432], [13.35586, 38.097481], [13.355738, 38.097515], [13.355658, 38.097522], [13.355551, 38.097517], [13.355443, 38.097509], [13.355341, 38.097463], [13.355311, 38.097421], [13.355292, 38.097379], [13.355325, 38.097378], [13.355393, 38.097414], [13.355467, 38.097457], [13.355575, 38.097455], [13.355679, 38.097429], [13.355812, 38.097441], [13.355921, 38.097394], [13.356057, 38.09732], [13.356176, 38.097261], [13.356379, 38.097144], [13.356456, 38.0971], [13.356548, 38.097045], [13.35659, 38.096996]]]}, "properties": {"pai_nmr": "039", "bacino": "F. Oreto", "provincia": "PA", "comune": "Palermo", "localita": "Sponda sx F. Oreto", "sigla": "039-6PM-094", "pericolo": "n.c.", "n_dsg": 4, "data_dsg": "2026-01-09", "ngurs_dsg": 4, "dgurs_dsg": "2026-01-23", "cls_dissesti_attivita": "Attivo", "col_dissesti_attivita": "#ff0000", "bor_dissesti_attivita": "#000000", "cls_dissesti_tipologia": "Crollo e/o ribaltamento", "col_dissesti_tipologia": "#000000", "bor_dissesti_tipologia": "#000000", "pat_dissesti_tipologia": "pai-dissesti_tipologia-0", "sup_ha": 0.1454}}, {"type": "Feature", "geometry": {"type": "Polygon", "coordinates": [[[13.352832, 38.095446], [13.352809, 38.095306], [13.352777, 38.095169], [13.352829, 38.094991], [13.352921, 38.094866], [13.352919, 38.094726], [13.352914, 38.094572], [13.352957, 38.094443], [13.352995, 38.094345], [13.353054, 38.094276], [13.353129, 38.094277], [13.353142, 38.094312], [13.353109, 38.094399], [13.353119, 38.094529], [13.353112, 38.094658], [13.353082, 38.094791], [13.353026, 38.094899], [13.353028, 38.095039], [13.353039, 38.09513], [13.353042, 38.095214], [13.353029, 38.095372], [13.35301, 38.095445], [13.353021, 38.095526], [13.352963, 38.095564], [13.352879, 38.095552], [13.35284, 38.095502], [13.352832, 38.095446]]]}, "properties": {"pai_nmr": "039", "bacino": "F. Oreto", "provincia": "PA", "comune": "Palermo", "localita": "Sponda sx F. Oreto", "sigla": "039-6PM-095", "pericolo": "n.c.", "n_dsg": 4, "data_dsg": "2026-01-09", "ngurs_dsg": 4, "dgurs_dsg": "2026-01-23", "cls_dissesti_attivita": "Attivo", "col_dissesti_attivita": "#ff0000", "bor_dissesti_attivita": "#000000", "cls_dissesti_tipologia": "Crollo e/o ribaltamento", "col_dissesti_tipologia": "#000000", "bor_dissesti_tipologia": "#000000", "pat_dissesti_tipologia": "pai-dissesti_tipologia-0", "sup_ha": 0.2304}}, {"type": "Feature", "geometry": {"type": "Polygon", "coordinates": [[[13.343652, 38.090293], [13.343592, 38.090163], [13.343532, 38.090026], [13.343426, 38.089889], [13.343276, 38.089708], [13.343243, 38.089586], [13.343148, 38.089363], [13.343015, 38.089239], [13.342929, 38.089059], [13.342969, 38.088888], [13.343095, 38.088911], [13.34313, 38.088991], [13.343181, 38.089113], [13.343278, 38.089236], [13.343329, 38.089394], [13.343334, 38.089544], [13.343458, 38.089689], [13.343582, 38.089819], [13.343659, 38.089985], [13.343719, 38.090143], [13.343652, 38.090293]]]}, "properties": {"pai_nmr": "039", "bacino": "F. Oreto", "provincia": "PA", "comune": "Palermo", "localita": "Sponda sx F. Oreto", "sigla": "039-6PM-096", "pericolo": "n.c.", "n_dsg": 4, "data_dsg": "2026-01-09", "ngurs_dsg": 4, "dgurs_dsg": "2026-01-23", "cls_dissesti_attivita": "Attivo", "col_dissesti_attivita": "#ff0000", "bor_dissesti_attivita": "#000000", "cls_dissesti_tipologia": "Crollo e/o ribaltamento", "col_dissesti_tipologia": "#000000", "bor_dissesti_tipologia": "#000000", "pat_dissesti_tipologia": "pai-dissesti_tipologia-0", "sup_ha": 0.2292}}, {"type": "Feature", "geometry": {"type": "Polygon", "coordinates": [[[13.345122, 38.089833], [13.345128, 38.089834], [13.345125, 38.089826], [13.345166, 38.089822], [13.34526, 38.089885], [13.345337, 38.089959], [13.345425, 38.090043], [13.345556, 38.09015], [13.345655, 38.090253], [13.345758, 38.090327], [13.345848, 38.090425], [13.345916, 38.090522], [13.345984, 38.090594], [13.346065, 38.090698], [13.346096, 38.09074], [13.346142, 38.090787], [13.346201, 38.090854], [13.346238, 38.090903], [13.346237, 38.090946], [13.346199, 38.090964], [13.34615, 38.090931], [13.346108, 38.090855], [13.346038, 38.090781], [13.345889, 38.090675], [13.345813, 38.090592], [13.345699, 38.090476], [13.34562, 38.090399], [13.34556, 38.090358], [13.345514, 38.090342], [13.345448, 38.090296], [13.345354, 38.09023], [13.345256, 38.090181], [13.345229, 38.090091], [13.345233, 38.090071], [13.345222, 38.09004], [13.345174, 38.089978], [13.345158, 38.089918], [13.345116, 38.089867], [13.345119, 38.089842], [13.345124, 38.089837], [13.345122, 38.089833]]]}, "properties": {"pai_nmr": "039", "bacino": "F. Oreto", "provincia": "PA", "comune": "Palermo", "localita": "Sponda dx F. Oreto", "sigla": "039-6PM-097", "pericolo": "n.c.", "n_dsg": 4, "data_dsg": "2026-01-09", "ngurs_dsg": 4, "dgurs_dsg": "2026-01-23", "cls_dissesti_attivita": "Attivo", "col_dissesti_attivita": "#ff0000", "bor_dissesti_attivita": "#000000", "cls_dissesti_tipologia": "Crollo e/o ribaltamento", "col_dissesti_tipologia": "#000000", "bor_dissesti_tipologia": "#000000", "pat_dissesti_tipologia": "pai-dissesti_tipologia-0", "sup_ha": 0.1997}}, {"type": "Feature", "geometry": {"type": "Polygon", "coordinates": [[[13.339316, 38.087924], [13.33926, 38.087864], [13.339117, 38.087766], [13.338951, 38.087625], [13.338792, 38.087485], [13.338632, 38.087368], [13.338511, 38.087312], [13.338385, 38.087236], [13.338426, 38.087196], [13.33856, 38.08722], [13.338687, 38.087245], [13.338847, 38.087339], [13.338943, 38.087455], [13.339, 38.087511], [13.339097, 38.087605], [13.33921, 38.087735], [13.339341, 38.087847], [13.339473, 38.087913], [13.339472, 38.087977], [13.339362, 38.087962], [13.339316, 38.087924]]]}, "properties": {"pai_nmr": "039", "bacino": "F. Oreto", "provincia": "PA", "comune": "Palermo", "localita": "Sponda dx F. Oreto", "sigla": "039-6PM-098", "pericolo": "n.c.", "n_dsg": 4, "data_dsg": "2026-01-09", "ngurs_dsg": 4, "dgurs_dsg": "2026-01-23", "cls_dissesti_attivita": "Attivo", "col_dissesti_attivita": "#ff0000", "bor_dissesti_attivita": "#000000", "cls_dissesti_tipologia": "Crollo e/o ribaltamento", "col_dissesti_tipologia": "#000000", "bor_dissesti_tipologia": "#000000", "pat_dissesti_tipologia": "pai-dissesti_tipologia-0", "sup_ha": 0.1336}}, {"type": "Feature", "geometry": {"type": "Polygon", "coordinates": [[[13.337335, 38.086156], [13.33735, 38.086253], [13.337348, 38.08634], [13.337255, 38.086352], [13.33714, 38.0863], [13.337183, 38.086186], [13.337221, 38.086049], [13.337148, 38.085933], [13.337117, 38.085772], [13.337028, 38.085587], [13.336908, 38.08548], [13.336731, 38.085353], [13.336593, 38.085296], [13.336542, 38.08524], [13.336613, 38.085168], [13.336769, 38.08523], [13.336929, 38.085319], [13.337055, 38.085408], [13.33715, 38.08557], [13.337235, 38.085696], [13.337278, 38.085834], [13.337319, 38.086064], [13.337335, 38.086156]]]}, "properties": {"pai_nmr": "039", "bacino": "F. Oreto", "provincia": "PA", "comune": "Palermo", "localita": "Sponda dx F. Oreto", "sigla": "039-6PM-099", "pericolo": "n.c.", "n_dsg": 4, "data_dsg": "2026-01-09", "ngurs_dsg": 4, "dgurs_dsg": "2026-01-23", "cls_dissesti_attivita": "Attivo", "col_dissesti_attivita": "#ff0000", "bor_dissesti_attivita": "#000000", "cls_dissesti_tipologia": "Crollo e/o ribaltamento", "col_dissesti_tipologia": "#000000", "bor_dissesti_tipologia": "#000000", "pat_dissesti_tipologia": "pai-dissesti_tipologia-0", "sup_ha": 0.1916}}, {"type": "Feature", "geometry": {"type": "Polygon", "coordinates": [[[13.336446, 38.075348], [13.336449, 38.075224], [13.336473, 38.075066], [13.336476, 38.074942], [13.336437, 38.074808], [13.336356, 38.074683], [13.336306, 38.074557], [13.336277, 38.074457], [13.336279, 38.074383], [13.336351, 38.074417], [13.336464, 38.074535], [13.336587, 38.074661], [13.336646, 38.074836], [13.336674, 38.075019], [13.336607, 38.075176], [13.336552, 38.075283], [13.336446, 38.075348]]]}, "properties": {"pai_nmr": "039", "bacino": "F. Oreto", "provincia": "PA", "comune": "Palermo", "localita": "Ex Molino Spirito Santo", "sigla": "039-6PM-100", "pericolo": "n.c.", "n_dsg": 4, "data_dsg": "2026-01-09", "ngurs_dsg": 4, "dgurs_dsg": "2026-01-23", "cls_dissesti_attivita": "Attivo", "col_dissesti_attivita": "#ff0000", "bor_dissesti_attivita": "#000000", "cls_dissesti_tipologia": "Crollo e/o ribaltamento", "col_dissesti_tipologia": "#000000", "bor_dissesti_tipologia": "#000000", "pat_dissesti_tipologia": "pai-dissesti_tipologia-0", "sup_ha": 0.1555}}, {"type": "Feature", "geometry": {"type": "Polygon", "coordinates": [[[13.336112, 38.073849], [13.33623, 38.073742], [13.336264, 38.073635], [13.336393, 38.073504], [13.336459, 38.07338], [13.336556, 38.073274], [13.336539, 38.073107], [13.336532, 38.072933], [13.336503, 38.072808], [13.336558, 38.072693], [13.336676, 38.072595], [13.336678, 38.072503], [13.336733, 38.072413], [13.336881, 38.072373], [13.336942, 38.072432], [13.33694, 38.07254], [13.336789, 38.072696], [13.336733, 38.072869], [13.336698, 38.073018], [13.336683, 38.073217], [13.33666, 38.073317], [13.336541, 38.073465], [13.336412, 38.073579], [13.336357, 38.073703], [13.336281, 38.073818], [13.336217, 38.07385], [13.336112, 38.073849]]]}, "properties": {"pai_nmr": "039", "bacino": "F. Oreto", "provincia": "PA", "comune": "Palermo", "localita": "Monte Starabba", "sigla": "039-6PM-101", "pericolo": "n.c.", "n_dsg": 4, "data_dsg": "2026-01-09", "ngurs_dsg": 4, "dgurs_dsg": "2026-01-23", "cls_dissesti_attivita": "Attivo", "col_dissesti_attivita": "#ff0000", "bor_dissesti_attivita": "#000000", "cls_dissesti_tipologia": "Crollo e/o ribaltamento", "col_dissesti_tipologia": "#000000", "bor_dissesti_tipologia": "#000000", "pat_dissesti_tipologia": "pai-dissesti_tipologia-0", "sup_ha": 0.2389}}, {"type": "Feature", "geometry": {"type": "Polygon", "coordinates": [[[13.336985, 38.07166], [13.336942, 38.071545], [13.336944, 38.071481], [13.337034, 38.071504], [13.337086, 38.07159], [13.337129, 38.071691], [13.337226, 38.0718], [13.337242, 38.071886], [13.337169, 38.071949], [13.337059, 38.071976], [13.33686, 38.072002], [13.336724, 38.072021], [13.336676, 38.072121], [13.336673, 38.072242], [13.336572, 38.072305], [13.336493, 38.072233], [13.33655, 38.072098], [13.336543, 38.072019], [13.336553, 38.07194], [13.336671, 38.071935], [13.336771, 38.071922], [13.336907, 38.071902], [13.336972, 38.071832], [13.336985, 38.07166]]]}, "properties": {"pai_nmr": "039", "bacino": "F. Oreto", "provincia": "PA", "comune": "Palermo", "localita": "Monte Starabba", "sigla": "039-6PM-102", "pericolo": "n.c.", "n_dsg": 4, "data_dsg": "2026-01-09", "ngurs_dsg": 4, "dgurs_dsg": "2026-01-23", "cls_dissesti_attivita": "Attivo", "col_dissesti_attivita": "#ff0000", "bor_dissesti_attivita": "#000000", "cls_dissesti_tipologia": "Crollo e/o ribaltamento", "col_dissesti_tipologia": "#000000", "bor_dissesti_tipologia": "#000000", "pat_dissesti_tipologia": "pai-dissesti_tipologia-0", "sup_ha": 0.1632}}, {"type": "Feature", "geometry": {"type": "Polygon", "coordinates": [[[13.337821, 38.071093], [13.33781, 38.071185], [13.3377, 38.071241], [13.337509, 38.071296], [13.337381, 38.071351], [13.337209, 38.071356], [13.336965, 38.071367], [13.336884, 38.071337], [13.336921, 38.071273], [13.337121, 38.071247], [13.337275, 38.071242], [13.337457, 38.071188], [13.337593, 38.071182], [13.337721, 38.071141], [13.337821, 38.071093]]]}, "properties": {"pai_nmr": "039", "bacino": "F. Oreto", "provincia": "PA", "comune": "Palermo", "localita": "Monte Starabba", "sigla": "039-6PM-103", "pericolo": "n.c.", "n_dsg": 4, "data_dsg": "2026-01-09", "ngurs_dsg": 4, "dgurs_dsg": "2026-01-23", "cls_dissesti_attivita": "Attivo", "col_dissesti_attivita": "#ff0000", "bor_dissesti_attivita": "#000000", "cls_dissesti_tipologia": "Crollo e/o ribaltamento", "col_dissesti_tipologia": "#000000", "bor_dissesti_tipologia": "#000000", "pat_dissesti_tipologia": "pai-dissesti_tipologia-0", "sup_ha": 0.0949}}, {"type": "Feature", "geometry": {"type": "Polygon", "coordinates": [[[13.33775, 38.070269], [13.337821, 38.07032], [13.337746, 38.070426], [13.337671, 38.070533], [13.33758, 38.070581], [13.33747, 38.070616], [13.337344, 38.070614], [13.337317, 38.07057], [13.3374, 38.070522], [13.337528, 38.070473], [13.337638, 38.070389], [13.337658, 38.070325], [13.33775, 38.070269]]]}, "properties": {"pai_nmr": "039", "bacino": "F. Oreto", "provincia": "PA", "comune": "Palermo", "localita": "Monte Starabba", "sigla": "039-6PM-104", "pericolo": "n.c.", "n_dsg": 4, "data_dsg": "2026-01-09", "ngurs_dsg": 4, "dgurs_dsg": "2026-01-23", "cls_dissesti_attivita": "Attivo", "col_dissesti_attivita": "#ff0000", "bor_dissesti_attivita": "#000000", "cls_dissesti_tipologia": "Crollo e/o ribaltamento", "col_dissesti_tipologia": "#000000", "bor_dissesti_tipologia": "#000000", "pat_dissesti_tipologia": "pai-dissesti_tipologia-0", "sup_ha": 0.0605}}, {"type": "Feature", "geometry": {"type": "Polygon", "coordinates": [[[13.339477, 38.069514], [13.339485, 38.06955], [13.339412, 38.069591], [13.339276, 38.06959], [13.339122, 38.069595], [13.338986, 38.069614], [13.338886, 38.06962], [13.338687, 38.069631], [13.33856, 38.069622], [13.338498, 38.069579], [13.338553, 38.069536], [13.338635, 38.069523], [13.338754, 38.069482], [13.338926, 38.06947], [13.339044, 38.06945], [13.339188, 38.069474], [13.339387, 38.069491], [13.339477, 38.069514]]]}, "properties": {"pai_nmr": "039", "bacino": "F. Oreto", "provincia": "PA", "comune": "Palermo", "localita": "Monte Starabba", "sigla": "039-6PM-105", "pericolo": "n.c.", "n_dsg": 4, "data_dsg": "2026-01-09", "ngurs_dsg": 4, "dgurs_dsg": "2026-01-23", "cls_dissesti_attivita": "Attivo", "col_dissesti_attivita": "#ff0000", "bor_dissesti_attivita": "#000000", "cls_dissesti_tipologia": "Crollo e/o ribaltamento", "col_dissesti_tipologia": "#000000", "bor_dissesti_tipologia": "#000000", "pat_dissesti_tipologia": "pai-dissesti_tipologia-0", "sup_ha": 0.1131}}, {"type": "Feature", "geometry": {"type": "Polygon", "coordinates": [[[13.341098, 38.070624], [13.341096, 38.070738], [13.341094, 38.070824], [13.341046, 38.070959], [13.340999, 38.071016], [13.340889, 38.071086], [13.340778, 38.071177], [13.340586, 38.07126], [13.340487, 38.071273], [13.340333, 38.071271], [13.340279, 38.071235], [13.34029, 38.071178], [13.340336, 38.07115], [13.340464, 38.071094], [13.340528, 38.071031], [13.340647, 38.070968], [13.340739, 38.070898], [13.340804, 38.070834], [13.340896, 38.070786], [13.340951, 38.070729], [13.341016, 38.070659], [13.341036, 38.070602], [13.341098, 38.070624]]]}, "properties": {"pai_nmr": "039", "bacino": "F. Oreto", "provincia": "PA", "comune": "Palermo", "localita": "Monte Starabba", "sigla": "039-6PM-106", "pericolo": "n.c.", "n_dsg": 4, "data_dsg": "2026-01-09", "ngurs_dsg": 4, "dgurs_dsg": "2026-01-23", "cls_dissesti_attivita": "Attivo", "col_dissesti_attivita": "#ff0000", "bor_dissesti_attivita": "#000000", "cls_dissesti_tipologia": "Crollo e/o ribaltamento", "col_dissesti_tipologia": "#000000", "bor_dissesti_tipologia": "#000000", "pat_dissesti_tipologia": "pai-dissesti_tipologia-0", "sup_ha": 0.1997}}, {"type": "Feature", "geometry": {"type": "Polygon", "coordinates": [[[13.333893, 38.073166], [13.333784, 38.073176], [13.333811, 38.073165], [13.333873, 38.07314], [13.33393, 38.073107], [13.333985, 38.073063], [13.334036, 38.073024], [13.334061, 38.07298], [13.334057, 38.072948], [13.334043, 38.072905], [13.334028, 38.072856], [13.333998, 38.072824], [13.333962, 38.072764], [13.333903, 38.072733], [13.333859, 38.072689], [13.33381, 38.072689], [13.333738, 38.072701], [13.3337, 38.072708], [13.333609, 38.072699], [13.333544, 38.072718], [13.333485, 38.072733], [13.333423, 38.072756], [13.333371, 38.072768], [13.333383, 38.072735], [13.333419, 38.0727], [13.333458, 38.07267], [13.333498, 38.072656], [13.333575, 38.072631], [13.333653, 38.072632], [13.333804, 38.072634], [13.333894, 38.07263], [13.333986, 38.072637], [13.334054, 38.07266], [13.334107, 38.072706], [13.334172, 38.07275], [13.334223, 38.072814], [13.334226, 38.072868], [13.334216, 38.072917], [13.334172, 38.072968], [13.334121, 38.073022], [13.33408, 38.073064], [13.334041, 38.073108], [13.333981, 38.073141], [13.333893, 38.073166]]]}, "properties": {"pai_nmr": "039", "bacino": "F. Oreto", "provincia": "PA", "comune": "Palermo", "localita": "Est Baglio Nasselli", "sigla": "039-6PM-107", "pericolo": "n.c.", "n_dsg": 4, "data_dsg": "2026-01-09", "ngurs_dsg": 4, "dgurs_dsg": "2026-01-23", "cls_dissesti_attivita": "Attivo", "col_dissesti_attivita": "#ff0000", "bor_dissesti_attivita": "#000000", "cls_dissesti_tipologia": "Crollo e/o ribaltamento", "col_dissesti_tipologia": "#000000", "bor_dissesti_tipologia": "#000000", "pat_dissesti_tipologia": "pai-dissesti_tipologia-0", "sup_ha": 0.1155}}, {"type": "Feature", "geometry": {"type": "Polygon", "coordinates": [[[13.342, 38.070805], [13.341784, 38.070815], [13.341619, 38.070807], [13.341469, 38.070818], [13.341344, 38.070862], [13.341271, 38.070808], [13.341347, 38.070718], [13.341489, 38.070654], [13.341583, 38.070564], [13.341799, 38.070527], [13.341982, 38.07051], [13.342124, 38.070434], [13.342209, 38.07033], [13.342327, 38.070266], [13.342452, 38.070222], [13.342594, 38.070191], [13.342735, 38.070193], [13.342816, 38.07024], [13.342963, 38.070354], [13.343078, 38.070408], [13.343234, 38.070443], [13.343307, 38.070516], [13.343498, 38.070519], [13.343649, 38.070436], [13.343751, 38.070319], [13.343869, 38.070236], [13.343895, 38.070197], [13.343979, 38.070145], [13.344001, 38.07027], [13.343966, 38.070342], [13.343914, 38.070426], [13.343771, 38.070509], [13.343744, 38.070607], [13.343619, 38.070678], [13.343419, 38.070701], [13.343246, 38.070679], [13.343132, 38.070592], [13.342992, 38.070531], [13.342885, 38.07051], [13.342729, 38.070455], [13.342622, 38.070408], [13.342468, 38.070423], [13.342426, 38.070448], [13.342422, 38.070451], [13.342421, 38.070454], [13.342387, 38.070555], [13.342368, 38.070634], [13.342292, 38.070718], [13.342192, 38.070736], [13.34205, 38.070786], [13.342, 38.070805]]]}, "properties": {"pai_nmr": "039", "bacino": "F. Oreto", "provincia": "PA", "comune": "Palermo", "localita": "N Casa Di Giorgio", "sigla": "039-6PM-108", "pericolo": "n.c.", "n_dsg": 4, "data_dsg": "2026-01-09", "ngurs_dsg": 4, "dgurs_dsg": "2026-01-23", "cls_dissesti_attivita": "Attivo", "col_dissesti_attivita": "#ff0000", "bor_dissesti_attivita": "#000000", "cls_dissesti_tipologia": "Crollo e/o ribaltamento", "col_dissesti_tipologia": "#000000", "bor_dissesti_tipologia": "#000000", "pat_dissesti_tipologia": "pai-dissesti_tipologia-0", "sup_ha": 0.6231}}, {"type": "Feature", "geometry": {"type": "Polygon", "coordinates": [[[13.340914, 38.066414], [13.340864, 38.066417], [13.340847, 38.066439], [13.34083, 38.066485], [13.340796, 38.066517], [13.340762, 38.066537], [13.340712, 38.066555], [13.340671, 38.066529], [13.340673, 38.066463], [13.340673, 38.066462], [13.340609, 38.066364], [13.340535, 38.066304], [13.340379, 38.066256], [13.340348, 38.066184], [13.340276, 38.066045], [13.340212, 38.065959], [13.34014, 38.06584], [13.340093, 38.065702], [13.340062, 38.065603], [13.34008, 38.065564], [13.340154, 38.065585], [13.340244, 38.065651], [13.340315, 38.065783], [13.34043, 38.065851], [13.340543, 38.065977], [13.340665, 38.06607], [13.340787, 38.06615], [13.340926, 38.066264], [13.340951, 38.0663], [13.340983, 38.06631], [13.341023, 38.066376], [13.34098, 38.066409], [13.340947, 38.066408], [13.340923, 38.066405], [13.340914, 38.066414]]]}, "properties": {"pai_nmr": "039", "bacino": "F. Oreto", "provincia": "PA", "comune": "Palermo", "localita": "S Monte Starabba", "sigla": "039-6PM-109", "pericolo": "n.c.", "n_dsg": 4, "data_dsg": "2026-01-09", "ngurs_dsg": 4, "dgurs_dsg": "2026-01-23", "cls_dissesti_attivita": "Attivo", "col_dissesti_attivita": "#ff0000", "bor_dissesti_attivita": "#000000", "cls_dissesti_tipologia": "Crollo e/o ribaltamento", "col_dissesti_tipologia": "#000000", "bor_dissesti_tipologia": "#000000", "pat_dissesti_tipologia": "pai-dissesti_tipologia-0", "sup_ha": 0.2853}}, {"type": "Feature", "geometry": {"type": "Polygon", "coordinates": [[[13.343736, 38.068033], [13.343817, 38.068106], [13.343839, 38.068237], [13.343754, 38.068341], [13.343677, 38.068445], [13.343666, 38.068562], [13.343623, 38.06864], [13.343505, 38.068717], [13.343306, 38.068714], [13.343208, 38.068693], [13.343209, 38.068641], [13.343309, 38.068616], [13.343409, 38.068598], [13.343534, 38.068528], [13.343512, 38.068416], [13.343588, 38.068345], [13.343624, 38.068247], [13.343625, 38.068195], [13.343651, 38.068117], [13.343736, 38.068033]]]}, "properties": {"pai_nmr": "039", "bacino": "F. Oreto", "provincia": "PA", "comune": "Palermo", "localita": "S Casa Di Giorgio", "sigla": "039-6PM-110", "pericolo": "n.c.", "n_dsg": 4, "data_dsg": "2026-01-09", "ngurs_dsg": 4, "dgurs_dsg": "2026-01-23", "cls_dissesti_attivita": "Attivo", "col_dissesti_attivita": "#ff0000", "bor_dissesti_attivita": "#000000", "cls_dissesti_tipologia": "Crollo e/o ribaltamento", "col_dissesti_tipologia": "#000000", "bor_dissesti_tipologia": "#000000", "pat_dissesti_tipologia": "pai-dissesti_tipologia-0", "sup_ha": 0.1305}}, {"type": "Feature", "geometry": {"type": "Polygon", "coordinates": [[[13.305879, 38.094877], [13.305873, 38.094918], [13.305821, 38.09494], [13.305755, 38.09492], [13.30569, 38.094863], [13.305653, 38.094798], [13.305631, 38.094727], [13.30558, 38.094658], [13.305527, 38.094688], [13.305369, 38.094757], [13.305302, 38.094786], [13.30523, 38.094841], [13.3052, 38.094889], [13.305162, 38.094904], [13.305067, 38.094899], [13.304977, 38.094897], [13.304929, 38.094893], [13.30493, 38.094867], [13.304964, 38.094811], [13.305223, 38.094736], [13.30528, 38.094699], [13.305338, 38.094651], [13.305453, 38.094615], [13.305525, 38.094598], [13.30556, 38.094519], [13.305632, 38.094487], [13.305722, 38.094499], [13.305782, 38.094553], [13.305833, 38.094621], [13.305822, 38.094681], [13.305797, 38.094755], [13.305876, 38.094828], [13.305879, 38.094877]]]}, "properties": {"pai_nmr": "039", "bacino": "F. Oreto", "provincia": "PA", "comune": "Palermo", "localita": "Contrada Loghivecchi", "sigla": "039-6PM-111", "pericolo": "n.c.", "n_dsg": 4, "data_dsg": "2026-01-09", "ngurs_dsg": 4, "dgurs_dsg": "2026-01-23", "cls_dissesti_attivita": "Attivo", "col_dissesti_attivita": "#ff0000", "bor_dissesti_attivita": "#000000", "cls_dissesti_tipologia": "Crollo e/o ribaltamento", "col_dissesti_tipologia": "#000000", "bor_dissesti_tipologia": "#000000", "pat_dissesti_tipologia": "pai-dissesti_tipologia-0", "sup_ha": 0.1532}}, {"type": "Feature", "geometry": {"type": "Polygon", "coordinates": [[[13.303839, 38.092963], [13.303852, 38.092936], [13.303855, 38.092926], [13.303858, 38.092923], [13.303887, 38.092887], [13.303885, 38.09286], [13.303884, 38.092843], [13.303884, 38.092842], [13.303873, 38.092811], [13.303886, 38.092773], [13.303888, 38.092769], [13.303892, 38.092768], [13.30391, 38.092765], [13.303928, 38.092761], [13.303965, 38.092786], [13.304006, 38.092809], [13.304037, 38.092848], [13.304057, 38.092888], [13.304109, 38.092929], [13.30419, 38.092973], [13.304247, 38.093038], [13.304242, 38.093042], [13.304263, 38.09308], [13.304288, 38.093132], [13.304304, 38.093162], [13.304296, 38.09317], [13.30428, 38.093247], [13.304215, 38.093268], [13.304119, 38.093215], [13.304098, 38.093172], [13.303986, 38.093145], [13.303906, 38.093097], [13.303864, 38.093028], [13.303839, 38.092963]]]}, "properties": {"pai_nmr": "039", "bacino": "F. Oreto", "provincia": "PA", "comune": "Palermo", "altri_comu": "Monreale", "localita": "Contrada Loghivecchi", "sigla": "039-6PM-112", "pericolo": "n.c.", "n_dsg": 4, "data_dsg": "2026-01-09", "ngurs_dsg": 4, "dgurs_dsg": "2026-01-23", "cls_dissesti_attivita": "Attivo", "col_dissesti_attivita": "#ff0000", "bor_dissesti_attivita": "#000000", "cls_dissesti_tipologia": "Crollo e/o ribaltamento", "col_dissesti_tipologia": "#000000", "bor_dissesti_tipologia": "#000000", "pat_dissesti_tipologia": "pai-dissesti_tipologia-0", "sup_ha": 0.1164}}, {"type": "Feature", "geometry": {"type": "Polygon", "coordinates": [[[13.319289, 38.073415], [13.319382, 38.073381], [13.319418, 38.073379], [13.319542, 38.07332], [13.319651, 38.073213], [13.319806, 38.073149], [13.319809, 38.073154], [13.319756, 38.073312], [13.319722, 38.073462], [13.31976, 38.073551], [13.319768, 38.073646], [13.319724, 38.073797], [13.319481, 38.073873], [13.319196, 38.073996], [13.319023, 38.074089], [13.318829, 38.074214], [13.318604, 38.07437], [13.318448, 38.074566], [13.318272, 38.07481], [13.318205, 38.07499], [13.318107, 38.075197], [13.318134, 38.075354], [13.318116, 38.075499], [13.318098, 38.075632], [13.318021, 38.075619], [13.318019, 38.075616], [13.317975, 38.075459], [13.318001, 38.075204], [13.318015, 38.075038], [13.318113, 38.074721], [13.318249, 38.0745], [13.318423, 38.074351], [13.318587, 38.074242], [13.318843, 38.074047], [13.318875, 38.074028], [13.319054, 38.073929], [13.319163, 38.073822], [13.319228, 38.073666], [13.319278, 38.073485], [13.319289, 38.073415]]]}, "properties": {"pai_nmr": "039", "bacino": "F.Oreto", "provincia": "PA", "comune": "Palermo", "localita": "Versante dx Fiume Oreto", "sigla": "039-6PM-072", "pericolo": "1", "n_dsg": 4, "data_dsg": "2026-01-09", "ngurs_dsg": 4, "dgurs_dsg": "2026-01-23", "cls_dissesti_attivita": "Attivo", "col_dissesti_attivita": "#ff0000", "bor_dissesti_attivita": "#000000", "cls_dissesti_tipologia": "Dissesti dovuti ad erosione accelerata", "col_dissesti_tipologia": "#000000", "bor_dissesti_tipologia": "#000000", "pat_dissesti_tipologia": "pai-dissesti_tipologia-10", "sup_ha": 0.6023}}, {"type": "Feature", "geometry": {"type": "Polygon", "coordinates": [[[13.343019, 38.058183], [13.342961, 38.058202], [13.342899, 38.058197], [13.342837, 38.058168], [13.342764, 38.05815], [13.342686, 38.058104], [13.342598, 38.058086], [13.342531, 38.058035], [13.342438, 38.057997], [13.34235, 38.057975], [13.342324, 38.057966], [13.34223, 38.05794], [13.342169, 38.057902], [13.342091, 38.057852], [13.342041, 38.057785], [13.341953, 38.057738], [13.341823, 38.057695], [13.34174, 38.057665], [13.341621, 38.057609], [13.341539, 38.057538], [13.341504, 38.057476], [13.341526, 38.057443], [13.341594, 38.057444], [13.341645, 38.057498], [13.341696, 38.057544], [13.341835, 38.057617], [13.341934, 38.057655], [13.342042, 38.057715], [13.342156, 38.057766], [13.342275, 38.057833], [13.342341, 38.057896], [13.342492, 38.057919], [13.342633, 38.057921], [13.342768, 38.057944], [13.342866, 38.058019], [13.342948, 38.058095], [13.343019, 38.058183]]]}, "properties": {"pai_nmr": "039", "bacino": "F. Oreto", "provincia": "PA", "comune": "Palermo", "localita": "Balzo Rosso", "sigla": "039-6PM-113", "pericolo": "n.c.", "n_dsg": 4, "data_dsg": "2026-01-09", "ngurs_dsg": 4, "dgurs_dsg": "2026-01-23", "cls_dissesti_attivita": "Attivo", "col_dissesti_attivita": "#ff0000", "bor_dissesti_attivita": "#000000", "cls_dissesti_tipologia": "Crollo e/o ribaltamento", "col_dissesti_tipologia": "#000000", "bor_dissesti_tipologia": "#000000", "pat_dissesti_tipologia": "pai-dissesti_tipologia-0", "sup_ha": 0.1695}}, {"type": "Feature", "geometry": {"type": "Polygon", "coordinates": [[[13.320225, 38.050988], [13.320239, 38.050989], [13.32026, 38.050981], [13.320398, 38.050997], [13.320397, 38.05108], [13.32036, 38.051169], [13.320314, 38.05125], [13.320277, 38.05136], [13.320293, 38.051436], [13.320318, 38.051484], [13.320317, 38.051522], [13.320324, 38.051574], [13.320262, 38.051635], [13.320098, 38.051598], [13.319985, 38.051583], [13.319863, 38.051602], [13.319705, 38.051648], [13.319521, 38.051707], [13.319345, 38.05178], [13.319204, 38.051888], [13.319166, 38.052004], [13.31905, 38.05214], [13.318838, 38.052275], [13.318618, 38.052382], [13.318471, 38.052359], [13.318395, 38.052248], [13.318408, 38.05209], [13.318472, 38.051933], [13.318588, 38.051824], [13.318635, 38.051646], [13.318679, 38.051619], [13.318847, 38.051505], [13.318919, 38.051416], [13.318877, 38.05134], [13.3188, 38.051304], [13.318776, 38.051187], [13.318891, 38.051106], [13.319022, 38.051074], [13.31918, 38.051014], [13.31939, 38.05099], [13.319651, 38.050973], [13.319853, 38.0509], [13.319991, 38.050929], [13.320225, 38.050988]]]}, "properties": {"pai_nmr": "039", "bacino": "F. Oreto", "provincia": "PA", "comune": "Palermo", "localita": "Pizzo Valle del Fico", "sigla": "039-6PM-114", "pericolo": "n.c.", "n_dsg": 4, "data_dsg": "2026-01-09", "ngurs_dsg": 4, "dgurs_dsg": "2026-01-23", "cls_dissesti_attivita": "Attivo", "col_dissesti_attivita": "#ff0000", "bor_dissesti_attivita": "#000000", "cls_dissesti_tipologia": "Crollo e/o ribaltamento", "col_dissesti_tipologia": "#000000", "bor_dissesti_tipologia": "#000000", "pat_dissesti_tipologia": "pai-dissesti_tipologia-0", "sup_ha": 1.4054}}, {"type": "Feature", "geometry": {"type": "Polygon", "coordinates": [[[13.321343, 38.05152], [13.321491, 38.051522], [13.321569, 38.051537], [13.3217, 38.051511], [13.321848, 38.051492], [13.321946, 38.051398], [13.322053, 38.051275], [13.32216, 38.051181], [13.322327, 38.051128], [13.322485, 38.051048], [13.322609, 38.050946], [13.322733, 38.050852], [13.322804, 38.050784], [13.322933, 38.050834], [13.32301, 38.05089], [13.323009, 38.050945], [13.322887, 38.050985], [13.322773, 38.051024], [13.322632, 38.05107], [13.322527, 38.051131], [13.322411, 38.051253], [13.322296, 38.051341], [13.322197, 38.051477], [13.322047, 38.051557], [13.321897, 38.051638], [13.321767, 38.05165], [13.321645, 38.051655], [13.321506, 38.051653], [13.321381, 38.051754], [13.321231, 38.051869], [13.32109, 38.051963], [13.320932, 38.052002], [13.320854, 38.051994], [13.320786, 38.051938], [13.320761, 38.05189], [13.320788, 38.051849], [13.320842, 38.051753], [13.320896, 38.051685], [13.321027, 38.05166], [13.321114, 38.05164], [13.321212, 38.051573], [13.321343, 38.05152]]]}, "properties": {"pai_nmr": "039", "bacino": "F. Oreto", "provincia": "PA", "comune": "Palermo", "localita": "Pizzo Valle del Fico", "sigla": "039-6PM-115", "pericolo": "n.c.", "n_dsg": 4, "data_dsg": "2026-01-09", "ngurs_dsg": 4, "dgurs_dsg": "2026-01-23", "cls_dissesti_attivita": "Attivo", "col_dissesti_attivita": "#ff0000", "bor_dissesti_attivita": "#000000", "cls_dissesti_tipologia": "Crollo e/o ribaltamento", "col_dissesti_tipologia": "#000000", "bor_dissesti_tipologia": "#000000", "pat_dissesti_tipologia": "pai-dissesti_tipologia-0", "sup_ha": 0.4547}}, {"type": "Feature", "geometry": {"type": "Polygon", "coordinates": [[[13.329361, 38.055955], [13.329251, 38.055931], [13.329181, 38.055897], [13.329083, 38.05585], [13.329032, 38.055803], [13.328911, 38.055737], [13.328772, 38.055707], [13.328609, 38.055682], [13.328499, 38.055643], [13.328348, 38.05559], [13.32839, 38.055531], [13.328478, 38.055528], [13.328659, 38.055535], [13.328816, 38.055569], [13.32895, 38.055557], [13.329136, 38.055574], [13.329164, 38.055639], [13.329186, 38.055718], [13.329242, 38.055783], [13.329352, 38.055826], [13.329392, 38.055891], [13.329361, 38.055955]]]}, "properties": {"pai_nmr": "039", "bacino": "F.Oreto", "provincia": "PA", "comune": "Palermo", "localita": "NE di Pizzo Valle del Fico", "sigla": "039-6PM-076", "pericolo": "n.c.", "n_dsg": 4, "data_dsg": "2026-01-09", "ngurs_dsg": 4, "dgurs_dsg": "2026-01-23", "cls_dissesti_attivita": "Attivo", "col_dissesti_attivita": "#ff0000", "bor_dissesti_attivita": "#000000", "cls_dissesti_tipologia": "Crollo e/o ribaltamento", "col_dissesti_tipologia": "#000000", "bor_dissesti_tipologia": "#000000", "pat_dissesti_tipologia": "pai-dissesti_tipologia-0", "sup_ha": 0.162}}, {"type": "Feature", "geometry": {"type": "Polygon", "coordinates": [[[13.327803, 38.05484], [13.327736, 38.054793], [13.327675, 38.054717], [13.32755, 38.054658], [13.327492, 38.054625], [13.327462, 38.054528], [13.327442, 38.054435], [13.327412, 38.054356], [13.327409, 38.054298], [13.327487, 38.054246], [13.327568, 38.054258], [13.327621, 38.054316], [13.327687, 38.054374], [13.327721, 38.054482], [13.327805, 38.054562], [13.327897, 38.05467], [13.327964, 38.054743], [13.327926, 38.054792], [13.327867, 38.054809], [13.327803, 38.05484]]]}, "properties": {"pai_nmr": "039", "bacino": "F. Oreto", "provincia": "PA", "comune": "Palermo", "localita": "NE Pizzo Valle del Fico", "sigla": "039-6PM-116", "pericolo": "n.c.", "n_dsg": 4, "data_dsg": "2026-01-09", "ngurs_dsg": 4, "dgurs_dsg": "2026-01-23", "cls_dissesti_attivita": "Attivo", "col_dissesti_attivita": "#ff0000", "bor_dissesti_attivita": "#000000", "cls_dissesti_tipologia": "Crollo e/o ribaltamento", "col_dissesti_tipologia": "#000000", "bor_dissesti_tipologia": "#000000", "pat_dissesti_tipologia": "pai-dissesti_tipologia-0", "sup_ha": 0.1471}}, {"type": "Feature", "geometry": {"type": "Polygon", "coordinates": [[[13.325565, 38.056235], [13.325439, 38.056212], [13.325344, 38.05621], [13.325273, 38.056156], [13.325229, 38.05608], [13.32515, 38.055975], [13.325143, 38.055896], [13.325199, 38.055822], [13.325205, 38.055758], [13.325281, 38.055791], [13.325275, 38.055873], [13.325322, 38.055967], [13.325366, 38.056039], [13.325424, 38.056076], [13.325518, 38.056098], [13.325549, 38.05616], [13.325597, 38.056196], [13.325565, 38.056235]]]}, "properties": {"pai_nmr": "039", "bacino": "F. Oreto", "provincia": "PA", "comune": "Palermo", "localita": "NE Pizzo Valle del Fico", "sigla": "039-6PM-117", "pericolo": "n.c.", "n_dsg": 4, "data_dsg": "2026-01-09", "ngurs_dsg": 4, "dgurs_dsg": "2026-01-23", "cls_dissesti_attivita": "Attivo", "col_dissesti_attivita": "#ff0000", "bor_dissesti_attivita": "#000000", "cls_dissesti_tipologia": "Crollo e/o ribaltamento", "col_dissesti_tipologia": "#000000", "bor_dissesti_tipologia": "#000000", "pat_dissesti_tipologia": "pai-dissesti_tipologia-0", "sup_ha": 0.0777}}, {"type": "Feature", "geometry": {"type": "Polygon", "coordinates": [[[13.348192, 38.06246], [13.348153, 38.06252], [13.34798, 38.062533], [13.347864, 38.062577], [13.347773, 38.062661], [13.347607, 38.062659], [13.347461, 38.062652], [13.347418, 38.062565], [13.347482, 38.062536], [13.347598, 38.062502], [13.347681, 38.062483], [13.347735, 38.062388], [13.347742, 38.062323], [13.347864, 38.062329], [13.34801, 38.062332], [13.348145, 38.062308], [13.348266, 38.0623], [13.348324, 38.062301], [13.348329, 38.062361], [13.348258, 38.062406], [13.348192, 38.06246]]]}, "properties": {"pai_nmr": "039", "bacino": "F. Oreto", "provincia": "PA", "comune": "Palermo", "localita": "Portella Salvatore", "sigla": "039-6PM-124", "pericolo": "n.c.", "n_dsg": 4, "data_dsg": "2026-01-09", "ngurs_dsg": 4, "dgurs_dsg": "2026-01-23", "cls_dissesti_attivita": "Attivo", "col_dissesti_attivita": "#ff0000", "bor_dissesti_attivita": "#000000", "cls_dissesti_tipologia": "Crollo e/o ribaltamento", "col_dissesti_tipologia": "#000000", "bor_dissesti_tipologia": "#000000", "pat_dissesti_tipologia": "pai-dissesti_tipologia-0", "sup_ha": 0.1642}}, {"type": "Feature", "geometry": {"type": "Polygon", "coordinates": [[[13.34665, 38.062373], [13.34658, 38.062347], [13.346487, 38.06226], [13.346334, 38.062227], [13.346208, 38.06216], [13.346235, 38.062095], [13.34635, 38.062076], [13.3464, 38.062132], [13.346551, 38.062215], [13.346671, 38.062292], [13.34665, 38.062373]]]}, "properties": {"pai_nmr": "039", "bacino": "F. Oreto", "provincia": "PA", "comune": "Palermo", "localita": "Portella Salvatore", "sigla": "039-6PM-123", "pericolo": "n.c.", "n_dsg": 4, "data_dsg": "2026-01-09", "ngurs_dsg": 4, "dgurs_dsg": "2026-01-23", "cls_dissesti_attivita": "Attivo", "col_dissesti_attivita": "#ff0000", "bor_dissesti_attivita": "#000000", "cls_dissesti_tipologia": "Crollo e/o ribaltamento", "col_dissesti_tipologia": "#000000", "bor_dissesti_tipologia": "#000000", "pat_dissesti_tipologia": "pai-dissesti_tipologia-0", "sup_ha": 0.0457}}, {"type": "Feature", "geometry": {"type": "Polygon", "coordinates": [[[13.347951, 38.062865], [13.348135, 38.062947], [13.348365, 38.063055], [13.34851, 38.063136], [13.348608, 38.06326], [13.348822, 38.063379], [13.34882, 38.063465], [13.348665, 38.063487], [13.348544, 38.063326], [13.348385, 38.063202], [13.348278, 38.063127], [13.348133, 38.063045], [13.348033, 38.062989], [13.347951, 38.062865]]]}, "properties": {"pai_nmr": "039", "bacino": "F. Oreto", "provincia": "PA", "comune": "Palermo", "localita": "Portella Salvatore", "sigla": "039-6PM-125", "pericolo": "n.c.", "n_dsg": 4, "data_dsg": "2026-01-09", "ngurs_dsg": 4, "dgurs_dsg": "2026-01-23", "cls_dissesti_attivita": "Attivo", "col_dissesti_attivita": "#ff0000", "bor_dissesti_attivita": "#000000", "cls_dissesti_tipologia": "Crollo e/o ribaltamento", "col_dissesti_tipologia": "#000000", "bor_dissesti_tipologia": "#000000", "pat_dissesti_tipologia": "pai-dissesti_tipologia-0", "sup_ha": 0.1042}}, {"type": "Feature", "geometry": {"type": "Polygon", "coordinates": [[[13.346564, 38.06426], [13.346711, 38.064286], [13.346858, 38.064288], [13.346983, 38.064217], [13.347061, 38.06423], [13.347044, 38.064279], [13.347003, 38.064382], [13.346932, 38.064436], [13.346792, 38.064477], [13.34666, 38.064463], [13.346561, 38.064394], [13.346563, 38.064327], [13.346564, 38.06426]]]}, "properties": {"pai_nmr": "039", "bacino": "F. Oreto", "provincia": "PA", "comune": "Palermo", "localita": "N Portella Salvatore", "sigla": "039-6PM-122", "pericolo": "n.c.", "n_dsg": 4, "data_dsg": "2026-01-09", "ngurs_dsg": 4, "dgurs_dsg": "2026-01-23", "cls_dissesti_attivita": "Attivo", "col_dissesti_attivita": "#ff0000", "bor_dissesti_attivita": "#000000", "cls_dissesti_tipologia": "Crollo e/o ribaltamento", "col_dissesti_tipologia": "#000000", "bor_dissesti_tipologia": "#000000", "pat_dissesti_tipologia": "pai-dissesti_tipologia-0", "sup_ha": 0.0808}}, {"type": "Feature", "geometry": {"type": "Polygon", "coordinates": [[[13.339475, 38.064417], [13.339388, 38.064501], [13.339187, 38.064493], [13.339049, 38.064405], [13.339036, 38.064301], [13.339061, 38.064234], [13.339191, 38.064297], [13.339336, 38.064391], [13.339475, 38.064417]]]}, "properties": {"pai_nmr": "039", "bacino": "F. Oreto", "provincia": "PA", "comune": "Palermo", "localita": "NW Pizzo Orecchiuta", "sigla": "039-6PM-119", "pericolo": "n.c.", "n_dsg": 4, "data_dsg": "2026-01-09", "ngurs_dsg": 4, "dgurs_dsg": "2026-01-23", "cls_dissesti_attivita": "Attivo", "col_dissesti_attivita": "#ff0000", "bor_dissesti_attivita": "#000000", "cls_dissesti_tipologia": "Crollo e/o ribaltamento", "col_dissesti_tipologia": "#000000", "bor_dissesti_tipologia": "#000000", "pat_dissesti_tipologia": "pai-dissesti_tipologia-0", "sup_ha": 0.0577}}, {"type": "Feature", "geometry": {"type": "Polygon", "coordinates": [[[13.341208, 38.063444], [13.341139, 38.063418], [13.341102, 38.063356], [13.341104, 38.063265], [13.341131, 38.063081], [13.341158, 38.062922], [13.341268, 38.062869], [13.341298, 38.062918], [13.34128, 38.063034], [13.341246, 38.06315], [13.341198, 38.063223], [13.341195, 38.063333], [13.341208, 38.063444]]]}, "properties": {"pai_nmr": "039", "bacino": "F. Oreto", "provincia": "PA", "comune": "Palermo", "localita": "Pizzo Orecchiuta", "sigla": "039-6PM-118", "pericolo": "n.c.", "n_dsg": 4, "data_dsg": "2026-01-09", "ngurs_dsg": 4, "dgurs_dsg": "2026-01-23", "cls_dissesti_attivita": "Attivo", "col_dissesti_attivita": "#ff0000", "bor_dissesti_attivita": "#000000", "cls_dissesti_tipologia": "Crollo e/o ribaltamento", "col_dissesti_tipologia": "#000000", "bor_dissesti_tipologia": "#000000", "pat_dissesti_tipologia": "pai-dissesti_tipologia-0", "sup_ha": 0.0591}}, {"type": "Feature", "geometry": {"type": "Polygon", "coordinates": [[[13.34259, 38.06432], [13.342716, 38.064248], [13.342841, 38.064183], [13.342874, 38.064104], [13.342947, 38.063964], [13.342903, 38.063865], [13.342788, 38.063796], [13.342728, 38.063698], [13.34273, 38.063606], [13.342762, 38.063557], [13.34281, 38.063521], [13.342845, 38.063656], [13.342866, 38.063749], [13.343012, 38.06383], [13.343072, 38.063911], [13.343053, 38.064057], [13.342912, 38.064147], [13.342769, 38.064286], [13.342635, 38.064388], [13.342632, 38.064383], [13.342612, 38.064394], [13.342565, 38.064406], [13.342535, 38.064362], [13.342536, 38.064344], [13.342591, 38.064321], [13.34259, 38.06432]]]}, "properties": {"pai_nmr": "039", "bacino": "F. Oreto", "provincia": "PA", "comune": "Palermo", "localita": "NE Pizzo Orecchiuta", "sigla": "039-6PM-120", "pericolo": "n.c.", "n_dsg": 4, "data_dsg": "2026-01-09", "ngurs_dsg": 4, "dgurs_dsg": "2026-01-23", "cls_dissesti_attivita": "Attivo", "col_dissesti_attivita": "#ff0000", "bor_dissesti_attivita": "#000000", "cls_dissesti_tipologia": "Crollo e/o ribaltamento", "col_dissesti_tipologia": "#000000", "bor_dissesti_tipologia": "#000000", "pat_dissesti_tipologia": "pai-dissesti_tipologia-0", "sup_ha": 0.0956}}, {"type": "Feature", "geometry": {"type": "Polygon", "coordinates": [[[13.350911, 38.064131], [13.350999, 38.06401], [13.351039, 38.063949], [13.350901, 38.063904], [13.350777, 38.06389], [13.350631, 38.06387], [13.350563, 38.063777], [13.35044, 38.063727], [13.350333, 38.063701], [13.350131, 38.063692], [13.34986, 38.0637], [13.349681, 38.063728], [13.34954, 38.06383], [13.349447, 38.063847], [13.349425, 38.063792], [13.349543, 38.063683], [13.349638, 38.063611], [13.349761, 38.063644], [13.350032, 38.063647], [13.350296, 38.063608], [13.350434, 38.063647], [13.350502, 38.063721], [13.350764, 38.06378], [13.35091, 38.063831], [13.351104, 38.063852], [13.35125, 38.063897], [13.351201, 38.063976], [13.351107, 38.064042], [13.351041, 38.064137], [13.351035, 38.064163], [13.350995, 38.064187], [13.350957, 38.064193], [13.350926, 38.064186], [13.350919, 38.064143], [13.350925, 38.064133], [13.350911, 38.064131]]]}, "properties": {"pai_nmr": "039", "bacino": "F. Oreto", "provincia": "PA", "comune": "Palermo", "localita": "N Portella Salvatore", "sigla": "039-6PM-126", "pericolo": "n.c.", "n_dsg": 4, "data_dsg": "2026-01-09", "ngurs_dsg": 4, "dgurs_dsg": "2026-01-23", "cls_dissesti_attivita": "Attivo", "col_dissesti_attivita": "#ff0000", "bor_dissesti_attivita": "#000000", "cls_dissesti_tipologia": "Crollo e/o ribaltamento", "col_dissesti_tipologia": "#000000", "bor_dissesti_tipologia": "#000000", "pat_dissesti_tipologia": "pai-dissesti_tipologia-0", "sup_ha": 0.1784}}, {"type": "Feature", "geometry": {"type": "Polygon", "coordinates": [[[13.35459, 38.065067], [13.35467, 38.064829], [13.354779, 38.064688], [13.355036, 38.064656], [13.355281, 38.064516], [13.355524, 38.064436], [13.355783, 38.064309], [13.355981, 38.06424], [13.356105, 38.064051], [13.356242, 38.064017], [13.356238, 38.064184], [13.356114, 38.064325], [13.355932, 38.064406], [13.355628, 38.064497], [13.355458, 38.064686], [13.355214, 38.064789], [13.355015, 38.06493], [13.354951, 38.065084], [13.354963, 38.065239], [13.355065, 38.065395], [13.355152, 38.065528], [13.35518, 38.065635], [13.355164, 38.065695], [13.355058, 38.065693], [13.354895, 38.06556], [13.354686, 38.065474], [13.354584, 38.065305], [13.354602, 38.065198], [13.35459, 38.065067]]]}, "properties": {"pai_nmr": "039", "bacino": "F. Oreto", "provincia": "PA", "comune": "Palermo", "localita": "Serra Chiaranda", "sigla": "039-6PM-129", "pericolo": "n.c.", "n_dsg": 4, "data_dsg": "2026-01-09", "ngurs_dsg": 4, "dgurs_dsg": "2026-01-23", "cls_dissesti_attivita": "Attivo", "col_dissesti_attivita": "#ff0000", "bor_dissesti_attivita": "#000000", "cls_dissesti_tipologia": "Crollo e/o ribaltamento", "col_dissesti_tipologia": "#000000", "bor_dissesti_tipologia": "#000000", "pat_dissesti_tipologia": "pai-dissesti_tipologia-0", "sup_ha": 0.5738}}, {"type": "Feature", "geometry": {"type": "Polygon", "coordinates": [[[13.354462, 38.062693], [13.354283, 38.062618], [13.354362, 38.062465], [13.354454, 38.062382], [13.354457, 38.062251], [13.354594, 38.06217], [13.354654, 38.062218], [13.354725, 38.06241], [13.354796, 38.062578], [13.354795, 38.062638], [13.354867, 38.062722], [13.354868, 38.062722], [13.354973, 38.062771], [13.354956, 38.062843], [13.354895, 38.062866], [13.35482, 38.062864], [13.354716, 38.062803], [13.354685, 38.062762], [13.354462, 38.062693]]]}, "properties": {"pai_nmr": "039", "bacino": "F. Oreto", "provincia": "PA", "comune": "Palermo", "localita": "E Portella Salvatore", "sigla": "039-6PM-127", "pericolo": "n.c.", "n_dsg": 4, "data_dsg": "2026-01-09", "ngurs_dsg": 4, "dgurs_dsg": "2026-01-23", "cls_dissesti_attivita": "Attivo", "col_dissesti_attivita": "#ff0000", "bor_dissesti_attivita": "#000000", "cls_dissesti_tipologia": "Crollo e/o ribaltamento", "col_dissesti_tipologia": "#000000", "bor_dissesti_tipologia": "#000000", "pat_dissesti_tipologia": "pai-dissesti_tipologia-0", "sup_ha": 0.2077}}, {"type": "Feature", "geometry": {"type": "Polygon", "coordinates": [[[13.353488, 38.06442], [13.353382, 38.064466], [13.353249, 38.064357], [13.353085, 38.064259], [13.353075, 38.064044], [13.352943, 38.063875], [13.353006, 38.063733], [13.353141, 38.063783], [13.353229, 38.063891], [13.353256, 38.064011], [13.353299, 38.064143], [13.35334, 38.064322], [13.353488, 38.06442]]]}, "properties": {"pai_nmr": "039", "bacino": "F. Oreto", "provincia": "PA", "comune": "Palermo", "localita": "Serra Chiaranda", "sigla": "039-6PM-128", "pericolo": "n.c.", "n_dsg": 4, "data_dsg": "2026-01-09", "ngurs_dsg": 4, "dgurs_dsg": "2026-01-23", "cls_dissesti_attivita": "Attivo", "col_dissesti_attivita": "#ff0000", "bor_dissesti_attivita": "#000000", "cls_dissesti_tipologia": "Crollo e/o ribaltamento", "col_dissesti_tipologia": "#000000", "bor_dissesti_tipologia": "#000000", "pat_dissesti_tipologia": "pai-dissesti_tipologia-0", "sup_ha": 0.1376}}, {"type": "Feature", "geometry": {"type": "Polygon", "coordinates": [[[13.353318, 38.066623], [13.353286, 38.06673], [13.352937, 38.066796], [13.352666, 38.066792], [13.352565, 38.066612], [13.352554, 38.066421], [13.352497, 38.066242], [13.352603, 38.066231], [13.352721, 38.066376], [13.352763, 38.066508], [13.3527, 38.066638], [13.35294, 38.066677], [13.353136, 38.06668], [13.353318, 38.066623]]]}, "properties": {"pai_nmr": "039", "bacino": "F. Oreto", "provincia": "PA", "comune": "Palermo", "localita": "S Balzo Cavallo", "sigla": "039-6PM-130", "pericolo": "n.c.", "n_dsg": 4, "data_dsg": "2026-01-09", "ngurs_dsg": 4, "dgurs_dsg": "2026-01-23", "cls_dissesti_attivita": "Attivo", "col_dissesti_attivita": "#ff0000", "bor_dissesti_attivita": "#000000", "cls_dissesti_tipologia": "Crollo e/o ribaltamento", "col_dissesti_tipologia": "#000000", "bor_dissesti_tipologia": "#000000", "pat_dissesti_tipologia": "pai-dissesti_tipologia-0", "sup_ha": 0.1422}}, {"type": "Feature", "geometry": {"type": "Polygon", "coordinates": [[[13.354119, 38.067254], [13.353951, 38.067335], [13.353814, 38.067393], [13.353721, 38.067511], [13.353582, 38.067652], [13.353505, 38.06771], [13.353524, 38.067544], [13.353678, 38.067391], [13.353817, 38.067238], [13.353969, 38.067216], [13.354119, 38.067254]]]}, "properties": {"pai_nmr": "039", "bacino": "F. Oreto", "provincia": "PA", "comune": "Palermo", "localita": "S Balzo Cavallo", "sigla": "039-6PM-131", "pericolo": "n.c.", "n_dsg": 4, "data_dsg": "2026-01-09", "ngurs_dsg": 4, "dgurs_dsg": "2026-01-23", "cls_dissesti_attivita": "Attivo", "col_dissesti_attivita": "#ff0000", "bor_dissesti_attivita": "#000000", "cls_dissesti_tipologia": "Crollo e/o ribaltamento", "col_dissesti_tipologia": "#000000", "bor_dissesti_tipologia": "#000000", "pat_dissesti_tipologia": "pai-dissesti_tipologia-0", "sup_ha": 0.0751}}, {"type": "Feature", "geometry": {"type": "Polygon", "coordinates": [[[13.345723, 38.067756], [13.345614, 38.067909], [13.345418, 38.067907], [13.345147, 38.067855], [13.345091, 38.067675], [13.344989, 38.067507], [13.344903, 38.067339], [13.34474, 38.067194], [13.344622, 38.067073], [13.344653, 38.067049], [13.344834, 38.06704], [13.345044, 38.067079], [13.345192, 38.067224], [13.345247, 38.067427], [13.345275, 38.067559], [13.345485, 38.067598], [13.34565, 38.067636], [13.345723, 38.067756]]]}, "properties": {"pai_nmr": "039", "bacino": "F. Oreto", "provincia": "PA", "comune": "Palermo", "localita": "S Casa Di Giorgio", "sigla": "039-6PM-121", "pericolo": "n.c.", "n_dsg": 4, "data_dsg": "2026-01-09", "ngurs_dsg": 4, "dgurs_dsg": "2026-01-23", "cls_dissesti_attivita": "Attivo", "col_dissesti_attivita": "#ff0000", "bor_dissesti_attivita": "#000000", "cls_dissesti_tipologia": "Crollo e/o ribaltamento", "col_dissesti_tipologia": "#000000", "bor_dissesti_tipologia": "#000000", "pat_dissesti_tipologia": "pai-dissesti_tipologia-0", "sup_ha": 0.3462}}, {"type": "Feature", "geometry": {"type": "Polygon", "coordinates": [[[13.350352, 38.072459], [13.350275, 38.072517], [13.350091, 38.072658], [13.349818, 38.072761], [13.349639, 38.072675], [13.349461, 38.07253], [13.349327, 38.072444], [13.34918, 38.072263], [13.34902, 38.072023], [13.349008, 38.071856], [13.348997, 38.071677], [13.34885, 38.071531], [13.348806, 38.071447], [13.348822, 38.071412], [13.348975, 38.071331], [13.349068, 38.071236], [13.349071, 38.071082], [13.349043, 38.070974], [13.348955, 38.070877], [13.348881, 38.070817], [13.34893, 38.07065], [13.349039, 38.070509], [13.349105, 38.070259], [13.349335, 38.070072], [13.349521, 38.06986], [13.34975, 38.069708], [13.349995, 38.069569], [13.350165, 38.069368], [13.350377, 38.069359], [13.350329, 38.069466], [13.350191, 38.069559], [13.350068, 38.069677], [13.349914, 38.069806], [13.349731, 38.069911], [13.349547, 38.070027], [13.349271, 38.070226], [13.349192, 38.070416], [13.349188, 38.070594], [13.349228, 38.070821], [13.349299, 38.071001], [13.349294, 38.071216], [13.349291, 38.071359], [13.349242, 38.071513], [13.349285, 38.071609], [13.349402, 38.071778], [13.349519, 38.07197], [13.34965, 38.072175], [13.349937, 38.072143], [13.35018, 38.072075], [13.350341, 38.072268], [13.350352, 38.072459]]]}, "properties": {"pai_nmr": "039", "bacino": "F. Oreto", "provincia": "PA", "comune": "Palermo", "localita": "W Balzo Cavallo", "sigla": "039-6PM-132", "pericolo": "n.c.", "n_dsg": 4, "data_dsg": "2026-01-09", "ngurs_dsg": 4, "dgurs_dsg": "2026-01-23", "cls_dissesti_attivita": "Attivo", "col_dissesti_attivita": "#ff0000", "bor_dissesti_attivita": "#000000", "cls_dissesti_tipologia": "Crollo e/o ribaltamento", "col_dissesti_tipologia": "#000000", "bor_dissesti_tipologia": "#000000", "pat_dissesti_tipologia": "pai-dissesti_tipologia-0", "sup_ha": 1.2848}}, {"type": "Feature", "geometry": {"type": "Polygon", "coordinates": [[[13.326671, 38.066804], [13.326682, 38.066799], [13.326746, 38.066887], [13.326831, 38.066991], [13.326926, 38.06713], [13.327033, 38.067227], [13.327129, 38.067297], [13.327213, 38.067428], [13.327374, 38.067577], [13.327522, 38.067777], [13.327628, 38.06789], [13.327734, 38.068021], [13.327839, 38.068187], [13.327806, 38.068238], [13.327731, 38.068176], [13.327646, 38.06808], [13.327485, 38.067932], [13.327294, 38.067739], [13.327166, 38.067574], [13.326899, 38.067328], [13.326751, 38.067137], [13.326592, 38.066936], [13.326578, 38.066869], [13.326561, 38.066858], [13.326562, 38.066815], [13.326574, 38.066781], [13.326629, 38.066773], [13.32665, 38.066773], [13.326671, 38.066804]]]}, "properties": {"pai_nmr": "039", "bacino": "F. Oreto", "provincia": "PA", "comune": "Palermo", "localita": "N Malpasso", "sigla": "039-6PM-137", "pericolo": "n.c.", "n_dsg": 4, "data_dsg": "2026-01-09", "ngurs_dsg": 4, "dgurs_dsg": "2026-01-23", "cls_dissesti_attivita": "Attivo", "col_dissesti_attivita": "#ff0000", "bor_dissesti_attivita": "#000000", "cls_dissesti_tipologia": "Crollo e/o ribaltamento", "col_dissesti_tipologia": "#000000", "bor_dissesti_tipologia": "#000000", "pat_dissesti_tipologia": "pai-dissesti_tipologia-0", "sup_ha": 0.2562}}, {"type": "Feature", "geometry": {"type": "Polygon", "coordinates": [[[13.326795, 38.064886], [13.326762, 38.064854], [13.326719, 38.064837], [13.326704, 38.064841], [13.326647, 38.064833], [13.326581, 38.064818], [13.3265, 38.064803], [13.326377, 38.064799], [13.326239, 38.064797], [13.326137, 38.0648], [13.326023, 38.064808], [13.325915, 38.064794], [13.325823, 38.064755], [13.325755, 38.064716], [13.325696, 38.06468], [13.325616, 38.064638], [13.325553, 38.064614], [13.325566, 38.064585], [13.325613, 38.064603], [13.325693, 38.064646], [13.325771, 38.064681], [13.325845, 38.064732], [13.325928, 38.064764], [13.326018, 38.064777], [13.326075, 38.064756], [13.32624, 38.064672], [13.326404, 38.064675], [13.326524, 38.064676], [13.32661, 38.064708], [13.326711, 38.064731], [13.326837, 38.064802], [13.326923, 38.064856], [13.327017, 38.064868], [13.327206, 38.064834], [13.327308, 38.064777], [13.327409, 38.064736], [13.327558, 38.06468], [13.327694, 38.064586], [13.327788, 38.064614], [13.327786, 38.064699], [13.327663, 38.064777], [13.327595, 38.064802], [13.327504, 38.06484], [13.327453, 38.064885], [13.327404, 38.064964], [13.32733, 38.064979], [13.327115, 38.064981], [13.326948, 38.064968], [13.326848, 38.064919], [13.326828, 38.064892], [13.326795, 38.064886]]]}, "properties": {"pai_nmr": "039", "bacino": "F. Oreto", "provincia": "PA", "comune": "Palermo", "localita": "Malpasso", "sigla": "039-6PM-136", "pericolo": "n.c.", "n_dsg": 4, "data_dsg": "2026-01-09", "ngurs_dsg": 4, "dgurs_dsg": "2026-01-23", "cls_dissesti_attivita": "Attivo", "col_dissesti_attivita": "#ff0000", "bor_dissesti_attivita": "#000000", "cls_dissesti_tipologia": "Crollo e/o ribaltamento", "col_dissesti_tipologia": "#000000", "bor_dissesti_tipologia": "#000000", "pat_dissesti_tipologia": "pai-dissesti_tipologia-0", "sup_ha": 0.2362}}, {"type": "Feature", "geometry": {"type": "Polygon", "coordinates": [[[13.325474, 38.063495], [13.325447, 38.063328], [13.325436, 38.063161], [13.325514, 38.063054], [13.325696, 38.063009], [13.325739, 38.063117], [13.325706, 38.063224], [13.325597, 38.063366], [13.325474, 38.063495]]]}, "properties": {"pai_nmr": "039", "bacino": "F. Oreto", "provincia": "PA", "comune": "Palermo", "localita": "Malpasso", "sigla": "039-6PM-135", "pericolo": "n.c.", "n_dsg": 4, "data_dsg": "2026-01-09", "ngurs_dsg": 4, "dgurs_dsg": "2026-01-23", "cls_dissesti_attivita": "Attivo", "col_dissesti_attivita": "#ff0000", "bor_dissesti_attivita": "#000000", "cls_dissesti_tipologia": "Crollo e/o ribaltamento", "col_dissesti_tipologia": "#000000", "bor_dissesti_tipologia": "#000000", "pat_dissesti_tipologia": "pai-dissesti_tipologia-0", "sup_ha": 0.0852}}, {"type": "Feature", "geometry": {"type": "Polygon", "coordinates": [[[13.332022, 38.063923], [13.332044, 38.063932], [13.332086, 38.063907], [13.33217, 38.063908], [13.332284, 38.063871], [13.332369, 38.063822], [13.332427, 38.06375], [13.332401, 38.063666], [13.332396, 38.063572], [13.332427, 38.063466], [13.332471, 38.063384], [13.332542, 38.063357], [13.332575, 38.063424], [13.33253, 38.06354], [13.332542, 38.063663], [13.332581, 38.063808], [13.332501, 38.063918], [13.332387, 38.06395], [13.332282, 38.063965], [13.332176, 38.063975], [13.332118, 38.064057], [13.332116, 38.064107], [13.332143, 38.06418], [13.332218, 38.064276], [13.332322, 38.06435], [13.332333, 38.064467], [13.332297, 38.064544], [13.332168, 38.064615], [13.332095, 38.064719], [13.332024, 38.064774], [13.33205, 38.064875], [13.332153, 38.064954], [13.332179, 38.06506], [13.33215, 38.065087], [13.332081, 38.065064], [13.331997, 38.065035], [13.331907, 38.064962], [13.331901, 38.064906], [13.33191, 38.064828], [13.331954, 38.064734], [13.33202, 38.064635], [13.332078, 38.064569], [13.332136, 38.064486], [13.332152, 38.064386], [13.332105, 38.064313], [13.332049, 38.064268], [13.331966, 38.064228], [13.331961, 38.064122], [13.331991, 38.06405], [13.332, 38.063967], [13.332022, 38.063923]]]}, "properties": {"pai_nmr": "039", "bacino": "F. Oreto", "provincia": "PA", "comune": "Palermo", "localita": "Monte Greco", "sigla": "039-6PM-134", "pericolo": "n.c.", "n_dsg": 4, "data_dsg": "2026-01-09", "ngurs_dsg": 4, "dgurs_dsg": "2026-01-23", "cls_dissesti_attivita": "Attivo", "col_dissesti_attivita": "#ff0000", "bor_dissesti_attivita": "#000000", "cls_dissesti_tipologia": "Crollo e/o ribaltamento", "col_dissesti_tipologia": "#000000", "bor_dissesti_tipologia": "#000000", "pat_dissesti_tipologia": "pai-dissesti_tipologia-0", "sup_ha": 0.2825}}, {"type": "Feature", "geometry": {"type": "Polygon", "coordinates": [[[13.332881, 38.064241], [13.332872, 38.064302], [13.332789, 38.064251], [13.332769, 38.064178], [13.332658, 38.064121], [13.33266, 38.064037], [13.332761, 38.063916], [13.332898, 38.063801], [13.333012, 38.063736], [13.333126, 38.063654], [13.333248, 38.063556], [13.333376, 38.063513], [13.333388, 38.06358], [13.333252, 38.063706], [13.333158, 38.063788], [13.333063, 38.063937], [13.332926, 38.064113], [13.332881, 38.064241]]]}, "properties": {"pai_nmr": "039", "bacino": "F. Oreto", "provincia": "PA", "comune": "Palermo", "localita": "Monte Greco", "sigla": "039-6PM-133", "pericolo": "n.c.", "n_dsg": 4, "data_dsg": "2026-01-09", "ngurs_dsg": 4, "dgurs_dsg": "2026-01-23", "cls_dissesti_attivita": "Attivo", "col_dissesti_attivita": "#ff0000", "bor_dissesti_attivita": "#000000", "cls_dissesti_tipologia": "Crollo e/o ribaltamento", "col_dissesti_tipologia": "#000000", "bor_dissesti_tipologia": "#000000", "pat_dissesti_tipologia": "pai-dissesti_tipologia-0", "sup_ha": 0.1638}}, {"type": "Feature", "geometry": {"type": "Polygon", "coordinates": [[[13.326493, 38.053103], [13.326445, 38.053224], [13.326317, 38.053308], [13.326133, 38.053427], [13.325986, 38.05354], [13.325722, 38.053586], [13.325507, 38.053526], [13.325519, 38.05339], [13.325522, 38.053254], [13.325379, 38.053152], [13.325218, 38.053078], [13.325138, 38.053041], [13.324975, 38.053039], [13.324802, 38.053087], [13.324494, 38.053089], [13.324234, 38.052993], [13.324217, 38.052971], [13.324236, 38.052892], [13.324338, 38.052822], [13.324405, 38.052652], [13.324399, 38.052523], [13.324475, 38.052331], [13.324478, 38.052231], [13.324463, 38.052095], [13.324384, 38.051993], [13.324421, 38.051944], [13.324548, 38.051938], [13.324583, 38.051982], [13.324761, 38.052092], [13.324822, 38.052207], [13.324891, 38.052365], [13.325113, 38.052547], [13.325291, 38.052664], [13.325517, 38.052668], [13.325741, 38.052785], [13.325801, 38.052922], [13.325952, 38.053024], [13.326114, 38.053091], [13.326277, 38.053072], [13.326468, 38.053032], [13.326493, 38.053103]]]}, "properties": {"pai_nmr": "039", "bacino": "F.Oreto", "provincia": "PA", "comune": "Palermo", "localita": "Pizzo Valle del Fico", "sigla": "039-6PM-140", "pericolo": "n.c.", "n_dsg": 4, "data_dsg": "2026-01-09", "ngurs_dsg": 4, "dgurs_dsg": "2026-01-23", "cls_dissesti_attivita": "Attivo", "col_dissesti_attivita": "#ff0000", "bor_dissesti_attivita": "#000000", "cls_dissesti_tipologia": "Crollo e/o ribaltamento", "col_dissesti_tipologia": "#000000", "bor_dissesti_tipologia": "#000000", "pat_dissesti_tipologia": "pai-dissesti_tipologia-0", "sup_ha": 1.2917}}, {"type": "Feature", "geometry": {"type": "Polygon", "coordinates": [[[13.325345, 38.054794], [13.325341, 38.054949], [13.325291, 38.055175], [13.324985, 38.055373], [13.324636, 38.055452], [13.324363, 38.055555], [13.324103, 38.055695], [13.32383, 38.055762], [13.323895, 38.055584], [13.324214, 38.055458], [13.324413, 38.055341], [13.324447, 38.055151], [13.324451, 38.054972], [13.324756, 38.054834], [13.324864, 38.054728], [13.324958, 38.054574], [13.325124, 38.054577], [13.325318, 38.054639], [13.325345, 38.054794]]]}, "properties": {"pai_nmr": "039", "bacino": "F.Oreto", "provincia": "PA", "comune": "Palermo", "localita": "NE di Pizzo Valle del Fico", "sigla": "039-6PM-141", "pericolo": "n.c.", "n_dsg": 4, "data_dsg": "2026-01-09", "ngurs_dsg": 4, "dgurs_dsg": "2026-01-23", "cls_dissesti_attivita": "Attivo", "col_dissesti_attivita": "#ff0000", "bor_dissesti_attivita": "#000000", "cls_dissesti_tipologia": "Crollo e/o ribaltamento", "col_dissesti_tipologia": "#000000", "bor_dissesti_tipologia": "#000000", "pat_dissesti_tipologia": "pai-dissesti_tipologia-0", "sup_ha": 0.6541}}, {"type": "Feature", "geometry": {"type": "Polygon", "coordinates": [[[13.328713, 38.058514], [13.328756, 38.058634], [13.328694, 38.058693], [13.328496, 38.058797], [13.328163, 38.058816], [13.327864, 38.058741], [13.327716, 38.058584], [13.327674, 38.058464], [13.327495, 38.058354], [13.327256, 38.058267], [13.326974, 38.05806], [13.326858, 38.057892], [13.326995, 38.05781], [13.327282, 38.057814], [13.327595, 38.05795], [13.327941, 38.057991], [13.327982, 38.05817], [13.328022, 38.058397], [13.328412, 38.058486], [13.328713, 38.058514]]]}, "properties": {"pai_nmr": "039", "bacino": "F.Oreto", "provincia": "PA", "comune": "Palermo", "localita": "NE di Pizzo Valle del Fico", "sigla": "039-6PM-139", "pericolo": "n.c.", "n_dsg": 4, "data_dsg": "2026-01-09", "ngurs_dsg": 4, "dgurs_dsg": "2026-01-23", "cls_dissesti_attivita": "Attivo", "col_dissesti_attivita": "#ff0000", "bor_dissesti_attivita": "#000000", "cls_dissesti_tipologia": "Crollo e/o ribaltamento", "col_dissesti_tipologia": "#000000", "bor_dissesti_tipologia": "#000000", "pat_dissesti_tipologia": "pai-dissesti_tipologia-0", "sup_ha": 0.7402}}, {"type": "Feature", "geometry": {"type": "Polygon", "coordinates": [[[13.331696, 38.057645], [13.331829, 38.057754], [13.331881, 38.057899], [13.33203, 38.05797], [13.332067, 38.05809], [13.33204, 38.058228], [13.331958, 38.058365], [13.331774, 38.058413], [13.331641, 38.05831], [13.331732, 38.058173], [13.331664, 38.058003], [13.331596, 38.057857], [13.331575, 38.057731], [13.331601, 38.057637], [13.331696, 38.057645]]]}, "properties": {"pai_nmr": "039", "bacino": "F.Oreto", "provincia": "PA", "comune": "Palermo", "localita": "NE di Pizzo Valle del Fico", "sigla": "039-6PM-077", "pericolo": "n.c.", "n_dsg": 4, "data_dsg": "2026-01-09", "ngurs_dsg": 4, "dgurs_dsg": "2026-01-23", "cls_dissesti_attivita": "Attivo", "col_dissesti_attivita": "#ff0000", "bor_dissesti_attivita": "#000000", "cls_dissesti_tipologia": "Crollo e/o ribaltamento", "col_dissesti_tipologia": "#000000", "bor_dissesti_tipologia": "#000000", "pat_dissesti_tipologia": "pai-dissesti_tipologia-0", "sup_ha": 0.2175}}, {"type": "Feature", "geometry": {"type": "Polygon", "coordinates": [[[13.336306, 38.087184], [13.336267, 38.08721], [13.336191, 38.087161], [13.336127, 38.087064], [13.336053, 38.086946], [13.335962, 38.086831], [13.335887, 38.08673], [13.335817, 38.086625], [13.335879, 38.086578], [13.335928, 38.086609], [13.336014, 38.08671], [13.336089, 38.086794], [13.336148, 38.086886], [13.336239, 38.086996], [13.336314, 38.087093], [13.336306, 38.087184]]]}, "properties": {"pai_nmr": "039", "bacino": "F.Oreto", "provincia": "PA", "comune": "Palermo", "localita": "Sponda sx Fiume Oreto", "sigla": "039-6PM-142", "pericolo": "n.c.", "n_dsg": 4, "data_dsg": "2026-01-09", "ngurs_dsg": 4, "dgurs_dsg": "2026-01-23", "cls_dissesti_attivita": "Attivo", "col_dissesti_attivita": "#ff0000", "bor_dissesti_attivita": "#000000", "cls_dissesti_tipologia": "Crollo e/o ribaltamento", "col_dissesti_tipologia": "#000000", "bor_dissesti_tipologia": "#000000", "pat_dissesti_tipologia": "pai-dissesti_tipologia-0", "sup_ha": 0.083}}, {"type": "Feature", "geometry": {"type": "Polygon", "coordinates": [[[13.337374, 38.087443], [13.337203, 38.08748], [13.337022, 38.087447], [13.336897, 38.087341], [13.336783, 38.0873], [13.336602, 38.087237], [13.336495, 38.087091], [13.336415, 38.087012], [13.336339, 38.086932], [13.336309, 38.086832], [13.336407, 38.086859], [13.33652, 38.086992], [13.336633, 38.087106], [13.336801, 38.087205], [13.336954, 38.087289], [13.337084, 38.087361], [13.337227, 38.087389], [13.33737, 38.087395], [13.337425, 38.087409], [13.337374, 38.087443]]]}, "properties": {"pai_nmr": "039", "bacino": "F.Oreto", "provincia": "PA", "comune": "Palermo", "localita": "Sponda sx Fiume Oreto", "sigla": "039-6PM-143", "pericolo": "n.c.", "n_dsg": 4, "data_dsg": "2026-01-09", "ngurs_dsg": 4, "dgurs_dsg": "2026-01-23", "cls_dissesti_attivita": "Attivo", "col_dissesti_attivita": "#ff0000", "bor_dissesti_attivita": "#000000", "cls_dissesti_tipologia": "Crollo e/o ribaltamento", "col_dissesti_tipologia": "#000000", "bor_dissesti_tipologia": "#000000", "pat_dissesti_tipologia": "pai-dissesti_tipologia-0", "sup_ha": 0.1118}}, {"type": "Feature", "geometry": {"type": "Polygon", "coordinates": [[[13.364169, 38.156584], [13.36401, 38.156775], [13.36373, 38.156867], [13.36356, 38.15704], [13.36338, 38.157143], [13.363349, 38.157037], [13.363563, 38.156909], [13.363754, 38.156797], [13.363955, 38.156712], [13.36407, 38.15653], [13.364182, 38.156488], [13.364169, 38.156584]]]}, "properties": {"pai_nmr": "040", "bacino": "Area tra F. Oreto e Punta Raisi", "provincia": "PA", "comune": "Palermo", "localita": "Sud Pizzo Volo d'Aquila", "sigla": "040-6PM-005", "pericolo": "n.c.", "n_dsg": 4, "data_dsg": "2026-01-09", "ngurs_dsg": 4, "dgurs_dsg": "2026-01-23", "cls_dissesti_attivita": "Attivo", "col_dissesti_attivita": "#ff0000", "bor_dissesti_attivita": "#000000", "cls_dissesti_tipologia": "Crollo e/o ribaltamento", "col_dissesti_tipologia": "#000000", "bor_dissesti_tipologia": "#000000", "pat_dissesti_tipologia": "pai-dissesti_tipologia-0", "sup_ha": 0.0834}}, {"type": "Feature", "geometry": {"type": "Polygon", "coordinates": [[[13.359844, 38.157851], [13.359812, 38.157849], [13.359749, 38.157846], [13.359707, 38.15785], [13.359707, 38.15785], [13.359671, 38.157858], [13.359648, 38.15786], [13.359635, 38.157861], [13.359624, 38.157857], [13.359596, 38.157849], [13.359558, 38.157833], [13.359525, 38.157815], [13.359492, 38.157801], [13.359453, 38.157778], [13.359436, 38.15776], [13.359432, 38.157739], [13.359445, 38.15773], [13.359496, 38.157732], [13.35954, 38.157734], [13.359576, 38.157738], [13.359616, 38.157739], [13.359653, 38.157736], [13.359699, 38.157731], [13.35975, 38.157727], [13.359808, 38.157725], [13.35988, 38.157725], [13.359953, 38.157729], [13.359984, 38.157727], [13.359985, 38.157728], [13.360023, 38.157734], [13.360091, 38.157743], [13.360091, 38.157743], [13.360143, 38.157751], [13.360222, 38.157749], [13.36029, 38.157764], [13.360353, 38.157766], [13.360374, 38.15779], [13.360358, 38.157819], [13.360356, 38.157822], [13.360328, 38.15784], [13.360288, 38.157852], [13.360235, 38.157855], [13.360225, 38.157856], [13.360182, 38.157841], [13.360135, 38.157843], [13.360085, 38.157846], [13.360038, 38.157846], [13.360004, 38.157846], [13.359964, 38.157847], [13.359911, 38.157852], [13.359898, 38.157853], [13.359844, 38.157851]]]}, "properties": {"pai_nmr": "040", "bacino": "Area tra F. Oreto e Punta Raisi", "provincia": "PA", "comune": "Palermo", "localita": "Sud Pizzo Volo d'Aquila", "sigla": "040-6PM-269", "pericolo": "n.c.", "n_dsg": 4, "data_dsg": "2026-01-09", "ngurs_dsg": 4, "dgurs_dsg": "2026-01-23", "cls_dissesti_attivita": "Attivo", "col_dissesti_attivita": "#ff0000", "bor_dissesti_attivita": "#000000", "cls_dissesti_tipologia": "Crollo e/o ribaltamento", "col_dissesti_tipologia": "#000000", "bor_dissesti_tipologia": "#000000", "pat_dissesti_tipologia": "pai-dissesti_tipologia-0", "sup_ha": 0.0934}}, {"type": "Feature", "geometry": {"type": "Polygon", "coordinates": [[[13.362401, 38.156675], [13.362291, 38.15673], [13.362108, 38.156778], [13.361944, 38.156833], [13.361788, 38.156931], [13.361697, 38.156958], [13.361717, 38.156844], [13.361865, 38.156739], [13.362048, 38.156655], [13.362184, 38.156629], [13.362283, 38.156659], [13.362355, 38.156667], [13.362401, 38.156675]]]}, "properties": {"pai_nmr": "040", "bacino": "Area tra F. Oreto e Punta Raisi", "provincia": "PA", "comune": "Palermo", "localita": "Sud Pizzo Volo d'Aquila", "sigla": "040-6PM-270", "pericolo": "n.c.", "n_dsg": 4, "data_dsg": "2026-01-09", "ngurs_dsg": 4, "dgurs_dsg": "2026-01-23", "cls_dissesti_attivita": "Attivo", "col_dissesti_attivita": "#ff0000", "bor_dissesti_attivita": "#000000", "cls_dissesti_tipologia": "Crollo e/o ribaltamento", "col_dissesti_tipologia": "#000000", "bor_dissesti_tipologia": "#000000", "pat_dissesti_tipologia": "pai-dissesti_tipologia-0", "sup_ha": 0.0764}}, {"type": "Feature", "geometry": {"type": "Polygon", "coordinates": [[[13.363477, 38.151361], [13.363478, 38.151356], [13.363526, 38.151351], [13.363588, 38.151357], [13.363667, 38.15138], [13.363718, 38.151408], [13.363787, 38.151431], [13.363866, 38.151457], [13.363958, 38.15148], [13.364069, 38.151478], [13.364148, 38.151482], [13.364223, 38.151508], [13.364272, 38.151514], [13.364351, 38.151521], [13.364436, 38.151554], [13.364525, 38.151586], [13.364559, 38.151622], [13.364568, 38.151631], [13.364572, 38.151635], [13.364541, 38.151649], [13.364506, 38.151659], [13.364472, 38.151669], [13.364454, 38.151667], [13.364444, 38.151672], [13.364403, 38.15166], [13.364345, 38.15164], [13.364287, 38.151599], [13.364226, 38.151565], [13.364112, 38.151558], [13.364016, 38.151546], [13.363953, 38.151542], [13.363892, 38.151522], [13.363837, 38.151505], [13.363762, 38.151477], [13.36369, 38.151438], [13.363612, 38.151401], [13.363525, 38.151395], [13.363517, 38.151394], [13.363474, 38.151399], [13.363436, 38.151399], [13.363426, 38.151388], [13.363443, 38.151369], [13.363477, 38.151361]]]}, "properties": {"pai_nmr": "040", "bacino": "Area tra F. Oreto e Punta Raisi", "provincia": "PA", "comune": "Palermo", "localita": "La Spaccazza", "sigla": "040-6PM-271", "pericolo": "n.c.", "n_dsg": 4, "data_dsg": "2026-01-09", "ngurs_dsg": 4, "dgurs_dsg": "2026-01-23", "cls_dissesti_attivita": "Attivo", "col_dissesti_attivita": "#ff0000", "bor_dissesti_attivita": "#000000", "cls_dissesti_tipologia": "Crollo e/o ribaltamento", "col_dissesti_tipologia": "#000000", "bor_dissesti_tipologia": "#000000", "pat_dissesti_tipologia": "pai-dissesti_tipologia-0", "sup_ha": 0.0733}}, {"type": "Feature", "geometry": {"type": "Polygon", "coordinates": [[[13.2997, 38.140915], [13.299656, 38.14103], [13.29963, 38.141141], [13.299722, 38.141217], [13.299855, 38.141326], [13.300005, 38.141458], [13.300065, 38.141626], [13.30001, 38.141732], [13.300048, 38.141881], [13.30014, 38.141961], [13.300244, 38.142046], [13.300358, 38.142169], [13.30052, 38.142287], [13.300647, 38.14241], [13.300724, 38.142638], [13.300713, 38.142833], [13.300787, 38.142969], [13.300966, 38.143096], [13.301163, 38.14322], [13.301195, 38.143337], [13.301238, 38.143504], [13.301394, 38.143641], [13.301627, 38.143728], [13.301673, 38.143775], [13.30169, 38.143794], [13.301561, 38.143797], [13.301439, 38.143716], [13.301312, 38.143649], [13.301132, 38.143554], [13.301117, 38.143433], [13.30109, 38.143298], [13.300981, 38.143203], [13.300859, 38.143118], [13.300733, 38.14301], [13.300637, 38.142832], [13.300604, 38.142711], [13.300608, 38.142557], [13.300575, 38.142446], [13.300483, 38.142379], [13.300414, 38.142327], [13.300321, 38.142266], [13.300211, 38.142185], [13.300136, 38.142119], [13.300079, 38.142044], [13.299968, 38.142024], [13.299889, 38.141888], [13.299891, 38.1418], [13.299875, 38.141716], [13.299931, 38.141591], [13.299897, 38.141517], [13.299805, 38.141455], [13.299695, 38.14137], [13.299557, 38.141261], [13.299482, 38.141186], [13.299495, 38.141116], [13.299538, 38.141057], [13.299617, 38.140951], [13.299671, 38.140882], [13.2997, 38.140915]]]}, "properties": {"pai_nmr": "040", "bacino": "Area tra F. Oreto e Punta Raisi", "provincia": "PA", "comune": "Palermo", "localita": "Pietrazzi", "sigla": "040-6PM-272", "pericolo": "n.c.", "n_dsg": 4, "data_dsg": "2026-01-09", "ngurs_dsg": 4, "dgurs_dsg": "2026-01-23", "cls_dissesti_attivita": "Attivo", "col_dissesti_attivita": "#ff0000", "bor_dissesti_attivita": "#000000", "cls_dissesti_tipologia": "Crollo e/o ribaltamento", "col_dissesti_tipologia": "#000000", "bor_dissesti_tipologia": "#000000", "pat_dissesti_tipologia": "pai-dissesti_tipologia-0", "sup_ha": 0.3853}}, {"type": "Feature", "geometry": {"type": "Polygon", "coordinates": [[[13.304934, 38.146621], [13.30491, 38.146649], [13.304881, 38.146616], [13.304824, 38.146536], [13.30475, 38.146461], [13.304747, 38.146312], [13.304785, 38.146215], [13.304734, 38.146126], [13.304689, 38.146038], [13.304641, 38.145828], [13.304614, 38.145693], [13.304647, 38.145577], [13.304714, 38.145448], [13.30478, 38.14538], [13.304871, 38.145288], [13.304961, 38.145183], [13.304994, 38.145049], [13.305088, 38.145031], [13.305169, 38.145084], [13.305186, 38.145121], [13.305173, 38.145167], [13.305107, 38.145245], [13.304956, 38.14541], [13.304841, 38.145562], [13.304833, 38.14564], [13.304835, 38.145831], [13.304872, 38.14598], [13.304916, 38.146124], [13.304966, 38.146264], [13.304939, 38.146385], [13.304884, 38.146495], [13.304934, 38.146621]]]}, "properties": {"pai_nmr": "040", "bacino": "Area tra F. Oreto e Punta Raisi", "provincia": "PA", "comune": "Palermo", "localita": "Pietrazzi", "sigla": "040-6PM-273", "pericolo": "n.c.", "n_dsg": 4, "data_dsg": "2026-01-09", "ngurs_dsg": 4, "dgurs_dsg": "2026-01-23", "cls_dissesti_attivita": "Attivo", "col_dissesti_attivita": "#ff0000", "bor_dissesti_attivita": "#000000", "cls_dissesti_tipologia": "Crollo e/o ribaltamento", "col_dissesti_tipologia": "#000000", "bor_dissesti_tipologia": "#000000", "pat_dissesti_tipologia": "pai-dissesti_tipologia-0", "sup_ha": 0.2828}}, {"type": "Feature", "geometry": {"type": "Polygon", "coordinates": [[[13.270716, 38.118848], [13.270581, 38.118834], [13.2704, 38.118831], [13.270132, 38.118696], [13.269878, 38.118549], [13.269549, 38.118461], [13.269203, 38.118408], [13.268934, 38.118297], [13.268815, 38.118224], [13.268923, 38.118094], [13.269133, 38.118169], [13.269357, 38.118256], [13.269596, 38.118378], [13.269838, 38.118358], [13.270064, 38.118373], [13.270332, 38.11852], [13.270571, 38.118631], [13.270718, 38.118776], [13.270716, 38.118848]]]}, "properties": {"pai_nmr": "040", "bacino": "Area tra F. Oreto e Punta Raisi", "provincia": "PA", "comune": "Palermo", "localita": "Vallone delle Serpi", "sigla": "040-6PM-274", "pericolo": "n.c.", "n_dsg": 4, "data_dsg": "2026-01-09", "ngurs_dsg": 4, "dgurs_dsg": "2026-01-23", "cls_dissesti_attivita": "Attivo", "col_dissesti_attivita": "#ff0000", "bor_dissesti_attivita": "#000000", "cls_dissesti_tipologia": "Crollo e/o ribaltamento", "col_dissesti_tipologia": "#000000", "bor_dissesti_tipologia": "#000000", "pat_dissesti_tipologia": "pai-dissesti_tipologia-0", "sup_ha": 0.3607}}, {"type": "Feature", "geometry": {"type": "Polygon", "coordinates": [[[13.400997, 38.070362], [13.40089, 38.070516], [13.400743, 38.070621], [13.400453, 38.070633], [13.400321, 38.070509], [13.400241, 38.070368], [13.399963, 38.070283], [13.3998, 38.070174], [13.399731, 38.069993], [13.399826, 38.06992], [13.399922, 38.069774], [13.399947, 38.069611], [13.399742, 38.069493], [13.399671, 38.069427], [13.399868, 38.069405], [13.399991, 38.069489], [13.400018, 38.069677], [13.400004, 38.069816], [13.399939, 38.069979], [13.400101, 38.070129], [13.400327, 38.070238], [13.40045, 38.070265], [13.400474, 38.07015], [13.400415, 38.069969], [13.400314, 38.06987], [13.400315, 38.069804], [13.40036, 38.069682], [13.400341, 38.069559], [13.40024, 38.069476], [13.400192, 38.069287], [13.400265, 38.069247], [13.40053, 38.069447], [13.400641, 38.06962], [13.400554, 38.069783], [13.400458, 38.069904], [13.400559, 38.070012], [13.400774, 38.07013], [13.400917, 38.070246], [13.400997, 38.070362]]]}, "properties": {"pai_nmr": "038", "bacino": "Area tra F. Eleuterio e F. Oreto", "provincia": "PA", "comune": "Palermo", "localita": "Nord Est Monte Grifone", "sigla": "038-6PM-007", "pericolo": "n.c.", "n_dsg": 4, "data_dsg": "2026-01-09", "ngurs_dsg": 4, "dgurs_dsg": "2026-01-23", "cls_dissesti_attivita": "Attivo", "col_dissesti_attivita": "#ff0000", "bor_dissesti_attivita": "#000000", "cls_dissesti_tipologia": "Crollo e/o ribaltamento", "col_dissesti_tipologia": "#000000", "bor_dissesti_tipologia": "#000000", "pat_dissesti_tipologia": "pai-dissesti_tipologia-0", "sup_ha": 0.6302}}, {"type": "Feature", "geometry": {"type": "MultiPolygon", "coordinates": [[[[13.373923, 38.069046], [13.374042, 38.069012], [13.374113, 38.068939], [13.374296, 38.068842], [13.374388, 38.068775], [13.374514, 38.068719], [13.374623, 38.068665], [13.374686, 38.068655], [13.374836, 38.068646], [13.374969, 38.068623], [13.375143, 38.068634], [13.375288, 38.068658], [13.375304, 38.06873], [13.375274, 38.06882], [13.375282, 38.068935], [13.375386, 38.068973], [13.375487, 38.068944], [13.375625, 38.068987], [13.375764, 38.069003], [13.375888, 38.069059], [13.376012, 38.069105], [13.376031, 38.069196], [13.375975, 38.069226], [13.375794, 38.069207], [13.375676, 38.069208], [13.375612, 38.06927], [13.375499, 38.069335], [13.375411, 38.069399], [13.375359, 38.069522], [13.375227, 38.069551], [13.375099, 38.069483], [13.375066, 38.069408], [13.375078, 38.069365], [13.375197, 38.069322], [13.375257, 38.069293], [13.375261, 38.069241], [13.375204, 38.069149], [13.37514, 38.069068], [13.374988, 38.06903], [13.374862, 38.069067], [13.374645, 38.069127], [13.374473, 38.06918], [13.374336, 38.069252], [13.374241, 38.069281], [13.374088, 38.069268], [13.374023, 38.069215], [13.373917, 38.069142], [13.373822, 38.069179], [13.37379, 38.069245], [13.373811, 38.069358], [13.373929, 38.069382], [13.374043, 38.069413], [13.374041, 38.06951], [13.373959, 38.069605], [13.373869, 38.069579], [13.373786, 38.069545], [13.373665, 38.069538], [13.373537, 38.069511], [13.373422, 38.069518], [13.373277, 38.069593], [13.373209, 38.069713], [13.373129, 38.069846], [13.373062, 38.069895], [13.372974, 38.06993], [13.372981, 38.06992], [13.37304, 38.069886], [13.373045, 38.069883], [13.373046, 38.069881], [13.373049, 38.069876], [13.373117, 38.069761], [13.373109, 38.069742], [13.373181, 38.06965], [13.373222, 38.069589], [13.373471, 38.069416], [13.37369, 38.069218], [13.373894, 38.069065], [13.373923, 38.069046]]], [[[13.372981, 38.06992], [13.372904, 38.069964], [13.372981, 38.069919], [13.372981, 38.06992]]]]}, "properties": {"pai_nmr": "038", "bacino": "Area tra F. Eleuterio e F. Oreto", "provincia": "PA", "comune": "Palermo", "localita": "Pizzo Forbice", "sigla": "038-6PM-067", "pericolo": "n.c.", "n_dsg": 4, "data_dsg": "2026-01-09", "ngurs_dsg": 4, "dgurs_dsg": "2026-01-23", "cls_dissesti_attivita": "Attivo", "col_dissesti_attivita": "#ff0000", "bor_dissesti_attivita": "#000000", "cls_dissesti_tipologia": "Crollo e/o ribaltamento", "col_dissesti_tipologia": "#000000", "bor_dissesti_tipologia": "#000000", "pat_dissesti_tipologia": "pai-dissesti_tipologia-0", "sup_ha": 0.9628}}, {"type": "Feature", "geometry": {"type": "MultiPolygon", "coordinates": [[[[13.320158, 38.050471], [13.32016, 38.050485], [13.32016, 38.050487], [13.320162, 38.050503], [13.32015, 38.050495], [13.320148, 38.050468], [13.320158, 38.050471]]], [[[13.31718, 38.05132], [13.317189, 38.051318], [13.317184, 38.051321], [13.31718, 38.05132]]], [[[13.317189, 38.051318], [13.317338, 38.051209], [13.317477, 38.051164], [13.317715, 38.051062], [13.317855, 38.050997], [13.31788, 38.050969], [13.317935, 38.050932], [13.318003, 38.050856], [13.31816, 38.050844], [13.318276, 38.050798], [13.318355, 38.050766], [13.318603, 38.050741], [13.319093, 38.050662], [13.31942, 38.050614], [13.319783, 38.050567], [13.320018, 38.050547], [13.320165, 38.050533], [13.320165, 38.05054], [13.320112, 38.05058], [13.320086, 38.050586], [13.320086, 38.050587], [13.319841, 38.050659], [13.319526, 38.050737], [13.319333, 38.050803], [13.319156, 38.050917], [13.318919, 38.051024], [13.318727, 38.051035], [13.318501, 38.051059], [13.318221, 38.051138], [13.317974, 38.051258], [13.317918, 38.051286], [13.317891, 38.051287], [13.317861, 38.051291], [13.317852, 38.051298], [13.317642, 38.051343], [13.317562, 38.051324], [13.317486, 38.051306], [13.317436, 38.051278], [13.317189, 38.051318]]]]}, "properties": {"pai_nmr": "039", "bacino": "F.Oreto", "provincia": "PA", "comune": "Palermo", "localita": "Pizzo Valle del Fico", "sigla": "039-6PM-075", "pericolo": "n.c.", "n_dsg": 4, "data_dsg": "2026-01-09", "ngurs_dsg": 4, "dgurs_dsg": "2026-01-23", "cls_dissesti_attivita": "Attivo", "col_dissesti_attivita": "#ff0000", "bor_dissesti_attivita": "#000000", "cls_dissesti_tipologia": "Crollo e/o ribaltamento", "col_dissesti_tipologia": "#000000", "bor_dissesti_tipologia": "#000000", "pat_dissesti_tipologia": "pai-dissesti_tipologia-0", "sup_ha": 0.6406}}, {"type": "Feature", "geometry": {"type": "Polygon", "coordinates": [[[13.370537, 38.07227], [13.370529, 38.072262], [13.370529, 38.072252], [13.370531, 38.072193], [13.370469, 38.07218], [13.370468, 38.07218], [13.370465, 38.072179], [13.370439, 38.07212], [13.370399, 38.07201], [13.370369, 38.071902], [13.370345, 38.071761], [13.370347, 38.071629], [13.370423, 38.071485], [13.370537, 38.071298], [13.370604, 38.071204], [13.370753, 38.071119], [13.370806, 38.071171], [13.370787, 38.071228], [13.370739, 38.071329], [13.370658, 38.071505], [13.370577, 38.071581], [13.370497, 38.071681], [13.370583, 38.071902], [13.370616, 38.072043], [13.37063, 38.072197], [13.370601, 38.072285], [13.370537, 38.07227]]]}, "properties": {"pai_nmr": "039", "bacino": "F. Oreto", "provincia": "PA", "comune": "Belmonte Mezzagno", "altri_comu": "Palermo", "localita": "NW di Pizzo Forbice", "sigla": "039-6BE-005", "pericolo": "n.c.", "n_dsg": 4, "data_dsg": "2026-01-09", "ngurs_dsg": 4, "dgurs_dsg": "2026-01-23", "cls_dissesti_attivita": "Attivo", "col_dissesti_attivita": "#ff0000", "bor_dissesti_attivita": "#000000", "cls_dissesti_tipologia": "Crollo e/o ribaltamento", "col_dissesti_tipologia": "#000000", "bor_dissesti_tipologia": "#000000", "pat_dissesti_tipologia": "pai-dissesti_tipologia-0", "sup_ha": 0.2118}}, {"type": "Feature", "geometry": {"type": "Polygon", "coordinates": [[[13.319909, 38.072624], [13.32003, 38.072686], [13.320213, 38.072725], [13.320365, 38.072752], [13.320518, 38.072778], [13.320638, 38.072864], [13.320543, 38.072984], [13.320465, 38.073055], [13.320342, 38.07309], [13.320189, 38.073087], [13.320021, 38.073097], [13.319821, 38.073143], [13.319651, 38.073213], [13.319542, 38.07332], [13.319418, 38.073379], [13.31925, 38.073388], [13.319161, 38.073278], [13.319042, 38.073131], [13.319121, 38.073024], [13.319062, 38.072914], [13.319018, 38.072829], [13.319129, 38.072673], [13.319268, 38.072591], [13.319423, 38.072508], [13.319713, 38.072513], [13.319909, 38.072624]]]}, "properties": {"pai_nmr": "039", "bacino": "F.Oreto", "provincia": "PA", "comune": "Palermo", "localita": "Versante dx Fiume Oreto", "sigla": "039-6PM-071", "n_dpr": 91, "data_dpr": "2007-03-27", "pericolo": "1", "ngurs": "26", "dgurs": "2007-06-08", "cls_dissesti_attivita": "Inattivo", "col_dissesti_attivita": "#e69800", "bor_dissesti_attivita": "#000000", "cls_dissesti_tipologia": "Scorrimento", "col_dissesti_tipologia": "#000000", "bor_dissesti_tipologia": "#000000", "pat_dissesti_tipologia": "pai-dissesti_tipologia-3", "sup_ha": 0.81}}, {"type": "Feature", "geometry": {"type": "MultiPolygon", "coordinates": [[[[13.278865, 38.192836], [13.278868, 38.19288], [13.278964, 38.192911], [13.27906, 38.192962], [13.279122, 38.193015], [13.279165, 38.193053], [13.278866, 38.193157], [13.278518, 38.193275], [13.278237, 38.193475], [13.277971, 38.193744], [13.277639, 38.19393], [13.277272, 38.194102], [13.276888, 38.194246], [13.276664, 38.194256], [13.276247, 38.194346], [13.275846, 38.194476], [13.275581, 38.194731], [13.275092, 38.194983], [13.274676, 38.195045], [13.274383, 38.194986], [13.274114, 38.194696], [13.27398, 38.194503], [13.27373, 38.194132], [13.273666, 38.193885], [13.27345, 38.193541], [13.273167, 38.193101], [13.272689, 38.192862], [13.272157, 38.19269], [13.271729, 38.192521], [13.271199, 38.192281], [13.270929, 38.192045], [13.270625, 38.191741], [13.270529, 38.191528], [13.270428, 38.191302], [13.269866, 38.190966], [13.269286, 38.19063], [13.269152, 38.190451], [13.269143, 38.190124], [13.269021, 38.189427], [13.268894, 38.188961], [13.2689, 38.188702], [13.269116, 38.188337], [13.269438, 38.187892], [13.269971, 38.187273], [13.270673, 38.186792], [13.270887, 38.186509], [13.27112, 38.186145], [13.271265, 38.18586], [13.2716, 38.185552], [13.271933, 38.185379], [13.272265, 38.185221], [13.272492, 38.185101], [13.272923, 38.185135], [13.273422, 38.185238], [13.273697, 38.185283], [13.274196, 38.185345], [13.274779, 38.185558], [13.275636, 38.185829], [13.276213, 38.186274], [13.276439, 38.186945], [13.276622, 38.187248], [13.27789, 38.187662], [13.278233, 38.187762], [13.278868, 38.187949], [13.279349, 38.188065], [13.279914, 38.188292], [13.280357, 38.18853], [13.280801, 38.188768], [13.281159, 38.188964], [13.2816, 38.189325], [13.281613, 38.189489], [13.281839, 38.190174], [13.28183, 38.190569], [13.281717, 38.190936], [13.281414, 38.191327], [13.280945, 38.191442], [13.280459, 38.191544], [13.280228, 38.191827], [13.280046, 38.192193], [13.279823, 38.192504], [13.279785, 38.192457], [13.279686, 38.192379], [13.27959, 38.192317], [13.279459, 38.192263], [13.279419, 38.192202], [13.27944, 38.192027], [13.279479, 38.191967], [13.279484, 38.191948], [13.279511, 38.191836], [13.279513, 38.191756], [13.279511, 38.191685], [13.279513, 38.191608], [13.279525, 38.191537], [13.279518, 38.191535], [13.279497, 38.191529], [13.279469, 38.191525], [13.279431, 38.191525], [13.279382, 38.191543], [13.279362, 38.19159], [13.27936, 38.191595], [13.279356, 38.191599], [13.279346, 38.191614], [13.279333, 38.191699], [13.279286, 38.191783], [13.27918, 38.191864], [13.279147, 38.191943], [13.279149, 38.192006], [13.279192, 38.1921], [13.27927, 38.192189], [13.279358, 38.192256], [13.279488, 38.192354], [13.27957, 38.192407], [13.279656, 38.192475], [13.2797, 38.192527], [13.279729, 38.192607], [13.279721, 38.192695], [13.279715, 38.192706], [13.279593, 38.192784], [13.279428, 38.192831], [13.279288, 38.192894], [13.279163, 38.19289], [13.279098, 38.192842], [13.279053, 38.192841], [13.278945, 38.192823], [13.278865, 38.192836]], [[13.276549, 38.192308], [13.276548, 38.19236], [13.276603, 38.192386], [13.276648, 38.192387], [13.276714, 38.192396], [13.276843, 38.192376], [13.277021, 38.19234], [13.277157, 38.192298], [13.277256, 38.192261], [13.277246, 38.192212], [13.277128, 38.192221], [13.277016, 38.192249], [13.276932, 38.192289], [13.276834, 38.19231], [13.276695, 38.192299], [13.276612, 38.192298], [13.276549, 38.192308]], [[13.274933, 38.191586], [13.274931, 38.191665], [13.274947, 38.191758], [13.274972, 38.191873], [13.275124, 38.191947], [13.275314, 38.19195], [13.275397, 38.191915], [13.275544, 38.191817], [13.275546, 38.191746], [13.275427, 38.191772], [13.275292, 38.191749], [13.275185, 38.191662], [13.275051, 38.191595], [13.274942, 38.191572], [13.274933, 38.191586]], [[13.275536, 38.191381], [13.275535, 38.191381], [13.275534, 38.191383], [13.275507, 38.191392], [13.275491, 38.191411], [13.275469, 38.191432], [13.275445, 38.191451], [13.275431, 38.19148], [13.275448, 38.191509], [13.275471, 38.191529], [13.275513, 38.191531], [13.275558, 38.191515], [13.275595, 38.191491], [13.275651, 38.191469], [13.275692, 38.191448], [13.275729, 38.191438], [13.275785, 38.191421], [13.275835, 38.191416], [13.275886, 38.191396], [13.275931, 38.191376], [13.275978, 38.191362], [13.276026, 38.191345], [13.276041, 38.19133], [13.276023, 38.191321], [13.27599, 38.191322], [13.275953, 38.19132], [13.275905, 38.191319], [13.275874, 38.191332], [13.275831, 38.191336], [13.275792, 38.191348], [13.275752, 38.191347], [13.275703, 38.191351], [13.275673, 38.191347], [13.275536, 38.191381]], [[13.276844, 38.191015], [13.276744, 38.191053], [13.276682, 38.191098], [13.276628, 38.191141], [13.276639, 38.191167], [13.276731, 38.191127], [13.276804, 38.191096], [13.276894, 38.191038], [13.276978, 38.19098], [13.277085, 38.190916], [13.277177, 38.190878], [13.277291, 38.190838], [13.277365, 38.190776], [13.277363, 38.190726], [13.277302, 38.190723], [13.27723, 38.190755], [13.277179, 38.190808], [13.277128, 38.190849], [13.276968, 38.190943], [13.276917, 38.190986], [13.276844, 38.191015]], [[13.276657, 38.190984], [13.276766, 38.190942], [13.276766, 38.190942], [13.276864, 38.190904], [13.277015, 38.190819], [13.277122, 38.190725], [13.277219, 38.190654], [13.277331, 38.190581], [13.277356, 38.190551], [13.277295, 38.190565], [13.277222, 38.190619], [13.277101, 38.190687], [13.276974, 38.190694], [13.276937, 38.190701], [13.276895, 38.190728], [13.276747, 38.190782], [13.276619, 38.19082], [13.276525, 38.190834], [13.276439, 38.19083], [13.276315, 38.190811], [13.276247, 38.190807], [13.276163, 38.19082], [13.276045, 38.190857], [13.276025, 38.190864], [13.27592, 38.190895], [13.275829, 38.190878], [13.275766, 38.19085], [13.275639, 38.190838], [13.275584, 38.190844], [13.275577, 38.190901], [13.275628, 38.190952], [13.27573, 38.190958], [13.275901, 38.190991], [13.275934, 38.190993], [13.276009, 38.190983], [13.27609, 38.190976], [13.276176, 38.190971], [13.276256, 38.190965], [13.276348, 38.190958], [13.276422, 38.190974], [13.276425, 38.190977], [13.276427, 38.190974], [13.276493, 38.190995], [13.276657, 38.190984]], [[13.277913, 38.188636], [13.277984, 38.188753], [13.27797, 38.188856], [13.277891, 38.188911], [13.27789, 38.188913], [13.277781, 38.188951], [13.277707, 38.189004], [13.277706, 38.189032], [13.277705, 38.189065], [13.277675, 38.189146], [13.277564, 38.189215], [13.277514, 38.189246], [13.277461, 38.189344], [13.277574, 38.189363], [13.277688, 38.189307], [13.277815, 38.189219], [13.277873, 38.189118], [13.277874, 38.189095], [13.277884, 38.189082], [13.277896, 38.189068], [13.277903, 38.18906], [13.278018, 38.188995], [13.278088, 38.188902], [13.278112, 38.188822], [13.278126, 38.18872], [13.278128, 38.188617], [13.278056, 38.188549], [13.277944, 38.188543], [13.277913, 38.188636]], [[13.27776, 38.187753], [13.277862, 38.187766], [13.277927, 38.187752], [13.277918, 38.187719], [13.277845, 38.187674], [13.27773, 38.187658], [13.277596, 38.187652], [13.277476, 38.187643], [13.277334, 38.187597], [13.277263, 38.187655], [13.277257, 38.18772], [13.277358, 38.187744], [13.277483, 38.187738], [13.277645, 38.187737], [13.27776, 38.187753]], [[13.276441, 38.18761], [13.276351, 38.187492], [13.27627, 38.187392], [13.27623, 38.187314], [13.276186, 38.187212], [13.276128, 38.187119], [13.275958, 38.187095], [13.275782, 38.187092], [13.275575, 38.187064], [13.275454, 38.187064], [13.275367, 38.187057], [13.275298, 38.187042], [13.275182, 38.187036], [13.27518, 38.18704], [13.275168, 38.18704], [13.275103, 38.187057], [13.275112, 38.187083], [13.275167, 38.187083], [13.275199, 38.187084], [13.275227, 38.187084], [13.275287, 38.187107], [13.275314, 38.187108], [13.275357, 38.187108], [13.275365, 38.187108], [13.275367, 38.187109], [13.275458, 38.187121], [13.275633, 38.18713], [13.275777, 38.187133], [13.275952, 38.187157], [13.276034, 38.187202], [13.276102, 38.187276], [13.276132, 38.187364], [13.276129, 38.187488], [13.276182, 38.187599], [13.276342, 38.187663], [13.276441, 38.18761]]], [[[13.279615, 38.192895], [13.279588, 38.192905], [13.279608, 38.192891], [13.279626, 38.192874], [13.279615, 38.192895]]]]}, "properties": {"pai_nmr": "040", "bacino": "Area tra F. Oreto e Punta Raisi", "provincia": "PA", "comune": "Palermo", "altri_comu": "Torretta", "localita": "Pizzo Diamante", "sigla": "040-6PM-159", "n_dpr": 91, "data_dpr": "2007-03-27", "pericolo": "0", "ngurs": "26", "dgurs": "2007-06-08", "cls_dissesti_attivita": "Stabilizzato artificialmente o naturalmente", "col_dissesti_attivita": "#ffffbe", "bor_dissesti_attivita": "#000000", "cls_dissesti_tipologia": "Scorrimento", "col_dissesti_tipologia": "#000000", "bor_dissesti_tipologia": "#000000", "pat_dissesti_tipologia": "pai-dissesti_tipologia-3", "sup_ha": 74.0859}}]}