{"type":"FeatureCollection","features":[{"type":"Feature","properties":{"id":"scuola-1","nome":"Allodola","tipo":"Asilo nido","categoria":"","indirizzo":"Via Dell'Allodola 36","quartiere":"Villagrazia-Falsomiele","lon":13.354684,"lat":38.087019,"abbinamento":"vicino"},"geometry":{"type":"Point","coordinates":[13.354684,38.087019]}},{"type":"Feature","properties":{"id":"scuola-2","nome":"Smith","tipo":"Plesso scolastico","categoria":"Istituto comprensivo","indirizzo":"Via Smith Adamo 17","quartiere":"Pallavicino","lon":13.312166,"lat":38.176404,"sede":"Sciacca","sede_indirizzo":"Via De Gobbis Francesco 13","abbinamento":"vicino"},"geometry":{"type":"Point","coordinates":[13.312166,38.176404]}},{"type":"Feature","properties":{"id":"scuola-3","nome":"Armonia","tipo":"Plesso scolastico","categoria":"Istituto comprensivo","indirizzo":"Viale Strasburgo 546","quartiere":"Resuttano-S. Lorenzo","lon":13.321982,"lat":38.161144,"sede":"Florio - San Lorenzo","sede_indirizzo":"Via Di Giovanni Filippo 88","abbinamento":"contenuto"},"geometry":{"type":"Point","coordinates":[13.321982,38.161144]}},{"type":"Feature","properties":{"id":"scuola-4","nome":"l. Rizzo","tipo":"Plesso scolastico","categoria":"Istituto comprensivo","indirizzo":"Via Sergio Papa I 21","quartiere":"Arenella-Vergine Maria","lon":13.370846,"lat":38.1507,"sede":"Arenella","sede_indirizzo":"Lungomare Colombo Cristoforo 240","abbinamento":"vicino"},"geometry":{"type":"Point","coordinates":[13.370846,38.1507]}},{"type":"Feature","properties":{"id":"scuola-5","nome":"Mantegna-Bonanno","tipo":"Sede dell'istituto","categoria":"Istituto comprensivo","indirizzo":"Via Bologni 4","quartiere":"Boccadifalco","lon":13.308334,"lat":38.110347,"sede":"Mantegna-Bonanno","sede_indirizzo":"Via Bologni 4","abbinamento":"vicino"},"geometry":{"type":"Point","coordinates":[13.308334,38.110347]}},{"type":"Feature","properties":{"id":"scuola-6","nome":"Smith","tipo":"Plesso scolastico","categoria":"Istituto comprensivo","indirizzo":"Via Smith Adamo 19","quartiere":"Pallavicino","lon":13.31168,"lat":38.176967,"sede":"Sciacca","sede_indirizzo":"Via De Gobbis Francesco 13","seggio_nome":"Istituto comprensivo L. SCIASCIA","seggio_circoscrizione":"7","seggio_sezioni":"111, 112, 399, 480, 564, 580","seggio_n_sezioni":6,"abbinamento":"vicino"},"geometry":{"type":"Point","coordinates":[13.31168,38.176967]}},{"type":"Feature","properties":{"id":"scuola-7","nome":"Archimede","tipo":"Plesso scolastico","categoria":"Istituto comprensivo","indirizzo":"Piazza Castelnuovo 40","quartiere":"Politeama","lon":13.353792,"lat":38.124282,"sede":"La Masa","sede_indirizzo":"Via Pier Delle Vigne 13","seggio_nome":"Scuola secondaria di I grado ARCHIMEDE","seggio_circoscrizione":"8","seggio_sezioni":"128, 192","seggio_n_sezioni":2,"abbinamento":"vicino"},"geometry":{"type":"Point","coordinates":[13.353792,38.124282]}},{"type":"Feature","properties":{"id":"scuola-8","nome":"La Cittadella","tipo":"Plesso scolastico","categoria":"Direzione didattica","indirizzo":"Largo V.32 1","quartiere":"Villagrazia-Falsomiele","lon":13.368308,"lat":38.094178,"sede":"Salgari","sede_indirizzo":"Via Paratore Giuseppe 34","abbinamento":"contenuto"},"geometry":{"type":"Point","coordinates":[13.368308,38.094178]}},{"type":"Feature","properties":{"id":"scuola-9","nome":"Marconi","tipo":"Sede dell'istituto","categoria":"Istituto comprensivo","indirizzo":"Via Di Giorgio Antonino Gen. 4","quartiere":"Liberta'","lon":13.343357,"lat":38.144057,"sede":"Marconi","sede_indirizzo":"Via Di Giorgio Antonino Gen. 4","abbinamento":"contenuto"},"geometry":{"type":"Point","coordinates":[13.343357,38.144057]}},{"type":"Feature","properties":{"id":"scuola-10","nome":"Sileno","tipo":"Plesso scolastico","categoria":"Istituto comprensivo","indirizzo":"Via Massaia Guglielmo Cardinale 189","quartiere":"Arenella-Vergine Maria","lon":13.371072,"lat":38.15481,"sede":"Arenella","sede_indirizzo":"Lungomare Colombo Cristoforo 240","abbinamento":"vicino"},"geometry":{"type":"Point","coordinates":[13.371072,38.15481]}},{"type":"Feature","properties":{"id":"scuola-11","nome":"Kolbe","tipo":"Plesso scolastico","categoria":"Istituto comprensivo","indirizzo":"Via Padre Massimiliano Kolbe 10","quartiere":"Settecannoli","lon":13.42535,"lat":38.095124,"sede":"R. Guttuso","sede_indirizzo":"Via Messina Marine 811","abbinamento":"contenuto"},"geometry":{"type":"Point","coordinates":[13.42535,38.095124]}},{"type":"Feature","properties":{"id":"scuola-12","nome":"Angelo Custode","tipo":"Plesso scolastico","categoria":"Istituto comprensivo","indirizzo":"Via Villagrazia 40","quartiere":"Oreto-Stazione","lon":13.368482,"lat":38.097351,"sede":"Mare Dolce ex Quasimodo-Oberdan","sede_indirizzo":"Via Fichidindia 6","seggio_nome":"Scuola primaria ANGELO CUSTODE","seggio_circoscrizione":"3","seggio_sezioni":"337, 338","seggio_n_sezioni":2,"abbinamento":"vicino"},"geometry":{"type":"Point","coordinates":[13.368482,38.097351]}},{"type":"Feature","properties":{"id":"scuola-13","nome":"Astorino","tipo":"Plesso scolastico","categoria":"Istituto comprensivo","indirizzo":"Via Astorino Gerardo 21","quartiere":"Pallavicino","lon":13.324508,"lat":38.16521,"sede":"Florio - San Lorenzo","sede_indirizzo":"Via Di Giovanni Filippo 88","seggio_nome":"Scuola secondaria di I grado FLORIOIGNAZIO","seggio_circoscrizione":"6","seggio_sezioni":"312, 413, 414, 415","seggio_n_sezioni":4,"abbinamento":"vicino"},"geometry":{"type":"Point","coordinates":[13.324508,38.16521]}},{"type":"Feature","properties":{"id":"scuola-14","nome":"La Masa","tipo":"Plesso scolastico","categoria":"Istituto comprensivo","indirizzo":"Via La Masa Giuseppe 17","quartiere":"Politeama","lon":13.361676,"lat":38.125516,"sede":"La Masa","sede_indirizzo":"Via Pier Delle Vigne 13","seggio_nome":"Direzione Didattica LA MASA G.","seggio_circoscrizione":"8","seggio_sezioni":"116, 117, 118, 119, 122","seggio_n_sezioni":5,"abbinamento":"vicino"},"geometry":{"type":"Point","coordinates":[13.361676,38.125516]}},{"type":"Feature","properties":{"id":"scuola-15","nome":"Succursale A","tipo":"Plesso scolastico","categoria":"Scuola media statale","indirizzo":"Via Piazza Vito Cesare 14","quartiere":"Mezzomonreale-V.Lla Tasca","lon":13.332352,"lat":38.106328,"sede":"Gramsci","sede_indirizzo":"Via La Loggia Gaetano 214","abbinamento":"vicino"},"geometry":{"type":"Point","coordinates":[13.332352,38.106328]}},{"type":"Feature","properties":{"id":"scuola-16","nome":"Mare Dolce ex Quasimodo-Oberdan","tipo":"Sede dell'istituto","categoria":"Istituto comprensivo","indirizzo":"Via Fichidindia 6","quartiere":"Oreto-Stazione","lon":13.374835,"lat":38.096473,"sede":"Mare Dolce ex Quasimodo-Oberdan","sede_indirizzo":"Via Fichidindia 6","abbinamento":"vicino"},"geometry":{"type":"Point","coordinates":[13.374835,38.096473]}},{"type":"Feature","properties":{"id":"scuola-17","nome":"Maneri - Ingrassia","tipo":"Sede dell'istituto","categoria":"Direzione didattica","indirizzo":"Viale Dei Picciotti 8","quartiere":"Settecannoli","lon":13.38356,"lat":38.103955,"sede":"Maneri - Ingrassia","sede_indirizzo":"Viale Dei Picciotti 8","abbinamento":"vicino"},"geometry":{"type":"Point","coordinates":[13.38356,38.103955]}},{"type":"Feature","properties":{"id":"scuola-18","nome":"Setti Carraro","tipo":"Plesso scolastico","categoria":"Istituto comprensivo","indirizzo":"Via Tiepolo Giovan Battista 4","quartiere":"Uditore-Passo Di Rigano","lon":13.321953,"lat":38.135004,"sede":"Uditore - Setti Carraro","sede_indirizzo":"Via Cimabue Giovanni 20","abbinamento":"contenuto"},"geometry":{"type":"Point","coordinates":[13.321953,38.135004]}},{"type":"Feature","properties":{"id":"scuola-19","nome":"Jack London","tipo":"Plesso scolastico","categoria":"Istituto comprensivo","indirizzo":"Via London Jack 1","quartiere":"Tommaso Natale-Sferracavallo","lon":13.29165,"lat":38.189199,"sede":"A. Caponnetto","sede_indirizzo":"Via Socrate 11","abbinamento":"contenuto"},"geometry":{"type":"Point","coordinates":[13.29165,38.189199]}},{"type":"Feature","properties":{"id":"scuola-20","nome":"Alongi","tipo":"Plesso scolastico","categoria":"Direzione didattica","indirizzo":"Via Alongi Nicolo' 8","quartiere":"Oreto-Stazione","lon":13.377489,"lat":38.094037,"sede":"Salgari","sede_indirizzo":"Via Paratore Giuseppe 34","abbinamento":"vicino"},"geometry":{"type":"Point","coordinates":[13.377489,38.094037]}},{"type":"Feature","properties":{"id":"scuola-21","nome":"Barone Scala","tipo":"Plesso scolastico","categoria":"Istituto comprensivo","indirizzo":"Baglio Barone Della Scala 7","quartiere":"Villagrazia-Falsomiele","lon":13.34655,"lat":38.085029,"sede":"Giuseppe Scelsa","sede_indirizzo":"Via Villani Giovanni","abbinamento":"contenuto"},"geometry":{"type":"Point","coordinates":[13.34655,38.085029]}},{"type":"Feature","properties":{"id":"scuola-22","nome":"Lambruschini","tipo":"Plesso scolastico","categoria":"Istituto comprensivo","indirizzo":"Via Don Giovanni Minzoni 3","quartiere":"Monte Pellegrino","lon":13.34992,"lat":38.145571,"sede":"Marconi","sede_indirizzo":"Via Di Giorgio Antonino Gen. 4","abbinamento":"contenuto"},"geometry":{"type":"Point","coordinates":[13.34992,38.145571]}},{"type":"Feature","properties":{"id":"scuola-23","nome":"Succursale B","tipo":"Plesso scolastico","categoria":"Scuola media statale","indirizzo":"Via Arcoleo Giuseppe 78","quartiere":"Mezzomonreale-V.Lla Tasca","lon":13.333174,"lat":38.106859,"sede":"Gramsci","sede_indirizzo":"Via La Loggia Gaetano 214","seggio_nome":"Scuola secondaria di I grado GRAMSCI ANTONIO","seggio_circoscrizione":"4","seggio_sezioni":"93, 351, 495","seggio_n_sezioni":3,"abbinamento":"vicino"},"geometry":{"type":"Point","coordinates":[13.333174,38.106859]}},{"type":"Feature","properties":{"id":"scuola-24","nome":"Mattarella","tipo":"Sede dell'istituto","categoria":"Istituto comprensivo","indirizzo":"Via Della Giraffa","quartiere":"Villagrazia-Falsomiele","lon":13.360969,"lat":38.083583,"sede":"Mattarella","sede_indirizzo":"Via Della Giraffa","abbinamento":"contenuto"},"geometry":{"type":"Point","coordinates":[13.360969,38.083583]}},{"type":"Feature","properties":{"id":"scuola-25","nome":"Lombardo Radice - Mazzini","tipo":"Sede dell'istituto","categoria":"Istituto comprensivo","indirizzo":"Corso Calatafimi 241/A","quartiere":"Cuba-Calatafimi","lon":13.343843,"lat":38.108752,"sede":"Lombardo Radice - Mazzini","sede_indirizzo":"Corso Calatafimi 241/A","abbinamento":"contenuto"},"geometry":{"type":"Point","coordinates":[13.343843,38.108752]}},{"type":"Feature","properties":{"id":"scuola-26","nome":"Serportta","tipo":"Plesso scolastico","categoria":"Istituto comprensivo","indirizzo":"Via Pier Delle Vigne 8","quartiere":"Politeama","lon":13.357965,"lat":38.130407,"sede":"La Masa","sede_indirizzo":"Via Pier Delle Vigne 13","abbinamento":"vicino"},"geometry":{"type":"Point","coordinates":[13.357965,38.130407]}},{"type":"Feature","properties":{"id":"scuola-27","nome":"Irrera","tipo":"Plesso scolastico","categoria":"Direzione didattica","indirizzo":"Viale Regione Siciliana N.O. 165","quartiere":"Mezzomonreale-V.Lla Tasca","lon":13.331241,"lat":38.104743,"sede":"Ragusa Moletti","sede_indirizzo":"Via Ragusa Moleti 8","abbinamento":"vicino"},"geometry":{"type":"Point","coordinates":[13.331241,38.104743]}},{"type":"Feature","properties":{"id":"scuola-28","nome":"Aloi","tipo":"Plesso scolastico","categoria":"Direzione didattica","indirizzo":"Via Moneta Ernesto Teodoro","quartiere":"Villagrazia-Falsomiele","lon":13.352939,"lat":38.085449,"sede":"T. Bartolomeo","sede_indirizzo":"Via Del Castoro 13","abbinamento":"vicino"},"geometry":{"type":"Point","coordinates":[13.352939,38.085449]}},{"type":"Feature","properties":{"id":"scuola-29","nome":"Baviera","tipo":"Plesso scolastico","categoria":"Istituto comprensivo","indirizzo":"Via Baviera Giovanni 22","quartiere":"Uditore-Passo Di Rigano","lon":13.325576,"lat":38.120264,"sede":"Elena","sede_indirizzo":"Via Ustica 46","seggio_nome":"Istituto Comprensivo PRINCIPESSA ELENA DI NAPOLI","seggio_circoscrizione":"5","seggio_sezioni":"133*, 253","seggio_n_sezioni":2,"abbinamento":"vicino"},"geometry":{"type":"Point","coordinates":[13.325576,38.120264]}},{"type":"Feature","properties":{"id":"scuola-30","nome":"Largo Ercole","tipo":"Plesso scolastico","categoria":"Istituto comprensivo","indirizzo":"Largo Ercole Pietro 5","quartiere":"Oreto-Stazione","lon":13.372764,"lat":38.100108,"sede":"Mare Dolce ex Quasimodo-Oberdan","sede_indirizzo":"Via Fichidindia 6","abbinamento":"contenuto"},"geometry":{"type":"Point","coordinates":[13.372764,38.100108]}},{"type":"Feature","properties":{"id":"scuola-31","nome":"Sunseri","tipo":"Plesso scolastico","categoria":"Direzione didattica","indirizzo":"Via Sunseri Giuseppe 19","quartiere":"Cuba-Calatafimi","lon":13.339017,"lat":38.107355,"sede":"Ragusa Moletti","sede_indirizzo":"Via Ragusa Moleti 8","seggio_nome":"Scuola primaria SUNSERI","seggio_circoscrizione":"4","seggio_sezioni":"42, 365, 506","seggio_n_sezioni":3,"abbinamento":"contenuto"},"geometry":{"type":"Point","coordinates":[13.339017,38.107355]}},{"type":"Feature","properties":{"id":"scuola-32","nome":"Montegrappa - Sanzio","tipo":"Sede dell'istituto","categoria":"Istituto comprensivo","indirizzo":"Via Deodato Pier Luigi 3","quartiere":"Montegrappa-S.Rosalia","lon":13.345609,"lat":38.095391,"sede":"Montegrappa - Sanzio","sede_indirizzo":"Via Deodato Pier Luigi 3","abbinamento":"contenuto"},"geometry":{"type":"Point","coordinates":[13.345609,38.095391]}},{"type":"Feature","properties":{"id":"scuola-33","nome":"La Masa","tipo":"Sede dell'istituto","categoria":"Istituto comprensivo","indirizzo":"Via Pier Delle Vigne 13","quartiere":"Politeama","lon":13.358649,"lat":38.130558,"sede":"La Masa","sede_indirizzo":"Via Pier Delle Vigne 13","seggio_nome":"Istituto comprensivo FEDERICO II","seggio_circoscrizione":"8","seggio_sezioni":"126, 132, 135, 139, 140, 553","seggio_n_sezioni":6,"abbinamento":"contenuto"},"geometry":{"type":"Point","coordinates":[13.358649,38.130558]}},{"type":"Feature","properties":{"id":"scuola-34","nome":"Scipione Di Castro","tipo":"Plesso scolastico","categoria":"Istituto comprensivo","indirizzo":"Via Di Castro Scipione 22","quartiere":"Zisa","lon":13.342612,"lat":38.112822,"sede":"Colozza - Bonfiglio","sede_indirizzo":"Via Imera 32","seggio_nome":"Scuola primaria SCIPIONE DI CASTRO","seggio_circoscrizione":"5","seggio_sezioni":"235, 241, 242, 245, 246","seggio_n_sezioni":5,"abbinamento":"vicino"},"geometry":{"type":"Point","coordinates":[13.342612,38.112822]}},{"type":"Feature","properties":{"id":"scuola-35","nome":"Ingrassia","tipo":"Plesso scolastico","categoria":"Direzione didattica","indirizzo":"Via Statella Vincenzo 21","quartiere":"Settecannoli","lon":13.382973,"lat":38.103742,"sede":"Maneri - Ingrassia","sede_indirizzo":"Viale Dei Picciotti 8","abbinamento":"vicino"},"geometry":{"type":"Point","coordinates":[13.382973,38.103742]}},{"type":"Feature","properties":{"id":"scuola-36","nome":"Agostino","tipo":"Plesso scolastico","categoria":"Istituto comprensivo","indirizzo":"Via Sacco E Vanzetti 42","quartiere":"Settecannoli","lon":13.407035,"lat":38.097636,"sede":"Sperone - Pertini","sede_indirizzo":"Via Giannotta Nicolo' 4","abbinamento":"vicino"},"geometry":{"type":"Point","coordinates":[13.407035,38.097636]}},{"type":"Feature","properties":{"id":"scuola-37","nome":"Belpasso","tipo":"Plesso scolastico","categoria":"Istituto comprensivo","indirizzo":"Via Altofonte","quartiere":"","lon":13.323915,"lat":38.064442,"sede":"Giuseppe Scelsa","sede_indirizzo":"Via Villani Giovanni","abbinamento":"nessuno"},"geometry":{"type":"Point","coordinates":[13.323915,38.064442]}},{"type":"Feature","properties":{"id":"scuola-38","nome":"Li Bassi","tipo":"Plesso scolastico","categoria":"Istituto comprensivo","indirizzo":"Via Li Bassi Giuseppe 22","quartiere":"Montegrappa-S.Rosalia","lon":13.353293,"lat":38.101691,"sede":"Montegrappa - Sanzio","sede_indirizzo":"Via Deodato Pier Luigi 3","abbinamento":"vicino"},"geometry":{"type":"Point","coordinates":[13.353293,38.101691]}},{"type":"Feature","properties":{"id":"scuola-39","nome":"T. Bartolomeo","tipo":"Plesso scolastico","categoria":"Direzione didattica","indirizzo":"Via S. Maria Di Gesu' 89","quartiere":"Villagrazia-Falsomiele","lon":13.377568,"lat":38.084127,"sede":"T. Bartolomeo","sede_indirizzo":"Via Del Castoro 13","abbinamento":"vicino"},"geometry":{"type":"Point","coordinates":[13.377568,38.084127]}},{"type":"Feature","properties":{"id":"scuola-40","nome":"Monti Iblei","tipo":"Sede dell'istituto","categoria":"Direzione didattica","indirizzo":"Via Monte S. Calogero 20","quartiere":"Resuttano-S. Lorenzo","lon":13.325533,"lat":38.152651,"sede":"Monti Iblei","sede_indirizzo":"Via Monte S. Calogero 20","abbinamento":"contenuto"},"geometry":{"type":"Point","coordinates":[13.325533,38.152651]}},{"type":"Feature","properties":{"id":"scuola-41","nome":"L. Da Vinci - Carducci","tipo":"Sede dell'istituto","categoria":"Istituto comprensivo","indirizzo":"Via Di Giorgi Ferdinando 48","quartiere":"Uditore-Passo Di Rigano","lon":13.326051,"lat":38.125912,"sede":"L. Da Vinci - Carducci","sede_indirizzo":"Via Di Giorgi Ferdinando 48","abbinamento":"vicino"},"geometry":{"type":"Point","coordinates":[13.326051,38.125912]}},{"type":"Feature","properties":{"id":"scuola-42","nome":"Savonarola","tipo":"Plesso scolastico","categoria":"Istituto comprensivo","indirizzo":"Via Savonarola Girolamo 20","quartiere":"Uditore-Passo Di Rigano","lon":13.320737,"lat":38.120403,"sede":"Mantegna-Bonanno","sede_indirizzo":"Via Bologni 4","abbinamento":"contenuto"},"geometry":{"type":"Point","coordinates":[13.320737,38.120403]}},{"type":"Feature","properties":{"id":"scuola-43","nome":"Industriale","tipo":"Plesso scolastico","categoria":"Istituto comprensivo","indirizzo":"Via S. Alberto Degli Abati 2","quartiere":"Settecannoli","lon":13.399691,"lat":38.095275,"sede":"Di Vittorio","sede_indirizzo":"Viale Di Vittorio Giuseppe 11","abbinamento":"vicino"},"geometry":{"type":"Point","coordinates":[13.399691,38.095275]}},{"type":"Feature","properties":{"id":"scuola-44","nome":"Agazzi","tipo":"Plesso scolastico","categoria":"Istituto comprensivo","indirizzo":"Piazzale Pirandello Fausto 17","quartiere":"Borgo Nuovo","lon":13.294583,"lat":38.135311,"sede":"Russo","sede_indirizzo":"Via Tindari 52","abbinamento":"contenuto"},"geometry":{"type":"Point","coordinates":[13.294583,38.135311]}},{"type":"Feature","properties":{"id":"scuola-45","nome":"Bentivegna","tipo":"Plesso scolastico","categoria":"Istituto comprensivo","indirizzo":"Via S. Lorenzo 89","quartiere":"Resuttano-S. Lorenzo","lon":13.327817,"lat":38.160725,"sede":"Florio - San Lorenzo","sede_indirizzo":"Via Di Giovanni Filippo 88","abbinamento":"vicino"},"geometry":{"type":"Point","coordinates":[13.327817,38.160725]}},{"type":"Feature","properties":{"id":"scuola-46","nome":"Lionti","tipo":"Plesso scolastico","categoria":"Istituto comprensivo","indirizzo":"Largo Lionti Ferdinando 7","quartiere":"Oreto-Stazione","lon":13.371869,"lat":38.101335,"sede":"Mare Dolce ex Quasimodo-Oberdan","sede_indirizzo":"Via Fichidindia 6","abbinamento":"vicino"},"geometry":{"type":"Point","coordinates":[13.371869,38.101335]}},{"type":"Feature","properties":{"id":"scuola-47","nome":"T. Lampedusa","tipo":"Plesso scolastico","categoria":"Istituto comprensivo","indirizzo":"Viale Leonardo Da Vinci 504","quartiere":"Uditore-Passo Di Rigano","lon":13.310834,"lat":38.126344,"sede":"T. Lampedusa","sede_indirizzo":"Via Dogali","seggio_nome":"Scuola primaria TOMASI DI LAMPEDUSA","seggio_circoscrizione":"5","seggio_sezioni":"451, 455, 472, 552","seggio_n_sezioni":4,"abbinamento":"contenuto"},"geometry":{"type":"Point","coordinates":[13.310834,38.126344]}},{"type":"Feature","properties":{"id":"scuola-48","nome":"Nazario Sauro","tipo":"Sede dell'istituto","categoria":"Direzione didattica","indirizzo":"Via Padre Giuseppe Puglisi 20","quartiere":"Settecannoli","lon":13.386998,"lat":38.103714,"sede":"Nazario Sauro","sede_indirizzo":"Via Padre Giuseppe Puglisi 20","abbinamento":"contenuto"},"geometry":{"type":"Point","coordinates":[13.386998,38.103714]}},{"type":"Feature","properties":{"id":"scuola-49","nome":"L. Da Vinci","tipo":"Sede dell'istituto","categoria":"Scuola media statale","indirizzo":"Via Serradifalco 190","quartiere":"Noce","lon":13.337581,"lat":38.126739,"sede":"L. Da Vinci","sede_indirizzo":"Via Serradifalco 190","seggio_nome":"Scuola secondaria di I grado LEONARDO DA VINCI","seggio_circoscrizione":"5","seggio_sezioni":"30*, 150, 236, 462, 547, 579, 596","seggio_n_sezioni":7,"abbinamento":"vicino"},"geometry":{"type":"Point","coordinates":[13.337581,38.126739]}},{"type":"Feature","properties":{"id":"scuola-50","nome":"Savio","tipo":"Plesso scolastico","categoria":"Direzione didattica","indirizzo":"Viale Della Resurrezione 1","quartiere":"Pallavicino","lon":13.327429,"lat":38.170769,"sede":"Alessandra Siracusa","sede_indirizzo":"Via Cagni Umberto Ammiraglio 40","seggio_nome":"Scuola primaria SAN DOMENICOSAVIO","seggio_circoscrizione":"7","seggio_sezioni":"268, 397, 398*, 494, 563, 600","seggio_n_sezioni":6,"abbinamento":"contenuto"},"geometry":{"type":"Point","coordinates":[13.327429,38.170769]}},{"type":"Feature","properties":{"id":"scuola-51","nome":"Impastato","tipo":"Plesso scolastico","categoria":"Istituto comprensivo","indirizzo":"Via Di Martino Girolamo 48","quartiere":"Noce","lon":13.337815,"lat":38.123175,"sede":"Manzoni - P. Impastato","sede_indirizzo":"Via Serradifalco 3","abbinamento":"contenuto"},"geometry":{"type":"Point","coordinates":[13.337815,38.123175]}},{"type":"Feature","properties":{"id":"scuola-52","nome":"Abba","tipo":"Plesso scolastico","categoria":"Istituto comprensivo","indirizzo":"Via Giordano Calcedonio 1","quartiere":"Monte Pellegrino","lon":13.365952,"lat":38.143874,"sede":"Abba - Alighieri","sede_indirizzo":"Via Marturano Ruggero 77","seggio_nome":"Scuola primaria ABBA CESARE","seggio_circoscrizione":"8","seggio_sezioni":"17, 131, 424, 425, 427","seggio_n_sezioni":5,"abbinamento":"vicino"},"geometry":{"type":"Point","coordinates":[13.365952,38.143874]}},{"type":"Feature","properties":{"id":"scuola-53","nome":"Bernini","tipo":"Plesso scolastico","categoria":"Istituto comprensivo","indirizzo":"Via Papaleo Pietro 8","quartiere":"Uditore-Passo Di Rigano","lon":13.321994,"lat":38.136036,"sede":"Uditore - Setti Carraro","sede_indirizzo":"Via Cimabue Giovanni 20","seggio_nome":"Scuola primaria BERNINI","seggio_circoscrizione":"5","seggio_sezioni":"77*, 252, 452","seggio_n_sezioni":3,"abbinamento":"contenuto"},"geometry":{"type":"Point","coordinates":[13.321994,38.136036]}},{"type":"Feature","properties":{"id":"scuola-54","nome":"Livio Bassi","tipo":"Plesso scolastico","categoria":"Istituto comprensivo","indirizzo":"Salita Castellana 65","quartiere":"Uditore-Passo Di Rigano","lon":13.313738,"lat":38.127513,"sede":"Buonarroti","sede_indirizzo":"Via Tembien 1","abbinamento":"contenuto"},"geometry":{"type":"Point","coordinates":[13.313738,38.127513]}},{"type":"Feature","properties":{"id":"scuola-55","nome":"T. Natale","tipo":"Plesso scolastico","categoria":"Istituto comprensivo","indirizzo":"Via Limone 19","quartiere":"Tommaso Natale-Sferracavallo","lon":13.284075,"lat":38.189081,"sede":"A. Caponnetto","sede_indirizzo":"Via Socrate 11","seggio_nome":"Scuola primaria TOMMASONATALE","seggio_circoscrizione":"","seggio_sezioni":"285, 382, 383, 565","seggio_n_sezioni":4,"abbinamento":"contenuto"},"geometry":{"type":"Point","coordinates":[13.284075,38.189081]}},{"type":"Feature","properties":{"id":"scuola-56","nome":"Nuccio - Verga","tipo":"Sede dell'istituto","categoria":"Istituto comprensivo","indirizzo":"Piazza Dell'Origlione 10","quartiere":"Palazzo Reale -M.Te Di Pieta","lon":13.357894,"lat":38.112987,"sede":"Nuccio - Verga","sede_indirizzo":"Piazza Dell'Origlione 10","abbinamento":"contenuto"},"geometry":{"type":"Point","coordinates":[13.357894,38.112987]}},{"type":"Feature","properties":{"id":"scuola-57","nome":"Karol Wojtyla","tipo":"Sede dell'istituto","categoria":"Istituto comprensivo","indirizzo":"Via Dell'Arsenale 52","quartiere":"Monte Pellegrino","lon":13.363663,"lat":38.135639,"sede":"Karol Wojtyla","sede_indirizzo":"Via Dell'Arsenale 52","abbinamento":"vicino"},"geometry":{"type":"Point","coordinates":[13.363663,38.135639]}},{"type":"Feature","properties":{"id":"scuola-58","nome":"Santa Cristina","tipo":"Plesso scolastico","categoria":"Istituto comprensivo","indirizzo":"Via Sperone","quartiere":"Borgo Nuovo","lon":13.297981,"lat":38.129338,"sede":"Rita Levi Montalcini","sede_indirizzo":"Piazza S. Paolo 4","abbinamento":"vicino"},"geometry":{"type":"Point","coordinates":[13.297981,38.129338]}},{"type":"Feature","properties":{"id":"scuola-59","nome":"Ilaria Alpi","tipo":"Plesso scolastico","categoria":"Istituto comprensivo","indirizzo":"Corso Dei Mille 1672","quartiere":"Brancaccio-Ciaculli","lon":13.41762,"lat":38.070341,"sede":"Padre Puglisi","sede_indirizzo":"Via Panzera Francesco 28","seggio_nome":"Scuola primaria ILARIA ALPI","seggio_circoscrizione":"2","seggio_sezioni":"331, 490","seggio_n_sezioni":2,"abbinamento":"contenuto"},"geometry":{"type":"Point","coordinates":[13.41762,38.070341]}},{"type":"Feature","properties":{"id":"scuola-60","nome":"A. Sole","tipo":"Plesso scolastico","categoria":"Istituto comprensivo","indirizzo":"Via Molara 30","quartiere":"Mezzomonreale-V.Lla Tasca","lon":13.310999,"lat":38.080692,"sede":"Giuseppe Scelsa","sede_indirizzo":"Via Villani Giovanni","seggio_nome":"Scuola primaria ANDREA SOLE","seggio_circoscrizione":"4","seggio_sezioni":"11, 362, 516","seggio_n_sezioni":3,"abbinamento":"contenuto"},"geometry":{"type":"Point","coordinates":[13.310999,38.080692]}},{"type":"Feature","properties":{"id":"scuola-61","nome":"Bonanno","tipo":"Plesso scolastico","categoria":"Istituto comprensivo","indirizzo":"Via Pitre' Giuseppe 183","quartiere":"Altarello","lon":13.328088,"lat":38.110628,"sede":"Mantegna-Bonanno","sede_indirizzo":"Via Bologni 4","abbinamento":"vicino"},"geometry":{"type":"Point","coordinates":[13.328088,38.110628]}},{"type":"Feature","properties":{"id":"scuola-62","nome":"Luinetti","tipo":"Plesso scolastico","categoria":"Istituto comprensivo","indirizzo":"Via Pescia","quartiere":"Pallavicino","lon":13.319709,"lat":38.179201,"sede":"Falcone Zen 2","sede_indirizzo":"Via Marchese Nicolo' Pensabene 34","abbinamento":"vicino"},"geometry":{"type":"Point","coordinates":[13.319709,38.179201]}},{"type":"Feature","properties":{"id":"scuola-63","nome":"Terenzio","tipo":"Plesso scolastico","categoria":"Istituto comprensivo","indirizzo":"Via Terenzio Publio 4","quartiere":"Tommaso Natale-Sferracavallo","lon":13.27748,"lat":38.198456,"sede":"Sferracavallo","sede_indirizzo":"Via Tacito 34","abbinamento":"vicino"},"geometry":{"type":"Point","coordinates":[13.27748,38.198456]}},{"type":"Feature","properties":{"id":"scuola-64","nome":"Orestano","tipo":"Sede dell'istituto","categoria":"Direzione didattica","indirizzo":"Via Conte Federico 3","quartiere":"Brancaccio-Ciaculli","lon":13.384243,"lat":38.094484,"sede":"Orestano","sede_indirizzo":"Via Conte Federico 3","abbinamento":"contenuto"},"geometry":{"type":"Point","coordinates":[13.384243,38.094484]}},{"type":"Feature","properties":{"id":"scuola-65","nome":"Gramsci","tipo":"Sede dell'istituto","categoria":"Scuola media statale","indirizzo":"Via La Loggia Gaetano 214","quartiere":"Mezzomonreale-V.Lla Tasca","lon":13.330649,"lat":38.106364,"sede":"Gramsci","sede_indirizzo":"Via La Loggia Gaetano 214","abbinamento":"contenuto"},"geometry":{"type":"Point","coordinates":[13.330649,38.106364]}},{"type":"Feature","properties":{"id":"scuola-66","nome":"San Lorenzo","tipo":"Plesso scolastico","categoria":"Istituto comprensivo","indirizzo":"Via S. Lorenzo 89","quartiere":"Resuttano-S. Lorenzo","lon":13.327334,"lat":38.160904,"sede":"Florio - San Lorenzo","sede_indirizzo":"Via Di Giovanni Filippo 88","abbinamento":"vicino"},"geometry":{"type":"Point","coordinates":[13.327334,38.160904]}},{"type":"Feature","properties":{"id":"scuola-67","nome":"Ievolella","tipo":"Plesso scolastico","categoria":"Istituto comprensivo","indirizzo":"Via Serradifalco 3","quartiere":"Zisa","lon":13.340854,"lat":38.120568,"sede":"Manzoni - P. Impastato","sede_indirizzo":"Via Serradifalco 3","abbinamento":"vicino"},"geometry":{"type":"Point","coordinates":[13.340854,38.120568]}},{"type":"Feature","properties":{"id":"scuola-68","nome":"Tornatore","tipo":"Asilo nido","categoria":"","indirizzo":"Via Bramante Donato 17","quartiere":"Uditore-Passo Di Rigano","lon":13.325623,"lat":38.126635,"abbinamento":"vicino"},"geometry":{"type":"Point","coordinates":[13.325623,38.126635]}},{"type":"Feature","properties":{"id":"scuola-69","nome":"Bonfiglio","tipo":"Plesso scolastico","categoria":"Istituto comprensivo","indirizzo":"Via Imera 145","quartiere":"Cuba-Calatafimi","lon":13.349639,"lat":38.113289,"sede":"Colozza - Bonfiglio","sede_indirizzo":"Via Imera 32","abbinamento":"contenuto"},"geometry":{"type":"Point","coordinates":[13.349639,38.113289]}},{"type":"Feature","properties":{"id":"scuola-70","nome":"M.T. di Calcutta","tipo":"Plesso scolastico","categoria":"Istituto comprensivo","indirizzo":"Via Fiume 14","quartiere":"Tribunali Castellammare","lon":13.364442,"lat":38.111909,"sede":"Perez - M.T. di Calcutta","sede_indirizzo":"Via Errante Vincenzo 1","seggio_nome":"Istituto Comprensivo MADRE TERESA DI CALCUTTA","seggio_circoscrizione":"1","seggio_sezioni":"1, 5, 581","seggio_n_sezioni":3,"abbinamento":"vicino"},"geometry":{"type":"Point","coordinates":[13.364442,38.111909]}},{"type":"Feature","properties":{"id":"scuola-71","nome":"Titone","tipo":"Plesso scolastico","categoria":"Direzione didattica","indirizzo":"Via Titone Michele 45","quartiere":"Cuba-Calatafimi","lon":13.338308,"lat":38.107138,"sede":"Ragusa Moletti","sede_indirizzo":"Via Ragusa Moleti 8","abbinamento":"contenuto"},"geometry":{"type":"Point","coordinates":[13.338308,38.107138]}},{"type":"Feature","properties":{"id":"scuola-72","nome":"P. Mondello","tipo":"Sede dell'istituto","categoria":"Direzione didattica","indirizzo":"Via Santocanale 23/B","quartiere":"Partanna Mondello","lon":13.30844,"lat":38.198027,"sede":"P. Mondello","sede_indirizzo":"Via Santocanale 23/B","abbinamento":"contenuto"},"geometry":{"type":"Point","coordinates":[13.30844,38.198027]}},{"type":"Feature","properties":{"id":"scuola-73","nome":"Giuseppe Scelsa","tipo":"Sede dell'istituto","categoria":"Istituto comprensivo","indirizzo":"Via Villani Giovanni","quartiere":"Mezzomonreale-V.Lla Tasca","lon":13.332139,"lat":38.092054,"sede":"Giuseppe Scelsa","sede_indirizzo":"Via Villani Giovanni","abbinamento":"contenuto"},"geometry":{"type":"Point","coordinates":[13.332139,38.092054]}},{"type":"Feature","properties":{"id":"scuola-74","nome":"San Ciro 48/A","tipo":"Plesso scolastico","categoria":"Direzione didattica","indirizzo":"Via S. Ciro 48/A","quartiere":"Brancaccio-Ciaculli","lon":13.384427,"lat":38.093585,"sede":"Orestano","sede_indirizzo":"Via Conte Federico 3","abbinamento":"contenuto"},"geometry":{"type":"Point","coordinates":[13.384427,38.093585]}},{"type":"Feature","properties":{"id":"scuola-75","nome":"Guzzardi","tipo":"Plesso scolastico","categoria":"Istituto comprensivo","indirizzo":"Via Sferracavallo 91","quartiere":"Tommaso Natale-Sferracavallo","lon":13.28344,"lat":38.192718,"sede":"Sferracavallo","sede_indirizzo":"Via Tacito 34","abbinamento":"vicino"},"geometry":{"type":"Point","coordinates":[13.28344,38.192718]}},{"type":"Feature","properties":{"id":"scuola-76","nome":"Topolino","tipo":"Asilo nido","categoria":"","indirizzo":"Via Eugenio L'Emiro","quartiere":"Zisa","lon":13.335435,"lat":38.113369,"abbinamento":"contenuto"},"geometry":{"type":"Point","coordinates":[13.335435,38.113369]}},{"type":"Feature","properties":{"id":"scuola-77","nome":"Borsellino","tipo":"Plesso scolastico","categoria":"Istituto comprensivo","indirizzo":"Piazza Pietro Micca 1","quartiere":"Boccadifalco","lon":13.308307,"lat":38.10972,"sede":"Mantegna-Bonanno","sede_indirizzo":"Via Bologni 4","abbinamento":"contenuto"},"geometry":{"type":"Point","coordinates":[13.308307,38.10972]}},{"type":"Feature","properties":{"id":"scuola-78","nome":"Maestri Del Lavoro","tipo":"Plesso scolastico","categoria":"Direzione didattica","indirizzo":"Via Maestri Del Lavoro 42","quartiere":"Oreto-Stazione","lon":13.370149,"lat":38.103174,"sede":"Rosolino Pilo","sede_indirizzo":"Via La Franca Sebastiano 70","abbinamento":"contenuto"},"geometry":{"type":"Point","coordinates":[13.370149,38.103174]}},{"type":"Feature","properties":{"id":"scuola-79","nome":"Trinacria","tipo":"Plesso scolastico","categoria":"Direzione didattica","indirizzo":"Via Trinacria 1","quartiere":"Resuttano-S. Lorenzo","lon":13.33852,"lat":38.147055,"sede":"Garzilli","sede_indirizzo":"Via Isonzo 7","seggio_nome":"Scuola primaria TRINACRIA","seggio_circoscrizione":"6","seggio_sezioni":"62, 94, 404*, 513, 557","seggio_n_sezioni":5,"abbinamento":"vicino"},"geometry":{"type":"Point","coordinates":[13.33852,38.147055]}},{"type":"Feature","properties":{"id":"scuola-80","nome":"Padre Puglisi","tipo":"Sede dell'istituto","categoria":"Istituto comprensivo","indirizzo":"Via Panzera Francesco 28","quartiere":"Brancaccio-Ciaculli","lon":13.386391,"lat":38.09431,"sede":"Padre Puglisi","sede_indirizzo":"Via Panzera Francesco 28","abbinamento":"contenuto"},"geometry":{"type":"Point","coordinates":[13.386391,38.09431]}},{"type":"Feature","properties":{"id":"scuola-81","nome":"Giuliana - Saladino","tipo":"Sede dell'istituto","categoria":"Istituto comprensivo","indirizzo":"Via Barisano Da Trani 7","quartiere":"Cruillas-Cep","lon":13.311154,"lat":38.135839,"sede":"Giuliana - Saladino","sede_indirizzo":"Via Barisano Da Trani 7","seggio_nome":"Scuola primaria F. CRISPI – INGR. PADIGLIONE 2","seggio_circoscrizione":"6","seggio_sezioni":"55, 78, 107, 524, 599","seggio_n_sezioni":5,"abbinamento":"vicino"},"geometry":{"type":"Point","coordinates":[13.311154,38.135839]}},{"type":"Feature","properties":{"id":"scuola-82","nome":"San Ciro 48","tipo":"Plesso scolastico","categoria":"Direzione didattica","indirizzo":"Via S. Ciro 48","quartiere":"Brancaccio-Ciaculli","lon":13.383949,"lat":38.094075,"sede":"Orestano","sede_indirizzo":"Via Conte Federico 3","abbinamento":"vicino"},"geometry":{"type":"Point","coordinates":[13.383949,38.094075]}},{"type":"Feature","properties":{"id":"scuola-83","nome":"Giovanni XXIII (Ex Trieste)","tipo":"Plesso scolastico","categoria":"Istituto comprensivo","indirizzo":"Via Sampolo 63","quartiere":"Liberta'","lon":13.352163,"lat":38.139862,"sede":"Giovanni XXIII - Piazzi","sede_indirizzo":"Via Ruzzolone Pietro 50","seggio_nome":"Direzione Didattica GIOVANNI XXIII","seggio_circoscrizione":"8","seggio_sezioni":"33, 153, 428*, 429, 511, 532, 533","seggio_n_sezioni":7,"abbinamento":"contenuto"},"geometry":{"type":"Point","coordinates":[13.352163,38.139862]}},{"type":"Feature","properties":{"id":"scuola-84","nome":"Tom &amp; Jerry","tipo":"Asilo nido","categoria":"","indirizzo":"Viale Leonardo Da Vinci 83/A","quartiere":"Malaspina-Palagonia","lon":13.335372,"lat":38.13036,"abbinamento":"vicino"},"geometry":{"type":"Point","coordinates":[13.335372,38.13036]}},{"type":"Feature","properties":{"id":"scuola-85","nome":"Borsellino","tipo":"Plesso scolastico","categoria":"Istituto comprensivo","indirizzo":"Largo Camastra 7","quartiere":"Borgo Nuovo","lon":13.296704,"lat":38.127511,"sede":"Rita Levi Montalcini","sede_indirizzo":"Piazza S. Paolo 4","abbinamento":"contenuto"},"geometry":{"type":"Point","coordinates":[13.296704,38.127511]}},{"type":"Feature","properties":{"id":"scuola-86","nome":"Malaguzzi","tipo":"Plesso scolastico","categoria":"Direzione didattica","indirizzo":"Via Monti Iblei 49","quartiere":"Resuttano-S. Lorenzo","lon":13.328646,"lat":38.14831,"sede":"Monti Iblei","sede_indirizzo":"Via Monte S. Calogero 20","abbinamento":"vicino"},"geometry":{"type":"Point","coordinates":[13.328646,38.14831]}},{"type":"Feature","properties":{"id":"scuola-87","nome":"Turrisi Colonna - Corpo A","tipo":"Plesso scolastico","categoria":"Istituto comprensivo","indirizzo":"Piazza Gran Cancelliere 1","quartiere":"Palazzo Reale -M.Te Di Pieta","lon":13.359525,"lat":38.116107,"sede":"Rita Atria","sede_indirizzo":"Largo Cavalieri Di Malta 9","seggio_nome":"Direzione Didattica TURRISI COLONNA","seggio_circoscrizione":"1","seggio_sezioni":"12, 57, 63, 72, 76","seggio_n_sezioni":5,"abbinamento":"contenuto"},"geometry":{"type":"Point","coordinates":[13.359525,38.116107]}},{"type":"Feature","properties":{"id":"scuola-88","nome":"Pecoraro","tipo":"Sede dell'istituto","categoria":"Scuola media statale","indirizzo":"Viale De Gasperi Alcide 110","quartiere":"Resuttano-S. Lorenzo","lon":13.330994,"lat":38.148021,"sede":"Pecoraro","sede_indirizzo":"Viale De Gasperi Alcide 110","abbinamento":"contenuto"},"geometry":{"type":"Point","coordinates":[13.330994,38.148021]}},{"type":"Feature","properties":{"id":"scuola-89","nome":"Giovanni XXIII - Piazzi","tipo":"Sede dell'istituto","categoria":"Istituto comprensivo","indirizzo":"Via Ruzzolone Pietro 50","quartiere":"Liberta'","lon":13.347866,"lat":38.139576,"sede":"Giovanni XXIII - Piazzi","sede_indirizzo":"Via Ruzzolone Pietro 50","abbinamento":"vicino"},"geometry":{"type":"Point","coordinates":[13.347866,38.139576]}},{"type":"Feature","properties":{"id":"scuola-90","nome":"Salemi","tipo":"Plesso scolastico","categoria":"Istituto comprensivo","indirizzo":"Via Salemi Francesco Gen. 22","quartiere":"Cuba-Calatafimi","lon":13.332638,"lat":38.111977,"sede":"Antonio Ugo - Annessa","sede_indirizzo":"Via Arculeo Ettore 39","abbinamento":"contenuto"},"geometry":{"type":"Point","coordinates":[13.332638,38.111977]}},{"type":"Feature","properties":{"id":"scuola-91","nome":"Gioberti","tipo":"Plesso scolastico","categoria":"Istituto comprensivo","indirizzo":"Via Lazzaro Carmelo 1","quartiere":"Montegrappa-S.Rosalia","lon":13.356017,"lat":38.106011,"sede":"Costa","sede_indirizzo":"Via Li Bassi Giuseppe 60","seggio_nome":"Scuola primaria GIOBERTI","seggio_circoscrizione":"4","seggio_sezioni":"53, 281, 284, 289","seggio_n_sezioni":4,"abbinamento":"contenuto"},"geometry":{"type":"Point","coordinates":[13.356017,38.106011]}},{"type":"Feature","properties":{"id":"scuola-92","nome":"Santangelo","tipo":"Asilo nido","categoria":"","indirizzo":"Via Silvestri Ignazio 10","quartiere":"Uditore-Passo Di Rigano","lon":13.321176,"lat":38.125141,"abbinamento":"contenuto"},"geometry":{"type":"Point","coordinates":[13.321176,38.125141]}},{"type":"Feature","properties":{"id":"scuola-93","nome":"Calandrucci","tipo":"Plesso scolastico","categoria":"Istituto comprensivo","indirizzo":"Via Calandrucci Giacinto 5","quartiere":"Cruillas-Cep","lon":13.307139,"lat":38.134894,"sede":"Giuliana - Saladino","sede_indirizzo":"Via Barisano Da Trani 7","abbinamento":"contenuto"},"geometry":{"type":"Point","coordinates":[13.307139,38.134894]}},{"type":"Feature","properties":{"id":"scuola-94","nome":"Mancini","tipo":"Plesso scolastico","categoria":"Istituto comprensivo","indirizzo":"Piazza Pagliarelli 2","quartiere":"Mezzomonreale-V.Lla Tasca","lon":13.331906,"lat":38.090524,"sede":"Giuseppe Scelsa","sede_indirizzo":"Via Villani Giovanni","abbinamento":"vicino"},"geometry":{"type":"Point","coordinates":[13.331906,38.090524]}},{"type":"Feature","properties":{"id":"scuola-95","nome":"Turrisi Colonna - Corpo B","tipo":"Plesso scolastico","categoria":"Istituto comprensivo","indirizzo":"Piazza Gran Cancelliere 1","quartiere":"Palazzo Reale -M.Te Di Pieta","lon":13.359664,"lat":38.115896,"sede":"Rita Atria","sede_indirizzo":"Largo Cavalieri Di Malta 9","abbinamento":"contenuto"},"geometry":{"type":"Point","coordinates":[13.359664,38.115896]}},{"type":"Feature","properties":{"id":"scuola-96","nome":"Perez - M.T. di Calcutta","tipo":"Sede dell'istituto","categoria":"Istituto comprensivo","indirizzo":"Via Errante Vincenzo 1","quartiere":"Oreto-Stazione","lon":13.364706,"lat":38.107948,"sede":"Perez - M.T. di Calcutta","sede_indirizzo":"Via Errante Vincenzo 1","abbinamento":"vicino"},"geometry":{"type":"Point","coordinates":[13.364706,38.107948]}},{"type":"Feature","properties":{"id":"scuola-97","nome":"Gentili","tipo":"Sede dell'istituto","categoria":"Istituto comprensivo","indirizzo":"Via Lo Jacono Francesco 1","quartiere":"Liberta'","lon":13.346441,"lat":38.131567,"sede":"Gentili","sede_indirizzo":"Via Lo Jacono Francesco 1","seggio_nome":"Scuola secondaria di I grado GENTILI","seggio_circoscrizione":"8","seggio_sezioni":"60, 171, 173, 191","seggio_n_sezioni":4,"abbinamento":"vicino"},"geometry":{"type":"Point","coordinates":[13.346441,38.131567]}},{"type":"Feature","properties":{"id":"scuola-98","nome":"Saetta","tipo":"Plesso scolastico","categoria":"Istituto comprensivo","indirizzo":"Via Principe Di Palagonia 12","quartiere":"Malaspina-Palagonia","lon":13.335898,"lat":38.133729,"sede":"Cipolla","sede_indirizzo":"Via Giotto 41","abbinamento":"contenuto"},"geometry":{"type":"Point","coordinates":[13.335898,38.133729]}},{"type":"Feature","properties":{"id":"scuola-99","nome":"Giafar","tipo":"Plesso scolastico","categoria":"Direzione didattica","indirizzo":"Via Giafar Emiro 17","quartiere":"Settecannoli","lon":13.39069,"lat":38.09798,"sede":"Cavallari","sede_indirizzo":"Corso Dei Mille 793","abbinamento":"vicino"},"geometry":{"type":"Point","coordinates":[13.39069,38.09798]}},{"type":"Feature","properties":{"id":"scuola-100","nome":"Sabrina e Loredana lLa Malfa","tipo":"Asilo nido","categoria":"","indirizzo":"Via Cristodulo Ammiraglio 1","quartiere":"Settecannoli","lon":13.425297,"lat":38.096505,"abbinamento":"vicino"},"geometry":{"type":"Point","coordinates":[13.425297,38.096505]}},{"type":"Feature","properties":{"id":"scuola-101","nome":"Capitano Basile","tipo":"Plesso scolastico","categoria":"Istituto comprensivo","indirizzo":"Via Capitano Emanuele Basile 54","quartiere":"Mezzomonreale-V.Lla Tasca","lon":13.322445,"lat":38.103086,"sede":"Vittorio Emanuele Capitano Basile","sede_indirizzo":"Via Terranova Cesare 93","abbinamento":"contenuto"},"geometry":{"type":"Point","coordinates":[13.322445,38.103086]}},{"type":"Feature","properties":{"id":"scuola-102","nome":"Mancino","tipo":"Plesso scolastico","categoria":"Istituto comprensivo","indirizzo":"Via Belmonte Chiavelli 111/D","quartiere":"Villagrazia-Falsomiele","lon":13.367784,"lat":38.084246,"sede":"Mattarella","sede_indirizzo":"Via Della Giraffa","abbinamento":"contenuto"},"geometry":{"type":"Point","coordinates":[13.367784,38.084246]}},{"type":"Feature","properties":{"id":"scuola-103","nome":"U. Giordano","tipo":"Plesso scolastico","categoria":"Direzione didattica","indirizzo":"Via Daidone 24","quartiere":"Malaspina-Palagonia","lon":13.33905,"lat":38.136375,"sede":"Tomaselli","sede_indirizzo":"Via Abruzzi 2","seggio_nome":"Scuola primaria GIORDANO UMBERTO","seggio_circoscrizione":"8","seggio_sezioni":"18, 44, 97, 168","seggio_n_sezioni":4,"abbinamento":"contenuto"},"geometry":{"type":"Point","coordinates":[13.33905,38.136375]}},{"type":"Feature","properties":{"id":"scuola-104","nome":"Pestalozzi - Cavour","tipo":"Sede dell'istituto","categoria":"Istituto comprensivo","indirizzo":"Via Crocifisso A Pietratagliata 7/D","quartiere":"Mezzomonreale-V.Lla Tasca","lon":13.326818,"lat":38.103269,"sede":"Pestalozzi - Cavour","sede_indirizzo":"Via Crocifisso A Pietratagliata 7/D","abbinamento":"contenuto"},"geometry":{"type":"Point","coordinates":[13.326818,38.103269]}},{"type":"Feature","properties":{"id":"scuola-105","nome":"Garzilli","tipo":"Sede dell'istituto","categoria":"Direzione didattica","indirizzo":"Via Isonzo 7","quartiere":"Liberta'","lon":13.342531,"lat":38.141162,"sede":"Garzilli","sede_indirizzo":"Via Isonzo 7","seggio_nome":"Direzione Didattica GARZILLI","seggio_circoscrizione":"8","seggio_sezioni":"364, 464, 554, 555, 558, 577","seggio_n_sezioni":6,"abbinamento":"contenuto"},"geometry":{"type":"Point","coordinates":[13.342531,38.141162]}},{"type":"Feature","properties":{"id":"scuola-106","nome":"Sacco e Vanzetti","tipo":"Plesso scolastico","categoria":"Istituto comprensivo","indirizzo":"Via Giannotta Nicolo' 2","quartiere":"Settecannoli","lon":13.409181,"lat":38.096321,"sede":"Sperone - Pertini","sede_indirizzo":"Via Giannotta Nicolo' 4","abbinamento":"vicino"},"geometry":{"type":"Point","coordinates":[13.409181,38.096321]}},{"type":"Feature","properties":{"id":"scuola-107","nome":"Garibaldi","tipo":"Plesso scolastico","categoria":"Istituto comprensivo","indirizzo":"Via Delle Croci 5","quartiere":"Liberta'","lon":13.354793,"lat":38.132039,"sede":"Rapisardi - Garibaldi","sede_indirizzo":"Via Caltanissetta 27","seggio_nome":"Scuola secondaria di I grado GARIBALDI","seggio_circoscrizione":"8","seggio_sezioni":"142, 518","seggio_n_sezioni":2,"abbinamento":"vicino"},"geometry":{"type":"Point","coordinates":[13.354793,38.132039]}},{"type":"Feature","properties":{"id":"scuola-108","nome":"Rallo","tipo":"Asilo nido","categoria":"","indirizzo":"Via Rallo Alberto","quartiere":"Monte Pellegrino","lon":13.364157,"lat":38.139946,"abbinamento":"contenuto"},"geometry":{"type":"Point","coordinates":[13.364157,38.139946]}},{"type":"Feature","properties":{"id":"scuola-109","nome":"Carducci","tipo":"Plesso scolastico","categoria":"Istituto comprensivo","indirizzo":"Via Di Giorgi Ferdinando 5","quartiere":"Uditore-Passo Di Rigano","lon":13.327028,"lat":38.126407,"sede":"L. Da Vinci - Carducci","sede_indirizzo":"Via Di Giorgi Ferdinando 48","abbinamento":"vicino"},"geometry":{"type":"Point","coordinates":[13.327028,38.126407]}},{"type":"Feature","properties":{"id":"scuola-110","nome":"Mantegna Vecchio","tipo":"Plesso scolastico","categoria":"Istituto comprensivo","indirizzo":"Via Bologni 2","quartiere":"Boccadifalco","lon":13.308518,"lat":38.109988,"sede":"Mantegna-Bonanno","sede_indirizzo":"Via Bologni 4","abbinamento":"vicino"},"geometry":{"type":"Point","coordinates":[13.308518,38.109988]}},{"type":"Feature","properties":{"id":"scuola-111","nome":"V. Riso","tipo":"Plesso scolastico","categoria":"Direzione didattica","indirizzo":"Via Mondello 5","quartiere":"Partanna Mondello","lon":13.322533,"lat":38.203865,"sede":"P. Mondello","sede_indirizzo":"Via Santocanale 23/B","seggio_nome":"Scuola RISO","seggio_circoscrizione":"7","seggio_sezioni":"393*, 394","seggio_n_sezioni":2,"abbinamento":"contenuto"},"geometry":{"type":"Point","coordinates":[13.322533,38.203865]}},{"type":"Feature","properties":{"id":"scuola-112","nome":"Pirandello - Borgo Ulivia","tipo":"Sede dell'istituto","categoria":"Istituto comprensivo","indirizzo":"Via Ortigia 19","quartiere":"Villagrazia-Falsomiele","lon":13.360983,"lat":38.090319,"sede":"Pirandello - Borgo Ulivia","sede_indirizzo":"Via Ortigia 19","seggio_nome":"Direzione Didattica BORGO ULIVIA","seggio_circoscrizione":"3","seggio_sezioni":"188, 189, 336, 342, 343, 356, 419, 459","seggio_n_sezioni":8,"abbinamento":"contenuto"},"geometry":{"type":"Point","coordinates":[13.360983,38.090319]}},{"type":"Feature","properties":{"id":"scuola-113","nome":"Gabelli","tipo":"Sede dell'istituto","categoria":"Direzione didattica","indirizzo":"Via Eugenio L'Emiro 30","quartiere":"Zisa","lon":13.339889,"lat":38.114448,"sede":"Gabelli","sede_indirizzo":"Via Eugenio L'Emiro 30","abbinamento":"vicino"},"geometry":{"type":"Point","coordinates":[13.339889,38.114448]}},{"type":"Feature","properties":{"id":"scuola-114","nome":"S.Teresa Bambino Gesu'","tipo":"Plesso scolastico","categoria":"Istituto comprensivo","indirizzo":"Via Bordonaro 44","quartiere":"Arenella-Vergine Maria","lon":13.367749,"lat":38.165232,"sede":"Arenella","sede_indirizzo":"Lungomare Colombo Cristoforo 240","abbinamento":"contenuto"},"geometry":{"type":"Point","coordinates":[13.367749,38.165232]}},{"type":"Feature","properties":{"id":"scuola-115","nome":"Gandhi","tipo":"Plesso scolastico","categoria":"Direzione didattica","indirizzo":"Via Sardegna 55","quartiere":"Resuttano-S. Lorenzo","lon":13.330716,"lat":38.145183,"sede":"Monti Iblei","sede_indirizzo":"Via Monte S. Calogero 20","seggio_nome":"Scuola primaria e dell’infanzia M.GANDHI","seggio_circoscrizione":"6","seggio_sezioni":"21, 209, 561, 575","seggio_n_sezioni":4,"abbinamento":"vicino"},"geometry":{"type":"Point","coordinates":[13.330716,38.145183]}},{"type":"Feature","properties":{"id":"scuola-116","nome":"Peter Pan","tipo":"Asilo nido","categoria":"","indirizzo":"Via Barisano Da Trani","quartiere":"Cruillas-Cep","lon":13.311815,"lat":38.135979,"abbinamento":"contenuto"},"geometry":{"type":"Point","coordinates":[13.311815,38.135979]}},{"type":"Feature","properties":{"id":"scuola-117","nome":"Carmelo Onorato","tipo":"Plesso scolastico","categoria":"Istituto comprensivo","indirizzo":"Via Genuardi Luigi 5","quartiere":"Cuba-Calatafimi","lon":13.345836,"lat":38.107533,"sede":"Lombardo Radice - Mazzini","sede_indirizzo":"Corso Calatafimi 241/A","abbinamento":"vicino"},"geometry":{"type":"Point","coordinates":[13.345836,38.107533]}},{"type":"Feature","properties":{"id":"scuola-118","nome":"Marabitti","tipo":"Plesso scolastico","categoria":"Istituto comprensivo","indirizzo":"Via Spedalieri Nicolo' 50","quartiere":"Monte Pellegrino","lon":13.364283,"lat":38.139253,"sede":"Karol Wojtyla","sede_indirizzo":"Via Dell'Arsenale 52","abbinamento":"vicino"},"geometry":{"type":"Point","coordinates":[13.364283,38.139253]}},{"type":"Feature","properties":{"id":"scuola-119","nome":"Valverde","tipo":"Plesso scolastico","categoria":"Istituto comprensivo","indirizzo":"Via Valverde","quartiere":"Tribunali Castellammare","lon":13.363732,"lat":38.120624,"sede":"Rita Atria","sede_indirizzo":"Largo Cavalieri Di Malta 9","abbinamento":"vicino"},"geometry":{"type":"Point","coordinates":[13.363732,38.120624]}},{"type":"Feature","properties":{"id":"scuola-120","nome":"R. Guttuso","tipo":"Sede dell'istituto","categoria":"Istituto comprensivo","indirizzo":"Via Messina Marine 811","quartiere":"Settecannoli","lon":13.429668,"lat":38.095925,"sede":"R. Guttuso","sede_indirizzo":"Via Messina Marine 811","abbinamento":"vicino"},"geometry":{"type":"Point","coordinates":[13.429668,38.095925]}},{"type":"Feature","properties":{"id":"scuola-121","nome":"Franchetti","tipo":"Sede dell'istituto","categoria":"Scuola media statale","indirizzo":"Via Amedeo D'Aosta 52","quartiere":"Settecannoli","lon":13.384982,"lat":38.101246,"sede":"Franchetti","sede_indirizzo":"Via Amedeo D'Aosta 52","abbinamento":"contenuto"},"geometry":{"type":"Point","coordinates":[13.384982,38.101246]}},{"type":"Feature","properties":{"id":"scuola-122","nome":"Rosmini","tipo":"Plesso scolastico","categoria":"Istituto comprensivo","indirizzo":"Via Cruillas 2","quartiere":"Cruillas-Cep","lon":13.327189,"lat":38.14044,"sede":"Cruillas","sede_indirizzo":"Via Salerno 19","abbinamento":"vicino"},"geometry":{"type":"Point","coordinates":[13.327189,38.14044]}},{"type":"Feature","properties":{"id":"scuola-123","nome":"Galletti","tipo":"Plesso scolastico","categoria":"Istituto comprensivo","indirizzo":"Via Galletti 78","quartiere":"Settecannoli","lon":13.43013,"lat":38.094609,"sede":"R. Guttuso","sede_indirizzo":"Via Messina Marine 811","seggio_nome":"Scuola secondaria RENATO GUTTUSO","seggio_circoscrizione":"2","seggio_sezioni":"113, 127, 311, 313, 584","seggio_n_sezioni":5,"abbinamento":"vicino"},"geometry":{"type":"Point","coordinates":[13.43013,38.094609]}},{"type":"Feature","properties":{"id":"scuola-124","nome":"Pellicano","tipo":"Asilo nido","categoria":"","indirizzo":"Via Rossa Guido 8","quartiere":"Villagrazia-Falsomiele","lon":13.36006,"lat":38.082516,"abbinamento":"contenuto"},"geometry":{"type":"Point","coordinates":[13.36006,38.082516]}},{"type":"Feature","properties":{"id":"scuola-125","nome":"Casa Lavoro e Preghiera","tipo":"Plesso scolastico","categoria":"Istituto comprensivo","indirizzo":"Piazza Villagrazia 46","quartiere":"Villagrazia-Falsomiele","lon":13.333653,"lat":38.078009,"sede":"Giuseppe Scelsa","sede_indirizzo":"Via Villani Giovanni","abbinamento":"contenuto"},"geometry":{"type":"Point","coordinates":[13.333653,38.078009]}},{"type":"Feature","properties":{"id":"scuola-126","nome":"Marinella Bragaglia","tipo":"Plesso scolastico","categoria":"Istituto comprensivo","indirizzo":"Via Bragaglia Marinella 23","quartiere":"Mezzomonreale-V.Lla Tasca","lon":13.322409,"lat":38.10284,"sede":"Pestalozzi - Cavour","sede_indirizzo":"Via Crocifisso A Pietratagliata 7/D","seggio_nome":"Scuola primaria BRAGAGLIA","seggio_circoscrizione":"4","seggio_sezioni":"88, 328, 355, 467, 541","seggio_n_sezioni":5,"abbinamento":"vicino"},"geometry":{"type":"Point","coordinates":[13.322409,38.10284]}},{"type":"Feature","properties":{"id":"scuola-127","nome":"Verdi","tipo":"Plesso scolastico","categoria":"Istituto comprensivo","indirizzo":"Via Fermi Enrico 2","quartiere":"Malaspina-Palagonia","lon":13.334559,"lat":38.126914,"sede":"Verdi","sede_indirizzo":"Via Casella Alfredo 33","seggio_nome":"Scuola secondaria di I grado VERDI","seggio_circoscrizione":"8","seggio_sezioni":"34, 157, 346","seggio_n_sezioni":3,"abbinamento":"vicino"},"geometry":{"type":"Point","coordinates":[13.334559,38.126914]}},{"type":"Feature","properties":{"id":"scuola-128","nome":"Ragusa Moletti","tipo":"Sede dell'istituto","categoria":"Direzione didattica","indirizzo":"Via Ragusa Moleti 8","quartiere":"Cuba-Calatafimi","lon":13.339874,"lat":38.106077,"sede":"Ragusa Moletti","sede_indirizzo":"Via Ragusa Moleti 8","seggio_nome":"Direzione Didattica RAGUSA MOLETI","seggio_circoscrizione":"4","seggio_sezioni":"181, 505, 549","seggio_n_sezioni":3,"abbinamento":"vicino"},"geometry":{"type":"Point","coordinates":[13.339874,38.106077]}},{"type":"Feature","properties":{"id":"scuola-129","nome":"Florio - San Lorenzo","tipo":"Sede dell'istituto","categoria":"Istituto comprensivo","indirizzo":"Via Di Giovanni Filippo 88","quartiere":"Resuttano-S. Lorenzo","lon":13.328629,"lat":38.162005,"sede":"Florio - San Lorenzo","sede_indirizzo":"Via Di Giovanni Filippo 88","abbinamento":"contenuto"},"geometry":{"type":"Point","coordinates":[13.328629,38.162005]}},{"type":"Feature","properties":{"id":"scuola-130","nome":"Roncalli","tipo":"Plesso scolastico","categoria":"Istituto comprensivo","indirizzo":"Via Randazzo Pietro 22","quartiere":"Oreto-Stazione","lon":13.370004,"lat":38.110253,"sede":"Amari Roncalli - Ferrara","sede_indirizzo":"Via Ingrassia Gian Filippo 33","abbinamento":"contenuto"},"geometry":{"type":"Point","coordinates":[13.370004,38.110253]}},{"type":"Feature","properties":{"id":"scuola-131","nome":"G. La Pira","tipo":"Plesso scolastico","categoria":"Istituto comprensivo","indirizzo":"Via Merenda Pietro 18","quartiere":"Noce","lon":13.340506,"lat":38.12495,"sede":"Manzoni - P. Impastato","sede_indirizzo":"Via Serradifalco 3","abbinamento":"vicino"},"geometry":{"type":"Point","coordinates":[13.340506,38.12495]}},{"type":"Feature","properties":{"id":"scuola-132","nome":"Papavero","tipo":"Asilo nido","categoria":"","indirizzo":"Via Acireale 1","quartiere":"Borgo Nuovo","lon":13.302254,"lat":38.130882,"abbinamento":"vicino"},"geometry":{"type":"Point","coordinates":[13.302254,38.130882]}},{"type":"Feature","properties":{"id":"scuola-133","nome":"Castellana","tipo":"Plesso scolastico","categoria":"Istituto comprensivo","indirizzo":"Via Castellana 40","quartiere":"Uditore-Passo Di Rigano","lon":13.306217,"lat":38.125427,"sede":"Buonarroti","sede_indirizzo":"Via Tembien 1","seggio_nome":"Scuola primaria CASTELLANA","seggio_circoscrizione":"5","seggio_sezioni":"3*, 24, 167, 204, 303, 481","seggio_n_sezioni":6,"abbinamento":"vicino"},"geometry":{"type":"Point","coordinates":[13.306217,38.125427]}},{"type":"Feature","properties":{"id":"scuola-134","nome":"Maritain","tipo":"Plesso scolastico","categoria":"Istituto comprensivo","indirizzo":"Largo Gibilmanna 10","quartiere":"Borgo Nuovo","lon":13.297412,"lat":38.131203,"sede":"Russo","sede_indirizzo":"Via Tindari 52","abbinamento":"contenuto"},"geometry":{"type":"Point","coordinates":[13.297412,38.131203]}},{"type":"Feature","properties":{"id":"scuola-135","nome":"Verga","tipo":"Plesso scolastico","categoria":"Istituto comprensivo","indirizzo":"Via Uditore 21","quartiere":"Uditore-Passo Di Rigano","lon":13.32342,"lat":38.132434,"sede":"Uditore - Setti Carraro","sede_indirizzo":"Via Cimabue Giovanni 20","seggio_nome":"Scuola primaria VERGA","seggio_circoscrizione":"5","seggio_sezioni":"200, 450","seggio_n_sezioni":2,"abbinamento":"vicino"},"geometry":{"type":"Point","coordinates":[13.32342,38.132434]}},{"type":"Feature","properties":{"id":"scuola-136","nome":"Rapisardi - Garibaldi","tipo":"Sede dell'istituto","categoria":"Istituto comprensivo","indirizzo":"Via Caltanissetta 27","quartiere":"Politeama","lon":13.349301,"lat":38.12848,"sede":"Rapisardi - Garibaldi","sede_indirizzo":"Via Caltanissetta 27","seggio_nome":"Direzione Didattica RAPISARDI","seggio_circoscrizione":"8","seggio_sezioni":"177*, 180, 182, 183, 184, 185","seggio_n_sezioni":6,"abbinamento":"contenuto"},"geometry":{"type":"Point","coordinates":[13.349301,38.12848]}},{"type":"Feature","properties":{"id":"scuola-137","nome":"Falcone Zen 2","tipo":"Sede dell'istituto","categoria":"Istituto comprensivo","indirizzo":"Via Marchese Nicolo' Pensabene 34","quartiere":"Pallavicino","lon":13.32099,"lat":38.178603,"sede":"Falcone Zen 2","sede_indirizzo":"Via Marchese Nicolo' Pensabene 34","abbinamento":"vicino"},"geometry":{"type":"Point","coordinates":[13.32099,38.178603]}},{"type":"Feature","properties":{"id":"scuola-138","nome":"Randazzo","tipo":"Plesso scolastico","categoria":"Istituto comprensivo","indirizzo":"Via Sperone 79","quartiere":"Settecannoli","lon":13.404858,"lat":38.098507,"sede":"Sperone - Pertini","sede_indirizzo":"Via Giannotta Nicolo' 4","seggio_nome":"Scuola primaria RANDAZZO","seggio_circoscrizione":"2","seggio_sezioni":"324, 325","seggio_n_sezioni":2,"abbinamento":"vicino"},"geometry":{"type":"Point","coordinates":[13.404858,38.098507]}},{"type":"Feature","properties":{"id":"scuola-139","nome":"G. Alagna","tipo":"Plesso scolastico","categoria":"Direzione didattica","indirizzo":"Via Bazzano Domenico 4","quartiere":"Settecannoli","lon":13.388227,"lat":38.101352,"sede":"Nazario Sauro","sede_indirizzo":"Via Padre Giuseppe Puglisi 20","abbinamento":"contenuto"},"geometry":{"type":"Point","coordinates":[13.388227,38.101352]}},{"type":"Feature","properties":{"id":"scuola-140","nome":"Pantera Rosa","tipo":"Asilo nido","categoria":"","indirizzo":"Via Cortigiani 43","quartiere":"Altarello","lon":13.326222,"lat":38.116599,"abbinamento":"contenuto"},"geometry":{"type":"Point","coordinates":[13.326222,38.116599]}},{"type":"Feature","properties":{"id":"scuola-141","nome":"Castellana","tipo":"Plesso scolastico","categoria":"Istituto comprensivo","indirizzo":"Via Castellana 85","quartiere":"Uditore-Passo Di Rigano","lon":13.31007,"lat":38.125807,"sede":"T. Lampedusa","sede_indirizzo":"Via Dogali","abbinamento":"vicino"},"geometry":{"type":"Point","coordinates":[13.31007,38.125807]}},{"type":"Feature","properties":{"id":"scuola-142","nome":"Marvuglia","tipo":"Plesso scolastico","categoria":"Istituto comprensivo","indirizzo":"Via Rallo Alberto 9","quartiere":"Monte Pellegrino","lon":13.364625,"lat":38.140074,"sede":"Karol Wojtyla","sede_indirizzo":"Via Dell'Arsenale 52","seggio_nome":"Scuola primaria MARVUGLIA","seggio_circoscrizione":"8","seggio_sezioni":"120, 156*, 159, 160, 164, 166, 218, 222, 295","seggio_n_sezioni":9,"abbinamento":"contenuto"},"geometry":{"type":"Point","coordinates":[13.364625,38.140074]}},{"type":"Feature","properties":{"id":"scuola-143","nome":"Via Del Bassotto","tipo":"Plesso scolastico","categoria":"Direzione didattica","indirizzo":"Via Del Bassotto 17","quartiere":"Villagrazia-Falsomiele","lon":13.364736,"lat":38.085397,"sede":"T. Bartolomeo","sede_indirizzo":"Via Del Castoro 13","abbinamento":"contenuto"},"geometry":{"type":"Point","coordinates":[13.364736,38.085397]}},{"type":"Feature","properties":{"id":"scuola-144","nome":"Rita Atria","tipo":"Sede dell'istituto","categoria":"Istituto comprensivo","indirizzo":"Largo Cavalieri Di Malta 9","quartiere":"Tribunali Castellammare","lon":13.364076,"lat":38.120269,"sede":"Rita Atria","sede_indirizzo":"Largo Cavalieri Di Malta 9","abbinamento":"vicino"},"geometry":{"type":"Point","coordinates":[13.364076,38.120269]}},{"type":"Feature","properties":{"id":"scuola-145","nome":"Elena","tipo":"Sede dell'istituto","categoria":"Istituto comprensivo","indirizzo":"Via Ustica 46","quartiere":"Altarello","lon":13.324076,"lat":38.117345,"sede":"Elena","sede_indirizzo":"Via Ustica 46","seggio_nome":"Scuola secondaria di grado PRINCIPESSA ELENA DI NAPOLI","seggio_circoscrizione":"4","seggio_sezioni":"129, 368, 373, 402*, 473, 560, 566, 597","seggio_n_sezioni":8,"abbinamento":"contenuto"},"geometry":{"type":"Point","coordinates":[13.324076,38.117345]}},{"type":"Feature","properties":{"id":"scuola-146","nome":"Rampolla","tipo":"Plesso scolastico","categoria":"Istituto comprensivo","indirizzo":"Via Paolo Vi Papa 4","quartiere":"Monte Pellegrino","lon":13.367354,"lat":38.145618,"sede":"Arenella","sede_indirizzo":"Lungomare Colombo Cristoforo 240","abbinamento":"vicino"},"geometry":{"type":"Point","coordinates":[13.367354,38.145618]}},{"type":"Feature","properties":{"id":"scuola-147","nome":"Fondo Petrazzi","tipo":"Plesso scolastico","categoria":"Istituto comprensivo","indirizzo":"Via Dell'Aquila Pietro","quartiere":"Cruillas-Cep","lon":13.306796,"lat":38.135346,"sede":"Giuliana - Saladino","sede_indirizzo":"Via Barisano Da Trani 7","abbinamento":"contenuto"},"geometry":{"type":"Point","coordinates":[13.306796,38.135346]}},{"type":"Feature","properties":{"id":"scuola-148","nome":"Morvillo","tipo":"Asilo nido","categoria":"","indirizzo":"Via Pegaso 29","quartiere":"Tommaso Natale-Sferracavallo","lon":13.281061,"lat":38.198133,"abbinamento":"contenuto"},"geometry":{"type":"Point","coordinates":[13.281061,38.198133]}},{"type":"Feature","properties":{"id":"scuola-149","nome":"Castrogiovanni","tipo":"Plesso scolastico","categoria":"Istituto comprensivo","indirizzo":"Via Cristodulo Ammiraglio 1","quartiere":"Settecannoli","lon":13.425354,"lat":38.096102,"sede":"R. Guttuso","sede_indirizzo":"Via Messina Marine 811","abbinamento":"vicino"},"geometry":{"type":"Point","coordinates":[13.425354,38.096102]}},{"type":"Feature","properties":{"id":"scuola-150","nome":"Mattarella","tipo":"Plesso scolastico","categoria":"Istituto comprensivo","indirizzo":"Viale Di Vittorio Giuseppe 7","quartiere":"Settecannoli","lon":13.409786,"lat":38.09469,"sede":"Di Vittorio","sede_indirizzo":"Viale Di Vittorio Giuseppe 11","seggio_nome":"Scuola elementare MATTARELLA","seggio_circoscrizione":"2","seggio_sezioni":"288*, 406, 410, 475, 483, 556, 569","seggio_n_sezioni":7,"abbinamento":"contenuto"},"geometry":{"type":"Point","coordinates":[13.409786,38.09469]}},{"type":"Feature","properties":{"id":"scuola-151","nome":"Via Del Fervore","tipo":"Plesso scolastico","categoria":"Istituto comprensivo","indirizzo":"Via Del Fervore 5","quartiere":"Politeama","lon":13.349456,"lat":38.124244,"sede":"Capuana","sede_indirizzo":"Via Narbone Alessio 55","seggio_nome":"Scuola secondaria di I grado ARCHIMEDE","seggio_circoscrizione":"8","seggio_sezioni":"179, 187, 197, 198","seggio_n_sezioni":4,"abbinamento":"contenuto"},"geometry":{"type":"Point","coordinates":[13.349456,38.124244]}},{"type":"Feature","properties":{"id":"scuola-152","nome":"Rita Levi Montalcini","tipo":"Sede dell'istituto","categoria":"Istituto comprensivo","indirizzo":"Piazza S. Paolo 4","quartiere":"Borgo Nuovo","lon":13.291293,"lat":38.129003,"sede":"Rita Levi Montalcini","sede_indirizzo":"Piazza S. Paolo 4","abbinamento":"vicino"},"geometry":{"type":"Point","coordinates":[13.291293,38.129003]}},{"type":"Feature","properties":{"id":"scuola-153","nome":"Don Milani","tipo":"Sede dell'istituto","categoria":"Scuola media statale","indirizzo":"Passaggio Dei Picciotti 3","quartiere":"Settecannoli","lon":13.38441,"lat":38.104395,"sede":"Don Milani","sede_indirizzo":"Passaggio Dei Picciotti 3","seggio_nome":"Scuola dell’infanzia PASSAGGIO DEI PICCIOTTI","seggio_circoscrizione":"2","seggio_sezioni":"47, 314, 316, 321, 571","seggio_n_sezioni":5,"abbinamento":"vicino"},"geometry":{"type":"Point","coordinates":[13.38441,38.104395]}},{"type":"Feature","properties":{"id":"scuola-154","nome":"Rallo","tipo":"Plesso scolastico","categoria":"Istituto comprensivo","indirizzo":"Via Rallo Alberto 20","quartiere":"Monte Pellegrino","lon":13.364671,"lat":38.140443,"sede":"Abba - Alighieri","sede_indirizzo":"Via Marturano Ruggero 77","abbinamento":"vicino"},"geometry":{"type":"Point","coordinates":[13.364671,38.140443]}},{"type":"Feature","properties":{"id":"scuola-155","nome":"Florio","tipo":"Plesso scolastico","categoria":"Scuola media statale","indirizzo":"Via Domino Claudio 3","quartiere":"Pallavicino","lon":13.324803,"lat":38.164998,"sede":"Borgese","sede_indirizzo":"Piazza Ferrini Contardo 13","abbinamento":"vicino"},"geometry":{"type":"Point","coordinates":[13.324803,38.164998]}},{"type":"Feature","properties":{"id":"scuola-156","nome":"Melograno","tipo":"Asilo nido","categoria":"","indirizzo":"Via Monte S. Calogero 8","quartiere":"Resuttano-S. Lorenzo","lon":13.326659,"lat":38.151258,"abbinamento":"contenuto"},"geometry":{"type":"Point","coordinates":[13.326659,38.151258]}},{"type":"Feature","properties":{"id":"scuola-157","nome":"Centro Sociale","tipo":"Plesso scolastico","categoria":"Direzione didattica","indirizzo":"Via Palmerino 1","quartiere":"Mezzomonreale-V.Lla Tasca","lon":13.337415,"lat":38.100683,"sede":"Arculeo","sede_indirizzo":"Via Vito Schifani 3","abbinamento":"vicino"},"geometry":{"type":"Point","coordinates":[13.337415,38.100683]}},{"type":"Feature","properties":{"id":"scuola-158","nome":"Mazzini","tipo":"Plesso scolastico","categoria":"Istituto comprensivo","indirizzo":"Via De Sanctis Francesco 36","quartiere":"Cuba-Calatafimi","lon":13.341706,"lat":38.109782,"sede":"Lombardo Radice - Mazzini","sede_indirizzo":"Corso Calatafimi 241/A","abbinamento":"contenuto"},"geometry":{"type":"Point","coordinates":[13.341706,38.109782]}},{"type":"Feature","properties":{"id":"scuola-159","nome":"Via Del Vespro","tipo":"Plesso scolastico","categoria":"Direzione didattica","indirizzo":"Via Elia Augusto 1","quartiere":"Oreto-Stazione","lon":13.363267,"lat":38.105874,"sede":"Rosolino Pilo","sede_indirizzo":"Via La Franca Sebastiano 70","abbinamento":"vicino"},"geometry":{"type":"Point","coordinates":[13.363267,38.105874]}},{"type":"Feature","properties":{"id":"scuola-160","nome":"Rosolino Pilo","tipo":"Sede dell'istituto","categoria":"Direzione didattica","indirizzo":"Via La Franca Sebastiano 70","quartiere":"Oreto-Stazione","lon":13.364645,"lat":38.103186,"sede":"Rosolino Pilo","sede_indirizzo":"Via La Franca Sebastiano 70","seggio_nome":"Scuola primaria PILO ROSOLINO","seggio_circoscrizione":"3","seggio_sezioni":"225, 269*, 290, 300, 304","seggio_n_sezioni":5,"abbinamento":"vicino"},"geometry":{"type":"Point","coordinates":[13.364645,38.103186]}},{"type":"Feature","properties":{"id":"scuola-161","nome":"Di Vittorio","tipo":"Sede dell'istituto","categoria":"Istituto comprensivo","indirizzo":"Viale Di Vittorio Giuseppe 11","quartiere":"Settecannoli","lon":13.410176,"lat":38.094433,"sede":"Di Vittorio","sede_indirizzo":"Viale Di Vittorio Giuseppe 11","abbinamento":"contenuto"},"geometry":{"type":"Point","coordinates":[13.410176,38.094433]}},{"type":"Feature","properties":{"id":"scuola-162","nome":"Raciti","tipo":"Plesso scolastico","categoria":"Istituto comprensivo","indirizzo":"Via Alia 16","quartiere":"Borgo Nuovo","lon":13.296507,"lat":38.132777,"sede":"Russo","sede_indirizzo":"Via Tindari 52","seggio_nome":"Direzione Didattica DON BOSCO","seggio_circoscrizione":"5","seggio_sezioni":"7, 31, 73*, 203, 257, 572","seggio_n_sezioni":6,"abbinamento":"vicino"},"geometry":{"type":"Point","coordinates":[13.296507,38.132777]}},{"type":"Feature","properties":{"id":"scuola-163","nome":"Ferrara","tipo":"Plesso scolastico","categoria":"Istituto comprensivo","indirizzo":"Piazza Magione 1","quartiere":"Tribunali Castellammare","lon":13.37004,"lat":38.11361,"sede":"Amari Roncalli - Ferrara","sede_indirizzo":"Via Ingrassia Gian Filippo 33","seggio_nome":"Scuola elementare FERRARA","seggio_circoscrizione":"1","seggio_sezioni":"13, 29","seggio_n_sezioni":2,"abbinamento":"contenuto"},"geometry":{"type":"Point","coordinates":[13.37004,38.11361]}},{"type":"Feature","properties":{"id":"scuola-164","nome":"Masih Iqbal","tipo":"Asilo nido","categoria":"","indirizzo":"Via Salernitano Romualdo 45","quartiere":"Uditore-Passo Di Rigano","lon":13.315309,"lat":38.124633,"abbinamento":"vicino"},"geometry":{"type":"Point","coordinates":[13.315309,38.124633]}},{"type":"Feature","properties":{"id":"scuola-165","nome":"Centro Sociale S, Rosalia","tipo":"Plesso scolastico","categoria":"Istituto comprensivo","indirizzo":"Via Ferrara Giusto 1","quartiere":"Montegrappa-S.Rosalia","lon":13.352025,"lat":38.097878,"sede":"Costa","sede_indirizzo":"Via Li Bassi Giuseppe 60","abbinamento":"contenuto"},"geometry":{"type":"Point","coordinates":[13.352025,38.097878]}},{"type":"Feature","properties":{"id":"scuola-166","nome":"Medaglie D'oro","tipo":"Plesso scolastico","categoria":"Istituto comprensivo","indirizzo":"Via Deodato Pier Luigi 7","quartiere":"Montegrappa-S.Rosalia","lon":13.34494,"lat":38.094913,"sede":"Montegrappa - Sanzio","sede_indirizzo":"Via Deodato Pier Luigi 3","seggio_nome":"Scuola primaria MEDAGLIE D’ORO","seggio_circoscrizione":"4","seggio_sezioni":"227, 228, 276, 517, 570, 593","seggio_n_sezioni":6,"abbinamento":"contenuto"},"geometry":{"type":"Point","coordinates":[13.34494,38.094913]}},{"type":"Feature","properties":{"id":"scuola-167","nome":"Villagrazia","tipo":"Plesso scolastico","categoria":"Istituto comprensivo","indirizzo":"Via Villagrazia 298","quartiere":"Villagrazia-Falsomiele","lon":13.33238,"lat":38.076682,"sede":"Giuseppe Scelsa","sede_indirizzo":"Via Villani Giovanni","seggio_nome":"Scuola primaria VILLAGRAZIA","seggio_circoscrizione":"3","seggio_sezioni":"231*, 349, 352","seggio_n_sezioni":3,"abbinamento":"contenuto"},"geometry":{"type":"Point","coordinates":[13.33238,38.076682]}},{"type":"Feature","properties":{"id":"scuola-168","nome":"Russo","tipo":"Sede dell'istituto","categoria":"Istituto comprensivo","indirizzo":"Via Tindari 52","quartiere":"Borgo Nuovo","lon":13.295456,"lat":38.127571,"sede":"Russo","sede_indirizzo":"Via Tindari 52","abbinamento":"vicino"},"geometry":{"type":"Point","coordinates":[13.295456,38.127571]}},{"type":"Feature","properties":{"id":"scuola-169","nome":"De Gasperi","tipo":"Sede dell'istituto","categoria":"Direzione didattica","indirizzo":"Piazza Papa Giovanni Paolo Ii 24","quartiere":"Resuttano-S. Lorenzo","lon":13.33861,"lat":38.152362,"sede":"De Gasperi","sede_indirizzo":"Piazza Papa Giovanni Paolo Ii 24","abbinamento":"contenuto"},"geometry":{"type":"Point","coordinates":[13.33861,38.152362]}},{"type":"Feature","properties":{"id":"scuola-170","nome":"R. Gregorio","tipo":"Plesso scolastico","categoria":"Direzione didattica","indirizzo":"Via Euridice 24","quartiere":"Partanna Mondello","lon":13.329714,"lat":38.191518,"sede":"P. Mondello","sede_indirizzo":"Via Santocanale 23/B","abbinamento":"vicino"},"geometry":{"type":"Point","coordinates":[13.329714,38.191518]}},{"type":"Feature","properties":{"id":"scuola-171","nome":"Falcone","tipo":"Plesso scolastico","categoria":"Istituto comprensivo","indirizzo":"Via Basile Ernesto 170","quartiere":"Montegrappa-S.Rosalia","lon":13.348545,"lat":38.101661,"sede":"Montegrappa - Sanzio","sede_indirizzo":"Via Deodato Pier Luigi 3","seggio_nome":"Istituto Comprensivo FALCONE","seggio_circoscrizione":"4","seggio_sezioni":"275, 277, 278","seggio_n_sezioni":3,"abbinamento":"contenuto"},"geometry":{"type":"Point","coordinates":[13.348545,38.101661]}},{"type":"Feature","properties":{"id":"scuola-172","nome":"Maricò","tipo":"Asilo nido","categoria":"","indirizzo":"Via Pelligra Salvatore 4","quartiere":"Montegrappa-S.Rosalia","lon":13.34752,"lat":38.096759,"abbinamento":"contenuto"},"geometry":{"type":"Point","coordinates":[13.34752,38.096759]}},{"type":"Feature","properties":{"id":"scuola-173","nome":"Cerere","tipo":"Plesso scolastico","categoria":"Scuola media statale","indirizzo":"Viale Cerere 3","quartiere":"Partanna Mondello","lon":13.335438,"lat":38.190531,"sede":"Borgese","sede_indirizzo":"Piazza Ferrini Contardo 13","abbinamento":"contenuto"},"geometry":{"type":"Point","coordinates":[13.335438,38.190531]}},{"type":"Feature","properties":{"id":"scuola-174","nome":"Mendelsshon","tipo":"Plesso scolastico","categoria":"Istituto comprensivo","indirizzo":"Via Brunetto Filippo 2","quartiere":"Cruillas-Cep","lon":13.311675,"lat":38.144053,"sede":"Cruillas","sede_indirizzo":"Via Salerno 19","abbinamento":"contenuto"},"geometry":{"type":"Point","coordinates":[13.311675,38.144053]}},{"type":"Feature","properties":{"id":"scuola-175","nome":"Villagrazia","tipo":"Plesso scolastico","categoria":"Istituto comprensivo","indirizzo":"Via Villagrazia 110","quartiere":"Villagrazia-Falsomiele","lon":13.35093,"lat":38.0873,"sede":"Pirandello - Borgo Ulivia","sede_indirizzo":"Via Ortigia 19","abbinamento":"contenuto"},"geometry":{"type":"Point","coordinates":[13.35093,38.0873]}},{"type":"Feature","properties":{"id":"scuola-176","nome":"Salgari","tipo":"Sede dell'istituto","categoria":"Direzione didattica","indirizzo":"Via Paratore Giuseppe 34","quartiere":"Oreto-Stazione","lon":13.373991,"lat":38.093226,"sede":"Salgari","sede_indirizzo":"Via Paratore Giuseppe 34","seggio_nome":"Direzione Didattica SALGARI","seggio_circoscrizione":"3","seggio_sezioni":"56*, 90, 99, 250, 538","seggio_n_sezioni":5,"abbinamento":"contenuto"},"geometry":{"type":"Point","coordinates":[13.373991,38.093226]}},{"type":"Feature","properties":{"id":"scuola-177","nome":"De Amicis - Corpo A","tipo":"Sede dell'istituto","categoria":"Direzione didattica","indirizzo":"Via Rosso Di S. Secondo 1","quartiere":"Noce","lon":13.329383,"lat":38.120544,"sede":"De Amicis - Corpo A","sede_indirizzo":"Via Rosso Di S. Secondo 1","abbinamento":"contenuto"},"geometry":{"type":"Point","coordinates":[13.329383,38.120544]}},{"type":"Feature","properties":{"id":"scuola-178","nome":"Pitre'","tipo":"Plesso scolastico","categoria":"Istituto comprensivo","indirizzo":"Via Damiani Almeyda 27","quartiere":"Liberta'","lon":13.343774,"lat":38.130249,"sede":"Gentili","sede_indirizzo":"Via Lo Jacono Francesco 1","abbinamento":"vicino"},"geometry":{"type":"Point","coordinates":[13.343774,38.130249]}},{"type":"Feature","properties":{"id":"scuola-179","nome":"Ex Sciascia","tipo":"Plesso scolastico","categoria":"Istituto comprensivo","indirizzo":"Via Marchese Nicolo' Pensabene 28","quartiere":"Pallavicino","lon":13.320203,"lat":38.179011,"sede":"Falcone Zen 2","sede_indirizzo":"Via Marchese Nicolo' Pensabene 34","abbinamento":"contenuto"},"geometry":{"type":"Point","coordinates":[13.320203,38.179011]}},{"type":"Feature","properties":{"id":"scuola-180","nome":"Maria Pia di Savoia","tipo":"Asilo nido","categoria":"","indirizzo":"Piazza Noviziato 20","quartiere":"Palazzo Reale -M.Te Di Pieta","lon":13.352295,"lat":38.117077,"abbinamento":"vicino"},"geometry":{"type":"Point","coordinates":[13.352295,38.117077]}},{"type":"Feature","properties":{"id":"scuola-181","nome":"Cesalpino","tipo":"Plesso scolastico","categoria":"Istituto comprensivo","indirizzo":"Via Cesalpino Andrea 16","quartiere":"Montegrappa-S.Rosalia","lon":13.353402,"lat":38.101425,"sede":"Montegrappa - Sanzio","sede_indirizzo":"Via Deodato Pier Luigi 3","abbinamento":"vicino"},"geometry":{"type":"Point","coordinates":[13.353402,38.101425]}},{"type":"Feature","properties":{"id":"scuola-182","nome":"Michelangelo","tipo":"Plesso scolastico","categoria":"Istituto comprensivo","indirizzo":"Largo Michelangelo 15","quartiere":"Borgo Nuovo","lon":13.303739,"lat":38.131949,"sede":"Rita Levi Montalcini","sede_indirizzo":"Piazza S. Paolo 4","abbinamento":"contenuto"},"geometry":{"type":"Point","coordinates":[13.303739,38.131949]}},{"type":"Feature","properties":{"id":"scuola-183","nome":"Vitali","tipo":"Plesso scolastico","categoria":"Istituto comprensivo","indirizzo":"Via Inserra 1","quartiere":"Cruillas-Cep","lon":13.314661,"lat":38.145095,"sede":"Cruillas","sede_indirizzo":"Via Salerno 19","seggio_nome":"Scuola primaria VITALI","seggio_circoscrizione":"6","seggio_sezioni":"4, 83, 103, 437, 460, 595","seggio_n_sezioni":6,"abbinamento":"vicino"},"geometry":{"type":"Point","coordinates":[13.314661,38.145095]}},{"type":"Feature","properties":{"id":"scuola-184","nome":"Sciacca","tipo":"Sede dell'istituto","categoria":"Istituto comprensivo","indirizzo":"Via De Gobbis Francesco 13","quartiere":"Pallavicino","lon":13.310575,"lat":38.17988,"sede":"Sciacca","sede_indirizzo":"Via De Gobbis Francesco 13","abbinamento":"vicino"},"geometry":{"type":"Point","coordinates":[13.310575,38.17988]}},{"type":"Feature","properties":{"id":"scuola-185","nome":"Cruillas","tipo":"Sede dell'istituto","categoria":"Istituto comprensivo","indirizzo":"Via Salerno 19","quartiere":"Cruillas-Cep","lon":13.319311,"lat":38.141841,"sede":"Cruillas","sede_indirizzo":"Via Salerno 19","seggio_nome":"Direzione didattica CRUILLAS","seggio_circoscrizione":"6","seggio_sezioni":"51, 105, 108, 196","seggio_n_sezioni":4,"abbinamento":"contenuto"},"geometry":{"type":"Point","coordinates":[13.319311,38.141841]}},{"type":"Feature","properties":{"id":"scuola-186","nome":"Pirandello","tipo":"Plesso scolastico","categoria":"Istituto comprensivo","indirizzo":"Via Dell'Usignolo 5","quartiere":"Villagrazia-Falsomiele","lon":13.353202,"lat":38.088454,"sede":"Pirandello - Borgo Ulivia","sede_indirizzo":"Via Ortigia 19","abbinamento":"vicino"},"geometry":{"type":"Point","coordinates":[13.353202,38.088454]}},{"type":"Feature","properties":{"id":"scuola-187","nome":"Ex Internazionale Corpo B","tipo":"Plesso scolastico","categoria":"Direzione didattica","indirizzo":"Piazza Papa Giovanni Paolo Ii 17/A","quartiere":"Resuttano-S. Lorenzo","lon":13.339741,"lat":38.15043,"sede":"Tomaselli","sede_indirizzo":"Via Abruzzi 2","abbinamento":"contenuto"},"geometry":{"type":"Point","coordinates":[13.339741,38.15043]}},{"type":"Feature","properties":{"id":"scuola-188","nome":"Libellula","tipo":"Asilo nido","categoria":"","indirizzo":"Via Fichidindia","quartiere":"Oreto-Stazione","lon":13.376882,"lat":38.094993,"abbinamento":"vicino"},"geometry":{"type":"Point","coordinates":[13.376882,38.094993]}},{"type":"Feature","properties":{"id":"scuola-189","nome":"Cipolla","tipo":"Plesso scolastico","categoria":"Istituto comprensivo","indirizzo":"Via De Saliba Antonio 42","quartiere":"Malaspina-Palagonia","lon":13.332959,"lat":38.133472,"sede":"Cipolla","sede_indirizzo":"Via Giotto 41","abbinamento":"vicino"},"geometry":{"type":"Point","coordinates":[13.332959,38.133472]}},{"type":"Feature","properties":{"id":"scuola-190","nome":"Montegrappa","tipo":"Plesso scolastico","categoria":"Istituto comprensivo","indirizzo":"Via Roccella Gustavo 37","quartiere":"Montegrappa-S.Rosalia","lon":13.351274,"lat":38.10113,"sede":"Montegrappa - Sanzio","sede_indirizzo":"Via Deodato Pier Luigi 3","seggio_nome":"Direzione Didattica MONTEGRAPPA","seggio_circoscrizione":"4","seggio_sezioni":"129, 368, 373, 402*, 473, 560, 566, 597","seggio_n_sezioni":8,"abbinamento":"contenuto"},"geometry":{"type":"Point","coordinates":[13.351274,38.10113]}},{"type":"Feature","properties":{"id":"scuola-191","nome":"Vittorino da Feltre","tipo":"Plesso scolastico","categoria":"Istituto comprensivo","indirizzo":"Corso Calatafimi 1035","quartiere":"Mezzomonreale-V.Lla Tasca","lon":13.314984,"lat":38.097062,"sede":"Pestalozzi - Cavour","sede_indirizzo":"Via Crocifisso A Pietratagliata 7/D","abbinamento":"vicino"},"geometry":{"type":"Point","coordinates":[13.314984,38.097062]}},{"type":"Feature","properties":{"id":"scuola-192","nome":"Sferracavallo","tipo":"Sede dell'istituto","categoria":"Istituto comprensivo","indirizzo":"Via Tacito 34","quartiere":"Tommaso Natale-Sferracavallo","lon":13.275227,"lat":38.196879,"sede":"Sferracavallo","sede_indirizzo":"Via Tacito 34","seggio_nome":"Scuola primaria ONORATO","seggio_circoscrizione":"7","seggio_sezioni":"264, 385*, 386, 387, 388","seggio_n_sezioni":5,"abbinamento":"contenuto"},"geometry":{"type":"Point","coordinates":[13.275227,38.196879]}},{"type":"Feature","properties":{"id":"scuola-193","nome":"Costa","tipo":"Sede dell'istituto","categoria":"Istituto comprensivo","indirizzo":"Via Li Bassi Giuseppe 60","quartiere":"Montegrappa-S.Rosalia","lon":13.35371,"lat":38.098769,"sede":"Costa","sede_indirizzo":"Via Li Bassi Giuseppe 60","abbinamento":"contenuto"},"geometry":{"type":"Point","coordinates":[13.35371,38.098769]}},{"type":"Feature","properties":{"id":"scuola-194","nome":"Picciotti","tipo":"Plesso scolastico","categoria":"Direzione didattica","indirizzo":"Passaggio Dei Picciotti 1","quartiere":"Settecannoli","lon":13.384064,"lat":38.104605,"sede":"Maneri - Ingrassia","sede_indirizzo":"Viale Dei Picciotti 8","abbinamento":"vicino"},"geometry":{"type":"Point","coordinates":[13.384064,38.104605]}},{"type":"Feature","properties":{"id":"scuola-195","nome":"Ex Internazionale","tipo":"Plesso scolastico","categoria":"Istituto comprensivo","indirizzo":"Piazza Papa Giovanni Paolo Ii 17/A","quartiere":"Resuttano-S. Lorenzo","lon":13.34022,"lat":38.150714,"sede":"Marconi","sede_indirizzo":"Via Di Giorgio Antonino Gen. 4","abbinamento":"vicino"},"geometry":{"type":"Point","coordinates":[13.34022,38.150714]}},{"type":"Feature","properties":{"id":"scuola-196","nome":"La Coccinella","tipo":"Asilo nido","categoria":"","indirizzo":"Via D'Alvise Pietro 2","quartiere":"Pallavicino","lon":13.31135,"lat":38.179993,"abbinamento":"contenuto"},"geometry":{"type":"Point","coordinates":[13.31135,38.179993]}},{"type":"Feature","properties":{"id":"scuola-197","nome":"Collodi","tipo":"Plesso scolastico","categoria":"Direzione didattica","indirizzo":"Via Briuccia 89","quartiere":"Resuttano-S. Lorenzo","lon":13.332119,"lat":38.151512,"sede":"De Gasperi","sede_indirizzo":"Piazza Papa Giovanni Paolo Ii 24","seggio_nome":"Scuola primaria COLLODI","seggio_circoscrizione":"6","seggio_sezioni":"109, 144, 213, 283","seggio_n_sezioni":4,"abbinamento":"vicino"},"geometry":{"type":"Point","coordinates":[13.332119,38.151512]}},{"type":"Feature","properties":{"id":"scuola-198","nome":"Nairobi","tipo":"Plesso scolastico","categoria":"Istituto comprensivo","indirizzo":"Via Nairobi 5","quartiere":"Cuba-Calatafimi","lon":13.346658,"lat":38.108249,"sede":"Lombardo Radice - Mazzini","sede_indirizzo":"Corso Calatafimi 241/A","abbinamento":"vicino"},"geometry":{"type":"Point","coordinates":[13.346658,38.108249]}},{"type":"Feature","properties":{"id":"scuola-199","nome":"Vivaldi","tipo":"Plesso scolastico","categoria":"Istituto comprensivo","indirizzo":"Via Cammarano Giuseppe 20/B","quartiere":"Cruillas-Cep","lon":13.312131,"lat":38.135827,"sede":"Giuliana - Saladino","sede_indirizzo":"Via Barisano Da Trani 7","abbinamento":"vicino"},"geometry":{"type":"Point","coordinates":[13.312131,38.135827]}},{"type":"Feature","properties":{"id":"scuola-200","nome":"Sperone - Pertini","tipo":"Sede dell'istituto","categoria":"Istituto comprensivo","indirizzo":"Via Giannotta Nicolo' 4","quartiere":"Settecannoli","lon":13.408948,"lat":38.096052,"sede":"Sperone - Pertini","sede_indirizzo":"Via Giannotta Nicolo' 4","abbinamento":"vicino"},"geometry":{"type":"Point","coordinates":[13.408948,38.096052]}},{"type":"Feature","properties":{"id":"scuola-201","nome":"Colozza - Bonfiglio","tipo":"Sede dell'istituto","categoria":"Istituto comprensivo","indirizzo":"Via Imera 32","quartiere":"Zisa","lon":13.349621,"lat":38.116062,"sede":"Colozza - Bonfiglio","sede_indirizzo":"Via Imera 32","seggio_nome":"Direzione Didattica COLOZZA","seggio_circoscrizione":"5","seggio_sezioni":"58, 202, 205, 206, 211","seggio_n_sezioni":5,"abbinamento":"vicino"},"geometry":{"type":"Point","coordinates":[13.349621,38.116062]}},{"type":"Feature","properties":{"id":"scuola-202","nome":"Picciotti","tipo":"Plesso scolastico","categoria":"Direzione didattica","indirizzo":"Viale Dei Picciotti 5","quartiere":"Settecannoli","lon":13.385213,"lat":38.103952,"sede":"Nazario Sauro","sede_indirizzo":"Via Padre Giuseppe Puglisi 20","abbinamento":"vicino"},"geometry":{"type":"Point","coordinates":[13.385213,38.103952]}},{"type":"Feature","properties":{"id":"scuola-203","nome":"Enea Rossi","tipo":"Plesso scolastico","categoria":"Direzione didattica","indirizzo":"Piazzale Del Tricolore","quartiere":"Mezzomonreale-V.Lla Tasca","lon":13.310671,"lat":38.095808,"sede":"Arculeo","sede_indirizzo":"Via Vito Schifani 3","abbinamento":"contenuto"},"geometry":{"type":"Point","coordinates":[13.310671,38.095808]}},{"type":"Feature","properties":{"id":"scuola-204","nome":"Il Faro","tipo":"Asilo nido","categoria":"","indirizzo":"Via Paratore Giuseppe 28","quartiere":"Oreto-Stazione","lon":13.374304,"lat":38.092707,"abbinamento":"vicino"},"geometry":{"type":"Point","coordinates":[13.374304,38.092707]}},{"type":"Feature","properties":{"id":"scuola-205","nome":"Conte Federico","tipo":"Plesso scolastico","categoria":"Direzione didattica","indirizzo":"Via Conte Federico 1/B","quartiere":"Brancaccio-Ciaculli","lon":13.38403,"lat":38.094612,"sede":"Orestano","sede_indirizzo":"Via Conte Federico 3","abbinamento":"contenuto"},"geometry":{"type":"Point","coordinates":[13.38403,38.094612]}},{"type":"Feature","properties":{"id":"scuola-206","nome":"Narzisi","tipo":"Plesso scolastico","categoria":"Istituto comprensivo","indirizzo":"Via Narzisi Eduardo 14","quartiere":"Uditore-Passo Di Rigano","lon":13.323385,"lat":38.129186,"sede":"L. Da Vinci - Carducci","sede_indirizzo":"Via Di Giorgi Ferdinando 48","abbinamento":"contenuto"},"geometry":{"type":"Point","coordinates":[13.323385,38.129186]}},{"type":"Feature","properties":{"id":"scuola-207","nome":"Zaire","tipo":"Plesso scolastico","categoria":"Istituto comprensivo","indirizzo":"Via Zaire 21","quartiere":"Uditore-Passo Di Rigano","lon":13.306643,"lat":38.125054,"sede":"Buonarroti","sede_indirizzo":"Via Tembien 1","abbinamento":"contenuto"},"geometry":{"type":"Point","coordinates":[13.306643,38.125054]}},{"type":"Feature","properties":{"id":"scuola-208","nome":"T. Bartolomeo","tipo":"Sede dell'istituto","categoria":"Direzione didattica","indirizzo":"Via Del Castoro 13","quartiere":"Villagrazia-Falsomiele","lon":13.358789,"lat":38.083889,"sede":"T. Bartolomeo","sede_indirizzo":"Via Del Castoro 13","seggio_nome":"Direzione Didattica BONAGIA","seggio_circoscrizione":"3","seggio_sezioni":"82*, 345","seggio_n_sezioni":2,"abbinamento":"vicino"},"geometry":{"type":"Point","coordinates":[13.358789,38.083889]}},{"type":"Feature","properties":{"id":"scuola-209","nome":"Cipolla","tipo":"Sede dell'istituto","categoria":"Istituto comprensivo","indirizzo":"Via Giotto 41","quartiere":"Malaspina-Palagonia","lon":13.333762,"lat":38.131036,"sede":"Cipolla","sede_indirizzo":"Via Giotto 41","seggio_nome":"Direzione Didattica BORSELLINO","seggio_circoscrizione":"8","seggio_sezioni":"174, 238, 240, 260, 573","seggio_n_sezioni":5,"abbinamento":"contenuto"},"geometry":{"type":"Point","coordinates":[13.333762,38.131036]}},{"type":"Feature","properties":{"id":"scuola-210","nome":"Pestalozzi","tipo":"Plesso scolastico","categoria":"Istituto comprensivo","indirizzo":"Via Marcellini Tommaso 2","quartiere":"Mezzomonreale-V.Lla Tasca","lon":13.3236,"lat":38.101467,"sede":"Pestalozzi - Cavour","sede_indirizzo":"Via Crocifisso A Pietratagliata 7/D","abbinamento":"contenuto"},"geometry":{"type":"Point","coordinates":[13.3236,38.101467]}},{"type":"Feature","properties":{"id":"scuola-211","nome":"Donaudy","tipo":"Plesso scolastico","categoria":"Direzione didattica","indirizzo":"Piazza Donaudy Stefano 14","quartiere":"Mezzomonreale-V.Lla Tasca","lon":13.335642,"lat":38.100902,"sede":"Arculeo","sede_indirizzo":"Via Vito Schifani 3","abbinamento":"vicino"},"geometry":{"type":"Point","coordinates":[13.335642,38.100902]}},{"type":"Feature","properties":{"id":"scuola-212","nome":"Grillo Parlante","tipo":"Asilo nido","categoria":"","indirizzo":"Via Caduti Senza Croce 22","quartiere":"Resuttano-S. Lorenzo","lon":13.333535,"lat":38.155124,"abbinamento":"vicino"},"geometry":{"type":"Point","coordinates":[13.333535,38.155124]}},{"type":"Feature","properties":{"id":"scuola-213","nome":"Corpo B","tipo":"Plesso scolastico","categoria":"Direzione didattica","indirizzo":"Via Rosso Di S. Secondo 1","quartiere":"Noce","lon":13.330034,"lat":38.120744,"sede":"De Amicis - Corpo A","sede_indirizzo":"Via Rosso Di S. Secondo 1","abbinamento":"vicino"},"geometry":{"type":"Point","coordinates":[13.330034,38.120744]}},{"type":"Feature","properties":{"id":"scuola-214","nome":"Natoli","tipo":"Plesso scolastico","categoria":"Istituto comprensivo","indirizzo":"Corso Dei Mille 1486","quartiere":"Settecannoli","lon":13.414539,"lat":38.09096,"sede":"Di Vittorio","sede_indirizzo":"Viale Di Vittorio Giuseppe 11","seggio_nome":"Scuola primaria NATOLI","seggio_circoscrizione":"2","seggio_sezioni":"130, 138, 282, 326, 585","seggio_n_sezioni":5,"abbinamento":"vicino"},"geometry":{"type":"Point","coordinates":[13.414539,38.09096]}},{"type":"Feature","properties":{"id":"scuola-215","nome":"ZS Corpo A","tipo":"Plesso scolastico","categoria":"Direzione didattica","indirizzo":"Via Palazzotto F.P. E G.B. 5","quartiere":"Zisa","lon":13.334943,"lat":38.114501,"sede":"Gabelli","sede_indirizzo":"Via Eugenio L'Emiro 30","abbinamento":"vicino"},"geometry":{"type":"Point","coordinates":[13.334943,38.114501]}},{"type":"Feature","properties":{"id":"scuola-216","nome":"T. Lampedusa","tipo":"Sede dell'istituto","categoria":"Istituto comprensivo","indirizzo":"Via Dogali","quartiere":"Uditore-Passo Di Rigano","lon":13.314146,"lat":38.124562,"sede":"T. Lampedusa","sede_indirizzo":"Via Dogali","abbinamento":"contenuto"},"geometry":{"type":"Point","coordinates":[13.314146,38.124562]}},{"type":"Feature","properties":{"id":"scuola-217","nome":"Cesareo","tipo":"Sede dell'istituto","categoria":"Scuola media statale","indirizzo":"Via Paratore Giuseppe 36","quartiere":"Oreto-Stazione","lon":13.373163,"lat":38.093324,"sede":"Cesareo","sede_indirizzo":"Via Paratore Giuseppe 36","abbinamento":"contenuto"},"geometry":{"type":"Point","coordinates":[13.373163,38.093324]}},{"type":"Feature","properties":{"id":"scuola-218","nome":"Pertini","tipo":"Plesso scolastico","categoria":"Istituto comprensivo","indirizzo":"Via Cavallotti Felice 1","quartiere":"Settecannoli","lon":13.395945,"lat":38.098299,"sede":"Sperone - Pertini","sede_indirizzo":"Via Giannotta Nicolo' 4","abbinamento":"contenuto"},"geometry":{"type":"Point","coordinates":[13.395945,38.098299]}},{"type":"Feature","properties":{"id":"scuola-219","nome":"Don Milani","tipo":"Plesso scolastico","categoria":"Istituto comprensivo","indirizzo":"Via Sferracavallo 132","quartiere":"Tommaso Natale-Sferracavallo","lon":13.282336,"lat":38.193433,"sede":"Sferracavallo","sede_indirizzo":"Via Tacito 34","abbinamento":"vicino"},"geometry":{"type":"Point","coordinates":[13.282336,38.193433]}},{"type":"Feature","properties":{"id":"scuola-220","nome":"Girasole","tipo":"Asilo nido","categoria":"","indirizzo":"Via Perpignano 287","quartiere":"Uditore-Passo Di Rigano","lon":13.326917,"lat":38.119753,"abbinamento":"contenuto"},"geometry":{"type":"Point","coordinates":[13.326917,38.119753]}},{"type":"Feature","properties":{"id":"scuola-221","nome":"Corpo C","tipo":"Plesso scolastico","categoria":"Direzione didattica","indirizzo":"Via Rosso Di S. Secondo 1","quartiere":"Noce","lon":13.32984,"lat":38.120499,"sede":"De Amicis - Corpo A","sede_indirizzo":"Via Rosso Di S. Secondo 1","abbinamento":"vicino"},"geometry":{"type":"Point","coordinates":[13.32984,38.120499]}},{"type":"Feature","properties":{"id":"scuola-222","nome":"Nazario Sauro","tipo":"Plesso scolastico","categoria":"Direzione didattica","indirizzo":"Via Sauro Nazario 11","quartiere":"Noce","lon":13.332607,"lat":38.122652,"sede":"De Amicis - Corpo A","sede_indirizzo":"Via Rosso Di S. Secondo 1","seggio_nome":"Scuola primaria DE AMICIS","seggio_circoscrizione":"5","seggio_sezioni":"50, 372, 439, 442, 444, 448, 500","seggio_n_sezioni":7,"abbinamento":"vicino"},"geometry":{"type":"Point","coordinates":[13.332607,38.122652]}},{"type":"Feature","properties":{"id":"scuola-223","nome":"ZS Corpo B","tipo":"Plesso scolastico","categoria":"Direzione didattica","indirizzo":"Via Palazzotto F.P. E G.B. 3","quartiere":"Zisa","lon":13.334639,"lat":38.114837,"sede":"Gabelli","sede_indirizzo":"Via Eugenio L'Emiro 30","abbinamento":"contenuto"},"geometry":{"type":"Point","coordinates":[13.334639,38.114837]}},{"type":"Feature","properties":{"id":"scuola-224","nome":"Tomaselli","tipo":"Sede dell'istituto","categoria":"Direzione didattica","indirizzo":"Via Abruzzi 2","quartiere":"Liberta'","lon":13.335747,"lat":38.141558,"sede":"Tomaselli","sede_indirizzo":"Via Abruzzi 2","seggio_nome":"Direzione Didattica TOMASELLI","seggio_circoscrizione":"8","seggio_sezioni":"68, 212, 405*, 525, 526","seggio_n_sezioni":5,"abbinamento":"vicino"},"geometry":{"type":"Point","coordinates":[13.335747,38.141558]}},{"type":"Feature","properties":{"id":"scuola-225","nome":"Cavallari","tipo":"Sede dell'istituto","categoria":"Direzione didattica","indirizzo":"Corso Dei Mille 793","quartiere":"Settecannoli","lon":13.390066,"lat":38.098905,"sede":"Cavallari","sede_indirizzo":"Corso Dei Mille 793","seggio_nome":"Direzione didattica CAVALLARI","seggio_circoscrizione":"2","seggio_sezioni":"54, 59, 69, 287, 315","seggio_n_sezioni":5,"abbinamento":"vicino"},"geometry":{"type":"Point","coordinates":[13.390066,38.098905]}},{"type":"Feature","properties":{"id":"scuola-226","nome":"Paulsen","tipo":"Plesso scolastico","categoria":"Istituto comprensivo","indirizzo":"Piazzale Carpino Francesco Cardinale 3","quartiere":"Mezzomonreale-V.Lla Tasca","lon":13.324801,"lat":38.098949,"sede":"Vittorio Emanuele Capitano Basile","sede_indirizzo":"Via Terranova Cesare 93","abbinamento":"contenuto"},"geometry":{"type":"Point","coordinates":[13.324801,38.098949]}},{"type":"Feature","properties":{"id":"scuola-227","nome":"Domino","tipo":"Plesso scolastico","categoria":"Istituto comprensivo","indirizzo":"Via Domino Claudio 3","quartiere":"Pallavicino","lon":13.325141,"lat":38.165038,"sede":"Florio - San Lorenzo","sede_indirizzo":"Via Di Giovanni Filippo 88","abbinamento":"vicino"},"geometry":{"type":"Point","coordinates":[13.325141,38.165038]}},{"type":"Feature","properties":{"id":"scuola-228","nome":"Filastrocca","tipo":"Asilo nido","categoria":"","indirizzo":"Via Tembien 1","quartiere":"Uditore-Passo Di Rigano","lon":13.308239,"lat":38.125298,"abbinamento":"vicino"},"geometry":{"type":"Point","coordinates":[13.308239,38.125298]}},{"type":"Feature","properties":{"id":"scuola-229","nome":"Corpo D","tipo":"Plesso scolastico","categoria":"Direzione didattica","indirizzo":"Via Rosso Di S. Secondo 1","quartiere":"Noce","lon":13.329686,"lat":38.120231,"sede":"De Amicis - Corpo A","sede_indirizzo":"Via Rosso Di S. Secondo 1","abbinamento":"vicino"},"geometry":{"type":"Point","coordinates":[13.329686,38.120231]}},{"type":"Feature","properties":{"id":"scuola-230","nome":"Nicolo' Turrisi","tipo":"Plesso scolastico","categoria":"Istituto comprensivo","indirizzo":"Piazza Orlando Vittorio Emanuele 3","quartiere":"Politeama","lon":13.352709,"lat":38.119726,"sede":"Capuana","sede_indirizzo":"Via Narbone Alessio 55","abbinamento":"vicino"},"geometry":{"type":"Point","coordinates":[13.352709,38.119726]}},{"type":"Feature","properties":{"id":"scuola-231","nome":"A. Caponnetto","tipo":"Sede dell'istituto","categoria":"Istituto comprensivo","indirizzo":"Via Socrate 11","quartiere":"Tommaso Natale-Sferracavallo","lon":13.28817,"lat":38.18657,"sede":"A. Caponnetto","sede_indirizzo":"Via Socrate 11","abbinamento":"vicino"},"geometry":{"type":"Point","coordinates":[13.28817,38.18657]}},{"type":"Feature","properties":{"id":"scuola-232","nome":"Uditore - Setti Carraro","tipo":"Sede dell'istituto","categoria":"Istituto comprensivo","indirizzo":"Via Cimabue Giovanni 20","quartiere":"Uditore-Passo Di Rigano","lon":13.326477,"lat":38.131536,"sede":"Uditore - Setti Carraro","sede_indirizzo":"Via Cimabue Giovanni 20","abbinamento":"contenuto"},"geometry":{"type":"Point","coordinates":[13.326477,38.131536]}},{"type":"Feature","properties":{"id":"scuola-233","nome":"Capuana","tipo":"Sede dell'istituto","categoria":"Istituto comprensivo","indirizzo":"Via Narbone Alessio 55","quartiere":"Zisa","lon":13.344371,"lat":38.119956,"sede":"Capuana","sede_indirizzo":"Via Narbone Alessio 55","seggio_nome":"Direzione Didattica CAPUANA","seggio_circoscrizione":"5","seggio_sezioni":"207*, 217, 219, 220, 221, 224, 226","seggio_n_sezioni":7,"abbinamento":"contenuto"},"geometry":{"type":"Point","coordinates":[13.344371,38.119956]}},{"type":"Feature","properties":{"id":"scuola-234","nome":"Pascoli","tipo":"Plesso scolastico","categoria":"Direzione didattica","indirizzo":"Piazza Zisa 21","quartiere":"Zisa","lon":13.34092,"lat":38.116119,"sede":"Gabelli","sede_indirizzo":"Via Eugenio L'Emiro 30","abbinamento":"vicino"},"geometry":{"type":"Point","coordinates":[13.34092,38.116119]}},{"type":"Feature","properties":{"id":"scuola-235","nome":"Diaz Vecchio","tipo":"Plesso scolastico","categoria":"Direzione didattica","indirizzo":"Via Regina Maria Di Sicilia 7","quartiere":"Settecannoli","lon":13.391676,"lat":38.099266,"sede":"Cavallari","sede_indirizzo":"Corso Dei Mille 793","abbinamento":"vicino"},"geometry":{"type":"Point","coordinates":[13.391676,38.099266]}},{"type":"Feature","properties":{"id":"scuola-236","nome":"Ermellino","tipo":"Asilo nido","categoria":"","indirizzo":"Via Dell'Ermellino 33/A","quartiere":"Villagrazia-Falsomiele","lon":13.36408,"lat":38.086582,"abbinamento":"vicino"},"geometry":{"type":"Point","coordinates":[13.36408,38.086582]}},{"type":"Feature","properties":{"id":"scuola-237","nome":"Corrao","tipo":"Plesso scolastico","categoria":"Istituto comprensivo","indirizzo":"Via Conte Federico 267/A","quartiere":"Brancaccio-Ciaculli","lon":13.398009,"lat":38.086125,"sede":"Padre Puglisi","sede_indirizzo":"Via Panzera Francesco 28","abbinamento":"contenuto"},"geometry":{"type":"Point","coordinates":[13.398009,38.086125]}},{"type":"Feature","properties":{"id":"scuola-238","nome":"Pascoli","tipo":"Plesso scolastico","categoria":"Direzione didattica","indirizzo":"Via Nettuno 6","quartiere":"Partanna Mondello","lon":13.316482,"lat":38.196678,"sede":"P. Mondello","sede_indirizzo":"Via Santocanale 23/B","abbinamento":"vicino"},"geometry":{"type":"Point","coordinates":[13.316482,38.196678]}},{"type":"Feature","properties":{"id":"scuola-239","nome":"Abba - Alighieri","tipo":"Sede dell'istituto","categoria":"Istituto comprensivo","indirizzo":"Via Marturano Ruggero 77","quartiere":"Monte Pellegrino","lon":13.361992,"lat":38.146968,"sede":"Abba - Alighieri","sede_indirizzo":"Via Marturano Ruggero 77","abbinamento":"vicino"},"geometry":{"type":"Point","coordinates":[13.361992,38.146968]}},{"type":"Feature","properties":{"id":"scuola-240","nome":"V.E. Orlando","tipo":"Sede dell'istituto","categoria":"Scuola media statale","indirizzo":"Via Lussemburgo 103","quartiere":"Resuttano-S. Lorenzo","lon":13.327913,"lat":38.152873,"sede":"V.E. Orlando","sede_indirizzo":"Via Lussemburgo 103","seggio_nome":"Scuola secondaria di I grado V. E.ORLANDO","seggio_circoscrizione":"6","seggio_sezioni":"137*, 141, 143, 293, 508","seggio_n_sezioni":5,"abbinamento":"contenuto"},"geometry":{"type":"Point","coordinates":[13.327913,38.152873]}},{"type":"Feature","properties":{"id":"scuola-241","nome":"Buonarroti","tipo":"Sede dell'istituto","categoria":"Istituto comprensivo","indirizzo":"Via Tembien 1","quartiere":"Uditore-Passo Di Rigano","lon":13.307664,"lat":38.125047,"sede":"Buonarroti","sede_indirizzo":"Via Tembien 1","abbinamento":"contenuto"},"geometry":{"type":"Point","coordinates":[13.307664,38.125047]}},{"type":"Feature","properties":{"id":"scuola-242","nome":"Palagonia","tipo":"Plesso scolastico","categoria":"Istituto comprensivo","indirizzo":"Via Principe Di Palagonia 46","quartiere":"Malaspina-Palagonia","lon":13.334813,"lat":38.136072,"sede":"Cipolla","sede_indirizzo":"Via Giotto 41","seggio_nome":"Scuola primaria PALAGONIA","seggio_circoscrizione":"8","seggio_sezioni":"92, 208, 574*","seggio_n_sezioni":3,"abbinamento":"vicino"},"geometry":{"type":"Point","coordinates":[13.334813,38.136072]}},{"type":"Feature","properties":{"id":"scuola-243","nome":"Diaz Nuovo","tipo":"Plesso scolastico","categoria":"Direzione didattica","indirizzo":"Via Ferrari Orsi Federico 89","quartiere":"Settecannoli","lon":13.388121,"lat":38.09987,"sede":"Cavallari","sede_indirizzo":"Corso Dei Mille 793","abbinamento":"contenuto"},"geometry":{"type":"Point","coordinates":[13.388121,38.09987]}},{"type":"Feature","properties":{"id":"scuola-244","nome":"Domino","tipo":"Asilo nido","categoria":"","indirizzo":"Piazza Ferrini Contardo","quartiere":"Pallavicino","lon":13.321506,"lat":38.169852,"abbinamento":"vicino"},"geometry":{"type":"Point","coordinates":[13.321506,38.169852]}},{"type":"Feature","properties":{"id":"scuola-245","nome":"Costa","tipo":"Plesso scolastico","categoria":"Istituto comprensivo","indirizzo":"Via Ughetti Giovanbattista 27","quartiere":"Montegrappa-S.Rosalia","lon":13.356065,"lat":38.099642,"sede":"Costa","sede_indirizzo":"Via Li Bassi Giuseppe 60","abbinamento":"contenuto"},"geometry":{"type":"Point","coordinates":[13.356065,38.099642]}},{"type":"Feature","properties":{"id":"scuola-246","nome":"Paladini","tipo":"Plesso scolastico","categoria":"Istituto comprensivo","indirizzo":"Piazza Cellini Benvenuto 4","quartiere":"Cruillas-Cep","lon":13.308501,"lat":38.13722,"sede":"Giuliana - Saladino","sede_indirizzo":"Via Barisano Da Trani 7","seggio_nome":"Scuola dell’infanzia PALADINI","seggio_circoscrizione":"6","seggio_sezioni":"48*, 438","seggio_n_sezioni":2,"abbinamento":"vicino"},"geometry":{"type":"Point","coordinates":[13.308501,38.13722]}},{"type":"Feature","properties":{"id":"scuola-247","nome":"Alessandra Siracusa","tipo":"Sede dell'istituto","categoria":"Direzione didattica","indirizzo":"Via Cagni Umberto Ammiraglio 40","quartiere":"Pallavicino","lon":13.33109,"lat":38.171241,"sede":"Alessandra Siracusa","sede_indirizzo":"Via Cagni Umberto Ammiraglio 40","abbinamento":"contenuto"},"geometry":{"type":"Point","coordinates":[13.33109,38.171241]}},{"type":"Feature","properties":{"id":"scuola-248","nome":"Verdi","tipo":"Sede dell'istituto","categoria":"Istituto comprensivo","indirizzo":"Via Casella Alfredo 33","quartiere":"Malaspina-Palagonia","lon":13.339595,"lat":38.127736,"sede":"Verdi","sede_indirizzo":"Via Casella Alfredo 33","abbinamento":"contenuto"},"geometry":{"type":"Point","coordinates":[13.339595,38.127736]}},{"type":"Feature","properties":{"id":"scuola-249","nome":"Borgese","tipo":"Sede dell'istituto","categoria":"Scuola media statale","indirizzo":"Piazza Ferrini Contardo 13","quartiere":"Pallavicino","lon":13.321714,"lat":38.169972,"sede":"Borgese","sede_indirizzo":"Piazza Ferrini Contardo 13","seggio_nome":"Scuola secondaria di I grado BORGESE – GIOVANNI XXIII","seggio_circoscrizione":"7","seggio_sezioni":"376, 400, 461, 523","seggio_n_sezioni":4,"abbinamento":"vicino"},"geometry":{"type":"Point","coordinates":[13.321714,38.169972]}},{"type":"Feature","properties":{"id":"scuola-250","nome":"Oreto","tipo":"Plesso scolastico","categoria":"Istituto comprensivo","indirizzo":"Via Oreto 106","quartiere":"Oreto-Stazione","lon":13.366808,"lat":38.107433,"sede":"Boccone","sede_indirizzo":"Via Del Vespro 72","abbinamento":"vicino"},"geometry":{"type":"Point","coordinates":[13.366808,38.107433]}},{"type":"Feature","properties":{"id":"scuola-251","nome":"De Stefano","tipo":"Plesso scolastico","categoria":"Direzione didattica","indirizzo":"Via De Stefano Antonino 5","quartiere":"Pallavicino","lon":13.32664,"lat":38.171401,"sede":"Alessandra Siracusa","sede_indirizzo":"Via Cagni Umberto Ammiraglio 40","abbinamento":"vicino"},"geometry":{"type":"Point","coordinates":[13.32664,38.171401]}},{"type":"Feature","properties":{"id":"scuola-252","nome":"Aziendale Palagonia","tipo":"Asilo nido","categoria":"","indirizzo":"Vicolo Palagonia All'Alloro","quartiere":"Tribunali Castellammare","lon":13.369769,"lat":38.116593,"abbinamento":"vicino"},"geometry":{"type":"Point","coordinates":[13.369769,38.116593]}},{"type":"Feature","properties":{"id":"scuola-253","nome":"Cuscinà","tipo":"Plesso scolastico","categoria":"Direzione didattica","indirizzo":"Via Cuscina' Alfredo 7","quartiere":"Mezzomonreale-V.Lla Tasca","lon":13.335181,"lat":38.103186,"sede":"Arculeo","sede_indirizzo":"Via Vito Schifani 3","abbinamento":"contenuto"},"geometry":{"type":"Point","coordinates":[13.335181,38.103186]}},{"type":"Feature","properties":{"id":"scuola-254","nome":"Nino Bixio 1","tipo":"Plesso scolastico","categoria":"Istituto comprensivo","indirizzo":"Via Cassaro 2","quartiere":"Brancaccio-Ciaculli","lon":13.401336,"lat":38.080055,"sede":"Padre Puglisi","sede_indirizzo":"Via Panzera Francesco 28","seggio_nome":"Scuola primaria BIXIO","seggio_circoscrizione":"2","seggio_sezioni":"330*, 477, 489, 587","seggio_n_sezioni":4,"abbinamento":"contenuto"},"geometry":{"type":"Point","coordinates":[13.401336,38.080055]}},{"type":"Feature","properties":{"id":"scuola-255","nome":"Boccone","tipo":"Sede dell'istituto","categoria":"Istituto comprensivo","indirizzo":"Via Del Vespro 72","quartiere":"Oreto-Stazione","lon":13.362599,"lat":38.106094,"sede":"Boccone","sede_indirizzo":"Via Del Vespro 72","seggio_nome":"Scuola secondaria di I grado BOCCONE","seggio_circoscrizione":"3","seggio_sezioni":"292, 294, 298, 299, 301, 306","seggio_n_sezioni":6,"abbinamento":"vicino"},"geometry":{"type":"Point","coordinates":[13.362599,38.106094]}},{"type":"Feature","properties":{"id":"scuola-256","nome":"Virgilio Marone","tipo":"Sede dell'istituto","categoria":"Scuola media statale","indirizzo":"Via Valdemone 7","quartiere":"Resuttano-S. Lorenzo","lon":13.336603,"lat":38.146694,"sede":"Virgilio Marone","sede_indirizzo":"Via Valdemone 7","abbinamento":"contenuto"},"geometry":{"type":"Point","coordinates":[13.336603,38.146694]}},{"type":"Feature","properties":{"id":"scuola-257","nome":"D'Angelo Nuovo","tipo":"Plesso scolastico","categoria":"Direzione didattica","indirizzo":"Via S. Lorenzo 295","quartiere":"Tommaso Natale-Sferracavallo","lon":13.304731,"lat":38.172593,"sede":"Alessandra Siracusa","sede_indirizzo":"Via Cagni Umberto Ammiraglio 40","abbinamento":"contenuto"},"geometry":{"type":"Point","coordinates":[13.304731,38.172593]}},{"type":"Feature","properties":{"id":"scuola-258","nome":"Nuccio","tipo":"Plesso scolastico","categoria":"Istituto comprensivo","indirizzo":"Via Mongitore Antonino 4","quartiere":"Palazzo Reale -M.Te Di Pieta","lon":13.357473,"lat":38.11023,"sede":"Nuccio - Verga","sede_indirizzo":"Piazza Dell'Origlione 10","seggio_nome":"Direzione Didattica NUCCIO","seggio_circoscrizione":"1","seggio_sezioni":"89*, 95, 98, 582","seggio_n_sezioni":4,"abbinamento":"vicino"},"geometry":{"type":"Point","coordinates":[13.357473,38.11023]}},{"type":"Feature","properties":{"id":"scuola-259","nome":"Arenella","tipo":"Sede dell'istituto","categoria":"Istituto comprensivo","indirizzo":"Lungomare Colombo Cristoforo 240","quartiere":"Arenella-Vergine Maria","lon":13.365665,"lat":38.166335,"sede":"Arenella","sede_indirizzo":"Lungomare Colombo Cristoforo 240","abbinamento":"contenuto"},"geometry":{"type":"Point","coordinates":[13.365665,38.166335]}},{"type":"Feature","properties":{"id":"scuola-260","nome":"Aquilone","tipo":"Asilo nido","categoria":"","indirizzo":"Via Toselli Pietro Magg. 85/A","quartiere":"Liberta'","lon":13.351788,"lat":38.137581,"abbinamento":"vicino"},"geometry":{"type":"Point","coordinates":[13.351788,38.137581]}},{"type":"Feature","properties":{"id":"scuola-261","nome":"D'Angelo Vecchio","tipo":"Plesso scolastico","categoria":"Direzione didattica","indirizzo":"Via S. Lorenzo 295","quartiere":"Tommaso Natale-Sferracavallo","lon":13.304278,"lat":38.172235,"sede":"Alessandra Siracusa","sede_indirizzo":"Via Cagni Umberto Ammiraglio 40","abbinamento":"contenuto"},"geometry":{"type":"Point","coordinates":[13.304278,38.172235]}},{"type":"Feature","properties":{"id":"scuola-262","nome":"Nino Bixio 3","tipo":"Plesso scolastico","categoria":"Istituto comprensivo","indirizzo":"Via Bozzo Stefano Vittorio 16","quartiere":"Brancaccio-Ciaculli","lon":13.402163,"lat":38.079112,"sede":"Padre Puglisi","sede_indirizzo":"Via Panzera Francesco 28","abbinamento":"contenuto"},"geometry":{"type":"Point","coordinates":[13.402163,38.079112]}},{"type":"Feature","properties":{"id":"scuola-263","nome":"Amari Roncalli - Ferrara","tipo":"Sede dell'istituto","categoria":"Istituto comprensivo","indirizzo":"Via Ingrassia Gian Filippo 33","quartiere":"Oreto-Stazione","lon":13.373177,"lat":38.10955,"sede":"Amari Roncalli - Ferrara","sede_indirizzo":"Via Ingrassia Gian Filippo 33","seggio_nome":"Scuola primaria AMARI","seggio_circoscrizione":"2","seggio_sezioni":"261, 263, 267, 496, 539, 583","seggio_n_sezioni":6,"abbinamento":"vicino"},"geometry":{"type":"Point","coordinates":[13.373177,38.10955]}},{"type":"Feature","properties":{"id":"scuola-264","nome":"Vittorio Emanuele Capitano Basile","tipo":"Sede dell'istituto","categoria":"Istituto comprensivo","indirizzo":"Via Terranova Cesare 93","quartiere":"Mezzomonreale-V.Lla Tasca","lon":13.323166,"lat":38.097394,"sede":"Vittorio Emanuele Capitano Basile","sede_indirizzo":"Via Terranova Cesare 93","abbinamento":"contenuto"},"geometry":{"type":"Point","coordinates":[13.323166,38.097394]}},{"type":"Feature","properties":{"id":"scuola-265","nome":"D'Aquino","tipo":"Plesso scolastico","categoria":"Istituto comprensivo","indirizzo":"Via D'Aquino Rinaldo 8","quartiere":"Zisa","lon":13.334978,"lat":38.118664,"sede":"Antonio Ugo - Annessa","sede_indirizzo":"Via Arculeo Ettore 39","abbinamento":"contenuto"},"geometry":{"type":"Point","coordinates":[13.334978,38.118664]}},{"type":"Feature","properties":{"id":"scuola-266","nome":"Nino Bixio 2","tipo":"Plesso scolastico","categoria":"Istituto comprensivo","indirizzo":"Via Cassaro 7","quartiere":"Brancaccio-Ciaculli","lon":13.401097,"lat":38.079473,"sede":"Padre Puglisi","sede_indirizzo":"Via Panzera Francesco 28","abbinamento":"contenuto"},"geometry":{"type":"Point","coordinates":[13.401097,38.079473]}},{"type":"Feature","properties":{"id":"scuola-267","nome":"Antonio Ugo - Annessa","tipo":"Sede dell'istituto","categoria":"Istituto comprensivo","indirizzo":"Via Arculeo Ettore 39","quartiere":"Zisa","lon":13.333273,"lat":38.117241,"sede":"Antonio Ugo - Annessa","sede_indirizzo":"Via Arculeo Ettore 39","abbinamento":"contenuto"},"geometry":{"type":"Point","coordinates":[13.333273,38.117241]}},{"type":"Feature","properties":{"id":"scuola-268","nome":"Oberdan","tipo":"Plesso scolastico","categoria":"Istituto comprensivo","indirizzo":"Via Spica Pietro 5","quartiere":"Oreto-Stazione","lon":13.370154,"lat":38.10002,"sede":"Mare Dolce ex Quasimodo-Oberdan","sede_indirizzo":"Via Fichidindia 6","seggio_nome":"Scuola primaria OBERDAN","seggio_circoscrizione":"3","seggio_sezioni":"19*, 186, 341, 540, 589","seggio_n_sezioni":5,"abbinamento":"vicino"},"geometry":{"type":"Point","coordinates":[13.370154,38.10002]}},{"type":"Feature","properties":{"id":"scuola-269","nome":"De Cosmi","tipo":"Plesso scolastico","categoria":"Istituto comprensivo","indirizzo":"Via Ruggeri Leonardo 35","quartiere":"Uditore-Passo Di Rigano","lon":13.318421,"lat":38.126188,"sede":"T. Lampedusa","sede_indirizzo":"Via Dogali","abbinamento":"vicino"},"geometry":{"type":"Point","coordinates":[13.318421,38.126188]}},{"type":"Feature","properties":{"id":"scuola-270","nome":"Arculeo","tipo":"Sede dell'istituto","categoria":"Direzione didattica","indirizzo":"Via Vito Schifani 3","quartiere":"Mezzomonreale-V.Lla Tasca","lon":13.337667,"lat":38.101124,"sede":"Arculeo","sede_indirizzo":"Via Vito Schifani 3","seggio_nome":"Direzione Didattica ARCULEO ETTORE","seggio_circoscrizione":"4","seggio_sezioni":"23*, 124, 146, 151, 223, 471","seggio_n_sezioni":6,"abbinamento":"contenuto"},"geometry":{"type":"Point","coordinates":[13.337667,38.101124]}},{"type":"Feature","properties":{"id":"scuola-271","nome":"Manzoni - P. Impastato","tipo":"Sede dell'istituto","categoria":"Istituto comprensivo","indirizzo":"Via Serradifalco 3","quartiere":"Zisa","lon":13.340827,"lat":38.120658,"sede":"Manzoni - P. Impastato","sede_indirizzo":"Via Serradifalco 3","seggio_nome":"Istituto Comprensivo P. IMPASTATO","seggio_circoscrizione":"5","seggio_sezioni":"232, 233, 440, 441, 537","seggio_n_sezioni":5,"abbinamento":"vicino"},"geometry":{"type":"Point","coordinates":[13.340827,38.120658]}}]}