{"type":"FeatureCollection","features":[{"type":"Feature","properties":{"id":"scuola-1","nome":"Allodola","tipo":"Asilo nido","abbinamento":"vicino"},"geometry":{"type":"MultiPolygon","coordinates":[[[[13.3548,38.086952,42.31524482741952],[13.354777,38.087036,42.31527984980494],[13.354614,38.087008,42.31535678822547],[13.354597,38.087068,42.31538204755634],[13.354681,38.087082,42.315342988818884],[13.354712,38.087088,42.31532848253846],[13.354701,38.087126,42.31534452456981],[13.354669,38.087121,42.31535964645445],[13.354637,38.087242,42.315410463139415],[13.354723,38.087256,42.31536993198097],[13.354755,38.087136,42.315319721587],[13.354805,38.087145,42.31529631279409],[13.354801,38.087161,42.31530302669853],[13.354966,38.087188,42.315225418657064],[13.354981,38.087131,42.31520118378103],[13.354814,38.087102,42.315279866568744],[13.354824,38.087063,42.315263354219496],[13.354861,38.087069,42.315246030688286],[13.354889,38.086967,42.31520308740437],[13.3548,38.086952,42.31524482741952]]]]}},{"type":"Feature","properties":{"id":"scuola-2","nome":"Smith","tipo":"Plesso scolastico","abbinamento":"vicino"},"geometry":{"type":"MultiPolygon","coordinates":[[[[13.311996,38.176961,42.36253282427788],[13.312042,38.176959,42.36250831652433],[13.312037,38.176907,42.36249642726034],[13.312075,38.176905,42.36247619986534],[13.31207,38.17685,42.36246354598552],[13.312113,38.176848,42.362440725788474],[13.312108,38.176792,42.36242776643485],[13.31215,38.176789,42.36240535788238],[13.312145,38.176735,42.36239282786846],[13.312175,38.176733,42.36237698420882],[13.312172,38.176701,42.36236957274377],[13.312238,38.176697,42.36233413219452],[13.312225,38.17656,42.362302508205175],[13.312239,38.17656,42.36229538824409],[13.312295,38.176556,42.36226526927203],[13.312292,38.176525,42.36225802637637],[13.312322,38.176523,42.36224223021418],[13.312317,38.176469,42.36222957633436],[13.312358,38.176466,42.36220797430724],[13.312353,38.176412,42.362195290625095],[13.312396,38.176409,42.362172378227115],[13.31239,38.176349,42.36215839814395],[13.312365,38.17635,42.36217176448554],[13.31236,38.176296,42.362159182317555],[13.312146,38.176308,42.36227314826101],[13.312151,38.176361,42.36228548642248],[13.312183,38.17636,42.36226834356785],[13.312191,38.17645,42.362289304845035],[13.312102,38.176455,42.36233665980399],[13.312105,38.176485,42.36234358418733],[13.312091,38.176486,42.36235107947141],[13.312094,38.176515,42.362357520498335],[13.312181,38.176512,42.36231178790331],[13.312186,38.17657,42.36232530232519],[13.312144,38.176572,42.362347709946334],[13.312145,38.176634,42.362364353612065],[13.3121,38.17663,42.36238682549447],[13.312053,38.176613,42.36240621935576],[13.312047,38.176559,42.362394051626325],[13.31197,38.176528,42.362425525672734],[13.312067,38.176376,42.36233288794756],[13.312067,38.176323,42.36231799889356],[13.311983,38.176326,42.362362205050886],[13.311985,38.176341,42.3623652998358],[13.31194,38.176326,42.36238449625671],[13.311821,38.176512,42.36249787826091],[13.311797,38.176514,42.36251087486744],[13.311758,38.17658,42.362549394369125],[13.311882,38.176634,42.362500470131636],[13.311887,38.176628,42.36249616276473],[13.311951,38.176658,42.3624716186896],[13.311958,38.176647,42.36246462818235],[13.312068,38.176689,42.36241958197206],[13.312009,38.176789,42.362478162162006],[13.311979,38.17678,42.3624910293147],[13.311977,38.176765,42.3624877743423],[13.311769,38.176777,42.36259894166142],[13.311774,38.176832,42.362611470744014],[13.311813,38.176829,42.36259058397263],[13.311823,38.176936,42.36261512711644],[13.311991,38.176926,42.36252544634044],[13.311996,38.176961,42.36253282427788]]]]}},{"type":"Feature","properties":{"id":"scuola-3","nome":"Armonia","tipo":"Plesso scolastico","abbinamento":"contenuto"},"geometry":{"type":"MultiPolygon","coordinates":[[[[13.322022,38.161069,42.35291978903115],[13.321963,38.161142,42.352970589883626],[13.322106,38.161213,42.35291672963649],[13.322164,38.161142,42.35286666546017],[13.322022,38.161069,42.35291978903115]]]]}},{"type":"Feature","properties":{"id":"scuola-4","nome":"l. Rizzo","tipo":"Plesso scolastico","abbinamento":"vicino"},"geometry":{"type":"MultiPolygon","coordinates":[[[[13.371039,38.150365,42.324635786004364],[13.371041,38.15032,42.32462215330452],[13.370894,38.150316,42.324697005562484],[13.370868,38.15085,42.3248596386984],[13.370967,38.150853,42.32480956520885],[13.370991,38.150364,42.324660438112915],[13.371039,38.150365,42.324635786004364]]]]}},{"type":"Feature","properties":{"id":"scuola-5","nome":"Mantegna-Bonanno","tipo":"Sede dell'istituto","abbinamento":"vicino"},"geometry":{"type":"MultiPolygon","coordinates":[[[[13.308488,38.110291,42.34571143705398],[13.308597,38.110306,42.34565938916057],[13.308604,38.110272,42.345646020025015],[13.308607,38.110261,42.34564147796482],[13.308626,38.110176,42.34560784418136],[13.308619,38.110174,42.34561116434634],[13.30869,38.109863,42.34548725094646],[13.308587,38.109849,42.34553637634963],[13.308513,38.110163,42.345662320032716],[13.308097,38.110103,42.345860599540174],[13.308077,38.110182,42.345893271267414],[13.308398,38.110228,42.34574011247605],[13.308325,38.110555,42.345869653858244],[13.308425,38.110569,42.34582207351923],[13.308488,38.110291,42.34571143705398]]]]}},{"type":"Feature","properties":{"id":"scuola-6","nome":"Smith","tipo":"Plesso scolastico","abbinamento":"vicino"},"geometry":{"type":"MultiPolygon","coordinates":[[[[13.311709,38.177116,42.362724140286446],[13.311725,38.177091,42.36270906589925],[13.311803,38.177123,42.36267728265375],[13.311814,38.177105,42.36266678851098],[13.311859,38.177123,42.36264870129526],[13.311905,38.177051,42.3626049477607],[13.311826,38.17702,42.362637096084654],[13.311828,38.177016,42.3626346392557],[13.311758,38.176988,42.36266322154552],[13.311755,38.176992,42.362665731459856],[13.31169,38.176966,42.362692315131426],[13.311669,38.176998,42.3627120424062],[13.311539,38.176947,42.362764636054635],[13.311512,38.177008,42.36279578320682],[13.311475,38.177067,42.36283127684146],[13.311528,38.177088,42.36280979216099],[13.311553,38.177054,42.36278745252639],[13.311709,38.177116,42.362724140286446]]]]}},{"type":"Feature","properties":{"id":"scuola-7","nome":"Archimede","tipo":"Plesso scolastico","abbinamento":"vicino"},"geometry":{"type":"MultiPolygon","coordinates":[[[[13.353691,38.124243,42.326272561214864],[13.353714,38.124213,42.3262523105368],[13.353611,38.124169,42.32629297859967],[13.353514,38.12432,42.32638530712575],[13.353909,38.124414,42.326207999140024],[13.353951,38.124349,42.32616764307022],[13.353691,38.124243,42.326272561214864]]]]}},{"type":"Feature","properties":{"id":"scuola-8","nome":"La Cittadella","tipo":"Plesso scolastico","abbinamento":"contenuto"},"geometry":{"type":"MultiPolygon","coordinates":[[[[13.368331,38.094159,42.310282649472356],[13.368234,38.094226,42.31035152543336],[13.368505,38.094475,42.31028126552701],[13.368602,38.094408,42.31021225545555],[13.368499,38.094314,42.310238926671445],[13.368474,38.094291,42.31024548318237],[13.368331,38.094159,42.310282649472356]]]]}},{"type":"Feature","properties":{"id":"scuola-9","nome":"Marconi","tipo":"Sede dell'istituto","abbinamento":"contenuto"},"geometry":{"type":"MultiPolygon","coordinates":[[[[13.34325,38.144244,42.33725946582854],[13.343352,38.144088,42.337162686511874],[13.343809,38.144242,42.336970002390444],[13.343827,38.144216,42.33695383463055],[13.343344,38.144047,42.33715598192066],[13.343213,38.144246,42.33727893233299],[13.342929,38.144679,42.337546612136066],[13.342969,38.144693,42.33753012586385],[13.343148,38.144413,42.33735923003405],[13.343143,38.144411,42.337361205369234],[13.343178,38.144359,42.337328429333866],[13.3432,38.144369,42.337319888174534],[13.343243,38.144308,42.337280922569335],[13.343215,38.144297,42.337291981093585],[13.343248,38.144247,42.33726095035672],[13.34325,38.144244,42.33725946582854]]]]}},{"type":"Feature","properties":{"id":"scuola-10","nome":"Sileno","tipo":"Plesso scolastico","abbinamento":"vicino"},"geometry":{"type":"MultiPolygon","coordinates":[[[[13.371246,38.154868,42.325789008289576],[13.371248,38.154828,42.325776872225106],[13.371214,38.154827,42.32579395547509],[13.371216,38.154777,42.325779310427606],[13.371099,38.154776,42.325838836841285],[13.371097,38.154865,42.325865036807954],[13.371246,38.154868,42.325789008289576]]]]}},{"type":"Feature","properties":{"id":"scuola-11","nome":"Kolbe","tipo":"Plesso scolastico","abbinamento":"contenuto"},"geometry":{"type":"MultiPolygon","coordinates":[[[[13.425414,38.095103,42.281111281365156],[13.42537,38.095078,42.28112689126283],[13.425327,38.095128,42.281163116917014],[13.425383,38.095161,42.281143518164754],[13.425351,38.0952,42.28117074817419],[13.425335,38.095192,42.281176903285086],[13.425279,38.095252,42.28122252970934],[13.425339,38.095285,42.28120099008083],[13.425363,38.09526,42.281181427650154],[13.42539,38.095273,42.281171230599284],[13.425349,38.095322,42.281206470914185],[13.425408,38.095355,42.28118472639471],[13.425581,38.095161,42.28104111086577],[13.425436,38.095078,42.28109267912805],[13.425414,38.095103,42.281111281365156]]]]}},{"type":"Feature","properties":{"id":"scuola-12","nome":"Angelo Custode","tipo":"Plesso scolastico","abbinamento":"vicino"},"geometry":{"type":"MultiPolygon","coordinates":[[[[13.368353,38.097336,42.311162264086306],[13.368344,38.097364,42.31117505580187],[13.368362,38.097368,42.311166770756245],[13.368516,38.097396,42.311095087789],[13.368522,38.097367,42.3110841345042],[13.368353,38.097336,42.311162264086306]]]]}},{"type":"Feature","properties":{"id":"scuola-13","nome":"Astorino","tipo":"Plesso scolastico","abbinamento":"vicino"},"geometry":{"type":"MultiPolygon","coordinates":[[[[13.32437,38.16563,42.35298154503107],[13.324414,38.16564,42.35296150203794],[13.324411,38.165648,42.35296532511711],[13.324473,38.165662,42.35293742455542],[13.324476,38.165654,42.35293334443122],[13.324517,38.165663,42.352914669550955],[13.324536,38.16561,42.35289021767676],[13.324529,38.165609,42.35289336182177],[13.324646,38.165284,42.35274232458323],[13.324654,38.165286,42.352738888934255],[13.324673,38.165233,42.35271421447396],[13.324668,38.165232,42.352716628462076],[13.324628,38.165223,42.35273443907499],[13.324631,38.165216,42.35273115709424],[13.324568,38.165202,42.352759971283376],[13.324565,38.16521,42.352763577364385],[13.324524,38.165201,42.35278184246272],[13.324457,38.165388,42.35286928713322],[13.324469,38.165391,42.352863795123994],[13.324449,38.165445,42.3528888206929],[13.324438,38.165442,42.35289404261857],[13.32437,38.16563,42.35298154503107]]]]}},{"type":"Feature","properties":{"id":"scuola-14","nome":"La Masa","tipo":"Plesso scolastico","abbinamento":"vicino"},"geometry":{"type":"MultiPolygon","coordinates":[[[[13.361682,38.125608,42.322531059384346],[13.362119,38.125785,42.3223552973941],[13.362158,38.12572,42.32231694366783],[13.362126,38.125704,42.32232906110585],[13.362126,38.125709,42.322330373339355],[13.361802,38.125575,42.32245995849371],[13.361827,38.125539,42.322436654008925],[13.361894,38.125438,42.322374074719846],[13.361814,38.125406,42.3224064335227],[13.361682,38.125608,42.322531059384346]]]]}},{"type":"Feature","properties":{"id":"scuola-15","nome":"Succursale A","tipo":"Plesso scolastico","abbinamento":"vicino"},"geometry":{"type":"MultiPolygon","coordinates":[[[[13.332503,38.106428,42.332221291959286],[13.332518,38.10637,42.33219713065773],[13.332509,38.106368,42.33220134861767],[13.332524,38.106309,42.33217685390264],[13.332529,38.106309,42.332174385897815],[13.332569,38.106175,42.33211592491716],[13.332576,38.106174,42.33211235329509],[13.332591,38.10612,42.33208964206278],[13.332542,38.106112,42.33211237471551],[13.332546,38.106098,42.33210672065616],[13.332484,38.106088,42.33213581517339],[13.33248,38.106104,42.332142090424895],[13.33244,38.106097,42.33216110058129],[13.332391,38.106286,42.33223954029381],[13.332406,38.106289,42.33223223313689],[13.332392,38.106343,42.33225473575294],[13.332371,38.106339,42.332264681346714],[13.33232,38.106533,42.33234514389187],[13.332371,38.10654,42.33232070878148],[13.332369,38.106545,42.332323025912046],[13.332434,38.106559,42.33229371346533],[13.332435,38.10655,42.33229080121964],[13.332473,38.106556,42.33227263297886],[13.332503,38.106428,42.332221291959286]]]]}},{"type":"Feature","properties":{"id":"scuola-16","nome":"Mare Dolce ex Quasimodo-Oberdan","tipo":"Sede dell'istituto","abbinamento":"vicino"},"geometry":{"type":"MultiPolygon","coordinates":[[[[13.374638,38.096517,42.30768950935453],[13.37453,38.096657,42.30778427608311],[13.374739,38.09676,42.30770579725504],[13.374797,38.096694,42.30765697080642],[13.374837,38.096716,42.30764283332974],[13.37485,38.096701,42.30763205885887],[13.374915,38.096733,42.3076072121039],[13.37492,38.096727,42.307602912187576],[13.374958,38.096674,42.30756842903793],[13.374922,38.096654,42.30758160259575],[13.375029,38.096521,42.30748920049518],[13.375062,38.09648,42.30746030341834],[13.375095,38.09644,42.30743180401623],[13.375306,38.096172,42.30724820960313],[13.375348,38.096155,42.30722149461508],[13.375369,38.096165,42.30721356160939],[13.375399,38.09613,42.30718809366226],[13.375378,38.096121,42.30719664692879],[13.375167,38.096214,42.30733144283295],[13.375128,38.096245,42.307360576465726],[13.375071,38.096307,42.30740701965988],[13.375046,38.096294,42.307416279800236],[13.374967,38.096335,42.307468579150736],[13.37495,38.096354,42.30748294014484],[13.374918,38.096394,42.30751087144017],[13.374772,38.096581,42.3076383555308],[13.374638,38.096517,42.30768950935453]]]]}},{"type":"Feature","properties":{"id":"scuola-17","nome":"Maneri - Ingrassia","tipo":"Sede dell'istituto","abbinamento":"vicino"},"geometry":{"type":"MultiPolygon","coordinates":[[[[13.383841,38.103647,42.30494275316596],[13.383659,38.103755,42.30506678391248],[13.383759,38.10386,42.30504478234798],[13.383538,38.103999,42.305197566747665],[13.383516,38.104005,42.30521080177277],[13.383487,38.104009,42.305226721800864],[13.383457,38.104013,42.30524328071624],[13.383431,38.104018,42.30525837093592],[13.383362,38.104053,42.30530338548124],[13.383286,38.103972,42.305320179089904],[13.383158,38.104047,42.30540716275573],[13.383372,38.104273,42.30536014679819],[13.38373,38.104062,42.30511637497693],[13.383717,38.104048,42.305119211785495],[13.38391,38.103934,42.30498735234141],[13.383943,38.103969,42.304980129003525],[13.384073,38.103892,42.30489187501371],[13.383841,38.103647,42.30494275316596]]]]}},{"type":"Feature","properties":{"id":"scuola-18","nome":"Setti Carraro","tipo":"Plesso scolastico","abbinamento":"contenuto"},"geometry":{"type":"MultiPolygon","coordinates":[[[[13.322246,38.135246,42.34558645542711],[13.322362,38.135116,42.345490250736475],[13.322114,38.134978,42.34558006841689],[13.322067,38.13503,42.345618464984],[13.321983,38.134983,42.34564902167767],[13.321973,38.134978,42.345652365125716],[13.321979,38.134972,42.345648122020066],[13.32183,38.13489,42.345701969228685],[13.321817,38.134882,42.34570664539933],[13.321667,38.134799,42.34576081484556],[13.321658,38.134794,42.345764056779444],[13.321634,38.134821,42.34578380268067],[13.321505,38.134749,42.345830434933305],[13.321469,38.134729,42.345843500457704],[13.321435,38.134711,42.34585548005998],[13.321438,38.134708,42.34585343208164],[13.321421,38.134699,42.3458593506366],[13.321377,38.134748,42.345896010287106],[13.321367,38.134743,42.34589964430779],[13.321298,38.134821,42.34595742728561],[13.321531,38.134951,42.34587304573506],[13.321537,38.134954,42.34587095025927],[13.321688,38.135037,42.34581659454852],[13.321695,38.135042,42.345814044587314],[13.321717,38.135017,42.34579546377063],[13.321868,38.1351,42.34574107546359],[13.32191,38.135053,42.34570627193898],[13.321932,38.135066,42.34569827839732],[13.321924,38.135075,42.34570490103215],[13.322093,38.135169,42.34564380440861],[13.32212,38.135139,42.345621686428785],[13.322174,38.135169,42.34560220129788],[13.322152,38.135194,42.34562053717673],[13.322246,38.135246,42.34558645542711]]]]}},{"type":"Feature","properties":{"id":"scuola-19","nome":"Jack London","tipo":"Plesso scolastico","abbinamento":"contenuto"},"geometry":{"type":"MultiPolygon","coordinates":[[[[13.291689,38.189198,42.376432043500245],[13.291774,38.189161,42.37637773156166],[13.291664,38.189094,42.37641603592783],[13.291537,38.189211,42.376513940282166],[13.29166,38.189272,42.376467702910304],[13.29164,38.189292,42.3764837468043],[13.291744,38.189362,42.3764493977651],[13.291935,38.189275,42.376326316036284],[13.291811,38.189196,42.37636848073453],[13.291718,38.18924,42.376428741030395],[13.291689,38.189198,42.376432043500245]]]]}},{"type":"Feature","properties":{"id":"scuola-20","nome":"Alongi","tipo":"Plesso scolastico","abbinamento":"vicino"},"geometry":{"type":"MultiPolygon","coordinates":[[[[13.377582,38.094193,42.30551807675511],[13.377594,38.094199,42.305513828992844],[13.377592,38.094208,42.305517009459436],[13.377614,38.094216,42.305508280172944],[13.377631,38.094191,42.305492519401014],[13.377642,38.094184,42.30548476241529],[13.377663,38.094179,42.305472737178206],[13.377676,38.094158,42.30545977782458],[13.377549,38.094101,42.30550973769277],[13.377627,38.093984,42.30543640255928],[13.377554,38.093954,42.30546569172293],[13.377452,38.0941,42.305559327825904],[13.377599,38.094166,42.30550182983279],[13.377582,38.094193,42.30551807675511]]]]}},{"type":"Feature","properties":{"id":"scuola-21","nome":"Barone Scala","tipo":"Plesso scolastico","abbinamento":"contenuto"},"geometry":{"type":"MultiPolygon","coordinates":[[[[13.346049,38.084888,42.31918434984982],[13.346041,38.0849,42.31919236667454],[13.346183,38.08496,42.31913567055017],[13.34619,38.084949,42.31912865675986],[13.346277,38.084985,42.319094363600016],[13.346269,38.084996,42.31910119950771],[13.346419,38.085059,42.31904146447778],[13.346426,38.085049,42.31903531216085],[13.346503,38.085082,42.319004686549306],[13.346494,38.085094,42.319012351334095],[13.346644,38.085157,42.318952661938965],[13.346649,38.085149,42.318948118016124],[13.346683,38.085164,42.318934394046664],[13.346675,38.085176,42.3189420895651],[13.346765,38.085214,42.31890629976988],[13.346773,38.085202,42.31889864150435],[13.34684,38.08523,42.31887194234878],[13.34687,38.085185,42.31884403992444],[13.346857,38.08518,42.31884930562228],[13.346891,38.085129,42.318817405961454],[13.346846,38.08511,42.31883539259434],[13.346852,38.085101,42.31882992666215],[13.346754,38.08506,42.31886881776154],[13.346751,38.085065,42.31887180916965],[13.346717,38.085051,42.318885477259755],[13.346722,38.085043,42.318880558013916],[13.346573,38.084976,42.31893859338015],[13.346569,38.084983,42.31894273497164],[13.34649,38.08495,42.31897422950715],[13.346494,38.084945,42.31897099502385],[13.346351,38.084881,42.31902676541358],[13.346347,38.084887,42.31903020385653],[13.346264,38.084855,42.31906453426927],[13.34627,38.084846,42.31905870232731],[13.346121,38.084783,42.31911794561893],[13.346119,38.084787,42.31912038102746],[13.346072,38.084768,42.3191390670836],[13.346004,38.084869,42.319202489219606],[13.346049,38.084888,42.31918434984982]]]]}},{"type":"Feature","properties":{"id":"scuola-22","nome":"Lambruschini","tipo":"Plesso scolastico","abbinamento":"contenuto"},"geometry":{"type":"MultiPolygon","coordinates":[[[[13.349973,38.145548,42.334154470823705],[13.349963,38.145563,42.33416387345642],[13.349603,38.145409,42.33430668897927],[13.349551,38.145484,42.334354422055185],[13.349764,38.145575,42.334270073100924],[13.349855,38.145613,42.33423359785229],[13.349831,38.145647,42.334255256690085],[13.349939,38.145692,42.33421276602894],[13.349948,38.145679,42.33420401904732],[13.349962,38.145659,42.33419131394476],[13.350021,38.145684,42.33416796568781],[13.350082,38.145595,42.33411165326834],[13.35009,38.145598,42.334108476527035],[13.35021,38.145423,42.33399767708033],[13.350256,38.145443,42.33397913631052],[13.350313,38.14536,42.33392653428018],[13.350168,38.145298,42.33398412633687],[13.349992,38.145556,42.334147181361914],[13.349973,38.145548,42.334154470823705]]]]}},{"type":"Feature","properties":{"id":"scuola-23","nome":"Succursale B","tipo":"Plesso scolastico","abbinamento":"vicino"},"geometry":{"type":"MultiPolygon","coordinates":[[[[13.333159,38.107054,42.33205762505531],[13.33317,38.107055,42.33205267228186],[13.333183,38.106908,42.33200468122959],[13.333194,38.106907,42.33199850656092],[13.3332,38.10687,42.33198513276875],[13.333031,38.106848,42.33206608891487],[13.33302,38.106878,42.332080255262554],[13.332979,38.10686,42.33209639787674],[13.332932,38.106999,42.332159688696265],[13.333159,38.107054,42.33205762505531]]]]}},{"type":"Feature","properties":{"id":"scuola-24","nome":"Mattarella","tipo":"Sede dell'istituto","abbinamento":"contenuto"},"geometry":{"type":"MultiPolygon","coordinates":[[[[13.361267,38.083438,42.31091916747391],[13.361474,38.083153,42.31073243636638],[13.361435,38.083136,42.31074751727283],[13.361458,38.083104,42.310727063566446],[13.361393,38.083075,42.31075245048851],[13.36136,38.08312,42.3107820507139],[13.361296,38.083214,42.31084149610251],[13.361206,38.083338,42.310922557488084],[13.360949,38.08322,42.311022783629596],[13.360873,38.083325,42.31109115481377],[13.36113,38.083441,42.31099133286625],[13.361034,38.083573,42.311077462509274],[13.360601,38.083376,42.31124576181173],[13.360596,38.083382,42.31125015206635],[13.360532,38.08347,42.31130760163069],[13.360559,38.083482,42.311297248117626],[13.360578,38.083491,42.31128988135606],[13.360587,38.083478,42.31128143146634],[13.360684,38.083522,42.31124384328723],[13.36063,38.083596,42.31129251141101],[13.360611,38.083587,42.3112998502329],[13.360583,38.083627,42.31132565718144],[13.3607,38.08368,42.311280022375286],[13.360782,38.083568,42.31120603065938],[13.360901,38.083621,42.311160082928836],[13.360851,38.083692,42.311205603182316],[13.36108,38.083795,42.3111161198467],[13.361146,38.083702,42.31105615571141],[13.361103,38.083684,42.311073165386915],[13.361148,38.083626,42.31103361118585],[13.361071,38.083589,42.311063289642334],[13.361204,38.083405,42.310942551121116],[13.361267,38.083438,42.31091916747391]]]]}},{"type":"Feature","properties":{"id":"scuola-25","nome":"Lombardo Radice - Mazzini","tipo":"Sede dell'istituto","abbinamento":"contenuto"},"geometry":{"type":"MultiPolygon","coordinates":[[[[13.343633,38.10867,42.32710154727101],[13.343502,38.10887,42.32722537685186],[13.343607,38.108913,42.327182963490486],[13.343685,38.108796,42.327110030688345],[13.343811,38.108847,42.32705920282751],[13.343976,38.108914,42.3269927976653],[13.344101,38.108965,42.32694252207875],[13.344005,38.109111,42.3270328650251],[13.344113,38.109155,42.326989794149995],[13.344262,38.108928,42.32684894744307],[13.344079,38.108852,42.3269225275144],[13.344085,38.108843,42.32691662851721],[13.343821,38.108735,42.32702244352549],[13.343815,38.108745,42.327028586529195],[13.343633,38.10867,42.32710154727101]]]]}},{"type":"Feature","properties":{"id":"scuola-26","nome":"Serportta","tipo":"Plesso scolastico","abbinamento":"vicino"},"geometry":{"type":"MultiPolygon","coordinates":[[[[13.35814,38.130773,42.3258054908365],[13.358275,38.130573,42.3256794186309],[13.358298,38.130538,42.32565788086504],[13.358305,38.130519,42.32564874459058],[13.358295,38.130501,42.32564948219806],[13.358278,38.130493,42.325655774213374],[13.357814,38.130415,42.32587333675474],[13.357671,38.130649,42.32601252198219],[13.357755,38.130682,42.3259782763198],[13.357868,38.130504,42.32587032672018],[13.358139,38.130547,42.325742695480585],[13.358157,38.130579,42.325742073357105],[13.358071,38.130712,42.32582388725132],[13.358003,38.130698,42.32585493288934],[13.357987,38.130742,42.325875263661146],[13.35814,38.130773,42.3258054908365]]]]}},{"type":"Feature","properties":{"id":"scuola-27","nome":"Irrera","tipo":"Plesso scolastico","abbinamento":"vicino"},"geometry":{"type":"MultiPolygon","coordinates":[[[[13.331441,38.104917,42.33234660234302],[13.331572,38.104929,42.33228179998696],[13.33159,38.104811,42.33223997987807],[13.331131,38.104766,42.332464314065874],[13.33113,38.104773,42.332466813735664],[13.331092,38.10477,42.33248564880341],[13.331093,38.104763,42.33248330466449],[13.331062,38.104761,42.3324985075742],[13.330974,38.104807,42.33255679998547],[13.33097,38.104836,42.332566948607564],[13.330983,38.104841,42.33256137557328],[13.330979,38.104871,42.33257220312953],[13.330965,38.10487,42.33257891796529],[13.330913,38.10523,42.332707008346915],[13.331063,38.105244,42.33263337239623],[13.331077,38.105147,42.33259889855981],[13.331029,38.105142,42.332622268237174],[13.331041,38.105063,42.33259408827871],[13.331047,38.105019,42.33257857616991],[13.331069,38.104866,42.33252418693155],[13.331107,38.104846,42.33249869849533],[13.331446,38.104876,42.33233219478279],[13.331441,38.104917,42.33234660234302]]]]}},{"type":"Feature","properties":{"id":"scuola-28","nome":"Aloi","tipo":"Plesso scolastico","abbinamento":"vicino"},"geometry":{"type":"MultiPolygon","coordinates":[[[[13.353668,38.085418,0.0],[13.353626,38.085398,0.0],[13.353558,38.085489,0.0],[13.353473,38.085449,0.0],[13.353467,38.085421,0.0],[13.353424,38.085401,0.0],[13.353325,38.085414,0.0],[13.35329,38.08546,0.0],[13.352945,38.085504,0.0],[13.352968,38.085618,0.0],[13.353078,38.08567,0.0],[13.352974,38.085683,0.0],[13.352997,38.085798,0.0],[13.353049,38.085792,0.0],[13.353057,38.08583,0.0],[13.353329,38.085795,0.0],[13.353304,38.085671,0.0],[13.353467,38.08565,0.0],[13.353624,38.085723,0.0],[13.353732,38.08558,0.0],[13.353732,38.085579,0.0],[13.353797,38.085492,0.0],[13.353969,38.085572,0.0],[13.353977,38.08561,0.0],[13.353989,38.085608,0.0],[13.354032,38.085628,0.0],[13.354072,38.085623,0.0],[13.354137,38.085537,0.0],[13.353723,38.085344,0.0],[13.353668,38.085418,0.0]]]]}},{"type":"Feature","properties":{"id":"scuola-29","nome":"Baviera","tipo":"Plesso scolastico","abbinamento":"vicino"},"geometry":{"type":"MultiPolygon","coordinates":[[[[13.32554,38.120387,42.339727462269366],[13.325563,38.120401,42.339719384908676],[13.325528,38.120437,42.339747508987784],[13.325599,38.12048,42.33972298540175],[13.325711,38.120366,42.33963295631111],[13.325738,38.120507,42.33965875022113],[13.325902,38.120491,42.33956914674491],[13.325877,38.120358,42.33954499196261],[13.32579,38.120362,42.33959120698273],[13.325764,38.120242,42.339570821262896],[13.325884,38.12012,42.33947495184839],[13.325834,38.120089,42.3394922176376],[13.325714,38.120209,42.33958771266043],[13.32554,38.120387,42.339727462269366]]]]}},{"type":"Feature","properties":{"id":"scuola-30","nome":"Largo Ercole","tipo":"Plesso scolastico","abbinamento":"contenuto"},"geometry":{"type":"MultiPolygon","coordinates":[[[[13.372839,38.100279,42.309673386625946],[13.372946,38.100238,42.30960647575557],[13.372831,38.100042,42.30961133632809],[13.372775,38.100065,42.30964652542025],[13.372735,38.100076,42.309669881127775],[13.372719,38.100083,42.30968008376658],[13.372839,38.100279,42.309673386625946]]]]}},{"type":"Feature","properties":{"id":"scuola-31","nome":"Sunseri","tipo":"Plesso scolastico","abbinamento":"contenuto"},"geometry":{"type":"MultiPolygon","coordinates":[[[[13.338669,38.10717,42.32924448698759],[13.33866,38.107178,42.32925156317651],[13.338582,38.107145,42.32928241044283],[13.338585,38.107133,42.32927751913667],[13.338467,38.107092,42.329327177256346],[13.338444,38.107081,42.32933583017439],[13.338433,38.107088,42.3293434176594],[13.338363,38.10705,42.329369123093784],[13.338368,38.107043,42.32936432119459],[13.338304,38.107011,42.32938859425485],[13.338297,38.107016,42.3293932499364],[13.338274,38.106998,42.32940047234297],[13.33828,38.106951,42.32938381098211],[13.338271,38.106949,42.329388287849724],[13.338275,38.106912,42.32937561068684],[13.338153,38.106882,42.32943014893681],[13.338147,38.106909,42.32944123260677],[13.338136,38.106957,42.32946026790887],[13.338114,38.106955,42.32947104331106],[13.338104,38.107003,42.32948941644281],[13.338094,38.107049,42.329507479444146],[13.338387,38.107201,42.329398836009204],[13.33839,38.107209,42.329399498179555],[13.33852,38.107251,42.32934426423162],[13.338523,38.107247,42.32934146840125],[13.338631,38.107293,42.32929850742221],[13.338629,38.107301,42.3293021004647],[13.338796,38.107356,42.32923104707152],[13.338801,38.107348,42.3292264835909],[13.338804,38.107342,42.329223149456084],[13.338877,38.107371,42.329193278215826],[13.339122,38.107457,42.329091059044],[13.339171,38.107366,42.3290400095284],[13.339083,38.107329,42.32907552085817],[13.339098,38.107305,42.32906056474894],[13.339098,38.107304,42.329060859046876],[13.339068,38.107294,42.3290732325986],[13.339058,38.10731,42.329083115793765],[13.338991,38.107287,42.32911082264036],[13.338982,38.107303,42.329120403155684],[13.33894,38.107287,42.32913750130683],[13.33895,38.10727,42.3291274253279],[13.338892,38.107249,42.32915133330971],[13.338888,38.107257,42.32915576454252],[13.33883,38.107238,42.32918049860746],[13.338826,38.107246,42.32918499503285],[13.338804,38.107238,42.32919363304973],[13.338808,38.107229,42.3291892837733],[13.338803,38.107227,42.329191291704774],[13.338779,38.107218,42.32920125685632],[13.338774,38.107227,42.32920636795461],[13.338758,38.107222,42.32921310607344],[13.338774,38.107194,42.329197242856026],[13.338741,38.107183,42.32921110652387],[13.338734,38.107196,42.32921830378473],[13.338669,38.10717,42.32924448698759]]]]}},{"type":"Feature","properties":{"id":"scuola-32","nome":"Montegrappa - Sanzio","tipo":"Sede dell'istituto","abbinamento":"contenuto"},"geometry":{"type":"MultiPolygon","coordinates":[[[[13.345755,38.095446,42.32229827065021],[13.34576,38.09544,42.32229416444898],[13.345448,38.095228,42.32239613868296],[13.345243,38.095422,42.32255588658154],[13.345231,38.095434,42.322565546259284],[13.345312,38.095488,42.32253877539188],[13.345387,38.095419,42.322480655275285],[13.345414,38.095436,42.32247162051499],[13.345404,38.095447,42.32247983571142],[13.345431,38.095469,42.32247194740921],[13.345517,38.095392,42.32240630034357],[13.34559,38.09544,42.322382061742246],[13.345563,38.095466,42.32240334991366],[13.345656,38.095529,42.322372786700726],[13.345646,38.095541,42.32238108944148],[13.345715,38.095584,42.32235786970705],[13.345747,38.095551,42.32233188394457],[13.345791,38.095578,42.32231683842838],[13.345732,38.095637,42.322363985702395],[13.345739,38.095642,42.3223617374897],[13.345759,38.095656,42.322355276905],[13.345849,38.095718,42.32232616748661],[13.345871,38.095699,42.32230936456472],[13.345914,38.095659,42.32227586675435],[13.345956,38.095685,42.32226154860109],[13.345971,38.095671,42.322250162251294],[13.346017,38.095627,42.32221374288201],[13.345755,38.095446,42.32229827065021]]]]}},{"type":"Feature","properties":{"id":"scuola-33","nome":"La Masa","tipo":"Sede dell'istituto","abbinamento":"contenuto"},"geometry":{"type":"MultiPolygon","coordinates":[[[[13.358561,38.130698,42.325566791929305],[13.358545,38.130693,42.325574091635644],[13.358468,38.130813,42.32564761210233],[13.358481,38.130818,42.32564196828753],[13.358491,38.130803,42.325632519088686],[13.358562,38.130829,42.325603073462844],[13.358551,38.130848,42.32561396341771],[13.358586,38.130858,42.325598920695484],[13.358683,38.130898,42.325560081750154],[13.358729,38.130827,42.32551678549498],[13.358719,38.130824,42.32552059739828],[13.358795,38.130705,42.325448205694556],[13.358807,38.13071,42.32544341124594],[13.358845,38.130657,42.325409097597],[13.358921,38.130538,42.32533660065383],[13.358696,38.130446,42.3254268495366],[13.358673,38.130483,42.32544894516468],[13.358691,38.130483,42.325439770706],[13.358561,38.130698,42.325566791929305]]]]}},{"type":"Feature","properties":{"id":"scuola-34","nome":"Scipione Di Castro","tipo":"Plesso scolastico","abbinamento":"vicino"},"geometry":{"type":"MultiPolygon","coordinates":[[[[13.342806,38.11284,42.328696984797716],[13.342738,38.112802,42.32872146740556],[13.34268,38.112795,42.3287495309487],[13.342573,38.112969,42.3288537170738],[13.342612,38.112997,42.328841507434845],[13.342696,38.113017,42.32880341075361],[13.34271,38.112987,42.32878789771348],[13.342806,38.11284,42.328696984797716]]]]}},{"type":"Feature","properties":{"id":"scuola-35","nome":"Ingrassia","tipo":"Plesso scolastico","abbinamento":"vicino"},"geometry":{"type":"MultiPolygon","coordinates":[[[[13.383712,38.103401,42.30494028609246],[13.383576,38.103481,42.30503249075264],[13.383273,38.103159,42.305098723620176],[13.383147,38.103233,42.305184555239975],[13.383191,38.10328,42.305174969136715],[13.383224,38.103284,42.305159012787044],[13.383242,38.103274,42.3051469149068],[13.383243,38.103274,42.30514667276293],[13.383463,38.103514,42.30510046798736],[13.383406,38.103547,42.305139070376754],[13.3834,38.103541,42.30514038633555],[13.382946,38.103808,42.305449806153774],[13.383038,38.103907,42.305429614149034],[13.383095,38.103873,42.30539081431925],[13.383106,38.103847,42.305377669632435],[13.383094,38.103834,42.30538034345955],[13.383419,38.103642,42.30515919998288],[13.383456,38.103682,42.305150927975774],[13.383573,38.103614,42.305071600712836],[13.383534,38.103572,42.305080010555685],[13.383554,38.10356,42.30506617669016],[13.38357,38.103577,42.305062665604055],[13.383629,38.103543,42.30502294842154],[13.383652,38.103567,42.3050178932026],[13.383791,38.103485,42.304922960698605],[13.383712,38.103401,42.30494028609246]]]]}},{"type":"Feature","properties":{"id":"scuola-36","nome":"Agostino","tipo":"Plesso scolastico","abbinamento":"vicino"},"geometry":{"type":"MultiPolygon","coordinates":[[[[13.407264,38.097663,42.29118424747139],[13.407252,38.097667,42.29119183588773],[13.407239,38.097644,42.29119196720421],[13.407253,38.097639,42.29118351638317],[13.407225,38.097588,42.29118370451033],[13.407154,38.097609,42.29122624453157],[13.407155,38.097616,42.29122730065137],[13.407021,38.097662,42.291309519670904],[13.407018,38.097657,42.2913095774129],[13.406943,38.097682,42.29135556984693],[13.406962,38.097716,42.29135545529425],[13.406992,38.097771,42.29135526902974],[13.407008,38.097801,42.29135516937822],[13.407041,38.09786,42.291354968212545],[13.407106,38.097838,42.29131506755948],[13.407109,38.097843,42.29131501913071],[13.407174,38.09782,42.29127505514771],[13.40716,38.097794,42.29127509519458],[13.407235,38.097768,42.29122909344733],[13.407246,38.097789,42.291229009628296],[13.40732,38.097763,42.29118393082172],[13.407264,38.097663,42.29118424747139]]]]}},{"type":"Feature","properties":{"id":"scuola-38","nome":"Li Bassi","tipo":"Plesso scolastico","abbinamento":"vicino"},"geometry":{"type":"MultiPolygon","coordinates":[[[[13.353169,38.101715,42.32022832147777],[13.353164,38.10176,42.32024344429374],[13.353164,38.101761,42.32024371717125],[13.353649,38.101906,42.32003432698548],[13.35367,38.101753,42.31998042110354],[13.353169,38.101715,42.32022832147777]]]]}},{"type":"Feature","properties":{"id":"scuola-39","nome":"T. Bartolomeo","tipo":"Plesso scolastico","abbinamento":"vicino"},"geometry":{"type":"MultiPolygon","coordinates":[[[[13.377727,38.08402,42.30258709844202],[13.377706,38.084006,42.3025941895321],[13.377433,38.084271,42.302809247747064],[13.377484,38.084304,42.30279204528779],[13.377756,38.084038,42.30257705319673],[13.377727,38.08402,42.30258709844202]]]]}},{"type":"Feature","properties":{"id":"scuola-40","nome":"Monti Iblei","tipo":"Sede dell'istituto","abbinamento":"contenuto"},"geometry":{"type":"MultiPolygon","coordinates":[[[[13.325708,38.153147,0.0],[13.325848,38.153131,0.0],[13.326008,38.153042,0.0],[13.326103,38.152894,0.0],[13.326096,38.152784,0.0],[13.326357,38.152389,0.0],[13.325788,38.152157,0.0],[13.325212,38.153005,0.0],[13.325708,38.153147,0.0]]]]}},{"type":"Feature","properties":{"id":"scuola-41","nome":"L. Da Vinci - Carducci","tipo":"Sede dell'istituto","abbinamento":"vicino"},"geometry":{"type":"MultiPolygon","coordinates":[[[[13.326274,38.125936,42.340901414863765],[13.326248,38.125938,42.34091544337571],[13.326244,38.125896,42.34090589918196],[13.326133,38.125901,42.34096444118768],[13.326134,38.12591,42.34096640627831],[13.325979,38.12592,42.34104923438281],[13.325965,38.125787,42.341018971055746],[13.325894,38.125793,42.34105739463121],[13.325909,38.125934,42.341089606285095],[13.325827,38.125939,42.34113307017833],[13.325828,38.125953,42.34113640431315],[13.325912,38.125948,42.34109166543931],[13.325924,38.126064,42.34111833292991],[13.325995,38.12606,42.341080454178154],[13.325996,38.12607,42.34108269959688],[13.326116,38.126062,42.34101862926036],[13.326115,38.126053,42.34101646672934],[13.326285,38.126042,42.340925701893866],[13.326274,38.125936,42.340901414863765]],[[13.325985,38.125999,42.34106838796288],[13.325982,38.125967,42.341060830280185],[13.325985,38.125963,42.34105815459043],[13.326056,38.125957,42.341019697487354],[13.326063,38.125962,42.341017400845885],[13.326066,38.125994,42.34102537762374],[13.326062,38.126,42.34102898649871],[13.325993,38.126004,42.34106554929167],[13.325985,38.125999,42.34106838796288]]]]}},{"type":"Feature","properties":{"id":"scuola-42","nome":"Savonarola","tipo":"Plesso scolastico","abbinamento":"contenuto"},"geometry":{"type":"MultiPolygon","coordinates":[[[[13.320777,38.120626,42.342254653573036],[13.320777,38.120637,42.342257587239146],[13.32079,38.120637,42.342250967398286],[13.320787,38.120682,42.34226536471397],[13.320824,38.120684,42.34224674012512],[13.320826,38.120632,42.342230996116996],[13.320831,38.120632,42.34222829621285],[13.320836,38.120531,42.342197520658374],[13.320842,38.120532,42.34219479560852],[13.320845,38.120462,42.3421737132594],[13.32083,38.120461,42.34218105580658],[13.320834,38.120366,42.342152080498636],[13.320799,38.120365,42.342170318588614],[13.320802,38.120313,42.34215430542827],[13.320736,38.120311,42.342187602072954],[13.320722,38.120624,42.34228243678808],[13.320777,38.120626,42.342254653573036]]]]}},{"type":"Feature","properties":{"id":"scuola-43","nome":"Industriale","tipo":"Plesso scolastico","abbinamento":"vicino"},"geometry":{"type":"MultiPolygon","coordinates":[[[[13.39993,38.095293,42.29429995641112],[13.39992,38.095293,42.29430543258786],[13.399887,38.095217,42.294300760142505],[13.399813,38.095239,42.29434542264789],[13.399816,38.095246,42.29434562288225],[13.39961,38.095308,42.29446903243661],[13.399696,38.095485,42.29447445925325],[13.399762,38.095465,42.29443491157144],[13.399758,38.095457,42.294434644281864],[13.399827,38.095436,42.29439359810203],[13.39982,38.095422,42.294393139891326],[13.399893,38.0954,42.29434891231358],[13.399903,38.095419,42.29434948693961],[13.39998,38.095395,42.2943031527102],[13.39993,38.095293,42.29429995641112]]]]}},{"type":"Feature","properties":{"id":"scuola-44","nome":"Agazzi","tipo":"Plesso scolastico","abbinamento":"contenuto"},"geometry":{"type":"MultiPolygon","coordinates":[[[[13.294531,38.135348,42.35993446409702],[13.294604,38.135371,42.35990337934345],[13.294639,38.1353,42.35986528173089],[13.294655,38.135269,42.3598485449329],[13.294582,38.135246,42.359879525378346],[13.294531,38.135348,42.35993446409702]]]]}},{"type":"Feature","properties":{"id":"scuola-45","nome":"Bentivegna","tipo":"Plesso scolastico","abbinamento":"vicino"},"geometry":{"type":"MultiPolygon","coordinates":[[[[13.327844,38.160864,42.34985707513988],[13.32799,38.16083,42.34977223724127],[13.327955,38.160739,42.349764549173415],[13.327905,38.160751,42.34979394823313],[13.327622,38.160817,42.349958669394255],[13.327573,38.160828,42.34998676739633],[13.327605,38.160914,42.349994075484574],[13.327708,38.160892,42.34993524290621],[13.327752,38.160882,42.349909568205476],[13.327766,38.16092,42.34991284459829],[13.327857,38.160899,42.34986000973731],[13.327844,38.160864,42.34985707513988]]]]}},{"type":"Feature","properties":{"id":"scuola-46","nome":"Lionti","tipo":"Plesso scolastico","abbinamento":"vicino"},"geometry":{"type":"MultiPolygon","coordinates":[[[[13.371645,38.101389,42.31060107797384],[13.371757,38.101433,42.31055587809533],[13.371784,38.10139,42.31052954681218],[13.371919,38.101181,42.31040133256465],[13.371801,38.101134,42.31044871266931],[13.371639,38.101386,42.31060325913131],[13.371645,38.101389,42.31060107797384]]]]}},{"type":"Feature","properties":{"id":"scuola-47","nome":"T. Lampedusa","tipo":"Plesso scolastico","abbinamento":"contenuto"},"geometry":{"type":"MultiPolygon","coordinates":[[[[13.310163,38.12643,42.34936263598502],[13.310997,38.126454,42.348938272334635],[13.311002,38.126345,42.348905303515494],[13.310168,38.12632,42.34932919871062],[13.310163,38.12643,42.34936263598502]]]]}},{"type":"Feature","properties":{"id":"scuola-48","nome":"Nazario Sauro","tipo":"Sede dell'istituto","abbinamento":"contenuto"},"geometry":{"type":"MultiPolygon","coordinates":[[[[13.386987,38.103583,42.30330209992826],[13.3869,38.103635,42.30336158256978],[13.386859,38.103589,42.30336963199079],[13.386791,38.103627,42.30341528262943],[13.386852,38.103694,42.30340241640806],[13.386893,38.103672,42.30337559245527],[13.386977,38.103764,42.30335818976164],[13.387026,38.103819,42.30334790982306],[13.386944,38.103875,42.30340623203665],[13.386971,38.103896,42.30339815746993],[13.386998,38.103926,42.30339234974235],[13.387083,38.103882,42.30333646573126],[13.387191,38.104002,42.30331428255886],[13.387305,38.103936,42.303237088024616],[13.386987,38.103583,42.30330209992826]]]]}},{"type":"Feature","properties":{"id":"scuola-49","nome":"L. Da Vinci","tipo":"Sede dell'istituto","abbinamento":"vicino"},"geometry":{"type":"MultiPolygon","coordinates":[[[[13.337069,38.126875,42.33558951038867],[13.337679,38.126993,42.33530779089779],[13.337697,38.126937,42.335283012129366],[13.337698,38.126934,42.335281724110246],[13.33773,38.12683,42.335235971957445],[13.337782,38.126663,42.33516238350421],[13.337734,38.126654,42.335184648633],[13.337657,38.126639,42.33522030618042],[13.337474,38.126603,42.335304759442806],[13.33737,38.126584,42.33535296283662],[13.337172,38.126546,42.33544475398958],[13.337069,38.126875,42.33558951038867]],[[13.33723,38.126811,42.3354886835441],[13.337278,38.126657,42.33542103879154],[13.337622,38.126724,42.33526177238673],[13.337601,38.126791,42.335291454568505],[13.337566,38.126784,42.335307739675045],[13.337552,38.12683,42.335327797569335],[13.337585,38.126836,42.33531274832785],[13.337572,38.126877,42.33533056080341],[13.33723,38.126811,42.3354886835441]]]]}},{"type":"Feature","properties":{"id":"scuola-50","nome":"Savio","tipo":"Plesso scolastico","abbinamento":"contenuto"},"geometry":{"type":"MultiPolygon","coordinates":[[[[13.327567,38.170807,42.352776794694364],[13.327577,38.170809,42.3527724025771],[13.327598,38.170755,42.352746275253594],[13.327535,38.17074,42.35277444310486],[13.327537,38.170734,42.35277181304991],[13.327478,38.17072,42.35279858484864],[13.327475,38.170727,42.352801855653524],[13.32742,38.170713,42.352826724760234],[13.3274,38.170763,42.35285068769008],[13.32748,38.170782,42.35281490627676],[13.327389,38.171016,42.35292697325349],[13.327371,38.171063,42.35294920671731],[13.327345,38.171132,42.35298241581768],[13.327332,38.171129,42.35298814624548],[13.327266,38.171113,42.35301772132516],[13.327243,38.171168,42.35304504353553],[13.327307,38.171183,42.35301614459604],[13.327304,38.17119,42.35301931668073],[13.327364,38.171204,42.35299256630242],[13.327367,38.171198,42.35298947058618],[13.32743,38.171213,42.3529608361423],[13.327449,38.171164,42.35293724015355],[13.327431,38.17116,42.35294564347714],[13.32736,38.171144,42.352977932430804],[13.327495,38.170788,42.352808851748705],[13.327567,38.170807,42.352776794694364]]]]}},{"type":"Feature","properties":{"id":"scuola-51","nome":"Impastato","tipo":"Plesso scolastico","abbinamento":"contenuto"},"geometry":{"type":"MultiPolygon","coordinates":[[[[13.338025,38.123326,0.0],[13.338291,38.122718,0.0],[13.337648,38.122543,0.0],[13.337399,38.12315,0.0],[13.338025,38.123326,0.0]]]]}},{"type":"Feature","properties":{"id":"scuola-52","nome":"Abba","tipo":"Plesso scolastico","abbinamento":"vicino"},"geometry":{"type":"MultiPolygon","coordinates":[[[[13.366117,38.144016,42.325397551991045],[13.366123,38.143956,42.325377667322755],[13.366155,38.143634,42.32527076639235],[13.365948,38.143621,42.32537415716797],[13.365947,38.143628,42.3253764025867],[13.365942,38.143679,42.32539341785014],[13.365936,38.143733,42.32541150320321],[13.366038,38.14374,42.325361063703895],[13.36602,38.14391,42.32541748229414],[13.365955,38.143905,42.32545007020235],[13.365947,38.143986,42.325476941652596],[13.3654,38.143951,42.32574929948896],[13.365388,38.144065,42.32578703854233],[13.365498,38.144072,42.32573259435594],[13.365501,38.144042,42.325722644105554],[13.366,38.144074,42.32547414302826],[13.365997,38.144099,42.32548260316253],[13.366107,38.144106,42.32542769052088],[13.366117,38.144016,42.325397551991045]]]]}},{"type":"Feature","properties":{"id":"scuola-53","nome":"Bernini","tipo":"Plesso scolastico","abbinamento":"contenuto"},"geometry":{"type":"MultiPolygon","coordinates":[[[[13.321851,38.135965,42.34599177725613],[13.32216,38.136129,42.3458777340129],[13.322238,38.136037,42.34581189136952],[13.322266,38.136004,42.345788260921836],[13.32216,38.135948,42.34582736622542],[13.322138,38.135975,42.34584621526301],[13.322148,38.13598,42.345842350274324],[13.322093,38.136046,42.34588947147131],[13.322051,38.136023,42.34590491652489],[13.322103,38.135962,42.345860444009304],[13.322033,38.135925,42.345886257477105],[13.322058,38.135895,42.34586480539292],[13.321963,38.135844,42.34590008482337],[13.321957,38.135841,42.34590236097574],[13.321851,38.135965,42.34599177725613]]]]}},{"type":"Feature","properties":{"id":"scuola-54","nome":"Livio Bassi","tipo":"Plesso scolastico","abbinamento":"contenuto"},"geometry":{"type":"MultiPolygon","coordinates":[[[[13.314194,38.127613,42.34761062730104],[13.314201,38.127689,42.34762829076499],[13.314303,38.127683,42.34757419489324],[13.314285,38.12749,42.34752921573818],[13.313828,38.127516,42.34777244180441],[13.313824,38.127465,42.34776045102626],[13.313724,38.12747,42.34781382419169],[13.313729,38.127527,42.34782711509615],[13.313743,38.127527,42.347819646820426],[13.313756,38.127673,42.34785369876772],[13.313846,38.127668,42.347805817611516],[13.313843,38.127633,42.34779759217054],[13.313911,38.12763,42.34776155371219],[13.313908,38.127594,42.34775308333337],[13.314119,38.127582,42.347640585154295],[13.314122,38.127617,42.34764892794192],[13.314194,38.127613,42.34761062730104]]]]}},{"type":"Feature","properties":{"id":"scuola-55","nome":"T. Natale","tipo":"Plesso scolastico","abbinamento":"contenuto"},"geometry":{"type":"MultiPolygon","coordinates":[[[[13.284206,38.18909,42.380267397500575],[13.284061,38.188998,42.38031670823693],[13.283794,38.189263,42.3805282888934],[13.283886,38.18932,42.38049709610641],[13.28392,38.189286,42.38047009985894],[13.283906,38.189278,42.38047470524907],[13.284043,38.189142,42.38036605808884],[13.284106,38.189182,42.3803445789963],[13.284092,38.189196,42.3803557055071],[13.28415,38.189232,42.380336121656],[13.284046,38.189335,42.3804186321795],[13.284051,38.189338,42.38041686452925],[13.284127,38.189382,42.38038971181959],[13.28434,38.189171,42.38022112287581],[13.284264,38.189123,42.3802469111979],[13.284247,38.18914,42.38026042468846],[13.284191,38.189105,42.380279602482915],[13.284206,38.18909,42.380267397500575]]]]}},{"type":"Feature","properties":{"id":"scuola-56","nome":"Nuccio - Verga","tipo":"Sede dell'istituto","abbinamento":"contenuto"},"geometry":{"type":"MultiPolygon","coordinates":[[[[13.357763,38.113051,42.32103525754064],[13.357817,38.113081,42.3210155274719],[13.357929,38.112955,42.32092254795134],[13.358092,38.113047,42.320864191278815],[13.358152,38.112976,42.320813074707985],[13.358087,38.112942,42.320837256498635],[13.358047,38.112986,42.32087015360594],[13.35789,38.112897,42.32092623692006],[13.357763,38.113051,42.32103525754064]]]]}},{"type":"Feature","properties":{"id":"scuola-57","nome":"Karol Wojtyla","tipo":"Sede dell'istituto","abbinamento":"vicino"},"geometry":{"type":"MultiPolygon","coordinates":[[[[13.363554,38.135732,42.324400613084435],[13.363869,38.13581,42.32425981760025],[13.36371,38.136209,42.32445341348648],[13.363819,38.136236,42.32440491672605],[13.36394,38.135933,42.324257833883166],[13.364015,38.135744,42.324165855534375],[13.363474,38.135609,42.324407489970326],[13.363463,38.135606,42.32441212143749],[13.363441,38.135662,42.324439369142056],[13.363454,38.135665,42.32443329785019],[13.363311,38.136034,42.32461055368185],[13.3633,38.136062,42.32462397497147],[13.363218,38.136042,42.32466090749949],[13.363201,38.13608,42.32468025293201],[13.363396,38.136127,42.324592725373805],[13.363399,38.13612,42.32458906061947],[13.363416,38.136078,42.324568956159055],[13.363554,38.135732,42.324400613084435]]]]}},{"type":"Feature","properties":{"id":"scuola-58","nome":"Santa Cristina","tipo":"Plesso scolastico","abbinamento":"vicino"},"geometry":{"type":"MultiPolygon","coordinates":[[[[13.297895,38.129537,42.35657128319144],[13.298168,38.129544,42.356432248838246],[13.298181,38.129256,42.356344901025295],[13.298094,38.129253,42.35638941079378],[13.298095,38.129222,42.35637986846268],[13.298095,38.129211,42.35637668706477],[13.298029,38.129209,42.35641068872064],[13.297933,38.129207,42.3564591165632],[13.297929,38.129303,42.35648833028972],[13.29803,38.129306,42.35643688309938],[13.298028,38.129355,42.35645167250186],[13.297927,38.129352,42.35650333855301],[13.297921,38.12947,42.35653904546052],[13.297898,38.12947,42.35655093938112],[13.297895,38.129537,42.35657128319144]]]]}},{"type":"Feature","properties":{"id":"scuola-59","nome":"Ilaria Alpi","tipo":"Plesso scolastico","abbinamento":"contenuto"},"geometry":{"type":"MultiPolygon","coordinates":[[[[13.41782,38.070379,42.278073040768504],[13.417775,38.070331,42.278082674369216],[13.417758,38.070341,42.278094382956624],[13.417709,38.070289,42.27810482587665],[13.417576,38.070366,42.27819503750652],[13.417625,38.070418,42.27818466257304],[13.417593,38.070436,42.27820634748787],[13.417571,38.070449,42.27822130359709],[13.417607,38.070487,42.2782136304304],[13.41763,38.070513,42.27820858173072],[13.417647,38.070503,42.2781971860677],[13.417689,38.070548,42.27818818856031],[13.417825,38.070469,42.27809592336416],[13.417817,38.07046,42.27809761092067],[13.41787,38.070429,42.27806118968874],[13.417843,38.0704,42.27806708402932],[13.417883,38.070376,42.27803974412382],[13.417912,38.070407,42.27803358994424],[13.417977,38.070369,42.27798945270479],[13.417909,38.070296,42.278004037216306],[13.417844,38.070334,42.27804799377918],[13.417863,38.070354,42.27804391644895],[13.41782,38.070379,42.278073040768504]],[[13.417717,38.07036,42.278120905160904],[13.417781,38.070425,42.27810615580529],[13.417684,38.070481,42.27817181684077],[13.417625,38.070418,42.27818466257304],[13.417717,38.07036,42.278120905160904]]]]}},{"type":"Feature","properties":{"id":"scuola-60","nome":"A. Sole","tipo":"Plesso scolastico","abbinamento":"contenuto"},"geometry":{"type":"MultiPolygon","coordinates":[[[[13.310825,38.080505,42.33615705091506],[13.310772,38.080545,42.33619565889239],[13.310777,38.080549,42.33619411289692],[13.310629,38.080661,42.336302164010704],[13.31067,38.080695,42.336290440522134],[13.310796,38.080601,42.336198951117694],[13.310924,38.080706,42.336162619292736],[13.310786,38.08081,42.336263061501086],[13.310916,38.080919,42.336225835606456],[13.311053,38.080816,42.33612633496523],[13.31107,38.08083,42.336121544241905],[13.311147,38.080771,42.33606539387256],[13.310825,38.080505,42.33615705091506]],[[13.310995,38.080767,42.33614263590425],[13.310925,38.08082,42.33619367610663],[13.310892,38.080793,42.33620330505073],[13.310962,38.080739,42.33615225274116],[13.310995,38.080767,42.33614263590425]]]]}},{"type":"Feature","properties":{"id":"scuola-61","nome":"Bonanno","tipo":"Plesso scolastico","abbinamento":"vicino"},"geometry":{"type":"MultiPolygon","coordinates":[[[[13.328515,38.110649,42.33546379581094],[13.328244,38.110654,42.33560500200838],[13.328244,38.110662,42.335607370361686],[13.328112,38.110664,42.33567637484521],[13.328112,38.110655,42.3356739282608],[13.327835,38.11066,42.335818021558225],[13.327842,38.110921,42.335887436755],[13.327939,38.110919,42.335836777463555],[13.327935,38.110739,42.335788669995964],[13.328112,38.110735,42.33569634053856],[13.328113,38.110775,42.33570688869804],[13.328082,38.110776,42.3357226010412],[13.328088,38.110968,42.335773820988834],[13.328251,38.110965,42.33568884525448],[13.32825,38.110943,42.335683048702776],[13.328284,38.110943,42.33566540013999],[13.328279,38.11077,42.33561946824193],[13.328244,38.110771,42.335637951269746],[13.328243,38.110734,42.335628125816584],[13.328415,38.110731,42.335538293235004],[13.32842,38.110912,42.33558665215969],[13.328522,38.11091,42.33553324174136],[13.328515,38.110649,42.33546379581094]]]]}},{"type":"Feature","properties":{"id":"scuola-62","nome":"Luinetti","tipo":"Plesso scolastico","abbinamento":"vicino"},"geometry":{"type":"MultiPolygon","coordinates":[[[[13.319838,38.179372,42.35915687214583],[13.319926,38.179251,42.359077638946474],[13.319755,38.179175,42.35914485156536],[13.319608,38.179381,42.35927827563137],[13.319778,38.179457,42.35921176150441],[13.319838,38.179372,42.35915687214583]]]]}},{"type":"Feature","properties":{"id":"scuola-63","nome":"Terenzio","tipo":"Plesso scolastico","abbinamento":"vicino"},"geometry":{"type":"MultiPolygon","coordinates":[[[[13.27762,38.198542,42.38630257640034],[13.277613,38.198536,42.386305085383356],[13.277626,38.198524,42.38629476632923],[13.27768,38.198562,42.38627769052982],[13.277726,38.198521,42.386242385953665],[13.277604,38.198435,42.38628149963915],[13.277548,38.198485,42.386324434541166],[13.277538,38.198478,42.3863275879994],[13.277443,38.198561,42.38639956340194],[13.277529,38.198622,42.386371991597116],[13.27762,38.198542,42.38630257640034]]]]}},{"type":"Feature","properties":{"id":"scuola-64","nome":"Orestano","tipo":"Sede dell'istituto","abbinamento":"contenuto"},"geometry":{"type":"MultiPolygon","coordinates":[[[[13.384397,38.094589,42.302113586105406],[13.384345,38.094535,42.30212536081672],[13.3843,38.094488,42.302135076373816],[13.384237,38.094422,42.30214926134795],[13.384165,38.094465,42.3021981632337],[13.384245,38.094548,42.30218019802123],[13.384094,38.094639,42.30228401813656],[13.384016,38.094559,42.302301501855254],[13.383944,38.094602,42.30235095880926],[13.384015,38.094676,42.30233500152826],[13.384059,38.09472,42.302324588410556],[13.384104,38.094766,42.302314542233944],[13.384397,38.094589,42.302113586105406]]]]}},{"type":"Feature","properties":{"id":"scuola-65","nome":"Gramsci","tipo":"Sede dell'istituto","abbinamento":"contenuto"},"geometry":{"type":"MultiPolygon","coordinates":[[[[13.330659,38.105923,42.33303234446794],[13.33061,38.106483,42.33321436308324],[13.33066,38.106482,42.33318812865764],[13.330699,38.105925,42.333012226969004],[13.330659,38.105923,42.33303234446794]]]]}},{"type":"Feature","properties":{"id":"scuola-66","nome":"San Lorenzo","tipo":"Plesso scolastico","abbinamento":"vicino"},"geometry":{"type":"MultiPolygon","coordinates":[[[[13.326836,38.161022,42.350421350449324],[13.326832,38.161023,42.350423995405436],[13.326877,38.161146,42.35043496452272],[13.327013,38.161114,42.35035593062639],[13.326996,38.161068,42.35035203304142],[13.327047,38.161056,42.350322262384],[13.327057,38.161083,42.35032449569553],[13.327043,38.161086,42.350332805886865],[13.32705,38.161105,42.35033433418721],[13.32729,38.161049,42.350194750353694],[13.327455,38.16101,42.350098764523864],[13.327408,38.160887,42.35008842498064],[13.326836,38.161022,42.350421350449324]],[[13.327288,38.160999,42.35018174163997],[13.327347,38.160985,42.350147517398],[13.327357,38.161011,42.35014970693737],[13.327298,38.161025,42.35018390789628],[13.327288,38.160999,42.35018174163997]]]]}},{"type":"Feature","properties":{"id":"scuola-67","nome":"Ievolella","tipo":"Plesso scolastico","abbinamento":"vicino"},"geometry":{"type":"MultiPolygon","coordinates":[[[[13.340921,38.120801,42.33189996611327],[13.340948,38.120727,42.33186536002904],[13.340984,38.120734,42.331848873756826],[13.34105,38.120748,42.331818759441376],[13.341061,38.12072,42.33180552069098],[13.341072,38.120686,42.33179009798914],[13.341008,38.120671,42.33181883301586],[13.341009,38.120667,42.33181731496006],[13.340967,38.120655,42.33183552417904],[13.340987,38.1206,42.331809759140015],[13.340976,38.120597,42.33181452937424],[13.340987,38.120559,42.331798610277474],[13.340946,38.120551,42.33181729540229],[13.340922,38.120547,42.33182854484767],[13.34092,38.120553,42.331831427291036],[13.340845,38.120784,42.331934886053205],[13.340921,38.120801,42.33189996611327]]]]}},{"type":"Feature","properties":{"id":"scuola-68","nome":"Tornatore","tipo":"Asilo nido","abbinamento":"vicino"},"geometry":{"type":"MultiPolygon","coordinates":[[[[13.325689,38.126759,42.34143420867622],[13.325742,38.126764,42.341407876461744],[13.325738,38.126792,42.34141765255481],[13.325894,38.126804,42.34134088642895],[13.325903,38.126736,42.34131717775017],[13.325792,38.126727,42.341371641494334],[13.325797,38.12669,42.34135858435184],[13.325773,38.126688,42.34137039631605],[13.325791,38.126551,42.34132301993668],[13.325719,38.126545,42.34135861508548],[13.325702,38.126679,42.34140483196825],[13.325646,38.126674,42.341432495974004],[13.325649,38.126648,42.34142333641648],[13.325525,38.126638,42.341484524309635],[13.325517,38.126704,42.341507544741035],[13.325644,38.126714,42.34144472423941],[13.325638,38.126758,42.341460009105504],[13.325617,38.126757,42.34147025085986],[13.325606,38.126844,42.3415006371215],[13.325677,38.12685,42.34146568737924],[13.325689,38.126759,42.34143420867622]]]]}},{"type":"Feature","properties":{"id":"scuola-69","nome":"Bonfiglio","tipo":"Plesso scolastico","abbinamento":"contenuto"},"geometry":{"type":"MultiPolygon","coordinates":[[[[13.349629,38.113256,42.32529108133167],[13.349566,38.113412,42.32536708377302],[13.349852,38.113486,42.325240599922836],[13.349895,38.113365,42.32518408168107],[13.349895,38.11336,42.3251827955246],[13.34987,38.113353,42.32519358303398],[13.34982,38.113339,42.32521578669548],[13.349831,38.11331,42.32520157005638],[13.349629,38.113256,42.32529108133167]]]]}},{"type":"Feature","properties":{"id":"scuola-70","nome":"M.T. di Calcutta","tipo":"Plesso scolastico","abbinamento":"vicino"},"geometry":{"type":"MultiPolygon","coordinates":[[[[13.365011,38.11222,42.31706171296537],[13.365108,38.1121,42.31697791535407],[13.364941,38.112013,42.317040076479316],[13.364962,38.111987,42.317021645605564],[13.364871,38.111942,42.317055674269795],[13.364821,38.111998,42.317097298800945],[13.364733,38.11196,42.31713247485459],[13.364767,38.111917,42.31710257008672],[13.364426,38.111762,42.3172353040427],[13.364376,38.111803,42.31727216951549],[13.364408,38.111816,42.31725928001106],[13.364381,38.111854,42.31728422548622],[13.364423,38.111873,42.31726809218526],[13.364432,38.111862,42.31726018991321],[13.364502,38.111891,42.31723223999143],[13.364464,38.111949,42.31726798508316],[13.364395,38.111922,42.317295810207725],[13.364354,38.111985,42.31733466871083],[13.364532,38.112059,42.31726378109306],[13.364554,38.112027,42.31724354252219],[13.365011,38.11222,42.31706171296537]],[[13.364696,38.111983,42.317157566547394],[13.364667,38.112026,42.3171848943457],[13.364578,38.111988,42.3172200396657],[13.364609,38.111943,42.317191704176366],[13.364696,38.111983,42.317157566547394]]]]}},{"type":"Feature","properties":{"id":"scuola-71","nome":"Titone","tipo":"Plesso scolastico","abbinamento":"contenuto"},"geometry":{"type":"MultiPolygon","coordinates":[[[[13.338669,38.10717,42.32924448698759],[13.33866,38.107178,42.32925156317651],[13.338582,38.107145,42.32928241044283],[13.338585,38.107133,42.32927751913667],[13.338467,38.107092,42.329327177256346],[13.338444,38.107081,42.32933583017439],[13.338433,38.107088,42.3293434176594],[13.338363,38.10705,42.329369123093784],[13.338368,38.107043,42.32936432119459],[13.338304,38.107011,42.32938859425485],[13.338297,38.107016,42.3293932499364],[13.338274,38.106998,42.32940047234297],[13.33828,38.106951,42.32938381098211],[13.338271,38.106949,42.329388287849724],[13.338275,38.106912,42.32937561068684],[13.338153,38.106882,42.32943014893681],[13.338147,38.106909,42.32944123260677],[13.338136,38.106957,42.32946026790887],[13.338114,38.106955,42.32947104331106],[13.338104,38.107003,42.32948941644281],[13.338094,38.107049,42.329507479444146],[13.338387,38.107201,42.329398836009204],[13.33839,38.107209,42.329399498179555],[13.33852,38.107251,42.32934426423162],[13.338523,38.107247,42.32934146840125],[13.338631,38.107293,42.32929850742221],[13.338629,38.107301,42.3293021004647],[13.338796,38.107356,42.32923104707152],[13.338801,38.107348,42.3292264835909],[13.338804,38.107342,42.329223149456084],[13.338877,38.107371,42.329193278215826],[13.339122,38.107457,42.329091059044],[13.339171,38.107366,42.3290400095284],[13.339083,38.107329,42.32907552085817],[13.339098,38.107305,42.32906056474894],[13.339098,38.107304,42.329060859046876],[13.339068,38.107294,42.3290732325986],[13.339058,38.10731,42.329083115793765],[13.338991,38.107287,42.32911082264036],[13.338982,38.107303,42.329120403155684],[13.33894,38.107287,42.32913750130683],[13.33895,38.10727,42.3291274253279],[13.338892,38.107249,42.32915133330971],[13.338888,38.107257,42.32915576454252],[13.33883,38.107238,42.32918049860746],[13.338826,38.107246,42.32918499503285],[13.338804,38.107238,42.32919363304973],[13.338808,38.107229,42.3291892837733],[13.338803,38.107227,42.329191291704774],[13.338779,38.107218,42.32920125685632],[13.338774,38.107227,42.32920636795461],[13.338758,38.107222,42.32921310607344],[13.338774,38.107194,42.329197242856026],[13.338741,38.107183,42.32921110652387],[13.338734,38.107196,42.32921830378473],[13.338669,38.10717,42.32924448698759]]]]}},{"type":"Feature","properties":{"id":"scuola-72","nome":"P. Mondello","tipo":"Sede dell'istituto","abbinamento":"contenuto"},"geometry":{"type":"MultiPolygon","coordinates":[[[[13.308662,38.198068,42.370139374397695],[13.309036,38.198192,42.36998045537621],[13.309076,38.198117,42.36993920896202],[13.308142,38.197808,42.3703353041783],[13.308102,38.197883,42.370376725681126],[13.308445,38.197997,42.37023130431771],[13.308392,38.198097,42.37028695270419],[13.308166,38.198023,42.37038285750896],[13.308098,38.198151,42.37045391649008],[13.308388,38.198247,42.37033054232597],[13.308416,38.198196,42.370301951654255],[13.308464,38.198211,42.37028159201145],[13.308436,38.198263,42.37031022738665],[13.308916,38.198422,42.37010665331036],[13.308985,38.198293,42.370035593397915],[13.308581,38.19816,42.37020687200129],[13.308585,38.198152,42.370202421210706],[13.308596,38.198153,42.37019709311426],[13.308606,38.198152,42.37019146513194],[13.308614,38.198149,42.37018680945039],[13.308621,38.198144,42.370181646198034],[13.308662,38.198068,42.370139374397695]]]]}},{"type":"Feature","properties":{"id":"scuola-73","nome":"Giuseppe Scelsa","tipo":"Sede dell'istituto","abbinamento":"contenuto"},"geometry":{"type":"MultiPolygon","coordinates":[[[[13.332098,38.092241,0.0],[13.332143,38.09222,0.0],[13.332211,38.092293,0.0],[13.332161,38.092327,0.0],[13.332244,38.092396,0.0],[13.332615,38.0922,0.0],[13.332616,38.092099,0.0],[13.332513,38.092149,0.0],[13.332456,38.092063,0.0],[13.332551,38.09201,0.0],[13.332496,38.091941,0.0],[13.332271,38.092062,0.0],[13.332151,38.091933,0.0],[13.331934,38.092058,0.0],[13.332098,38.092241,0.0]]]]}},{"type":"Feature","properties":{"id":"scuola-74","nome":"San Ciro 48/A","tipo":"Plesso scolastico","abbinamento":"contenuto"},"geometry":{"type":"MultiPolygon","coordinates":[[[[13.384366,38.093794,42.30190639849752],[13.384484,38.093757,42.301835214719176],[13.384496,38.093781,42.30183578003198],[13.384661,38.09373,42.30173624213785],[13.384631,38.093671,42.301734801381826],[13.384722,38.093642,42.301679893396795],[13.384731,38.09364,42.30167464353144],[13.384726,38.093629,42.301674365997314],[13.384764,38.093617,42.301650936715305],[13.384725,38.093537,42.30164905823767],[13.384714,38.093516,42.30164856929332],[13.384672,38.093529,42.301673960871994],[13.384667,38.093519,42.30167375970632],[13.384587,38.093543,42.30172169953585],[13.384602,38.093572,42.3017223617062],[13.384564,38.093584,42.3017454566434],[13.384538,38.093534,42.30174463801086],[13.384342,38.093598,42.3018635250628],[13.384372,38.093658,42.30186499096453],[13.384349,38.093666,42.30187872890383],[13.384319,38.093605,42.301877240650356],[13.384278,38.093618,42.30190217401832],[13.384366,38.093794,42.30190639849752]]]]}},{"type":"Feature","properties":{"id":"scuola-75","nome":"Guzzardi","tipo":"Plesso scolastico","abbinamento":"vicino"},"geometry":{"type":"MultiPolygon","coordinates":[[[[13.283381,38.192853,42.3817421682179],[13.283461,38.192899,42.38171349558979],[13.283506,38.192848,42.3816759865731],[13.283513,38.19285,42.38167335651815],[13.283573,38.19278,42.38162258826196],[13.283486,38.192731,42.381653864867985],[13.283381,38.192853,42.3817421682179]]]]}},{"type":"Feature","properties":{"id":"scuola-76","nome":"Topolino","tipo":"Asilo nido","abbinamento":"contenuto"},"geometry":{"type":"MultiPolygon","coordinates":[[[[13.335469,38.113513,42.33267409354448],[13.335473,38.113503,42.33266936149448],[13.335499,38.113509,42.332657813094556],[13.335562,38.113526,42.332629843614995],[13.335569,38.113527,42.332626421935856],[13.335574,38.113517,42.33262131456286],[13.335595,38.113522,42.33261192031205],[13.33559,38.113533,42.332617367617786],[13.335635,38.113545,42.33259748481214],[13.335674,38.113448,42.3325504148379],[13.335602,38.11343,42.33258246164769],[13.33559,38.113466,42.332598423585296],[13.33545,38.113432,42.33266144152731],[13.335482,38.113339,42.33261892199516],[13.335447,38.113331,42.332634373568],[13.3354,38.113447,42.332691128365695],[13.335387,38.113443,42.3326969165355],[13.33537,38.113487,42.33271840866655],[13.335469,38.113513,42.33267409354448]]]]}},{"type":"Feature","properties":{"id":"scuola-77","nome":"Borsellino","tipo":"Plesso scolastico","abbinamento":"contenuto"},"geometry":{"type":"MultiPolygon","coordinates":[[[[13.308262,38.10981,42.34569338988513],[13.30824,38.109908,42.34573243558407],[13.308282,38.109915,42.34571247920394],[13.308269,38.109978,42.34573695342988],[13.308226,38.109973,42.3457579119131],[13.308218,38.110005,42.34577096812427],[13.308403,38.110034,42.345683347433805],[13.308453,38.109806,42.34559372998774],[13.308465,38.109764,42.34557555615902],[13.308414,38.109745,42.345596701838076],[13.308127,38.109624,42.345711316913366],[13.308058,38.109727,42.3457758249715],[13.308262,38.10981,42.34569338988513]]]]}},{"type":"Feature","properties":{"id":"scuola-78","nome":"Maestri Del Lavoro","tipo":"Plesso scolastico","abbinamento":"contenuto"},"geometry":{"type":"MultiPolygon","coordinates":[[[[13.370016,38.103077,42.31191504467279],[13.369993,38.1031,42.3119334820658],[13.370258,38.103253,42.31183928065002],[13.370283,38.103225,42.31181912217289],[13.370016,38.103077,42.31191504467279]]]]}},{"type":"Feature","properties":{"id":"scuola-79","nome":"Trinacria","tipo":"Plesso scolastico","abbinamento":"vicino"},"geometry":{"type":"MultiPolygon","coordinates":[[[[13.338681,38.147288,42.340468898415565],[13.338733,38.147197,42.340416316874325],[13.33882,38.147228,42.34037999715656],[13.338841,38.147191,42.34035883098841],[13.338791,38.147173,42.34038008283824],[13.338795,38.147166,42.3403757577762],[13.338592,38.147095,42.34046072512865],[13.338547,38.147174,42.34050604328513],[13.338591,38.14719,42.34048752486706],[13.338558,38.147248,42.34052105341107],[13.338642,38.147278,42.34048604872078],[13.338681,38.147288,42.340468898415565]],[[13.338642,38.147216,42.340468869544566],[13.338668,38.14717,42.34044226817787],[13.338703,38.147182,42.34042770322412],[13.338677,38.147229,42.34045428223908],[13.338642,38.147216,42.340468869544566]]]]}},{"type":"Feature","properties":{"id":"scuola-80","nome":"Padre Puglisi","tipo":"Sede dell'istituto","abbinamento":"contenuto"},"geometry":{"type":"MultiPolygon","coordinates":[[[[13.386612,38.094208,42.30086359847337],[13.38679,38.094097,42.30074121616781],[13.386701,38.094009,42.30076181702316],[13.386456,38.094161,42.30093141645193],[13.386472,38.094178,42.30092756822705],[13.386227,38.09433,42.3010967830196],[13.386296,38.094403,42.301081576384604],[13.386363,38.09447,42.30106612853706],[13.386317,38.094498,42.30109766032547],[13.386532,38.094715,42.30104745738208],[13.386644,38.094642,42.30096916947514],[13.386525,38.094522,42.30099696107209],[13.386613,38.094468,42.30093645118177],[13.386658,38.09444,42.30090535804629],[13.386702,38.094412,42.30087487306446],[13.386873,38.094585,42.30083499290049],[13.386988,38.094513,42.300755507312715],[13.386774,38.094297,42.300805574283004],[13.386729,38.094325,42.30083633773029],[13.386612,38.094208,42.30086359847337]]]]}},{"type":"Feature","properties":{"id":"scuola-81","nome":"Giuliana - Saladino","tipo":"Sede dell'istituto","abbinamento":"vicino"},"geometry":{"type":"MultiPolygon","coordinates":[[[[13.311353,38.136071,42.35144412331283],[13.31139,38.136016,42.35140933841467],[13.311351,38.135999,42.35142504423857],[13.311364,38.135979,42.35141250491142],[13.311396,38.135933,42.351383274421096],[13.311432,38.135948,42.351368580013514],[13.311472,38.135889,42.35133146028966],[13.31129,38.135812,42.351404175162315],[13.311261,38.1358,42.35141561925411],[13.311165,38.13576,42.351454166695476],[13.311125,38.135819,42.35149129200727],[13.311162,38.135835,42.35147644858807],[13.311119,38.1359,42.351517139934],[13.311082,38.135884,42.35153170209378],[13.311044,38.135942,42.351567607373],[13.311353,38.136071,42.35144412331283]]]]}},{"type":"Feature","properties":{"id":"scuola-82","nome":"San Ciro 48","tipo":"Plesso scolastico","abbinamento":"vicino"},"geometry":{"type":"MultiPolygon","coordinates":[[[[13.383678,38.094019,42.30232434719801],[13.383636,38.09409,42.30236593261361],[13.383965,38.094203,42.302228203974664],[13.384035,38.09422,42.30219657719135],[13.3841,38.09416,42.30214620474726],[13.384193,38.094078,42.302075198851526],[13.384212,38.094088,42.3020682297647],[13.384227,38.094079,42.302058135159314],[13.384043,38.093968,42.30212158244103],[13.384014,38.093999,42.302145754918456],[13.384083,38.094038,42.30212070886046],[13.38399,38.094127,42.30219374317676],[13.383678,38.094019,42.30232434719801]]]]}},{"type":"Feature","properties":{"id":"scuola-83","nome":"Giovanni XXIII (Ex Trieste)","tipo":"Plesso scolastico","abbinamento":"contenuto"},"geometry":{"type":"MultiPolygon","coordinates":[[[[13.352605,38.140164,42.33129026275128],[13.352576,38.140197,42.33131433092058],[13.352669,38.140252,42.33128191810101],[13.352775,38.140141,42.33119584340602],[13.352192,38.139793,42.331399427726865],[13.352056,38.139935,42.33150961622596],[13.35226,38.140057,42.331438292749226],[13.35232,38.139995,42.33138987701386],[13.352525,38.140117,42.331318121403456],[13.352605,38.140164,42.33129026275128]]]]}},{"type":"Feature","properties":{"id":"scuola-84","nome":"Tom &amp; Jerry","tipo":"Asilo nido","abbinamento":"vicino"},"geometry":{"type":"MultiPolygon","coordinates":[[[[13.335353,38.130302,42.33743495680392],[13.33531,38.130291,42.33745402749628],[13.335285,38.130356,42.33748526405543],[13.335259,38.130421,42.337516613304615],[13.335302,38.130431,42.33749755192548],[13.335353,38.130302,42.33743495680392]]]]}},{"type":"Feature","properties":{"id":"scuola-85","nome":"Borsellino","tipo":"Plesso scolastico","abbinamento":"contenuto"},"geometry":{"type":"MultiPolygon","coordinates":[[[[13.296803,38.127313,42.356513779610395],[13.29668,38.12732,42.35657939873636],[13.29669,38.127435,42.35660646110773],[13.296613,38.127439,42.356647175736725],[13.296631,38.12764,42.35669437982142],[13.296741,38.127634,42.3566357716918],[13.296745,38.12768,42.35664655920118],[13.296714,38.127682,42.35666297003627],[13.29672,38.127754,42.35667998529971],[13.296841,38.127748,42.35661591682583],[13.296837,38.127709,42.356606737710536],[13.296855,38.127708,42.35659753810614],[13.296838,38.127508,42.35655070003122],[13.296805,38.12751,42.356568104587495],[13.296794,38.127381,42.35653766896576],[13.296809,38.12738,42.35652939043939],[13.296803,38.127313,42.356513779610395]]]]}},{"type":"Feature","properties":{"id":"scuola-86","nome":"Malaguzzi","tipo":"Plesso scolastico","abbinamento":"vicino"},"geometry":{"type":"MultiPolygon","coordinates":[[[[13.328624,38.148397,42.345970498397946],[13.328556,38.148464,42.34602440800518],[13.328566,38.14847,42.34602060727775],[13.328597,38.148439,42.34599626995623],[13.32871,38.148327,42.34590660221875],[13.328738,38.148299,42.34588412195444],[13.328726,38.148294,42.345888739451766],[13.32864,38.14838,42.34595735091716],[13.328624,38.148397,42.345970498397946]]]]}},{"type":"Feature","properties":{"id":"scuola-87","nome":"Turrisi Colonna - Corpo A","tipo":"Plesso scolastico","abbinamento":"contenuto"},"geometry":{"type":"MultiPolygon","coordinates":[[[[13.359769,38.116359,42.320926875807345],[13.359805,38.116372,42.32091211527586],[13.359891,38.11623,42.320827757939696],[13.35971,38.116162,42.32090209890157],[13.359645,38.116133,42.3209276329726],[13.359458,38.116066,42.321004944853485],[13.359439,38.116095,42.32102293893695],[13.359414,38.116133,42.32104680966586],[13.359423,38.116137,42.32104309927672],[13.359376,38.116216,42.321089908480644],[13.359457,38.116246,42.321056297048926],[13.359487,38.116196,42.3210269883275],[13.35958,38.116234,42.32098937407136],[13.359552,38.11628,42.32101688813418],[13.359616,38.116303,42.32099031377584],[13.359645,38.116257,42.32096215803176],[13.359795,38.116316,42.32090152055025],[13.359769,38.116359,42.320926875807345]]]]}},{"type":"Feature","properties":{"id":"scuola-88","nome":"Pecoraro","tipo":"Sede dell'istituto","abbinamento":"contenuto"},"geometry":{"type":"MultiPolygon","coordinates":[[[[13.331337,38.148256,42.34453051164746],[13.331394,38.148176,42.34447839204222],[13.331402,38.148149,42.34446707274765],[13.331354,38.148129,42.34448628220707],[13.33133,38.14818,42.344512747600675],[13.331303,38.148217,42.344537056051195],[13.331156,38.148158,42.34459644835442],[13.331182,38.148118,42.34457154292613],[13.331196,38.148097,42.34455855097622],[13.331145,38.148075,42.34457896184176],[13.33111,38.148062,42.344593316316605],[13.331075,38.148049,42.34460788033903],[13.331055,38.148041,42.34461595118046],[13.331074,38.148002,42.34459485299885],[13.331015,38.14798,42.34461921732873],[13.330986,38.148029,42.344648310914636],[13.330953,38.148082,42.34467993117869],[13.330993,38.148098,42.344663724303246],[13.330974,38.148127,42.34468187391758],[13.331018,38.148144,42.344663630239666],[13.331029,38.148131,42.34465458802879],[13.331058,38.148142,42.344642668031156],[13.331091,38.148155,42.34462917223573],[13.331126,38.148168,42.34461453743279],[13.331158,38.14818,42.344601802527905],[13.331147,38.148199,42.34461228828877],[13.33121,38.148224,42.344586878083646],[13.331219,38.148208,42.34457781538367],[13.331337,38.148256,42.34453051164746]]]]}},{"type":"Feature","properties":{"id":"scuola-89","nome":"Giovanni XXIII - Piazzi","tipo":"Sede dell'istituto","abbinamento":"vicino"},"geometry":{"type":"MultiPolygon","coordinates":[[[[13.347886,38.139626,42.33357478212565],[13.347911,38.139635,42.33356425538659],[13.347923,38.139619,42.33355340640992],[13.34802,38.139652,42.33351263217628],[13.348053,38.139602,42.333481987938285],[13.347907,38.139543,42.33354057651013],[13.347859,38.139617,42.33358626719564],[13.347886,38.139626,42.33357478212565]]]]}},{"type":"Feature","properties":{"id":"scuola-90","nome":"Salemi","tipo":"Plesso scolastico","abbinamento":"contenuto"},"geometry":{"type":"MultiPolygon","coordinates":[[[[13.332937,38.112009,42.333560628816485],[13.332925,38.111997,42.3335636947304],[13.332903,38.112007,42.33357771392912],[13.332865,38.11195,42.33358137123287],[13.332885,38.11194,42.33356835413724],[13.332836,38.111881,42.33357714675367],[13.332806,38.111843,42.33358161803335],[13.332721,38.111883,42.333637058734894],[13.332726,38.111891,42.333636465482414],[13.332582,38.111959,42.33373010158539],[13.332575,38.111951,42.333731576800346],[13.332506,38.111981,42.33377564046532],[13.332493,38.111965,42.33377752266824],[13.332501,38.111947,42.33376851771027],[13.332458,38.111935,42.333787282928824],[13.332325,38.111999,42.333873701281846],[13.332487,38.11222,42.333852119743824],[13.332937,38.112009,42.333560628816485]]]]}},{"type":"Feature","properties":{"id":"scuola-91","nome":"Gioberti","tipo":"Plesso scolastico","abbinamento":"contenuto"},"geometry":{"type":"MultiPolygon","coordinates":[[[[13.355743,38.10602,42.32010702416301],[13.355855,38.106072,42.32006357237697],[13.355891,38.106022,42.32003068365157],[13.356019,38.10608,42.31998126395047],[13.355986,38.106125,42.320010878145695],[13.356086,38.106171,42.31997183151543],[13.356119,38.106126,42.319942072965205],[13.356243,38.106182,42.31989434361458],[13.356194,38.106249,42.319938440807164],[13.356258,38.106279,42.319913362152874],[13.356096,38.106501,42.32005940657109],[13.356041,38.106475,42.320080797187984],[13.355982,38.106555,42.32013318222016],[13.356127,38.106621,42.32007721718401],[13.3564,38.106249,42.31983190588653],[13.356343,38.106223,42.319853766821325],[13.356375,38.106179,42.319824980571866],[13.356282,38.106139,42.319861895404756],[13.356298,38.106114,42.319846315309405],[13.355831,38.1059,42.32002751342952],[13.355743,38.10602,42.32010702416301]]]]}},{"type":"Feature","properties":{"id":"scuola-92","nome":"Santangelo","tipo":"Asilo nido","abbinamento":"contenuto"},"geometry":{"type":"MultiPolygon","coordinates":[[[[13.321324,38.125264,42.34326994419098],[13.321349,38.125265,42.34325748309493],[13.32135,38.125219,42.343243869021535],[13.321351,38.125212,42.34324183873832],[13.32134,38.125212,42.34324745647609],[13.321343,38.1251,42.343214359134436],[13.321268,38.125099,42.3432526467368],[13.321268,38.125106,42.3432548167184],[13.321215,38.125105,42.343281684443355],[13.321216,38.125086,42.34327599871904],[13.321147,38.125084,42.34331139549613],[13.321145,38.125144,42.343329262919724],[13.321166,38.125145,42.343318581581116],[13.321162,38.125259,42.34335249662399],[13.321189,38.12526,42.34333855193108],[13.321186,38.125355,42.34336687531322],[13.321321,38.125358,42.34329779725522],[13.321324,38.125264,42.34326994419098]],[[13.321274,38.12515,42.34326409455389],[13.321268,38.125318,42.343314486555755],[13.32121,38.125317,42.34334373567253],[13.321216,38.125149,42.34329339675605],[13.321274,38.12515,42.34326409455389]]]]}},{"type":"Feature","properties":{"id":"scuola-93","nome":"Calandrucci","tipo":"Plesso scolastico","abbinamento":"contenuto"},"geometry":{"type":"MultiPolygon","coordinates":[[[[13.307065,38.135056,42.35337575059384],[13.307086,38.135026,42.35335645824671],[13.307172,38.135065,42.35332295298576],[13.307184,38.135047,42.3533113989979],[13.307248,38.135075,42.35328663140535],[13.307328,38.134963,42.35321351792663],[13.307257,38.134931,42.35324128810316],[13.30727,38.134913,42.35322951711714],[13.307085,38.13483,42.35330191627145],[13.307071,38.13485,42.35331469215453],[13.307006,38.13482,42.35334032867104],[13.306971,38.134869,42.35337185766548],[13.307061,38.134909,42.35333666577935],[13.307042,38.134936,42.35335404705256],[13.307019,38.134926,42.35336282290518],[13.306959,38.135009,42.3534170454368],[13.307065,38.135056,42.35337575059384]]]]}},{"type":"Feature","properties":{"id":"scuola-94","nome":"Mancini","tipo":"Plesso scolastico","abbinamento":"vicino"},"geometry":{"type":"MultiPolygon","coordinates":[[[[13.331888,38.090486,42.32806991413236],[13.331914,38.09045,42.32804665248841],[13.331939,38.090415,42.32802418246865],[13.331882,38.09039,42.3280464746058],[13.331885,38.090385,42.328043192625046],[13.331808,38.090349,42.32807303220034],[13.331801,38.090346,42.32807551044971],[13.331739,38.090433,42.32813245616853],[13.33175,38.090438,42.32812808640301],[13.331888,38.090486,42.32806991413236]]]]}},{"type":"Feature","properties":{"id":"scuola-95","nome":"Turrisi Colonna - Corpo B","tipo":"Plesso scolastico","abbinamento":"contenuto"},"geometry":{"type":"MultiPolygon","coordinates":[[[[13.359987,38.116001,42.32071412354708],[13.359936,38.115975,42.32073313649744],[13.359869,38.115946,42.32075924426317],[13.359684,38.115867,42.32083282992244],[13.359593,38.115994,42.320915369316936],[13.359645,38.116018,42.320895035751164],[13.359676,38.115978,42.320867967791855],[13.359739,38.116005,42.32084325142205],[13.35971,38.116047,42.320869758725166],[13.359765,38.116072,42.32084860187024],[13.359829,38.116097,42.32082258351147],[13.359916,38.116126,42.32078595086932],[13.359987,38.116001,42.32071412354708]]]]}},{"type":"Feature","properties":{"id":"scuola-96","nome":"Perez - M.T. di Calcutta","tipo":"Sede dell'istituto","abbinamento":"vicino"},"geometry":{"type":"MultiPolygon","coordinates":[[[[13.36499,38.108086,42.31591345369816],[13.364576,38.107918,42.316080273129046],[13.364296,38.108348,42.31634516548365],[13.364407,38.108393,42.316300665959716],[13.364462,38.108304,42.31624709069729],[13.364627,38.108054,42.31609176937491],[13.364821,38.108133,42.31601404212415],[13.364656,38.108384,42.31616930477321],[13.364599,38.108472,42.316223255358636],[13.364711,38.108518,42.31617864500731],[13.36499,38.108086,42.31591345369816]]]]}},{"type":"Feature","properties":{"id":"scuola-97","nome":"Gentili","tipo":"Sede dell'istituto","abbinamento":"vicino"},"geometry":{"type":"MultiPolygon","coordinates":[[[[13.346599,38.131353,42.33192349225283],[13.346555,38.131429,42.331967496313155],[13.34657,38.131435,42.331961148418486],[13.346497,38.13156,42.33203399833292],[13.34646,38.131622,42.33207043539733],[13.346458,38.131627,42.33207305148244],[13.346384,38.131752,42.3321463111788],[13.346374,38.131749,42.33215071540326],[13.346332,38.13182,42.33219209127128],[13.346452,38.131863,42.332142516970634],[13.346493,38.131878,42.33212554175407],[13.346542,38.131794,42.33207649551332],[13.346497,38.131778,42.33209510240704],[13.346515,38.131747,42.33207743149251],[13.34655,38.131687,42.33204263262451],[13.346565,38.131661,42.33202743344009],[13.346649,38.131692,42.33199270721525],[13.346687,38.131627,42.33195509202778],[13.346602,38.131596,42.331990014761686],[13.346615,38.131574,42.3319770405069],[13.346652,38.131511,42.33194037992507],[13.34667,38.131481,42.33192268386483],[13.34679,38.131525,42.33187322597951],[13.346768,38.131561,42.331894705072045],[13.346886,38.131605,42.33184586185962],[13.346908,38.131567,42.33182384446263],[13.347033,38.131613,42.331772175617516],[13.347,38.13167,42.33180543407798],[13.347134,38.131719,42.33174986951053],[13.347167,38.131663,42.33171731699258],[13.347179,38.131667,42.33171232882887],[13.347228,38.131583,42.33166340645403],[13.346599,38.131353,42.33192349225283]]]]}},{"type":"Feature","properties":{"id":"scuola-98","nome":"Saetta","tipo":"Plesso scolastico","abbinamento":"contenuto"},"geometry":{"type":"MultiPolygon","coordinates":[[[[13.335668,38.133404,42.338140442967415],[13.335666,38.133409,42.338142522610724],[13.335621,38.13352,42.33819729182869],[13.335744,38.133552,42.33814267721027],[13.335695,38.133671,42.33820140641183],[13.335724,38.133679,42.338188263587654],[13.335786,38.133527,42.33811378572136],[13.335858,38.133545,42.33808174356818],[13.335805,38.133677,42.338146219961345],[13.335766,38.133771,42.338192569091916],[13.335665,38.133745,42.33823771961033],[13.335661,38.133755,42.33824238367379],[13.335538,38.133724,42.33829706069082],[13.335497,38.133823,42.338345708325505],[13.33572,38.133879,42.33824645821005],[13.335726,38.133881,42.338243974372745],[13.335792,38.133898,42.33821437973529],[13.33582,38.133905,42.33820226974785],[13.335866,38.133917,42.33818147704005],[13.335963,38.133942,42.33813832793385],[13.336026,38.133958,42.33811058290303],[13.336032,38.133959,42.33810782618821],[13.336119,38.133746,42.33800290431827],[13.336135,38.133709,42.33798468206078],[13.336203,38.133541,42.33790243323892],[13.335668,38.133404,42.338140442967415]]]]}},{"type":"Feature","properties":{"id":"scuola-99","nome":"Giafar","tipo":"Plesso scolastico","abbinamento":"vicino"},"geometry":{"type":"MultiPolygon","coordinates":[[[[13.390773,38.097956,42.29977001994848],[13.390673,38.098006,42.29983588028699],[13.390717,38.098061,42.29982867836952],[13.390651,38.098098,42.299872673116624],[13.390677,38.098137,42.299870199523866],[13.39055,38.098201,42.29995372798294],[13.390362,38.097974,42.29998722486198],[13.390246,38.098034,42.30006374977529],[13.390288,38.098087,42.30005703959614],[13.390321,38.098071,42.30003515351564],[13.390461,38.098249,42.30001308210194],[13.390305,38.098334,42.30011739768088],[13.390086,38.098123,42.30017104931176],[13.389979,38.098193,42.30024581216276],[13.390023,38.098241,42.30023674014956],[13.390058,38.098225,42.300214312039316],[13.390219,38.098391,42.30017761513591],[13.390149,38.098436,42.30022667068988],[13.390095,38.098476,42.30026561580598],[13.389839,38.098294,42.3003467572853],[13.389742,38.098376,42.30041952151805],[13.389801,38.098418,42.30040091369301],[13.389829,38.098396,42.300380387343466],[13.390016,38.098538,42.30032392591238],[13.389966,38.098589,42.30036384053528],[13.389944,38.098619,42.300383450463414],[13.389601,38.09858,42.30054940376431],[13.389578,38.098686,42.30059114750475],[13.389654,38.098699,42.300555679015815],[13.389666,38.098666,42.30054006539285],[13.38992,38.098705,42.300420046783984],[13.38992,38.098731,42.30042738560587],[13.389964,38.098725,42.30040316749364],[13.389965,38.098675,42.30038856342435],[13.389975,38.098644,42.300374602898955],[13.389991,38.098621,42.300359977409244],[13.390027,38.098582,42.3003303874284],[13.39006,38.098552,42.30030517652631],[13.390183,38.098454,42.30021420773119],[13.390271,38.098397,42.30015254020691],[13.390349,38.098476,42.30013467092067],[13.390407,38.098439,42.300094256177545],[13.39033,38.098362,42.30011214222759],[13.390421,38.098311,42.30005100928247],[13.390503,38.098265,42.29999589454383],[13.390704,38.098162,42.29986357782036],[13.390843,38.098089,42.29977120272815],[13.390854,38.098084,42.29976430349052],[13.390809,38.098014,42.299767970107496],[13.390818,38.098009,42.29976151231676],[13.390773,38.097956,42.29977001994848]]]]}},{"type":"Feature","properties":{"id":"scuola-100","nome":"Sabrina e Loredana lLa Malfa","tipo":"Asilo nido","abbinamento":"vicino"},"geometry":{"type":"MultiPolygon","coordinates":[[[[13.425489,38.096502,42.28146552853286],[13.425441,38.09651,42.281492254696786],[13.425447,38.096535,42.281496218405664],[13.425378,38.096545,42.281534649431705],[13.42537,38.096509,42.281528915278614],[13.425168,38.096539,42.28164162300527],[13.425186,38.096616,42.28165367152542],[13.425216,38.096611,42.28163702040911],[13.425227,38.096656,42.28164400160313],[13.425338,38.096639,42.28158203791827],[13.425342,38.096656,42.28158454876393],[13.425402,38.096647,42.28155113849789],[13.42552,38.09663,42.28148539271206],[13.425489,38.096502,42.28146552853286]]]]}},{"type":"Feature","properties":{"id":"scuola-101","nome":"Capitano Basile","tipo":"Plesso scolastico","abbinamento":"contenuto"},"geometry":{"type":"MultiPolygon","coordinates":[[[[13.322607,38.103062,42.33639024477452],[13.3226,38.103002,42.336377506144345],[13.322432,38.103026,42.336470887064934],[13.322448,38.103126,42.336490840651095],[13.322613,38.103105,42.336399354971945],[13.322607,38.103062,42.33639024477452]]]]}},{"type":"Feature","properties":{"id":"scuola-102","nome":"Mancino","tipo":"Plesso scolastico","abbinamento":"contenuto"},"geometry":{"type":"MultiPolygon","coordinates":[[[[13.367949,38.084218,42.30768931377679],[13.367779,38.084222,42.307777979411185],[13.367781,38.084434,42.30783609021455],[13.367952,38.084433,42.307747659273446],[13.367949,38.084218,42.30768931377679]]]]}},{"type":"Feature","properties":{"id":"scuola-103","nome":"U. Giordano","tipo":"Plesso scolastico","abbinamento":"contenuto"},"geometry":{"type":"MultiPolygon","coordinates":[[[[13.339058,38.136308,42.33720291405916],[13.339043,38.136302,42.33720883447677],[13.339009,38.136353,42.33724078908563],[13.339023,38.136359,42.337235138751566],[13.339002,38.136391,42.33725473750383],[13.338974,38.136379,42.337266084738076],[13.338966,38.136391,42.33727332856506],[13.338981,38.136397,42.33726759441197],[13.338969,38.136415,42.337278741411865],[13.338962,38.136412,42.33728160895407],[13.338953,38.136425,42.337289683520794],[13.339005,38.136446,42.33726881444454],[13.339014,38.136433,42.337260607630014],[13.339033,38.136441,42.33725281432271],[13.339037,38.136437,42.33724998869002],[13.339056,38.136408,42.337231976911426],[13.339125,38.136436,42.33720395434648],[13.339104,38.136468,42.33722367603332],[13.33908,38.13648,42.337239783257246],[13.33906,38.136515,42.337259580381215],[13.339043,38.136547,42.33727747015655],[13.339027,38.136578,42.33729457948357],[13.339095,38.136607,42.33726716879755],[13.339113,38.13658,42.33725043665618],[13.339169,38.136492,42.337196939624846],[13.339187,38.136465,42.33717982377857],[13.339219,38.136478,42.33716717828065],[13.339293,38.136364,42.337097235023975],[13.339227,38.136338,42.337123648263514],[13.339242,38.136316,42.33711016736925],[13.339093,38.136255,42.337170112878084],[13.339058,38.136308,42.33720291405916]]]]}},{"type":"Feature","properties":{"id":"scuola-104","nome":"Pestalozzi - Cavour","tipo":"Sede dell'istituto","abbinamento":"contenuto"},"geometry":{"type":"MultiPolygon","coordinates":[[[[13.326432,38.10323,42.33446139190346],[13.326405,38.103365,42.334512817673385],[13.326417,38.103366,42.334507050924],[13.326814,38.103415,42.33431592211127],[13.326888,38.103424,42.33428022544831],[13.327387,38.103485,42.334039418026805],[13.327417,38.103328,42.333979930728674],[13.327044,38.103281,42.334159107878804],[13.326918,38.103264,42.33421970997006],[13.326437,38.103203,42.3344511538744],[13.326432,38.10323,42.33446139190346]]]]}},{"type":"Feature","properties":{"id":"scuola-105","nome":"Garzilli","tipo":"Sede dell'istituto","abbinamento":"contenuto"},"geometry":{"type":"MultiPolygon","coordinates":[[[[13.342518,38.141159,42.33677425608039],[13.342559,38.141176,42.33675761613995],[13.342583,38.141139,42.3367350474],[13.342542,38.141122,42.33675165195018],[13.342518,38.141159,42.33677425608039]]]]}},{"type":"Feature","properties":{"id":"scuola-106","nome":"Sacco e Vanzetti","tipo":"Plesso scolastico","abbinamento":"vicino"},"geometry":{"type":"MultiPolygon","coordinates":[[[[13.409406,38.096329,42.28970572166145],[13.409393,38.096333,42.2897133808583],[13.409381,38.09631,42.28971305862069],[13.40939,38.096307,42.289707489311695],[13.409363,38.096255,42.2897068914026],[13.409288,38.09628,42.289752930402756],[13.409291,38.096287,42.28975302539766],[13.409171,38.096331,42.28982733935118],[13.409166,38.096321,42.289827276952565],[13.409085,38.096353,42.28987809456885],[13.409176,38.096527,42.289879992604256],[13.409245,38.096504,42.28983771521598],[13.409248,38.09651,42.28983772266656],[13.409313,38.096488,42.28979815263301],[13.409299,38.096461,42.28979781642556],[13.409374,38.096437,42.28975270781666],[13.409383,38.096456,42.28975285682827],[13.409459,38.096431,42.28970693796873],[13.409406,38.096329,42.28970572166145]]]]}},{"type":"Feature","properties":{"id":"scuola-107","nome":"Garibaldi","tipo":"Plesso scolastico","abbinamento":"vicino"},"geometry":{"type":"MultiPolygon","coordinates":[[[[13.355045,38.132045,42.32775849662721],[13.355034,38.132016,42.327755828388035],[13.355024,38.132015,42.32776067685336],[13.354911,38.131969,42.327806181274354],[13.3549,38.131964,42.327810562215745],[13.354865,38.131972,42.32783059589565],[13.354747,38.13216,42.32794477045536],[13.35476,38.132188,42.32794548757374],[13.354768,38.132191,42.3279422968626],[13.354879,38.132236,42.327897547744215],[13.354888,38.13224,42.32789402641356],[13.354928,38.132231,42.32787071634084],[13.355045,38.132045,42.32775849662721]]]]}},{"type":"Feature","properties":{"id":"scuola-108","nome":"Rallo","tipo":"Asilo nido","abbinamento":"contenuto"},"geometry":{"type":"MultiPolygon","coordinates":[[[[13.364315,38.140005,42.325204343535006],[13.364338,38.139906,42.325164585374296],[13.364253,38.139894,42.32520506065339],[13.364249,38.139911,42.32521202042699],[13.364218,38.139906,42.325226502493024],[13.364185,38.139909,42.32524430472404],[13.364163,38.139919,42.32525831833482],[13.364144,38.139938,42.32527404744178],[13.364138,38.139963,42.3252841103822],[13.364073,38.139954,42.32531498465687],[13.364059,38.14001,42.325337399728596],[13.364172,38.140026,42.32528407778591],[13.364167,38.140047,42.32529225386679],[13.364163,38.140068,42.32530036941171],[13.364133,38.140063,42.325314262881875],[13.364104,38.140186,42.32536368072033],[13.364184,38.140198,42.32532553933561],[13.364214,38.140074,42.32527578249574],[13.364233,38.140077,42.32526664342731],[13.364264,38.140083,42.32525205984712],[13.364274,38.140038,42.3252345668152],[13.364283,38.14,42.32521932013333],[13.364315,38.140005,42.325204343535006]]]]}},{"type":"Feature","properties":{"id":"scuola-109","nome":"Carducci","tipo":"Plesso scolastico","abbinamento":"vicino"},"geometry":{"type":"MultiPolygon","coordinates":[[[[13.327103,38.126612,42.34066238626838],[13.327139,38.126533,42.340621853247285],[13.327181,38.126545,42.34060348384082],[13.327183,38.12654,42.34060095157474],[13.32722,38.126459,42.34055906161666],[13.327178,38.126446,42.34057719260454],[13.327187,38.126426,42.34056707844138],[13.327229,38.126439,42.34054879937321],[13.327232,38.126434,42.340546139515936],[13.327189,38.126422,42.340564804151654],[13.327216,38.126363,42.340534172952175],[13.327225,38.126344,42.34052421618253],[13.327197,38.126336,42.340536525473],[13.327214,38.126298,42.340517327189445],[13.32715,38.126278,42.340545014478266],[13.326924,38.126773,42.340799761004746],[13.32702,38.126803,42.3407588461414],[13.32703,38.126782,42.34074789378792],[13.327039,38.126784,42.34074351191521],[13.327047,38.126768,42.34073527157307],[13.327037,38.126765,42.34073942806572],[13.327045,38.126748,42.34073073603213],[13.327013,38.126738,42.340744292363524],[13.327048,38.126662,42.34070463385433],[13.327076,38.12667,42.34069247636944],[13.327103,38.126612,42.34066238626838]]]]}},{"type":"Feature","properties":{"id":"scuola-110","nome":"Mantegna Vecchio","tipo":"Plesso scolastico","abbinamento":"vicino"},"geometry":{"type":"MultiPolygon","coordinates":[[[[13.308488,38.110291,42.34571143705398],[13.308597,38.110306,42.34565938916057],[13.308604,38.110272,42.345646020025015],[13.308607,38.110261,42.34564147796482],[13.308626,38.110176,42.34560784418136],[13.308619,38.110174,42.34561116434634],[13.30869,38.109863,42.34548725094646],[13.308587,38.109849,42.34553637634963],[13.308513,38.110163,42.345662320032716],[13.308097,38.110103,42.345860599540174],[13.308077,38.110182,42.345893271267414],[13.308398,38.110228,42.34574011247605],[13.308325,38.110555,42.345869653858244],[13.308425,38.110569,42.34582207351923],[13.308488,38.110291,42.34571143705398]]]]}},{"type":"Feature","properties":{"id":"scuola-111","nome":"V. Riso","tipo":"Plesso scolastico","abbinamento":"contenuto"},"geometry":{"type":"MultiPolygon","coordinates":[[[[13.322595,38.204116,42.36463361326605],[13.322631,38.204178,42.36463255994022],[13.322704,38.204152,42.364587884396315],[13.322825,38.204139,42.36452166642994],[13.32259,38.203728,42.36452845670283],[13.322557,38.203734,42.36454686336219],[13.322532,38.203689,42.36454758327454],[13.322605,38.203664,42.36450260318816],[13.322553,38.203573,42.36450408119708],[13.322425,38.203618,42.364582913927734],[13.322446,38.203655,42.36458222940564],[13.322369,38.203682,42.364629708230495],[13.322417,38.203767,42.36462831683457],[13.322399,38.203774,42.364639951847494],[13.322435,38.203837,42.36463885195553],[13.322481,38.203823,42.36461123917252],[13.322638,38.204099,42.364606655202806],[13.322595,38.204116,42.36463361326605]]]]}},{"type":"Feature","properties":{"id":"scuola-112","nome":"Pirandello - Borgo Ulivia","tipo":"Sede dell'istituto","abbinamento":"contenuto"},"geometry":{"type":"MultiPolygon","coordinates":[[[[13.361058,38.090165,42.31291528325528],[13.361014,38.090222,42.312954319640994],[13.361038,38.090237,42.31294580642134],[13.361011,38.090276,42.31297111604363],[13.360981,38.090263,42.31298275850713],[13.360876,38.090397,42.31307468749583],[13.360918,38.090417,42.31305843684822],[13.360892,38.090458,42.31308322586119],[13.36094,38.090481,42.31306528672576],[13.361091,38.090293,42.312934500165284],[13.361175,38.090338,42.312903529033065],[13.361241,38.090254,42.3128461483866],[13.361058,38.090165,42.31291528325528]]]]}},{"type":"Feature","properties":{"id":"scuola-113","nome":"Gabelli","tipo":"Sede dell'istituto","abbinamento":"vicino"},"geometry":{"type":"MultiPolygon","coordinates":[[[[13.340101,38.114401,42.33053105510771],[13.340008,38.114383,42.330573878251016],[13.339975,38.11449,42.33062086813152],[13.339168,38.11434,42.33099568542093],[13.33919,38.114266,42.330963818356395],[13.339096,38.114249,42.3310074955225],[13.339049,38.114407,42.3310762476176],[13.339083,38.114414,42.33106040023267],[13.339102,38.114417,42.331051415763795],[13.339108,38.114419,42.33104856777936],[13.33911,38.114412,42.33104570955038],[13.339465,38.114478,42.33088111784309],[13.339462,38.114486,42.33088454976678],[13.339628,38.114516,42.33080750145018],[13.339631,38.114509,42.33080409374088],[13.339987,38.114575,42.33063873834908],[13.339985,38.114582,42.33064174186438],[13.340041,38.114592,42.330615570768714],[13.340101,38.114401,42.33053105510771]]]]}},{"type":"Feature","properties":{"id":"scuola-114","nome":"S.Teresa Bambino Gesu'","tipo":"Plesso scolastico","abbinamento":"contenuto"},"geometry":{"type":"MultiPolygon","coordinates":[[[[13.367678,38.165171,42.330510007217526],[13.367691,38.165281,42.33053376991302],[13.367695,38.165293,42.33053547423333],[13.367707,38.165304,42.33053220715374],[13.367722,38.165311,42.330526223406196],[13.367741,38.165313,42.33051700051874],[13.36775,38.165386,42.33053288701922],[13.367892,38.165375,42.33045688830316],[13.367865,38.165157,42.3304095370695],[13.367678,38.165171,42.330510007217526]]]]}},{"type":"Feature","properties":{"id":"scuola-115","nome":"Gandhi","tipo":"Plesso scolastico","abbinamento":"vicino"},"geometry":{"type":"MultiPolygon","coordinates":[[[[13.330703,38.145147,42.34398849029094],[13.33076,38.145177,42.34396749641746],[13.330787,38.145145,42.34394447039813],[13.330801,38.145129,42.343932842835784],[13.330742,38.145098,42.343954424373806],[13.330703,38.145147,42.34398849029094]]]]}},{"type":"Feature","properties":{"id":"scuola-116","nome":"Peter Pan","tipo":"Asilo nido","abbinamento":"contenuto"},"geometry":{"type":"MultiPolygon","coordinates":[[[[13.311804,38.1361,42.351219163276255],[13.3118,38.136106,42.35122307110578],[13.311977,38.136183,42.35115324053913],[13.31203,38.136107,42.351104313507676],[13.311955,38.136075,42.35113448090851],[13.311993,38.13602,42.35109925735742],[13.311884,38.135973,42.351142100058496],[13.311835,38.135951,42.351161716505885],[13.311823,38.135968,42.351172145456076],[13.311731,38.135927,42.35120861977339],[13.311667,38.136019,42.351267509162426],[13.311647,38.136011,42.351275473833084],[13.31158,38.136106,42.35133635438979],[13.3117,38.136158,42.351289035752416],[13.311755,38.136079,42.351238400675356],[13.311804,38.1361,42.351219163276255]],[[13.311766,38.136058,42.351226883009076],[13.311793,38.13602,42.35120256617665],[13.311844,38.136042,42.35118246357888],[13.311817,38.13608,42.351206683553755],[13.311766,38.136058,42.351226883009076]]]]}},{"type":"Feature","properties":{"id":"scuola-117","nome":"Carmelo Onorato","tipo":"Plesso scolastico","abbinamento":"vicino"},"geometry":{"type":"MultiPolygon","coordinates":[[[[13.345835,38.107625,42.32567198667675],[13.345929,38.107664,42.32563401572406],[13.346087,38.107726,42.325569888576865],[13.346132,38.107654,42.32552634179592],[13.345716,38.10749,42.32569558918476],[13.345671,38.107561,42.325738412328064],[13.345835,38.107625,42.32567198667675]]]]}},{"type":"Feature","properties":{"id":"scuola-118","nome":"Marabitti","tipo":"Plesso scolastico","abbinamento":"vicino"},"geometry":{"type":"MultiPolygon","coordinates":[[[[13.364241,38.139758,42.32517332956195],[13.364249,38.139719,42.32515839766711],[13.364302,38.139455,42.32505680806935],[13.364324,38.139458,42.325046291574836],[13.364333,38.139413,42.325029069557786],[13.364325,38.139412,42.32503324653953],[13.364334,38.139366,42.32501549087465],[13.364544,38.139392,42.324914819560945],[13.364592,38.139398,42.32489148899913],[13.364635,38.139404,42.32487096823752],[13.364653,38.139317,42.32483752351254],[13.364575,38.139307,42.32487486768514],[13.364574,38.139303,42.32487406861037],[13.364226,38.139259,42.3250413602218],[13.364215,38.139316,42.325063177384436],[13.364197,38.139401,42.32509576343],[13.36412,38.13978,42.325241790153086],[13.364233,38.139795,42.325187580659986],[13.364241,38.139758,42.32517332956195]]]]}},{"type":"Feature","properties":{"id":"scuola-119","nome":"Valverde","tipo":"Plesso scolastico","abbinamento":"vicino"},"geometry":{"type":"MultiPolygon","coordinates":[[[[13.363439,38.120566,42.320212008431554],[13.363556,38.120358,42.320093197748065],[13.363448,38.120318,42.320137972943485],[13.363272,38.120626,42.320315113291144],[13.363748,38.120754,42.32010538317263],[13.363746,38.120762,42.3201087936759],[13.363822,38.120767,42.32007097173482],[13.363879,38.120732,42.32003140449524],[13.363889,38.120671,42.320009145885706],[13.363874,38.12067,42.32001648936421],[13.363915,38.120417,42.31992474757135],[13.363741,38.120401,42.32001000083983],[13.363727,38.120504,42.3200460113585],[13.363773,38.120506,42.32002290803939],[13.363767,38.120569,42.320043626241386],[13.36376,38.120626,42.32006318029016],[13.363729,38.120647,42.32008482515812],[13.363439,38.120566,42.320212008431554]]]]}},{"type":"Feature","properties":{"id":"scuola-120","nome":"R. Guttuso","tipo":"Sede dell'istituto","abbinamento":"vicino"},"geometry":{"type":"MultiPolygon","coordinates":[[[[13.429396,38.095722,42.27923313807696],[13.429321,38.095797,42.27929315157235],[13.42936,38.09582,42.27927914634347],[13.429575,38.095953,42.27920611947775],[13.429629,38.095956,42.27917901985347],[13.429664,38.095921,42.279151377268136],[13.429654,38.095882,42.2791453609243],[13.429572,38.095831,42.27917334623635],[13.429396,38.095722,42.27923313807696]]]]}},{"type":"Feature","properties":{"id":"scuola-121","nome":"Franchetti","tipo":"Sede dell'istituto","abbinamento":"contenuto"},"geometry":{"type":"MultiPolygon","coordinates":[[[[13.385162,38.101321,42.30360869411379],[13.385079,38.101229,42.303625657223165],[13.384914,38.101047,42.30365986842662],[13.384778,38.101124,42.303751221857965],[13.384987,38.101354,42.30370793491602],[13.385185,38.101571,42.30366698745638],[13.38532,38.101495,42.30357599724084],[13.385162,38.101321,42.30360869411379]]]]}},{"type":"Feature","properties":{"id":"scuola-122","nome":"Rosmini","tipo":"Plesso scolastico","abbinamento":"vicino"},"geometry":{"type":"MultiPolygon","coordinates":[[[[13.327181,38.140656,42.344551217742264],[13.327192,38.140664,42.34454762097448],[13.327425,38.140462,42.344370720908046],[13.327414,38.140454,42.34437427762896],[13.327441,38.140431,42.344354218803346],[13.327351,38.140367,42.344382396899164],[13.327319,38.140395,42.3444066895172],[13.32724,38.140463,42.34446646925062],[13.327211,38.140442,42.3444758374244],[13.327149,38.140495,42.34452269598842],[13.327177,38.140516,42.34451371897012],[13.3271,38.140583,42.34457275830209],[13.327066,38.140612,42.34459799993783],[13.327157,38.140677,42.344569633714855],[13.327181,38.140656,42.344551217742264]]]]}},{"type":"Feature","properties":{"id":"scuola-123","nome":"Galletti","tipo":"Plesso scolastico","abbinamento":"vicino"},"geometry":{"type":"MultiPolygon","coordinates":[[[[13.430007,38.094595,42.27860197238624],[13.43009,38.094626,42.27856777980924],[13.430124,38.094561,42.27853213995695],[13.430154,38.094505,42.27850102819502],[13.430104,38.094493,42.27852330170572],[13.430127,38.09445,42.27849940676242],[13.430081,38.094437,42.278519433923066],[13.430007,38.094595,42.27860197238624]]]]}},{"type":"Feature","properties":{"id":"scuola-124","nome":"Pellicano","tipo":"Asilo nido","abbinamento":"contenuto"},"geometry":{"type":"MultiPolygon","coordinates":[[[[13.360302,38.082621,42.31118799559772],[13.360269,38.082613,42.3112031603232],[13.360285,38.082568,42.31118184980005],[13.36018,38.082543,42.31122951582074],[13.360188,38.08252,42.31121868081391],[13.360163,38.082514,42.31123001407832],[13.360128,38.082506,42.31124586146325],[13.360122,38.082521,42.311252949759364],[13.360013,38.082495,42.31130229309201],[13.35998,38.082584,42.31134423892945],[13.360001,38.082589,42.31133445817977],[13.360011,38.082591,42.31133026536554],[13.360009,38.082594,42.31133181694895],[13.360027,38.082596,42.31132294051349],[13.360046,38.082541,42.31129775941372],[13.36017,38.082568,42.311241631396115],[13.360146,38.082636,42.31127320509404],[13.360088,38.082622,42.31129896454513],[13.360083,38.082637,42.31130591314286],[13.360076,38.082654,42.31131439656019],[13.360174,38.082677,42.31127032544464],[13.36017,38.082687,42.3112746020779],[13.36027,38.082707,42.31122888904065],[13.360302,38.082621,42.31118799559772]]]]}},{"type":"Feature","properties":{"id":"scuola-125","nome":"Casa Lavoro e Preghiera","tipo":"Plesso scolastico","abbinamento":"contenuto"},"geometry":{"type":"MultiPolygon","coordinates":[[[[13.333814,38.078055,42.32358755450696],[13.333738,38.078068,42.32363070361316],[13.333724,38.07799,42.32361582107842],[13.333633,38.077997,42.32366493809968],[13.333647,38.07813,42.3236950552091],[13.333674,38.078126,42.32368009351194],[13.333822,38.078107,42.32359823398292],[13.333814,38.078055,42.32358755450696]]]]}},{"type":"Feature","properties":{"id":"scuola-126","nome":"Marinella Bragaglia","tipo":"Plesso scolastico","abbinamento":"vicino"},"geometry":{"type":"MultiPolygon","coordinates":[[[[13.322083,38.102889,42.33661287277937],[13.322095,38.102947,42.336622985079885],[13.322107,38.103005,42.336632896214724],[13.322119,38.103061,42.33664268627763],[13.322432,38.103026,42.336470887064934],[13.3226,38.103002,42.336377506144345],[13.322561,38.10283,42.33634932246059],[13.322083,38.102889,42.33661287277937]]]]}},{"type":"Feature","properties":{"id":"scuola-127","nome":"Verdi","tipo":"Plesso scolastico","abbinamento":"vicino"},"geometry":{"type":"MultiPolygon","coordinates":[[[[13.335203,38.127209,42.336646624840796],[13.33521,38.127191,42.33663805387914],[13.335203,38.12719,42.3366415258497],[13.335221,38.127145,42.33661961834878],[13.335231,38.127119,42.33660712931305],[13.335187,38.127108,42.336626562289894],[13.335194,38.127092,42.336618315428495],[13.335146,38.127079,42.33663978241384],[13.335142,38.127088,42.3366440879181],[13.335102,38.127077,42.336662290617824],[13.335106,38.127067,42.33665718510747],[13.335057,38.127055,42.33667880482972],[13.335054,38.127061,42.33668224699795],[13.33501,38.12705,42.336701883003116],[13.335016,38.127036,42.336694996804],[13.334967,38.127024,42.33671673387289],[13.334963,38.127034,42.33672188874334],[13.334922,38.127024,42.336740023456514],[13.334926,38.127013,42.33673462085426],[13.334873,38.126999,42.336758526973426],[13.334869,38.127009,42.3367635589093],[13.334827,38.126999,42.3367820084095],[13.334833,38.126984,42.336774750612676],[13.334785,38.126972,42.336796193383634],[13.334782,38.126979,42.33679980970919],[13.334738,38.126968,42.33681933488697],[13.334741,38.126961,42.33681599330157],[13.334687,38.126948,42.33683996554464],[13.334683,38.126957,42.33684452343732],[13.334646,38.126947,42.33686107210815],[13.334652,38.126933,42.336854188703],[13.334603,38.126921,42.33687599282712],[13.334554,38.127022,42.33692965935916],[13.334605,38.127037,42.33690717071295],[13.334844,38.127103,42.336802636273205],[13.335203,38.127209,42.336646624840796]]]]}},{"type":"Feature","properties":{"id":"scuola-128","nome":"Ragusa Moletti","tipo":"Sede dell'istituto","abbinamento":"vicino"},"geometry":{"type":"MultiPolygon","coordinates":[[[[13.339865,38.106439,42.32842199318111],[13.33997,38.106269,42.328320225700736],[13.34001,38.106284,42.32830364070833],[13.340023,38.106264,42.32829172536731],[13.33998,38.106248,42.3283092873171],[13.33999,38.106232,42.32829974219203],[13.340054,38.106134,42.32823920622468],[13.340175,38.105935,42.32812033966184],[13.340224,38.105953,42.328100332058966],[13.340275,38.10587,42.32805095613003],[13.340104,38.105805,42.3281210353598],[13.340053,38.105876,42.32816731929779],[13.340061,38.10588,42.328164203092456],[13.339942,38.106074,42.32827981840819],[13.339931,38.10607,42.32828460726887],[13.339854,38.106196,42.32835981063545],[13.339861,38.106199,42.32835672143847],[13.339745,38.106389,42.32847008947283],[13.339732,38.106384,42.32847531698644],[13.339686,38.10646,42.3285204898566],[13.339864,38.106528,42.32844729628414],[13.339909,38.106456,42.328404325060546],[13.339865,38.106439,42.32842199318111]]]]}},{"type":"Feature","properties":{"id":"scuola-129","nome":"Florio - San Lorenzo","tipo":"Sede dell'istituto","abbinamento":"contenuto"},"geometry":{"type":"MultiPolygon","coordinates":[[[[13.328753,38.162109,42.34973558597267],[13.328763,38.162092,42.34972565341741],[13.328802,38.162025,42.34968707431108],[13.328813,38.162007,42.34967628587037],[13.328731,38.161973,42.34970919601619],[13.328823,38.16182,42.349618810229],[13.328729,38.161784,42.3496574703604],[13.32871,38.161815,42.34967544861138],[13.328693,38.161844,42.34969231579453],[13.328679,38.161868,42.3497062260285],[13.328678,38.161869,42.3497072244063],[13.328703,38.161878,42.349696941673756],[13.328559,38.162115,42.349837380461395],[13.328524,38.162173,42.34987179469317],[13.328616,38.162208,42.349834132008255],[13.328623,38.162196,42.34982668608427],[13.32865,38.162205,42.34981590881944],[13.328648,38.162209,42.34981773979962],[13.328702,38.162229,42.3497953210026],[13.328771,38.162116,42.34972823318094],[13.328753,38.162109,42.34973558597267]]]]}},{"type":"Feature","properties":{"id":"scuola-130","nome":"Roncalli","tipo":"Plesso scolastico","abbinamento":"contenuto"},"geometry":{"type":"MultiPolygon","coordinates":[[[[13.370205,38.110234,42.31382461078465],[13.370234,38.110197,42.31379943806678],[13.37026,38.11016,42.31377559993416],[13.370091,38.110074,42.313838575035334],[13.369962,38.11024,42.31395213864744],[13.37007,38.110291,42.313910520635545],[13.370139,38.110205,42.31385076791048],[13.370205,38.110234,42.31382461078465]]]]}},{"type":"Feature","properties":{"id":"scuola-131","nome":"G. La Pira","tipo":"Plesso scolastico","abbinamento":"vicino"},"geometry":{"type":"MultiPolygon","coordinates":[[[[13.340638,38.125076,42.33324330113828],[13.340684,38.124993,42.3331966502592],[13.340702,38.124997,42.33318854961544],[13.340705,38.12499,42.33318481594324],[13.340779,38.12487,42.33311297837645],[13.340698,38.124839,42.333145996555686],[13.340711,38.124817,42.333133158273995],[13.340397,38.124698,42.3332620607689],[13.340357,38.124765,42.33330160472542],[13.340391,38.124778,42.33328752964735],[13.340375,38.124803,42.33330258727074],[13.340396,38.124811,42.33329413365573],[13.340406,38.124813,42.33328955434263],[13.340528,38.12486,42.33323988970369],[13.340511,38.124897,42.3332589417696],[13.340607,38.124932,42.333219362422824],[13.340574,38.124989,42.333252270706],[13.340477,38.124954,42.33329207263887],[13.34034,38.124903,42.3333487091586],[13.340337,38.124908,42.333351717330515],[13.340347,38.124912,42.33334774989635],[13.340321,38.124955,42.33337340410799],[13.340313,38.124952,42.33337637595832],[13.340309,38.124958,42.33338031638414],[13.340446,38.125007,42.33332317881286],[13.34054,38.125041,42.33328434545547],[13.340469,38.125166,42.33335577044636],[13.340433,38.125153,42.333370617590845],[13.340419,38.125173,42.33338347263634],[13.340366,38.12515,42.333404566161335],[13.340362,38.125151,42.33340687677264],[13.340308,38.12524,42.3334598261863],[13.340428,38.125286,42.33341061510146],[13.340419,38.125299,42.333419140428305],[13.340432,38.125302,42.33341297879815],[13.340503,38.125329,42.333384243771434],[13.340653,38.125082,42.333237297832966],[13.340638,38.125076,42.33324330113828]]]]}},{"type":"Feature","properties":{"id":"scuola-132","nome":"Papavero","tipo":"Asilo nido","abbinamento":"vicino"},"geometry":{"type":"MultiPolygon","coordinates":[[[[13.302206,38.131,42.35475250054151],[13.302221,38.131,42.35474475193769],[13.302246,38.131,42.35473149921745],[13.302246,38.131021,42.354737436398864],[13.302245,38.131094,42.35475861374289],[13.302349,38.131095,42.35470523312688],[13.30235,38.131006,42.35467938892543],[13.302425,38.131006,42.35464113764465],[13.302426,38.130936,42.35462102573365],[13.302443,38.130937,42.354612186551094],[13.302445,38.13083,42.35458158981055],[13.302327,38.130829,42.35464228503406],[13.302325,38.130909,42.35466521512717],[13.302306,38.130909,42.35467520728707],[13.302306,38.13092,42.35467847343534],[13.302207,38.130919,42.35472939070314],[13.302206,38.131,42.35475250054151]]]]}},{"type":"Feature","properties":{"id":"scuola-133","nome":"Castellana","tipo":"Plesso scolastico","abbinamento":"vicino"},"geometry":{"type":"MultiPolygon","coordinates":[[[[13.306149,38.124975,42.35102948453277],[13.306191,38.12542,42.35113224480301],[13.306395,38.125408,42.35102369170636],[13.306353,38.124963,42.35092093143612],[13.306149,38.124975,42.35102948453277]]]]}},{"type":"Feature","properties":{"id":"scuola-134","nome":"Maritain","tipo":"Plesso scolastico","abbinamento":"contenuto"},"geometry":{"type":"MultiPolygon","coordinates":[[[[13.297253,38.131506,42.35745372995734],[13.297334,38.131507,42.35741204675287],[13.297336,38.131425,42.357388471253216],[13.297469,38.131427,42.35732018761337],[13.29747,38.131382,42.35730705130845],[13.297638,38.131384,42.35722052678466],[13.297642,38.131214,42.357171293348074],[13.297559,38.131213,42.357213602401316],[13.29756,38.131169,42.357200934551656],[13.297258,38.131166,42.35735605750233],[13.297257,38.131226,42.357373520731926],[13.297338,38.131227,42.357331704348326],[13.297337,38.131296,42.357351737096906],[13.297257,38.131295,42.35739263612777],[13.297253,38.131506,42.35745372995734]]]]}},{"type":"Feature","properties":{"id":"scuola-135","nome":"Verga","tipo":"Plesso scolastico","abbinamento":"vicino"},"geometry":{"type":"MultiPolygon","coordinates":[[[[13.323534,38.132573,42.34417390264571],[13.323573,38.132596,42.34416013862938],[13.323633,38.132531,42.34411057177931],[13.323596,38.132509,42.34412381146103],[13.323685,38.132413,42.34405100625008],[13.323579,38.132352,42.34408852644265],[13.323521,38.132414,42.344135840423405],[13.323513,38.132409,42.344138766638935],[13.323479,38.132446,42.34416663926095],[13.323487,38.13245,42.34416373074055],[13.323432,38.132509,42.344208439812064],[13.323423,38.132504,42.344211641699076],[13.323389,38.13254,42.34423913154751],[13.323398,38.132545,42.344236138276756],[13.32334,38.132606,42.34428301267326],[13.323445,38.132668,42.34424581937492],[13.323534,38.132573,42.34417390264571]]]]}},{"type":"Feature","properties":{"id":"scuola-136","nome":"Rapisardi - Garibaldi","tipo":"Sede dell'istituto","abbinamento":"contenuto"},"geometry":{"type":"MultiPolygon","coordinates":[[[[13.349645,38.128682,42.32960374932736],[13.349572,38.128651,42.3296324852854],[13.349564,38.128633,42.329631798900664],[13.349601,38.128572,42.32959573157132],[13.349493,38.128529,42.32963953539729],[13.349459,38.128535,42.32965864147991],[13.349357,38.128499,42.329700730741024],[13.349348,38.128474,42.32969859428704],[13.349244,38.12843,42.32974035013467],[13.349206,38.128489,42.329776343889534],[13.349175,38.128493,42.329793164506555],[13.349102,38.128463,42.32982272468507],[13.349027,38.128577,42.32989330776036],[13.349016,38.128593,42.329903055913746],[13.34904,38.128602,42.32989342790097],[13.349131,38.128639,42.32985705975443],[13.349173,38.128582,42.32981926109642],[13.349189,38.128588,42.32981253787875],[13.349208,38.12859,42.329803839325905],[13.349226,38.128589,42.329793884418905],[13.349245,38.128582,42.3297818582505],[13.349261,38.12857,42.32977052219212],[13.349271,38.128555,42.329761270433664],[13.349448,38.128628,42.32969002146274],[13.349439,38.128643,42.32969897147268],[13.349437,38.12866,42.32970516663045],[13.34944,38.128677,42.32970790937543],[13.34945,38.128691,42.32970713172108],[13.349464,38.128703,42.329703097231686],[13.349482,38.128711,42.32969621010125],[13.349444,38.128768,42.329731524921954],[13.349559,38.128815,42.32968535460532],[13.349645,38.128682,42.32960374932736]]]]}},{"type":"Feature","properties":{"id":"scuola-137","nome":"Falcone Zen 2","tipo":"Sede dell'istituto","abbinamento":"vicino"},"geometry":{"type":"MultiPolygon","coordinates":[[[[13.320854,38.178842,42.3584846612066],[13.320872,38.178895,42.35849005077034],[13.320877,38.178908,42.35849136672914],[13.320898,38.17897,42.35849767085165],[13.320973,38.178954,42.35845451429486],[13.32098,38.178975,42.35845659207553],[13.32113,38.178943,42.35837030224502],[13.321106,38.178879,42.35836500674486],[13.321081,38.178884,42.358378982171416],[13.321072,38.178849,42.358373950235546],[13.321019,38.178692,42.35835789702833],[13.321214,38.178649,42.35824509523809],[13.321312,38.178625,42.35818774625659],[13.321298,38.178587,42.35818443633616],[13.321322,38.178581,42.358170163817704],[13.321281,38.178462,42.358157995156944],[13.321254,38.178468,42.35817389562726],[13.321233,38.178409,42.35816794075072],[13.321155,38.178426,42.35821339301765],[13.321175,38.178485,42.358219435438514],[13.321096,38.178502,42.358264822512865],[13.321076,38.178444,42.358258893713355],[13.320996,38.178461,42.358305206522346],[13.321016,38.17852,42.35831114370376],[13.320989,38.178526,42.3583265831694],[13.32101,38.178586,42.358332730829716],[13.321034,38.178581,42.35831859707832],[13.321054,38.178638,42.358324465341866],[13.320977,38.178745,42.35839400999248],[13.320902,38.178761,42.35843698401004],[13.320896,38.178744,42.35843522194773],[13.320821,38.17876,42.35847842693329],[13.320829,38.17878,42.35848057363182],[13.320758,38.178796,42.358521482907236],[13.320779,38.178858,42.35852777119726],[13.320854,38.178842,42.3584846612066]]]]}},{"type":"Feature","properties":{"id":"scuola-138","nome":"Randazzo","tipo":"Plesso scolastico","abbinamento":"vicino"},"geometry":{"type":"MultiPolygon","coordinates":[[[[13.405173,38.098507,42.292499280534685],[13.405063,38.098514,42.29255824536085],[13.405065,38.098531,42.29256216716021],[13.4048,38.098548,42.29270308278501],[13.404795,38.098494,42.29269073717296],[13.404689,38.098501,42.29274704493582],[13.404703,38.098634,42.29277751874179],[13.404768,38.09863,42.292742921970785],[13.40477,38.098652,42.29274780396372],[13.405119,38.098629,42.29256181977689],[13.405116,38.098607,42.29255678411573],[13.405142,38.098605,42.29254321847111],[13.405183,38.098603,42.29252118151635],[13.405173,38.098507,42.292499280534685]]]]}},{"type":"Feature","properties":{"id":"scuola-139","nome":"G. Alagna","tipo":"Plesso scolastico","abbinamento":"contenuto"},"geometry":{"type":"MultiPolygon","coordinates":[[[[13.388244,38.10124,42.30199615098536],[13.388131,38.101298,42.30207084491849],[13.388152,38.101324,42.30206716340035],[13.388205,38.101384,42.3020569011569],[13.38818,38.101395,42.302072424441576],[13.388264,38.101497,42.30205776914954],[13.388218,38.10152,42.30208791792393],[13.388288,38.101605,42.30207568965852],[13.388411,38.101545,42.301995609886944],[13.388408,38.101541,42.30199621338397],[13.388465,38.101508,42.301957494579256],[13.388244,38.10124,42.30199615098536]]]]}},{"type":"Feature","properties":{"id":"scuola-140","nome":"Pantera Rosa","tipo":"Asilo nido","abbinamento":"contenuto"},"geometry":{"type":"MultiPolygon","coordinates":[[[[13.326305,38.116827,42.338335391134024],[13.326296,38.116773,42.33832486812025],[13.326381,38.116764,42.33827858604491],[13.326376,38.116728,42.33827131893486],[13.326371,38.116697,42.338265175931156],[13.326397,38.116695,42.338250702247024],[13.326375,38.116556,42.33822332601994],[13.326207,38.116573,42.3383152699098],[13.326233,38.11674,42.33834839146584],[13.326215,38.116742,42.33835819456726],[13.326229,38.116834,42.338376567699015],[13.326305,38.116827,42.338335391134024]]]]}},{"type":"Feature","properties":{"id":"scuola-141","nome":"Castellana","tipo":"Plesso scolastico","abbinamento":"vicino"},"geometry":{"type":"MultiPolygon","coordinates":[[[[13.310217,38.125932,42.3491953285411],[13.310223,38.125832,42.34916414413601],[13.309921,38.125817,42.34931603260338],[13.309914,38.125912,42.34934636577964],[13.309962,38.125915,42.34932251367718],[13.310217,38.125932,42.3491953285411]]]]}},{"type":"Feature","properties":{"id":"scuola-142","nome":"Marvuglia","tipo":"Plesso scolastico","abbinamento":"contenuto"},"geometry":{"type":"MultiPolygon","coordinates":[[[[13.364652,38.140223,42.32509146630764],[13.364774,38.140236,42.32503193616867],[13.364804,38.140093,42.32497654296458],[13.364723,38.140082,42.325015555135906],[13.364746,38.139972,42.3249725876376],[13.365063,38.140013,42.32482095155865],[13.365076,38.13995,42.32479642983526],[13.365098,38.139953,42.32478556036949],[13.365116,38.13987,42.32475318107754],[13.365013,38.139856,42.32480244990438],[13.365,38.13992,42.324827171862125],[13.364908,38.139908,42.32487108372152],[13.364921,38.139847,42.3248476004228],[13.364777,38.139828,42.32491648290306],[13.364801,38.139716,42.32487290073186],[13.364947,38.139735,42.324802935123444],[13.36496,38.139673,42.32477871142328],[13.365053,38.139685,42.32473412528634],[13.36504,38.139746,42.32475781161338],[13.36514,38.139759,42.32470976468176],[13.365157,38.13968,42.32467891648412],[13.365134,38.139677,42.32468993868679],[13.365148,38.139612,42.324664865620434],[13.364816,38.139569,42.32482388801873],[13.364803,38.139628,42.32484708819538],[13.364765,38.139625,42.32486586552113],[13.364747,38.13971,42.324899004772305],[13.364664,38.139699,42.32493875361979],[13.364656,38.139734,42.32495226897299],[13.36471,38.139741,42.32492636889219],[13.364714,38.139724,42.324920101091266],[13.364737,38.139727,42.32490898296237],[13.364727,38.139781,42.32492919266224],[13.364642,38.139771,42.32497031893581],[13.364596,38.139989,42.32505492679775],[13.364686,38.139999,42.32501123659313],[13.364674,38.14006,42.325034535489976],[13.364648,38.140057,42.325047267600894],[13.364651,38.140036,42.32503972668201],[13.364591,38.14003,42.325069051235914],[13.364553,38.14021,42.325139057822526],[13.364652,38.140223,42.32509146630764]]]]}},{"type":"Feature","properties":{"id":"scuola-143","nome":"Via Del Bassotto","tipo":"Plesso scolastico","abbinamento":"contenuto"},"geometry":{"type":"MultiPolygon","coordinates":[[[[13.364643,38.085457,42.30974368471652],[13.364721,38.0855,42.30971532687545],[13.364736,38.085484,42.309702944010496],[13.364801,38.085404,42.309647081419826],[13.364789,38.08536,42.3096405910328],[13.364758,38.085365,42.3096580831334],[13.364743,38.085312,42.30965118203312],[13.364699,38.08532,42.30967631191015],[13.364688,38.085279,42.30967020243406],[13.364625,38.085288,42.309705063700676],[13.364619,38.085237,42.309694084338844],[13.364599,38.085257,42.30971024464816],[13.364643,38.085457,42.30974368471652]]]]}},{"type":"Feature","properties":{"id":"scuola-144","nome":"Rita Atria","tipo":"Sede dell'istituto","abbinamento":"vicino"},"geometry":{"type":"MultiPolygon","coordinates":[[[[13.364385,38.120511,42.31970852334052],[13.364405,38.120458,42.31968318670988],[13.364452,38.120469,42.31966246943921],[13.364499,38.120352,42.319604829885066],[13.36453,38.120279,42.319568931125104],[13.364471,38.120269,42.31959617882967],[13.364481,38.120245,42.31958472914994],[13.364434,38.120239,42.31960702035576],[13.364359,38.120406,42.3196927504614],[13.364326,38.120393,42.31970592122525],[13.364209,38.120345,42.31975289527327],[13.364235,38.120208,42.31970101501793],[13.364253,38.120081,42.319656467065215],[13.364257,38.120047,42.31964424625039],[13.36425,38.120045,42.3196477284655],[13.364266,38.119957,42.31961448211223],[13.36415,38.119924,42.31966516468674],[13.364143,38.12012,42.319723853841424],[13.364097,38.120377,42.319819387979805],[13.364385,38.120511,42.31970852334052]]]]}},{"type":"Feature","properties":{"id":"scuola-145","nome":"Elena","tipo":"Sede dell'istituto","abbinamento":"contenuto"},"geometry":{"type":"MultiPolygon","coordinates":[[[[13.323332,38.117358,42.3400197615847],[13.323527,38.11741,42.339933603070676],[13.32352,38.117425,42.339941260404885],[13.323557,38.117435,42.33992531057447],[13.32359,38.117367,42.33988907746971],[13.3236,38.11737,42.33988482598215],[13.323574,38.117423,42.33991303201765],[13.323809,38.117494,42.33981137257069],[13.323836,38.117438,42.3397820815444],[13.323842,38.11744,42.339779461734],[13.323809,38.117508,42.33981545269489],[13.323842,38.117518,42.33980140276253],[13.323875,38.117449,42.339764872565866],[13.323885,38.117452,42.3397605298087],[13.323857,38.11751,42.339791343547404],[13.323937,38.117534,42.33975656237453],[13.323958,38.117491,42.339734016917646],[13.323979,38.117498,42.33972466085106],[13.323961,38.117537,42.33974532689899],[13.324117,38.117584,42.33967744652182],[13.324145,38.117526,42.33964685164392],[13.324155,38.117529,42.33964266628027],[13.324121,38.117599,42.33967963978648],[13.324154,38.117609,42.33966554328799],[13.324187,38.11754,42.33962918724865],[13.324199,38.117543,42.33962397556752],[13.324172,38.1176,42.33965387288481],[13.324253,38.117624,42.33961861953139],[13.324329,38.117647,42.3395856404677],[13.324356,38.117592,42.33955651987344],[13.324451,38.117394,42.339451998472214],[13.32429,38.117345,42.339521571062505],[13.324262,38.117404,42.33955236338079],[13.324252,38.117401,42.33955655153841],[13.324285,38.117333,42.33952065743506],[13.324253,38.117323,42.33953433018178],[13.324223,38.117386,42.33956741634756],[13.324217,38.117384,42.33957000263035],[13.324242,38.117333,42.33954286016524],[13.324082,38.117285,42.33961204811931],[13.324064,38.117323,42.33963202685118],[13.324039,38.117316,42.3396429810673],[13.324056,38.11728,42.33962420374155],[13.323979,38.117257,42.33965720422566],[13.323952,38.117313,42.33968694228679],[13.32394,38.11731,42.33969237282872],[13.323974,38.117239,42.33965502399951],[13.323942,38.117229,42.339668677188456],[13.323935,38.117244,42.33967646211386],[13.323679,38.117168,42.33978723268956],[13.323685,38.117156,42.33978132531047],[13.323655,38.117148,42.33979417849332],[13.323648,38.117163,42.339802177622914],[13.323453,38.117105,42.33988633938134],[13.323332,38.117358,42.3400197615847]],[[13.32373,38.117278,42.339791947975755],[13.323803,38.117299,42.33976022992283],[13.323761,38.117388,42.33980651386082],[13.323689,38.117367,42.339838209562004],[13.32373,38.117278,42.339791947975755]],[[13.324073,38.11738,42.33964331727475],[13.324033,38.117464,42.33968762587756],[13.323898,38.117424,42.339746130630374],[13.323938,38.11734,42.339701818302274],[13.324073,38.11738,42.33964331727475]]]]}},{"type":"Feature","properties":{"id":"scuola-146","nome":"Rampolla","tipo":"Plesso scolastico","abbinamento":"vicino"},"geometry":{"type":"MultiPolygon","coordinates":[[[[13.367524,38.14558,42.325109630823135],[13.36748,38.14555,42.32512375432998],[13.367475,38.145554,42.32512748148292],[13.367511,38.145577,42.32511558290571],[13.367472,38.145613,42.32514537218958],[13.367481,38.145622,42.32514337077737],[13.367438,38.145663,42.325176771730185],[13.367437,38.145661,42.32517705950886],[13.367413,38.145684,42.32519586849958],[13.367383,38.145664,42.325205699540675],[13.367434,38.14561,42.32516443263739],[13.367414,38.145597,42.32517100311816],[13.367382,38.145627,42.32519601471722],[13.367288,38.145565,42.32522693276405],[13.367383,38.145476,42.3251532856375],[13.367474,38.145537,42.32512300089002],[13.367493,38.145519,42.32510863058269],[13.367385,38.145448,42.32514426857233],[13.367266,38.14556,42.32523676007986],[13.367348,38.145614,42.325209750793874],[13.367381,38.145636,42.32519879564643],[13.367346,38.145669,42.32522648014128],[13.367364,38.145682,42.32522037625313],[13.367467,38.14575,42.3251864220947],[13.367507,38.145712,42.32515526562929],[13.367494,38.145703,42.325159513391554],[13.367525,38.145675,42.32513556163758],[13.367513,38.145667,42.325139505788684],[13.367547,38.145635,42.32511290162802],[13.367499,38.145603,42.32512862421572],[13.367524,38.14558,42.325109630823135]]]]}},{"type":"Feature","properties":{"id":"scuola-147","nome":"Fondo Petrazzi","tipo":"Plesso scolastico","abbinamento":"contenuto"},"geometry":{"type":"MultiPolygon","coordinates":[[[[13.307005,38.135408,42.3535048449412],[13.306937,38.135378,42.3535320116207],[13.306953,38.135355,42.353517236188054],[13.306763,38.135273,42.353592338971794],[13.306752,38.135288,42.353602182120085],[13.306691,38.135262,42.35362662002444],[13.306656,38.135312,42.35365879815072],[13.306745,38.135351,42.35362352617085],[13.306725,38.135378,42.35364121757448],[13.3067,38.135367,42.35365109704435],[13.306643,38.13545,42.35370373632759],[13.306747,38.135495,42.35366256907582],[13.306766,38.135469,42.35364564601332],[13.306852,38.135506,42.35361162573099],[13.306862,38.13549,42.3536017453298],[13.306928,38.135519,42.35357565339655],[13.307005,38.135408,42.3535048449412]]]]}},{"type":"Feature","properties":{"id":"scuola-148","nome":"Morvillo","tipo":"Asilo nido","abbinamento":"contenuto"},"geometry":{"type":"MultiPolygon","coordinates":[[[[13.281198,38.198314,42.38439058326185],[13.281214,38.198323,42.384385279379785],[13.281243,38.198294,42.38436210434884],[13.281261,38.198305,42.384355881251395],[13.281306,38.19826,42.38431990239769],[13.2813,38.198256,42.38432190287858],[13.281327,38.19823,42.38430096488446],[13.281305,38.198217,42.38430836610496],[13.281312,38.198209,42.38430272694677],[13.281258,38.198176,42.384321506135166],[13.281237,38.198196,42.38433795887977],[13.281167,38.198153,42.38436214346439],[13.281162,38.198158,42.38436605595052],[13.281108,38.198124,42.38438459392637],[13.281098,38.198134,42.38439238630235],[13.281065,38.198113,42.38440377544612],[13.281025,38.198153,42.384435484185815],[13.281042,38.198164,42.384429762139916],[13.281035,38.19817,42.38443489745259],[13.280996,38.198146,42.384448303841054],[13.280948,38.198194,42.38448685128242],[13.280973,38.19821,42.38447820208967],[13.280966,38.198217,42.38448364473879],[13.281042,38.198264,42.38445754535496],[13.281067,38.198238,42.384437365457416],[13.281081,38.198247,42.38443273305893],[13.281143,38.198285,42.384411298669875],[13.281118,38.19831,42.38443111255765],[13.28117,38.198342,42.3844133047387],[13.281198,38.198314,42.38439058326185]]]]}},{"type":"Feature","properties":{"id":"scuola-149","nome":"Castrogiovanni","tipo":"Plesso scolastico","abbinamento":"vicino"},"geometry":{"type":"MultiPolygon","coordinates":[[[[13.425525,38.096346,42.2814029706642],[13.425493,38.096205,42.28137996047735],[13.425479,38.096144,42.28137016296387],[13.425445,38.095993,42.28134550899267],[13.424985,38.096059,42.28160082548857],[13.425001,38.096129,42.28161230310798],[13.425377,38.096075,42.28140329383314],[13.425394,38.096146,42.281414810568094],[13.425369,38.09615,42.28142825420946],[13.425385,38.096218,42.28143937047571],[13.425408,38.096215,42.28142670728266],[13.425424,38.096287,42.28143846895546],[13.425047,38.096341,42.28164836857468],[13.425063,38.096412,42.28165992535651],[13.425525,38.096346,42.2814029706642]]]]}},{"type":"Feature","properties":{"id":"scuola-150","nome":"Mattarella","tipo":"Plesso scolastico","abbinamento":"contenuto"},"geometry":{"type":"MultiPolygon","coordinates":[[[[13.409724,38.094649,42.28906965814531],[13.409773,38.094737,42.289069400168955],[13.409893,38.094694,42.2889954065904],[13.409845,38.094607,42.28899570647627],[13.409724,38.094649,42.28906965814531]]]]}},{"type":"Feature","properties":{"id":"scuola-151","nome":"Via Del Fervore","tipo":"Plesso scolastico","abbinamento":"contenuto"},"geometry":{"type":"MultiPolygon","coordinates":[[[[13.349088,38.12462,42.32875397987664],[13.349248,38.12468,42.328688071109354],[13.349264,38.124652,42.32867176644504],[13.349157,38.124609,42.32871516235173],[13.349263,38.124417,42.32860647700727],[13.349292,38.124426,42.32859443966299],[13.34931,38.124398,42.32857725210488],[13.349276,38.124389,42.3285919977352],[13.349367,38.124241,42.32850344199687],[13.349449,38.124268,42.32846865803003],[13.349462,38.124244,42.328455401584506],[13.349347,38.124207,42.328504362143576],[13.349088,38.12462,42.32875397987664]]]]}},{"type":"Feature","properties":{"id":"scuola-152","nome":"Rita Levi Montalcini","tipo":"Sede dell'istituto","abbinamento":"vicino"},"geometry":{"type":"MultiPolygon","coordinates":[[[[13.291103,38.129088,42.35995663050562],[13.291132,38.129093,42.359943052753806],[13.291122,38.129125,42.35995726753026],[13.291419,38.129182,42.359819423407316],[13.29141,38.129213,42.35983278602362],[13.291482,38.129226,42.35979925096035],[13.291515,38.129107,42.35974882915616],[13.291485,38.129099,42.35976248141378],[13.291489,38.129087,42.359756933525205],[13.291503,38.129044,42.359737885184586],[13.291203,38.128989,42.359877137467265],[13.291282,38.128745,42.35976817831397],[13.291287,38.12873,42.35976153705269],[13.291207,38.128713,42.35979827400297],[13.291214,38.128686,42.35978707112372],[13.291067,38.128656,42.3598547661677],[13.291046,38.128718,42.359882815741],[13.291087,38.128726,42.35986379068345],[13.291079,38.128755,42.359875994734466],[13.291063,38.12881,42.35989982075989],[13.291027,38.128938,42.35995431058109],[13.291021,38.128957,42.35996252298355],[13.291086,38.128972,42.35993301961571],[13.291081,38.128994,42.35994145926088],[13.291125,38.129002,42.3599210716784],[13.291105,38.129081,42.35995390918106],[13.291103,38.129088,42.35995663050562]]]]}},{"type":"Feature","properties":{"id":"scuola-153","nome":"Don Milani","tipo":"Sede dell'istituto","abbinamento":"vicino"},"geometry":{"type":"MultiPolygon","coordinates":[[[[13.38403,38.104926,42.30520381871611],[13.38448,38.104671,42.3049006043002],[13.384791,38.104495,42.3046904867515],[13.384655,38.10434,42.304717428050935],[13.384485,38.104437,42.30483223218471],[13.383897,38.10477,42.30522907804698],[13.38403,38.104926,42.30520381871611]],[[13.384057,38.104777,42.305148410610855],[13.384267,38.104658,42.305006626062095],[13.38429,38.104684,42.305001897737384],[13.38408,38.104803,42.30514365620911],[13.384057,38.104777,42.305148410610855]],[[13.384391,38.104585,42.30492190551013],[13.384483,38.104534,42.304860496893525],[13.384602,38.104466,42.30478012282401],[13.384625,38.104492,42.30477539636195],[13.384482,38.104573,42.304871924221516],[13.384415,38.104611,42.304917151108384],[13.384391,38.104585,42.30492190551013]]]]}},{"type":"Feature","properties":{"id":"scuola-154","nome":"Rallo","tipo":"Plesso scolastico","abbinamento":"vicino"},"geometry":{"type":"MultiPolygon","coordinates":[[[[13.364785,38.140662,42.325145539827645],[13.364818,38.140504,42.325084273703396],[13.364737,38.140493,42.32512348331511],[13.364674,38.140484,42.325152987614274],[13.36462,38.140477,42.32517884019762],[13.364609,38.140528,42.32519893348217],[13.364586,38.140639,42.32524208724499],[13.364564,38.140744,42.32528281211853],[13.364332,38.140714,42.32539361342788],[13.364295,38.140875,42.32545811403543],[13.36445,38.140895,42.32538407947868],[13.364713,38.14093,42.32525799795985],[13.36477,38.14066,42.32515295315534],[13.364785,38.140662,42.325145539827645]]]]}},{"type":"Feature","properties":{"id":"scuola-155","nome":"Florio","tipo":"Plesso scolastico","abbinamento":"vicino"},"geometry":{"type":"MultiPolygon","coordinates":[[[[13.3251,38.165179,42.35247880592942],[13.325101,38.165173,42.35247679147869],[13.325121,38.16504,42.35242916550487],[13.324574,38.164988,42.35269699897617],[13.324553,38.165127,42.35274668224156],[13.324547,38.165126,42.35274942032993],[13.324524,38.165201,42.35278184246272],[13.324565,38.16521,42.352763577364385],[13.324568,38.165202,42.352759971283376],[13.324631,38.165216,42.35273115709424],[13.324628,38.165223,42.35273443907499],[13.324668,38.165232,42.352716628462076],[13.324682,38.165139,42.35268328804523],[13.3251,38.165179,42.35247880592942]]]]}},{"type":"Feature","properties":{"id":"scuola-156","nome":"Melograno","tipo":"Asilo nido","abbinamento":"contenuto"},"geometry":{"type":"MultiPolygon","coordinates":[[[[13.326544,38.151256,42.347843304276466],[13.326683,38.151312,42.347787666134536],[13.326706,38.151277,42.34776576142758],[13.326722,38.151252,42.34775038808584],[13.326584,38.151195,42.34780591446906],[13.326544,38.151256,42.347843304276466]]]]}},{"type":"Feature","properties":{"id":"scuola-157","nome":"Centro Sociale","tipo":"Plesso scolastico","abbinamento":"vicino"},"geometry":{"type":"MultiPolygon","coordinates":[[[[13.337605,38.100752,42.32799552753568],[13.337473,38.100653,42.32803570386022],[13.337329,38.100772,42.32814338058233],[13.337386,38.100815,42.32812588941306],[13.337276,38.100907,42.32820881716907],[13.337188,38.10098,42.32827434130013],[13.337275,38.101037,42.328245480544865],[13.337281,38.101033,42.328241212293506],[13.33741,38.100918,42.328142459504306],[13.337421,38.100909,42.32813427224755],[13.337477,38.100863,42.32809260021895],[13.33757,38.100781,42.3280215151608],[13.337605,38.100752,42.32799552753568]]]]}},{"type":"Feature","properties":{"id":"scuola-158","nome":"Mazzini","tipo":"Plesso scolastico","abbinamento":"contenuto"},"geometry":{"type":"MultiPolygon","coordinates":[[[[13.341954,38.110015,42.328345719724894],[13.341944,38.110037,42.32835687417537],[13.342009,38.110061,42.32832984533161],[13.342059,38.109986,42.328283472917974],[13.342067,38.10999,42.32827994041145],[13.342129,38.109901,42.328223310410976],[13.342037,38.109871,42.3282624501735],[13.34203,38.109884,42.328269763849676],[13.3417,38.10976,42.328405033797026],[13.34167,38.109814,42.32843558490276],[13.341746,38.109843,42.32840448152274],[13.341702,38.109925,42.32845007162541],[13.341954,38.110015,42.328345719724894]]]]}},{"type":"Feature","properties":{"id":"scuola-159","nome":"Via Del Vespro","tipo":"Plesso scolastico","abbinamento":"vicino"},"geometry":{"type":"MultiPolygon","coordinates":[[[[13.362792,38.106191,42.31651616934687],[13.362817,38.106131,42.31648636236787],[13.362851,38.106051,42.31644682493061],[13.362867,38.106012,42.316427651792765],[13.362917,38.105896,42.31636890117079],[13.363434,38.106022,42.31613792851567],[13.363485,38.105938,42.31608748063445],[13.362995,38.105807,42.31630402058363],[13.362964,38.105872,42.316338249482214],[13.362779,38.105822,42.31641975324601],[13.362739,38.105918,42.31646681576967],[13.362719,38.105924,42.31647936813533],[13.362557,38.106295,42.3166667688638],[13.362565,38.106309,42.31666677445173],[13.362516,38.106442,42.31672916561365],[13.362514,38.106445,42.316730855964124],[13.362733,38.106508,42.316635492257774],[13.362764,38.106431,42.31659799441695],[13.362698,38.106414,42.316627303138375],[13.362792,38.106191,42.31651616934687]]]]}},{"type":"Feature","properties":{"id":"scuola-160","nome":"Rosolino Pilo","tipo":"Sede dell'istituto","abbinamento":"vicino"},"geometry":{"type":"MultiPolygon","coordinates":[[[[13.364933,38.103037,42.31452699471265],[13.364739,38.103182,42.31466801837087],[13.364745,38.103188,42.31466612406075],[13.364693,38.103227,42.31470419373363],[13.364704,38.10324,42.3147019315511],[13.364636,38.10329,42.3147511202842],[13.364624,38.10328,42.314754674211144],[13.364571,38.103319,42.31479256879538],[13.364562,38.103311,42.31479538138956],[13.364366,38.103457,42.314937255345285],[13.364666,38.103706,42.31485259626061],[13.364738,38.103652,42.31479969993234],[13.364513,38.103464,42.31486340239644],[13.364686,38.103334,42.314737564884126],[13.364694,38.103341,42.31473527383059],[13.364766,38.103288,42.31468367576599],[13.364756,38.10328,42.314686425961554],[13.364776,38.103271,42.31467348244041],[13.364822,38.10331,42.314660450443625],[13.364873,38.103272,42.314623720012605],[13.364827,38.103233,42.31463676504791],[13.364928,38.103157,42.31456291861832],[13.365082,38.103284,42.314519562758505],[13.365153,38.103343,42.314499287866056],[13.365158,38.103339,42.314495265483856],[13.365231,38.103285,42.31444260291755],[13.364933,38.103037,42.31452699471265]]]]}},{"type":"Feature","properties":{"id":"scuola-161","nome":"Di Vittorio","tipo":"Sede dell'istituto","abbinamento":"contenuto"},"geometry":{"type":"MultiPolygon","coordinates":[[[[13.410237,38.094291,42.28870495129377],[13.410074,38.094347,42.2888043820858],[13.410155,38.094494,42.28880375716835],[13.410226,38.094467,42.28875964228064],[13.41023,38.094474,42.2887596944347],[13.410319,38.094441,42.28870455548167],[13.410237,38.094291,42.28870495129377]]]]}},{"type":"Feature","properties":{"id":"scuola-162","nome":"Raciti","tipo":"Plesso scolastico","abbinamento":"vicino"},"geometry":{"type":"MultiPolygon","coordinates":[[[[13.296737,38.132991,42.35813571512699],[13.296755,38.132982,42.35812376625836],[13.296879,38.13309,42.358089790679514],[13.296826,38.133128,42.358127809129655],[13.296762,38.133126,42.35816041473299],[13.296763,38.133102,42.358152855187654],[13.296683,38.133098,42.3581932336092],[13.296682,38.133121,42.35820025019348],[13.296605,38.133118,42.35823924001306],[13.296601,38.133185,42.358260282315314],[13.296675,38.133188,42.35822241194546],[13.296672,38.133239,42.358238398097456],[13.29667,38.133266,42.35824681818485],[13.296667,38.133321,42.35826398432255],[13.296743,38.133324,42.35822531674057],[13.296742,38.133348,42.358232826925814],[13.296902,38.133354,42.35815184470266],[13.296907,38.133269,42.35812515486032],[13.296882,38.133268,42.35813794564456],[13.296884,38.133232,42.35812663752586],[13.29689,38.13313,42.35809544567019],[13.296901,38.133131,42.358090026304126],[13.296922,38.133152,42.358084925450385],[13.296975,38.133112,42.35804664250463],[13.296948,38.13309,42.3580543063581],[13.296917,38.133064,42.3580630319193],[13.2969,38.133077,42.35807518661022],[13.296869,38.133047,42.3580833254382],[13.296776,38.132961,42.35810723528266],[13.296784,38.132959,42.35810209624469],[13.296664,38.132851,42.35813435353339],[13.296591,38.132786,42.35815363097936],[13.296576,38.132799,42.35816516261548],[13.296536,38.132768,42.35817675013095],[13.296517,38.132781,42.35819071531296],[13.296467,38.132816,42.35822619218379],[13.29654,38.132882,42.358206938020885],[13.296581,38.13292,42.35819606203586],[13.296529,38.132918,42.3582225786522],[13.296404,38.132912,42.35828597377986],[13.296395,38.13305,42.35832887887955],[13.296571,38.133057,42.3582395426929],[13.296576,38.132985,42.35821697395295],[13.296737,38.132991,42.35813571512699]]]]}},{"type":"Feature","properties":{"id":"scuola-163","nome":"Ferrara","tipo":"Plesso scolastico","abbinamento":"contenuto"},"geometry":{"type":"MultiPolygon","coordinates":[[[[13.370384,38.113931,42.31476882472634],[13.370678,38.113637,42.31453495658934],[13.37049,38.11354,42.31460440997034],[13.370455,38.113576,42.31463255919516],[13.370302,38.113731,42.31475553009659],[13.370073,38.113574,42.31482935231179],[13.370189,38.113439,42.314731874503195],[13.370224,38.1134,42.314702440053225],[13.370038,38.113305,42.314772327430546],[13.369837,38.113545,42.314942717552185],[13.370384,38.113931,42.31476882472634]]]]}},{"type":"Feature","properties":{"id":"scuola-164","nome":"Masih Iqbal","tipo":"Asilo nido","abbinamento":"vicino"},"geometry":{"type":"MultiPolygon","coordinates":[[[[13.315166,38.124634,42.34627494215965],[13.315163,38.124697,42.34629435930401],[13.315331,38.124703,42.34620929323137],[13.315328,38.124741,42.34622104559094],[13.315299,38.12474,42.346235767006874],[13.315294,38.124843,42.34626738540828],[13.315384,38.124846,42.34622149448842],[13.31539,38.124744,42.34619026444852],[13.315438,38.124746,42.346165873110294],[13.315437,38.124764,42.34617152810097],[13.315556,38.124768,42.34611110761762],[13.315559,38.124706,42.34609191957861],[13.31544,38.124702,42.3461523745209],[13.315442,38.124663,42.34614029433578],[13.315478,38.124664,42.34612247534096],[13.315473,38.124537,42.34608937334269],[13.315383,38.124536,42.3461354104802],[13.315394,38.124661,42.346164965070784],[13.315339,38.124658,42.346192590892315],[13.31534,38.12464,42.34618692751974],[13.315166,38.124634,42.34627494215965]]]]}},{"type":"Feature","properties":{"id":"scuola-165","nome":"Centro Sociale S, Rosalia","tipo":"Plesso scolastico","abbinamento":"contenuto"},"geometry":{"type":"MultiPolygon","coordinates":[[[[13.352242,38.098009,42.31966792512685],[13.352231,38.098016,42.31967545300722],[13.352204,38.09799,42.31968224514276],[13.352216,38.097983,42.319673862308264],[13.352107,38.097879,42.31970089580864],[13.352095,38.097887,42.31970931310207],[13.352058,38.097852,42.31971842236817],[13.352071,38.097844,42.31970981229097],[13.352028,38.097803,42.31972049083561],[13.351965,38.097845,42.31976467370987],[13.352003,38.097881,42.31975525803864],[13.351966,38.097904,42.31978060584515],[13.352091,38.098023,42.31974952574819],[13.352096,38.09802,42.31974595505744],[13.352222,38.09814,42.319714561104774],[13.352315,38.098079,42.31964959669858],[13.352242,38.098009,42.31966792512685]]]]}},{"type":"Feature","properties":{"id":"scuola-166","nome":"Medaglie D'oro","tipo":"Plesso scolastico","abbinamento":"contenuto"},"geometry":{"type":"MultiPolygon","coordinates":[[[[13.344856,38.095003,42.322638515383005],[13.344886,38.094977,42.322615520097315],[13.344932,38.095009,42.322600866667926],[13.344904,38.095034,42.32262242678553],[13.344983,38.095092,42.32259784825146],[13.345022,38.09512,42.32258542627096],[13.345084,38.095066,42.322538413107395],[13.345093,38.095072,42.32253545243293],[13.345115,38.095053,42.32251836359501],[13.345157,38.095082,42.32250508386642],[13.345141,38.095096,42.322517150081694],[13.345256,38.095177,42.322480760514736],[13.345389,38.095061,42.322379533201456],[13.34517,38.094905,42.32244900427759],[13.345115,38.094955,42.32249133102596],[13.345049,38.094906,42.32251156400889],[13.345048,38.094906,42.322511902078986],[13.344784,38.094718,42.32259557303041],[13.344637,38.094848,42.322707950137556],[13.344856,38.095003,42.322638515383005]]]]}},{"type":"Feature","properties":{"id":"scuola-167","nome":"Villagrazia","tipo":"Plesso scolastico","abbinamento":"contenuto"},"geometry":{"type":"MultiPolygon","coordinates":[[[[13.332476,38.077017,42.323987568728626],[13.332516,38.077101,42.32399060763419],[13.332637,38.077061,42.32391687296331],[13.332609,38.077001,42.32391478680074],[13.332586,38.076954,42.32391320168972],[13.332545,38.076868,42.32391026522964],[13.33258,38.076854,42.32388841267675],[13.332551,38.07679,42.32388500217348],[13.332518,38.076802,42.323905483819544],[13.332475,38.076711,42.32390202861279],[13.332469,38.076697,42.32390148937702],[13.332449,38.076701,42.32391300331801],[13.332434,38.076671,42.323912121355534],[13.332415,38.076631,42.32391094882041],[13.332318,38.076642,42.32396386470646],[13.332357,38.076722,42.32396607939154],[13.332337,38.076729,42.32397873699665],[13.332367,38.076792,42.323980666697025],[13.332444,38.076951,42.323985546827316],[13.332476,38.077017,42.323987568728626]]]]}},{"type":"Feature","properties":{"id":"scuola-168","nome":"Russo","tipo":"Sede dell'istituto","abbinamento":"vicino"},"geometry":{"type":"MultiPolygon","coordinates":[[[[13.295953,38.127705,42.357062698341906],[13.295959,38.127725,42.35706533212215],[13.295986,38.127818,42.35707747284323],[13.296086,38.127802,42.357021221891046],[13.296068,38.12773,42.35701053030789],[13.296084,38.127727,42.35700129624456],[13.296038,38.127566,42.35698021855205],[13.296045,38.127565,42.35697597824037],[13.29603,38.127518,42.35697060730308],[13.295917,38.127537,42.35703439451754],[13.29592,38.12755,42.35703625436872],[13.295675,38.127588,42.357173818163574],[13.29568,38.127601,42.35717482678592],[13.295647,38.127609,42.35719432774931],[13.295642,38.127596,42.35719331726432],[13.295605,38.127603,42.35721432697028],[13.295519,38.127283,42.35716896969825],[13.295448,38.127296,42.357209388166666],[13.295444,38.127286,42.35720856115222],[13.295346,38.127302,42.35726396087557],[13.295387,38.127471,42.35728982742876],[13.295447,38.127462,42.35725628770888],[13.295475,38.127584,42.35727592650801],[13.295384,38.127592,42.35732532478869],[13.295383,38.127636,42.35733832512051],[13.295426,38.127637,42.35731626395136],[13.295428,38.127728,42.357340780086815],[13.295347,38.127728,42.35738254431635],[13.295349,38.127968,42.35744852293283],[13.29544,38.127968,42.35740185342729],[13.295441,38.127958,42.35739857610315],[13.295541,38.127959,42.35734700318426],[13.29554,38.127719,42.35728018078953],[13.295524,38.127719,42.3572883810848],[13.295526,38.127707,42.35728416219354],[13.295781,38.127665,42.357140571810305],[13.295935,38.12764,42.35705416928977],[13.295953,38.127705,42.357062698341906]]]]}},{"type":"Feature","properties":{"id":"scuola-169","nome":"De Gasperi","tipo":"Sede dell'istituto","abbinamento":"contenuto"},"geometry":{"type":"MultiPolygon","coordinates":[[[[13.338753,38.152487,42.34188506193459],[13.338758,38.152489,42.341882986947894],[13.338784,38.152451,42.34185928385705],[13.338797,38.15243,42.34184679761529],[13.338792,38.152428,42.34184871893376],[13.338813,38.152398,42.34182939399034],[13.338833,38.152369,42.34181108698249],[13.338699,38.152313,42.34186445735395],[13.338683,38.152336,42.34187899809331],[13.338617,38.152309,42.341905595734715],[13.338579,38.152364,42.34194069169462],[13.33859,38.152368,42.34193615894765],[13.338558,38.152417,42.341966348700225],[13.338596,38.152433,42.34195133950561],[13.338563,38.152482,42.34198211785406],[13.338714,38.152545,42.34192157164216],[13.338753,38.152487,42.34188506193459]]]]}},{"type":"Feature","properties":{"id":"scuola-170","nome":"R. Gregorio","tipo":"Plesso scolastico","abbinamento":"vicino"},"geometry":{"type":"MultiPolygon","coordinates":[[[[13.329831,38.191845,42.35747911874205],[13.329797,38.191841,42.35749577730894],[13.329895,38.191272,42.35728646162897],[13.329674,38.191248,42.357393701560795],[13.329667,38.191291,42.35740948561579],[13.329787,38.191304,42.35735095106065],[13.329721,38.191688,42.357492349110544],[13.329643,38.19168,42.3575300630182],[13.329636,38.191723,42.35754586569965],[13.32971,38.191731,42.35750992316753],[13.329694,38.191826,42.35754503402859],[13.329616,38.191818,42.357582612894475],[13.329598,38.191925,42.35762195009738],[13.329714,38.191938,42.35756528470665],[13.329719,38.191912,42.35755585227162],[13.329817,38.191923,42.35750794224441],[13.329831,38.191845,42.35747911874205]]]]}},{"type":"Feature","properties":{"id":"scuola-171","nome":"Falcone","tipo":"Plesso scolastico","abbinamento":"contenuto"},"geometry":{"type":"MultiPolygon","coordinates":[[[[13.34869,38.10149,42.32247779145837],[13.348601,38.101552,42.32254124805331],[13.348658,38.101599,42.32252465374768],[13.348598,38.101639,42.32256683707237],[13.348545,38.101591,42.322581047192216],[13.348344,38.10173,42.32272332999855],[13.348417,38.101795,42.32270412519574],[13.348452,38.101772,42.32267993874848],[13.348531,38.10172,42.322624204680324],[13.348582,38.101762,42.32260989397764],[13.348506,38.101815,42.32266371976584],[13.348452,38.101852,42.322702317498624],[13.348451,38.101868,42.32270732615143],[13.348457,38.101881,42.322707396000624],[13.348472,38.101891,42.32270252238959],[13.348488,38.101893,42.32269522547722],[13.348499,38.10189,42.322688456624746],[13.348513,38.101886,42.32268006913364],[13.348644,38.102004,42.32264555711299],[13.348842,38.101867,42.32250514347106],[13.348796,38.101826,42.32251732237637],[13.34874,38.101775,42.322532054036856],[13.348797,38.101735,42.322491192258894],[13.348853,38.101785,42.322476350702345],[13.3489,38.101827,42.3224639184773],[13.348993,38.101764,42.322398205287755],[13.348814,38.101602,42.322445209138095],[13.348747,38.101646,42.32249207608402],[13.348702,38.101605,42.3225036803633],[13.348768,38.101561,42.322457294911146],[13.34869,38.10149,42.32247779145837]]]]}},{"type":"Feature","properties":{"id":"scuola-172","nome":"Maricò","tipo":"Asilo nido","abbinamento":"contenuto"},"geometry":{"type":"MultiPolygon","coordinates":[[[[13.34772,38.096761,42.32165236212313],[13.347707,38.096768,42.32166109699756],[13.347677,38.096736,42.32166741695255],[13.347581,38.096791,42.32173302304],[13.347574,38.096784,42.3217344917357],[13.347548,38.096756,42.32173998374492],[13.347581,38.096736,42.32171713653952],[13.347543,38.096695,42.32172528654337],[13.347498,38.096721,42.3217560313642],[13.347508,38.096732,42.32175384834409],[13.347466,38.096756,42.321782203391194],[13.347475,38.096766,42.321780260652304],[13.34742,38.096798,42.321817566640675],[13.34754,38.096928,42.321792303584516],[13.347582,38.096904,42.32176421023905],[13.34761,38.096936,42.32175813894719],[13.347746,38.096858,42.32166655547917],[13.347726,38.096837,42.32167072221637],[13.347768,38.096813,42.32164235319942],[13.34772,38.096761,42.32165236212313]]]]}},{"type":"Feature","properties":{"id":"scuola-173","nome":"Cerere","tipo":"Plesso scolastico","abbinamento":"contenuto"},"geometry":{"type":"MultiPolygon","coordinates":[[[[13.335415,38.190602,42.354251998476684],[13.335394,38.190613,42.3542656423524],[13.335471,38.190706,42.35425203293562],[13.335497,38.190693,42.35423455759883],[13.335559,38.190768,42.354223544709384],[13.335678,38.190707,42.354145197197795],[13.335649,38.190672,42.35415040142834],[13.335628,38.190646,42.35415407177061],[13.335646,38.190637,42.3541424786672],[13.335542,38.190512,42.35416082944721],[13.335519,38.190524,42.35417605005205],[13.33547,38.190464,42.35418472997844],[13.335351,38.190525,42.35426323954016],[13.335415,38.190602,42.354251998476684]]]]}},{"type":"Feature","properties":{"id":"scuola-174","nome":"Mendelsshon","tipo":"Plesso scolastico","abbinamento":"contenuto"},"geometry":{"type":"MultiPolygon","coordinates":[[[[13.311184,38.144167,0.0],[13.311092,38.144247,0.0],[13.31099,38.144253,0.0],[13.310988,38.144253,0.0],[13.310934,38.1443,0.0],[13.310937,38.144336,0.0],[13.310974,38.144362,0.0],[13.310992,38.144565,0.0],[13.311023,38.144621,0.0],[13.311012,38.14463,0.0],[13.311148,38.144874,0.0],[13.311137,38.144883,0.0],[13.311201,38.144996,0.0],[13.311325,38.144953,0.0],[13.311375,38.14491,0.0],[13.311516,38.144861,0.0],[13.311568,38.144953,0.0],[13.311682,38.144914,0.0],[13.311625,38.144813,0.0],[13.311862,38.144607,0.0],[13.311837,38.144314,0.0],[13.312033,38.144246,0.0],[13.312029,38.144194,0.0],[13.312027,38.144192,0.0],[13.311958,38.144143,0.0],[13.311936,38.144144,0.0],[13.311825,38.143945,0.0],[13.311184,38.144167,0.0]]]]}},{"type":"Feature","properties":{"id":"scuola-175","nome":"Villagrazia","tipo":"Plesso scolastico","abbinamento":"contenuto"},"geometry":{"type":"MultiPolygon","coordinates":[[[[13.350893,38.087352,42.3173747304827],[13.350885,38.087359,42.31738054379821],[13.351005,38.087532,42.31736726500094],[13.351013,38.087528,42.31736193411052],[13.351068,38.0876,42.31735379062593],[13.35106,38.087604,42.317359233275056],[13.35118,38.087782,42.317346663214266],[13.351191,38.087778,42.31734016817063],[13.351214,38.08781,42.31733712460846],[13.351227,38.087804,42.3173291310668],[13.351295,38.087772,42.31728487741202],[13.351327,38.087757,42.317264042794704],[13.351307,38.087731,42.31726703885943],[13.351314,38.087728,42.317262664437294],[13.351256,38.087652,42.317271273583174],[13.351275,38.087642,42.31725832633674],[13.351247,38.087604,42.317262599244714],[13.351237,38.087608,42.31726856157184],[13.351095,38.087422,42.3172895507887],[13.351113,38.087413,42.317277900874615],[13.351083,38.087374,42.31728230975568],[13.351075,38.087378,42.317288047634065],[13.351015,38.0873,42.31729682441801],[13.351009,38.087303,42.31730097532272],[13.350982,38.087274,42.317306626588106],[13.350872,38.087326,42.31737767904997],[13.350893,38.087352,42.3173747304827]]]]}},{"type":"Feature","properties":{"id":"scuola-176","nome":"Salgari","tipo":"Sede dell'istituto","abbinamento":"contenuto"},"geometry":{"type":"MultiPolygon","coordinates":[[[[13.373924,38.093186,42.30712321214378],[13.373889,38.093173,42.30713759921491],[13.373835,38.093151,42.307159051299095],[13.373779,38.093235,42.307211857289076],[13.374034,38.093342,42.30711013358086],[13.374007,38.093382,42.30713509209454],[13.374069,38.093407,42.30711045488715],[13.374147,38.093289,42.30703663080931],[13.374158,38.093293,42.30703251436353],[13.374162,38.093287,42.307028516195714],[13.37406,38.093243,42.30706862360239],[13.373924,38.093186,42.30712321214378]]]]}},{"type":"Feature","properties":{"id":"scuola-177","nome":"De Amicis - Corpo A","tipo":"Sede dell'istituto","abbinamento":"contenuto"},"geometry":{"type":"MultiPolygon","coordinates":[[[[13.329328,38.12076,42.337875321507454],[13.329395,38.120758,42.33784018922597],[13.32949,38.120754,42.33778996299952],[13.329482,38.120475,42.33771612960845],[13.329312,38.120481,42.33780527301133],[13.329328,38.12076,42.337875321507454]]]]}},{"type":"Feature","properties":{"id":"scuola-178","nome":"Pitre'","tipo":"Plesso scolastico","abbinamento":"vicino"},"geometry":{"type":"MultiPolygon","coordinates":[[[[13.343789,38.130305,42.33308063261211],[13.343757,38.130359,42.33311244472861],[13.343804,38.130379,42.333093450404704],[13.343831,38.13039,42.33308278210461],[13.343844,38.130369,42.33307044766843],[13.343878,38.130382,42.33305658493191],[13.343921,38.130305,42.33301258273423],[13.343814,38.130263,42.33305582217872],[13.343789,38.130305,42.33308063261211]]]]}},{"type":"Feature","properties":{"id":"scuola-179","nome":"Ex Sciascia","tipo":"Plesso scolastico","abbinamento":"contenuto"},"geometry":{"type":"MultiPolygon","coordinates":[[[[13.320098,38.179058,42.35893500223756],[13.320108,38.179044,42.35892614815384],[13.32013,38.179054,42.358917551115155],[13.320145,38.179061,42.358911885879934],[13.32017,38.179025,42.35888856463134],[13.320209,38.179042,42.35887347534299],[13.320213,38.179052,42.35887419991195],[13.320258,38.178989,42.35883343312889],[13.320229,38.178976,42.358844419941306],[13.320199,38.178962,42.358856287784874],[13.320221,38.178931,42.35883613862097],[13.32006,38.178859,42.35889908950776],[13.320019,38.178917,42.358936769887805],[13.320051,38.178932,42.358924116007984],[13.320036,38.178953,42.35893757361919],[13.320003,38.178938,42.358950541354716],[13.319961,38.178997,42.35898867622018],[13.320098,38.179058,42.35893500223756]]]]}},{"type":"Feature","properties":{"id":"scuola-180","nome":"Maria Pia di Savoia","tipo":"Asilo nido","abbinamento":"vicino"},"geometry":{"type":"MultiPolygon","coordinates":[[[[13.35241,38.117228,42.32496870495379],[13.352389,38.117216,42.324976064264774],[13.352431,38.117173,42.324942166917026],[13.352454,38.117189,42.32493460830301],[13.352575,38.117062,42.32483685668558],[13.352536,38.117039,42.324850510805845],[13.352499,38.117017,42.32486354839057],[13.352492,38.117013,42.324865757487714],[13.352475,38.117031,42.324879510328174],[13.352454,38.117019,42.32488686591387],[13.352429,38.117045,42.32490710448474],[13.35241,38.117038,42.324915336444974],[13.352345,38.117107,42.32496812287718],[13.352305,38.117083,42.32498198375106],[13.35225,38.117141,42.325026450678706],[13.352286,38.117162,42.32501389551908],[13.352235,38.117216,42.32505540456623],[13.352253,38.117227,42.32504918426275],[13.352223,38.117258,42.32507320214063],[13.352204,38.117279,42.32508922833949],[13.352234,38.117297,42.32507869321853],[13.352222,38.117309,42.32508797105402],[13.352293,38.117351,42.32506304048002],[13.35241,38.117228,42.32496870495379]]]]}},{"type":"Feature","properties":{"id":"scuola-181","nome":"Cesalpino","tipo":"Plesso scolastico","abbinamento":"vicino"},"geometry":{"type":"MultiPolygon","coordinates":[[[[13.352883,38.101414,42.32029176969081],[13.352881,38.101613,42.32034857198596],[13.352914,38.101616,42.32033231575042],[13.352917,38.101445,42.32028254959732],[13.353708,38.101506,42.319891636259854],[13.353709,38.101478,42.31988284550607],[13.352883,38.101414,42.32029176969081]]]]}},{"type":"Feature","properties":{"id":"scuola-182","nome":"Michelangelo","tipo":"Plesso scolastico","abbinamento":"contenuto"},"geometry":{"type":"MultiPolygon","coordinates":[[[[13.303991,38.131936,42.35409194231033],[13.303727,38.131943,42.35423031356186],[13.303734,38.132092,42.35426789987832],[13.303735,38.132098,42.35426943190396],[13.303995,38.132088,42.35413203109056],[13.303994,38.131987,42.35410451889038],[13.304064,38.131985,42.35406759381294],[13.304083,38.131984,42.35405753646046],[13.30408,38.131934,42.354044870473444],[13.303991,38.131936,42.35409194231033]]]]}},{"type":"Feature","properties":{"id":"scuola-183","nome":"Vitali","tipo":"Plesso scolastico","abbinamento":"vicino"},"geometry":{"type":"MultiPolygon","coordinates":[[[[13.314465,38.145235,42.3523982828483],[13.314869,38.14521,42.352182453498244],[13.314897,38.145208,42.352167402394116],[13.3149,38.145231,42.352172586135566],[13.314988,38.145225,42.352125488221645],[13.314976,38.145107,42.35209865588695],[13.314865,38.145114,42.35215765144676],[13.314831,38.145116,42.352175863459706],[13.314832,38.145123,42.35217734705657],[13.314456,38.145147,42.35237815976143],[13.314465,38.145235,42.3523982828483]]]]}},{"type":"Feature","properties":{"id":"scuola-184","nome":"Sciacca","tipo":"Sede dell'istituto","abbinamento":"vicino"},"geometry":{"type":"MultiPolygon","coordinates":[[[[13.310461,38.179957,42.36416112072766],[13.310532,38.180084,42.36416009720415],[13.310753,38.180007,42.36402433086187],[13.310804,38.179988,42.36399284750223],[13.310839,38.179976,42.36397126317024],[13.310778,38.179867,42.36397220566869],[13.310628,38.179597,42.36397434677929],[13.310757,38.179552,42.36389537528157],[13.310698,38.179447,42.36389634758234],[13.310471,38.179526,42.36403571628034],[13.310531,38.179634,42.364034842699766],[13.310317,38.179708,42.36416633427143],[13.310376,38.179815,42.36416542157531],[13.310597,38.179739,42.364030237309635],[13.310624,38.179788,42.364029861055315],[13.310639,38.179815,42.364029633812606],[13.310677,38.179883,42.36402910016477],[13.310461,38.179957,42.36416112072766]]]]}},{"type":"Feature","properties":{"id":"scuola-185","nome":"Cruillas","tipo":"Sede dell'istituto","abbinamento":"contenuto"},"geometry":{"type":"MultiPolygon","coordinates":[[[[13.319262,38.1421,42.34904422238469],[13.319106,38.14211,42.34912780765444],[13.319073,38.141809,42.34906053729355],[13.319069,38.141809,42.34906263370067],[13.318937,38.141818,42.34913305286318],[13.318964,38.142118,42.349203396588564],[13.318968,38.142153,42.34921118430793],[13.319236,38.142137,42.349068362265825],[13.319644,38.14211,42.34884950798005],[13.319646,38.142128,42.34885373432189],[13.319778,38.142122,42.34878414589912],[13.319773,38.142083,42.34877560380846],[13.31977,38.14207,42.34877359867096],[13.319616,38.14208,42.348855949006975],[13.319567,38.141627,42.34875454939902],[13.319466,38.141634,42.34880838915706],[13.319467,38.141642,42.34881017450243],[13.319459,38.141639,42.3488137004897],[13.319451,38.141637,42.348817435093224],[13.319442,38.141636,42.34882130473852],[13.319439,38.141635,42.34882283769548],[13.319434,38.141634,42.34882535878569],[13.31943,38.141634,42.34882747195661],[13.319425,38.141633,42.34882961772382],[13.31942,38.141633,42.348832302726805],[13.319417,38.141633,42.3488339651376],[13.319408,38.141633,42.34883842244744],[13.319399,38.141633,42.34884296730161],[13.319391,38.141634,42.348847658373415],[13.319387,38.141635,42.34884944278747],[13.319382,38.141635,42.34885236527771],[13.319378,38.141636,42.34885480068624],[13.319374,38.141637,42.34885719791055],[13.319368,38.141638,42.348860232159495],[13.319365,38.141639,42.34886203613132],[13.319361,38.14164,42.3488644817844],[13.319357,38.141641,42.34886689577252],[13.319353,38.141643,42.348869347944856],[13.319349,38.141644,42.34887175261974],[13.319345,38.141646,42.34887421503663],[13.319342,38.141647,42.34887667931616],[13.319338,38.141649,42.34887906629592],[13.319334,38.141651,42.348881436511874],[13.319328,38.141651,42.348884496837854],[13.319327,38.141642,42.348882493562996],[13.319213,38.14165,42.34894368145615],[13.319262,38.1421,42.34904422238469]]]]}},{"type":"Feature","properties":{"id":"scuola-186","nome":"Pirandello","tipo":"Plesso scolastico","abbinamento":"vicino"},"geometry":{"type":"MultiPolygon","coordinates":[[[[13.353275,38.088387,42.316434582695365],[13.353309,38.088451,42.31643537431955],[13.353282,38.08846,42.31645178794861],[13.353292,38.08848,42.31645207107067],[13.353241,38.088498,42.31648363173008],[13.353229,38.088475,42.31648332066834],[13.353203,38.088483,42.31649891193956],[13.35317,38.088419,42.31649814732373],[13.353035,38.088463,42.31658029649407],[13.353051,38.088494,42.316580726765096],[13.353042,38.088497,42.31658623740077],[13.353045,38.088505,42.31658678688109],[13.353052,38.088521,42.316587577573955],[13.353024,38.08853,42.316604972817004],[13.353092,38.088661,42.31660656351596],[13.353134,38.088648,42.316580679267645],[13.353264,38.088607,42.31650254782289],[13.353222,38.088525,42.31650086957961],[13.353326,38.088489,42.31643737759441],[13.353367,38.088571,42.31643896829337],[13.353504,38.088531,42.31635721679777],[13.353541,38.088519,42.316334498114884],[13.353473,38.088387,42.316332852467895],[13.353436,38.088399,42.3163553616032],[13.353407,38.088344,42.316354716196656],[13.353275,38.088387,42.316434582695365]]]]}},{"type":"Feature","properties":{"id":"scuola-187","nome":"Ex Internazionale Corpo B","tipo":"Plesso scolastico","abbinamento":"contenuto"},"geometry":{"type":"MultiPolygon","coordinates":[[[[13.340014,38.15048,42.34067320544273],[13.339782,38.150382,42.34076535888016],[13.339749,38.150431,42.34079629648477],[13.339689,38.150405,42.34082039538771],[13.339674,38.150427,42.34083376079798],[13.339687,38.150432,42.340828601270914],[13.339652,38.150483,42.340860825031996],[13.339696,38.150502,42.34084337297827],[13.339672,38.150538,42.34086593706161],[13.339788,38.150587,42.34081962611526],[13.339814,38.150549,42.34079576935619],[13.339851,38.150565,42.340780954808],[13.339874,38.150532,42.34076010808349],[13.339955,38.150566,42.34072773344815],[13.340014,38.15048,42.34067320544273]]]]}},{"type":"Feature","properties":{"id":"scuola-188","nome":"Libellula","tipo":"Asilo nido","abbinamento":"vicino"},"geometry":{"type":"MultiPolygon","coordinates":[[[[13.376936,38.095034,42.306087649427354],[13.376974,38.095011,42.306061804294586],[13.376993,38.095003,42.30604925751686],[13.376916,38.094891,42.30605795700103],[13.376855,38.094917,42.306096722371876],[13.376936,38.095034,42.306087649427354]]]]}},{"type":"Feature","properties":{"id":"scuola-189","nome":"Cipolla","tipo":"Plesso scolastico","abbinamento":"vicino"},"geometry":{"type":"MultiPolygon","coordinates":[[[[13.332947,38.133398,42.33954352885485],[13.332907,38.133386,42.33956091385335],[13.33287,38.133375,42.339576858095825],[13.332785,38.133554,42.339670926332474],[13.332777,38.133552,42.339674258604646],[13.332772,38.133563,42.33968031965196],[13.33277,38.133566,42.33968190103769],[13.332793,38.133573,42.33967219013721],[13.332791,38.133576,42.33967365138233],[13.332899,38.133608,42.33962699305266],[13.332901,38.133605,42.339625369757414],[13.333011,38.133637,42.33957770932466],[13.333016,38.133627,42.33957201521844],[13.33306,38.13364,42.33955304324627],[13.333112,38.133531,42.33949557133019],[13.332912,38.133471,42.33958191704005],[13.332947,38.133398,42.33954352885485]]]]}},{"type":"Feature","properties":{"id":"scuola-190","nome":"Montegrappa","tipo":"Plesso scolastico","abbinamento":"contenuto"},"geometry":{"type":"MultiPolygon","coordinates":[[[[13.351306,38.101301,42.32107395119965],[13.351132,38.101331,42.321172488853335],[13.351169,38.101467,42.321191222406924],[13.351245,38.101454,42.32114860415459],[13.35123,38.101401,42.32114123739302],[13.351327,38.101384,42.3210862306878],[13.351346,38.101449,42.32109520304948],[13.351373,38.101548,42.32110870908946],[13.351478,38.10153,42.321049745194614],[13.35136,38.101106,42.32099141459912],[13.351329,38.100992,42.320975767448545],[13.351225,38.10101,42.3210341213271],[13.351227,38.101015,42.32103485893458],[13.350784,38.101089,42.32128429505974],[13.350786,38.101098,42.32128547411412],[13.350817,38.101208,42.321300578303635],[13.35092,38.10119,42.32124224025756],[13.35091,38.101155,42.321237484924495],[13.351189,38.101106,42.321080055087805],[13.351204,38.101103,42.32107128016651],[13.351246,38.101096,42.32104729954153],[13.351249,38.101104,42.32104808744043],[13.351259,38.10113,42.32105055358261],[13.351306,38.101301,42.32107395119965]]]]}},{"type":"Feature","properties":{"id":"scuola-191","nome":"Vittorino da Feltre","tipo":"Plesso scolastico","abbinamento":"vicino"},"geometry":{"type":"MultiPolygon","coordinates":[[[[13.315459,38.097247,42.33845501486212],[13.315378,38.097213,42.33848719764501],[13.31539,38.097192,42.33847521431744],[13.315146,38.097094,42.33857387956232],[13.31514,38.097102,42.33857932314277],[13.315027,38.097055,42.338624275289476],[13.314984,38.097121,42.338664999231696],[13.315006,38.09713,42.338656324893236],[13.314906,38.097288,42.3387523656711],[13.315009,38.097331,42.3387111434713],[13.315056,38.097258,42.33866630215198],[13.315048,38.097254,42.338669491931796],[13.315103,38.097169,42.338617177680135],[13.315423,38.097299,42.338488201610744],[13.315459,38.097247,42.33845501486212]]]]}},{"type":"Feature","properties":{"id":"scuola-192","nome":"Sferracavallo","tipo":"Sede dell'istituto","abbinamento":"contenuto"},"geometry":{"type":"MultiPolygon","coordinates":[[[[13.275393,38.196997,42.38702358864248],[13.275378,38.196985,42.38702767062932],[13.275386,38.196979,42.38702204078436],[13.275337,38.196938,42.3870359743014],[13.275326,38.196946,42.38704391941428],[13.275287,38.196913,42.38705499842763],[13.275294,38.196908,42.38705010153353],[13.275248,38.19687,42.38706294540316],[13.275239,38.196878,42.3870697459206],[13.275212,38.196855,42.387077340856194],[13.275176,38.196881,42.38710308726877],[13.27518,38.196885,42.387102028355],[13.275216,38.196915,42.38709185272455],[13.275263,38.196954,42.38707857578993],[13.275315,38.196998,42.38706381432712],[13.275351,38.197028,42.38705366104841],[13.275393,38.196997,42.38702358864248]]]]}},{"type":"Feature","properties":{"id":"scuola-193","nome":"Costa","tipo":"Sede dell'istituto","abbinamento":"contenuto"},"geometry":{"type":"MultiPolygon","coordinates":[[[[13.353652,38.098881,42.31918450258672],[13.353768,38.098905,42.31913096643984],[13.353805,38.098913,42.31911403313279],[13.353843,38.098799,42.319062667898834],[13.353893,38.098649,42.318994672968984],[13.353739,38.098617,42.31906502135098],[13.353652,38.098881,42.31918450258672]]]]}},{"type":"Feature","properties":{"id":"scuola-194","nome":"Picciotti","tipo":"Plesso scolastico","abbinamento":"vicino"},"geometry":{"type":"MultiPolygon","coordinates":[[[[13.38403,38.104926,42.30520381871611],[13.38448,38.104671,42.3049006043002],[13.384791,38.104495,42.3046904867515],[13.384655,38.10434,42.304717428050935],[13.384485,38.104437,42.30483223218471],[13.383897,38.10477,42.30522907804698],[13.38403,38.104926,42.30520381871611]],[[13.384057,38.104777,42.305148410610855],[13.384267,38.104658,42.305006626062095],[13.38429,38.104684,42.305001897737384],[13.38408,38.104803,42.30514365620911],[13.384057,38.104777,42.305148410610855]],[[13.384391,38.104585,42.30492190551013],[13.384483,38.104534,42.304860496893525],[13.384602,38.104466,42.30478012282401],[13.384625,38.104492,42.30477539636195],[13.384482,38.104573,42.304871924221516],[13.384415,38.104611,42.304917151108384],[13.384391,38.104585,42.30492190551013]]]]}},{"type":"Feature","properties":{"id":"scuola-195","nome":"Ex Internazionale","tipo":"Plesso scolastico","abbinamento":"vicino"},"geometry":{"type":"MultiPolygon","coordinates":[[[[13.340246,38.150704,42.34061597939581],[13.340104,38.150932,42.34075311012566],[13.340289,38.151004,42.34067764598876],[13.34033,38.150938,42.340638109482825],[13.340336,38.15094,42.340635609813035],[13.340356,38.15091,42.3406170681119],[13.340346,38.150906,42.340620862320065],[13.340386,38.150842,42.34058213420212],[13.340396,38.150845,42.34057814348489],[13.340437,38.15078,42.34053860139102],[13.340427,38.150776,42.34054259210825],[13.34047,38.150708,42.34050181508064],[13.34045,38.1507,42.34050988778472],[13.340479,38.150654,42.340482050552964],[13.340182,38.150539,42.340602775104344],[13.340112,38.150651,42.34067056141794],[13.340246,38.150704,42.34061597939581]]]]}},{"type":"Feature","properties":{"id":"scuola-196","nome":"La Coccinella","tipo":"Asilo nido","abbinamento":"contenuto"},"geometry":{"type":"MultiPolygon","coordinates":[[[[13.311316,38.180009,42.36373399570584],[13.311307,38.180005,42.363737613894045],[13.311254,38.180082,42.363786584697664],[13.31136,38.18013,42.363745246082544],[13.311379,38.180104,42.363728183321655],[13.31143,38.180127,42.36370810493827],[13.311485,38.180051,42.363658593036234],[13.311493,38.180055,42.363655670545995],[13.311526,38.180008,42.363625697791576],[13.311583,38.17993,42.3635743688792],[13.311474,38.179881,42.36361660249531],[13.311456,38.179906,42.36363296676427],[13.311447,38.179918,42.36364108044654],[13.311513,38.179948,42.36361535731703],[13.311448,38.180037,42.36367361713201],[13.311373,38.180003,42.36370297148824],[13.311404,38.179958,42.36367421783507],[13.311366,38.17994,42.363689235411584],[13.311316,38.180009,42.36373399570584]]]]}},{"type":"Feature","properties":{"id":"scuola-197","nome":"Collodi","tipo":"Plesso scolastico","abbinamento":"vicino"},"geometry":{"type":"MultiPolygon","coordinates":[[[[13.331785,38.151393,42.345176129601896],[13.331797,38.151402,42.34517218079418],[13.331814,38.151414,42.34516706690192],[13.331826,38.151424,42.34516320936382],[13.332138,38.151654,42.34506663866341],[13.332108,38.151679,42.34508906304836],[13.332147,38.151707,42.345077018253505],[13.332248,38.151622,42.34500114899129],[13.332476,38.15179,42.34493046998978],[13.332551,38.151727,42.344874137081206],[13.332304,38.151545,42.344950556755066],[13.332283,38.151529,42.34495710488409],[13.332264,38.151546,42.34497151244432],[13.332212,38.151508,42.34498742595315],[13.332158,38.151553,42.3450282048434],[13.332134,38.151536,42.345035585574806],[13.331825,38.151308,42.34513149317354],[13.331752,38.151369,42.34518620092422],[13.331785,38.151393,42.345176129601896]]]]}},{"type":"Feature","properties":{"id":"scuola-198","nome":"Nairobi","tipo":"Plesso scolastico","abbinamento":"vicino"},"geometry":{"type":"MultiPolygon","coordinates":[[[[13.346656,38.108545,42.32550546526909],[13.346601,38.108536,42.32553171180189],[13.346584,38.108606,42.32555995043367],[13.346575,38.108632,42.32557174284011],[13.34655,38.108674,42.32559634745121],[13.346567,38.108681,42.32558971922845],[13.346581,38.108657,42.32557560969144],[13.346655,38.108669,42.325541163794696],[13.346727,38.108398,42.325427926145494],[13.346787,38.108303,42.3253700658679],[13.346632,38.108241,42.32543273456395],[13.346596,38.108302,42.325468874536455],[13.346558,38.108356,42.32550304662436],[13.346553,38.108373,42.325510890223086],[13.346512,38.108521,42.32557330559939],[13.346548,38.108525,42.325555838644505],[13.346556,38.108492,42.325542798265815],[13.346664,38.108507,42.325490871444345],[13.346656,38.108545,42.32550546526909]]]]}},{"type":"Feature","properties":{"id":"scuola-199","nome":"Vivaldi","tipo":"Plesso scolastico","abbinamento":"vicino"},"geometry":{"type":"MultiPolygon","coordinates":[[[[13.312005,38.135888,42.35105618275702],[13.311983,38.135921,42.351076860912144],[13.312096,38.135968,42.351031359285116],[13.312089,38.13598,42.35103854071349],[13.31218,38.136018,42.35100170876831],[13.312258,38.135902,42.35092935152352],[13.312175,38.135867,42.350962611846626],[13.31217,38.135866,42.3509643888101],[13.312142,38.135908,42.350990956649184],[13.312027,38.135861,42.35103694908321],[13.312054,38.135821,42.35101197939366],[13.312059,38.135823,42.35100998915732],[13.312092,38.135772,42.350978693924844],[13.312098,38.135763,42.35097296908498],[13.311928,38.135693,42.35104094259441],[13.311912,38.135717,42.351056126877666],[13.311893,38.135709,42.35106392297894],[13.311876,38.135735,42.35108007490635],[13.311888,38.13574,42.351075301878154],[13.31188,38.135752,42.351082848384976],[13.31189,38.135756,42.351078792475164],[13.311846,38.135822,42.35111992619932],[13.312005,38.135888,42.35105618275702]]]]}},{"type":"Feature","properties":{"id":"scuola-200","nome":"Sperone - Pertini","tipo":"Sede dell'istituto","abbinamento":"vicino"},"geometry":{"type":"MultiPolygon","coordinates":[[[[13.4089,38.096091,42.28989963512868],[13.408963,38.096207,42.2898997310549],[13.409,38.096276,42.289899786002934],[13.409079,38.096249,42.28985161241144],[13.408976,38.096066,42.28985337540507],[13.4089,38.096091,42.28989963512868]]]]}},{"type":"Feature","properties":{"id":"scuola-201","nome":"Colozza - Bonfiglio","tipo":"Sede dell'istituto","abbinamento":"vicino"},"geometry":{"type":"MultiPolygon","coordinates":[[[[13.349762,38.115842,42.325946987606585],[13.349736,38.115914,42.32598084118217],[13.349716,38.115966,42.32600538432598],[13.349605,38.116268,42.32614726386964],[13.349562,38.116258,42.32616687193513],[13.349512,38.116395,42.32623110059649],[13.349503,38.116418,42.32624209020287],[13.349967,38.116525,42.32603230141103],[13.349978,38.116496,42.32601878605783],[13.349999,38.116501,42.326009332202375],[13.350018,38.116451,42.32598557882011],[13.349669,38.116371,42.32614300120622],[13.349827,38.115941,42.325941073708236],[13.350062,38.115995,42.32583493553102],[13.350072,38.115969,42.32582264393568],[13.35009,38.115973,42.32581439707428],[13.350109,38.115922,42.32579023204744],[13.349762,38.115842,42.325946987606585]]]]}},{"type":"Feature","properties":{"id":"scuola-202","nome":"Picciotti","tipo":"Plesso scolastico","abbinamento":"vicino"},"geometry":{"type":"MultiPolygon","coordinates":[[[[13.385083,38.104294,42.30448331590742],[13.3851,38.104312,42.30447994265705],[13.385712,38.10397,42.304068555124104],[13.38557,38.103812,42.30409720912576],[13.38514,38.104052,42.30438603181392],[13.385121,38.10403,42.30438999924809],[13.384688,38.104272,42.304681275971234],[13.384832,38.104434,42.3046519998461],[13.385083,38.104294,42.30448331590742]],[[13.385544,38.103924,42.30414184369147],[13.38557,38.103953,42.30413638334721],[13.385309,38.104101,42.3043128605932],[13.385293,38.104084,42.30431618541479],[13.385273,38.104095,42.304329552687705],[13.385263,38.104084,42.30433160532266],[13.385544,38.103924,42.30414184369147]],[[13.385112,38.104164,42.30443190783262],[13.385125,38.104157,42.304423328489065],[13.385137,38.104171,42.30442088562995],[13.384863,38.104322,42.304605142213404],[13.384837,38.104293,42.304610285907984],[13.385099,38.104149,42.30443451926112],[13.385112,38.104164,42.30443190783262]]]]}},{"type":"Feature","properties":{"id":"scuola-203","nome":"Enea Rossi","tipo":"Plesso scolastico","abbinamento":"contenuto"},"geometry":{"type":"MultiPolygon","coordinates":[[[[13.311239,38.09573,42.3402110747993],[13.311225,38.095724,42.34021670371294],[13.311262,38.09567,42.34018252976239],[13.310842,38.095495,42.34035037085414],[13.310807,38.095549,42.3403837364167],[13.310795,38.095544,42.34038866031915],[13.310536,38.095921,42.3406279720366],[13.310759,38.096012,42.340538339689374],[13.310972,38.0961,42.34045253973454],[13.310984,38.096104,42.340447917580605],[13.311239,38.09573,42.3402110747993]],[[13.311023,38.095748,42.34032776299864],[13.310995,38.095736,42.340338829904795],[13.310922,38.095842,42.34040649421513],[13.310951,38.095855,42.34039470087737],[13.310922,38.095897,42.34042151272297],[13.310795,38.095843,42.34047211986035],[13.310823,38.095802,42.34044629894197],[13.310851,38.095814,42.340435105375946],[13.310923,38.095708,42.34036804269999],[13.310894,38.095696,42.340379857458174],[13.310923,38.095653,42.3403529971838],[13.31105,38.095708,42.34030238632113],[13.311023,38.095748,42.34032776299864]]]]}},{"type":"Feature","properties":{"id":"scuola-204","nome":"Il Faro","tipo":"Asilo nido","abbinamento":"vicino"},"geometry":{"type":"MultiPolygon","coordinates":[[[[13.37418,38.092698,42.30685427598655],[13.374166,38.09272,42.30686750728637],[13.374256,38.092756,42.306831173598766],[13.374278,38.09272,42.30680982209742],[13.374303,38.092681,42.30678588245064],[13.374213,38.092646,42.30682241264731],[13.37418,38.092698,42.30685427598655]]]]}},{"type":"Feature","properties":{"id":"scuola-205","nome":"Conte Federico","tipo":"Plesso scolastico","abbinamento":"contenuto"},"geometry":{"type":"MultiPolygon","coordinates":[[[[13.384397,38.094589,42.302113586105406],[13.384345,38.094535,42.30212536081672],[13.3843,38.094488,42.302135076373816],[13.384237,38.094422,42.30214926134795],[13.384165,38.094465,42.3021981632337],[13.384245,38.094548,42.30218019802123],[13.384094,38.094639,42.30228401813656],[13.384016,38.094559,42.302301501855254],[13.383944,38.094602,42.30235095880926],[13.384015,38.094676,42.30233500152826],[13.384059,38.09472,42.302324588410556],[13.384104,38.094766,42.302314542233944],[13.384397,38.094589,42.302113586105406]]]]}},{"type":"Feature","properties":{"id":"scuola-206","nome":"Narzisi","tipo":"Plesso scolastico","abbinamento":"contenuto"},"geometry":{"type":"MultiPolygon","coordinates":[[[[13.323548,38.129345,42.34326330013573],[13.323553,38.129346,42.34326116088778],[13.323558,38.129306,42.34324690513313],[13.323573,38.129204,42.34321081545204],[13.323576,38.129183,42.343203517608345],[13.323378,38.129165,42.343300632201135],[13.323355,38.129328,42.343358303420246],[13.323548,38.129345,42.34326330013573]]]]}},{"type":"Feature","properties":{"id":"scuola-207","nome":"Zaire","tipo":"Plesso scolastico","abbinamento":"contenuto"},"geometry":{"type":"MultiPolygon","coordinates":[[[[13.306632,38.124952,42.35077372286469],[13.306619,38.125178,42.35084330942482],[13.306664,38.125179,42.350820899009705],[13.306676,38.124954,42.3507513133809],[13.306632,38.124952,42.35077372286469]]]]}},{"type":"Feature","properties":{"id":"scuola-208","nome":"T. Bartolomeo","tipo":"Sede dell'istituto","abbinamento":"vicino"},"geometry":{"type":"MultiPolygon","coordinates":[[[[13.35874,38.083792,42.31232372764498],[13.358709,38.083792,42.312339432537556],[13.358671,38.083792,42.31235913094133],[13.358649,38.083792,42.312370426021516],[13.358637,38.083915,42.31241130642593],[13.358663,38.083922,42.31239952147007],[13.358816,38.083964,42.312332342378795],[13.358836,38.083924,42.31231100205332],[13.358729,38.083891,42.31235695909709],[13.35874,38.083792,42.31232372764498]]]]}},{"type":"Feature","properties":{"id":"scuola-209","nome":"Cipolla","tipo":"Sede dell'istituto","abbinamento":"contenuto"},"geometry":{"type":"MultiPolygon","coordinates":[[[[13.334163,38.131237,42.33831082843244],[13.334168,38.131224,42.33830508776009],[13.334172,38.131212,42.33829935640097],[13.334174,38.131207,42.3382969731465],[13.334142,38.1312,42.33831159584224],[13.334149,38.13118,42.33830241858959],[13.334134,38.131122,42.338294107466936],[13.334131,38.131116,42.33829364646226],[13.334125,38.13111,42.338295307941735],[13.334014,38.131085,42.33834517560899],[13.333985,38.131078,42.33835873566568],[13.33399,38.131063,42.338351702317595],[13.333822,38.131027,42.33842809591442],[13.333728,38.131007,42.338471069931984],[13.333559,38.13097,42.33854840416461],[13.333549,38.130999,42.33856160752475],[13.333555,38.131,42.338558776304126],[13.333512,38.131121,42.33861458208412],[13.333788,38.13118,42.338488571345806],[13.333775,38.131219,42.33850626461208],[13.333775,38.131223,42.33850732445717],[13.333774,38.13124,42.338512528687716],[13.333778,38.131256,42.3385150404647],[13.333787,38.131273,42.33851557970047],[13.333806,38.131296,42.33851198386401],[13.333827,38.13131,42.338504697196186],[13.333848,38.13132,42.33849695697427],[13.333875,38.131327,42.33848528843373],[13.333927,38.131339,42.33846147544682],[13.333914,38.131376,42.338478570804],[13.333895,38.131431,42.33850385528058],[13.33387,38.131502,42.33853632025421],[13.334039,38.131539,42.33845929894596],[13.334037,38.131545,42.33846213761717],[13.334056,38.131549,42.338453471660614],[13.334102,38.131414,42.33839192893356],[13.334128,38.131338,42.338357272557914],[13.334136,38.131316,42.33834700565785],[13.334139,38.131308,42.33834316022694],[13.334142,38.131299,42.33833932783455],[13.334146,38.131288,42.33833413571119],[13.334163,38.131237,42.33831082843244]]]]}},{"type":"Feature","properties":{"id":"scuola-210","nome":"Pestalozzi","tipo":"Plesso scolastico","abbinamento":"contenuto"},"geometry":{"type":"MultiPolygon","coordinates":[[[[13.323558,38.101756,42.335533276200294],[13.323568,38.101758,42.33552866335958],[13.323593,38.101701,42.33549956232309],[13.323725,38.101739,42.33544196840376],[13.323732,38.101741,42.33543898910284],[13.323812,38.101562,42.33534771762788],[13.323794,38.101556,42.33535519987345],[13.323875,38.101369,42.335260923951864],[13.323886,38.101349,42.33524981327355],[13.32377,38.101317,42.335300454869866],[13.323718,38.10143,42.33535881526768],[13.323625,38.101406,42.3354004714638],[13.323615,38.101429,42.33541212324053],[13.323609,38.101427,42.33541470579803],[13.323597,38.101455,42.33542885258794],[13.323603,38.101457,42.33542612288147],[13.323553,38.101573,42.33548442646861],[13.323556,38.101574,42.33548322785646],[13.323553,38.101582,42.33548679947853],[13.32353,38.101574,42.335496918298304],[13.323533,38.101567,42.33549305610359],[13.323435,38.101537,42.335535146296024],[13.323431,38.101548,42.3355405498296],[13.323403,38.101539,42.33555238507688],[13.323409,38.101523,42.33554500248283],[13.323376,38.101513,42.335558922961354],[13.323293,38.101707,42.33565656654537],[13.323303,38.101711,42.33565203100443],[13.323356,38.101727,42.335629591718316],[13.323364,38.101708,42.335619798861444],[13.323553,38.101763,42.33553789462894],[13.323558,38.101756,42.335533276200294]]]]}},{"type":"Feature","properties":{"id":"scuola-211","nome":"Donaudy","tipo":"Plesso scolastico","abbinamento":"vicino"},"geometry":{"type":"MultiPolygon","coordinates":[[[[13.335645,38.101229,42.329141138121486],[13.335793,38.100972,42.32899282872677],[13.33609,38.101079,42.328869339078665],[13.336142,38.10099,42.32881749793887],[13.335857,38.100887,42.32893573399633],[13.335845,38.100883,42.328940846957266],[13.335995,38.100623,42.32879066467285],[13.335872,38.100579,42.328841876238585],[13.335717,38.100847,42.32899739034474],[13.335795,38.100876,42.32896478753537],[13.335789,38.100886,42.32897088304162],[13.335754,38.100946,42.329005661420524],[13.335678,38.100919,42.329037240706384],[13.335524,38.101185,42.329191287979484],[13.335645,38.101229,42.329141138121486]]]]}},{"type":"Feature","properties":{"id":"scuola-212","nome":"Grillo Parlante","tipo":"Asilo nido","abbinamento":"vicino"},"geometry":{"type":"MultiPolygon","coordinates":[[[[13.333576,38.155132,42.345296437852085],[13.333692,38.155185,42.345251459628344],[13.333755,38.1551,42.34519556071609],[13.333757,38.155095,42.34519274532795],[13.333722,38.155079,42.34520646929741],[13.33363,38.155036,42.34524204209447],[13.333563,38.155125,42.3453016160056],[13.333576,38.155132,42.345296437852085]]]]}},{"type":"Feature","properties":{"id":"scuola-213","nome":"Corpo B","tipo":"Plesso scolastico","abbinamento":"vicino"},"geometry":{"type":"MultiPolygon","coordinates":[[[[13.330125,38.121039,42.33754185959697],[13.330123,38.121031,42.33754070941359],[13.33024,38.121012,42.33747503720224],[13.330243,38.121025,42.33747707773],[13.33034,38.121011,42.33742285799235],[13.330263,38.12069,42.33737307880074],[13.330162,38.120706,42.33742923755199],[13.330171,38.12074,42.337434594519436],[13.329931,38.120776,42.33756819181144],[13.329947,38.120839,42.33757786825299],[13.329926,38.120842,42.3375896429643],[13.329935,38.120881,42.337595615535975],[13.330022,38.120868,42.33754671365023],[13.330066,38.121048,42.337574739940464],[13.330125,38.121039,42.33754185959697]]]]}},{"type":"Feature","properties":{"id":"scuola-214","nome":"Natoli","tipo":"Plesso scolastico","abbinamento":"vicino"},"geometry":{"type":"MultiPolygon","coordinates":[[[[13.414651,38.091019,42.28551012557],[13.414622,38.090979,42.28551363758743],[13.414551,38.091008,42.28555851429701],[13.414537,38.091013,42.28556722123176],[13.4147,38.0913,42.285563790239394],[13.414627,38.09133,42.28560978733003],[13.414653,38.091376,42.285609133541584],[13.414819,38.091315,42.28550661634654],[13.414651,38.091019,42.28551012557]]]]}},{"type":"Feature","properties":{"id":"scuola-215","nome":"ZS Corpo A","tipo":"Plesso scolastico","abbinamento":"vicino"},"geometry":{"type":"MultiPolygon","coordinates":[[[[13.334913,38.114457,42.333226026035845],[13.334787,38.114515,42.3333071032539],[13.334759,38.114477,42.333310888148844],[13.334717,38.114586,42.333363332785666],[13.334592,38.114559,42.33342039305717],[13.334558,38.114652,42.33346357289702],[13.334572,38.114655,42.333457266911864],[13.33472,38.114593,42.33336350787431],[13.334748,38.114625,42.33335830643773],[13.334839,38.114586,42.33330044709146],[13.334803,38.114535,42.33330449555069],[13.334961,38.114468,42.33320411387831],[13.335007,38.114481,42.33318383991718],[13.335014,38.114458,42.333173914812505],[13.334939,38.114441,42.333207813091576],[13.334955,38.114396,42.333186814561486],[13.334766,38.114352,42.33327239844948],[13.334741,38.114418,42.33330368436873],[13.334776,38.114427,42.3332883734256],[13.334913,38.114457,42.333226026035845]]]]}},{"type":"Feature","properties":{"id":"scuola-216","nome":"T. Lampedusa","tipo":"Sede dell'istituto","abbinamento":"contenuto"},"geometry":{"type":"MultiPolygon","coordinates":[[[[13.314299,38.124437,42.3466677153483],[13.31428,38.124376,42.34666058141738],[13.314209,38.124387,42.346700578927994],[13.314228,38.124449,42.34670791309327],[13.314158,38.124461,42.34674760326743],[13.31414,38.1244,42.34673989843577],[13.314071,38.124412,42.346779068000615],[13.314085,38.124472,42.34678816143423],[13.314049,38.124479,42.34680886473507],[13.314081,38.124589,42.34682303760201],[13.314099,38.12465,42.34683089982718],[13.314106,38.124681,42.34683580882847],[13.314118,38.124706,42.34683655016124],[13.314142,38.124728,42.34683062043041],[13.314173,38.124743,42.34681852068752],[13.314205,38.124747,42.346803177148104],[13.314221,38.124746,42.34679456055164],[13.314237,38.124749,42.34678738191724],[13.31425,38.124752,42.34678154066205],[13.314264,38.124761,42.346776568330824],[13.314276,38.124764,42.34677104186267],[13.314303,38.12477,42.346758847124875],[13.314319,38.124767,42.346750024706125],[13.314337,38.124759,42.346738109365106],[13.31435,38.124742,42.34672677423805],[13.314369,38.124733,42.34671434480697],[13.314376,38.124734,42.34671113919467],[13.314378,38.124735,42.34671052265912],[13.314436,38.124724,42.34667759947479],[13.314531,38.124707,42.34662387613207],[13.314573,38.124717,42.34660470765084],[13.314608,38.124712,42.34658529981971],[13.314571,38.124583,42.34656836371869],[13.314638,38.124572,42.346530579030514],[13.314627,38.12453,42.34652476105839],[13.314699,38.124519,42.34648388624191],[13.314713,38.12456,42.346488516777754],[13.314778,38.124548,42.34645110741258],[13.314774,38.124527,42.34644783567637],[13.314793,38.124524,42.346437255851924],[13.314779,38.124474,42.3464300557971],[13.31476,38.124477,42.34644089080393],[13.314749,38.12444,42.346436196006835],[13.314788,38.124433,42.34641426522285],[13.314766,38.124357,42.346404056064785],[13.314733,38.124363,42.346422892063856],[13.314713,38.1243,42.34641596581787],[13.314643,38.124313,42.34645533747971],[13.314661,38.124372,42.34646247699857],[13.314595,38.124388,42.346501022577286],[13.314573,38.124325,42.3464951813221],[13.314503,38.124338,42.34653481282294],[13.314515,38.124399,42.34654556680471],[13.314444,38.124412,42.34658617246896],[13.314424,38.124344,42.34657699149102],[13.314356,38.124354,42.34661507420242],[13.314376,38.124423,42.34662410616875],[13.314299,38.124437,42.3466677153483]]]]}},{"type":"Feature","properties":{"id":"scuola-217","nome":"Cesareo","tipo":"Sede dell'istituto","abbinamento":"contenuto"},"geometry":{"type":"MultiPolygon","coordinates":[[[[13.373091,38.093243,42.3075689682737],[13.373084,38.093255,42.30757591407746],[13.373018,38.093227,42.30760213453323],[13.372991,38.093268,42.30762716103345],[13.373028,38.093283,42.30761243775487],[13.372981,38.093354,42.30765656102449],[13.372942,38.093337,42.30767212621868],[13.372911,38.093386,42.30770176462829],[13.372948,38.093401,42.30768700502813],[13.372906,38.093468,42.30772763770074],[13.372951,38.093488,42.30771015398204],[13.373001,38.093511,42.30769067723304],[13.373046,38.093443,42.30764836445451],[13.373034,38.093438,42.30765320546925],[13.373065,38.093391,42.30762375053018],[13.373322,38.093497,42.307521178387105],[13.373406,38.093374,42.30744317639619],[13.373091,38.093243,42.3075689682737]]]]}},{"type":"Feature","properties":{"id":"scuola-218","nome":"Pertini","tipo":"Plesso scolastico","abbinamento":"contenuto"},"geometry":{"type":"MultiPolygon","coordinates":[[[[13.396273,38.098263,42.29701972845942],[13.396218,38.098189,42.29702743142843],[13.396203,38.098196,42.297037047334015],[13.396165,38.098146,42.29704227484763],[13.396142,38.098157,42.29705764912069],[13.396106,38.098108,42.29706266056746],[13.396083,38.098119,42.297077546827495],[13.396037,38.098143,42.29710794985294],[13.396027,38.098148,42.29711422231048],[13.396031,38.098154,42.29711376782507],[13.396044,38.098173,42.297112418338656],[13.395967,38.098205,42.297161219641566],[13.395954,38.098186,42.29716271907091],[13.395859,38.098233,42.29722490161657],[13.395872,38.098251,42.297223350033164],[13.395798,38.098284,42.29727040231228],[13.395783,38.098262,42.29727228358388],[13.395697,38.098298,42.29732675943524],[13.395735,38.09835,42.29732138570398],[13.395711,38.098361,42.29733702354133],[13.395748,38.098411,42.297331834211946],[13.395733,38.098418,42.29734184127301],[13.395787,38.098491,42.29733419418335],[13.395805,38.098483,42.29732284601778],[13.39588,38.098584,42.29731229972094],[13.395983,38.098536,42.297245886176825],[13.396231,38.09842,42.29708546958864],[13.396334,38.098371,42.297018522396684],[13.396259,38.09827,42.297029146924615],[13.396273,38.098263,42.29701972845942]],[[13.396107,38.098324,42.297122314572334],[13.396097,38.098342,42.29713286086917],[13.39596,38.098405,42.297220926731825],[13.395936,38.098402,42.29723263159394],[13.395899,38.098357,42.297238714993],[13.395908,38.098338,42.29722928442061],[13.396044,38.098271,42.29714002273977],[13.396071,38.098275,42.29712727852166],[13.396107,38.098324,42.297122314572334]]]]}},{"type":"Feature","properties":{"id":"scuola-219","nome":"Don Milani","tipo":"Plesso scolastico","abbinamento":"vicino"},"geometry":{"type":"MultiPolygon","coordinates":[[[[13.282116,38.193685,42.38262757472694],[13.282122,38.193687,42.382624668069184],[13.2821,38.193711,42.3826429983601],[13.282092,38.193706,42.38264558278024],[13.282061,38.193739,42.38267095014453],[13.282118,38.193773,42.38265076093376],[13.282466,38.193425,42.38237391598523],[13.282437,38.193407,42.38238412234932],[13.282473,38.193369,42.38235490769148],[13.282509,38.193332,42.382325921207666],[13.282472,38.193312,42.3823398174718],[13.2824,38.193387,42.382397641427815],[13.282116,38.193685,42.38262757472694]]]]}},{"type":"Feature","properties":{"id":"scuola-220","nome":"Girasole","tipo":"Asilo nido","abbinamento":"contenuto"},"geometry":{"type":"MultiPolygon","coordinates":[[[[13.326926,38.119797,42.338846223428845],[13.326978,38.11979,42.338817306794226],[13.326961,38.119688,42.338797447271645],[13.326877,38.119697,42.33884353283793],[13.326896,38.119801,42.33886284288019],[13.326926,38.119797,42.338846223428845]]]]}},{"type":"Feature","properties":{"id":"scuola-221","nome":"Corpo C","tipo":"Plesso scolastico","abbinamento":"vicino"},"geometry":{"type":"MultiPolygon","coordinates":[[[[13.329871,38.120491,42.33751962520182],[13.329859,38.120509,42.33753047231585],[13.329859,38.120523,42.33753467909992],[13.32986,38.120607,42.33755793888122],[13.329874,38.120621,42.33755457215011],[13.330021,38.120616,42.33747715689242],[13.33013,38.120611,42.33741906937212],[13.330146,38.120598,42.33740714285523],[13.330141,38.120495,42.33738119062036],[13.330129,38.120485,42.33738482464105],[13.329871,38.120491,42.33751962520182]]]]}},{"type":"Feature","properties":{"id":"scuola-222","nome":"Nazario Sauro","tipo":"Plesso scolastico","abbinamento":"vicino"},"geometry":{"type":"MultiPolygon","coordinates":[[[[13.332683,38.123038,42.33678043447435],[13.332671,38.123051,42.33679034560919],[13.332533,38.12297,42.33683863747865],[13.332699,38.122796,42.33670452795923],[13.332773,38.12284,42.33667850587517],[13.332832,38.122778,42.33663068898022],[13.332755,38.122732,42.336657682433724],[13.332917,38.122562,42.33652628492564],[13.333035,38.122631,42.33648482058197],[13.33302,38.122647,42.3364971736446],[13.333085,38.122686,42.33647436182946],[13.333166,38.1226,42.336408416740596],[13.332896,38.12244,42.33650317322463],[13.332379,38.122985,42.336922471411526],[13.332648,38.123144,42.336828080005944],[13.332725,38.123063,42.33676575124264],[13.332683,38.123038,42.33678043447435]]]]}},{"type":"Feature","properties":{"id":"scuola-223","nome":"ZS Corpo B","tipo":"Plesso scolastico","abbinamento":"contenuto"},"geometry":{"type":"MultiPolygon","coordinates":[[[[13.334636,38.114989,42.33351810462773],[13.334669,38.114976,42.333497307263315],[13.334701,38.115023,42.33349369559437],[13.334781,38.114988,42.33344279881567],[13.334803,38.11502,42.33344037551433],[13.334877,38.114988,42.33339304570109],[13.334738,38.114786,42.3334083147347],[13.334582,38.114852,42.333507385104895],[13.334551,38.114865,42.333526774309576],[13.334569,38.11489,42.3335247291252],[13.334601,38.114877,42.33350451011211],[13.334636,38.114927,42.33350069541484],[13.334603,38.114941,42.33352175913751],[13.334636,38.114989,42.33351810462773]]]]}},{"type":"Feature","properties":{"id":"scuola-224","nome":"Tomaselli","tipo":"Sede dell'istituto","abbinamento":"vicino"},"geometry":{"type":"MultiPolygon","coordinates":[[[[13.335405,38.141517,42.34054552856833],[13.33557,38.141582,42.34047881793231],[13.335793,38.141672,42.34038887731731],[13.335769,38.141709,42.340411639772356],[13.33583,38.141736,42.34038751386106],[13.33586,38.141749,42.340375650674105],[13.335885,38.141709,42.34035160019994],[13.335854,38.141697,42.34036432299763],[13.335892,38.141638,42.340328379534185],[13.335902,38.141622,42.340318551287055],[13.335454,38.141441,42.340499266050756],[13.335405,38.141517,42.34054552856833]]]]}},{"type":"Feature","properties":{"id":"scuola-225","nome":"Cavallari","tipo":"Sede dell'istituto","abbinamento":"vicino"},"geometry":{"type":"MultiPolygon","coordinates":[[[[13.390357,38.099013,42.30028109718114],[13.390327,38.098848,42.30025043524802],[13.390242,38.098858,42.30029699858278],[13.390253,38.098917,42.300308061763644],[13.390178,38.098925,42.30034882389009],[13.39017,38.098882,42.30034072790295],[13.390088,38.098891,42.30038565490395],[13.390096,38.098931,42.300393032841384],[13.390023,38.098939,42.300432867370546],[13.390012,38.098881,42.30042199604213],[13.389926,38.098892,42.30046950280666],[13.389957,38.099059,42.30050048418343],[13.390357,38.099013,42.30028109718114]]]]}},{"type":"Feature","properties":{"id":"scuola-226","nome":"Paulsen","tipo":"Plesso scolastico","abbinamento":"contenuto"},"geometry":{"type":"MultiPolygon","coordinates":[[[[13.324951,38.099115,42.33407358918339],[13.325112,38.09887,42.33392121270299],[13.324902,38.098784,42.334005976095796],[13.324739,38.099031,42.334159165620804],[13.324951,38.099115,42.33407358918339]]]]}},{"type":"Feature","properties":{"id":"scuola-227","nome":"Domino","tipo":"Plesso scolastico","abbinamento":"vicino"},"geometry":{"type":"MultiPolygon","coordinates":[[[[13.325257,38.165188,42.35240003466606],[13.325279,38.165138,42.35237479116768],[13.325283,38.165109,42.35236469190568],[13.325291,38.165057,42.35234580282122],[13.325165,38.165045,42.35240770038217],[13.325121,38.16504,42.35242916550487],[13.325101,38.165173,42.35247679147869],[13.325257,38.165188,42.35240003466606]]]]}},{"type":"Feature","properties":{"id":"scuola-228","nome":"Filastrocca","tipo":"Asilo nido","abbinamento":"vicino"},"geometry":{"type":"MultiPolygon","coordinates":[[[[13.308156,38.125414,42.35011534579098],[13.30819,38.125411,42.350096836686134],[13.308192,38.125425,42.35009984206408],[13.30827,38.125418,42.350057567469776],[13.308275,38.125454,42.35006502363831],[13.308382,38.125445,42.35000741109252],[13.308384,38.125459,42.35001033451408],[13.308495,38.125449,42.34995002206415],[13.308484,38.125374,42.349934466183186],[13.30849,38.125374,42.3499316573143],[13.308486,38.12535,42.349926656112075],[13.308451,38.125353,42.34994578640908],[13.308444,38.125305,42.349936021491885],[13.308332,38.125315,42.34999661240727],[13.308329,38.125289,42.34999118279666],[13.308263,38.125295,42.35002688039094],[13.308265,38.125309,42.35002981964499],[13.308143,38.12532,42.35009591281414],[13.308156,38.125414,42.35011534579098]]]]}},{"type":"Feature","properties":{"id":"scuola-229","nome":"Corpo D","tipo":"Plesso scolastico","abbinamento":"vicino"},"geometry":{"type":"MultiPolygon","coordinates":[[[[13.329891,38.120325,42.337462643161416],[13.329832,38.120233,42.337467566132545],[13.329621,38.120319,42.33760057296604],[13.32968,38.12041,42.33759564161301],[13.329891,38.120325,42.337462643161416]]]]}},{"type":"Feature","properties":{"id":"scuola-230","nome":"Nicolo' Turrisi","tipo":"Plesso scolastico","abbinamento":"vicino"},"geometry":{"type":"MultiPolygon","coordinates":[[[[13.352881,38.119854,42.32546096853912],[13.352903,38.119799,42.32543418183923],[13.352981,38.119599,42.32533797994256],[13.352717,38.119535,42.32545639295131],[13.352683,38.11962,42.32549754809588],[13.352793,38.119647,42.325448436662555],[13.352671,38.119957,42.32559827808291],[13.352564,38.119931,42.32564646936953],[13.35253,38.120016,42.32568736560643],[13.352793,38.12008,42.32556972838938],[13.352881,38.119854,42.32546096853912]]]]}},{"type":"Feature","properties":{"id":"scuola-231","nome":"A. Caponnetto","tipo":"Sede dell'istituto","abbinamento":"vicino"},"geometry":{"type":"MultiPolygon","coordinates":[[[[13.288297,38.186794,0.0],[13.288237,38.186787,0.0],[13.288213,38.186906,0.0],[13.288242,38.186909,0.0],[13.288255,38.186846,0.0],[13.288286,38.18685,0.0],[13.288297,38.186794,0.0]]]]}},{"type":"Feature","properties":{"id":"scuola-232","nome":"Uditore - Setti Carraro","tipo":"Sede dell'istituto","abbinamento":"contenuto"},"geometry":{"type":"MultiPolygon","coordinates":[[[[13.326555,38.131474,42.34230593871325],[13.326452,38.131508,42.342368645593524],[13.326465,38.131534,42.34236905910075],[13.326401,38.131556,42.34240869153291],[13.326482,38.131599,42.34237865451723],[13.326506,38.131645,42.34237887430936],[13.326492,38.131723,42.342408172786236],[13.326554,38.131702,42.34237017389387],[13.326568,38.131727,42.342369973659515],[13.326671,38.131693,42.34230711404234],[13.326555,38.131474,42.34230593871325]]]]}},{"type":"Feature","properties":{"id":"scuola-233","nome":"Capuana","tipo":"Sede dell'istituto","abbinamento":"contenuto"},"geometry":{"type":"MultiPolygon","coordinates":[[[[13.344285,38.119821,42.32988882251084],[13.344454,38.119859,42.329812387004495],[13.344433,38.119917,42.329839571379125],[13.34435,38.119899,42.32987704779953],[13.34434,38.119928,42.32989075500518],[13.344331,38.119952,42.32990216743201],[13.344365,38.11996,42.32988667860627],[13.344411,38.119972,42.32986649032682],[13.344403,38.119991,42.32987593114376],[13.344528,38.120024,42.329820490442216],[13.344609,38.119802,42.32971642911434],[13.344317,38.119736,42.329848831519485],[13.344285,38.119821,42.32988882251084]]]]}},{"type":"Feature","properties":{"id":"scuola-234","nome":"Pascoli","tipo":"Plesso scolastico","abbinamento":"vicino"},"geometry":{"type":"MultiPolygon","coordinates":[[[[13.340889,38.116103,42.330601141788065],[13.340931,38.116102,42.330578866414726],[13.340926,38.116065,42.33057120721787],[13.340908,38.116066,42.33058060053736],[13.340911,38.116034,42.330570292659104],[13.340898,38.116033,42.330576707609],[13.340901,38.116017,42.33057075086981],[13.340891,38.116017,42.330575979314744],[13.340889,38.116103,42.330601141788065]]]]}},{"type":"Feature","properties":{"id":"scuola-235","nome":"Diaz Vecchio","tipo":"Plesso scolastico","abbinamento":"vicino"},"geometry":{"type":"MultiPolygon","coordinates":[[[[13.391878,38.099248,42.29956265166402],[13.391873,38.099241,42.2995635997504],[13.391577,38.099307,42.29973459150642],[13.391588,38.099331,42.29973595589399],[13.391851,38.099278,42.29958500433713],[13.391964,38.099429,42.29956937581301],[13.392006,38.099407,42.299541401676834],[13.391993,38.099391,42.29954362474382],[13.391973,38.099366,42.299546915106475],[13.391918,38.099298,42.29955598432571],[13.391899,38.099274,42.299559279344976],[13.391878,38.099248,42.29956265166402]]]]}},{"type":"Feature","properties":{"id":"scuola-236","nome":"Ermellino","tipo":"Asilo nido","abbinamento":"vicino"},"geometry":{"type":"MultiPolygon","coordinates":[[[[13.364379,38.086634,42.31021039839834],[13.364225,38.086612,42.31028339918703],[13.364221,38.086628,42.310289872810245],[13.364162,38.086619,42.31031800061464],[13.364191,38.086496,42.31026856135577],[13.364115,38.086485,42.31030457280576],[13.364088,38.0866,42.31035085674375],[13.364118,38.086604,42.310336558148265],[13.364107,38.086649,42.31035441625863],[13.363995,38.086632,42.310407939366996],[13.363983,38.086684,42.310428691096604],[13.364084,38.086699,42.31038048863411],[13.364087,38.086685,42.31037505809218],[13.364149,38.086694,42.31034595705569],[13.364125,38.086793,42.31038553453982],[13.3642,38.086804,42.31035006698221],[13.364222,38.086711,42.310312806628644],[13.364191,38.086706,42.31032731477171],[13.364203,38.086659,42.31030797678977],[13.364366,38.086687,42.310231500305235],[13.364379,38.086634,42.31021039839834]]]]}},{"type":"Feature","properties":{"id":"scuola-237","nome":"Corrao","tipo":"Plesso scolastico","abbinamento":"contenuto"},"geometry":{"type":"MultiPolygon","coordinates":[[[[13.397935,38.085981,42.29271300230175],[13.397809,38.086063,42.292800925672054],[13.397864,38.086115,42.29278732277453],[13.397901,38.086091,42.29276145529002],[13.398012,38.086197,42.29273401387036],[13.397767,38.086357,42.29290541727096],[13.397821,38.086409,42.29289202578366],[13.398031,38.086271,42.292745377868414],[13.398001,38.086243,42.292752703651786],[13.398039,38.086218,42.292725834064186],[13.398125,38.0863,42.29270455054939],[13.398211,38.086244,42.292644618079066],[13.397935,38.085981,42.29271300230175]]]]}},{"type":"Feature","properties":{"id":"scuola-238","nome":"Pascoli","tipo":"Plesso scolastico","abbinamento":"vicino"},"geometry":{"type":"MultiPolygon","coordinates":[[[[13.316627,38.196905,42.365703840740025],[13.31654,38.19686,42.365736132487655],[13.31657,38.196824,42.36571071483195],[13.316609,38.196844,42.36569635383785],[13.316634,38.196813,42.36567462608218],[13.316661,38.196827,42.36566459015012],[13.316698,38.196783,42.3656334253028],[13.31667,38.196769,42.36564391385764],[13.316695,38.196738,42.365622494369745],[13.316657,38.196719,42.365636558271945],[13.316685,38.196684,42.365612257272005],[13.316772,38.196729,42.36558007914573],[13.31682,38.196672,42.36553926952183],[13.316602,38.196559,42.365620313212276],[13.316555,38.196615,42.36566018033773],[13.316579,38.196628,42.36565155163407],[13.31653,38.196686,42.365693194791675],[13.316521,38.196682,42.36569624580443],[13.316469,38.196745,42.3657409818843],[13.316478,38.19675,42.36573765706271],[13.316431,38.196807,42.36577807739377],[13.31641,38.196797,42.36578570585698],[13.316366,38.19685,42.36582351941615],[13.316463,38.1969,42.365787422284484],[13.316494,38.196916,42.36577585339546],[13.316581,38.196961,42.36574349459261],[13.316627,38.196905,42.365703840740025]]]]}},{"type":"Feature","properties":{"id":"scuola-239","nome":"Abba - Alighieri","tipo":"Sede dell'istituto","abbinamento":"vicino"},"geometry":{"type":"MultiPolygon","coordinates":[[[[13.362034,38.147289,42.32841916102916],[13.362161,38.147282,42.328351930715144],[13.362158,38.147251,42.32834455464035],[13.362501,38.147232,42.32816279493272],[13.362492,38.147132,42.32813925109804],[13.362214,38.147147,42.32828664500266],[13.362206,38.147054,42.32826488092542],[13.362202,38.147008,42.3282540012151],[13.362195,38.146928,42.32823514658958],[13.362474,38.146913,42.328086850233376],[13.362472,38.146879,42.328078483231366],[13.362467,38.146812,42.3280628034845],[13.362107,38.146832,42.328253594227135],[13.362109,38.146845,42.32825662754476],[13.361996,38.146851,42.32831633463502],[13.362034,38.147289,42.32841916102916]]]]}},{"type":"Feature","properties":{"id":"scuola-240","nome":"V.E. Orlando","tipo":"Sede dell'istituto","abbinamento":"contenuto"},"geometry":{"type":"MultiPolygon","coordinates":[[[[13.327891,38.153571,0.0],[13.328213,38.152895,0.0],[13.327709,38.15252,0.0],[13.327486,38.152899,0.0],[13.327255,38.153299,0.0],[13.327891,38.153571,0.0]]]]}},{"type":"Feature","properties":{"id":"scuola-241","nome":"Buonarroti","tipo":"Sede dell'istituto","abbinamento":"contenuto"},"geometry":{"type":"MultiPolygon","coordinates":[[[[13.307603,38.125176,42.350334307178855],[13.307703,38.125184,42.350284887477756],[13.307835,38.125195,42.350219782441854],[13.307862,38.124997,42.35015092976391],[13.30763,38.124978,42.3502654992044],[13.307603,38.125176,42.350334307178855]]]]}},{"type":"Feature","properties":{"id":"scuola-242","nome":"Palagonia","tipo":"Plesso scolastico","abbinamento":"vicino"},"geometry":{"type":"MultiPolygon","coordinates":[[[[13.334959,38.136141,42.33927235286683],[13.334986,38.13612,42.339252445846796],[13.335007,38.136136,42.33924623578787],[13.335123,38.136046,42.3391610365361],[13.335075,38.136007,42.33917503524572],[13.335095,38.135991,42.33916006051004],[13.334974,38.135895,42.33919574227184],[13.334924,38.135934,42.33923246152699],[13.334913,38.135926,42.33923555165529],[13.334856,38.135971,42.33927791006863],[13.334866,38.135979,42.33927490841597],[13.33484,38.135999,42.33929407596588],[13.33482,38.135984,42.33929989114404],[13.334805,38.135996,42.3393112802878],[13.334814,38.136003,42.3393085654825],[13.334786,38.136025,42.339329071342945],[13.334824,38.136055,42.339318031445146],[13.334835,38.136047,42.339310152456164],[13.334848,38.136058,42.33930609188974],[13.334881,38.136033,42.33928237017244],[13.334935,38.136075,42.33926620706916],[13.334906,38.136099,42.3392879255116],[13.334896,38.136104,42.33929414022714],[13.334886,38.136106,42.339300306513906],[13.334875,38.136106,42.339306039735675],[13.334872,38.136105,42.33930717688054],[13.334875,38.136119,42.339309397153556],[13.33479,38.136186,42.339372377842665],[13.334842,38.136229,42.3393574161455],[13.334875,38.136204,42.33933324087411],[13.334959,38.136141,42.33927235286683]]]]}},{"type":"Feature","properties":{"id":"scuola-243","nome":"Diaz Nuovo","tipo":"Plesso scolastico","abbinamento":"contenuto"},"geometry":{"type":"MultiPolygon","coordinates":[[[[13.388175,38.09971,42.30160208325833],[13.387923,38.099869,42.30177682265639],[13.387898,38.099884,42.30179394967854],[13.388173,38.10015,42.30172664672136],[13.388181,38.100146,42.30172167997807],[13.388449,38.099973,42.3015347328037],[13.388175,38.09971,42.30160208325833]]]]}},{"type":"Feature","properties":{"id":"scuola-244","nome":"Domino","tipo":"Asilo nido","abbinamento":"vicino"},"geometry":{"type":"MultiPolygon","coordinates":[[[[13.321469,38.16993,42.35567958466709],[13.321547,38.169973,42.35565143637359],[13.321556,38.169962,42.35564380418509],[13.321616,38.169995,42.35562212951481],[13.321604,38.170009,42.35563216730952],[13.321632,38.170024,42.35562201961875],[13.321593,38.170067,42.35565358120948],[13.321681,38.170107,42.35561968293041],[13.321712,38.170072,42.35559408273548],[13.321731,38.170063,42.35558173246682],[13.322012,38.17032,42.355508425273],[13.32203,38.1703,42.35549371317029],[13.321736,38.170025,42.3555685672909],[13.321751,38.170015,42.35555764101446],[13.321707,38.169981,42.35557116102427],[13.321671,38.169958,42.35558346565813],[13.321704,38.169911,42.35555338580161],[13.321669,38.169892,42.3555659269914],[13.321644,38.16992,42.35558644216508],[13.321569,38.169879,42.35561385471374],[13.321565,38.169883,42.3556168358773],[13.321529,38.169863,42.35563010443002],[13.321469,38.16993,42.35567958466709]]]]}},{"type":"Feature","properties":{"id":"scuola-245","nome":"Costa","tipo":"Plesso scolastico","abbinamento":"contenuto"},"geometry":{"type":"MultiPolygon","coordinates":[[[[13.356221,38.099606,42.31806149147451],[13.35627,38.099616,42.31803894601762],[13.35628,38.099583,42.31802437454462],[13.356231,38.099572,42.31804681196809],[13.356241,38.099543,42.31803335621953],[13.356274,38.099444,42.31798874679953],[13.356282,38.099418,42.31797708198428],[13.356314,38.099424,42.31796224042773],[13.356337,38.099354,42.31793098151684],[13.356354,38.0993,42.31790655758232],[13.356287,38.099286,42.31793776061386],[13.356294,38.099264,42.31792808044702],[13.356126,38.099231,42.318005161359906],[13.356108,38.099287,42.318030272610486],[13.356095,38.099284,42.31803601887077],[13.356075,38.099347,42.31806378252804],[13.356088,38.099349,42.318057829514146],[13.356079,38.099377,42.31807044707239],[13.356053,38.099372,42.31808263622224],[13.356047,38.099388,42.31808978691697],[13.356061,38.099391,42.318083743564785],[13.356051,38.099419,42.31809661537409],[13.356103,38.09943,42.31807276420295],[13.356107,38.099419,42.31806808337569],[13.356126,38.099423,42.31805911567062],[13.356138,38.099385,42.318042133934796],[13.35621,38.0994,42.3180091958493],[13.3562,38.099438,42.318025248125196],[13.356195,38.099445,42.31802957225591],[13.356187,38.099453,42.31803616322577],[13.356176,38.099458,42.318042980507016],[13.356158,38.09946,42.31805305182934],[13.356188,38.099465,42.31803892087191],[13.356184,38.099477,42.3180441390723],[13.356151,38.09947,42.31805909797549],[13.356145,38.099489,42.31806757487357],[13.35618,38.099496,42.318051665090024],[13.35616,38.099559,42.31808000057936],[13.356093,38.099546,42.318110502325],[13.356083,38.099577,42.31812428962439],[13.35607,38.099575,42.318130498752],[13.356032,38.0997,42.31818505935371],[13.356013,38.09976,42.31821219623089],[13.356025,38.099763,42.31820632982999],[13.356018,38.099787,42.31821679044515],[13.356005,38.099784,42.31822278350592],[13.356,38.099801,42.31823021359742],[13.356012,38.099803,42.318224302493036],[13.356003,38.099834,42.318237870931625],[13.356013,38.099836,42.31823324318975],[13.356056,38.099844,42.31821340415627],[13.35606,38.099833,42.31820825859904],[13.356109,38.099843,42.318185712210834],[13.356144,38.09985,42.318169561214745],[13.356221,38.099606,42.31806149147451]]]]}},{"type":"Feature","properties":{"id":"scuola-246","nome":"Paladini","tipo":"Plesso scolastico","abbinamento":"vicino"},"geometry":{"type":"MultiPolygon","coordinates":[[[[13.308393,38.137181,42.35328373871744],[13.30836,38.137226,42.353313114494085],[13.308326,38.137277,42.353344997391105],[13.308514,38.137356,42.35327021870762],[13.308505,38.137369,42.353278366848826],[13.308566,38.137395,42.35325392149389],[13.308593,38.137355,42.353228957392275],[13.308618,38.137319,42.35320630297065],[13.308646,38.137331,42.353194990195334],[13.308683,38.137276,42.353160578757524],[13.308655,38.137265,42.35317182261497],[13.308719,38.137172,42.35311265382916],[13.308652,38.137144,42.35313937626779],[13.308606,38.137125,42.35315786860883],[13.308586,38.137155,42.35317683964968],[13.308628,38.137173,42.353160104714334],[13.308571,38.137256,42.353212762624025],[13.308393,38.137181,42.35328373871744]]]]}},{"type":"Feature","properties":{"id":"scuola-247","nome":"Alessandra Siracusa","tipo":"Sede dell'istituto","abbinamento":"contenuto"},"geometry":{"type":"MultiPolygon","coordinates":[[[[13.330899,38.171459,42.351238834671676],[13.330903,38.171448,42.35123389214277],[13.330866,38.171424,42.351246676407754],[13.33085,38.171421,42.35125394910574],[13.330822,38.171415,42.3512663571164],[13.330776,38.171422,42.35129223950207],[13.330774,38.171427,42.351294722408056],[13.330734,38.171528,42.35134341567755],[13.330776,38.171537,42.35132428444922],[13.330832,38.171551,42.35129971802235],[13.331072,38.171604,42.35119021497667],[13.331167,38.171625,42.35114703979343],[13.331339,38.17114,42.35092323552817],[13.331107,38.171089,42.35102852061391],[13.331067,38.171202,42.351080439053476],[13.331083,38.171205,42.35107345879078],[13.331048,38.171303,42.35111859906465],[13.331022,38.171297,42.35113024711609],[13.330961,38.171472,42.35121105145663],[13.330899,38.171459,42.351238834671676]]]]}},{"type":"Feature","properties":{"id":"scuola-248","nome":"Verdi","tipo":"Sede dell'istituto","abbinamento":"contenuto"},"geometry":{"type":"MultiPolygon","coordinates":[[[[13.339756,38.128017,42.3345223357901],[13.339821,38.127809,42.33443038072437],[13.339802,38.127805,42.3344392599538],[13.339818,38.127751,42.334415609017015],[13.339821,38.127741,42.334411231800914],[13.339735,38.127723,42.334450596012175],[13.339317,38.127633,42.33464152831584],[13.339295,38.127697,42.33467090316117],[13.339267,38.127777,42.334707332775],[13.339326,38.12779,42.33468062710017],[13.339404,38.127807,42.334645027294755],[13.339425,38.127811,42.334635510109365],[13.339614,38.127853,42.33454938791692],[13.339591,38.127915,42.334578909911215],[13.339577,38.127978,42.334603637456894],[13.339643,38.127992,42.33457376435399],[13.339665,38.127997,42.334563684649765],[13.339756,38.128017,42.3345223357901]]]]}},{"type":"Feature","properties":{"id":"scuola-249","nome":"Borgese","tipo":"Sede dell'istituto","abbinamento":"vicino"},"geometry":{"type":"MultiPolygon","coordinates":[[[[13.321469,38.16993,42.35567958466709],[13.321547,38.169973,42.35565143637359],[13.321556,38.169962,42.35564380418509],[13.321616,38.169995,42.35562212951481],[13.321604,38.170009,42.35563216730952],[13.321632,38.170024,42.35562201961875],[13.321593,38.170067,42.35565358120948],[13.321681,38.170107,42.35561968293041],[13.321712,38.170072,42.35559408273548],[13.321731,38.170063,42.35558173246682],[13.322012,38.17032,42.355508425273],[13.32203,38.1703,42.35549371317029],[13.321736,38.170025,42.3555685672909],[13.321751,38.170015,42.35555764101446],[13.321707,38.169981,42.35557116102427],[13.321671,38.169958,42.35558346565813],[13.321704,38.169911,42.35555338580161],[13.321669,38.169892,42.3555659269914],[13.321644,38.16992,42.35558644216508],[13.321569,38.169879,42.35561385471374],[13.321565,38.169883,42.3556168358773],[13.321529,38.169863,42.35563010443002],[13.321469,38.16993,42.35567958466709]]]]}},{"type":"Feature","properties":{"id":"scuola-250","nome":"Oreto","tipo":"Plesso scolastico","abbinamento":"vicino"},"geometry":{"type":"MultiPolygon","coordinates":[[[[13.366712,38.10769,42.314914017915726],[13.36682,38.107734,42.31487049628049],[13.366877,38.107651,42.314817409962416],[13.366937,38.107556,42.314760320819914],[13.366988,38.107476,42.31471118237823],[13.366881,38.107431,42.31475397851318],[13.366712,38.10769,42.314914017915726]]]]}},{"type":"Feature","properties":{"id":"scuola-251","nome":"De Stefano","tipo":"Plesso scolastico","abbinamento":"vicino"},"geometry":{"type":"MultiPolygon","coordinates":[[[[13.326754,38.17135,42.35334783233702],[13.326574,38.171592,42.35350865870714],[13.326653,38.171629,42.353477970696986],[13.326668,38.171636,42.35347208753228],[13.326749,38.171527,42.35339997243136],[13.326835,38.171413,42.35332375857979],[13.326849,38.171394,42.35331131052226],[13.326754,38.17135,42.35334783233702]]]]}},{"type":"Feature","properties":{"id":"scuola-252","nome":"Aziendale Palagonia","tipo":"Asilo nido","abbinamento":"vicino"},"geometry":{"type":"MultiPolygon","coordinates":[[[[13.369948,38.116506,42.31571579165757],[13.369971,38.116461,42.31569160427898],[13.36992,38.116443,42.315712762996554],[13.369782,38.116723,42.31586224678904],[13.369836,38.116749,42.315841619856656],[13.369883,38.116659,42.315792420879006],[13.369967,38.116686,42.31575666554272],[13.369984,38.116651,42.31573814060539],[13.369889,38.116619,42.31577786244452],[13.369905,38.116586,42.315760619938374],[13.369948,38.116506,42.31571579165757]]]]}},{"type":"Feature","properties":{"id":"scuola-253","nome":"Cuscinà","tipo":"Plesso scolastico","abbinamento":"contenuto"},"geometry":{"type":"MultiPolygon","coordinates":[[[[13.335357,38.103482,42.329921470955014],[13.33548,38.10333,42.32981569971889],[13.335594,38.103187,42.32971642166376],[13.335578,38.103114,42.329704286530614],[13.335464,38.103057,42.3297470677644],[13.335333,38.102991,42.329796478152275],[13.335058,38.103332,42.33003389555961],[13.335357,38.103482,42.329921470955014]]]]}},{"type":"Feature","properties":{"id":"scuola-254","nome":"Nino Bixio 1","tipo":"Plesso scolastico","abbinamento":"contenuto"},"geometry":{"type":"MultiPolygon","coordinates":[[[[13.401605,38.080234,42.28920518886298],[13.401583,38.080213,42.28921099379659],[13.401314,38.079968,42.28928054869175],[13.401175,38.080064,42.28937916178256],[13.401222,38.080109,42.28936773259193],[13.401285,38.080069,42.28932394646108],[13.401466,38.080235,42.289277005940676],[13.401434,38.080256,42.2892997181043],[13.401495,38.080311,42.289284037426114],[13.401605,38.080234,42.28920518886298]]]]}},{"type":"Feature","properties":{"id":"scuola-255","nome":"Boccone","tipo":"Sede dell'istituto","abbinamento":"vicino"},"geometry":{"type":"MultiPolygon","coordinates":[[[[13.362792,38.106191,42.31651616934687],[13.362817,38.106131,42.31648636236787],[13.362851,38.106051,42.31644682493061],[13.362867,38.106012,42.316427651792765],[13.362917,38.105896,42.31636890117079],[13.363434,38.106022,42.31613792851567],[13.363485,38.105938,42.31608748063445],[13.362995,38.105807,42.31630402058363],[13.362964,38.105872,42.316338249482214],[13.362779,38.105822,42.31641975324601],[13.362739,38.105918,42.31646681576967],[13.362719,38.105924,42.31647936813533],[13.362557,38.106295,42.3166667688638],[13.362565,38.106309,42.31666677445173],[13.362516,38.106442,42.31672916561365],[13.362514,38.106445,42.316730855964124],[13.362733,38.106508,42.316635492257774],[13.362764,38.106431,42.31659799441695],[13.362698,38.106414,42.316627303138375],[13.362792,38.106191,42.31651616934687]]]]}},{"type":"Feature","properties":{"id":"scuola-256","nome":"Virgilio Marone","tipo":"Sede dell'istituto","abbinamento":"contenuto"},"geometry":{"type":"MultiPolygon","coordinates":[[[[13.336577,38.146528,42.341342327184975],[13.336459,38.146482,42.341390517540276],[13.336423,38.146539,42.34142501652241],[13.336374,38.146522,42.34144562575966],[13.336351,38.146565,42.34146940615028],[13.336236,38.146521,42.34151654690504],[13.336182,38.146614,42.34157024603337],[13.336291,38.146684,42.34153382387012],[13.33633,38.146619,42.34149506222457],[13.336413,38.146651,42.341461043804884],[13.336378,38.146708,42.34149509575218],[13.336411,38.146721,42.34148178808391],[13.336415,38.146715,42.34147830028087],[13.33643,38.146721,42.341471874155104],[13.336415,38.146745,42.341486264020205],[13.336444,38.146755,42.3414746504277],[13.336465,38.146721,42.341454087756574],[13.336556,38.146756,42.34141686651856],[13.336543,38.146777,42.34142957814038],[13.336662,38.146823,42.341380532830954],[13.336639,38.14686,42.34140293486416],[13.33668,38.146876,42.34138634707779],[13.336811,38.14665,42.3412557952106],[13.336786,38.14664,42.34126563183963],[13.336773,38.146662,42.34127838630229],[13.336697,38.146635,42.341310367919505],[13.336687,38.146652,42.341320301406085],[13.336538,38.146594,42.3413808895275],[13.336577,38.146528,42.341342327184975]]]]}},{"type":"Feature","properties":{"id":"scuola-257","nome":"D'Angelo Nuovo","tipo":"Plesso scolastico","abbinamento":"contenuto"},"geometry":{"type":"MultiPolygon","coordinates":[[[[13.304719,38.172603,42.36507457960397],[13.304711,38.172597,42.36507713980973],[13.30462,38.172679,42.365146902389824],[13.304743,38.172764,42.365107209421694],[13.30473,38.172776,42.36511688865721],[13.304792,38.172818,42.36509682890028],[13.304839,38.172776,42.36506097204983],[13.30487,38.172798,42.36505103390664],[13.304847,38.172818,42.36506822053343],[13.304844,38.172815,42.365069408901036],[13.30481,38.172846,42.36509527731687],[13.304894,38.172904,42.36506803892553],[13.304953,38.172851,42.365022827871144],[13.304973,38.172865,42.36501639150083],[13.30503,38.172813,42.36497247312218],[13.304998,38.172791,42.364983001723886],[13.305047,38.172747,42.364945637993515],[13.304771,38.172556,42.3650346044451],[13.304719,38.172603,42.36507457960397]]]]}},{"type":"Feature","properties":{"id":"scuola-258","nome":"Nuccio","tipo":"Plesso scolastico","abbinamento":"vicino"},"geometry":{"type":"MultiPolygon","coordinates":[[[[13.357471,38.110365,42.32043300103396],[13.3575,38.11032,42.32040519081056],[13.357542,38.110338,42.32038884982467],[13.357511,38.110382,42.32041728682816],[13.357774,38.110497,42.32031329255551],[13.357881,38.110343,42.32021477166563],[13.357892,38.110327,42.32020461559296],[13.357784,38.11028,42.320247367955744],[13.357726,38.110363,42.32030057813972],[13.357586,38.110302,42.32035610359162],[13.357596,38.110286,42.32034616358578],[13.357545,38.110264,42.320366215892136],[13.357535,38.11028,42.32037605624646],[13.357374,38.11021,42.3204395128414],[13.357432,38.110127,42.32038639578968],[13.357322,38.110079,42.320429656654596],[13.357204,38.110249,42.32053833454847],[13.357471,38.110365,42.32043300103396]]]]}},{"type":"Feature","properties":{"id":"scuola-259","nome":"Arenella","tipo":"Sede dell'istituto","abbinamento":"contenuto"},"geometry":{"type":"MultiPolygon","coordinates":[[[[13.365757,38.166552,42.33188641536981],[13.36573,38.166555,42.33190122526139],[13.365739,38.166596,42.33190803416073],[13.365764,38.166592,42.331894057802856],[13.365767,38.166604,42.33189595583826],[13.365891,38.166587,42.33182727638632],[13.36586,38.166438,42.33180182799697],[13.365878,38.166436,42.33179190196097],[13.365864,38.166371,42.33178087044507],[13.365824,38.166376,42.33180305175483],[13.365784,38.166381,42.33182473573834],[13.365727,38.166342,42.33184330165386],[13.365727,38.166317,42.33183655049652],[13.365727,38.166286,42.331827737390995],[13.365649,38.166286,42.33186763804406],[13.365649,38.166294,42.33186980895698],[13.365461,38.166294,42.331967185251415],[13.365461,38.166386,42.33199261967093],[13.365478,38.166387,42.33198440261185],[13.36547,38.166457,42.3320078253746],[13.3655,38.166457,42.331992253661156],[13.365507,38.166388,42.33196985255927],[13.365638,38.166396,42.33190422132611],[13.365737,38.166457,42.331870223395526],[13.365757,38.166552,42.33188641536981]]]]}},{"type":"Feature","properties":{"id":"scuola-260","nome":"Aquilone","tipo":"Asilo nido","abbinamento":"vicino"},"geometry":{"type":"MultiPolygon","coordinates":[[[[13.351735,38.137706,42.331051433458924],[13.351844,38.137749,42.33100686222315],[13.351859,38.137727,42.33099265675992],[13.35187,38.137712,42.33098330441862],[13.351805,38.137685,42.33100938424468],[13.351863,38.137593,42.33095356449485],[13.351945,38.137626,42.33092063199729],[13.351914,38.137673,42.33094963058829],[13.351951,38.137687,42.33093446586281],[13.351997,38.137614,42.33089021872729],[13.352017,38.137622,42.330882287584245],[13.352066,38.137544,42.330835016444325],[13.351955,38.1375,42.33088004682213],[13.351941,38.137523,42.33089395239949],[13.351882,38.1375,42.33091776818037],[13.351832,38.137579,42.330965561792254],[13.351801,38.137628,42.33099502231926],[13.351787,38.137622,42.331000748090446],[13.351735,38.137706,42.331051433458924]]]]}},{"type":"Feature","properties":{"id":"scuola-261","nome":"D'Angelo Vecchio","tipo":"Plesso scolastico","abbinamento":"contenuto"},"geometry":{"type":"MultiPolygon","coordinates":[[[[13.304203,38.17234,0.0],[13.304241,38.172306,0.0],[13.304458,38.172455,0.0],[13.304425,38.172484,0.0],[13.304492,38.17253,0.0],[13.304512,38.172544,0.0],[13.304526,38.172531,0.0],[13.304614,38.172451,0.0],[13.304262,38.17221,0.0],[13.304194,38.172272,0.0],[13.30417,38.172256,0.0],[13.304133,38.17229,0.0],[13.304203,38.17234,0.0]]]]}},{"type":"Feature","properties":{"id":"scuola-262","nome":"Nino Bixio 3","tipo":"Plesso scolastico","abbinamento":"contenuto"},"geometry":{"type":"MultiPolygon","coordinates":[[[[13.402554,38.079381,42.288476226851344],[13.402536,38.079366,42.28848108742386],[13.402436,38.079281,42.28850859589875],[13.402355,38.079211,42.28853085357696],[13.40234,38.079198,42.28853503335267],[13.40229,38.079155,42.28854889329523],[13.402234,38.079107,42.28856432065368],[13.40221,38.079087,42.288570776581764],[13.402068,38.078966,42.28860985953361],[13.402047,38.078948,42.28861560765654],[13.402004,38.078911,42.28862750250846],[13.401911,38.078979,42.288694923743606],[13.402491,38.079476,42.28853537142277],[13.402584,38.079407,42.28846789430827],[13.402554,38.079381,42.288476226851344]]]]}},{"type":"Feature","properties":{"id":"scuola-263","nome":"Amari Roncalli - Ferrara","tipo":"Sede dell'istituto","abbinamento":"vicino"},"geometry":{"type":"MultiPolygon","coordinates":[[[[13.373247,38.109784,42.3121290858835],[13.373239,38.10978,42.31213212758303],[13.373434,38.109533,42.31196251232177],[13.373442,38.109537,42.31195930764079],[13.373496,38.109469,42.31191234011203],[13.373302,38.109374,42.311985636129975],[13.373259,38.109429,42.31202354282141],[13.37335,38.109474,42.311988844536245],[13.373314,38.10952,42.31202059611678],[13.373274,38.1095,42.31203590054065],[13.373171,38.109631,42.312125416472554],[13.373208,38.109649,42.312111468054354],[13.373133,38.109744,42.31217705644667],[13.373044,38.109701,42.31221049185842],[13.373003,38.109753,42.31224634498358],[13.373197,38.109848,42.312173140235245],[13.373247,38.109784,42.3121290858835]]]]}},{"type":"Feature","properties":{"id":"scuola-264","nome":"Vittorio Emanuele Capitano Basile","tipo":"Sede dell'istituto","abbinamento":"contenuto"},"geometry":{"type":"MultiPolygon","coordinates":[[[[13.323464,38.097465,42.334379483014345],[13.323453,38.09746,42.33438349701464],[13.323447,38.097469,42.33438921254128],[13.323041,38.097293,42.33454963285476],[13.323034,38.09729,42.3345521716401],[13.323013,38.097321,42.33457181416452],[13.322967,38.097392,42.33461570460349],[13.322928,38.097447,42.33465118333697],[13.322998,38.097478,42.33462373632938],[13.322991,38.097488,42.3346298513934],[13.323058,38.097517,42.334603236056864],[13.323157,38.097559,42.334564147517085],[13.323164,38.097548,42.3345573535189],[13.323223,38.097573,42.33453412540257],[13.323281,38.097599,42.334511168301105],[13.323275,38.097609,42.33451702352613],[13.32344,38.09768,42.33445163164288],[13.323447,38.097669,42.334445050917566],[13.323549,38.097713,42.33440478518605],[13.323604,38.097631,42.33435341063887],[13.323616,38.097637,42.3343486264348],[13.323703,38.097508,42.334267598576844],[13.323691,38.097502,42.33427212294191],[13.323759,38.097407,42.33421085868031],[13.32377,38.097413,42.33420659508556],[13.323859,38.097285,42.334124483168125],[13.323845,38.097278,42.33413009159267],[13.323883,38.097224,42.33409505710006],[13.323811,38.097191,42.33412347454578],[13.323729,38.097156,42.33415574207902],[13.323688,38.097139,42.334172286093235],[13.323686,38.097141,42.33417360205203],[13.323464,38.097465,42.334379483014345]]]]}},{"type":"Feature","properties":{"id":"scuola-265","nome":"D'Aquino","tipo":"Plesso scolastico","abbinamento":"contenuto"},"geometry":{"type":"MultiPolygon","coordinates":[[[[13.335081,38.11878,42.33434982504696],[13.33511,38.118671,42.334304369054735],[13.334983,38.118648,42.33436342328787],[13.334834,38.118628,42.33443481661379],[13.334672,38.118604,42.33451165445149],[13.33471,38.118448,42.33444862160832],[13.334642,38.118438,42.334480909630656],[13.334637,38.118458,42.33448885567486],[13.334618,38.118519,42.33451569266617],[13.334622,38.118519,42.33451388217509],[13.334614,38.118549,42.33452623244375],[13.334601,38.118602,42.33454789686948],[13.334599,38.118607,42.334549930877984],[13.334581,38.118677,42.334579079411924],[13.334574,38.118694,42.33458757959306],[13.335081,38.11878,42.33434982504696]]]]}},{"type":"Feature","properties":{"id":"scuola-266","nome":"Nino Bixio 2","tipo":"Plesso scolastico","abbinamento":"contenuto"},"geometry":{"type":"MultiPolygon","coordinates":[[[[13.40113,38.079432,42.28922475036234],[13.401039,38.079495,42.289289463311434],[13.401217,38.079656,42.28924304060638],[13.401308,38.079593,42.28917834442109],[13.40113,38.079432,42.28922475036234]]]]}},{"type":"Feature","properties":{"id":"scuola-267","nome":"Antonio Ugo - Annessa","tipo":"Sede dell'istituto","abbinamento":"contenuto"},"geometry":{"type":"MultiPolygon","coordinates":[[[[13.333419,38.117219,42.33477091230452],[13.333392,38.117215,42.33478368539363],[13.333443,38.116971,42.33468911424279],[13.33341,38.116966,42.33470510598272],[13.333417,38.116931,42.33469132427126],[13.333339,38.116921,42.334728735499084],[13.333281,38.117202,42.33483766019344],[13.333271,38.117245,42.33485506661236],[13.333297,38.117249,42.33484230749309],[13.333239,38.117527,42.33494996279478],[13.333319,38.117537,42.33491179626435],[13.333326,38.117503,42.334898511879146],[13.333359,38.117507,42.33488273154944],[13.333419,38.117219,42.33477091230452]]]]}},{"type":"Feature","properties":{"id":"scuola-268","nome":"Oberdan","tipo":"Plesso scolastico","abbinamento":"vicino"},"geometry":{"type":"MultiPolygon","coordinates":[[[[13.370398,38.100119,42.310888178646564],[13.370231,38.100052,42.31095529999584],[13.370227,38.100059,42.31095971725881],[13.370184,38.100042,42.31097705103457],[13.370174,38.100058,42.310986566357315],[13.370061,38.100011,42.311031895689666],[13.370068,38.099995,42.31102379132062],[13.37002,38.099976,42.311043188907206],[13.370025,38.099968,42.31103840190917],[13.369862,38.099897,42.3111024601385],[13.369625,38.100265,42.311327875591815],[13.369715,38.100301,42.31129164993763],[13.369902,38.10001,42.31111325696111],[13.370261,38.100154,42.31096877809614],[13.370031,38.10051,42.31118723284453],[13.370122,38.100547,42.311150441877544],[13.370398,38.100119,42.310888178646564]]]]}},{"type":"Feature","properties":{"id":"scuola-269","nome":"De Cosmi","tipo":"Plesso scolastico","abbinamento":"vicino"},"geometry":{"type":"MultiPolygon","coordinates":[[[[13.318552,38.126436,42.34503012429923],[13.318567,38.126436,42.3450224371627],[13.318568,38.126418,42.34501671977341],[13.318443,38.126414,42.345080118626356],[13.31846,38.126059,42.34497184213251],[13.318531,38.126061,42.344936109147966],[13.31854,38.125864,42.34487612824887],[13.318628,38.125867,42.344831767491996],[13.318626,38.125894,42.344840021803975],[13.318657,38.125895,42.344824441708624],[13.318659,38.12585,42.3448106944561],[13.318513,38.125846,42.344885136932135],[13.318509,38.12592,42.344907651655376],[13.318507,38.125969,42.34492264781147],[13.318503,38.126044,42.34494546242058],[13.318441,38.126042,42.344976912252605],[13.318422,38.126432,42.3450960945338],[13.318481,38.126434,42.34506603516638],[13.318552,38.126436,42.34503012429923]]]]}},{"type":"Feature","properties":{"id":"scuola-270","nome":"Arculeo","tipo":"Sede dell'istituto","abbinamento":"contenuto"},"geometry":{"type":"MultiPolygon","coordinates":[[[[13.337618,38.10128,42.3281362419948],[13.337657,38.101248,42.32810733187944],[13.337695,38.101278,42.32809598557651],[13.33775,38.101234,42.32805577572435],[13.337781,38.101257,42.32804573979229],[13.33783,38.101217,42.328009457327425],[13.337853,38.101235,42.32800256740302],[13.337854,38.101234,42.32800184190273],[13.337981,38.10113,42.32790687866509],[13.337972,38.101123,42.327909622341394],[13.338018,38.101085,42.32787517365068],[13.337799,38.100915,42.32794086355716],[13.337756,38.100882,42.32795343361795],[13.337717,38.100913,42.327982587739825],[13.337637,38.100978,42.32804235536605],[13.337725,38.101046,42.32801604922861],[13.337767,38.101012,42.32798463013023],[13.337872,38.101094,42.32795313652605],[13.337778,38.10117,42.32802313007414],[13.337676,38.101091,42.32805368397385],[13.337528,38.101209,42.328163276426494],[13.337618,38.10128,42.3281362419948]]]]}},{"type":"Feature","properties":{"id":"scuola-271","nome":"Manzoni - P. Impastato","tipo":"Sede dell'istituto","abbinamento":"vicino"},"geometry":{"type":"MultiPolygon","coordinates":[[[[13.340921,38.120801,42.33189996611327],[13.340948,38.120727,42.33186536002904],[13.340984,38.120734,42.331848873756826],[13.34105,38.120748,42.331818759441376],[13.341061,38.12072,42.33180552069098],[13.341072,38.120686,42.33179009798914],[13.341008,38.120671,42.33181883301586],[13.341009,38.120667,42.33181731496006],[13.340967,38.120655,42.33183552417904],[13.340987,38.1206,42.331809759140015],[13.340976,38.120597,42.33181452937424],[13.340987,38.120559,42.331798610277474],[13.340946,38.120551,42.33181729540229],[13.340922,38.120547,42.33182854484767],[13.34092,38.120553,42.331831427291036],[13.340845,38.120784,42.331934886053205],[13.340921,38.120801,42.33189996611327]]]]}}]}