{
  "type": "FeatureCollection",
  "features": [
    {
      "type": "Feature",
      "properties": {
        "styleMapHash": {
          "normal": "#icon-959-CDDC39-normal",
          "highlight": "#icon-959-CDDC39-highlight"
        },
        "description": "ID: 5<br>ID_PORTALE: 1<br>TIPO: Asilo Nido<br>DENOMINAZIONE: Allodola<br>VIA_TIPO: VIA<br>VIA_DENOMINAZIONE: DELL'ALLODOLA<br>CIVICO: 36<br>BARRATO: <br>QUARTIERE_NUMERO: 13<br>QUARTIERE: VILLAGRAZIA-FALSOMIELE",
        "ID": "5",
        "ID_PORTALE": "1",
        "TIPO": "Asilo Nido",
        "DENOMINAZIONE": "Allodola",
        "VIA_TIPO": "VIA",
        "VIA_DENOMINAZIONE": "DELL'ALLODOLA",
        "CIVICO": "36",
        "BARRATO": "",
        "QUARTIERE_NUMERO": "13",
        "QUARTIERE": "VILLAGRAZIA-FALSOMIELE"
      },
      "geometry": {
        "type": "Point",
        "coordinates": [
          13.354684,
          38.087019,
          0
        ]
      }
    },
    {
      "type": "Feature",
      "properties": {
        "styleMapHash": {
          "normal": "#icon-503-93D7E8-normal",
          "highlight": "#icon-503-93D7E8-highlight"
        },
        "description": "ID: 202<br>ID_PORTALE: 1<br>TIPO: Plesso<br>DENOMINAZIONE: Smith<br>CATEGORIA: <br>VIA_TIPO: VIA<br>VIA_DENOMINAZIONE: SMITH ADAMO<br>CIVICO: 17<br>BARRATO: <br>SEDE_TIPO: Sede<br>SEDE_DENOMINAZIONE: Sciacca<br>SEDE_CATEGORIA: IC<br>SEDE_VIA_TIPO: VIA<br>SEDE_VIA_DENOMINAZIONE: DE GOBBIS FRANCESCO<br>SEDE_CIVICO: 13<br>SEDE_BARRATO: <br>QUARTIERE: PALLAVICINO<br>QUARTIERE_NUMERO: 23",
        "ID": "202",
        "ID_PORTALE": "1",
        "TIPO": "Plesso",
        "DENOMINAZIONE": "Smith",
        "CATEGORIA": "",
        "VIA_TIPO": "VIA",
        "VIA_DENOMINAZIONE": "SMITH ADAMO",
        "CIVICO": "17",
        "BARRATO": "",
        "SEDE_TIPO": "Sede",
        "SEDE_DENOMINAZIONE": "Sciacca",
        "SEDE_CATEGORIA": "IC",
        "SEDE_VIA_TIPO": "VIA",
        "SEDE_VIA_DENOMINAZIONE": "DE GOBBIS FRANCESCO",
        "SEDE_CIVICO": "13",
        "SEDE_BARRATO": "",
        "QUARTIERE": "PALLAVICINO",
        "QUARTIERE_NUMERO": "23"
      },
      "geometry": {
        "type": "Point",
        "coordinates": [
          13.312166,
          38.176404,
          0
        ]
      }
    },
    {
      "type": "Feature",
      "properties": {
        "styleMapHash": {
          "normal": "#icon-503-93D7E8-normal",
          "highlight": "#icon-503-93D7E8-highlight"
        },
        "description": "ID: 121<br>ID_PORTALE: 1<br>TIPO: Plesso<br>DENOMINAZIONE: Armonia<br>CATEGORIA: <br>VIA_TIPO: VIALE<br>VIA_DENOMINAZIONE: STRASBURGO<br>CIVICO: 546<br>BARRATO: <br>SEDE_TIPO: Sede<br>SEDE_DENOMINAZIONE: Florio - San Lorenzo<br>SEDE_CATEGORIA: IC<br>SEDE_VIA_TIPO: VIA<br>SEDE_VIA_DENOMINAZIONE: DI GIOVANNI FILIPPO<br>SEDE_CIVICO: 88<br>SEDE_BARRATO: <br>QUARTIERE: RESUTTANO-S. LORENZO<br>QUARTIERE_NUMERO: 20",
        "ID": "121",
        "ID_PORTALE": "1",
        "TIPO": "Plesso",
        "DENOMINAZIONE": "Armonia",
        "CATEGORIA": "",
        "VIA_TIPO": "VIALE",
        "VIA_DENOMINAZIONE": "STRASBURGO",
        "CIVICO": "546",
        "BARRATO": "",
        "SEDE_TIPO": "Sede",
        "SEDE_DENOMINAZIONE": "Florio - San Lorenzo",
        "SEDE_CATEGORIA": "IC",
        "SEDE_VIA_TIPO": "VIA",
        "SEDE_VIA_DENOMINAZIONE": "DI GIOVANNI FILIPPO",
        "SEDE_CIVICO": "88",
        "SEDE_BARRATO": "",
        "QUARTIERE": "RESUTTANO-S. LORENZO",
        "QUARTIERE_NUMERO": "20"
      },
      "geometry": {
        "type": "Point",
        "coordinates": [
          13.321982,
          38.161144,
          0
        ]
      }
    },
    {
      "type": "Feature",
      "properties": {
        "styleMapHash": {
          "normal": "#icon-503-93D7E8-normal",
          "highlight": "#icon-503-93D7E8-highlight"
        },
        "description": "ID: 71<br>ID_PORTALE: 1<br>TIPO: Plesso<br>DENOMINAZIONE: l. Rizzo<br>CATEGORIA: <br>VIA_TIPO: VIA<br>VIA_DENOMINAZIONE: SERGIO PAPA I<br>CIVICO: 21<br>BARRATO: <br>SEDE_TIPO: Sede<br>SEDE_DENOMINAZIONE: Arenella<br>SEDE_CATEGORIA: IC<br>SEDE_VIA_TIPO: LUNGOMARE<br>SEDE_VIA_DENOMINAZIONE: COLOMBO CRISTOFORO<br>SEDE_CIVICO: 240<br>SEDE_BARRATO: <br>QUARTIERE: ARENELLA-VERGINE MARIA<br>QUARTIERE_NUMERO: 25",
        "ID": "71",
        "ID_PORTALE": "1",
        "TIPO": "Plesso",
        "DENOMINAZIONE": "l. Rizzo",
        "CATEGORIA": "",
        "VIA_TIPO": "VIA",
        "VIA_DENOMINAZIONE": "SERGIO PAPA I",
        "CIVICO": "21",
        "BARRATO": "",
        "SEDE_TIPO": "Sede",
        "SEDE_DENOMINAZIONE": "Arenella",
        "SEDE_CATEGORIA": "IC",
        "SEDE_VIA_TIPO": "LUNGOMARE",
        "SEDE_VIA_DENOMINAZIONE": "COLOMBO CRISTOFORO",
        "SEDE_CIVICO": "240",
        "SEDE_BARRATO": "",
        "QUARTIERE": "ARENELLA-VERGINE MARIA",
        "QUARTIERE_NUMERO": "25"
      },
      "geometry": {
        "type": "Point",
        "coordinates": [
          13.370846,
          38.1507,
          0
        ]
      }
    },
    {
      "type": "Feature",
      "properties": {
        "styleMapHash": {
          "normal": "#icon-503-3F5BA9-normal",
          "highlight": "#icon-503-3F5BA9-highlight"
        },
        "description": "ID: 262<br>ID_PORTALE: 1<br>TIPO: Sede<br>DENOMINAZIONE: Mantegna-Bonanno<br>CATEGORIA: IC<br>VIA_TIPO: VIA<br>VIA_DENOMINAZIONE: BOLOGNI<br>CIVICO: 4<br>BARRATO: <br>SEDE_TIPO: Sede<br>SEDE_DENOMINAZIONE: Mantegna-Bonanno<br>SEDE_CATEGORIA: IC<br>SEDE_VIA_TIPO: VIA<br>SEDE_VIA_DENOMINAZIONE: BOLOGNI<br>SEDE_CIVICO: 4<br>SEDE_BARRATO: <br>QUARTIERE: BOCCADIFALCO<br>QUARTIERE_NUMERO: 16",
        "ID": "262",
        "ID_PORTALE": "1",
        "TIPO": "Sede",
        "DENOMINAZIONE": "Mantegna-Bonanno",
        "CATEGORIA": "IC",
        "VIA_TIPO": "VIA",
        "VIA_DENOMINAZIONE": "BOLOGNI",
        "CIVICO": "4",
        "BARRATO": "",
        "SEDE_TIPO": "Sede",
        "SEDE_DENOMINAZIONE": "Mantegna-Bonanno",
        "SEDE_CATEGORIA": "IC",
        "SEDE_VIA_TIPO": "VIA",
        "SEDE_VIA_DENOMINAZIONE": "BOLOGNI",
        "SEDE_CIVICO": "4",
        "SEDE_BARRATO": "",
        "QUARTIERE": "BOCCADIFALCO",
        "QUARTIERE_NUMERO": "16"
      },
      "geometry": {
        "type": "Point",
        "coordinates": [
          13.308334,
          38.110347,
          0
        ]
      }
    },
    {
      "type": "Feature",
      "properties": {
        "styleMapHash": {
          "normal": "#icon-503-93D7E8-normal",
          "highlight": "#icon-503-93D7E8-highlight"
        },
        "description": "ID: 201<br>ID_PORTALE: 1<br>TIPO: Plesso<br>DENOMINAZIONE: Smith<br>CATEGORIA: <br>VIA_TIPO: VIA<br>VIA_DENOMINAZIONE: SMITH ADAMO<br>CIVICO: 19<br>BARRATO: <br>SEDE_TIPO: Sede<br>SEDE_DENOMINAZIONE: Sciacca<br>SEDE_CATEGORIA: IC<br>SEDE_VIA_TIPO: VIA<br>SEDE_VIA_DENOMINAZIONE: DE GOBBIS FRANCESCO<br>SEDE_CIVICO: 13<br>SEDE_BARRATO: <br>QUARTIERE: PALLAVICINO<br>QUARTIERE_NUMERO: 23",
        "ID": "201",
        "ID_PORTALE": "1",
        "TIPO": "Plesso",
        "DENOMINAZIONE": "Smith",
        "CATEGORIA": "",
        "VIA_TIPO": "VIA",
        "VIA_DENOMINAZIONE": "SMITH ADAMO",
        "CIVICO": "19",
        "BARRATO": "",
        "SEDE_TIPO": "Sede",
        "SEDE_DENOMINAZIONE": "Sciacca",
        "SEDE_CATEGORIA": "IC",
        "SEDE_VIA_TIPO": "VIA",
        "SEDE_VIA_DENOMINAZIONE": "DE GOBBIS FRANCESCO",
        "SEDE_CIVICO": "13",
        "SEDE_BARRATO": "",
        "QUARTIERE": "PALLAVICINO",
        "QUARTIERE_NUMERO": "23"
      },
      "geometry": {
        "type": "Point",
        "coordinates": [
          13.31168,
          38.176967,
          0
        ]
      }
    },
    {
      "type": "Feature",
      "properties": {
        "styleMapHash": {
          "normal": "#icon-503-93D7E8-normal",
          "highlight": "#icon-503-93D7E8-highlight"
        },
        "description": "ID: 153<br>ID_PORTALE: 1<br>TIPO: Plesso<br>DENOMINAZIONE: Archimede<br>CATEGORIA: <br>VIA_TIPO: PIAZZA<br>VIA_DENOMINAZIONE: CASTELNUOVO<br>CIVICO: 40<br>BARRATO: <br>SEDE_TIPO: Sede<br>SEDE_DENOMINAZIONE: La Masa<br>SEDE_CATEGORIA: IC<br>SEDE_VIA_TIPO: VIA<br>SEDE_VIA_DENOMINAZIONE: PIER DELLE VIGNE<br>SEDE_CIVICO: 13<br>SEDE_BARRATO: <br>QUARTIERE: POLITEAMA<br>QUARTIERE_NUMERO: 10",
        "ID": "153",
        "ID_PORTALE": "1",
        "TIPO": "Plesso",
        "DENOMINAZIONE": "Archimede",
        "CATEGORIA": "",
        "VIA_TIPO": "PIAZZA",
        "VIA_DENOMINAZIONE": "CASTELNUOVO",
        "CIVICO": "40",
        "BARRATO": "",
        "SEDE_TIPO": "Sede",
        "SEDE_DENOMINAZIONE": "La Masa",
        "SEDE_CATEGORIA": "IC",
        "SEDE_VIA_TIPO": "VIA",
        "SEDE_VIA_DENOMINAZIONE": "PIER DELLE VIGNE",
        "SEDE_CIVICO": "13",
        "SEDE_BARRATO": "",
        "QUARTIERE": "POLITEAMA",
        "QUARTIERE_NUMERO": "10"
      },
      "geometry": {
        "type": "Point",
        "coordinates": [
          13.353792,
          38.124282,
          0
        ]
      }
    },
    {
      "type": "Feature",
      "properties": {
        "styleMapHash": {
          "normal": "#icon-503-93D7E8-normal",
          "highlight": "#icon-503-93D7E8-highlight"
        },
        "description": "ID: 67<br>ID_PORTALE: 1<br>TIPO: Plesso<br>DENOMINAZIONE: La Cittadella<br>CATEGORIA: <br>VIA_TIPO: LARGO<br>VIA_DENOMINAZIONE: V.32<br>CIVICO: 1<br>BARRATO: <br>SEDE_TIPO: Sede<br>SEDE_DENOMINAZIONE: Salgari<br>SEDE_CATEGORIA: DD<br>SEDE_VIA_TIPO: VIA<br>SEDE_VIA_DENOMINAZIONE: PARATORE GIUSEPPE<br>SEDE_CIVICO: 34<br>SEDE_BARRATO: <br>QUARTIERE: VILLAGRAZIA-FALSOMIELE<br>QUARTIERE_NUMERO: 13",
        "ID": "67",
        "ID_PORTALE": "1",
        "TIPO": "Plesso",
        "DENOMINAZIONE": "La Cittadella",
        "CATEGORIA": "",
        "VIA_TIPO": "LARGO",
        "VIA_DENOMINAZIONE": "V.32",
        "CIVICO": "1",
        "BARRATO": "",
        "SEDE_TIPO": "Sede",
        "SEDE_DENOMINAZIONE": "Salgari",
        "SEDE_CATEGORIA": "DD",
        "SEDE_VIA_TIPO": "VIA",
        "SEDE_VIA_DENOMINAZIONE": "PARATORE GIUSEPPE",
        "SEDE_CIVICO": "34",
        "SEDE_BARRATO": "",
        "QUARTIERE": "VILLAGRAZIA-FALSOMIELE",
        "QUARTIERE_NUMERO": "13"
      },
      "geometry": {
        "type": "Point",
        "coordinates": [
          13.368308,
          38.094178,
          0
        ]
      }
    },
    {
      "type": "Feature",
      "properties": {
        "styleMapHash": {
          "normal": "#icon-503-3F5BA9-normal",
          "highlight": "#icon-503-3F5BA9-highlight"
        },
        "description": "ID: 161<br>ID_PORTALE: 1<br>TIPO: Sede<br>DENOMINAZIONE: Marconi<br>CATEGORIA: IC<br>VIA_TIPO: VIA<br>VIA_DENOMINAZIONE: DI GIORGIO ANTONINO GEN.<br>CIVICO: 4<br>BARRATO: <br>SEDE_TIPO: Sede<br>SEDE_DENOMINAZIONE: Marconi<br>SEDE_CATEGORIA: IC<br>SEDE_VIA_TIPO: VIA<br>SEDE_VIA_DENOMINAZIONE: DI GIORGIO ANTONINO GEN.<br>SEDE_CIVICO: 4<br>SEDE_BARRATO: <br>QUARTIERE: LIBERTA'<br>QUARTIERE_NUMERO: 9",
        "ID": "161",
        "ID_PORTALE": "1",
        "TIPO": "Sede",
        "DENOMINAZIONE": "Marconi",
        "CATEGORIA": "IC",
        "VIA_TIPO": "VIA",
        "VIA_DENOMINAZIONE": "DI GIORGIO ANTONINO GEN.",
        "CIVICO": "4",
        "BARRATO": "",
        "SEDE_TIPO": "Sede",
        "SEDE_DENOMINAZIONE": "Marconi",
        "SEDE_CATEGORIA": "IC",
        "SEDE_VIA_TIPO": "VIA",
        "SEDE_VIA_DENOMINAZIONE": "DI GIORGIO ANTONINO GEN.",
        "SEDE_CIVICO": "4",
        "SEDE_BARRATO": "",
        "QUARTIERE": "LIBERTA'",
        "QUARTIERE_NUMERO": "9"
      },
      "geometry": {
        "type": "Point",
        "coordinates": [
          13.343357,
          38.144057,
          0
        ]
      }
    },
    {
      "type": "Feature",
      "properties": {
        "styleMapHash": {
          "normal": "#icon-503-93D7E8-normal",
          "highlight": "#icon-503-93D7E8-highlight"
        },
        "description": "ID: 74<br>ID_PORTALE: 1<br>TIPO: Plesso<br>DENOMINAZIONE: Sileno<br>CATEGORIA: <br>VIA_TIPO: VIA<br>VIA_DENOMINAZIONE: MASSAIA GUGLIELMO CARDINALE<br>CIVICO: 189<br>BARRATO: <br>SEDE_TIPO: Sede<br>SEDE_DENOMINAZIONE: Arenella<br>SEDE_CATEGORIA: IC<br>SEDE_VIA_TIPO: LUNGOMARE<br>SEDE_VIA_DENOMINAZIONE: COLOMBO CRISTOFORO<br>SEDE_CIVICO: 240<br>SEDE_BARRATO: <br>QUARTIERE: ARENELLA-VERGINE MARIA<br>QUARTIERE_NUMERO: 25",
        "ID": "74",
        "ID_PORTALE": "1",
        "TIPO": "Plesso",
        "DENOMINAZIONE": "Sileno",
        "CATEGORIA": "",
        "VIA_TIPO": "VIA",
        "VIA_DENOMINAZIONE": "MASSAIA GUGLIELMO CARDINALE",
        "CIVICO": "189",
        "BARRATO": "",
        "SEDE_TIPO": "Sede",
        "SEDE_DENOMINAZIONE": "Arenella",
        "SEDE_CATEGORIA": "IC",
        "SEDE_VIA_TIPO": "LUNGOMARE",
        "SEDE_VIA_DENOMINAZIONE": "COLOMBO CRISTOFORO",
        "SEDE_CIVICO": "240",
        "SEDE_BARRATO": "",
        "QUARTIERE": "ARENELLA-VERGINE MARIA",
        "QUARTIERE_NUMERO": "25"
      },
      "geometry": {
        "type": "Point",
        "coordinates": [
          13.371072,
          38.15481,
          0
        ]
      }
    },
    {
      "type": "Feature",
      "properties": {
        "styleMapHash": {
          "normal": "#icon-503-93D7E8-normal",
          "highlight": "#icon-503-93D7E8-highlight"
        },
        "description": "ID: 122<br>ID_PORTALE: 1<br>TIPO: Plesso<br>DENOMINAZIONE: Kolbe<br>CATEGORIA: <br>VIA_TIPO: VIA<br>VIA_DENOMINAZIONE: PADRE MASSIMILIANO KOLBE<br>CIVICO: 10<br>BARRATO: <br>SEDE_TIPO: Sede<br>SEDE_DENOMINAZIONE: R. Guttuso<br>SEDE_CATEGORIA: IC<br>SEDE_VIA_TIPO: VIA<br>SEDE_VIA_DENOMINAZIONE: MESSINA MARINE<br>SEDE_CIVICO: 811<br>SEDE_BARRATO: <br>QUARTIERE: SETTECANNOLI<br>QUARTIERE_NUMERO: 11",
        "ID": "122",
        "ID_PORTALE": "1",
        "TIPO": "Plesso",
        "DENOMINAZIONE": "Kolbe",
        "CATEGORIA": "",
        "VIA_TIPO": "VIA",
        "VIA_DENOMINAZIONE": "PADRE MASSIMILIANO KOLBE",
        "CIVICO": "10",
        "BARRATO": "",
        "SEDE_TIPO": "Sede",
        "SEDE_DENOMINAZIONE": "R. Guttuso",
        "SEDE_CATEGORIA": "IC",
        "SEDE_VIA_TIPO": "VIA",
        "SEDE_VIA_DENOMINAZIONE": "MESSINA MARINE",
        "SEDE_CIVICO": "811",
        "SEDE_BARRATO": "",
        "QUARTIERE": "SETTECANNOLI",
        "QUARTIERE_NUMERO": "11"
      },
      "geometry": {
        "type": "Point",
        "coordinates": [
          13.42535,
          38.095124,
          0
        ]
      }
    },
    {
      "type": "Feature",
      "properties": {
        "styleMapHash": {
          "normal": "#icon-503-93D7E8-normal",
          "highlight": "#icon-503-93D7E8-highlight"
        },
        "description": "ID: 172<br>ID_PORTALE: 1<br>TIPO: Plesso<br>DENOMINAZIONE: Angelo Custode<br>CATEGORIA: <br>VIA_TIPO: VIA<br>VIA_DENOMINAZIONE: VILLAGRAZIA<br>CIVICO: 40<br>BARRATO: <br>SEDE_TIPO: Sede<br>SEDE_DENOMINAZIONE: Mare Dolce ex Quasimodo-Oberdan<br>SEDE_CATEGORIA: IC<br>SEDE_VIA_TIPO: VIA<br>SEDE_VIA_DENOMINAZIONE: FICHIDINDIA<br>SEDE_CIVICO: 6<br>SEDE_BARRATO: <br>QUARTIERE: ORETO-STAZIONE<br>QUARTIERE_NUMERO: 3",
        "ID": "172",
        "ID_PORTALE": "1",
        "TIPO": "Plesso",
        "DENOMINAZIONE": "Angelo Custode",
        "CATEGORIA": "",
        "VIA_TIPO": "VIA",
        "VIA_DENOMINAZIONE": "VILLAGRAZIA",
        "CIVICO": "40",
        "BARRATO": "",
        "SEDE_TIPO": "Sede",
        "SEDE_DENOMINAZIONE": "Mare Dolce ex Quasimodo-Oberdan",
        "SEDE_CATEGORIA": "IC",
        "SEDE_VIA_TIPO": "VIA",
        "SEDE_VIA_DENOMINAZIONE": "FICHIDINDIA",
        "SEDE_CIVICO": "6",
        "SEDE_BARRATO": "",
        "QUARTIERE": "ORETO-STAZIONE",
        "QUARTIERE_NUMERO": "3"
      },
      "geometry": {
        "type": "Point",
        "coordinates": [
          13.368482,
          38.097351,
          0
        ]
      }
    },
    {
      "type": "Feature",
      "properties": {
        "styleMapHash": {
          "normal": "#icon-503-93D7E8-normal",
          "highlight": "#icon-503-93D7E8-highlight"
        },
        "description": "ID: 132<br>ID_PORTALE: 1<br>TIPO: Plesso<br>DENOMINAZIONE: Astorino<br>CATEGORIA: <br>VIA_TIPO: VIA<br>VIA_DENOMINAZIONE: ASTORINO GERARDO<br>CIVICO: 21<br>BARRATO: <br>SEDE_TIPO: Sede<br>SEDE_DENOMINAZIONE: Florio - San Lorenzo<br>SEDE_CATEGORIA: IC<br>SEDE_VIA_TIPO: VIA<br>SEDE_VIA_DENOMINAZIONE: DI GIOVANNI FILIPPO<br>SEDE_CIVICO: 88<br>SEDE_BARRATO: <br>QUARTIERE: PALLAVICINO<br>QUARTIERE_NUMERO: 23",
        "ID": "132",
        "ID_PORTALE": "1",
        "TIPO": "Plesso",
        "DENOMINAZIONE": "Astorino",
        "CATEGORIA": "",
        "VIA_TIPO": "VIA",
        "VIA_DENOMINAZIONE": "ASTORINO GERARDO",
        "CIVICO": "21",
        "BARRATO": "",
        "SEDE_TIPO": "Sede",
        "SEDE_DENOMINAZIONE": "Florio - San Lorenzo",
        "SEDE_CATEGORIA": "IC",
        "SEDE_VIA_TIPO": "VIA",
        "SEDE_VIA_DENOMINAZIONE": "DI GIOVANNI FILIPPO",
        "SEDE_CIVICO": "88",
        "SEDE_BARRATO": "",
        "QUARTIERE": "PALLAVICINO",
        "QUARTIERE_NUMERO": "23"
      },
      "geometry": {
        "type": "Point",
        "coordinates": [
          13.324508,
          38.16521,
          0
        ]
      }
    },
    {
      "type": "Feature",
      "properties": {
        "styleMapHash": {
          "normal": "#icon-503-93D7E8-normal",
          "highlight": "#icon-503-93D7E8-highlight"
        },
        "description": "ID: 148<br>ID_PORTALE: 1<br>TIPO: Plesso<br>DENOMINAZIONE: La Masa<br>CATEGORIA: <br>VIA_TIPO: VIA<br>VIA_DENOMINAZIONE: LA MASA GIUSEPPE<br>CIVICO: 17<br>BARRATO: <br>SEDE_TIPO: Sede<br>SEDE_DENOMINAZIONE: La Masa<br>SEDE_CATEGORIA: IC<br>SEDE_VIA_TIPO: VIA<br>SEDE_VIA_DENOMINAZIONE: PIER DELLE VIGNE<br>SEDE_CIVICO: 13<br>SEDE_BARRATO: <br>QUARTIERE: POLITEAMA<br>QUARTIERE_NUMERO: 10",
        "ID": "148",
        "ID_PORTALE": "1",
        "TIPO": "Plesso",
        "DENOMINAZIONE": "La Masa",
        "CATEGORIA": "",
        "VIA_TIPO": "VIA",
        "VIA_DENOMINAZIONE": "LA MASA GIUSEPPE",
        "CIVICO": "17",
        "BARRATO": "",
        "SEDE_TIPO": "Sede",
        "SEDE_DENOMINAZIONE": "La Masa",
        "SEDE_CATEGORIA": "IC",
        "SEDE_VIA_TIPO": "VIA",
        "SEDE_VIA_DENOMINAZIONE": "PIER DELLE VIGNE",
        "SEDE_CIVICO": "13",
        "SEDE_BARRATO": "",
        "QUARTIERE": "POLITEAMA",
        "QUARTIERE_NUMERO": "10"
      },
      "geometry": {
        "type": "Point",
        "coordinates": [
          13.361676,
          38.125516,
          0
        ]
      }
    },
    {
      "type": "Feature",
      "properties": {
        "styleMapHash": {
          "normal": "#icon-503-93D7E8-normal",
          "highlight": "#icon-503-93D7E8-highlight"
        },
        "description": "ID: 256<br>ID_PORTALE: 1<br>TIPO: Plesso<br>DENOMINAZIONE: Succursale A<br>CATEGORIA: <br>VIA_TIPO: VIA<br>VIA_DENOMINAZIONE: PIAZZA VITO CESARE<br>CIVICO: 14<br>BARRATO: <br>SEDE_TIPO: Sede<br>SEDE_DENOMINAZIONE: Gramsci<br>SEDE_CATEGORIA: SMS<br>SEDE_VIA_TIPO: VIA<br>SEDE_VIA_DENOMINAZIONE: LA LOGGIA GAETANO<br>SEDE_CIVICO: 214<br>SEDE_BARRATO: <br>QUARTIERE: MEZZOMONREALE-V.LLA TASCA<br>QUARTIERE_NUMERO: 14",
        "ID": "256",
        "ID_PORTALE": "1",
        "TIPO": "Plesso",
        "DENOMINAZIONE": "Succursale A",
        "CATEGORIA": "",
        "VIA_TIPO": "VIA",
        "VIA_DENOMINAZIONE": "PIAZZA VITO CESARE",
        "CIVICO": "14",
        "BARRATO": "",
        "SEDE_TIPO": "Sede",
        "SEDE_DENOMINAZIONE": "Gramsci",
        "SEDE_CATEGORIA": "SMS",
        "SEDE_VIA_TIPO": "VIA",
        "SEDE_VIA_DENOMINAZIONE": "LA LOGGIA GAETANO",
        "SEDE_CIVICO": "214",
        "SEDE_BARRATO": "",
        "QUARTIERE": "MEZZOMONREALE-V.LLA TASCA",
        "QUARTIERE_NUMERO": "14"
      },
      "geometry": {
        "type": "Point",
        "coordinates": [
          13.332352,
          38.106328,
          0
        ]
      }
    },
    {
      "type": "Feature",
      "properties": {
        "styleMapHash": {
          "normal": "#icon-503-3F5BA9-normal",
          "highlight": "#icon-503-3F5BA9-highlight"
        },
        "description": "ID: 165<br>ID_PORTALE: 1<br>TIPO: Sede<br>DENOMINAZIONE: Mare Dolce ex Quasimodo-Oberdan<br>CATEGORIA: IC<br>VIA_TIPO: VIA<br>VIA_DENOMINAZIONE: FICHIDINDIA<br>CIVICO: 6<br>BARRATO: <br>SEDE_TIPO: Sede<br>SEDE_DENOMINAZIONE: Mare Dolce ex Quasimodo-Oberdan<br>SEDE_CATEGORIA: IC<br>SEDE_VIA_TIPO: VIA<br>SEDE_VIA_DENOMINAZIONE: FICHIDINDIA<br>SEDE_CIVICO: 6<br>SEDE_BARRATO: <br>QUARTIERE: ORETO-STAZIONE<br>QUARTIERE_NUMERO: 3",
        "ID": "165",
        "ID_PORTALE": "1",
        "TIPO": "Sede",
        "DENOMINAZIONE": "Mare Dolce ex Quasimodo-Oberdan",
        "CATEGORIA": "IC",
        "VIA_TIPO": "VIA",
        "VIA_DENOMINAZIONE": "FICHIDINDIA",
        "CIVICO": "6",
        "BARRATO": "",
        "SEDE_TIPO": "Sede",
        "SEDE_DENOMINAZIONE": "Mare Dolce ex Quasimodo-Oberdan",
        "SEDE_CATEGORIA": "IC",
        "SEDE_VIA_TIPO": "VIA",
        "SEDE_VIA_DENOMINAZIONE": "FICHIDINDIA",
        "SEDE_CIVICO": "6",
        "SEDE_BARRATO": "",
        "QUARTIERE": "ORETO-STAZIONE",
        "QUARTIERE_NUMERO": "3"
      },
      "geometry": {
        "type": "Point",
        "coordinates": [
          13.374835,
          38.096473,
          0
        ]
      }
    },
    {
      "type": "Feature",
      "properties": {
        "styleMapHash": {
          "normal": "#icon-503-3F5BA9-normal",
          "highlight": "#icon-503-3F5BA9-highlight"
        },
        "description": "ID: 48<br>ID_PORTALE: 1<br>TIPO: Sede<br>DENOMINAZIONE: Maneri - Ingrassia<br>CATEGORIA: DD<br>VIA_TIPO: VIALE<br>VIA_DENOMINAZIONE: DEI PICCIOTTI<br>CIVICO: 8<br>BARRATO: <br>SEDE_TIPO: Sede<br>SEDE_DENOMINAZIONE: Maneri - Ingrassia<br>SEDE_CATEGORIA: DD<br>SEDE_VIA_TIPO: VIALE<br>SEDE_VIA_DENOMINAZIONE: DEI PICCIOTTI<br>SEDE_CIVICO: 8<br>SEDE_BARRATO: <br>QUARTIERE: SETTECANNOLI<br>QUARTIERE_NUMERO: 11",
        "ID": "48",
        "ID_PORTALE": "1",
        "TIPO": "Sede",
        "DENOMINAZIONE": "Maneri - Ingrassia",
        "CATEGORIA": "DD",
        "VIA_TIPO": "VIALE",
        "VIA_DENOMINAZIONE": "DEI PICCIOTTI",
        "CIVICO": "8",
        "BARRATO": "",
        "SEDE_TIPO": "Sede",
        "SEDE_DENOMINAZIONE": "Maneri - Ingrassia",
        "SEDE_CATEGORIA": "DD",
        "SEDE_VIA_TIPO": "VIALE",
        "SEDE_VIA_DENOMINAZIONE": "DEI PICCIOTTI",
        "SEDE_CIVICO": "8",
        "SEDE_BARRATO": "",
        "QUARTIERE": "SETTECANNOLI",
        "QUARTIERE_NUMERO": "11"
      },
      "geometry": {
        "type": "Point",
        "coordinates": [
          13.38356,
          38.103955,
          0
        ]
      }
    },
    {
      "type": "Feature",
      "properties": {
        "styleMapHash": {
          "normal": "#icon-503-93D7E8-normal",
          "highlight": "#icon-503-93D7E8-highlight"
        },
        "description": "ID: 233<br>ID_PORTALE: 1<br>TIPO: Plesso<br>DENOMINAZIONE: Setti Carraro<br>CATEGORIA: <br>VIA_TIPO: VIA<br>VIA_DENOMINAZIONE: TIEPOLO GIOVAN BATTISTA<br>CIVICO: 4<br>BARRATO: <br>SEDE_TIPO: Sede<br>SEDE_DENOMINAZIONE: Uditore - Setti Carraro<br>SEDE_CATEGORIA: IC<br>SEDE_VIA_TIPO: VIA<br>SEDE_VIA_DENOMINAZIONE: CIMABUE GIOVANNI<br>SEDE_CIVICO: 20<br>SEDE_BARRATO: <br>QUARTIERE: UDITORE- PASSO DI RIGANO<br>QUARTIERE_NUMERO: 17",
        "ID": "233",
        "ID_PORTALE": "1",
        "TIPO": "Plesso",
        "DENOMINAZIONE": "Setti Carraro",
        "CATEGORIA": "",
        "VIA_TIPO": "VIA",
        "VIA_DENOMINAZIONE": "TIEPOLO GIOVAN BATTISTA",
        "CIVICO": "4",
        "BARRATO": "",
        "SEDE_TIPO": "Sede",
        "SEDE_DENOMINAZIONE": "Uditore - Setti Carraro",
        "SEDE_CATEGORIA": "IC",
        "SEDE_VIA_TIPO": "VIA",
        "SEDE_VIA_DENOMINAZIONE": "CIMABUE GIOVANNI",
        "SEDE_CIVICO": "20",
        "SEDE_BARRATO": "",
        "QUARTIERE": "UDITORE- PASSO DI RIGANO",
        "QUARTIERE_NUMERO": "17"
      },
      "geometry": {
        "type": "Point",
        "coordinates": [
          13.321953,
          38.135004,
          0
        ]
      }
    },
    {
      "type": "Feature",
      "properties": {
        "styleMapHash": {
          "normal": "#icon-503-93D7E8-normal",
          "highlight": "#icon-503-93D7E8-highlight"
        },
        "description": "ID: 102<br>ID_PORTALE: 1<br>TIPO: Plesso<br>DENOMINAZIONE: Jack London<br>CATEGORIA: <br>VIA_TIPO: VIA<br>VIA_DENOMINAZIONE: LONDON JACK<br>CIVICO: 1<br>BARRATO: <br>SEDE_TIPO: Sede<br>SEDE_DENOMINAZIONE: A. Caponnetto<br>SEDE_CATEGORIA: IC<br>SEDE_VIA_TIPO: VIA<br>SEDE_VIA_DENOMINAZIONE: SOCRATE<br>SEDE_CIVICO: 11<br>SEDE_BARRATO: <br>QUARTIERE: TOMMASO NATALE- SFERRACAVALLO<br>QUARTIERE_NUMERO: 21",
        "ID": "102",
        "ID_PORTALE": "1",
        "TIPO": "Plesso",
        "DENOMINAZIONE": "Jack London",
        "CATEGORIA": "",
        "VIA_TIPO": "VIA",
        "VIA_DENOMINAZIONE": "LONDON JACK",
        "CIVICO": "1",
        "BARRATO": "",
        "SEDE_TIPO": "Sede",
        "SEDE_DENOMINAZIONE": "A. Caponnetto",
        "SEDE_CATEGORIA": "IC",
        "SEDE_VIA_TIPO": "VIA",
        "SEDE_VIA_DENOMINAZIONE": "SOCRATE",
        "SEDE_CIVICO": "11",
        "SEDE_BARRATO": "",
        "QUARTIERE": "TOMMASO NATALE- SFERRACAVALLO",
        "QUARTIERE_NUMERO": "21"
      },
      "geometry": {
        "type": "Point",
        "coordinates": [
          13.29165,
          38.189199,
          0
        ]
      }
    },
    {
      "type": "Feature",
      "properties": {
        "styleMapHash": {
          "normal": "#icon-503-93D7E8-normal",
          "highlight": "#icon-503-93D7E8-highlight"
        },
        "description": "ID: 53<br>ID_PORTALE: 1<br>TIPO: Plesso<br>DENOMINAZIONE: Alongi<br>CATEGORIA: <br>VIA_TIPO: VIA<br>VIA_DENOMINAZIONE: ALONGI NICOLO'<br>CIVICO: 8<br>BARRATO: <br>SEDE_TIPO: Sede<br>SEDE_DENOMINAZIONE: Salgari<br>SEDE_CATEGORIA: DD<br>SEDE_VIA_TIPO: VIA<br>SEDE_VIA_DENOMINAZIONE: PARATORE GIUSEPPE<br>SEDE_CIVICO: 34<br>SEDE_BARRATO: <br>QUARTIERE: ORETO-STAZIONE<br>QUARTIERE_NUMERO: 3",
        "ID": "53",
        "ID_PORTALE": "1",
        "TIPO": "Plesso",
        "DENOMINAZIONE": "Alongi",
        "CATEGORIA": "",
        "VIA_TIPO": "VIA",
        "VIA_DENOMINAZIONE": "ALONGI NICOLO'",
        "CIVICO": "8",
        "BARRATO": "",
        "SEDE_TIPO": "Sede",
        "SEDE_DENOMINAZIONE": "Salgari",
        "SEDE_CATEGORIA": "DD",
        "SEDE_VIA_TIPO": "VIA",
        "SEDE_VIA_DENOMINAZIONE": "PARATORE GIUSEPPE",
        "SEDE_CIVICO": "34",
        "SEDE_BARRATO": "",
        "QUARTIERE": "ORETO-STAZIONE",
        "QUARTIERE_NUMERO": "3"
      },
      "geometry": {
        "type": "Point",
        "coordinates": [
          13.377489,
          38.094037,
          0
        ]
      }
    },
    {
      "type": "Feature",
      "properties": {
        "styleMapHash": {
          "normal": "#icon-503-93D7E8-normal",
          "highlight": "#icon-503-93D7E8-highlight"
        },
        "description": "ID: 267<br>ID_PORTALE: 1<br>TIPO: Plesso<br>DENOMINAZIONE: Barone Scala<br>CATEGORIA: <br>VIA_TIPO: BAGLIO<br>VIA_DENOMINAZIONE: BARONE DELLA SCALA<br>CIVICO: 7<br>BARRATO: <br>SEDE_TIPO: Sede<br>SEDE_DENOMINAZIONE: Giuseppe Scelsa<br>SEDE_CATEGORIA: IC<br>SEDE_VIA_TIPO: VIA<br>SEDE_VIA_DENOMINAZIONE: VILLANI GIOVANNI<br>SEDE_CIVICO: <br>SEDE_BARRATO: <br>QUARTIERE: VILLAGRAZIA-FALSOMIELE<br>QUARTIERE_NUMERO: 13",
        "ID": "267",
        "ID_PORTALE": "1",
        "TIPO": "Plesso",
        "DENOMINAZIONE": "Barone Scala",
        "CATEGORIA": "",
        "VIA_TIPO": "BAGLIO",
        "VIA_DENOMINAZIONE": "BARONE DELLA SCALA",
        "CIVICO": "7",
        "BARRATO": "",
        "SEDE_TIPO": "Sede",
        "SEDE_DENOMINAZIONE": "Giuseppe Scelsa",
        "SEDE_CATEGORIA": "IC",
        "SEDE_VIA_TIPO": "VIA",
        "SEDE_VIA_DENOMINAZIONE": "VILLANI GIOVANNI",
        "SEDE_CIVICO": "",
        "SEDE_BARRATO": "",
        "QUARTIERE": "VILLAGRAZIA-FALSOMIELE",
        "QUARTIERE_NUMERO": "13"
      },
      "geometry": {
        "type": "Point",
        "coordinates": [
          13.34655,
          38.085029,
          0
        ]
      }
    },
    {
      "type": "Feature",
      "properties": {
        "styleMapHash": {
          "normal": "#icon-503-93D7E8-normal",
          "highlight": "#icon-503-93D7E8-highlight"
        },
        "description": "ID: 164<br>ID_PORTALE: 1<br>TIPO: Plesso<br>DENOMINAZIONE: Lambruschini<br>CATEGORIA: <br>VIA_TIPO: VIA<br>VIA_DENOMINAZIONE: DON GIOVANNI MINZONI<br>CIVICO: 3<br>BARRATO: <br>SEDE_TIPO: Sede<br>SEDE_DENOMINAZIONE: Marconi<br>SEDE_CATEGORIA: IC<br>SEDE_VIA_TIPO: VIA<br>SEDE_VIA_DENOMINAZIONE: DI GIORGIO ANTONINO GEN.<br>SEDE_CIVICO: 4<br>SEDE_BARRATO: <br>QUARTIERE: MONTE PELLEGRINO<br>QUARTIERE_NUMERO: 24",
        "ID": "164",
        "ID_PORTALE": "1",
        "TIPO": "Plesso",
        "DENOMINAZIONE": "Lambruschini",
        "CATEGORIA": "",
        "VIA_TIPO": "VIA",
        "VIA_DENOMINAZIONE": "DON GIOVANNI MINZONI",
        "CIVICO": "3",
        "BARRATO": "",
        "SEDE_TIPO": "Sede",
        "SEDE_DENOMINAZIONE": "Marconi",
        "SEDE_CATEGORIA": "IC",
        "SEDE_VIA_TIPO": "VIA",
        "SEDE_VIA_DENOMINAZIONE": "DI GIORGIO ANTONINO GEN.",
        "SEDE_CIVICO": "4",
        "SEDE_BARRATO": "",
        "QUARTIERE": "MONTE PELLEGRINO",
        "QUARTIERE_NUMERO": "24"
      },
      "geometry": {
        "type": "Point",
        "coordinates": [
          13.34992,
          38.145571,
          0
        ]
      }
    },
    {
      "type": "Feature",
      "properties": {
        "styleMapHash": {
          "normal": "#icon-503-93D7E8-normal",
          "highlight": "#icon-503-93D7E8-highlight"
        },
        "description": "ID: 257<br>ID_PORTALE: 1<br>TIPO: Plesso<br>DENOMINAZIONE: Succursale B<br>CATEGORIA: <br>VIA_TIPO: VIA<br>VIA_DENOMINAZIONE: ARCOLEO GIUSEPPE<br>CIVICO: 78<br>BARRATO: <br>SEDE_TIPO: Sede<br>SEDE_DENOMINAZIONE: Gramsci<br>SEDE_CATEGORIA: SMS<br>SEDE_VIA_TIPO: VIA<br>SEDE_VIA_DENOMINAZIONE: LA LOGGIA GAETANO<br>SEDE_CIVICO: 214<br>SEDE_BARRATO: <br>QUARTIERE: MEZZOMONREALE-V.LLA TASCA<br>QUARTIERE_NUMERO: 14",
        "ID": "257",
        "ID_PORTALE": "1",
        "TIPO": "Plesso",
        "DENOMINAZIONE": "Succursale B",
        "CATEGORIA": "",
        "VIA_TIPO": "VIA",
        "VIA_DENOMINAZIONE": "ARCOLEO GIUSEPPE",
        "CIVICO": "78",
        "BARRATO": "",
        "SEDE_TIPO": "Sede",
        "SEDE_DENOMINAZIONE": "Gramsci",
        "SEDE_CATEGORIA": "SMS",
        "SEDE_VIA_TIPO": "VIA",
        "SEDE_VIA_DENOMINAZIONE": "LA LOGGIA GAETANO",
        "SEDE_CIVICO": "214",
        "SEDE_BARRATO": "",
        "QUARTIERE": "MEZZOMONREALE-V.LLA TASCA",
        "QUARTIERE_NUMERO": "14"
      },
      "geometry": {
        "type": "Point",
        "coordinates": [
          13.333174,
          38.106859,
          0
        ]
      }
    },
    {
      "type": "Feature",
      "properties": {
        "styleMapHash": {
          "normal": "#icon-503-3F5BA9-normal",
          "highlight": "#icon-503-3F5BA9-highlight"
        },
        "description": "ID: 174<br>ID_PORTALE: 1<br>TIPO: Sede<br>DENOMINAZIONE: Mattarella<br>CATEGORIA: IC<br>VIA_TIPO: VIA<br>VIA_DENOMINAZIONE: DELLA GIRAFFA<br>CIVICO: <br>BARRATO: <br>SEDE_TIPO: Sede<br>SEDE_DENOMINAZIONE: Mattarella<br>SEDE_CATEGORIA: IC<br>SEDE_VIA_TIPO: VIA<br>SEDE_VIA_DENOMINAZIONE: DELLA GIRAFFA<br>SEDE_CIVICO: <br>SEDE_BARRATO: <br>QUARTIERE: VILLAGRAZIA-FALSOMIELE<br>QUARTIERE_NUMERO: 13",
        "ID": "174",
        "ID_PORTALE": "1",
        "TIPO": "Sede",
        "DENOMINAZIONE": "Mattarella",
        "CATEGORIA": "IC",
        "VIA_TIPO": "VIA",
        "VIA_DENOMINAZIONE": "DELLA GIRAFFA",
        "CIVICO": "",
        "BARRATO": "",
        "SEDE_TIPO": "Sede",
        "SEDE_DENOMINAZIONE": "Mattarella",
        "SEDE_CATEGORIA": "IC",
        "SEDE_VIA_TIPO": "VIA",
        "SEDE_VIA_DENOMINAZIONE": "DELLA GIRAFFA",
        "SEDE_CIVICO": "",
        "SEDE_BARRATO": "",
        "QUARTIERE": "VILLAGRAZIA-FALSOMIELE",
        "QUARTIERE_NUMERO": "13"
      },
      "geometry": {
        "type": "Point",
        "coordinates": [
          13.360969,
          38.083583,
          0
        ]
      }
    },
    {
      "type": "Feature",
      "properties": {
        "styleMapHash": {
          "normal": "#icon-503-3F5BA9-normal",
          "highlight": "#icon-503-3F5BA9-highlight"
        },
        "description": "ID: 160<br>ID_PORTALE: 1<br>TIPO: Sede<br>DENOMINAZIONE: Lombardo Radice - Mazzini<br>CATEGORIA: IC<br>VIA_TIPO: CORSO<br>VIA_DENOMINAZIONE: CALATAFIMI<br>CIVICO: 241<br>BARRATO: A<br>SEDE_TIPO: Sede<br>SEDE_DENOMINAZIONE: Lombardo Radice - Mazzini<br>SEDE_CATEGORIA: IC<br>SEDE_VIA_TIPO: CORSO<br>SEDE_VIA_DENOMINAZIONE: CALATAFIMI<br>SEDE_CIVICO: 241<br>SEDE_BARRATO: A<br>QUARTIERE: CUBA-CALATAFIMI<br>QUARTIERE_NUMERO: 5",
        "ID": "160",
        "ID_PORTALE": "1",
        "TIPO": "Sede",
        "DENOMINAZIONE": "Lombardo Radice - Mazzini",
        "CATEGORIA": "IC",
        "VIA_TIPO": "CORSO",
        "VIA_DENOMINAZIONE": "CALATAFIMI",
        "CIVICO": "241",
        "BARRATO": "A",
        "SEDE_TIPO": "Sede",
        "SEDE_DENOMINAZIONE": "Lombardo Radice - Mazzini",
        "SEDE_CATEGORIA": "IC",
        "SEDE_VIA_TIPO": "CORSO",
        "SEDE_VIA_DENOMINAZIONE": "CALATAFIMI",
        "SEDE_CIVICO": "241",
        "SEDE_BARRATO": "A",
        "QUARTIERE": "CUBA-CALATAFIMI",
        "QUARTIERE_NUMERO": "5"
      },
      "geometry": {
        "type": "Point",
        "coordinates": [
          13.343843,
          38.108752,
          0
        ]
      }
    },
    {
      "type": "Feature",
      "properties": {
        "styleMapHash": {
          "normal": "#icon-503-93D7E8-normal",
          "highlight": "#icon-503-93D7E8-highlight"
        },
        "description": "ID: 151<br>ID_PORTALE: 1<br>TIPO: Plesso<br>DENOMINAZIONE: Serportta<br>CATEGORIA: <br>VIA_TIPO: VIA<br>VIA_DENOMINAZIONE: PIER DELLE VIGNE<br>CIVICO: 8<br>BARRATO: <br>SEDE_TIPO: Sede<br>SEDE_DENOMINAZIONE: La Masa<br>SEDE_CATEGORIA: IC<br>SEDE_VIA_TIPO: VIA<br>SEDE_VIA_DENOMINAZIONE: PIER DELLE VIGNE<br>SEDE_CIVICO: 13<br>SEDE_BARRATO: <br>QUARTIERE: POLITEAMA<br>QUARTIERE_NUMERO: 10",
        "ID": "151",
        "ID_PORTALE": "1",
        "TIPO": "Plesso",
        "DENOMINAZIONE": "Serportta",
        "CATEGORIA": "",
        "VIA_TIPO": "VIA",
        "VIA_DENOMINAZIONE": "PIER DELLE VIGNE",
        "CIVICO": "8",
        "BARRATO": "",
        "SEDE_TIPO": "Sede",
        "SEDE_DENOMINAZIONE": "La Masa",
        "SEDE_CATEGORIA": "IC",
        "SEDE_VIA_TIPO": "VIA",
        "SEDE_VIA_DENOMINAZIONE": "PIER DELLE VIGNE",
        "SEDE_CIVICO": "13",
        "SEDE_BARRATO": "",
        "QUARTIERE": "POLITEAMA",
        "QUARTIERE_NUMERO": "10"
      },
      "geometry": {
        "type": "Point",
        "coordinates": [
          13.357965,
          38.130407,
          0
        ]
      }
    },
    {
      "type": "Feature",
      "properties": {
        "styleMapHash": {
          "normal": "#icon-503-93D7E8-normal",
          "highlight": "#icon-503-93D7E8-highlight"
        },
        "description": "ID: 95<br>ID_PORTALE: 1<br>TIPO: Plesso<br>DENOMINAZIONE: Irrera<br>CATEGORIA: <br>VIA_TIPO: VIALE<br>VIA_DENOMINAZIONE: REGIONE SICILIANA N.O.<br>CIVICO: 165<br>BARRATO: <br>SEDE_TIPO: Sede<br>SEDE_DENOMINAZIONE: Ragusa Moletti<br>SEDE_CATEGORIA: DD<br>SEDE_VIA_TIPO: VIA<br>SEDE_VIA_DENOMINAZIONE: RAGUSA MOLETI<br>SEDE_CIVICO: 8<br>SEDE_BARRATO: <br>QUARTIERE: MEZZOMONREALE-V.LLA TASCA<br>QUARTIERE_NUMERO: 14",
        "ID": "95",
        "ID_PORTALE": "1",
        "TIPO": "Plesso",
        "DENOMINAZIONE": "Irrera",
        "CATEGORIA": "",
        "VIA_TIPO": "VIALE",
        "VIA_DENOMINAZIONE": "REGIONE SICILIANA N.O.",
        "CIVICO": "165",
        "BARRATO": "",
        "SEDE_TIPO": "Sede",
        "SEDE_DENOMINAZIONE": "Ragusa Moletti",
        "SEDE_CATEGORIA": "DD",
        "SEDE_VIA_TIPO": "VIA",
        "SEDE_VIA_DENOMINAZIONE": "RAGUSA MOLETI",
        "SEDE_CIVICO": "8",
        "SEDE_BARRATO": "",
        "QUARTIERE": "MEZZOMONREALE-V.LLA TASCA",
        "QUARTIERE_NUMERO": "14"
      },
      "geometry": {
        "type": "Point",
        "coordinates": [
          13.331241,
          38.104743,
          0
        ]
      }
    },
    {
      "type": "Feature",
      "properties": {
        "styleMapHash": {
          "normal": "#icon-503-93D7E8-normal",
          "highlight": "#icon-503-93D7E8-highlight"
        },
        "description": "ID: 57<br>ID_PORTALE: 1<br>TIPO: Plesso<br>DENOMINAZIONE: Aloi<br>CATEGORIA: <br>VIA_TIPO: VIA<br>VIA_DENOMINAZIONE: MONETA ERNESTO TEODORO<br>CIVICO: <br>BARRATO: <br>SEDE_TIPO: Sede<br>SEDE_DENOMINAZIONE: T. Bartolomeo<br>SEDE_CATEGORIA: DD<br>SEDE_VIA_TIPO: VIA<br>SEDE_VIA_DENOMINAZIONE: DEL CASTORO<br>SEDE_CIVICO: 13<br>SEDE_BARRATO: <br>QUARTIERE: VILLAGRAZIA-FALSOMIELE<br>QUARTIERE_NUMERO: 13",
        "ID": "57",
        "ID_PORTALE": "1",
        "TIPO": "Plesso",
        "DENOMINAZIONE": "Aloi",
        "CATEGORIA": "",
        "VIA_TIPO": "VIA",
        "VIA_DENOMINAZIONE": "MONETA ERNESTO TEODORO",
        "CIVICO": "",
        "BARRATO": "",
        "SEDE_TIPO": "Sede",
        "SEDE_DENOMINAZIONE": "T. Bartolomeo",
        "SEDE_CATEGORIA": "DD",
        "SEDE_VIA_TIPO": "VIA",
        "SEDE_VIA_DENOMINAZIONE": "DEL CASTORO",
        "SEDE_CIVICO": "13",
        "SEDE_BARRATO": "",
        "QUARTIERE": "VILLAGRAZIA-FALSOMIELE",
        "QUARTIERE_NUMERO": "13"
      },
      "geometry": {
        "type": "Point",
        "coordinates": [
          13.352939,
          38.085449,
          0
        ]
      }
    },
    {
      "type": "Feature",
      "properties": {
        "styleMapHash": {
          "normal": "#icon-503-93D7E8-normal",
          "highlight": "#icon-503-93D7E8-highlight"
        },
        "description": "ID: 157<br>ID_PORTALE: 1<br>TIPO: Plesso<br>DENOMINAZIONE: Baviera<br>CATEGORIA: <br>VIA_TIPO: VIA<br>VIA_DENOMINAZIONE: BAVIERA GIOVANNI<br>CIVICO: 22<br>BARRATO: <br>SEDE_TIPO: Sede<br>SEDE_DENOMINAZIONE: Elena<br>SEDE_CATEGORIA: IC<br>SEDE_VIA_TIPO: VIA<br>SEDE_VIA_DENOMINAZIONE: USTICA<br>SEDE_CIVICO: 46<br>SEDE_BARRATO: <br>QUARTIERE: UDITORE- PASSO DI RIGANO<br>QUARTIERE_NUMERO: 17",
        "ID": "157",
        "ID_PORTALE": "1",
        "TIPO": "Plesso",
        "DENOMINAZIONE": "Baviera",
        "CATEGORIA": "",
        "VIA_TIPO": "VIA",
        "VIA_DENOMINAZIONE": "BAVIERA GIOVANNI",
        "CIVICO": "22",
        "BARRATO": "",
        "SEDE_TIPO": "Sede",
        "SEDE_DENOMINAZIONE": "Elena",
        "SEDE_CATEGORIA": "IC",
        "SEDE_VIA_TIPO": "VIA",
        "SEDE_VIA_DENOMINAZIONE": "USTICA",
        "SEDE_CIVICO": "46",
        "SEDE_BARRATO": "",
        "QUARTIERE": "UDITORE- PASSO DI RIGANO",
        "QUARTIERE_NUMERO": "17"
      },
      "geometry": {
        "type": "Point",
        "coordinates": [
          13.325576,
          38.120264,
          0
        ]
      }
    },
    {
      "type": "Feature",
      "properties": {
        "styleMapHash": {
          "normal": "#icon-503-93D7E8-normal",
          "highlight": "#icon-503-93D7E8-highlight"
        },
        "description": "ID: 171<br>ID_PORTALE: 1<br>TIPO: Plesso<br>DENOMINAZIONE: Largo Ercole<br>CATEGORIA: <br>VIA_TIPO: LARGO<br>VIA_DENOMINAZIONE: ERCOLE PIETRO<br>CIVICO: 5<br>BARRATO: <br>SEDE_TIPO: Sede<br>SEDE_DENOMINAZIONE: Mare Dolce ex Quasimodo-Oberdan<br>SEDE_CATEGORIA: IC<br>SEDE_VIA_TIPO: VIA<br>SEDE_VIA_DENOMINAZIONE: FICHIDINDIA<br>SEDE_CIVICO: 6<br>SEDE_BARRATO: <br>QUARTIERE: ORETO-STAZIONE<br>QUARTIERE_NUMERO: 3",
        "ID": "171",
        "ID_PORTALE": "1",
        "TIPO": "Plesso",
        "DENOMINAZIONE": "Largo Ercole",
        "CATEGORIA": "",
        "VIA_TIPO": "LARGO",
        "VIA_DENOMINAZIONE": "ERCOLE PIETRO",
        "CIVICO": "5",
        "BARRATO": "",
        "SEDE_TIPO": "Sede",
        "SEDE_DENOMINAZIONE": "Mare Dolce ex Quasimodo-Oberdan",
        "SEDE_CATEGORIA": "IC",
        "SEDE_VIA_TIPO": "VIA",
        "SEDE_VIA_DENOMINAZIONE": "FICHIDINDIA",
        "SEDE_CIVICO": "6",
        "SEDE_BARRATO": "",
        "QUARTIERE": "ORETO-STAZIONE",
        "QUARTIERE_NUMERO": "3"
      },
      "geometry": {
        "type": "Point",
        "coordinates": [
          13.372764,
          38.100108,
          0
        ]
      }
    },
    {
      "type": "Feature",
      "properties": {
        "styleMapHash": {
          "normal": "#icon-503-93D7E8-normal",
          "highlight": "#icon-503-93D7E8-highlight"
        },
        "description": "ID: 76<br>ID_PORTALE: 1<br>TIPO: Plesso<br>DENOMINAZIONE: Sunseri<br>CATEGORIA: <br>VIA_TIPO: VIA<br>VIA_DENOMINAZIONE: SUNSERI GIUSEPPE<br>CIVICO: 19<br>BARRATO: <br>SEDE_TIPO: Sede<br>SEDE_DENOMINAZIONE: Ragusa Moletti<br>SEDE_CATEGORIA: DD<br>SEDE_VIA_TIPO: VIA<br>SEDE_VIA_DENOMINAZIONE: RAGUSA MOLETI<br>SEDE_CIVICO: 8<br>SEDE_BARRATO: <br>QUARTIERE: CUBA-CALATAFIMI<br>QUARTIERE_NUMERO: 5",
        "ID": "76",
        "ID_PORTALE": "1",
        "TIPO": "Plesso",
        "DENOMINAZIONE": "Sunseri",
        "CATEGORIA": "",
        "VIA_TIPO": "VIA",
        "VIA_DENOMINAZIONE": "SUNSERI GIUSEPPE",
        "CIVICO": "19",
        "BARRATO": "",
        "SEDE_TIPO": "Sede",
        "SEDE_DENOMINAZIONE": "Ragusa Moletti",
        "SEDE_CATEGORIA": "DD",
        "SEDE_VIA_TIPO": "VIA",
        "SEDE_VIA_DENOMINAZIONE": "RAGUSA MOLETI",
        "SEDE_CIVICO": "8",
        "SEDE_BARRATO": "",
        "QUARTIERE": "CUBA-CALATAFIMI",
        "QUARTIERE_NUMERO": "5"
      },
      "geometry": {
        "type": "Point",
        "coordinates": [
          13.339017,
          38.107355,
          0
        ]
      }
    },
    {
      "type": "Feature",
      "properties": {
        "styleMapHash": {
          "normal": "#icon-503-3F5BA9-normal",
          "highlight": "#icon-503-3F5BA9-highlight"
        },
        "description": "ID: 159<br>ID_PORTALE: 1<br>TIPO: Sede<br>DENOMINAZIONE: Montegrappa - Sanzio<br>CATEGORIA: IC<br>VIA_TIPO: VIA<br>VIA_DENOMINAZIONE: DEODATO PIER LUIGI<br>CIVICO: 3<br>BARRATO: <br>SEDE_TIPO: Sede<br>SEDE_DENOMINAZIONE: Montegrappa - Sanzio<br>SEDE_CATEGORIA: IC<br>SEDE_VIA_TIPO: VIA<br>SEDE_VIA_DENOMINAZIONE: DEODATO PIER LUIGI<br>SEDE_CIVICO: 3<br>SEDE_BARRATO: <br>QUARTIERE: MONTEGRAPPA- S.ROSALIA<br>QUARTIERE_NUMERO: 4",
        "ID": "159",
        "ID_PORTALE": "1",
        "TIPO": "Sede",
        "DENOMINAZIONE": "Montegrappa - Sanzio",
        "CATEGORIA": "IC",
        "VIA_TIPO": "VIA",
        "VIA_DENOMINAZIONE": "DEODATO PIER LUIGI",
        "CIVICO": "3",
        "BARRATO": "",
        "SEDE_TIPO": "Sede",
        "SEDE_DENOMINAZIONE": "Montegrappa - Sanzio",
        "SEDE_CATEGORIA": "IC",
        "SEDE_VIA_TIPO": "VIA",
        "SEDE_VIA_DENOMINAZIONE": "DEODATO PIER LUIGI",
        "SEDE_CIVICO": "3",
        "SEDE_BARRATO": "",
        "QUARTIERE": "MONTEGRAPPA- S.ROSALIA",
        "QUARTIERE_NUMERO": "4"
      },
      "geometry": {
        "type": "Point",
        "coordinates": [
          13.345609,
          38.095391,
          0
        ]
      }
    },
    {
      "type": "Feature",
      "properties": {
        "styleMapHash": {
          "normal": "#icon-503-3F5BA9-normal",
          "highlight": "#icon-503-3F5BA9-highlight"
        },
        "description": "ID: 146<br>ID_PORTALE: 1<br>TIPO: Sede<br>DENOMINAZIONE: La Masa<br>CATEGORIA: IC<br>VIA_TIPO: VIA<br>VIA_DENOMINAZIONE: PIER DELLE VIGNE<br>CIVICO: 13<br>BARRATO: <br>SEDE_TIPO: Sede<br>SEDE_DENOMINAZIONE: La Masa<br>SEDE_CATEGORIA: IC<br>SEDE_VIA_TIPO: VIA<br>SEDE_VIA_DENOMINAZIONE: PIER DELLE VIGNE<br>SEDE_CIVICO: 13<br>SEDE_BARRATO: <br>QUARTIERE: POLITEAMA<br>QUARTIERE_NUMERO: 10",
        "ID": "146",
        "ID_PORTALE": "1",
        "TIPO": "Sede",
        "DENOMINAZIONE": "La Masa",
        "CATEGORIA": "IC",
        "VIA_TIPO": "VIA",
        "VIA_DENOMINAZIONE": "PIER DELLE VIGNE",
        "CIVICO": "13",
        "BARRATO": "",
        "SEDE_TIPO": "Sede",
        "SEDE_DENOMINAZIONE": "La Masa",
        "SEDE_CATEGORIA": "IC",
        "SEDE_VIA_TIPO": "VIA",
        "SEDE_VIA_DENOMINAZIONE": "PIER DELLE VIGNE",
        "SEDE_CIVICO": "13",
        "SEDE_BARRATO": "",
        "QUARTIERE": "POLITEAMA",
        "QUARTIERE_NUMERO": "10"
      },
      "geometry": {
        "type": "Point",
        "coordinates": [
          13.358649,
          38.130558,
          0
        ]
      }
    },
    {
      "type": "Feature",
      "properties": {
        "styleMapHash": {
          "normal": "#icon-503-93D7E8-normal",
          "highlight": "#icon-503-93D7E8-highlight"
        },
        "description": "ID: 139<br>ID_PORTALE: <br>TIPO: Plesso<br>DENOMINAZIONE: Scipione Di Castro<br>CATEGORIA: <br>VIA_TIPO: VIA<br>VIA_DENOMINAZIONE: DI CASTRO SCIPIONE<br>CIVICO: 22<br>BARRATO: <br>SEDE_TIPO: Sede<br>SEDE_DENOMINAZIONE: Colozza - Bonfiglio<br>SEDE_CATEGORIA: IC<br>SEDE_VIA_TIPO: VIA<br>SEDE_VIA_DENOMINAZIONE: IMERA<br>SEDE_CIVICO: 32<br>SEDE_BARRATO: <br>QUARTIERE: ZISA<br>QUARTIERE_NUMERO: 6",
        "ID": "139",
        "ID_PORTALE": "",
        "TIPO": "Plesso",
        "DENOMINAZIONE": "Scipione Di Castro",
        "CATEGORIA": "",
        "VIA_TIPO": "VIA",
        "VIA_DENOMINAZIONE": "DI CASTRO SCIPIONE",
        "CIVICO": "22",
        "BARRATO": "",
        "SEDE_TIPO": "Sede",
        "SEDE_DENOMINAZIONE": "Colozza - Bonfiglio",
        "SEDE_CATEGORIA": "IC",
        "SEDE_VIA_TIPO": "VIA",
        "SEDE_VIA_DENOMINAZIONE": "IMERA",
        "SEDE_CIVICO": "32",
        "SEDE_BARRATO": "",
        "QUARTIERE": "ZISA",
        "QUARTIERE_NUMERO": "6"
      },
      "geometry": {
        "type": "Point",
        "coordinates": [
          13.342612,
          38.112822,
          0
        ]
      }
    },
    {
      "type": "Feature",
      "properties": {
        "styleMapHash": {
          "normal": "#icon-503-93D7E8-normal",
          "highlight": "#icon-503-93D7E8-highlight"
        },
        "description": "ID: 61<br>ID_PORTALE: 1<br>TIPO: Plesso<br>DENOMINAZIONE: Ingrassia<br>CATEGORIA: <br>VIA_TIPO: VIA<br>VIA_DENOMINAZIONE: STATELLA VINCENZO<br>CIVICO: 21<br>BARRATO: <br>SEDE_TIPO: Sede<br>SEDE_DENOMINAZIONE: Maneri - Ingrassia<br>SEDE_CATEGORIA: DD<br>SEDE_VIA_TIPO: VIALE<br>SEDE_VIA_DENOMINAZIONE: DEI PICCIOTTI<br>SEDE_CIVICO: 8<br>SEDE_BARRATO: <br>QUARTIERE: SETTECANNOLI<br>QUARTIERE_NUMERO: 11",
        "ID": "61",
        "ID_PORTALE": "1",
        "TIPO": "Plesso",
        "DENOMINAZIONE": "Ingrassia",
        "CATEGORIA": "",
        "VIA_TIPO": "VIA",
        "VIA_DENOMINAZIONE": "STATELLA VINCENZO",
        "CIVICO": "21",
        "BARRATO": "",
        "SEDE_TIPO": "Sede",
        "SEDE_DENOMINAZIONE": "Maneri - Ingrassia",
        "SEDE_CATEGORIA": "DD",
        "SEDE_VIA_TIPO": "VIALE",
        "SEDE_VIA_DENOMINAZIONE": "DEI PICCIOTTI",
        "SEDE_CIVICO": "8",
        "SEDE_BARRATO": "",
        "QUARTIERE": "SETTECANNOLI",
        "QUARTIERE_NUMERO": "11"
      },
      "geometry": {
        "type": "Point",
        "coordinates": [
          13.382973,
          38.103742,
          0
        ]
      }
    },
    {
      "type": "Feature",
      "properties": {
        "styleMapHash": {
          "normal": "#icon-503-93D7E8-normal",
          "highlight": "#icon-503-93D7E8-highlight"
        },
        "description": "ID: 204<br>ID_PORTALE: 1<br>TIPO: Plesso<br>DENOMINAZIONE: Agostino<br>CATEGORIA: <br>VIA_TIPO: VIA<br>VIA_DENOMINAZIONE: SACCO E VANZETTI<br>CIVICO: 42<br>BARRATO: <br>SEDE_TIPO: Sede<br>SEDE_DENOMINAZIONE: Sperone - Pertini<br>SEDE_CATEGORIA: IC<br>SEDE_VIA_TIPO: VIA<br>SEDE_VIA_DENOMINAZIONE: GIANNOTTA NICOLO'<br>SEDE_CIVICO: 4<br>SEDE_BARRATO: <br>QUARTIERE: SETTECANNOLI<br>QUARTIERE_NUMERO: 11",
        "ID": "204",
        "ID_PORTALE": "1",
        "TIPO": "Plesso",
        "DENOMINAZIONE": "Agostino",
        "CATEGORIA": "",
        "VIA_TIPO": "VIA",
        "VIA_DENOMINAZIONE": "SACCO E VANZETTI",
        "CIVICO": "42",
        "BARRATO": "",
        "SEDE_TIPO": "Sede",
        "SEDE_DENOMINAZIONE": "Sperone - Pertini",
        "SEDE_CATEGORIA": "IC",
        "SEDE_VIA_TIPO": "VIA",
        "SEDE_VIA_DENOMINAZIONE": "GIANNOTTA NICOLO'",
        "SEDE_CIVICO": "4",
        "SEDE_BARRATO": "",
        "QUARTIERE": "SETTECANNOLI",
        "QUARTIERE_NUMERO": "11"
      },
      "geometry": {
        "type": "Point",
        "coordinates": [
          13.407035,
          38.097636,
          0
        ]
      }
    },
    {
      "type": "Feature",
      "properties": {
        "styleMapHash": {
          "normal": "#icon-503-93D7E8-normal",
          "highlight": "#icon-503-93D7E8-highlight"
        },
        "description": "ID: 264<br>ID_PORTALE: 1<br>TIPO: Plesso<br>DENOMINAZIONE: Belpasso<br>CATEGORIA: <br>VIA_TIPO: VIA<br>VIA_DENOMINAZIONE: ALTOFONTE<br>CIVICO: <br>BARRATO: <br>SEDE_TIPO: Sede<br>SEDE_DENOMINAZIONE: Giuseppe Scelsa<br>SEDE_CATEGORIA: IC<br>SEDE_VIA_TIPO: VIA<br>SEDE_VIA_DENOMINAZIONE: VILLANI GIOVANNI<br>SEDE_CIVICO: <br>SEDE_BARRATO: <br>QUARTIERE: <br>QUARTIERE_NUMERO: ",
        "ID": "264",
        "ID_PORTALE": "1",
        "TIPO": "Plesso",
        "DENOMINAZIONE": "Belpasso",
        "CATEGORIA": "",
        "VIA_TIPO": "VIA",
        "VIA_DENOMINAZIONE": "ALTOFONTE",
        "CIVICO": "",
        "BARRATO": "",
        "SEDE_TIPO": "Sede",
        "SEDE_DENOMINAZIONE": "Giuseppe Scelsa",
        "SEDE_CATEGORIA": "IC",
        "SEDE_VIA_TIPO": "VIA",
        "SEDE_VIA_DENOMINAZIONE": "VILLANI GIOVANNI",
        "SEDE_CIVICO": "",
        "SEDE_BARRATO": "",
        "QUARTIERE": "",
        "QUARTIERE_NUMERO": ""
      },
      "geometry": {
        "type": "Point",
        "coordinates": [
          13.323915,
          38.064442,
          0
        ]
      }
    },
    {
      "type": "Feature",
      "properties": {
        "styleMapHash": {
          "normal": "#icon-503-93D7E8-normal",
          "highlight": "#icon-503-93D7E8-highlight"
        },
        "description": "ID: 176<br>ID_PORTALE: 1<br>TIPO: Plesso<br>DENOMINAZIONE: Li Bassi<br>CATEGORIA: <br>VIA_TIPO: VIA<br>VIA_DENOMINAZIONE: LI BASSI GIUSEPPE<br>CIVICO: 22<br>BARRATO: <br>SEDE_TIPO: Sede<br>SEDE_DENOMINAZIONE: Montegrappa - Sanzio<br>SEDE_CATEGORIA: IC<br>SEDE_VIA_TIPO: VIA<br>SEDE_VIA_DENOMINAZIONE: DEODATO PIER LUIGI<br>SEDE_CIVICO: 3<br>SEDE_BARRATO: <br>QUARTIERE: MONTEGRAPPA- S.ROSALIA<br>QUARTIERE_NUMERO: 4",
        "ID": "176",
        "ID_PORTALE": "1",
        "TIPO": "Plesso",
        "DENOMINAZIONE": "Li Bassi",
        "CATEGORIA": "",
        "VIA_TIPO": "VIA",
        "VIA_DENOMINAZIONE": "LI BASSI GIUSEPPE",
        "CIVICO": "22",
        "BARRATO": "",
        "SEDE_TIPO": "Sede",
        "SEDE_DENOMINAZIONE": "Montegrappa - Sanzio",
        "SEDE_CATEGORIA": "IC",
        "SEDE_VIA_TIPO": "VIA",
        "SEDE_VIA_DENOMINAZIONE": "DEODATO PIER LUIGI",
        "SEDE_CIVICO": "3",
        "SEDE_BARRATO": "",
        "QUARTIERE": "MONTEGRAPPA- S.ROSALIA",
        "QUARTIERE_NUMERO": "4"
      },
      "geometry": {
        "type": "Point",
        "coordinates": [
          13.353293,
          38.101691,
          0
        ]
      }
    },
    {
      "type": "Feature",
      "properties": {
        "styleMapHash": {
          "normal": "#icon-503-93D7E8-normal",
          "highlight": "#icon-503-93D7E8-highlight"
        },
        "description": "ID: 56<br>ID_PORTALE: 1<br>TIPO: Plesso<br>DENOMINAZIONE: T. Bartolomeo<br>CATEGORIA: <br>VIA_TIPO: VIA<br>VIA_DENOMINAZIONE: S. MARIA DI GESU'<br>CIVICO: 89<br>BARRATO: <br>SEDE_TIPO: Sede<br>SEDE_DENOMINAZIONE: T. Bartolomeo<br>SEDE_CATEGORIA: DD<br>SEDE_VIA_TIPO: VIA<br>SEDE_VIA_DENOMINAZIONE: DEL CASTORO<br>SEDE_CIVICO: 13<br>SEDE_BARRATO: <br>QUARTIERE: VILLAGRAZIA-FALSOMIELE<br>QUARTIERE_NUMERO: 13",
        "ID": "56",
        "ID_PORTALE": "1",
        "TIPO": "Plesso",
        "DENOMINAZIONE": "T. Bartolomeo",
        "CATEGORIA": "",
        "VIA_TIPO": "VIA",
        "VIA_DENOMINAZIONE": "S. MARIA DI GESU'",
        "CIVICO": "89",
        "BARRATO": "",
        "SEDE_TIPO": "Sede",
        "SEDE_DENOMINAZIONE": "T. Bartolomeo",
        "SEDE_CATEGORIA": "DD",
        "SEDE_VIA_TIPO": "VIA",
        "SEDE_VIA_DENOMINAZIONE": "DEL CASTORO",
        "SEDE_CIVICO": "13",
        "SEDE_BARRATO": "",
        "QUARTIERE": "VILLAGRAZIA-FALSOMIELE",
        "QUARTIERE_NUMERO": "13"
      },
      "geometry": {
        "type": "Point",
        "coordinates": [
          13.377568,
          38.084127,
          0
        ]
      }
    },
    {
      "type": "Feature",
      "properties": {
        "styleMapHash": {
          "normal": "#icon-503-3F5BA9-normal",
          "highlight": "#icon-503-3F5BA9-highlight"
        },
        "description": "ID: 24<br>ID_PORTALE: 1<br>TIPO: Sede<br>DENOMINAZIONE: Monti Iblei<br>CATEGORIA: DD<br>VIA_TIPO: VIA<br>VIA_DENOMINAZIONE: MONTE S. CALOGERO<br>CIVICO: 20<br>BARRATO: <br>SEDE_TIPO: Sede<br>SEDE_DENOMINAZIONE: Monti Iblei<br>SEDE_CATEGORIA: DD<br>SEDE_VIA_TIPO: VIA<br>SEDE_VIA_DENOMINAZIONE: MONTE S. CALOGERO<br>SEDE_CIVICO: 20<br>SEDE_BARRATO: <br>QUARTIERE: RESUTTANO-S. LORENZO<br>QUARTIERE_NUMERO: 20",
        "ID": "24",
        "ID_PORTALE": "1",
        "TIPO": "Sede",
        "DENOMINAZIONE": "Monti Iblei",
        "CATEGORIA": "DD",
        "VIA_TIPO": "VIA",
        "VIA_DENOMINAZIONE": "MONTE S. CALOGERO",
        "CIVICO": "20",
        "BARRATO": "",
        "SEDE_TIPO": "Sede",
        "SEDE_DENOMINAZIONE": "Monti Iblei",
        "SEDE_CATEGORIA": "DD",
        "SEDE_VIA_TIPO": "VIA",
        "SEDE_VIA_DENOMINAZIONE": "MONTE S. CALOGERO",
        "SEDE_CIVICO": "20",
        "SEDE_BARRATO": "",
        "QUARTIERE": "RESUTTANO-S. LORENZO",
        "QUARTIERE_NUMERO": "20"
      },
      "geometry": {
        "type": "Point",
        "coordinates": [
          13.325533,
          38.152651,
          0
        ]
      }
    },
    {
      "type": "Feature",
      "properties": {
        "styleMapHash": {
          "normal": "#icon-503-3F5BA9-normal",
          "highlight": "#icon-503-3F5BA9-highlight"
        },
        "description": "ID: 108<br>ID_PORTALE: <br>TIPO: Sede<br>DENOMINAZIONE: L. Da Vinci - Carducci<br>CATEGORIA: IC<br>VIA_TIPO: VIA<br>VIA_DENOMINAZIONE: DI GIORGI FERDINANDO<br>CIVICO: 48<br>BARRATO: <br>SEDE_TIPO: Sede<br>SEDE_DENOMINAZIONE: L. Da Vinci - Carducci<br>SEDE_CATEGORIA: IC<br>SEDE_VIA_TIPO: VIA<br>SEDE_VIA_DENOMINAZIONE: DI GIORGI FERDINANDO<br>SEDE_CIVICO: 48<br>SEDE_BARRATO: <br>QUARTIERE: UDITORE- PASSO DI RIGANO<br>QUARTIERE_NUMERO: 17",
        "ID": "108",
        "ID_PORTALE": "",
        "TIPO": "Sede",
        "DENOMINAZIONE": "L. Da Vinci - Carducci",
        "CATEGORIA": "IC",
        "VIA_TIPO": "VIA",
        "VIA_DENOMINAZIONE": "DI GIORGI FERDINANDO",
        "CIVICO": "48",
        "BARRATO": "",
        "SEDE_TIPO": "Sede",
        "SEDE_DENOMINAZIONE": "L. Da Vinci - Carducci",
        "SEDE_CATEGORIA": "IC",
        "SEDE_VIA_TIPO": "VIA",
        "SEDE_VIA_DENOMINAZIONE": "DI GIORGI FERDINANDO",
        "SEDE_CIVICO": "48",
        "SEDE_BARRATO": "",
        "QUARTIERE": "UDITORE- PASSO DI RIGANO",
        "QUARTIERE_NUMERO": "17"
      },
      "geometry": {
        "type": "Point",
        "coordinates": [
          13.326051,
          38.125912,
          0
        ]
      }
    },
    {
      "type": "Feature",
      "properties": {
        "styleMapHash": {
          "normal": "#icon-503-93D7E8-normal",
          "highlight": "#icon-503-93D7E8-highlight"
        },
        "description": "ID: 268<br>ID_PORTALE: 1<br>TIPO: Plesso<br>DENOMINAZIONE: Savonarola<br>CATEGORIA: <br>VIA_TIPO: VIA<br>VIA_DENOMINAZIONE: SAVONAROLA GIROLAMO<br>CIVICO: 20<br>BARRATO: <br>SEDE_TIPO: Sede<br>SEDE_DENOMINAZIONE: Mantegna-Bonanno<br>SEDE_CATEGORIA: IC<br>SEDE_VIA_TIPO: VIA<br>SEDE_VIA_DENOMINAZIONE: BOLOGNI<br>SEDE_CIVICO: 4<br>SEDE_BARRATO: <br>QUARTIERE: UDITORE- PASSO DI RIGANO<br>QUARTIERE_NUMERO: 17",
        "ID": "268",
        "ID_PORTALE": "1",
        "TIPO": "Plesso",
        "DENOMINAZIONE": "Savonarola",
        "CATEGORIA": "",
        "VIA_TIPO": "VIA",
        "VIA_DENOMINAZIONE": "SAVONAROLA GIROLAMO",
        "CIVICO": "20",
        "BARRATO": "",
        "SEDE_TIPO": "Sede",
        "SEDE_DENOMINAZIONE": "Mantegna-Bonanno",
        "SEDE_CATEGORIA": "IC",
        "SEDE_VIA_TIPO": "VIA",
        "SEDE_VIA_DENOMINAZIONE": "BOLOGNI",
        "SEDE_CIVICO": "4",
        "SEDE_BARRATO": "",
        "QUARTIERE": "UDITORE- PASSO DI RIGANO",
        "QUARTIERE_NUMERO": "17"
      },
      "geometry": {
        "type": "Point",
        "coordinates": [
          13.320737,
          38.120403,
          0
        ]
      }
    },
    {
      "type": "Feature",
      "properties": {
        "styleMapHash": {
          "normal": "#icon-503-93D7E8-normal",
          "highlight": "#icon-503-93D7E8-highlight"
        },
        "description": "ID: 128<br>ID_PORTALE: <br>TIPO: Plesso<br>DENOMINAZIONE: Industriale<br>CATEGORIA: <br>VIA_TIPO: VIA<br>VIA_DENOMINAZIONE: S. ALBERTO DEGLI ABATI<br>CIVICO: 2<br>BARRATO: <br>SEDE_TIPO: Sede<br>SEDE_DENOMINAZIONE: Di Vittorio<br>SEDE_CATEGORIA: IC<br>SEDE_VIA_TIPO: VIALE<br>SEDE_VIA_DENOMINAZIONE: DI VITTORIO GIUSEPPE<br>SEDE_CIVICO: 11<br>SEDE_BARRATO: <br>QUARTIERE: SETTECANNOLI<br>QUARTIERE_NUMERO: 11",
        "ID": "128",
        "ID_PORTALE": "",
        "TIPO": "Plesso",
        "DENOMINAZIONE": "Industriale",
        "CATEGORIA": "",
        "VIA_TIPO": "VIA",
        "VIA_DENOMINAZIONE": "S. ALBERTO DEGLI ABATI",
        "CIVICO": "2",
        "BARRATO": "",
        "SEDE_TIPO": "Sede",
        "SEDE_DENOMINAZIONE": "Di Vittorio",
        "SEDE_CATEGORIA": "IC",
        "SEDE_VIA_TIPO": "VIALE",
        "SEDE_VIA_DENOMINAZIONE": "DI VITTORIO GIUSEPPE",
        "SEDE_CIVICO": "11",
        "SEDE_BARRATO": "",
        "QUARTIERE": "SETTECANNOLI",
        "QUARTIERE_NUMERO": "11"
      },
      "geometry": {
        "type": "Point",
        "coordinates": [
          13.399691,
          38.095275,
          0
        ]
      }
    },
    {
      "type": "Feature",
      "properties": {
        "styleMapHash": {
          "normal": "#icon-503-93D7E8-normal",
          "highlight": "#icon-503-93D7E8-highlight"
        },
        "description": "ID: 194<br>ID_PORTALE: 1<br>TIPO: Plesso<br>DENOMINAZIONE: Agazzi<br>CATEGORIA: <br>VIA_TIPO: PIAZZALE<br>VIA_DENOMINAZIONE: PIRANDELLO FAUSTO<br>CIVICO: 17<br>BARRATO: <br>SEDE_TIPO: Sede<br>SEDE_DENOMINAZIONE: Russo<br>SEDE_CATEGORIA: IC<br>SEDE_VIA_TIPO: VIA<br>SEDE_VIA_DENOMINAZIONE: TINDARI<br>SEDE_CIVICO: 52<br>SEDE_BARRATO: <br>QUARTIERE: BORGO NUOVO<br>QUARTIERE_NUMERO: 18",
        "ID": "194",
        "ID_PORTALE": "1",
        "TIPO": "Plesso",
        "DENOMINAZIONE": "Agazzi",
        "CATEGORIA": "",
        "VIA_TIPO": "PIAZZALE",
        "VIA_DENOMINAZIONE": "PIRANDELLO FAUSTO",
        "CIVICO": "17",
        "BARRATO": "",
        "SEDE_TIPO": "Sede",
        "SEDE_DENOMINAZIONE": "Russo",
        "SEDE_CATEGORIA": "IC",
        "SEDE_VIA_TIPO": "VIA",
        "SEDE_VIA_DENOMINAZIONE": "TINDARI",
        "SEDE_CIVICO": "52",
        "SEDE_BARRATO": "",
        "QUARTIERE": "BORGO NUOVO",
        "QUARTIERE_NUMERO": "18"
      },
      "geometry": {
        "type": "Point",
        "coordinates": [
          13.294583,
          38.135311,
          0
        ]
      }
    },
    {
      "type": "Feature",
      "properties": {
        "styleMapHash": {
          "normal": "#icon-503-93D7E8-normal",
          "highlight": "#icon-503-93D7E8-highlight"
        },
        "description": "ID: 127<br>ID_PORTALE: 1<br>TIPO: Plesso<br>DENOMINAZIONE: Bentivegna<br>CATEGORIA: <br>VIA_TIPO: VIA<br>VIA_DENOMINAZIONE: S. LORENZO<br>CIVICO: 89<br>BARRATO: <br>SEDE_TIPO: Sede<br>SEDE_DENOMINAZIONE: Florio - San Lorenzo<br>SEDE_CATEGORIA: IC<br>SEDE_VIA_TIPO: VIA<br>SEDE_VIA_DENOMINAZIONE: DI GIOVANNI FILIPPO<br>SEDE_CIVICO: 88<br>SEDE_BARRATO: <br>QUARTIERE: RESUTTANO-S. LORENZO<br>QUARTIERE_NUMERO: 20",
        "ID": "127",
        "ID_PORTALE": "1",
        "TIPO": "Plesso",
        "DENOMINAZIONE": "Bentivegna",
        "CATEGORIA": "",
        "VIA_TIPO": "VIA",
        "VIA_DENOMINAZIONE": "S. LORENZO",
        "CIVICO": "89",
        "BARRATO": "",
        "SEDE_TIPO": "Sede",
        "SEDE_DENOMINAZIONE": "Florio - San Lorenzo",
        "SEDE_CATEGORIA": "IC",
        "SEDE_VIA_TIPO": "VIA",
        "SEDE_VIA_DENOMINAZIONE": "DI GIOVANNI FILIPPO",
        "SEDE_CIVICO": "88",
        "SEDE_BARRATO": "",
        "QUARTIERE": "RESUTTANO-S. LORENZO",
        "QUARTIERE_NUMERO": "20"
      },
      "geometry": {
        "type": "Point",
        "coordinates": [
          13.327817,
          38.160725,
          0
        ]
      }
    },
    {
      "type": "Feature",
      "properties": {
        "styleMapHash": {
          "normal": "#icon-503-93D7E8-normal",
          "highlight": "#icon-503-93D7E8-highlight"
        },
        "description": "ID: 168<br>ID_PORTALE: 1<br>TIPO: Plesso<br>DENOMINAZIONE: Lionti<br>CATEGORIA: <br>VIA_TIPO: LARGO<br>VIA_DENOMINAZIONE: LIONTI FERDINANDO<br>CIVICO: 7<br>BARRATO: <br>SEDE_TIPO: Sede<br>SEDE_DENOMINAZIONE: Mare Dolce ex Quasimodo-Oberdan<br>SEDE_CATEGORIA: IC<br>SEDE_VIA_TIPO: VIA<br>SEDE_VIA_DENOMINAZIONE: FICHIDINDIA<br>SEDE_CIVICO: 6<br>SEDE_BARRATO: <br>QUARTIERE: ORETO-STAZIONE<br>QUARTIERE_NUMERO: 3",
        "ID": "168",
        "ID_PORTALE": "1",
        "TIPO": "Plesso",
        "DENOMINAZIONE": "Lionti",
        "CATEGORIA": "",
        "VIA_TIPO": "LARGO",
        "VIA_DENOMINAZIONE": "LIONTI FERDINANDO",
        "CIVICO": "7",
        "BARRATO": "",
        "SEDE_TIPO": "Sede",
        "SEDE_DENOMINAZIONE": "Mare Dolce ex Quasimodo-Oberdan",
        "SEDE_CATEGORIA": "IC",
        "SEDE_VIA_TIPO": "VIA",
        "SEDE_VIA_DENOMINAZIONE": "FICHIDINDIA",
        "SEDE_CIVICO": "6",
        "SEDE_BARRATO": "",
        "QUARTIERE": "ORETO-STAZIONE",
        "QUARTIERE_NUMERO": "3"
      },
      "geometry": {
        "type": "Point",
        "coordinates": [
          13.371869,
          38.101335,
          0
        ]
      }
    },
    {
      "type": "Feature",
      "properties": {
        "styleMapHash": {
          "normal": "#icon-503-93D7E8-normal",
          "highlight": "#icon-503-93D7E8-highlight"
        },
        "description": "ID: 104<br>ID_PORTALE: 1<br>TIPO: Plesso<br>DENOMINAZIONE: T. Lampedusa<br>CATEGORIA: <br>VIA_TIPO: VIALE<br>VIA_DENOMINAZIONE: LEONARDO DA VINCI<br>CIVICO: 504<br>BARRATO: <br>SEDE_TIPO: Sede<br>SEDE_DENOMINAZIONE: T. Lampedusa<br>SEDE_CATEGORIA: IC<br>SEDE_VIA_TIPO: VIA<br>SEDE_VIA_DENOMINAZIONE: DOGALI<br>SEDE_CIVICO: <br>SEDE_BARRATO: <br>QUARTIERE: UDITORE- PASSO DI RIGANO<br>QUARTIERE_NUMERO: 17",
        "ID": "104",
        "ID_PORTALE": "1",
        "TIPO": "Plesso",
        "DENOMINAZIONE": "T. Lampedusa",
        "CATEGORIA": "",
        "VIA_TIPO": "VIALE",
        "VIA_DENOMINAZIONE": "LEONARDO DA VINCI",
        "CIVICO": "504",
        "BARRATO": "",
        "SEDE_TIPO": "Sede",
        "SEDE_DENOMINAZIONE": "T. Lampedusa",
        "SEDE_CATEGORIA": "IC",
        "SEDE_VIA_TIPO": "VIA",
        "SEDE_VIA_DENOMINAZIONE": "DOGALI",
        "SEDE_CIVICO": "",
        "SEDE_BARRATO": "",
        "QUARTIERE": "UDITORE- PASSO DI RIGANO",
        "QUARTIERE_NUMERO": "17"
      },
      "geometry": {
        "type": "Point",
        "coordinates": [
          13.310834,
          38.126344,
          0
        ]
      }
    },
    {
      "type": "Feature",
      "properties": {
        "styleMapHash": {
          "normal": "#icon-503-3F5BA9-normal",
          "highlight": "#icon-503-3F5BA9-highlight"
        },
        "description": "ID: 46<br>ID_PORTALE: 1<br>TIPO: Sede<br>DENOMINAZIONE: Nazario Sauro<br>CATEGORIA: DD<br>VIA_TIPO: VIA<br>VIA_DENOMINAZIONE: PADRE GIUSEPPE PUGLISI<br>CIVICO: 20<br>BARRATO: <br>SEDE_TIPO: Sede<br>SEDE_DENOMINAZIONE: Nazario Sauro<br>SEDE_CATEGORIA: DD<br>SEDE_VIA_TIPO: VIA<br>SEDE_VIA_DENOMINAZIONE: PADRE GIUSEPPE PUGLISI<br>SEDE_CIVICO: 20<br>SEDE_BARRATO: <br>QUARTIERE: SETTECANNOLI<br>QUARTIERE_NUMERO: 11",
        "ID": "46",
        "ID_PORTALE": "1",
        "TIPO": "Sede",
        "DENOMINAZIONE": "Nazario Sauro",
        "CATEGORIA": "DD",
        "VIA_TIPO": "VIA",
        "VIA_DENOMINAZIONE": "PADRE GIUSEPPE PUGLISI",
        "CIVICO": "20",
        "BARRATO": "",
        "SEDE_TIPO": "Sede",
        "SEDE_DENOMINAZIONE": "Nazario Sauro",
        "SEDE_CATEGORIA": "DD",
        "SEDE_VIA_TIPO": "VIA",
        "SEDE_VIA_DENOMINAZIONE": "PADRE GIUSEPPE PUGLISI",
        "SEDE_CIVICO": "20",
        "SEDE_BARRATO": "",
        "QUARTIERE": "SETTECANNOLI",
        "QUARTIERE_NUMERO": "11"
      },
      "geometry": {
        "type": "Point",
        "coordinates": [
          13.386998,
          38.103714,
          0
        ]
      }
    },
    {
      "type": "Feature",
      "properties": {
        "styleMapHash": {
          "normal": "#icon-503-3F5BA9-normal",
          "highlight": "#icon-503-3F5BA9-highlight"
        },
        "description": "ID: 258<br>ID_PORTALE: 1<br>TIPO: Sede<br>DENOMINAZIONE: L. Da Vinci<br>CATEGORIA: SMS<br>VIA_TIPO: VIA<br>VIA_DENOMINAZIONE: SERRADIFALCO<br>CIVICO: 190<br>BARRATO: <br>SEDE_TIPO: Sede<br>SEDE_DENOMINAZIONE: L. Da Vinci<br>SEDE_CATEGORIA: SMS<br>SEDE_VIA_TIPO: VIA<br>SEDE_VIA_DENOMINAZIONE: SERRADIFALCO<br>SEDE_CIVICO: 190<br>SEDE_BARRATO: <br>QUARTIERE: NOCE<br>QUARTIERE_NUMERO: 7",
        "ID": "258",
        "ID_PORTALE": "1",
        "TIPO": "Sede",
        "DENOMINAZIONE": "L. Da Vinci",
        "CATEGORIA": "SMS",
        "VIA_TIPO": "VIA",
        "VIA_DENOMINAZIONE": "SERRADIFALCO",
        "CIVICO": "190",
        "BARRATO": "",
        "SEDE_TIPO": "Sede",
        "SEDE_DENOMINAZIONE": "L. Da Vinci",
        "SEDE_CATEGORIA": "SMS",
        "SEDE_VIA_TIPO": "VIA",
        "SEDE_VIA_DENOMINAZIONE": "SERRADIFALCO",
        "SEDE_CIVICO": "190",
        "SEDE_BARRATO": "",
        "QUARTIERE": "NOCE",
        "QUARTIERE_NUMERO": "7"
      },
      "geometry": {
        "type": "Point",
        "coordinates": [
          13.337581,
          38.126739,
          0
        ]
      }
    },
    {
      "type": "Feature",
      "properties": {
        "styleMapHash": {
          "normal": "#icon-503-93D7E8-normal",
          "highlight": "#icon-503-93D7E8-highlight"
        },
        "description": "ID: 83<br>ID_PORTALE: 1<br>TIPO: Plesso<br>DENOMINAZIONE: Savio<br>CATEGORIA: <br>VIA_TIPO: VIALE<br>VIA_DENOMINAZIONE: DELLA RESURREZIONE<br>CIVICO: 1<br>BARRATO: <br>SEDE_TIPO: Sede<br>SEDE_DENOMINAZIONE: Alessandra Siracusa<br>SEDE_CATEGORIA: DD<br>SEDE_VIA_TIPO: VIA<br>SEDE_VIA_DENOMINAZIONE: CAGNI UMBERTO AMMIRAGLIO<br>SEDE_CIVICO: 40<br>SEDE_BARRATO: <br>QUARTIERE: PALLAVICINO<br>QUARTIERE_NUMERO: 23",
        "ID": "83",
        "ID_PORTALE": "1",
        "TIPO": "Plesso",
        "DENOMINAZIONE": "Savio",
        "CATEGORIA": "",
        "VIA_TIPO": "VIALE",
        "VIA_DENOMINAZIONE": "DELLA RESURREZIONE",
        "CIVICO": "1",
        "BARRATO": "",
        "SEDE_TIPO": "Sede",
        "SEDE_DENOMINAZIONE": "Alessandra Siracusa",
        "SEDE_CATEGORIA": "DD",
        "SEDE_VIA_TIPO": "VIA",
        "SEDE_VIA_DENOMINAZIONE": "CAGNI UMBERTO AMMIRAGLIO",
        "SEDE_CIVICO": "40",
        "SEDE_BARRATO": "",
        "QUARTIERE": "PALLAVICINO",
        "QUARTIERE_NUMERO": "23"
      },
      "geometry": {
        "type": "Point",
        "coordinates": [
          13.327429,
          38.170769,
          0
        ]
      }
    },
    {
      "type": "Feature",
      "properties": {
        "styleMapHash": {
          "normal": "#icon-503-93D7E8-normal",
          "highlight": "#icon-503-93D7E8-highlight"
        },
        "description": "ID: 150<br>ID_PORTALE: 1<br>TIPO: Plesso<br>DENOMINAZIONE: Impastato<br>CATEGORIA: <br>VIA_TIPO: VIA<br>VIA_DENOMINAZIONE: DI MARTINO GIROLAMO<br>CIVICO: 48<br>BARRATO: <br>SEDE_TIPO: Sede<br>SEDE_DENOMINAZIONE: Manzoni - P. Impastato<br>SEDE_CATEGORIA: IC<br>SEDE_VIA_TIPO: VIA<br>SEDE_VIA_DENOMINAZIONE: SERRADIFALCO<br>SEDE_CIVICO: 3<br>SEDE_BARRATO: <br>QUARTIERE: NOCE<br>QUARTIERE_NUMERO: 7",
        "ID": "150",
        "ID_PORTALE": "1",
        "TIPO": "Plesso",
        "DENOMINAZIONE": "Impastato",
        "CATEGORIA": "",
        "VIA_TIPO": "VIA",
        "VIA_DENOMINAZIONE": "DI MARTINO GIROLAMO",
        "CIVICO": "48",
        "BARRATO": "",
        "SEDE_TIPO": "Sede",
        "SEDE_DENOMINAZIONE": "Manzoni - P. Impastato",
        "SEDE_CATEGORIA": "IC",
        "SEDE_VIA_TIPO": "VIA",
        "SEDE_VIA_DENOMINAZIONE": "SERRADIFALCO",
        "SEDE_CIVICO": "3",
        "SEDE_BARRATO": "",
        "QUARTIERE": "NOCE",
        "QUARTIERE_NUMERO": "7"
      },
      "geometry": {
        "type": "Point",
        "coordinates": [
          13.337815,
          38.123175,
          0
        ]
      }
    },
    {
      "type": "Feature",
      "properties": {
        "styleMapHash": {
          "normal": "#icon-503-93D7E8-normal",
          "highlight": "#icon-503-93D7E8-highlight"
        },
        "description": "ID: 64<br>ID_PORTALE: 1<br>TIPO: Plesso<br>DENOMINAZIONE: Abba<br>CATEGORIA: <br>VIA_TIPO: VIA<br>VIA_DENOMINAZIONE: GIORDANO CALCEDONIO<br>CIVICO: 1<br>BARRATO: <br>SEDE_TIPO: Sede<br>SEDE_DENOMINAZIONE: Abba - Alighieri<br>SEDE_CATEGORIA: IC<br>SEDE_VIA_TIPO: VIA<br>SEDE_VIA_DENOMINAZIONE: MARTURANO RUGGERO<br>SEDE_CIVICO: 77<br>SEDE_BARRATO: <br>QUARTIERE: MONTE PELLEGRINO<br>QUARTIERE_NUMERO: 24",
        "ID": "64",
        "ID_PORTALE": "1",
        "TIPO": "Plesso",
        "DENOMINAZIONE": "Abba",
        "CATEGORIA": "",
        "VIA_TIPO": "VIA",
        "VIA_DENOMINAZIONE": "GIORDANO CALCEDONIO",
        "CIVICO": "1",
        "BARRATO": "",
        "SEDE_TIPO": "Sede",
        "SEDE_DENOMINAZIONE": "Abba - Alighieri",
        "SEDE_CATEGORIA": "IC",
        "SEDE_VIA_TIPO": "VIA",
        "SEDE_VIA_DENOMINAZIONE": "MARTURANO RUGGERO",
        "SEDE_CIVICO": "77",
        "SEDE_BARRATO": "",
        "QUARTIERE": "MONTE PELLEGRINO",
        "QUARTIERE_NUMERO": "24"
      },
      "geometry": {
        "type": "Point",
        "coordinates": [
          13.365952,
          38.143874,
          0
        ]
      }
    },
    {
      "type": "Feature",
      "properties": {
        "styleMapHash": {
          "normal": "#icon-503-93D7E8-normal",
          "highlight": "#icon-503-93D7E8-highlight"
        },
        "description": "ID: 231<br>ID_PORTALE: 1<br>TIPO: Plesso<br>DENOMINAZIONE: Bernini<br>CATEGORIA: <br>VIA_TIPO: VIA<br>VIA_DENOMINAZIONE: PAPALEO PIETRO<br>CIVICO: 8<br>BARRATO: <br>SEDE_TIPO: Sede<br>SEDE_DENOMINAZIONE: Uditore - Setti Carraro<br>SEDE_CATEGORIA: IC<br>SEDE_VIA_TIPO: VIA<br>SEDE_VIA_DENOMINAZIONE: CIMABUE GIOVANNI<br>SEDE_CIVICO: 20<br>SEDE_BARRATO: <br>QUARTIERE: UDITORE- PASSO DI RIGANO<br>QUARTIERE_NUMERO: 17",
        "ID": "231",
        "ID_PORTALE": "1",
        "TIPO": "Plesso",
        "DENOMINAZIONE": "Bernini",
        "CATEGORIA": "",
        "VIA_TIPO": "VIA",
        "VIA_DENOMINAZIONE": "PAPALEO PIETRO",
        "CIVICO": "8",
        "BARRATO": "",
        "SEDE_TIPO": "Sede",
        "SEDE_DENOMINAZIONE": "Uditore - Setti Carraro",
        "SEDE_CATEGORIA": "IC",
        "SEDE_VIA_TIPO": "VIA",
        "SEDE_VIA_DENOMINAZIONE": "CIMABUE GIOVANNI",
        "SEDE_CIVICO": "20",
        "SEDE_BARRATO": "",
        "QUARTIERE": "UDITORE- PASSO DI RIGANO",
        "QUARTIERE_NUMERO": "17"
      },
      "geometry": {
        "type": "Point",
        "coordinates": [
          13.321994,
          38.136036,
          0
        ]
      }
    },
    {
      "type": "Feature",
      "properties": {
        "styleMapHash": {
          "normal": "#icon-503-93D7E8-normal",
          "highlight": "#icon-503-93D7E8-highlight"
        },
        "description": "ID: 97<br>ID_PORTALE: 1<br>TIPO: Plesso<br>DENOMINAZIONE: Livio Bassi<br>CATEGORIA: <br>VIA_TIPO: SALITA<br>VIA_DENOMINAZIONE: CASTELLANA<br>CIVICO: 65<br>BARRATO: <br>SEDE_TIPO: Sede<br>SEDE_DENOMINAZIONE: Buonarroti<br>SEDE_CATEGORIA: IC<br>SEDE_VIA_TIPO: VIA<br>SEDE_VIA_DENOMINAZIONE: TEMBIEN<br>SEDE_CIVICO: 1<br>SEDE_BARRATO: <br>QUARTIERE: UDITORE- PASSO DI RIGANO<br>QUARTIERE_NUMERO: 17",
        "ID": "97",
        "ID_PORTALE": "1",
        "TIPO": "Plesso",
        "DENOMINAZIONE": "Livio Bassi",
        "CATEGORIA": "",
        "VIA_TIPO": "SALITA",
        "VIA_DENOMINAZIONE": "CASTELLANA",
        "CIVICO": "65",
        "BARRATO": "",
        "SEDE_TIPO": "Sede",
        "SEDE_DENOMINAZIONE": "Buonarroti",
        "SEDE_CATEGORIA": "IC",
        "SEDE_VIA_TIPO": "VIA",
        "SEDE_VIA_DENOMINAZIONE": "TEMBIEN",
        "SEDE_CIVICO": "1",
        "SEDE_BARRATO": "",
        "QUARTIERE": "UDITORE- PASSO DI RIGANO",
        "QUARTIERE_NUMERO": "17"
      },
      "geometry": {
        "type": "Point",
        "coordinates": [
          13.313738,
          38.127513,
          0
        ]
      }
    },
    {
      "type": "Feature",
      "properties": {
        "styleMapHash": {
          "normal": "#icon-503-93D7E8-normal",
          "highlight": "#icon-503-93D7E8-highlight"
        },
        "description": "ID: 101<br>ID_PORTALE: 1<br>TIPO: Plesso<br>DENOMINAZIONE: T. Natale<br>CATEGORIA: <br>VIA_TIPO: VIA<br>VIA_DENOMINAZIONE: LIMONE<br>CIVICO: 19<br>BARRATO: <br>SEDE_TIPO: Sede<br>SEDE_DENOMINAZIONE: A. Caponnetto<br>SEDE_CATEGORIA: IC<br>SEDE_VIA_TIPO: VIA<br>SEDE_VIA_DENOMINAZIONE: SOCRATE<br>SEDE_CIVICO: 11<br>SEDE_BARRATO: <br>QUARTIERE: TOMMASO NATALE- SFERRACAVALLO<br>QUARTIERE_NUMERO: 21",
        "ID": "101",
        "ID_PORTALE": "1",
        "TIPO": "Plesso",
        "DENOMINAZIONE": "T. Natale",
        "CATEGORIA": "",
        "VIA_TIPO": "VIA",
        "VIA_DENOMINAZIONE": "LIMONE",
        "CIVICO": "19",
        "BARRATO": "",
        "SEDE_TIPO": "Sede",
        "SEDE_DENOMINAZIONE": "A. Caponnetto",
        "SEDE_CATEGORIA": "IC",
        "SEDE_VIA_TIPO": "VIA",
        "SEDE_VIA_DENOMINAZIONE": "SOCRATE",
        "SEDE_CIVICO": "11",
        "SEDE_BARRATO": "",
        "QUARTIERE": "TOMMASO NATALE- SFERRACAVALLO",
        "QUARTIERE_NUMERO": "21"
      },
      "geometry": {
        "type": "Point",
        "coordinates": [
          13.284075,
          38.189081,
          0
        ]
      }
    },
    {
      "type": "Feature",
      "properties": {
        "styleMapHash": {
          "normal": "#icon-503-3F5BA9-normal",
          "highlight": "#icon-503-3F5BA9-highlight"
        },
        "description": "ID: 188<br>ID_PORTALE: 1<br>TIPO: Sede<br>DENOMINAZIONE: Nuccio - Verga<br>CATEGORIA: IC<br>VIA_TIPO: PIAZZA<br>VIA_DENOMINAZIONE: DELL'ORIGLIONE<br>CIVICO: 10<br>BARRATO: <br>SEDE_TIPO: Sede<br>SEDE_DENOMINAZIONE: Nuccio - Verga<br>SEDE_CATEGORIA: IC<br>SEDE_VIA_TIPO: PIAZZA<br>SEDE_VIA_DENOMINAZIONE: DELL'ORIGLIONE<br>SEDE_CIVICO: 10<br>SEDE_BARRATO: <br>QUARTIERE: PALAZZO REALE - M.TE DI PIETA<br>QUARTIERE_NUMERO: 2",
        "ID": "188",
        "ID_PORTALE": "1",
        "TIPO": "Sede",
        "DENOMINAZIONE": "Nuccio - Verga",
        "CATEGORIA": "IC",
        "VIA_TIPO": "PIAZZA",
        "VIA_DENOMINAZIONE": "DELL'ORIGLIONE",
        "CIVICO": "10",
        "BARRATO": "",
        "SEDE_TIPO": "Sede",
        "SEDE_DENOMINAZIONE": "Nuccio - Verga",
        "SEDE_CATEGORIA": "IC",
        "SEDE_VIA_TIPO": "PIAZZA",
        "SEDE_VIA_DENOMINAZIONE": "DELL'ORIGLIONE",
        "SEDE_CIVICO": "10",
        "SEDE_BARRATO": "",
        "QUARTIERE": "PALAZZO REALE - M.TE DI PIETA",
        "QUARTIERE_NUMERO": "2"
      },
      "geometry": {
        "type": "Point",
        "coordinates": [
          13.357894,
          38.112987,
          0
        ]
      }
    },
    {
      "type": "Feature",
      "properties": {
        "styleMapHash": {
          "normal": "#icon-503-3F5BA9-normal",
          "highlight": "#icon-503-3F5BA9-highlight"
        },
        "description": "ID: 124<br>ID_PORTALE: 1<br>TIPO: Sede<br>DENOMINAZIONE: Karol Wojtyla<br>CATEGORIA: IC<br>VIA_TIPO: VIA<br>VIA_DENOMINAZIONE: DELL'ARSENALE<br>CIVICO: 52<br>BARRATO: <br>SEDE_TIPO: Sede<br>SEDE_DENOMINAZIONE: Karol Wojtyla<br>SEDE_CATEGORIA: IC<br>SEDE_VIA_TIPO: VIA<br>SEDE_VIA_DENOMINAZIONE: DELL'ARSENALE<br>SEDE_CIVICO: 52<br>SEDE_BARRATO: <br>QUARTIERE: MONTE PELLEGRINO<br>QUARTIERE_NUMERO: 24",
        "ID": "124",
        "ID_PORTALE": "1",
        "TIPO": "Sede",
        "DENOMINAZIONE": "Karol Wojtyla",
        "CATEGORIA": "IC",
        "VIA_TIPO": "VIA",
        "VIA_DENOMINAZIONE": "DELL'ARSENALE",
        "CIVICO": "52",
        "BARRATO": "",
        "SEDE_TIPO": "Sede",
        "SEDE_DENOMINAZIONE": "Karol Wojtyla",
        "SEDE_CATEGORIA": "IC",
        "SEDE_VIA_TIPO": "VIA",
        "SEDE_VIA_DENOMINAZIONE": "DELL'ARSENALE",
        "SEDE_CIVICO": "52",
        "SEDE_BARRATO": "",
        "QUARTIERE": "MONTE PELLEGRINO",
        "QUARTIERE_NUMERO": "24"
      },
      "geometry": {
        "type": "Point",
        "coordinates": [
          13.363663,
          38.135639,
          0
        ]
      }
    },
    {
      "type": "Feature",
      "properties": {
        "styleMapHash": {
          "normal": "#icon-503-93D7E8-normal",
          "highlight": "#icon-503-93D7E8-highlight"
        },
        "description": "ID: 183<br>ID_PORTALE: 1<br>TIPO: Plesso<br>DENOMINAZIONE: Santa Cristina<br>CATEGORIA: <br>VIA_TIPO: VIA<br>VIA_DENOMINAZIONE: SPERONE<br>CIVICO: <br>BARRATO: <br>SEDE_TIPO: Sede<br>SEDE_DENOMINAZIONE: Rita Levi Montalcini<br>SEDE_CATEGORIA: IC<br>SEDE_VIA_TIPO: PIAZZA<br>SEDE_VIA_DENOMINAZIONE: S. PAOLO<br>SEDE_CIVICO: 4<br>SEDE_BARRATO: <br>QUARTIERE: BORGO NUOVO<br>QUARTIERE_NUMERO: 18",
        "ID": "183",
        "ID_PORTALE": "1",
        "TIPO": "Plesso",
        "DENOMINAZIONE": "Santa Cristina",
        "CATEGORIA": "",
        "VIA_TIPO": "VIA",
        "VIA_DENOMINAZIONE": "SPERONE",
        "CIVICO": "",
        "BARRATO": "",
        "SEDE_TIPO": "Sede",
        "SEDE_DENOMINAZIONE": "Rita Levi Montalcini",
        "SEDE_CATEGORIA": "IC",
        "SEDE_VIA_TIPO": "PIAZZA",
        "SEDE_VIA_DENOMINAZIONE": "S. PAOLO",
        "SEDE_CIVICO": "4",
        "SEDE_BARRATO": "",
        "QUARTIERE": "BORGO NUOVO",
        "QUARTIERE_NUMERO": "18"
      },
      "geometry": {
        "type": "Point",
        "coordinates": [
          13.297981,
          38.129338,
          0
        ]
      }
    },
    {
      "type": "Feature",
      "properties": {
        "styleMapHash": {
          "normal": "#icon-503-93D7E8-normal",
          "highlight": "#icon-503-93D7E8-highlight"
        },
        "description": "ID: 239<br>ID_PORTALE: 1<br>TIPO: Plesso<br>DENOMINAZIONE: Ilaria Alpi<br>CATEGORIA: <br>VIA_TIPO: CORSO<br>VIA_DENOMINAZIONE: DEI MILLE<br>CIVICO: 1672<br>BARRATO: <br>SEDE_TIPO: Sede<br>SEDE_DENOMINAZIONE: Padre Puglisi<br>SEDE_CATEGORIA: IC<br>SEDE_VIA_TIPO: VIA<br>SEDE_VIA_DENOMINAZIONE: PANZERA FRANCESCO<br>SEDE_CIVICO: 28<br>SEDE_BARRATO: <br>QUARTIERE: BRANCACCIO-CIACULLI<br>QUARTIERE_NUMERO: 12",
        "ID": "239",
        "ID_PORTALE": "1",
        "TIPO": "Plesso",
        "DENOMINAZIONE": "Ilaria Alpi",
        "CATEGORIA": "",
        "VIA_TIPO": "CORSO",
        "VIA_DENOMINAZIONE": "DEI MILLE",
        "CIVICO": "1672",
        "BARRATO": "",
        "SEDE_TIPO": "Sede",
        "SEDE_DENOMINAZIONE": "Padre Puglisi",
        "SEDE_CATEGORIA": "IC",
        "SEDE_VIA_TIPO": "VIA",
        "SEDE_VIA_DENOMINAZIONE": "PANZERA FRANCESCO",
        "SEDE_CIVICO": "28",
        "SEDE_BARRATO": "",
        "QUARTIERE": "BRANCACCIO-CIACULLI",
        "QUARTIERE_NUMERO": "12"
      },
      "geometry": {
        "type": "Point",
        "coordinates": [
          13.41762,
          38.070341,
          0
        ]
      }
    },
    {
      "type": "Feature",
      "properties": {
        "styleMapHash": {
          "normal": "#icon-503-93D7E8-normal",
          "highlight": "#icon-503-93D7E8-highlight"
        },
        "description": "ID: 270<br>ID_PORTALE: 1<br>TIPO: Plesso<br>DENOMINAZIONE: A. Sole<br>CATEGORIA: <br>VIA_TIPO: VIA<br>VIA_DENOMINAZIONE: MOLARA<br>CIVICO: 30<br>BARRATO: <br>SEDE_TIPO: Sede<br>SEDE_DENOMINAZIONE: Giuseppe Scelsa<br>SEDE_CATEGORIA: IC<br>SEDE_VIA_TIPO: VIA<br>SEDE_VIA_DENOMINAZIONE: VILLANI GIOVANNI<br>SEDE_CIVICO: <br>SEDE_BARRATO: <br>QUARTIERE: MEZZOMONREALE-V.LLA TASCA<br>QUARTIERE_NUMERO: 14",
        "ID": "270",
        "ID_PORTALE": "1",
        "TIPO": "Plesso",
        "DENOMINAZIONE": "A. Sole",
        "CATEGORIA": "",
        "VIA_TIPO": "VIA",
        "VIA_DENOMINAZIONE": "MOLARA",
        "CIVICO": "30",
        "BARRATO": "",
        "SEDE_TIPO": "Sede",
        "SEDE_DENOMINAZIONE": "Giuseppe Scelsa",
        "SEDE_CATEGORIA": "IC",
        "SEDE_VIA_TIPO": "VIA",
        "SEDE_VIA_DENOMINAZIONE": "VILLANI GIOVANNI",
        "SEDE_CIVICO": "",
        "SEDE_BARRATO": "",
        "QUARTIERE": "MEZZOMONREALE-V.LLA TASCA",
        "QUARTIERE_NUMERO": "14"
      },
      "geometry": {
        "type": "Point",
        "coordinates": [
          13.310999,
          38.080692,
          0
        ]
      }
    },
    {
      "type": "Feature",
      "properties": {
        "styleMapHash": {
          "normal": "#icon-503-93D7E8-normal",
          "highlight": "#icon-503-93D7E8-highlight"
        },
        "description": "ID: 266<br>ID_PORTALE: 1<br>TIPO: Plesso<br>DENOMINAZIONE: Bonanno<br>CATEGORIA: <br>VIA_TIPO: VIA<br>VIA_DENOMINAZIONE: PITRE' GIUSEPPE<br>CIVICO: 183<br>BARRATO: <br>SEDE_TIPO: Sede<br>SEDE_DENOMINAZIONE: Mantegna-Bonanno<br>SEDE_CATEGORIA: IC<br>SEDE_VIA_TIPO: VIA<br>SEDE_VIA_DENOMINAZIONE: BOLOGNI<br>SEDE_CIVICO: 4<br>SEDE_BARRATO: <br>QUARTIERE: ALTARELLO<br>QUARTIERE_NUMERO: 15",
        "ID": "266",
        "ID_PORTALE": "1",
        "TIPO": "Plesso",
        "DENOMINAZIONE": "Bonanno",
        "CATEGORIA": "",
        "VIA_TIPO": "VIA",
        "VIA_DENOMINAZIONE": "PITRE' GIUSEPPE",
        "CIVICO": "183",
        "BARRATO": "",
        "SEDE_TIPO": "Sede",
        "SEDE_DENOMINAZIONE": "Mantegna-Bonanno",
        "SEDE_CATEGORIA": "IC",
        "SEDE_VIA_TIPO": "VIA",
        "SEDE_VIA_DENOMINAZIONE": "BOLOGNI",
        "SEDE_CIVICO": "4",
        "SEDE_BARRATO": "",
        "QUARTIERE": "ALTARELLO",
        "QUARTIERE_NUMERO": "15"
      },
      "geometry": {
        "type": "Point",
        "coordinates": [
          13.328088,
          38.110628,
          0
        ]
      }
    },
    {
      "type": "Feature",
      "properties": {
        "styleMapHash": {
          "normal": "#icon-503-93D7E8-normal",
          "highlight": "#icon-503-93D7E8-highlight"
        },
        "description": "ID: 135<br>ID_PORTALE: <br>TIPO: Plesso<br>DENOMINAZIONE: Luinetti<br>CATEGORIA: <br>VIA_TIPO: VIA<br>VIA_DENOMINAZIONE: PESCIA<br>CIVICO: <br>BARRATO: <br>SEDE_TIPO: Sede<br>SEDE_DENOMINAZIONE: Falcone Zen 2<br>SEDE_CATEGORIA: IC<br>SEDE_VIA_TIPO: VIA<br>SEDE_VIA_DENOMINAZIONE: MARCHESE NICOLO' PENSABENE<br>SEDE_CIVICO: 34<br>SEDE_BARRATO: <br>QUARTIERE: PALLAVICINO<br>QUARTIERE_NUMERO: 23",
        "ID": "135",
        "ID_PORTALE": "",
        "TIPO": "Plesso",
        "DENOMINAZIONE": "Luinetti",
        "CATEGORIA": "",
        "VIA_TIPO": "VIA",
        "VIA_DENOMINAZIONE": "PESCIA",
        "CIVICO": "",
        "BARRATO": "",
        "SEDE_TIPO": "Sede",
        "SEDE_DENOMINAZIONE": "Falcone Zen 2",
        "SEDE_CATEGORIA": "IC",
        "SEDE_VIA_TIPO": "VIA",
        "SEDE_VIA_DENOMINAZIONE": "MARCHESE NICOLO' PENSABENE",
        "SEDE_CIVICO": "34",
        "SEDE_BARRATO": "",
        "QUARTIERE": "PALLAVICINO",
        "QUARTIERE_NUMERO": "23"
      },
      "geometry": {
        "type": "Point",
        "coordinates": [
          13.319709,
          38.179201,
          0
        ]
      }
    },
    {
      "type": "Feature",
      "properties": {
        "styleMapHash": {
          "normal": "#icon-503-93D7E8-normal",
          "highlight": "#icon-503-93D7E8-highlight"
        },
        "description": "ID: 225<br>ID_PORTALE: 1<br>TIPO: Plesso<br>DENOMINAZIONE: Terenzio<br>CATEGORIA: <br>VIA_TIPO: VIA<br>VIA_DENOMINAZIONE: TERENZIO PUBLIO<br>CIVICO: 4<br>BARRATO: <br>SEDE_TIPO: Sede<br>SEDE_DENOMINAZIONE: Sferracavallo<br>SEDE_CATEGORIA: IC<br>SEDE_VIA_TIPO: VIA<br>SEDE_VIA_DENOMINAZIONE: TACITO<br>SEDE_CIVICO: 34<br>SEDE_BARRATO: <br>QUARTIERE: TOMMASO NATALE- SFERRACAVALLO<br>QUARTIERE_NUMERO: 21",
        "ID": "225",
        "ID_PORTALE": "1",
        "TIPO": "Plesso",
        "DENOMINAZIONE": "Terenzio",
        "CATEGORIA": "",
        "VIA_TIPO": "VIA",
        "VIA_DENOMINAZIONE": "TERENZIO PUBLIO",
        "CIVICO": "4",
        "BARRATO": "",
        "SEDE_TIPO": "Sede",
        "SEDE_DENOMINAZIONE": "Sferracavallo",
        "SEDE_CATEGORIA": "IC",
        "SEDE_VIA_TIPO": "VIA",
        "SEDE_VIA_DENOMINAZIONE": "TACITO",
        "SEDE_CIVICO": "34",
        "SEDE_BARRATO": "",
        "QUARTIERE": "TOMMASO NATALE- SFERRACAVALLO",
        "QUARTIERE_NUMERO": "21"
      },
      "geometry": {
        "type": "Point",
        "coordinates": [
          13.27748,
          38.198456,
          0
        ]
      }
    },
    {
      "type": "Feature",
      "properties": {
        "styleMapHash": {
          "normal": "#icon-503-3F5BA9-normal",
          "highlight": "#icon-503-3F5BA9-highlight"
        },
        "description": "ID: 60<br>ID_PORTALE: <br>TIPO: Sede<br>DENOMINAZIONE: Orestano<br>CATEGORIA: DD<br>VIA_TIPO: VIA<br>VIA_DENOMINAZIONE: CONTE FEDERICO<br>CIVICO: 3<br>BARRATO: <br>SEDE_TIPO: Sede<br>SEDE_DENOMINAZIONE: Orestano<br>SEDE_CATEGORIA: DD<br>SEDE_VIA_TIPO: VIA<br>SEDE_VIA_DENOMINAZIONE: CONTE FEDERICO<br>SEDE_CIVICO: 3<br>SEDE_BARRATO: <br>QUARTIERE: BRANCACCIO-CIACULLI<br>QUARTIERE_NUMERO: 12",
        "ID": "60",
        "ID_PORTALE": "",
        "TIPO": "Sede",
        "DENOMINAZIONE": "Orestano",
        "CATEGORIA": "DD",
        "VIA_TIPO": "VIA",
        "VIA_DENOMINAZIONE": "CONTE FEDERICO",
        "CIVICO": "3",
        "BARRATO": "",
        "SEDE_TIPO": "Sede",
        "SEDE_DENOMINAZIONE": "Orestano",
        "SEDE_CATEGORIA": "DD",
        "SEDE_VIA_TIPO": "VIA",
        "SEDE_VIA_DENOMINAZIONE": "CONTE FEDERICO",
        "SEDE_CIVICO": "3",
        "SEDE_BARRATO": "",
        "QUARTIERE": "BRANCACCIO-CIACULLI",
        "QUARTIERE_NUMERO": "12"
      },
      "geometry": {
        "type": "Point",
        "coordinates": [
          13.384243,
          38.094484,
          0
        ]
      }
    },
    {
      "type": "Feature",
      "properties": {
        "styleMapHash": {
          "normal": "#icon-503-3F5BA9-normal",
          "highlight": "#icon-503-3F5BA9-highlight"
        },
        "description": "ID: 254<br>ID_PORTALE: 1<br>TIPO: Sede<br>DENOMINAZIONE: Gramsci<br>CATEGORIA: SMS<br>VIA_TIPO: VIA<br>VIA_DENOMINAZIONE: LA LOGGIA GAETANO<br>CIVICO: 214<br>BARRATO: <br>SEDE_TIPO: Sede<br>SEDE_DENOMINAZIONE: Gramsci<br>SEDE_CATEGORIA: SMS<br>SEDE_VIA_TIPO: VIA<br>SEDE_VIA_DENOMINAZIONE: LA LOGGIA GAETANO<br>SEDE_CIVICO: 214<br>SEDE_BARRATO: <br>QUARTIERE: MEZZOMONREALE-V.LLA TASCA<br>QUARTIERE_NUMERO: 14",
        "ID": "254",
        "ID_PORTALE": "1",
        "TIPO": "Sede",
        "DENOMINAZIONE": "Gramsci",
        "CATEGORIA": "SMS",
        "VIA_TIPO": "VIA",
        "VIA_DENOMINAZIONE": "LA LOGGIA GAETANO",
        "CIVICO": "214",
        "BARRATO": "",
        "SEDE_TIPO": "Sede",
        "SEDE_DENOMINAZIONE": "Gramsci",
        "SEDE_CATEGORIA": "SMS",
        "SEDE_VIA_TIPO": "VIA",
        "SEDE_VIA_DENOMINAZIONE": "LA LOGGIA GAETANO",
        "SEDE_CIVICO": "214",
        "SEDE_BARRATO": "",
        "QUARTIERE": "MEZZOMONREALE-V.LLA TASCA",
        "QUARTIERE_NUMERO": "14"
      },
      "geometry": {
        "type": "Point",
        "coordinates": [
          13.330649,
          38.106364,
          0
        ]
      }
    },
    {
      "type": "Feature",
      "properties": {
        "styleMapHash": {
          "normal": "#icon-503-93D7E8-normal",
          "highlight": "#icon-503-93D7E8-highlight"
        },
        "description": "ID: 110<br>ID_PORTALE: 1<br>TIPO: Plesso<br>DENOMINAZIONE: San Lorenzo<br>CATEGORIA: <br>VIA_TIPO: VIA<br>VIA_DENOMINAZIONE: S. LORENZO<br>CIVICO: 89<br>BARRATO: <br>SEDE_TIPO: Sede<br>SEDE_DENOMINAZIONE: Florio - San Lorenzo<br>SEDE_CATEGORIA: IC<br>SEDE_VIA_TIPO: VIA<br>SEDE_VIA_DENOMINAZIONE: DI GIOVANNI FILIPPO<br>SEDE_CIVICO: 88<br>SEDE_BARRATO: <br>QUARTIERE: RESUTTANO-S. LORENZO<br>QUARTIERE_NUMERO: 20",
        "ID": "110",
        "ID_PORTALE": "1",
        "TIPO": "Plesso",
        "DENOMINAZIONE": "San Lorenzo",
        "CATEGORIA": "",
        "VIA_TIPO": "VIA",
        "VIA_DENOMINAZIONE": "S. LORENZO",
        "CIVICO": "89",
        "BARRATO": "",
        "SEDE_TIPO": "Sede",
        "SEDE_DENOMINAZIONE": "Florio - San Lorenzo",
        "SEDE_CATEGORIA": "IC",
        "SEDE_VIA_TIPO": "VIA",
        "SEDE_VIA_DENOMINAZIONE": "DI GIOVANNI FILIPPO",
        "SEDE_CIVICO": "88",
        "SEDE_BARRATO": "",
        "QUARTIERE": "RESUTTANO-S. LORENZO",
        "QUARTIERE_NUMERO": "20"
      },
      "geometry": {
        "type": "Point",
        "coordinates": [
          13.327334,
          38.160904,
          0
        ]
      }
    },
    {
      "type": "Feature",
      "properties": {
        "styleMapHash": {
          "normal": "#icon-503-93D7E8-normal",
          "highlight": "#icon-503-93D7E8-highlight"
        },
        "description": "ID: 149<br>ID_PORTALE: 1<br>TIPO: Plesso<br>DENOMINAZIONE: Ievolella<br>CATEGORIA: <br>VIA_TIPO: VIA<br>VIA_DENOMINAZIONE: SERRADIFALCO<br>CIVICO: 3<br>BARRATO: <br>SEDE_TIPO: Sede<br>SEDE_DENOMINAZIONE: Manzoni - P. Impastato<br>SEDE_CATEGORIA: IC<br>SEDE_VIA_TIPO: VIA<br>SEDE_VIA_DENOMINAZIONE: SERRADIFALCO<br>SEDE_CIVICO: 3<br>SEDE_BARRATO: <br>QUARTIERE: ZISA<br>QUARTIERE_NUMERO: 6",
        "ID": "149",
        "ID_PORTALE": "1",
        "TIPO": "Plesso",
        "DENOMINAZIONE": "Ievolella",
        "CATEGORIA": "",
        "VIA_TIPO": "VIA",
        "VIA_DENOMINAZIONE": "SERRADIFALCO",
        "CIVICO": "3",
        "BARRATO": "",
        "SEDE_TIPO": "Sede",
        "SEDE_DENOMINAZIONE": "Manzoni - P. Impastato",
        "SEDE_CATEGORIA": "IC",
        "SEDE_VIA_TIPO": "VIA",
        "SEDE_VIA_DENOMINAZIONE": "SERRADIFALCO",
        "SEDE_CIVICO": "3",
        "SEDE_BARRATO": "",
        "QUARTIERE": "ZISA",
        "QUARTIERE_NUMERO": "6"
      },
      "geometry": {
        "type": "Point",
        "coordinates": [
          13.340854,
          38.120568,
          0
        ]
      }
    },
    {
      "type": "Feature",
      "properties": {
        "styleMapHash": {
          "normal": "#icon-959-CDDC39-normal",
          "highlight": "#icon-959-CDDC39-highlight"
        },
        "description": "ID: 35<br>ID_PORTALE: 1<br>TIPO: Asilo Nido<br>DENOMINAZIONE: Tornatore<br>VIA_TIPO: VIA<br>VIA_DENOMINAZIONE: BRAMANTE DONATO<br>CIVICO: 17<br>BARRATO: <br>QUARTIERE_NUMERO: 17<br>QUARTIERE: UDITORE- PASSO DI RIGANO",
        "ID": "35",
        "ID_PORTALE": "1",
        "TIPO": "Asilo Nido",
        "DENOMINAZIONE": "Tornatore",
        "VIA_TIPO": "VIA",
        "VIA_DENOMINAZIONE": "BRAMANTE DONATO",
        "CIVICO": "17",
        "BARRATO": "",
        "QUARTIERE_NUMERO": "17",
        "QUARTIERE": "UDITORE- PASSO DI RIGANO"
      },
      "geometry": {
        "type": "Point",
        "coordinates": [
          13.325623,
          38.126635,
          0
        ]
      }
    },
    {
      "type": "Feature",
      "properties": {
        "styleMapHash": {
          "normal": "#icon-503-93D7E8-normal",
          "highlight": "#icon-503-93D7E8-highlight"
        },
        "description": "ID: 137<br>ID_PORTALE: <br>TIPO: Plesso<br>DENOMINAZIONE: Bonfiglio<br>CATEGORIA: <br>VIA_TIPO: VIA<br>VIA_DENOMINAZIONE: IMERA<br>CIVICO: 145<br>BARRATO: <br>SEDE_TIPO: Sede<br>SEDE_DENOMINAZIONE: Colozza - Bonfiglio<br>SEDE_CATEGORIA: IC<br>SEDE_VIA_TIPO: VIA<br>SEDE_VIA_DENOMINAZIONE: IMERA<br>SEDE_CIVICO: 32<br>SEDE_BARRATO: <br>QUARTIERE: CUBA-CALATAFIMI<br>QUARTIERE_NUMERO: 5",
        "ID": "137",
        "ID_PORTALE": "",
        "TIPO": "Plesso",
        "DENOMINAZIONE": "Bonfiglio",
        "CATEGORIA": "",
        "VIA_TIPO": "VIA",
        "VIA_DENOMINAZIONE": "IMERA",
        "CIVICO": "145",
        "BARRATO": "",
        "SEDE_TIPO": "Sede",
        "SEDE_DENOMINAZIONE": "Colozza - Bonfiglio",
        "SEDE_CATEGORIA": "IC",
        "SEDE_VIA_TIPO": "VIA",
        "SEDE_VIA_DENOMINAZIONE": "IMERA",
        "SEDE_CIVICO": "32",
        "SEDE_BARRATO": "",
        "QUARTIERE": "CUBA-CALATAFIMI",
        "QUARTIERE_NUMERO": "5"
      },
      "geometry": {
        "type": "Point",
        "coordinates": [
          13.349639,
          38.113289,
          0
        ]
      }
    },
    {
      "type": "Feature",
      "properties": {
        "styleMapHash": {
          "normal": "#icon-503-93D7E8-normal",
          "highlight": "#icon-503-93D7E8-highlight"
        },
        "description": "ID: 197<br>ID_PORTALE: 1<br>TIPO: Plesso<br>DENOMINAZIONE: M.T. di Calcutta<br>CATEGORIA: <br>VIA_TIPO: VIA<br>VIA_DENOMINAZIONE: FIUME<br>CIVICO: 14<br>BARRATO: <br>SEDE_TIPO: Sede<br>SEDE_DENOMINAZIONE: Perez - M.T. di Calcutta<br>SEDE_CATEGORIA: IC<br>SEDE_VIA_TIPO: VIA<br>SEDE_VIA_DENOMINAZIONE: ERRANTE VINCENZO<br>SEDE_CIVICO: 1<br>SEDE_BARRATO: <br>QUARTIERE: TRIBUNALI CASTELLAMMARE<br>QUARTIERE_NUMERO: 1",
        "ID": "197",
        "ID_PORTALE": "1",
        "TIPO": "Plesso",
        "DENOMINAZIONE": "M.T. di Calcutta",
        "CATEGORIA": "",
        "VIA_TIPO": "VIA",
        "VIA_DENOMINAZIONE": "FIUME",
        "CIVICO": "14",
        "BARRATO": "",
        "SEDE_TIPO": "Sede",
        "SEDE_DENOMINAZIONE": "Perez - M.T. di Calcutta",
        "SEDE_CATEGORIA": "IC",
        "SEDE_VIA_TIPO": "VIA",
        "SEDE_VIA_DENOMINAZIONE": "ERRANTE VINCENZO",
        "SEDE_CIVICO": "1",
        "SEDE_BARRATO": "",
        "QUARTIERE": "TRIBUNALI CASTELLAMMARE",
        "QUARTIERE_NUMERO": "1"
      },
      "geometry": {
        "type": "Point",
        "coordinates": [
          13.364442,
          38.111909,
          0
        ]
      }
    },
    {
      "type": "Feature",
      "properties": {
        "styleMapHash": {
          "normal": "#icon-503-93D7E8-normal",
          "highlight": "#icon-503-93D7E8-highlight"
        },
        "description": "ID: 92<br>ID_PORTALE: 1<br>TIPO: Plesso<br>DENOMINAZIONE: Titone<br>CATEGORIA: <br>VIA_TIPO: VIA<br>VIA_DENOMINAZIONE: TITONE MICHELE<br>CIVICO: 45<br>BARRATO: <br>SEDE_TIPO: Sede<br>SEDE_DENOMINAZIONE: Ragusa Moletti<br>SEDE_CATEGORIA: DD<br>SEDE_VIA_TIPO: VIA<br>SEDE_VIA_DENOMINAZIONE: RAGUSA MOLETI<br>SEDE_CIVICO: 8<br>SEDE_BARRATO: <br>QUARTIERE: CUBA-CALATAFIMI<br>QUARTIERE_NUMERO: 5",
        "ID": "92",
        "ID_PORTALE": "1",
        "TIPO": "Plesso",
        "DENOMINAZIONE": "Titone",
        "CATEGORIA": "",
        "VIA_TIPO": "VIA",
        "VIA_DENOMINAZIONE": "TITONE MICHELE",
        "CIVICO": "45",
        "BARRATO": "",
        "SEDE_TIPO": "Sede",
        "SEDE_DENOMINAZIONE": "Ragusa Moletti",
        "SEDE_CATEGORIA": "DD",
        "SEDE_VIA_TIPO": "VIA",
        "SEDE_VIA_DENOMINAZIONE": "RAGUSA MOLETI",
        "SEDE_CIVICO": "8",
        "SEDE_BARRATO": "",
        "QUARTIERE": "CUBA-CALATAFIMI",
        "QUARTIERE_NUMERO": "5"
      },
      "geometry": {
        "type": "Point",
        "coordinates": [
          13.338308,
          38.107138,
          0
        ]
      }
    },
    {
      "type": "Feature",
      "properties": {
        "styleMapHash": {
          "normal": "#icon-503-3F5BA9-normal",
          "highlight": "#icon-503-3F5BA9-highlight"
        },
        "description": "ID: 32<br>ID_PORTALE: 1<br>TIPO: Sede<br>DENOMINAZIONE: P. Mondello<br>CATEGORIA: DD<br>VIA_TIPO: VIA<br>VIA_DENOMINAZIONE: SANTOCANALE<br>CIVICO: 23<br>BARRATO: B<br>SEDE_TIPO: Sede<br>SEDE_DENOMINAZIONE: P. Mondello<br>SEDE_CATEGORIA: DD<br>SEDE_VIA_TIPO: VIA<br>SEDE_VIA_DENOMINAZIONE: SANTOCANALE<br>SEDE_CIVICO: 23<br>SEDE_BARRATO: B<br>QUARTIERE: PARTANNA MONDELLO<br>QUARTIERE_NUMERO: 22",
        "ID": "32",
        "ID_PORTALE": "1",
        "TIPO": "Sede",
        "DENOMINAZIONE": "P. Mondello",
        "CATEGORIA": "DD",
        "VIA_TIPO": "VIA",
        "VIA_DENOMINAZIONE": "SANTOCANALE",
        "CIVICO": "23",
        "BARRATO": "B",
        "SEDE_TIPO": "Sede",
        "SEDE_DENOMINAZIONE": "P. Mondello",
        "SEDE_CATEGORIA": "DD",
        "SEDE_VIA_TIPO": "VIA",
        "SEDE_VIA_DENOMINAZIONE": "SANTOCANALE",
        "SEDE_CIVICO": "23",
        "SEDE_BARRATO": "B",
        "QUARTIERE": "PARTANNA MONDELLO",
        "QUARTIERE_NUMERO": "22"
      },
      "geometry": {
        "type": "Point",
        "coordinates": [
          13.30844,
          38.198027,
          0
        ]
      }
    },
    {
      "type": "Feature",
      "properties": {
        "styleMapHash": {
          "normal": "#icon-503-3F5BA9-normal",
          "highlight": "#icon-503-3F5BA9-highlight"
        },
        "description": "ID: 252<br>ID_PORTALE: 1<br>TIPO: Sede<br>DENOMINAZIONE: Giuseppe Scelsa<br>CATEGORIA: IC<br>VIA_TIPO: VIA<br>VIA_DENOMINAZIONE: VILLANI GIOVANNI<br>CIVICO: <br>BARRATO: <br>SEDE_TIPO: Sede<br>SEDE_DENOMINAZIONE: Giuseppe Scelsa<br>SEDE_CATEGORIA: IC<br>SEDE_VIA_TIPO: VIA<br>SEDE_VIA_DENOMINAZIONE: VILLANI GIOVANNI<br>SEDE_CIVICO: <br>SEDE_BARRATO: <br>QUARTIERE: MEZZOMONREALE-V.LLA TASCA<br>QUARTIERE_NUMERO: 14",
        "ID": "252",
        "ID_PORTALE": "1",
        "TIPO": "Sede",
        "DENOMINAZIONE": "Giuseppe Scelsa",
        "CATEGORIA": "IC",
        "VIA_TIPO": "VIA",
        "VIA_DENOMINAZIONE": "VILLANI GIOVANNI",
        "CIVICO": "",
        "BARRATO": "",
        "SEDE_TIPO": "Sede",
        "SEDE_DENOMINAZIONE": "Giuseppe Scelsa",
        "SEDE_CATEGORIA": "IC",
        "SEDE_VIA_TIPO": "VIA",
        "SEDE_VIA_DENOMINAZIONE": "VILLANI GIOVANNI",
        "SEDE_CIVICO": "",
        "SEDE_BARRATO": "",
        "QUARTIERE": "MEZZOMONREALE-V.LLA TASCA",
        "QUARTIERE_NUMERO": "14"
      },
      "geometry": {
        "type": "Point",
        "coordinates": [
          13.332139,
          38.092054,
          0
        ]
      }
    },
    {
      "type": "Feature",
      "properties": {
        "styleMapHash": {
          "normal": "#icon-503-93D7E8-normal",
          "highlight": "#icon-503-93D7E8-highlight"
        },
        "description": "ID: 79<br>ID_PORTALE: <br>TIPO: Plesso<br>DENOMINAZIONE: San Ciro 48/A<br>CATEGORIA: <br>VIA_TIPO: VIA<br>VIA_DENOMINAZIONE: S. CIRO<br>CIVICO: 48<br>BARRATO: A<br>SEDE_TIPO: Sede<br>SEDE_DENOMINAZIONE: Orestano<br>SEDE_CATEGORIA: DD<br>SEDE_VIA_TIPO: VIA<br>SEDE_VIA_DENOMINAZIONE: CONTE FEDERICO<br>SEDE_CIVICO: 3<br>SEDE_BARRATO: <br>QUARTIERE: BRANCACCIO-CIACULLI<br>QUARTIERE_NUMERO: 12",
        "ID": "79",
        "ID_PORTALE": "",
        "TIPO": "Plesso",
        "DENOMINAZIONE": "San Ciro 48/A",
        "CATEGORIA": "",
        "VIA_TIPO": "VIA",
        "VIA_DENOMINAZIONE": "S. CIRO",
        "CIVICO": "48",
        "BARRATO": "A",
        "SEDE_TIPO": "Sede",
        "SEDE_DENOMINAZIONE": "Orestano",
        "SEDE_CATEGORIA": "DD",
        "SEDE_VIA_TIPO": "VIA",
        "SEDE_VIA_DENOMINAZIONE": "CONTE FEDERICO",
        "SEDE_CIVICO": "3",
        "SEDE_BARRATO": "",
        "QUARTIERE": "BRANCACCIO-CIACULLI",
        "QUARTIERE_NUMERO": "12"
      },
      "geometry": {
        "type": "Point",
        "coordinates": [
          13.384427,
          38.093585,
          0
        ]
      }
    },
    {
      "type": "Feature",
      "properties": {
        "styleMapHash": {
          "normal": "#icon-503-93D7E8-normal",
          "highlight": "#icon-503-93D7E8-highlight"
        },
        "description": "ID: 222<br>ID_PORTALE: 1<br>TIPO: Plesso<br>DENOMINAZIONE: Guzzardi<br>CATEGORIA: <br>VIA_TIPO: VIA<br>VIA_DENOMINAZIONE: SFERRACAVALLO<br>CIVICO: 91<br>BARRATO: <br>SEDE_TIPO: Sede<br>SEDE_DENOMINAZIONE: Sferracavallo<br>SEDE_CATEGORIA: IC<br>SEDE_VIA_TIPO: VIA<br>SEDE_VIA_DENOMINAZIONE: TACITO<br>SEDE_CIVICO: 34<br>SEDE_BARRATO: <br>QUARTIERE: TOMMASO NATALE- SFERRACAVALLO<br>QUARTIERE_NUMERO: 21",
        "ID": "222",
        "ID_PORTALE": "1",
        "TIPO": "Plesso",
        "DENOMINAZIONE": "Guzzardi",
        "CATEGORIA": "",
        "VIA_TIPO": "VIA",
        "VIA_DENOMINAZIONE": "SFERRACAVALLO",
        "CIVICO": "91",
        "BARRATO": "",
        "SEDE_TIPO": "Sede",
        "SEDE_DENOMINAZIONE": "Sferracavallo",
        "SEDE_CATEGORIA": "IC",
        "SEDE_VIA_TIPO": "VIA",
        "SEDE_VIA_DENOMINAZIONE": "TACITO",
        "SEDE_CIVICO": "34",
        "SEDE_BARRATO": "",
        "QUARTIERE": "TOMMASO NATALE- SFERRACAVALLO",
        "QUARTIERE_NUMERO": "21"
      },
      "geometry": {
        "type": "Point",
        "coordinates": [
          13.28344,
          38.192718,
          0
        ]
      }
    },
    {
      "type": "Feature",
      "properties": {
        "styleMapHash": {
          "normal": "#icon-959-CDDC39-normal",
          "highlight": "#icon-959-CDDC39-highlight"
        },
        "description": "ID: 34<br>ID_PORTALE: 1<br>TIPO: Asilo Nido<br>DENOMINAZIONE: Topolino<br>VIA_TIPO: VIA<br>VIA_DENOMINAZIONE: EUGENIO L'EMIRO<br>CIVICO: <br>BARRATO: <br>QUARTIERE_NUMERO: 6<br>QUARTIERE: ZISA",
        "ID": "34",
        "ID_PORTALE": "1",
        "TIPO": "Asilo Nido",
        "DENOMINAZIONE": "Topolino",
        "VIA_TIPO": "VIA",
        "VIA_DENOMINAZIONE": "EUGENIO L'EMIRO",
        "CIVICO": "",
        "BARRATO": "",
        "QUARTIERE_NUMERO": "6",
        "QUARTIERE": "ZISA"
      },
      "geometry": {
        "type": "Point",
        "coordinates": [
          13.335435,
          38.113369,
          0
        ]
      }
    },
    {
      "type": "Feature",
      "properties": {
        "styleMapHash": {
          "normal": "#icon-503-93D7E8-normal",
          "highlight": "#icon-503-93D7E8-highlight"
        },
        "description": "ID: 265<br>ID_PORTALE: 1<br>TIPO: Plesso<br>DENOMINAZIONE: Borsellino<br>CATEGORIA: <br>VIA_TIPO: PIAZZA<br>VIA_DENOMINAZIONE: PIETRO MICCA<br>CIVICO: 1<br>BARRATO: <br>SEDE_TIPO: Sede<br>SEDE_DENOMINAZIONE: Mantegna-Bonanno<br>SEDE_CATEGORIA: IC<br>SEDE_VIA_TIPO: VIA<br>SEDE_VIA_DENOMINAZIONE: BOLOGNI<br>SEDE_CIVICO: 4<br>SEDE_BARRATO: <br>QUARTIERE: BOCCADIFALCO<br>QUARTIERE_NUMERO: 16",
        "ID": "265",
        "ID_PORTALE": "1",
        "TIPO": "Plesso",
        "DENOMINAZIONE": "Borsellino",
        "CATEGORIA": "",
        "VIA_TIPO": "PIAZZA",
        "VIA_DENOMINAZIONE": "PIETRO MICCA",
        "CIVICO": "1",
        "BARRATO": "",
        "SEDE_TIPO": "Sede",
        "SEDE_DENOMINAZIONE": "Mantegna-Bonanno",
        "SEDE_CATEGORIA": "IC",
        "SEDE_VIA_TIPO": "VIA",
        "SEDE_VIA_DENOMINAZIONE": "BOLOGNI",
        "SEDE_CIVICO": "4",
        "SEDE_BARRATO": "",
        "QUARTIERE": "BOCCADIFALCO",
        "QUARTIERE_NUMERO": "16"
      },
      "geometry": {
        "type": "Point",
        "coordinates": [
          13.308307,
          38.10972,
          0
        ]
      }
    },
    {
      "type": "Feature",
      "properties": {
        "styleMapHash": {
          "normal": "#icon-503-93D7E8-normal",
          "highlight": "#icon-503-93D7E8-highlight"
        },
        "description": "ID: 141<br>ID_PORTALE: 1<br>TIPO: Plesso<br>DENOMINAZIONE: Maestri Del Lavoro<br>CATEGORIA: <br>VIA_TIPO: VIA<br>VIA_DENOMINAZIONE: MAESTRI DEL LAVORO<br>CIVICO: 42<br>BARRATO: <br>SEDE_TIPO: Sede<br>SEDE_DENOMINAZIONE: Rosolino Pilo<br>SEDE_CATEGORIA: DD<br>SEDE_VIA_TIPO: VIA<br>SEDE_VIA_DENOMINAZIONE: LA FRANCA SEBASTIANO<br>SEDE_CIVICO: 70<br>SEDE_BARRATO: <br>QUARTIERE: ORETO-STAZIONE<br>QUARTIERE_NUMERO: 3",
        "ID": "141",
        "ID_PORTALE": "1",
        "TIPO": "Plesso",
        "DENOMINAZIONE": "Maestri Del Lavoro",
        "CATEGORIA": "",
        "VIA_TIPO": "VIA",
        "VIA_DENOMINAZIONE": "MAESTRI DEL LAVORO",
        "CIVICO": "42",
        "BARRATO": "",
        "SEDE_TIPO": "Sede",
        "SEDE_DENOMINAZIONE": "Rosolino Pilo",
        "SEDE_CATEGORIA": "DD",
        "SEDE_VIA_TIPO": "VIA",
        "SEDE_VIA_DENOMINAZIONE": "LA FRANCA SEBASTIANO",
        "SEDE_CIVICO": "70",
        "SEDE_BARRATO": "",
        "QUARTIERE": "ORETO-STAZIONE",
        "QUARTIERE_NUMERO": "3"
      },
      "geometry": {
        "type": "Point",
        "coordinates": [
          13.370149,
          38.103174,
          0
        ]
      }
    },
    {
      "type": "Feature",
      "properties": {
        "styleMapHash": {
          "normal": "#icon-503-93D7E8-normal",
          "highlight": "#icon-503-93D7E8-highlight"
        },
        "description": "ID: 42<br>ID_PORTALE: 1<br>TIPO: Plesso<br>DENOMINAZIONE: Trinacria<br>CATEGORIA: <br>VIA_TIPO: VIA<br>VIA_DENOMINAZIONE: TRINACRIA<br>CIVICO: 1<br>BARRATO: <br>SEDE_TIPO: Sede<br>SEDE_DENOMINAZIONE: Garzilli<br>SEDE_CATEGORIA: DD<br>SEDE_VIA_TIPO: VIA<br>SEDE_VIA_DENOMINAZIONE: ISONZO<br>SEDE_CIVICO: 7<br>SEDE_BARRATO: <br>QUARTIERE: RESUTTANO-S. LORENZO<br>QUARTIERE_NUMERO: 20",
        "ID": "42",
        "ID_PORTALE": "1",
        "TIPO": "Plesso",
        "DENOMINAZIONE": "Trinacria",
        "CATEGORIA": "",
        "VIA_TIPO": "VIA",
        "VIA_DENOMINAZIONE": "TRINACRIA",
        "CIVICO": "1",
        "BARRATO": "",
        "SEDE_TIPO": "Sede",
        "SEDE_DENOMINAZIONE": "Garzilli",
        "SEDE_CATEGORIA": "DD",
        "SEDE_VIA_TIPO": "VIA",
        "SEDE_VIA_DENOMINAZIONE": "ISONZO",
        "SEDE_CIVICO": "7",
        "SEDE_BARRATO": "",
        "QUARTIERE": "RESUTTANO-S. LORENZO",
        "QUARTIERE_NUMERO": "20"
      },
      "geometry": {
        "type": "Point",
        "coordinates": [
          13.33852,
          38.147055,
          0
        ]
      }
    },
    {
      "type": "Feature",
      "properties": {
        "styleMapHash": {
          "normal": "#icon-503-3F5BA9-normal",
          "highlight": "#icon-503-3F5BA9-highlight"
        },
        "description": "ID: 199<br>ID_PORTALE: 1<br>TIPO: Sede<br>DENOMINAZIONE: Padre Puglisi<br>CATEGORIA: IC<br>VIA_TIPO: VIA<br>VIA_DENOMINAZIONE: PANZERA FRANCESCO<br>CIVICO: 28<br>BARRATO: <br>SEDE_TIPO: Sede<br>SEDE_DENOMINAZIONE: Padre Puglisi<br>SEDE_CATEGORIA: IC<br>SEDE_VIA_TIPO: VIA<br>SEDE_VIA_DENOMINAZIONE: PANZERA FRANCESCO<br>SEDE_CIVICO: 28<br>SEDE_BARRATO: <br>QUARTIERE: BRANCACCIO-CIACULLI<br>QUARTIERE_NUMERO: 12",
        "ID": "199",
        "ID_PORTALE": "1",
        "TIPO": "Sede",
        "DENOMINAZIONE": "Padre Puglisi",
        "CATEGORIA": "IC",
        "VIA_TIPO": "VIA",
        "VIA_DENOMINAZIONE": "PANZERA FRANCESCO",
        "CIVICO": "28",
        "BARRATO": "",
        "SEDE_TIPO": "Sede",
        "SEDE_DENOMINAZIONE": "Padre Puglisi",
        "SEDE_CATEGORIA": "IC",
        "SEDE_VIA_TIPO": "VIA",
        "SEDE_VIA_DENOMINAZIONE": "PANZERA FRANCESCO",
        "SEDE_CIVICO": "28",
        "SEDE_BARRATO": "",
        "QUARTIERE": "BRANCACCIO-CIACULLI",
        "QUARTIERE_NUMERO": "12"
      },
      "geometry": {
        "type": "Point",
        "coordinates": [
          13.386391,
          38.09431,
          0
        ]
      }
    },
    {
      "type": "Feature",
      "properties": {
        "styleMapHash": {
          "normal": "#icon-503-3F5BA9-normal",
          "highlight": "#icon-503-3F5BA9-highlight"
        },
        "description": "ID: 218<br>ID_PORTALE: 1<br>TIPO: Sede<br>DENOMINAZIONE: Giuliana - Saladino<br>CATEGORIA: IC<br>VIA_TIPO: VIA<br>VIA_DENOMINAZIONE: BARISANO DA TRANI<br>CIVICO: 7<br>BARRATO: <br>SEDE_TIPO: Sede<br>SEDE_DENOMINAZIONE: Giuliana - Saladino<br>SEDE_CATEGORIA: IC<br>SEDE_VIA_TIPO: VIA<br>SEDE_VIA_DENOMINAZIONE: BARISANO DA TRANI<br>SEDE_CIVICO: 7<br>SEDE_BARRATO: <br>QUARTIERE: CRUILLAS-CEP<br>QUARTIERE_NUMERO: 19",
        "ID": "218",
        "ID_PORTALE": "1",
        "TIPO": "Sede",
        "DENOMINAZIONE": "Giuliana - Saladino",
        "CATEGORIA": "IC",
        "VIA_TIPO": "VIA",
        "VIA_DENOMINAZIONE": "BARISANO DA TRANI",
        "CIVICO": "7",
        "BARRATO": "",
        "SEDE_TIPO": "Sede",
        "SEDE_DENOMINAZIONE": "Giuliana - Saladino",
        "SEDE_CATEGORIA": "IC",
        "SEDE_VIA_TIPO": "VIA",
        "SEDE_VIA_DENOMINAZIONE": "BARISANO DA TRANI",
        "SEDE_CIVICO": "7",
        "SEDE_BARRATO": "",
        "QUARTIERE": "CRUILLAS-CEP",
        "QUARTIERE_NUMERO": "19"
      },
      "geometry": {
        "type": "Point",
        "coordinates": [
          13.311154,
          38.135839,
          0
        ]
      }
    },
    {
      "type": "Feature",
      "properties": {
        "styleMapHash": {
          "normal": "#icon-503-93D7E8-normal",
          "highlight": "#icon-503-93D7E8-highlight"
        },
        "description": "ID: 78<br>ID_PORTALE: <br>TIPO: Plesso<br>DENOMINAZIONE: San Ciro 48<br>CATEGORIA: <br>VIA_TIPO: VIA<br>VIA_DENOMINAZIONE: S. CIRO<br>CIVICO: 48<br>BARRATO: <br>SEDE_TIPO: Sede<br>SEDE_DENOMINAZIONE: Orestano<br>SEDE_CATEGORIA: DD<br>SEDE_VIA_TIPO: VIA<br>SEDE_VIA_DENOMINAZIONE: CONTE FEDERICO<br>SEDE_CIVICO: 3<br>SEDE_BARRATO: <br>QUARTIERE: BRANCACCIO-CIACULLI<br>QUARTIERE_NUMERO: 12",
        "ID": "78",
        "ID_PORTALE": "",
        "TIPO": "Plesso",
        "DENOMINAZIONE": "San Ciro 48",
        "CATEGORIA": "",
        "VIA_TIPO": "VIA",
        "VIA_DENOMINAZIONE": "S. CIRO",
        "CIVICO": "48",
        "BARRATO": "",
        "SEDE_TIPO": "Sede",
        "SEDE_DENOMINAZIONE": "Orestano",
        "SEDE_CATEGORIA": "DD",
        "SEDE_VIA_TIPO": "VIA",
        "SEDE_VIA_DENOMINAZIONE": "CONTE FEDERICO",
        "SEDE_CIVICO": "3",
        "SEDE_BARRATO": "",
        "QUARTIERE": "BRANCACCIO-CIACULLI",
        "QUARTIERE_NUMERO": "12"
      },
      "geometry": {
        "type": "Point",
        "coordinates": [
          13.383949,
          38.094075,
          0
        ]
      }
    },
    {
      "type": "Feature",
      "properties": {
        "styleMapHash": {
          "normal": "#icon-503-93D7E8-normal",
          "highlight": "#icon-503-93D7E8-highlight"
        },
        "description": "ID: 114<br>ID_PORTALE: 1<br>TIPO: Plesso<br>DENOMINAZIONE: Giovanni XXIII (Ex Trieste)<br>CATEGORIA: <br>VIA_TIPO: VIA<br>VIA_DENOMINAZIONE: SAMPOLO<br>CIVICO: 63<br>BARRATO: <br>SEDE_TIPO: Sede<br>SEDE_DENOMINAZIONE: Giovanni XXIII - Piazzi<br>SEDE_CATEGORIA: IC<br>SEDE_VIA_TIPO: VIA<br>SEDE_VIA_DENOMINAZIONE: RUZZOLONE PIETRO<br>SEDE_CIVICO: 50<br>SEDE_BARRATO: <br>QUARTIERE: LIBERTA'<br>QUARTIERE_NUMERO: 9",
        "ID": "114",
        "ID_PORTALE": "1",
        "TIPO": "Plesso",
        "DENOMINAZIONE": "Giovanni XXIII (Ex Trieste)",
        "CATEGORIA": "",
        "VIA_TIPO": "VIA",
        "VIA_DENOMINAZIONE": "SAMPOLO",
        "CIVICO": "63",
        "BARRATO": "",
        "SEDE_TIPO": "Sede",
        "SEDE_DENOMINAZIONE": "Giovanni XXIII - Piazzi",
        "SEDE_CATEGORIA": "IC",
        "SEDE_VIA_TIPO": "VIA",
        "SEDE_VIA_DENOMINAZIONE": "RUZZOLONE PIETRO",
        "SEDE_CIVICO": "50",
        "SEDE_BARRATO": "",
        "QUARTIERE": "LIBERTA'",
        "QUARTIERE_NUMERO": "9"
      },
      "geometry": {
        "type": "Point",
        "coordinates": [
          13.352163,
          38.139862,
          0
        ]
      }
    },
    {
      "type": "Feature",
      "properties": {
        "styleMapHash": {
          "normal": "#icon-959-CDDC39-normal",
          "highlight": "#icon-959-CDDC39-highlight"
        },
        "description": "ID: 33<br>ID_PORTALE: 1<br>TIPO: Asilo Nido<br>DENOMINAZIONE: Tom &amp; Jerry<br>VIA_TIPO: VIALE<br>VIA_DENOMINAZIONE: LEONARDO DA VINCI<br>CIVICO: 83<br>BARRATO: A<br>QUARTIERE_NUMERO: 8<br>QUARTIERE: MALASPINA-PALAGONIA",
        "ID": "33",
        "ID_PORTALE": "1",
        "TIPO": "Asilo Nido",
        "DENOMINAZIONE": "Tom &amp; Jerry",
        "VIA_TIPO": "VIALE",
        "VIA_DENOMINAZIONE": "LEONARDO DA VINCI",
        "CIVICO": "83",
        "BARRATO": "A",
        "QUARTIERE_NUMERO": "8",
        "QUARTIERE": "MALASPINA-PALAGONIA"
      },
      "geometry": {
        "type": "Point",
        "coordinates": [
          13.335372,
          38.13036,
          0
        ]
      }
    },
    {
      "type": "Feature",
      "properties": {
        "styleMapHash": {
          "normal": "#icon-503-93D7E8-normal",
          "highlight": "#icon-503-93D7E8-highlight"
        },
        "description": "ID: 185<br>ID_PORTALE: 1<br>TIPO: Plesso<br>DENOMINAZIONE: Borsellino<br>CATEGORIA: <br>VIA_TIPO: LARGO<br>VIA_DENOMINAZIONE: CAMASTRA<br>CIVICO: 7<br>BARRATO: <br>SEDE_TIPO: Sede<br>SEDE_DENOMINAZIONE: Rita Levi Montalcini<br>SEDE_CATEGORIA: IC<br>SEDE_VIA_TIPO: PIAZZA<br>SEDE_VIA_DENOMINAZIONE: S. PAOLO<br>SEDE_CIVICO: 4<br>SEDE_BARRATO: <br>QUARTIERE: BORGO NUOVO<br>QUARTIERE_NUMERO: 18",
        "ID": "185",
        "ID_PORTALE": "1",
        "TIPO": "Plesso",
        "DENOMINAZIONE": "Borsellino",
        "CATEGORIA": "",
        "VIA_TIPO": "LARGO",
        "VIA_DENOMINAZIONE": "CAMASTRA",
        "CIVICO": "7",
        "BARRATO": "",
        "SEDE_TIPO": "Sede",
        "SEDE_DENOMINAZIONE": "Rita Levi Montalcini",
        "SEDE_CATEGORIA": "IC",
        "SEDE_VIA_TIPO": "PIAZZA",
        "SEDE_VIA_DENOMINAZIONE": "S. PAOLO",
        "SEDE_CIVICO": "4",
        "SEDE_BARRATO": "",
        "QUARTIERE": "BORGO NUOVO",
        "QUARTIERE_NUMERO": "18"
      },
      "geometry": {
        "type": "Point",
        "coordinates": [
          13.296704,
          38.127511,
          0
        ]
      }
    },
    {
      "type": "Feature",
      "properties": {
        "styleMapHash": {
          "normal": "#icon-503-93D7E8-normal",
          "highlight": "#icon-503-93D7E8-highlight"
        },
        "description": "ID: 31<br>ID_PORTALE: 1<br>TIPO: Plesso<br>DENOMINAZIONE: Malaguzzi<br>CATEGORIA: <br>VIA_TIPO: VIA<br>VIA_DENOMINAZIONE: MONTI IBLEI<br>CIVICO: 49<br>BARRATO: <br>SEDE_TIPO: Sede<br>SEDE_DENOMINAZIONE: Monti Iblei<br>SEDE_CATEGORIA: DD<br>SEDE_VIA_TIPO: VIA<br>SEDE_VIA_DENOMINAZIONE: MONTE S. CALOGERO<br>SEDE_CIVICO: 20<br>SEDE_BARRATO: <br>QUARTIERE: RESUTTANO-S. LORENZO<br>QUARTIERE_NUMERO: 20",
        "ID": "31",
        "ID_PORTALE": "1",
        "TIPO": "Plesso",
        "DENOMINAZIONE": "Malaguzzi",
        "CATEGORIA": "",
        "VIA_TIPO": "VIA",
        "VIA_DENOMINAZIONE": "MONTI IBLEI",
        "CIVICO": "49",
        "BARRATO": "",
        "SEDE_TIPO": "Sede",
        "SEDE_DENOMINAZIONE": "Monti Iblei",
        "SEDE_CATEGORIA": "DD",
        "SEDE_VIA_TIPO": "VIA",
        "SEDE_VIA_DENOMINAZIONE": "MONTE S. CALOGERO",
        "SEDE_CIVICO": "20",
        "SEDE_BARRATO": "",
        "QUARTIERE": "RESUTTANO-S. LORENZO",
        "QUARTIERE_NUMERO": "20"
      },
      "geometry": {
        "type": "Point",
        "coordinates": [
          13.328646,
          38.14831,
          0
        ]
      }
    },
    {
      "type": "Feature",
      "properties": {
        "styleMapHash": {
          "normal": "#icon-503-93D7E8-normal",
          "highlight": "#icon-503-93D7E8-highlight"
        },
        "description": "ID: 214<br>ID_PORTALE: 1<br>TIPO: Plesso<br>DENOMINAZIONE: Turrisi Colonna - Corpo A<br>CATEGORIA: <br>VIA_TIPO: PIAZZA<br>VIA_DENOMINAZIONE: GRAN CANCELLIERE<br>CIVICO: 1<br>BARRATO: <br>SEDE_TIPO: Sede<br>SEDE_DENOMINAZIONE: Rita Atria<br>SEDE_CATEGORIA: IC<br>SEDE_VIA_TIPO: LARGO<br>SEDE_VIA_DENOMINAZIONE: CAVALIERI DI MALTA<br>SEDE_CIVICO: 9<br>SEDE_BARRATO: <br>QUARTIERE: PALAZZO REALE - M.TE DI PIETA<br>QUARTIERE_NUMERO: 2",
        "ID": "214",
        "ID_PORTALE": "1",
        "TIPO": "Plesso",
        "DENOMINAZIONE": "Turrisi Colonna - Corpo A",
        "CATEGORIA": "",
        "VIA_TIPO": "PIAZZA",
        "VIA_DENOMINAZIONE": "GRAN CANCELLIERE",
        "CIVICO": "1",
        "BARRATO": "",
        "SEDE_TIPO": "Sede",
        "SEDE_DENOMINAZIONE": "Rita Atria",
        "SEDE_CATEGORIA": "IC",
        "SEDE_VIA_TIPO": "LARGO",
        "SEDE_VIA_DENOMINAZIONE": "CAVALIERI DI MALTA",
        "SEDE_CIVICO": "9",
        "SEDE_BARRATO": "",
        "QUARTIERE": "PALAZZO REALE - M.TE DI PIETA",
        "QUARTIERE_NUMERO": "2"
      },
      "geometry": {
        "type": "Point",
        "coordinates": [
          13.359525,
          38.116107,
          0
        ]
      }
    },
    {
      "type": "Feature",
      "properties": {
        "styleMapHash": {
          "normal": "#icon-503-3F5BA9-normal",
          "highlight": "#icon-503-3F5BA9-highlight"
        },
        "description": "ID: 260<br>ID_PORTALE: 1<br>TIPO: Sede<br>DENOMINAZIONE: Pecoraro<br>CATEGORIA: SMS<br>VIA_TIPO: VIALE<br>VIA_DENOMINAZIONE: DE GASPERI ALCIDE<br>CIVICO: 110<br>BARRATO: <br>SEDE_TIPO: Sede<br>SEDE_DENOMINAZIONE: Pecoraro<br>SEDE_CATEGORIA: SMS<br>SEDE_VIA_TIPO: VIALE<br>SEDE_VIA_DENOMINAZIONE: DE GASPERI ALCIDE<br>SEDE_CIVICO: 110<br>SEDE_BARRATO: <br>QUARTIERE: RESUTTANO-S. LORENZO<br>QUARTIERE_NUMERO: 20",
        "ID": "260",
        "ID_PORTALE": "1",
        "TIPO": "Sede",
        "DENOMINAZIONE": "Pecoraro",
        "CATEGORIA": "SMS",
        "VIA_TIPO": "VIALE",
        "VIA_DENOMINAZIONE": "DE GASPERI ALCIDE",
        "CIVICO": "110",
        "BARRATO": "",
        "SEDE_TIPO": "Sede",
        "SEDE_DENOMINAZIONE": "Pecoraro",
        "SEDE_CATEGORIA": "SMS",
        "SEDE_VIA_TIPO": "VIALE",
        "SEDE_VIA_DENOMINAZIONE": "DE GASPERI ALCIDE",
        "SEDE_CIVICO": "110",
        "SEDE_BARRATO": "",
        "QUARTIERE": "RESUTTANO-S. LORENZO",
        "QUARTIERE_NUMERO": "20"
      },
      "geometry": {
        "type": "Point",
        "coordinates": [
          13.330994,
          38.148021,
          0
        ]
      }
    },
    {
      "type": "Feature",
      "properties": {
        "styleMapHash": {
          "normal": "#icon-503-3F5BA9-normal",
          "highlight": "#icon-503-3F5BA9-highlight"
        },
        "description": "ID: 113<br>ID_PORTALE: 1<br>TIPO: Sede<br>DENOMINAZIONE: Giovanni XXIII - Piazzi<br>CATEGORIA: IC<br>VIA_TIPO: VIA<br>VIA_DENOMINAZIONE: RUZZOLONE PIETRO<br>CIVICO: 50<br>BARRATO: <br>SEDE_TIPO: Sede<br>SEDE_DENOMINAZIONE: Giovanni XXIII - Piazzi<br>SEDE_CATEGORIA: IC<br>SEDE_VIA_TIPO: VIA<br>SEDE_VIA_DENOMINAZIONE: RUZZOLONE PIETRO<br>SEDE_CIVICO: 50<br>SEDE_BARRATO: <br>QUARTIERE: LIBERTA'<br>QUARTIERE_NUMERO: 9",
        "ID": "113",
        "ID_PORTALE": "1",
        "TIPO": "Sede",
        "DENOMINAZIONE": "Giovanni XXIII - Piazzi",
        "CATEGORIA": "IC",
        "VIA_TIPO": "VIA",
        "VIA_DENOMINAZIONE": "RUZZOLONE PIETRO",
        "CIVICO": "50",
        "BARRATO": "",
        "SEDE_TIPO": "Sede",
        "SEDE_DENOMINAZIONE": "Giovanni XXIII - Piazzi",
        "SEDE_CATEGORIA": "IC",
        "SEDE_VIA_TIPO": "VIA",
        "SEDE_VIA_DENOMINAZIONE": "RUZZOLONE PIETRO",
        "SEDE_CIVICO": "50",
        "SEDE_BARRATO": "",
        "QUARTIERE": "LIBERTA'",
        "QUARTIERE_NUMERO": "9"
      },
      "geometry": {
        "type": "Point",
        "coordinates": [
          13.347866,
          38.139576,
          0
        ]
      }
    },
    {
      "type": "Feature",
      "properties": {
        "styleMapHash": {
          "normal": "#icon-503-93D7E8-normal",
          "highlight": "#icon-503-93D7E8-highlight"
        },
        "description": "ID: 236<br>ID_PORTALE: 1<br>TIPO: Plesso<br>DENOMINAZIONE: Salemi<br>CATEGORIA: <br>VIA_TIPO: VIA<br>VIA_DENOMINAZIONE: SALEMI FRANCESCO GEN.<br>CIVICO: 22<br>BARRATO: <br>SEDE_TIPO: Sede<br>SEDE_DENOMINAZIONE: Antonio Ugo - Annessa<br>SEDE_CATEGORIA: IC<br>SEDE_VIA_TIPO: VIA<br>SEDE_VIA_DENOMINAZIONE: ARCULEO ETTORE<br>SEDE_CIVICO: 39<br>SEDE_BARRATO: <br>QUARTIERE: CUBA-CALATAFIMI<br>QUARTIERE_NUMERO: 5",
        "ID": "236",
        "ID_PORTALE": "1",
        "TIPO": "Plesso",
        "DENOMINAZIONE": "Salemi",
        "CATEGORIA": "",
        "VIA_TIPO": "VIA",
        "VIA_DENOMINAZIONE": "SALEMI FRANCESCO GEN.",
        "CIVICO": "22",
        "BARRATO": "",
        "SEDE_TIPO": "Sede",
        "SEDE_DENOMINAZIONE": "Antonio Ugo - Annessa",
        "SEDE_CATEGORIA": "IC",
        "SEDE_VIA_TIPO": "VIA",
        "SEDE_VIA_DENOMINAZIONE": "ARCULEO ETTORE",
        "SEDE_CIVICO": "39",
        "SEDE_BARRATO": "",
        "QUARTIERE": "CUBA-CALATAFIMI",
        "QUARTIERE_NUMERO": "5"
      },
      "geometry": {
        "type": "Point",
        "coordinates": [
          13.332638,
          38.111977,
          0
        ]
      }
    },
    {
      "type": "Feature",
      "properties": {
        "styleMapHash": {
          "normal": "#icon-503-93D7E8-normal",
          "highlight": "#icon-503-93D7E8-highlight"
        },
        "description": "ID: 211<br>ID_PORTALE: 1<br>TIPO: Plesso<br>DENOMINAZIONE: Gioberti<br>CATEGORIA: <br>VIA_TIPO: VIA<br>VIA_DENOMINAZIONE: LAZZARO CARMELO<br>CIVICO: 1<br>BARRATO: <br>SEDE_TIPO: Sede<br>SEDE_DENOMINAZIONE: Costa<br>SEDE_CATEGORIA: IC<br>SEDE_VIA_TIPO: VIA<br>SEDE_VIA_DENOMINAZIONE: LI BASSI GIUSEPPE<br>SEDE_CIVICO: 60<br>SEDE_BARRATO: <br>QUARTIERE: MONTEGRAPPA- S.ROSALIA<br>QUARTIERE_NUMERO: 4",
        "ID": "211",
        "ID_PORTALE": "1",
        "TIPO": "Plesso",
        "DENOMINAZIONE": "Gioberti",
        "CATEGORIA": "",
        "VIA_TIPO": "VIA",
        "VIA_DENOMINAZIONE": "LAZZARO CARMELO",
        "CIVICO": "1",
        "BARRATO": "",
        "SEDE_TIPO": "Sede",
        "SEDE_DENOMINAZIONE": "Costa",
        "SEDE_CATEGORIA": "IC",
        "SEDE_VIA_TIPO": "VIA",
        "SEDE_VIA_DENOMINAZIONE": "LI BASSI GIUSEPPE",
        "SEDE_CIVICO": "60",
        "SEDE_BARRATO": "",
        "QUARTIERE": "MONTEGRAPPA- S.ROSALIA",
        "QUARTIERE_NUMERO": "4"
      },
      "geometry": {
        "type": "Point",
        "coordinates": [
          13.356017,
          38.106011,
          0
        ]
      }
    },
    {
      "type": "Feature",
      "properties": {
        "styleMapHash": {
          "normal": "#icon-959-CDDC39-normal",
          "highlight": "#icon-959-CDDC39-highlight"
        },
        "description": "ID: 32<br>ID_PORTALE: 1<br>TIPO: Asilo Nido<br>DENOMINAZIONE: Santangelo<br>VIA_TIPO: VIA<br>VIA_DENOMINAZIONE: SILVESTRI IGNAZIO<br>CIVICO: 10<br>BARRATO: <br>QUARTIERE_NUMERO: 17<br>QUARTIERE: UDITORE- PASSO DI RIGANO",
        "ID": "32",
        "ID_PORTALE": "1",
        "TIPO": "Asilo Nido",
        "DENOMINAZIONE": "Santangelo",
        "VIA_TIPO": "VIA",
        "VIA_DENOMINAZIONE": "SILVESTRI IGNAZIO",
        "CIVICO": "10",
        "BARRATO": "",
        "QUARTIERE_NUMERO": "17",
        "QUARTIERE": "UDITORE- PASSO DI RIGANO"
      },
      "geometry": {
        "type": "Point",
        "coordinates": [
          13.321176,
          38.125141,
          0
        ]
      }
    },
    {
      "type": "Feature",
      "properties": {
        "styleMapHash": {
          "normal": "#icon-503-93D7E8-normal",
          "highlight": "#icon-503-93D7E8-highlight"
        },
        "description": "ID: 223<br>ID_PORTALE: 1<br>TIPO: Plesso<br>DENOMINAZIONE: Calandrucci<br>CATEGORIA: <br>VIA_TIPO: VIA<br>VIA_DENOMINAZIONE: CALANDRUCCI GIACINTO<br>CIVICO: 5<br>BARRATO: <br>SEDE_TIPO: Sede<br>SEDE_DENOMINAZIONE: Giuliana - Saladino<br>SEDE_CATEGORIA: IC<br>SEDE_VIA_TIPO: VIA<br>SEDE_VIA_DENOMINAZIONE: BARISANO DA TRANI<br>SEDE_CIVICO: 7<br>SEDE_BARRATO: <br>QUARTIERE: CRUILLAS-CEP<br>QUARTIERE_NUMERO: 19",
        "ID": "223",
        "ID_PORTALE": "1",
        "TIPO": "Plesso",
        "DENOMINAZIONE": "Calandrucci",
        "CATEGORIA": "",
        "VIA_TIPO": "VIA",
        "VIA_DENOMINAZIONE": "CALANDRUCCI GIACINTO",
        "CIVICO": "5",
        "BARRATO": "",
        "SEDE_TIPO": "Sede",
        "SEDE_DENOMINAZIONE": "Giuliana - Saladino",
        "SEDE_CATEGORIA": "IC",
        "SEDE_VIA_TIPO": "VIA",
        "SEDE_VIA_DENOMINAZIONE": "BARISANO DA TRANI",
        "SEDE_CIVICO": "7",
        "SEDE_BARRATO": "",
        "QUARTIERE": "CRUILLAS-CEP",
        "QUARTIERE_NUMERO": "19"
      },
      "geometry": {
        "type": "Point",
        "coordinates": [
          13.307139,
          38.134894,
          0
        ]
      }
    },
    {
      "type": "Feature",
      "properties": {
        "styleMapHash": {
          "normal": "#icon-503-93D7E8-normal",
          "highlight": "#icon-503-93D7E8-highlight"
        },
        "description": "ID: 269<br>ID_PORTALE: 1<br>TIPO: Plesso<br>DENOMINAZIONE: Mancini<br>CATEGORIA: <br>VIA_TIPO: PIAZZA<br>VIA_DENOMINAZIONE: PAGLIARELLI<br>CIVICO: 2<br>BARRATO: <br>SEDE_TIPO: Sede<br>SEDE_DENOMINAZIONE: Giuseppe Scelsa<br>SEDE_CATEGORIA: IC<br>SEDE_VIA_TIPO: VIA<br>SEDE_VIA_DENOMINAZIONE: VILLANI GIOVANNI<br>SEDE_CIVICO: <br>SEDE_BARRATO: <br>QUARTIERE: MEZZOMONREALE-V.LLA TASCA<br>QUARTIERE_NUMERO: 14",
        "ID": "269",
        "ID_PORTALE": "1",
        "TIPO": "Plesso",
        "DENOMINAZIONE": "Mancini",
        "CATEGORIA": "",
        "VIA_TIPO": "PIAZZA",
        "VIA_DENOMINAZIONE": "PAGLIARELLI",
        "CIVICO": "2",
        "BARRATO": "",
        "SEDE_TIPO": "Sede",
        "SEDE_DENOMINAZIONE": "Giuseppe Scelsa",
        "SEDE_CATEGORIA": "IC",
        "SEDE_VIA_TIPO": "VIA",
        "SEDE_VIA_DENOMINAZIONE": "VILLANI GIOVANNI",
        "SEDE_CIVICO": "",
        "SEDE_BARRATO": "",
        "QUARTIERE": "MEZZOMONREALE-V.LLA TASCA",
        "QUARTIERE_NUMERO": "14"
      },
      "geometry": {
        "type": "Point",
        "coordinates": [
          13.331906,
          38.090524,
          0
        ]
      }
    },
    {
      "type": "Feature",
      "properties": {
        "styleMapHash": {
          "normal": "#icon-503-93D7E8-normal",
          "highlight": "#icon-503-93D7E8-highlight"
        },
        "description": "ID: 215<br>ID_PORTALE: 1<br>TIPO: Plesso<br>DENOMINAZIONE: Turrisi Colonna - Corpo B<br>CATEGORIA: <br>VIA_TIPO: PIAZZA<br>VIA_DENOMINAZIONE: GRAN CANCELLIERE<br>CIVICO: 1<br>BARRATO: <br>SEDE_TIPO: Sede<br>SEDE_DENOMINAZIONE: Rita Atria<br>SEDE_CATEGORIA: IC<br>SEDE_VIA_TIPO: LARGO<br>SEDE_VIA_DENOMINAZIONE: CAVALIERI DI MALTA<br>SEDE_CIVICO: 9<br>SEDE_BARRATO: <br>QUARTIERE: PALAZZO REALE - M.TE DI PIETA<br>QUARTIERE_NUMERO: 2",
        "ID": "215",
        "ID_PORTALE": "1",
        "TIPO": "Plesso",
        "DENOMINAZIONE": "Turrisi Colonna - Corpo B",
        "CATEGORIA": "",
        "VIA_TIPO": "PIAZZA",
        "VIA_DENOMINAZIONE": "GRAN CANCELLIERE",
        "CIVICO": "1",
        "BARRATO": "",
        "SEDE_TIPO": "Sede",
        "SEDE_DENOMINAZIONE": "Rita Atria",
        "SEDE_CATEGORIA": "IC",
        "SEDE_VIA_TIPO": "LARGO",
        "SEDE_VIA_DENOMINAZIONE": "CAVALIERI DI MALTA",
        "SEDE_CIVICO": "9",
        "SEDE_BARRATO": "",
        "QUARTIERE": "PALAZZO REALE - M.TE DI PIETA",
        "QUARTIERE_NUMERO": "2"
      },
      "geometry": {
        "type": "Point",
        "coordinates": [
          13.359664,
          38.115896,
          0
        ]
      }
    },
    {
      "type": "Feature",
      "properties": {
        "styleMapHash": {
          "normal": "#icon-503-3F5BA9-normal",
          "highlight": "#icon-503-3F5BA9-highlight"
        },
        "description": "ID: 196<br>ID_PORTALE: 1<br>TIPO: Sede<br>DENOMINAZIONE: Perez - M.T. di Calcutta<br>CATEGORIA: IC<br>VIA_TIPO: VIA<br>VIA_DENOMINAZIONE: ERRANTE VINCENZO<br>CIVICO: 1<br>BARRATO: <br>SEDE_TIPO: Sede<br>SEDE_DENOMINAZIONE: Perez - M.T. di Calcutta<br>SEDE_CATEGORIA: IC<br>SEDE_VIA_TIPO: VIA<br>SEDE_VIA_DENOMINAZIONE: ERRANTE VINCENZO<br>SEDE_CIVICO: 1<br>SEDE_BARRATO: <br>QUARTIERE: ORETO-STAZIONE<br>QUARTIERE_NUMERO: 3",
        "ID": "196",
        "ID_PORTALE": "1",
        "TIPO": "Sede",
        "DENOMINAZIONE": "Perez - M.T. di Calcutta",
        "CATEGORIA": "IC",
        "VIA_TIPO": "VIA",
        "VIA_DENOMINAZIONE": "ERRANTE VINCENZO",
        "CIVICO": "1",
        "BARRATO": "",
        "SEDE_TIPO": "Sede",
        "SEDE_DENOMINAZIONE": "Perez - M.T. di Calcutta",
        "SEDE_CATEGORIA": "IC",
        "SEDE_VIA_TIPO": "VIA",
        "SEDE_VIA_DENOMINAZIONE": "ERRANTE VINCENZO",
        "SEDE_CIVICO": "1",
        "SEDE_BARRATO": "",
        "QUARTIERE": "ORETO-STAZIONE",
        "QUARTIERE_NUMERO": "3"
      },
      "geometry": {
        "type": "Point",
        "coordinates": [
          13.364706,
          38.107948,
          0
        ]
      }
    },
    {
      "type": "Feature",
      "properties": {
        "styleMapHash": {
          "normal": "#icon-503-3F5BA9-normal",
          "highlight": "#icon-503-3F5BA9-highlight"
        },
        "description": "ID: 133<br>ID_PORTALE: 1<br>TIPO: Sede<br>DENOMINAZIONE: Gentili<br>CATEGORIA: IC<br>VIA_TIPO: VIA<br>VIA_DENOMINAZIONE: LO JACONO FRANCESCO<br>CIVICO: 1<br>BARRATO: <br>SEDE_TIPO: Sede<br>SEDE_DENOMINAZIONE: Gentili<br>SEDE_CATEGORIA: IC<br>SEDE_VIA_TIPO: VIA<br>SEDE_VIA_DENOMINAZIONE: LO JACONO FRANCESCO<br>SEDE_CIVICO: 1<br>SEDE_BARRATO: <br>QUARTIERE: LIBERTA'<br>QUARTIERE_NUMERO: 9",
        "ID": "133",
        "ID_PORTALE": "1",
        "TIPO": "Sede",
        "DENOMINAZIONE": "Gentili",
        "CATEGORIA": "IC",
        "VIA_TIPO": "VIA",
        "VIA_DENOMINAZIONE": "LO JACONO FRANCESCO",
        "CIVICO": "1",
        "BARRATO": "",
        "SEDE_TIPO": "Sede",
        "SEDE_DENOMINAZIONE": "Gentili",
        "SEDE_CATEGORIA": "IC",
        "SEDE_VIA_TIPO": "VIA",
        "SEDE_VIA_DENOMINAZIONE": "LO JACONO FRANCESCO",
        "SEDE_CIVICO": "1",
        "SEDE_BARRATO": "",
        "QUARTIERE": "LIBERTA'",
        "QUARTIERE_NUMERO": "9"
      },
      "geometry": {
        "type": "Point",
        "coordinates": [
          13.346441,
          38.131567,
          0
        ]
      }
    },
    {
      "type": "Feature",
      "properties": {
        "styleMapHash": {
          "normal": "#icon-503-93D7E8-normal",
          "highlight": "#icon-503-93D7E8-highlight"
        },
        "description": "ID: 145<br>ID_PORTALE: 1<br>TIPO: Plesso<br>DENOMINAZIONE: Saetta<br>CATEGORIA: <br>VIA_TIPO: VIA<br>VIA_DENOMINAZIONE: PRINCIPE DI PALAGONIA<br>CIVICO: 12<br>BARRATO: <br>SEDE_TIPO: Sede<br>SEDE_DENOMINAZIONE: Cipolla<br>SEDE_CATEGORIA: IC<br>SEDE_VIA_TIPO: VIA<br>SEDE_VIA_DENOMINAZIONE: GIOTTO<br>SEDE_CIVICO: 41<br>SEDE_BARRATO: <br>QUARTIERE: MALASPINA-PALAGONIA<br>QUARTIERE_NUMERO: 8",
        "ID": "145",
        "ID_PORTALE": "1",
        "TIPO": "Plesso",
        "DENOMINAZIONE": "Saetta",
        "CATEGORIA": "",
        "VIA_TIPO": "VIA",
        "VIA_DENOMINAZIONE": "PRINCIPE DI PALAGONIA",
        "CIVICO": "12",
        "BARRATO": "",
        "SEDE_TIPO": "Sede",
        "SEDE_DENOMINAZIONE": "Cipolla",
        "SEDE_CATEGORIA": "IC",
        "SEDE_VIA_TIPO": "VIA",
        "SEDE_VIA_DENOMINAZIONE": "GIOTTO",
        "SEDE_CIVICO": "41",
        "SEDE_BARRATO": "",
        "QUARTIERE": "MALASPINA-PALAGONIA",
        "QUARTIERE_NUMERO": "8"
      },
      "geometry": {
        "type": "Point",
        "coordinates": [
          13.335898,
          38.133729,
          0
        ]
      }
    },
    {
      "type": "Feature",
      "properties": {
        "styleMapHash": {
          "normal": "#icon-503-93D7E8-normal",
          "highlight": "#icon-503-93D7E8-highlight"
        },
        "description": "ID: 25<br>ID_PORTALE: 1<br>TIPO: Plesso<br>DENOMINAZIONE: Giafar<br>CATEGORIA: <br>VIA_TIPO: VIA<br>VIA_DENOMINAZIONE: GIAFAR EMIRO<br>CIVICO: 17<br>BARRATO: <br>SEDE_TIPO: Sede<br>SEDE_DENOMINAZIONE: Cavallari<br>SEDE_CATEGORIA: DD<br>SEDE_VIA_TIPO: CORSO<br>SEDE_VIA_DENOMINAZIONE: DEI MILLE<br>SEDE_CIVICO: 793<br>SEDE_BARRATO: <br>QUARTIERE: SETTECANNOLI<br>QUARTIERE_NUMERO: 11",
        "ID": "25",
        "ID_PORTALE": "1",
        "TIPO": "Plesso",
        "DENOMINAZIONE": "Giafar",
        "CATEGORIA": "",
        "VIA_TIPO": "VIA",
        "VIA_DENOMINAZIONE": "GIAFAR EMIRO",
        "CIVICO": "17",
        "BARRATO": "",
        "SEDE_TIPO": "Sede",
        "SEDE_DENOMINAZIONE": "Cavallari",
        "SEDE_CATEGORIA": "DD",
        "SEDE_VIA_TIPO": "CORSO",
        "SEDE_VIA_DENOMINAZIONE": "DEI MILLE",
        "SEDE_CIVICO": "793",
        "SEDE_BARRATO": "",
        "QUARTIERE": "SETTECANNOLI",
        "QUARTIERE_NUMERO": "11"
      },
      "geometry": {
        "type": "Point",
        "coordinates": [
          13.39069,
          38.09798,
          0
        ]
      }
    },
    {
      "type": "Feature",
      "properties": {
        "styleMapHash": {
          "normal": "#icon-959-CDDC39-normal",
          "highlight": "#icon-959-CDDC39-highlight"
        },
        "description": "ID: 31<br>ID_PORTALE: 1<br>TIPO: Asilo Nido<br>DENOMINAZIONE: Sabrina e Loredana lLa Malfa<br>VIA_TIPO: VIA<br>VIA_DENOMINAZIONE: CRISTODULO AMMIRAGLIO<br>CIVICO: 1<br>BARRATO: <br>QUARTIERE_NUMERO: 11<br>QUARTIERE: SETTECANNOLI",
        "ID": "31",
        "ID_PORTALE": "1",
        "TIPO": "Asilo Nido",
        "DENOMINAZIONE": "Sabrina e Loredana lLa Malfa",
        "VIA_TIPO": "VIA",
        "VIA_DENOMINAZIONE": "CRISTODULO AMMIRAGLIO",
        "CIVICO": "1",
        "BARRATO": "",
        "QUARTIERE_NUMERO": "11",
        "QUARTIERE": "SETTECANNOLI"
      },
      "geometry": {
        "type": "Point",
        "coordinates": [
          13.425297,
          38.096505,
          0
        ]
      }
    },
    {
      "type": "Feature",
      "properties": {
        "styleMapHash": {
          "normal": "#icon-503-93D7E8-normal",
          "highlight": "#icon-503-93D7E8-highlight"
        },
        "description": "ID: 249<br>ID_PORTALE: 1<br>TIPO: Plesso<br>DENOMINAZIONE: Capitano Basile<br>CATEGORIA: <br>VIA_TIPO: VIA<br>VIA_DENOMINAZIONE: CAPITANO EMANUELE BASILE<br>CIVICO: 54<br>BARRATO: <br>SEDE_TIPO: Sede<br>SEDE_DENOMINAZIONE: Vittorio Emanuele Capitano Basile<br>SEDE_CATEGORIA: IC<br>SEDE_VIA_TIPO: VIA<br>SEDE_VIA_DENOMINAZIONE: TERRANOVA CESARE<br>SEDE_CIVICO: 93<br>SEDE_BARRATO: <br>QUARTIERE: MEZZOMONREALE-V.LLA TASCA<br>QUARTIERE_NUMERO: 14",
        "ID": "249",
        "ID_PORTALE": "1",
        "TIPO": "Plesso",
        "DENOMINAZIONE": "Capitano Basile",
        "CATEGORIA": "",
        "VIA_TIPO": "VIA",
        "VIA_DENOMINAZIONE": "CAPITANO EMANUELE BASILE",
        "CIVICO": "54",
        "BARRATO": "",
        "SEDE_TIPO": "Sede",
        "SEDE_DENOMINAZIONE": "Vittorio Emanuele Capitano Basile",
        "SEDE_CATEGORIA": "IC",
        "SEDE_VIA_TIPO": "VIA",
        "SEDE_VIA_DENOMINAZIONE": "TERRANOVA CESARE",
        "SEDE_CIVICO": "93",
        "SEDE_BARRATO": "",
        "QUARTIERE": "MEZZOMONREALE-V.LLA TASCA",
        "QUARTIERE_NUMERO": "14"
      },
      "geometry": {
        "type": "Point",
        "coordinates": [
          13.322445,
          38.103086,
          0
        ]
      }
    },
    {
      "type": "Feature",
      "properties": {
        "styleMapHash": {
          "normal": "#icon-503-93D7E8-normal",
          "highlight": "#icon-503-93D7E8-highlight"
        },
        "description": "ID: 177<br>ID_PORTALE: 1<br>TIPO: Plesso<br>DENOMINAZIONE: Mancino<br>CATEGORIA: <br>VIA_TIPO: VIA<br>VIA_DENOMINAZIONE: BELMONTE CHIAVELLI<br>CIVICO: 111<br>BARRATO: D<br>SEDE_TIPO: Sede<br>SEDE_DENOMINAZIONE: Mattarella<br>SEDE_CATEGORIA: IC<br>SEDE_VIA_TIPO: VIA<br>SEDE_VIA_DENOMINAZIONE: DELLA GIRAFFA<br>SEDE_CIVICO: <br>SEDE_BARRATO: <br>QUARTIERE: VILLAGRAZIA-FALSOMIELE<br>QUARTIERE_NUMERO: 13",
        "ID": "177",
        "ID_PORTALE": "1",
        "TIPO": "Plesso",
        "DENOMINAZIONE": "Mancino",
        "CATEGORIA": "",
        "VIA_TIPO": "VIA",
        "VIA_DENOMINAZIONE": "BELMONTE CHIAVELLI",
        "CIVICO": "111",
        "BARRATO": "D",
        "SEDE_TIPO": "Sede",
        "SEDE_DENOMINAZIONE": "Mattarella",
        "SEDE_CATEGORIA": "IC",
        "SEDE_VIA_TIPO": "VIA",
        "SEDE_VIA_DENOMINAZIONE": "DELLA GIRAFFA",
        "SEDE_CIVICO": "",
        "SEDE_BARRATO": "",
        "QUARTIERE": "VILLAGRAZIA-FALSOMIELE",
        "QUARTIERE_NUMERO": "13"
      },
      "geometry": {
        "type": "Point",
        "coordinates": [
          13.367784,
          38.084246,
          0
        ]
      }
    },
    {
      "type": "Feature",
      "properties": {
        "styleMapHash": {
          "normal": "#icon-503-93D7E8-normal",
          "highlight": "#icon-503-93D7E8-highlight"
        },
        "description": "ID: 94<br>ID_PORTALE: 1<br>TIPO: Plesso<br>DENOMINAZIONE: U. Giordano<br>CATEGORIA: <br>VIA_TIPO: VIA<br>VIA_DENOMINAZIONE: DAIDONE<br>CIVICO: 24<br>BARRATO: <br>SEDE_TIPO: Sede<br>SEDE_DENOMINAZIONE: Tomaselli<br>SEDE_CATEGORIA: DD<br>SEDE_VIA_TIPO: VIA<br>SEDE_VIA_DENOMINAZIONE: ABRUZZI<br>SEDE_CIVICO: 2<br>SEDE_BARRATO: <br>QUARTIERE: MALASPINA-PALAGONIA<br>QUARTIERE_NUMERO: 8",
        "ID": "94",
        "ID_PORTALE": "1",
        "TIPO": "Plesso",
        "DENOMINAZIONE": "U. Giordano",
        "CATEGORIA": "",
        "VIA_TIPO": "VIA",
        "VIA_DENOMINAZIONE": "DAIDONE",
        "CIVICO": "24",
        "BARRATO": "",
        "SEDE_TIPO": "Sede",
        "SEDE_DENOMINAZIONE": "Tomaselli",
        "SEDE_CATEGORIA": "DD",
        "SEDE_VIA_TIPO": "VIA",
        "SEDE_VIA_DENOMINAZIONE": "ABRUZZI",
        "SEDE_CIVICO": "2",
        "SEDE_BARRATO": "",
        "QUARTIERE": "MALASPINA-PALAGONIA",
        "QUARTIERE_NUMERO": "8"
      },
      "geometry": {
        "type": "Point",
        "coordinates": [
          13.33905,
          38.136375,
          0
        ]
      }
    },
    {
      "type": "Feature",
      "properties": {
        "styleMapHash": {
          "normal": "#icon-503-3F5BA9-normal",
          "highlight": "#icon-503-3F5BA9-highlight"
        },
        "description": "ID: 187<br>ID_PORTALE: 1<br>TIPO: Sede<br>DENOMINAZIONE: Pestalozzi - Cavour<br>CATEGORIA: IC<br>VIA_TIPO: VIA<br>VIA_DENOMINAZIONE: CROCIFISSO A PIETRATAGLIATA<br>CIVICO: 7<br>BARRATO: D<br>SEDE_TIPO: Sede<br>SEDE_DENOMINAZIONE: Pestalozzi - Cavour<br>SEDE_CATEGORIA: IC<br>SEDE_VIA_TIPO: VIA<br>SEDE_VIA_DENOMINAZIONE: CROCIFISSO A PIETRATAGLIATA<br>SEDE_CIVICO: 7<br>SEDE_BARRATO: D<br>QUARTIERE: MEZZOMONREALE-V.LLA TASCA<br>QUARTIERE_NUMERO: 14",
        "ID": "187",
        "ID_PORTALE": "1",
        "TIPO": "Sede",
        "DENOMINAZIONE": "Pestalozzi - Cavour",
        "CATEGORIA": "IC",
        "VIA_TIPO": "VIA",
        "VIA_DENOMINAZIONE": "CROCIFISSO A PIETRATAGLIATA",
        "CIVICO": "7",
        "BARRATO": "D",
        "SEDE_TIPO": "Sede",
        "SEDE_DENOMINAZIONE": "Pestalozzi - Cavour",
        "SEDE_CATEGORIA": "IC",
        "SEDE_VIA_TIPO": "VIA",
        "SEDE_VIA_DENOMINAZIONE": "CROCIFISSO A PIETRATAGLIATA",
        "SEDE_CIVICO": "7",
        "SEDE_BARRATO": "D",
        "QUARTIERE": "MEZZOMONREALE-V.LLA TASCA",
        "QUARTIERE_NUMERO": "14"
      },
      "geometry": {
        "type": "Point",
        "coordinates": [
          13.326818,
          38.103269,
          0
        ]
      }
    },
    {
      "type": "Feature",
      "properties": {
        "styleMapHash": {
          "normal": "#icon-503-3F5BA9-normal",
          "highlight": "#icon-503-3F5BA9-highlight"
        },
        "description": "ID: 40<br>ID_PORTALE: 1<br>TIPO: Sede<br>DENOMINAZIONE: Garzilli<br>CATEGORIA: DD<br>VIA_TIPO: VIA<br>VIA_DENOMINAZIONE: ISONZO<br>CIVICO: 7<br>BARRATO: <br>SEDE_TIPO: Sede<br>SEDE_DENOMINAZIONE: Garzilli<br>SEDE_CATEGORIA: DD<br>SEDE_VIA_TIPO: VIA<br>SEDE_VIA_DENOMINAZIONE: ISONZO<br>SEDE_CIVICO: 7<br>SEDE_BARRATO: <br>QUARTIERE: LIBERTA'<br>QUARTIERE_NUMERO: 9",
        "ID": "40",
        "ID_PORTALE": "1",
        "TIPO": "Sede",
        "DENOMINAZIONE": "Garzilli",
        "CATEGORIA": "DD",
        "VIA_TIPO": "VIA",
        "VIA_DENOMINAZIONE": "ISONZO",
        "CIVICO": "7",
        "BARRATO": "",
        "SEDE_TIPO": "Sede",
        "SEDE_DENOMINAZIONE": "Garzilli",
        "SEDE_CATEGORIA": "DD",
        "SEDE_VIA_TIPO": "VIA",
        "SEDE_VIA_DENOMINAZIONE": "ISONZO",
        "SEDE_CIVICO": "7",
        "SEDE_BARRATO": "",
        "QUARTIERE": "LIBERTA'",
        "QUARTIERE_NUMERO": "9"
      },
      "geometry": {
        "type": "Point",
        "coordinates": [
          13.342531,
          38.141162,
          0
        ]
      }
    },
    {
      "type": "Feature",
      "properties": {
        "styleMapHash": {
          "normal": "#icon-503-93D7E8-normal",
          "highlight": "#icon-503-93D7E8-highlight"
        },
        "description": "ID: 205<br>ID_PORTALE: 1<br>TIPO: Plesso<br>DENOMINAZIONE: Sacco e Vanzetti<br>CATEGORIA: <br>VIA_TIPO: VIA<br>VIA_DENOMINAZIONE: GIANNOTTA NICOLO'<br>CIVICO: 2<br>BARRATO: <br>SEDE_TIPO: Sede<br>SEDE_DENOMINAZIONE: Sperone - Pertini<br>SEDE_CATEGORIA: IC<br>SEDE_VIA_TIPO: VIA<br>SEDE_VIA_DENOMINAZIONE: GIANNOTTA NICOLO'<br>SEDE_CIVICO: 4<br>SEDE_BARRATO: <br>QUARTIERE: SETTECANNOLI<br>QUARTIERE_NUMERO: 11",
        "ID": "205",
        "ID_PORTALE": "1",
        "TIPO": "Plesso",
        "DENOMINAZIONE": "Sacco e Vanzetti",
        "CATEGORIA": "",
        "VIA_TIPO": "VIA",
        "VIA_DENOMINAZIONE": "GIANNOTTA NICOLO'",
        "CIVICO": "2",
        "BARRATO": "",
        "SEDE_TIPO": "Sede",
        "SEDE_DENOMINAZIONE": "Sperone - Pertini",
        "SEDE_CATEGORIA": "IC",
        "SEDE_VIA_TIPO": "VIA",
        "SEDE_VIA_DENOMINAZIONE": "GIANNOTTA NICOLO'",
        "SEDE_CIVICO": "4",
        "SEDE_BARRATO": "",
        "QUARTIERE": "SETTECANNOLI",
        "QUARTIERE_NUMERO": "11"
      },
      "geometry": {
        "type": "Point",
        "coordinates": [
          13.409181,
          38.096321,
          0
        ]
      }
    },
    {
      "type": "Feature",
      "properties": {
        "styleMapHash": {
          "normal": "#icon-503-93D7E8-normal",
          "highlight": "#icon-503-93D7E8-highlight"
        },
        "description": "ID: 179<br>ID_PORTALE: 1<br>TIPO: Plesso<br>DENOMINAZIONE: Garibaldi<br>CATEGORIA: <br>VIA_TIPO: VIA<br>VIA_DENOMINAZIONE: DELLE CROCI<br>CIVICO: 5<br>BARRATO: <br>SEDE_TIPO: Sede<br>SEDE_DENOMINAZIONE: Rapisardi - Garibaldi<br>SEDE_CATEGORIA: IC<br>SEDE_VIA_TIPO: VIA<br>SEDE_VIA_DENOMINAZIONE: CALTANISSETTA<br>SEDE_CIVICO: 27<br>SEDE_BARRATO: <br>QUARTIERE: LIBERTA'<br>QUARTIERE_NUMERO: 9",
        "ID": "179",
        "ID_PORTALE": "1",
        "TIPO": "Plesso",
        "DENOMINAZIONE": "Garibaldi",
        "CATEGORIA": "",
        "VIA_TIPO": "VIA",
        "VIA_DENOMINAZIONE": "DELLE CROCI",
        "CIVICO": "5",
        "BARRATO": "",
        "SEDE_TIPO": "Sede",
        "SEDE_DENOMINAZIONE": "Rapisardi - Garibaldi",
        "SEDE_CATEGORIA": "IC",
        "SEDE_VIA_TIPO": "VIA",
        "SEDE_VIA_DENOMINAZIONE": "CALTANISSETTA",
        "SEDE_CIVICO": "27",
        "SEDE_BARRATO": "",
        "QUARTIERE": "LIBERTA'",
        "QUARTIERE_NUMERO": "9"
      },
      "geometry": {
        "type": "Point",
        "coordinates": [
          13.354793,
          38.132039,
          0
        ]
      }
    },
    {
      "type": "Feature",
      "properties": {
        "styleMapHash": {
          "normal": "#icon-959-CDDC39-normal",
          "highlight": "#icon-959-CDDC39-highlight"
        },
        "description": "ID: 36<br>ID_PORTALE: 1<br>TIPO: Asilo Nido<br>DENOMINAZIONE: Rallo<br>VIA_TIPO: VIA<br>VIA_DENOMINAZIONE: RALLO ALBERTO<br>CIVICO: <br>BARRATO: <br>QUARTIERE_NUMERO: 24<br>QUARTIERE: MONTE PELLEGRINO",
        "ID": "36",
        "ID_PORTALE": "1",
        "TIPO": "Asilo Nido",
        "DENOMINAZIONE": "Rallo",
        "VIA_TIPO": "VIA",
        "VIA_DENOMINAZIONE": "RALLO ALBERTO",
        "CIVICO": "",
        "BARRATO": "",
        "QUARTIERE_NUMERO": "24",
        "QUARTIERE": "MONTE PELLEGRINO"
      },
      "geometry": {
        "type": "Point",
        "coordinates": [
          13.364157,
          38.139946,
          0
        ]
      }
    },
    {
      "type": "Feature",
      "properties": {
        "styleMapHash": {
          "normal": "#icon-503-93D7E8-normal",
          "highlight": "#icon-503-93D7E8-highlight"
        },
        "description": "ID: 111<br>ID_PORTALE: <br>TIPO: Plesso<br>DENOMINAZIONE: Carducci<br>CATEGORIA: <br>VIA_TIPO: VIA<br>VIA_DENOMINAZIONE: DI GIORGI FERDINANDO<br>CIVICO: 5<br>BARRATO: <br>SEDE_TIPO: Sede<br>SEDE_DENOMINAZIONE: L. Da Vinci - Carducci<br>SEDE_CATEGORIA: IC<br>SEDE_VIA_TIPO: VIA<br>SEDE_VIA_DENOMINAZIONE: DI GIORGI FERDINANDO<br>SEDE_CIVICO: 48<br>SEDE_BARRATO: <br>QUARTIERE: UDITORE- PASSO DI RIGANO<br>QUARTIERE_NUMERO: 17",
        "ID": "111",
        "ID_PORTALE": "",
        "TIPO": "Plesso",
        "DENOMINAZIONE": "Carducci",
        "CATEGORIA": "",
        "VIA_TIPO": "VIA",
        "VIA_DENOMINAZIONE": "DI GIORGI FERDINANDO",
        "CIVICO": "5",
        "BARRATO": "",
        "SEDE_TIPO": "Sede",
        "SEDE_DENOMINAZIONE": "L. Da Vinci - Carducci",
        "SEDE_CATEGORIA": "IC",
        "SEDE_VIA_TIPO": "VIA",
        "SEDE_VIA_DENOMINAZIONE": "DI GIORGI FERDINANDO",
        "SEDE_CIVICO": "48",
        "SEDE_BARRATO": "",
        "QUARTIERE": "UDITORE- PASSO DI RIGANO",
        "QUARTIERE_NUMERO": "17"
      },
      "geometry": {
        "type": "Point",
        "coordinates": [
          13.327028,
          38.126407,
          0
        ]
      }
    },
    {
      "type": "Feature",
      "properties": {
        "styleMapHash": {
          "normal": "#icon-503-93D7E8-normal",
          "highlight": "#icon-503-93D7E8-highlight"
        },
        "description": "ID: 263<br>ID_PORTALE: 1<br>TIPO: Plesso<br>DENOMINAZIONE: Mantegna Vecchio<br>CATEGORIA: <br>VIA_TIPO: VIA<br>VIA_DENOMINAZIONE: BOLOGNI<br>CIVICO: 2<br>BARRATO: <br>SEDE_TIPO: Sede<br>SEDE_DENOMINAZIONE: Mantegna-Bonanno<br>SEDE_CATEGORIA: IC<br>SEDE_VIA_TIPO: VIA<br>SEDE_VIA_DENOMINAZIONE: BOLOGNI<br>SEDE_CIVICO: 4<br>SEDE_BARRATO: <br>QUARTIERE: BOCCADIFALCO<br>QUARTIERE_NUMERO: 16",
        "ID": "263",
        "ID_PORTALE": "1",
        "TIPO": "Plesso",
        "DENOMINAZIONE": "Mantegna Vecchio",
        "CATEGORIA": "",
        "VIA_TIPO": "VIA",
        "VIA_DENOMINAZIONE": "BOLOGNI",
        "CIVICO": "2",
        "BARRATO": "",
        "SEDE_TIPO": "Sede",
        "SEDE_DENOMINAZIONE": "Mantegna-Bonanno",
        "SEDE_CATEGORIA": "IC",
        "SEDE_VIA_TIPO": "VIA",
        "SEDE_VIA_DENOMINAZIONE": "BOLOGNI",
        "SEDE_CIVICO": "4",
        "SEDE_BARRATO": "",
        "QUARTIERE": "BOCCADIFALCO",
        "QUARTIERE_NUMERO": "16"
      },
      "geometry": {
        "type": "Point",
        "coordinates": [
          13.308518,
          38.109988,
          0
        ]
      }
    },
    {
      "type": "Feature",
      "properties": {
        "styleMapHash": {
          "normal": "#icon-503-93D7E8-normal",
          "highlight": "#icon-503-93D7E8-highlight"
        },
        "description": "ID: 62<br>ID_PORTALE: 1<br>TIPO: Plesso<br>DENOMINAZIONE: V. Riso<br>CATEGORIA: <br>VIA_TIPO: VIA<br>VIA_DENOMINAZIONE: MONDELLO<br>CIVICO: 5<br>BARRATO: <br>SEDE_TIPO: Sede<br>SEDE_DENOMINAZIONE: P. Mondello<br>SEDE_CATEGORIA: DD<br>SEDE_VIA_TIPO: VIA<br>SEDE_VIA_DENOMINAZIONE: SANTOCANALE<br>SEDE_CIVICO: 23<br>SEDE_BARRATO: B<br>QUARTIERE: PARTANNA MONDELLO<br>QUARTIERE_NUMERO: 22",
        "ID": "62",
        "ID_PORTALE": "1",
        "TIPO": "Plesso",
        "DENOMINAZIONE": "V. Riso",
        "CATEGORIA": "",
        "VIA_TIPO": "VIA",
        "VIA_DENOMINAZIONE": "MONDELLO",
        "CIVICO": "5",
        "BARRATO": "",
        "SEDE_TIPO": "Sede",
        "SEDE_DENOMINAZIONE": "P. Mondello",
        "SEDE_CATEGORIA": "DD",
        "SEDE_VIA_TIPO": "VIA",
        "SEDE_VIA_DENOMINAZIONE": "SANTOCANALE",
        "SEDE_CIVICO": "23",
        "SEDE_BARRATO": "B",
        "QUARTIERE": "PARTANNA MONDELLO",
        "QUARTIERE_NUMERO": "22"
      },
      "geometry": {
        "type": "Point",
        "coordinates": [
          13.322533,
          38.203865,
          0
        ]
      }
    },
    {
      "type": "Feature",
      "properties": {
        "styleMapHash": {
          "normal": "#icon-503-3F5BA9-normal",
          "highlight": "#icon-503-3F5BA9-highlight"
        },
        "description": "ID: 243<br>ID_PORTALE: <br>TIPO: Sede<br>DENOMINAZIONE: Pirandello - Borgo Ulivia<br>CATEGORIA: IC<br>VIA_TIPO: VIA<br>VIA_DENOMINAZIONE: ORTIGIA<br>CIVICO: 19<br>BARRATO: <br>SEDE_TIPO: Sede<br>SEDE_DENOMINAZIONE: Pirandello - Borgo Ulivia<br>SEDE_CATEGORIA: IC<br>SEDE_VIA_TIPO: VIA<br>SEDE_VIA_DENOMINAZIONE: ORTIGIA<br>SEDE_CIVICO: 19<br>SEDE_BARRATO: <br>QUARTIERE: VILLAGRAZIA-FALSOMIELE<br>QUARTIERE_NUMERO: 13",
        "ID": "243",
        "ID_PORTALE": "",
        "TIPO": "Sede",
        "DENOMINAZIONE": "Pirandello - Borgo Ulivia",
        "CATEGORIA": "IC",
        "VIA_TIPO": "VIA",
        "VIA_DENOMINAZIONE": "ORTIGIA",
        "CIVICO": "19",
        "BARRATO": "",
        "SEDE_TIPO": "Sede",
        "SEDE_DENOMINAZIONE": "Pirandello - Borgo Ulivia",
        "SEDE_CATEGORIA": "IC",
        "SEDE_VIA_TIPO": "VIA",
        "SEDE_VIA_DENOMINAZIONE": "ORTIGIA",
        "SEDE_CIVICO": "19",
        "SEDE_BARRATO": "",
        "QUARTIERE": "VILLAGRAZIA-FALSOMIELE",
        "QUARTIERE_NUMERO": "13"
      },
      "geometry": {
        "type": "Point",
        "coordinates": [
          13.360983,
          38.090319,
          0
        ]
      }
    },
    {
      "type": "Feature",
      "properties": {
        "styleMapHash": {
          "normal": "#icon-503-3F5BA9-normal",
          "highlight": "#icon-503-3F5BA9-highlight"
        },
        "description": "ID: 33<br>ID_PORTALE: 1<br>TIPO: Sede<br>DENOMINAZIONE: Gabelli<br>CATEGORIA: DD<br>VIA_TIPO: VIA<br>VIA_DENOMINAZIONE: EUGENIO L'EMIRO<br>CIVICO: 30<br>BARRATO: <br>SEDE_TIPO: Sede<br>SEDE_DENOMINAZIONE: Gabelli<br>SEDE_CATEGORIA: DD<br>SEDE_VIA_TIPO: VIA<br>SEDE_VIA_DENOMINAZIONE: EUGENIO L'EMIRO<br>SEDE_CIVICO: 30<br>SEDE_BARRATO: <br>QUARTIERE: ZISA<br>QUARTIERE_NUMERO: 6",
        "ID": "33",
        "ID_PORTALE": "1",
        "TIPO": "Sede",
        "DENOMINAZIONE": "Gabelli",
        "CATEGORIA": "DD",
        "VIA_TIPO": "VIA",
        "VIA_DENOMINAZIONE": "EUGENIO L'EMIRO",
        "CIVICO": "30",
        "BARRATO": "",
        "SEDE_TIPO": "Sede",
        "SEDE_DENOMINAZIONE": "Gabelli",
        "SEDE_CATEGORIA": "DD",
        "SEDE_VIA_TIPO": "VIA",
        "SEDE_VIA_DENOMINAZIONE": "EUGENIO L'EMIRO",
        "SEDE_CIVICO": "30",
        "SEDE_BARRATO": "",
        "QUARTIERE": "ZISA",
        "QUARTIERE_NUMERO": "6"
      },
      "geometry": {
        "type": "Point",
        "coordinates": [
          13.339889,
          38.114448,
          0
        ]
      }
    },
    {
      "type": "Feature",
      "properties": {
        "styleMapHash": {
          "normal": "#icon-503-93D7E8-normal",
          "highlight": "#icon-503-93D7E8-highlight"
        },
        "description": "ID: 77<br>ID_PORTALE: 1<br>TIPO: Plesso<br>DENOMINAZIONE: S.Teresa Bambino Gesu'<br>CATEGORIA: <br>VIA_TIPO: VIA<br>VIA_DENOMINAZIONE: BORDONARO<br>CIVICO: 44<br>BARRATO: <br>SEDE_TIPO: Sede<br>SEDE_DENOMINAZIONE: Arenella<br>SEDE_CATEGORIA: IC<br>SEDE_VIA_TIPO: LUNGOMARE<br>SEDE_VIA_DENOMINAZIONE: COLOMBO CRISTOFORO<br>SEDE_CIVICO: 240<br>SEDE_BARRATO: <br>QUARTIERE: ARENELLA-VERGINE MARIA<br>QUARTIERE_NUMERO: 25",
        "ID": "77",
        "ID_PORTALE": "1",
        "TIPO": "Plesso",
        "DENOMINAZIONE": "S.Teresa Bambino Gesu'",
        "CATEGORIA": "",
        "VIA_TIPO": "VIA",
        "VIA_DENOMINAZIONE": "BORDONARO",
        "CIVICO": "44",
        "BARRATO": "",
        "SEDE_TIPO": "Sede",
        "SEDE_DENOMINAZIONE": "Arenella",
        "SEDE_CATEGORIA": "IC",
        "SEDE_VIA_TIPO": "LUNGOMARE",
        "SEDE_VIA_DENOMINAZIONE": "COLOMBO CRISTOFORO",
        "SEDE_CIVICO": "240",
        "SEDE_BARRATO": "",
        "QUARTIERE": "ARENELLA-VERGINE MARIA",
        "QUARTIERE_NUMERO": "25"
      },
      "geometry": {
        "type": "Point",
        "coordinates": [
          13.367749,
          38.165232,
          0
        ]
      }
    },
    {
      "type": "Feature",
      "properties": {
        "styleMapHash": {
          "normal": "#icon-503-93D7E8-normal",
          "highlight": "#icon-503-93D7E8-highlight"
        },
        "description": "ID: 27<br>ID_PORTALE: 1<br>TIPO: Plesso<br>DENOMINAZIONE: Gandhi<br>CATEGORIA: <br>VIA_TIPO: VIA<br>VIA_DENOMINAZIONE: SARDEGNA<br>CIVICO: 55<br>BARRATO: <br>SEDE_TIPO: Sede<br>SEDE_DENOMINAZIONE: Monti Iblei<br>SEDE_CATEGORIA: DD<br>SEDE_VIA_TIPO: VIA<br>SEDE_VIA_DENOMINAZIONE: MONTE S. CALOGERO<br>SEDE_CIVICO: 20<br>SEDE_BARRATO: <br>QUARTIERE: RESUTTANO-S. LORENZO<br>QUARTIERE_NUMERO: 20",
        "ID": "27",
        "ID_PORTALE": "1",
        "TIPO": "Plesso",
        "DENOMINAZIONE": "Gandhi",
        "CATEGORIA": "",
        "VIA_TIPO": "VIA",
        "VIA_DENOMINAZIONE": "SARDEGNA",
        "CIVICO": "55",
        "BARRATO": "",
        "SEDE_TIPO": "Sede",
        "SEDE_DENOMINAZIONE": "Monti Iblei",
        "SEDE_CATEGORIA": "DD",
        "SEDE_VIA_TIPO": "VIA",
        "SEDE_VIA_DENOMINAZIONE": "MONTE S. CALOGERO",
        "SEDE_CIVICO": "20",
        "SEDE_BARRATO": "",
        "QUARTIERE": "RESUTTANO-S. LORENZO",
        "QUARTIERE_NUMERO": "20"
      },
      "geometry": {
        "type": "Point",
        "coordinates": [
          13.330716,
          38.145183,
          0
        ]
      }
    },
    {
      "type": "Feature",
      "properties": {
        "styleMapHash": {
          "normal": "#icon-959-CDDC39-normal",
          "highlight": "#icon-959-CDDC39-highlight"
        },
        "description": "ID: 30<br>ID_PORTALE: 1<br>TIPO: Asilo Nido<br>DENOMINAZIONE: Peter Pan<br>VIA_TIPO: VIA<br>VIA_DENOMINAZIONE: BARISANO DA TRANI<br>CIVICO: <br>BARRATO: <br>QUARTIERE_NUMERO: 19<br>QUARTIERE: CRUILLAS-CEP",
        "ID": "30",
        "ID_PORTALE": "1",
        "TIPO": "Asilo Nido",
        "DENOMINAZIONE": "Peter Pan",
        "VIA_TIPO": "VIA",
        "VIA_DENOMINAZIONE": "BARISANO DA TRANI",
        "CIVICO": "",
        "BARRATO": "",
        "QUARTIERE_NUMERO": "19",
        "QUARTIERE": "CRUILLAS-CEP"
      },
      "geometry": {
        "type": "Point",
        "coordinates": [
          13.311815,
          38.135979,
          0
        ]
      }
    },
    {
      "type": "Feature",
      "properties": {
        "styleMapHash": {
          "normal": "#icon-503-93D7E8-normal",
          "highlight": "#icon-503-93D7E8-highlight"
        },
        "description": "ID: 173<br>ID_PORTALE: 1<br>TIPO: Plesso<br>DENOMINAZIONE: Carmelo Onorato<br>CATEGORIA: <br>VIA_TIPO: VIA<br>VIA_DENOMINAZIONE: GENUARDI LUIGI<br>CIVICO: 5<br>BARRATO: <br>SEDE_TIPO: Sede<br>SEDE_DENOMINAZIONE: Lombardo Radice - Mazzini<br>SEDE_CATEGORIA: IC<br>SEDE_VIA_TIPO: CORSO<br>SEDE_VIA_DENOMINAZIONE: CALATAFIMI<br>SEDE_CIVICO: 241<br>SEDE_BARRATO: A<br>QUARTIERE: CUBA-CALATAFIMI<br>QUARTIERE_NUMERO: 5",
        "ID": "173",
        "ID_PORTALE": "1",
        "TIPO": "Plesso",
        "DENOMINAZIONE": "Carmelo Onorato",
        "CATEGORIA": "",
        "VIA_TIPO": "VIA",
        "VIA_DENOMINAZIONE": "GENUARDI LUIGI",
        "CIVICO": "5",
        "BARRATO": "",
        "SEDE_TIPO": "Sede",
        "SEDE_DENOMINAZIONE": "Lombardo Radice - Mazzini",
        "SEDE_CATEGORIA": "IC",
        "SEDE_VIA_TIPO": "CORSO",
        "SEDE_VIA_DENOMINAZIONE": "CALATAFIMI",
        "SEDE_CIVICO": "241",
        "SEDE_BARRATO": "A",
        "QUARTIERE": "CUBA-CALATAFIMI",
        "QUARTIERE_NUMERO": "5"
      },
      "geometry": {
        "type": "Point",
        "coordinates": [
          13.345836,
          38.107533,
          0
        ]
      }
    },
    {
      "type": "Feature",
      "properties": {
        "styleMapHash": {
          "normal": "#icon-503-93D7E8-normal",
          "highlight": "#icon-503-93D7E8-highlight"
        },
        "description": "ID: 131<br>ID_PORTALE: 1<br>TIPO: Plesso<br>DENOMINAZIONE: Marabitti<br>CATEGORIA: <br>VIA_TIPO: VIA<br>VIA_DENOMINAZIONE: SPEDALIERI NICOLO'<br>CIVICO: 50<br>BARRATO: <br>SEDE_TIPO: Sede<br>SEDE_DENOMINAZIONE: Karol Wojtyla<br>SEDE_CATEGORIA: IC<br>SEDE_VIA_TIPO: VIA<br>SEDE_VIA_DENOMINAZIONE: DELL'ARSENALE<br>SEDE_CIVICO: 52<br>SEDE_BARRATO: <br>QUARTIERE: MONTE PELLEGRINO<br>QUARTIERE_NUMERO: 24",
        "ID": "131",
        "ID_PORTALE": "1",
        "TIPO": "Plesso",
        "DENOMINAZIONE": "Marabitti",
        "CATEGORIA": "",
        "VIA_TIPO": "VIA",
        "VIA_DENOMINAZIONE": "SPEDALIERI NICOLO'",
        "CIVICO": "50",
        "BARRATO": "",
        "SEDE_TIPO": "Sede",
        "SEDE_DENOMINAZIONE": "Karol Wojtyla",
        "SEDE_CATEGORIA": "IC",
        "SEDE_VIA_TIPO": "VIA",
        "SEDE_VIA_DENOMINAZIONE": "DELL'ARSENALE",
        "SEDE_CIVICO": "52",
        "SEDE_BARRATO": "",
        "QUARTIERE": "MONTE PELLEGRINO",
        "QUARTIERE_NUMERO": "24"
      },
      "geometry": {
        "type": "Point",
        "coordinates": [
          13.364283,
          38.139253,
          0
        ]
      }
    },
    {
      "type": "Feature",
      "properties": {
        "styleMapHash": {
          "normal": "#icon-503-93D7E8-normal",
          "highlight": "#icon-503-93D7E8-highlight"
        },
        "description": "ID: 213<br>ID_PORTALE: 1<br>TIPO: Plesso<br>DENOMINAZIONE: Valverde<br>CATEGORIA: <br>VIA_TIPO: VIA<br>VIA_DENOMINAZIONE: VALVERDE<br>CIVICO: <br>BARRATO: <br>SEDE_TIPO: Sede<br>SEDE_DENOMINAZIONE: Rita Atria<br>SEDE_CATEGORIA: IC<br>SEDE_VIA_TIPO: LARGO<br>SEDE_VIA_DENOMINAZIONE: CAVALIERI DI MALTA<br>SEDE_CIVICO: 9<br>SEDE_BARRATO: <br>QUARTIERE: TRIBUNALI CASTELLAMMARE<br>QUARTIERE_NUMERO: 1",
        "ID": "213",
        "ID_PORTALE": "1",
        "TIPO": "Plesso",
        "DENOMINAZIONE": "Valverde",
        "CATEGORIA": "",
        "VIA_TIPO": "VIA",
        "VIA_DENOMINAZIONE": "VALVERDE",
        "CIVICO": "",
        "BARRATO": "",
        "SEDE_TIPO": "Sede",
        "SEDE_DENOMINAZIONE": "Rita Atria",
        "SEDE_CATEGORIA": "IC",
        "SEDE_VIA_TIPO": "LARGO",
        "SEDE_VIA_DENOMINAZIONE": "CAVALIERI DI MALTA",
        "SEDE_CIVICO": "9",
        "SEDE_BARRATO": "",
        "QUARTIERE": "TRIBUNALI CASTELLAMMARE",
        "QUARTIERE_NUMERO": "1"
      },
      "geometry": {
        "type": "Point",
        "coordinates": [
          13.363732,
          38.120624,
          0
        ]
      }
    },
    {
      "type": "Feature",
      "properties": {
        "styleMapHash": {
          "normal": "#icon-503-3F5BA9-normal",
          "highlight": "#icon-503-3F5BA9-highlight"
        },
        "description": "ID: 116<br>ID_PORTALE: 1<br>TIPO: Sede<br>DENOMINAZIONE: R. Guttuso<br>CATEGORIA: IC<br>VIA_TIPO: VIA<br>VIA_DENOMINAZIONE: MESSINA MARINE<br>CIVICO: 811<br>BARRATO: <br>SEDE_TIPO: Sede<br>SEDE_DENOMINAZIONE: R. Guttuso<br>SEDE_CATEGORIA: IC<br>SEDE_VIA_TIPO: VIA<br>SEDE_VIA_DENOMINAZIONE: MESSINA MARINE<br>SEDE_CIVICO: 811<br>SEDE_BARRATO: <br>QUARTIERE: SETTECANNOLI<br>QUARTIERE_NUMERO: 11",
        "ID": "116",
        "ID_PORTALE": "1",
        "TIPO": "Sede",
        "DENOMINAZIONE": "R. Guttuso",
        "CATEGORIA": "IC",
        "VIA_TIPO": "VIA",
        "VIA_DENOMINAZIONE": "MESSINA MARINE",
        "CIVICO": "811",
        "BARRATO": "",
        "SEDE_TIPO": "Sede",
        "SEDE_DENOMINAZIONE": "R. Guttuso",
        "SEDE_CATEGORIA": "IC",
        "SEDE_VIA_TIPO": "VIA",
        "SEDE_VIA_DENOMINAZIONE": "MESSINA MARINE",
        "SEDE_CIVICO": "811",
        "SEDE_BARRATO": "",
        "QUARTIERE": "SETTECANNOLI",
        "QUARTIERE_NUMERO": "11"
      },
      "geometry": {
        "type": "Point",
        "coordinates": [
          13.429668,
          38.095925,
          0
        ]
      }
    },
    {
      "type": "Feature",
      "properties": {
        "styleMapHash": {
          "normal": "#icon-503-3F5BA9-normal",
          "highlight": "#icon-503-3F5BA9-highlight"
        },
        "description": "ID: 251<br>ID_PORTALE: 1<br>TIPO: Sede<br>DENOMINAZIONE: Franchetti<br>CATEGORIA: SMS<br>VIA_TIPO: VIA<br>VIA_DENOMINAZIONE: AMEDEO D'AOSTA<br>CIVICO: 52<br>BARRATO: <br>SEDE_TIPO: Sede<br>SEDE_DENOMINAZIONE: Franchetti<br>SEDE_CATEGORIA: SMS<br>SEDE_VIA_TIPO: VIA<br>SEDE_VIA_DENOMINAZIONE: AMEDEO D'AOSTA<br>SEDE_CIVICO: 52<br>SEDE_BARRATO: <br>QUARTIERE: SETTECANNOLI<br>QUARTIERE_NUMERO: 11",
        "ID": "251",
        "ID_PORTALE": "1",
        "TIPO": "Sede",
        "DENOMINAZIONE": "Franchetti",
        "CATEGORIA": "SMS",
        "VIA_TIPO": "VIA",
        "VIA_DENOMINAZIONE": "AMEDEO D'AOSTA",
        "CIVICO": "52",
        "BARRATO": "",
        "SEDE_TIPO": "Sede",
        "SEDE_DENOMINAZIONE": "Franchetti",
        "SEDE_CATEGORIA": "SMS",
        "SEDE_VIA_TIPO": "VIA",
        "SEDE_VIA_DENOMINAZIONE": "AMEDEO D'AOSTA",
        "SEDE_CIVICO": "52",
        "SEDE_BARRATO": "",
        "QUARTIERE": "SETTECANNOLI",
        "QUARTIERE_NUMERO": "11"
      },
      "geometry": {
        "type": "Point",
        "coordinates": [
          13.384982,
          38.101246,
          0
        ]
      }
    },
    {
      "type": "Feature",
      "properties": {
        "styleMapHash": {
          "normal": "#icon-503-93D7E8-normal",
          "highlight": "#icon-503-93D7E8-highlight"
        },
        "description": "ID: 169<br>ID_PORTALE: 1<br>TIPO: Plesso<br>DENOMINAZIONE: Rosmini<br>CATEGORIA: <br>VIA_TIPO: VIA<br>VIA_DENOMINAZIONE: CRUILLAS<br>CIVICO: 2<br>BARRATO: <br>SEDE_TIPO: Sede<br>SEDE_DENOMINAZIONE: Cruillas<br>SEDE_CATEGORIA: IC<br>SEDE_VIA_TIPO: VIA<br>SEDE_VIA_DENOMINAZIONE: SALERNO<br>SEDE_CIVICO: 19<br>SEDE_BARRATO: <br>QUARTIERE: CRUILLAS-CEP<br>QUARTIERE_NUMERO: 19",
        "ID": "169",
        "ID_PORTALE": "1",
        "TIPO": "Plesso",
        "DENOMINAZIONE": "Rosmini",
        "CATEGORIA": "",
        "VIA_TIPO": "VIA",
        "VIA_DENOMINAZIONE": "CRUILLAS",
        "CIVICO": "2",
        "BARRATO": "",
        "SEDE_TIPO": "Sede",
        "SEDE_DENOMINAZIONE": "Cruillas",
        "SEDE_CATEGORIA": "IC",
        "SEDE_VIA_TIPO": "VIA",
        "SEDE_VIA_DENOMINAZIONE": "SALERNO",
        "SEDE_CIVICO": "19",
        "SEDE_BARRATO": "",
        "QUARTIERE": "CRUILLAS-CEP",
        "QUARTIERE_NUMERO": "19"
      },
      "geometry": {
        "type": "Point",
        "coordinates": [
          13.327189,
          38.14044,
          0
        ]
      }
    },
    {
      "type": "Feature",
      "properties": {
        "styleMapHash": {
          "normal": "#icon-503-93D7E8-normal",
          "highlight": "#icon-503-93D7E8-highlight"
        },
        "description": "ID: 119<br>ID_PORTALE: 1<br>TIPO: Plesso<br>DENOMINAZIONE: Galletti<br>CATEGORIA: <br>VIA_TIPO: VIA<br>VIA_DENOMINAZIONE: GALLETTI<br>CIVICO: 78<br>BARRATO: <br>SEDE_TIPO: Sede<br>SEDE_DENOMINAZIONE: R. Guttuso<br>SEDE_CATEGORIA: IC<br>SEDE_VIA_TIPO: VIA<br>SEDE_VIA_DENOMINAZIONE: MESSINA MARINE<br>SEDE_CIVICO: 811<br>SEDE_BARRATO: <br>QUARTIERE: SETTECANNOLI<br>QUARTIERE_NUMERO: 11",
        "ID": "119",
        "ID_PORTALE": "1",
        "TIPO": "Plesso",
        "DENOMINAZIONE": "Galletti",
        "CATEGORIA": "",
        "VIA_TIPO": "VIA",
        "VIA_DENOMINAZIONE": "GALLETTI",
        "CIVICO": "78",
        "BARRATO": "",
        "SEDE_TIPO": "Sede",
        "SEDE_DENOMINAZIONE": "R. Guttuso",
        "SEDE_CATEGORIA": "IC",
        "SEDE_VIA_TIPO": "VIA",
        "SEDE_VIA_DENOMINAZIONE": "MESSINA MARINE",
        "SEDE_CIVICO": "811",
        "SEDE_BARRATO": "",
        "QUARTIERE": "SETTECANNOLI",
        "QUARTIERE_NUMERO": "11"
      },
      "geometry": {
        "type": "Point",
        "coordinates": [
          13.43013,
          38.094609,
          0
        ]
      }
    },
    {
      "type": "Feature",
      "properties": {
        "styleMapHash": {
          "normal": "#icon-959-CDDC39-normal",
          "highlight": "#icon-959-CDDC39-highlight"
        },
        "description": "ID: 29<br>ID_PORTALE: 1<br>TIPO: Asilo Nido<br>DENOMINAZIONE: Pellicano<br>VIA_TIPO: VIA<br>VIA_DENOMINAZIONE: ROSSA GUIDO<br>CIVICO: 8<br>BARRATO: <br>QUARTIERE_NUMERO: 13<br>QUARTIERE: VILLAGRAZIA-FALSOMIELE",
        "ID": "29",
        "ID_PORTALE": "1",
        "TIPO": "Asilo Nido",
        "DENOMINAZIONE": "Pellicano",
        "VIA_TIPO": "VIA",
        "VIA_DENOMINAZIONE": "ROSSA GUIDO",
        "CIVICO": "8",
        "BARRATO": "",
        "QUARTIERE_NUMERO": "13",
        "QUARTIERE": "VILLAGRAZIA-FALSOMIELE"
      },
      "geometry": {
        "type": "Point",
        "coordinates": [
          13.36006,
          38.082516,
          0
        ]
      }
    },
    {
      "type": "Feature",
      "properties": {
        "styleMapHash": {
          "normal": "#icon-503-93D7E8-normal",
          "highlight": "#icon-503-93D7E8-highlight"
        },
        "description": "ID: 255<br>ID_PORTALE: 1<br>TIPO: Plesso<br>DENOMINAZIONE: Casa Lavoro e Preghiera<br>CATEGORIA: <br>VIA_TIPO: PIAZZA<br>VIA_DENOMINAZIONE: VILLAGRAZIA<br>CIVICO: 46<br>BARRATO: <br>SEDE_TIPO: Sede<br>SEDE_DENOMINAZIONE: Giuseppe Scelsa<br>SEDE_CATEGORIA: IC<br>SEDE_VIA_TIPO: VIA<br>SEDE_VIA_DENOMINAZIONE: VILLANI GIOVANNI<br>SEDE_CIVICO: <br>SEDE_BARRATO: <br>QUARTIERE: VILLAGRAZIA-FALSOMIELE<br>QUARTIERE_NUMERO: 13",
        "ID": "255",
        "ID_PORTALE": "1",
        "TIPO": "Plesso",
        "DENOMINAZIONE": "Casa Lavoro e Preghiera",
        "CATEGORIA": "",
        "VIA_TIPO": "PIAZZA",
        "VIA_DENOMINAZIONE": "VILLAGRAZIA",
        "CIVICO": "46",
        "BARRATO": "",
        "SEDE_TIPO": "Sede",
        "SEDE_DENOMINAZIONE": "Giuseppe Scelsa",
        "SEDE_CATEGORIA": "IC",
        "SEDE_VIA_TIPO": "VIA",
        "SEDE_VIA_DENOMINAZIONE": "VILLANI GIOVANNI",
        "SEDE_CIVICO": "",
        "SEDE_BARRATO": "",
        "QUARTIERE": "VILLAGRAZIA-FALSOMIELE",
        "QUARTIERE_NUMERO": "13"
      },
      "geometry": {
        "type": "Point",
        "coordinates": [
          13.333653,
          38.078009,
          0
        ]
      }
    },
    {
      "type": "Feature",
      "properties": {
        "styleMapHash": {
          "normal": "#icon-503-93D7E8-normal",
          "highlight": "#icon-503-93D7E8-highlight"
        },
        "description": "ID: 193<br>ID_PORTALE: 1<br>TIPO: Plesso<br>DENOMINAZIONE: Marinella Bragaglia<br>CATEGORIA: <br>VIA_TIPO: VIA<br>VIA_DENOMINAZIONE: BRAGAGLIA MARINELLA<br>CIVICO: 23<br>BARRATO: <br>SEDE_TIPO: Sede<br>SEDE_DENOMINAZIONE: Pestalozzi - Cavour<br>SEDE_CATEGORIA: IC<br>SEDE_VIA_TIPO: VIA<br>SEDE_VIA_DENOMINAZIONE: CROCIFISSO A PIETRATAGLIATA<br>SEDE_CIVICO: 7<br>SEDE_BARRATO: D<br>QUARTIERE: MEZZOMONREALE-V.LLA TASCA<br>QUARTIERE_NUMERO: 14",
        "ID": "193",
        "ID_PORTALE": "1",
        "TIPO": "Plesso",
        "DENOMINAZIONE": "Marinella Bragaglia",
        "CATEGORIA": "",
        "VIA_TIPO": "VIA",
        "VIA_DENOMINAZIONE": "BRAGAGLIA MARINELLA",
        "CIVICO": "23",
        "BARRATO": "",
        "SEDE_TIPO": "Sede",
        "SEDE_DENOMINAZIONE": "Pestalozzi - Cavour",
        "SEDE_CATEGORIA": "IC",
        "SEDE_VIA_TIPO": "VIA",
        "SEDE_VIA_DENOMINAZIONE": "CROCIFISSO A PIETRATAGLIATA",
        "SEDE_CIVICO": "7",
        "SEDE_BARRATO": "D",
        "QUARTIERE": "MEZZOMONREALE-V.LLA TASCA",
        "QUARTIERE_NUMERO": "14"
      },
      "geometry": {
        "type": "Point",
        "coordinates": [
          13.322409,
          38.10284,
          0
        ]
      }
    },
    {
      "type": "Feature",
      "properties": {
        "styleMapHash": {
          "normal": "#icon-503-93D7E8-normal",
          "highlight": "#icon-503-93D7E8-highlight"
        },
        "description": "ID: 238<br>ID_PORTALE: 1<br>TIPO: Plesso<br>DENOMINAZIONE: Verdi<br>CATEGORIA: <br>VIA_TIPO: VIA<br>VIA_DENOMINAZIONE: FERMI ENRICO<br>CIVICO: 2<br>BARRATO: <br>SEDE_TIPO: Sede<br>SEDE_DENOMINAZIONE: Verdi<br>SEDE_CATEGORIA: IC<br>SEDE_VIA_TIPO: VIA<br>SEDE_VIA_DENOMINAZIONE: CASELLA ALFREDO<br>SEDE_CIVICO: 33<br>SEDE_BARRATO: <br>QUARTIERE: MALASPINA-PALAGONIA<br>QUARTIERE_NUMERO: 8",
        "ID": "238",
        "ID_PORTALE": "1",
        "TIPO": "Plesso",
        "DENOMINAZIONE": "Verdi",
        "CATEGORIA": "",
        "VIA_TIPO": "VIA",
        "VIA_DENOMINAZIONE": "FERMI ENRICO",
        "CIVICO": "2",
        "BARRATO": "",
        "SEDE_TIPO": "Sede",
        "SEDE_DENOMINAZIONE": "Verdi",
        "SEDE_CATEGORIA": "IC",
        "SEDE_VIA_TIPO": "VIA",
        "SEDE_VIA_DENOMINAZIONE": "CASELLA ALFREDO",
        "SEDE_CIVICO": "33",
        "SEDE_BARRATO": "",
        "QUARTIERE": "MALASPINA-PALAGONIA",
        "QUARTIERE_NUMERO": "8"
      },
      "geometry": {
        "type": "Point",
        "coordinates": [
          13.334559,
          38.126914,
          0
        ]
      }
    },
    {
      "type": "Feature",
      "properties": {
        "styleMapHash": {
          "normal": "#icon-503-3F5BA9-normal",
          "highlight": "#icon-503-3F5BA9-highlight"
        },
        "description": "ID: 69<br>ID_PORTALE: 1<br>TIPO: Sede<br>DENOMINAZIONE: Ragusa Moletti<br>CATEGORIA: DD<br>VIA_TIPO: VIA<br>VIA_DENOMINAZIONE: RAGUSA MOLETI<br>CIVICO: 8<br>BARRATO: <br>SEDE_TIPO: Sede<br>SEDE_DENOMINAZIONE: Ragusa Moletti<br>SEDE_CATEGORIA: DD<br>SEDE_VIA_TIPO: VIA<br>SEDE_VIA_DENOMINAZIONE: RAGUSA MOLETI<br>SEDE_CIVICO: 8<br>SEDE_BARRATO: <br>QUARTIERE: CUBA-CALATAFIMI<br>QUARTIERE_NUMERO: 5",
        "ID": "69",
        "ID_PORTALE": "1",
        "TIPO": "Sede",
        "DENOMINAZIONE": "Ragusa Moletti",
        "CATEGORIA": "DD",
        "VIA_TIPO": "VIA",
        "VIA_DENOMINAZIONE": "RAGUSA MOLETI",
        "CIVICO": "8",
        "BARRATO": "",
        "SEDE_TIPO": "Sede",
        "SEDE_DENOMINAZIONE": "Ragusa Moletti",
        "SEDE_CATEGORIA": "DD",
        "SEDE_VIA_TIPO": "VIA",
        "SEDE_VIA_DENOMINAZIONE": "RAGUSA MOLETI",
        "SEDE_CIVICO": "8",
        "SEDE_BARRATO": "",
        "QUARTIERE": "CUBA-CALATAFIMI",
        "QUARTIERE_NUMERO": "5"
      },
      "geometry": {
        "type": "Point",
        "coordinates": [
          13.339874,
          38.106077,
          0
        ]
      }
    },
    {
      "type": "Feature",
      "properties": {
        "styleMapHash": {
          "normal": "#icon-503-3F5BA9-normal",
          "highlight": "#icon-503-3F5BA9-highlight"
        },
        "description": "ID: 109<br>ID_PORTALE: 1<br>TIPO: Sede<br>DENOMINAZIONE: Florio - San Lorenzo<br>CATEGORIA: IC<br>VIA_TIPO: VIA<br>VIA_DENOMINAZIONE: DI GIOVANNI FILIPPO<br>CIVICO: 88<br>BARRATO: <br>SEDE_TIPO: Sede<br>SEDE_DENOMINAZIONE: Florio - San Lorenzo<br>SEDE_CATEGORIA: IC<br>SEDE_VIA_TIPO: VIA<br>SEDE_VIA_DENOMINAZIONE: DI GIOVANNI FILIPPO<br>SEDE_CIVICO: 88<br>SEDE_BARRATO: <br>QUARTIERE: RESUTTANO-S. LORENZO<br>QUARTIERE_NUMERO: 20",
        "ID": "109",
        "ID_PORTALE": "1",
        "TIPO": "Sede",
        "DENOMINAZIONE": "Florio - San Lorenzo",
        "CATEGORIA": "IC",
        "VIA_TIPO": "VIA",
        "VIA_DENOMINAZIONE": "DI GIOVANNI FILIPPO",
        "CIVICO": "88",
        "BARRATO": "",
        "SEDE_TIPO": "Sede",
        "SEDE_DENOMINAZIONE": "Florio - San Lorenzo",
        "SEDE_CATEGORIA": "IC",
        "SEDE_VIA_TIPO": "VIA",
        "SEDE_VIA_DENOMINAZIONE": "DI GIOVANNI FILIPPO",
        "SEDE_CIVICO": "88",
        "SEDE_BARRATO": "",
        "QUARTIERE": "RESUTTANO-S. LORENZO",
        "QUARTIERE_NUMERO": "20"
      },
      "geometry": {
        "type": "Point",
        "coordinates": [
          13.328629,
          38.162005,
          0
        ]
      }
    },
    {
      "type": "Feature",
      "properties": {
        "styleMapHash": {
          "normal": "#icon-503-93D7E8-normal",
          "highlight": "#icon-503-93D7E8-highlight"
        },
        "description": "ID: 72<br>ID_PORTALE: 1<br>TIPO: Plesso<br>DENOMINAZIONE: Roncalli<br>CATEGORIA: <br>VIA_TIPO: VIA<br>VIA_DENOMINAZIONE: RANDAZZO PIETRO<br>CIVICO: 22<br>BARRATO: <br>SEDE_TIPO: Sede<br>SEDE_DENOMINAZIONE: Amari Roncalli - Ferrara<br>SEDE_CATEGORIA: IC<br>SEDE_VIA_TIPO: VIA<br>SEDE_VIA_DENOMINAZIONE: INGRASSIA GIAN FILIPPO<br>SEDE_CIVICO: 33<br>SEDE_BARRATO: <br>QUARTIERE: ORETO-STAZIONE<br>QUARTIERE_NUMERO: 3",
        "ID": "72",
        "ID_PORTALE": "1",
        "TIPO": "Plesso",
        "DENOMINAZIONE": "Roncalli",
        "CATEGORIA": "",
        "VIA_TIPO": "VIA",
        "VIA_DENOMINAZIONE": "RANDAZZO PIETRO",
        "CIVICO": "22",
        "BARRATO": "",
        "SEDE_TIPO": "Sede",
        "SEDE_DENOMINAZIONE": "Amari Roncalli - Ferrara",
        "SEDE_CATEGORIA": "IC",
        "SEDE_VIA_TIPO": "VIA",
        "SEDE_VIA_DENOMINAZIONE": "INGRASSIA GIAN FILIPPO",
        "SEDE_CIVICO": "33",
        "SEDE_BARRATO": "",
        "QUARTIERE": "ORETO-STAZIONE",
        "QUARTIERE_NUMERO": "3"
      },
      "geometry": {
        "type": "Point",
        "coordinates": [
          13.370004,
          38.110253,
          0
        ]
      }
    },
    {
      "type": "Feature",
      "properties": {
        "styleMapHash": {
          "normal": "#icon-503-93D7E8-normal",
          "highlight": "#icon-503-93D7E8-highlight"
        },
        "description": "ID: 152<br>ID_PORTALE: 1<br>TIPO: Plesso<br>DENOMINAZIONE: G. La Pira<br>CATEGORIA: <br>VIA_TIPO: VIA<br>VIA_DENOMINAZIONE: MERENDA PIETRO<br>CIVICO: 18<br>BARRATO: <br>SEDE_TIPO: Sede<br>SEDE_DENOMINAZIONE: Manzoni - P. Impastato<br>SEDE_CATEGORIA: IC<br>SEDE_VIA_TIPO: VIA<br>SEDE_VIA_DENOMINAZIONE: SERRADIFALCO<br>SEDE_CIVICO: 3<br>SEDE_BARRATO: <br>QUARTIERE: NOCE<br>QUARTIERE_NUMERO: 7",
        "ID": "152",
        "ID_PORTALE": "1",
        "TIPO": "Plesso",
        "DENOMINAZIONE": "G. La Pira",
        "CATEGORIA": "",
        "VIA_TIPO": "VIA",
        "VIA_DENOMINAZIONE": "MERENDA PIETRO",
        "CIVICO": "18",
        "BARRATO": "",
        "SEDE_TIPO": "Sede",
        "SEDE_DENOMINAZIONE": "Manzoni - P. Impastato",
        "SEDE_CATEGORIA": "IC",
        "SEDE_VIA_TIPO": "VIA",
        "SEDE_VIA_DENOMINAZIONE": "SERRADIFALCO",
        "SEDE_CIVICO": "3",
        "SEDE_BARRATO": "",
        "QUARTIERE": "NOCE",
        "QUARTIERE_NUMERO": "7"
      },
      "geometry": {
        "type": "Point",
        "coordinates": [
          13.340506,
          38.12495,
          0
        ]
      }
    },
    {
      "type": "Feature",
      "properties": {
        "styleMapHash": {
          "normal": "#icon-959-CDDC39-normal",
          "highlight": "#icon-959-CDDC39-highlight"
        },
        "description": "ID: 13<br>ID_PORTALE: 1<br>TIPO: Asilo Nido<br>DENOMINAZIONE: Papavero<br>VIA_TIPO: VIA<br>VIA_DENOMINAZIONE: ACIREALE<br>CIVICO: 1<br>BARRATO: <br>QUARTIERE_NUMERO: 18<br>QUARTIERE: BORGO NUOVO",
        "ID": "13",
        "ID_PORTALE": "1",
        "TIPO": "Asilo Nido",
        "DENOMINAZIONE": "Papavero",
        "VIA_TIPO": "VIA",
        "VIA_DENOMINAZIONE": "ACIREALE",
        "CIVICO": "1",
        "BARRATO": "",
        "QUARTIERE_NUMERO": "18",
        "QUARTIERE": "BORGO NUOVO"
      },
      "geometry": {
        "type": "Point",
        "coordinates": [
          13.302254,
          38.130882,
          0
        ]
      }
    },
    {
      "type": "Feature",
      "properties": {
        "styleMapHash": {
          "normal": "#icon-503-93D7E8-normal",
          "highlight": "#icon-503-93D7E8-highlight"
        },
        "description": "ID: 91<br>ID_PORTALE: 1<br>TIPO: Plesso<br>DENOMINAZIONE: Castellana<br>CATEGORIA: <br>VIA_TIPO: VIA<br>VIA_DENOMINAZIONE: CASTELLANA<br>CIVICO: 40<br>BARRATO: <br>SEDE_TIPO: Sede<br>SEDE_DENOMINAZIONE: Buonarroti<br>SEDE_CATEGORIA: IC<br>SEDE_VIA_TIPO: VIA<br>SEDE_VIA_DENOMINAZIONE: TEMBIEN<br>SEDE_CIVICO: 1<br>SEDE_BARRATO: <br>QUARTIERE: UDITORE- PASSO DI RIGANO<br>QUARTIERE_NUMERO: 17",
        "ID": "91",
        "ID_PORTALE": "1",
        "TIPO": "Plesso",
        "DENOMINAZIONE": "Castellana",
        "CATEGORIA": "",
        "VIA_TIPO": "VIA",
        "VIA_DENOMINAZIONE": "CASTELLANA",
        "CIVICO": "40",
        "BARRATO": "",
        "SEDE_TIPO": "Sede",
        "SEDE_DENOMINAZIONE": "Buonarroti",
        "SEDE_CATEGORIA": "IC",
        "SEDE_VIA_TIPO": "VIA",
        "SEDE_VIA_DENOMINAZIONE": "TEMBIEN",
        "SEDE_CIVICO": "1",
        "SEDE_BARRATO": "",
        "QUARTIERE": "UDITORE- PASSO DI RIGANO",
        "QUARTIERE_NUMERO": "17"
      },
      "geometry": {
        "type": "Point",
        "coordinates": [
          13.306217,
          38.125427,
          0
        ]
      }
    },
    {
      "type": "Feature",
      "properties": {
        "styleMapHash": {
          "normal": "#icon-503-93D7E8-normal",
          "highlight": "#icon-503-93D7E8-highlight"
        },
        "description": "ID: 191<br>ID_PORTALE: 1<br>TIPO: Plesso<br>DENOMINAZIONE: Maritain<br>CATEGORIA: <br>VIA_TIPO: LARGO<br>VIA_DENOMINAZIONE: GIBILMANNA<br>CIVICO: 10<br>BARRATO: <br>SEDE_TIPO: Sede<br>SEDE_DENOMINAZIONE: Russo<br>SEDE_CATEGORIA: IC<br>SEDE_VIA_TIPO: VIA<br>SEDE_VIA_DENOMINAZIONE: TINDARI<br>SEDE_CIVICO: 52<br>SEDE_BARRATO: <br>QUARTIERE: BORGO NUOVO<br>QUARTIERE_NUMERO: 18",
        "ID": "191",
        "ID_PORTALE": "1",
        "TIPO": "Plesso",
        "DENOMINAZIONE": "Maritain",
        "CATEGORIA": "",
        "VIA_TIPO": "LARGO",
        "VIA_DENOMINAZIONE": "GIBILMANNA",
        "CIVICO": "10",
        "BARRATO": "",
        "SEDE_TIPO": "Sede",
        "SEDE_DENOMINAZIONE": "Russo",
        "SEDE_CATEGORIA": "IC",
        "SEDE_VIA_TIPO": "VIA",
        "SEDE_VIA_DENOMINAZIONE": "TINDARI",
        "SEDE_CIVICO": "52",
        "SEDE_BARRATO": "",
        "QUARTIERE": "BORGO NUOVO",
        "QUARTIERE_NUMERO": "18"
      },
      "geometry": {
        "type": "Point",
        "coordinates": [
          13.297412,
          38.131203,
          0
        ]
      }
    },
    {
      "type": "Feature",
      "properties": {
        "styleMapHash": {
          "normal": "#icon-503-93D7E8-normal",
          "highlight": "#icon-503-93D7E8-highlight"
        },
        "description": "ID: 232<br>ID_PORTALE: 1<br>TIPO: Plesso<br>DENOMINAZIONE: Verga<br>CATEGORIA: <br>VIA_TIPO: VIA<br>VIA_DENOMINAZIONE: UDITORE<br>CIVICO: 21<br>BARRATO: <br>SEDE_TIPO: Sede<br>SEDE_DENOMINAZIONE: Uditore - Setti Carraro<br>SEDE_CATEGORIA: IC<br>SEDE_VIA_TIPO: VIA<br>SEDE_VIA_DENOMINAZIONE: CIMABUE GIOVANNI<br>SEDE_CIVICO: 20<br>SEDE_BARRATO: <br>QUARTIERE: UDITORE- PASSO DI RIGANO<br>QUARTIERE_NUMERO: 17",
        "ID": "232",
        "ID_PORTALE": "1",
        "TIPO": "Plesso",
        "DENOMINAZIONE": "Verga",
        "CATEGORIA": "",
        "VIA_TIPO": "VIA",
        "VIA_DENOMINAZIONE": "UDITORE",
        "CIVICO": "21",
        "BARRATO": "",
        "SEDE_TIPO": "Sede",
        "SEDE_DENOMINAZIONE": "Uditore - Setti Carraro",
        "SEDE_CATEGORIA": "IC",
        "SEDE_VIA_TIPO": "VIA",
        "SEDE_VIA_DENOMINAZIONE": "CIMABUE GIOVANNI",
        "SEDE_CIVICO": "20",
        "SEDE_BARRATO": "",
        "QUARTIERE": "UDITORE- PASSO DI RIGANO",
        "QUARTIERE_NUMERO": "17"
      },
      "geometry": {
        "type": "Point",
        "coordinates": [
          13.32342,
          38.132434,
          0
        ]
      }
    },
    {
      "type": "Feature",
      "properties": {
        "styleMapHash": {
          "normal": "#icon-503-3F5BA9-normal",
          "highlight": "#icon-503-3F5BA9-highlight"
        },
        "description": "ID: 175<br>ID_PORTALE: 1<br>TIPO: Sede<br>DENOMINAZIONE: Rapisardi - Garibaldi<br>CATEGORIA: IC<br>VIA_TIPO: VIA<br>VIA_DENOMINAZIONE: CALTANISSETTA<br>CIVICO: 27<br>BARRATO: <br>SEDE_TIPO: Sede<br>SEDE_DENOMINAZIONE: Rapisardi - Garibaldi<br>SEDE_CATEGORIA: IC<br>SEDE_VIA_TIPO: VIA<br>SEDE_VIA_DENOMINAZIONE: CALTANISSETTA<br>SEDE_CIVICO: 27<br>SEDE_BARRATO: <br>QUARTIERE: POLITEAMA<br>QUARTIERE_NUMERO: 10",
        "ID": "175",
        "ID_PORTALE": "1",
        "TIPO": "Sede",
        "DENOMINAZIONE": "Rapisardi - Garibaldi",
        "CATEGORIA": "IC",
        "VIA_TIPO": "VIA",
        "VIA_DENOMINAZIONE": "CALTANISSETTA",
        "CIVICO": "27",
        "BARRATO": "",
        "SEDE_TIPO": "Sede",
        "SEDE_DENOMINAZIONE": "Rapisardi - Garibaldi",
        "SEDE_CATEGORIA": "IC",
        "SEDE_VIA_TIPO": "VIA",
        "SEDE_VIA_DENOMINAZIONE": "CALTANISSETTA",
        "SEDE_CIVICO": "27",
        "SEDE_BARRATO": "",
        "QUARTIERE": "POLITEAMA",
        "QUARTIERE_NUMERO": "10"
      },
      "geometry": {
        "type": "Point",
        "coordinates": [
          13.349301,
          38.12848,
          0
        ]
      }
    },
    {
      "type": "Feature",
      "properties": {
        "styleMapHash": {
          "normal": "#icon-503-3F5BA9-normal",
          "highlight": "#icon-503-3F5BA9-highlight"
        },
        "description": "ID: 129<br>ID_PORTALE: <br>TIPO: Sede<br>DENOMINAZIONE: Falcone Zen 2<br>CATEGORIA: IC<br>VIA_TIPO: VIA<br>VIA_DENOMINAZIONE: MARCHESE NICOLO' PENSABENE<br>CIVICO: 34<br>BARRATO: <br>SEDE_TIPO: Sede<br>SEDE_DENOMINAZIONE: Falcone Zen 2<br>SEDE_CATEGORIA: IC<br>SEDE_VIA_TIPO: VIA<br>SEDE_VIA_DENOMINAZIONE: MARCHESE NICOLO' PENSABENE<br>SEDE_CIVICO: 34<br>SEDE_BARRATO: <br>QUARTIERE: PALLAVICINO<br>QUARTIERE_NUMERO: 23",
        "ID": "129",
        "ID_PORTALE": "",
        "TIPO": "Sede",
        "DENOMINAZIONE": "Falcone Zen 2",
        "CATEGORIA": "IC",
        "VIA_TIPO": "VIA",
        "VIA_DENOMINAZIONE": "MARCHESE NICOLO' PENSABENE",
        "CIVICO": "34",
        "BARRATO": "",
        "SEDE_TIPO": "Sede",
        "SEDE_DENOMINAZIONE": "Falcone Zen 2",
        "SEDE_CATEGORIA": "IC",
        "SEDE_VIA_TIPO": "VIA",
        "SEDE_VIA_DENOMINAZIONE": "MARCHESE NICOLO' PENSABENE",
        "SEDE_CIVICO": "34",
        "SEDE_BARRATO": "",
        "QUARTIERE": "PALLAVICINO",
        "QUARTIERE_NUMERO": "23"
      },
      "geometry": {
        "type": "Point",
        "coordinates": [
          13.32099,
          38.178603,
          0
        ]
      }
    },
    {
      "type": "Feature",
      "properties": {
        "styleMapHash": {
          "normal": "#icon-503-93D7E8-normal",
          "highlight": "#icon-503-93D7E8-highlight"
        },
        "description": "ID: 207<br>ID_PORTALE: 1<br>TIPO: Plesso<br>DENOMINAZIONE: Randazzo<br>CATEGORIA: <br>VIA_TIPO: VIA<br>VIA_DENOMINAZIONE: SPERONE<br>CIVICO: 79<br>BARRATO: <br>SEDE_TIPO: Sede<br>SEDE_DENOMINAZIONE: Sperone - Pertini<br>SEDE_CATEGORIA: IC<br>SEDE_VIA_TIPO: VIA<br>SEDE_VIA_DENOMINAZIONE: GIANNOTTA NICOLO'<br>SEDE_CIVICO: 4<br>SEDE_BARRATO: <br>QUARTIERE: SETTECANNOLI<br>QUARTIERE_NUMERO: 11",
        "ID": "207",
        "ID_PORTALE": "1",
        "TIPO": "Plesso",
        "DENOMINAZIONE": "Randazzo",
        "CATEGORIA": "",
        "VIA_TIPO": "VIA",
        "VIA_DENOMINAZIONE": "SPERONE",
        "CIVICO": "79",
        "BARRATO": "",
        "SEDE_TIPO": "Sede",
        "SEDE_DENOMINAZIONE": "Sperone - Pertini",
        "SEDE_CATEGORIA": "IC",
        "SEDE_VIA_TIPO": "VIA",
        "SEDE_VIA_DENOMINAZIONE": "GIANNOTTA NICOLO'",
        "SEDE_CIVICO": "4",
        "SEDE_BARRATO": "",
        "QUARTIERE": "SETTECANNOLI",
        "QUARTIERE_NUMERO": "11"
      },
      "geometry": {
        "type": "Point",
        "coordinates": [
          13.404858,
          38.098507,
          0
        ]
      }
    },
    {
      "type": "Feature",
      "properties": {
        "styleMapHash": {
          "normal": "#icon-503-93D7E8-normal",
          "highlight": "#icon-503-93D7E8-highlight"
        },
        "description": "ID: 49<br>ID_PORTALE: <br>TIPO: Plesso<br>DENOMINAZIONE: G. Alagna<br>CATEGORIA: <br>VIA_TIPO: VIA<br>VIA_DENOMINAZIONE: BAZZANO DOMENICO<br>CIVICO: 4<br>BARRATO: <br>SEDE_TIPO: Sede<br>SEDE_DENOMINAZIONE: Nazario Sauro<br>SEDE_CATEGORIA: DD<br>SEDE_VIA_TIPO: VIA<br>SEDE_VIA_DENOMINAZIONE: PADRE GIUSEPPE PUGLISI<br>SEDE_CIVICO: 20<br>SEDE_BARRATO: <br>QUARTIERE: SETTECANNOLI<br>QUARTIERE_NUMERO: 11",
        "ID": "49",
        "ID_PORTALE": "",
        "TIPO": "Plesso",
        "DENOMINAZIONE": "G. Alagna",
        "CATEGORIA": "",
        "VIA_TIPO": "VIA",
        "VIA_DENOMINAZIONE": "BAZZANO DOMENICO",
        "CIVICO": "4",
        "BARRATO": "",
        "SEDE_TIPO": "Sede",
        "SEDE_DENOMINAZIONE": "Nazario Sauro",
        "SEDE_CATEGORIA": "DD",
        "SEDE_VIA_TIPO": "VIA",
        "SEDE_VIA_DENOMINAZIONE": "PADRE GIUSEPPE PUGLISI",
        "SEDE_CIVICO": "20",
        "SEDE_BARRATO": "",
        "QUARTIERE": "SETTECANNOLI",
        "QUARTIERE_NUMERO": "11"
      },
      "geometry": {
        "type": "Point",
        "coordinates": [
          13.388227,
          38.101352,
          0
        ]
      }
    },
    {
      "type": "Feature",
      "properties": {
        "styleMapHash": {
          "normal": "#icon-959-CDDC39-normal",
          "highlight": "#icon-959-CDDC39-highlight"
        },
        "description": "ID: 28<br>ID_PORTALE: 1<br>TIPO: Asilo Nido<br>DENOMINAZIONE: Pantera Rosa<br>VIA_TIPO: VIA<br>VIA_DENOMINAZIONE: CORTIGIANI<br>CIVICO: 43<br>BARRATO: <br>QUARTIERE_NUMERO: 15<br>QUARTIERE: ALTARELLO",
        "ID": "28",
        "ID_PORTALE": "1",
        "TIPO": "Asilo Nido",
        "DENOMINAZIONE": "Pantera Rosa",
        "VIA_TIPO": "VIA",
        "VIA_DENOMINAZIONE": "CORTIGIANI",
        "CIVICO": "43",
        "BARRATO": "",
        "QUARTIERE_NUMERO": "15",
        "QUARTIERE": "ALTARELLO"
      },
      "geometry": {
        "type": "Point",
        "coordinates": [
          13.326222,
          38.116599,
          0
        ]
      }
    },
    {
      "type": "Feature",
      "properties": {
        "styleMapHash": {
          "normal": "#icon-503-93D7E8-normal",
          "highlight": "#icon-503-93D7E8-highlight"
        },
        "description": "ID: 107<br>ID_PORTALE: 1<br>TIPO: Plesso<br>DENOMINAZIONE: Castellana<br>CATEGORIA: <br>VIA_TIPO: VIA<br>VIA_DENOMINAZIONE: CASTELLANA<br>CIVICO: 85<br>BARRATO: <br>SEDE_TIPO: Sede<br>SEDE_DENOMINAZIONE: T. Lampedusa<br>SEDE_CATEGORIA: IC<br>SEDE_VIA_TIPO: VIA<br>SEDE_VIA_DENOMINAZIONE: DOGALI<br>SEDE_CIVICO: <br>SEDE_BARRATO: <br>QUARTIERE: UDITORE- PASSO DI RIGANO<br>QUARTIERE_NUMERO: 17",
        "ID": "107",
        "ID_PORTALE": "1",
        "TIPO": "Plesso",
        "DENOMINAZIONE": "Castellana",
        "CATEGORIA": "",
        "VIA_TIPO": "VIA",
        "VIA_DENOMINAZIONE": "CASTELLANA",
        "CIVICO": "85",
        "BARRATO": "",
        "SEDE_TIPO": "Sede",
        "SEDE_DENOMINAZIONE": "T. Lampedusa",
        "SEDE_CATEGORIA": "IC",
        "SEDE_VIA_TIPO": "VIA",
        "SEDE_VIA_DENOMINAZIONE": "DOGALI",
        "SEDE_CIVICO": "",
        "SEDE_BARRATO": "",
        "QUARTIERE": "UDITORE- PASSO DI RIGANO",
        "QUARTIERE_NUMERO": "17"
      },
      "geometry": {
        "type": "Point",
        "coordinates": [
          13.31007,
          38.125807,
          0
        ]
      }
    },
    {
      "type": "Feature",
      "properties": {
        "styleMapHash": {
          "normal": "#icon-503-93D7E8-normal",
          "highlight": "#icon-503-93D7E8-highlight"
        },
        "description": "ID: 126<br>ID_PORTALE: 1<br>TIPO: Plesso<br>DENOMINAZIONE: Marvuglia<br>CATEGORIA: <br>VIA_TIPO: VIA<br>VIA_DENOMINAZIONE: RALLO ALBERTO<br>CIVICO: 9<br>BARRATO: <br>SEDE_TIPO: Sede<br>SEDE_DENOMINAZIONE: Karol Wojtyla<br>SEDE_CATEGORIA: IC<br>SEDE_VIA_TIPO: VIA<br>SEDE_VIA_DENOMINAZIONE: DELL'ARSENALE<br>SEDE_CIVICO: 52<br>SEDE_BARRATO: <br>QUARTIERE: MONTE PELLEGRINO<br>QUARTIERE_NUMERO: 24",
        "ID": "126",
        "ID_PORTALE": "1",
        "TIPO": "Plesso",
        "DENOMINAZIONE": "Marvuglia",
        "CATEGORIA": "",
        "VIA_TIPO": "VIA",
        "VIA_DENOMINAZIONE": "RALLO ALBERTO",
        "CIVICO": "9",
        "BARRATO": "",
        "SEDE_TIPO": "Sede",
        "SEDE_DENOMINAZIONE": "Karol Wojtyla",
        "SEDE_CATEGORIA": "IC",
        "SEDE_VIA_TIPO": "VIA",
        "SEDE_VIA_DENOMINAZIONE": "DELL'ARSENALE",
        "SEDE_CIVICO": "52",
        "SEDE_BARRATO": "",
        "QUARTIERE": "MONTE PELLEGRINO",
        "QUARTIERE_NUMERO": "24"
      },
      "geometry": {
        "type": "Point",
        "coordinates": [
          13.364625,
          38.140074,
          0
        ]
      }
    },
    {
      "type": "Feature",
      "properties": {
        "styleMapHash": {
          "normal": "#icon-503-93D7E8-normal",
          "highlight": "#icon-503-93D7E8-highlight"
        },
        "description": "ID: 59<br>ID_PORTALE: 1<br>TIPO: Plesso<br>DENOMINAZIONE: Via Del Bassotto<br>CATEGORIA: <br>VIA_TIPO: VIA<br>VIA_DENOMINAZIONE: DEL BASSOTTO<br>CIVICO: 17<br>BARRATO: <br>SEDE_TIPO: Sede<br>SEDE_DENOMINAZIONE: T. Bartolomeo<br>SEDE_CATEGORIA: DD<br>SEDE_VIA_TIPO: VIA<br>SEDE_VIA_DENOMINAZIONE: DEL CASTORO<br>SEDE_CIVICO: 13<br>SEDE_BARRATO: <br>QUARTIERE: VILLAGRAZIA-FALSOMIELE<br>QUARTIERE_NUMERO: 13",
        "ID": "59",
        "ID_PORTALE": "1",
        "TIPO": "Plesso",
        "DENOMINAZIONE": "Via Del Bassotto",
        "CATEGORIA": "",
        "VIA_TIPO": "VIA",
        "VIA_DENOMINAZIONE": "DEL BASSOTTO",
        "CIVICO": "17",
        "BARRATO": "",
        "SEDE_TIPO": "Sede",
        "SEDE_DENOMINAZIONE": "T. Bartolomeo",
        "SEDE_CATEGORIA": "DD",
        "SEDE_VIA_TIPO": "VIA",
        "SEDE_VIA_DENOMINAZIONE": "DEL CASTORO",
        "SEDE_CIVICO": "13",
        "SEDE_BARRATO": "",
        "QUARTIERE": "VILLAGRAZIA-FALSOMIELE",
        "QUARTIERE_NUMERO": "13"
      },
      "geometry": {
        "type": "Point",
        "coordinates": [
          13.364736,
          38.085397,
          0
        ]
      }
    },
    {
      "type": "Feature",
      "properties": {
        "styleMapHash": {
          "normal": "#icon-503-3F5BA9-normal",
          "highlight": "#icon-503-3F5BA9-highlight"
        },
        "description": "ID: 212<br>ID_PORTALE: 1<br>TIPO: Sede<br>DENOMINAZIONE: Rita Atria<br>CATEGORIA: IC<br>VIA_TIPO: LARGO<br>VIA_DENOMINAZIONE: CAVALIERI DI MALTA<br>CIVICO: 9<br>BARRATO: <br>SEDE_TIPO: Sede<br>SEDE_DENOMINAZIONE: Rita Atria<br>SEDE_CATEGORIA: IC<br>SEDE_VIA_TIPO: LARGO<br>SEDE_VIA_DENOMINAZIONE: CAVALIERI DI MALTA<br>SEDE_CIVICO: 9<br>SEDE_BARRATO: <br>QUARTIERE: TRIBUNALI CASTELLAMMARE<br>QUARTIERE_NUMERO: 1",
        "ID": "212",
        "ID_PORTALE": "1",
        "TIPO": "Sede",
        "DENOMINAZIONE": "Rita Atria",
        "CATEGORIA": "IC",
        "VIA_TIPO": "LARGO",
        "VIA_DENOMINAZIONE": "CAVALIERI DI MALTA",
        "CIVICO": "9",
        "BARRATO": "",
        "SEDE_TIPO": "Sede",
        "SEDE_DENOMINAZIONE": "Rita Atria",
        "SEDE_CATEGORIA": "IC",
        "SEDE_VIA_TIPO": "LARGO",
        "SEDE_VIA_DENOMINAZIONE": "CAVALIERI DI MALTA",
        "SEDE_CIVICO": "9",
        "SEDE_BARRATO": "",
        "QUARTIERE": "TRIBUNALI CASTELLAMMARE",
        "QUARTIERE_NUMERO": "1"
      },
      "geometry": {
        "type": "Point",
        "coordinates": [
          13.364076,
          38.120269,
          0
        ]
      }
    },
    {
      "type": "Feature",
      "properties": {
        "styleMapHash": {
          "normal": "#icon-503-3F5BA9-normal",
          "highlight": "#icon-503-3F5BA9-highlight"
        },
        "description": "ID: 155<br>ID_PORTALE: 1<br>TIPO: Sede<br>DENOMINAZIONE: Elena<br>CATEGORIA: IC<br>VIA_TIPO: VIA<br>VIA_DENOMINAZIONE: USTICA<br>CIVICO: 46<br>BARRATO: <br>SEDE_TIPO: Sede<br>SEDE_DENOMINAZIONE: Elena<br>SEDE_CATEGORIA: IC<br>SEDE_VIA_TIPO: VIA<br>SEDE_VIA_DENOMINAZIONE: USTICA<br>SEDE_CIVICO: 46<br>SEDE_BARRATO: <br>QUARTIERE: ALTARELLO<br>QUARTIERE_NUMERO: 15",
        "ID": "155",
        "ID_PORTALE": "1",
        "TIPO": "Sede",
        "DENOMINAZIONE": "Elena",
        "CATEGORIA": "IC",
        "VIA_TIPO": "VIA",
        "VIA_DENOMINAZIONE": "USTICA",
        "CIVICO": "46",
        "BARRATO": "",
        "SEDE_TIPO": "Sede",
        "SEDE_DENOMINAZIONE": "Elena",
        "SEDE_CATEGORIA": "IC",
        "SEDE_VIA_TIPO": "VIA",
        "SEDE_VIA_DENOMINAZIONE": "USTICA",
        "SEDE_CIVICO": "46",
        "SEDE_BARRATO": "",
        "QUARTIERE": "ALTARELLO",
        "QUARTIERE_NUMERO": "15"
      },
      "geometry": {
        "type": "Point",
        "coordinates": [
          13.324076,
          38.117345,
          0
        ]
      }
    },
    {
      "type": "Feature",
      "properties": {
        "styleMapHash": {
          "normal": "#icon-503-93D7E8-normal",
          "highlight": "#icon-503-93D7E8-highlight"
        },
        "description": "ID: 89<br>ID_PORTALE: 1<br>TIPO: Plesso<br>DENOMINAZIONE: Rampolla<br>CATEGORIA: <br>VIA_TIPO: VIA<br>VIA_DENOMINAZIONE: PAOLO VI PAPA<br>CIVICO: 4<br>BARRATO: <br>SEDE_TIPO: Sede<br>SEDE_DENOMINAZIONE: Arenella<br>SEDE_CATEGORIA: IC<br>SEDE_VIA_TIPO: LUNGOMARE<br>SEDE_VIA_DENOMINAZIONE: COLOMBO CRISTOFORO<br>SEDE_CIVICO: 240<br>SEDE_BARRATO: <br>QUARTIERE: MONTE PELLEGRINO<br>QUARTIERE_NUMERO: 24",
        "ID": "89",
        "ID_PORTALE": "1",
        "TIPO": "Plesso",
        "DENOMINAZIONE": "Rampolla",
        "CATEGORIA": "",
        "VIA_TIPO": "VIA",
        "VIA_DENOMINAZIONE": "PAOLO VI PAPA",
        "CIVICO": "4",
        "BARRATO": "",
        "SEDE_TIPO": "Sede",
        "SEDE_DENOMINAZIONE": "Arenella",
        "SEDE_CATEGORIA": "IC",
        "SEDE_VIA_TIPO": "LUNGOMARE",
        "SEDE_VIA_DENOMINAZIONE": "COLOMBO CRISTOFORO",
        "SEDE_CIVICO": "240",
        "SEDE_BARRATO": "",
        "QUARTIERE": "MONTE PELLEGRINO",
        "QUARTIERE_NUMERO": "24"
      },
      "geometry": {
        "type": "Point",
        "coordinates": [
          13.367354,
          38.145618,
          0
        ]
      }
    },
    {
      "type": "Feature",
      "properties": {
        "styleMapHash": {
          "normal": "#icon-503-93D7E8-normal",
          "highlight": "#icon-503-93D7E8-highlight"
        },
        "description": "ID: 221<br>ID_PORTALE: 1<br>TIPO: Plesso<br>DENOMINAZIONE: Fondo Petrazzi<br>CATEGORIA: <br>VIA_TIPO: VIA<br>VIA_DENOMINAZIONE: DELL'AQUILA PIETRO<br>CIVICO: <br>BARRATO: <br>SEDE_TIPO: Sede<br>SEDE_DENOMINAZIONE: Giuliana - Saladino<br>SEDE_CATEGORIA: IC<br>SEDE_VIA_TIPO: VIA<br>SEDE_VIA_DENOMINAZIONE: BARISANO DA TRANI<br>SEDE_CIVICO: 7<br>SEDE_BARRATO: <br>QUARTIERE: CRUILLAS-CEP<br>QUARTIERE_NUMERO: 19",
        "ID": "221",
        "ID_PORTALE": "1",
        "TIPO": "Plesso",
        "DENOMINAZIONE": "Fondo Petrazzi",
        "CATEGORIA": "",
        "VIA_TIPO": "VIA",
        "VIA_DENOMINAZIONE": "DELL'AQUILA PIETRO",
        "CIVICO": "",
        "BARRATO": "",
        "SEDE_TIPO": "Sede",
        "SEDE_DENOMINAZIONE": "Giuliana - Saladino",
        "SEDE_CATEGORIA": "IC",
        "SEDE_VIA_TIPO": "VIA",
        "SEDE_VIA_DENOMINAZIONE": "BARISANO DA TRANI",
        "SEDE_CIVICO": "7",
        "SEDE_BARRATO": "",
        "QUARTIERE": "CRUILLAS-CEP",
        "QUARTIERE_NUMERO": "19"
      },
      "geometry": {
        "type": "Point",
        "coordinates": [
          13.306796,
          38.135346,
          0
        ]
      }
    },
    {
      "type": "Feature",
      "properties": {
        "styleMapHash": {
          "normal": "#icon-959-CDDC39-normal",
          "highlight": "#icon-959-CDDC39-highlight"
        },
        "description": "ID: 27<br>ID_PORTALE: 1<br>TIPO: Asilo Nido<br>DENOMINAZIONE: Morvillo<br>VIA_TIPO: VIA<br>VIA_DENOMINAZIONE: PEGASO<br>CIVICO: 29<br>BARRATO: <br>QUARTIERE_NUMERO: 21<br>QUARTIERE: TOMMASO NATALE- SFERRACAVALLO",
        "ID": "27",
        "ID_PORTALE": "1",
        "TIPO": "Asilo Nido",
        "DENOMINAZIONE": "Morvillo",
        "VIA_TIPO": "VIA",
        "VIA_DENOMINAZIONE": "PEGASO",
        "CIVICO": "29",
        "BARRATO": "",
        "QUARTIERE_NUMERO": "21",
        "QUARTIERE": "TOMMASO NATALE- SFERRACAVALLO"
      },
      "geometry": {
        "type": "Point",
        "coordinates": [
          13.281061,
          38.198133,
          0
        ]
      }
    },
    {
      "type": "Feature",
      "properties": {
        "styleMapHash": {
          "normal": "#icon-503-93D7E8-normal",
          "highlight": "#icon-503-93D7E8-highlight"
        },
        "description": "ID: 118<br>ID_PORTALE: 1<br>TIPO: Plesso<br>DENOMINAZIONE: Castrogiovanni<br>CATEGORIA: <br>VIA_TIPO: VIA<br>VIA_DENOMINAZIONE: CRISTODULO AMMIRAGLIO<br>CIVICO: 1<br>BARRATO: <br>SEDE_TIPO: Sede<br>SEDE_DENOMINAZIONE: R. Guttuso<br>SEDE_CATEGORIA: IC<br>SEDE_VIA_TIPO: VIA<br>SEDE_VIA_DENOMINAZIONE: MESSINA MARINE<br>SEDE_CIVICO: 811<br>SEDE_BARRATO: <br>QUARTIERE: SETTECANNOLI<br>QUARTIERE_NUMERO: 11",
        "ID": "118",
        "ID_PORTALE": "1",
        "TIPO": "Plesso",
        "DENOMINAZIONE": "Castrogiovanni",
        "CATEGORIA": "",
        "VIA_TIPO": "VIA",
        "VIA_DENOMINAZIONE": "CRISTODULO AMMIRAGLIO",
        "CIVICO": "1",
        "BARRATO": "",
        "SEDE_TIPO": "Sede",
        "SEDE_DENOMINAZIONE": "R. Guttuso",
        "SEDE_CATEGORIA": "IC",
        "SEDE_VIA_TIPO": "VIA",
        "SEDE_VIA_DENOMINAZIONE": "MESSINA MARINE",
        "SEDE_CIVICO": "811",
        "SEDE_BARRATO": "",
        "QUARTIERE": "SETTECANNOLI",
        "QUARTIERE_NUMERO": "11"
      },
      "geometry": {
        "type": "Point",
        "coordinates": [
          13.425354,
          38.096102,
          0
        ]
      }
    },
    {
      "type": "Feature",
      "properties": {
        "styleMapHash": {
          "normal": "#icon-503-93D7E8-normal",
          "highlight": "#icon-503-93D7E8-highlight"
        },
        "description": "ID: 117<br>ID_PORTALE: <br>TIPO: Plesso<br>DENOMINAZIONE: Mattarella<br>CATEGORIA: <br>VIA_TIPO: VIALE<br>VIA_DENOMINAZIONE: DI VITTORIO GIUSEPPE<br>CIVICO: 7<br>BARRATO: <br>SEDE_TIPO: Sede<br>SEDE_DENOMINAZIONE: Di Vittorio<br>SEDE_CATEGORIA: IC<br>SEDE_VIA_TIPO: VIALE<br>SEDE_VIA_DENOMINAZIONE: DI VITTORIO GIUSEPPE<br>SEDE_CIVICO: 11<br>SEDE_BARRATO: <br>QUARTIERE: SETTECANNOLI<br>QUARTIERE_NUMERO: 11",
        "ID": "117",
        "ID_PORTALE": "",
        "TIPO": "Plesso",
        "DENOMINAZIONE": "Mattarella",
        "CATEGORIA": "",
        "VIA_TIPO": "VIALE",
        "VIA_DENOMINAZIONE": "DI VITTORIO GIUSEPPE",
        "CIVICO": "7",
        "BARRATO": "",
        "SEDE_TIPO": "Sede",
        "SEDE_DENOMINAZIONE": "Di Vittorio",
        "SEDE_CATEGORIA": "IC",
        "SEDE_VIA_TIPO": "VIALE",
        "SEDE_VIA_DENOMINAZIONE": "DI VITTORIO GIUSEPPE",
        "SEDE_CIVICO": "11",
        "SEDE_BARRATO": "",
        "QUARTIERE": "SETTECANNOLI",
        "QUARTIERE_NUMERO": "11"
      },
      "geometry": {
        "type": "Point",
        "coordinates": [
          13.409786,
          38.09469,
          0
        ]
      }
    },
    {
      "type": "Feature",
      "properties": {
        "styleMapHash": {
          "normal": "#icon-503-93D7E8-normal",
          "highlight": "#icon-503-93D7E8-highlight"
        },
        "description": "ID: 105<br>ID_PORTALE: <br>TIPO: Plesso<br>DENOMINAZIONE: Via Del Fervore<br>CATEGORIA: <br>VIA_TIPO: VIA<br>VIA_DENOMINAZIONE: DEL FERVORE<br>CIVICO: 5<br>BARRATO: <br>SEDE_TIPO: Sede<br>SEDE_DENOMINAZIONE: Capuana<br>SEDE_CATEGORIA: IC<br>SEDE_VIA_TIPO: VIA<br>SEDE_VIA_DENOMINAZIONE: NARBONE ALESSIO<br>SEDE_CIVICO: 55<br>SEDE_BARRATO: <br>QUARTIERE: POLITEAMA<br>QUARTIERE_NUMERO: 10",
        "ID": "105",
        "ID_PORTALE": "",
        "TIPO": "Plesso",
        "DENOMINAZIONE": "Via Del Fervore",
        "CATEGORIA": "",
        "VIA_TIPO": "VIA",
        "VIA_DENOMINAZIONE": "DEL FERVORE",
        "CIVICO": "5",
        "BARRATO": "",
        "SEDE_TIPO": "Sede",
        "SEDE_DENOMINAZIONE": "Capuana",
        "SEDE_CATEGORIA": "IC",
        "SEDE_VIA_TIPO": "VIA",
        "SEDE_VIA_DENOMINAZIONE": "NARBONE ALESSIO",
        "SEDE_CIVICO": "55",
        "SEDE_BARRATO": "",
        "QUARTIERE": "POLITEAMA",
        "QUARTIERE_NUMERO": "10"
      },
      "geometry": {
        "type": "Point",
        "coordinates": [
          13.349456,
          38.124244,
          0
        ]
      }
    },
    {
      "type": "Feature",
      "properties": {
        "styleMapHash": {
          "normal": "#icon-503-3F5BA9-normal",
          "highlight": "#icon-503-3F5BA9-highlight"
        },
        "description": "ID: 181<br>ID_PORTALE: 1<br>TIPO: Sede<br>DENOMINAZIONE: Rita Levi Montalcini<br>CATEGORIA: IC<br>VIA_TIPO: PIAZZA<br>VIA_DENOMINAZIONE: S. PAOLO<br>CIVICO: 4<br>BARRATO: <br>SEDE_TIPO: Sede<br>SEDE_DENOMINAZIONE: Rita Levi Montalcini<br>SEDE_CATEGORIA: IC<br>SEDE_VIA_TIPO: PIAZZA<br>SEDE_VIA_DENOMINAZIONE: S. PAOLO<br>SEDE_CIVICO: 4<br>SEDE_BARRATO: <br>QUARTIERE: BORGO NUOVO<br>QUARTIERE_NUMERO: 18",
        "ID": "181",
        "ID_PORTALE": "1",
        "TIPO": "Sede",
        "DENOMINAZIONE": "Rita Levi Montalcini",
        "CATEGORIA": "IC",
        "VIA_TIPO": "PIAZZA",
        "VIA_DENOMINAZIONE": "S. PAOLO",
        "CIVICO": "4",
        "BARRATO": "",
        "SEDE_TIPO": "Sede",
        "SEDE_DENOMINAZIONE": "Rita Levi Montalcini",
        "SEDE_CATEGORIA": "IC",
        "SEDE_VIA_TIPO": "PIAZZA",
        "SEDE_VIA_DENOMINAZIONE": "S. PAOLO",
        "SEDE_CIVICO": "4",
        "SEDE_BARRATO": "",
        "QUARTIERE": "BORGO NUOVO",
        "QUARTIERE_NUMERO": "18"
      },
      "geometry": {
        "type": "Point",
        "coordinates": [
          13.291293,
          38.129003,
          0
        ]
      }
    },
    {
      "type": "Feature",
      "properties": {
        "styleMapHash": {
          "normal": "#icon-503-3F5BA9-normal",
          "highlight": "#icon-503-3F5BA9-highlight"
        },
        "description": "ID: 250<br>ID_PORTALE: 1<br>TIPO: Sede<br>DENOMINAZIONE: Don Milani<br>CATEGORIA: SMS<br>VIA_TIPO: PASSAGGIO<br>VIA_DENOMINAZIONE: DEI PICCIOTTI<br>CIVICO: 3<br>BARRATO: <br>SEDE_TIPO: Sede<br>SEDE_DENOMINAZIONE: Don Milani<br>SEDE_CATEGORIA: SMS<br>SEDE_VIA_TIPO: PASSAGGIO<br>SEDE_VIA_DENOMINAZIONE: DEI PICCIOTTI<br>SEDE_CIVICO: 3<br>SEDE_BARRATO: <br>QUARTIERE: SETTECANNOLI<br>QUARTIERE_NUMERO: 11",
        "ID": "250",
        "ID_PORTALE": "1",
        "TIPO": "Sede",
        "DENOMINAZIONE": "Don Milani",
        "CATEGORIA": "SMS",
        "VIA_TIPO": "PASSAGGIO",
        "VIA_DENOMINAZIONE": "DEI PICCIOTTI",
        "CIVICO": "3",
        "BARRATO": "",
        "SEDE_TIPO": "Sede",
        "SEDE_DENOMINAZIONE": "Don Milani",
        "SEDE_CATEGORIA": "SMS",
        "SEDE_VIA_TIPO": "PASSAGGIO",
        "SEDE_VIA_DENOMINAZIONE": "DEI PICCIOTTI",
        "SEDE_CIVICO": "3",
        "SEDE_BARRATO": "",
        "QUARTIERE": "SETTECANNOLI",
        "QUARTIERE_NUMERO": "11"
      },
      "geometry": {
        "type": "Point",
        "coordinates": [
          13.38441,
          38.104395,
          0
        ]
      }
    },
    {
      "type": "Feature",
      "properties": {
        "styleMapHash": {
          "normal": "#icon-503-93D7E8-normal",
          "highlight": "#icon-503-93D7E8-highlight"
        },
        "description": "ID: 68<br>ID_PORTALE: 1<br>TIPO: Plesso<br>DENOMINAZIONE: Rallo<br>CATEGORIA: <br>VIA_TIPO: VIA<br>VIA_DENOMINAZIONE: RALLO ALBERTO<br>CIVICO: 20<br>BARRATO: <br>SEDE_TIPO: Sede<br>SEDE_DENOMINAZIONE: Abba - Alighieri<br>SEDE_CATEGORIA: IC<br>SEDE_VIA_TIPO: VIA<br>SEDE_VIA_DENOMINAZIONE: MARTURANO RUGGERO<br>SEDE_CIVICO: 77<br>SEDE_BARRATO: <br>QUARTIERE: MONTE PELLEGRINO<br>QUARTIERE_NUMERO: 24",
        "ID": "68",
        "ID_PORTALE": "1",
        "TIPO": "Plesso",
        "DENOMINAZIONE": "Rallo",
        "CATEGORIA": "",
        "VIA_TIPO": "VIA",
        "VIA_DENOMINAZIONE": "RALLO ALBERTO",
        "CIVICO": "20",
        "BARRATO": "",
        "SEDE_TIPO": "Sede",
        "SEDE_DENOMINAZIONE": "Abba - Alighieri",
        "SEDE_CATEGORIA": "IC",
        "SEDE_VIA_TIPO": "VIA",
        "SEDE_VIA_DENOMINAZIONE": "MARTURANO RUGGERO",
        "SEDE_CIVICO": "77",
        "SEDE_BARRATO": "",
        "QUARTIERE": "MONTE PELLEGRINO",
        "QUARTIERE_NUMERO": "24"
      },
      "geometry": {
        "type": "Point",
        "coordinates": [
          13.364671,
          38.140443,
          0
        ]
      }
    },
    {
      "type": "Feature",
      "properties": {
        "styleMapHash": {
          "normal": "#icon-503-93D7E8-normal",
          "highlight": "#icon-503-93D7E8-highlight"
        },
        "description": "ID: 277<br>ID_PORTALE: 1<br>TIPO: Plesso<br>DENOMINAZIONE: Florio<br>CATEGORIA: <br>VIA_TIPO: VIA<br>VIA_DENOMINAZIONE: DOMINO CLAUDIO<br>CIVICO: 3<br>BARRATO: <br>SEDE_TIPO: Sede<br>SEDE_DENOMINAZIONE: Borgese<br>SEDE_CATEGORIA: SMS<br>SEDE_VIA_TIPO: PIAZZA<br>SEDE_VIA_DENOMINAZIONE: FERRINI CONTARDO<br>SEDE_CIVICO: 13<br>SEDE_BARRATO: <br>QUARTIERE: PALLAVICINO<br>QUARTIERE_NUMERO: 23",
        "ID": "277",
        "ID_PORTALE": "1",
        "TIPO": "Plesso",
        "DENOMINAZIONE": "Florio",
        "CATEGORIA": "",
        "VIA_TIPO": "VIA",
        "VIA_DENOMINAZIONE": "DOMINO CLAUDIO",
        "CIVICO": "3",
        "BARRATO": "",
        "SEDE_TIPO": "Sede",
        "SEDE_DENOMINAZIONE": "Borgese",
        "SEDE_CATEGORIA": "SMS",
        "SEDE_VIA_TIPO": "PIAZZA",
        "SEDE_VIA_DENOMINAZIONE": "FERRINI CONTARDO",
        "SEDE_CIVICO": "13",
        "SEDE_BARRATO": "",
        "QUARTIERE": "PALLAVICINO",
        "QUARTIERE_NUMERO": "23"
      },
      "geometry": {
        "type": "Point",
        "coordinates": [
          13.324803,
          38.164998,
          0
        ]
      }
    },
    {
      "type": "Feature",
      "properties": {
        "styleMapHash": {
          "normal": "#icon-959-CDDC39-normal",
          "highlight": "#icon-959-CDDC39-highlight"
        },
        "description": "ID: 26<br>ID_PORTALE: 1<br>TIPO: Asilo Nido<br>DENOMINAZIONE: Melograno<br>VIA_TIPO: VIA<br>VIA_DENOMINAZIONE: MONTE S. CALOGERO<br>CIVICO: 8<br>BARRATO: <br>QUARTIERE_NUMERO: 20<br>QUARTIERE: RESUTTANO-S. LORENZO",
        "ID": "26",
        "ID_PORTALE": "1",
        "TIPO": "Asilo Nido",
        "DENOMINAZIONE": "Melograno",
        "VIA_TIPO": "VIA",
        "VIA_DENOMINAZIONE": "MONTE S. CALOGERO",
        "CIVICO": "8",
        "BARRATO": "",
        "QUARTIERE_NUMERO": "20",
        "QUARTIERE": "RESUTTANO-S. LORENZO"
      },
      "geometry": {
        "type": "Point",
        "coordinates": [
          13.326659,
          38.151258,
          0
        ]
      }
    },
    {
      "type": "Feature",
      "properties": {
        "styleMapHash": {
          "normal": "#icon-503-93D7E8-normal",
          "highlight": "#icon-503-93D7E8-highlight"
        },
        "description": "ID: 30<br>ID_PORTALE: 1<br>TIPO: Plesso<br>DENOMINAZIONE: Centro Sociale<br>CATEGORIA: <br>VIA_TIPO: VIA<br>VIA_DENOMINAZIONE: PALMERINO<br>CIVICO: 1<br>BARRATO: <br>SEDE_TIPO: Sede<br>SEDE_DENOMINAZIONE: Arculeo<br>SEDE_CATEGORIA: DD<br>SEDE_VIA_TIPO: VIA<br>SEDE_VIA_DENOMINAZIONE: VITO SCHIFANI<br>SEDE_CIVICO: 3<br>SEDE_BARRATO: <br>QUARTIERE: MEZZOMONREALE-V.LLA TASCA<br>QUARTIERE_NUMERO: 14",
        "ID": "30",
        "ID_PORTALE": "1",
        "TIPO": "Plesso",
        "DENOMINAZIONE": "Centro Sociale",
        "CATEGORIA": "",
        "VIA_TIPO": "VIA",
        "VIA_DENOMINAZIONE": "PALMERINO",
        "CIVICO": "1",
        "BARRATO": "",
        "SEDE_TIPO": "Sede",
        "SEDE_DENOMINAZIONE": "Arculeo",
        "SEDE_CATEGORIA": "DD",
        "SEDE_VIA_TIPO": "VIA",
        "SEDE_VIA_DENOMINAZIONE": "VITO SCHIFANI",
        "SEDE_CIVICO": "3",
        "SEDE_BARRATO": "",
        "QUARTIERE": "MEZZOMONREALE-V.LLA TASCA",
        "QUARTIERE_NUMERO": "14"
      },
      "geometry": {
        "type": "Point",
        "coordinates": [
          13.337415,
          38.100683,
          0
        ]
      }
    },
    {
      "type": "Feature",
      "properties": {
        "styleMapHash": {
          "normal": "#icon-503-93D7E8-normal",
          "highlight": "#icon-503-93D7E8-highlight"
        },
        "description": "ID: 178<br>ID_PORTALE: 1<br>TIPO: Plesso<br>DENOMINAZIONE: Mazzini<br>CATEGORIA: <br>VIA_TIPO: VIA<br>VIA_DENOMINAZIONE: DE SANCTIS FRANCESCO<br>CIVICO: 36<br>BARRATO: <br>SEDE_TIPO: Sede<br>SEDE_DENOMINAZIONE: Lombardo Radice - Mazzini<br>SEDE_CATEGORIA: IC<br>SEDE_VIA_TIPO: CORSO<br>SEDE_VIA_DENOMINAZIONE: CALATAFIMI<br>SEDE_CIVICO: 241<br>SEDE_BARRATO: A<br>QUARTIERE: CUBA-CALATAFIMI<br>QUARTIERE_NUMERO: 5",
        "ID": "178",
        "ID_PORTALE": "1",
        "TIPO": "Plesso",
        "DENOMINAZIONE": "Mazzini",
        "CATEGORIA": "",
        "VIA_TIPO": "VIA",
        "VIA_DENOMINAZIONE": "DE SANCTIS FRANCESCO",
        "CIVICO": "36",
        "BARRATO": "",
        "SEDE_TIPO": "Sede",
        "SEDE_DENOMINAZIONE": "Lombardo Radice - Mazzini",
        "SEDE_CATEGORIA": "IC",
        "SEDE_VIA_TIPO": "CORSO",
        "SEDE_VIA_DENOMINAZIONE": "CALATAFIMI",
        "SEDE_CIVICO": "241",
        "SEDE_BARRATO": "A",
        "QUARTIERE": "CUBA-CALATAFIMI",
        "QUARTIERE_NUMERO": "5"
      },
      "geometry": {
        "type": "Point",
        "coordinates": [
          13.341706,
          38.109782,
          0
        ]
      }
    },
    {
      "type": "Feature",
      "properties": {
        "styleMapHash": {
          "normal": "#icon-503-93D7E8-normal",
          "highlight": "#icon-503-93D7E8-highlight"
        },
        "description": "ID: 140<br>ID_PORTALE: 1<br>TIPO: Plesso<br>DENOMINAZIONE: Via Del Vespro<br>CATEGORIA: <br>VIA_TIPO: VIA<br>VIA_DENOMINAZIONE: ELIA AUGUSTO<br>CIVICO: 1<br>BARRATO: <br>SEDE_TIPO: Sede<br>SEDE_DENOMINAZIONE: Rosolino Pilo<br>SEDE_CATEGORIA: DD<br>SEDE_VIA_TIPO: VIA<br>SEDE_VIA_DENOMINAZIONE: LA FRANCA SEBASTIANO<br>SEDE_CIVICO: 70<br>SEDE_BARRATO: <br>QUARTIERE: ORETO-STAZIONE<br>QUARTIERE_NUMERO: 3",
        "ID": "140",
        "ID_PORTALE": "1",
        "TIPO": "Plesso",
        "DENOMINAZIONE": "Via Del Vespro",
        "CATEGORIA": "",
        "VIA_TIPO": "VIA",
        "VIA_DENOMINAZIONE": "ELIA AUGUSTO",
        "CIVICO": "1",
        "BARRATO": "",
        "SEDE_TIPO": "Sede",
        "SEDE_DENOMINAZIONE": "Rosolino Pilo",
        "SEDE_CATEGORIA": "DD",
        "SEDE_VIA_TIPO": "VIA",
        "SEDE_VIA_DENOMINAZIONE": "LA FRANCA SEBASTIANO",
        "SEDE_CIVICO": "70",
        "SEDE_BARRATO": "",
        "QUARTIERE": "ORETO-STAZIONE",
        "QUARTIERE_NUMERO": "3"
      },
      "geometry": {
        "type": "Point",
        "coordinates": [
          13.363267,
          38.105874,
          0
        ]
      }
    },
    {
      "type": "Feature",
      "properties": {
        "styleMapHash": {
          "normal": "#icon-503-3F5BA9-normal",
          "highlight": "#icon-503-3F5BA9-highlight"
        },
        "description": "ID: 138<br>ID_PORTALE: 1<br>TIPO: Sede<br>DENOMINAZIONE: Rosolino Pilo<br>CATEGORIA: DD<br>VIA_TIPO: VIA<br>VIA_DENOMINAZIONE: LA FRANCA SEBASTIANO<br>CIVICO: 70<br>BARRATO: <br>SEDE_TIPO: Sede<br>SEDE_DENOMINAZIONE: Rosolino Pilo<br>SEDE_CATEGORIA: DD<br>SEDE_VIA_TIPO: VIA<br>SEDE_VIA_DENOMINAZIONE: LA FRANCA SEBASTIANO<br>SEDE_CIVICO: 70<br>SEDE_BARRATO: <br>QUARTIERE: ORETO-STAZIONE<br>QUARTIERE_NUMERO: 3",
        "ID": "138",
        "ID_PORTALE": "1",
        "TIPO": "Sede",
        "DENOMINAZIONE": "Rosolino Pilo",
        "CATEGORIA": "DD",
        "VIA_TIPO": "VIA",
        "VIA_DENOMINAZIONE": "LA FRANCA SEBASTIANO",
        "CIVICO": "70",
        "BARRATO": "",
        "SEDE_TIPO": "Sede",
        "SEDE_DENOMINAZIONE": "Rosolino Pilo",
        "SEDE_CATEGORIA": "DD",
        "SEDE_VIA_TIPO": "VIA",
        "SEDE_VIA_DENOMINAZIONE": "LA FRANCA SEBASTIANO",
        "SEDE_CIVICO": "70",
        "SEDE_BARRATO": "",
        "QUARTIERE": "ORETO-STAZIONE",
        "QUARTIERE_NUMERO": "3"
      },
      "geometry": {
        "type": "Point",
        "coordinates": [
          13.364645,
          38.103186,
          0
        ]
      }
    },
    {
      "type": "Feature",
      "properties": {
        "styleMapHash": {
          "normal": "#icon-503-3F5BA9-normal",
          "highlight": "#icon-503-3F5BA9-highlight"
        },
        "description": "ID: 115<br>ID_PORTALE: <br>TIPO: Sede<br>DENOMINAZIONE: Di Vittorio<br>CATEGORIA: IC<br>VIA_TIPO: VIALE<br>VIA_DENOMINAZIONE: DI VITTORIO GIUSEPPE<br>CIVICO: 11<br>BARRATO: <br>SEDE_TIPO: Sede<br>SEDE_DENOMINAZIONE: Di Vittorio<br>SEDE_CATEGORIA: IC<br>SEDE_VIA_TIPO: VIALE<br>SEDE_VIA_DENOMINAZIONE: DI VITTORIO GIUSEPPE<br>SEDE_CIVICO: 11<br>SEDE_BARRATO: <br>QUARTIERE: SETTECANNOLI<br>QUARTIERE_NUMERO: 11",
        "ID": "115",
        "ID_PORTALE": "",
        "TIPO": "Sede",
        "DENOMINAZIONE": "Di Vittorio",
        "CATEGORIA": "IC",
        "VIA_TIPO": "VIALE",
        "VIA_DENOMINAZIONE": "DI VITTORIO GIUSEPPE",
        "CIVICO": "11",
        "BARRATO": "",
        "SEDE_TIPO": "Sede",
        "SEDE_DENOMINAZIONE": "Di Vittorio",
        "SEDE_CATEGORIA": "IC",
        "SEDE_VIA_TIPO": "VIALE",
        "SEDE_VIA_DENOMINAZIONE": "DI VITTORIO GIUSEPPE",
        "SEDE_CIVICO": "11",
        "SEDE_BARRATO": "",
        "QUARTIERE": "SETTECANNOLI",
        "QUARTIERE_NUMERO": "11"
      },
      "geometry": {
        "type": "Point",
        "coordinates": [
          13.410176,
          38.094433,
          0
        ]
      }
    },
    {
      "type": "Feature",
      "properties": {
        "styleMapHash": {
          "normal": "#icon-503-93D7E8-normal",
          "highlight": "#icon-503-93D7E8-highlight"
        },
        "description": "ID: 195<br>ID_PORTALE: 1<br>TIPO: Plesso<br>DENOMINAZIONE: Raciti<br>CATEGORIA: <br>VIA_TIPO: VIA<br>VIA_DENOMINAZIONE: ALIA<br>CIVICO: 16<br>BARRATO: <br>SEDE_TIPO: Sede<br>SEDE_DENOMINAZIONE: Russo<br>SEDE_CATEGORIA: IC<br>SEDE_VIA_TIPO: VIA<br>SEDE_VIA_DENOMINAZIONE: TINDARI<br>SEDE_CIVICO: 52<br>SEDE_BARRATO: <br>QUARTIERE: BORGO NUOVO<br>QUARTIERE_NUMERO: 18",
        "ID": "195",
        "ID_PORTALE": "1",
        "TIPO": "Plesso",
        "DENOMINAZIONE": "Raciti",
        "CATEGORIA": "",
        "VIA_TIPO": "VIA",
        "VIA_DENOMINAZIONE": "ALIA",
        "CIVICO": "16",
        "BARRATO": "",
        "SEDE_TIPO": "Sede",
        "SEDE_DENOMINAZIONE": "Russo",
        "SEDE_CATEGORIA": "IC",
        "SEDE_VIA_TIPO": "VIA",
        "SEDE_VIA_DENOMINAZIONE": "TINDARI",
        "SEDE_CIVICO": "52",
        "SEDE_BARRATO": "",
        "QUARTIERE": "BORGO NUOVO",
        "QUARTIERE_NUMERO": "18"
      },
      "geometry": {
        "type": "Point",
        "coordinates": [
          13.296507,
          38.132777,
          0
        ]
      }
    },
    {
      "type": "Feature",
      "properties": {
        "styleMapHash": {
          "normal": "#icon-503-93D7E8-normal",
          "highlight": "#icon-503-93D7E8-highlight"
        },
        "description": "ID: 75<br>ID_PORTALE: 1<br>TIPO: Plesso<br>DENOMINAZIONE: Ferrara<br>CATEGORIA: <br>VIA_TIPO: PIAZZA<br>VIA_DENOMINAZIONE: MAGIONE<br>CIVICO: 1<br>BARRATO: <br>SEDE_TIPO: Sede<br>SEDE_DENOMINAZIONE: Amari Roncalli - Ferrara<br>SEDE_CATEGORIA: IC<br>SEDE_VIA_TIPO: VIA<br>SEDE_VIA_DENOMINAZIONE: INGRASSIA GIAN FILIPPO<br>SEDE_CIVICO: 33<br>SEDE_BARRATO: <br>QUARTIERE: TRIBUNALI CASTELLAMMARE<br>QUARTIERE_NUMERO: 1",
        "ID": "75",
        "ID_PORTALE": "1",
        "TIPO": "Plesso",
        "DENOMINAZIONE": "Ferrara",
        "CATEGORIA": "",
        "VIA_TIPO": "PIAZZA",
        "VIA_DENOMINAZIONE": "MAGIONE",
        "CIVICO": "1",
        "BARRATO": "",
        "SEDE_TIPO": "Sede",
        "SEDE_DENOMINAZIONE": "Amari Roncalli - Ferrara",
        "SEDE_CATEGORIA": "IC",
        "SEDE_VIA_TIPO": "VIA",
        "SEDE_VIA_DENOMINAZIONE": "INGRASSIA GIAN FILIPPO",
        "SEDE_CIVICO": "33",
        "SEDE_BARRATO": "",
        "QUARTIERE": "TRIBUNALI CASTELLAMMARE",
        "QUARTIERE_NUMERO": "1"
      },
      "geometry": {
        "type": "Point",
        "coordinates": [
          13.37004,
          38.11361,
          0
        ]
      }
    },
    {
      "type": "Feature",
      "properties": {
        "styleMapHash": {
          "normal": "#icon-959-CDDC39-normal",
          "highlight": "#icon-959-CDDC39-highlight"
        },
        "description": "ID: 24<br>ID_PORTALE: 1<br>TIPO: Asilo Nido<br>DENOMINAZIONE: Masih Iqbal<br>VIA_TIPO: VIA<br>VIA_DENOMINAZIONE: SALERNITANO ROMUALDO<br>CIVICO: 45<br>BARRATO: <br>QUARTIERE_NUMERO: 17<br>QUARTIERE: UDITORE- PASSO DI RIGANO",
        "ID": "24",
        "ID_PORTALE": "1",
        "TIPO": "Asilo Nido",
        "DENOMINAZIONE": "Masih Iqbal",
        "VIA_TIPO": "VIA",
        "VIA_DENOMINAZIONE": "SALERNITANO ROMUALDO",
        "CIVICO": "45",
        "BARRATO": "",
        "QUARTIERE_NUMERO": "17",
        "QUARTIERE": "UDITORE- PASSO DI RIGANO"
      },
      "geometry": {
        "type": "Point",
        "coordinates": [
          13.315309,
          38.124633,
          0
        ]
      }
    },
    {
      "type": "Feature",
      "properties": {
        "styleMapHash": {
          "normal": "#icon-503-93D7E8-normal",
          "highlight": "#icon-503-93D7E8-highlight"
        },
        "description": "ID: 210<br>ID_PORTALE: 1<br>TIPO: Plesso<br>DENOMINAZIONE: Centro Sociale S, Rosalia<br>CATEGORIA: <br>VIA_TIPO: VIA<br>VIA_DENOMINAZIONE: FERRARA GIUSTO<br>CIVICO: 1<br>BARRATO: <br>SEDE_TIPO: Sede<br>SEDE_DENOMINAZIONE: Costa<br>SEDE_CATEGORIA: IC<br>SEDE_VIA_TIPO: VIA<br>SEDE_VIA_DENOMINAZIONE: LI BASSI GIUSEPPE<br>SEDE_CIVICO: 60<br>SEDE_BARRATO: <br>QUARTIERE: MONTEGRAPPA- S.ROSALIA<br>QUARTIERE_NUMERO: 4",
        "ID": "210",
        "ID_PORTALE": "1",
        "TIPO": "Plesso",
        "DENOMINAZIONE": "Centro Sociale S, Rosalia",
        "CATEGORIA": "",
        "VIA_TIPO": "VIA",
        "VIA_DENOMINAZIONE": "FERRARA GIUSTO",
        "CIVICO": "1",
        "BARRATO": "",
        "SEDE_TIPO": "Sede",
        "SEDE_DENOMINAZIONE": "Costa",
        "SEDE_CATEGORIA": "IC",
        "SEDE_VIA_TIPO": "VIA",
        "SEDE_VIA_DENOMINAZIONE": "LI BASSI GIUSEPPE",
        "SEDE_CIVICO": "60",
        "SEDE_BARRATO": "",
        "QUARTIERE": "MONTEGRAPPA- S.ROSALIA",
        "QUARTIERE_NUMERO": "4"
      },
      "geometry": {
        "type": "Point",
        "coordinates": [
          13.352025,
          38.097878,
          0
        ]
      }
    },
    {
      "type": "Feature",
      "properties": {
        "styleMapHash": {
          "normal": "#icon-503-93D7E8-normal",
          "highlight": "#icon-503-93D7E8-highlight"
        },
        "description": "ID: 182<br>ID_PORTALE: 1<br>TIPO: Plesso<br>DENOMINAZIONE: Medaglie D'oro<br>CATEGORIA: <br>VIA_TIPO: VIA<br>VIA_DENOMINAZIONE: DEODATO PIER LUIGI<br>CIVICO: 7<br>BARRATO: <br>SEDE_TIPO: Sede<br>SEDE_DENOMINAZIONE: Montegrappa - Sanzio<br>SEDE_CATEGORIA: IC<br>SEDE_VIA_TIPO: VIA<br>SEDE_VIA_DENOMINAZIONE: DEODATO PIER LUIGI<br>SEDE_CIVICO: 3<br>SEDE_BARRATO: <br>QUARTIERE: MONTEGRAPPA- S.ROSALIA<br>QUARTIERE_NUMERO: 4",
        "ID": "182",
        "ID_PORTALE": "1",
        "TIPO": "Plesso",
        "DENOMINAZIONE": "Medaglie D'oro",
        "CATEGORIA": "",
        "VIA_TIPO": "VIA",
        "VIA_DENOMINAZIONE": "DEODATO PIER LUIGI",
        "CIVICO": "7",
        "BARRATO": "",
        "SEDE_TIPO": "Sede",
        "SEDE_DENOMINAZIONE": "Montegrappa - Sanzio",
        "SEDE_CATEGORIA": "IC",
        "SEDE_VIA_TIPO": "VIA",
        "SEDE_VIA_DENOMINAZIONE": "DEODATO PIER LUIGI",
        "SEDE_CIVICO": "3",
        "SEDE_BARRATO": "",
        "QUARTIERE": "MONTEGRAPPA- S.ROSALIA",
        "QUARTIERE_NUMERO": "4"
      },
      "geometry": {
        "type": "Point",
        "coordinates": [
          13.34494,
          38.094913,
          0
        ]
      }
    },
    {
      "type": "Feature",
      "properties": {
        "styleMapHash": {
          "normal": "#icon-503-93D7E8-normal",
          "highlight": "#icon-503-93D7E8-highlight"
        },
        "description": "ID: 271<br>ID_PORTALE: 1<br>TIPO: Plesso<br>DENOMINAZIONE: Villagrazia<br>CATEGORIA: <br>VIA_TIPO: VIA<br>VIA_DENOMINAZIONE: VILLAGRAZIA<br>CIVICO: 298<br>BARRATO: <br>SEDE_TIPO: Sede<br>SEDE_DENOMINAZIONE: Giuseppe Scelsa<br>SEDE_CATEGORIA: IC<br>SEDE_VIA_TIPO: VIA<br>SEDE_VIA_DENOMINAZIONE: VILLANI GIOVANNI<br>SEDE_CIVICO: <br>SEDE_BARRATO: <br>QUARTIERE: VILLAGRAZIA-FALSOMIELE<br>QUARTIERE_NUMERO: 13",
        "ID": "271",
        "ID_PORTALE": "1",
        "TIPO": "Plesso",
        "DENOMINAZIONE": "Villagrazia",
        "CATEGORIA": "",
        "VIA_TIPO": "VIA",
        "VIA_DENOMINAZIONE": "VILLAGRAZIA",
        "CIVICO": "298",
        "BARRATO": "",
        "SEDE_TIPO": "Sede",
        "SEDE_DENOMINAZIONE": "Giuseppe Scelsa",
        "SEDE_CATEGORIA": "IC",
        "SEDE_VIA_TIPO": "VIA",
        "SEDE_VIA_DENOMINAZIONE": "VILLANI GIOVANNI",
        "SEDE_CIVICO": "",
        "SEDE_BARRATO": "",
        "QUARTIERE": "VILLAGRAZIA-FALSOMIELE",
        "QUARTIERE_NUMERO": "13"
      },
      "geometry": {
        "type": "Point",
        "coordinates": [
          13.33238,
          38.076682,
          0
        ]
      }
    },
    {
      "type": "Feature",
      "properties": {
        "styleMapHash": {
          "normal": "#icon-503-3F5BA9-normal",
          "highlight": "#icon-503-3F5BA9-highlight"
        },
        "description": "ID: 190<br>ID_PORTALE: 1<br>TIPO: Sede<br>DENOMINAZIONE: Russo<br>CATEGORIA: IC<br>VIA_TIPO: VIA<br>VIA_DENOMINAZIONE: TINDARI<br>CIVICO: 52<br>BARRATO: <br>SEDE_TIPO: Sede<br>SEDE_DENOMINAZIONE: Russo<br>SEDE_CATEGORIA: IC<br>SEDE_VIA_TIPO: VIA<br>SEDE_VIA_DENOMINAZIONE: TINDARI<br>SEDE_CIVICO: 52<br>SEDE_BARRATO: <br>QUARTIERE: BORGO NUOVO<br>QUARTIERE_NUMERO: 18",
        "ID": "190",
        "ID_PORTALE": "1",
        "TIPO": "Sede",
        "DENOMINAZIONE": "Russo",
        "CATEGORIA": "IC",
        "VIA_TIPO": "VIA",
        "VIA_DENOMINAZIONE": "TINDARI",
        "CIVICO": "52",
        "BARRATO": "",
        "SEDE_TIPO": "Sede",
        "SEDE_DENOMINAZIONE": "Russo",
        "SEDE_CATEGORIA": "IC",
        "SEDE_VIA_TIPO": "VIA",
        "SEDE_VIA_DENOMINAZIONE": "TINDARI",
        "SEDE_CIVICO": "52",
        "SEDE_BARRATO": "",
        "QUARTIERE": "BORGO NUOVO",
        "QUARTIERE_NUMERO": "18"
      },
      "geometry": {
        "type": "Point",
        "coordinates": [
          13.295456,
          38.127571,
          0
        ]
      }
    },
    {
      "type": "Feature",
      "properties": {
        "styleMapHash": {
          "normal": "#icon-503-3F5BA9-normal",
          "highlight": "#icon-503-3F5BA9-highlight"
        },
        "description": "ID: 23<br>ID_PORTALE: 1<br>TIPO: Sede<br>DENOMINAZIONE: De Gasperi<br>CATEGORIA: DD<br>VIA_TIPO: PIAZZA<br>VIA_DENOMINAZIONE: PAPA GIOVANNI PAOLO II<br>CIVICO: 24<br>BARRATO: <br>SEDE_TIPO: Sede<br>SEDE_DENOMINAZIONE: De Gasperi<br>SEDE_CATEGORIA: DD<br>SEDE_VIA_TIPO: PIAZZA<br>SEDE_VIA_DENOMINAZIONE: PAPA GIOVANNI PAOLO II<br>SEDE_CIVICO: 24<br>SEDE_BARRATO: <br>QUARTIERE: RESUTTANO-S. LORENZO<br>QUARTIERE_NUMERO: 20",
        "ID": "23",
        "ID_PORTALE": "1",
        "TIPO": "Sede",
        "DENOMINAZIONE": "De Gasperi",
        "CATEGORIA": "DD",
        "VIA_TIPO": "PIAZZA",
        "VIA_DENOMINAZIONE": "PAPA GIOVANNI PAOLO II",
        "CIVICO": "24",
        "BARRATO": "",
        "SEDE_TIPO": "Sede",
        "SEDE_DENOMINAZIONE": "De Gasperi",
        "SEDE_CATEGORIA": "DD",
        "SEDE_VIA_TIPO": "PIAZZA",
        "SEDE_VIA_DENOMINAZIONE": "PAPA GIOVANNI PAOLO II",
        "SEDE_CIVICO": "24",
        "SEDE_BARRATO": "",
        "QUARTIERE": "RESUTTANO-S. LORENZO",
        "QUARTIERE_NUMERO": "20"
      },
      "geometry": {
        "type": "Point",
        "coordinates": [
          13.33861,
          38.152362,
          0
        ]
      }
    },
    {
      "type": "Feature",
      "properties": {
        "styleMapHash": {
          "normal": "#icon-503-93D7E8-normal",
          "highlight": "#icon-503-93D7E8-highlight"
        },
        "description": "ID: 54<br>ID_PORTALE: 1<br>TIPO: Plesso<br>DENOMINAZIONE: R. Gregorio<br>CATEGORIA: <br>VIA_TIPO: VIA<br>VIA_DENOMINAZIONE: EURIDICE<br>CIVICO: 24<br>BARRATO: <br>SEDE_TIPO: Sede<br>SEDE_DENOMINAZIONE: P. Mondello<br>SEDE_CATEGORIA: DD<br>SEDE_VIA_TIPO: VIA<br>SEDE_VIA_DENOMINAZIONE: SANTOCANALE<br>SEDE_CIVICO: 23<br>SEDE_BARRATO: B<br>QUARTIERE: PARTANNA MONDELLO<br>QUARTIERE_NUMERO: 22",
        "ID": "54",
        "ID_PORTALE": "1",
        "TIPO": "Plesso",
        "DENOMINAZIONE": "R. Gregorio",
        "CATEGORIA": "",
        "VIA_TIPO": "VIA",
        "VIA_DENOMINAZIONE": "EURIDICE",
        "CIVICO": "24",
        "BARRATO": "",
        "SEDE_TIPO": "Sede",
        "SEDE_DENOMINAZIONE": "P. Mondello",
        "SEDE_CATEGORIA": "DD",
        "SEDE_VIA_TIPO": "VIA",
        "SEDE_VIA_DENOMINAZIONE": "SANTOCANALE",
        "SEDE_CIVICO": "23",
        "SEDE_BARRATO": "B",
        "QUARTIERE": "PARTANNA MONDELLO",
        "QUARTIERE_NUMERO": "22"
      },
      "geometry": {
        "type": "Point",
        "coordinates": [
          13.329714,
          38.191518,
          0
        ]
      }
    },
    {
      "type": "Feature",
      "properties": {
        "styleMapHash": {
          "normal": "#icon-503-93D7E8-normal",
          "highlight": "#icon-503-93D7E8-highlight"
        },
        "description": "ID: 184<br>ID_PORTALE: 1<br>TIPO: Plesso<br>DENOMINAZIONE: Falcone<br>CATEGORIA: <br>VIA_TIPO: VIA<br>VIA_DENOMINAZIONE: BASILE ERNESTO<br>CIVICO: 170<br>BARRATO: <br>SEDE_TIPO: Sede<br>SEDE_DENOMINAZIONE: Montegrappa - Sanzio<br>SEDE_CATEGORIA: IC<br>SEDE_VIA_TIPO: VIA<br>SEDE_VIA_DENOMINAZIONE: DEODATO PIER LUIGI<br>SEDE_CIVICO: 3<br>SEDE_BARRATO: <br>QUARTIERE: MONTEGRAPPA- S.ROSALIA<br>QUARTIERE_NUMERO: 4",
        "ID": "184",
        "ID_PORTALE": "1",
        "TIPO": "Plesso",
        "DENOMINAZIONE": "Falcone",
        "CATEGORIA": "",
        "VIA_TIPO": "VIA",
        "VIA_DENOMINAZIONE": "BASILE ERNESTO",
        "CIVICO": "170",
        "BARRATO": "",
        "SEDE_TIPO": "Sede",
        "SEDE_DENOMINAZIONE": "Montegrappa - Sanzio",
        "SEDE_CATEGORIA": "IC",
        "SEDE_VIA_TIPO": "VIA",
        "SEDE_VIA_DENOMINAZIONE": "DEODATO PIER LUIGI",
        "SEDE_CIVICO": "3",
        "SEDE_BARRATO": "",
        "QUARTIERE": "MONTEGRAPPA- S.ROSALIA",
        "QUARTIERE_NUMERO": "4"
      },
      "geometry": {
        "type": "Point",
        "coordinates": [
          13.348545,
          38.101661,
          0
        ]
      }
    },
    {
      "type": "Feature",
      "properties": {
        "styleMapHash": {
          "normal": "#icon-959-CDDC39-normal",
          "highlight": "#icon-959-CDDC39-highlight"
        },
        "description": "ID: 23<br>ID_PORTALE: 1<br>TIPO: Asilo Nido<br>DENOMINAZIONE: Maricò<br>VIA_TIPO: VIA<br>VIA_DENOMINAZIONE: PELLIGRA SALVATORE<br>CIVICO: 4<br>BARRATO: <br>QUARTIERE_NUMERO: 4<br>QUARTIERE: MONTEGRAPPA- S.ROSALIA",
        "ID": "23",
        "ID_PORTALE": "1",
        "TIPO": "Asilo Nido",
        "DENOMINAZIONE": "Maricò",
        "VIA_TIPO": "VIA",
        "VIA_DENOMINAZIONE": "PELLIGRA SALVATORE",
        "CIVICO": "4",
        "BARRATO": "",
        "QUARTIERE_NUMERO": "4",
        "QUARTIERE": "MONTEGRAPPA- S.ROSALIA"
      },
      "geometry": {
        "type": "Point",
        "coordinates": [
          13.34752,
          38.096759,
          0
        ]
      }
    },
    {
      "type": "Feature",
      "properties": {
        "styleMapHash": {
          "normal": "#icon-503-93D7E8-normal",
          "highlight": "#icon-503-93D7E8-highlight"
        },
        "description": "ID: 245<br>ID_PORTALE: 1<br>TIPO: Plesso<br>DENOMINAZIONE: Cerere<br>CATEGORIA: <br>VIA_TIPO: VIALE<br>VIA_DENOMINAZIONE: CERERE<br>CIVICO: 3<br>BARRATO: <br>SEDE_TIPO: Sede<br>SEDE_DENOMINAZIONE: Borgese<br>SEDE_CATEGORIA: SMS<br>SEDE_VIA_TIPO: PIAZZA<br>SEDE_VIA_DENOMINAZIONE: FERRINI CONTARDO<br>SEDE_CIVICO: 13<br>SEDE_BARRATO: <br>QUARTIERE: PARTANNA MONDELLO<br>QUARTIERE_NUMERO: 22",
        "ID": "245",
        "ID_PORTALE": "1",
        "TIPO": "Plesso",
        "DENOMINAZIONE": "Cerere",
        "CATEGORIA": "",
        "VIA_TIPO": "VIALE",
        "VIA_DENOMINAZIONE": "CERERE",
        "CIVICO": "3",
        "BARRATO": "",
        "SEDE_TIPO": "Sede",
        "SEDE_DENOMINAZIONE": "Borgese",
        "SEDE_CATEGORIA": "SMS",
        "SEDE_VIA_TIPO": "PIAZZA",
        "SEDE_VIA_DENOMINAZIONE": "FERRINI CONTARDO",
        "SEDE_CIVICO": "13",
        "SEDE_BARRATO": "",
        "QUARTIERE": "PARTANNA MONDELLO",
        "QUARTIERE_NUMERO": "22"
      },
      "geometry": {
        "type": "Point",
        "coordinates": [
          13.335438,
          38.190531,
          0
        ]
      }
    },
    {
      "type": "Feature",
      "properties": {
        "styleMapHash": {
          "normal": "#icon-503-93D7E8-normal",
          "highlight": "#icon-503-93D7E8-highlight"
        },
        "description": "ID: 154<br>ID_PORTALE: 1<br>TIPO: Plesso<br>DENOMINAZIONE: Mendelsshon<br>CATEGORIA: <br>VIA_TIPO: VIA<br>VIA_DENOMINAZIONE: BRUNETTO FILIPPO<br>CIVICO: 2<br>BARRATO: <br>SEDE_TIPO: Sede<br>SEDE_DENOMINAZIONE: Cruillas<br>SEDE_CATEGORIA: IC<br>SEDE_VIA_TIPO: VIA<br>SEDE_VIA_DENOMINAZIONE: SALERNO<br>SEDE_CIVICO: 19<br>SEDE_BARRATO: <br>QUARTIERE: CRUILLAS-CEP<br>QUARTIERE_NUMERO: 19",
        "ID": "154",
        "ID_PORTALE": "1",
        "TIPO": "Plesso",
        "DENOMINAZIONE": "Mendelsshon",
        "CATEGORIA": "",
        "VIA_TIPO": "VIA",
        "VIA_DENOMINAZIONE": "BRUNETTO FILIPPO",
        "CIVICO": "2",
        "BARRATO": "",
        "SEDE_TIPO": "Sede",
        "SEDE_DENOMINAZIONE": "Cruillas",
        "SEDE_CATEGORIA": "IC",
        "SEDE_VIA_TIPO": "VIA",
        "SEDE_VIA_DENOMINAZIONE": "SALERNO",
        "SEDE_CIVICO": "19",
        "SEDE_BARRATO": "",
        "QUARTIERE": "CRUILLAS-CEP",
        "QUARTIERE_NUMERO": "19"
      },
      "geometry": {
        "type": "Point",
        "coordinates": [
          13.311675,
          38.144053,
          0
        ]
      }
    },
    {
      "type": "Feature",
      "properties": {
        "styleMapHash": {
          "normal": "#icon-503-93D7E8-normal",
          "highlight": "#icon-503-93D7E8-highlight"
        },
        "description": "ID: 247<br>ID_PORTALE: <br>TIPO: Plesso<br>DENOMINAZIONE: Villagrazia<br>CATEGORIA: <br>VIA_TIPO: VIA<br>VIA_DENOMINAZIONE: VILLAGRAZIA<br>CIVICO: 110<br>BARRATO: <br>SEDE_TIPO: Sede<br>SEDE_DENOMINAZIONE: Pirandello - Borgo Ulivia<br>SEDE_CATEGORIA: IC<br>SEDE_VIA_TIPO: VIA<br>SEDE_VIA_DENOMINAZIONE: ORTIGIA<br>SEDE_CIVICO: 19<br>SEDE_BARRATO: <br>QUARTIERE: VILLAGRAZIA-FALSOMIELE<br>QUARTIERE_NUMERO: 13",
        "ID": "247",
        "ID_PORTALE": "",
        "TIPO": "Plesso",
        "DENOMINAZIONE": "Villagrazia",
        "CATEGORIA": "",
        "VIA_TIPO": "VIA",
        "VIA_DENOMINAZIONE": "VILLAGRAZIA",
        "CIVICO": "110",
        "BARRATO": "",
        "SEDE_TIPO": "Sede",
        "SEDE_DENOMINAZIONE": "Pirandello - Borgo Ulivia",
        "SEDE_CATEGORIA": "IC",
        "SEDE_VIA_TIPO": "VIA",
        "SEDE_VIA_DENOMINAZIONE": "ORTIGIA",
        "SEDE_CIVICO": "19",
        "SEDE_BARRATO": "",
        "QUARTIERE": "VILLAGRAZIA-FALSOMIELE",
        "QUARTIERE_NUMERO": "13"
      },
      "geometry": {
        "type": "Point",
        "coordinates": [
          13.35093,
          38.0873,
          0
        ]
      }
    },
    {
      "type": "Feature",
      "properties": {
        "styleMapHash": {
          "normal": "#icon-503-3F5BA9-normal",
          "highlight": "#icon-503-3F5BA9-highlight"
        },
        "description": "ID: 51<br>ID_PORTALE: 1<br>TIPO: Sede<br>DENOMINAZIONE: Salgari<br>CATEGORIA: DD<br>VIA_TIPO: VIA<br>VIA_DENOMINAZIONE: PARATORE GIUSEPPE<br>CIVICO: 34<br>BARRATO: <br>SEDE_TIPO: Sede<br>SEDE_DENOMINAZIONE: Salgari<br>SEDE_CATEGORIA: DD<br>SEDE_VIA_TIPO: VIA<br>SEDE_VIA_DENOMINAZIONE: PARATORE GIUSEPPE<br>SEDE_CIVICO: 34<br>SEDE_BARRATO: <br>QUARTIERE: ORETO-STAZIONE<br>QUARTIERE_NUMERO: 3",
        "ID": "51",
        "ID_PORTALE": "1",
        "TIPO": "Sede",
        "DENOMINAZIONE": "Salgari",
        "CATEGORIA": "DD",
        "VIA_TIPO": "VIA",
        "VIA_DENOMINAZIONE": "PARATORE GIUSEPPE",
        "CIVICO": "34",
        "BARRATO": "",
        "SEDE_TIPO": "Sede",
        "SEDE_DENOMINAZIONE": "Salgari",
        "SEDE_CATEGORIA": "DD",
        "SEDE_VIA_TIPO": "VIA",
        "SEDE_VIA_DENOMINAZIONE": "PARATORE GIUSEPPE",
        "SEDE_CIVICO": "34",
        "SEDE_BARRATO": "",
        "QUARTIERE": "ORETO-STAZIONE",
        "QUARTIERE_NUMERO": "3"
      },
      "geometry": {
        "type": "Point",
        "coordinates": [
          13.373991,
          38.093226,
          0
        ]
      }
    },
    {
      "type": "Feature",
      "properties": {
        "styleMapHash": {
          "normal": "#icon-503-3F5BA9-normal",
          "highlight": "#icon-503-3F5BA9-highlight"
        },
        "description": "ID: 41<br>ID_PORTALE: 1<br>TIPO: Sede<br>DENOMINAZIONE: De Amicis - Corpo A<br>CATEGORIA: DD<br>VIA_TIPO: VIA<br>VIA_DENOMINAZIONE: ROSSO DI S. SECONDO<br>CIVICO: 1<br>BARRATO: <br>SEDE_TIPO: Sede<br>SEDE_DENOMINAZIONE: De Amicis - Corpo A<br>SEDE_CATEGORIA: DD<br>SEDE_VIA_TIPO: VIA<br>SEDE_VIA_DENOMINAZIONE: ROSSO DI S. SECONDO<br>SEDE_CIVICO: 1<br>SEDE_BARRATO: <br>QUARTIERE: NOCE<br>QUARTIERE_NUMERO: 7",
        "ID": "41",
        "ID_PORTALE": "1",
        "TIPO": "Sede",
        "DENOMINAZIONE": "De Amicis - Corpo A",
        "CATEGORIA": "DD",
        "VIA_TIPO": "VIA",
        "VIA_DENOMINAZIONE": "ROSSO DI S. SECONDO",
        "CIVICO": "1",
        "BARRATO": "",
        "SEDE_TIPO": "Sede",
        "SEDE_DENOMINAZIONE": "De Amicis - Corpo A",
        "SEDE_CATEGORIA": "DD",
        "SEDE_VIA_TIPO": "VIA",
        "SEDE_VIA_DENOMINAZIONE": "ROSSO DI S. SECONDO",
        "SEDE_CIVICO": "1",
        "SEDE_BARRATO": "",
        "QUARTIERE": "NOCE",
        "QUARTIERE_NUMERO": "7"
      },
      "geometry": {
        "type": "Point",
        "coordinates": [
          13.329383,
          38.120544,
          0
        ]
      }
    },
    {
      "type": "Feature",
      "properties": {
        "styleMapHash": {
          "normal": "#icon-503-93D7E8-normal",
          "highlight": "#icon-503-93D7E8-highlight"
        },
        "description": "ID: 134<br>ID_PORTALE: 1<br>TIPO: Plesso<br>DENOMINAZIONE: Pitre'<br>CATEGORIA: <br>VIA_TIPO: VIA<br>VIA_DENOMINAZIONE: DAMIANI ALMEYDA<br>CIVICO: 27<br>BARRATO: <br>SEDE_TIPO: Sede<br>SEDE_DENOMINAZIONE: Gentili<br>SEDE_CATEGORIA: IC<br>SEDE_VIA_TIPO: VIA<br>SEDE_VIA_DENOMINAZIONE: LO JACONO FRANCESCO<br>SEDE_CIVICO: 1<br>SEDE_BARRATO: <br>QUARTIERE: LIBERTA'<br>QUARTIERE_NUMERO: 9",
        "ID": "134",
        "ID_PORTALE": "1",
        "TIPO": "Plesso",
        "DENOMINAZIONE": "Pitre'",
        "CATEGORIA": "",
        "VIA_TIPO": "VIA",
        "VIA_DENOMINAZIONE": "DAMIANI ALMEYDA",
        "CIVICO": "27",
        "BARRATO": "",
        "SEDE_TIPO": "Sede",
        "SEDE_DENOMINAZIONE": "Gentili",
        "SEDE_CATEGORIA": "IC",
        "SEDE_VIA_TIPO": "VIA",
        "SEDE_VIA_DENOMINAZIONE": "LO JACONO FRANCESCO",
        "SEDE_CIVICO": "1",
        "SEDE_BARRATO": "",
        "QUARTIERE": "LIBERTA'",
        "QUARTIERE_NUMERO": "9"
      },
      "geometry": {
        "type": "Point",
        "coordinates": [
          13.343774,
          38.130249,
          0
        ]
      }
    },
    {
      "type": "Feature",
      "properties": {
        "styleMapHash": {
          "normal": "#icon-503-93D7E8-normal",
          "highlight": "#icon-503-93D7E8-highlight"
        },
        "description": "ID: 130<br>ID_PORTALE: <br>TIPO: Plesso<br>DENOMINAZIONE: Ex Sciascia<br>CATEGORIA: <br>VIA_TIPO: VIA<br>VIA_DENOMINAZIONE: MARCHESE NICOLO' PENSABENE<br>CIVICO: 28<br>BARRATO: <br>SEDE_TIPO: Sede<br>SEDE_DENOMINAZIONE: Falcone Zen 2<br>SEDE_CATEGORIA: IC<br>SEDE_VIA_TIPO: VIA<br>SEDE_VIA_DENOMINAZIONE: MARCHESE NICOLO' PENSABENE<br>SEDE_CIVICO: 34<br>SEDE_BARRATO: <br>QUARTIERE: PALLAVICINO<br>QUARTIERE_NUMERO: 23",
        "ID": "130",
        "ID_PORTALE": "",
        "TIPO": "Plesso",
        "DENOMINAZIONE": "Ex Sciascia",
        "CATEGORIA": "",
        "VIA_TIPO": "VIA",
        "VIA_DENOMINAZIONE": "MARCHESE NICOLO' PENSABENE",
        "CIVICO": "28",
        "BARRATO": "",
        "SEDE_TIPO": "Sede",
        "SEDE_DENOMINAZIONE": "Falcone Zen 2",
        "SEDE_CATEGORIA": "IC",
        "SEDE_VIA_TIPO": "VIA",
        "SEDE_VIA_DENOMINAZIONE": "MARCHESE NICOLO' PENSABENE",
        "SEDE_CIVICO": "34",
        "SEDE_BARRATO": "",
        "QUARTIERE": "PALLAVICINO",
        "QUARTIERE_NUMERO": "23"
      },
      "geometry": {
        "type": "Point",
        "coordinates": [
          13.320203,
          38.179011,
          0
        ]
      }
    },
    {
      "type": "Feature",
      "properties": {
        "styleMapHash": {
          "normal": "#icon-959-CDDC39-normal",
          "highlight": "#icon-959-CDDC39-highlight"
        },
        "description": "ID: 15<br>ID_PORTALE: 1<br>TIPO: Asilo Nido<br>DENOMINAZIONE: Maria Pia di Savoia<br>VIA_TIPO: PIAZZA<br>VIA_DENOMINAZIONE: NOVIZIATO<br>CIVICO: 20<br>BARRATO: <br>QUARTIERE_NUMERO: 2<br>QUARTIERE: PALAZZO REALE - M.TE DI PIETA",
        "ID": "15",
        "ID_PORTALE": "1",
        "TIPO": "Asilo Nido",
        "DENOMINAZIONE": "Maria Pia di Savoia",
        "VIA_TIPO": "PIAZZA",
        "VIA_DENOMINAZIONE": "NOVIZIATO",
        "CIVICO": "20",
        "BARRATO": "",
        "QUARTIERE_NUMERO": "2",
        "QUARTIERE": "PALAZZO REALE - M.TE DI PIETA"
      },
      "geometry": {
        "type": "Point",
        "coordinates": [
          13.352295,
          38.117077,
          0
        ]
      }
    },
    {
      "type": "Feature",
      "properties": {
        "styleMapHash": {
          "normal": "#icon-503-93D7E8-normal",
          "highlight": "#icon-503-93D7E8-highlight"
        },
        "description": "ID: 167<br>ID_PORTALE: 1<br>TIPO: Plesso<br>DENOMINAZIONE: Cesalpino<br>CATEGORIA: <br>VIA_TIPO: VIA<br>VIA_DENOMINAZIONE: CESALPINO ANDREA<br>CIVICO: 16<br>BARRATO: <br>SEDE_TIPO: Sede<br>SEDE_DENOMINAZIONE: Montegrappa - Sanzio<br>SEDE_CATEGORIA: IC<br>SEDE_VIA_TIPO: VIA<br>SEDE_VIA_DENOMINAZIONE: DEODATO PIER LUIGI<br>SEDE_CIVICO: 3<br>SEDE_BARRATO: <br>QUARTIERE: MONTEGRAPPA- S.ROSALIA<br>QUARTIERE_NUMERO: 4",
        "ID": "167",
        "ID_PORTALE": "1",
        "TIPO": "Plesso",
        "DENOMINAZIONE": "Cesalpino",
        "CATEGORIA": "",
        "VIA_TIPO": "VIA",
        "VIA_DENOMINAZIONE": "CESALPINO ANDREA",
        "CIVICO": "16",
        "BARRATO": "",
        "SEDE_TIPO": "Sede",
        "SEDE_DENOMINAZIONE": "Montegrappa - Sanzio",
        "SEDE_CATEGORIA": "IC",
        "SEDE_VIA_TIPO": "VIA",
        "SEDE_VIA_DENOMINAZIONE": "DEODATO PIER LUIGI",
        "SEDE_CIVICO": "3",
        "SEDE_BARRATO": "",
        "QUARTIERE": "MONTEGRAPPA- S.ROSALIA",
        "QUARTIERE_NUMERO": "4"
      },
      "geometry": {
        "type": "Point",
        "coordinates": [
          13.353402,
          38.101425,
          0
        ]
      }
    },
    {
      "type": "Feature",
      "properties": {
        "styleMapHash": {
          "normal": "#icon-503-93D7E8-normal",
          "highlight": "#icon-503-93D7E8-highlight"
        },
        "description": "ID: 186<br>ID_PORTALE: 1<br>TIPO: Plesso<br>DENOMINAZIONE: Michelangelo<br>CATEGORIA: <br>VIA_TIPO: LARGO<br>VIA_DENOMINAZIONE: MICHELANGELO<br>CIVICO: 15<br>BARRATO: <br>SEDE_TIPO: Sede<br>SEDE_DENOMINAZIONE: Rita Levi Montalcini<br>SEDE_CATEGORIA: IC<br>SEDE_VIA_TIPO: PIAZZA<br>SEDE_VIA_DENOMINAZIONE: S. PAOLO<br>SEDE_CIVICO: 4<br>SEDE_BARRATO: <br>QUARTIERE: BORGO NUOVO<br>QUARTIERE_NUMERO: 18",
        "ID": "186",
        "ID_PORTALE": "1",
        "TIPO": "Plesso",
        "DENOMINAZIONE": "Michelangelo",
        "CATEGORIA": "",
        "VIA_TIPO": "LARGO",
        "VIA_DENOMINAZIONE": "MICHELANGELO",
        "CIVICO": "15",
        "BARRATO": "",
        "SEDE_TIPO": "Sede",
        "SEDE_DENOMINAZIONE": "Rita Levi Montalcini",
        "SEDE_CATEGORIA": "IC",
        "SEDE_VIA_TIPO": "PIAZZA",
        "SEDE_VIA_DENOMINAZIONE": "S. PAOLO",
        "SEDE_CIVICO": "4",
        "SEDE_BARRATO": "",
        "QUARTIERE": "BORGO NUOVO",
        "QUARTIERE_NUMERO": "18"
      },
      "geometry": {
        "type": "Point",
        "coordinates": [
          13.303739,
          38.131949,
          0
        ]
      }
    },
    {
      "type": "Feature",
      "properties": {
        "styleMapHash": {
          "normal": "#icon-503-93D7E8-normal",
          "highlight": "#icon-503-93D7E8-highlight"
        },
        "description": "ID: 156<br>ID_PORTALE: 1<br>TIPO: Plesso<br>DENOMINAZIONE: Vitali<br>CATEGORIA: <br>VIA_TIPO: VIA<br>VIA_DENOMINAZIONE: INSERRA<br>CIVICO: 1<br>BARRATO: <br>SEDE_TIPO: Sede<br>SEDE_DENOMINAZIONE: Cruillas<br>SEDE_CATEGORIA: IC<br>SEDE_VIA_TIPO: VIA<br>SEDE_VIA_DENOMINAZIONE: SALERNO<br>SEDE_CIVICO: 19<br>SEDE_BARRATO: <br>QUARTIERE: CRUILLAS-CEP<br>QUARTIERE_NUMERO: 19",
        "ID": "156",
        "ID_PORTALE": "1",
        "TIPO": "Plesso",
        "DENOMINAZIONE": "Vitali",
        "CATEGORIA": "",
        "VIA_TIPO": "VIA",
        "VIA_DENOMINAZIONE": "INSERRA",
        "CIVICO": "1",
        "BARRATO": "",
        "SEDE_TIPO": "Sede",
        "SEDE_DENOMINAZIONE": "Cruillas",
        "SEDE_CATEGORIA": "IC",
        "SEDE_VIA_TIPO": "VIA",
        "SEDE_VIA_DENOMINAZIONE": "SALERNO",
        "SEDE_CIVICO": "19",
        "SEDE_BARRATO": "",
        "QUARTIERE": "CRUILLAS-CEP",
        "QUARTIERE_NUMERO": "19"
      },
      "geometry": {
        "type": "Point",
        "coordinates": [
          13.314661,
          38.145095,
          0
        ]
      }
    },
    {
      "type": "Feature",
      "properties": {
        "styleMapHash": {
          "normal": "#icon-503-3F5BA9-normal",
          "highlight": "#icon-503-3F5BA9-highlight"
        },
        "description": "ID: 200<br>ID_PORTALE: 1<br>TIPO: Sede<br>DENOMINAZIONE: Sciacca<br>CATEGORIA: IC<br>VIA_TIPO: VIA<br>VIA_DENOMINAZIONE: DE GOBBIS FRANCESCO<br>CIVICO: 13<br>BARRATO: <br>SEDE_TIPO: Sede<br>SEDE_DENOMINAZIONE: Sciacca<br>SEDE_CATEGORIA: IC<br>SEDE_VIA_TIPO: VIA<br>SEDE_VIA_DENOMINAZIONE: DE GOBBIS FRANCESCO<br>SEDE_CIVICO: 13<br>SEDE_BARRATO: <br>QUARTIERE: PALLAVICINO<br>QUARTIERE_NUMERO: 23",
        "ID": "200",
        "ID_PORTALE": "1",
        "TIPO": "Sede",
        "DENOMINAZIONE": "Sciacca",
        "CATEGORIA": "IC",
        "VIA_TIPO": "VIA",
        "VIA_DENOMINAZIONE": "DE GOBBIS FRANCESCO",
        "CIVICO": "13",
        "BARRATO": "",
        "SEDE_TIPO": "Sede",
        "SEDE_DENOMINAZIONE": "Sciacca",
        "SEDE_CATEGORIA": "IC",
        "SEDE_VIA_TIPO": "VIA",
        "SEDE_VIA_DENOMINAZIONE": "DE GOBBIS FRANCESCO",
        "SEDE_CIVICO": "13",
        "SEDE_BARRATO": "",
        "QUARTIERE": "PALLAVICINO",
        "QUARTIERE_NUMERO": "23"
      },
      "geometry": {
        "type": "Point",
        "coordinates": [
          13.310575,
          38.17988,
          0
        ]
      }
    },
    {
      "type": "Feature",
      "properties": {
        "styleMapHash": {
          "normal": "#icon-503-3F5BA9-normal",
          "highlight": "#icon-503-3F5BA9-highlight"
        },
        "description": "ID: 142<br>ID_PORTALE: <br>TIPO: Sede<br>DENOMINAZIONE: Cruillas<br>CATEGORIA: IC<br>VIA_TIPO: VIA<br>VIA_DENOMINAZIONE: SALERNO<br>CIVICO: 19<br>BARRATO: <br>SEDE_TIPO: Sede<br>SEDE_DENOMINAZIONE: Cruillas<br>SEDE_CATEGORIA: IC<br>SEDE_VIA_TIPO: VIA<br>SEDE_VIA_DENOMINAZIONE: SALERNO<br>SEDE_CIVICO: 19<br>SEDE_BARRATO: <br>QUARTIERE: CRUILLAS-CEP<br>QUARTIERE_NUMERO: 19",
        "ID": "142",
        "ID_PORTALE": "",
        "TIPO": "Sede",
        "DENOMINAZIONE": "Cruillas",
        "CATEGORIA": "IC",
        "VIA_TIPO": "VIA",
        "VIA_DENOMINAZIONE": "SALERNO",
        "CIVICO": "19",
        "BARRATO": "",
        "SEDE_TIPO": "Sede",
        "SEDE_DENOMINAZIONE": "Cruillas",
        "SEDE_CATEGORIA": "IC",
        "SEDE_VIA_TIPO": "VIA",
        "SEDE_VIA_DENOMINAZIONE": "SALERNO",
        "SEDE_CIVICO": "19",
        "SEDE_BARRATO": "",
        "QUARTIERE": "CRUILLAS-CEP",
        "QUARTIERE_NUMERO": "19"
      },
      "geometry": {
        "type": "Point",
        "coordinates": [
          13.319311,
          38.141841,
          0
        ]
      }
    },
    {
      "type": "Feature",
      "properties": {
        "styleMapHash": {
          "normal": "#icon-503-93D7E8-normal",
          "highlight": "#icon-503-93D7E8-highlight"
        },
        "description": "ID: 246<br>ID_PORTALE: <br>TIPO: Plesso<br>DENOMINAZIONE: Pirandello<br>CATEGORIA: <br>VIA_TIPO: VIA<br>VIA_DENOMINAZIONE: DELL'USIGNOLO<br>CIVICO: 5<br>BARRATO: <br>SEDE_TIPO: Sede<br>SEDE_DENOMINAZIONE: Pirandello - Borgo Ulivia<br>SEDE_CATEGORIA: IC<br>SEDE_VIA_TIPO: VIA<br>SEDE_VIA_DENOMINAZIONE: ORTIGIA<br>SEDE_CIVICO: 19<br>SEDE_BARRATO: <br>QUARTIERE: VILLAGRAZIA-FALSOMIELE<br>QUARTIERE_NUMERO: 13",
        "ID": "246",
        "ID_PORTALE": "",
        "TIPO": "Plesso",
        "DENOMINAZIONE": "Pirandello",
        "CATEGORIA": "",
        "VIA_TIPO": "VIA",
        "VIA_DENOMINAZIONE": "DELL'USIGNOLO",
        "CIVICO": "5",
        "BARRATO": "",
        "SEDE_TIPO": "Sede",
        "SEDE_DENOMINAZIONE": "Pirandello - Borgo Ulivia",
        "SEDE_CATEGORIA": "IC",
        "SEDE_VIA_TIPO": "VIA",
        "SEDE_VIA_DENOMINAZIONE": "ORTIGIA",
        "SEDE_CIVICO": "19",
        "SEDE_BARRATO": "",
        "QUARTIERE": "VILLAGRAZIA-FALSOMIELE",
        "QUARTIERE_NUMERO": "13"
      },
      "geometry": {
        "type": "Point",
        "coordinates": [
          13.353202,
          38.088454,
          0
        ]
      }
    },
    {
      "type": "Feature",
      "properties": {
        "styleMapHash": {
          "normal": "#icon-503-93D7E8-normal",
          "highlight": "#icon-503-93D7E8-highlight"
        },
        "description": "ID: 96<br>ID_PORTALE: 1<br>TIPO: Plesso<br>DENOMINAZIONE: Ex Internazionale Corpo B<br>CATEGORIA: <br>VIA_TIPO: PIAZZA<br>VIA_DENOMINAZIONE: PAPA GIOVANNI PAOLO II<br>CIVICO: 17<br>BARRATO: A<br>SEDE_TIPO: Sede<br>SEDE_DENOMINAZIONE: Tomaselli<br>SEDE_CATEGORIA: DD<br>SEDE_VIA_TIPO: VIA<br>SEDE_VIA_DENOMINAZIONE: ABRUZZI<br>SEDE_CIVICO: 2<br>SEDE_BARRATO: <br>QUARTIERE: RESUTTANO-S. LORENZO<br>QUARTIERE_NUMERO: 20",
        "ID": "96",
        "ID_PORTALE": "1",
        "TIPO": "Plesso",
        "DENOMINAZIONE": "Ex Internazionale Corpo B",
        "CATEGORIA": "",
        "VIA_TIPO": "PIAZZA",
        "VIA_DENOMINAZIONE": "PAPA GIOVANNI PAOLO II",
        "CIVICO": "17",
        "BARRATO": "A",
        "SEDE_TIPO": "Sede",
        "SEDE_DENOMINAZIONE": "Tomaselli",
        "SEDE_CATEGORIA": "DD",
        "SEDE_VIA_TIPO": "VIA",
        "SEDE_VIA_DENOMINAZIONE": "ABRUZZI",
        "SEDE_CIVICO": "2",
        "SEDE_BARRATO": "",
        "QUARTIERE": "RESUTTANO-S. LORENZO",
        "QUARTIERE_NUMERO": "20"
      },
      "geometry": {
        "type": "Point",
        "coordinates": [
          13.339741,
          38.15043,
          0
        ]
      }
    },
    {
      "type": "Feature",
      "properties": {
        "styleMapHash": {
          "normal": "#icon-959-CDDC39-normal",
          "highlight": "#icon-959-CDDC39-highlight"
        },
        "description": "ID: 12<br>ID_PORTALE: 1<br>TIPO: Asilo Nido<br>DENOMINAZIONE: Libellula<br>VIA_TIPO: VIA<br>VIA_DENOMINAZIONE: FICHIDINDIA<br>CIVICO: <br>BARRATO: <br>QUARTIERE_NUMERO: 3<br>QUARTIERE: ORETO-STAZIONE",
        "ID": "12",
        "ID_PORTALE": "1",
        "TIPO": "Asilo Nido",
        "DENOMINAZIONE": "Libellula",
        "VIA_TIPO": "VIA",
        "VIA_DENOMINAZIONE": "FICHIDINDIA",
        "CIVICO": "",
        "BARRATO": "",
        "QUARTIERE_NUMERO": "3",
        "QUARTIERE": "ORETO-STAZIONE"
      },
      "geometry": {
        "type": "Point",
        "coordinates": [
          13.376882,
          38.094993,
          0
        ]
      }
    },
    {
      "type": "Feature",
      "properties": {
        "styleMapHash": {
          "normal": "#icon-503-93D7E8-normal",
          "highlight": "#icon-503-93D7E8-highlight"
        },
        "description": "ID: 144<br>ID_PORTALE: 1<br>TIPO: Plesso<br>DENOMINAZIONE: Cipolla<br>CATEGORIA: <br>VIA_TIPO: VIA<br>VIA_DENOMINAZIONE: DE SALIBA ANTONIO<br>CIVICO: 42<br>BARRATO: <br>SEDE_TIPO: Sede<br>SEDE_DENOMINAZIONE: Cipolla<br>SEDE_CATEGORIA: IC<br>SEDE_VIA_TIPO: VIA<br>SEDE_VIA_DENOMINAZIONE: GIOTTO<br>SEDE_CIVICO: 41<br>SEDE_BARRATO: <br>QUARTIERE: MALASPINA-PALAGONIA<br>QUARTIERE_NUMERO: 8",
        "ID": "144",
        "ID_PORTALE": "1",
        "TIPO": "Plesso",
        "DENOMINAZIONE": "Cipolla",
        "CATEGORIA": "",
        "VIA_TIPO": "VIA",
        "VIA_DENOMINAZIONE": "DE SALIBA ANTONIO",
        "CIVICO": "42",
        "BARRATO": "",
        "SEDE_TIPO": "Sede",
        "SEDE_DENOMINAZIONE": "Cipolla",
        "SEDE_CATEGORIA": "IC",
        "SEDE_VIA_TIPO": "VIA",
        "SEDE_VIA_DENOMINAZIONE": "GIOTTO",
        "SEDE_CIVICO": "41",
        "SEDE_BARRATO": "",
        "QUARTIERE": "MALASPINA-PALAGONIA",
        "QUARTIERE_NUMERO": "8"
      },
      "geometry": {
        "type": "Point",
        "coordinates": [
          13.332959,
          38.133472,
          0
        ]
      }
    },
    {
      "type": "Feature",
      "properties": {
        "styleMapHash": {
          "normal": "#icon-503-93D7E8-normal",
          "highlight": "#icon-503-93D7E8-highlight"
        },
        "description": "ID: 180<br>ID_PORTALE: 1<br>TIPO: Plesso<br>DENOMINAZIONE: Montegrappa<br>CATEGORIA: <br>VIA_TIPO: VIA<br>VIA_DENOMINAZIONE: ROCCELLA GUSTAVO<br>CIVICO: 37<br>BARRATO: <br>SEDE_TIPO: Sede<br>SEDE_DENOMINAZIONE: Montegrappa - Sanzio<br>SEDE_CATEGORIA: IC<br>SEDE_VIA_TIPO: VIA<br>SEDE_VIA_DENOMINAZIONE: DEODATO PIER LUIGI<br>SEDE_CIVICO: 3<br>SEDE_BARRATO: <br>QUARTIERE: MONTEGRAPPA- S.ROSALIA<br>QUARTIERE_NUMERO: 4",
        "ID": "180",
        "ID_PORTALE": "1",
        "TIPO": "Plesso",
        "DENOMINAZIONE": "Montegrappa",
        "CATEGORIA": "",
        "VIA_TIPO": "VIA",
        "VIA_DENOMINAZIONE": "ROCCELLA GUSTAVO",
        "CIVICO": "37",
        "BARRATO": "",
        "SEDE_TIPO": "Sede",
        "SEDE_DENOMINAZIONE": "Montegrappa - Sanzio",
        "SEDE_CATEGORIA": "IC",
        "SEDE_VIA_TIPO": "VIA",
        "SEDE_VIA_DENOMINAZIONE": "DEODATO PIER LUIGI",
        "SEDE_CIVICO": "3",
        "SEDE_BARRATO": "",
        "QUARTIERE": "MONTEGRAPPA- S.ROSALIA",
        "QUARTIERE_NUMERO": "4"
      },
      "geometry": {
        "type": "Point",
        "coordinates": [
          13.351274,
          38.10113,
          0
        ]
      }
    },
    {
      "type": "Feature",
      "properties": {
        "styleMapHash": {
          "normal": "#icon-503-93D7E8-normal",
          "highlight": "#icon-503-93D7E8-highlight"
        },
        "description": "ID: 189<br>ID_PORTALE: 1<br>TIPO: Plesso<br>DENOMINAZIONE: Vittorino da Feltre<br>CATEGORIA: <br>VIA_TIPO: CORSO<br>VIA_DENOMINAZIONE: CALATAFIMI<br>CIVICO: 1035<br>BARRATO: <br>SEDE_TIPO: Sede<br>SEDE_DENOMINAZIONE: Pestalozzi - Cavour<br>SEDE_CATEGORIA: IC<br>SEDE_VIA_TIPO: VIA<br>SEDE_VIA_DENOMINAZIONE: CROCIFISSO A PIETRATAGLIATA<br>SEDE_CIVICO: 7<br>SEDE_BARRATO: D<br>QUARTIERE: MEZZOMONREALE-V.LLA TASCA<br>QUARTIERE_NUMERO: 14",
        "ID": "189",
        "ID_PORTALE": "1",
        "TIPO": "Plesso",
        "DENOMINAZIONE": "Vittorino da Feltre",
        "CATEGORIA": "",
        "VIA_TIPO": "CORSO",
        "VIA_DENOMINAZIONE": "CALATAFIMI",
        "CIVICO": "1035",
        "BARRATO": "",
        "SEDE_TIPO": "Sede",
        "SEDE_DENOMINAZIONE": "Pestalozzi - Cavour",
        "SEDE_CATEGORIA": "IC",
        "SEDE_VIA_TIPO": "VIA",
        "SEDE_VIA_DENOMINAZIONE": "CROCIFISSO A PIETRATAGLIATA",
        "SEDE_CIVICO": "7",
        "SEDE_BARRATO": "D",
        "QUARTIERE": "MEZZOMONREALE-V.LLA TASCA",
        "QUARTIERE_NUMERO": "14"
      },
      "geometry": {
        "type": "Point",
        "coordinates": [
          13.314984,
          38.097062,
          0
        ]
      }
    },
    {
      "type": "Feature",
      "properties": {
        "styleMapHash": {
          "normal": "#icon-503-3F5BA9-normal",
          "highlight": "#icon-503-3F5BA9-highlight"
        },
        "description": "ID: 219<br>ID_PORTALE: 1<br>TIPO: Sede<br>DENOMINAZIONE: Sferracavallo<br>CATEGORIA: IC<br>VIA_TIPO: VIA<br>VIA_DENOMINAZIONE: TACITO<br>CIVICO: 34<br>BARRATO: <br>SEDE_TIPO: Sede<br>SEDE_DENOMINAZIONE: Sferracavallo<br>SEDE_CATEGORIA: IC<br>SEDE_VIA_TIPO: VIA<br>SEDE_VIA_DENOMINAZIONE: TACITO<br>SEDE_CIVICO: 34<br>SEDE_BARRATO: <br>QUARTIERE: TOMMASO NATALE- SFERRACAVALLO<br>QUARTIERE_NUMERO: 21",
        "ID": "219",
        "ID_PORTALE": "1",
        "TIPO": "Sede",
        "DENOMINAZIONE": "Sferracavallo",
        "CATEGORIA": "IC",
        "VIA_TIPO": "VIA",
        "VIA_DENOMINAZIONE": "TACITO",
        "CIVICO": "34",
        "BARRATO": "",
        "SEDE_TIPO": "Sede",
        "SEDE_DENOMINAZIONE": "Sferracavallo",
        "SEDE_CATEGORIA": "IC",
        "SEDE_VIA_TIPO": "VIA",
        "SEDE_VIA_DENOMINAZIONE": "TACITO",
        "SEDE_CIVICO": "34",
        "SEDE_BARRATO": "",
        "QUARTIERE": "TOMMASO NATALE- SFERRACAVALLO",
        "QUARTIERE_NUMERO": "21"
      },
      "geometry": {
        "type": "Point",
        "coordinates": [
          13.275227,
          38.196879,
          0
        ]
      }
    },
    {
      "type": "Feature",
      "properties": {
        "styleMapHash": {
          "normal": "#icon-503-3F5BA9-normal",
          "highlight": "#icon-503-3F5BA9-highlight"
        },
        "description": "ID: 206<br>ID_PORTALE: 1<br>TIPO: Sede<br>DENOMINAZIONE: Costa<br>CATEGORIA: IC<br>VIA_TIPO: VIA<br>VIA_DENOMINAZIONE: LI BASSI GIUSEPPE<br>CIVICO: 60<br>BARRATO: <br>SEDE_TIPO: Sede<br>SEDE_DENOMINAZIONE: Costa<br>SEDE_CATEGORIA: IC<br>SEDE_VIA_TIPO: VIA<br>SEDE_VIA_DENOMINAZIONE: LI BASSI GIUSEPPE<br>SEDE_CIVICO: 60<br>SEDE_BARRATO: <br>QUARTIERE: MONTEGRAPPA- S.ROSALIA<br>QUARTIERE_NUMERO: 4",
        "ID": "206",
        "ID_PORTALE": "1",
        "TIPO": "Sede",
        "DENOMINAZIONE": "Costa",
        "CATEGORIA": "IC",
        "VIA_TIPO": "VIA",
        "VIA_DENOMINAZIONE": "LI BASSI GIUSEPPE",
        "CIVICO": "60",
        "BARRATO": "",
        "SEDE_TIPO": "Sede",
        "SEDE_DENOMINAZIONE": "Costa",
        "SEDE_CATEGORIA": "IC",
        "SEDE_VIA_TIPO": "VIA",
        "SEDE_VIA_DENOMINAZIONE": "LI BASSI GIUSEPPE",
        "SEDE_CIVICO": "60",
        "SEDE_BARRATO": "",
        "QUARTIERE": "MONTEGRAPPA- S.ROSALIA",
        "QUARTIERE_NUMERO": "4"
      },
      "geometry": {
        "type": "Point",
        "coordinates": [
          13.35371,
          38.098769,
          0
        ]
      }
    },
    {
      "type": "Feature",
      "properties": {
        "styleMapHash": {
          "normal": "#icon-503-93D7E8-normal",
          "highlight": "#icon-503-93D7E8-highlight"
        },
        "description": "ID: 58<br>ID_PORTALE: 1<br>TIPO: Plesso<br>DENOMINAZIONE: Picciotti<br>CATEGORIA: <br>VIA_TIPO: PASSAGGIO<br>VIA_DENOMINAZIONE: DEI PICCIOTTI<br>CIVICO: 1<br>BARRATO: <br>SEDE_TIPO: Sede<br>SEDE_DENOMINAZIONE: Maneri - Ingrassia<br>SEDE_CATEGORIA: DD<br>SEDE_VIA_TIPO: VIALE<br>SEDE_VIA_DENOMINAZIONE: DEI PICCIOTTI<br>SEDE_CIVICO: 8<br>SEDE_BARRATO: <br>QUARTIERE: SETTECANNOLI<br>QUARTIERE_NUMERO: 11",
        "ID": "58",
        "ID_PORTALE": "1",
        "TIPO": "Plesso",
        "DENOMINAZIONE": "Picciotti",
        "CATEGORIA": "",
        "VIA_TIPO": "PASSAGGIO",
        "VIA_DENOMINAZIONE": "DEI PICCIOTTI",
        "CIVICO": "1",
        "BARRATO": "",
        "SEDE_TIPO": "Sede",
        "SEDE_DENOMINAZIONE": "Maneri - Ingrassia",
        "SEDE_CATEGORIA": "DD",
        "SEDE_VIA_TIPO": "VIALE",
        "SEDE_VIA_DENOMINAZIONE": "DEI PICCIOTTI",
        "SEDE_CIVICO": "8",
        "SEDE_BARRATO": "",
        "QUARTIERE": "SETTECANNOLI",
        "QUARTIERE_NUMERO": "11"
      },
      "geometry": {
        "type": "Point",
        "coordinates": [
          13.384064,
          38.104605,
          0
        ]
      }
    },
    {
      "type": "Feature",
      "properties": {
        "styleMapHash": {
          "normal": "#icon-503-93D7E8-normal",
          "highlight": "#icon-503-93D7E8-highlight"
        },
        "description": "ID: 162<br>ID_PORTALE: 1<br>TIPO: Plesso<br>DENOMINAZIONE: Ex Internazionale<br>CATEGORIA: <br>VIA_TIPO: PIAZZA<br>VIA_DENOMINAZIONE: PAPA GIOVANNI PAOLO II<br>CIVICO: 17<br>BARRATO: A<br>SEDE_TIPO: Sede<br>SEDE_DENOMINAZIONE: Marconi<br>SEDE_CATEGORIA: IC<br>SEDE_VIA_TIPO: VIA<br>SEDE_VIA_DENOMINAZIONE: DI GIORGIO ANTONINO GEN.<br>SEDE_CIVICO: 4<br>SEDE_BARRATO: <br>QUARTIERE: RESUTTANO-S. LORENZO<br>QUARTIERE_NUMERO: 20",
        "ID": "162",
        "ID_PORTALE": "1",
        "TIPO": "Plesso",
        "DENOMINAZIONE": "Ex Internazionale",
        "CATEGORIA": "",
        "VIA_TIPO": "PIAZZA",
        "VIA_DENOMINAZIONE": "PAPA GIOVANNI PAOLO II",
        "CIVICO": "17",
        "BARRATO": "A",
        "SEDE_TIPO": "Sede",
        "SEDE_DENOMINAZIONE": "Marconi",
        "SEDE_CATEGORIA": "IC",
        "SEDE_VIA_TIPO": "VIA",
        "SEDE_VIA_DENOMINAZIONE": "DI GIORGIO ANTONINO GEN.",
        "SEDE_CIVICO": "4",
        "SEDE_BARRATO": "",
        "QUARTIERE": "RESUTTANO-S. LORENZO",
        "QUARTIERE_NUMERO": "20"
      },
      "geometry": {
        "type": "Point",
        "coordinates": [
          13.34022,
          38.150714,
          0
        ]
      }
    },
    {
      "type": "Feature",
      "properties": {
        "styleMapHash": {
          "normal": "#icon-959-CDDC39-normal",
          "highlight": "#icon-959-CDDC39-highlight"
        },
        "description": "ID: 22<br>ID_PORTALE: 1<br>TIPO: Asilo Nido<br>DENOMINAZIONE: La Coccinella<br>VIA_TIPO: VIA<br>VIA_DENOMINAZIONE: D'ALVISE PIETRO<br>CIVICO: 2<br>BARRATO: <br>QUARTIERE_NUMERO: 23<br>QUARTIERE: PALLAVICINO",
        "ID": "22",
        "ID_PORTALE": "1",
        "TIPO": "Asilo Nido",
        "DENOMINAZIONE": "La Coccinella",
        "VIA_TIPO": "VIA",
        "VIA_DENOMINAZIONE": "D'ALVISE PIETRO",
        "CIVICO": "2",
        "BARRATO": "",
        "QUARTIERE_NUMERO": "23",
        "QUARTIERE": "PALLAVICINO"
      },
      "geometry": {
        "type": "Point",
        "coordinates": [
          13.31135,
          38.179993,
          0
        ]
      }
    },
    {
      "type": "Feature",
      "properties": {
        "styleMapHash": {
          "normal": "#icon-503-93D7E8-normal",
          "highlight": "#icon-503-93D7E8-highlight"
        },
        "description": "ID: 26<br>ID_PORTALE: 1<br>TIPO: Plesso<br>DENOMINAZIONE: Collodi<br>CATEGORIA: <br>VIA_TIPO: VIA<br>VIA_DENOMINAZIONE: BRIUCCIA<br>CIVICO: 89<br>BARRATO: <br>SEDE_TIPO: Sede<br>SEDE_DENOMINAZIONE: De Gasperi<br>SEDE_CATEGORIA: DD<br>SEDE_VIA_TIPO: PIAZZA<br>SEDE_VIA_DENOMINAZIONE: PAPA GIOVANNI PAOLO II<br>SEDE_CIVICO: 24<br>SEDE_BARRATO: <br>QUARTIERE: RESUTTANO-S. LORENZO<br>QUARTIERE_NUMERO: 20",
        "ID": "26",
        "ID_PORTALE": "1",
        "TIPO": "Plesso",
        "DENOMINAZIONE": "Collodi",
        "CATEGORIA": "",
        "VIA_TIPO": "VIA",
        "VIA_DENOMINAZIONE": "BRIUCCIA",
        "CIVICO": "89",
        "BARRATO": "",
        "SEDE_TIPO": "Sede",
        "SEDE_DENOMINAZIONE": "De Gasperi",
        "SEDE_CATEGORIA": "DD",
        "SEDE_VIA_TIPO": "PIAZZA",
        "SEDE_VIA_DENOMINAZIONE": "PAPA GIOVANNI PAOLO II",
        "SEDE_CIVICO": "24",
        "SEDE_BARRATO": "",
        "QUARTIERE": "RESUTTANO-S. LORENZO",
        "QUARTIERE_NUMERO": "20"
      },
      "geometry": {
        "type": "Point",
        "coordinates": [
          13.332119,
          38.151512,
          0
        ]
      }
    },
    {
      "type": "Feature",
      "properties": {
        "styleMapHash": {
          "normal": "#icon-503-93D7E8-normal",
          "highlight": "#icon-503-93D7E8-highlight"
        },
        "description": "ID: 166<br>ID_PORTALE: 1<br>TIPO: Plesso<br>DENOMINAZIONE: Nairobi<br>CATEGORIA: <br>VIA_TIPO: VIA<br>VIA_DENOMINAZIONE: NAIROBI<br>CIVICO: 5<br>BARRATO: <br>SEDE_TIPO: Sede<br>SEDE_DENOMINAZIONE: Lombardo Radice - Mazzini<br>SEDE_CATEGORIA: IC<br>SEDE_VIA_TIPO: CORSO<br>SEDE_VIA_DENOMINAZIONE: CALATAFIMI<br>SEDE_CIVICO: 241<br>SEDE_BARRATO: A<br>QUARTIERE: CUBA-CALATAFIMI<br>QUARTIERE_NUMERO: 5",
        "ID": "166",
        "ID_PORTALE": "1",
        "TIPO": "Plesso",
        "DENOMINAZIONE": "Nairobi",
        "CATEGORIA": "",
        "VIA_TIPO": "VIA",
        "VIA_DENOMINAZIONE": "NAIROBI",
        "CIVICO": "5",
        "BARRATO": "",
        "SEDE_TIPO": "Sede",
        "SEDE_DENOMINAZIONE": "Lombardo Radice - Mazzini",
        "SEDE_CATEGORIA": "IC",
        "SEDE_VIA_TIPO": "CORSO",
        "SEDE_VIA_DENOMINAZIONE": "CALATAFIMI",
        "SEDE_CIVICO": "241",
        "SEDE_BARRATO": "A",
        "QUARTIERE": "CUBA-CALATAFIMI",
        "QUARTIERE_NUMERO": "5"
      },
      "geometry": {
        "type": "Point",
        "coordinates": [
          13.346658,
          38.108249,
          0
        ]
      }
    },
    {
      "type": "Feature",
      "properties": {
        "styleMapHash": {
          "normal": "#icon-503-93D7E8-normal",
          "highlight": "#icon-503-93D7E8-highlight"
        },
        "description": "ID: 241<br>ID_PORTALE: 1<br>TIPO: Plesso<br>DENOMINAZIONE: Vivaldi<br>CATEGORIA: <br>VIA_TIPO: VIA<br>VIA_DENOMINAZIONE: CAMMARANO GIUSEPPE<br>CIVICO: 20<br>BARRATO: B<br>SEDE_TIPO: Sede<br>SEDE_DENOMINAZIONE: Giuliana - Saladino<br>SEDE_CATEGORIA: IC<br>SEDE_VIA_TIPO: VIA<br>SEDE_VIA_DENOMINAZIONE: BARISANO DA TRANI<br>SEDE_CIVICO: 7<br>SEDE_BARRATO: <br>QUARTIERE: CRUILLAS-CEP<br>QUARTIERE_NUMERO: 19",
        "ID": "241",
        "ID_PORTALE": "1",
        "TIPO": "Plesso",
        "DENOMINAZIONE": "Vivaldi",
        "CATEGORIA": "",
        "VIA_TIPO": "VIA",
        "VIA_DENOMINAZIONE": "CAMMARANO GIUSEPPE",
        "CIVICO": "20",
        "BARRATO": "B",
        "SEDE_TIPO": "Sede",
        "SEDE_DENOMINAZIONE": "Giuliana - Saladino",
        "SEDE_CATEGORIA": "IC",
        "SEDE_VIA_TIPO": "VIA",
        "SEDE_VIA_DENOMINAZIONE": "BARISANO DA TRANI",
        "SEDE_CIVICO": "7",
        "SEDE_BARRATO": "",
        "QUARTIERE": "CRUILLAS-CEP",
        "QUARTIERE_NUMERO": "19"
      },
      "geometry": {
        "type": "Point",
        "coordinates": [
          13.312131,
          38.135827,
          0
        ]
      }
    },
    {
      "type": "Feature",
      "properties": {
        "styleMapHash": {
          "normal": "#icon-503-3F5BA9-normal",
          "highlight": "#icon-503-3F5BA9-highlight"
        },
        "description": "ID: 203<br>ID_PORTALE: 1<br>TIPO: Sede<br>DENOMINAZIONE: Sperone - Pertini<br>CATEGORIA: IC<br>VIA_TIPO: VIA<br>VIA_DENOMINAZIONE: GIANNOTTA NICOLO'<br>CIVICO: 4<br>BARRATO: <br>SEDE_TIPO: Sede<br>SEDE_DENOMINAZIONE: Sperone - Pertini<br>SEDE_CATEGORIA: IC<br>SEDE_VIA_TIPO: VIA<br>SEDE_VIA_DENOMINAZIONE: GIANNOTTA NICOLO'<br>SEDE_CIVICO: 4<br>SEDE_BARRATO: <br>QUARTIERE: SETTECANNOLI<br>QUARTIERE_NUMERO: 11",
        "ID": "203",
        "ID_PORTALE": "1",
        "TIPO": "Sede",
        "DENOMINAZIONE": "Sperone - Pertini",
        "CATEGORIA": "IC",
        "VIA_TIPO": "VIA",
        "VIA_DENOMINAZIONE": "GIANNOTTA NICOLO'",
        "CIVICO": "4",
        "BARRATO": "",
        "SEDE_TIPO": "Sede",
        "SEDE_DENOMINAZIONE": "Sperone - Pertini",
        "SEDE_CATEGORIA": "IC",
        "SEDE_VIA_TIPO": "VIA",
        "SEDE_VIA_DENOMINAZIONE": "GIANNOTTA NICOLO'",
        "SEDE_CIVICO": "4",
        "SEDE_BARRATO": "",
        "QUARTIERE": "SETTECANNOLI",
        "QUARTIERE_NUMERO": "11"
      },
      "geometry": {
        "type": "Point",
        "coordinates": [
          13.408948,
          38.096052,
          0
        ]
      }
    },
    {
      "type": "Feature",
      "properties": {
        "styleMapHash": {
          "normal": "#icon-503-3F5BA9-normal",
          "highlight": "#icon-503-3F5BA9-highlight"
        },
        "description": "ID: 123<br>ID_PORTALE: <br>TIPO: Sede<br>DENOMINAZIONE: Colozza - Bonfiglio<br>CATEGORIA: IC<br>VIA_TIPO: VIA<br>VIA_DENOMINAZIONE: IMERA<br>CIVICO: 32<br>BARRATO: <br>SEDE_TIPO: Sede<br>SEDE_DENOMINAZIONE: Colozza - Bonfiglio<br>SEDE_CATEGORIA: IC<br>SEDE_VIA_TIPO: VIA<br>SEDE_VIA_DENOMINAZIONE: IMERA<br>SEDE_CIVICO: 32<br>SEDE_BARRATO: <br>QUARTIERE: ZISA<br>QUARTIERE_NUMERO: 6",
        "ID": "123",
        "ID_PORTALE": "",
        "TIPO": "Sede",
        "DENOMINAZIONE": "Colozza - Bonfiglio",
        "CATEGORIA": "IC",
        "VIA_TIPO": "VIA",
        "VIA_DENOMINAZIONE": "IMERA",
        "CIVICO": "32",
        "BARRATO": "",
        "SEDE_TIPO": "Sede",
        "SEDE_DENOMINAZIONE": "Colozza - Bonfiglio",
        "SEDE_CATEGORIA": "IC",
        "SEDE_VIA_TIPO": "VIA",
        "SEDE_VIA_DENOMINAZIONE": "IMERA",
        "SEDE_CIVICO": "32",
        "SEDE_BARRATO": "",
        "QUARTIERE": "ZISA",
        "QUARTIERE_NUMERO": "6"
      },
      "geometry": {
        "type": "Point",
        "coordinates": [
          13.349621,
          38.116062,
          0
        ]
      }
    },
    {
      "type": "Feature",
      "properties": {
        "styleMapHash": {
          "normal": "#icon-503-93D7E8-normal",
          "highlight": "#icon-503-93D7E8-highlight"
        },
        "description": "ID: 55<br>ID_PORTALE: <br>TIPO: Plesso<br>DENOMINAZIONE: Picciotti<br>CATEGORIA: <br>VIA_TIPO: VIALE<br>VIA_DENOMINAZIONE: DEI PICCIOTTI<br>CIVICO: 5<br>BARRATO: <br>SEDE_TIPO: Sede<br>SEDE_DENOMINAZIONE: Nazario Sauro<br>SEDE_CATEGORIA: DD<br>SEDE_VIA_TIPO: VIA<br>SEDE_VIA_DENOMINAZIONE: PADRE GIUSEPPE PUGLISI<br>SEDE_CIVICO: 20<br>SEDE_BARRATO: <br>QUARTIERE: SETTECANNOLI<br>QUARTIERE_NUMERO: 11",
        "ID": "55",
        "ID_PORTALE": "",
        "TIPO": "Plesso",
        "DENOMINAZIONE": "Picciotti",
        "CATEGORIA": "",
        "VIA_TIPO": "VIALE",
        "VIA_DENOMINAZIONE": "DEI PICCIOTTI",
        "CIVICO": "5",
        "BARRATO": "",
        "SEDE_TIPO": "Sede",
        "SEDE_DENOMINAZIONE": "Nazario Sauro",
        "SEDE_CATEGORIA": "DD",
        "SEDE_VIA_TIPO": "VIA",
        "SEDE_VIA_DENOMINAZIONE": "PADRE GIUSEPPE PUGLISI",
        "SEDE_CIVICO": "20",
        "SEDE_BARRATO": "",
        "QUARTIERE": "SETTECANNOLI",
        "QUARTIERE_NUMERO": "11"
      },
      "geometry": {
        "type": "Point",
        "coordinates": [
          13.385213,
          38.103952,
          0
        ]
      }
    },
    {
      "type": "Feature",
      "properties": {
        "styleMapHash": {
          "normal": "#icon-503-93D7E8-normal",
          "highlight": "#icon-503-93D7E8-highlight"
        },
        "description": "ID: 29<br>ID_PORTALE: 1<br>TIPO: Plesso<br>DENOMINAZIONE: Enea Rossi<br>CATEGORIA: <br>VIA_TIPO: PIAZZALE<br>VIA_DENOMINAZIONE: DEL TRICOLORE<br>CIVICO: <br>BARRATO: <br>SEDE_TIPO: Sede<br>SEDE_DENOMINAZIONE: Arculeo<br>SEDE_CATEGORIA: DD<br>SEDE_VIA_TIPO: VIA<br>SEDE_VIA_DENOMINAZIONE: VITO SCHIFANI<br>SEDE_CIVICO: 3<br>SEDE_BARRATO: <br>QUARTIERE: MEZZOMONREALE-V.LLA TASCA<br>QUARTIERE_NUMERO: 14",
        "ID": "29",
        "ID_PORTALE": "1",
        "TIPO": "Plesso",
        "DENOMINAZIONE": "Enea Rossi",
        "CATEGORIA": "",
        "VIA_TIPO": "PIAZZALE",
        "VIA_DENOMINAZIONE": "DEL TRICOLORE",
        "CIVICO": "",
        "BARRATO": "",
        "SEDE_TIPO": "Sede",
        "SEDE_DENOMINAZIONE": "Arculeo",
        "SEDE_CATEGORIA": "DD",
        "SEDE_VIA_TIPO": "VIA",
        "SEDE_VIA_DENOMINAZIONE": "VITO SCHIFANI",
        "SEDE_CIVICO": "3",
        "SEDE_BARRATO": "",
        "QUARTIERE": "MEZZOMONREALE-V.LLA TASCA",
        "QUARTIERE_NUMERO": "14"
      },
      "geometry": {
        "type": "Point",
        "coordinates": [
          13.310671,
          38.095808,
          0
        ]
      }
    },
    {
      "type": "Feature",
      "properties": {
        "styleMapHash": {
          "normal": "#icon-959-CDDC39-normal",
          "highlight": "#icon-959-CDDC39-highlight"
        },
        "description": "ID: 21<br>ID_PORTALE: 1<br>TIPO: Asilo Nido<br>DENOMINAZIONE: Il Faro<br>VIA_TIPO: VIA<br>VIA_DENOMINAZIONE: PARATORE GIUSEPPE<br>CIVICO: 28<br>BARRATO: <br>QUARTIERE_NUMERO: 3<br>QUARTIERE: ORETO-STAZIONE",
        "ID": "21",
        "ID_PORTALE": "1",
        "TIPO": "Asilo Nido",
        "DENOMINAZIONE": "Il Faro",
        "VIA_TIPO": "VIA",
        "VIA_DENOMINAZIONE": "PARATORE GIUSEPPE",
        "CIVICO": "28",
        "BARRATO": "",
        "QUARTIERE_NUMERO": "3",
        "QUARTIERE": "ORETO-STAZIONE"
      },
      "geometry": {
        "type": "Point",
        "coordinates": [
          13.374304,
          38.092707,
          0
        ]
      }
    },
    {
      "type": "Feature",
      "properties": {
        "styleMapHash": {
          "normal": "#icon-503-93D7E8-normal",
          "highlight": "#icon-503-93D7E8-highlight"
        },
        "description": "ID: 73<br>ID_PORTALE: <br>TIPO: Plesso<br>DENOMINAZIONE: Conte Federico<br>CATEGORIA: <br>VIA_TIPO: VIA<br>VIA_DENOMINAZIONE: CONTE FEDERICO<br>CIVICO: 1<br>BARRATO: B<br>SEDE_TIPO: Sede<br>SEDE_DENOMINAZIONE: Orestano<br>SEDE_CATEGORIA: DD<br>SEDE_VIA_TIPO: VIA<br>SEDE_VIA_DENOMINAZIONE: CONTE FEDERICO<br>SEDE_CIVICO: 3<br>SEDE_BARRATO: <br>QUARTIERE: BRANCACCIO-CIACULLI<br>QUARTIERE_NUMERO: 12",
        "ID": "73",
        "ID_PORTALE": "",
        "TIPO": "Plesso",
        "DENOMINAZIONE": "Conte Federico",
        "CATEGORIA": "",
        "VIA_TIPO": "VIA",
        "VIA_DENOMINAZIONE": "CONTE FEDERICO",
        "CIVICO": "1",
        "BARRATO": "B",
        "SEDE_TIPO": "Sede",
        "SEDE_DENOMINAZIONE": "Orestano",
        "SEDE_CATEGORIA": "DD",
        "SEDE_VIA_TIPO": "VIA",
        "SEDE_VIA_DENOMINAZIONE": "CONTE FEDERICO",
        "SEDE_CIVICO": "3",
        "SEDE_BARRATO": "",
        "QUARTIERE": "BRANCACCIO-CIACULLI",
        "QUARTIERE_NUMERO": "12"
      },
      "geometry": {
        "type": "Point",
        "coordinates": [
          13.38403,
          38.094612,
          0
        ]
      }
    },
    {
      "type": "Feature",
      "properties": {
        "styleMapHash": {
          "normal": "#icon-503-93D7E8-normal",
          "highlight": "#icon-503-93D7E8-highlight"
        },
        "description": "ID: 112<br>ID_PORTALE: <br>TIPO: Plesso<br>DENOMINAZIONE: Narzisi<br>CATEGORIA: <br>VIA_TIPO: VIA<br>VIA_DENOMINAZIONE: NARZISI EDUARDO<br>CIVICO: 14<br>BARRATO: <br>SEDE_TIPO: Sede<br>SEDE_DENOMINAZIONE: L. Da Vinci - Carducci<br>SEDE_CATEGORIA: IC<br>SEDE_VIA_TIPO: VIA<br>SEDE_VIA_DENOMINAZIONE: DI GIORGI FERDINANDO<br>SEDE_CIVICO: 48<br>SEDE_BARRATO: <br>QUARTIERE: UDITORE- PASSO DI RIGANO<br>QUARTIERE_NUMERO: 17",
        "ID": "112",
        "ID_PORTALE": "",
        "TIPO": "Plesso",
        "DENOMINAZIONE": "Narzisi",
        "CATEGORIA": "",
        "VIA_TIPO": "VIA",
        "VIA_DENOMINAZIONE": "NARZISI EDUARDO",
        "CIVICO": "14",
        "BARRATO": "",
        "SEDE_TIPO": "Sede",
        "SEDE_DENOMINAZIONE": "L. Da Vinci - Carducci",
        "SEDE_CATEGORIA": "IC",
        "SEDE_VIA_TIPO": "VIA",
        "SEDE_VIA_DENOMINAZIONE": "DI GIORGI FERDINANDO",
        "SEDE_CIVICO": "48",
        "SEDE_BARRATO": "",
        "QUARTIERE": "UDITORE- PASSO DI RIGANO",
        "QUARTIERE_NUMERO": "17"
      },
      "geometry": {
        "type": "Point",
        "coordinates": [
          13.323385,
          38.129186,
          0
        ]
      }
    },
    {
      "type": "Feature",
      "properties": {
        "styleMapHash": {
          "normal": "#icon-503-93D7E8-normal",
          "highlight": "#icon-503-93D7E8-highlight"
        },
        "description": "ID: 99<br>ID_PORTALE: 1<br>TIPO: Plesso<br>DENOMINAZIONE: Zaire<br>CATEGORIA: <br>VIA_TIPO: VIA<br>VIA_DENOMINAZIONE: ZAIRE<br>CIVICO: 21<br>BARRATO: <br>SEDE_TIPO: Sede<br>SEDE_DENOMINAZIONE: Buonarroti<br>SEDE_CATEGORIA: IC<br>SEDE_VIA_TIPO: VIA<br>SEDE_VIA_DENOMINAZIONE: TEMBIEN<br>SEDE_CIVICO: 1<br>SEDE_BARRATO: <br>QUARTIERE: UDITORE- PASSO DI RIGANO<br>QUARTIERE_NUMERO: 17",
        "ID": "99",
        "ID_PORTALE": "1",
        "TIPO": "Plesso",
        "DENOMINAZIONE": "Zaire",
        "CATEGORIA": "",
        "VIA_TIPO": "VIA",
        "VIA_DENOMINAZIONE": "ZAIRE",
        "CIVICO": "21",
        "BARRATO": "",
        "SEDE_TIPO": "Sede",
        "SEDE_DENOMINAZIONE": "Buonarroti",
        "SEDE_CATEGORIA": "IC",
        "SEDE_VIA_TIPO": "VIA",
        "SEDE_VIA_DENOMINAZIONE": "TEMBIEN",
        "SEDE_CIVICO": "1",
        "SEDE_BARRATO": "",
        "QUARTIERE": "UDITORE- PASSO DI RIGANO",
        "QUARTIERE_NUMERO": "17"
      },
      "geometry": {
        "type": "Point",
        "coordinates": [
          13.306643,
          38.125054,
          0
        ]
      }
    },
    {
      "type": "Feature",
      "properties": {
        "styleMapHash": {
          "normal": "#icon-503-3F5BA9-normal",
          "highlight": "#icon-503-3F5BA9-highlight"
        },
        "description": "ID: 50<br>ID_PORTALE: 1<br>TIPO: Sede<br>DENOMINAZIONE: T. Bartolomeo<br>CATEGORIA: DD<br>VIA_TIPO: VIA<br>VIA_DENOMINAZIONE: DEL CASTORO<br>CIVICO: 13<br>BARRATO: <br>SEDE_TIPO: Sede<br>SEDE_DENOMINAZIONE: T. Bartolomeo<br>SEDE_CATEGORIA: DD<br>SEDE_VIA_TIPO: VIA<br>SEDE_VIA_DENOMINAZIONE: DEL CASTORO<br>SEDE_CIVICO: 13<br>SEDE_BARRATO: <br>QUARTIERE: VILLAGRAZIA-FALSOMIELE<br>QUARTIERE_NUMERO: 13",
        "ID": "50",
        "ID_PORTALE": "1",
        "TIPO": "Sede",
        "DENOMINAZIONE": "T. Bartolomeo",
        "CATEGORIA": "DD",
        "VIA_TIPO": "VIA",
        "VIA_DENOMINAZIONE": "DEL CASTORO",
        "CIVICO": "13",
        "BARRATO": "",
        "SEDE_TIPO": "Sede",
        "SEDE_DENOMINAZIONE": "T. Bartolomeo",
        "SEDE_CATEGORIA": "DD",
        "SEDE_VIA_TIPO": "VIA",
        "SEDE_VIA_DENOMINAZIONE": "DEL CASTORO",
        "SEDE_CIVICO": "13",
        "SEDE_BARRATO": "",
        "QUARTIERE": "VILLAGRAZIA-FALSOMIELE",
        "QUARTIERE_NUMERO": "13"
      },
      "geometry": {
        "type": "Point",
        "coordinates": [
          13.358789,
          38.083889,
          0
        ]
      }
    },
    {
      "type": "Feature",
      "properties": {
        "styleMapHash": {
          "normal": "#icon-503-3F5BA9-normal",
          "highlight": "#icon-503-3F5BA9-highlight"
        },
        "description": "ID: 136<br>ID_PORTALE: 1<br>TIPO: Sede<br>DENOMINAZIONE: Cipolla<br>CATEGORIA: IC<br>VIA_TIPO: VIA<br>VIA_DENOMINAZIONE: GIOTTO<br>CIVICO: 41<br>BARRATO: <br>SEDE_TIPO: Sede<br>SEDE_DENOMINAZIONE: Cipolla<br>SEDE_CATEGORIA: IC<br>SEDE_VIA_TIPO: VIA<br>SEDE_VIA_DENOMINAZIONE: GIOTTO<br>SEDE_CIVICO: 41<br>SEDE_BARRATO: <br>QUARTIERE: MALASPINA-PALAGONIA<br>QUARTIERE_NUMERO: 8",
        "ID": "136",
        "ID_PORTALE": "1",
        "TIPO": "Sede",
        "DENOMINAZIONE": "Cipolla",
        "CATEGORIA": "IC",
        "VIA_TIPO": "VIA",
        "VIA_DENOMINAZIONE": "GIOTTO",
        "CIVICO": "41",
        "BARRATO": "",
        "SEDE_TIPO": "Sede",
        "SEDE_DENOMINAZIONE": "Cipolla",
        "SEDE_CATEGORIA": "IC",
        "SEDE_VIA_TIPO": "VIA",
        "SEDE_VIA_DENOMINAZIONE": "GIOTTO",
        "SEDE_CIVICO": "41",
        "SEDE_BARRATO": "",
        "QUARTIERE": "MALASPINA-PALAGONIA",
        "QUARTIERE_NUMERO": "8"
      },
      "geometry": {
        "type": "Point",
        "coordinates": [
          13.333762,
          38.131036,
          0
        ]
      }
    },
    {
      "type": "Feature",
      "properties": {
        "styleMapHash": {
          "normal": "#icon-503-93D7E8-normal",
          "highlight": "#icon-503-93D7E8-highlight"
        },
        "description": "ID: 198<br>ID_PORTALE: 1<br>TIPO: Plesso<br>DENOMINAZIONE: Pestalozzi<br>CATEGORIA: <br>VIA_TIPO: VIA<br>VIA_DENOMINAZIONE: MARCELLINI TOMMASO<br>CIVICO: 2<br>BARRATO: <br>SEDE_TIPO: Sede<br>SEDE_DENOMINAZIONE: Pestalozzi - Cavour<br>SEDE_CATEGORIA: IC<br>SEDE_VIA_TIPO: VIA<br>SEDE_VIA_DENOMINAZIONE: CROCIFISSO A PIETRATAGLIATA<br>SEDE_CIVICO: 7<br>SEDE_BARRATO: D<br>QUARTIERE: MEZZOMONREALE-V.LLA TASCA<br>QUARTIERE_NUMERO: 14",
        "ID": "198",
        "ID_PORTALE": "1",
        "TIPO": "Plesso",
        "DENOMINAZIONE": "Pestalozzi",
        "CATEGORIA": "",
        "VIA_TIPO": "VIA",
        "VIA_DENOMINAZIONE": "MARCELLINI TOMMASO",
        "CIVICO": "2",
        "BARRATO": "",
        "SEDE_TIPO": "Sede",
        "SEDE_DENOMINAZIONE": "Pestalozzi - Cavour",
        "SEDE_CATEGORIA": "IC",
        "SEDE_VIA_TIPO": "VIA",
        "SEDE_VIA_DENOMINAZIONE": "CROCIFISSO A PIETRATAGLIATA",
        "SEDE_CIVICO": "7",
        "SEDE_BARRATO": "D",
        "QUARTIERE": "MEZZOMONREALE-V.LLA TASCA",
        "QUARTIERE_NUMERO": "14"
      },
      "geometry": {
        "type": "Point",
        "coordinates": [
          13.3236,
          38.101467,
          0
        ]
      }
    },
    {
      "type": "Feature",
      "properties": {
        "styleMapHash": {
          "normal": "#icon-503-93D7E8-normal",
          "highlight": "#icon-503-93D7E8-highlight"
        },
        "description": "ID: 28<br>ID_PORTALE: 1<br>TIPO: Plesso<br>DENOMINAZIONE: Donaudy<br>CATEGORIA: <br>VIA_TIPO: PIAZZA<br>VIA_DENOMINAZIONE: DONAUDY STEFANO<br>CIVICO: 14<br>BARRATO: <br>SEDE_TIPO: Sede<br>SEDE_DENOMINAZIONE: Arculeo<br>SEDE_CATEGORIA: DD<br>SEDE_VIA_TIPO: VIA<br>SEDE_VIA_DENOMINAZIONE: VITO SCHIFANI<br>SEDE_CIVICO: 3<br>SEDE_BARRATO: <br>QUARTIERE: MEZZOMONREALE-V.LLA TASCA<br>QUARTIERE_NUMERO: 14",
        "ID": "28",
        "ID_PORTALE": "1",
        "TIPO": "Plesso",
        "DENOMINAZIONE": "Donaudy",
        "CATEGORIA": "",
        "VIA_TIPO": "PIAZZA",
        "VIA_DENOMINAZIONE": "DONAUDY STEFANO",
        "CIVICO": "14",
        "BARRATO": "",
        "SEDE_TIPO": "Sede",
        "SEDE_DENOMINAZIONE": "Arculeo",
        "SEDE_CATEGORIA": "DD",
        "SEDE_VIA_TIPO": "VIA",
        "SEDE_VIA_DENOMINAZIONE": "VITO SCHIFANI",
        "SEDE_CIVICO": "3",
        "SEDE_BARRATO": "",
        "QUARTIERE": "MEZZOMONREALE-V.LLA TASCA",
        "QUARTIERE_NUMERO": "14"
      },
      "geometry": {
        "type": "Point",
        "coordinates": [
          13.335642,
          38.100902,
          0
        ]
      }
    },
    {
      "type": "Feature",
      "properties": {
        "styleMapHash": {
          "normal": "#icon-959-CDDC39-normal",
          "highlight": "#icon-959-CDDC39-highlight"
        },
        "description": "ID: 20<br>ID_PORTALE: 1<br>TIPO: Asilo Nido<br>DENOMINAZIONE: Grillo Parlante<br>VIA_TIPO: VIA<br>VIA_DENOMINAZIONE: CADUTI SENZA CROCE<br>CIVICO: 22<br>BARRATO: <br>QUARTIERE_NUMERO: 20<br>QUARTIERE: RESUTTANO-S. LORENZO",
        "ID": "20",
        "ID_PORTALE": "1",
        "TIPO": "Asilo Nido",
        "DENOMINAZIONE": "Grillo Parlante",
        "VIA_TIPO": "VIA",
        "VIA_DENOMINAZIONE": "CADUTI SENZA CROCE",
        "CIVICO": "22",
        "BARRATO": "",
        "QUARTIERE_NUMERO": "20",
        "QUARTIERE": "RESUTTANO-S. LORENZO"
      },
      "geometry": {
        "type": "Point",
        "coordinates": [
          13.333535,
          38.155124,
          0
        ]
      }
    },
    {
      "type": "Feature",
      "properties": {
        "styleMapHash": {
          "normal": "#icon-503-93D7E8-normal",
          "highlight": "#icon-503-93D7E8-highlight"
        },
        "description": "ID: 43<br>ID_PORTALE: 1<br>TIPO: Plesso<br>DENOMINAZIONE: Corpo B<br>CATEGORIA: <br>VIA_TIPO: VIA<br>VIA_DENOMINAZIONE: ROSSO DI S. SECONDO<br>CIVICO: 1<br>BARRATO: <br>SEDE_TIPO: Sede<br>SEDE_DENOMINAZIONE: De Amicis - Corpo A<br>SEDE_CATEGORIA: DD<br>SEDE_VIA_TIPO: VIA<br>SEDE_VIA_DENOMINAZIONE: ROSSO DI S. SECONDO<br>SEDE_CIVICO: 1<br>SEDE_BARRATO: <br>QUARTIERE: NOCE<br>QUARTIERE_NUMERO: 7",
        "ID": "43",
        "ID_PORTALE": "1",
        "TIPO": "Plesso",
        "DENOMINAZIONE": "Corpo B",
        "CATEGORIA": "",
        "VIA_TIPO": "VIA",
        "VIA_DENOMINAZIONE": "ROSSO DI S. SECONDO",
        "CIVICO": "1",
        "BARRATO": "",
        "SEDE_TIPO": "Sede",
        "SEDE_DENOMINAZIONE": "De Amicis - Corpo A",
        "SEDE_CATEGORIA": "DD",
        "SEDE_VIA_TIPO": "VIA",
        "SEDE_VIA_DENOMINAZIONE": "ROSSO DI S. SECONDO",
        "SEDE_CIVICO": "1",
        "SEDE_BARRATO": "",
        "QUARTIERE": "NOCE",
        "QUARTIERE_NUMERO": "7"
      },
      "geometry": {
        "type": "Point",
        "coordinates": [
          13.330034,
          38.120744,
          0
        ]
      }
    },
    {
      "type": "Feature",
      "properties": {
        "styleMapHash": {
          "normal": "#icon-503-93D7E8-normal",
          "highlight": "#icon-503-93D7E8-highlight"
        },
        "description": "ID: 120<br>ID_PORTALE: <br>TIPO: Plesso<br>DENOMINAZIONE: Natoli<br>CATEGORIA: <br>VIA_TIPO: CORSO<br>VIA_DENOMINAZIONE: DEI MILLE<br>CIVICO: 1486<br>BARRATO: <br>SEDE_TIPO: Sede<br>SEDE_DENOMINAZIONE: Di Vittorio<br>SEDE_CATEGORIA: IC<br>SEDE_VIA_TIPO: VIALE<br>SEDE_VIA_DENOMINAZIONE: DI VITTORIO GIUSEPPE<br>SEDE_CIVICO: 11<br>SEDE_BARRATO: <br>QUARTIERE: SETTECANNOLI<br>QUARTIERE_NUMERO: 11",
        "ID": "120",
        "ID_PORTALE": "",
        "TIPO": "Plesso",
        "DENOMINAZIONE": "Natoli",
        "CATEGORIA": "",
        "VIA_TIPO": "CORSO",
        "VIA_DENOMINAZIONE": "DEI MILLE",
        "CIVICO": "1486",
        "BARRATO": "",
        "SEDE_TIPO": "Sede",
        "SEDE_DENOMINAZIONE": "Di Vittorio",
        "SEDE_CATEGORIA": "IC",
        "SEDE_VIA_TIPO": "VIALE",
        "SEDE_VIA_DENOMINAZIONE": "DI VITTORIO GIUSEPPE",
        "SEDE_CIVICO": "11",
        "SEDE_BARRATO": "",
        "QUARTIERE": "SETTECANNOLI",
        "QUARTIERE_NUMERO": "11"
      },
      "geometry": {
        "type": "Point",
        "coordinates": [
          13.414539,
          38.09096,
          0
        ]
      }
    },
    {
      "type": "Feature",
      "properties": {
        "styleMapHash": {
          "normal": "#icon-503-93D7E8-normal",
          "highlight": "#icon-503-93D7E8-highlight"
        },
        "description": "ID: 34<br>ID_PORTALE: 1<br>TIPO: Plesso<br>DENOMINAZIONE: ZS Corpo A<br>CATEGORIA: <br>VIA_TIPO: VIA<br>VIA_DENOMINAZIONE: PALAZZOTTO F.P. E G.B.<br>CIVICO: 5<br>BARRATO: <br>SEDE_TIPO: Sede<br>SEDE_DENOMINAZIONE: Gabelli<br>SEDE_CATEGORIA: DD<br>SEDE_VIA_TIPO: VIA<br>SEDE_VIA_DENOMINAZIONE: EUGENIO L'EMIRO<br>SEDE_CIVICO: 30<br>SEDE_BARRATO: <br>QUARTIERE: ZISA<br>QUARTIERE_NUMERO: 6",
        "ID": "34",
        "ID_PORTALE": "1",
        "TIPO": "Plesso",
        "DENOMINAZIONE": "ZS Corpo A",
        "CATEGORIA": "",
        "VIA_TIPO": "VIA",
        "VIA_DENOMINAZIONE": "PALAZZOTTO F.P. E G.B.",
        "CIVICO": "5",
        "BARRATO": "",
        "SEDE_TIPO": "Sede",
        "SEDE_DENOMINAZIONE": "Gabelli",
        "SEDE_CATEGORIA": "DD",
        "SEDE_VIA_TIPO": "VIA",
        "SEDE_VIA_DENOMINAZIONE": "EUGENIO L'EMIRO",
        "SEDE_CIVICO": "30",
        "SEDE_BARRATO": "",
        "QUARTIERE": "ZISA",
        "QUARTIERE_NUMERO": "6"
      },
      "geometry": {
        "type": "Point",
        "coordinates": [
          13.334943,
          38.114501,
          0
        ]
      }
    },
    {
      "type": "Feature",
      "properties": {
        "styleMapHash": {
          "normal": "#icon-503-3F5BA9-normal",
          "highlight": "#icon-503-3F5BA9-highlight"
        },
        "description": "ID: 103<br>ID_PORTALE: 1<br>TIPO: Sede<br>DENOMINAZIONE: T. Lampedusa<br>CATEGORIA: IC<br>VIA_TIPO: VIA<br>VIA_DENOMINAZIONE: DOGALI<br>CIVICO: <br>BARRATO: <br>SEDE_TIPO: Sede<br>SEDE_DENOMINAZIONE: T. Lampedusa<br>SEDE_CATEGORIA: IC<br>SEDE_VIA_TIPO: VIA<br>SEDE_VIA_DENOMINAZIONE: DOGALI<br>SEDE_CIVICO: <br>SEDE_BARRATO: <br>QUARTIERE: UDITORE- PASSO DI RIGANO<br>QUARTIERE_NUMERO: 17",
        "ID": "103",
        "ID_PORTALE": "1",
        "TIPO": "Sede",
        "DENOMINAZIONE": "T. Lampedusa",
        "CATEGORIA": "IC",
        "VIA_TIPO": "VIA",
        "VIA_DENOMINAZIONE": "DOGALI",
        "CIVICO": "",
        "BARRATO": "",
        "SEDE_TIPO": "Sede",
        "SEDE_DENOMINAZIONE": "T. Lampedusa",
        "SEDE_CATEGORIA": "IC",
        "SEDE_VIA_TIPO": "VIA",
        "SEDE_VIA_DENOMINAZIONE": "DOGALI",
        "SEDE_CIVICO": "",
        "SEDE_BARRATO": "",
        "QUARTIERE": "UDITORE- PASSO DI RIGANO",
        "QUARTIERE_NUMERO": "17"
      },
      "geometry": {
        "type": "Point",
        "coordinates": [
          13.314146,
          38.124562,
          0
        ]
      }
    },
    {
      "type": "Feature",
      "properties": {
        "styleMapHash": {
          "normal": "#icon-503-3F5BA9-normal",
          "highlight": "#icon-503-3F5BA9-highlight"
        },
        "description": "ID: 248<br>ID_PORTALE: 1<br>TIPO: Sede<br>DENOMINAZIONE: Cesareo<br>CATEGORIA: SMS<br>VIA_TIPO: VIA<br>VIA_DENOMINAZIONE: PARATORE GIUSEPPE<br>CIVICO: 36<br>BARRATO: <br>SEDE_TIPO: Sede<br>SEDE_DENOMINAZIONE: Cesareo<br>SEDE_CATEGORIA: SMS<br>SEDE_VIA_TIPO: VIA<br>SEDE_VIA_DENOMINAZIONE: PARATORE GIUSEPPE<br>SEDE_CIVICO: 36<br>SEDE_BARRATO: <br>QUARTIERE: ORETO-STAZIONE<br>QUARTIERE_NUMERO: 3",
        "ID": "248",
        "ID_PORTALE": "1",
        "TIPO": "Sede",
        "DENOMINAZIONE": "Cesareo",
        "CATEGORIA": "SMS",
        "VIA_TIPO": "VIA",
        "VIA_DENOMINAZIONE": "PARATORE GIUSEPPE",
        "CIVICO": "36",
        "BARRATO": "",
        "SEDE_TIPO": "Sede",
        "SEDE_DENOMINAZIONE": "Cesareo",
        "SEDE_CATEGORIA": "SMS",
        "SEDE_VIA_TIPO": "VIA",
        "SEDE_VIA_DENOMINAZIONE": "PARATORE GIUSEPPE",
        "SEDE_CIVICO": "36",
        "SEDE_BARRATO": "",
        "QUARTIERE": "ORETO-STAZIONE",
        "QUARTIERE_NUMERO": "3"
      },
      "geometry": {
        "type": "Point",
        "coordinates": [
          13.373163,
          38.093324,
          0
        ]
      }
    },
    {
      "type": "Feature",
      "properties": {
        "styleMapHash": {
          "normal": "#icon-503-93D7E8-normal",
          "highlight": "#icon-503-93D7E8-highlight"
        },
        "description": "ID: 209<br>ID_PORTALE: 1<br>TIPO: Plesso<br>DENOMINAZIONE: Pertini<br>CATEGORIA: <br>VIA_TIPO: VIA<br>VIA_DENOMINAZIONE: CAVALLOTTI FELICE<br>CIVICO: 1<br>BARRATO: <br>SEDE_TIPO: Sede<br>SEDE_DENOMINAZIONE: Sperone - Pertini<br>SEDE_CATEGORIA: IC<br>SEDE_VIA_TIPO: VIA<br>SEDE_VIA_DENOMINAZIONE: GIANNOTTA NICOLO'<br>SEDE_CIVICO: 4<br>SEDE_BARRATO: <br>QUARTIERE: SETTECANNOLI<br>QUARTIERE_NUMERO: 11",
        "ID": "209",
        "ID_PORTALE": "1",
        "TIPO": "Plesso",
        "DENOMINAZIONE": "Pertini",
        "CATEGORIA": "",
        "VIA_TIPO": "VIA",
        "VIA_DENOMINAZIONE": "CAVALLOTTI FELICE",
        "CIVICO": "1",
        "BARRATO": "",
        "SEDE_TIPO": "Sede",
        "SEDE_DENOMINAZIONE": "Sperone - Pertini",
        "SEDE_CATEGORIA": "IC",
        "SEDE_VIA_TIPO": "VIA",
        "SEDE_VIA_DENOMINAZIONE": "GIANNOTTA NICOLO'",
        "SEDE_CIVICO": "4",
        "SEDE_BARRATO": "",
        "QUARTIERE": "SETTECANNOLI",
        "QUARTIERE_NUMERO": "11"
      },
      "geometry": {
        "type": "Point",
        "coordinates": [
          13.395945,
          38.098299,
          0
        ]
      }
    },
    {
      "type": "Feature",
      "properties": {
        "styleMapHash": {
          "normal": "#icon-503-93D7E8-normal",
          "highlight": "#icon-503-93D7E8-highlight"
        },
        "description": "ID: 220<br>ID_PORTALE: 1<br>TIPO: Plesso<br>DENOMINAZIONE: Don Milani<br>CATEGORIA: <br>VIA_TIPO: VIA<br>VIA_DENOMINAZIONE: SFERRACAVALLO<br>CIVICO: 132<br>BARRATO: <br>SEDE_TIPO: Sede<br>SEDE_DENOMINAZIONE: Sferracavallo<br>SEDE_CATEGORIA: IC<br>SEDE_VIA_TIPO: VIA<br>SEDE_VIA_DENOMINAZIONE: TACITO<br>SEDE_CIVICO: 34<br>SEDE_BARRATO: <br>QUARTIERE: TOMMASO NATALE- SFERRACAVALLO<br>QUARTIERE_NUMERO: 21",
        "ID": "220",
        "ID_PORTALE": "1",
        "TIPO": "Plesso",
        "DENOMINAZIONE": "Don Milani",
        "CATEGORIA": "",
        "VIA_TIPO": "VIA",
        "VIA_DENOMINAZIONE": "SFERRACAVALLO",
        "CIVICO": "132",
        "BARRATO": "",
        "SEDE_TIPO": "Sede",
        "SEDE_DENOMINAZIONE": "Sferracavallo",
        "SEDE_CATEGORIA": "IC",
        "SEDE_VIA_TIPO": "VIA",
        "SEDE_VIA_DENOMINAZIONE": "TACITO",
        "SEDE_CIVICO": "34",
        "SEDE_BARRATO": "",
        "QUARTIERE": "TOMMASO NATALE- SFERRACAVALLO",
        "QUARTIERE_NUMERO": "21"
      },
      "geometry": {
        "type": "Point",
        "coordinates": [
          13.282336,
          38.193433,
          0
        ]
      }
    },
    {
      "type": "Feature",
      "properties": {
        "styleMapHash": {
          "normal": "#icon-959-CDDC39-normal",
          "highlight": "#icon-959-CDDC39-highlight"
        },
        "description": "ID: 10<br>ID_PORTALE: 1<br>TIPO: Asilo Nido<br>DENOMINAZIONE: Girasole<br>VIA_TIPO: VIA<br>VIA_DENOMINAZIONE: PERPIGNANO<br>CIVICO: 287<br>BARRATO: <br>QUARTIERE_NUMERO: 17<br>QUARTIERE: UDITORE- PASSO DI RIGANO",
        "ID": "10",
        "ID_PORTALE": "1",
        "TIPO": "Asilo Nido",
        "DENOMINAZIONE": "Girasole",
        "VIA_TIPO": "VIA",
        "VIA_DENOMINAZIONE": "PERPIGNANO",
        "CIVICO": "287",
        "BARRATO": "",
        "QUARTIERE_NUMERO": "17",
        "QUARTIERE": "UDITORE- PASSO DI RIGANO"
      },
      "geometry": {
        "type": "Point",
        "coordinates": [
          13.326917,
          38.119753,
          0
        ]
      }
    },
    {
      "type": "Feature",
      "properties": {
        "styleMapHash": {
          "normal": "#icon-503-93D7E8-normal",
          "highlight": "#icon-503-93D7E8-highlight"
        },
        "description": "ID: 44<br>ID_PORTALE: 1<br>TIPO: Plesso<br>DENOMINAZIONE: Corpo C<br>CATEGORIA: <br>VIA_TIPO: VIA<br>VIA_DENOMINAZIONE: ROSSO DI S. SECONDO<br>CIVICO: 1<br>BARRATO: <br>SEDE_TIPO: Sede<br>SEDE_DENOMINAZIONE: De Amicis - Corpo A<br>SEDE_CATEGORIA: DD<br>SEDE_VIA_TIPO: VIA<br>SEDE_VIA_DENOMINAZIONE: ROSSO DI S. SECONDO<br>SEDE_CIVICO: 1<br>SEDE_BARRATO: <br>QUARTIERE: NOCE<br>QUARTIERE_NUMERO: 7",
        "ID": "44",
        "ID_PORTALE": "1",
        "TIPO": "Plesso",
        "DENOMINAZIONE": "Corpo C",
        "CATEGORIA": "",
        "VIA_TIPO": "VIA",
        "VIA_DENOMINAZIONE": "ROSSO DI S. SECONDO",
        "CIVICO": "1",
        "BARRATO": "",
        "SEDE_TIPO": "Sede",
        "SEDE_DENOMINAZIONE": "De Amicis - Corpo A",
        "SEDE_CATEGORIA": "DD",
        "SEDE_VIA_TIPO": "VIA",
        "SEDE_VIA_DENOMINAZIONE": "ROSSO DI S. SECONDO",
        "SEDE_CIVICO": "1",
        "SEDE_BARRATO": "",
        "QUARTIERE": "NOCE",
        "QUARTIERE_NUMERO": "7"
      },
      "geometry": {
        "type": "Point",
        "coordinates": [
          13.32984,
          38.120499,
          0
        ]
      }
    },
    {
      "type": "Feature",
      "properties": {
        "styleMapHash": {
          "normal": "#icon-503-93D7E8-normal",
          "highlight": "#icon-503-93D7E8-highlight"
        },
        "description": "ID: 47<br>ID_PORTALE: 1<br>TIPO: Plesso<br>DENOMINAZIONE: Nazario Sauro<br>CATEGORIA: <br>VIA_TIPO: VIA<br>VIA_DENOMINAZIONE: SAURO NAZARIO<br>CIVICO: 11<br>BARRATO: <br>SEDE_TIPO: Sede<br>SEDE_DENOMINAZIONE: De Amicis - Corpo A<br>SEDE_CATEGORIA: DD<br>SEDE_VIA_TIPO: VIA<br>SEDE_VIA_DENOMINAZIONE: ROSSO DI S. SECONDO<br>SEDE_CIVICO: 1<br>SEDE_BARRATO: <br>QUARTIERE: NOCE<br>QUARTIERE_NUMERO: 7",
        "ID": "47",
        "ID_PORTALE": "1",
        "TIPO": "Plesso",
        "DENOMINAZIONE": "Nazario Sauro",
        "CATEGORIA": "",
        "VIA_TIPO": "VIA",
        "VIA_DENOMINAZIONE": "SAURO NAZARIO",
        "CIVICO": "11",
        "BARRATO": "",
        "SEDE_TIPO": "Sede",
        "SEDE_DENOMINAZIONE": "De Amicis - Corpo A",
        "SEDE_CATEGORIA": "DD",
        "SEDE_VIA_TIPO": "VIA",
        "SEDE_VIA_DENOMINAZIONE": "ROSSO DI S. SECONDO",
        "SEDE_CIVICO": "1",
        "SEDE_BARRATO": "",
        "QUARTIERE": "NOCE",
        "QUARTIERE_NUMERO": "7"
      },
      "geometry": {
        "type": "Point",
        "coordinates": [
          13.332607,
          38.122652,
          0
        ]
      }
    },
    {
      "type": "Feature",
      "properties": {
        "styleMapHash": {
          "normal": "#icon-503-93D7E8-normal",
          "highlight": "#icon-503-93D7E8-highlight"
        },
        "description": "ID: 36<br>ID_PORTALE: 1<br>TIPO: Plesso<br>DENOMINAZIONE: ZS Corpo B<br>CATEGORIA: <br>VIA_TIPO: VIA<br>VIA_DENOMINAZIONE: PALAZZOTTO F.P. E G.B.<br>CIVICO: 3<br>BARRATO: <br>SEDE_TIPO: Sede<br>SEDE_DENOMINAZIONE: Gabelli<br>SEDE_CATEGORIA: DD<br>SEDE_VIA_TIPO: VIA<br>SEDE_VIA_DENOMINAZIONE: EUGENIO L'EMIRO<br>SEDE_CIVICO: 30<br>SEDE_BARRATO: <br>QUARTIERE: ZISA<br>QUARTIERE_NUMERO: 6",
        "ID": "36",
        "ID_PORTALE": "1",
        "TIPO": "Plesso",
        "DENOMINAZIONE": "ZS Corpo B",
        "CATEGORIA": "",
        "VIA_TIPO": "VIA",
        "VIA_DENOMINAZIONE": "PALAZZOTTO F.P. E G.B.",
        "CIVICO": "3",
        "BARRATO": "",
        "SEDE_TIPO": "Sede",
        "SEDE_DENOMINAZIONE": "Gabelli",
        "SEDE_CATEGORIA": "DD",
        "SEDE_VIA_TIPO": "VIA",
        "SEDE_VIA_DENOMINAZIONE": "EUGENIO L'EMIRO",
        "SEDE_CIVICO": "30",
        "SEDE_BARRATO": "",
        "QUARTIERE": "ZISA",
        "QUARTIERE_NUMERO": "6"
      },
      "geometry": {
        "type": "Point",
        "coordinates": [
          13.334639,
          38.114837,
          0
        ]
      }
    },
    {
      "type": "Feature",
      "properties": {
        "styleMapHash": {
          "normal": "#icon-503-3F5BA9-normal",
          "highlight": "#icon-503-3F5BA9-highlight"
        },
        "description": "ID: 88<br>ID_PORTALE: 1<br>TIPO: Sede<br>DENOMINAZIONE: Tomaselli<br>CATEGORIA: DD<br>VIA_TIPO: VIA<br>VIA_DENOMINAZIONE: ABRUZZI<br>CIVICO: 2<br>BARRATO: <br>SEDE_TIPO: Sede<br>SEDE_DENOMINAZIONE: Tomaselli<br>SEDE_CATEGORIA: DD<br>SEDE_VIA_TIPO: VIA<br>SEDE_VIA_DENOMINAZIONE: ABRUZZI<br>SEDE_CIVICO: 2<br>SEDE_BARRATO: <br>QUARTIERE: LIBERTA'<br>QUARTIERE_NUMERO: 9",
        "ID": "88",
        "ID_PORTALE": "1",
        "TIPO": "Sede",
        "DENOMINAZIONE": "Tomaselli",
        "CATEGORIA": "DD",
        "VIA_TIPO": "VIA",
        "VIA_DENOMINAZIONE": "ABRUZZI",
        "CIVICO": "2",
        "BARRATO": "",
        "SEDE_TIPO": "Sede",
        "SEDE_DENOMINAZIONE": "Tomaselli",
        "SEDE_CATEGORIA": "DD",
        "SEDE_VIA_TIPO": "VIA",
        "SEDE_VIA_DENOMINAZIONE": "ABRUZZI",
        "SEDE_CIVICO": "2",
        "SEDE_BARRATO": "",
        "QUARTIERE": "LIBERTA'",
        "QUARTIERE_NUMERO": "9"
      },
      "geometry": {
        "type": "Point",
        "coordinates": [
          13.335747,
          38.141558,
          0
        ]
      }
    },
    {
      "type": "Feature",
      "properties": {
        "styleMapHash": {
          "normal": "#icon-503-3F5BA9-normal",
          "highlight": "#icon-503-3F5BA9-highlight"
        },
        "description": "ID: 17<br>ID_PORTALE: 1<br>TIPO: Sede<br>DENOMINAZIONE: Cavallari<br>CATEGORIA: DD<br>VIA_TIPO: CORSO<br>VIA_DENOMINAZIONE: DEI MILLE<br>CIVICO: 793<br>BARRATO: <br>SEDE_TIPO: Sede<br>SEDE_DENOMINAZIONE: Cavallari<br>SEDE_CATEGORIA: DD<br>SEDE_VIA_TIPO: CORSO<br>SEDE_VIA_DENOMINAZIONE: DEI MILLE<br>SEDE_CIVICO: 793<br>SEDE_BARRATO: <br>QUARTIERE: SETTECANNOLI<br>QUARTIERE_NUMERO: 11",
        "ID": "17",
        "ID_PORTALE": "1",
        "TIPO": "Sede",
        "DENOMINAZIONE": "Cavallari",
        "CATEGORIA": "DD",
        "VIA_TIPO": "CORSO",
        "VIA_DENOMINAZIONE": "DEI MILLE",
        "CIVICO": "793",
        "BARRATO": "",
        "SEDE_TIPO": "Sede",
        "SEDE_DENOMINAZIONE": "Cavallari",
        "SEDE_CATEGORIA": "DD",
        "SEDE_VIA_TIPO": "CORSO",
        "SEDE_VIA_DENOMINAZIONE": "DEI MILLE",
        "SEDE_CIVICO": "793",
        "SEDE_BARRATO": "",
        "QUARTIERE": "SETTECANNOLI",
        "QUARTIERE_NUMERO": "11"
      },
      "geometry": {
        "type": "Point",
        "coordinates": [
          13.390066,
          38.098905,
          0
        ]
      }
    },
    {
      "type": "Feature",
      "properties": {
        "styleMapHash": {
          "normal": "#icon-503-93D7E8-normal",
          "highlight": "#icon-503-93D7E8-highlight"
        },
        "description": "ID: 253<br>ID_PORTALE: 1<br>TIPO: Plesso<br>DENOMINAZIONE: Paulsen<br>CATEGORIA: <br>VIA_TIPO: PIAZZALE<br>VIA_DENOMINAZIONE: CARPINO FRANCESCO CARDINALE<br>CIVICO: 3<br>BARRATO: <br>SEDE_TIPO: Sede<br>SEDE_DENOMINAZIONE: Vittorio Emanuele Capitano Basile<br>SEDE_CATEGORIA: IC<br>SEDE_VIA_TIPO: VIA<br>SEDE_VIA_DENOMINAZIONE: TERRANOVA CESARE<br>SEDE_CIVICO: 93<br>SEDE_BARRATO: <br>QUARTIERE: MEZZOMONREALE-V.LLA TASCA<br>QUARTIERE_NUMERO: 14",
        "ID": "253",
        "ID_PORTALE": "1",
        "TIPO": "Plesso",
        "DENOMINAZIONE": "Paulsen",
        "CATEGORIA": "",
        "VIA_TIPO": "PIAZZALE",
        "VIA_DENOMINAZIONE": "CARPINO FRANCESCO CARDINALE",
        "CIVICO": "3",
        "BARRATO": "",
        "SEDE_TIPO": "Sede",
        "SEDE_DENOMINAZIONE": "Vittorio Emanuele Capitano Basile",
        "SEDE_CATEGORIA": "IC",
        "SEDE_VIA_TIPO": "VIA",
        "SEDE_VIA_DENOMINAZIONE": "TERRANOVA CESARE",
        "SEDE_CIVICO": "93",
        "SEDE_BARRATO": "",
        "QUARTIERE": "MEZZOMONREALE-V.LLA TASCA",
        "QUARTIERE_NUMERO": "14"
      },
      "geometry": {
        "type": "Point",
        "coordinates": [
          13.324801,
          38.098949,
          0
        ]
      }
    },
    {
      "type": "Feature",
      "properties": {
        "styleMapHash": {
          "normal": "#icon-503-93D7E8-normal",
          "highlight": "#icon-503-93D7E8-highlight"
        },
        "description": "ID: 125<br>ID_PORTALE: 1<br>TIPO: Plesso<br>DENOMINAZIONE: Domino<br>CATEGORIA: <br>VIA_TIPO: VIA<br>VIA_DENOMINAZIONE: DOMINO CLAUDIO<br>CIVICO: 3<br>BARRATO: <br>SEDE_TIPO: Sede<br>SEDE_DENOMINAZIONE: Florio - San Lorenzo<br>SEDE_CATEGORIA: IC<br>SEDE_VIA_TIPO: VIA<br>SEDE_VIA_DENOMINAZIONE: DI GIOVANNI FILIPPO<br>SEDE_CIVICO: 88<br>SEDE_BARRATO: <br>QUARTIERE: PALLAVICINO<br>QUARTIERE_NUMERO: 23",
        "ID": "125",
        "ID_PORTALE": "1",
        "TIPO": "Plesso",
        "DENOMINAZIONE": "Domino",
        "CATEGORIA": "",
        "VIA_TIPO": "VIA",
        "VIA_DENOMINAZIONE": "DOMINO CLAUDIO",
        "CIVICO": "3",
        "BARRATO": "",
        "SEDE_TIPO": "Sede",
        "SEDE_DENOMINAZIONE": "Florio - San Lorenzo",
        "SEDE_CATEGORIA": "IC",
        "SEDE_VIA_TIPO": "VIA",
        "SEDE_VIA_DENOMINAZIONE": "DI GIOVANNI FILIPPO",
        "SEDE_CIVICO": "88",
        "SEDE_BARRATO": "",
        "QUARTIERE": "PALLAVICINO",
        "QUARTIERE_NUMERO": "23"
      },
      "geometry": {
        "type": "Point",
        "coordinates": [
          13.325141,
          38.165038,
          0
        ]
      }
    },
    {
      "type": "Feature",
      "properties": {
        "styleMapHash": {
          "normal": "#icon-959-CDDC39-normal",
          "highlight": "#icon-959-CDDC39-highlight"
        },
        "description": "ID: 14<br>ID_PORTALE: 1<br>TIPO: Asilo Nido<br>DENOMINAZIONE: Filastrocca<br>VIA_TIPO: VIA<br>VIA_DENOMINAZIONE: TEMBIEN<br>CIVICO: 1<br>BARRATO: <br>QUARTIERE_NUMERO: 17<br>QUARTIERE: UDITORE- PASSO DI RIGANO",
        "ID": "14",
        "ID_PORTALE": "1",
        "TIPO": "Asilo Nido",
        "DENOMINAZIONE": "Filastrocca",
        "VIA_TIPO": "VIA",
        "VIA_DENOMINAZIONE": "TEMBIEN",
        "CIVICO": "1",
        "BARRATO": "",
        "QUARTIERE_NUMERO": "17",
        "QUARTIERE": "UDITORE- PASSO DI RIGANO"
      },
      "geometry": {
        "type": "Point",
        "coordinates": [
          13.308239,
          38.125298,
          0
        ]
      }
    },
    {
      "type": "Feature",
      "properties": {
        "styleMapHash": {
          "normal": "#icon-503-93D7E8-normal",
          "highlight": "#icon-503-93D7E8-highlight"
        },
        "description": "ID: 45<br>ID_PORTALE: 1<br>TIPO: Plesso<br>DENOMINAZIONE: Corpo D<br>CATEGORIA: <br>VIA_TIPO: VIA<br>VIA_DENOMINAZIONE: ROSSO DI S. SECONDO<br>CIVICO: 1<br>BARRATO: <br>SEDE_TIPO: Sede<br>SEDE_DENOMINAZIONE: De Amicis - Corpo A<br>SEDE_CATEGORIA: DD<br>SEDE_VIA_TIPO: VIA<br>SEDE_VIA_DENOMINAZIONE: ROSSO DI S. SECONDO<br>SEDE_CIVICO: 1<br>SEDE_BARRATO: <br>QUARTIERE: NOCE<br>QUARTIERE_NUMERO: 7",
        "ID": "45",
        "ID_PORTALE": "1",
        "TIPO": "Plesso",
        "DENOMINAZIONE": "Corpo D",
        "CATEGORIA": "",
        "VIA_TIPO": "VIA",
        "VIA_DENOMINAZIONE": "ROSSO DI S. SECONDO",
        "CIVICO": "1",
        "BARRATO": "",
        "SEDE_TIPO": "Sede",
        "SEDE_DENOMINAZIONE": "De Amicis - Corpo A",
        "SEDE_CATEGORIA": "DD",
        "SEDE_VIA_TIPO": "VIA",
        "SEDE_VIA_DENOMINAZIONE": "ROSSO DI S. SECONDO",
        "SEDE_CIVICO": "1",
        "SEDE_BARRATO": "",
        "QUARTIERE": "NOCE",
        "QUARTIERE_NUMERO": "7"
      },
      "geometry": {
        "type": "Point",
        "coordinates": [
          13.329686,
          38.120231,
          0
        ]
      }
    },
    {
      "type": "Feature",
      "properties": {
        "styleMapHash": {
          "normal": "#icon-503-93D7E8-normal",
          "highlight": "#icon-503-93D7E8-highlight"
        },
        "description": "ID: 98<br>ID_PORTALE: <br>TIPO: Plesso<br>DENOMINAZIONE: Nicolo' Turrisi<br>CATEGORIA: <br>VIA_TIPO: PIAZZA<br>VIA_DENOMINAZIONE: ORLANDO VITTORIO EMANUELE<br>CIVICO: 3<br>BARRATO: <br>SEDE_TIPO: Sede<br>SEDE_DENOMINAZIONE: Capuana<br>SEDE_CATEGORIA: IC<br>SEDE_VIA_TIPO: VIA<br>SEDE_VIA_DENOMINAZIONE: NARBONE ALESSIO<br>SEDE_CIVICO: 55<br>SEDE_BARRATO: <br>QUARTIERE: POLITEAMA<br>QUARTIERE_NUMERO: 10",
        "ID": "98",
        "ID_PORTALE": "",
        "TIPO": "Plesso",
        "DENOMINAZIONE": "Nicolo' Turrisi",
        "CATEGORIA": "",
        "VIA_TIPO": "PIAZZA",
        "VIA_DENOMINAZIONE": "ORLANDO VITTORIO EMANUELE",
        "CIVICO": "3",
        "BARRATO": "",
        "SEDE_TIPO": "Sede",
        "SEDE_DENOMINAZIONE": "Capuana",
        "SEDE_CATEGORIA": "IC",
        "SEDE_VIA_TIPO": "VIA",
        "SEDE_VIA_DENOMINAZIONE": "NARBONE ALESSIO",
        "SEDE_CIVICO": "55",
        "SEDE_BARRATO": "",
        "QUARTIERE": "POLITEAMA",
        "QUARTIERE_NUMERO": "10"
      },
      "geometry": {
        "type": "Point",
        "coordinates": [
          13.352709,
          38.119726,
          0
        ]
      }
    },
    {
      "type": "Feature",
      "properties": {
        "styleMapHash": {
          "normal": "#icon-503-3F5BA9-normal",
          "highlight": "#icon-503-3F5BA9-highlight"
        },
        "description": "ID: 100<br>ID_PORTALE: 1<br>TIPO: Sede<br>DENOMINAZIONE: A. Caponnetto<br>CATEGORIA: IC<br>VIA_TIPO: VIA<br>VIA_DENOMINAZIONE: SOCRATE<br>CIVICO: 11<br>BARRATO: <br>SEDE_TIPO: Sede<br>SEDE_DENOMINAZIONE: A. Caponnetto<br>SEDE_CATEGORIA: IC<br>SEDE_VIA_TIPO: VIA<br>SEDE_VIA_DENOMINAZIONE: SOCRATE<br>SEDE_CIVICO: 11<br>SEDE_BARRATO: <br>QUARTIERE: TOMMASO NATALE- SFERRACAVALLO<br>QUARTIERE_NUMERO: 21",
        "ID": "100",
        "ID_PORTALE": "1",
        "TIPO": "Sede",
        "DENOMINAZIONE": "A. Caponnetto",
        "CATEGORIA": "IC",
        "VIA_TIPO": "VIA",
        "VIA_DENOMINAZIONE": "SOCRATE",
        "CIVICO": "11",
        "BARRATO": "",
        "SEDE_TIPO": "Sede",
        "SEDE_DENOMINAZIONE": "A. Caponnetto",
        "SEDE_CATEGORIA": "IC",
        "SEDE_VIA_TIPO": "VIA",
        "SEDE_VIA_DENOMINAZIONE": "SOCRATE",
        "SEDE_CIVICO": "11",
        "SEDE_BARRATO": "",
        "QUARTIERE": "TOMMASO NATALE- SFERRACAVALLO",
        "QUARTIERE_NUMERO": "21"
      },
      "geometry": {
        "type": "Point",
        "coordinates": [
          13.28817,
          38.18657,
          0
        ]
      }
    },
    {
      "type": "Feature",
      "properties": {
        "styleMapHash": {
          "normal": "#icon-503-3F5BA9-normal",
          "highlight": "#icon-503-3F5BA9-highlight"
        },
        "description": "ID: 224<br>ID_PORTALE: 1<br>TIPO: Sede<br>DENOMINAZIONE: Uditore - Setti Carraro<br>CATEGORIA: IC<br>VIA_TIPO: VIA<br>VIA_DENOMINAZIONE: CIMABUE GIOVANNI<br>CIVICO: 20<br>BARRATO: <br>SEDE_TIPO: Sede<br>SEDE_DENOMINAZIONE: Uditore - Setti Carraro<br>SEDE_CATEGORIA: IC<br>SEDE_VIA_TIPO: VIA<br>SEDE_VIA_DENOMINAZIONE: CIMABUE GIOVANNI<br>SEDE_CIVICO: 20<br>SEDE_BARRATO: <br>QUARTIERE: UDITORE- PASSO DI RIGANO<br>QUARTIERE_NUMERO: 17",
        "ID": "224",
        "ID_PORTALE": "1",
        "TIPO": "Sede",
        "DENOMINAZIONE": "Uditore - Setti Carraro",
        "CATEGORIA": "IC",
        "VIA_TIPO": "VIA",
        "VIA_DENOMINAZIONE": "CIMABUE GIOVANNI",
        "CIVICO": "20",
        "BARRATO": "",
        "SEDE_TIPO": "Sede",
        "SEDE_DENOMINAZIONE": "Uditore - Setti Carraro",
        "SEDE_CATEGORIA": "IC",
        "SEDE_VIA_TIPO": "VIA",
        "SEDE_VIA_DENOMINAZIONE": "CIMABUE GIOVANNI",
        "SEDE_CIVICO": "20",
        "SEDE_BARRATO": "",
        "QUARTIERE": "UDITORE- PASSO DI RIGANO",
        "QUARTIERE_NUMERO": "17"
      },
      "geometry": {
        "type": "Point",
        "coordinates": [
          13.326477,
          38.131536,
          0
        ]
      }
    },
    {
      "type": "Feature",
      "properties": {
        "styleMapHash": {
          "normal": "#icon-503-3F5BA9-normal",
          "highlight": "#icon-503-3F5BA9-highlight"
        },
        "description": "ID: 87<br>ID_PORTALE: <br>TIPO: Sede<br>DENOMINAZIONE: Capuana<br>CATEGORIA: IC<br>VIA_TIPO: VIA<br>VIA_DENOMINAZIONE: NARBONE ALESSIO<br>CIVICO: 55<br>BARRATO: <br>SEDE_TIPO: Sede<br>SEDE_DENOMINAZIONE: Capuana<br>SEDE_CATEGORIA: IC<br>SEDE_VIA_TIPO: VIA<br>SEDE_VIA_DENOMINAZIONE: NARBONE ALESSIO<br>SEDE_CIVICO: 55<br>SEDE_BARRATO: <br>QUARTIERE: ZISA<br>QUARTIERE_NUMERO: 6",
        "ID": "87",
        "ID_PORTALE": "",
        "TIPO": "Sede",
        "DENOMINAZIONE": "Capuana",
        "CATEGORIA": "IC",
        "VIA_TIPO": "VIA",
        "VIA_DENOMINAZIONE": "NARBONE ALESSIO",
        "CIVICO": "55",
        "BARRATO": "",
        "SEDE_TIPO": "Sede",
        "SEDE_DENOMINAZIONE": "Capuana",
        "SEDE_CATEGORIA": "IC",
        "SEDE_VIA_TIPO": "VIA",
        "SEDE_VIA_DENOMINAZIONE": "NARBONE ALESSIO",
        "SEDE_CIVICO": "55",
        "SEDE_BARRATO": "",
        "QUARTIERE": "ZISA",
        "QUARTIERE_NUMERO": "6"
      },
      "geometry": {
        "type": "Point",
        "coordinates": [
          13.344371,
          38.119956,
          0
        ]
      }
    },
    {
      "type": "Feature",
      "properties": {
        "styleMapHash": {
          "normal": "#icon-503-93D7E8-normal",
          "highlight": "#icon-503-93D7E8-highlight"
        },
        "description": "ID: 39<br>ID_PORTALE: 1<br>TIPO: Plesso<br>DENOMINAZIONE: Pascoli<br>CATEGORIA: <br>VIA_TIPO: PIAZZA<br>VIA_DENOMINAZIONE: ZISA<br>CIVICO: 21<br>BARRATO: <br>SEDE_TIPO: Sede<br>SEDE_DENOMINAZIONE: Gabelli<br>SEDE_CATEGORIA: DD<br>SEDE_VIA_TIPO: VIA<br>SEDE_VIA_DENOMINAZIONE: EUGENIO L'EMIRO<br>SEDE_CIVICO: 30<br>SEDE_BARRATO: <br>QUARTIERE: ZISA<br>QUARTIERE_NUMERO: 6",
        "ID": "39",
        "ID_PORTALE": "1",
        "TIPO": "Plesso",
        "DENOMINAZIONE": "Pascoli",
        "CATEGORIA": "",
        "VIA_TIPO": "PIAZZA",
        "VIA_DENOMINAZIONE": "ZISA",
        "CIVICO": "21",
        "BARRATO": "",
        "SEDE_TIPO": "Sede",
        "SEDE_DENOMINAZIONE": "Gabelli",
        "SEDE_CATEGORIA": "DD",
        "SEDE_VIA_TIPO": "VIA",
        "SEDE_VIA_DENOMINAZIONE": "EUGENIO L'EMIRO",
        "SEDE_CIVICO": "30",
        "SEDE_BARRATO": "",
        "QUARTIERE": "ZISA",
        "QUARTIERE_NUMERO": "6"
      },
      "geometry": {
        "type": "Point",
        "coordinates": [
          13.34092,
          38.116119,
          0
        ]
      }
    },
    {
      "type": "Feature",
      "properties": {
        "styleMapHash": {
          "normal": "#icon-503-93D7E8-normal",
          "highlight": "#icon-503-93D7E8-highlight"
        },
        "description": "ID: 37<br>ID_PORTALE: 1<br>TIPO: Plesso<br>DENOMINAZIONE: Diaz Vecchio<br>CATEGORIA: <br>VIA_TIPO: VIA<br>VIA_DENOMINAZIONE: REGINA MARIA DI SICILIA<br>CIVICO: 7<br>BARRATO: <br>SEDE_TIPO: Sede<br>SEDE_DENOMINAZIONE: Cavallari<br>SEDE_CATEGORIA: DD<br>SEDE_VIA_TIPO: CORSO<br>SEDE_VIA_DENOMINAZIONE: DEI MILLE<br>SEDE_CIVICO: 793<br>SEDE_BARRATO: <br>QUARTIERE: SETTECANNOLI<br>QUARTIERE_NUMERO: 11",
        "ID": "37",
        "ID_PORTALE": "1",
        "TIPO": "Plesso",
        "DENOMINAZIONE": "Diaz Vecchio",
        "CATEGORIA": "",
        "VIA_TIPO": "VIA",
        "VIA_DENOMINAZIONE": "REGINA MARIA DI SICILIA",
        "CIVICO": "7",
        "BARRATO": "",
        "SEDE_TIPO": "Sede",
        "SEDE_DENOMINAZIONE": "Cavallari",
        "SEDE_CATEGORIA": "DD",
        "SEDE_VIA_TIPO": "CORSO",
        "SEDE_VIA_DENOMINAZIONE": "DEI MILLE",
        "SEDE_CIVICO": "793",
        "SEDE_BARRATO": "",
        "QUARTIERE": "SETTECANNOLI",
        "QUARTIERE_NUMERO": "11"
      },
      "geometry": {
        "type": "Point",
        "coordinates": [
          13.391676,
          38.099266,
          0
        ]
      }
    },
    {
      "type": "Feature",
      "properties": {
        "styleMapHash": {
          "normal": "#icon-959-CDDC39-normal",
          "highlight": "#icon-959-CDDC39-highlight"
        },
        "description": "ID: 19<br>ID_PORTALE: 1<br>TIPO: Asilo Nido<br>DENOMINAZIONE: Ermellino<br>VIA_TIPO: VIA<br>VIA_DENOMINAZIONE: DELL'ERMELLINO<br>CIVICO: 33<br>BARRATO: A<br>QUARTIERE_NUMERO: 13<br>QUARTIERE: VILLAGRAZIA-FALSOMIELE",
        "ID": "19",
        "ID_PORTALE": "1",
        "TIPO": "Asilo Nido",
        "DENOMINAZIONE": "Ermellino",
        "VIA_TIPO": "VIA",
        "VIA_DENOMINAZIONE": "DELL'ERMELLINO",
        "CIVICO": "33",
        "BARRATO": "A",
        "QUARTIERE_NUMERO": "13",
        "QUARTIERE": "VILLAGRAZIA-FALSOMIELE"
      },
      "geometry": {
        "type": "Point",
        "coordinates": [
          13.36408,
          38.086582,
          0
        ]
      }
    },
    {
      "type": "Feature",
      "properties": {
        "styleMapHash": {
          "normal": "#icon-503-93D7E8-normal",
          "highlight": "#icon-503-93D7E8-highlight"
        },
        "description": "ID: 235<br>ID_PORTALE: 1<br>TIPO: Plesso<br>DENOMINAZIONE: Corrao<br>CATEGORIA: <br>VIA_TIPO: VIA<br>VIA_DENOMINAZIONE: CONTE FEDERICO<br>CIVICO: 267<br>BARRATO: A<br>SEDE_TIPO: Sede<br>SEDE_DENOMINAZIONE: Padre Puglisi<br>SEDE_CATEGORIA: IC<br>SEDE_VIA_TIPO: VIA<br>SEDE_VIA_DENOMINAZIONE: PANZERA FRANCESCO<br>SEDE_CIVICO: 28<br>SEDE_BARRATO: <br>QUARTIERE: BRANCACCIO-CIACULLI<br>QUARTIERE_NUMERO: 12",
        "ID": "235",
        "ID_PORTALE": "1",
        "TIPO": "Plesso",
        "DENOMINAZIONE": "Corrao",
        "CATEGORIA": "",
        "VIA_TIPO": "VIA",
        "VIA_DENOMINAZIONE": "CONTE FEDERICO",
        "CIVICO": "267",
        "BARRATO": "A",
        "SEDE_TIPO": "Sede",
        "SEDE_DENOMINAZIONE": "Padre Puglisi",
        "SEDE_CATEGORIA": "IC",
        "SEDE_VIA_TIPO": "VIA",
        "SEDE_VIA_DENOMINAZIONE": "PANZERA FRANCESCO",
        "SEDE_CIVICO": "28",
        "SEDE_BARRATO": "",
        "QUARTIERE": "BRANCACCIO-CIACULLI",
        "QUARTIERE_NUMERO": "12"
      },
      "geometry": {
        "type": "Point",
        "coordinates": [
          13.398009,
          38.086125,
          0
        ]
      }
    },
    {
      "type": "Feature",
      "properties": {
        "styleMapHash": {
          "normal": "#icon-503-93D7E8-normal",
          "highlight": "#icon-503-93D7E8-highlight"
        },
        "description": "ID: 65<br>ID_PORTALE: 1<br>TIPO: Plesso<br>DENOMINAZIONE: Pascoli<br>CATEGORIA: <br>VIA_TIPO: VIA<br>VIA_DENOMINAZIONE: NETTUNO<br>CIVICO: 6<br>BARRATO: <br>SEDE_TIPO: Sede<br>SEDE_DENOMINAZIONE: P. Mondello<br>SEDE_CATEGORIA: DD<br>SEDE_VIA_TIPO: VIA<br>SEDE_VIA_DENOMINAZIONE: SANTOCANALE<br>SEDE_CIVICO: 23<br>SEDE_BARRATO: B<br>QUARTIERE: PARTANNA MONDELLO<br>QUARTIERE_NUMERO: 22",
        "ID": "65",
        "ID_PORTALE": "1",
        "TIPO": "Plesso",
        "DENOMINAZIONE": "Pascoli",
        "CATEGORIA": "",
        "VIA_TIPO": "VIA",
        "VIA_DENOMINAZIONE": "NETTUNO",
        "CIVICO": "6",
        "BARRATO": "",
        "SEDE_TIPO": "Sede",
        "SEDE_DENOMINAZIONE": "P. Mondello",
        "SEDE_CATEGORIA": "DD",
        "SEDE_VIA_TIPO": "VIA",
        "SEDE_VIA_DENOMINAZIONE": "SANTOCANALE",
        "SEDE_CIVICO": "23",
        "SEDE_BARRATO": "B",
        "QUARTIERE": "PARTANNA MONDELLO",
        "QUARTIERE_NUMERO": "22"
      },
      "geometry": {
        "type": "Point",
        "coordinates": [
          13.316482,
          38.196678,
          0
        ]
      }
    },
    {
      "type": "Feature",
      "properties": {
        "styleMapHash": {
          "normal": "#icon-503-3F5BA9-normal",
          "highlight": "#icon-503-3F5BA9-highlight"
        },
        "description": "ID: 63<br>ID_PORTALE: 1<br>TIPO: Sede<br>DENOMINAZIONE: Abba - Alighieri<br>CATEGORIA: IC<br>VIA_TIPO: VIA<br>VIA_DENOMINAZIONE: MARTURANO RUGGERO<br>CIVICO: 77<br>BARRATO: <br>SEDE_TIPO: Sede<br>SEDE_DENOMINAZIONE: Abba - Alighieri<br>SEDE_CATEGORIA: IC<br>SEDE_VIA_TIPO: VIA<br>SEDE_VIA_DENOMINAZIONE: MARTURANO RUGGERO<br>SEDE_CIVICO: 77<br>SEDE_BARRATO: <br>QUARTIERE: MONTE PELLEGRINO<br>QUARTIERE_NUMERO: 24",
        "ID": "63",
        "ID_PORTALE": "1",
        "TIPO": "Sede",
        "DENOMINAZIONE": "Abba - Alighieri",
        "CATEGORIA": "IC",
        "VIA_TIPO": "VIA",
        "VIA_DENOMINAZIONE": "MARTURANO RUGGERO",
        "CIVICO": "77",
        "BARRATO": "",
        "SEDE_TIPO": "Sede",
        "SEDE_DENOMINAZIONE": "Abba - Alighieri",
        "SEDE_CATEGORIA": "IC",
        "SEDE_VIA_TIPO": "VIA",
        "SEDE_VIA_DENOMINAZIONE": "MARTURANO RUGGERO",
        "SEDE_CIVICO": "77",
        "SEDE_BARRATO": "",
        "QUARTIERE": "MONTE PELLEGRINO",
        "QUARTIERE_NUMERO": "24"
      },
      "geometry": {
        "type": "Point",
        "coordinates": [
          13.361992,
          38.146968,
          0
        ]
      }
    },
    {
      "type": "Feature",
      "properties": {
        "styleMapHash": {
          "normal": "#icon-503-3F5BA9-normal",
          "highlight": "#icon-503-3F5BA9-highlight"
        },
        "description": "ID: 261<br>ID_PORTALE: 1<br>TIPO: Sede<br>DENOMINAZIONE: V.E. Orlando<br>CATEGORIA: SMS<br>VIA_TIPO: VIA<br>VIA_DENOMINAZIONE: LUSSEMBURGO<br>CIVICO: 103<br>BARRATO: <br>SEDE_TIPO: Sede<br>SEDE_DENOMINAZIONE: V.E. Orlando<br>SEDE_CATEGORIA: SMS<br>SEDE_VIA_TIPO: VIA<br>SEDE_VIA_DENOMINAZIONE: LUSSEMBURGO<br>SEDE_CIVICO: 103<br>SEDE_BARRATO: <br>QUARTIERE: RESUTTANO-S. LORENZO<br>QUARTIERE_NUMERO: 20",
        "ID": "261",
        "ID_PORTALE": "1",
        "TIPO": "Sede",
        "DENOMINAZIONE": "V.E. Orlando",
        "CATEGORIA": "SMS",
        "VIA_TIPO": "VIA",
        "VIA_DENOMINAZIONE": "LUSSEMBURGO",
        "CIVICO": "103",
        "BARRATO": "",
        "SEDE_TIPO": "Sede",
        "SEDE_DENOMINAZIONE": "V.E. Orlando",
        "SEDE_CATEGORIA": "SMS",
        "SEDE_VIA_TIPO": "VIA",
        "SEDE_VIA_DENOMINAZIONE": "LUSSEMBURGO",
        "SEDE_CIVICO": "103",
        "SEDE_BARRATO": "",
        "QUARTIERE": "RESUTTANO-S. LORENZO",
        "QUARTIERE_NUMERO": "20"
      },
      "geometry": {
        "type": "Point",
        "coordinates": [
          13.327913,
          38.152873,
          0
        ]
      }
    },
    {
      "type": "Feature",
      "properties": {
        "styleMapHash": {
          "normal": "#icon-503-3F5BA9-normal",
          "highlight": "#icon-503-3F5BA9-highlight"
        },
        "description": "ID: 90<br>ID_PORTALE: 1<br>TIPO: Sede<br>DENOMINAZIONE: Buonarroti<br>CATEGORIA: IC<br>VIA_TIPO: VIA<br>VIA_DENOMINAZIONE: TEMBIEN<br>CIVICO: 1<br>BARRATO: <br>SEDE_TIPO: Sede<br>SEDE_DENOMINAZIONE: Buonarroti<br>SEDE_CATEGORIA: IC<br>SEDE_VIA_TIPO: VIA<br>SEDE_VIA_DENOMINAZIONE: TEMBIEN<br>SEDE_CIVICO: 1<br>SEDE_BARRATO: <br>QUARTIERE: UDITORE- PASSO DI RIGANO<br>QUARTIERE_NUMERO: 17",
        "ID": "90",
        "ID_PORTALE": "1",
        "TIPO": "Sede",
        "DENOMINAZIONE": "Buonarroti",
        "CATEGORIA": "IC",
        "VIA_TIPO": "VIA",
        "VIA_DENOMINAZIONE": "TEMBIEN",
        "CIVICO": "1",
        "BARRATO": "",
        "SEDE_TIPO": "Sede",
        "SEDE_DENOMINAZIONE": "Buonarroti",
        "SEDE_CATEGORIA": "IC",
        "SEDE_VIA_TIPO": "VIA",
        "SEDE_VIA_DENOMINAZIONE": "TEMBIEN",
        "SEDE_CIVICO": "1",
        "SEDE_BARRATO": "",
        "QUARTIERE": "UDITORE- PASSO DI RIGANO",
        "QUARTIERE_NUMERO": "17"
      },
      "geometry": {
        "type": "Point",
        "coordinates": [
          13.307664,
          38.125047,
          0
        ]
      }
    },
    {
      "type": "Feature",
      "properties": {
        "styleMapHash": {
          "normal": "#icon-503-93D7E8-normal",
          "highlight": "#icon-503-93D7E8-highlight"
        },
        "description": "ID: 143<br>ID_PORTALE: 1<br>TIPO: Plesso<br>DENOMINAZIONE: Palagonia<br>CATEGORIA: <br>VIA_TIPO: VIA<br>VIA_DENOMINAZIONE: PRINCIPE DI PALAGONIA<br>CIVICO: 46<br>BARRATO: <br>SEDE_TIPO: Sede<br>SEDE_DENOMINAZIONE: Cipolla<br>SEDE_CATEGORIA: IC<br>SEDE_VIA_TIPO: VIA<br>SEDE_VIA_DENOMINAZIONE: GIOTTO<br>SEDE_CIVICO: 41<br>SEDE_BARRATO: <br>QUARTIERE: MALASPINA-PALAGONIA<br>QUARTIERE_NUMERO: 8",
        "ID": "143",
        "ID_PORTALE": "1",
        "TIPO": "Plesso",
        "DENOMINAZIONE": "Palagonia",
        "CATEGORIA": "",
        "VIA_TIPO": "VIA",
        "VIA_DENOMINAZIONE": "PRINCIPE DI PALAGONIA",
        "CIVICO": "46",
        "BARRATO": "",
        "SEDE_TIPO": "Sede",
        "SEDE_DENOMINAZIONE": "Cipolla",
        "SEDE_CATEGORIA": "IC",
        "SEDE_VIA_TIPO": "VIA",
        "SEDE_VIA_DENOMINAZIONE": "GIOTTO",
        "SEDE_CIVICO": "41",
        "SEDE_BARRATO": "",
        "QUARTIERE": "MALASPINA-PALAGONIA",
        "QUARTIERE_NUMERO": "8"
      },
      "geometry": {
        "type": "Point",
        "coordinates": [
          13.334813,
          38.136072,
          0
        ]
      }
    },
    {
      "type": "Feature",
      "properties": {
        "styleMapHash": {
          "normal": "#icon-503-93D7E8-normal",
          "highlight": "#icon-503-93D7E8-highlight"
        },
        "description": "ID: 35<br>ID_PORTALE: 1<br>TIPO: Plesso<br>DENOMINAZIONE: Diaz Nuovo<br>CATEGORIA: <br>VIA_TIPO: VIA<br>VIA_DENOMINAZIONE: FERRARI ORSI FEDERICO<br>CIVICO: 89<br>BARRATO: <br>SEDE_TIPO: Sede<br>SEDE_DENOMINAZIONE: Cavallari<br>SEDE_CATEGORIA: DD<br>SEDE_VIA_TIPO: CORSO<br>SEDE_VIA_DENOMINAZIONE: DEI MILLE<br>SEDE_CIVICO: 793<br>SEDE_BARRATO: <br>QUARTIERE: SETTECANNOLI<br>QUARTIERE_NUMERO: 11",
        "ID": "35",
        "ID_PORTALE": "1",
        "TIPO": "Plesso",
        "DENOMINAZIONE": "Diaz Nuovo",
        "CATEGORIA": "",
        "VIA_TIPO": "VIA",
        "VIA_DENOMINAZIONE": "FERRARI ORSI FEDERICO",
        "CIVICO": "89",
        "BARRATO": "",
        "SEDE_TIPO": "Sede",
        "SEDE_DENOMINAZIONE": "Cavallari",
        "SEDE_CATEGORIA": "DD",
        "SEDE_VIA_TIPO": "CORSO",
        "SEDE_VIA_DENOMINAZIONE": "DEI MILLE",
        "SEDE_CIVICO": "793",
        "SEDE_BARRATO": "",
        "QUARTIERE": "SETTECANNOLI",
        "QUARTIERE_NUMERO": "11"
      },
      "geometry": {
        "type": "Point",
        "coordinates": [
          13.388121,
          38.09987,
          0
        ]
      }
    },
    {
      "type": "Feature",
      "properties": {
        "styleMapHash": {
          "normal": "#icon-959-CDDC39-normal",
          "highlight": "#icon-959-CDDC39-highlight"
        },
        "description": "ID: 18<br>ID_PORTALE: 1<br>TIPO: Asilo Nido<br>DENOMINAZIONE: Domino<br>VIA_TIPO: PIAZZA<br>VIA_DENOMINAZIONE: FERRINI CONTARDO<br>CIVICO: <br>BARRATO: <br>QUARTIERE_NUMERO: 23<br>QUARTIERE: PALLAVICINO",
        "ID": "18",
        "ID_PORTALE": "1",
        "TIPO": "Asilo Nido",
        "DENOMINAZIONE": "Domino",
        "VIA_TIPO": "PIAZZA",
        "VIA_DENOMINAZIONE": "FERRINI CONTARDO",
        "CIVICO": "",
        "BARRATO": "",
        "QUARTIERE_NUMERO": "23",
        "QUARTIERE": "PALLAVICINO"
      },
      "geometry": {
        "type": "Point",
        "coordinates": [
          13.321506,
          38.169852,
          0
        ]
      }
    },
    {
      "type": "Feature",
      "properties": {
        "styleMapHash": {
          "normal": "#icon-503-93D7E8-normal",
          "highlight": "#icon-503-93D7E8-highlight"
        },
        "description": "ID: 208<br>ID_PORTALE: 1<br>TIPO: Plesso<br>DENOMINAZIONE: Costa<br>CATEGORIA: <br>VIA_TIPO: VIA<br>VIA_DENOMINAZIONE: UGHETTI GIOVANBATTISTA<br>CIVICO: 27<br>BARRATO: <br>SEDE_TIPO: Sede<br>SEDE_DENOMINAZIONE: Costa<br>SEDE_CATEGORIA: IC<br>SEDE_VIA_TIPO: VIA<br>SEDE_VIA_DENOMINAZIONE: LI BASSI GIUSEPPE<br>SEDE_CIVICO: 60<br>SEDE_BARRATO: <br>QUARTIERE: MONTEGRAPPA- S.ROSALIA<br>QUARTIERE_NUMERO: 4",
        "ID": "208",
        "ID_PORTALE": "1",
        "TIPO": "Plesso",
        "DENOMINAZIONE": "Costa",
        "CATEGORIA": "",
        "VIA_TIPO": "VIA",
        "VIA_DENOMINAZIONE": "UGHETTI GIOVANBATTISTA",
        "CIVICO": "27",
        "BARRATO": "",
        "SEDE_TIPO": "Sede",
        "SEDE_DENOMINAZIONE": "Costa",
        "SEDE_CATEGORIA": "IC",
        "SEDE_VIA_TIPO": "VIA",
        "SEDE_VIA_DENOMINAZIONE": "LI BASSI GIUSEPPE",
        "SEDE_CIVICO": "60",
        "SEDE_BARRATO": "",
        "QUARTIERE": "MONTEGRAPPA- S.ROSALIA",
        "QUARTIERE_NUMERO": "4"
      },
      "geometry": {
        "type": "Point",
        "coordinates": [
          13.356065,
          38.099642,
          0
        ]
      }
    },
    {
      "type": "Feature",
      "properties": {
        "styleMapHash": {
          "normal": "#icon-503-93D7E8-normal",
          "highlight": "#icon-503-93D7E8-highlight"
        },
        "description": "ID: 240<br>ID_PORTALE: 1<br>TIPO: Plesso<br>DENOMINAZIONE: Paladini<br>CATEGORIA: <br>VIA_TIPO: PIAZZA<br>VIA_DENOMINAZIONE: CELLINI BENVENUTO<br>CIVICO: 4<br>BARRATO: <br>SEDE_TIPO: Sede<br>SEDE_DENOMINAZIONE: Giuliana - Saladino<br>SEDE_CATEGORIA: IC<br>SEDE_VIA_TIPO: VIA<br>SEDE_VIA_DENOMINAZIONE: BARISANO DA TRANI<br>SEDE_CIVICO: 7<br>SEDE_BARRATO: <br>QUARTIERE: CRUILLAS-CEP<br>QUARTIERE_NUMERO: 19",
        "ID": "240",
        "ID_PORTALE": "1",
        "TIPO": "Plesso",
        "DENOMINAZIONE": "Paladini",
        "CATEGORIA": "",
        "VIA_TIPO": "PIAZZA",
        "VIA_DENOMINAZIONE": "CELLINI BENVENUTO",
        "CIVICO": "4",
        "BARRATO": "",
        "SEDE_TIPO": "Sede",
        "SEDE_DENOMINAZIONE": "Giuliana - Saladino",
        "SEDE_CATEGORIA": "IC",
        "SEDE_VIA_TIPO": "VIA",
        "SEDE_VIA_DENOMINAZIONE": "BARISANO DA TRANI",
        "SEDE_CIVICO": "7",
        "SEDE_BARRATO": "",
        "QUARTIERE": "CRUILLAS-CEP",
        "QUARTIERE_NUMERO": "19"
      },
      "geometry": {
        "type": "Point",
        "coordinates": [
          13.308501,
          38.13722,
          0
        ]
      }
    },
    {
      "type": "Feature",
      "properties": {
        "styleMapHash": {
          "normal": "#icon-503-3F5BA9-normal",
          "highlight": "#icon-503-3F5BA9-highlight"
        },
        "description": "ID: 276<br>ID_PORTALE: 1<br>TIPO: Sede<br>DENOMINAZIONE: Alessandra Siracusa<br>CATEGORIA: DD<br>VIA_TIPO: VIA<br>VIA_DENOMINAZIONE: CAGNI UMBERTO AMMIRAGLIO<br>CIVICO: 40<br>BARRATO: <br>SEDE_TIPO: Sede<br>SEDE_DENOMINAZIONE: Alessandra Siracusa<br>SEDE_CATEGORIA: DD<br>SEDE_VIA_TIPO: VIA<br>SEDE_VIA_DENOMINAZIONE: CAGNI UMBERTO AMMIRAGLIO<br>SEDE_CIVICO: 40<br>SEDE_BARRATO: <br>QUARTIERE: PALLAVICINO<br>QUARTIERE_NUMERO: 23",
        "ID": "276",
        "ID_PORTALE": "1",
        "TIPO": "Sede",
        "DENOMINAZIONE": "Alessandra Siracusa",
        "CATEGORIA": "DD",
        "VIA_TIPO": "VIA",
        "VIA_DENOMINAZIONE": "CAGNI UMBERTO AMMIRAGLIO",
        "CIVICO": "40",
        "BARRATO": "",
        "SEDE_TIPO": "Sede",
        "SEDE_DENOMINAZIONE": "Alessandra Siracusa",
        "SEDE_CATEGORIA": "DD",
        "SEDE_VIA_TIPO": "VIA",
        "SEDE_VIA_DENOMINAZIONE": "CAGNI UMBERTO AMMIRAGLIO",
        "SEDE_CIVICO": "40",
        "SEDE_BARRATO": "",
        "QUARTIERE": "PALLAVICINO",
        "QUARTIERE_NUMERO": "23"
      },
      "geometry": {
        "type": "Point",
        "coordinates": [
          13.33109,
          38.171241,
          0
        ]
      }
    },
    {
      "type": "Feature",
      "properties": {
        "styleMapHash": {
          "normal": "#icon-503-3F5BA9-normal",
          "highlight": "#icon-503-3F5BA9-highlight"
        },
        "description": "ID: 237<br>ID_PORTALE: 1<br>TIPO: Sede<br>DENOMINAZIONE: Verdi<br>CATEGORIA: IC<br>VIA_TIPO: VIA<br>VIA_DENOMINAZIONE: CASELLA ALFREDO<br>CIVICO: 33<br>BARRATO: <br>SEDE_TIPO: Sede<br>SEDE_DENOMINAZIONE: Verdi<br>SEDE_CATEGORIA: IC<br>SEDE_VIA_TIPO: VIA<br>SEDE_VIA_DENOMINAZIONE: CASELLA ALFREDO<br>SEDE_CIVICO: 33<br>SEDE_BARRATO: <br>QUARTIERE: MALASPINA-PALAGONIA<br>QUARTIERE_NUMERO: 8",
        "ID": "237",
        "ID_PORTALE": "1",
        "TIPO": "Sede",
        "DENOMINAZIONE": "Verdi",
        "CATEGORIA": "IC",
        "VIA_TIPO": "VIA",
        "VIA_DENOMINAZIONE": "CASELLA ALFREDO",
        "CIVICO": "33",
        "BARRATO": "",
        "SEDE_TIPO": "Sede",
        "SEDE_DENOMINAZIONE": "Verdi",
        "SEDE_CATEGORIA": "IC",
        "SEDE_VIA_TIPO": "VIA",
        "SEDE_VIA_DENOMINAZIONE": "CASELLA ALFREDO",
        "SEDE_CIVICO": "33",
        "SEDE_BARRATO": "",
        "QUARTIERE": "MALASPINA-PALAGONIA",
        "QUARTIERE_NUMERO": "8"
      },
      "geometry": {
        "type": "Point",
        "coordinates": [
          13.339595,
          38.127736,
          0
        ]
      }
    },
    {
      "type": "Feature",
      "properties": {
        "styleMapHash": {
          "normal": "#icon-503-3F5BA9-normal",
          "highlight": "#icon-503-3F5BA9-highlight"
        },
        "description": "ID: 242<br>ID_PORTALE: 1<br>TIPO: Sede<br>DENOMINAZIONE: Borgese<br>CATEGORIA: SMS<br>VIA_TIPO: PIAZZA<br>VIA_DENOMINAZIONE: FERRINI CONTARDO<br>CIVICO: 13<br>BARRATO: <br>SEDE_TIPO: Sede<br>SEDE_DENOMINAZIONE: Borgese<br>SEDE_CATEGORIA: SMS<br>SEDE_VIA_TIPO: PIAZZA<br>SEDE_VIA_DENOMINAZIONE: FERRINI CONTARDO<br>SEDE_CIVICO: 13<br>SEDE_BARRATO: <br>QUARTIERE: PALLAVICINO<br>QUARTIERE_NUMERO: 23",
        "ID": "242",
        "ID_PORTALE": "1",
        "TIPO": "Sede",
        "DENOMINAZIONE": "Borgese",
        "CATEGORIA": "SMS",
        "VIA_TIPO": "PIAZZA",
        "VIA_DENOMINAZIONE": "FERRINI CONTARDO",
        "CIVICO": "13",
        "BARRATO": "",
        "SEDE_TIPO": "Sede",
        "SEDE_DENOMINAZIONE": "Borgese",
        "SEDE_CATEGORIA": "SMS",
        "SEDE_VIA_TIPO": "PIAZZA",
        "SEDE_VIA_DENOMINAZIONE": "FERRINI CONTARDO",
        "SEDE_CIVICO": "13",
        "SEDE_BARRATO": "",
        "QUARTIERE": "PALLAVICINO",
        "QUARTIERE_NUMERO": "23"
      },
      "geometry": {
        "type": "Point",
        "coordinates": [
          13.321714,
          38.169972,
          0
        ]
      }
    },
    {
      "type": "Feature",
      "properties": {
        "styleMapHash": {
          "normal": "#icon-503-93D7E8-normal",
          "highlight": "#icon-503-93D7E8-highlight"
        },
        "description": "ID: 84<br>ID_PORTALE: 1<br>TIPO: Plesso<br>DENOMINAZIONE: Oreto<br>CATEGORIA: <br>VIA_TIPO: VIA<br>VIA_DENOMINAZIONE: ORETO<br>CIVICO: 106<br>BARRATO: <br>SEDE_TIPO: Sede<br>SEDE_DENOMINAZIONE: Boccone<br>SEDE_CATEGORIA: IC<br>SEDE_VIA_TIPO: VIA<br>SEDE_VIA_DENOMINAZIONE: DEL VESPRO<br>SEDE_CIVICO: 72<br>SEDE_BARRATO: <br>QUARTIERE: ORETO-STAZIONE<br>QUARTIERE_NUMERO: 3",
        "ID": "84",
        "ID_PORTALE": "1",
        "TIPO": "Plesso",
        "DENOMINAZIONE": "Oreto",
        "CATEGORIA": "",
        "VIA_TIPO": "VIA",
        "VIA_DENOMINAZIONE": "ORETO",
        "CIVICO": "106",
        "BARRATO": "",
        "SEDE_TIPO": "Sede",
        "SEDE_DENOMINAZIONE": "Boccone",
        "SEDE_CATEGORIA": "IC",
        "SEDE_VIA_TIPO": "VIA",
        "SEDE_VIA_DENOMINAZIONE": "DEL VESPRO",
        "SEDE_CIVICO": "72",
        "SEDE_BARRATO": "",
        "QUARTIERE": "ORETO-STAZIONE",
        "QUARTIERE_NUMERO": "3"
      },
      "geometry": {
        "type": "Point",
        "coordinates": [
          13.366808,
          38.107433,
          0
        ]
      }
    },
    {
      "type": "Feature",
      "properties": {
        "styleMapHash": {
          "normal": "#icon-503-93D7E8-normal",
          "highlight": "#icon-503-93D7E8-highlight"
        },
        "description": "ID: 82<br>ID_PORTALE: 1<br>TIPO: Plesso<br>DENOMINAZIONE: De Stefano<br>CATEGORIA: <br>VIA_TIPO: VIA<br>VIA_DENOMINAZIONE: DE STEFANO ANTONINO<br>CIVICO: 5<br>BARRATO: <br>SEDE_TIPO: Sede<br>SEDE_DENOMINAZIONE: Alessandra Siracusa<br>SEDE_CATEGORIA: DD<br>SEDE_VIA_TIPO: VIA<br>SEDE_VIA_DENOMINAZIONE: CAGNI UMBERTO AMMIRAGLIO<br>SEDE_CIVICO: 40<br>SEDE_BARRATO: <br>QUARTIERE: PALLAVICINO<br>QUARTIERE_NUMERO: 23",
        "ID": "82",
        "ID_PORTALE": "1",
        "TIPO": "Plesso",
        "DENOMINAZIONE": "De Stefano",
        "CATEGORIA": "",
        "VIA_TIPO": "VIA",
        "VIA_DENOMINAZIONE": "DE STEFANO ANTONINO",
        "CIVICO": "5",
        "BARRATO": "",
        "SEDE_TIPO": "Sede",
        "SEDE_DENOMINAZIONE": "Alessandra Siracusa",
        "SEDE_CATEGORIA": "DD",
        "SEDE_VIA_TIPO": "VIA",
        "SEDE_VIA_DENOMINAZIONE": "CAGNI UMBERTO AMMIRAGLIO",
        "SEDE_CIVICO": "40",
        "SEDE_BARRATO": "",
        "QUARTIERE": "PALLAVICINO",
        "QUARTIERE_NUMERO": "23"
      },
      "geometry": {
        "type": "Point",
        "coordinates": [
          13.32664,
          38.171401,
          0
        ]
      }
    },
    {
      "type": "Feature",
      "properties": {
        "styleMapHash": {
          "normal": "#icon-959-CDDC39-normal",
          "highlight": "#icon-959-CDDC39-highlight"
        },
        "description": "ID: 16<br>ID_PORTALE: 1<br>TIPO: Asilo Nido<br>DENOMINAZIONE: Aziendale Palagonia<br>VIA_TIPO: VICOLO<br>VIA_DENOMINAZIONE: PALAGONIA ALL'ALLORO<br>CIVICO: <br>BARRATO: <br>QUARTIERE_NUMERO: 1<br>QUARTIERE: TRIBUNALI CASTELLAMMARE",
        "ID": "16",
        "ID_PORTALE": "1",
        "TIPO": "Asilo Nido",
        "DENOMINAZIONE": "Aziendale Palagonia",
        "VIA_TIPO": "VICOLO",
        "VIA_DENOMINAZIONE": "PALAGONIA ALL'ALLORO",
        "CIVICO": "",
        "BARRATO": "",
        "QUARTIERE_NUMERO": "1",
        "QUARTIERE": "TRIBUNALI CASTELLAMMARE"
      },
      "geometry": {
        "type": "Point",
        "coordinates": [
          13.369769,
          38.116593,
          0
        ]
      }
    },
    {
      "type": "Feature",
      "properties": {
        "styleMapHash": {
          "normal": "#icon-503-93D7E8-normal",
          "highlight": "#icon-503-93D7E8-highlight"
        },
        "description": "ID: 22<br>ID_PORTALE: 1<br>TIPO: Plesso<br>DENOMINAZIONE: Cuscinà<br>CATEGORIA: <br>VIA_TIPO: VIA<br>VIA_DENOMINAZIONE: CUSCINA' ALFREDO<br>CIVICO: 7<br>BARRATO: <br>SEDE_TIPO: Sede<br>SEDE_DENOMINAZIONE: Arculeo<br>SEDE_CATEGORIA: DD<br>SEDE_VIA_TIPO: VIA<br>SEDE_VIA_DENOMINAZIONE: VITO SCHIFANI<br>SEDE_CIVICO: 3<br>SEDE_BARRATO: <br>QUARTIERE: MEZZOMONREALE-V.LLA TASCA<br>QUARTIERE_NUMERO: 14",
        "ID": "22",
        "ID_PORTALE": "1",
        "TIPO": "Plesso",
        "DENOMINAZIONE": "Cuscinà",
        "CATEGORIA": "",
        "VIA_TIPO": "VIA",
        "VIA_DENOMINAZIONE": "CUSCINA' ALFREDO",
        "CIVICO": "7",
        "BARRATO": "",
        "SEDE_TIPO": "Sede",
        "SEDE_DENOMINAZIONE": "Arculeo",
        "SEDE_CATEGORIA": "DD",
        "SEDE_VIA_TIPO": "VIA",
        "SEDE_VIA_DENOMINAZIONE": "VITO SCHIFANI",
        "SEDE_CIVICO": "3",
        "SEDE_BARRATO": "",
        "QUARTIERE": "MEZZOMONREALE-V.LLA TASCA",
        "QUARTIERE_NUMERO": "14"
      },
      "geometry": {
        "type": "Point",
        "coordinates": [
          13.335181,
          38.103186,
          0
        ]
      }
    },
    {
      "type": "Feature",
      "properties": {
        "styleMapHash": {
          "normal": "#icon-503-93D7E8-normal",
          "highlight": "#icon-503-93D7E8-highlight"
        },
        "description": "ID: 216<br>ID_PORTALE: 1<br>TIPO: Plesso<br>DENOMINAZIONE: Nino Bixio 1<br>CATEGORIA: <br>VIA_TIPO: VIA<br>VIA_DENOMINAZIONE: CASSARO<br>CIVICO: 2<br>BARRATO: <br>SEDE_TIPO: Sede<br>SEDE_DENOMINAZIONE: Padre Puglisi<br>SEDE_CATEGORIA: IC<br>SEDE_VIA_TIPO: VIA<br>SEDE_VIA_DENOMINAZIONE: PANZERA FRANCESCO<br>SEDE_CIVICO: 28<br>SEDE_BARRATO: <br>QUARTIERE: BRANCACCIO-CIACULLI<br>QUARTIERE_NUMERO: 12",
        "ID": "216",
        "ID_PORTALE": "1",
        "TIPO": "Plesso",
        "DENOMINAZIONE": "Nino Bixio 1",
        "CATEGORIA": "",
        "VIA_TIPO": "VIA",
        "VIA_DENOMINAZIONE": "CASSARO",
        "CIVICO": "2",
        "BARRATO": "",
        "SEDE_TIPO": "Sede",
        "SEDE_DENOMINAZIONE": "Padre Puglisi",
        "SEDE_CATEGORIA": "IC",
        "SEDE_VIA_TIPO": "VIA",
        "SEDE_VIA_DENOMINAZIONE": "PANZERA FRANCESCO",
        "SEDE_CIVICO": "28",
        "SEDE_BARRATO": "",
        "QUARTIERE": "BRANCACCIO-CIACULLI",
        "QUARTIERE_NUMERO": "12"
      },
      "geometry": {
        "type": "Point",
        "coordinates": [
          13.401336,
          38.080055,
          0
        ]
      }
    },
    {
      "type": "Feature",
      "properties": {
        "styleMapHash": {
          "normal": "#icon-503-3F5BA9-normal",
          "highlight": "#icon-503-3F5BA9-highlight"
        },
        "description": "ID: 81<br>ID_PORTALE: 1<br>TIPO: Sede<br>DENOMINAZIONE: Boccone<br>CATEGORIA: IC<br>VIA_TIPO: VIA<br>VIA_DENOMINAZIONE: DEL VESPRO<br>CIVICO: 72<br>BARRATO: <br>SEDE_TIPO: Sede<br>SEDE_DENOMINAZIONE: Boccone<br>SEDE_CATEGORIA: IC<br>SEDE_VIA_TIPO: VIA<br>SEDE_VIA_DENOMINAZIONE: DEL VESPRO<br>SEDE_CIVICO: 72<br>SEDE_BARRATO: <br>QUARTIERE: ORETO-STAZIONE<br>QUARTIERE_NUMERO: 3",
        "ID": "81",
        "ID_PORTALE": "1",
        "TIPO": "Sede",
        "DENOMINAZIONE": "Boccone",
        "CATEGORIA": "IC",
        "VIA_TIPO": "VIA",
        "VIA_DENOMINAZIONE": "DEL VESPRO",
        "CIVICO": "72",
        "BARRATO": "",
        "SEDE_TIPO": "Sede",
        "SEDE_DENOMINAZIONE": "Boccone",
        "SEDE_CATEGORIA": "IC",
        "SEDE_VIA_TIPO": "VIA",
        "SEDE_VIA_DENOMINAZIONE": "DEL VESPRO",
        "SEDE_CIVICO": "72",
        "SEDE_BARRATO": "",
        "QUARTIERE": "ORETO-STAZIONE",
        "QUARTIERE_NUMERO": "3"
      },
      "geometry": {
        "type": "Point",
        "coordinates": [
          13.362599,
          38.106094,
          0
        ]
      }
    },
    {
      "type": "Feature",
      "properties": {
        "styleMapHash": {
          "normal": "#icon-503-3F5BA9-normal",
          "highlight": "#icon-503-3F5BA9-highlight"
        },
        "description": "ID: 259<br>ID_PORTALE: 1<br>TIPO: Sede<br>DENOMINAZIONE: Virgilio Marone<br>CATEGORIA: SMS<br>VIA_TIPO: VIA<br>VIA_DENOMINAZIONE: VALDEMONE<br>CIVICO: 7<br>BARRATO: <br>SEDE_TIPO: Sede<br>SEDE_DENOMINAZIONE: Virgilio Marone<br>SEDE_CATEGORIA: SMS<br>SEDE_VIA_TIPO: VIA<br>SEDE_VIA_DENOMINAZIONE: VALDEMONE<br>SEDE_CIVICO: 7<br>SEDE_BARRATO: <br>QUARTIERE: RESUTTANO-S. LORENZO<br>QUARTIERE_NUMERO: 20",
        "ID": "259",
        "ID_PORTALE": "1",
        "TIPO": "Sede",
        "DENOMINAZIONE": "Virgilio Marone",
        "CATEGORIA": "SMS",
        "VIA_TIPO": "VIA",
        "VIA_DENOMINAZIONE": "VALDEMONE",
        "CIVICO": "7",
        "BARRATO": "",
        "SEDE_TIPO": "Sede",
        "SEDE_DENOMINAZIONE": "Virgilio Marone",
        "SEDE_CATEGORIA": "SMS",
        "SEDE_VIA_TIPO": "VIA",
        "SEDE_VIA_DENOMINAZIONE": "VALDEMONE",
        "SEDE_CIVICO": "7",
        "SEDE_BARRATO": "",
        "QUARTIERE": "RESUTTANO-S. LORENZO",
        "QUARTIERE_NUMERO": "20"
      },
      "geometry": {
        "type": "Point",
        "coordinates": [
          13.336603,
          38.146694,
          0
        ]
      }
    },
    {
      "type": "Feature",
      "properties": {
        "styleMapHash": {
          "normal": "#icon-503-93D7E8-normal",
          "highlight": "#icon-503-93D7E8-highlight"
        },
        "description": "ID: 86<br>ID_PORTALE: 1<br>TIPO: Plesso<br>DENOMINAZIONE: D'Angelo Nuovo<br>CATEGORIA: <br>VIA_TIPO: VIA<br>VIA_DENOMINAZIONE: S. LORENZO<br>CIVICO: 295<br>BARRATO: <br>SEDE_TIPO: Sede<br>SEDE_DENOMINAZIONE: Alessandra Siracusa<br>SEDE_CATEGORIA: DD<br>SEDE_VIA_TIPO: VIA<br>SEDE_VIA_DENOMINAZIONE: CAGNI UMBERTO AMMIRAGLIO<br>SEDE_CIVICO: 40<br>SEDE_BARRATO: <br>QUARTIERE: TOMMASO NATALE- SFERRACAVALLO<br>QUARTIERE_NUMERO: 21",
        "ID": "86",
        "ID_PORTALE": "1",
        "TIPO": "Plesso",
        "DENOMINAZIONE": "D'Angelo Nuovo",
        "CATEGORIA": "",
        "VIA_TIPO": "VIA",
        "VIA_DENOMINAZIONE": "S. LORENZO",
        "CIVICO": "295",
        "BARRATO": "",
        "SEDE_TIPO": "Sede",
        "SEDE_DENOMINAZIONE": "Alessandra Siracusa",
        "SEDE_CATEGORIA": "DD",
        "SEDE_VIA_TIPO": "VIA",
        "SEDE_VIA_DENOMINAZIONE": "CAGNI UMBERTO AMMIRAGLIO",
        "SEDE_CIVICO": "40",
        "SEDE_BARRATO": "",
        "QUARTIERE": "TOMMASO NATALE- SFERRACAVALLO",
        "QUARTIERE_NUMERO": "21"
      },
      "geometry": {
        "type": "Point",
        "coordinates": [
          13.304731,
          38.172593,
          0
        ]
      }
    },
    {
      "type": "Feature",
      "properties": {
        "styleMapHash": {
          "normal": "#icon-503-93D7E8-normal",
          "highlight": "#icon-503-93D7E8-highlight"
        },
        "description": "ID: 192<br>ID_PORTALE: 1<br>TIPO: Plesso<br>DENOMINAZIONE: Nuccio<br>CATEGORIA: <br>VIA_TIPO: VIA<br>VIA_DENOMINAZIONE: MONGITORE ANTONINO<br>CIVICO: 4<br>BARRATO: <br>SEDE_TIPO: Sede<br>SEDE_DENOMINAZIONE: Nuccio - Verga<br>SEDE_CATEGORIA: IC<br>SEDE_VIA_TIPO: PIAZZA<br>SEDE_VIA_DENOMINAZIONE: DELL'ORIGLIONE<br>SEDE_CIVICO: 10<br>SEDE_BARRATO: <br>QUARTIERE: PALAZZO REALE - M.TE DI PIETA<br>QUARTIERE_NUMERO: 2",
        "ID": "192",
        "ID_PORTALE": "1",
        "TIPO": "Plesso",
        "DENOMINAZIONE": "Nuccio",
        "CATEGORIA": "",
        "VIA_TIPO": "VIA",
        "VIA_DENOMINAZIONE": "MONGITORE ANTONINO",
        "CIVICO": "4",
        "BARRATO": "",
        "SEDE_TIPO": "Sede",
        "SEDE_DENOMINAZIONE": "Nuccio - Verga",
        "SEDE_CATEGORIA": "IC",
        "SEDE_VIA_TIPO": "PIAZZA",
        "SEDE_VIA_DENOMINAZIONE": "DELL'ORIGLIONE",
        "SEDE_CIVICO": "10",
        "SEDE_BARRATO": "",
        "QUARTIERE": "PALAZZO REALE - M.TE DI PIETA",
        "QUARTIERE_NUMERO": "2"
      },
      "geometry": {
        "type": "Point",
        "coordinates": [
          13.357473,
          38.11023,
          0
        ]
      }
    },
    {
      "type": "Feature",
      "properties": {
        "styleMapHash": {
          "normal": "#icon-503-3F5BA9-normal",
          "highlight": "#icon-503-3F5BA9-highlight"
        },
        "description": "ID: 66<br>ID_PORTALE: 1<br>TIPO: Sede<br>DENOMINAZIONE: Arenella<br>CATEGORIA: IC<br>VIA_TIPO: LUNGOMARE<br>VIA_DENOMINAZIONE: COLOMBO CRISTOFORO<br>CIVICO: 240<br>BARRATO: <br>SEDE_TIPO: Sede<br>SEDE_DENOMINAZIONE: Arenella<br>SEDE_CATEGORIA: IC<br>SEDE_VIA_TIPO: LUNGOMARE<br>SEDE_VIA_DENOMINAZIONE: COLOMBO CRISTOFORO<br>SEDE_CIVICO: 240<br>SEDE_BARRATO: <br>QUARTIERE: ARENELLA-VERGINE MARIA<br>QUARTIERE_NUMERO: 25",
        "ID": "66",
        "ID_PORTALE": "1",
        "TIPO": "Sede",
        "DENOMINAZIONE": "Arenella",
        "CATEGORIA": "IC",
        "VIA_TIPO": "LUNGOMARE",
        "VIA_DENOMINAZIONE": "COLOMBO CRISTOFORO",
        "CIVICO": "240",
        "BARRATO": "",
        "SEDE_TIPO": "Sede",
        "SEDE_DENOMINAZIONE": "Arenella",
        "SEDE_CATEGORIA": "IC",
        "SEDE_VIA_TIPO": "LUNGOMARE",
        "SEDE_VIA_DENOMINAZIONE": "COLOMBO CRISTOFORO",
        "SEDE_CIVICO": "240",
        "SEDE_BARRATO": "",
        "QUARTIERE": "ARENELLA-VERGINE MARIA",
        "QUARTIERE_NUMERO": "25"
      },
      "geometry": {
        "type": "Point",
        "coordinates": [
          13.365665,
          38.166335,
          0
        ]
      }
    },
    {
      "type": "Feature",
      "properties": {
        "styleMapHash": {
          "normal": "#icon-959-CDDC39-normal",
          "highlight": "#icon-959-CDDC39-highlight"
        },
        "description": "ID: 17<br>ID_PORTALE: 1<br>TIPO: Asilo Nido<br>DENOMINAZIONE: Aquilone<br>VIA_TIPO: VIA<br>VIA_DENOMINAZIONE: TOSELLI PIETRO MAGG.<br>CIVICO: 85<br>BARRATO: A<br>QUARTIERE_NUMERO: 9<br>QUARTIERE: LIBERTA'",
        "ID": "17",
        "ID_PORTALE": "1",
        "TIPO": "Asilo Nido",
        "DENOMINAZIONE": "Aquilone",
        "VIA_TIPO": "VIA",
        "VIA_DENOMINAZIONE": "TOSELLI PIETRO MAGG.",
        "CIVICO": "85",
        "BARRATO": "A",
        "QUARTIERE_NUMERO": "9",
        "QUARTIERE": "LIBERTA'"
      },
      "geometry": {
        "type": "Point",
        "coordinates": [
          13.351788,
          38.137581,
          0
        ]
      }
    },
    {
      "type": "Feature",
      "properties": {
        "styleMapHash": {
          "normal": "#icon-503-93D7E8-normal",
          "highlight": "#icon-503-93D7E8-highlight"
        },
        "description": "ID: 85<br>ID_PORTALE: 1<br>TIPO: Plesso<br>DENOMINAZIONE: D'Angelo Vecchio<br>CATEGORIA: <br>VIA_TIPO: VIA<br>VIA_DENOMINAZIONE: S. LORENZO<br>CIVICO: 295<br>BARRATO: <br>SEDE_TIPO: Sede<br>SEDE_DENOMINAZIONE: Alessandra Siracusa<br>SEDE_CATEGORIA: DD<br>SEDE_VIA_TIPO: VIA<br>SEDE_VIA_DENOMINAZIONE: CAGNI UMBERTO AMMIRAGLIO<br>SEDE_CIVICO: 40<br>SEDE_BARRATO: <br>QUARTIERE: TOMMASO NATALE- SFERRACAVALLO<br>QUARTIERE_NUMERO: 21",
        "ID": "85",
        "ID_PORTALE": "1",
        "TIPO": "Plesso",
        "DENOMINAZIONE": "D'Angelo Vecchio",
        "CATEGORIA": "",
        "VIA_TIPO": "VIA",
        "VIA_DENOMINAZIONE": "S. LORENZO",
        "CIVICO": "295",
        "BARRATO": "",
        "SEDE_TIPO": "Sede",
        "SEDE_DENOMINAZIONE": "Alessandra Siracusa",
        "SEDE_CATEGORIA": "DD",
        "SEDE_VIA_TIPO": "VIA",
        "SEDE_VIA_DENOMINAZIONE": "CAGNI UMBERTO AMMIRAGLIO",
        "SEDE_CIVICO": "40",
        "SEDE_BARRATO": "",
        "QUARTIERE": "TOMMASO NATALE- SFERRACAVALLO",
        "QUARTIERE_NUMERO": "21"
      },
      "geometry": {
        "type": "Point",
        "coordinates": [
          13.304278,
          38.172235,
          0
        ]
      }
    },
    {
      "type": "Feature",
      "properties": {
        "styleMapHash": {
          "normal": "#icon-503-93D7E8-normal",
          "highlight": "#icon-503-93D7E8-highlight"
        },
        "description": "ID: 230<br>ID_PORTALE: 1<br>TIPO: Plesso<br>DENOMINAZIONE: Nino Bixio 3<br>CATEGORIA: <br>VIA_TIPO: VIA<br>VIA_DENOMINAZIONE: BOZZO STEFANO VITTORIO<br>CIVICO: 16<br>BARRATO: <br>SEDE_TIPO: Sede<br>SEDE_DENOMINAZIONE: Padre Puglisi<br>SEDE_CATEGORIA: IC<br>SEDE_VIA_TIPO: VIA<br>SEDE_VIA_DENOMINAZIONE: PANZERA FRANCESCO<br>SEDE_CIVICO: 28<br>SEDE_BARRATO: <br>QUARTIERE: BRANCACCIO-CIACULLI<br>QUARTIERE_NUMERO: 12",
        "ID": "230",
        "ID_PORTALE": "1",
        "TIPO": "Plesso",
        "DENOMINAZIONE": "Nino Bixio 3",
        "CATEGORIA": "",
        "VIA_TIPO": "VIA",
        "VIA_DENOMINAZIONE": "BOZZO STEFANO VITTORIO",
        "CIVICO": "16",
        "BARRATO": "",
        "SEDE_TIPO": "Sede",
        "SEDE_DENOMINAZIONE": "Padre Puglisi",
        "SEDE_CATEGORIA": "IC",
        "SEDE_VIA_TIPO": "VIA",
        "SEDE_VIA_DENOMINAZIONE": "PANZERA FRANCESCO",
        "SEDE_CIVICO": "28",
        "SEDE_BARRATO": "",
        "QUARTIERE": "BRANCACCIO-CIACULLI",
        "QUARTIERE_NUMERO": "12"
      },
      "geometry": {
        "type": "Point",
        "coordinates": [
          13.402163,
          38.079112,
          0
        ]
      }
    },
    {
      "type": "Feature",
      "properties": {
        "styleMapHash": {
          "normal": "#icon-503-3F5BA9-normal",
          "highlight": "#icon-503-3F5BA9-highlight"
        },
        "description": "ID: 70<br>ID_PORTALE: 1<br>TIPO: Sede<br>DENOMINAZIONE: Amari Roncalli - Ferrara<br>CATEGORIA: IC<br>VIA_TIPO: VIA<br>VIA_DENOMINAZIONE: INGRASSIA GIAN FILIPPO<br>CIVICO: 33<br>BARRATO: <br>SEDE_TIPO: Sede<br>SEDE_DENOMINAZIONE: Amari Roncalli - Ferrara<br>SEDE_CATEGORIA: IC<br>SEDE_VIA_TIPO: VIA<br>SEDE_VIA_DENOMINAZIONE: INGRASSIA GIAN FILIPPO<br>SEDE_CIVICO: 33<br>SEDE_BARRATO: <br>QUARTIERE: ORETO-STAZIONE<br>QUARTIERE_NUMERO: 3",
        "ID": "70",
        "ID_PORTALE": "1",
        "TIPO": "Sede",
        "DENOMINAZIONE": "Amari Roncalli - Ferrara",
        "CATEGORIA": "IC",
        "VIA_TIPO": "VIA",
        "VIA_DENOMINAZIONE": "INGRASSIA GIAN FILIPPO",
        "CIVICO": "33",
        "BARRATO": "",
        "SEDE_TIPO": "Sede",
        "SEDE_DENOMINAZIONE": "Amari Roncalli - Ferrara",
        "SEDE_CATEGORIA": "IC",
        "SEDE_VIA_TIPO": "VIA",
        "SEDE_VIA_DENOMINAZIONE": "INGRASSIA GIAN FILIPPO",
        "SEDE_CIVICO": "33",
        "SEDE_BARRATO": "",
        "QUARTIERE": "ORETO-STAZIONE",
        "QUARTIERE_NUMERO": "3"
      },
      "geometry": {
        "type": "Point",
        "coordinates": [
          13.373177,
          38.10955,
          0
        ]
      }
    },
    {
      "type": "Feature",
      "properties": {
        "styleMapHash": {
          "normal": "#icon-503-3F5BA9-normal",
          "highlight": "#icon-503-3F5BA9-highlight"
        },
        "description": "ID: 244<br>ID_PORTALE: 1<br>TIPO: Sede<br>DENOMINAZIONE: Vittorio Emanuele Capitano Basile<br>CATEGORIA: IC<br>VIA_TIPO: VIA<br>VIA_DENOMINAZIONE: TERRANOVA CESARE<br>CIVICO: 93<br>BARRATO: <br>SEDE_TIPO: Sede<br>SEDE_DENOMINAZIONE: Vittorio Emanuele Capitano Basile<br>SEDE_CATEGORIA: IC<br>SEDE_VIA_TIPO: VIA<br>SEDE_VIA_DENOMINAZIONE: TERRANOVA CESARE<br>SEDE_CIVICO: 93<br>SEDE_BARRATO: <br>QUARTIERE: MEZZOMONREALE-V.LLA TASCA<br>QUARTIERE_NUMERO: 14",
        "ID": "244",
        "ID_PORTALE": "1",
        "TIPO": "Sede",
        "DENOMINAZIONE": "Vittorio Emanuele Capitano Basile",
        "CATEGORIA": "IC",
        "VIA_TIPO": "VIA",
        "VIA_DENOMINAZIONE": "TERRANOVA CESARE",
        "CIVICO": "93",
        "BARRATO": "",
        "SEDE_TIPO": "Sede",
        "SEDE_DENOMINAZIONE": "Vittorio Emanuele Capitano Basile",
        "SEDE_CATEGORIA": "IC",
        "SEDE_VIA_TIPO": "VIA",
        "SEDE_VIA_DENOMINAZIONE": "TERRANOVA CESARE",
        "SEDE_CIVICO": "93",
        "SEDE_BARRATO": "",
        "QUARTIERE": "MEZZOMONREALE-V.LLA TASCA",
        "QUARTIERE_NUMERO": "14"
      },
      "geometry": {
        "type": "Point",
        "coordinates": [
          13.323166,
          38.097394,
          0
        ]
      }
    },
    {
      "type": "Feature",
      "properties": {
        "styleMapHash": {
          "normal": "#icon-503-93D7E8-normal",
          "highlight": "#icon-503-93D7E8-highlight"
        },
        "description": "ID: 234<br>ID_PORTALE: 1<br>TIPO: Plesso<br>DENOMINAZIONE: D'Aquino<br>CATEGORIA: <br>VIA_TIPO: VIA<br>VIA_DENOMINAZIONE: D'AQUINO RINALDO<br>CIVICO: 8<br>BARRATO: <br>SEDE_TIPO: Sede<br>SEDE_DENOMINAZIONE: Antonio Ugo - Annessa<br>SEDE_CATEGORIA: IC<br>SEDE_VIA_TIPO: VIA<br>SEDE_VIA_DENOMINAZIONE: ARCULEO ETTORE<br>SEDE_CIVICO: 39<br>SEDE_BARRATO: <br>QUARTIERE: ZISA<br>QUARTIERE_NUMERO: 6",
        "ID": "234",
        "ID_PORTALE": "1",
        "TIPO": "Plesso",
        "DENOMINAZIONE": "D'Aquino",
        "CATEGORIA": "",
        "VIA_TIPO": "VIA",
        "VIA_DENOMINAZIONE": "D'AQUINO RINALDO",
        "CIVICO": "8",
        "BARRATO": "",
        "SEDE_TIPO": "Sede",
        "SEDE_DENOMINAZIONE": "Antonio Ugo - Annessa",
        "SEDE_CATEGORIA": "IC",
        "SEDE_VIA_TIPO": "VIA",
        "SEDE_VIA_DENOMINAZIONE": "ARCULEO ETTORE",
        "SEDE_CIVICO": "39",
        "SEDE_BARRATO": "",
        "QUARTIERE": "ZISA",
        "QUARTIERE_NUMERO": "6"
      },
      "geometry": {
        "type": "Point",
        "coordinates": [
          13.334978,
          38.118664,
          0
        ]
      }
    },
    {
      "type": "Feature",
      "properties": {
        "styleMapHash": {
          "normal": "#icon-503-93D7E8-normal",
          "highlight": "#icon-503-93D7E8-highlight"
        },
        "description": "ID: 217<br>ID_PORTALE: 1<br>TIPO: Plesso<br>DENOMINAZIONE: Nino Bixio 2<br>CATEGORIA: <br>VIA_TIPO: VIA<br>VIA_DENOMINAZIONE: CASSARO<br>CIVICO: 7<br>BARRATO: <br>SEDE_TIPO: Sede<br>SEDE_DENOMINAZIONE: Padre Puglisi<br>SEDE_CATEGORIA: IC<br>SEDE_VIA_TIPO: VIA<br>SEDE_VIA_DENOMINAZIONE: PANZERA FRANCESCO<br>SEDE_CIVICO: 28<br>SEDE_BARRATO: <br>QUARTIERE: BRANCACCIO-CIACULLI<br>QUARTIERE_NUMERO: 12",
        "ID": "217",
        "ID_PORTALE": "1",
        "TIPO": "Plesso",
        "DENOMINAZIONE": "Nino Bixio 2",
        "CATEGORIA": "",
        "VIA_TIPO": "VIA",
        "VIA_DENOMINAZIONE": "CASSARO",
        "CIVICO": "7",
        "BARRATO": "",
        "SEDE_TIPO": "Sede",
        "SEDE_DENOMINAZIONE": "Padre Puglisi",
        "SEDE_CATEGORIA": "IC",
        "SEDE_VIA_TIPO": "VIA",
        "SEDE_VIA_DENOMINAZIONE": "PANZERA FRANCESCO",
        "SEDE_CIVICO": "28",
        "SEDE_BARRATO": "",
        "QUARTIERE": "BRANCACCIO-CIACULLI",
        "QUARTIERE_NUMERO": "12"
      },
      "geometry": {
        "type": "Point",
        "coordinates": [
          13.401097,
          38.079473,
          0
        ]
      }
    },
    {
      "type": "Feature",
      "properties": {
        "styleMapHash": {
          "normal": "#icon-503-3F5BA9-normal",
          "highlight": "#icon-503-3F5BA9-highlight"
        },
        "description": "ID: 229<br>ID_PORTALE: 1<br>TIPO: Sede<br>DENOMINAZIONE: Antonio Ugo - Annessa<br>CATEGORIA: IC<br>VIA_TIPO: VIA<br>VIA_DENOMINAZIONE: ARCULEO ETTORE<br>CIVICO: 39<br>BARRATO: <br>SEDE_TIPO: Sede<br>SEDE_DENOMINAZIONE: Antonio Ugo - Annessa<br>SEDE_CATEGORIA: IC<br>SEDE_VIA_TIPO: VIA<br>SEDE_VIA_DENOMINAZIONE: ARCULEO ETTORE<br>SEDE_CIVICO: 39<br>SEDE_BARRATO: <br>QUARTIERE: ZISA<br>QUARTIERE_NUMERO: 6",
        "ID": "229",
        "ID_PORTALE": "1",
        "TIPO": "Sede",
        "DENOMINAZIONE": "Antonio Ugo - Annessa",
        "CATEGORIA": "IC",
        "VIA_TIPO": "VIA",
        "VIA_DENOMINAZIONE": "ARCULEO ETTORE",
        "CIVICO": "39",
        "BARRATO": "",
        "SEDE_TIPO": "Sede",
        "SEDE_DENOMINAZIONE": "Antonio Ugo - Annessa",
        "SEDE_CATEGORIA": "IC",
        "SEDE_VIA_TIPO": "VIA",
        "SEDE_VIA_DENOMINAZIONE": "ARCULEO ETTORE",
        "SEDE_CIVICO": "39",
        "SEDE_BARRATO": "",
        "QUARTIERE": "ZISA",
        "QUARTIERE_NUMERO": "6"
      },
      "geometry": {
        "type": "Point",
        "coordinates": [
          13.333273,
          38.117241,
          0
        ]
      }
    },
    {
      "type": "Feature",
      "properties": {
        "styleMapHash": {
          "normal": "#icon-503-93D7E8-normal",
          "highlight": "#icon-503-93D7E8-highlight"
        },
        "description": "ID: 170<br>ID_PORTALE: 1<br>TIPO: Plesso<br>DENOMINAZIONE: Oberdan<br>CATEGORIA: <br>VIA_TIPO: VIA<br>VIA_DENOMINAZIONE: SPICA PIETRO<br>CIVICO: 5<br>BARRATO: <br>SEDE_TIPO: Sede<br>SEDE_DENOMINAZIONE: Mare Dolce ex Quasimodo-Oberdan<br>SEDE_CATEGORIA: IC<br>SEDE_VIA_TIPO: VIA<br>SEDE_VIA_DENOMINAZIONE: FICHIDINDIA<br>SEDE_CIVICO: 6<br>SEDE_BARRATO: <br>QUARTIERE: ORETO-STAZIONE<br>QUARTIERE_NUMERO: 3",
        "ID": "170",
        "ID_PORTALE": "1",
        "TIPO": "Plesso",
        "DENOMINAZIONE": "Oberdan",
        "CATEGORIA": "",
        "VIA_TIPO": "VIA",
        "VIA_DENOMINAZIONE": "SPICA PIETRO",
        "CIVICO": "5",
        "BARRATO": "",
        "SEDE_TIPO": "Sede",
        "SEDE_DENOMINAZIONE": "Mare Dolce ex Quasimodo-Oberdan",
        "SEDE_CATEGORIA": "IC",
        "SEDE_VIA_TIPO": "VIA",
        "SEDE_VIA_DENOMINAZIONE": "FICHIDINDIA",
        "SEDE_CIVICO": "6",
        "SEDE_BARRATO": "",
        "QUARTIERE": "ORETO-STAZIONE",
        "QUARTIERE_NUMERO": "3"
      },
      "geometry": {
        "type": "Point",
        "coordinates": [
          13.370154,
          38.10002,
          0
        ]
      }
    },
    {
      "type": "Feature",
      "properties": {
        "styleMapHash": {
          "normal": "#icon-503-93D7E8-normal",
          "highlight": "#icon-503-93D7E8-highlight"
        },
        "description": "ID: 106<br>ID_PORTALE: 1<br>TIPO: Plesso<br>DENOMINAZIONE: De Cosmi<br>CATEGORIA: <br>VIA_TIPO: VIA<br>VIA_DENOMINAZIONE: RUGGERI LEONARDO<br>CIVICO: 35<br>BARRATO: <br>SEDE_TIPO: Sede<br>SEDE_DENOMINAZIONE: T. Lampedusa<br>SEDE_CATEGORIA: IC<br>SEDE_VIA_TIPO: VIA<br>SEDE_VIA_DENOMINAZIONE: DOGALI<br>SEDE_CIVICO: <br>SEDE_BARRATO: <br>QUARTIERE: UDITORE- PASSO DI RIGANO<br>QUARTIERE_NUMERO: 17",
        "ID": "106",
        "ID_PORTALE": "1",
        "TIPO": "Plesso",
        "DENOMINAZIONE": "De Cosmi",
        "CATEGORIA": "",
        "VIA_TIPO": "VIA",
        "VIA_DENOMINAZIONE": "RUGGERI LEONARDO",
        "CIVICO": "35",
        "BARRATO": "",
        "SEDE_TIPO": "Sede",
        "SEDE_DENOMINAZIONE": "T. Lampedusa",
        "SEDE_CATEGORIA": "IC",
        "SEDE_VIA_TIPO": "VIA",
        "SEDE_VIA_DENOMINAZIONE": "DOGALI",
        "SEDE_CIVICO": "",
        "SEDE_BARRATO": "",
        "QUARTIERE": "UDITORE- PASSO DI RIGANO",
        "QUARTIERE_NUMERO": "17"
      },
      "geometry": {
        "type": "Point",
        "coordinates": [
          13.318421,
          38.126188,
          0
        ]
      }
    },
    {
      "type": "Feature",
      "properties": {
        "styleMapHash": {
          "normal": "#icon-503-3F5BA9-normal",
          "highlight": "#icon-503-3F5BA9-highlight"
        },
        "description": "ID: 18<br>ID_PORTALE: 1<br>TIPO: Sede<br>DENOMINAZIONE: Arculeo<br>CATEGORIA: DD<br>VIA_TIPO: VIA<br>VIA_DENOMINAZIONE: VITO SCHIFANI<br>CIVICO: 3<br>BARRATO: <br>SEDE_TIPO: Sede<br>SEDE_DENOMINAZIONE: Arculeo<br>SEDE_CATEGORIA: DD<br>SEDE_VIA_TIPO: VIA<br>SEDE_VIA_DENOMINAZIONE: VITO SCHIFANI<br>SEDE_CIVICO: 3<br>SEDE_BARRATO: <br>QUARTIERE: MEZZOMONREALE-V.LLA TASCA<br>QUARTIERE_NUMERO: 14",
        "ID": "18",
        "ID_PORTALE": "1",
        "TIPO": "Sede",
        "DENOMINAZIONE": "Arculeo",
        "CATEGORIA": "DD",
        "VIA_TIPO": "VIA",
        "VIA_DENOMINAZIONE": "VITO SCHIFANI",
        "CIVICO": "3",
        "BARRATO": "",
        "SEDE_TIPO": "Sede",
        "SEDE_DENOMINAZIONE": "Arculeo",
        "SEDE_CATEGORIA": "DD",
        "SEDE_VIA_TIPO": "VIA",
        "SEDE_VIA_DENOMINAZIONE": "VITO SCHIFANI",
        "SEDE_CIVICO": "3",
        "SEDE_BARRATO": "",
        "QUARTIERE": "MEZZOMONREALE-V.LLA TASCA",
        "QUARTIERE_NUMERO": "14"
      },
      "geometry": {
        "type": "Point",
        "coordinates": [
          13.337667,
          38.101124,
          0
        ]
      }
    },
    {
      "type": "Feature",
      "properties": {
        "styleMapHash": {
          "normal": "#icon-503-3F5BA9-normal",
          "highlight": "#icon-503-3F5BA9-highlight"
        },
        "description": "ID: 147<br>ID_PORTALE: 1<br>TIPO: Sede<br>DENOMINAZIONE: Manzoni - P. Impastato<br>CATEGORIA: IC<br>VIA_TIPO: VIA<br>VIA_DENOMINAZIONE: SERRADIFALCO<br>CIVICO: 3<br>BARRATO: <br>SEDE_TIPO: Sede<br>SEDE_DENOMINAZIONE: Manzoni - P. Impastato<br>SEDE_CATEGORIA: IC<br>SEDE_VIA_TIPO: VIA<br>SEDE_VIA_DENOMINAZIONE: SERRADIFALCO<br>SEDE_CIVICO: 3<br>SEDE_BARRATO: <br>QUARTIERE: ZISA<br>QUARTIERE_NUMERO: 6",
        "ID": "147",
        "ID_PORTALE": "1",
        "TIPO": "Sede",
        "DENOMINAZIONE": "Manzoni - P. Impastato",
        "CATEGORIA": "IC",
        "VIA_TIPO": "VIA",
        "VIA_DENOMINAZIONE": "SERRADIFALCO",
        "CIVICO": "3",
        "BARRATO": "",
        "SEDE_TIPO": "Sede",
        "SEDE_DENOMINAZIONE": "Manzoni - P. Impastato",
        "SEDE_CATEGORIA": "IC",
        "SEDE_VIA_TIPO": "VIA",
        "SEDE_VIA_DENOMINAZIONE": "SERRADIFALCO",
        "SEDE_CIVICO": "3",
        "SEDE_BARRATO": "",
        "QUARTIERE": "ZISA",
        "QUARTIERE_NUMERO": "6"
      },
      "geometry": {
        "type": "Point",
        "coordinates": [
          13.340827,
          38.120658,
          0
        ]
      }
    }
  ]
}