{"type":"FeatureCollection","features":[{"type":"Feature","properties":{"nome":"VIA CORONA VITTORIO 32","categoria":"Terreno","tipo":"AREA"},"geometry":{"type":"Point","coordinates":[13.39533,38.076192]}},{"type":"Feature","properties":{"nome":"PIAZZA PRETORIA 1","categoria":"Edificio","tipo":"UFFICIO"},"geometry":{"type":"Point","coordinates":[13.362216,38.11511]}},{"type":"Feature","properties":{"nome":"PIAZZA GIULIO CESARE 52","categoria":"Edificio","tipo":"UFFICIO"},"geometry":{"type":"Point","coordinates":[13.366039,38.110805]}},{"type":"Feature","properties":{"nome":"VIA VILLAGRAZIA 302","categoria":"Unità non abitativa","tipo":"UFFICIO"},"geometry":{"type":"Point","coordinates":[13.332381,38.076626]}},{"type":"Feature","properties":{"nome":"VIALE DUCA DEGLI ABRUZZI 1/D","categoria":"Edificio","tipo":"UFFICIO"},"geometry":{"type":"Point","coordinates":[13.329707,38.16882]}},{"type":"Feature","properties":{"nome":"VIA TIRO A SEGNO 64","categoria":"Edificio","tipo":"UFFICIO"},"geometry":{"type":"Point","coordinates":[13.377264,38.111574]}},{"type":"Feature","properties":{"nome":"VIA MESSINA MONTAGNE 9","categoria":"Terreno","tipo":"AREA"},"geometry":{"type":"Point","coordinates":[13.42741,38.079611]}},{"type":"Feature","properties":{"nome":"VIALE NICOLETTI ROSARIO 56","categoria":"Area","tipo":"AREA"},"geometry":{"type":"Point","coordinates":[13.288097,38.192442]}},{"type":"Feature","properties":{"nome":"CORSO RE RUGGERO SNC","categoria":"Terreno","tipo":"VERDE"},"geometry":{"type":"Point","coordinates":[13.353995,38.108766]}},{"type":"Feature","properties":{"nome":"VIA CIACULLI 2","categoria":"Terreno","tipo":"VERDE"},"geometry":{"type":"Point","coordinates":[13.389786,38.086589]}},{"type":"Feature","properties":{"nome":"VIA S.LORENZO SNC","categoria":"Terreno","tipo":"VERDE"},"geometry":{"type":"Point","coordinates":[13.315661,38.172642]}},{"type":"Feature","properties":{"nome":"VIA FALSOMIELE","categoria":"Terreno","tipo":"VERDE"},"geometry":{"type":"Point","coordinates":[13.346503,38.073723]}},{"type":"Feature","properties":{"nome":"CORSO CALATAFIMI 243","categoria":"Edificio","tipo":"SCUOLA"},"geometry":{"type":"Point","coordinates":[13.348105,38.110938]}},{"type":"Feature","properties":{"nome":"VIA NARBONE ALESSIO 55","categoria":"Edificio","tipo":"SCUOLA"},"geometry":{"type":"Point","coordinates":[13.344264,38.120024]}},{"type":"Feature","properties":{"nome":"VIA RAGUSA MOLETI 8","categoria":"Edificio","tipo":"SCUOLA"},"geometry":{"type":"Point","coordinates":[13.340066,38.106197]}},{"type":"Feature","properties":{"nome":"VIA SPERONE 79","categoria":"Edificio","tipo":"SCUOLA"},"geometry":{"type":"Point","coordinates":[13.404959,38.098548]}},{"type":"Feature","properties":{"nome":"VIA SPICA PIETRO 5","categoria":"Edificio","tipo":"SCUOLA"},"geometry":{"type":"Point","coordinates":[13.369928,38.100192]}},{"type":"Feature","properties":{"nome":"CORSO CALATAFIMI 1035","categoria":"Edificio","tipo":"SCUOLA"},"geometry":{"type":"Point","coordinates":[13.315219,38.097234]}},{"type":"Feature","properties":{"nome":"VIA INSERRA 1","categoria":"Edificio","tipo":"SCUOLA"},"geometry":{"type":"Point","coordinates":[13.314689,38.145211]}},{"type":"Feature","properties":{"nome":"VIA MOLARA 30","categoria":"Edificio","tipo":"SCUOLA"},"geometry":{"type":"Point","coordinates":[13.310874,38.080705]}},{"type":"Feature","properties":{"nome":"VIA PIER DELLE VIGNE 16","categoria":"Edificio","tipo":"SCUOLA"},"geometry":{"type":"Point","coordinates":[13.357948,38.130565]}},{"type":"Feature","properties":{"nome":"VIA ROSSO DI S.SECONDO 1","categoria":"Edificio","tipo":"SCUOLA"},"geometry":{"type":"Point","coordinates":[13.329921,38.120255]}},{"type":"Feature","properties":{"nome":"VIA SERGIO PAPA I 21","categoria":"Edificio","tipo":"SCUOLA"},"geometry":{"type":"Point","coordinates":[13.370999,38.150647]}},{"type":"Feature","properties":{"nome":"VIA PARATORE GIUSEPPE 34","categoria":"Edificio","tipo":"SCUOLA"},"geometry":{"type":"Point","coordinates":[13.373643,38.093186]}},{"type":"Feature","properties":{"nome":"VIA TACITO 2 - 34","categoria":"Edificio","tipo":"SCUOLA"},"geometry":{"type":"Point","coordinates":[13.274549,38.196697]}},{"type":"Feature","properties":{"nome":"VIA LA FRANCA SEBASTIANO 70","categoria":"Edificio","tipo":"SCUOLA"},"geometry":{"type":"Point","coordinates":[13.364809,38.10335]}},{"type":"Feature","properties":{"nome":"VIA TIRO A SEGNO 62","categoria":"Edificio","tipo":"UFFICIO"},"geometry":{"type":"Point","coordinates":[13.382861,38.104814]}},{"type":"Feature","properties":{"nome":"VIA SCHIAVUZZO 22","categoria":"Edificio","tipo":"UFFICIO"},"geometry":{"type":"Point","coordinates":[13.36777,38.114375]}},{"type":"Feature","properties":{"nome":"VIA S.BIAGIO 2","categoria":"Unità non abitativa","tipo":"UFFICIO"},"geometry":{"type":"Point","coordinates":[13.359185,38.115627]}},{"type":"Feature","properties":{"nome":"VIA S.BIAGIO SNC","categoria":"Unità non abitativa","tipo":"UFFICIO"},"geometry":{"type":"Point","coordinates":[13.359185,38.115627]}},{"type":"Feature","properties":{"nome":"VIA S.BIAGIO 8","categoria":"Unità non abitativa","tipo":"UFFICIO"},"geometry":{"type":"Point","coordinates":[13.359185,38.115627]}},{"type":"Feature","properties":{"nome":"VIA S.BIAGIO 3","categoria":"Unità non abitativa","tipo":"UFFICIO"},"geometry":{"type":"Point","coordinates":[13.359185,38.115627]}},{"type":"Feature","properties":{"nome":"VIA SCANNASERPE 1","categoria":"Area","tipo":"UFFICIO"},"geometry":{"type":"Point","coordinates":[13.332194,38.152796]}},{"type":"Feature","properties":{"nome":"VIA OLANDA 40","categoria":"Unità non abitativa","tipo":"UFFICIO"},"geometry":{"type":"Point","coordinates":[13.319374,38.149376]}},{"type":"Feature","properties":{"nome":"PIAZZA DELLA PACE 4","categoria":"Unità non abitativa","tipo":"UFFICIO"},"geometry":{"type":"Point","coordinates":[13.358971,38.130808]}},{"type":"Feature","properties":{"nome":"PIAZZA DELLA KALSA 31","categoria":"Edificio","tipo":"UFFICIO"},"geometry":{"type":"Point","coordinates":[13.373089,38.115531]}},{"type":"Feature","properties":{"nome":"VIA DELLO SPIRITO SANTO 35/37","categoria":"Edificio","tipo":"UFFICIO"},"geometry":{"type":"Point","coordinates":[13.357485,38.117351]}},{"type":"Feature","properties":{"nome":"VIA LINCOLN 121","categoria":"Unità non abitativa","tipo":"UFFICIO"},"geometry":{"type":"Point","coordinates":[13.369201,38.112381]}},{"type":"Feature","properties":{"nome":"FONDO MATTALIANO","categoria":"Terreno","tipo":"VERDE"},"geometry":{"type":"Point","coordinates":[13.295029,38.176232]}},{"type":"Feature","properties":{"nome":"PIAZZA NISCEMI","categoria":"Terreno","tipo":"VERDE"},"geometry":{"type":"Point","coordinates":[13.334819,38.16503]}},{"type":"Feature","properties":{"nome":"VIALE DIANA 1","categoria":"Terreno","tipo":"VERDE"},"geometry":{"type":"Point","coordinates":[13.332412,38.16503]}},{"type":"Feature","properties":{"nome":"VIA ATTINELLI SALVATORE","categoria":"Terreno","tipo":"VERDE"},"geometry":{"type":"Point","coordinates":[13.302482,38.136838]}},{"type":"Feature","properties":{"nome":"VIA GIGLI BENIAMINO 24/26","categoria":"Unità non abitativa","tipo":"VERDE"},"geometry":{"type":"Point","coordinates":[13.320022,38.171413]}},{"type":"Feature","properties":{"nome":"VIA FUNAIOLI GINO 5","categoria":"Terreno","tipo":"VERDE"},"geometry":{"type":"Point","coordinates":[13.390315,38.102862]}},{"type":"Feature","properties":{"nome":"VIA BORSELLINO 1","categoria":"Terreno","tipo":"VERDE"},"geometry":{"type":"Point","coordinates":[13.304538,38.133917]}},{"type":"Feature","properties":{"nome":"VIA MONTEPELLEGRINO 1","categoria":"Terreno","tipo":"VERDE"},"geometry":{"type":"Point","coordinates":[13.364505,38.155369]}},{"type":"Feature","properties":{"nome":"LUNGOMARE COLOMBO CRISTOFORO","categoria":"Terreno","tipo":"VERDE"},"geometry":{"type":"Point","coordinates":[13.357576,38.190998]}},{"type":"Feature","properties":{"nome":"VIA CASALINI 65","categoria":"Edificio","tipo":"SCUOLA"},"geometry":{"type":"Point","coordinates":[13.314118,38.127605]}},{"type":"Feature","properties":{"nome":"VIA ORTIGIA 19","categoria":"Edificio","tipo":"SCUOLA"},"geometry":{"type":"Point","coordinates":[13.360926,38.089483]}},{"type":"Feature","properties":{"nome":"VIALE EURIDICE 24","categoria":"Edificio","tipo":"SCUOLA"},"geometry":{"type":"Point","coordinates":[13.329581,38.191715]}},{"type":"Feature","properties":{"nome":"VIA CASSARO 2","categoria":"Edificio","tipo":"SCUOLA"},"geometry":{"type":"Point","coordinates":[13.401199,38.080089]}},{"type":"Feature","properties":{"nome":"VIA FIUME 14","categoria":"Edificio","tipo":"SCUOLA"},"geometry":{"type":"Point","coordinates":[13.364756,38.11171]}},{"type":"Feature","properties":{"nome":"VIA SPEDALIERI NICOLO' 50","categoria":"Edificio","tipo":"SCUOLA"},"geometry":{"type":"Point","coordinates":[13.364368,38.139592]}},{"type":"Feature","properties":{"nome":"LARGO TRINACRIA 1","categoria":"Edificio","tipo":"SCUOLA"},"geometry":{"type":"Point","coordinates":[13.338877,38.146712]}},{"type":"Feature","properties":{"nome":"VIA S.MARIA DI GESU' 89","categoria":"Edificio","tipo":"SCUOLA"},"geometry":{"type":"Point","coordinates":[13.377702,38.084183]}},{"type":"Feature","properties":{"nome":"VIA CRISTODULO AMMIRAGLIO 1","categoria":"Edificio","tipo":"SCUOLA"},"geometry":{"type":"Point","coordinates":[13.425287,38.096223]}},{"type":"Feature","properties":{"nome":"VIA GIORDANO CALCEDONIO 1","categoria":"Edificio","tipo":"SCUOLA"},"geometry":{"type":"Point","coordinates":[13.365647,38.143779]}},{"type":"Feature","properties":{"nome":"PIAZZA CASA PROFESSA 1","categoria":"Edificio","tipo":"SCUOLA"},"geometry":{"type":"Point","coordinates":[13.360802,38.113385]}},{"type":"Feature","properties":{"nome":"VIA CRISPI FRANCESCO 286","categoria":"Unità non abitativa","tipo":"UFFICIO"},"geometry":{"type":"Point","coordinates":[13.360247,38.130105]}},{"type":"Feature","properties":{"nome":"PIAZZA MARINA 46","categoria":"Unità non abitativa","tipo":"UFFICIO"},"geometry":{"type":"Point","coordinates":[13.36951,38.116757]}},{"type":"Feature","properties":{"nome":"PIAZZA MARINA 3","categoria":"Unità non abitativa","tipo":"UFFICIO"},"geometry":{"type":"Point","coordinates":[13.36951,38.116757]}},{"type":"Feature","properties":{"nome":"VIA VITTORIO EMANUELE 353","categoria":"Unità abitativa","tipo":"UFFICIO"},"geometry":{"type":"Point","coordinates":[13.360063,38.115468]}},{"type":"Feature","properties":{"nome":"VICOLO GRAN CANCELLIERE 3","categoria":"Unità abitativa","tipo":"UFFICIO"},"geometry":{"type":"Point","coordinates":[13.360063,38.115468]}},{"type":"Feature","properties":{"nome":"VICOLO GRAN CANCELLIERE 5","categoria":"Unità abitativa","tipo":"UFFICIO"},"geometry":{"type":"Point","coordinates":[13.360063,38.115468]}},{"type":"Feature","properties":{"nome":"VICOLO GRAN CANCELLIERE 7","categoria":"Unità abitativa","tipo":"UFFICIO"},"geometry":{"type":"Point","coordinates":[13.360063,38.115468]}},{"type":"Feature","properties":{"nome":"VICOLO GRAN CANCELLIERE 9","categoria":"Unità abitativa","tipo":"UFFICIO"},"geometry":{"type":"Point","coordinates":[13.360063,38.115468]}},{"type":"Feature","properties":{"nome":"VICOLO GRAN CANCELLIERE 11","categoria":"Unità abitativa","tipo":"UFFICIO"},"geometry":{"type":"Point","coordinates":[13.360063,38.115468]}},{"type":"Feature","properties":{"nome":"PZA POTTINO FILIPPO MONS. 1","categoria":"Unità abitativa","tipo":"UFFICIO"},"geometry":{"type":"Point","coordinates":[13.372278,38.156372]}},{"type":"Feature","properties":{"nome":"VIA LINCOLN 144","categoria":"Unità non abitativa","tipo":"UFFICIO"},"geometry":{"type":"Point","coordinates":[13.368195,38.111086]}},{"type":"Feature","properties":{"nome":"VIA DELL'AUTONOMIA SICILIANA 123/A","categoria":"Terreno","tipo":"VERDE"},"geometry":{"type":"Point","coordinates":[13.354921,38.141314]}},{"type":"Feature","properties":{"nome":"VIA LINCOLN","categoria":"Area","tipo":"VERDE"},"geometry":{"type":"Point","coordinates":[13.377472,38.11316]}},{"type":"Feature","properties":{"nome":"PASSAGGIO LINCOLN","categoria":"Terreno","tipo":"VERDE"},"geometry":{"type":"Point","coordinates":[13.37564,38.113444]}},{"type":"Feature","properties":{"nome":"VIA VITTORIO EMANUELE","categoria":"Terreno","tipo":"VERDE"},"geometry":{"type":"Point","coordinates":[13.35579,38.112432]}},{"type":"Feature","properties":{"nome":"PIAZZA INDIPENDENZA","categoria":"Terreno","tipo":"VERDE"},"geometry":{"type":"Point","coordinates":[13.352674,38.11124]}},{"type":"Feature","properties":{"nome":"PIAZZA UNITA' D'ITALIA","categoria":"Terreno","tipo":"VERDE"},"geometry":{"type":"Point","coordinates":[13.345691,38.13256]}},{"type":"Feature","properties":{"nome":"VIA DELLA LIBERTA'","categoria":"Terreno","tipo":"VERDE"},"geometry":{"type":"Point","coordinates":[13.350734,38.131714]}},{"type":"Feature","properties":{"nome":"VICOLO DEL BARRILAIO 13 - S","categoria":"Terreno","tipo":"VERDE"},"geometry":{"type":"Point","coordinates":[13.364208,38.118851]}},{"type":"Feature","properties":{"nome":"VIA S.AGATA ALLA GUILLA","categoria":"Terreno","tipo":"VERDE"},"geometry":{"type":"Point","coordinates":[13.356157,38.115785]}},{"type":"Feature","properties":{"nome":"VIA ZAPPA GINO 1","categoria":"Terreno","tipo":"VERDE"},"geometry":{"type":"Point","coordinates":[13.31113,38.178524]}},{"type":"Feature","properties":{"nome":"VIALE PERTINI SANDRO","categoria":"Terreno","tipo":"VERDE"},"geometry":{"type":"Point","coordinates":[13.318496,38.182916]}},{"type":"Feature","properties":{"nome":"VIALE DEI PICCIOTTI 1","categoria":"Terreno","tipo":"VERDE"},"geometry":{"type":"Point","coordinates":[13.384832,38.103206]}},{"type":"Feature","properties":{"nome":"VIA LUPARELLO 16","categoria":"Terreno","tipo":"VERDE"},"geometry":{"type":"Point","coordinates":[13.300006,38.111738]}},{"type":"Feature","properties":{"nome":"VIA DOGALI 48","categoria":"Edificio","tipo":"SCUOLA"},"geometry":{"type":"Point","coordinates":[13.329403,38.186239]}},{"type":"Feature","properties":{"nome":"VIA ALIA 16","categoria":"Edificio","tipo":"SCUOLA"},"geometry":{"type":"Point","coordinates":[13.296868,38.133455]}},{"type":"Feature","properties":{"nome":"VIA PALAZZOTTO F.P. E G.B. 5","categoria":"Edificio","tipo":"SCUOLA"},"geometry":{"type":"Point","coordinates":[13.334897,38.1144]}},{"type":"Feature","properties":{"nome":"VIA ZUPPETTA 1-3-3A","categoria":"Edificio","tipo":"SCUOLA"},"geometry":{"type":"Point","coordinates":[13.333782,38.078097]}},{"type":"Feature","properties":{"nome":"VIA BAVIERA GIOVANNI 22","categoria":"Edificio","tipo":"SCUOLA"},"geometry":{"type":"Point","coordinates":[13.32586,38.120145]}},{"type":"Feature","properties":{"nome":"VIA CAGNI UMBERTO AMM. 40","categoria":"Edificio","tipo":"SCUOLA"},"geometry":{"type":"Point","coordinates":[13.330976,38.171866]}},{"type":"Feature","properties":{"nome":"VIA DEL CASTORO 13","categoria":"Edificio","tipo":"SCUOLA"},"geometry":{"type":"Point","coordinates":[13.359169,38.083913]}},{"type":"Feature","properties":{"nome":"VIA MARCELLINI TOMMASO 1","categoria":"Edificio","tipo":"SCUOLA"},"geometry":{"type":"Point","coordinates":[13.323491,38.101436]}},{"type":"Feature","properties":{"nome":"CORSO DEI MILLE 1672","categoria":"Edificio","tipo":"SCUOLA"},"geometry":{"type":"Point","coordinates":[13.418015,38.070615]}},{"type":"Feature","properties":{"nome":"VIA RALLO ALBERTO 9","categoria":"Edificio","tipo":"SCUOLA"},"geometry":{"type":"Point","coordinates":[13.3649,38.139906]}},{"type":"Feature","properties":{"nome":"VIA FALSOMIELE 77","categoria":"Terreno","tipo":"AREA"},"geometry":{"type":"Point","coordinates":[13.366614,38.078764]}},{"type":"Feature","properties":{"nome":"VIA TITONE MICHELE 46/59 - 63/71","categoria":"Edificio","tipo":"SCUOLA"},"geometry":{"type":"Point","coordinates":[13.33865,38.107141]}},{"type":"Feature","properties":{"nome":"VIA GIANNOTTA NICOLO' 4","categoria":"Edificio","tipo":"SCUOLA"},"geometry":{"type":"Point","coordinates":[13.408951,38.095834]}},{"type":"Feature","properties":{"nome":"VIA TRICOMI ERNESTO 14","categoria":"Unità non abitativa","tipo":"UFFICIO"},"geometry":{"type":"Point","coordinates":[13.354934,38.102469]}},{"type":"Feature","properties":{"nome":"VIA ORLANDO FRATELLI 16","categoria":"Edificio","tipo":"UFFICIO"},"geometry":{"type":"Point","coordinates":[13.365002,38.120253]}},{"type":"Feature","properties":{"nome":"PIAZZA DELLA SERENITA' 5","categoria":"Unità non abitativa","tipo":"UFFICIO"},"geometry":{"type":"Point","coordinates":[13.309064,38.19899]}},{"type":"Feature","properties":{"nome":"SALITA DELL'ANNUNZIATA 11","categoria":"Unità non abitativa","tipo":"UFFICIO"},"geometry":{"type":"Point","coordinates":[13.356825,38.110989]}},{"type":"Feature","properties":{"nome":"VIA DELLE BALATE 17/21","categoria":"Unità non abitativa","tipo":"UFFICIO"},"geometry":{"type":"Point","coordinates":[13.356825,38.110989]}},{"type":"Feature","properties":{"nome":"VIA D'ASARO PIETRO 13","categoria":"Unità non abitativa","tipo":"UFFICIO"},"geometry":{"type":"Point","coordinates":[13.347587,38.122328]}},{"type":"Feature","properties":{"nome":"VIA GARIBALDI 16/32","categoria":"Edificio","tipo":"UFFICIO"},"geometry":{"type":"Point","coordinates":[13.367091,38.112757]}},{"type":"Feature","properties":{"nome":"VIA MALASPINA 27","categoria":"Unità non abitativa","tipo":"UFFICIO"},"geometry":{"type":"Point","coordinates":[13.346993,38.124974]}},{"type":"Feature","properties":{"nome":"VIA GARIBALDI 44","categoria":"Unità non abitativa","tipo":"UFFICIO"},"geometry":{"type":"Point","coordinates":[13.369126,38.116752]}},{"type":"Feature","properties":{"nome":"VICOLO DELLA NEVE ALL'ALLORO 10","categoria":"Unità non abitativa","tipo":"UFFICIO"},"geometry":{"type":"Point","coordinates":[13.369293,38.116521]}},{"type":"Feature","properties":{"nome":"STRADELLA CARTIERA GRANDE 12","categoria":"Area","tipo":"AREA"},"geometry":{"type":"Point","coordinates":[13.309829,38.077481]}},{"type":"Feature","properties":{"nome":"VIA LUPARELLO 26","categoria":"Terreno","tipo":"VERDE"},"geometry":{"type":"Point","coordinates":[13.299562,38.112065]}},{"type":"Feature","properties":{"nome":"VIA ACI 6","categoria":"Terreno","tipo":"VERDE"},"geometry":{"type":"Point","coordinates":[13.322447,38.129744]}},{"type":"Feature","properties":{"nome":"VIALE LEONARDO DA VINCI 411","categoria":"Terreno","tipo":"VERDE"},"geometry":{"type":"Point","coordinates":[13.319096,38.12803]}},{"type":"Feature","properties":{"nome":"VIA SALINE","categoria":"Terreno","tipo":"VERDE"},"geometry":{"type":"Point","coordinates":[13.320085,38.196272]}},{"type":"Feature","properties":{"nome":"VIA GERACI MICO","categoria":"Terreno","tipo":"VERDE"},"geometry":{"type":"Point","coordinates":[13.359633,38.083379]}},{"type":"Feature","properties":{"nome":"VIA LA MASA GIUSEPPE 17","categoria":"Edificio","tipo":"SCUOLA"},"geometry":{"type":"Point","coordinates":[13.361981,38.125577]}},{"type":"Feature","properties":{"nome":"VIA SACCO E VANZETTI 13","categoria":"Edificio","tipo":"SCUOLA"},"geometry":{"type":"Point","coordinates":[13.399827,38.095357]}},{"type":"Feature","properties":{"nome":"VIA PRINCIPE DI SCORDIA 169","categoria":"Edificio","tipo":"SCUOLA"},"geometry":{"type":"Point","coordinates":[13.359112,38.127705]}},{"type":"Feature","properties":{"nome":"VIA ONORATO CARMELO 9","categoria":"Edificio","tipo":"SCUOLA"},"geometry":{"type":"Point","coordinates":[13.344914,38.107573]}},{"type":"Feature","properties":{"nome":"VIA IMPASTATO FELICIA 17/19","categoria":"Edificio","tipo":"SCUOLA"},"geometry":{"type":"Point","coordinates":[13.365234,38.085435]}},{"type":"Feature","properties":{"nome":"VIA MAQUEDA 53","categoria":"Edificio","tipo":"SCUOLA"},"geometry":{"type":"Point","coordinates":[13.364756,38.11171]}},{"type":"Feature","properties":{"nome":"VICOLO PANTELLERIA 8","categoria":"Edificio","tipo":"SCUOLA"},"geometry":{"type":"Point","coordinates":[13.324775,38.157036]}},{"type":"Feature","properties":{"nome":"VIA PADRE MASSIMILIANO KOLBE 14","categoria":"Edificio","tipo":"SCUOLA"},"geometry":{"type":"Point","coordinates":[13.425396,38.095237]}},{"type":"Feature","properties":{"nome":"VIA DELLA BARCA 1","categoria":"Edificio","tipo":"SCUOLA"},"geometry":{"type":"Point","coordinates":[13.372564,38.154376]}},{"type":"Feature","properties":{"nome":"P.LE PIRANDELLO FAUSTO SNC","categoria":"Edificio","tipo":"SCUOLA"},"geometry":{"type":"Point","coordinates":[13.295187,38.134653]}},{"type":"Feature","properties":{"nome":"VIA DI DIO ALFREDO E ANTONIO 3","categoria":"Edificio","tipo":"SCUOLA"},"geometry":{"type":"Point","coordinates":[13.352394,38.139623]}},{"type":"Feature","properties":{"nome":"ARCO ZISA 17","categoria":"Edificio","tipo":"SCUOLA"},"geometry":{"type":"Point","coordinates":[13.343288,38.114894]}},{"type":"Feature","properties":{"nome":"SALITA MEZZAGNO 19","categoria":"Area","tipo":"AREA"},"geometry":{"type":"Point","coordinates":[13.367858,38.076269]}},{"type":"Feature","properties":{"nome":"VIA BEATI PAOLI 45","categoria":"Unità non abitativa","tipo":"UFFICIO"},"geometry":{"type":"Point","coordinates":[13.355197,38.116995]}},{"type":"Feature","properties":{"nome":"PIAZZETTA DEGLI ORFANI 1","categoria":"Unità non abitativa","tipo":"UFFICIO"},"geometry":{"type":"Point","coordinates":[13.355292,38.1174]}},{"type":"Feature","properties":{"nome":"PIAZZA MARINA 39","categoria":"Edificio","tipo":"UFFICIO"},"geometry":{"type":"Point","coordinates":[13.368748,38.116596]}},{"type":"Feature","properties":{"nome":"VICOLO CILIO 1","categoria":"Terreno","tipo":"AREA"},"geometry":{"type":"Point","coordinates":[13.333237,38.083646]}},{"type":"Feature","properties":{"nome":"VIA DEL RIO GIACOMO","categoria":"Terreno","tipo":"AREA"},"geometry":{"type":"Point","coordinates":[13.392806,38.083168]}},{"type":"Feature","properties":{"nome":"VIA SAVONAROLA GIROLAMO","categoria":"Terreno","tipo":"VERDE"},"geometry":{"type":"Point","coordinates":[13.320622,38.122044]}},{"type":"Feature","properties":{"nome":"VIA DELL'ERMELLINO 39","categoria":"Terreno","tipo":"VERDE"},"geometry":{"type":"Point","coordinates":[13.361204,38.086986]}},{"type":"Feature","properties":{"nome":"VIA LA MANTIA GIUSEPPE 9","categoria":"Terreno","tipo":"AREA"},"geometry":{"type":"Point","coordinates":[13.298635,38.170178]}},{"type":"Feature","properties":{"nome":"VIALE LAZIO","categoria":"Terreno","tipo":"VERDE"},"geometry":{"type":"Point","coordinates":[13.339351,38.143354]}},{"type":"Feature","properties":{"nome":"PIAZZA ZISA 13","categoria":"Unità non abitativa","tipo":"SCUOLA"},"geometry":{"type":"Point","coordinates":[13.341286,38.115663]}},{"type":"Feature","properties":{"nome":"VIA AGNETTA 103","categoria":"Terreno","tipo":"AREA"},"geometry":{"type":"Point","coordinates":[13.342845,38.081368]}},{"type":"Feature","properties":{"nome":"VIA DE FILIPPO TITINA 3","categoria":"Edificio","tipo":"SCUOLA"},"geometry":{"type":"Point","coordinates":[13.32638,38.102496]}},{"type":"Feature","properties":{"nome":"VIA DE FILIPPO TITINA 33/45","categoria":"Unità non abitativa","tipo":"SCUOLA"},"geometry":{"type":"Point","coordinates":[13.32638,38.102496]}},{"type":"Feature","properties":{"nome":"V. CROCIFISSO A PIETRATAGLIATA 30","categoria":"Unità non abitativa","tipo":"SCUOLA"},"geometry":{"type":"Point","coordinates":[13.32638,38.102496]}},{"type":"Feature","properties":{"nome":"VIA LA MANTIA GIUSEPPE 11","categoria":"Terreno","tipo":"AREA"},"geometry":{"type":"Point","coordinates":[13.298472,38.170248]}},{"type":"Feature","properties":{"nome":"VIA DON ORIONE 18","categoria":"Unità non abitativa","tipo":"UFFICIO"},"geometry":{"type":"Point","coordinates":[13.362545,38.142188]}},{"type":"Feature","properties":{"nome":"VIA DEL QUATTRO APRILE 02/06/2026","categoria":"Edificio","tipo":"UFFICIO"},"geometry":{"type":"Point","coordinates":[13.369935,38.11671]}},{"type":"Feature","properties":{"nome":"VIA SCACCIA GIROLAMO 15","categoria":"Unità abitativa","tipo":"EDILIZIA RESIDENZIALE PUBBLICA"},"geometry":{"type":"Point","coordinates":[13.354456,38.087845]}},{"type":"Feature","properties":{"nome":"VICOLO PALAGONIA ALL'ALLORO 4","categoria":"Unità non abitativa","tipo":"UFFICIO"},"geometry":{"type":"Point","coordinates":[13.369935,38.11671]}},{"type":"Feature","properties":{"nome":"VICOLO PALAGONIA ALL'ALLORO 12","categoria":"Unità non abitativa","tipo":"UFFICIO"},"geometry":{"type":"Point","coordinates":[13.369935,38.11671]}},{"type":"Feature","properties":{"nome":"VIA DEL QUATTRO APRILE 2","categoria":"Unità non abitativa","tipo":"UFFICIO"},"geometry":{"type":"Point","coordinates":[13.369935,38.11671]}},{"type":"Feature","properties":{"nome":"VIA DEL QUATTRO APRILE 6","categoria":"Unità non abitativa","tipo":"UFFICIO"},"geometry":{"type":"Point","coordinates":[13.369935,38.11671]}},{"type":"Feature","properties":{"nome":"VIALE PERTINI SANDRO 1468","categoria":"Terreno","tipo":"AREA"},"geometry":{"type":"Point","coordinates":[13.323433,38.177347]}},{"type":"Feature","properties":{"nome":"VIA BONANNO GIOVANNI 51","categoria":"Unità abitativa","tipo":"UFFICIO"},"geometry":{"type":"Point","coordinates":[13.346459,38.142415]}},{"type":"Feature","properties":{"nome":"VIA RAITI CARMELO","categoria":"Edificio","tipo":"UFFICIO"},"geometry":{"type":"Point","coordinates":[13.34677,38.097199]}},{"type":"Feature","properties":{"nome":"VIA BEATO ANGELICO 53","categoria":"Unità non abitativa","tipo":"UFFICIO"},"geometry":{"type":"Point","coordinates":[13.3229,38.128678]}},{"type":"Feature","properties":{"nome":"VIA VILLA MAIO 10","categoria":"Edificio","tipo":"AREA"},"geometry":{"type":"Point","coordinates":[13.311878,38.088412]}},{"type":"Feature","properties":{"nome":"VIALE MICHELANGELO","categoria":"Terreno","tipo":"VERDE"},"geometry":{"type":"Point","coordinates":[13.305959,38.13225]}},{"type":"Feature","properties":{"nome":"VIA BASILE ERNESTO","categoria":"Terreno","tipo":"VERDE"},"geometry":{"type":"Point","coordinates":[13.342669,38.096007]}},{"type":"Feature","properties":{"nome":"VIA LA MALFA UGO 70","categoria":"Unità abitativa","tipo":"ABITAZIONE DI SERVIZIO"},"geometry":{"type":"Point","coordinates":[13.314456,38.16112]}},{"type":"Feature","properties":{"nome":"VIA BRIUCCIA 89","categoria":"Edificio","tipo":"ABITAZIONE DI SERVIZIO"},"geometry":{"type":"Point","coordinates":[13.33211,38.151652]}},{"type":"Feature","properties":{"nome":"3","categoria":"Edificio","tipo":"SCUOLA"},"geometry":{"type":"Point","coordinates":[13.35265,38.119818]}},{"type":"Feature","properties":{"nome":"1","categoria":"Edificio","tipo":"SCUOLA"},"geometry":{"type":"Point","coordinates":[13.370279,38.113586]}},{"type":"Feature","properties":{"nome":"7","categoria":"Edificio","tipo":"SCUOLA"},"geometry":{"type":"Point","coordinates":[13.342666,38.140988]}},{"type":"Feature","properties":{"nome":"4","categoria":"Edificio","tipo":"SCUOLA"},"geometry":{"type":"Point","coordinates":[13.357567,38.110278]}},{"type":"Feature","properties":{"nome":"7 - 13-16","categoria":"Edificio","tipo":"SCUOLA"},"geometry":{"type":"Point","coordinates":[13.401598,38.079726]}},{"type":"Feature","properties":{"nome":"13","categoria":"Edificio","tipo":"SCUOLA"},"geometry":{"type":"Point","coordinates":[13.367066,38.107383]}},{"type":"Feature","properties":{"nome":"VIA MARCHESE UGO 60","categoria":"Unità non abitativa","tipo":"UFFICIO"},"geometry":{"type":"Point","coordinates":[13.349674,38.132699]}},{"type":"Feature","properties":{"nome":"VIA SIRTORI GIUSEPPE GEN. 31-37","categoria":"Unità non abitativa","tipo":"UFFICIO"},"geometry":{"type":"Point","coordinates":[13.341051,38.127655]}},{"type":"Feature","properties":{"nome":"VIA DUSE ELEONORA 15","categoria":"Unità non abitativa","tipo":"UFFICIO"},"geometry":{"type":"Point","coordinates":[13.318522,38.171371]}},{"type":"Feature","properties":{"nome":"VIA UGHETTI GIOVANBATTISTA 1","categoria":"Unità abitativa","tipo":"ABITAZIONE DI SERVIZIO"},"geometry":{"type":"Point","coordinates":[13.355948,38.099476]}},{"type":"Feature","properties":{"nome":"VIA SIMONCINI SCAGLIONE GIOV. 3-11","categoria":"Unità non abitativa","tipo":"UFFICIO"},"geometry":{"type":"Point","coordinates":[13.384783,38.095625]}},{"type":"Feature","properties":{"nome":"VIA SIMONCINI SCAGLIONE GIOV. 10-16","categoria":"Unità non abitativa","tipo":"UFFICIO"},"geometry":{"type":"Point","coordinates":[13.384783,38.095625]}},{"type":"Feature","properties":{"nome":"VIA IMPALLOMENI G. BATTISTA 20","categoria":"Edificio","tipo":"UFFICIO"},"geometry":{"type":"Point","coordinates":[13.353318,38.118734]}},{"type":"Feature","properties":{"nome":"VIA LA MALFA UGO 64","categoria":"Unità non abitativa","tipo":"UFFICIO"},"geometry":{"type":"Point","coordinates":[13.313856,38.160811]}},{"type":"Feature","properties":{"nome":"VIA LA MALFA UGO 66-72","categoria":"Unità non abitativa","tipo":"UFFICIO"},"geometry":{"type":"Point","coordinates":[13.314456,38.16112]}},{"type":"Feature","properties":{"nome":"VIA BERNINI GIAN LORENZO 52","categoria":"Edificio","tipo":"UFFICIO"},"geometry":{"type":"Point","coordinates":[13.327969,38.133478]}},{"type":"Feature","properties":{"nome":"SALITA BELVEDERE","categoria":"Terreno","tipo":"VERDE"},"geometry":{"type":"Point","coordinates":[13.380026,38.082647]}},{"type":"Feature","properties":{"nome":"23/B","categoria":"Edificio","tipo":"SCUOLA"},"geometry":{"type":"Point","coordinates":[13.329581,38.191715]}},{"type":"Feature","properties":{"nome":"20","categoria":"Edificio","tipo":"SCUOLA"},"geometry":{"type":"Point","coordinates":[13.326779,38.131455]}},{"type":"Feature","properties":{"nome":"VIA SAMPOLO 63","categoria":"Unità abitativa","tipo":"ABITAZIONE DI SERVIZIO"},"geometry":{"type":"Point","coordinates":[13.352316,38.140025]}},{"type":"Feature","properties":{"nome":"VIA BONAGIA 14","categoria":"Edificio","tipo":"SCUOLA"},"geometry":{"type":"Point","coordinates":[13.361478,38.086143]}},{"type":"Feature","properties":{"nome":"VIA CASELLA ALFREDO 33","categoria":"Edificio","tipo":"SCUOLA"},"geometry":{"type":"Point","coordinates":[13.339437,38.127862]}},{"type":"Feature","properties":{"nome":"VIA PERROTTA GIUSEPPE 21","categoria":"Unità non abitativa","tipo":"SCUOLA"},"geometry":{"type":"Point","coordinates":[13.312825,38.130015]}},{"type":"Feature","properties":{"nome":"PIAZZA FERRINI CONTARDO 13","categoria":"Edificio","tipo":"SCUOLA"},"geometry":{"type":"Point","coordinates":[13.321789,38.170026]}},{"type":"Feature","properties":{"nome":"VIA MATTARELLA PIERSANTI 15","categoria":"Edificio","tipo":"SCUOLA"},"geometry":{"type":"Point","coordinates":[13.346843,38.131628]}},{"type":"Feature","properties":{"nome":"VIA LO JACONO FRANCESCO 12","categoria":"Edificio","tipo":"SCUOLA"},"geometry":{"type":"Point","coordinates":[13.391331,38.09954]}},{"type":"Feature","properties":{"nome":"VIA DON GIOVANNI MINZONI 1","categoria":"Unità abitativa","tipo":"ABITAZIONE DI SERVIZIO"},"geometry":{"type":"Point","coordinates":[13.349375,38.145484]}},{"type":"Feature","properties":{"nome":"VIA CASTELLANA BANDIERA 1","categoria":"Terreno","tipo":"VERDE"},"geometry":{"type":"Point","coordinates":[13.36406,38.145863]}},{"type":"Feature","properties":{"nome":"VIA CASTELLANA BANDIERA","categoria":"Terreno","tipo":"VERDE"},"geometry":{"type":"Point","coordinates":[13.36441,38.145758]}},{"type":"Feature","properties":{"nome":"VIA TRANCHINA GIUSEPPE 22","categoria":"Area","tipo":"VERDE"},"geometry":{"type":"Point","coordinates":[13.315893,38.162775]}},{"type":"Feature","properties":{"nome":"VIA TRANCHINA GIUSEPPE","categoria":"Terreno","tipo":"VERDE"},"geometry":{"type":"Point","coordinates":[13.315893,38.162775]}},{"type":"Feature","properties":{"nome":"VIA GIOE' IGNAZIO 72","categoria":"Terreno","tipo":"VERDE"},"geometry":{"type":"Point","coordinates":[13.304276,38.154482]}},{"type":"Feature","properties":{"nome":"VIA MESSINA MONTAGNE","categoria":"Terreno","tipo":"VERDE"},"geometry":{"type":"Point","coordinates":[13.427957,38.082478]}},{"type":"Feature","properties":{"nome":"FONDO COSTA","categoria":"Terreno","tipo":"VERDE"},"geometry":{"type":"Point","coordinates":[13.395772,38.084807]}},{"type":"Feature","properties":{"nome":"VIA S.LORENZO 269","categoria":"Terreno","tipo":"VERDE"},"geometry":{"type":"Point","coordinates":[13.318465,38.165079]}},{"type":"Feature","properties":{"nome":"PZZA ORLANDO VITTORIO EMANUELE 3","categoria":"Unità abitativa","tipo":"ABITAZIONE DI SERVIZIO"},"geometry":{"type":"Point","coordinates":[13.35265,38.119818]}},{"type":"Feature","properties":{"nome":"PIAZZA PEREZ FRANCESCO PAOLO 1","categoria":"Unità abitativa","tipo":"ABITAZIONE DI SERVIZIO"},"geometry":{"type":"Point","coordinates":[13.364543,38.108359]}},{"type":"Feature","properties":{"nome":"VIA MAGIONE 1","categoria":"Unità abitativa","tipo":"ABITAZIONE DI SERVIZIO"},"geometry":{"type":"Point","coordinates":[13.370279,38.113586]}},{"type":"Feature","properties":{"nome":"PIAZZA CASTELNUOVO 40","categoria":"Edificio","tipo":"SCUOLA"},"geometry":{"type":"Point","coordinates":[13.353725,38.124313]}},{"type":"Feature","properties":{"nome":"VIA S.BASILIO 17/19","categoria":"Edificio","tipo":"SCUOLA"},"geometry":{"type":"Point","coordinates":[13.372173,38.11652]}},{"type":"Feature","properties":{"nome":"VIALE DE GASPERI ALCIDE 110","categoria":"Edificio","tipo":"SCUOLA"},"geometry":{"type":"Point","coordinates":[13.331158,38.147833]}},{"type":"Feature","properties":{"nome":"VIA DELL'USIGNOLO 5","categoria":"Edificio","tipo":"SCUOLA"},"geometry":{"type":"Point","coordinates":[13.3593,38.084199]}},{"type":"Feature","properties":{"nome":"VIA ARCULEO ETTORE 39","categoria":"Edificio","tipo":"SCUOLA"},"geometry":{"type":"Point","coordinates":[13.33349,38.117011]}},{"type":"Feature","properties":{"nome":"VIA CALANDRUCCI GIACINTO 6","categoria":"Edificio","tipo":"SCUOLA"},"geometry":{"type":"Point","coordinates":[13.307577,38.135263]}},{"type":"Feature","properties":{"nome":"PIAZZA DELL'ORIGLIONE 2","categoria":"Edificio","tipo":"SCUOLA"},"geometry":{"type":"Point","coordinates":[13.358133,38.113338]}},{"type":"Feature","properties":{"nome":"VIA MASSAIA GUGLIELMO CARD. 189","categoria":"Edificio","tipo":"SCUOLA"},"geometry":{"type":"Point","coordinates":[13.365724,38.146295]}},{"type":"Feature","properties":{"nome":"VIA TEMBIEN 1","categoria":"Edificio","tipo":"SCUOLA"},"geometry":{"type":"Point","coordinates":[13.307607,38.124977]}},{"type":"Feature","properties":{"nome":"VIA S.LORENZO 85","categoria":"Unità abitativa","tipo":"ABITAZIONE DI SERVIZIO"},"geometry":{"type":"Point","coordinates":[13.327859,38.161006]}},{"type":"Feature","properties":{"nome":"VIA CASUZZE ALL'INSERRA S.N.C.","categoria":"Terreno","tipo":"VERDE"},"geometry":{"type":"Point","coordinates":[13.298285,38.154662]}},{"type":"Feature","properties":{"nome":"VIA B.C.23","categoria":"Terreno","tipo":"VERDE"},"geometry":{"type":"Point","coordinates":[13.426738,38.082187]}},{"type":"Feature","properties":{"nome":"VIA VALENZA","categoria":"Terreno","tipo":"VERDE"},"geometry":{"type":"Point","coordinates":[13.348741,38.078323]}},{"type":"Feature","properties":{"nome":"VIA VALDAURA 1","categoria":"Terreno","tipo":"VERDE"},"geometry":{"type":"Point","coordinates":[13.416883,38.079788]}},{"type":"Feature","properties":{"nome":"VIA PIER DELLE VIGNE 13- 56","categoria":"Edificio","tipo":"SCUOLA"},"geometry":{"type":"Point","coordinates":[13.356149,38.110495]}},{"type":"Feature","properties":{"nome":"VIA DELL'ARSENALE 62","categoria":"Edificio","tipo":"SCUOLA"},"geometry":{"type":"Point","coordinates":[13.363526,38.135851]}},{"type":"Feature","properties":{"nome":"VIA SERRADIFALCO 190","categoria":"Edificio","tipo":"SCUOLA"},"geometry":{"type":"Point","coordinates":[13.337404,38.126256]}},{"type":"Feature","properties":{"nome":"VIA PECORI GIRALDI GUGLIELMO M","categoria":"Edificio","tipo":"SCUOLA"},"geometry":{"type":"Point","coordinates":[13.395277,38.098094]}},{"type":"Feature","properties":{"nome":"VIA RUTELLI MARIO 50","categoria":"Edificio","tipo":"SCUOLA"},"geometry":{"type":"Point","coordinates":[13.347773,38.139894]}},{"type":"Feature","properties":{"nome":"VIA DI MARTINO GIROLAMO 1","categoria":"Edificio","tipo":"SCUOLA"},"geometry":{"type":"Point","coordinates":[13.336262,38.123221]}},{"type":"Feature","properties":{"nome":"VIA SALEMI FRANCESCO GEN. 22","categoria":"Edificio","tipo":"SCUOLA"},"geometry":{"type":"Point","coordinates":[13.332835,38.111924]}},{"type":"Feature","properties":{"nome":"VIA VALDAURA","categoria":"Terreno","tipo":"VERDE"},"geometry":{"type":"Point","coordinates":[13.417048,38.079999]}},{"type":"Feature","properties":{"nome":"VIALE REGIONE SICILIANA N.O. 7800","categoria":"Terreno","tipo":"VERDE"},"geometry":{"type":"Point","coordinates":[13.302687,38.163214]}},{"type":"Feature","properties":{"nome":"VIA CIACULLI","categoria":"Terreno","tipo":"VERDE"},"geometry":{"type":"Point","coordinates":[13.422076,38.064912]}},{"type":"Feature","properties":{"nome":"VIA MACCIONELLO","categoria":"Terreno","tipo":"VERDE"},"geometry":{"type":"Point","coordinates":[13.315329,38.156457]}},{"type":"Feature","properties":{"nome":"VIA IMMACOLATELLA","categoria":"Terreno","tipo":"VERDE"},"geometry":{"type":"Point","coordinates":[13.398206,38.09994]}},{"type":"Feature","properties":{"nome":"VIA TRABUCCO","categoria":"Terreno","tipo":"VERDE"},"geometry":{"type":"Point","coordinates":[13.308433,38.148383]}},{"type":"Feature","properties":{"nome":"VIA MARINAI ALLIATA 4","categoria":"Terreno","tipo":"VERDE"},"geometry":{"type":"Point","coordinates":[13.331017,38.179147]}},{"type":"Feature","properties":{"nome":"VIA ALTARELLO","categoria":"Terreno","tipo":"VERDE"},"geometry":{"type":"Point","coordinates":[13.316155,38.109653]}},{"type":"Feature","properties":{"nome":"VIA PITRE' GIUSEPPE","categoria":"Terreno","tipo":"VERDE"},"geometry":{"type":"Point","coordinates":[13.313512,38.109392]}},{"type":"Feature","properties":{"nome":"VIA MONDELLO","categoria":"Terreno","tipo":"VERDE"},"geometry":{"type":"Point","coordinates":[13.32485,38.20627]}},{"type":"Feature","properties":{"nome":"VIALE REGIONE SICILIANA N.O. 3616","categoria":"Area","tipo":"VERDE"},"geometry":{"type":"Point","coordinates":[13.330677,38.137273]}},{"type":"Feature","properties":{"nome":"VIA DALLA CHIESA C. A. GEN.","categoria":"Terreno","tipo":"VERDE"},"geometry":{"type":"Point","coordinates":[13.353374,38.132043]}},{"type":"Feature","properties":{"nome":"VIA FALCANDO UGO","categoria":"Terreno","tipo":"VERDE"},"geometry":{"type":"Point","coordinates":[13.33612,38.126687]}},{"type":"Feature","properties":{"nome":"VIA LANZA DI SCALEA GIUSEPPE","categoria":"Terreno","tipo":"VERDE"},"geometry":{"type":"Point","coordinates":[13.307437,38.178382]}},{"type":"Feature","properties":{"nome":"VIA TERRANOVA CESARE 93/95","categoria":"Edificio","tipo":"SCUOLA"},"geometry":{"type":"Point","coordinates":[13.322746,38.097249]}},{"type":"Feature","properties":{"nome":"VIA PANZERA FRANCESCO 1","categoria":"Edificio","tipo":"SCUOLA"},"geometry":{"type":"Point","coordinates":[13.386462,38.094458]}},{"type":"Feature","properties":{"nome":"VIA NEBRODI(DEI) 63","categoria":"Edificio","tipo":"SCUOLA"},"geometry":{"type":"Point","coordinates":[13.332348,38.152871]}},{"type":"Feature","properties":{"nome":"VIALE DI VITTORIO GIUSEPPE 11","categoria":"Edificio","tipo":"SCUOLA"},"geometry":{"type":"Point","coordinates":[13.395444,38.098126]}},{"type":"Feature","properties":{"nome":"VIA MARGIFARACI 2","categoria":"Edificio","tipo":"SCUOLA"},"geometry":{"type":"Point","coordinates":[13.323909,38.117443]}},{"type":"Feature","properties":{"nome":"VIA BASILE ERNESTO 170","categoria":"Edificio","tipo":"SCUOLA"},"geometry":{"type":"Point","coordinates":[13.348999,38.101783]}},{"type":"Feature","properties":{"nome":"LARGO CAVALIERI DI MALTA 9","categoria":"Edificio","tipo":"SCUOLA"},"geometry":{"type":"Point","coordinates":[13.364351,38.120234]}},{"type":"Feature","properties":{"nome":"VIA BRASCA 6","categoria":"Terreno","tipo":"VERDE"},"geometry":{"type":"Point","coordinates":[13.381019,38.086305]}},{"type":"Feature","properties":{"nome":"VIA S.MARIA DI GESU'","categoria":"Terreno","tipo":"VERDE"},"geometry":{"type":"Point","coordinates":[13.381829,38.085482]}},{"type":"Feature","properties":{"nome":"VIA AGNETTA","categoria":"Terreno","tipo":"VERDE"},"geometry":{"type":"Point","coordinates":[13.33559,38.080774]}},{"type":"Feature","properties":{"nome":"VIA GARCIA LORCA FEDERICO s.n.c.","categoria":"Terreno","tipo":"VERDE"},"geometry":{"type":"Point","coordinates":[13.322851,38.166148]}},{"type":"Feature","properties":{"nome":"CORSO DEI MILLE","categoria":"Terreno","tipo":"VERDE"},"geometry":{"type":"Point","coordinates":[13.421403,38.093369]}},{"type":"Feature","properties":{"nome":"VIA ORLANDINO LEONARDO 8","categoria":"Unità non abitativa","tipo":"EDILIZIA RESIDENZIALE"},"geometry":{"type":"Point","coordinates":[13.333612,38.151695]}},{"type":"Feature","properties":{"nome":"VIA JUVARA ALOISIO 56","categoria":"Unità abitativa","tipo":"EDILIZIA RESIDENZIALE"},"geometry":{"type":"Point","coordinates":[13.360844,38.140227]}},{"type":"Feature","properties":{"nome":"VIA TOTI ENRICO 85","categoria":"Unità abitativa","tipo":"EDILIZIA RESIDENZIALE"},"geometry":{"type":"Point","coordinates":[13.3548,38.106254]}},{"type":"Feature","properties":{"nome":"PASSAGGIO DEI PICCIOTTI 2","categoria":"Edificio","tipo":"EDILIZIA RESIDENZIALE"},"geometry":{"type":"Point","coordinates":[13.383844,38.104518]}},{"type":"Feature","properties":{"nome":"VICOLO CILIO 0","categoria":"Area","tipo":"EDILIZIA RESIDENZIALE"},"geometry":{"type":"Point","coordinates":[13.334924,38.083254]}},{"type":"Feature","properties":{"nome":"VIA CAGNI UMBERTO AMM. 61/L","categoria":"Unità abitativa","tipo":"EDILIZIA RESIDENZIALE"},"geometry":{"type":"Point","coordinates":[13.33287,38.170821]}},{"type":"Feature","properties":{"nome":"VIA CHINNICI DOMENICO GEN. 14","categoria":"Area","tipo":"EDILIZIA RESIDENZIALE"},"geometry":{"type":"Point","coordinates":[13.320663,38.099544]}},{"type":"Feature","properties":{"nome":"VIA BARONE VINCENZO 4","categoria":"Edificio","tipo":"EDILIZIA RESIDENZIALE"},"geometry":{"type":"Point","coordinates":[13.343985,38.095268]}},{"type":"Feature","properties":{"nome":"VIA CAGNI UMBERTO AMM. 61/I","categoria":"Unità abitativa","tipo":"EDILIZIA RESIDENZIALE"},"geometry":{"type":"Point","coordinates":[13.332708,38.171069]}},{"type":"Feature","properties":{"nome":"VIA RAGUSA MOLETI 3","categoria":"Unità abitativa","tipo":"EDILIZIA RESIDENZIALE"},"geometry":{"type":"Point","coordinates":[13.339241,38.106254]}},{"type":"Feature","properties":{"nome":"VIA LA MANTIA VITO 31","categoria":"Unità abitativa","tipo":"EDILIZIA RESIDENZIALE"},"geometry":{"type":"Point","coordinates":[13.3459,38.121691]}},{"type":"Feature","properties":{"nome":"VIA CALA 62/F","categoria":"Unità non abitativa","tipo":"EDILIZIA RESIDENZIALE"},"geometry":{"type":"Point","coordinates":[13.368356,38.118678]}},{"type":"Feature","properties":{"nome":"VIA VALENZA 6/F","categoria":"Terreno","tipo":"AREA"},"geometry":{"type":"Point","coordinates":[13.34617,38.083331]}},{"type":"Feature","properties":{"nome":"VIA SCACCIA GIROLAMO 17","categoria":"Unità abitativa","tipo":"EDILIZIA RESIDENZIALE PUBBLICA"},"geometry":{"type":"Point","coordinates":[13.354456,38.087845]}},{"type":"Feature","properties":{"nome":"VIA PICCOLA TEATRO S.CECILIA 16","categoria":"Unità abitativa","tipo":"EDILIZIA RESIDENZIALE"},"geometry":{"type":"Point","coordinates":[13.365382,38.113992]}},{"type":"Feature","properties":{"nome":"VIA PORTELLA DELLA GINESTRA 3","categoria":"Unità abitativa","tipo":"EDILIZIA RESIDENZIALE"},"geometry":{"type":"Point","coordinates":[13.390258,38.101439]}},{"type":"Feature","properties":{"nome":"VIA ORLANDINO LEONARDO 10","categoria":"Unità non abitativa","tipo":"EDILIZIA RESIDENZIALE"},"geometry":{"type":"Point","coordinates":[13.333612,38.151695]}},{"type":"Feature","properties":{"nome":"CORSO DEI MILLE 195","categoria":"Unità abitativa","tipo":"EDILIZIA RESIDENZIALE"},"geometry":{"type":"Point","coordinates":[13.372365,38.106865]}},{"type":"Feature","properties":{"nome":"VIA BRAILLE LOUIS 1","categoria":"Unità abitativa","tipo":"EDILIZIA RESIDENZIALE"},"geometry":{"type":"Point","coordinates":[13.324045,38.10266]}},{"type":"Feature","properties":{"nome":"VIA RE FEDERICO 67","categoria":"Area","tipo":"EDILIZIA RESIDENZIALE"},"geometry":{"type":"Point","coordinates":[13.347399,38.12035]}},{"type":"Feature","properties":{"nome":"VIA ALAGNA GIACOMO 2","categoria":"Area","tipo":"EDILIZIA RESIDENZIALE"},"geometry":{"type":"Point","coordinates":[13.390706,38.103951]}},{"type":"Feature","properties":{"nome":"VIA VITTORIO EMANUELE 73","categoria":"Unità non abitativa","tipo":"EDILIZIA RESIDENZIALE"},"geometry":{"type":"Point","coordinates":[13.368356,38.118678]}},{"type":"Feature","properties":{"nome":"VIA VITTORIO EMANUELE 73/B","categoria":"Unità non abitativa","tipo":"EDILIZIA RESIDENZIALE"},"geometry":{"type":"Point","coordinates":[13.368356,38.118678]}},{"type":"Feature","properties":{"nome":"VIA JUVARA ALOISIO 60/D","categoria":"Unità abitativa","tipo":"EDILIZIA RESIDENZIALE"},"geometry":{"type":"Point","coordinates":[13.360641,38.140797]}},{"type":"Feature","properties":{"nome":"VIA TOTTAVILLA 3","categoria":"Unità abitativa","tipo":"EDILIZIA RESIDENZIALE"},"geometry":{"type":"Point","coordinates":[13.356667,38.089825]}},{"type":"Feature","properties":{"nome":"VIA VITTORIO EMANUELE 73/A","categoria":"Unità non abitativa","tipo":"EDILIZIA RESIDENZIALE"},"geometry":{"type":"Point","coordinates":[13.368356,38.118678]}},{"type":"Feature","properties":{"nome":"VIA CALA 62/E","categoria":"Unità non abitativa","tipo":"EDILIZIA RESIDENZIALE"},"geometry":{"type":"Point","coordinates":[13.368356,38.118678]}},{"type":"Feature","properties":{"nome":"CLE CATALANO (PAL.REALE) 24/D","categoria":"Unità abitativa","tipo":"EDILIZIA RESIDENZIALE"},"geometry":{"type":"Point","coordinates":[13.313218,38.20135]}},{"type":"Feature","properties":{"nome":"VIA HAZON AZOLINO 17","categoria":"Unità abitativa","tipo":"ABITAZIONE DI SERVIZIO"},"geometry":{"type":"Point","coordinates":[13.384934,38.096091]}},{"type":"Feature","properties":{"nome":"VIA VITTORIO EMANUELE 75","categoria":"Unità non abitativa","tipo":"EDILIZIA RESIDENZIALE"},"geometry":{"type":"Point","coordinates":[13.368356,38.118678]}},{"type":"Feature","properties":{"nome":"VIA CALA 62/D","categoria":"Unità non abitativa","tipo":"EDILIZIA RESIDENZIALE"},"geometry":{"type":"Point","coordinates":[13.368356,38.118678]}},{"type":"Feature","properties":{"nome":"10-12","categoria":"Area","tipo":"AREA"},"geometry":{"type":"Point","coordinates":[13.288086,38.189702]}},{"type":"Feature","properties":{"nome":"VIA GALVANI LUIGI 64","categoria":"Unità abitativa","tipo":"EDILIZIA RESIDENZIALE"},"geometry":{"type":"Point","coordinates":[13.390552,38.100738]}},{"type":"Feature","properties":{"nome":"VIA BOTTAI 12","categoria":"Unità abitativa","tipo":"EDILIZIA RESIDENZIALE"},"geometry":{"type":"Point","coordinates":[13.367639,38.117329]}},{"type":"Feature","properties":{"nome":"VIA RANDAZZO PIETRO 6","categoria":"Unità non abitativa","tipo":"NON CLASSIFICATO"},"geometry":{"type":"Point","coordinates":[13.370662,38.110379]}},{"type":"Feature","properties":{"nome":"VIALE REGIONE SICILIANA S.E. 0","categoria":"Terreno","tipo":"AREA"},"geometry":{"type":"Point","coordinates":[13.345253,38.089714]}},{"type":"Feature","properties":{"nome":"VIA OLIO DI LINO SNC","categoria":"Terreno","tipo":"AREA"},"geometry":{"type":"Point","coordinates":[13.3284,38.08515]}},{"type":"Feature","properties":{"nome":"CORTILE CATALANO (PART.MOND.)d.f.civ.24","categoria":"Terreno","tipo":"AREA"},"geometry":{"type":"Point","coordinates":[13.313577,38.201262]}},{"type":"Feature","properties":{"nome":"VIA CONCERIA 24","categoria":"Terreno","tipo":"AREA"},"geometry":{"type":"Point","coordinates":[13.330026,38.140242]}},{"type":"Feature","properties":{"nome":"VIA VALDAURA SNC","categoria":"Terreno","tipo":"AREA"},"geometry":{"type":"Point","coordinates":[13.414439,38.08183]}},{"type":"Feature","properties":{"nome":"VIALE ERCOLE 35","categoria":"Terreno","tipo":"IMPIANTO SPORTIVO"},"geometry":{"type":"Point","coordinates":[13.347062,38.152404]}},{"type":"Feature","properties":{"nome":"VIALE DEL FANTE 33","categoria":"Edificio","tipo":"LOCALE TECNICO"},"geometry":{"type":"Point","coordinates":[13.334384,38.161288]}},{"type":"Feature","properties":{"nome":"VIALE REGIONE SICILIANA N.O. 3414","categoria":"Terreno","tipo":"STRADA"},"geometry":{"type":"Point","coordinates":[13.327842,38.133706]}},{"type":"Feature","properties":{"nome":"VIA BEATO ANGELICO 16","categoria":"Terreno","tipo":"IMPIANTO SPORTIVO"},"geometry":{"type":"Point","coordinates":[13.321591,38.12863]}},{"type":"Feature","properties":{"nome":"VIA CASTELLANA 110","categoria":"Terreno","tipo":"IMPIANTO SPORTIVO"},"geometry":{"type":"Point","coordinates":[13.301227,38.124524]}},{"type":"Feature","properties":{"nome":"VIA BARACCA FRANCESCO 1","categoria":"Terreno","tipo":"AREA"},"geometry":{"type":"Point","coordinates":[13.306213,38.108958]}},{"type":"Feature","properties":{"nome":"21","categoria":"Terreno","tipo":"PARCHEGGIO"},"geometry":{"type":"Point","coordinates":[13.306213,38.108958]}},{"type":"Feature","properties":{"nome":"VIA ALLA FALCONARA 83","categoria":"Terreno","tipo":"AREA"},"geometry":{"type":"Point","coordinates":[13.297726,38.118271]}},{"type":"Feature","properties":{"nome":"VIA AL CONVENTO DI BAIDA 23","categoria":"Terreno","tipo":"AREA"},"geometry":{"type":"Point","coordinates":[13.300006,38.111738]}},{"type":"Feature","properties":{"nome":"PIAZZA ZISA SNC","categoria":"Terreno","tipo":"AREA"},"geometry":{"type":"Point","coordinates":[13.341657,38.116992]}},{"type":"Feature","properties":{"nome":"VIA RANDAZZO PIETRO 4","categoria":"Unità non abitativa","tipo":"LOCALE"},"geometry":{"type":"Point","coordinates":[13.370662,38.110379]}},{"type":"Feature","properties":{"nome":"VIA DOMINICI MATTEO 27","categoria":"Unità non abitativa","tipo":"EDILIZIA RESIDENZIALE"},"geometry":{"type":"Point","coordinates":[13.329361,38.158512]}},{"type":"Feature","properties":{"nome":"VIA GUGLIELMO IL BUONO 9","categoria":"Unità abitativa","tipo":"EDILIZIA RESIDENZIALE"},"geometry":{"type":"Point","coordinates":[13.347968,38.116695]}},{"type":"Feature","properties":{"nome":"VIA SANTOSTEFANO FULCO 2","categoria":"Unità abitativa","tipo":"ABITAZIONE DI SERVIZIO"},"geometry":{"type":"Point","coordinates":[13.332531,38.16417]}},{"type":"Feature","properties":{"nome":"PIAZZA NOVIZIATO SNC","categoria":"Unità abitativa","tipo":"ABITAZIONE DI SERVIZIO"},"geometry":{"type":"Point","coordinates":[13.352186,38.117053]}},{"type":"Feature","properties":{"nome":"PIAZZA MARINA SNC","categoria":"Unità abitativa","tipo":"ABITAZIONE DI SERVIZIO"},"geometry":{"type":"Point","coordinates":[13.368352,38.117921]}},{"type":"Feature","properties":{"nome":"VIALE DEL FANTE 11","categoria":"Unità abitativa","tipo":"ABITAZIONE DI SERVIZIO"},"geometry":{"type":"Point","coordinates":[13.34247,38.151523]}},{"type":"Feature","properties":{"nome":"VIA DUCA DELLA VERDURA 47","categoria":"Unità abitativa","tipo":"ABITAZIONE DI SERVIZIO"},"geometry":{"type":"Point","coordinates":[13.35067,38.133649]}},{"type":"Feature","properties":{"nome":"VIA ALIA 20","categoria":"Unità abitativa","tipo":"ABITAZIONE DI SERVIZIO"},"geometry":{"type":"Point","coordinates":[13.296868,38.133455]}},{"type":"Feature","properties":{"nome":"VIA VILLINI A S.ISIDORO 67","categoria":"Unità abitativa","tipo":"ABITAZIONE DI SERVIZIO"},"geometry":{"type":"Point","coordinates":[13.300582,38.124626]}},{"type":"Feature","properties":{"nome":"SNC","categoria":"Unità abitativa","tipo":"ABITAZIONE DI SERVIZIO"},"geometry":{"type":"Point","coordinates":[13.306281,38.094894]}},{"type":"Feature","properties":{"nome":"VIA UDITORE 14/L","categoria":"Unità abitativa","tipo":"ABITAZIONE DI SERVIZIO"},"geometry":{"type":"Point","coordinates":[13.323957,38.131153]}},{"type":"Feature","properties":{"nome":"VIA STABILE STEFANO 54","categoria":"Unità abitativa","tipo":"ABITAZIONE DI SERVIZIO"},"geometry":{"type":"Point","coordinates":[13.372278,38.156372]}},{"type":"Feature","properties":{"nome":"VIA VOLTURNO 2","categoria":"Unità abitativa","tipo":"ABITAZIONE DI SERVIZIO"},"geometry":{"type":"Point","coordinates":[13.342894,38.122084]}},{"type":"Feature","properties":{"nome":"VIA ALONGI NICOLO' 1","categoria":"Edificio","tipo":"ABITAZIONE DI SERVIZIO"},"geometry":{"type":"Point","coordinates":[13.37757,38.094117]}},{"type":"Feature","properties":{"nome":"VIA MANIACI GIUSEPPE 13","categoria":"Unità abitativa","tipo":"EDILIZIA RESIDENZIALE PUBBLICA"},"geometry":{"type":"Point","coordinates":[13.354456,38.087845]}},{"type":"Feature","properties":{"nome":"VIA DI DIO ALFREDO E ANTONIO 1","categoria":"Unità abitativa","tipo":"ABITAZIONE DI SERVIZIO"},"geometry":{"type":"Point","coordinates":[13.352394,38.139623]}},{"type":"Feature","properties":{"nome":"VIA USTICA 46","categoria":"Unità abitativa","tipo":"ABITAZIONE DI SERVIZIO"},"geometry":{"type":"Point","coordinates":[13.323909,38.117443]}},{"type":"Feature","properties":{"nome":"VIA GILI PAOLO 4","categoria":"Unità abitativa","tipo":"ABITAZIONE DI SERVIZIO"},"geometry":{"type":"Point","coordinates":[13.338501,38.118127]}},{"type":"Feature","properties":{"nome":"CORSO DEI MILLE 751","categoria":"Unità abitativa","tipo":"ABITAZIONE DI SERVIZIO"},"geometry":{"type":"Point","coordinates":[13.388221,38.099195]}},{"type":"Feature","properties":{"nome":"VIA ALTOFONTE 96E","categoria":"Terreno","tipo":"AREA"},"geometry":{"type":"Point","coordinates":[13.332512,38.090586]}},{"type":"Feature","properties":{"nome":"VIA CRISAFULLI ELIA","categoria":"Terreno","tipo":"AREA"},"geometry":{"type":"Point","coordinates":[13.348912,38.099676]}},{"type":"Feature","properties":{"nome":"PIAZZA CELLINI BENVENUTO","categoria":"Terreno","tipo":"AREA"},"geometry":{"type":"Point","coordinates":[13.309674,38.137173]}},{"type":"Feature","properties":{"nome":"VIALE REGIONE SICILIANA N.O.","categoria":"Terreno","tipo":"AREA"},"geometry":{"type":"Point","coordinates":[13.33082,38.102019]}},{"type":"Feature","properties":{"nome":"VIA BESTA FABIO 22","categoria":"Area","tipo":"AREA"},"geometry":{"type":"Point","coordinates":[13.303879,38.174194]}},{"type":"Feature","properties":{"nome":"VIA BESTA FABIO 32","categoria":"Terreno","tipo":"AREA"},"geometry":{"type":"Point","coordinates":[13.305506,38.175398]}},{"type":"Feature","properties":{"nome":"VIA MANIACI GIUSEPPE 15","categoria":"Unità abitativa","tipo":"EDILIZIA RESIDENZIALE PUBBLICA"},"geometry":{"type":"Point","coordinates":[13.354456,38.087845]}},{"type":"Feature","properties":{"nome":"VIA PORTA DI CASTRO","categoria":"Terreno","tipo":"AREA"},"geometry":{"type":"Point","coordinates":[13.356205,38.110932]}},{"type":"Feature","properties":{"nome":"VICOLO MARTELLO 6","categoria":"Terreno","tipo":"AREA"},"geometry":{"type":"Point","coordinates":[13.359062,38.109821]}},{"type":"Feature","properties":{"nome":"VIA GRAMSCI ANTONIO SNC","categoria":"Terreno","tipo":"AREA"},"geometry":{"type":"Point","coordinates":[13.374642,38.09068]}},{"type":"Feature","properties":{"nome":"VIA MESSINA MARINE","categoria":"Terreno","tipo":"AREA"},"geometry":{"type":"Point","coordinates":[13.381171,38.108432]}},{"type":"Feature","properties":{"nome":"CORSO ALBERTO AMEDEO","categoria":"Terreno","tipo":"AREA"},"geometry":{"type":"Point","coordinates":[13.351374,38.115103]}},{"type":"Feature","properties":{"nome":"VIA CADORNA LUIGI GEN. 4","categoria":"Terreno","tipo":"AREA"},"geometry":{"type":"Point","coordinates":[13.356676,38.109372]}},{"type":"Feature","properties":{"nome":"VIA MARCHESE NICOLO' PENSABENE","categoria":"Terreno","tipo":"AREA"},"geometry":{"type":"Point","coordinates":[13.317705,38.177112]}},{"type":"Feature","properties":{"nome":"VIA EPIFANIO VINCENZO 3","categoria":"Terreno","tipo":"AREA"},"geometry":{"type":"Point","coordinates":[13.325103,38.176562]}},{"type":"Feature","properties":{"nome":"VIA ACCARDO MARIANO","categoria":"Terreno","tipo":"AREA"},"geometry":{"type":"Point","coordinates":[13.332485,38.123115]}},{"type":"Feature","properties":{"nome":"VIA AMBROSOLI GIORGIO","categoria":"Terreno","tipo":"AREA"},"geometry":{"type":"Point","coordinates":[13.423235,38.094801]}},{"type":"Feature","properties":{"nome":"VIA ANTIOCHIA ROBERTO","categoria":"Terreno","tipo":"AREA"},"geometry":{"type":"Point","coordinates":[13.423428,38.094886]}},{"type":"Feature","properties":{"nome":"VIA ALBERGHERIA","categoria":"Terreno","tipo":"AREA"},"geometry":{"type":"Point","coordinates":[13.356289,38.10897]}},{"type":"Feature","properties":{"nome":"VIA B.C.23 25","categoria":"Terreno","tipo":"AREA"},"geometry":{"type":"Point","coordinates":[13.426306,38.078435]}},{"type":"Feature","properties":{"nome":"VIALE DEI PICCIOTTI","categoria":"Terreno","tipo":"AREA"},"geometry":{"type":"Point","coordinates":[13.380065,38.106157]}},{"type":"Feature","properties":{"nome":"VIA MESSINA MARINE 600","categoria":"Terreno","tipo":"AREA"},"geometry":{"type":"Point","coordinates":[13.440887,38.094272]}},{"type":"Feature","properties":{"nome":"VIA BEATO ANGELICO","categoria":"Terreno","tipo":"AREA"},"geometry":{"type":"Point","coordinates":[13.319997,38.13164]}},{"type":"Feature","properties":{"nome":"VIA MANIACI GIUSEPPE 17","categoria":"Unità abitativa","tipo":"EDILIZIA RESIDENZIALE PUBBLICA"},"geometry":{"type":"Point","coordinates":[13.354456,38.087845]}},{"type":"Feature","properties":{"nome":"VIA S.ISIDORO","categoria":"Terreno","tipo":"AREA"},"geometry":{"type":"Point","coordinates":[13.291927,38.107169]}},{"type":"Feature","properties":{"nome":"VIA MONTALBO","categoria":"Terreno","tipo":"AREA"},"geometry":{"type":"Point","coordinates":[13.366489,38.138993]}},{"type":"Feature","properties":{"nome":"VIA INSERRA","categoria":"Terreno","tipo":"AREA"},"geometry":{"type":"Point","coordinates":[13.303785,38.152518]}},{"type":"Feature","properties":{"nome":"VIA LAUDICINA ANTONINO","categoria":"Area","tipo":"AREA"},"geometry":{"type":"Point","coordinates":[13.412366,38.097005]}},{"type":"Feature","properties":{"nome":"VIALE LEONARDO DA VINCI","categoria":"Terreno","tipo":"AREA"},"geometry":{"type":"Point","coordinates":[13.299055,38.124977]}},{"type":"Feature","properties":{"nome":"27","categoria":"Terreno","tipo":"AREA"},"geometry":{"type":"Point","coordinates":[13.309479,38.14643]}},{"type":"Feature","properties":{"nome":"43","categoria":"Terreno","tipo":"AREA"},"geometry":{"type":"Point","coordinates":[13.297313,38.166984]}},{"type":"Feature","properties":{"nome":"38","categoria":"Terreno","tipo":"AREA"},"geometry":{"type":"Point","coordinates":[13.368468,38.072301]}},{"type":"Feature","properties":{"nome":"26","categoria":"Terreno","tipo":"AREA"},"geometry":{"type":"Point","coordinates":[13.282313,38.191075]}},{"type":"Feature","properties":{"nome":"P.ZZA PRINCIPE DI CAMPOREALE","categoria":"Edificio","tipo":"ARREDO URBANO"},"geometry":{"type":"Point","coordinates":[13.341403,38.119378]}},{"type":"Feature","properties":{"nome":"VIA CAPPUCCINI 77","categoria":"Edificio","tipo":"ARREDO URBANO"},"geometry":{"type":"Point","coordinates":[13.349751,38.111113]}},{"type":"Feature","properties":{"nome":"PIAZZETTA PORTA GUCCIA","categoria":"Edificio","tipo":"ARREDO URBANO"},"geometry":{"type":"Point","coordinates":[13.351044,38.117564]}},{"type":"Feature","properties":{"nome":"VIA PONTE DI MARE 1","categoria":"Edificio","tipo":"ARREDO URBANO"},"geometry":{"type":"Point","coordinates":[13.37783,38.112715]}},{"type":"Feature","properties":{"nome":"PIAZZA VERDI GIUSEPPE 16","categoria":"Edificio","tipo":"ARREDO URBANO"},"geometry":{"type":"Point","coordinates":[13.357852,38.120948]}},{"type":"Feature","properties":{"nome":"PIAZZA GENTILI ALBERICO 12","categoria":"Edificio","tipo":"ARREDO URBANO"},"geometry":{"type":"Point","coordinates":[13.350137,38.133928]}},{"type":"Feature","properties":{"nome":"VIA DELLA LIBERTA' 47","categoria":"Edificio","tipo":"ARREDO URBANO"},"geometry":{"type":"Point","coordinates":[13.352266,38.13259]}},{"type":"Feature","properties":{"nome":"VIALE SCADUTO FRANCESCO 42","categoria":"Edificio","tipo":"ARREDO URBANO"},"geometry":{"type":"Point","coordinates":[13.342493,38.138481]}},{"type":"Feature","properties":{"nome":"PIAZZA S.FRANCESCO DI PAOLA SNC","categoria":"Edificio","tipo":"ARREDO URBANO"},"geometry":{"type":"Point","coordinates":[13.352153,38.121671]}},{"type":"Feature","properties":{"nome":"PIAZZA MARINA","categoria":"Edificio","tipo":"ARREDO URBANO"},"geometry":{"type":"Point","coordinates":[13.367438,38.117962]}},{"type":"Feature","properties":{"nome":"PIAZZA S. SPIRITO","categoria":"Edificio","tipo":"ARREDO URBANO"},"geometry":{"type":"Point","coordinates":[13.370773,38.119287]}},{"type":"Feature","properties":{"nome":"VIA CUTELLO SALVATORE 10","categoria":"Unità abitativa","tipo":"EDILIZIA RESIDENZIALE PUBBLICA"},"geometry":{"type":"Point","coordinates":[13.347909,38.09361]}},{"type":"Feature","properties":{"nome":"PIAZZA TAVOLA TONDA 18","categoria":"Edificio","tipo":"ARREDO URBANO"},"geometry":{"type":"Point","coordinates":[13.330808,38.166793]}},{"type":"Feature","properties":{"nome":"FORO UMBERTO I 12","categoria":"Unità non abitativa","tipo":"ARREDO URBANO"},"geometry":{"type":"Point","coordinates":[13.37297,38.117397]}},{"type":"Feature","properties":{"nome":"PIAZZA CASTELNUOVO","categoria":"Edificio","tipo":"ARREDO URBANO"},"geometry":{"type":"Point","coordinates":[13.354624,38.124312]}},{"type":"Feature","properties":{"nome":"VIA CUTELLO SALVATORE 4","categoria":"Unità abitativa","tipo":"EDILIZIA RESIDENZIALE PUBBLICA"},"geometry":{"type":"Point","coordinates":[13.347867,38.09447]}},{"type":"Feature","properties":{"nome":"VIA MESSINA MARINE SNC","categoria":"Edificio","tipo":"ARREDO URBANO"},"geometry":{"type":"Point","coordinates":[13.386224,38.1063]}},{"type":"Feature","properties":{"nome":"VIA CUTELLO SALVATORE 6","categoria":"Unità abitativa","tipo":"EDILIZIA RESIDENZIALE PUBBLICA"},"geometry":{"type":"Point","coordinates":[13.347867,38.09447]}},{"type":"Feature","properties":{"nome":"VIA FALSOMIELE 140/G","categoria":"Edificio","tipo":"AREA"},"geometry":{"type":"Point","coordinates":[13.365548,38.076005]}},{"type":"Feature","properties":{"nome":"VIA MATTARELLA PIERSANTI","categoria":"Terreno","tipo":"AREA"},"geometry":{"type":"Point","coordinates":[13.348584,38.131843]}},{"type":"Feature","properties":{"nome":"VIA BERGAMINI CARLO AMM. 12","categoria":"Unità abitativa","tipo":"EDILIZIA RESIDENZIALE PUBBLICA"},"geometry":{"type":"Point","coordinates":[13.348779,38.094271]}},{"type":"Feature","properties":{"nome":"VIA LUPARELLO 25","categoria":"Terreno","tipo":"AREA"},"geometry":{"type":"Point","coordinates":[13.300006,38.111738]}},{"type":"Feature","properties":{"nome":"VIA GIARDINO DELLA CONCORDIA 14","categoria":"Terreno","tipo":"AREA"},"geometry":{"type":"Point","coordinates":[13.327101,38.176388]}},{"type":"Feature","properties":{"nome":"PIAZZA MAGIONE 37 D","categoria":"Terreno","tipo":"AREA"},"geometry":{"type":"Point","coordinates":[13.36799,38.112718]}},{"type":"Feature","properties":{"nome":"VIA MONTUORO RINALDO","categoria":"Terreno","tipo":"AREA"},"geometry":{"type":"Point","coordinates":[13.331493,38.126176]}},{"type":"Feature","properties":{"nome":"VIA MULINI STARRABBA","categoria":"Terreno","tipo":"AREA"},"geometry":{"type":"Point","coordinates":[13.341757,38.075807]}},{"type":"Feature","properties":{"nome":"VIA CUTELLO SALVATORE 8","categoria":"Unità abitativa","tipo":"EDILIZIA RESIDENZIALE PUBBLICA"},"geometry":{"type":"Point","coordinates":[13.347867,38.09447]}},{"type":"Feature","properties":{"nome":"VIA V.53 SNC","categoria":"Terreno","tipo":"AREA"},"geometry":{"type":"Point","coordinates":[13.34403,38.073627]}},{"type":"Feature","properties":{"nome":"VIA ROCCELLA GUSTAVO 62","categoria":"Unità abitativa","tipo":"EDILIZIA RESIDENZIALE PUBBLICA"},"geometry":{"type":"Point","coordinates":[13.347021,38.093341]}},{"type":"Feature","properties":{"nome":"VIA BELMONTE CHIAVELLI 164 - 270","categoria":"Terreno","tipo":"AREA"},"geometry":{"type":"Point","coordinates":[13.369704,38.080708]}},{"type":"Feature","properties":{"nome":"VIA ROCCELLA GUSTAVO 64","categoria":"Unità abitativa","tipo":"EDILIZIA RESIDENZIALE PUBBLICA"},"geometry":{"type":"Point","coordinates":[13.347021,38.093341]}},{"type":"Feature","properties":{"nome":"VIA S.MARIA DI GESU' 258","categoria":"Terreno","tipo":"AREA"},"geometry":{"type":"Point","coordinates":[13.375081,38.084122]}},{"type":"Feature","properties":{"nome":"VIA CASTELLANA 330","categoria":"Terreno","tipo":"AREA"},"geometry":{"type":"Point","coordinates":[13.286367,38.125676]}},{"type":"Feature","properties":{"nome":"VIA FICHIDINDIA 45","categoria":"Terreno","tipo":"AREA"},"geometry":{"type":"Point","coordinates":[13.381413,38.094564]}},{"type":"Feature","properties":{"nome":"VIA S.MARIA DI GESU' SNC","categoria":"Terreno","tipo":"AREA"},"geometry":{"type":"Point","coordinates":[13.376676,38.086716]}},{"type":"Feature","properties":{"nome":"VIA ZENONE 7","categoria":"Terreno","tipo":"AREA"},"geometry":{"type":"Point","coordinates":[13.284162,38.197186]}},{"type":"Feature","properties":{"nome":"VIA MOLARA 160","categoria":"Terreno","tipo":"AREA"},"geometry":{"type":"Point","coordinates":[13.31354,38.085445]}},{"type":"Feature","properties":{"nome":"VIA ZUCCHETTO CALOGERO SNC","categoria":"Terreno","tipo":"AREA"},"geometry":{"type":"Point","coordinates":[13.42325,38.096597]}},{"type":"Feature","properties":{"nome":"VIA VERGINE MARIA","categoria":"Terreno","tipo":"AREA"},"geometry":{"type":"Point","coordinates":[13.364363,38.164873]}},{"type":"Feature","properties":{"nome":"VIA T.S.25 2","categoria":"Area","tipo":"AREA"},"geometry":{"type":"Point","coordinates":[13.303515,38.18295]}},{"type":"Feature","properties":{"nome":"BAGLIO S.ZITA SNC","categoria":"Terreno","tipo":"AREA"},"geometry":{"type":"Point","coordinates":[13.434346,38.09384]}},{"type":"Feature","properties":{"nome":"VIA VILLINI A S.ISIDORO SNC","categoria":"Terreno","tipo":"AREA"},"geometry":{"type":"Point","coordinates":[13.298896,38.123783]}},{"type":"Feature","properties":{"nome":"VIA PATTI SNC","categoria":"Terreno","tipo":"AREA"},"geometry":{"type":"Point","coordinates":[13.316223,38.174626]}},{"type":"Feature","properties":{"nome":"CORTILE PAGLIARELLI","categoria":"Terreno","tipo":"AREA"},"geometry":{"type":"Point","coordinates":[13.33412,38.089768]}},{"type":"Feature","properties":{"nome":"VIA TRAPANI PESCIA 77","categoria":"Terreno","tipo":"AREA"},"geometry":{"type":"Point","coordinates":[13.322381,38.177402]}},{"type":"Feature","properties":{"nome":"VIALE STRASBURGO 191","categoria":"Terreno","tipo":"AREA"},"geometry":{"type":"Point","coordinates":[13.32775,38.156104]}},{"type":"Feature","properties":{"nome":"VIA SPINA SANTA","categoria":"Terreno","tipo":"AREA"},"geometry":{"type":"Point","coordinates":[13.298847,38.195785]}},{"type":"Feature","properties":{"nome":"VIA VILLA GIOCOSA","categoria":"Terreno","tipo":"AREA"},"geometry":{"type":"Point","coordinates":[13.328237,38.155236]}},{"type":"Feature","properties":{"nome":"VIA ROCCELLA GUSTAVO 70","categoria":"Unità abitativa","tipo":"EDILIZIA RESIDENZIALE PUBBLICA"},"geometry":{"type":"Point","coordinates":[13.346527,38.092506]}},{"type":"Feature","properties":{"nome":"VIA SAMBUCIA 49","categoria":"Terreno","tipo":"AREA"},"geometry":{"type":"Point","coordinates":[13.316648,38.08171]}},{"type":"Feature","properties":{"nome":"VIA ROCCELLA GUSTAVO 72","categoria":"Unità abitativa","tipo":"EDILIZIA RESIDENZIALE PUBBLICA"},"geometry":{"type":"Point","coordinates":[13.346527,38.092506]}},{"type":"Feature","properties":{"nome":"SCALA CARINI SNC","categoria":"Terreno","tipo":"AREA"},"geometry":{"type":"Point","coordinates":[13.279642,38.126796]}},{"type":"Feature","properties":{"nome":"VIA DEDALO 16","categoria":"Terreno","tipo":"AREA"},"geometry":{"type":"Point","coordinates":[13.327695,38.190838]}},{"type":"Feature","properties":{"nome":"VIA ROCCELLA GUSTAVO 74","categoria":"Unità abitativa","tipo":"EDILIZIA RESIDENZIALE PUBBLICA"},"geometry":{"type":"Point","coordinates":[13.346527,38.092506]}},{"type":"Feature","properties":{"nome":"VICOLO GUARNASCHELLI SNC","categoria":"Terreno","tipo":"AREA"},"geometry":{"type":"Point","coordinates":[13.419356,38.092628]}},{"type":"Feature","properties":{"nome":"CORSO CALATAFIMI 813","categoria":"Terreno","tipo":"AREA"},"geometry":{"type":"Point","coordinates":[13.326225,38.101918]}},{"type":"Feature","properties":{"nome":"FONDO DI BENEDETTO SNC","categoria":"Terreno","tipo":"AREA"},"geometry":{"type":"Point","coordinates":[13.287571,38.184039]}},{"type":"Feature","properties":{"nome":"VIA PIANO DEL FICO 19","categoria":"Terreno","tipo":"AREA"},"geometry":{"type":"Point","coordinates":[13.424414,38.093829]}},{"type":"Feature","properties":{"nome":"VIA LIBRINO EMANUELE 27","categoria":"Terreno","tipo":"AREA"},"geometry":{"type":"Point","coordinates":[13.315477,38.131409]}},{"type":"Feature","properties":{"nome":"VIA SALEMI SNC","categoria":"Terreno","tipo":"AREA"},"geometry":{"type":"Point","coordinates":[13.309792,38.147894]}},{"type":"Feature","properties":{"nome":"VICOLO GRAFFEO 13","categoria":"Terreno","tipo":"AREA"},"geometry":{"type":"Point","coordinates":[13.349665,38.081859]}},{"type":"Feature","properties":{"nome":"FONDO CHIANAZZO SNC","categoria":"Terreno","tipo":"AREA"},"geometry":{"type":"Point","coordinates":[13.314478,38.155489]}},{"type":"Feature","properties":{"nome":"VIA TENAGLIA GIULIO 47","categoria":"Terreno","tipo":"AREA"},"geometry":{"type":"Point","coordinates":[13.399203,38.077494]}},{"type":"Feature","properties":{"nome":"STR.VIC. BADAME 56","categoria":"Terreno","tipo":"AREA"},"geometry":{"type":"Point","coordinates":[13.326309,38.090409]}},{"type":"Feature","properties":{"nome":"VIA DE FONSECA PIMENTEL ELE.RA15","categoria":"Terreno","tipo":"AREA"},"geometry":{"type":"Point","coordinates":[13.322917,38.179678]}},{"type":"Feature","properties":{"nome":"VIALE REGIONE SICILIANA N.O. 8160","categoria":"Terreno","tipo":"AREA"},"geometry":{"type":"Point","coordinates":[13.303316,38.166836]}},{"type":"Feature","properties":{"nome":"CORSO DEI MILLE 1541","categoria":"Terreno","tipo":"AREA"},"geometry":{"type":"Point","coordinates":[13.420175,38.06697]}},{"type":"Feature","properties":{"nome":"VIA BADIA 289","categoria":"Terreno","tipo":"AREA"},"geometry":{"type":"Point","coordinates":[13.315948,38.142027]}},{"type":"Feature","properties":{"nome":"CLE CATALANO (PART.MOND.) 25","categoria":"Terreno","tipo":"AREA"},"geometry":{"type":"Point","coordinates":[13.313395,38.201183]}},{"type":"Feature","properties":{"nome":"VIA ROCCELLA GUSTAVO 277","categoria":"Terreno","tipo":"AREA"},"geometry":{"type":"Point","coordinates":[13.343605,38.09189]}},{"type":"Feature","properties":{"nome":"VIA DEI FRISCALETTARI SNC","categoria":"Terreno","tipo":"AREA"},"geometry":{"type":"Point","coordinates":[13.282266,38.191418]}},{"type":"Feature","properties":{"nome":"STR.VIC. BADAME SNC","categoria":"Terreno","tipo":"AREA"},"geometry":{"type":"Point","coordinates":[13.322646,38.089298]}},{"type":"Feature","properties":{"nome":"VIA S.RAFFAELE ARCANGELO 61","categoria":"Unità abitativa","tipo":"EDILIZIA RESIDENZIALE PUBBLICA"},"geometry":{"type":"Point","coordinates":[13.346385,38.092163]}},{"type":"Feature","properties":{"nome":"VIALE REGIONE SICILIANA N.O. 9052","categoria":"Terreno","tipo":"AREA"},"geometry":{"type":"Point","coordinates":[13.295903,38.174363]}},{"type":"Feature","properties":{"nome":"VIA POLITI RAFFAELLO 6","categoria":"Terreno","tipo":"AREA"},"geometry":{"type":"Point","coordinates":[13.31481,38.126558]}},{"type":"Feature","properties":{"nome":"VIA BARBERA GIOVANNI 13","categoria":"Terreno","tipo":"AREA"},"geometry":{"type":"Point","coordinates":[13.270476,38.135306]}},{"type":"Feature","properties":{"nome":"VIA PALMERINO 69","categoria":"Terreno","tipo":"AREA"},"geometry":{"type":"Point","coordinates":[13.323227,38.092536]}},{"type":"Feature","properties":{"nome":"FONDO GRAFFEO 6","categoria":"Terreno","tipo":"AREA"},"geometry":{"type":"Point","coordinates":[13.351024,38.081528]}},{"type":"Feature","properties":{"nome":"VIALE REGIONE SICILIANA S.E. 5075","categoria":"Terreno","tipo":"AREA"},"geometry":{"type":"Point","coordinates":[13.382726,38.089882]}},{"type":"Feature","properties":{"nome":"VIALE REGIONE SICILIANA S.E. 5071","categoria":"Terreno","tipo":"AREA"},"geometry":{"type":"Point","coordinates":[13.382838,38.089811]}},{"type":"Feature","properties":{"nome":"VIA TERRANOVA CESARE 81","categoria":"Terreno","tipo":"AREA"},"geometry":{"type":"Point","coordinates":[13.322307,38.097033]}},{"type":"Feature","properties":{"nome":"88","categoria":"Terreno","tipo":"AREA"},"geometry":{"type":"Point","coordinates":[13.328615,38.161928]}},{"type":"Feature","properties":{"nome":"10","categoria":"Terreno","tipo":"AREA"},"geometry":{"type":"Point","coordinates":[13.43178,38.081158]}},{"type":"Feature","properties":{"nome":"12","categoria":"Terreno","tipo":"AREA"},"geometry":{"type":"Point","coordinates":[13.311761,38.085007]}},{"type":"Feature","properties":{"nome":"33","categoria":"Terreno","tipo":"AREA"},"geometry":{"type":"Point","coordinates":[13.339437,38.127862]}},{"type":"Feature","properties":{"nome":"158","categoria":"Terreno","tipo":"AREA"},"geometry":{"type":"Point","coordinates":[13.313315,38.085217]}},{"type":"Feature","properties":{"nome":"199","categoria":"Terreno","tipo":"AREA"},"geometry":{"type":"Point","coordinates":[13.319425,38.143597]}},{"type":"Feature","properties":{"nome":"15","categoria":"Terreno","tipo":"AREA"},"geometry":{"type":"Point","coordinates":[13.325422,38.145166]}},{"type":"Feature","properties":{"nome":"246","categoria":"Terreno","tipo":"AREA"},"geometry":{"type":"Point","coordinates":[13.409757,38.073941]}},{"type":"Feature","properties":{"nome":"VIA S.RAFFAELE ARCANGELO 59","categoria":"Unità abitativa","tipo":"EDILIZIA RESIDENZIALE PUBBLICA"},"geometry":{"type":"Point","coordinates":[13.346385,38.092163]}},{"type":"Feature","properties":{"nome":"77","categoria":"Terreno","tipo":"AREA"},"geometry":{"type":"Point","coordinates":[13.274324,38.190464]}},{"type":"Feature","properties":{"nome":"13/15","categoria":"Terreno","tipo":"AREA"},"geometry":{"type":"Point","coordinates":[13.311626,38.162147]}},{"type":"Feature","properties":{"nome":"191","categoria":"Terreno","tipo":"AREA"},"geometry":{"type":"Point","coordinates":[13.327613,38.15667]}},{"type":"Feature","properties":{"nome":"413","categoria":"Terreno","tipo":"AREA"},"geometry":{"type":"Point","coordinates":[13.412565,38.072868]}},{"type":"Feature","properties":{"nome":"37","categoria":"Terreno","tipo":"AREA"},"geometry":{"type":"Point","coordinates":[13.305713,38.175038]}},{"type":"Feature","properties":{"nome":"51","categoria":"Terreno","tipo":"AREA"},"geometry":{"type":"Point","coordinates":[13.370498,38.083165]}},{"type":"Feature","properties":{"nome":"6","categoria":"Terreno","tipo":"AREA"},"geometry":{"type":"Point","coordinates":[13.415066,38.075218]}},{"type":"Feature","properties":{"nome":"164","categoria":"Terreno","tipo":"AREA"},"geometry":{"type":"Point","coordinates":[13.369025,38.083036]}},{"type":"Feature","properties":{"nome":"30","categoria":"Terreno","tipo":"AREA"},"geometry":{"type":"Point","coordinates":[13.321391,38.107314]}},{"type":"Feature","properties":{"nome":"47","categoria":"Terreno","tipo":"AREA"},"geometry":{"type":"Point","coordinates":[13.397967,38.078038]}},{"type":"Feature","properties":{"nome":"29","categoria":"Terreno","tipo":"AREA"},"geometry":{"type":"Point","coordinates":[13.308777,38.081699]}},{"type":"Feature","properties":{"nome":"24","categoria":"Terreno","tipo":"AREA"},"geometry":{"type":"Point","coordinates":[13.300784,38.158899]}},{"type":"Feature","properties":{"nome":"9","categoria":"Terreno","tipo":"AREA"},"geometry":{"type":"Point","coordinates":[13.282488,38.19833]}},{"type":"Feature","properties":{"nome":"374","categoria":"Terreno","tipo":"AREA"},"geometry":{"type":"Point","coordinates":[13.280154,38.127596]}},{"type":"Feature","properties":{"nome":"133","categoria":"Terreno","tipo":"AREA"},"geometry":{"type":"Point","coordinates":[13.314772,38.085619]}},{"type":"Feature","properties":{"nome":"VIA ALIA 22","categoria":"Unità abitativa","tipo":"EDILIZIA RESIDENZIALE PUBBLICA"},"geometry":{"type":"Point","coordinates":[13.297998,38.133506]}},{"type":"Feature","properties":{"nome":"VIA CAMPO MARIANO 32","categoria":"Unità abitativa","tipo":"EDILIZIA RESIDENZIALE PUBBLICA"},"geometry":{"type":"Point","coordinates":[13.399113,38.097671]}},{"type":"Feature","properties":{"nome":"VIA CAMPO MARIANO 21","categoria":"Unità abitativa","tipo":"EDILIZIA RESIDENZIALE PUBBLICA"},"geometry":{"type":"Point","coordinates":[13.398743,38.097825]}},{"type":"Feature","properties":{"nome":"VIA BERGAMINI CARLO AMM. 14","categoria":"Unità abitativa","tipo":"EDILIZIA RESIDENZIALE PUBBLICA"},"geometry":{"type":"Point","coordinates":[13.348779,38.094271]}},{"type":"Feature","properties":{"nome":"VIA PATERNOSTRO ALESSANDRO 53","categoria":"Unità abitativa","tipo":"EDILIZIA RESIDENZIALE PUBBLICA"},"geometry":{"type":"Point","coordinates":[13.366401,38.116234]}},{"type":"Feature","properties":{"nome":"VIA MELI FILIPPO MONS. 3","categoria":"Unità abitativa","tipo":"EDILIZIA RESIDENZIALE PUBBLICA"},"geometry":{"type":"Point","coordinates":[13.387034,38.100307]}},{"type":"Feature","properties":{"nome":"VIA GALVANI LUIGI 35","categoria":"Unità abitativa","tipo":"EDILIZIA RESIDENZIALE PUBBLICA"},"geometry":{"type":"Point","coordinates":[13.388078,38.100443]}},{"type":"Feature","properties":{"nome":"VIA MELI FILIPPO MONS. 10","categoria":"Unità abitativa","tipo":"EDILIZIA RESIDENZIALE PUBBLICA"},"geometry":{"type":"Point","coordinates":[13.387744,38.100175]}},{"type":"Feature","properties":{"nome":"VIA MELI FILIPPO MONS. 8","categoria":"Unità abitativa","tipo":"EDILIZIA RESIDENZIALE PUBBLICA"},"geometry":{"type":"Point","coordinates":[13.387744,38.100175]}},{"type":"Feature","properties":{"nome":"VIA SARMIENTO GIULIO 3A","categoria":"Unità abitativa","tipo":"EDILIZIA RESIDENZIALE PUBBLICA"},"geometry":{"type":"Point","coordinates":[13.379342,38.098628]}},{"type":"Feature","properties":{"nome":"VIA CUTELLO SALVATORE 12","categoria":"Unità abitativa","tipo":"EDILIZIA RESIDENZIALE PUBBLICA"},"geometry":{"type":"Point","coordinates":[13.347411,38.092908]}},{"type":"Feature","properties":{"nome":"VIA SARMIENTO GIULIO 3/B","categoria":"Unità abitativa","tipo":"EDILIZIA RESIDENZIALE PUBBLICA"},"geometry":{"type":"Point","coordinates":[13.379342,38.098628]}},{"type":"Feature","properties":{"nome":"VIA GUERRINI OLINDO 28","categoria":"Unità abitativa","tipo":"EDILIZIA RESIDENZIALE PUBBLICA"},"geometry":{"type":"Point","coordinates":[13.291053,38.188393]}},{"type":"Feature","properties":{"nome":"VIA GUERRINI OLINDO 18","categoria":"Unità abitativa","tipo":"EDILIZIA RESIDENZIALE PUBBLICA"},"geometry":{"type":"Point","coordinates":[13.291053,38.188393]}},{"type":"Feature","properties":{"nome":"VIA GUERRINI OLINDO 12","categoria":"Unità abitativa","tipo":"EDILIZIA RESIDENZIALE PUBBLICA"},"geometry":{"type":"Point","coordinates":[13.291053,38.188393]}},{"type":"Feature","properties":{"nome":"VIA GUERRINI OLINDO 2","categoria":"Unità abitativa","tipo":"EDILIZIA RESIDENZIALE PUBBLICA"},"geometry":{"type":"Point","coordinates":[13.291053,38.188393]}},{"type":"Feature","properties":{"nome":"VIA SIRILLO BARTOLOMEO 5","categoria":"Unità abitativa","tipo":"EDILIZIA RESIDENZIALE PUBBLICA"},"geometry":{"type":"Point","coordinates":[13.37703,38.093925]}},{"type":"Feature","properties":{"nome":"VIA CUTELLO SALVATORE 14","categoria":"Unità abitativa","tipo":"EDILIZIA RESIDENZIALE PUBBLICA"},"geometry":{"type":"Point","coordinates":[13.347411,38.092908]}},{"type":"Feature","properties":{"nome":"VIA CUTELLO SALVATORE 16","categoria":"Unità abitativa","tipo":"EDILIZIA RESIDENZIALE PUBBLICA"},"geometry":{"type":"Point","coordinates":[13.347392,38.092692]}},{"type":"Feature","properties":{"nome":"CORSO DEI MILLE 589","categoria":"Unità abitativa","tipo":"EDILIZIA RESIDENZIALE PUBBLICA"},"geometry":{"type":"Point","coordinates":[13.383657,38.100191]}},{"type":"Feature","properties":{"nome":"CORSO DEI MILLE 893","categoria":"Unità abitativa","tipo":"EDILIZIA RESIDENZIALE PUBBLICA"},"geometry":{"type":"Point","coordinates":[13.393219,38.097661]}},{"type":"Feature","properties":{"nome":"CORSO DEI MILLE 974","categoria":"Unità abitativa","tipo":"EDILIZIA RESIDENZIALE PUBBLICA"},"geometry":{"type":"Point","coordinates":[13.392979,38.098557]}},{"type":"Feature","properties":{"nome":"VIA SCAGLIONE PIETRO 131","categoria":"Unità abitativa","tipo":"EDILIZIA RESIDENZIALE PUBBLICA"},"geometry":{"type":"Point","coordinates":[13.30932,38.14171]}},{"type":"Feature","properties":{"nome":"VIA CALLEA ANTONIO 1","categoria":"Unità abitativa","tipo":"EDILIZIA RESIDENZIALE PUBBLICA"},"geometry":{"type":"Point","coordinates":[13.347317,38.093391]}},{"type":"Feature","properties":{"nome":"VIA CUFFARO SILVESTRE 1","categoria":"Unità abitativa","tipo":"EDILIZIA RESIDENZIALE PUBBLICA"},"geometry":{"type":"Point","coordinates":[13.29578,38.133591]}},{"type":"Feature","properties":{"nome":"VIA CUFFARO SILVESTRE 5","categoria":"Unità abitativa","tipo":"EDILIZIA RESIDENZIALE PUBBLICA"},"geometry":{"type":"Point","coordinates":[13.29578,38.133591]}},{"type":"Feature","properties":{"nome":"VIA CUFFARO SILVESTRE 7","categoria":"Unità abitativa","tipo":"EDILIZIA RESIDENZIALE PUBBLICA"},"geometry":{"type":"Point","coordinates":[13.29578,38.133591]}},{"type":"Feature","properties":{"nome":"VIA CUFFARO SILVESTRE 9","categoria":"Unità abitativa","tipo":"EDILIZIA RESIDENZIALE PUBBLICA"},"geometry":{"type":"Point","coordinates":[13.29578,38.133591]}},{"type":"Feature","properties":{"nome":"VIA COMISO 1","categoria":"Unità abitativa","tipo":"EDILIZIA RESIDENZIALE PUBBLICA"},"geometry":{"type":"Point","coordinates":[13.296148,38.13337]}},{"type":"Feature","properties":{"nome":"VIA RACITI FILIPPO 8","categoria":"Unità abitativa","tipo":"EDILIZIA RESIDENZIALE PUBBLICA"},"geometry":{"type":"Point","coordinates":[13.317672,38.101528]}},{"type":"Feature","properties":{"nome":"VIA RACITI FILIPPO 2","categoria":"Unità abitativa","tipo":"EDILIZIA RESIDENZIALE PUBBLICA"},"geometry":{"type":"Point","coordinates":[13.317672,38.101528]}},{"type":"Feature","properties":{"nome":"VIA RACITI FILIPPO 4","categoria":"Unità abitativa","tipo":"EDILIZIA RESIDENZIALE PUBBLICA"},"geometry":{"type":"Point","coordinates":[13.317672,38.101528]}},{"type":"Feature","properties":{"nome":"VIA CAMPISI GIOVANNI 10","categoria":"Unità abitativa","tipo":"EDILIZIA RESIDENZIALE PUBBLICA"},"geometry":{"type":"Point","coordinates":[13.370991,38.100383]}},{"type":"Feature","properties":{"nome":"VIA ORETO 313","categoria":"Unità abitativa","tipo":"EDILIZIA RESIDENZIALE PUBBLICA"},"geometry":{"type":"Point","coordinates":[13.370492,38.100586]}},{"type":"Feature","properties":{"nome":"VIA CAMPISI GIOVANNI 2","categoria":"Unità abitativa","tipo":"EDILIZIA RESIDENZIALE PUBBLICA"},"geometry":{"type":"Point","coordinates":[13.370492,38.100586]}},{"type":"Feature","properties":{"nome":"VIA CAMPISI GIOVANNI 4","categoria":"Unità abitativa","tipo":"EDILIZIA RESIDENZIALE PUBBLICA"},"geometry":{"type":"Point","coordinates":[13.370492,38.100586]}},{"type":"Feature","properties":{"nome":"VIA CAMPISI GIOVANNI 6","categoria":"Unità abitativa","tipo":"EDILIZIA RESIDENZIALE PUBBLICA"},"geometry":{"type":"Point","coordinates":[13.370492,38.100586]}},{"type":"Feature","properties":{"nome":"LARGO CALTABELLOTTA 1","categoria":"Unità abitativa","tipo":"EDILIZIA RESIDENZIALE PUBBLICA"},"geometry":{"type":"Point","coordinates":[13.29013,38.129064]}},{"type":"Feature","properties":{"nome":"LARGO CALTABELLOTTA 2","categoria":"Unità abitativa","tipo":"EDILIZIA RESIDENZIALE PUBBLICA"},"geometry":{"type":"Point","coordinates":[13.29013,38.129064]}},{"type":"Feature","properties":{"nome":"LARGO CALTABELLOTTA 3","categoria":"Unità abitativa","tipo":"EDILIZIA RESIDENZIALE PUBBLICA"},"geometry":{"type":"Point","coordinates":[13.29013,38.129064]}},{"type":"Feature","properties":{"nome":"LARGO CALTABELLOTTA 4","categoria":"Unità abitativa","tipo":"EDILIZIA RESIDENZIALE PUBBLICA"},"geometry":{"type":"Point","coordinates":[13.290513,38.128831]}},{"type":"Feature","properties":{"nome":"LARGO CALTABELLOTTA 5","categoria":"Unità abitativa","tipo":"EDILIZIA RESIDENZIALE PUBBLICA"},"geometry":{"type":"Point","coordinates":[13.290513,38.128831]}},{"type":"Feature","properties":{"nome":"VIA ERICE 33","categoria":"Unità abitativa","tipo":"EDILIZIA RESIDENZIALE PUBBLICA"},"geometry":{"type":"Point","coordinates":[13.289798,38.130194]}},{"type":"Feature","properties":{"nome":"VIA ERICE 35","categoria":"Unità abitativa","tipo":"EDILIZIA RESIDENZIALE PUBBLICA"},"geometry":{"type":"Point","coordinates":[13.289798,38.130194]}},{"type":"Feature","properties":{"nome":"VIA ERICE 37","categoria":"Unità abitativa","tipo":"EDILIZIA RESIDENZIALE PUBBLICA"},"geometry":{"type":"Point","coordinates":[13.289798,38.130194]}},{"type":"Feature","properties":{"nome":"VIA ERICE 39","categoria":"Unità abitativa","tipo":"EDILIZIA RESIDENZIALE PUBBLICA"},"geometry":{"type":"Point","coordinates":[13.289798,38.130194]}},{"type":"Feature","properties":{"nome":"LARGO DELLE PETRALIE 4","categoria":"Unità abitativa","tipo":"EDILIZIA RESIDENZIALE PUBBLICA"},"geometry":{"type":"Point","coordinates":[13.290224,38.129498]}},{"type":"Feature","properties":{"nome":"VIA ORLANDO FRATELLI 3","categoria":"Unità abitativa","tipo":"EDILIZIA RESIDENZIALE PUBBLICA"},"geometry":{"type":"Point","coordinates":[13.364873,38.120685]}},{"type":"Feature","properties":{"nome":"VIA CASTELLO 36","categoria":"Unità abitativa","tipo":"EDILIZIA RESIDENZIALE PUBBLICA"},"geometry":{"type":"Point","coordinates":[13.364873,38.120685]}},{"type":"Feature","properties":{"nome":"VIA MAGNISI 44","categoria":"Unità abitativa","tipo":"EDILIZIA RESIDENZIALE PUBBLICA"},"geometry":{"type":"Point","coordinates":[13.364873,38.120685]}},{"type":"Feature","properties":{"nome":"VIA DELLE PERGOLE 14","categoria":"Unità abitativa","tipo":"EDILIZIA RESIDENZIALE PUBBLICA"},"geometry":{"type":"Point","coordinates":[13.363851,38.110967]}},{"type":"Feature","properties":{"nome":"VIA DELLE PERGOLE 16","categoria":"Unità abitativa","tipo":"EDILIZIA RESIDENZIALE PUBBLICA"},"geometry":{"type":"Point","coordinates":[13.363851,38.110967]}},{"type":"Feature","properties":{"nome":"CORTILE CONCA 7","categoria":"Unità abitativa","tipo":"EDILIZIA RESIDENZIALE PUBBLICA"},"geometry":{"type":"Point","coordinates":[13.355572,38.11716]}},{"type":"Feature","properties":{"nome":"CORTILE CONCA 8","categoria":"Unità abitativa","tipo":"EDILIZIA RESIDENZIALE PUBBLICA"},"geometry":{"type":"Point","coordinates":[13.355572,38.11716]}},{"type":"Feature","properties":{"nome":"CORTILE CONCA 9","categoria":"Unità abitativa","tipo":"EDILIZIA RESIDENZIALE PUBBLICA"},"geometry":{"type":"Point","coordinates":[13.355572,38.11716]}},{"type":"Feature","properties":{"nome":"CORTILE CONCA 10","categoria":"Unità abitativa","tipo":"EDILIZIA RESIDENZIALE PUBBLICA"},"geometry":{"type":"Point","coordinates":[13.355572,38.11716]}},{"type":"Feature","properties":{"nome":"VIA DELLE SEDIE VOLANTI 51","categoria":"Unità abitativa","tipo":"EDILIZIA RESIDENZIALE PUBBLICA"},"geometry":{"type":"Point","coordinates":[13.355692,38.116965]}},{"type":"Feature","properties":{"nome":"CORTILE CATARO 4","categoria":"Unità abitativa","tipo":"EDILIZIA RESIDENZIALE PUBBLICA"},"geometry":{"type":"Point","coordinates":[13.355652,38.117206]}},{"type":"Feature","properties":{"nome":"VIA MAGG. AMARI GIUSEPPE 14","categoria":"Unità abitativa","tipo":"EDILIZIA RESIDENZIALE PUBBLICA"},"geometry":{"type":"Point","coordinates":[13.343905,38.109837]}},{"type":"Feature","properties":{"nome":"VIA MAGG. AMARI GIUSEPPE 16","categoria":"Unità abitativa","tipo":"EDILIZIA RESIDENZIALE PUBBLICA"},"geometry":{"type":"Point","coordinates":[13.343905,38.109837]}},{"type":"Feature","properties":{"nome":"VIA MAGG. AMARI GIUSEPPE 18","categoria":"Unità abitativa","tipo":"EDILIZIA RESIDENZIALE PUBBLICA"},"geometry":{"type":"Point","coordinates":[13.343905,38.109837]}},{"type":"Feature","properties":{"nome":"VIA BONANNO PIETRO 3","categoria":"Unità abitativa","tipo":"EDILIZIA RESIDENZIALE PUBBLICA"},"geometry":{"type":"Point","coordinates":[13.358441,38.148545]}},{"type":"Feature","properties":{"nome":"VIA BONANNO PIETRO 5","categoria":"Unità abitativa","tipo":"EDILIZIA RESIDENZIALE PUBBLICA"},"geometry":{"type":"Point","coordinates":[13.358747,38.148604]}},{"type":"Feature","properties":{"nome":"VIA BONANNO PIETRO 7","categoria":"Unità abitativa","tipo":"EDILIZIA RESIDENZIALE PUBBLICA"},"geometry":{"type":"Point","coordinates":[13.359005,38.14867]}},{"type":"Feature","properties":{"nome":"VIA BONANNO PIETRO 11","categoria":"Unità abitativa","tipo":"EDILIZIA RESIDENZIALE PUBBLICA"},"geometry":{"type":"Point","coordinates":[13.35954,38.148825]}},{"type":"Feature","properties":{"nome":"VIA BONANNO PIETRO 15","categoria":"Unità abitativa","tipo":"EDILIZIA RESIDENZIALE PUBBLICA"},"geometry":{"type":"Point","coordinates":[13.360084,38.148957]}},{"type":"Feature","properties":{"nome":"VIA SERIO FRANCESCA 13","categoria":"Unità abitativa","tipo":"EDILIZIA RESIDENZIALE PUBBLICA"},"geometry":{"type":"Point","coordinates":[13.355347,38.088171]}},{"type":"Feature","properties":{"nome":"VIA SERIO FRANCESCA 21","categoria":"Unità abitativa","tipo":"EDILIZIA RESIDENZIALE PUBBLICA"},"geometry":{"type":"Point","coordinates":[13.355347,38.088171]}},{"type":"Feature","properties":{"nome":"VIA SERIO FRANCESCA 29","categoria":"Unità abitativa","tipo":"EDILIZIA RESIDENZIALE PUBBLICA"},"geometry":{"type":"Point","coordinates":[13.355347,38.088171]}},{"type":"Feature","properties":{"nome":"LARGO STORNO 2","categoria":"Unità abitativa","tipo":"EDILIZIA RESIDENZIALE PUBBLICA"},"geometry":{"type":"Point","coordinates":[13.355413,38.087736]}},{"type":"Feature","properties":{"nome":"LARGO STORNO 1","categoria":"Unità abitativa","tipo":"EDILIZIA RESIDENZIALE PUBBLICA"},"geometry":{"type":"Point","coordinates":[13.355413,38.087736]}},{"type":"Feature","properties":{"nome":"VIA SERIO FRANCESCA 39","categoria":"Unità abitativa","tipo":"EDILIZIA RESIDENZIALE PUBBLICA"},"geometry":{"type":"Point","coordinates":[13.355681,38.0874]}},{"type":"Feature","properties":{"nome":"VIA SERIO FRANCESCA 4-6","categoria":"Unità abitativa","tipo":"EDILIZIA RESIDENZIALE PUBBLICA"},"geometry":{"type":"Point","coordinates":[13.355584,38.088257]}},{"type":"Feature","properties":{"nome":"VIA SERIO FRANCESCA 6","categoria":"Unità abitativa","tipo":"EDILIZIA RESIDENZIALE PUBBLICA"},"geometry":{"type":"Point","coordinates":[13.355584,38.088257]}},{"type":"Feature","properties":{"nome":"VIA SERIO FRANCESCA 18-20","categoria":"Unità abitativa","tipo":"EDILIZIA RESIDENZIALE PUBBLICA"},"geometry":{"type":"Point","coordinates":[13.355584,38.088257]}},{"type":"Feature","properties":{"nome":"VIA SERIO FRANCESCA 26-28","categoria":"Unità abitativa","tipo":"EDILIZIA RESIDENZIALE PUBBLICA"},"geometry":{"type":"Point","coordinates":[13.355584,38.088257]}},{"type":"Feature","properties":{"nome":"VIA SERIO FRANCESCA 34-36","categoria":"Unità abitativa","tipo":"EDILIZIA RESIDENZIALE PUBBLICA"},"geometry":{"type":"Point","coordinates":[13.355584,38.088257]}},{"type":"Feature","properties":{"nome":"VIA SCANDALIATO ANGELO 1","categoria":"Unità abitativa","tipo":"EDILIZIA RESIDENZIALE PUBBLICA"},"geometry":{"type":"Point","coordinates":[13.35193,38.101538]}},{"type":"Feature","properties":{"nome":"VIA SCANDALIATO ANGELO 3","categoria":"Unità abitativa","tipo":"EDILIZIA RESIDENZIALE PUBBLICA"},"geometry":{"type":"Point","coordinates":[13.352436,38.101483]}},{"type":"Feature","properties":{"nome":"VIA SCANDALIATO ANGELO 4","categoria":"Unità abitativa","tipo":"EDILIZIA RESIDENZIALE PUBBLICA"},"geometry":{"type":"Point","coordinates":[13.351967,38.101737]}},{"type":"Feature","properties":{"nome":"VIA SCANDALIATO ANGELO 6","categoria":"Unità abitativa","tipo":"EDILIZIA RESIDENZIALE PUBBLICA"},"geometry":{"type":"Point","coordinates":[13.352476,38.101686]}},{"type":"Feature","properties":{"nome":"VIA MALERBA AGATINO 1","categoria":"Unità abitativa","tipo":"EDILIZIA RESIDENZIALE PUBBLICA"},"geometry":{"type":"Point","coordinates":[13.351845,38.10113]}},{"type":"Feature","properties":{"nome":"VIA MALERBA AGATINO 3","categoria":"Unità abitativa","tipo":"EDILIZIA RESIDENZIALE PUBBLICA"},"geometry":{"type":"Point","coordinates":[13.352348,38.101097]}},{"type":"Feature","properties":{"nome":"VIA MALERBA AGATINO 2","categoria":"Unità abitativa","tipo":"EDILIZIA RESIDENZIALE PUBBLICA"},"geometry":{"type":"Point","coordinates":[13.351889,38.101333]}},{"type":"Feature","properties":{"nome":"VIA MALERBA AGATINO 4","categoria":"Unità abitativa","tipo":"EDILIZIA RESIDENZIALE PUBBLICA"},"geometry":{"type":"Point","coordinates":[13.352398,38.101282]}},{"type":"Feature","properties":{"nome":"VIA LUPO PIETRO 3","categoria":"Unità abitativa","tipo":"EDILIZIA RESIDENZIALE PUBBLICA"},"geometry":{"type":"Point","coordinates":[13.352315,38.100879]}},{"type":"Feature","properties":{"nome":"VIA FRASCONA' COL. ANTONINO 8","categoria":"Unità abitativa","tipo":"EDILIZIA RESIDENZIALE PUBBLICA"},"geometry":{"type":"Point","coordinates":[13.317672,38.101528]}},{"type":"Feature","properties":{"nome":"VIA FRASCONA' COL. ANTONINO 4","categoria":"Unità abitativa","tipo":"EDILIZIA RESIDENZIALE PUBBLICA"},"geometry":{"type":"Point","coordinates":[13.318375,38.101365]}},{"type":"Feature","properties":{"nome":"VIA ROMERES GAETANO 4","categoria":"Unità abitativa","tipo":"EDILIZIA RESIDENZIALE PUBBLICA"},"geometry":{"type":"Point","coordinates":[13.318905,38.100983]}},{"type":"Feature","properties":{"nome":"VIA CHINNICI DOMENICO GEN. 58","categoria":"Unità abitativa","tipo":"EDILIZIA RESIDENZIALE PUBBLICA"},"geometry":{"type":"Point","coordinates":[13.317672,38.101528]}},{"type":"Feature","properties":{"nome":"VIA FRASCONA' COL. ANTONINO 1","categoria":"Unità abitativa","tipo":"EDILIZIA RESIDENZIALE PUBBLICA"},"geometry":{"type":"Point","coordinates":[13.317672,38.101528]}},{"type":"Feature","properties":{"nome":"VIA CARTIERA 23","categoria":"Edificio","tipo":"EDILIZIA RESIDENZIALE PUBBLICA"},"geometry":{"type":"Point","coordinates":[13.319823,38.079358]}},{"type":"Feature","properties":{"nome":"VIA SACRA FAMIGLIA 24","categoria":"Area","tipo":"EDILIZIA RESIDENZIALE"},"geometry":{"type":"Point","coordinates":[13.335336,38.151498]}},{"type":"Feature","properties":{"nome":"VIA FRASCONA' COL. ANTONINO 3","categoria":"Unità abitativa","tipo":"EDILIZIA RESIDENZIALE PUBBLICA"},"geometry":{"type":"Point","coordinates":[13.317672,38.101528]}},{"type":"Feature","properties":{"nome":"5","categoria":"Area","tipo":"AREA"},"geometry":{"type":"Point","coordinates":[13.311722,38.079326]}},{"type":"Feature","properties":{"nome":"VIA RACITI FILIPPO 1","categoria":"Unità abitativa","tipo":"EDILIZIA RESIDENZIALE PUBBLICA"},"geometry":{"type":"Point","coordinates":[13.317672,38.101528]}},{"type":"Feature","properties":{"nome":"VIA RACITI FILIPPO 3","categoria":"Unità abitativa","tipo":"EDILIZIA RESIDENZIALE PUBBLICA"},"geometry":{"type":"Point","coordinates":[13.317672,38.101528]}},{"type":"Feature","properties":{"nome":"VIA RACITI FILIPPO 5","categoria":"Unità abitativa","tipo":"EDILIZIA RESIDENZIALE PUBBLICA"},"geometry":{"type":"Point","coordinates":[13.317672,38.101528]}},{"type":"Feature","properties":{"nome":"VIA RACITI FILIPPO 7","categoria":"Unità abitativa","tipo":"EDILIZIA RESIDENZIALE PUBBLICA"},"geometry":{"type":"Point","coordinates":[13.317672,38.101528]}},{"type":"Feature","properties":{"nome":"VIA RACITI FILIPPO 6","categoria":"Unità abitativa","tipo":"EDILIZIA RESIDENZIALE PUBBLICA"},"geometry":{"type":"Point","coordinates":[13.317672,38.101528]}},{"type":"Feature","properties":{"nome":"VIA FILETI ENRICO 19","categoria":"Unità abitativa","tipo":"EDILIZIA RESIDENZIALE PUBBLICA"},"geometry":{"type":"Point","coordinates":[13.364527,38.142255]}},{"type":"Feature","properties":{"nome":"VIALE REGIONE SICILIANA 2512","categoria":"Unità abitativa","tipo":"EDILIZIA RESIDENZIALE PUBBLICA"},"geometry":{"type":"Point","coordinates":[13.353483,38.086766]}},{"type":"Feature","properties":{"nome":"VIALE REGIONE SICILIANA N.O. 2512","categoria":"Unità abitativa","tipo":"EDILIZIA RESIDENZIALE PUBBLICA"},"geometry":{"type":"Point","coordinates":[13.353483,38.086766]}},{"type":"Feature","properties":{"nome":"VIALE REGIONE SICILIANA N.O. 2528","categoria":"Unità abitativa","tipo":"EDILIZIA RESIDENZIALE PUBBLICA"},"geometry":{"type":"Point","coordinates":[13.353483,38.086766]}},{"type":"Feature","properties":{"nome":"LARGO DELLE TORTORE 1","categoria":"Unità abitativa","tipo":"EDILIZIA RESIDENZIALE PUBBLICA"},"geometry":{"type":"Point","coordinates":[13.35335,38.087241]}},{"type":"Feature","properties":{"nome":"LARGO DELLE TORTORE 3","categoria":"Unità abitativa","tipo":"EDILIZIA RESIDENZIALE PUBBLICA"},"geometry":{"type":"Point","coordinates":[13.35335,38.087241]}},{"type":"Feature","properties":{"nome":"LARGO DELLE TORTORE 4","categoria":"Unità abitativa","tipo":"EDILIZIA RESIDENZIALE PUBBLICA"},"geometry":{"type":"Point","coordinates":[13.35335,38.087241]}},{"type":"Feature","properties":{"nome":"LARGO DELLE TORTORE 5","categoria":"Unità abitativa","tipo":"EDILIZIA RESIDENZIALE PUBBLICA"},"geometry":{"type":"Point","coordinates":[13.35335,38.087241]}},{"type":"Feature","properties":{"nome":"LARGO DELLE TORTORE 6","categoria":"Unità abitativa","tipo":"EDILIZIA RESIDENZIALE PUBBLICA"},"geometry":{"type":"Point","coordinates":[13.35335,38.087241]}},{"type":"Feature","properties":{"nome":"LARGO DELLE TORTORE 7","categoria":"Unità abitativa","tipo":"EDILIZIA RESIDENZIALE PUBBLICA"},"geometry":{"type":"Point","coordinates":[13.353876,38.087055]}},{"type":"Feature","properties":{"nome":"LARGO DELLE TORTORE 8","categoria":"Unità abitativa","tipo":"EDILIZIA RESIDENZIALE PUBBLICA"},"geometry":{"type":"Point","coordinates":[13.353876,38.087055]}},{"type":"Feature","properties":{"nome":"VIALE REGIONE SICILIANA N.O. 2562","categoria":"Unità abitativa","tipo":"EDILIZIA RESIDENZIALE PUBBLICA"},"geometry":{"type":"Point","coordinates":[13.354138,38.086903]}},{"type":"Feature","properties":{"nome":"VIALE REGIONE SICILIANA N.O. 2578","categoria":"Unità abitativa","tipo":"EDILIZIA RESIDENZIALE PUBBLICA"},"geometry":{"type":"Point","coordinates":[13.354138,38.086903]}},{"type":"Feature","properties":{"nome":"VIA BERGAMINI CARLO AMM. 16","categoria":"Unità abitativa","tipo":"EDILIZIA RESIDENZIALE PUBBLICA"},"geometry":{"type":"Point","coordinates":[13.348779,38.094271]}},{"type":"Feature","properties":{"nome":"VIA CALLEA ANTONIO 2","categoria":"Unità abitativa","tipo":"EDILIZIA RESIDENZIALE PUBBLICA"},"geometry":{"type":"Point","coordinates":[13.347326,38.093622]}},{"type":"Feature","properties":{"nome":"VIA TERRA DELLE MOSCHE 9","categoria":"Unità abitativa","tipo":"EDILIZIA RESIDENZIALE PUBBLICA"},"geometry":{"type":"Point","coordinates":[13.365718,38.117971]}},{"type":"Feature","properties":{"nome":"VIA TERRA DELLE MOSCHE 13","categoria":"Unità abitativa","tipo":"EDILIZIA RESIDENZIALE PUBBLICA"},"geometry":{"type":"Point","coordinates":[13.365615,38.117927]}},{"type":"Feature","properties":{"nome":"VIA TERRA DELLE MOSCHE 15","categoria":"Unità abitativa","tipo":"EDILIZIA RESIDENZIALE PUBBLICA"},"geometry":{"type":"Point","coordinates":[13.365615,38.117927]}},{"type":"Feature","properties":{"nome":"CORTILE SCALILLA 14","categoria":"Unità abitativa","tipo":"EDILIZIA RESIDENZIALE PUBBLICA"},"geometry":{"type":"Point","coordinates":[13.355652,38.117206]}},{"type":"Feature","properties":{"nome":"CORTILE SCALILLA 15","categoria":"Unità abitativa","tipo":"EDILIZIA RESIDENZIALE PUBBLICA"},"geometry":{"type":"Point","coordinates":[13.355652,38.117206]}},{"type":"Feature","properties":{"nome":"VIA DELLE SEDIE VOLANTI 45","categoria":"Unità abitativa","tipo":"EDILIZIA RESIDENZIALE PUBBLICA"},"geometry":{"type":"Point","coordinates":[13.355692,38.116965]}},{"type":"Feature","properties":{"nome":"VIA TEDESCHI (ALLA PIAZZA) 21","categoria":"Unità abitativa","tipo":"EDILIZIA RESIDENZIALE PUBBLICA"},"geometry":{"type":"Point","coordinates":[13.357447,38.111676]}},{"type":"Feature","properties":{"nome":"PIAZZETTA DELLE VITTIME 2","categoria":"Unità abitativa","tipo":"EDILIZIA RESIDENZIALE PUBBLICA"},"geometry":{"type":"Point","coordinates":[13.357527,38.111812]}},{"type":"Feature","properties":{"nome":"PIAZZETTA DELLE VITTIME 14","categoria":"Unità abitativa","tipo":"EDILIZIA RESIDENZIALE PUBBLICA"},"geometry":{"type":"Point","coordinates":[13.357527,38.111812]}},{"type":"Feature","properties":{"nome":"VICOLO SCAFIDI 9","categoria":"Unità abitativa","tipo":"EDILIZIA RESIDENZIALE PUBBLICA"},"geometry":{"type":"Point","coordinates":[13.357447,38.111676]}},{"type":"Feature","properties":{"nome":"VICOLO SCAFIDI 11","categoria":"Unità abitativa","tipo":"EDILIZIA RESIDENZIALE PUBBLICA"},"geometry":{"type":"Point","coordinates":[13.357447,38.111676]}},{"type":"Feature","properties":{"nome":"VICOLO SCAFIDI 13","categoria":"Unità abitativa","tipo":"EDILIZIA RESIDENZIALE PUBBLICA"},"geometry":{"type":"Point","coordinates":[13.357447,38.111676]}},{"type":"Feature","properties":{"nome":"VICOLO SCAFIDI 15","categoria":"Unità abitativa","tipo":"EDILIZIA RESIDENZIALE PUBBLICA"},"geometry":{"type":"Point","coordinates":[13.357447,38.111676]}},{"type":"Feature","properties":{"nome":"VIA ARGENTERIA 55","categoria":"Unità abitativa","tipo":"EDILIZIA RESIDENZIALE PUBBLICA"},"geometry":{"type":"Point","coordinates":[13.363779,38.117544]}},{"type":"Feature","properties":{"nome":"VIA COLTELLIERI 3","categoria":"Unità abitativa","tipo":"EDILIZIA RESIDENZIALE PUBBLICA"},"geometry":{"type":"Point","coordinates":[13.363952,38.117611]}},{"type":"Feature","properties":{"nome":"VIA ARGENTERIA 51","categoria":"Unità abitativa","tipo":"EDILIZIA RESIDENZIALE PUBBLICA"},"geometry":{"type":"Point","coordinates":[13.363952,38.117611]}},{"type":"Feature","properties":{"nome":"VICOLO DEGLI ORFANI 37","categoria":"Unità abitativa","tipo":"EDILIZIA RESIDENZIALE PUBBLICA"},"geometry":{"type":"Point","coordinates":[13.355338,38.117653]}},{"type":"Feature","properties":{"nome":"VICOLO DEGLI ORFANI 27","categoria":"Unità abitativa","tipo":"EDILIZIA RESIDENZIALE PUBBLICA"},"geometry":{"type":"Point","coordinates":[13.355365,38.117551]}},{"type":"Feature","properties":{"nome":"VICOLO DEGLI ORFANI 41","categoria":"Unità abitativa","tipo":"EDILIZIA RESIDENZIALE PUBBLICA"},"geometry":{"type":"Point","coordinates":[13.355403,38.11772]}},{"type":"Feature","properties":{"nome":"VICOLO DEGLI ORFANI","categoria":"Unità abitativa","tipo":"EDILIZIA RESIDENZIALE PUBBLICA"},"geometry":{"type":"Point","coordinates":[13.355397,38.117414]}},{"type":"Feature","properties":{"nome":"VICOLO DEGLI ORFANI 11","categoria":"Unità abitativa","tipo":"EDILIZIA RESIDENZIALE PUBBLICA"},"geometry":{"type":"Point","coordinates":[13.355465,38.117306]}},{"type":"Feature","properties":{"nome":"VIA FILIPPONE 21","categoria":"Unità abitativa","tipo":"EDILIZIA RESIDENZIALE PUBBLICA"},"geometry":{"type":"Point","coordinates":[13.352013,38.115644]}},{"type":"Feature","properties":{"nome":"VIA FILIPPONE 25","categoria":"Unità abitativa","tipo":"EDILIZIA RESIDENZIALE PUBBLICA"},"geometry":{"type":"Point","coordinates":[13.352013,38.115644]}},{"type":"Feature","properties":{"nome":"VIA FILIPPONE 27","categoria":"Unità abitativa","tipo":"EDILIZIA RESIDENZIALE PUBBLICA"},"geometry":{"type":"Point","coordinates":[13.352013,38.115644]}},{"type":"Feature","properties":{"nome":"VIA FILIPPONE 29","categoria":"Unità abitativa","tipo":"EDILIZIA RESIDENZIALE PUBBLICA"},"geometry":{"type":"Point","coordinates":[13.352013,38.115644]}},{"type":"Feature","properties":{"nome":"VICOLO DELLA PILA 2","categoria":"Unità abitativa","tipo":"EDILIZIA RESIDENZIALE PUBBLICA"},"geometry":{"type":"Point","coordinates":[13.352013,38.115644]}},{"type":"Feature","properties":{"nome":"VICOLO DELLA PILA 4","categoria":"Unità abitativa","tipo":"EDILIZIA RESIDENZIALE PUBBLICA"},"geometry":{"type":"Point","coordinates":[13.352013,38.115644]}},{"type":"Feature","properties":{"nome":"VICOLO DELLA PILA 6","categoria":"Unità abitativa","tipo":"EDILIZIA RESIDENZIALE PUBBLICA"},"geometry":{"type":"Point","coordinates":[13.352013,38.115644]}},{"type":"Feature","properties":{"nome":"VICOLO DELLA PILA 8","categoria":"Unità abitativa","tipo":"EDILIZIA RESIDENZIALE PUBBLICA"},"geometry":{"type":"Point","coordinates":[13.352013,38.115644]}},{"type":"Feature","properties":{"nome":"VIA CIRRINCIONE ANDREA 58","categoria":"Unità abitativa","tipo":"EDILIZIA RESIDENZIALE PUBBLICA"},"geometry":{"type":"Point","coordinates":[13.3537,38.146136]}},{"type":"Feature","properties":{"nome":"VIA CIRRINCIONE ANDREA 60","categoria":"Unità abitativa","tipo":"EDILIZIA RESIDENZIALE PUBBLICA"},"geometry":{"type":"Point","coordinates":[13.354009,38.146251]}},{"type":"Feature","properties":{"nome":"VIA CIRRINCIONE ANDREA 67","categoria":"Unità abitativa","tipo":"EDILIZIA RESIDENZIALE PUBBLICA"},"geometry":{"type":"Point","coordinates":[13.353642,38.145707]}},{"type":"Feature","properties":{"nome":"VIA CIRRINCIONE ANDREA 69","categoria":"Unità abitativa","tipo":"EDILIZIA RESIDENZIALE PUBBLICA"},"geometry":{"type":"Point","coordinates":[13.353819,38.145438]}},{"type":"Feature","properties":{"nome":"VIA MONGITORE ANTONINO 7","categoria":"Unità abitativa","tipo":"EDILIZIA RESIDENZIALE PUBBLICA"},"geometry":{"type":"Point","coordinates":[13.357355,38.110771]}},{"type":"Feature","properties":{"nome":"VLO S.ANTONIO PIAZZA TEDESCHI 4","categoria":"Unità abitativa","tipo":"EDILIZIA RESIDENZIALE PUBBLICA"},"geometry":{"type":"Point","coordinates":[13.35786,38.111019]}},{"type":"Feature","properties":{"nome":"VLO FORNO AL PALAZZO REALE 10","categoria":"Unità abitativa","tipo":"EDILIZIA RESIDENZIALE PUBBLICA"},"geometry":{"type":"Point","coordinates":[13.356243,38.110796]}},{"type":"Feature","properties":{"nome":"VIA SS.CROCIFISSO 10","categoria":"Unità abitativa","tipo":"EDILIZIA RESIDENZIALE PUBBLICA"},"geometry":{"type":"Point","coordinates":[13.356649,38.110497]}},{"type":"Feature","properties":{"nome":"VICOLO PIETA' A PALAZZO REALE 8","categoria":"Unità abitativa","tipo":"EDILIZIA RESIDENZIALE PUBBLICA"},"geometry":{"type":"Point","coordinates":[13.360644,38.111287]}},{"type":"Feature","properties":{"nome":"CORTILE MANGANO 1/A","categoria":"Unità abitativa","tipo":"EDILIZIA RESIDENZIALE PUBBLICA"},"geometry":{"type":"Point","coordinates":[13.354449,38.116868]}},{"type":"Feature","properties":{"nome":"CORTILE MANGANO 1/B","categoria":"Unità abitativa","tipo":"EDILIZIA RESIDENZIALE PUBBLICA"},"geometry":{"type":"Point","coordinates":[13.354449,38.116868]}},{"type":"Feature","properties":{"nome":"CORTILE MANGANO 1/C","categoria":"Unità abitativa","tipo":"EDILIZIA RESIDENZIALE PUBBLICA"},"geometry":{"type":"Point","coordinates":[13.354449,38.116868]}},{"type":"Feature","properties":{"nome":"CLE ECCE HOMO (V S.AGOSTINO) 1","categoria":"Unità abitativa","tipo":"EDILIZIA RESIDENZIALE PUBBLICA"},"geometry":{"type":"Point","coordinates":[13.354857,38.117662]}},{"type":"Feature","properties":{"nome":"CLE ECCE HOMO (V S.AGOSTINO) 3","categoria":"Unità abitativa","tipo":"EDILIZIA RESIDENZIALE PUBBLICA"},"geometry":{"type":"Point","coordinates":[13.354894,38.117559]}},{"type":"Feature","properties":{"nome":"VIA BEATI PAOLI 79","categoria":"Unità abitativa","tipo":"EDILIZIA RESIDENZIALE PUBBLICA"},"geometry":{"type":"Point","coordinates":[13.354994,38.117461]}},{"type":"Feature","properties":{"nome":"CORTILE DELLE SPIGHE 3","categoria":"Unità abitativa","tipo":"EDILIZIA RESIDENZIALE PUBBLICA"},"geometry":{"type":"Point","coordinates":[13.355066,38.117324]}},{"type":"Feature","properties":{"nome":"SALITA DEL BANDITORE 6","categoria":"Unità abitativa","tipo":"EDILIZIA RESIDENZIALE PUBBLICA"},"geometry":{"type":"Point","coordinates":[13.358035,38.111521]}},{"type":"Feature","properties":{"nome":"SALITA DELL'OSPEDALE 5","categoria":"Unità abitativa","tipo":"EDILIZIA RESIDENZIALE PUBBLICA"},"geometry":{"type":"Point","coordinates":[13.357726,38.111866]}},{"type":"Feature","properties":{"nome":"SALITA DELL'OSPEDALE 9","categoria":"Unità abitativa","tipo":"EDILIZIA RESIDENZIALE PUBBLICA"},"geometry":{"type":"Point","coordinates":[13.357726,38.111866]}},{"type":"Feature","properties":{"nome":"SALITA DELL'OSPEDALE 15","categoria":"Unità abitativa","tipo":"EDILIZIA RESIDENZIALE PUBBLICA"},"geometry":{"type":"Point","coordinates":[13.357726,38.111866]}},{"type":"Feature","properties":{"nome":"VIA DELLE BALATE 1","categoria":"Unità abitativa","tipo":"EDILIZIA RESIDENZIALE PUBBLICA"},"geometry":{"type":"Point","coordinates":[13.357253,38.111045]}},{"type":"Feature","properties":{"nome":"VIA S.ALESSANDRO 21","categoria":"Unità abitativa","tipo":"EDILIZIA RESIDENZIALE PUBBLICA"},"geometry":{"type":"Point","coordinates":[13.36485,38.121056]}},{"type":"Feature","properties":{"nome":"VIA CAPPUCCINELLE 80","categoria":"Unità abitativa","tipo":"EDILIZIA RESIDENZIALE PUBBLICA"},"geometry":{"type":"Point","coordinates":[13.352275,38.116085]}},{"type":"Feature","properties":{"nome":"VIA CAPPUCCINELLE 82","categoria":"Unità abitativa","tipo":"EDILIZIA RESIDENZIALE PUBBLICA"},"geometry":{"type":"Point","coordinates":[13.352247,38.116069]}},{"type":"Feature","properties":{"nome":"VIA PAPIRETO 34","categoria":"Unità abitativa","tipo":"EDILIZIA RESIDENZIALE PUBBLICA"},"geometry":{"type":"Point","coordinates":[13.352363,38.116006]}},{"type":"Feature","properties":{"nome":"VICOLO MAZZARESI 8","categoria":"Unità abitativa","tipo":"EDILIZIA RESIDENZIALE PUBBLICA"},"geometry":{"type":"Point","coordinates":[13.371851,38.116049]}},{"type":"Feature","properties":{"nome":"VICOLO MAZZARESI 13/18","categoria":"Unità abitativa","tipo":"EDILIZIA RESIDENZIALE PUBBLICA"},"geometry":{"type":"Point","coordinates":[13.371851,38.116049]}},{"type":"Feature","properties":{"nome":"VICOLO MAZZARESI 138","categoria":"Unità abitativa","tipo":"EDILIZIA RESIDENZIALE PUBBLICA"},"geometry":{"type":"Point","coordinates":[13.371851,38.116049]}},{"type":"Feature","properties":{"nome":"VIA BERGAMINI CARLO AMM. 18","categoria":"Unità abitativa","tipo":"EDILIZIA RESIDENZIALE PUBBLICA"},"geometry":{"type":"Point","coordinates":[13.348779,38.094271]}},{"type":"Feature","properties":{"nome":"DISCESA DEI BIANCHI 4","categoria":"Unità abitativa","tipo":"EDILIZIA RESIDENZIALE PUBBLICA"},"geometry":{"type":"Point","coordinates":[13.371798,38.116093]}},{"type":"Feature","properties":{"nome":"DISCESA DEI BIANCHI 6","categoria":"Unità abitativa","tipo":"EDILIZIA RESIDENZIALE PUBBLICA"},"geometry":{"type":"Point","coordinates":[13.371798,38.116093]}},{"type":"Feature","properties":{"nome":"VIA DEL PAPPAGALLO 12","categoria":"Unità abitativa","tipo":"EDILIZIA RESIDENZIALE PUBBLICA"},"geometry":{"type":"Point","coordinates":[13.369037,38.116338]}},{"type":"Feature","properties":{"nome":"VIA DEL PAPPAGALLO 14","categoria":"Unità abitativa","tipo":"EDILIZIA RESIDENZIALE PUBBLICA"},"geometry":{"type":"Point","coordinates":[13.369037,38.116338]}},{"type":"Feature","properties":{"nome":"VIA DEL PAPPAGALLO 6","categoria":"Unità abitativa","tipo":"EDILIZIA RESIDENZIALE PUBBLICA"},"geometry":{"type":"Point","coordinates":[13.369225,38.116196]}},{"type":"Feature","properties":{"nome":"VIA DEL PAPPAGALLO 2","categoria":"Unità abitativa","tipo":"EDILIZIA RESIDENZIALE PUBBLICA"},"geometry":{"type":"Point","coordinates":[13.369225,38.116196]}},{"type":"Feature","properties":{"nome":"VIA ALLORO 87","categoria":"Unità abitativa","tipo":"EDILIZIA RESIDENZIALE PUBBLICA"},"geometry":{"type":"Point","coordinates":[13.369132,38.116081]}},{"type":"Feature","properties":{"nome":"VICOLO DI BLASI 3","categoria":"Unità abitativa","tipo":"EDILIZIA RESIDENZIALE PUBBLICA"},"geometry":{"type":"Point","coordinates":[13.369132,38.116081]}},{"type":"Feature","properties":{"nome":"VICOLO DI BLASI 5","categoria":"Unità abitativa","tipo":"EDILIZIA RESIDENZIALE PUBBLICA"},"geometry":{"type":"Point","coordinates":[13.369132,38.116081]}},{"type":"Feature","properties":{"nome":"VICOLO DI BLASI 7","categoria":"Unità abitativa","tipo":"EDILIZIA RESIDENZIALE PUBBLICA"},"geometry":{"type":"Point","coordinates":[13.369132,38.116081]}},{"type":"Feature","properties":{"nome":"VICOLO DI BLASI 9","categoria":"Unità abitativa","tipo":"EDILIZIA RESIDENZIALE PUBBLICA"},"geometry":{"type":"Point","coordinates":[13.369132,38.116081]}},{"type":"Feature","properties":{"nome":"VIA ALLORO 89","categoria":"Unità abitativa","tipo":"EDILIZIA RESIDENZIALE PUBBLICA"},"geometry":{"type":"Point","coordinates":[13.369132,38.116081]}},{"type":"Feature","properties":{"nome":"VIA DEL PAPPAGALLO 4","categoria":"Unità abitativa","tipo":"EDILIZIA RESIDENZIALE PUBBLICA"},"geometry":{"type":"Point","coordinates":[13.369225,38.116196]}},{"type":"Feature","properties":{"nome":"VIA SCOPARI 10","categoria":"Unità abitativa","tipo":"EDILIZIA RESIDENZIALE PUBBLICA"},"geometry":{"type":"Point","coordinates":[13.370843,38.117156]}},{"type":"Feature","properties":{"nome":"VIA BEATI PAOLI 59/65","categoria":"Unità abitativa","tipo":"EDILIZIA RESIDENZIALE PUBBLICA"},"geometry":{"type":"Point","coordinates":[13.355123,38.117197]}},{"type":"Feature","properties":{"nome":"VIA BEATI PAOLI 65","categoria":"Unità abitativa","tipo":"EDILIZIA RESIDENZIALE PUBBLICA"},"geometry":{"type":"Point","coordinates":[13.355123,38.117197]}},{"type":"Feature","properties":{"nome":"VIA BEATI PAOLI 43","categoria":"Unità abitativa","tipo":"EDILIZIA RESIDENZIALE PUBBLICA"},"geometry":{"type":"Point","coordinates":[13.355197,38.116995]}},{"type":"Feature","properties":{"nome":"VIA BEATI PAOLI 37","categoria":"Unità abitativa","tipo":"EDILIZIA RESIDENZIALE PUBBLICA"},"geometry":{"type":"Point","coordinates":[13.355253,38.116821]}},{"type":"Feature","properties":{"nome":"VICOLO DEGLI ORFANI 8","categoria":"Unità abitativa","tipo":"EDILIZIA RESIDENZIALE PUBBLICA"},"geometry":{"type":"Point","coordinates":[13.355278,38.117245]}},{"type":"Feature","properties":{"nome":"VICOLO DEGLI ORFANI 28","categoria":"Unità abitativa","tipo":"EDILIZIA RESIDENZIALE PUBBLICA"},"geometry":{"type":"Point","coordinates":[13.355229,38.117693]}},{"type":"Feature","properties":{"nome":"CLE ECCE HOMO (V S.AGOSTINO) 15","categoria":"Unità abitativa","tipo":"EDILIZIA RESIDENZIALE PUBBLICA"},"geometry":{"type":"Point","coordinates":[13.355071,38.117676]}},{"type":"Feature","properties":{"nome":"PIAZZALE CASTRONOVO 4","categoria":"Unità abitativa","tipo":"EDILIZIA RESIDENZIALE PUBBLICA"},"geometry":{"type":"Point","coordinates":[13.294805,38.136152]}},{"type":"Feature","properties":{"nome":"VIA HAZON AZOLINO 18","categoria":"Unità abitativa","tipo":"EDILIZIA RESIDENZIALE PUBBLICA"},"geometry":{"type":"Point","coordinates":[13.384783,38.095625]}},{"type":"Feature","properties":{"nome":"P.LE S.ANNA FRATELLI 8","categoria":"Unità abitativa","tipo":"EDILIZIA RESIDENZIALE PUBBLICA"},"geometry":{"type":"Point","coordinates":[13.386498,38.10471]}},{"type":"Feature","properties":{"nome":"VIA FARDELLA ENRICO 2","categoria":"Unità abitativa","tipo":"EDILIZIA RESIDENZIALE PUBBLICA"},"geometry":{"type":"Point","coordinates":[13.386498,38.10471]}},{"type":"Feature","properties":{"nome":"VIA CORRAO GIOVANNI 12","categoria":"Unità abitativa","tipo":"EDILIZIA RESIDENZIALE PUBBLICA"},"geometry":{"type":"Point","coordinates":[13.385823,38.104489]}},{"type":"Feature","properties":{"nome":"VIA QUADRIO MAURIZIO 1","categoria":"Unità abitativa","tipo":"EDILIZIA RESIDENZIALE PUBBLICA"},"geometry":{"type":"Point","coordinates":[13.384079,38.102168]}},{"type":"Feature","properties":{"nome":"VIA QUADRIO MAURIZIO 7","categoria":"Unità abitativa","tipo":"EDILIZIA RESIDENZIALE PUBBLICA"},"geometry":{"type":"Point","coordinates":[13.384079,38.102168]}},{"type":"Feature","properties":{"nome":"2","categoria":"Unità abitativa","tipo":"EDILIZIA RESIDENZIALE PUBBLICA"},"geometry":{"type":"Point","coordinates":[13.385299,38.102686]}},{"type":"Feature","properties":{"nome":"8","categoria":"Unità abitativa","tipo":"EDILIZIA RESIDENZIALE PUBBLICA"},"geometry":{"type":"Point","coordinates":[13.384583,38.102981]}},{"type":"Feature","properties":{"nome":"DISCESA DELL'ETERNITA' 1","categoria":"Unità abitativa","tipo":"EDILIZIA RESIDENZIALE PUBBLICA"},"geometry":{"type":"Point","coordinates":[13.354893,38.117043]}},{"type":"Feature","properties":{"nome":"VIALE COTTOLENGO 19","categoria":"Unità abitativa","tipo":"EDILIZIA RESIDENZIALE PUBBLICA"},"geometry":{"type":"Point","coordinates":[13.324106,38.168542]}},{"type":"Feature","properties":{"nome":"VIALE COTTOLENGO 9","categoria":"Unità abitativa","tipo":"EDILIZIA RESIDENZIALE PUBBLICA"},"geometry":{"type":"Point","coordinates":[13.324106,38.168542]}},{"type":"Feature","properties":{"nome":"LARGO S.FILARETE 2","categoria":"Unità abitativa","tipo":"EDILIZIA RESIDENZIALE PUBBLICA"},"geometry":{"type":"Point","coordinates":[13.324943,38.169472]}},{"type":"Feature","properties":{"nome":"LARGO S.FILARETE 6","categoria":"Unità abitativa","tipo":"EDILIZIA RESIDENZIALE PUBBLICA"},"geometry":{"type":"Point","coordinates":[13.324894,38.169069]}},{"type":"Feature","properties":{"nome":"LARGO S.FILARETE 7","categoria":"Unità abitativa","tipo":"EDILIZIA RESIDENZIALE PUBBLICA"},"geometry":{"type":"Point","coordinates":[13.324704,38.168997]}},{"type":"Feature","properties":{"nome":"LARGO S.FILARETE 4","categoria":"Unità abitativa","tipo":"EDILIZIA RESIDENZIALE PUBBLICA"},"geometry":{"type":"Point","coordinates":[13.325265,38.169037]}},{"type":"Feature","properties":{"nome":"LARGO S.FILARETE 5","categoria":"Unità abitativa","tipo":"EDILIZIA RESIDENZIALE PUBBLICA"},"geometry":{"type":"Point","coordinates":[13.325265,38.169037]}},{"type":"Feature","properties":{"nome":"VIA FRATE UMILE DA PETRALIA 1","categoria":"Unità abitativa","tipo":"EDILIZIA RESIDENZIALE PUBBLICA"},"geometry":{"type":"Point","coordinates":[13.324672,38.170325]}},{"type":"Feature","properties":{"nome":"VIALE DELLA RESURREZIONE 48","categoria":"Unità abitativa","tipo":"EDILIZIA RESIDENZIALE PUBBLICA"},"geometry":{"type":"Point","coordinates":[13.324792,38.169791]}},{"type":"Feature","properties":{"nome":"VIALE COTTOLENGO 22","categoria":"Unità abitativa","tipo":"EDILIZIA RESIDENZIALE PUBBLICA"},"geometry":{"type":"Point","coordinates":[13.324563,38.168172]}},{"type":"Feature","properties":{"nome":"VIALE COTTOLENGO 26","categoria":"Unità abitativa","tipo":"EDILIZIA RESIDENZIALE PUBBLICA"},"geometry":{"type":"Point","coordinates":[13.324563,38.168172]}},{"type":"Feature","properties":{"nome":"VIALE COTTOLENGO 30","categoria":"Unità abitativa","tipo":"EDILIZIA RESIDENZIALE PUBBLICA"},"geometry":{"type":"Point","coordinates":[13.324563,38.168172]}},{"type":"Feature","properties":{"nome":"VIALE COTTOLENGO 38","categoria":"Unità abitativa","tipo":"EDILIZIA RESIDENZIALE PUBBLICA"},"geometry":{"type":"Point","coordinates":[13.324563,38.168172]}},{"type":"Feature","properties":{"nome":"VIALE COTTOLENGO 40","categoria":"Unità abitativa","tipo":"EDILIZIA RESIDENZIALE PUBBLICA"},"geometry":{"type":"Point","coordinates":[13.324059,38.167694]}},{"type":"Feature","properties":{"nome":"VIA FLORIO 73","categoria":"Unità abitativa","tipo":"EDILIZIA RESIDENZIALE PUBBLICA"},"geometry":{"type":"Point","coordinates":[13.322722,38.167349]}},{"type":"Feature","properties":{"nome":"VIALE COTTOLENGO 23","categoria":"Unità abitativa","tipo":"EDILIZIA RESIDENZIALE PUBBLICA"},"geometry":{"type":"Point","coordinates":[13.32365,38.167725]}},{"type":"Feature","properties":{"nome":"VIALE COTTOLENGO 29","categoria":"Unità abitativa","tipo":"EDILIZIA RESIDENZIALE PUBBLICA"},"geometry":{"type":"Point","coordinates":[13.323435,38.167414]}},{"type":"Feature","properties":{"nome":"VIALE COTTOLENGO 31","categoria":"Unità abitativa","tipo":"EDILIZIA RESIDENZIALE PUBBLICA"},"geometry":{"type":"Point","coordinates":[13.323435,38.167414]}},{"type":"Feature","properties":{"nome":"VIA CAPIZZI IGNAZIO VENERABILE 7","categoria":"Unità abitativa","tipo":"EDILIZIA RESIDENZIALE PUBBLICA"},"geometry":{"type":"Point","coordinates":[13.322807,38.167837]}},{"type":"Feature","properties":{"nome":"LARGO S.BENEDETTO ABATE 2","categoria":"Unità abitativa","tipo":"EDILIZIA RESIDENZIALE PUBBLICA"},"geometry":{"type":"Point","coordinates":[13.323307,38.16803]}},{"type":"Feature","properties":{"nome":"LARGO S.BENEDETTO ABATE 5","categoria":"Unità abitativa","tipo":"EDILIZIA RESIDENZIALE PUBBLICA"},"geometry":{"type":"Point","coordinates":[13.323307,38.16803]}},{"type":"Feature","properties":{"nome":"LARGO S.BENEDETTO ABATE 7","categoria":"Unità abitativa","tipo":"EDILIZIA RESIDENZIALE PUBBLICA"},"geometry":{"type":"Point","coordinates":[13.32365,38.167725]}},{"type":"Feature","properties":{"nome":"LARGO S.BENEDETTO ABATE 9","categoria":"Unità abitativa","tipo":"EDILIZIA RESIDENZIALE PUBBLICA"},"geometry":{"type":"Point","coordinates":[13.32365,38.167725]}},{"type":"Feature","properties":{"nome":"LARGO S.BENEDETTO ABATE 12","categoria":"Unità abitativa","tipo":"EDILIZIA RESIDENZIALE PUBBLICA"},"geometry":{"type":"Point","coordinates":[13.32365,38.167725]}},{"type":"Feature","properties":{"nome":"VIA SS.CROCIFISSO 18","categoria":"Unità abitativa","tipo":"EDILIZIA RESIDENZIALE PUBBLICA"},"geometry":{"type":"Point","coordinates":[13.356498,38.110655]}},{"type":"Feature","properties":{"nome":"VLO FORNO AL PALAZZO REALE 2","categoria":"Unità abitativa","tipo":"EDILIZIA RESIDENZIALE PUBBLICA"},"geometry":{"type":"Point","coordinates":[13.3564,38.110825]}},{"type":"Feature","properties":{"nome":"VIA SS.CROCIFISSO 24","categoria":"Unità abitativa","tipo":"EDILIZIA RESIDENZIALE PUBBLICA"},"geometry":{"type":"Point","coordinates":[13.3564,38.110825]}},{"type":"Feature","properties":{"nome":"VLO FORNO AL PALAZZO REALE 28","categoria":"Unità abitativa","tipo":"EDILIZIA RESIDENZIALE PUBBLICA"},"geometry":{"type":"Point","coordinates":[13.356005,38.110604]}},{"type":"Feature","properties":{"nome":"VLO FORNO AL PALAZZO REALE 18","categoria":"Unità abitativa","tipo":"EDILIZIA RESIDENZIALE PUBBLICA"},"geometry":{"type":"Point","coordinates":[13.356112,38.110713]}},{"type":"Feature","properties":{"nome":"VIA MONGITORE ANTONINO 3","categoria":"Unità abitativa","tipo":"EDILIZIA RESIDENZIALE PUBBLICA"},"geometry":{"type":"Point","coordinates":[13.35786,38.111019]}},{"type":"Feature","properties":{"nome":"SALITA DEL BANDITORE 19","categoria":"Unità abitativa","tipo":"EDILIZIA RESIDENZIALE PUBBLICA"},"geometry":{"type":"Point","coordinates":[13.35786,38.111019]}},{"type":"Feature","properties":{"nome":"VIA DELLE BALATE 19","categoria":"Unità abitativa","tipo":"EDILIZIA RESIDENZIALE PUBBLICA"},"geometry":{"type":"Point","coordinates":[13.356825,38.110989]}},{"type":"Feature","properties":{"nome":"VIA CADORNA LUIGI GEN. 27","categoria":"Unità abitativa","tipo":"EDILIZIA RESIDENZIALE PUBBLICA"},"geometry":{"type":"Point","coordinates":[13.355949,38.11046]}},{"type":"Feature","properties":{"nome":"VIA MONGITORE ANTONINO 5","categoria":"Unità abitativa","tipo":"EDILIZIA RESIDENZIALE PUBBLICA"},"geometry":{"type":"Point","coordinates":[13.35786,38.111019]}},{"type":"Feature","properties":{"nome":"VIA MONGITORE ANTONINO 1B","categoria":"Unità abitativa","tipo":"EDILIZIA RESIDENZIALE PUBBLICA"},"geometry":{"type":"Point","coordinates":[13.358391,38.111133]}},{"type":"Feature","properties":{"nome":"VIA MONGITORE ANTONINO 1","categoria":"Unità abitativa","tipo":"EDILIZIA RESIDENZIALE PUBBLICA"},"geometry":{"type":"Point","coordinates":[13.358391,38.111133]}},{"type":"Feature","properties":{"nome":"VIA LA GUMINA FRATELLI 2/B","categoria":"Unità abitativa","tipo":"EDILIZIA RESIDENZIALE PUBBLICA"},"geometry":{"type":"Point","coordinates":[13.358391,38.111133]}},{"type":"Feature","properties":{"nome":"SALITA DEL BANDITORE 8","categoria":"Unità abitativa","tipo":"EDILIZIA RESIDENZIALE PUBBLICA"},"geometry":{"type":"Point","coordinates":[13.358391,38.111133]}},{"type":"Feature","properties":{"nome":"VICOLO MASSI 2","categoria":"Unità abitativa","tipo":"EDILIZIA RESIDENZIALE PUBBLICA"},"geometry":{"type":"Point","coordinates":[13.357355,38.110771]}},{"type":"Feature","properties":{"nome":"VICOLO MASSI 6","categoria":"Unità abitativa","tipo":"EDILIZIA RESIDENZIALE PUBBLICA"},"geometry":{"type":"Point","coordinates":[13.357355,38.110771]}},{"type":"Feature","properties":{"nome":"VIA DELLE BALATE 2","categoria":"Unità abitativa","tipo":"EDILIZIA RESIDENZIALE PUBBLICA"},"geometry":{"type":"Point","coordinates":[13.357355,38.110771]}},{"type":"Feature","properties":{"nome":"P.LE PRIZZI 2","categoria":"Unità abitativa","tipo":"EDILIZIA RESIDENZIALE PUBBLICA"},"geometry":{"type":"Point","coordinates":[13.295665,38.134514]}},{"type":"Feature","properties":{"nome":"VIA IMPASTATO FELICIA 2","categoria":"Unità abitativa","tipo":"EDILIZIA RESIDENZIALE PUBBLICA"},"geometry":{"type":"Point","coordinates":[13.364193,38.084398]}},{"type":"Feature","properties":{"nome":"VIA BERGAMINI CARLO AMM. 20","categoria":"Unità abitativa","tipo":"EDILIZIA RESIDENZIALE PUBBLICA"},"geometry":{"type":"Point","coordinates":[13.348779,38.094271]}},{"type":"Feature","properties":{"nome":"VIA DI GIOVANNI LUIGI 1","categoria":"Unità abitativa","tipo":"EDILIZIA RESIDENZIALE PUBBLICA"},"geometry":{"type":"Point","coordinates":[13.402072,38.079302]}},{"type":"Feature","properties":{"nome":"VIA DI GIOVANNI LUIGI 3","categoria":"Unità abitativa","tipo":"EDILIZIA RESIDENZIALE PUBBLICA"},"geometry":{"type":"Point","coordinates":[13.402072,38.079302]}},{"type":"Feature","properties":{"nome":"VIA BOZZO STEFANO VITTORIO 10","categoria":"Unità abitativa","tipo":"EDILIZIA RESIDENZIALE PUBBLICA"},"geometry":{"type":"Point","coordinates":[13.402072,38.079302]}},{"type":"Feature","properties":{"nome":"VIA BOZZO STEFANO VITTORIO 20","categoria":"Unità abitativa","tipo":"EDILIZIA RESIDENZIALE PUBBLICA"},"geometry":{"type":"Point","coordinates":[13.402072,38.079302]}},{"type":"Feature","properties":{"nome":"VIA BOZZO STEFANO VITTORIO 28","categoria":"Unità abitativa","tipo":"EDILIZIA RESIDENZIALE PUBBLICA"},"geometry":{"type":"Point","coordinates":[13.402072,38.079302]}},{"type":"Feature","properties":{"nome":"VIA BOZZO STEFANO VITTORIO 26","categoria":"Unità abitativa","tipo":"EDILIZIA RESIDENZIALE PUBBLICA"},"geometry":{"type":"Point","coordinates":[13.402072,38.079302]}},{"type":"Feature","properties":{"nome":"VIA LENTINI ROCCO 2","categoria":"Unità abitativa","tipo":"EDILIZIA RESIDENZIALE PUBBLICA"},"geometry":{"type":"Point","coordinates":[13.401598,38.079726]}},{"type":"Feature","properties":{"nome":"VIA LENTINI ROCCO 4","categoria":"Unità abitativa","tipo":"EDILIZIA RESIDENZIALE PUBBLICA"},"geometry":{"type":"Point","coordinates":[13.401598,38.079726]}},{"type":"Feature","properties":{"nome":"VIA DI GIOVANNI LUIGI 5","categoria":"Unità abitativa","tipo":"EDILIZIA RESIDENZIALE PUBBLICA"},"geometry":{"type":"Point","coordinates":[13.401598,38.079726]}},{"type":"Feature","properties":{"nome":"VIA SIMONCINI SCAGLIONE GIOV. 18","categoria":"Unità abitativa","tipo":"EDILIZIA RESIDENZIALE PUBBLICA"},"geometry":{"type":"Point","coordinates":[13.384112,38.095366]}},{"type":"Feature","properties":{"nome":"VIA SIMONCINI SCAGLIONE GIOV. 8","categoria":"Unità abitativa","tipo":"EDILIZIA RESIDENZIALE PUBBLICA"},"geometry":{"type":"Point","coordinates":[13.384112,38.095366]}},{"type":"Feature","properties":{"nome":"VIA LENTINI ROCCO 1","categoria":"Unità abitativa","tipo":"EDILIZIA RESIDENZIALE PUBBLICA"},"geometry":{"type":"Point","coordinates":[13.401598,38.079726]}},{"type":"Feature","properties":{"nome":"VIA LENTINI ROCCO 5","categoria":"Unità abitativa","tipo":"EDILIZIA RESIDENZIALE PUBBLICA"},"geometry":{"type":"Point","coordinates":[13.401598,38.079726]}},{"type":"Feature","properties":{"nome":"VIA RAGUSA VINCENZO 2","categoria":"Unità abitativa","tipo":"EDILIZIA RESIDENZIALE PUBBLICA"},"geometry":{"type":"Point","coordinates":[13.402072,38.079302]}},{"type":"Feature","properties":{"nome":"VIA RAGUSA VINCENZO 4","categoria":"Unità abitativa","tipo":"EDILIZIA RESIDENZIALE PUBBLICA"},"geometry":{"type":"Point","coordinates":[13.402072,38.079302]}},{"type":"Feature","properties":{"nome":"VICOLO SPAGNA (1) 5","categoria":"Unità abitativa","tipo":"EDILIZIA RESIDENZIALE PUBBLICA"},"geometry":{"type":"Point","coordinates":[13.358086,38.111755]}},{"type":"Feature","properties":{"nome":"VIA CERVELLO NICOLO' 55","categoria":"Unità abitativa","tipo":"EDILIZIA RESIDENZIALE PUBBLICA"},"geometry":{"type":"Point","coordinates":[13.374068,38.114447]}},{"type":"Feature","properties":{"nome":"VIA CERVELLO NICOLO' 70","categoria":"Unità abitativa","tipo":"EDILIZIA RESIDENZIALE PUBBLICA"},"geometry":{"type":"Point","coordinates":[13.374219,38.114504]}},{"type":"Feature","properties":{"nome":"VIA ALLORO 95","categoria":"Unità abitativa","tipo":"EDILIZIA RESIDENZIALE PUBBLICA"},"geometry":{"type":"Point","coordinates":[13.368858,38.116089]}},{"type":"Feature","properties":{"nome":"VIA IMPASTATO FELICIA 1","categoria":"Unità abitativa","tipo":"EDILIZIA RESIDENZIALE PUBBLICA"},"geometry":{"type":"Point","coordinates":[13.365234,38.085435]}},{"type":"Feature","properties":{"nome":"VICOLO SPAGNA (1) 7","categoria":"Unità abitativa","tipo":"EDILIZIA RESIDENZIALE PUBBLICA"},"geometry":{"type":"Point","coordinates":[13.358086,38.111755]}},{"type":"Feature","properties":{"nome":"VIA CASSARI 25","categoria":"Unità abitativa","tipo":"EDILIZIA RESIDENZIALE PUBBLICA"},"geometry":{"type":"Point","coordinates":[13.366312,38.118581]}},{"type":"Feature","properties":{"nome":"PZZA SS.XL MARTIRI ALLA GUILLA 02/03/2026","categoria":"Unità abitativa","tipo":"EDILIZIA RESIDENZIALE PUBBLICA"},"geometry":{"type":"Point","coordinates":[13.355545,38.115936]}},{"type":"Feature","properties":{"nome":"VIA GIOENI 11","categoria":"Unità abitativa","tipo":"EDILIZIA RESIDENZIALE PUBBLICA"},"geometry":{"type":"Point","coordinates":[13.355281,38.115673]}},{"type":"Feature","properties":{"nome":"VIA GIOENI 13","categoria":"Unità abitativa","tipo":"EDILIZIA RESIDENZIALE PUBBLICA"},"geometry":{"type":"Point","coordinates":[13.355281,38.115673]}},{"type":"Feature","properties":{"nome":"VIA CHIAVETTIERI 21","categoria":"Unità abitativa","tipo":"EDILIZIA RESIDENZIALE PUBBLICA"},"geometry":{"type":"Point","coordinates":[13.366405,38.118064]}},{"type":"Feature","properties":{"nome":"VIA CIANCIOLO FRATELLI 12","categoria":"Edificio","tipo":"EDILIZIA RESIDENZIALE PUBBLICA"},"geometry":{"type":"Point","coordinates":[13.3655,38.120097]}},{"type":"Feature","properties":{"nome":"VIA GARIBALDI 8","categoria":"Unità abitativa","tipo":"EDILIZIA RESIDENZIALE PUBBLICA"},"geometry":{"type":"Point","coordinates":[13.367258,38.112294]}},{"type":"Feature","properties":{"nome":"VIA LI BASSI GIUSEPPE 4","categoria":"Unità abitativa","tipo":"EDILIZIA RESIDENZIALE PUBBLICA"},"geometry":{"type":"Point","coordinates":[13.353342,38.102392]}},{"type":"Feature","properties":{"nome":"VIA LI BASSI GIUSEPPE 6","categoria":"Unità abitativa","tipo":"EDILIZIA RESIDENZIALE PUBBLICA"},"geometry":{"type":"Point","coordinates":[13.353342,38.102392]}},{"type":"Feature","properties":{"nome":"VIA LI BASSI GIUSEPPE 8","categoria":"Unità abitativa","tipo":"EDILIZIA RESIDENZIALE PUBBLICA"},"geometry":{"type":"Point","coordinates":[13.353342,38.102392]}},{"type":"Feature","properties":{"nome":"RUA FORMAGGI 28","categoria":"Unità abitativa","tipo":"EDILIZIA RESIDENZIALE PUBBLICA"},"geometry":{"type":"Point","coordinates":[13.360537,38.113259]}},{"type":"Feature","properties":{"nome":"VICOLO DI GREGORIO 6","categoria":"Unità abitativa","tipo":"EDILIZIA RESIDENZIALE PUBBLICA"},"geometry":{"type":"Point","coordinates":[13.35382,38.078938]}},{"type":"Feature","properties":{"nome":"VICOLO DI GREGORIO 4","categoria":"Unità abitativa","tipo":"EDILIZIA RESIDENZIALE PUBBLICA"},"geometry":{"type":"Point","coordinates":[13.35382,38.078938]}},{"type":"Feature","properties":{"nome":"VICOLO DI GREGORIO 8","categoria":"Unità abitativa","tipo":"EDILIZIA RESIDENZIALE PUBBLICA"},"geometry":{"type":"Point","coordinates":[13.353398,38.078726]}},{"type":"Feature","properties":{"nome":"VIA ALIA 14","categoria":"Unità abitativa","tipo":"EDILIZIA RESIDENZIALE PUBBLICA"},"geometry":{"type":"Point","coordinates":[13.294561,38.133191]}},{"type":"Feature","properties":{"nome":"VIA BERGAMINI CARLO AMM. 22","categoria":"Unità abitativa","tipo":"EDILIZIA RESIDENZIALE PUBBLICA"},"geometry":{"type":"Point","coordinates":[13.348779,38.094271]}},{"type":"Feature","properties":{"nome":"VIA VANVITELLI LUIGI 29","categoria":"Unità abitativa","tipo":"EDILIZIA RESIDENZIALE PUBBLICA"},"geometry":{"type":"Point","coordinates":[13.316172,38.143741]}},{"type":"Feature","properties":{"nome":"VIA MATERASSAI 44","categoria":"Unità abitativa","tipo":"EDILIZIA RESIDENZIALE PUBBLICA"},"geometry":{"type":"Point","coordinates":[13.364837,38.11872]}},{"type":"Feature","properties":{"nome":"VIA HASSAN EMIRO 16","categoria":"Unità abitativa","tipo":"EDILIZIA RESIDENZIALE PUBBLICA"},"geometry":{"type":"Point","coordinates":[13.391337,38.100278]}},{"type":"Feature","properties":{"nome":"VIA BANDIERA 34","categoria":"Unità abitativa","tipo":"EDILIZIA RESIDENZIALE PUBBLICA"},"geometry":{"type":"Point","coordinates":[13.361541,38.118318]}},{"type":"Feature","properties":{"nome":"VIA ALLORO 71","categoria":"Unità abitativa","tipo":"EDILIZIA RESIDENZIALE PUBBLICA"},"geometry":{"type":"Point","coordinates":[13.369733,38.116395]}},{"type":"Feature","properties":{"nome":"VIA EUGENIO L'EMIRO 38","categoria":"Unità abitativa","tipo":"EDILIZIA RESIDENZIALE PUBBLICA"},"geometry":{"type":"Point","coordinates":[13.338232,38.114156]}},{"type":"Feature","properties":{"nome":"VIA CASTELLUCCIO IDA 10","categoria":"Unità abitativa","tipo":"EDILIZIA RESIDENZIALE PUBBLICA"},"geometry":{"type":"Point","coordinates":[13.337854,38.113686]}},{"type":"Feature","properties":{"nome":"VIA CASTELLUCCIO IDA 23","categoria":"Unità abitativa","tipo":"EDILIZIA RESIDENZIALE PUBBLICA"},"geometry":{"type":"Point","coordinates":[13.337369,38.113588]}},{"type":"Feature","properties":{"nome":"VIA CASTELLUCCIO IDA 13","categoria":"Unità abitativa","tipo":"EDILIZIA RESIDENZIALE PUBBLICA"},"geometry":{"type":"Point","coordinates":[13.337369,38.113588]}},{"type":"Feature","properties":{"nome":"VIA EUGENIO L'EMIRO 76","categoria":"Unità abitativa","tipo":"EDILIZIA RESIDENZIALE PUBBLICA"},"geometry":{"type":"Point","coordinates":[13.336998,38.11381]}},{"type":"Feature","properties":{"nome":"VIA EUGENIO L'EMIRO 86","categoria":"Unità abitativa","tipo":"EDILIZIA RESIDENZIALE PUBBLICA"},"geometry":{"type":"Point","coordinates":[13.336998,38.11381]}},{"type":"Feature","properties":{"nome":"VICOLO TUNISI 4","categoria":"Unità abitativa","tipo":"EDILIZIA RESIDENZIALE PUBBLICA"},"geometry":{"type":"Point","coordinates":[13.353449,38.120388]}},{"type":"Feature","properties":{"nome":"VIA LORENZINI CARLO COLLODI 4","categoria":"Unità abitativa","tipo":"EDILIZIA RESIDENZIALE PUBBLICA"},"geometry":{"type":"Point","coordinates":[13.291277,38.186971]}},{"type":"Feature","properties":{"nome":"VIA CIRINCIONE GIUSEPPE 64","categoria":"Unità abitativa","tipo":"EDILIZIA RESIDENZIALE PUBBLICA"},"geometry":{"type":"Point","coordinates":[13.392022,38.097823]}},{"type":"Feature","properties":{"nome":"VIA EUGENIO L'EMIRO 98","categoria":"Unità abitativa","tipo":"EDILIZIA RESIDENZIALE PUBBLICA"},"geometry":{"type":"Point","coordinates":[13.336998,38.11381]}},{"type":"Feature","properties":{"nome":"VIA AGOSTINO ANTONINO 12","categoria":"Unità abitativa","tipo":"EDILIZIA RESIDENZIALE PUBBLICA"},"geometry":{"type":"Point","coordinates":[13.336837,38.113407]}},{"type":"Feature","properties":{"nome":"VIA AGOSTINO ANTONINO 22","categoria":"Unità abitativa","tipo":"EDILIZIA RESIDENZIALE PUBBLICA"},"geometry":{"type":"Point","coordinates":[13.336837,38.113407]}},{"type":"Feature","properties":{"nome":"VIA ARGENTO GIOVANNI 36","categoria":"Unità abitativa","tipo":"EDILIZIA RESIDENZIALE PUBBLICA"},"geometry":{"type":"Point","coordinates":[13.3548,38.106254]}},{"type":"Feature","properties":{"nome":"VIA ARGENTO GIOVANNI 37","categoria":"Unità abitativa","tipo":"EDILIZIA RESIDENZIALE PUBBLICA"},"geometry":{"type":"Point","coordinates":[13.354367,38.105832]}},{"type":"Feature","properties":{"nome":"PIAZZA CASCINO ANTONINO GEN. 37","categoria":"Unità abitativa","tipo":"EDILIZIA RESIDENZIALE PUBBLICA"},"geometry":{"type":"Point","coordinates":[13.357739,38.144307]}},{"type":"Feature","properties":{"nome":"VIA VERNE GIULIO 9","categoria":"Unità abitativa","tipo":"EDILIZIA RESIDENZIALE PUBBLICA"},"geometry":{"type":"Point","coordinates":[13.29176,38.188587]}},{"type":"Feature","properties":{"nome":"VIA GALLETTI 257/D","categoria":"Unità abitativa","tipo":"EDILIZIA RESIDENZIALE PUBBLICA"},"geometry":{"type":"Point","coordinates":[13.431558,38.09054]}},{"type":"Feature","properties":{"nome":"VIA SALGARI EMILIO 75","categoria":"Unità abitativa","tipo":"EDILIZIA RESIDENZIALE PUBBLICA"},"geometry":{"type":"Point","coordinates":[13.292414,38.186672]}},{"type":"Feature","properties":{"nome":"VIA DANISINNI 67","categoria":"Unità abitativa","tipo":"EDILIZIA RESIDENZIALE PUBBLICA"},"geometry":{"type":"Point","coordinates":[13.347543,38.112199]}},{"type":"Feature","properties":{"nome":"VIA CASALINI 152","categoria":"Unità abitativa","tipo":"EDILIZIA RESIDENZIALE PUBBLICA"},"geometry":{"type":"Point","coordinates":[13.313295,38.128969]}},{"type":"Feature","properties":{"nome":"P.LE PRIZZI 5","categoria":"Unità abitativa","tipo":"EDILIZIA RESIDENZIALE PUBBLICA"},"geometry":{"type":"Point","coordinates":[13.296644,38.134714]}},{"type":"Feature","properties":{"nome":"P.LE PRIZZI 8","categoria":"Unità abitativa","tipo":"EDILIZIA RESIDENZIALE PUBBLICA"},"geometry":{"type":"Point","coordinates":[13.296644,38.134714]}},{"type":"Feature","properties":{"nome":"VIA VERNE GIULIO 7","categoria":"Unità abitativa","tipo":"EDILIZIA RESIDENZIALE PUBBLICA"},"geometry":{"type":"Point","coordinates":[13.29176,38.188587]}},{"type":"Feature","properties":{"nome":"VIA VERNE GIULIO 5","categoria":"Unità abitativa","tipo":"EDILIZIA RESIDENZIALE PUBBLICA"},"geometry":{"type":"Point","coordinates":[13.29176,38.188587]}},{"type":"Feature","properties":{"nome":"VIA VERNE GIULIO 3","categoria":"Unità abitativa","tipo":"EDILIZIA RESIDENZIALE PUBBLICA"},"geometry":{"type":"Point","coordinates":[13.29176,38.188587]}},{"type":"Feature","properties":{"nome":"VICOLO MAROTTA 5","categoria":"Unità abitativa","tipo":"EDILIZIA RESIDENZIALE PUBBLICA"},"geometry":{"type":"Point","coordinates":[13.361063,38.115615]}},{"type":"Feature","properties":{"nome":"PIAZZA GRANDI ACHILLE 26","categoria":"Unità abitativa","tipo":"EDILIZIA RESIDENZIALE PUBBLICA"},"geometry":{"type":"Point","coordinates":[13.400337,38.097327]}},{"type":"Feature","properties":{"nome":"VIA TRAPASSI MARIO 5","categoria":"Unità abitativa","tipo":"EDILIZIA RESIDENZIALE PUBBLICA"},"geometry":{"type":"Point","coordinates":[13.313127,38.146505]}},{"type":"Feature","properties":{"nome":"VIA HAZON AZOLINO 65","categoria":"Unità abitativa","tipo":"EDILIZIA RESIDENZIALE PUBBLICA"},"geometry":{"type":"Point","coordinates":[13.384483,38.096609]}},{"type":"Feature","properties":{"nome":"VIA HAZON AZOLINO 51","categoria":"Unità abitativa","tipo":"EDILIZIA RESIDENZIALE PUBBLICA"},"geometry":{"type":"Point","coordinates":[13.384483,38.096609]}},{"type":"Feature","properties":{"nome":"VIA HAZON AZOLINO 40","categoria":"Unità abitativa","tipo":"EDILIZIA RESIDENZIALE PUBBLICA"},"geometry":{"type":"Point","coordinates":[13.383804,38.096418]}},{"type":"Feature","properties":{"nome":"VIA HAZON AZOLINO 46","categoria":"Unità abitativa","tipo":"EDILIZIA RESIDENZIALE PUBBLICA"},"geometry":{"type":"Point","coordinates":[13.383804,38.096418]}},{"type":"Feature","properties":{"nome":"VIA FERRARI ORSI FEDERICO 87","categoria":"Unità abitativa","tipo":"EDILIZIA RESIDENZIALE PUBBLICA"},"geometry":{"type":"Point","coordinates":[13.388542,38.099671]}},{"type":"Feature","properties":{"nome":"P.LE PRIZZI 11","categoria":"Unità abitativa","tipo":"EDILIZIA RESIDENZIALE PUBBLICA"},"geometry":{"type":"Point","coordinates":[13.296644,38.134714]}},{"type":"Feature","properties":{"nome":"VIA FERRARI ORSI FEDERICO 85","categoria":"Unità abitativa","tipo":"EDILIZIA RESIDENZIALE PUBBLICA"},"geometry":{"type":"Point","coordinates":[13.388542,38.099671]}},{"type":"Feature","properties":{"nome":"VIALE XXVII MAGGIO 6","categoria":"Unità abitativa","tipo":"EDILIZIA RESIDENZIALE PUBBLICA"},"geometry":{"type":"Point","coordinates":[13.405612,38.098297]}},{"type":"Feature","properties":{"nome":"VIA VILLAGRAZIA 197","categoria":"Unità abitativa","tipo":"EDILIZIA RESIDENZIALE PUBBLICA"},"geometry":{"type":"Point","coordinates":[13.354106,38.090806]}},{"type":"Feature","properties":{"nome":"VIA FERRARI ORSI FEDERICO 83","categoria":"Unità abitativa","tipo":"EDILIZIA RESIDENZIALE PUBBLICA"},"geometry":{"type":"Point","coordinates":[13.388667,38.100101]}},{"type":"Feature","properties":{"nome":"VIA HAZON AZOLINO 54","categoria":"Unità abitativa","tipo":"EDILIZIA RESIDENZIALE PUBBLICA"},"geometry":{"type":"Point","coordinates":[13.383804,38.096418]}},{"type":"Feature","properties":{"nome":"VIA SIMONCINI SCAGLIONE GIOV. 48","categoria":"Unità abitativa","tipo":"EDILIZIA RESIDENZIALE PUBBLICA"},"geometry":{"type":"Point","coordinates":[13.383804,38.096418]}},{"type":"Feature","properties":{"nome":"VIA SIMONCINI SCAGLIONE GIOV. 38","categoria":"Unità abitativa","tipo":"EDILIZIA RESIDENZIALE PUBBLICA"},"geometry":{"type":"Point","coordinates":[13.383804,38.096418]}},{"type":"Feature","properties":{"nome":"VIA FERRARI ORSI FEDERICO 81","categoria":"Unità abitativa","tipo":"EDILIZIA RESIDENZIALE PUBBLICA"},"geometry":{"type":"Point","coordinates":[13.388667,38.100101]}},{"type":"Feature","properties":{"nome":"VIA TOTI ENRICO 120","categoria":"Unità abitativa","tipo":"EDILIZIA RESIDENZIALE PUBBLICA"},"geometry":{"type":"Point","coordinates":[13.354232,38.106659]}},{"type":"Feature","properties":{"nome":"VIA SAVAGNONE GIUSEPPE 6","categoria":"Unità abitativa","tipo":"EDILIZIA RESIDENZIALE PUBBLICA"},"geometry":{"type":"Point","coordinates":[13.338252,38.122041]}},{"type":"Feature","properties":{"nome":"VIA CIACULLI 26","categoria":"Unità abitativa","tipo":"EDILIZIA RESIDENZIALE PUBBLICA"},"geometry":{"type":"Point","coordinates":[13.396319,38.083237]}},{"type":"Feature","properties":{"nome":"P.LE PRIZZI 12","categoria":"Unità abitativa","tipo":"EDILIZIA RESIDENZIALE PUBBLICA"},"geometry":{"type":"Point","coordinates":[13.296644,38.134714]}},{"type":"Feature","properties":{"nome":"P.LE PRIZZI 13","categoria":"Unità abitativa","tipo":"EDILIZIA RESIDENZIALE PUBBLICA"},"geometry":{"type":"Point","coordinates":[13.296644,38.134714]}},{"type":"Feature","properties":{"nome":"P.LE PRIZZI 14","categoria":"Unità abitativa","tipo":"EDILIZIA RESIDENZIALE PUBBLICA"},"geometry":{"type":"Point","coordinates":[13.296644,38.134714]}},{"type":"Feature","properties":{"nome":"VIALE REGIONE SICILIANA N.O. 106","categoria":"Unità abitativa","tipo":"EDILIZIA RESIDENZIALE PUBBLICA"},"geometry":{"type":"Point","coordinates":[13.329948,38.104]}},{"type":"Feature","properties":{"nome":"VIA HASSAN EMIRO 20","categoria":"Unità abitativa","tipo":"EDILIZIA RESIDENZIALE PUBBLICA"},"geometry":{"type":"Point","coordinates":[13.391059,38.099767]}},{"type":"Feature","properties":{"nome":"VIA SALGARI EMILIO 69","categoria":"Unità abitativa","tipo":"EDILIZIA RESIDENZIALE PUBBLICA"},"geometry":{"type":"Point","coordinates":[13.292019,38.187354]}},{"type":"Feature","properties":{"nome":"VIA CIACULLI 24","categoria":"Unità abitativa","tipo":"EDILIZIA RESIDENZIALE PUBBLICA"},"geometry":{"type":"Point","coordinates":[13.396319,38.083237]}},{"type":"Feature","properties":{"nome":"VIA CIACULLI 26A","categoria":"Unità abitativa","tipo":"EDILIZIA RESIDENZIALE PUBBLICA"},"geometry":{"type":"Point","coordinates":[13.396319,38.083237]}},{"type":"Feature","properties":{"nome":"P.LE PIRANDELLO FAUSTO 2","categoria":"Unità abitativa","tipo":"EDILIZIA RESIDENZIALE PUBBLICA"},"geometry":{"type":"Point","coordinates":[13.29453,38.135283]}},{"type":"Feature","properties":{"nome":"P.LE PIRANDELLO FAUSTO 5","categoria":"Unità abitativa","tipo":"EDILIZIA RESIDENZIALE PUBBLICA"},"geometry":{"type":"Point","coordinates":[13.29453,38.135283]}},{"type":"Feature","properties":{"nome":"VIA BERRETTARO BARTOLOMEO 34","categoria":"Unità abitativa","tipo":"EDILIZIA RESIDENZIALE PUBBLICA"},"geometry":{"type":"Point","coordinates":[13.307974,38.138364]}},{"type":"Feature","properties":{"nome":"VIA BRIGATA AOSTA 29","categoria":"Unità abitativa","tipo":"EDILIZIA RESIDENZIALE PUBBLICA"},"geometry":{"type":"Point","coordinates":[13.362734,38.13597]}},{"type":"Feature","properties":{"nome":"VIA BRIGATA AOSTA 31","categoria":"Unità abitativa","tipo":"EDILIZIA RESIDENZIALE PUBBLICA"},"geometry":{"type":"Point","coordinates":[13.362734,38.13597]}},{"type":"Feature","properties":{"nome":"VIA IMMACOLATELLA 342","categoria":"Unità abitativa","tipo":"EDILIZIA RESIDENZIALE PUBBLICA"},"geometry":{"type":"Point","coordinates":[13.40377,38.099057]}},{"type":"Feature","properties":{"nome":"VIA RE MARTINO 2","categoria":"Unità abitativa","tipo":"EDILIZIA RESIDENZIALE PUBBLICA"},"geometry":{"type":"Point","coordinates":[13.342082,38.112072]}},{"type":"Feature","properties":{"nome":"VIA RE MARTINO 1","categoria":"Unità abitativa","tipo":"EDILIZIA RESIDENZIALE PUBBLICA"},"geometry":{"type":"Point","coordinates":[13.34209,38.112621]}},{"type":"Feature","properties":{"nome":"VIA ALLORO 99","categoria":"Unità abitativa","tipo":"EDILIZIA RESIDENZIALE PUBBLICA"},"geometry":{"type":"Point","coordinates":[13.368563,38.115956]}},{"type":"Feature","properties":{"nome":"P.LE PIRANDELLO FAUSTO 8","categoria":"Unità abitativa","tipo":"EDILIZIA RESIDENZIALE PUBBLICA"},"geometry":{"type":"Point","coordinates":[13.29453,38.135283]}},{"type":"Feature","properties":{"nome":"VIA MOSCA GAETANO 26","categoria":"Unità abitativa","tipo":"EDILIZIA RESIDENZIALE PUBBLICA"},"geometry":{"type":"Point","coordinates":[13.34926,38.113656]}},{"type":"Feature","properties":{"nome":"VIA CALCANTE 29","categoria":"Unità abitativa","tipo":"EDILIZIA RESIDENZIALE PUBBLICA"},"geometry":{"type":"Point","coordinates":[13.294605,38.187095]}},{"type":"Feature","properties":{"nome":"VIA BERTETT LUIGI GEN. 108","categoria":"Unità abitativa","tipo":"EDILIZIA RESIDENZIALE PUBBLICA"},"geometry":{"type":"Point","coordinates":[13.415534,38.097243]}},{"type":"Feature","properties":{"nome":"VIA MOSCA GAETANO 29","categoria":"Unità abitativa","tipo":"EDILIZIA RESIDENZIALE PUBBLICA"},"geometry":{"type":"Point","coordinates":[13.349001,38.114065]}},{"type":"Feature","properties":{"nome":"VIA MOSCA GAETANO 25","categoria":"Unità abitativa","tipo":"EDILIZIA RESIDENZIALE PUBBLICA"},"geometry":{"type":"Point","coordinates":[13.349506,38.114177]}},{"type":"Feature","properties":{"nome":"VIA ORETO 466","categoria":"Unità abitativa","tipo":"EDILIZIA RESIDENZIALE PUBBLICA"},"geometry":{"type":"Point","coordinates":[13.376055,38.093844]}},{"type":"Feature","properties":{"nome":"VIA SIRILLO BARTOLOMEO 1","categoria":"Unità abitativa","tipo":"EDILIZIA RESIDENZIALE PUBBLICA"},"geometry":{"type":"Point","coordinates":[13.376429,38.093589]}},{"type":"Feature","properties":{"nome":"LARGO TESTA ARRIGO 1","categoria":"Unità abitativa","tipo":"EDILIZIA RESIDENZIALE PUBBLICA"},"geometry":{"type":"Point","coordinates":[13.37673,38.094149]}},{"type":"Feature","properties":{"nome":"P.LE PIRANDELLO FAUSTO 11","categoria":"Unità abitativa","tipo":"EDILIZIA RESIDENZIALE PUBBLICA"},"geometry":{"type":"Point","coordinates":[13.29453,38.135283]}},{"type":"Feature","properties":{"nome":"VIA CADUTI SUL LAVORO 58","categoria":"Unità abitativa","tipo":"EDILIZIA RESIDENZIALE PUBBLICA"},"geometry":{"type":"Point","coordinates":[13.293735,38.187781]}},{"type":"Feature","properties":{"nome":"VIA CADUTI SUL LAVORO 70","categoria":"Unità abitativa","tipo":"EDILIZIA RESIDENZIALE PUBBLICA"},"geometry":{"type":"Point","coordinates":[13.293735,38.187781]}},{"type":"Feature","properties":{"nome":"VIA TANTILLO ANTONIO 7","categoria":"Unità abitativa","tipo":"EDILIZIA RESIDENZIALE PUBBLICA"},"geometry":{"type":"Point","coordinates":[13.376483,38.094924]}},{"type":"Feature","properties":{"nome":"LARGO TESTA ARRIGO 2","categoria":"Unità abitativa","tipo":"EDILIZIA RESIDENZIALE PUBBLICA"},"geometry":{"type":"Point","coordinates":[13.376737,38.094573]}},{"type":"Feature","properties":{"nome":"VIA CIACULLI 128/D","categoria":"Unità abitativa","tipo":"EDILIZIA RESIDENZIALE PUBBLICA"},"geometry":{"type":"Point","coordinates":[13.401239,38.079242]}},{"type":"Feature","properties":{"nome":"VIA CIACULLI 130","categoria":"Unità abitativa","tipo":"EDILIZIA RESIDENZIALE PUBBLICA"},"geometry":{"type":"Point","coordinates":[13.401239,38.079242]}},{"type":"Feature","properties":{"nome":"VIA CIACULLI 130/F","categoria":"Unità abitativa","tipo":"EDILIZIA RESIDENZIALE PUBBLICA"},"geometry":{"type":"Point","coordinates":[13.401239,38.079242]}},{"type":"Feature","properties":{"nome":"VIA CIACULLI 130F","categoria":"Unità abitativa","tipo":"EDILIZIA RESIDENZIALE PUBBLICA"},"geometry":{"type":"Point","coordinates":[13.401239,38.079242]}},{"type":"Feature","properties":{"nome":"VIA CALI' PINA 3","categoria":"Unità abitativa","tipo":"EDILIZIA RESIDENZIALE PUBBLICA"},"geometry":{"type":"Point","coordinates":[13.401239,38.079242]}},{"type":"Feature","properties":{"nome":"P.LE PIRANDELLO FAUSTO 13","categoria":"Unità abitativa","tipo":"EDILIZIA RESIDENZIALE PUBBLICA"},"geometry":{"type":"Point","coordinates":[13.29453,38.135283]}},{"type":"Feature","properties":{"nome":"P.LE PIRANDELLO FAUSTO 14","categoria":"Unità abitativa","tipo":"EDILIZIA RESIDENZIALE PUBBLICA"},"geometry":{"type":"Point","coordinates":[13.296644,38.134714]}},{"type":"Feature","properties":{"nome":"VIA CADUTI SUL LAVORO 76","categoria":"Unità abitativa","tipo":"EDILIZIA RESIDENZIALE PUBBLICA"},"geometry":{"type":"Point","coordinates":[13.293735,38.187781]}},{"type":"Feature","properties":{"nome":"VIA GIGLI BENIAMINO 26","categoria":"Unità abitativa","tipo":"EDILIZIA RESIDENZIALE PUBBLICA"},"geometry":{"type":"Point","coordinates":[13.320022,38.171413]}},{"type":"Feature","properties":{"nome":"VIA S.CIRO 15","categoria":"Unità abitativa","tipo":"EDILIZIA RESIDENZIALE PUBBLICA"},"geometry":{"type":"Point","coordinates":[13.383064,38.094353]}},{"type":"Feature","properties":{"nome":"VIA CALI' PINA 1","categoria":"Unità abitativa","tipo":"EDILIZIA RESIDENZIALE PUBBLICA"},"geometry":{"type":"Point","coordinates":[13.401239,38.079242]}},{"type":"Feature","properties":{"nome":"VIA RAGUSA VINCENZO 1","categoria":"Unità abitativa","tipo":"EDILIZIA RESIDENZIALE PUBBLICA"},"geometry":{"type":"Point","coordinates":[13.402072,38.079302]}},{"type":"Feature","properties":{"nome":"VIA RAGUSA VINCENZO 3","categoria":"Unità abitativa","tipo":"EDILIZIA RESIDENZIALE PUBBLICA"},"geometry":{"type":"Point","coordinates":[13.402072,38.079302]}},{"type":"Feature","properties":{"nome":"VIA DI GIOVANNI LUIGI 2","categoria":"Unità abitativa","tipo":"EDILIZIA RESIDENZIALE PUBBLICA"},"geometry":{"type":"Point","coordinates":[13.402072,38.079302]}},{"type":"Feature","properties":{"nome":"VIA DI GIOVANNI LUIGI 4","categoria":"Unità abitativa","tipo":"EDILIZIA RESIDENZIALE PUBBLICA"},"geometry":{"type":"Point","coordinates":[13.402072,38.079302]}},{"type":"Feature","properties":{"nome":"P.LE PIRANDELLO FAUSTO 15","categoria":"Unità abitativa","tipo":"EDILIZIA RESIDENZIALE PUBBLICA"},"geometry":{"type":"Point","coordinates":[13.296644,38.134714]}},{"type":"Feature","properties":{"nome":"P.LE PIRANDELLO FAUSTO 16","categoria":"Unità abitativa","tipo":"EDILIZIA RESIDENZIALE PUBBLICA"},"geometry":{"type":"Point","coordinates":[13.296644,38.134714]}},{"type":"Feature","properties":{"nome":"VIA HAZON AZOLINO 20-28","categoria":"Unità non abitativa","tipo":"COMMERCIALE"},"geometry":{"type":"Point","coordinates":[13.384783,38.095625]}},{"type":"Feature","properties":{"nome":"VIA DELLE SEDIE VOLANTI 39","categoria":"Unità abitativa","tipo":"EDILIZIA RESIDENZIALE"},"geometry":{"type":"Point","coordinates":[13.355923,38.117143]}},{"type":"Feature","properties":{"nome":"VIA DELLE SEDIE VOLANTI 41","categoria":"Unità abitativa","tipo":"EDILIZIA RESIDENZIALE"},"geometry":{"type":"Point","coordinates":[13.355923,38.117143]}},{"type":"Feature","properties":{"nome":"VIA DELLE SEDIE VOLANTI 35","categoria":"Unità abitativa","tipo":"EDILIZIA RESIDENZIALE"},"geometry":{"type":"Point","coordinates":[13.355923,38.117143]}},{"type":"Feature","properties":{"nome":"VIA VENEZIA 84","categoria":"Unità abitativa","tipo":"EDILIZIA RESIDENZIALE"},"geometry":{"type":"Point","coordinates":[13.361467,38.117314]}},{"type":"Feature","properties":{"nome":"VIA DEL CELSO 119","categoria":"Unità non abitativa","tipo":"COMMERCIALE"},"geometry":{"type":"Point","coordinates":[13.357084,38.116157]}},{"type":"Feature","properties":{"nome":"VIA V.F.34 1","categoria":"Unità abitativa","tipo":"EDILIZIA RESIDENZIALE"},"geometry":{"type":"Point","coordinates":[13.334536,38.077875]}},{"type":"Feature","properties":{"nome":"VICOLO MARTELLO 4","categoria":"Unità abitativa","tipo":"EDILIZIA RESIDENZIALE"},"geometry":{"type":"Point","coordinates":[13.359269,38.109829]}},{"type":"Feature","properties":{"nome":"VIA BESTA FABIO 36/A","categoria":"Unità abitativa","tipo":"EDILIZIA RESIDENZIALE"},"geometry":{"type":"Point","coordinates":[13.305799,38.176635]}},{"type":"Feature","properties":{"nome":"VIA PALMERINO 42","categoria":"Unità abitativa","tipo":"EDILIZIA RESIDENZIALE"},"geometry":{"type":"Point","coordinates":[13.336889,38.099549]}},{"type":"Feature","properties":{"nome":"RUA FORMAGGI 24/26","categoria":"Unità non abitativa","tipo":"COMMERCIALE"},"geometry":{"type":"Point","coordinates":[13.360537,38.113259]}},{"type":"Feature","properties":{"nome":"VIA MELENDEZ FRANCESCO 50","categoria":"Unità abitativa","tipo":"EDILIZIA RESIDENZIALE"},"geometry":{"type":"Point","coordinates":[13.394752,38.0779]}},{"type":"Feature","properties":{"nome":"VIA MELENDEZ FRANCESCO 46-48","categoria":"Unità abitativa","tipo":"EDILIZIA RESIDENZIALE"},"geometry":{"type":"Point","coordinates":[13.394971,38.078057]}},{"type":"Feature","properties":{"nome":"VIA COLONNA ROTTA 52","categoria":"Unità abitativa","tipo":"EDILIZIA RESIDENZIALE"},"geometry":{"type":"Point","coordinates":[13.350487,38.111706]}},{"type":"Feature","properties":{"nome":"VIA PORTA DI CASTRO 257","categoria":"Unità abitativa","tipo":"EDILIZIA RESIDENZIALE"},"geometry":{"type":"Point","coordinates":[13.354848,38.110644]}},{"type":"Feature","properties":{"nome":"VIA URZI' SARO 9","categoria":"Edificio","tipo":"EDILIZIA RESIDENZIALE"},"geometry":{"type":"Point","coordinates":[13.322147,38.084706]}},{"type":"Feature","properties":{"nome":"VIA OLIO DI LINO 15","categoria":"Unità abitativa","tipo":"EDILIZIA RESIDENZIALE"},"geometry":{"type":"Point","coordinates":[13.322147,38.084706]}},{"type":"Feature","properties":{"nome":"RUA FORMAGGI 30","categoria":"Unità non abitativa","tipo":"COMMERCIALE"},"geometry":{"type":"Point","coordinates":[13.360537,38.113259]}},{"type":"Feature","properties":{"nome":"VIA BACHELET VITTORIO 102","categoria":"Unità abitativa","tipo":"EDILIZIA RESIDENZIALE"},"geometry":{"type":"Point","coordinates":[13.330771,38.085032]}},{"type":"Feature","properties":{"nome":"VIALE PRINCIPE DI SCALEA 34","categoria":"Unità abitativa","tipo":"EDILIZIA RESIDENZIALE"},"geometry":{"type":"Point","coordinates":[13.327994,38.198489]}},{"type":"Feature","properties":{"nome":"VIA DEL PAPPAGALLO 9","categoria":"Unità non abitativa","tipo":"COMMERCIALE"},"geometry":{"type":"Point","coordinates":[13.369293,38.116521]}},{"type":"Feature","properties":{"nome":"VIA LA LUMIA ISIDORO 19","categoria":"Unità abitativa","tipo":"EDILIZIA RESIDENZIALE"},"geometry":{"type":"Point","coordinates":[13.356241,38.127185]}},{"type":"Feature","properties":{"nome":"VIA DELLE GRAZIE 76-78-80","categoria":"Unità abitativa","tipo":"EDILIZIA RESIDENZIALE"},"geometry":{"type":"Point","coordinates":[13.355337,38.091202]}},{"type":"Feature","properties":{"nome":"VIA CIACULLI 14","categoria":"Unità abitativa","tipo":"EDILIZIA RESIDENZIALE"},"geometry":{"type":"Point","coordinates":[13.413013,38.069675]}},{"type":"Feature","properties":{"nome":"VIA SFERRACAVALLO 198","categoria":"Unità abitativa","tipo":"EDILIZIA RESIDENZIALE"},"geometry":{"type":"Point","coordinates":[13.276726,38.196183]}},{"type":"Feature","properties":{"nome":"CASE SPUCHES 19","categoria":"Unità abitativa","tipo":"EDILIZIA RESIDENZIALE"},"geometry":{"type":"Point","coordinates":[13.305603,38.086576]}},{"type":"Feature","properties":{"nome":"VIA ALBIRI","categoria":"Unità abitativa","tipo":"EDILIZIA RESIDENZIALE"},"geometry":{"type":"Point","coordinates":[13.361235,38.088584]}},{"type":"Feature","properties":{"nome":"VIA FALSOMIELE 140","categoria":"Unità abitativa","tipo":"EDILIZIA RESIDENZIALE"},"geometry":{"type":"Point","coordinates":[13.366912,38.076305]}},{"type":"Feature","properties":{"nome":"VIA CIACULLI 413/F","categoria":"Unità abitativa","tipo":"EDILIZIA RESIDENZIALE"},"geometry":{"type":"Point","coordinates":[13.413609,38.072321]}},{"type":"Feature","properties":{"nome":"VIA CIACULLI 413","categoria":"Unità abitativa","tipo":"EDILIZIA RESIDENZIALE"},"geometry":{"type":"Point","coordinates":[13.413609,38.072321]}},{"type":"Feature","properties":{"nome":"PIAZZA ROSSI 28","categoria":"Edificio","tipo":"EDILIZIA RESIDENZIALE"},"geometry":{"type":"Point","coordinates":[13.286441,38.19117]}},{"type":"Feature","properties":{"nome":"VIA DEL PAPPAGALLO 7B","categoria":"Unità non abitativa","tipo":"COMMERCIALE"},"geometry":{"type":"Point","coordinates":[13.36928,38.116379]}},{"type":"Feature","properties":{"nome":"CORTILE VELLA 14","categoria":"Unità abitativa","tipo":"EDILIZIA RESIDENZIALE"},"geometry":{"type":"Point","coordinates":[13.334077,38.11246]}},{"type":"Feature","properties":{"nome":"VICOLO PANTELLERIA 10","categoria":"Edificio","tipo":"EDILIZIA RESIDENZIALE"},"geometry":{"type":"Point","coordinates":[13.321279,38.158605]}},{"type":"Feature","properties":{"nome":"VIA DEL PAPPAGALLO 5","categoria":"Unità non abitativa","tipo":"COMMERCIALE"},"geometry":{"type":"Point","coordinates":[13.36928,38.116379]}},{"type":"Feature","properties":{"nome":"VIA SAMBUCIA","categoria":"Terreno","tipo":"EDILIZIA RESIDENZIALE"},"geometry":{"type":"Point","coordinates":[13.316989,38.081885]}},{"type":"Feature","properties":{"nome":"VIA DEI CARRETTIERI 17","categoria":"Unità non abitativa","tipo":"COMMERCIALE"},"geometry":{"type":"Point","coordinates":[13.354449,38.116868]}},{"type":"Feature","properties":{"nome":"VIA CASCINO FRANCESCO PAOLO","categoria":"Terreno","tipo":"EDILIZIA RESIDENZIALE"},"geometry":{"type":"Point","coordinates":[13.302209,38.156849]}},{"type":"Feature","properties":{"nome":"VIA DELLA VELA 2","categoria":"Edificio","tipo":"EDILIZIA RESIDENZIALE"},"geometry":{"type":"Point","coordinates":[13.372949,38.153391]}},{"type":"Feature","properties":{"nome":"VIA DEI CARRETTIERI 19","categoria":"Unità non abitativa","tipo":"COMMERCIALE"},"geometry":{"type":"Point","coordinates":[13.354449,38.116868]}},{"type":"Feature","properties":{"nome":"VICOLO S.PAOLINO SNC","categoria":"Unità non abitativa","tipo":"COMMERCIALE"},"geometry":{"type":"Point","coordinates":[13.354449,38.116868]}},{"type":"Feature","properties":{"nome":"CORTILE MANGANO 3-4","categoria":"Unità non abitativa","tipo":"COMMERCIALE"},"geometry":{"type":"Point","coordinates":[13.354449,38.116868]}},{"type":"Feature","properties":{"nome":"VIA PERSANO AMMIRAGLIO 69","categoria":"Unità abitativa","tipo":"EDILIZIA RESIDENZIALE"},"geometry":{"type":"Point","coordinates":[13.358999,38.142921]}},{"type":"Feature","properties":{"nome":"CORTILE MANGANO 6-7","categoria":"Unità non abitativa","tipo":"COMMERCIALE"},"geometry":{"type":"Point","coordinates":[13.354449,38.116868]}},{"type":"Feature","properties":{"nome":"VIA CAMILLIANI CAMILLO 120","categoria":"Unità abitativa","tipo":"EDILIZIA RESIDENZIALE"},"geometry":{"type":"Point","coordinates":[13.323894,38.130278]}},{"type":"Feature","properties":{"nome":"VIA ORETO 286","categoria":"Unità abitativa","tipo":"EDILIZIA RESIDENZIALE"},"geometry":{"type":"Point","coordinates":[13.370068,38.103666]}},{"type":"Feature","properties":{"nome":"VIA MARCELLO BENEDETTO 35","categoria":"Unità abitativa","tipo":"EDILIZIA RESIDENZIALE"},"geometry":{"type":"Point","coordinates":[13.342479,38.12843]}},{"type":"Feature","properties":{"nome":"VIA SCHILLACI 31","categoria":"Unità abitativa","tipo":"EDILIZIA RESIDENZIALE"},"geometry":{"type":"Point","coordinates":[13.284066,38.20242]}},{"type":"Feature","properties":{"nome":"VIA DELL'ORSA MINORE 3","categoria":"Unità abitativa","tipo":"EDILIZIA RESIDENZIALE"},"geometry":{"type":"Point","coordinates":[13.371066,38.098073]}},{"type":"Feature","properties":{"nome":"VIA VILLA CARDILLO 10","categoria":"Unità abitativa","tipo":"EDILIZIA RESIDENZIALE"},"geometry":{"type":"Point","coordinates":[13.301497,38.174912]}},{"type":"Feature","properties":{"nome":"PIAZZA S.ANNA AL CAPO SNC","categoria":"Unità non abitativa","tipo":"COMMERCIALE"},"geometry":{"type":"Point","coordinates":[13.354449,38.116868]}},{"type":"Feature","properties":{"nome":"VIA PETRAZZI SNC","categoria":"Unità abitativa","tipo":"EDILIZIA RESIDENZIALE"},"geometry":{"type":"Point","coordinates":[13.302585,38.153946]}},{"type":"Feature","properties":{"nome":"SALITA MEZZAGNO 21","categoria":"Unità abitativa","tipo":"EDILIZIA RESIDENZIALE"},"geometry":{"type":"Point","coordinates":[13.366581,38.073575]}},{"type":"Feature","properties":{"nome":"VIA AGNETTA 93","categoria":"Unità abitativa","tipo":"EDILIZIA RESIDENZIALE"},"geometry":{"type":"Point","coordinates":[13.339149,38.079626]}},{"type":"Feature","properties":{"nome":"VIA ALTOFONTE 124","categoria":"Unità abitativa","tipo":"EDILIZIA RESIDENZIALE"},"geometry":{"type":"Point","coordinates":[13.327336,38.082977]}},{"type":"Feature","properties":{"nome":"VIA CAGNI UMBERTO AMM. 61","categoria":"Unità abitativa","tipo":"EDILIZIA RESIDENZIALE"},"geometry":{"type":"Point","coordinates":[13.332671,38.171412]}},{"type":"Feature","properties":{"nome":"CORSO DEI MILLE 1664","categoria":"Unità abitativa","tipo":"EDILIZIA RESIDENZIALE"},"geometry":{"type":"Point","coordinates":[13.418868,38.072743]}},{"type":"Feature","properties":{"nome":"VIA CONTE FEDERICO 273","categoria":"Unità abitativa","tipo":"EDILIZIA RESIDENZIALE"},"geometry":{"type":"Point","coordinates":[13.406772,38.079975]}},{"type":"Feature","properties":{"nome":"VIA CIACULLI 246","categoria":"Unità abitativa","tipo":"EDILIZIA RESIDENZIALE"},"geometry":{"type":"Point","coordinates":[13.411153,38.075014]}},{"type":"Feature","properties":{"nome":"VIA BEATI PAOLI 87","categoria":"Unità non abitativa","tipo":"COMMERCIALE"},"geometry":{"type":"Point","coordinates":[13.354857,38.117662]}},{"type":"Feature","properties":{"nome":"VIA FALSOMIELE 3","categoria":"Unità abitativa","tipo":"EDILIZIA RESIDENZIALE"},"geometry":{"type":"Point","coordinates":[13.376804,38.084184]}},{"type":"Feature","properties":{"nome":"VIA LUOGHICELLI 77","categoria":"Unità abitativa","tipo":"EDILIZIA RESIDENZIALE"},"geometry":{"type":"Point","coordinates":[13.274324,38.190464]}},{"type":"Feature","properties":{"nome":"VICOLO CILIO 34","categoria":"Unità abitativa","tipo":"EDILIZIA RESIDENZIALE"},"geometry":{"type":"Point","coordinates":[13.33139,38.080916]}},{"type":"Feature","properties":{"nome":"VIA BEATI PAOLI 89/91","categoria":"Unità non abitativa","tipo":"COMMERCIALE"},"geometry":{"type":"Point","coordinates":[13.354857,38.117662]}},{"type":"Feature","properties":{"nome":"VIA SANTANGELO G.B. 24","categoria":"Unità abitativa","tipo":"EDILIZIA RESIDENZIALE"},"geometry":{"type":"Point","coordinates":[13.307391,38.17221]}},{"type":"Feature","properties":{"nome":"VICOLO DI GREGORIO 32","categoria":"Area","tipo":"EDILIZIA RESIDENZIALE"},"geometry":{"type":"Point","coordinates":[13.353785,38.076561]}},{"type":"Feature","properties":{"nome":"VIA S.AGOSTINO 208/210","categoria":"Unità non abitativa","tipo":"COMMERCIALE"},"geometry":{"type":"Point","coordinates":[13.354857,38.117662]}},{"type":"Feature","properties":{"nome":"VIA PANEBIANCO MICHELE 10,14,18","categoria":"Edificio","tipo":"EDILIZIA RESIDENZIALE"},"geometry":{"type":"Point","coordinates":[13.313906,38.152085]}},{"type":"Feature","properties":{"nome":"VIA BELLOLAMPO","categoria":"Terreno","tipo":"EDILIZIA RESIDENZIALE"},"geometry":{"type":"Point","coordinates":[13.278425,38.13435]}},{"type":"Feature","properties":{"nome":"VIA BEATI PAOLI 85","categoria":"Unità non abitativa","tipo":"COMMERCIALE"},"geometry":{"type":"Point","coordinates":[13.354894,38.117559]}},{"type":"Feature","properties":{"nome":"VIA GIARDINO DELLA CONCORDIA 30","categoria":"Terreno","tipo":"EDILIZIA RESIDENZIALE"},"geometry":{"type":"Point","coordinates":[13.329531,38.176856]}},{"type":"Feature","properties":{"nome":"VIA SAMBUCIA 29","categoria":"Terreno","tipo":"EDILIZIA RESIDENZIALE"},"geometry":{"type":"Point","coordinates":[13.32112,38.086288]}},{"type":"Feature","properties":{"nome":"VIA CIACULLI 207","categoria":"Unità abitativa","tipo":"EDILIZIA RESIDENZIALE"},"geometry":{"type":"Point","coordinates":[13.398908,38.076184]}},{"type":"Feature","properties":{"nome":"VIA BEATI PAOLI 83","categoria":"Unità non abitativa","tipo":"COMMERCIALE"},"geometry":{"type":"Point","coordinates":[13.354894,38.117559]}},{"type":"Feature","properties":{"nome":"CLE ECCE HOMO (V S.AGOSTINO) 5","categoria":"Unità non abitativa","tipo":"COMMERCIALE"},"geometry":{"type":"Point","coordinates":[13.354994,38.117461]}},{"type":"Feature","properties":{"nome":"VIA PALADINI FILIPPO 8","categoria":"Unità abitativa","tipo":"EDILIZIA RESIDENZIALE PUBBLICA"},"geometry":{"type":"Point","coordinates":[13.308804,38.134902]}},{"type":"Feature","properties":{"nome":"VIA BEATI PAOLI 81","categoria":"Unità non abitativa","tipo":"COMMERCIALE"},"geometry":{"type":"Point","coordinates":[13.354994,38.117461]}},{"type":"Feature","properties":{"nome":"VIA MONTE ROSA 7","categoria":"Unità abitativa","tipo":"EDILIZIA RESIDENZIALE"},"geometry":{"type":"Point","coordinates":[13.300134,38.168057]}},{"type":"Feature","properties":{"nome":"VIA DONIA MATTEO 11","categoria":"Unità abitativa","tipo":"EDILIZIA RESIDENZIALE"},"geometry":{"type":"Point","coordinates":[13.332026,38.15417]}},{"type":"Feature","properties":{"nome":"VIA SCINA' DOMENICO 73","categoria":"Unità abitativa","tipo":"EDILIZIA RESIDENZIALE"},"geometry":{"type":"Point","coordinates":[13.359008,38.12933]}},{"type":"Feature","properties":{"nome":"VIA BEATI PAOLI 73","categoria":"Unità non abitativa","tipo":"COMMERCIALE"},"geometry":{"type":"Point","coordinates":[13.354994,38.117461]}},{"type":"Feature","properties":{"nome":"CLE ECCE HOMO (V S.AGOSTINO) 6","categoria":"Unità non abitativa","tipo":"COMMERCIALE"},"geometry":{"type":"Point","coordinates":[13.354994,38.117461]}},{"type":"Feature","properties":{"nome":"CLE ECCE HOMO (V S.AGOSTINO) 7","categoria":"Unità non abitativa","tipo":"COMMERCIALE"},"geometry":{"type":"Point","coordinates":[13.354994,38.117461]}},{"type":"Feature","properties":{"nome":"VIA CALANDRA PIETRO 12","categoria":"Unità abitativa","tipo":"EDILIZIA RESIDENZIALE"},"geometry":{"type":"Point","coordinates":[13.27825,38.190058]}},{"type":"Feature","properties":{"nome":"VIA V.F.35 SNC","categoria":"Unità abitativa","tipo":"EDILIZIA RESIDENZIALE"},"geometry":{"type":"Point","coordinates":[13.373493,38.076175]}},{"type":"Feature","properties":{"nome":"LUNGOMARE COLOMBO CRISTOFORO 106","categoria":"Unità abitativa","tipo":"EDILIZIA RESIDENZIALE"},"geometry":{"type":"Point","coordinates":[13.364153,38.164771]}},{"type":"Feature","properties":{"nome":"VIA BEATI PAOLI 67","categoria":"Unità non abitativa","tipo":"COMMERCIALE"},"geometry":{"type":"Point","coordinates":[13.355066,38.117324]}},{"type":"Feature","properties":{"nome":"VIA ANTONIO DI RUDINI' 24/C","categoria":"Unità abitativa","tipo":"EDILIZIA RESIDENZIALE"},"geometry":{"type":"Point","coordinates":[13.370055,38.110738]}},{"type":"Feature","properties":{"nome":"VIA CARINI ISIDORO 43","categoria":"Unità abitativa","tipo":"EDILIZIA RESIDENZIALE"},"geometry":{"type":"Point","coordinates":[13.355898,38.129065]}},{"type":"Feature","properties":{"nome":"VIA EUGENIO L'EMIRO 62","categoria":"Unità abitativa","tipo":"EDILIZIA RESIDENZIALE"},"geometry":{"type":"Point","coordinates":[13.338232,38.114156]}},{"type":"Feature","properties":{"nome":"VIA BEATI PAOLI 71","categoria":"Unità non abitativa","tipo":"COMMERCIALE"},"geometry":{"type":"Point","coordinates":[13.355066,38.117324]}},{"type":"Feature","properties":{"nome":"VIA HOUEL 13-15","categoria":"Unità abitativa","tipo":"EDILIZIA RESIDENZIALE"},"geometry":{"type":"Point","coordinates":[13.349718,38.122004]}},{"type":"Feature","properties":{"nome":"VIA OLIO DI LINO 2","categoria":"Unità abitativa","tipo":"EDILIZIA RESIDENZIALE"},"geometry":{"type":"Point","coordinates":[13.326828,38.083592]}},{"type":"Feature","properties":{"nome":"VIA OLIO DI LINO 2 E","categoria":"Unità abitativa","tipo":"EDILIZIA RESIDENZIALE"},"geometry":{"type":"Point","coordinates":[13.326828,38.083592]}},{"type":"Feature","properties":{"nome":"VIA TERENZIO PUBLIO 29","categoria":"Unità abitativa","tipo":"EDILIZIA RESIDENZIALE"},"geometry":{"type":"Point","coordinates":[13.278509,38.197263]}},{"type":"Feature","properties":{"nome":"VIA GOLDONI CARLO 9","categoria":"Unità abitativa","tipo":"EDILIZIA RESIDENZIALE"},"geometry":{"type":"Point","coordinates":[13.342189,38.12793]}},{"type":"Feature","properties":{"nome":"VIA BEATI PAOLI 63","categoria":"Unità non abitativa","tipo":"COMMERCIALE"},"geometry":{"type":"Point","coordinates":[13.355066,38.117324]}},{"type":"Feature","properties":{"nome":"VIA ASTORINO GERARDO 8","categoria":"Unità abitativa","tipo":"EDILIZIA RESIDENZIALE"},"geometry":{"type":"Point","coordinates":[13.324512,38.163376]}},{"type":"Feature","properties":{"nome":"CORSO DEI MILLE 1666","categoria":"Edificio","tipo":"EDILIZIA RESIDENZIALE"},"geometry":{"type":"Point","coordinates":[13.419764,38.070956]}},{"type":"Feature","properties":{"nome":"VIA INSERRA 10","categoria":"Edificio","tipo":"EDILIZIA RESIDENZIALE"},"geometry":{"type":"Point","coordinates":[13.311163,38.145929]}},{"type":"Feature","properties":{"nome":"VIA SANTICELLI 35","categoria":"Edificio","tipo":"EDILIZIA RESIDENZIALE"},"geometry":{"type":"Point","coordinates":[13.311741,38.087984]}},{"type":"Feature","properties":{"nome":"CORTILE DELLE SPIGHE 4","categoria":"Unità non abitativa","tipo":"COMMERCIALE"},"geometry":{"type":"Point","coordinates":[13.355066,38.117324]}},{"type":"Feature","properties":{"nome":"VIA CASUZZE 4","categoria":"Unità abitativa","tipo":"EDILIZIA RESIDENZIALE"},"geometry":{"type":"Point","coordinates":[13.365226,38.074237]}},{"type":"Feature","properties":{"nome":"VIA LATTANZI DANEU ANGELA 50","categoria":"Terreno","tipo":"EDILIZIA RESIDENZIALE"},"geometry":{"type":"Point","coordinates":[13.357305,38.077497]}},{"type":"Feature","properties":{"nome":"VIA BEATI PAOLI 57","categoria":"Unità non abitativa","tipo":"COMMERCIALE"},"geometry":{"type":"Point","coordinates":[13.355123,38.117197]}},{"type":"Feature","properties":{"nome":"VIA AL CASALE SETTIMO 15","categoria":"Unità abitativa","tipo":"EDILIZIA RESIDENZIALE"},"geometry":{"type":"Point","coordinates":[13.366688,38.091691]}},{"type":"Feature","properties":{"nome":"VIA PALMERINO 78","categoria":"Unità abitativa","tipo":"EDILIZIA RESIDENZIALE"},"geometry":{"type":"Point","coordinates":[13.321807,38.090561]}},{"type":"Feature","properties":{"nome":"VIA DE FONSECA PIMENTEL ELE.RA17","categoria":"Unità non abitativa","tipo":"EDILIZIA RESIDENZIALE"},"geometry":{"type":"Point","coordinates":[13.322515,38.180036]}},{"type":"Feature","properties":{"nome":"VIA PALADINI FILIPPO 10","categoria":"Unità abitativa","tipo":"EDILIZIA RESIDENZIALE PUBBLICA"},"geometry":{"type":"Point","coordinates":[13.308804,38.134902]}},{"type":"Feature","properties":{"nome":"VIA BEATI PAOLI 53","categoria":"Unità non abitativa","tipo":"COMMERCIALE"},"geometry":{"type":"Point","coordinates":[13.355141,38.117076]}},{"type":"Feature","properties":{"nome":"VIA PALADINI FILIPPO 12","categoria":"Unità abitativa","tipo":"EDILIZIA RESIDENZIALE PUBBLICA"},"geometry":{"type":"Point","coordinates":[13.308804,38.134902]}},{"type":"Feature","properties":{"nome":"VIA BEATI PAOLI 55","categoria":"Unità non abitativa","tipo":"COMMERCIALE"},"geometry":{"type":"Point","coordinates":[13.355141,38.117076]}},{"type":"Feature","properties":{"nome":"VIA SAGITTARIO 8","categoria":"Unità abitativa","tipo":"EDILIZIA RESIDENZIALE"},"geometry":{"type":"Point","coordinates":[13.364877,38.091957]}},{"type":"Feature","properties":{"nome":"VICOLO DEGLI ORFANI 6","categoria":"Unità non abitativa","tipo":"COMMERCIALE"},"geometry":{"type":"Point","coordinates":[13.355141,38.117076]}},{"type":"Feature","properties":{"nome":"VIA FRATELLI ALLOTTA 7","categoria":"Unità abitativa","tipo":"EDILIZIA RESIDENZIALE"},"geometry":{"type":"Point","coordinates":[13.324808,38.137294]}},{"type":"Feature","properties":{"nome":"VIA S.LORENZO 364","categoria":"Unità abitativa","tipo":"EDILIZIA RESIDENZIALE"},"geometry":{"type":"Point","coordinates":[13.304564,38.171438]}},{"type":"Feature","properties":{"nome":"VIA S.LORENZO 380","categoria":"Unità abitativa","tipo":"EDILIZIA RESIDENZIALE"},"geometry":{"type":"Point","coordinates":[13.304564,38.171438]}},{"type":"Feature","properties":{"nome":"VIA S.LORENZO 394","categoria":"Unità abitativa","tipo":"EDILIZIA RESIDENZIALE"},"geometry":{"type":"Point","coordinates":[13.304564,38.171438]}},{"type":"Feature","properties":{"nome":"VIA ALLMAYER VITO FAZIO 4","categoria":"Unità abitativa","tipo":"EDILIZIA RESIDENZIALE"},"geometry":{"type":"Point","coordinates":[13.322431,38.116619]}},{"type":"Feature","properties":{"nome":"VIA S.LORENZO 56","categoria":"Unità abitativa","tipo":"EDILIZIA RESIDENZIALE"},"geometry":{"type":"Point","coordinates":[13.329361,38.158512]}},{"type":"Feature","properties":{"nome":"VIA BEATI PAOLI 47","categoria":"Unità non abitativa","tipo":"COMMERCIALE"},"geometry":{"type":"Point","coordinates":[13.355197,38.116995]}},{"type":"Feature","properties":{"nome":"VIA T.S.25 8","categoria":"Unità abitativa","tipo":"EDILIZIA RESIDENZIALE"},"geometry":{"type":"Point","coordinates":[13.30195,38.187538]}},{"type":"Feature","properties":{"nome":"VIA T.S.25 6","categoria":"Unità abitativa","tipo":"EDILIZIA RESIDENZIALE"},"geometry":{"type":"Point","coordinates":[13.303178,38.182734]}},{"type":"Feature","properties":{"nome":"VIA ALBIRI 3","categoria":"Unità abitativa","tipo":"EDILIZIA RESIDENZIALE"},"geometry":{"type":"Point","coordinates":[13.36437,38.090974]}},{"type":"Feature","properties":{"nome":"VIA BEATI PAOLI 49-51","categoria":"Unità non abitativa","tipo":"COMMERCIALE"},"geometry":{"type":"Point","coordinates":[13.355197,38.116995]}},{"type":"Feature","properties":{"nome":"CORSO DEI MILLE 524","categoria":"Unità abitativa","tipo":"EDILIZIA RESIDENZIALE"},"geometry":{"type":"Point","coordinates":[13.38256,38.101454]}},{"type":"Feature","properties":{"nome":"VIA ORETO 183","categoria":"Unità abitativa","tipo":"EDILIZIA RESIDENZIALE"},"geometry":{"type":"Point","coordinates":[13.367634,38.105794]}},{"type":"Feature","properties":{"nome":"VIALE EMILIA 65","categoria":"Unità abitativa","tipo":"EDILIZIA RESIDENZIALE"},"geometry":{"type":"Point","coordinates":[13.34027,38.146941]}},{"type":"Feature","properties":{"nome":"VIA TURR STEFANO 38","categoria":"Unità abitativa","tipo":"EDILIZIA RESIDENZIALE"},"geometry":{"type":"Point","coordinates":[13.341051,38.127655]}},{"type":"Feature","properties":{"nome":"VIA BARTOLINO FILIPPO 27","categoria":"Unità abitativa","tipo":"EDILIZIA RESIDENZIALE"},"geometry":{"type":"Point","coordinates":[13.331189,38.154933]}},{"type":"Feature","properties":{"nome":"VIA BEATI PAOLI 39","categoria":"Unità non abitativa","tipo":"COMMERCIALE"},"geometry":{"type":"Point","coordinates":[13.355253,38.116821]}},{"type":"Feature","properties":{"nome":"V.LO AGNELLO F.SCO PARROCO 4","categoria":"Unità abitativa","tipo":"EDILIZIA RESIDENZIALE"},"geometry":{"type":"Point","coordinates":[13.370939,38.152994]}},{"type":"Feature","properties":{"nome":"VIA CASTELFORTE 98/B","categoria":"Unità abitativa","tipo":"EDILIZIA RESIDENZIALE"},"geometry":{"type":"Point","coordinates":[13.319529,38.187514]}},{"type":"Feature","properties":{"nome":"VIA EUGENIO L'EMIRO 24","categoria":"Unità abitativa","tipo":"EDILIZIA RESIDENZIALE"},"geometry":{"type":"Point","coordinates":[13.340853,38.114203]}},{"type":"Feature","properties":{"nome":"VIA UMBRIA 8","categoria":"Unità abitativa","tipo":"EDILIZIA RESIDENZIALE"},"geometry":{"type":"Point","coordinates":[13.334764,38.143017]}},{"type":"Feature","properties":{"nome":"VIA FIRMATURI FERDINANDO 2/A","categoria":"Unità abitativa","tipo":"EDILIZIA RESIDENZIALE"},"geometry":{"type":"Point","coordinates":[13.348094,38.086636]}},{"type":"Feature","properties":{"nome":"VIA GALVANI LUIGI 54","categoria":"Unità abitativa","tipo":"EDILIZIA RESIDENZIALE"},"geometry":{"type":"Point","coordinates":[13.389927,38.100315]}},{"type":"Feature","properties":{"nome":"PIAZZA BEATI PAOLI 12-14","categoria":"Unità non abitativa","tipo":"COMMERCIALE"},"geometry":{"type":"Point","coordinates":[13.355253,38.116821]}},{"type":"Feature","properties":{"nome":"VIA GROTTE PARTANNA","categoria":"Unità abitativa","tipo":"EDILIZIA RESIDENZIALE"},"geometry":{"type":"Point","coordinates":[13.308113,38.205145]}},{"type":"Feature","properties":{"nome":"VIA MONTALBO 87","categoria":"Unità abitativa","tipo":"EDILIZIA RESIDENZIALE"},"geometry":{"type":"Point","coordinates":[13.361139,38.1376]}},{"type":"Feature","properties":{"nome":"VIA V.F.35 31 - 33","categoria":"Edificio","tipo":"EDILIZIA RESIDENZIALE"},"geometry":{"type":"Point","coordinates":[13.372199,38.075644]}},{"type":"Feature","properties":{"nome":"VIA BEATI PAOLI 35","categoria":"Unità non abitativa","tipo":"COMMERCIALE"},"geometry":{"type":"Point","coordinates":[13.355253,38.116821]}},{"type":"Feature","properties":{"nome":"VIA GROTTE PARTANNA 5","categoria":"Unità abitativa","tipo":"EDILIZIA RESIDENZIALE"},"geometry":{"type":"Point","coordinates":[13.306723,38.20579]}},{"type":"Feature","properties":{"nome":"VIA LO VALVO ORESTE 31","categoria":"Terreno","tipo":"EDILIZIA RESIDENZIALE"},"geometry":{"type":"Point","coordinates":[13.307186,38.17209]}},{"type":"Feature","properties":{"nome":"VIA BEATI PAOLI 41","categoria":"Unità non abitativa","tipo":"COMMERCIALE"},"geometry":{"type":"Point","coordinates":[13.355253,38.116821]}},{"type":"Feature","properties":{"nome":"FONDO PATELLARO 14","categoria":"Unità non abitativa","tipo":"EDILIZIA RESIDENZIALE"},"geometry":{"type":"Point","coordinates":[13.310156,38.084292]}},{"type":"Feature","properties":{"nome":"VIA PIERO DELLA FRANCESCA 46","categoria":"Edificio","tipo":"EDILIZIA RESIDENZIALE"},"geometry":{"type":"Point","coordinates":[13.278383,38.189789]}},{"type":"Feature","properties":{"nome":"VIA PIANO DEL FICO 31","categoria":"Terreno","tipo":"EDILIZIA RESIDENZIALE"},"geometry":{"type":"Point","coordinates":[13.424291,38.093569]}},{"type":"Feature","properties":{"nome":"VIA VERGINE MARIA 5","categoria":"Terreno","tipo":"EDILIZIA RESIDENZIALE"},"geometry":{"type":"Point","coordinates":[13.370757,38.162364]}},{"type":"Feature","properties":{"nome":"VIA BELMONTE CHIAVELLI 29","categoria":"Terreno","tipo":"EDILIZIA RESIDENZIALE"},"geometry":{"type":"Point","coordinates":[13.368566,38.090992]}},{"type":"Feature","properties":{"nome":"VIA PALMERINO 29","categoria":"Terreno","tipo":"EDILIZIA RESIDENZIALE"},"geometry":{"type":"Point","coordinates":[13.323086,38.092297]}},{"type":"Feature","properties":{"nome":"VIA DIXIT MICHELE 3","categoria":"Unità non abitativa","tipo":"EDILIZIA RESIDENZIALE"},"geometry":{"type":"Point","coordinates":[13.414772,38.074855]}},{"type":"Feature","properties":{"nome":"VIA LO FASO DOMENICO 23","categoria":"Unità non abitativa","tipo":"EDILIZIA RESIDENZIALE"},"geometry":{"type":"Point","coordinates":[13.310684,38.166973]}},{"type":"Feature","properties":{"nome":"VIA S.AGOSTINO 194/196","categoria":"Unità non abitativa","tipo":"COMMERCIALE"},"geometry":{"type":"Point","coordinates":[13.355229,38.117693]}},{"type":"Feature","properties":{"nome":"VIA SAITTA LONGHI 108","categoria":"Terreno","tipo":"EDILIZIA RESIDENZIALE"},"geometry":{"type":"Point","coordinates":[13.310397,38.090492]}},{"type":"Feature","properties":{"nome":"VICOLO DEGLI ORFANI 30/32","categoria":"Unità non abitativa","tipo":"COMMERCIALE"},"geometry":{"type":"Point","coordinates":[13.355229,38.117693]}},{"type":"Feature","properties":{"nome":"VIA S.AGOSTINO 204/206","categoria":"Unità non abitativa","tipo":"COMMERCIALE"},"geometry":{"type":"Point","coordinates":[13.355071,38.117676]}},{"type":"Feature","properties":{"nome":"VIA S.AGOSTINO 202","categoria":"Unità non abitativa","tipo":"COMMERCIALE"},"geometry":{"type":"Point","coordinates":[13.355071,38.117676]}},{"type":"Feature","properties":{"nome":"VIA PRINCIPE DI SCORDIA 53","categoria":"Unità abitativa","tipo":"EDILIZIA RESIDENZIALE"},"geometry":{"type":"Point","coordinates":[13.361106,38.124653]}},{"type":"Feature","properties":{"nome":"VIA S.AGOSTINO 200","categoria":"Unità non abitativa","tipo":"COMMERCIALE"},"geometry":{"type":"Point","coordinates":[13.355071,38.117676]}},{"type":"Feature","properties":{"nome":"VIA S.AGOSTINO 198","categoria":"Unità non abitativa","tipo":"COMMERCIALE"},"geometry":{"type":"Point","coordinates":[13.355071,38.117676]}},{"type":"Feature","properties":{"nome":"VIA BEATI PAOLI 58","categoria":"Unità non abitativa","tipo":"COMMERCIALE"},"geometry":{"type":"Point","coordinates":[13.354857,38.117316]}},{"type":"Feature","properties":{"nome":"VIA POZZO 88","categoria":"Unità abitativa","tipo":"EDILIZIA RESIDENZIALE"},"geometry":{"type":"Point","coordinates":[13.31827,38.128498]}},{"type":"Feature","properties":{"nome":"VIA BEATI PAOLI 56","categoria":"Unità non abitativa","tipo":"COMMERCIALE"},"geometry":{"type":"Point","coordinates":[13.35485,38.117264]}},{"type":"Feature","properties":{"nome":"VIA ALTOFONTE 96","categoria":"Unità abitativa","tipo":"EDILIZIA RESIDENZIALE"},"geometry":{"type":"Point","coordinates":[13.333184,38.09159]}},{"type":"Feature","properties":{"nome":"VIA CIPRESSI 25","categoria":"Unità abitativa","tipo":"EDILIZIA RESIDENZIALE"},"geometry":{"type":"Point","coordinates":[13.344938,38.114273]}},{"type":"Feature","properties":{"nome":"VIA GRASSI LIBERO 48","categoria":"Unità abitativa","tipo":"EDILIZIA RESIDENZIALE"},"geometry":{"type":"Point","coordinates":[13.336059,38.11184]}},{"type":"Feature","properties":{"nome":"VIA BEATI PAOLI 52","categoria":"Unità non abitativa","tipo":"COMMERCIALE"},"geometry":{"type":"Point","coordinates":[13.35487,38.117184]}},{"type":"Feature","properties":{"nome":"LARGO DELLE RONDINI 4","categoria":"Unità abitativa","tipo":"EDILIZIA RESIDENZIALE"},"geometry":{"type":"Point","coordinates":[13.351937,38.087963]}},{"type":"Feature","properties":{"nome":"VIA DORIDE 1/A","categoria":"Unità abitativa","tipo":"EDILIZIA RESIDENZIALE"},"geometry":{"type":"Point","coordinates":[13.313258,38.196908]}},{"type":"Feature","properties":{"nome":"VIA NIEVO IPPOLITO 4","categoria":"Unità abitativa","tipo":"EDILIZIA RESIDENZIALE"},"geometry":{"type":"Point","coordinates":[13.385825,38.091328]}},{"type":"Feature","properties":{"nome":"VIA DI GIOVANNI FILIPPO 34","categoria":"Unità abitativa","tipo":"EDILIZIA RESIDENZIALE"},"geometry":{"type":"Point","coordinates":[13.329813,38.160556]}},{"type":"Feature","properties":{"nome":"VIA BEATI PAOLI 50","categoria":"Unità non abitativa","tipo":"COMMERCIALE"},"geometry":{"type":"Point","coordinates":[13.35487,38.117184]}},{"type":"Feature","properties":{"nome":"VIALE DELLA RESURREZIONE 94","categoria":"Unità abitativa","tipo":"EDILIZIA RESIDENZIALE"},"geometry":{"type":"Point","coordinates":[13.320681,38.16578]}},{"type":"Feature","properties":{"nome":"DISCESA DELL'ETERNITA' 7","categoria":"Unità non abitativa","tipo":"COMMERCIALE"},"geometry":{"type":"Point","coordinates":[13.354732,38.117241]}},{"type":"Feature","properties":{"nome":"VIA CENTORBE 9","categoria":"Unità abitativa","tipo":"EDILIZIA RESIDENZIALE PUBBLICA"},"geometry":{"type":"Point","coordinates":[13.306664,38.134101]}},{"type":"Feature","properties":{"nome":"DISCESA DELL'ETERNITA' 5","categoria":"Unità non abitativa","tipo":"COMMERCIALE"},"geometry":{"type":"Point","coordinates":[13.35487,38.117184]}},{"type":"Feature","properties":{"nome":"VIA PORTA DI CASTRO 96/98","categoria":"Unità non abitativa","tipo":"COMMERCIALE"},"geometry":{"type":"Point","coordinates":[13.358035,38.111521]}},{"type":"Feature","properties":{"nome":"VIA CENTORBE 7","categoria":"Unità abitativa","tipo":"EDILIZIA RESIDENZIALE PUBBLICA"},"geometry":{"type":"Point","coordinates":[13.306664,38.134101]}},{"type":"Feature","properties":{"nome":"VIA PORTA DI CASTRO 92/94","categoria":"Unità non abitativa","tipo":"COMMERCIALE"},"geometry":{"type":"Point","coordinates":[13.358035,38.111521]}},{"type":"Feature","properties":{"nome":"VIA NOBILE UMBERTO 01/03/2026","categoria":"Unità non abitativa","tipo":"COMMERCIALE"},"geometry":{"type":"Point","coordinates":[13.310074,38.095414]}},{"type":"Feature","properties":{"nome":"VIA PATTI 15","categoria":"Unità abitativa","tipo":"EDILIZIA RESIDENZIALE"},"geometry":{"type":"Point","coordinates":[13.31469,38.172124]}},{"type":"Feature","properties":{"nome":"PIAZZA TORRELUNGA 5-6","categoria":"Unità non abitativa","tipo":"COMMERCIALE"},"geometry":{"type":"Point","coordinates":[13.392218,38.098841]}},{"type":"Feature","properties":{"nome":"CORSO CALATAFIMI 481","categoria":"Unità abitativa","tipo":"EDILIZIA RESIDENZIALE"},"geometry":{"type":"Point","coordinates":[13.33657,38.105784]}},{"type":"Feature","properties":{"nome":"VIA FILIPPONE 20","categoria":"Unità abitativa","tipo":"EDILIZIA RESIDENZIALE"},"geometry":{"type":"Point","coordinates":[13.351892,38.115566]}},{"type":"Feature","properties":{"nome":"VIA FILIPPONE 20-22","categoria":"Unità abitativa","tipo":"EDILIZIA RESIDENZIALE"},"geometry":{"type":"Point","coordinates":[13.351892,38.115566]}},{"type":"Feature","properties":{"nome":"VIA FILIPPONE 18","categoria":"Unità abitativa","tipo":"EDILIZIA RESIDENZIALE"},"geometry":{"type":"Point","coordinates":[13.351892,38.115566]}},{"type":"Feature","properties":{"nome":"VIA MAQUEDA 58","categoria":"Unità abitativa","tipo":"EDILIZIA RESIDENZIALE"},"geometry":{"type":"Point","coordinates":[13.363838,38.111702]}},{"type":"Feature","properties":{"nome":"VIA DELL'ORSA MINORE 122/A","categoria":"Unità non abitativa","tipo":"COMMERCIALE"},"geometry":{"type":"Point","coordinates":[13.367629,38.094188]}},{"type":"Feature","properties":{"nome":"VIA DELLA CONCEZIONE 17","categoria":"Unità abitativa","tipo":"EDILIZIA RESIDENZIALE"},"geometry":{"type":"Point","coordinates":[13.353893,38.117467]}},{"type":"Feature","properties":{"nome":"VIA DEL PRETE CARLO 23A","categoria":"Unità abitativa","tipo":"EDILIZIA RESIDENZIALE"},"geometry":{"type":"Point","coordinates":[13.323933,38.111374]}},{"type":"Feature","properties":{"nome":"VIA DEI BISCOTTARI 12","categoria":"Unità abitativa","tipo":"EDILIZIA RESIDENZIALE"},"geometry":{"type":"Point","coordinates":[13.35801,38.112376]}},{"type":"Feature","properties":{"nome":"VIA MESSINA MARINE 106","categoria":"Unità abitativa","tipo":"EDILIZIA RESIDENZIALE"},"geometry":{"type":"Point","coordinates":[13.415113,38.097812]}},{"type":"Feature","properties":{"nome":"VICOLO PESACANNONE 29","categoria":"Unità abitativa","tipo":"EDILIZIA RESIDENZIALE"},"geometry":{"type":"Point","coordinates":[13.355731,38.111175]}},{"type":"Feature","properties":{"nome":"VIA DELLE CANARIE 16","categoria":"Unità abitativa","tipo":"EDILIZIA RESIDENZIALE"},"geometry":{"type":"Point","coordinates":[13.329854,38.096659]}},{"type":"Feature","properties":{"nome":"PIAZZA S.LORENZO 25","categoria":"Unità abitativa","tipo":"EDILIZIA RESIDENZIALE"},"geometry":{"type":"Point","coordinates":[13.324749,38.161216]}},{"type":"Feature","properties":{"nome":"P.LE AURORA 7","categoria":"Unità abitativa","tipo":"EDILIZIA RESIDENZIALE"},"geometry":{"type":"Point","coordinates":[13.375577,38.09248]}},{"type":"Feature","properties":{"nome":"VICOLO MAZZARESI 10","categoria":"Unità non abitativa","tipo":"COMMERCIALE"},"geometry":{"type":"Point","coordinates":[13.354894,38.117559]}},{"type":"Feature","properties":{"nome":"VIA PADRE GIUSEPPE PUGLISI 14","categoria":"Unità abitativa","tipo":"EDILIZIA RESIDENZIALE"},"geometry":{"type":"Point","coordinates":[13.387295,38.103363]}},{"type":"Feature","properties":{"nome":"VIA CASTELFORTE 5","categoria":"Unità abitativa","tipo":"EDILIZIA RESIDENZIALE"},"geometry":{"type":"Point","coordinates":[13.327351,38.173351]}},{"type":"Feature","properties":{"nome":"VICOLO MAZZARESI 12/14","categoria":"Unità non abitativa","tipo":"COMMERCIALE"},"geometry":{"type":"Point","coordinates":[13.371936,38.115922]}},{"type":"Feature","properties":{"nome":"VIA GUERCIO 17","categoria":"Unità abitativa","tipo":"EDILIZIA RESIDENZIALE"},"geometry":{"type":"Point","coordinates":[13.368529,38.098306]}},{"type":"Feature","properties":{"nome":"VIA FRATELLI ALLOTTA 11","categoria":"Unità abitativa","tipo":"EDILIZIA RESIDENZIALE"},"geometry":{"type":"Point","coordinates":[13.325403,38.137153]}},{"type":"Feature","properties":{"nome":"VIA ROCCELLA GUSTAVO 265","categoria":"Unità abitativa","tipo":"EDILIZIA RESIDENZIALE"},"geometry":{"type":"Point","coordinates":[13.345886,38.092823]}},{"type":"Feature","properties":{"nome":"VIA BARAGLI GIACOMO 4","categoria":"Unità abitativa","tipo":"EDILIZIA RESIDENZIALE"},"geometry":{"type":"Point","coordinates":[13.414693,38.073586]}},{"type":"Feature","properties":{"nome":"VIA DE RUGGIERO GUIDO 13","categoria":"Terreno","tipo":"EDILIZIA RESIDENZIALE"},"geometry":{"type":"Point","coordinates":[13.361489,38.071606]}},{"type":"Feature","properties":{"nome":"VIA BELLOLAMPO 7300","categoria":"Terreno","tipo":"EDILIZIA RESIDENZIALE"},"geometry":{"type":"Point","coordinates":[13.262221,38.131581]}},{"type":"Feature","properties":{"nome":"VIA PARATORE GIUSEPPE 8","categoria":"Unità abitativa","tipo":"EDILIZIA RESIDENZIALE"},"geometry":{"type":"Point","coordinates":[13.374947,38.091665]}},{"type":"Feature","properties":{"nome":"PIAZZA VITTORIA ALLO SPASIMO 14","categoria":"Unità non abitativa","tipo":"COMMERCIALE"},"geometry":{"type":"Point","coordinates":[13.371896,38.115845]}},{"type":"Feature","properties":{"nome":"VIA CENTORBE 5","categoria":"Unità abitativa","tipo":"EDILIZIA RESIDENZIALE PUBBLICA"},"geometry":{"type":"Point","coordinates":[13.306664,38.134101]}},{"type":"Feature","properties":{"nome":"PIAZZA VITTORIA ALLO SPASIMO 15/16","categoria":"Unità non abitativa","tipo":"COMMERCIALE"},"geometry":{"type":"Point","coordinates":[13.371849,38.115912]}},{"type":"Feature","properties":{"nome":"PIAZZA VITTORIA ALLO SPASIMO 17/18","categoria":"Unità non abitativa","tipo":"COMMERCIALE"},"geometry":{"type":"Point","coordinates":[13.371849,38.115912]}},{"type":"Feature","properties":{"nome":"VICOLO DEL CROCIFISSO 5","categoria":"Unità non abitativa","tipo":"COMMERCIALE"},"geometry":{"type":"Point","coordinates":[13.371745,38.116065]}},{"type":"Feature","properties":{"nome":"VIA BAGOLINO SEBASTIANO 27","categoria":"Unità abitativa","tipo":"EDILIZIA RESIDENZIALE"},"geometry":{"type":"Point","coordinates":[13.361371,38.137246]}},{"type":"Feature","properties":{"nome":"VIA BAGOLINO SEBASTIANO 31","categoria":"Unità abitativa","tipo":"EDILIZIA RESIDENZIALE"},"geometry":{"type":"Point","coordinates":[13.361371,38.137246]}},{"type":"Feature","properties":{"nome":"VIA BAGOLINO SEBASTIANO 29","categoria":"Unità abitativa","tipo":"EDILIZIA RESIDENZIALE"},"geometry":{"type":"Point","coordinates":[13.361371,38.137246]}},{"type":"Feature","properties":{"nome":"VICOLO MEZZANI 32","categoria":"Unità abitativa","tipo":"EDILIZIA RESIDENZIALE"},"geometry":{"type":"Point","coordinates":[13.363935,38.117174]}},{"type":"Feature","properties":{"nome":"VICOLO TEATRO BELLINI 11","categoria":"Unità abitativa","tipo":"EDILIZIA RESIDENZIALE"},"geometry":{"type":"Point","coordinates":[13.36348,38.114992]}},{"type":"Feature","properties":{"nome":"VIA MAGIONE 3","categoria":"Unità abitativa","tipo":"EDILIZIA RESIDENZIALE"},"geometry":{"type":"Point","coordinates":[13.367584,38.112715]}},{"type":"Feature","properties":{"nome":"VIA MAGIONE 9","categoria":"Unità abitativa","tipo":"EDILIZIA RESIDENZIALE"},"geometry":{"type":"Point","coordinates":[13.367584,38.112715]}},{"type":"Feature","properties":{"nome":"VIA MAGIONE 13","categoria":"Unità abitativa","tipo":"EDILIZIA RESIDENZIALE"},"geometry":{"type":"Point","coordinates":[13.367584,38.112715]}},{"type":"Feature","properties":{"nome":"CORSO TUKORY 182/184","categoria":"Unità non abitativa","tipo":"COMMERCIALE"},"geometry":{"type":"Point","coordinates":[13.359155,38.108591]}},{"type":"Feature","properties":{"nome":"VIA MAGIONE 15","categoria":"Unità abitativa","tipo":"EDILIZIA RESIDENZIALE"},"geometry":{"type":"Point","coordinates":[13.367584,38.112715]}},{"type":"Feature","properties":{"nome":"VIA MAGIONE 17","categoria":"Unità abitativa","tipo":"EDILIZIA RESIDENZIALE"},"geometry":{"type":"Point","coordinates":[13.367584,38.112715]}},{"type":"Feature","properties":{"nome":"VIA MAGIONE 19","categoria":"Unità abitativa","tipo":"EDILIZIA RESIDENZIALE"},"geometry":{"type":"Point","coordinates":[13.367584,38.112715]}},{"type":"Feature","properties":{"nome":"VIA MAGIONE 21","categoria":"Unità abitativa","tipo":"EDILIZIA RESIDENZIALE"},"geometry":{"type":"Point","coordinates":[13.367584,38.112715]}},{"type":"Feature","properties":{"nome":"VIA DEL PROTONOTARO 15","categoria":"Unità abitativa","tipo":"EDILIZIA RESIDENZIALE"},"geometry":{"type":"Point","coordinates":[13.358237,38.113621]}},{"type":"Feature","properties":{"nome":"VICOLO ZAGARELLAI 2/C","categoria":"Unità non abitativa","tipo":"COMMERCIALE"},"geometry":{"type":"Point","coordinates":[13.370843,38.117156]}},{"type":"Feature","properties":{"nome":"VIA GARIBALDI 26","categoria":"Unità abitativa","tipo":"EDILIZIA RESIDENZIALE"},"geometry":{"type":"Point","coordinates":[13.367091,38.112757]}},{"type":"Feature","properties":{"nome":"VIA GARIBALDI 22","categoria":"Unità abitativa","tipo":"EDILIZIA RESIDENZIALE"},"geometry":{"type":"Point","coordinates":[13.367091,38.112757]}},{"type":"Feature","properties":{"nome":"VIA DI GIORGIO MARIA GRAZIA 9","categoria":"Unità abitativa","tipo":"EDILIZIA RESIDENZIALE"},"geometry":{"type":"Point","coordinates":[13.301861,38.165155]}},{"type":"Feature","properties":{"nome":"VIA DIXIT MICHELE 21","categoria":"Unità abitativa","tipo":"EDILIZIA RESIDENZIALE"},"geometry":{"type":"Point","coordinates":[13.416988,38.073435]}},{"type":"Feature","properties":{"nome":"VIA SCOPARI 16","categoria":"Unità non abitativa","tipo":"COMMERCIALE"},"geometry":{"type":"Point","coordinates":[13.370843,38.117156]}},{"type":"Feature","properties":{"nome":"VIA INSERRA 34","categoria":"Unità abitativa","tipo":"EDILIZIA RESIDENZIALE"},"geometry":{"type":"Point","coordinates":[13.307671,38.149625]}},{"type":"Feature","properties":{"nome":"VIA CASTELLANA 372","categoria":"Unità abitativa","tipo":"EDILIZIA RESIDENZIALE"},"geometry":{"type":"Point","coordinates":[13.279876,38.127833]}},{"type":"Feature","properties":{"nome":"VIA GUASTELLA SERAFINO AMABILE6","categoria":"Unità abitativa","tipo":"EDILIZIA RESIDENZIALE"},"geometry":{"type":"Point","coordinates":[13.288846,38.191696]}},{"type":"Feature","properties":{"nome":"VIA BELLOLAMPO 7270","categoria":"Unità abitativa","tipo":"EDILIZIA RESIDENZIALE"},"geometry":{"type":"Point","coordinates":[13.262914,38.131495]}},{"type":"Feature","properties":{"nome":"VIA SCOPARI 12","categoria":"Unità non abitativa","tipo":"COMMERCIALE"},"geometry":{"type":"Point","coordinates":[13.370843,38.117156]}},{"type":"Feature","properties":{"nome":"VIA ALOI 57","categoria":"Unità abitativa","tipo":"EDILIZIA RESIDENZIALE"},"geometry":{"type":"Point","coordinates":[13.35329,38.081576]}},{"type":"Feature","properties":{"nome":"VIA GIBILROSSA 26","categoria":"Edificio","tipo":"EDILIZIA RESIDENZIALE"},"geometry":{"type":"Point","coordinates":[13.406894,38.073057]}},{"type":"Feature","properties":{"nome":"VICOLO ROSA ALL'ALLORO 21","categoria":"Unità non abitativa","tipo":"COMMERCIALE"},"geometry":{"type":"Point","coordinates":[13.370843,38.117156]}},{"type":"Feature","properties":{"nome":"VIALE REGINA ELENA","categoria":"Terreno","tipo":"COMMERCIALE"},"geometry":{"type":"Point","coordinates":[13.32485,38.20627]}},{"type":"Feature","properties":{"nome":"VIA VILLAGRAZIA 108/E","categoria":"Unità non abitativa","tipo":"COMMERCIALE"},"geometry":{"type":"Point","coordinates":[13.351105,38.087553]}},{"type":"Feature","properties":{"nome":"VIA S.AGOSTINO 186-188","categoria":"Unità non abitativa","tipo":"COMMERCIALE"},"geometry":{"type":"Point","coordinates":[13.35534,38.117752]}},{"type":"Feature","properties":{"nome":"VIA RAGUSA GIAMBATTISTA 4","categoria":"Unità abitativa","tipo":"EDILIZIA RESIDENZIALE PUBBLICA"},"geometry":{"type":"Point","coordinates":[13.308552,38.133528]}},{"type":"Feature","properties":{"nome":"VIA GARIBALDI 30","categoria":"Unità abitativa","tipo":"EDILIZIA RESIDENZIALE"},"geometry":{"type":"Point","coordinates":[13.367091,38.112757]}},{"type":"Feature","properties":{"nome":"PIAZZA DEI TEDESCHI 2","categoria":"Unità abitativa","tipo":"EDILIZIA RESIDENZIALE"},"geometry":{"type":"Point","coordinates":[13.357407,38.111354]}},{"type":"Feature","properties":{"nome":"VIA GIOENI 2","categoria":"Unità abitativa","tipo":"EDILIZIA RESIDENZIALE"},"geometry":{"type":"Point","coordinates":[13.355281,38.115673]}},{"type":"Feature","properties":{"nome":"PIAZZA ZISA 52","categoria":"Unità abitativa","tipo":"EDILIZIA RESIDENZIALE"},"geometry":{"type":"Point","coordinates":[13.341596,38.116444]}},{"type":"Feature","properties":{"nome":"PIAZZA ZISA 55","categoria":"Unità abitativa","tipo":"EDILIZIA RESIDENZIALE"},"geometry":{"type":"Point","coordinates":[13.341596,38.116444]}},{"type":"Feature","properties":{"nome":"PIAZZA ZISA 56","categoria":"Unità abitativa","tipo":"EDILIZIA RESIDENZIALE"},"geometry":{"type":"Point","coordinates":[13.341596,38.116444]}},{"type":"Feature","properties":{"nome":"PIAZZA ZISA 57","categoria":"Unità abitativa","tipo":"EDILIZIA RESIDENZIALE"},"geometry":{"type":"Point","coordinates":[13.341596,38.116444]}},{"type":"Feature","properties":{"nome":"PIAZZA ZISA 59","categoria":"Unità abitativa","tipo":"EDILIZIA RESIDENZIALE"},"geometry":{"type":"Point","coordinates":[13.341596,38.116444]}},{"type":"Feature","properties":{"nome":"PIAZZA ZISA 54","categoria":"Unità abitativa","tipo":"EDILIZIA RESIDENZIALE"},"geometry":{"type":"Point","coordinates":[13.341596,38.116444]}},{"type":"Feature","properties":{"nome":"PIAZZA ZISA 58","categoria":"Unità abitativa","tipo":"EDILIZIA RESIDENZIALE"},"geometry":{"type":"Point","coordinates":[13.341596,38.116444]}},{"type":"Feature","properties":{"nome":"PIAZZA ZISA 51/A","categoria":"Unità abitativa","tipo":"EDILIZIA RESIDENZIALE"},"geometry":{"type":"Point","coordinates":[13.341623,38.116806]}},{"type":"Feature","properties":{"nome":"PIAZZA ZISA 44","categoria":"Unità abitativa","tipo":"EDILIZIA RESIDENZIALE"},"geometry":{"type":"Point","coordinates":[13.341638,38.117174]}},{"type":"Feature","properties":{"nome":"PIAZZA ZISA 45","categoria":"Unità abitativa","tipo":"EDILIZIA RESIDENZIALE"},"geometry":{"type":"Point","coordinates":[13.341638,38.117174]}},{"type":"Feature","properties":{"nome":"PIAZZA ZISA 46","categoria":"Unità abitativa","tipo":"EDILIZIA RESIDENZIALE"},"geometry":{"type":"Point","coordinates":[13.341638,38.117174]}},{"type":"Feature","properties":{"nome":"PIAZZA ZISA 47","categoria":"Unità abitativa","tipo":"EDILIZIA RESIDENZIALE"},"geometry":{"type":"Point","coordinates":[13.341638,38.117174]}},{"type":"Feature","properties":{"nome":"PIAZZA ZISA 48","categoria":"Unità abitativa","tipo":"EDILIZIA RESIDENZIALE"},"geometry":{"type":"Point","coordinates":[13.341638,38.117174]}},{"type":"Feature","properties":{"nome":"PIAZZA ZISA S.N.C.","categoria":"Unità abitativa","tipo":"EDILIZIA RESIDENZIALE"},"geometry":{"type":"Point","coordinates":[13.341638,38.117174]}},{"type":"Feature","properties":{"nome":"VIA S. GIOVANNI DI DIO 11","categoria":"Unità abitativa","tipo":"EDILIZIA RESIDENZIALE"},"geometry":{"type":"Point","coordinates":[13.383064,38.100201]}},{"type":"Feature","properties":{"nome":"VICOLO DEGLI ORFANI 5-7","categoria":"Unità non abitativa","tipo":"COMMERCIALE"},"geometry":{"type":"Point","coordinates":[13.355413,38.117222]}},{"type":"Feature","properties":{"nome":"VIA SALEMI GIOVANNI 21","categoria":"Unità abitativa","tipo":"EDILIZIA RESIDENZIALE"},"geometry":{"type":"Point","coordinates":[13.309591,38.147745]}},{"type":"Feature","properties":{"nome":"VIA VILLAGRAZIA 369","categoria":"Unità abitativa","tipo":"EDILIZIA RESIDENZIALE"},"geometry":{"type":"Point","coordinates":[13.332261,38.08163]}},{"type":"Feature","properties":{"nome":"VIA LI GRECI LAURETTA 11-13","categoria":"Unità abitativa","tipo":"EDILIZIA RESIDENZIALE"},"geometry":{"type":"Point","coordinates":[13.327799,38.208701]}},{"type":"Feature","properties":{"nome":"VIA PAULING LINUS SNC","categoria":"Unità abitativa","tipo":"EDILIZIA RESIDENZIALE"},"geometry":{"type":"Point","coordinates":[13.324327,38.145062]}},{"type":"Feature","properties":{"nome":"VIA BELMONTE CHIAVELLI 129","categoria":"Unità abitativa","tipo":"EDILIZIA RESIDENZIALE"},"geometry":{"type":"Point","coordinates":[13.369378,38.080129]}},{"type":"Feature","properties":{"nome":"VIA MONTE BIANCO SNC","categoria":"Unità abitativa","tipo":"EDILIZIA RESIDENZIALE"},"geometry":{"type":"Point","coordinates":[13.297524,38.167418]}},{"type":"Feature","properties":{"nome":"VIA BARAGLI GIACOMO 1","categoria":"Unità abitativa","tipo":"EDILIZIA RESIDENZIALE"},"geometry":{"type":"Point","coordinates":[13.413383,38.073582]}},{"type":"Feature","properties":{"nome":"VIA TORRE INGASTONE 8","categoria":"Unità abitativa","tipo":"EDILIZIA RESIDENZIALE"},"geometry":{"type":"Point","coordinates":[13.30316,38.133761]}},{"type":"Feature","properties":{"nome":"VIA PIZZETTI ILDEBRANDO 10/12/2026","categoria":"Unità non abitativa","tipo":"COMMERCIALE"},"geometry":{"type":"Point","coordinates":[13.33993,38.128594]}},{"type":"Feature","properties":{"nome":"VIA FALSOMIELE SNC","categoria":"Unità abitativa","tipo":"EDILIZIA RESIDENZIALE"},"geometry":{"type":"Point","coordinates":[13.350414,38.075511]}},{"type":"Feature","properties":{"nome":"VIA V.F.33 9","categoria":"Unità abitativa","tipo":"EDILIZIA RESIDENZIALE"},"geometry":{"type":"Point","coordinates":[13.343915,38.074237]}},{"type":"Feature","properties":{"nome":"PIAZZA S.OLIVA SNC","categoria":"Area","tipo":"COMMERCIALE"},"geometry":{"type":"Point","coordinates":[13.354203,38.122955]}},{"type":"Feature","properties":{"nome":"VIA JUVARA ALOISIO 40/42","categoria":"Unità non abitativa","tipo":"COMMERCIALE"},"geometry":{"type":"Point","coordinates":[13.361986,38.138971]}},{"type":"Feature","properties":{"nome":"VIA CARDUCCI GIOSUE' 4a-4b-4c","categoria":"Unità non abitativa","tipo":"COMMERCIALE"},"geometry":{"type":"Point","coordinates":[13.354208,38.125062]}},{"type":"Feature","properties":{"nome":"VIA GIOIAMIA 27","categoria":"Unità non abitativa","tipo":"COMMERCIALE"},"geometry":{"type":"Point","coordinates":[13.354451,38.115647]}},{"type":"Feature","properties":{"nome":"VICOLO S.MICHELE ARCANGELO 21","categoria":"Unità non abitativa","tipo":"COMMERCIALE"},"geometry":{"type":"Point","coordinates":[13.361127,38.11243]}},{"type":"Feature","properties":{"nome":"VIA DEL PAPPAGALLO 7","categoria":"Unità abitativa","tipo":"EDILIZIA RESIDENZIALE"},"geometry":{"type":"Point","coordinates":[13.36928,38.116379]}},{"type":"Feature","properties":{"nome":"VIA SERRADIFALCO 250","categoria":"Unità abitativa","tipo":"EDILIZIA RESIDENZIALE"},"geometry":{"type":"Point","coordinates":[13.337793,38.129749]}},{"type":"Feature","properties":{"nome":"VIA CASUZZE ALL'INSERRA","categoria":"Unità abitativa","tipo":"EDILIZIA RESIDENZIALE"},"geometry":{"type":"Point","coordinates":[13.297184,38.154144]}},{"type":"Feature","properties":{"nome":"VICOLO DEGLI ORFANI 26","categoria":"Unità abitativa","tipo":"EDILIZIA RESIDENZIALE"},"geometry":{"type":"Point","coordinates":[13.355248,38.117614]}},{"type":"Feature","properties":{"nome":"VICOLO DEGLI ORFANI 24","categoria":"Unità abitativa","tipo":"EDILIZIA RESIDENZIALE"},"geometry":{"type":"Point","coordinates":[13.355248,38.117614]}},{"type":"Feature","properties":{"nome":"VIA ARGENTIERI 34","categoria":"Unità abitativa","tipo":"EDILIZIA RESIDENZIALE"},"geometry":{"type":"Point","coordinates":[13.364981,38.138336]}},{"type":"Feature","properties":{"nome":"VIA DEL FONDACO 8","categoria":"Unità abitativa","tipo":"EDILIZIA RESIDENZIALE"},"geometry":{"type":"Point","coordinates":[13.357927,38.112052]}},{"type":"Feature","properties":{"nome":"VIA DEL FONDACO 10","categoria":"Unità abitativa","tipo":"EDILIZIA RESIDENZIALE"},"geometry":{"type":"Point","coordinates":[13.357927,38.112052]}},{"type":"Feature","properties":{"nome":"VIA BESTA FABIO 37","categoria":"Unità abitativa","tipo":"EDILIZIA RESIDENZIALE"},"geometry":{"type":"Point","coordinates":[13.305625,38.174983]}},{"type":"Feature","properties":{"nome":"PIAZZA VILLAGRAZIA 14","categoria":"Unità abitativa","tipo":"EDILIZIA RESIDENZIALE"},"geometry":{"type":"Point","coordinates":[13.332324,38.079329]}},{"type":"Feature","properties":{"nome":"VIA SCHILLACI 53","categoria":"Unità abitativa","tipo":"EDILIZIA RESIDENZIALE"},"geometry":{"type":"Point","coordinates":[13.284067,38.205614]}},{"type":"Feature","properties":{"nome":"VIA CIACULLI 429","categoria":"Unità abitativa","tipo":"EDILIZIA RESIDENZIALE"},"geometry":{"type":"Point","coordinates":[13.412273,38.06984]}},{"type":"Feature","properties":{"nome":"VIA CASTELFORTE 78","categoria":"Unità abitativa","tipo":"EDILIZIA RESIDENZIALE"},"geometry":{"type":"Point","coordinates":[13.325111,38.180063]}},{"type":"Feature","properties":{"nome":"VIA DELLE CROCI 53","categoria":"Unità non abitativa","tipo":"CULTO"},"geometry":{"type":"Point","coordinates":[13.352535,38.130737]}},{"type":"Feature","properties":{"nome":"FONDO CHIANAZZO 3","categoria":"Unità abitativa","tipo":"EDILIZIA RESIDENZIALE"},"geometry":{"type":"Point","coordinates":[13.314723,38.15517]}},{"type":"Feature","properties":{"nome":"CORTILE DEI BOVARI 41-43","categoria":"Unità abitativa","tipo":"EDILIZIA RESIDENZIALE"},"geometry":{"type":"Point","coordinates":[13.328484,38.176315]}},{"type":"Feature","properties":{"nome":"VIA FALSOMIELE 85","categoria":"Unità abitativa","tipo":"EDILIZIA RESIDENZIALE"},"geometry":{"type":"Point","coordinates":[13.354997,38.075143]}},{"type":"Feature","properties":{"nome":"VIA SAN BERNARDO DA CORLEONE19","categoria":"Unità abitativa","tipo":"EDILIZIA RESIDENZIALE"},"geometry":{"type":"Point","coordinates":[13.349868,38.084701]}},{"type":"Feature","properties":{"nome":"VICOLO ROCCA 56","categoria":"Unità abitativa","tipo":"EDILIZIA RESIDENZIALE"},"geometry":{"type":"Point","coordinates":[13.308056,38.095994]}},{"type":"Feature","properties":{"nome":"VIA CIACULLI 59","categoria":"Unità abitativa","tipo":"EDILIZIA RESIDENZIALE"},"geometry":{"type":"Point","coordinates":[13.394709,38.081751]}},{"type":"Feature","properties":{"nome":"VICOLO COLLUZIO A CROCEVERDE 10","categoria":"Unità abitativa","tipo":"EDILIZIA RESIDENZIALE"},"geometry":{"type":"Point","coordinates":[13.42372,38.07045]}},{"type":"Feature","properties":{"nome":"VIA MOSTO ANTONIO SNC","categoria":"Unità abitativa","tipo":"EDILIZIA RESIDENZIALE"},"geometry":{"type":"Point","coordinates":[13.415642,38.068393]}},{"type":"Feature","properties":{"nome":"VIA URZI' SARO 4","categoria":"Unità abitativa","tipo":"EDILIZIA RESIDENZIALE"},"geometry":{"type":"Point","coordinates":[13.322337,38.085119]}},{"type":"Feature","properties":{"nome":"VIA QUATTROCIOCCHI DOMENICO11","categoria":"Unità abitativa","tipo":"EDILIZIA RESIDENZIALE"},"geometry":{"type":"Point","coordinates":[13.396635,38.076659]}},{"type":"Feature","properties":{"nome":"VIA MONTEVERGINI 22","categoria":"Edificio","tipo":"CULTO"},"geometry":{"type":"Point","coordinates":[13.358369,38.115223]}},{"type":"Feature","properties":{"nome":"VIA DELLE BALATE 04/06/2026","categoria":"Unità non abitativa","tipo":"CULTURALE"},"geometry":{"type":"Point","coordinates":[13.357355,38.110771]}},{"type":"Feature","properties":{"nome":"VIALE MICHELANGELO 1959","categoria":"Unità abitativa","tipo":"EDILIZIA RESIDENZIALE PUBBLICA"},"geometry":{"type":"Point","coordinates":[13.309472,38.133648]}},{"type":"Feature","properties":{"nome":"CORSO CALATAFIMI 65","categoria":"Unità abitativa","tipo":"EDILIZIA RESIDENZIALE"},"geometry":{"type":"Point","coordinates":[13.350521,38.111609]}},{"type":"Feature","properties":{"nome":"VIA CHIAPPARA AL CARMINE 79","categoria":"Unità abitativa","tipo":"CULTURALE"},"geometry":{"type":"Point","coordinates":[13.362517,38.110382]}},{"type":"Feature","properties":{"nome":"VIA COLONNA ROTTA 48 / 50","categoria":"Unità abitativa","tipo":"EDILIZIA RESIDENZIALE"},"geometry":{"type":"Point","coordinates":[13.351126,38.111831]}},{"type":"Feature","properties":{"nome":"VIA ORETO 448","categoria":"Unità abitativa","tipo":"EDILIZIA RESIDENZIALE"},"geometry":{"type":"Point","coordinates":[13.374807,38.095702]}},{"type":"Feature","properties":{"nome":"VIA SAETTA ANTONINO 57","categoria":"Unità abitativa","tipo":"EDILIZIA RESIDENZIALE"},"geometry":{"type":"Point","coordinates":[13.380698,38.1074]}},{"type":"Feature","properties":{"nome":"VIA JUVARA ALOISIO 18","categoria":"Unità abitativa","tipo":"EDILIZIA RESIDENZIALE"},"geometry":{"type":"Point","coordinates":[13.362154,38.137684]}},{"type":"Feature","properties":{"nome":"VIA LANZA DI SCALEA GIUSEPPE 530","categoria":"Unità abitativa","tipo":"EDILIZIA RESIDENZIALE"},"geometry":{"type":"Point","coordinates":[13.315208,38.168374]}},{"type":"Feature","properties":{"nome":"VIA VILLAGRAZIA 167","categoria":"Unità abitativa","tipo":"EDILIZIA RESIDENZIALE"},"geometry":{"type":"Point","coordinates":[13.355325,38.09137]}},{"type":"Feature","properties":{"nome":"VIA DELLE PERGOLE 76","categoria":"Unità abitativa","tipo":"CULTURALE"},"geometry":{"type":"Point","coordinates":[13.362517,38.110382]}},{"type":"Feature","properties":{"nome":"VIA EUFROSINE 15","categoria":"Unità abitativa","tipo":"EDILIZIA RESIDENZIALE"},"geometry":{"type":"Point","coordinates":[13.282437,38.199504]}},{"type":"Feature","properties":{"nome":"VIA EUFROSINE 14","categoria":"Unità abitativa","tipo":"EDILIZIA RESIDENZIALE"},"geometry":{"type":"Point","coordinates":[13.282437,38.199504]}},{"type":"Feature","properties":{"nome":"VIA DELL'ORSA MINORE 126","categoria":"Unità abitativa","tipo":"EDILIZIA RESIDENZIALE"},"geometry":{"type":"Point","coordinates":[13.367629,38.094188]}},{"type":"Feature","properties":{"nome":"VIA MOLARA 158","categoria":"Unità abitativa","tipo":"EDILIZIA RESIDENZIALE"},"geometry":{"type":"Point","coordinates":[13.313396,38.085352]}},{"type":"Feature","properties":{"nome":"VIA ALBIRI 5","categoria":"Unità abitativa","tipo":"EDILIZIA RESIDENZIALE"},"geometry":{"type":"Point","coordinates":[13.363019,38.090381]}},{"type":"Feature","properties":{"nome":"VIA CAPITO' GIUSEPPE 18","categoria":"Unità abitativa","tipo":"EDILIZIA RESIDENZIALE"},"geometry":{"type":"Point","coordinates":[13.323147,38.074961]}},{"type":"Feature","properties":{"nome":"VIA ANAPO 43","categoria":"Unità abitativa","tipo":"EDILIZIA RESIDENZIALE"},"geometry":{"type":"Point","coordinates":[13.320506,38.118399]}},{"type":"Feature","properties":{"nome":"VIA BELLOLAMPO 5535","categoria":"Unità abitativa","tipo":"EDILIZIA RESIDENZIALE"},"geometry":{"type":"Point","coordinates":[13.271482,38.139678]}},{"type":"Feature","properties":{"nome":"VIA AQUINO MOLARA 29","categoria":"Unità abitativa","tipo":"EDILIZIA RESIDENZIALE"},"geometry":{"type":"Point","coordinates":[13.309086,38.082107]}},{"type":"Feature","properties":{"nome":"VIA ALLA FALCONARA 40","categoria":"Unità abitativa","tipo":"EDILIZIA RESIDENZIALE"},"geometry":{"type":"Point","coordinates":[13.290466,38.115271]}},{"type":"Feature","properties":{"nome":"VIA CASTELLANA 374","categoria":"Unità abitativa","tipo":"EDILIZIA RESIDENZIALE"},"geometry":{"type":"Point","coordinates":[13.279904,38.128059]}},{"type":"Feature","properties":{"nome":"VIA GUADAGNA 86","categoria":"Unità abitativa","tipo":"EDILIZIA RESIDENZIALE"},"geometry":{"type":"Point","coordinates":[13.36944,38.099747]}},{"type":"Feature","properties":{"nome":"VIA ALOI 67","categoria":"Unità abitativa","tipo":"EDILIZIA RESIDENZIALE"},"geometry":{"type":"Point","coordinates":[13.353496,38.08095]}},{"type":"Feature","properties":{"nome":"VIA PLATONE 16","categoria":"Unità abitativa","tipo":"EDILIZIA RESIDENZIALE"},"geometry":{"type":"Point","coordinates":[13.281305,38.19548]}},{"type":"Feature","properties":{"nome":"VIA PLATONE 18","categoria":"Unità abitativa","tipo":"EDILIZIA RESIDENZIALE"},"geometry":{"type":"Point","coordinates":[13.281305,38.19548]}},{"type":"Feature","properties":{"nome":"VIA DELLE PERGOLE 78","categoria":"Unità abitativa","tipo":"CULTURALE"},"geometry":{"type":"Point","coordinates":[13.362517,38.110382]}},{"type":"Feature","properties":{"nome":"VIA DELLE NAIADI SNC","categoria":"Unità abitativa","tipo":"EDILIZIA RESIDENZIALE"},"geometry":{"type":"Point","coordinates":[13.28223,38.201612]}},{"type":"Feature","properties":{"nome":"VIA DELLE PERGOLE 80","categoria":"Unità abitativa","tipo":"CULTURALE"},"geometry":{"type":"Point","coordinates":[13.362517,38.110382]}},{"type":"Feature","properties":{"nome":"VIALE MICHELANGELO 1943","categoria":"Unità abitativa","tipo":"EDILIZIA RESIDENZIALE PUBBLICA"},"geometry":{"type":"Point","coordinates":[13.309472,38.133648]}},{"type":"Feature","properties":{"nome":"VIA DELLO SPASIMO 17","categoria":"Unità abitativa","tipo":"EDILIZIA RESIDENZIALE PUBBLICA"},"geometry":{"type":"Point","coordinates":[13.371937,38.114865]}},{"type":"Feature","properties":{"nome":"VIA CERVELLO NICOLO' 66","categoria":"Unità abitativa","tipo":"EDILIZIA RESIDENZIALE"},"geometry":{"type":"Point","coordinates":[13.374209,38.114581]}},{"type":"Feature","properties":{"nome":"CORTILE CHIAVELLI 93","categoria":"Unità abitativa","tipo":"EDILIZIA RESIDENZIALE"},"geometry":{"type":"Point","coordinates":[13.371202,38.083326]}},{"type":"Feature","properties":{"nome":"VIA JUNG GUIDO 7","categoria":"Unità abitativa","tipo":"EDILIZIA RESIDENZIALE"},"geometry":{"type":"Point","coordinates":[13.363273,38.142252]}},{"type":"Feature","properties":{"nome":"VIA SPERONE 7","categoria":"Unità abitativa","tipo":"EDILIZIA RESIDENZIALE"},"geometry":{"type":"Point","coordinates":[13.39297,38.098877]}},{"type":"Feature","properties":{"nome":"CORSO CALATAFIMI 1011","categoria":"Unità abitativa","tipo":"EDILIZIA RESIDENZIALE"},"geometry":{"type":"Point","coordinates":[13.318977,38.098989]}},{"type":"Feature","properties":{"nome":"VIA NUOVA 7","categoria":"Unità abitativa","tipo":"EDILIZIA RESIDENZIALE"},"geometry":{"type":"Point","coordinates":[13.324749,38.161216]}},{"type":"Feature","properties":{"nome":"VIA PALMERINO 63","categoria":"Unità abitativa","tipo":"EDILIZIA RESIDENZIALE"},"geometry":{"type":"Point","coordinates":[13.323264,38.094093]}},{"type":"Feature","properties":{"nome":"VIA PERRICONE PIETRO 27","categoria":"Unità abitativa","tipo":"EDILIZIA RESIDENZIALE"},"geometry":{"type":"Point","coordinates":[13.313703,38.145887]}},{"type":"Feature","properties":{"nome":"VIA MILLO AMMIRAGLIO 39","categoria":"Unità abitativa","tipo":"EDILIZIA RESIDENZIALE"},"geometry":{"type":"Point","coordinates":[13.337363,38.121974]}},{"type":"Feature","properties":{"nome":"VIA PONTE DI MARE 29","categoria":"Unità abitativa","tipo":"EDILIZIA RESIDENZIALE"},"geometry":{"type":"Point","coordinates":[13.377962,38.112245]}},{"type":"Feature","properties":{"nome":"VIA HOLM ADOLFO 9","categoria":"Unità abitativa","tipo":"EDILIZIA RESIDENZIALE"},"geometry":{"type":"Point","coordinates":[13.331444,38.127327]}},{"type":"Feature","properties":{"nome":"VIALE FRANCIA 2","categoria":"Unità abitativa","tipo":"EDILIZIA RESIDENZIALE"},"geometry":{"type":"Point","coordinates":[13.323955,38.154938]}},{"type":"Feature","properties":{"nome":"VIA CIACULLI 258","categoria":"Unità abitativa","tipo":"EDILIZIA RESIDENZIALE"},"geometry":{"type":"Point","coordinates":[13.415643,38.072043]}},{"type":"Feature","properties":{"nome":"VIA TOMASELLI ONOFRIO 37","categoria":"Unità abitativa","tipo":"EDILIZIA RESIDENZIALE"},"geometry":{"type":"Point","coordinates":[13.414898,38.075903]}},{"type":"Feature","properties":{"nome":"VIA BUONRIPOSO 62","categoria":"Unità abitativa","tipo":"EDILIZIA RESIDENZIALE"},"geometry":{"type":"Point","coordinates":[13.374166,38.102477]}},{"type":"Feature","properties":{"nome":"VIA CONTE FEDERICO SNC","categoria":"Unità abitativa","tipo":"EDILIZIA RESIDENZIALE"},"geometry":{"type":"Point","coordinates":[13.410552,38.078726]}},{"type":"Feature","properties":{"nome":"VIA MONTE BIANCO 43","categoria":"Unità abitativa","tipo":"EDILIZIA RESIDENZIALE"},"geometry":{"type":"Point","coordinates":[13.297944,38.166276]}},{"type":"Feature","properties":{"nome":"VIA BADIA 287","categoria":"Unità abitativa","tipo":"EDILIZIA RESIDENZIALE"},"geometry":{"type":"Point","coordinates":[13.316587,38.141399]}},{"type":"Feature","properties":{"nome":"CLE S.ONOFRIO (VIA MOLARA) 18","categoria":"Unità abitativa","tipo":"EDILIZIA RESIDENZIALE"},"geometry":{"type":"Point","coordinates":[13.316015,38.087055]}},{"type":"Feature","properties":{"nome":"VIA TOLOMEA SNC","categoria":"Unità abitativa","tipo":"EDILIZIA RESIDENZIALE"},"geometry":{"type":"Point","coordinates":[13.313057,38.206446]}},{"type":"Feature","properties":{"nome":"VIA POLITI RAFFAELLO 4","categoria":"Unità abitativa","tipo":"EDILIZIA RESIDENZIALE"},"geometry":{"type":"Point","coordinates":[13.315044,38.126421]}},{"type":"Feature","properties":{"nome":"LARGO DEI PINGUINI 1","categoria":"Unità abitativa","tipo":"EDILIZIA RESIDENZIALE PUBBLICA"},"geometry":{"type":"Point","coordinates":[13.354214,38.087409]}},{"type":"Feature","properties":{"nome":"VIA MANIACI GIUSEPPE 21","categoria":"Unità abitativa","tipo":"EDILIZIA RESIDENZIALE PUBBLICA"},"geometry":{"type":"Point","coordinates":[13.354214,38.087409]}},{"type":"Feature","properties":{"nome":"VIA MESSINA MARINE 449/A","categoria":"Unità abitativa","tipo":"EDILIZIA RESIDENZIALE"},"geometry":{"type":"Point","coordinates":[13.403099,38.099698]}},{"type":"Feature","properties":{"nome":"VIA ORETO 206","categoria":"Unità abitativa","tipo":"EDILIZIA RESIDENZIALE"},"geometry":{"type":"Point","coordinates":[13.368203,38.105607]}},{"type":"Feature","properties":{"nome":"LARGO GIULIANA 10","categoria":"Unità abitativa","tipo":"EDILIZIA RESIDENZIALE"},"geometry":{"type":"Point","coordinates":[13.385791,38.093167]}},{"type":"Feature","properties":{"nome":"VIA TERRASANTA 82","categoria":"Unità abitativa","tipo":"EDILIZIA RESIDENZIALE"},"geometry":{"type":"Point","coordinates":[13.343988,38.130055]}},{"type":"Feature","properties":{"nome":"VIA PIGAFETTA ANTONIO 28","categoria":"Unità abitativa","tipo":"EDILIZIA RESIDENZIALE"},"geometry":{"type":"Point","coordinates":[13.38692,38.105187]}},{"type":"Feature","properties":{"nome":"CORTILE CAPPA 5","categoria":"Unità abitativa","tipo":"EDILIZIA RESIDENZIALE"},"geometry":{"type":"Point","coordinates":[13.370978,38.117486]}},{"type":"Feature","properties":{"nome":"VIALE REGIONE SICILIANA N.O. 2280","categoria":"Unità abitativa","tipo":"EDILIZIA RESIDENZIALE"},"geometry":{"type":"Point","coordinates":[13.351006,38.086893]}},{"type":"Feature","properties":{"nome":"VIA AMATO POJERO GIUSEPPE 11","categoria":"Unità abitativa","tipo":"EDILIZIA RESIDENZIALE"},"geometry":{"type":"Point","coordinates":[13.367539,38.098587]}},{"type":"Feature","properties":{"nome":"VIA CHIAPPARA AL CARMINE 81","categoria":"Unità abitativa","tipo":"CULTURALE"},"geometry":{"type":"Point","coordinates":[13.362517,38.110382]}},{"type":"Feature","properties":{"nome":"VIA ENCELADO 12","categoria":"Unità abitativa","tipo":"EDILIZIA RESIDENZIALE"},"geometry":{"type":"Point","coordinates":[13.299406,38.196929]}},{"type":"Feature","properties":{"nome":"VIA COLOMBA 60","categoria":"Unità abitativa","tipo":"EDILIZIA RESIDENZIALE"},"geometry":{"type":"Point","coordinates":[13.35792,38.106108]}},{"type":"Feature","properties":{"nome":"VIA MESSINA MARINE 411","categoria":"Unità abitativa","tipo":"EDILIZIA RESIDENZIALE"},"geometry":{"type":"Point","coordinates":[13.395798,38.10123]}},{"type":"Feature","properties":{"nome":"VIA CHIAPPARA AL CARMINE 83","categoria":"Unità abitativa","tipo":"CULTURALE"},"geometry":{"type":"Point","coordinates":[13.362517,38.110382]}},{"type":"Feature","properties":{"nome":"VIA CADUTI SUL LAVORO 24","categoria":"Unità abitativa","tipo":"EDILIZIA RESIDENZIALE"},"geometry":{"type":"Point","coordinates":[13.294772,38.18844]}},{"type":"Feature","properties":{"nome":"VIA UGDULENA GREGORIO 10","categoria":"Unità abitativa","tipo":"EDILIZIA RESIDENZIALE"},"geometry":{"type":"Point","coordinates":[13.346182,38.140372]}},{"type":"Feature","properties":{"nome":"VIA ZAMPARRONE BALDASSARE 61","categoria":"Unità abitativa","tipo":"EDILIZIA RESIDENZIALE"},"geometry":{"type":"Point","coordinates":[13.339479,38.121591]}},{"type":"Feature","properties":{"nome":"LARGO PERRI ENRICO 1","categoria":"Unità abitativa","tipo":"EDILIZIA RESIDENZIALE"},"geometry":{"type":"Point","coordinates":[13.392527,38.100742]}},{"type":"Feature","properties":{"nome":"VIA D'ALI' GIUSEPPE 18","categoria":"Unità abitativa","tipo":"EDILIZIA RESIDENZIALE"},"geometry":{"type":"Point","coordinates":[13.417905,38.088614]}},{"type":"Feature","properties":{"nome":"VIA FRANCHINA NINO SNC","categoria":"Unità abitativa","tipo":"EDILIZIA RESIDENZIALE"},"geometry":{"type":"Point","coordinates":[13.398382,38.076337]}},{"type":"Feature","properties":{"nome":"VIA CHIAPPARA AL CARMINE 85","categoria":"Unità abitativa","tipo":"CULTURALE"},"geometry":{"type":"Point","coordinates":[13.362517,38.110382]}},{"type":"Feature","properties":{"nome":"VIA SAITTA LONGHI 78","categoria":"Unità abitativa","tipo":"EDILIZIA RESIDENZIALE"},"geometry":{"type":"Point","coordinates":[13.315141,38.090643]}},{"type":"Feature","properties":{"nome":"VIA COSTA GAETANO 89","categoria":"Unità abitativa","tipo":"EDILIZIA RESIDENZIALE"},"geometry":{"type":"Point","coordinates":[13.330116,38.086253]}},{"type":"Feature","properties":{"nome":"VIA CASTELFORTE 92","categoria":"Unità abitativa","tipo":"EDILIZIA RESIDENZIALE"},"geometry":{"type":"Point","coordinates":[13.324138,38.184179]}},{"type":"Feature","properties":{"nome":"VICOLO COLLUZIO A CROCEVERDE 29","categoria":"Unità abitativa","tipo":"EDILIZIA RESIDENZIALE"},"geometry":{"type":"Point","coordinates":[13.420666,38.07225]}},{"type":"Feature","properties":{"nome":"VIA NOSTRA DONNA DEL ROTOLO 99","categoria":"Unità abitativa","tipo":"EDILIZIA RESIDENZIALE"},"geometry":{"type":"Point","coordinates":[13.366687,38.167399]}},{"type":"Feature","properties":{"nome":"VIA BELMONTE CHIAVELLI SNC","categoria":"Unità abitativa","tipo":"EDILIZIA RESIDENZIALE"},"geometry":{"type":"Point","coordinates":[13.370659,38.090934]}},{"type":"Feature","properties":{"nome":"VIA MONTE BIANCO 31","categoria":"Unità abitativa","tipo":"EDILIZIA RESIDENZIALE"},"geometry":{"type":"Point","coordinates":[13.298996,38.166579]}},{"type":"Feature","properties":{"nome":"VIA CHIAPPARA AL CARMINE 87","categoria":"Unità abitativa","tipo":"CULTURALE"},"geometry":{"type":"Point","coordinates":[13.362517,38.110382]}},{"type":"Feature","properties":{"nome":"VIA PONTECORVO BRUNO 32","categoria":"Unità abitativa","tipo":"EDILIZIA RESIDENZIALE"},"geometry":{"type":"Point","coordinates":[13.323053,38.145249]}},{"type":"Feature","properties":{"nome":"VIA UGHETTI GIOVANBATTISTA 17","categoria":"Unità abitativa","tipo":"EDILIZIA RESIDENZIALE"},"geometry":{"type":"Point","coordinates":[13.355422,38.100377]}},{"type":"Feature","properties":{"nome":"VIA MONFENERA 84","categoria":"Unità abitativa","tipo":"EDILIZIA RESIDENZIALE"},"geometry":{"type":"Point","coordinates":[13.355648,38.106561]}},{"type":"Feature","properties":{"nome":"VIA GUERRAZZI F.SCO DOMENICO 53","categoria":"Unità abitativa","tipo":"EDILIZIA RESIDENZIALE"},"geometry":{"type":"Point","coordinates":[13.343134,38.114469]}},{"type":"Feature","properties":{"nome":"VIA RIVELO FRANCESCO 9","categoria":"Unità abitativa","tipo":"EDILIZIA RESIDENZIALE"},"geometry":{"type":"Point","coordinates":[13.368225,38.099037]}},{"type":"Feature","properties":{"nome":"LARGO DELLA MARTORA 5","categoria":"Unità abitativa","tipo":"EDILIZIA RESIDENZIALE"},"geometry":{"type":"Point","coordinates":[13.3582,38.083414]}},{"type":"Feature","properties":{"nome":"VIA DELLE NEREIDI 42","categoria":"Unità abitativa","tipo":"EDILIZIA RESIDENZIALE"},"geometry":{"type":"Point","coordinates":[13.311455,38.192039]}},{"type":"Feature","properties":{"nome":"VIA BELMONTE CHIAVELLI 234","categoria":"Unità abitativa","tipo":"EDILIZIA RESIDENZIALE"},"geometry":{"type":"Point","coordinates":[13.368081,38.081897]}},{"type":"Feature","properties":{"nome":"VIA DEL QUARNARO 11","categoria":"Unità abitativa","tipo":"EDILIZIA RESIDENZIALE"},"geometry":{"type":"Point","coordinates":[13.332406,38.141872]}},{"type":"Feature","properties":{"nome":"VIA MARABITTI 30","categoria":"Unità abitativa","tipo":"EDILIZIA RESIDENZIALE"},"geometry":{"type":"Point","coordinates":[13.367402,38.145005]}},{"type":"Feature","properties":{"nome":"CORTILE SEMINARIO GRECO 9","categoria":"Unità abitativa","tipo":"EDILIZIA RESIDENZIALE"},"geometry":{"type":"Point","coordinates":[13.356994,38.141567]}},{"type":"Feature","properties":{"nome":"VIA GRAN SASSO 7","categoria":"Unità abitativa","tipo":"EDILIZIA RESIDENZIALE"},"geometry":{"type":"Point","coordinates":[13.299308,38.168137]}},{"type":"Feature","properties":{"nome":"VIA ALTARELLO 206","categoria":"Unità abitativa","tipo":"EDILIZIA RESIDENZIALE"},"geometry":{"type":"Point","coordinates":[13.311983,38.109097]}},{"type":"Feature","properties":{"nome":"VICOLO DELLA NEVE ALL'ALLORO 2-4-6","categoria":"Unità non abitativa","tipo":"CULTURALE"},"geometry":{"type":"Point","coordinates":[13.369472,38.116297]}},{"type":"Feature","properties":{"nome":"VIA RAGUSA GIAMBATTISTA 3","categoria":"Unità abitativa","tipo":"EDILIZIA RESIDENZIALE PUBBLICA"},"geometry":{"type":"Point","coordinates":[13.30855,38.133886]}},{"type":"Feature","properties":{"nome":"VIA MANIACI GIUSEPPE 19","categoria":"Unità abitativa","tipo":"EDILIZIA RESIDENZIALE PUBBLICA"},"geometry":{"type":"Point","coordinates":[13.354214,38.087409]}},{"type":"Feature","properties":{"nome":"VIA S.CIRO 15/21","categoria":"Unità non abitativa","tipo":"EDILIZIA RESIDENZIALE PUBBLICA"},"geometry":{"type":"Point","coordinates":[13.383064,38.094353]}},{"type":"Feature","properties":{"nome":"VIA MAQUEDA 157","categoria":"Area","tipo":"CULTURALE"},"geometry":{"type":"Point","coordinates":[13.363365,38.113618]}},{"type":"Feature","properties":{"nome":"VICOLO S.MICHELE ARCANGELO 23","categoria":"Unità abitativa","tipo":"EDILIZIA RESIDENZIALE PUBBLICA"},"geometry":{"type":"Point","coordinates":[13.361127,38.11243]}},{"type":"Feature","properties":{"nome":"VIA DEL BOSCO 67","categoria":"Unità abitativa","tipo":"EDILIZIA RESIDENZIALE PUBBLICA"},"geometry":{"type":"Point","coordinates":[13.361277,38.111811]}},{"type":"Feature","properties":{"nome":"VIA DEL BOSCO 73","categoria":"Unità abitativa","tipo":"EDILIZIA RESIDENZIALE PUBBLICA"},"geometry":{"type":"Point","coordinates":[13.361169,38.111913]}},{"type":"Feature","properties":{"nome":"VIALE DEL FANTE 56","categoria":"Unità abitativa","tipo":"EDILIZIA RESIDENZIALE"},"geometry":{"type":"Point","coordinates":[13.342412,38.149031]}},{"type":"Feature","properties":{"nome":"VIA VILLAGRAZIA 457","categoria":"Unità abitativa","tipo":"EDILIZIA RESIDENZIALE"},"geometry":{"type":"Point","coordinates":[13.332171,38.076956]}},{"type":"Feature","properties":{"nome":"VIA DEI FRANGIAI 31","categoria":"Unità abitativa","tipo":"EDILIZIA RESIDENZIALE"},"geometry":{"type":"Point","coordinates":[13.364062,38.117452]}},{"type":"Feature","properties":{"nome":"VIA GOLDONI CARLO 09/10/2026","categoria":"Unità abitativa","tipo":"EDILIZIA RESIDENZIALE"},"geometry":{"type":"Point","coordinates":[13.342189,38.12793]}},{"type":"Feature","properties":{"nome":"VIA BONTA' 46","categoria":"Unità abitativa","tipo":"EDILIZIA RESIDENZIALE"},"geometry":{"type":"Point","coordinates":[13.357642,38.127602]}},{"type":"Feature","properties":{"nome":"VIA LIBERTINI GUIDO 15","categoria":"Unità abitativa","tipo":"EDILIZIA RESIDENZIALE"},"geometry":{"type":"Point","coordinates":[13.333822,38.087552]}},{"type":"Feature","properties":{"nome":"VIA SAMBUCIA 45","categoria":"Unità non abitativa","tipo":"EDILIZIA RESIDENZIALE"},"geometry":{"type":"Point","coordinates":[13.316989,38.081885]}},{"type":"Feature","properties":{"nome":"VICOLO MEZZANI 16","categoria":"Unità abitativa","tipo":"EDILIZIA RESIDENZIALE"},"geometry":{"type":"Point","coordinates":[13.364002,38.11702]}},{"type":"Feature","properties":{"nome":"VICOLO MEZZANI 24","categoria":"Unità abitativa","tipo":"EDILIZIA RESIDENZIALE"},"geometry":{"type":"Point","coordinates":[13.363976,38.117081]}},{"type":"Feature","properties":{"nome":"CORTILE DEL CAPPELLAIO 1","categoria":"Unità abitativa","tipo":"EDILIZIA RESIDENZIALE"},"geometry":{"type":"Point","coordinates":[13.355204,38.117851]}},{"type":"Feature","properties":{"nome":"CORTILE DEL CAPPELLAIO 2","categoria":"Unità abitativa","tipo":"EDILIZIA RESIDENZIALE"},"geometry":{"type":"Point","coordinates":[13.355204,38.117851]}},{"type":"Feature","properties":{"nome":"CORTILE DEL CAPPELLAIO 7","categoria":"Unità abitativa","tipo":"EDILIZIA RESIDENZIALE"},"geometry":{"type":"Point","coordinates":[13.355137,38.117983]}},{"type":"Feature","properties":{"nome":"VLO PARISI (CRUILLAS) 10","categoria":"Unità abitativa","tipo":"EDILIZIA RESIDENZIALE"},"geometry":{"type":"Point","coordinates":[13.319017,38.14594]}},{"type":"Feature","properties":{"nome":"VIA LUOGHICELLI 67","categoria":"Unità abitativa","tipo":"EDILIZIA RESIDENZIALE"},"geometry":{"type":"Point","coordinates":[13.275405,38.190141]}},{"type":"Feature","properties":{"nome":"VICOLO COLLUZIO A CROCEVERDE 13","categoria":"Unità abitativa","tipo":"EDILIZIA RESIDENZIALE"},"geometry":{"type":"Point","coordinates":[13.419704,38.072487]}},{"type":"Feature","properties":{"nome":"VIA ALIAS FRANCESCO MARIA 22/24","categoria":"Unità non abitativa","tipo":"EDILIZIA RESIDENZIALE"},"geometry":{"type":"Point","coordinates":[13.319659,38.132859]}},{"type":"Feature","properties":{"nome":"VIA ALIAS FRANCESCO MARIA 20/53","categoria":"Unità non abitativa","tipo":"EDILIZIA RESIDENZIALE"},"geometry":{"type":"Point","coordinates":[13.319659,38.132859]}},{"type":"Feature","properties":{"nome":"VIA ALIAS FRANCESCO MARIA 26","categoria":"Unità non abitativa","tipo":"EDILIZIA RESIDENZIALE"},"geometry":{"type":"Point","coordinates":[13.319659,38.132859]}},{"type":"Feature","properties":{"nome":"VIA SCINA' DOMENICO 77 - 77","categoria":"Unità non abitativa","tipo":"EDILIZIA RESIDENZIALE"},"geometry":{"type":"Point","coordinates":[13.359191,38.129115]}},{"type":"Feature","properties":{"nome":"VIA MAMMANA 53/B-C","categoria":"Unità non abitativa","tipo":"EDILIZIA RESIDENZIALE"},"geometry":{"type":"Point","coordinates":[13.319659,38.132859]}},{"type":"Feature","properties":{"nome":"VIA MULE' GIUSEPPE 15","categoria":"Unità non abitativa","tipo":"EDILIZIA RESIDENZIALE"},"geometry":{"type":"Point","coordinates":[13.334593,38.102861]}},{"type":"Feature","properties":{"nome":"VIA MULE' GIUSEPPE 17","categoria":"Unità non abitativa","tipo":"EDILIZIA RESIDENZIALE"},"geometry":{"type":"Point","coordinates":[13.334593,38.102861]}},{"type":"Feature","properties":{"nome":"VIA ZAIRE 12","categoria":"Unità non abitativa","tipo":"EDILIZIA RESIDENZIALE"},"geometry":{"type":"Point","coordinates":[13.306956,38.125196]}},{"type":"Feature","properties":{"nome":"VIA ZAIRE 14","categoria":"Unità non abitativa","tipo":"EDILIZIA RESIDENZIALE"},"geometry":{"type":"Point","coordinates":[13.306956,38.125196]}},{"type":"Feature","properties":{"nome":"VIA ZAIRE 16","categoria":"Unità non abitativa","tipo":"EDILIZIA RESIDENZIALE"},"geometry":{"type":"Point","coordinates":[13.306956,38.125196]}},{"type":"Feature","properties":{"nome":"VIA ZAIRE 18","categoria":"Unità non abitativa","tipo":"EDILIZIA RESIDENZIALE"},"geometry":{"type":"Point","coordinates":[13.306956,38.125196]}},{"type":"Feature","properties":{"nome":"VIA ZAIRE 20","categoria":"Unità non abitativa","tipo":"EDILIZIA RESIDENZIALE"},"geometry":{"type":"Point","coordinates":[13.306956,38.125196]}},{"type":"Feature","properties":{"nome":"VIA ZAIRE 22","categoria":"Unità non abitativa","tipo":"EDILIZIA RESIDENZIALE"},"geometry":{"type":"Point","coordinates":[13.306956,38.125196]}},{"type":"Feature","properties":{"nome":"VIA ZAIRE 24","categoria":"Unità non abitativa","tipo":"EDILIZIA RESIDENZIALE"},"geometry":{"type":"Point","coordinates":[13.306956,38.125196]}},{"type":"Feature","properties":{"nome":"VIA ZAIRE 26","categoria":"Unità non abitativa","tipo":"EDILIZIA RESIDENZIALE"},"geometry":{"type":"Point","coordinates":[13.306956,38.125196]}},{"type":"Feature","properties":{"nome":"VIA ZAIRE 28","categoria":"Unità non abitativa","tipo":"EDILIZIA RESIDENZIALE"},"geometry":{"type":"Point","coordinates":[13.306956,38.125196]}},{"type":"Feature","properties":{"nome":"VIA ZAIRE 30","categoria":"Unità non abitativa","tipo":"EDILIZIA RESIDENZIALE"},"geometry":{"type":"Point","coordinates":[13.306956,38.125196]}},{"type":"Feature","properties":{"nome":"VIA ZAIRE 32","categoria":"Unità non abitativa","tipo":"EDILIZIA RESIDENZIALE"},"geometry":{"type":"Point","coordinates":[13.306956,38.125196]}},{"type":"Feature","properties":{"nome":"VIA ZAIRE 34","categoria":"Unità non abitativa","tipo":"EDILIZIA RESIDENZIALE"},"geometry":{"type":"Point","coordinates":[13.306956,38.125196]}},{"type":"Feature","properties":{"nome":"VIA ZAIRE 36","categoria":"Unità non abitativa","tipo":"EDILIZIA RESIDENZIALE"},"geometry":{"type":"Point","coordinates":[13.306956,38.125196]}},{"type":"Feature","properties":{"nome":"VIA RAGUSA GIAMBATTISTA 1","categoria":"Unità abitativa","tipo":"EDILIZIA RESIDENZIALE PUBBLICA"},"geometry":{"type":"Point","coordinates":[13.30855,38.133886]}},{"type":"Feature","properties":{"nome":"VIA DEL BOSCO 75","categoria":"Unità abitativa","tipo":"EDILIZIA RESIDENZIALE PUBBLICA"},"geometry":{"type":"Point","coordinates":[13.361217,38.111779]}},{"type":"Feature","properties":{"nome":"VIA ALIA SNC","categoria":"Terreno","tipo":"EDILIZIA RESIDENZIALE PUBBLICA"},"geometry":{"type":"Point","coordinates":[13.291986,38.132704]}},{"type":"Feature","properties":{"nome":"VIA SCOPARI 52","categoria":"Unità abitativa","tipo":"EDILIZIA RESIDENZIALE"},"geometry":{"type":"Point","coordinates":[13.370615,38.11701]}},{"type":"Feature","properties":{"nome":"VIA SADAT ANWAR 172","categoria":"Unità abitativa","tipo":"EDILIZIA RESIDENZIALE"},"geometry":{"type":"Point","coordinates":[13.355314,38.145213]}},{"type":"Feature","properties":{"nome":"VIA TEATRO GARIBALDI 20","categoria":"Unità abitativa","tipo":"EDILIZIA RESIDENZIALE"},"geometry":{"type":"Point","coordinates":[13.368505,38.114169]}},{"type":"Feature","properties":{"nome":"CORTILE DELLE BISACCE 26","categoria":"Unità abitativa","tipo":"EDILIZIA RESIDENZIALE"},"geometry":{"type":"Point","coordinates":[13.36147,38.114001]}},{"type":"Feature","properties":{"nome":"CORTILE DEL CAPPELLAIO 8","categoria":"Unità abitativa","tipo":"EDILIZIA RESIDENZIALE"},"geometry":{"type":"Point","coordinates":[13.355137,38.117983]}},{"type":"Feature","properties":{"nome":"CORTILE DEL CAPPELLAIO 12","categoria":"Unità abitativa","tipo":"EDILIZIA RESIDENZIALE"},"geometry":{"type":"Point","coordinates":[13.355124,38.117842]}},{"type":"Feature","properties":{"nome":"VIA DELLE CASE NUOVE 44","categoria":"Unità abitativa","tipo":"EDILIZIA RESIDENZIALE"},"geometry":{"type":"Point","coordinates":[13.363286,38.111197]}},{"type":"Feature","properties":{"nome":"VIA DELLE CASE NUOVE 44/50","categoria":"Unità abitativa","tipo":"EDILIZIA RESIDENZIALE"},"geometry":{"type":"Point","coordinates":[13.363158,38.111202]}},{"type":"Feature","properties":{"nome":"VIA DELLE CASE NUOVE 48","categoria":"Unità abitativa","tipo":"EDILIZIA RESIDENZIALE"},"geometry":{"type":"Point","coordinates":[13.363031,38.111153]}},{"type":"Feature","properties":{"nome":"VIA DELLE CASE NUOVE 50","categoria":"Unità abitativa","tipo":"EDILIZIA RESIDENZIALE"},"geometry":{"type":"Point","coordinates":[13.363031,38.111153]}},{"type":"Feature","properties":{"nome":"VIA DELLE CASE NUOVE 52","categoria":"Unità abitativa","tipo":"EDILIZIA RESIDENZIALE"},"geometry":{"type":"Point","coordinates":[13.363031,38.111153]}},{"type":"Feature","properties":{"nome":"VIA CASCINO FRANCESCO PAOLO 19","categoria":"Unità abitativa","tipo":"EDILIZIA RESIDENZIALE"},"geometry":{"type":"Point","coordinates":[13.301731,38.156922]}},{"type":"Feature","properties":{"nome":"VIA CALANDRUCCI GIACINTO 8","categoria":"Unità abitativa","tipo":"EDILIZIA RESIDENZIALE PUBBLICA"},"geometry":{"type":"Point","coordinates":[13.307537,38.134591]}},{"type":"Feature","properties":{"nome":"VIA ALLMAYER VITO FAZIO 3","categoria":"Unità abitativa","tipo":"EDILIZIA RESIDENZIALE"},"geometry":{"type":"Point","coordinates":[13.32292,38.116707]}},{"type":"Feature","properties":{"nome":"VIA CAGGIO PAOLO 54","categoria":"Unità abitativa","tipo":"EDILIZIA RESIDENZIALE"},"geometry":{"type":"Point","coordinates":[13.333716,38.119405]}},{"type":"Feature","properties":{"nome":"VIA CIRINCIONE GIUSEPPE 29","categoria":"Unità abitativa","tipo":"EDILIZIA RESIDENZIALE"},"geometry":{"type":"Point","coordinates":[13.386972,38.099015]}},{"type":"Feature","properties":{"nome":"VIA VILLAGRAZIA 75","categoria":"Unità abitativa","tipo":"EDILIZIA RESIDENZIALE"},"geometry":{"type":"Point","coordinates":[13.364065,38.095875]}},{"type":"Feature","properties":{"nome":"VIA MAMMANA 270","categoria":"Unità abitativa","tipo":"EDILIZIA RESIDENZIALE"},"geometry":{"type":"Point","coordinates":[13.31432,38.132971]}},{"type":"Feature","properties":{"nome":"VLO PARISI (CRUILLAS) 22","categoria":"Unità abitativa","tipo":"EDILIZIA RESIDENZIALE"},"geometry":{"type":"Point","coordinates":[13.319369,38.148083]}},{"type":"Feature","properties":{"nome":"VIA ZAIRE 38","categoria":"Unità non abitativa","tipo":"EDILIZIA RESIDENZIALE"},"geometry":{"type":"Point","coordinates":[13.306956,38.125196]}},{"type":"Feature","properties":{"nome":"PIAZZA CASTELNUOVO 7","categoria":"Unità non abitativa","tipo":"EDILIZIA RESIDENZIALE"},"geometry":{"type":"Point","coordinates":[13.355326,38.123867]}},{"type":"Feature","properties":{"nome":"VIALE MICHELANGELO 229","categoria":"Unità non abitativa","tipo":"EDILIZIA RESIDENZIALE"},"geometry":{"type":"Point","coordinates":[13.328034,38.13955]}},{"type":"Feature","properties":{"nome":"VIA ASTORINO GERARDO 6 - 6A","categoria":"Unità non abitativa","tipo":"EDILIZIA RESIDENZIALE"},"geometry":{"type":"Point","coordinates":[13.324512,38.163376]}},{"type":"Feature","properties":{"nome":"VIA LA MANTIA VITO 35","categoria":"Unità non abitativa","tipo":"EDILIZIA RESIDENZIALE"},"geometry":{"type":"Point","coordinates":[13.3459,38.121691]}},{"type":"Feature","properties":{"nome":"VIA AIROLDI CESARE 45-47-51","categoria":"Unità non abitativa","tipo":"EDILIZIA RESIDENZIALE"},"geometry":{"type":"Point","coordinates":[13.361978,38.139334]}},{"type":"Feature","properties":{"nome":"VIA ANTONELLO DA MESSINA 9/A- 9/B","categoria":"Unità non abitativa","tipo":"EDILIZIA RESIDENZIALE"},"geometry":{"type":"Point","coordinates":[13.360238,38.136974]}},{"type":"Feature","properties":{"nome":"FONDO MICCIULLA 22","categoria":"Unità non abitativa","tipo":"EDILIZIA RESIDENZIALE"},"geometry":{"type":"Point","coordinates":[13.323772,38.10511]}},{"type":"Feature","properties":{"nome":"VIA ALIBRANDI GIROLAMO 6","categoria":"Unità abitativa","tipo":"EDILIZIA RESIDENZIALE PUBBLICA"},"geometry":{"type":"Point","coordinates":[13.307618,38.134225]}},{"type":"Feature","properties":{"nome":"VIA ALIBRANDI GIROLAMO 8","categoria":"Unità abitativa","tipo":"EDILIZIA RESIDENZIALE PUBBLICA"},"geometry":{"type":"Point","coordinates":[13.307618,38.134225]}},{"type":"Feature","properties":{"nome":"VIA ALIBRANDI GIROLAMO 10","categoria":"Unità abitativa","tipo":"EDILIZIA RESIDENZIALE PUBBLICA"},"geometry":{"type":"Point","coordinates":[13.307618,38.134225]}},{"type":"Feature","properties":{"nome":"VIA DELLO SPASIMO 9-13","categoria":"Area","tipo":"CULTURALE"},"geometry":{"type":"Point","coordinates":[13.371906,38.114392]}},{"type":"Feature","properties":{"nome":"VIA DELLE PERGOLE 1","categoria":"Unità abitativa","tipo":"EDILIZIA RESIDENZIALE"},"geometry":{"type":"Point","coordinates":[13.363678,38.110717]}},{"type":"Feature","properties":{"nome":"VIA DELLE PERGOLE 3","categoria":"Unità abitativa","tipo":"EDILIZIA RESIDENZIALE"},"geometry":{"type":"Point","coordinates":[13.363653,38.11076]}},{"type":"Feature","properties":{"nome":"VIA DELLE PERGOLE 5","categoria":"Unità abitativa","tipo":"EDILIZIA RESIDENZIALE"},"geometry":{"type":"Point","coordinates":[13.363653,38.11076]}},{"type":"Feature","properties":{"nome":"VICOLO S.MARIA LA NUOVA 1","categoria":"Unità abitativa","tipo":"EDILIZIA RESIDENZIALE"},"geometry":{"type":"Point","coordinates":[13.365261,38.119165]}},{"type":"Feature","properties":{"nome":"PIAZZA GIULIO CESARE 6","categoria":"Area","tipo":"CULTURALE"},"geometry":{"type":"Point","coordinates":[13.366572,38.111116]}},{"type":"Feature","properties":{"nome":"PIAZZA CASSARELLI 13","categoria":"Unità abitativa","tipo":"EDILIZIA RESIDENZIALE"},"geometry":{"type":"Point","coordinates":[13.36519,38.118721]}},{"type":"Feature","properties":{"nome":"VIA S.GREGORIO 30","categoria":"Unità abitativa","tipo":"EDILIZIA RESIDENZIALE"},"geometry":{"type":"Point","coordinates":[13.354861,38.118534]}},{"type":"Feature","properties":{"nome":"PIAZZA S.GREGORIO 2","categoria":"Unità abitativa","tipo":"EDILIZIA RESIDENZIALE"},"geometry":{"type":"Point","coordinates":[13.354861,38.118534]}},{"type":"Feature","properties":{"nome":"VIA GEREMIA PIETRO 16","categoria":"Unità abitativa","tipo":"EDILIZIA RESIDENZIALE"},"geometry":{"type":"Point","coordinates":[13.337575,38.121612]}},{"type":"Feature","properties":{"nome":"VIA CHIAPPARA AL CARMINE 23","categoria":"Unità abitativa","tipo":"EDILIZIA RESIDENZIALE"},"geometry":{"type":"Point","coordinates":[13.363812,38.110857]}},{"type":"Feature","properties":{"nome":"PIAZZA VERDI GIUSEPPE 1","categoria":"Area","tipo":"CULTURALE"},"geometry":{"type":"Point","coordinates":[13.357193,38.120174]}},{"type":"Feature","properties":{"nome":"VIA CHIAPPARA AL CARMINE 29","categoria":"Unità abitativa","tipo":"EDILIZIA RESIDENZIALE"},"geometry":{"type":"Point","coordinates":[13.363806,38.110779]}},{"type":"Feature","properties":{"nome":"VIA LUNGARINI 4","categoria":"Unità abitativa","tipo":"EDILIZIA RESIDENZIALE"},"geometry":{"type":"Point","coordinates":[13.368647,38.116377]}},{"type":"Feature","properties":{"nome":"PIAZZA S.CHIARA 3","categoria":"Area","tipo":"CULTURALE"},"geometry":{"type":"Point","coordinates":[13.359907,38.113635]}},{"type":"Feature","properties":{"nome":"VICOLO CONGR. DEL VENERDI' (1) 7","categoria":"Unità abitativa","tipo":"EDILIZIA RESIDENZIALE"},"geometry":{"type":"Point","coordinates":[13.363477,38.110706]}},{"type":"Feature","properties":{"nome":"VIA NATOLI 14","categoria":"Unità abitativa","tipo":"EDILIZIA RESIDENZIALE"},"geometry":{"type":"Point","coordinates":[13.430036,38.07506]}},{"type":"Feature","properties":{"nome":"VIA PALCHETTO 2/B","categoria":"Unità abitativa","tipo":"EDILIZIA RESIDENZIALE"},"geometry":{"type":"Point","coordinates":[13.33092,38.110145]}},{"type":"Feature","properties":{"nome":"VIA AUFERI 10","categoria":"Unità abitativa","tipo":"EDILIZIA RESIDENZIALE"},"geometry":{"type":"Point","coordinates":[13.358402,38.129092]}},{"type":"Feature","properties":{"nome":"VIA AUFERI 4","categoria":"Unità abitativa","tipo":"EDILIZIA RESIDENZIALE"},"geometry":{"type":"Point","coordinates":[13.358326,38.129034]}},{"type":"Feature","properties":{"nome":"VIA COSTANTINO 11","categoria":"Unità abitativa","tipo":"EDILIZIA RESIDENZIALE"},"geometry":{"type":"Point","coordinates":[13.295609,38.173239]}},{"type":"Feature","properties":{"nome":"VIA MUCIACCIA VITO 25","categoria":"Unità abitativa","tipo":"EDILIZIA RESIDENZIALE"},"geometry":{"type":"Point","coordinates":[13.310229,38.173981]}},{"type":"Feature","properties":{"nome":"VIA SAMPOLO 442","categoria":"Unità abitativa","tipo":"EDILIZIA RESIDENZIALE"},"geometry":{"type":"Point","coordinates":[13.348214,38.143032]}},{"type":"Feature","properties":{"nome":"VIA MARVUGLIA VENANZIO 1","categoria":"Unità abitativa","tipo":"EDILIZIA RESIDENZIALE"},"geometry":{"type":"Point","coordinates":[13.367467,38.144517]}},{"type":"Feature","properties":{"nome":"VIA ALBRICCI ALBERIGO GEN. 44/B","categoria":"Unità abitativa","tipo":"EDILIZIA RESIDENZIALE"},"geometry":{"type":"Point","coordinates":[13.395352,38.101127]}},{"type":"Feature","properties":{"nome":"VIA FOSCOLO UGO 10","categoria":"Unità non abitativa","tipo":"EDILIZIA RESIDENZIALE"},"geometry":{"type":"Point","coordinates":[13.34533,38.139217]}},{"type":"Feature","properties":{"nome":"VIA POZZO 30","categoria":"Unità abitativa","tipo":"EDILIZIA RESIDENZIALE"},"geometry":{"type":"Point","coordinates":[13.323548,38.12893]}},{"type":"Feature","properties":{"nome":"VIA CRUILLAS 199","categoria":"Unità abitativa","tipo":"EDILIZIA RESIDENZIALE"},"geometry":{"type":"Point","coordinates":[13.319425,38.143597]}},{"type":"Feature","properties":{"nome":"VIA SAN MAURO CASTELVERDE 20","categoria":"Unità non abitativa","tipo":"EDILIZIA RESIDENZIALE"},"geometry":{"type":"Point","coordinates":[13.321942,38.147581]}},{"type":"Feature","properties":{"nome":"VIA SALVATORE CASTELBUONO SNC","categoria":"Unità non abitativa","tipo":"EDILIZIA RESIDENZIALE"},"geometry":{"type":"Point","coordinates":[13.316465,38.089091]}},{"type":"Feature","properties":{"nome":"VIA ZENONE 1","categoria":"Unità non abitativa","tipo":"EDILIZIA RESIDENZIALE"},"geometry":{"type":"Point","coordinates":[13.282318,38.197172]}},{"type":"Feature","properties":{"nome":"VIA LUOGHICELLI SNC","categoria":"Unità non abitativa","tipo":"EDILIZIA RESIDENZIALE"},"geometry":{"type":"Point","coordinates":[13.275674,38.187452]}},{"type":"Feature","properties":{"nome":"PIAZZA BARONE TURRISI 55","categoria":"Area","tipo":"CULTURALE"},"geometry":{"type":"Point","coordinates":[13.305852,38.108173]}},{"type":"Feature","properties":{"nome":"PIAZZA TREDICI VITTIME","categoria":"Area","tipo":"CULTURALE"},"geometry":{"type":"Point","coordinates":[13.364538,38.122449]}},{"type":"Feature","properties":{"nome":"VIA GUADAGNA 49","categoria":"Unità non abitativa","tipo":"EDILIZIA RESIDENZIALE"},"geometry":{"type":"Point","coordinates":[13.367853,38.100756]}},{"type":"Feature","properties":{"nome":"VIA ADDAURA","categoria":"Area","tipo":"CULTURALE"},"geometry":{"type":"Point","coordinates":[13.358531,38.190862]}},{"type":"Feature","properties":{"nome":"LARGO DEI PINGUINI 3","categoria":"Unità abitativa","tipo":"EDILIZIA RESIDENZIALE PUBBLICA"},"geometry":{"type":"Point","coordinates":[13.353846,38.087916]}},{"type":"Feature","properties":{"nome":"VICOLO MAESTRO CRISTOFARO 6","categoria":"Unità abitativa","tipo":"EDILIZIA RESIDENZIALE"},"geometry":{"type":"Point","coordinates":[13.354836,38.118111]}},{"type":"Feature","properties":{"nome":"VICOLO MAESTRO CRISTOFARO 15","categoria":"Unità abitativa","tipo":"EDILIZIA RESIDENZIALE"},"geometry":{"type":"Point","coordinates":[13.355028,38.118048]}},{"type":"Feature","properties":{"nome":"PIAZZETTA S.ELIGIO 14","categoria":"Unità abitativa","tipo":"EDILIZIA RESIDENZIALE"},"geometry":{"type":"Point","coordinates":[13.364384,38.11883]}},{"type":"Feature","properties":{"nome":"VICOLO S.CHIARA 13","categoria":"Unità abitativa","tipo":"EDILIZIA RESIDENZIALE"},"geometry":{"type":"Point","coordinates":[13.359439,38.113597]}},{"type":"Feature","properties":{"nome":"VIA SELLA QUINTINO 48","categoria":"Unità abitativa","tipo":"EDILIZIA RESIDENZIALE"},"geometry":{"type":"Point","coordinates":[13.356583,38.127283]}},{"type":"Feature","properties":{"nome":"PIAZZA S.ONOFRIO 23","categoria":"Unità abitativa","tipo":"EDILIZIA RESIDENZIALE"},"geometry":{"type":"Point","coordinates":[13.358264,38.117022]}},{"type":"Feature","properties":{"nome":"VICOLO PIETA' A S.ONOFRIO 2","categoria":"Unità abitativa","tipo":"EDILIZIA RESIDENZIALE"},"geometry":{"type":"Point","coordinates":[13.358264,38.117022]}},{"type":"Feature","properties":{"nome":"VIA CIPOLLA MICHELE 126","categoria":"Unità abitativa","tipo":"EDILIZIA RESIDENZIALE"},"geometry":{"type":"Point","coordinates":[13.372677,38.107604]}},{"type":"Feature","properties":{"nome":"VIA ACI 5","categoria":"Unità abitativa","tipo":"EDILIZIA RESIDENZIALE"},"geometry":{"type":"Point","coordinates":[13.323316,38.131283]}},{"type":"Feature","properties":{"nome":"VIA ORIANI ALFREDO 4","categoria":"Unità abitativa","tipo":"EDILIZIA RESIDENZIALE"},"geometry":{"type":"Point","coordinates":[13.301372,38.183696]}},{"type":"Feature","properties":{"nome":"VIA BEATO ANGELICO 100","categoria":"Unità abitativa","tipo":"EDILIZIA RESIDENZIALE"},"geometry":{"type":"Point","coordinates":[13.31708,38.131202]}},{"type":"Feature","properties":{"nome":"VIA ALIAS FRANCESCO MARIA 20","categoria":"Unità abitativa","tipo":"EDILIZIA RESIDENZIALE"},"geometry":{"type":"Point","coordinates":[13.319659,38.132859]}},{"type":"Feature","properties":{"nome":"VIA BESIO GIACOMO 145","categoria":"Unità abitativa","tipo":"EDILIZIA RESIDENZIALE"},"geometry":{"type":"Point","coordinates":[13.308607,38.1398]}},{"type":"Feature","properties":{"nome":"VIA SCHILLACI 33","categoria":"Unità abitativa","tipo":"EDILIZIA RESIDENZIALE"},"geometry":{"type":"Point","coordinates":[13.284101,38.202801]}},{"type":"Feature","properties":{"nome":"VIA PONTE CORLEONE AGNETTA SNC","categoria":"Unità non abitativa","tipo":"EDILIZIA RESIDENZIALE"},"geometry":{"type":"Point","coordinates":[13.34145,38.08764]}},{"type":"Feature","properties":{"nome":"VIA SAMPOLO SNC","categoria":"Unità non abitativa","tipo":"EDILIZIA RESIDENZIALE"},"geometry":{"type":"Point","coordinates":[13.354085,38.137776]}},{"type":"Feature","properties":{"nome":"VIA TOMMASO NATALE 78","categoria":"Unità non abitativa","tipo":"EDILIZIA RESIDENZIALE"},"geometry":{"type":"Point","coordinates":[13.299111,38.175863]}},{"type":"Feature","properties":{"nome":"VIA CAPO GALLO","categoria":"Edificio","tipo":"CULTURALE"},"geometry":{"type":"Point","coordinates":[13.316629,38.223446]}},{"type":"Feature","properties":{"nome":"VIA FALZONE GAETANO 24","categoria":"Unità non abitativa","tipo":"EDILIZIA RESIDENZIALE"},"geometry":{"type":"Point","coordinates":[13.300601,38.158908]}},{"type":"Feature","properties":{"nome":"CORTILE SAMPOLO SNC","categoria":"Unità non abitativa","tipo":"EDILIZIA RESIDENZIALE"},"geometry":{"type":"Point","coordinates":[13.353934,38.137762]}},{"type":"Feature","properties":{"nome":"VIA PORTA DI CASTRO 67","categoria":"Unità abitativa","tipo":"EDILIZIA RESIDENZIALE"},"geometry":{"type":"Point","coordinates":[13.358607,38.112041]}},{"type":"Feature","properties":{"nome":"VIA PORTA DI CASTRO 65","categoria":"Unità abitativa","tipo":"EDILIZIA RESIDENZIALE"},"geometry":{"type":"Point","coordinates":[13.358607,38.112041]}},{"type":"Feature","properties":{"nome":"LARGO DEI PINGUINI 2","categoria":"Unità abitativa","tipo":"EDILIZIA RESIDENZIALE PUBBLICA"},"geometry":{"type":"Point","coordinates":[13.353846,38.087916]}},{"type":"Feature","properties":{"nome":"VIALE DUCA DEGLI ABRUZZI 1","categoria":"Edificio","tipo":"CULTURALE"},"geometry":{"type":"Point","coordinates":[13.330808,38.166793]}},{"type":"Feature","properties":{"nome":"VIA CASSARI 93","categoria":"Unità abitativa","tipo":"EDILIZIA RESIDENZIALE"},"geometry":{"type":"Point","coordinates":[13.365031,38.118106]}},{"type":"Feature","properties":{"nome":"VIALE DUCA DEGLI ABRUZZI","categoria":"Edificio","tipo":"CULTURALE"},"geometry":{"type":"Point","coordinates":[13.330416,38.166655]}},{"type":"Feature","properties":{"nome":"VIA S.AGOSTINO 38","categoria":"Unità abitativa","tipo":"EDILIZIA RESIDENZIALE"},"geometry":{"type":"Point","coordinates":[13.35859,38.117999]}},{"type":"Feature","properties":{"nome":"VIA SAMPOLO 2","categoria":"Unità abitativa","tipo":"EDILIZIA RESIDENZIALE"},"geometry":{"type":"Point","coordinates":[13.356569,38.134568]}},{"type":"Feature","properties":{"nome":"RUA FORMAGGI 12","categoria":"Unità abitativa","tipo":"EDILIZIA RESIDENZIALE"},"geometry":{"type":"Point","coordinates":[13.360617,38.113613]}},{"type":"Feature","properties":{"nome":"RUA FORMAGGI 8","categoria":"Unità abitativa","tipo":"EDILIZIA RESIDENZIALE"},"geometry":{"type":"Point","coordinates":[13.360617,38.113613]}},{"type":"Feature","properties":{"nome":"VIA PORTA DI CASTRO 148","categoria":"Unità abitativa","tipo":"EDILIZIA RESIDENZIALE"},"geometry":{"type":"Point","coordinates":[13.356908,38.111135]}},{"type":"Feature","properties":{"nome":"PIAZZA S.ANNA 2","categoria":"Edificio","tipo":"CULTURALE"},"geometry":{"type":"Point","coordinates":[13.365511,38.11539]}},{"type":"Feature","properties":{"nome":"SALITA DELL'ANNUNZIATA 4","categoria":"Unità abitativa","tipo":"EDILIZIA RESIDENZIALE"},"geometry":{"type":"Point","coordinates":[13.356908,38.111135]}},{"type":"Feature","properties":{"nome":"SALITA DELL'ANNUNZIATA 2","categoria":"Unità abitativa","tipo":"EDILIZIA RESIDENZIALE"},"geometry":{"type":"Point","coordinates":[13.356908,38.111135]}},{"type":"Feature","properties":{"nome":"VICOLO PENNINELLO 5","categoria":"Unità abitativa","tipo":"EDILIZIA RESIDENZIALE"},"geometry":{"type":"Point","coordinates":[13.357084,38.116157]}},{"type":"Feature","properties":{"nome":"VICOLO PENNINELLO 9","categoria":"Unità abitativa","tipo":"EDILIZIA RESIDENZIALE"},"geometry":{"type":"Point","coordinates":[13.357009,38.116261]}},{"type":"Feature","properties":{"nome":"VIA TODARO AGOSTINO 9","categoria":"Unità abitativa","tipo":"EDILIZIA RESIDENZIALE"},"geometry":{"type":"Point","coordinates":[13.367982,38.104498]}},{"type":"Feature","properties":{"nome":"VIA MERLO 20","categoria":"Unità abitativa","tipo":"EDILIZIA RESIDENZIALE"},"geometry":{"type":"Point","coordinates":[13.367435,38.116477]}},{"type":"Feature","properties":{"nome":"VIA GRAVINA AMMIRAGLIO 30","categoria":"Unità abitativa","tipo":"EDILIZIA RESIDENZIALE"},"geometry":{"type":"Point","coordinates":[13.360728,38.125707]}},{"type":"Feature","properties":{"nome":"VIA CASSARI 7","categoria":"Unità abitativa","tipo":"EDILIZIA RESIDENZIALE"},"geometry":{"type":"Point","coordinates":[13.366624,38.118715]}},{"type":"Feature","properties":{"nome":"VIA PUGLIA GIUSEPPE MARIO 17","categoria":"Unità abitativa","tipo":"EDILIZIA RESIDENZIALE"},"geometry":{"type":"Point","coordinates":[13.359663,38.113457]}},{"type":"Feature","properties":{"nome":"PIAZZA S.ANNA 6","categoria":"Edificio","tipo":"CULTURALE"},"geometry":{"type":"Point","coordinates":[13.365749,38.115234]}},{"type":"Feature","properties":{"nome":"VIA DANTE 53","categoria":"Edificio","tipo":"CULTURALE"},"geometry":{"type":"Point","coordinates":[13.351591,38.12421]}},{"type":"Feature","properties":{"nome":"VIALE REGIONE SICILIANA N.O. 780","categoria":"Area","tipo":"IMPIANTO TECNICO"},"geometry":{"type":"Point","coordinates":[13.320581,38.169909]}},{"type":"Feature","properties":{"nome":"VIA CRUILLAS","categoria":"Area","tipo":"IMPIANTO TECNICO"},"geometry":{"type":"Point","coordinates":[13.311106,38.148054]}},{"type":"Feature","properties":{"nome":"VIA BELLOLAMPO 4","categoria":"Area","tipo":"IMPIANTO TECNICO"},"geometry":{"type":"Point","coordinates":[13.28066,38.12825]}},{"type":"Feature","properties":{"nome":"VIA ORETO","categoria":"Area","tipo":"IMPIANTO TECNICO"},"geometry":{"type":"Point","coordinates":[13.324687,38.086413]}},{"type":"Feature","properties":{"nome":"PIAZZA CAPPUCCINI","categoria":"Terreno","tipo":"IMPIANTO TECNICO"},"geometry":{"type":"Point","coordinates":[13.337728,38.11126]}},{"type":"Feature","properties":{"nome":"VIA PALINURO","categoria":"Edificio","tipo":"IMPIANTO TECNICO"},"geometry":{"type":"Point","coordinates":[13.323289,38.203408]}},{"type":"Feature","properties":{"nome":"VICOLO ZISA 54","categoria":"Unità non abitativa","tipo":"LOCALE"},"geometry":{"type":"Point","coordinates":[13.342257,38.114567]}},{"type":"Feature","properties":{"nome":"VIA FILIPPONE 23","categoria":"Unità non abitativa","tipo":"LOCALE"},"geometry":{"type":"Point","coordinates":[13.352013,38.115644]}},{"type":"Feature","properties":{"nome":"VIA FILIPPONE 19","categoria":"Unità non abitativa","tipo":"LOCALE"},"geometry":{"type":"Point","coordinates":[13.352013,38.115644]}},{"type":"Feature","properties":{"nome":"VIA FILIPPONE 13","categoria":"Unità non abitativa","tipo":"LOCALE"},"geometry":{"type":"Point","coordinates":[13.35215,38.115746]}},{"type":"Feature","properties":{"nome":"VIA FILIPPONE 15","categoria":"Unità non abitativa","tipo":"LOCALE"},"geometry":{"type":"Point","coordinates":[13.35215,38.115746]}},{"type":"Feature","properties":{"nome":"VIA FILIPPONE 17","categoria":"Unità non abitativa","tipo":"LOCALE"},"geometry":{"type":"Point","coordinates":[13.35215,38.115746]}},{"type":"Feature","properties":{"nome":"VIA DELLA CONCEZIONE 21","categoria":"Unità non abitativa","tipo":"LOCALE"},"geometry":{"type":"Point","coordinates":[13.353893,38.117467]}},{"type":"Feature","properties":{"nome":"VIA DELLA CONCEZIONE 19","categoria":"Unità non abitativa","tipo":"LOCALE"},"geometry":{"type":"Point","coordinates":[13.353893,38.117467]}},{"type":"Feature","properties":{"nome":"VIA SPINUZZA SALVATORE 47","categoria":"Unità non abitativa","tipo":"LOCALE"},"geometry":{"type":"Point","coordinates":[13.358842,38.121246]}},{"type":"Feature","properties":{"nome":"VICOLO PESACANNONE 27","categoria":"Unità non abitativa","tipo":"LOCALE"},"geometry":{"type":"Point","coordinates":[13.355731,38.111175]}},{"type":"Feature","properties":{"nome":"VICOLO PESACANNONE 31","categoria":"Unità non abitativa","tipo":"LOCALE"},"geometry":{"type":"Point","coordinates":[13.355731,38.111175]}},{"type":"Feature","properties":{"nome":"CLE S.ANTONIO A PALAZZO REALE 1","categoria":"Unità non abitativa","tipo":"LOCALE"},"geometry":{"type":"Point","coordinates":[13.355731,38.111175]}},{"type":"Feature","properties":{"nome":"CLE S.ANTONIO A PALAZZO REALE 2","categoria":"Unità non abitativa","tipo":"LOCALE"},"geometry":{"type":"Point","coordinates":[13.355731,38.111175]}},{"type":"Feature","properties":{"nome":"VICOLO DELLA PILA 1","categoria":"Unità non abitativa","tipo":"LOCALE"},"geometry":{"type":"Point","coordinates":[13.35215,38.115746]}},{"type":"Feature","properties":{"nome":"VICOLO DELLA PILA 3","categoria":"Unità non abitativa","tipo":"LOCALE"},"geometry":{"type":"Point","coordinates":[13.35215,38.115746]}},{"type":"Feature","properties":{"nome":"VICOLO DELLA PILA 5","categoria":"Unità non abitativa","tipo":"LOCALE"},"geometry":{"type":"Point","coordinates":[13.35215,38.115746]}},{"type":"Feature","properties":{"nome":"VICOLO DELLA PILA 7","categoria":"Unità non abitativa","tipo":"LOCALE"},"geometry":{"type":"Point","coordinates":[13.35215,38.115746]}},{"type":"Feature","properties":{"nome":"CORTILE PAPIRETO 1","categoria":"Unità non abitativa","tipo":"LOCALE"},"geometry":{"type":"Point","coordinates":[13.352249,38.115399]}},{"type":"Feature","properties":{"nome":"CORTILE PAPIRETO 2","categoria":"Unità non abitativa","tipo":"LOCALE"},"geometry":{"type":"Point","coordinates":[13.352249,38.115399]}},{"type":"Feature","properties":{"nome":"CORTILE PAPIRETO 4","categoria":"Unità non abitativa","tipo":"LOCALE"},"geometry":{"type":"Point","coordinates":[13.352446,38.115638]}},{"type":"Feature","properties":{"nome":"CORTILE PAPIRETO 5","categoria":"Unità non abitativa","tipo":"LOCALE"},"geometry":{"type":"Point","coordinates":[13.352446,38.115638]}},{"type":"Feature","properties":{"nome":"PIAZZA STAZIONE S.LORENZO 8A","categoria":"Unità non abitativa","tipo":"LOCALE"},"geometry":{"type":"Point","coordinates":[13.316393,38.164266]}},{"type":"Feature","properties":{"nome":"VIA TRICOMI ERNESTO 4Q/4R","categoria":"Unità non abitativa","tipo":"LOCALE"},"geometry":{"type":"Point","coordinates":[13.35771,38.100709]}},{"type":"Feature","properties":{"nome":"VICOLO MEZZANI 28","categoria":"Unità non abitativa","tipo":"LOCALE"},"geometry":{"type":"Point","coordinates":[13.363935,38.117174]}},{"type":"Feature","properties":{"nome":"VIA DIVISI 47","categoria":"Unità non abitativa","tipo":"LOCALE"},"geometry":{"type":"Point","coordinates":[13.365504,38.113417]}},{"type":"Feature","properties":{"nome":"VIA DIVISI 43","categoria":"Unità non abitativa","tipo":"LOCALE"},"geometry":{"type":"Point","coordinates":[13.365504,38.113417]}},{"type":"Feature","properties":{"nome":"VIA GARIBALDI 1","categoria":"Unità non abitativa","tipo":"LOCALE"},"geometry":{"type":"Point","coordinates":[13.367584,38.112715]}},{"type":"Feature","properties":{"nome":"VIA GARIBALDI 5","categoria":"Unità non abitativa","tipo":"LOCALE"},"geometry":{"type":"Point","coordinates":[13.367584,38.112715]}},{"type":"Feature","properties":{"nome":"VIA MAGIONE 5","categoria":"Unità abitativa","tipo":"LOCALE"},"geometry":{"type":"Point","coordinates":[13.367584,38.112715]}},{"type":"Feature","properties":{"nome":"3 / 5","categoria":"Edificio","tipo":"IMPIANTO TECNICO"},"geometry":{"type":"Point","coordinates":[13.366591,38.12105]}},{"type":"Feature","properties":{"nome":"VIA FALSOMIELE 92","categoria":"Edificio","tipo":"IMPIANTO TECNICO"},"geometry":{"type":"Point","coordinates":[13.372286,38.078955]}},{"type":"Feature","properties":{"nome":"VIA CALANDRUCCI GIACINTO 10","categoria":"Unità abitativa","tipo":"EDILIZIA RESIDENZIALE PUBBLICA"},"geometry":{"type":"Point","coordinates":[13.307369,38.13461]}},{"type":"Feature","properties":{"nome":"VIA MAGIONE 7","categoria":"Unità non abitativa","tipo":"LOCALE"},"geometry":{"type":"Point","coordinates":[13.367584,38.112715]}},{"type":"Feature","properties":{"nome":"VIA MAGIONE 11","categoria":"Unità non abitativa","tipo":"LOCALE"},"geometry":{"type":"Point","coordinates":[13.367584,38.112715]}},{"type":"Feature","properties":{"nome":"VIA DEL PROTONOTARO 19","categoria":"Unità non abitativa","tipo":"LOCALE"},"geometry":{"type":"Point","coordinates":[13.358237,38.113621]}},{"type":"Feature","properties":{"nome":"VIA DEL PROTONOTARO 21","categoria":"Unità non abitativa","tipo":"LOCALE"},"geometry":{"type":"Point","coordinates":[13.358237,38.113621]}},{"type":"Feature","properties":{"nome":"VIA GARIBALDI 16","categoria":"Unità non abitativa","tipo":"LOCALE"},"geometry":{"type":"Point","coordinates":[13.367091,38.112757]}},{"type":"Feature","properties":{"nome":"VIA MAESTRI D'ACQUA 05/07/2026","categoria":"Unità non abitativa","tipo":"LOCALE"},"geometry":{"type":"Point","coordinates":[13.367091,38.112757]}},{"type":"Feature","properties":{"nome":"VIA GORIZIA 42","categoria":"Unità non abitativa","tipo":"LOCALE"},"geometry":{"type":"Point","coordinates":[13.367091,38.112757]}},{"type":"Feature","properties":{"nome":"VIA GARIBALDI 18","categoria":"Unità non abitativa","tipo":"LOCALE"},"geometry":{"type":"Point","coordinates":[13.367091,38.112757]}},{"type":"Feature","properties":{"nome":"VIA MAESTRI D'ACQUA 11/13","categoria":"Unità non abitativa","tipo":"LOCALE"},"geometry":{"type":"Point","coordinates":[13.367091,38.112757]}},{"type":"Feature","properties":{"nome":"VIA GORIZIA 44","categoria":"Unità non abitativa","tipo":"LOCALE"},"geometry":{"type":"Point","coordinates":[13.367091,38.112757]}},{"type":"Feature","properties":{"nome":"VIA GARIBALDI 20","categoria":"Unità non abitativa","tipo":"LOCALE"},"geometry":{"type":"Point","coordinates":[13.367091,38.112757]}},{"type":"Feature","properties":{"nome":"VIA GORIZIA 46","categoria":"Unità non abitativa","tipo":"LOCALE"},"geometry":{"type":"Point","coordinates":[13.367091,38.112757]}},{"type":"Feature","properties":{"nome":"VIA GARIBALDI 24","categoria":"Unità non abitativa","tipo":"LOCALE"},"geometry":{"type":"Point","coordinates":[13.367091,38.112757]}},{"type":"Feature","properties":{"nome":"VIA GARIBALDI 32","categoria":"Unità non abitativa","tipo":"LOCALE"},"geometry":{"type":"Point","coordinates":[13.367091,38.112757]}},{"type":"Feature","properties":{"nome":"VIA PORTA DI CASTRO 126","categoria":"Unità non abitativa","tipo":"LOCALE"},"geometry":{"type":"Point","coordinates":[13.357407,38.111354]}},{"type":"Feature","properties":{"nome":"VIA PORTA DI CASTRO 128","categoria":"Unità non abitativa","tipo":"LOCALE"},"geometry":{"type":"Point","coordinates":[13.357407,38.111354]}},{"type":"Feature","properties":{"nome":"VIA PORTA DI CASTRO 130","categoria":"Unità non abitativa","tipo":"LOCALE"},"geometry":{"type":"Point","coordinates":[13.357407,38.111354]}},{"type":"Feature","properties":{"nome":"PIAZZA ZISA 15","categoria":"Unità non abitativa","tipo":"LOCALE"},"geometry":{"type":"Point","coordinates":[13.343288,38.114894]}},{"type":"Feature","properties":{"nome":"VIA BELGIO 4D","categoria":"Unità non abitativa","tipo":"LOCALE"},"geometry":{"type":"Point","coordinates":[13.329998,38.150359]}},{"type":"Feature","properties":{"nome":"VIA DELL'ORSA MINORE 120/B-","categoria":"Unità non abitativa","tipo":"LOCALE"},"geometry":{"type":"Point","coordinates":[13.367629,38.094188]}},{"type":"Feature","properties":{"nome":"VIA BOCCHIERI GIOVANNI 6","categoria":"Unità non abitativa","tipo":"LOCALE"},"geometry":{"type":"Point","coordinates":[13.370804,38.099196]}},{"type":"Feature","properties":{"nome":"VIA DI BLASI E. GIOVANNI 24/32","categoria":"Unità non abitativa","tipo":"LOCALE"},"geometry":{"type":"Point","coordinates":[13.331933,38.121646]}},{"type":"Feature","properties":{"nome":"VIA DEL PAPPAGALLO 7C","categoria":"Unità non abitativa","tipo":"LOCALE"},"geometry":{"type":"Point","coordinates":[13.36928,38.116379]}},{"type":"Feature","properties":{"nome":"VIA VILLAGRAZIA 108","categoria":"Unità non abitativa","tipo":"LOCALE"},"geometry":{"type":"Point","coordinates":[13.351105,38.087553]}},{"type":"Feature","properties":{"nome":"VIA DELLA LEVA 28","categoria":"Unità non abitativa","tipo":"LOCALE"},"geometry":{"type":"Point","coordinates":[13.374551,38.152992]}},{"type":"Feature","properties":{"nome":"PIAZZETTA DEL FONDACO 1 / 2","categoria":"Unità non abitativa","tipo":"LOCALE"},"geometry":{"type":"Point","coordinates":[13.357726,38.111866]}},{"type":"Feature","properties":{"nome":"VIA PORTA DI CASTRO 95","categoria":"Unità non abitativa","tipo":"LOCALE"},"geometry":{"type":"Point","coordinates":[13.357726,38.111866]}},{"type":"Feature","properties":{"nome":"VIA PORTA DI CASTRO 97/99","categoria":"Unità non abitativa","tipo":"LOCALE"},"geometry":{"type":"Point","coordinates":[13.357726,38.111866]}},{"type":"Feature","properties":{"nome":"VIA PORTA DI CASTRO 101","categoria":"Unità non abitativa","tipo":"LOCALE"},"geometry":{"type":"Point","coordinates":[13.357726,38.111866]}},{"type":"Feature","properties":{"nome":"VIA PORTA DI CASTRO 103","categoria":"Unità non abitativa","tipo":"LOCALE"},"geometry":{"type":"Point","coordinates":[13.357726,38.111866]}},{"type":"Feature","properties":{"nome":"VIA DEL FONDACO 22","categoria":"Unità non abitativa","tipo":"LOCALE"},"geometry":{"type":"Point","coordinates":[13.357726,38.111866]}},{"type":"Feature","properties":{"nome":"VIA DELLE BALATE 3-5","categoria":"Unità non abitativa","tipo":"LOCALE"},"geometry":{"type":"Point","coordinates":[13.357253,38.111045]}},{"type":"Feature","properties":{"nome":"VICOLO SCICLI 2-4","categoria":"Unità non abitativa","tipo":"LOCALE"},"geometry":{"type":"Point","coordinates":[13.357253,38.111045]}},{"type":"Feature","properties":{"nome":"VICOLO SCICLI 6-8","categoria":"Unità non abitativa","tipo":"LOCALE"},"geometry":{"type":"Point","coordinates":[13.357253,38.111045]}},{"type":"Feature","properties":{"nome":"PIAZZA DEI TEDESCHI 03/05/2026","categoria":"Unità non abitativa","tipo":"LOCALE"},"geometry":{"type":"Point","coordinates":[13.357253,38.111045]}},{"type":"Feature","properties":{"nome":"VIA COLONNA ROTTA 53","categoria":"Unità non abitativa","tipo":"LOCALE"},"geometry":{"type":"Point","coordinates":[13.351126,38.111831]}},{"type":"Feature","properties":{"nome":"VIA COLONNA ROTTA","categoria":"Terreno","tipo":"LOCALE"},"geometry":{"type":"Point","coordinates":[13.350687,38.111638]}},{"type":"Feature","properties":{"nome":"PIAZZETTA VULPI GABRIELE 57","categoria":"Unità non abitativa","tipo":"LOCALE"},"geometry":{"type":"Point","coordinates":[13.346108,38.113476]}},{"type":"Feature","properties":{"nome":"VIA BAIARDI FRANCESCO 27","categoria":"Unità non abitativa","tipo":"LOCALE"},"geometry":{"type":"Point","coordinates":[13.335254,38.103867]}},{"type":"Feature","properties":{"nome":"VIA BAIARDI FRANCESCO 29","categoria":"Unità non abitativa","tipo":"LOCALE"},"geometry":{"type":"Point","coordinates":[13.335254,38.103867]}},{"type":"Feature","properties":{"nome":"VIA BAIARDI FRANCESCO 31","categoria":"Unità non abitativa","tipo":"LOCALE"},"geometry":{"type":"Point","coordinates":[13.335254,38.103867]}},{"type":"Feature","properties":{"nome":"VIA NOBILE UMBERTO 5-7","categoria":"Unità non abitativa","tipo":"LOCALE"},"geometry":{"type":"Point","coordinates":[13.310074,38.095414]}},{"type":"Feature","properties":{"nome":"VIA SAMPOLO 40","categoria":"Unità non abitativa","tipo":"LOCALE"},"geometry":{"type":"Point","coordinates":[13.355703,38.135673]}},{"type":"Feature","properties":{"nome":"CORSO CALATAFIMI 29","categoria":"Edificio","tipo":"LOCALE"},"geometry":{"type":"Point","coordinates":[13.351588,38.111828]}},{"type":"Feature","properties":{"nome":"VIA AURISPA GIOVANNI 34","categoria":"Unità non abitativa","tipo":"LOCALE"},"geometry":{"type":"Point","coordinates":[13.341906,38.126647]}},{"type":"Feature","properties":{"nome":"VIA PAPIRETO 36","categoria":"Unità non abitativa","tipo":"LOCALE"},"geometry":{"type":"Point","coordinates":[13.352306,38.116109]}},{"type":"Feature","properties":{"nome":"PIAZZA BELLINI","categoria":"Edificio","tipo":"SANITARIO"},"geometry":{"type":"Point","coordinates":[13.382698,38.096949]}},{"type":"Feature","properties":{"nome":"PIAZZA DANISINNI 10","categoria":"Unità non abitativa","tipo":"SANITARIO"},"geometry":{"type":"Point","coordinates":[13.344622,38.112234]}},{"type":"Feature","properties":{"nome":"VIA MADDALENA UMBERTO 119","categoria":"Area","tipo":"SCUOLA"},"geometry":{"type":"Point","coordinates":[13.308815,38.108897]}},{"type":"Feature","properties":{"nome":"VIA LAZZARO CARMELO 42A","categoria":"Edificio","tipo":"SCUOLA"},"geometry":{"type":"Point","coordinates":[13.354316,38.103477]}},{"type":"Feature","properties":{"nome":"PIAZZA FERRINI CONTARDO 14","categoria":"Edificio","tipo":"SCUOLA"},"geometry":{"type":"Point","coordinates":[13.322872,38.17019]}},{"type":"Feature","properties":{"nome":"VIALE DUCA DEGLI ABRUZZI 12","categoria":"Edificio","tipo":"SCUOLA"},"geometry":{"type":"Point","coordinates":[13.327184,38.171275]}},{"type":"Feature","properties":{"nome":"VIA PELLIGRA SALVATORE 4","categoria":"Edificio","tipo":"SCUOLA"},"geometry":{"type":"Point","coordinates":[13.34757,38.096821]}},{"type":"Feature","properties":{"nome":"VIA PEGASO 29","categoria":"Edificio","tipo":"SCUOLA"},"geometry":{"type":"Point","coordinates":[13.281131,38.198195]}},{"type":"Feature","properties":{"nome":"VIA MANIACI GIUSEPPE 1","categoria":"Edificio","tipo":"SCUOLA"},"geometry":{"type":"Point","coordinates":[13.354812,38.087052]}},{"type":"Feature","properties":{"nome":"VIA DELL'ERMELLINO 33/B","categoria":"Edificio","tipo":"SCUOLA"},"geometry":{"type":"Point","coordinates":[13.364211,38.086662]}},{"type":"Feature","properties":{"nome":"VIA PARATORE GIUSEPPE 30","categoria":"Edificio","tipo":"SCUOLA"},"geometry":{"type":"Point","coordinates":[13.374316,38.092774]}},{"type":"Feature","properties":{"nome":"VIA CADUTI SENZA CROCE 1","categoria":"Edificio","tipo":"SCUOLA"},"geometry":{"type":"Point","coordinates":[13.333603,38.15515]}},{"type":"Feature","properties":{"nome":"VIA BARISANO DA TRANI 7/B","categoria":"Edificio","tipo":"SCUOLA"},"geometry":{"type":"Point","coordinates":[13.311804,38.136081]}},{"type":"Feature","properties":{"nome":"VIA D'ALVISE PIETRO 1","categoria":"Edificio","tipo":"SCUOLA"},"geometry":{"type":"Point","coordinates":[13.311426,38.180046]}},{"type":"Feature","properties":{"nome":"VIA CASSARO","categoria":"Edificio","tipo":"IMPIANTO TECNICO"},"geometry":{"type":"Point","coordinates":[13.402215,38.079875]}},{"type":"Feature","properties":{"nome":"VIA SPINA SANTA 2","categoria":"Area","tipo":"IMPIANTO TECNICO"},"geometry":{"type":"Point","coordinates":[13.29686,38.1903]}},{"type":"Feature","properties":{"nome":"VIA PARROCCHIA (DIETRO) 2","categoria":"Area","tipo":"IMPIANTO TECNICO"},"geometry":{"type":"Point","coordinates":[13.33558,38.175729]}},{"type":"Feature","properties":{"nome":"PIAZZA DELLA PINTA 10","categoria":"Edificio","tipo":"IMPIANTO TECNICO"},"geometry":{"type":"Point","coordinates":[13.355366,38.110195]}},{"type":"Feature","properties":{"nome":"PIAZZA ZISA 49/50","categoria":"Unità non abitativa","tipo":"IMPIANTO TECNICO"},"geometry":{"type":"Point","coordinates":[13.343967,38.117733]}},{"type":"Feature","properties":{"nome":"VIA VOLONT. ITALIANI SANGUE 42","categoria":"Unità non abitativa","tipo":"LOCALE"},"geometry":{"type":"Point","coordinates":[13.353342,38.102392]}},{"type":"Feature","properties":{"nome":"VIA DEL PAPPAGALLO 10","categoria":"Unità non abitativa","tipo":"LOCALE"},"geometry":{"type":"Point","coordinates":[13.369037,38.116338]}},{"type":"Feature","properties":{"nome":"VICOLO DI BLASI 13","categoria":"Unità non abitativa","tipo":"LOCALE"},"geometry":{"type":"Point","coordinates":[13.369037,38.116338]}},{"type":"Feature","properties":{"nome":"VICOLO DI BLASI 15","categoria":"Unità non abitativa","tipo":"LOCALE"},"geometry":{"type":"Point","coordinates":[13.369037,38.116338]}},{"type":"Feature","properties":{"nome":"VICOLO DI BLASI 11","categoria":"Unità non abitativa","tipo":"LOCALE"},"geometry":{"type":"Point","coordinates":[13.369191,38.116285]}},{"type":"Feature","properties":{"nome":"VIA ALLORO 81","categoria":"Unità non abitativa","tipo":"LOCALE"},"geometry":{"type":"Point","coordinates":[13.369225,38.116196]}},{"type":"Feature","properties":{"nome":"VIA PONTE DI MARE 45/47","categoria":"Unità non abitativa","tipo":"LOCALE"},"geometry":{"type":"Point","coordinates":[13.377748,38.112407]}},{"type":"Feature","properties":{"nome":"VIA PIGAFETTA ANTONIO 26","categoria":"Unità non abitativa","tipo":"LOCALE"},"geometry":{"type":"Point","coordinates":[13.38692,38.105187]}},{"type":"Feature","properties":{"nome":"VIA SCOPARI 33","categoria":"Unità non abitativa","tipo":"LOCALE"},"geometry":{"type":"Point","coordinates":[13.370908,38.117371]}},{"type":"Feature","properties":{"nome":"VIA DELLE SEDIE VOLANTI 43","categoria":"Unità non abitativa","tipo":"LOCALE"},"geometry":{"type":"Point","coordinates":[13.355692,38.116965]}},{"type":"Feature","properties":{"nome":"VIA DELLE SEDIE VOLANTI 49","categoria":"Unità non abitativa","tipo":"LOCALE"},"geometry":{"type":"Point","coordinates":[13.355692,38.116965]}},{"type":"Feature","properties":{"nome":"PIAZZETTA DELLE VITTIME 1","categoria":"Unità non abitativa","tipo":"LOCALE"},"geometry":{"type":"Point","coordinates":[13.357527,38.111812]}},{"type":"Feature","properties":{"nome":"VIALE DE GASPERI ALCIDE 53","categoria":"Unità non abitativa","tipo":"LOCALE"},"geometry":{"type":"Point","coordinates":[13.336821,38.151163]}},{"type":"Feature","properties":{"nome":"VIALE AMEDEO D'AOSTA 80","categoria":"Unità non abitativa","tipo":"LOCALE"},"geometry":{"type":"Point","coordinates":[13.384223,38.100769]}},{"type":"Feature","properties":{"nome":"VIA TOMASI CARDINALE 11","categoria":"Unità non abitativa","tipo":"LOCALE"},"geometry":{"type":"Point","coordinates":[13.345583,38.115231]}},{"type":"Feature","properties":{"nome":"VIA DEI FRANGIAI 35","categoria":"Unità non abitativa","tipo":"LOCALE"},"geometry":{"type":"Point","coordinates":[13.364062,38.117452]}},{"type":"Feature","properties":{"nome":"PIAZZA CARACCIOLO 4","categoria":"Unità non abitativa","tipo":"LOCALE"},"geometry":{"type":"Point","coordinates":[13.363952,38.117611]}},{"type":"Feature","properties":{"nome":"PIAZZA CARACCIOLO 6","categoria":"Unità non abitativa","tipo":"LOCALE"},"geometry":{"type":"Point","coordinates":[13.363779,38.117544]}},{"type":"Feature","properties":{"nome":"VIA ARGENTERIA 65","categoria":"Unità non abitativa","tipo":"LOCALE"},"geometry":{"type":"Point","coordinates":[13.363952,38.117611]}},{"type":"Feature","properties":{"nome":"VIA COLTELLIERI 1","categoria":"Unità non abitativa","tipo":"LOCALE"},"geometry":{"type":"Point","coordinates":[13.363952,38.117611]}},{"type":"Feature","properties":{"nome":"VIALE LEONARDO DA VINCI 83","categoria":"Edificio","tipo":"SCUOLA"},"geometry":{"type":"Point","coordinates":[13.335499,38.130372]}},{"type":"Feature","properties":{"nome":"VIA ALOI 1","categoria":"Edificio","tipo":"SCUOLA"},"geometry":{"type":"Point","coordinates":[13.354475,38.085273]}},{"type":"Feature","properties":{"nome":"VIA PERPIGNANO 291","categoria":"Edificio","tipo":"SCUOLA"},"geometry":{"type":"Point","coordinates":[13.326929,38.119895]}},{"type":"Feature","properties":{"nome":"VIA BADIA 1","categoria":"Edificio","tipo":"SCUOLA"},"geometry":{"type":"Point","coordinates":[13.337758,38.143587]}},{"type":"Feature","properties":{"nome":"VIA CIMBALI GIUSEPPE 11","categoria":"Edificio","tipo":"SCUOLA"},"geometry":{"type":"Point","coordinates":[13.364263,38.140087]}},{"type":"Feature","properties":{"nome":"VIA DRAGO AURELIO SNC","categoria":"Edificio","tipo":"SCUOLA"},"geometry":{"type":"Point","coordinates":[13.331415,38.10519]}},{"type":"Feature","properties":{"nome":"VIA TOSELLI PIETRO MAGG. 85A","categoria":"Edificio","tipo":"SCUOLA"},"geometry":{"type":"Point","coordinates":[13.351866,38.137661]}},{"type":"Feature","properties":{"nome":"VIA CASALINI 1","categoria":"Edificio","tipo":"SCUOLA"},"geometry":{"type":"Point","coordinates":[13.314901,38.130371]}},{"type":"Feature","properties":{"nome":"PIAZZA S.PAOLO SNC","categoria":"Edificio","tipo":"SCUOLA"},"geometry":{"type":"Point","coordinates":[13.29103,38.129315]}},{"type":"Feature","properties":{"nome":"VIA SALERNITANO ROMUALDO 45","categoria":"Edificio","tipo":"SCUOLA"},"geometry":{"type":"Point","coordinates":[13.315384,38.124208]}},{"type":"Feature","properties":{"nome":"VIA SS.CROCIFISSO 1","categoria":"Edificio","tipo":"SCUOLA"},"geometry":{"type":"Point","coordinates":[13.356931,38.110606]}},{"type":"Feature","properties":{"nome":"VIA CORTIGIANI 43","categoria":"Edificio","tipo":"SCUOLA"},"geometry":{"type":"Point","coordinates":[13.326283,38.116707]}},{"type":"Feature","properties":{"nome":"VIA ACIREALE 1","categoria":"Edificio","tipo":"SCUOLA"},"geometry":{"type":"Point","coordinates":[13.302439,38.131026]}},{"type":"Feature","properties":{"nome":"V. PADRE ANNIBALE M DI FRANCIA1","categoria":"Edificio","tipo":"SCUOLA"},"geometry":{"type":"Point","coordinates":[13.401376,38.096958]}},{"type":"Feature","properties":{"nome":"VIA ALIA 18","categoria":"Edificio","tipo":"SCUOLA"},"geometry":{"type":"Point","coordinates":[13.296868,38.133455]}},{"type":"Feature","properties":{"nome":"VIA ROSSA GUIDO 18/20","categoria":"Edificio","tipo":"SCUOLA"},"geometry":{"type":"Point","coordinates":[13.360206,38.082459]}},{"type":"Feature","properties":{"nome":"VIA GIRARDENGO COSTANTE 18 / 20","categoria":"Edificio","tipo":"SCUOLA"},"geometry":{"type":"Point","coordinates":[13.318329,38.179831]}},{"type":"Feature","properties":{"nome":"VIA EUGENIO L'EMIRO 152","categoria":"Edificio","tipo":"SCUOLA"},"geometry":{"type":"Point","coordinates":[13.335546,38.113423]}},{"type":"Feature","properties":{"nome":"VIA SCARLATTI ALESSANDRO 16","categoria":"Edificio","tipo":"INFRASTRUTTURA INTERESSE GENERALE"},"geometry":{"type":"Point","coordinates":[13.357537,38.118827]}},{"type":"Feature","properties":{"nome":"VIA GULI' SIMONE COM. 21","categoria":"Edificio","tipo":"INFRASTRUTTURA INTERESSE GENERALE"},"geometry":{"type":"Point","coordinates":[13.367253,38.142086]}},{"type":"Feature","properties":{"nome":"VIA SERGIO PAPA I 96","categoria":"Area","tipo":"INFRASTRUTTURA INTERESSE GENERALE"},"geometry":{"type":"Point","coordinates":[13.365285,38.162985]}},{"type":"Feature","properties":{"nome":"PIAZZA TIRO A SEGNO 4","categoria":"Edificio","tipo":"INFRASTRUTTURA INTERESSE GENERALE"},"geometry":{"type":"Point","coordinates":[13.370921,38.111564]}},{"type":"Feature","properties":{"nome":"VIA AGNETTA 1","categoria":"Unità non abitativa","tipo":"LOCALE"},"geometry":{"type":"Point","coordinates":[13.334536,38.077875]}},{"type":"Feature","properties":{"nome":"VIA PETRALIA SOTTANA 67","categoria":"Unità non abitativa","tipo":"LOCALE"},"geometry":{"type":"Point","coordinates":[13.322188,38.116667]}},{"type":"Feature","properties":{"nome":"VIA GUGLIELMINI 20","categoria":"Unità non abitativa","tipo":"LOCALE"},"geometry":{"type":"Point","coordinates":[13.430493,38.080809]}},{"type":"Feature","properties":{"nome":"VIA PATERNO' EMANUELE 16","categoria":"Unità non abitativa","tipo":"LOCALE"},"geometry":{"type":"Point","coordinates":[13.368247,38.100025]}},{"type":"Feature","properties":{"nome":"VIA PATERNO' EMANUELE 18","categoria":"Unità non abitativa","tipo":"LOCALE"},"geometry":{"type":"Point","coordinates":[13.36838,38.100165]}},{"type":"Feature","properties":{"nome":"VIA DOGALI","categoria":"Unità non abitativa","tipo":"LOCALE"},"geometry":{"type":"Point","coordinates":[13.313659,38.125024]}},{"type":"Feature","properties":{"nome":"VIA S.AGOSTINO 121","categoria":"Unità non abitativa","tipo":"LOCALE"},"geometry":{"type":"Point","coordinates":[13.355204,38.117851]}},{"type":"Feature","properties":{"nome":"VIA S.AGOSTINO 123","categoria":"Unità non abitativa","tipo":"LOCALE"},"geometry":{"type":"Point","coordinates":[13.355204,38.117851]}},{"type":"Feature","properties":{"nome":"VIA S.AGOSTINO 125","categoria":"Unità non abitativa","tipo":"LOCALE"},"geometry":{"type":"Point","coordinates":[13.355124,38.117842]}},{"type":"Feature","properties":{"nome":"VIA S.AGOSTINO 127","categoria":"Unità non abitativa","tipo":"LOCALE"},"geometry":{"type":"Point","coordinates":[13.355124,38.117842]}},{"type":"Feature","properties":{"nome":"PIAZZA CASTELNUOVO 13","categoria":"Unità non abitativa","tipo":"LOCALE"},"geometry":{"type":"Point","coordinates":[13.355326,38.123867]}},{"type":"Feature","properties":{"nome":"VIA DI BARTOLOMEO LEONARDO 7","categoria":"Unità non abitativa","tipo":"LOCALE"},"geometry":{"type":"Point","coordinates":[13.338361,38.122741]}},{"type":"Feature","properties":{"nome":"VIA ALLMAYER VITO FAZIO 17","categoria":"Unità non abitativa","tipo":"LOCALE"},"geometry":{"type":"Point","coordinates":[13.32309,38.117108]}},{"type":"Feature","properties":{"nome":"VIA ALLMAYER VITO FAZIO 15","categoria":"Unità non abitativa","tipo":"LOCALE"},"geometry":{"type":"Point","coordinates":[13.32292,38.116707]}},{"type":"Feature","properties":{"nome":"VIA ALLMAYER VITO FAZIO 11","categoria":"Unità non abitativa","tipo":"LOCALE"},"geometry":{"type":"Point","coordinates":[13.32292,38.116707]}},{"type":"Feature","properties":{"nome":"VIA ALLMAYER VITO FAZIO 9","categoria":"Unità non abitativa","tipo":"LOCALE"},"geometry":{"type":"Point","coordinates":[13.32292,38.116707]}},{"type":"Feature","properties":{"nome":"VIA NOCE 88","categoria":"Unità non abitativa","tipo":"LOCALE"},"geometry":{"type":"Point","coordinates":[13.334645,38.121203]}},{"type":"Feature","properties":{"nome":"VIA VILLASEVAGLIOS PIETRO 17","categoria":"Unità non abitativa","tipo":"LOCALE"},"geometry":{"type":"Point","coordinates":[13.361302,38.141408]}},{"type":"Feature","properties":{"nome":"VIA VENEZIA 55-57","categoria":"Unità non abitativa","tipo":"LOCALE"},"geometry":{"type":"Point","coordinates":[13.361327,38.117549]}},{"type":"Feature","properties":{"nome":"VIA ORETO 31","categoria":"Unità non abitativa","tipo":"LOCALE"},"geometry":{"type":"Point","coordinates":[13.36568,38.108843]}},{"type":"Feature","properties":{"nome":"VIA GALVANI LUIGI 20","categoria":"Unità non abitativa","tipo":"LOCALE"},"geometry":{"type":"Point","coordinates":[13.387171,38.101416]}},{"type":"Feature","properties":{"nome":"VICOLO S.MICHELE ARCANGELO 3","categoria":"Unità non abitativa","tipo":"LOCALE"},"geometry":{"type":"Point","coordinates":[13.361169,38.111913]}},{"type":"Feature","properties":{"nome":"VICOLO S.MICHELE ARCANGELO 5","categoria":"Unità non abitativa","tipo":"LOCALE"},"geometry":{"type":"Point","coordinates":[13.361169,38.111913]}},{"type":"Feature","properties":{"nome":"VICOLO S.MICHELE ARCANGELO 7","categoria":"Unità non abitativa","tipo":"LOCALE"},"geometry":{"type":"Point","coordinates":[13.361169,38.111913]}},{"type":"Feature","properties":{"nome":"VIA EVOLA NICOLO' DOMENICO 43","categoria":"Terreno","tipo":"EDILIZIA RESIDENZIALE"},"geometry":{"type":"Point","coordinates":[13.418464,38.066052]}},{"type":"Feature","properties":{"nome":"VIA CARTA GIUSEPPE 10-12","categoria":"Terreno","tipo":"EDILIZIA RESIDENZIALE"},"geometry":{"type":"Point","coordinates":[13.326229,38.162924]}},{"type":"Feature","properties":{"nome":"VIA FALSOMIELE 15","categoria":"Terreno","tipo":"EDILIZIA RESIDENZIALE"},"geometry":{"type":"Point","coordinates":[13.372965,38.080758]}},{"type":"Feature","properties":{"nome":"VIA BARI 1","categoria":"Edificio","tipo":"INFRASTRUTTURA INTERESSE GENERALE"},"geometry":{"type":"Point","coordinates":[13.388183,38.092995]}},{"type":"Feature","properties":{"nome":"GRADIN. MURA DELLE CATTIVE 17","categoria":"Edificio","tipo":"INFRASTRUTTURA INTERESSE GENERALE"},"geometry":{"type":"Point","coordinates":[13.372585,38.117479]}},{"type":"Feature","properties":{"nome":"VIA DANISINNI 22","categoria":"Edificio","tipo":"INFRASTRUTTURA INTERESSE GENERALE"},"geometry":{"type":"Point","coordinates":[13.40377,38.099057]}},{"type":"Feature","properties":{"nome":"VIA CARELLA CANONICO 3","categoria":"Edificio","tipo":"INFRASTRUTTURA INTERESSE GENERALE"},"geometry":{"type":"Point","coordinates":[13.387207,38.099095]}},{"type":"Feature","properties":{"nome":"VIA MESSINA MARINE 811","categoria":"Edificio","tipo":"INFRASTRUTTURA INTERESSE GENERALE"},"geometry":{"type":"Point","coordinates":[13.430267,38.095969]}},{"type":"Feature","properties":{"nome":"VIA GERMANESE 16/16A","categoria":"Edificio","tipo":"INFRASTRUTTURA INTERESSE GENERALE"},"geometry":{"type":"Point","coordinates":[13.382698,38.096949]}},{"type":"Feature","properties":{"nome":"PIAZZETTA CASTELLACCIO","categoria":"Edificio","tipo":"INFRASTRUTTURA INTERESSE GENERALE"},"geometry":{"type":"Point","coordinates":[13.388183,38.092995]}},{"type":"Feature","properties":{"nome":"VIA MURA DI PORTA CARINI 49","categoria":"Unità non abitativa","tipo":"LOCALE"},"geometry":{"type":"Point","coordinates":[13.351483,38.117465]}},{"type":"Feature","properties":{"nome":"53","categoria":"Unità non abitativa","tipo":"LOCALE"},"geometry":{"type":"Point","coordinates":[13.336821,38.151163]}},{"type":"Feature","properties":{"nome":"VICOLO CONGR. DEL VENERDI' (1) 2","categoria":"Unità non abitativa","tipo":"LOCALE"},"geometry":{"type":"Point","coordinates":[13.363031,38.111153]}},{"type":"Feature","properties":{"nome":"VICOLO CONGR. DEL VENERDI' (1) 4","categoria":"Unità non abitativa","tipo":"LOCALE"},"geometry":{"type":"Point","coordinates":[13.363031,38.111153]}},{"type":"Feature","properties":{"nome":"VICOLO CONGR. DEL VENERDI' (1) 6","categoria":"Unità non abitativa","tipo":"LOCALE"},"geometry":{"type":"Point","coordinates":[13.363031,38.111153]}},{"type":"Feature","properties":{"nome":"VIA COLLEGIO MARIA AL CARMINE7","categoria":"Unità non abitativa","tipo":"LOCALE"},"geometry":{"type":"Point","coordinates":[13.363449,38.110745]}},{"type":"Feature","properties":{"nome":"VIA POZZO 48","categoria":"Unità non abitativa","tipo":"LOCALE"},"geometry":{"type":"Point","coordinates":[13.323106,38.128896]}},{"type":"Feature","properties":{"nome":"VIA CATANIA 7","categoria":"Unità non abitativa","tipo":"LOCALE"},"geometry":{"type":"Point","coordinates":[13.349639,38.128142]}},{"type":"Feature","properties":{"nome":"VIALE DE GASPERI ALCIDE 68/68/A","categoria":"Unità non abitativa","tipo":"LOCALE"},"geometry":{"type":"Point","coordinates":[13.33426,38.149308]}},{"type":"Feature","properties":{"nome":"VIA GIAFAR EMIRO 36-36","categoria":"Unità non abitativa","tipo":"LOCALE"},"geometry":{"type":"Point","coordinates":[13.38763,38.093582]}},{"type":"Feature","properties":{"nome":"VIA RAU SIMONE 23","categoria":"Unità non abitativa","tipo":"LOCALE"},"geometry":{"type":"Point","coordinates":[13.334308,38.120972]}},{"type":"Feature","properties":{"nome":"VIALE REGIONE SICILIANA N.O. 1109","categoria":"Area","tipo":"LOCALE"},"geometry":{"type":"Point","coordinates":[13.32992,38.113255]}},{"type":"Feature","properties":{"nome":"VIA TERRA DELLE MOSCHE 17","categoria":"Unità non abitativa","tipo":"LOCALE"},"geometry":{"type":"Point","coordinates":[13.365615,38.117927]}},{"type":"Feature","properties":{"nome":"VIA TERRA DELLE MOSCHE 11.13.1","categoria":"Unità non abitativa","tipo":"LOCALE"},"geometry":{"type":"Point","coordinates":[13.365615,38.117927]}},{"type":"Feature","properties":{"nome":"LARGO STRASBURGO 16-19","categoria":"Unità non abitativa","tipo":"LOCALE"},"geometry":{"type":"Point","coordinates":[13.320675,38.161581]}},{"type":"Feature","properties":{"nome":"VIA RESTIVO EMPEDOCLE 84","categoria":"Unità non abitativa","tipo":"LOCALE"},"geometry":{"type":"Point","coordinates":[13.334867,38.145031]}},{"type":"Feature","properties":{"nome":"VIA ALIAS FRANCESCO MARIA 7","categoria":"Unità non abitativa","tipo":"LOCALE"},"geometry":{"type":"Point","coordinates":[13.319394,38.133508]}},{"type":"Feature","properties":{"nome":"CORSO DEI MILLE 177","categoria":"Unità non abitativa","tipo":"LOCALE"},"geometry":{"type":"Point","coordinates":[13.370683,38.108148]}},{"type":"Feature","properties":{"nome":"VIA KAFKA FRANZ JOSEPH 19","categoria":"Terreno","tipo":"EDILIZIA RESIDENZIALE"},"geometry":{"type":"Point","coordinates":[13.296544,38.168087]}},{"type":"Feature","properties":{"nome":"VIA VILLAGRAZIA 315","categoria":"Terreno","tipo":"EDILIZIA RESIDENZIALE"},"geometry":{"type":"Point","coordinates":[13.342486,38.087496]}},{"type":"Feature","properties":{"nome":"VIA GUGLIELMINI SNC","categoria":"Edificio","tipo":"EDILIZIA RESIDENZIALE"},"geometry":{"type":"Point","coordinates":[13.429555,38.079156]}},{"type":"Feature","properties":{"nome":"VIA CRISPI FRANCESCO 03/05/2026","categoria":"Area","tipo":"INFRASTRUTTURA INTERESSE GENERALE"},"geometry":{"type":"Point","coordinates":[13.367617,38.121042]}},{"type":"Feature","properties":{"nome":"VIA CRISPI FRANCESCO 3 / 5","categoria":"Edificio","tipo":"INFRASTRUTTURA INTERESSE GENERALE"},"geometry":{"type":"Point","coordinates":[13.367129,38.121293]}},{"type":"Feature","properties":{"nome":"VIA DELL'AQUILA PIETRO 1","categoria":"Unità abitativa","tipo":"EDILIZIA RESIDENZIALE PUBBLICA"},"geometry":{"type":"Point","coordinates":[13.30721,38.134347]}},{"type":"Feature","properties":{"nome":"CORSO DEI MILLE 970","categoria":"Unità non abitativa","tipo":"LOCALE"},"geometry":{"type":"Point","coordinates":[13.392218,38.098841]}},{"type":"Feature","properties":{"nome":"PIAZZA GIULIO CESARE 51","categoria":"Unità non abitativa","tipo":"LOCALE"},"geometry":{"type":"Point","coordinates":[13.365518,38.110609]}},{"type":"Feature","properties":{"nome":"PIAZZA DEGLI ARAGONESI 43","categoria":"Unità non abitativa","tipo":"LOCALE"},"geometry":{"type":"Point","coordinates":[13.356274,38.118318]}},{"type":"Feature","properties":{"nome":"VIA TIRO A SEGNO 1","categoria":"Unità non abitativa","tipo":"LOCALE"},"geometry":{"type":"Point","coordinates":[13.374115,38.108349]}},{"type":"Feature","properties":{"nome":"PIAZZA SETTIMO RUGGERO 1","categoria":"Unità non abitativa","tipo":"LOCALE"},"geometry":{"type":"Point","coordinates":[13.356681,38.12516]}},{"type":"Feature","properties":{"nome":"PIAZZA S.ANNA 1A","categoria":"Unità non abitativa","tipo":"LOCALE"},"geometry":{"type":"Point","coordinates":[13.365492,38.115178]}},{"type":"Feature","properties":{"nome":"PIAZZA S.ANNA 1","categoria":"Unità non abitativa","tipo":"LOCALE"},"geometry":{"type":"Point","coordinates":[13.365492,38.115178]}},{"type":"Feature","properties":{"nome":"PIAZZA S.ANNA 3","categoria":"Unità non abitativa","tipo":"LOCALE"},"geometry":{"type":"Point","coordinates":[13.365492,38.115178]}},{"type":"Feature","properties":{"nome":"PIAZZA S.ANNA 10A","categoria":"Unità non abitativa","tipo":"LOCALE"},"geometry":{"type":"Point","coordinates":[13.365786,38.115426]}},{"type":"Feature","properties":{"nome":"PIAZZA S.ANNA 11","categoria":"Unità non abitativa","tipo":"LOCALE"},"geometry":{"type":"Point","coordinates":[13.365547,38.115593]}},{"type":"Feature","properties":{"nome":"VIA MURA DI SAN VITO 6-8","categoria":"Unità non abitativa","tipo":"LOCALE"},"geometry":{"type":"Point","coordinates":[13.354789,38.11898]}},{"type":"Feature","properties":{"nome":"VICOLO S.BIAGIO 4","categoria":"Unità non abitativa","tipo":"LOCALE"},"geometry":{"type":"Point","coordinates":[13.359185,38.115627]}},{"type":"Feature","properties":{"nome":"VIA BESIO GIACOMO 55","categoria":"Unità non abitativa","tipo":"LOCALE"},"geometry":{"type":"Point","coordinates":[13.31114,38.13762]}},{"type":"Feature","properties":{"nome":"VIA SIRTORI GIUSEPPE GEN. 19","categoria":"Unità non abitativa","tipo":"LOCALE"},"geometry":{"type":"Point","coordinates":[13.341051,38.127655]}},{"type":"Feature","properties":{"nome":"VIA SIRTORI GIUSEPPE GEN. 21-23","categoria":"Unità non abitativa","tipo":"LOCALE"},"geometry":{"type":"Point","coordinates":[13.341051,38.127655]}},{"type":"Feature","properties":{"nome":"VIA CASELLA ALFREDO 22-24","categoria":"Unità non abitativa","tipo":"LOCALE"},"geometry":{"type":"Point","coordinates":[13.341051,38.127655]}},{"type":"Feature","properties":{"nome":"VIA CASELLA ALFREDO 26","categoria":"Unità non abitativa","tipo":"LOCALE"},"geometry":{"type":"Point","coordinates":[13.341051,38.127655]}},{"type":"Feature","properties":{"nome":"VIA BEVIGNANI ENRICO 62","categoria":"Unità non abitativa","tipo":"LOCALE"},"geometry":{"type":"Point","coordinates":[13.341051,38.127655]}},{"type":"Feature","properties":{"nome":"VIA BEVIGNANI ENRICO 64","categoria":"Unità non abitativa","tipo":"LOCALE"},"geometry":{"type":"Point","coordinates":[13.341051,38.127655]}},{"type":"Feature","properties":{"nome":"VIA BEVIGNANI ENRICO 66-76","categoria":"Unità non abitativa","tipo":"LOCALE"},"geometry":{"type":"Point","coordinates":[13.341051,38.127655]}},{"type":"Feature","properties":{"nome":"VIA ANSELMI ROSINA 19","categoria":"Area","tipo":"AREA"},"geometry":{"type":"Point","coordinates":[13.329198,38.104512]}},{"type":"Feature","properties":{"nome":"VIA CASELLA ALFREDO 62-64","categoria":"Unità non abitativa","tipo":"LOCALE"},"geometry":{"type":"Point","coordinates":[13.339826,38.127312]}},{"type":"Feature","properties":{"nome":"VIA BRIUCCIA 86","categoria":"Unità non abitativa","tipo":"LOCALE"},"geometry":{"type":"Point","coordinates":[13.332315,38.151187]}},{"type":"Feature","properties":{"nome":"VIA TOMMASO NATALE 73","categoria":"Unità non abitativa","tipo":"LOCALE"},"geometry":{"type":"Point","coordinates":[13.299111,38.175863]}},{"type":"Feature","properties":{"nome":"VIA ARIOSTO LUDOVICO 34C-34D","categoria":"Unità non abitativa","tipo":"LOCALE"},"geometry":{"type":"Point","coordinates":[13.343549,38.133367]}},{"type":"Feature","properties":{"nome":"VICOLO COLLUZIO SNC","categoria":"Unità non abitativa","tipo":"EDILIZIA RESIDENZIALE"},"geometry":{"type":"Point","coordinates":[13.420209,38.073772]}},{"type":"Feature","properties":{"nome":"VIA FOSSI AI 2","categoria":"Terreno","tipo":"AREA"},"geometry":{"type":"Point","coordinates":[13.367046,38.138584]}},{"type":"Feature","properties":{"nome":"FONDO MOTISI SNC","categoria":"Unità abitativa","tipo":"EDILIZIA RESIDENZIALE"},"geometry":{"type":"Point","coordinates":[13.371815,38.082043]}},{"type":"Feature","properties":{"nome":"VIA AGNETTA 118","categoria":"Unità non abitativa","tipo":"EDILIZIA RESIDENZIALE"},"geometry":{"type":"Point","coordinates":[13.344291,38.084065]}},{"type":"Feature","properties":{"nome":"VIA CUFFARO SILVESTRE 3","categoria":"Unità non abitativa","tipo":"LOCALE"},"geometry":{"type":"Point","coordinates":[13.29578,38.133591]}},{"type":"Feature","properties":{"nome":"VIA S.CIRO 21","categoria":"Unità non abitativa","tipo":"LOCALE"},"geometry":{"type":"Point","coordinates":[13.383064,38.094353]}},{"type":"Feature","properties":{"nome":"ARCO DEI BISCOTTARI 3","categoria":"Unità non abitativa","tipo":"LOCALE"},"geometry":{"type":"Point","coordinates":[13.35801,38.112376]}},{"type":"Feature","properties":{"nome":"PIAZZETTA DELLE DOGANE 1","categoria":"Unità non abitativa","tipo":"LOCALE"},"geometry":{"type":"Point","coordinates":[13.369034,38.118916]}},{"type":"Feature","properties":{"nome":"PIAZZETTA DELLE DOGANE 3","categoria":"Unità non abitativa","tipo":"LOCALE"},"geometry":{"type":"Point","coordinates":[13.369034,38.118916]}},{"type":"Feature","properties":{"nome":"PIAZZETTA DELLE DOGANE 4","categoria":"Unità non abitativa","tipo":"LOCALE"},"geometry":{"type":"Point","coordinates":[13.369034,38.118916]}},{"type":"Feature","properties":{"nome":"VIA DEL PARLAMENTO 32","categoria":"Edificio","tipo":"LOCALE"},"geometry":{"type":"Point","coordinates":[13.367074,38.117094]}},{"type":"Feature","properties":{"nome":"VIA DEL PALLONE 10","categoria":"Unità non abitativa","tipo":"LOCALE"},"geometry":{"type":"Point","coordinates":[13.373377,38.115034]}},{"type":"Feature","properties":{"nome":"PIAZZA S. SPIRITO 34","categoria":"Unità non abitativa","tipo":"LOCALE"},"geometry":{"type":"Point","coordinates":[13.371203,38.119742]}},{"type":"Feature","properties":{"nome":"PIAZZA S. SPIRITO 12","categoria":"Unità non abitativa","tipo":"LOCALE"},"geometry":{"type":"Point","coordinates":[13.371324,38.119553]}},{"type":"Feature","properties":{"nome":"VICOLO DI BLASI SNC","categoria":"Unità non abitativa","tipo":"LOCALE"},"geometry":{"type":"Point","coordinates":[13.368858,38.116089]}},{"type":"Feature","properties":{"nome":"VIA MENDOLA 16","categoria":"Unità non abitativa","tipo":"LOCALE"},"geometry":{"type":"Point","coordinates":[13.366843,38.105675]}},{"type":"Feature","properties":{"nome":"VIA DORIDE 1/B","categoria":"Unità non abitativa","tipo":"LOCALE"},"geometry":{"type":"Point","coordinates":[13.313258,38.196908]}},{"type":"Feature","properties":{"nome":"VIA DEL SALICE 6","categoria":"Unità non abitativa","tipo":"LOCALE"},"geometry":{"type":"Point","coordinates":[13.323877,38.128804]}},{"type":"Feature","properties":{"nome":"VIA MONTEPELLEGRINO 45","categoria":"Unità non abitativa","tipo":"LOCALE"},"geometry":{"type":"Point","coordinates":[13.358928,38.136717]}},{"type":"Feature","properties":{"nome":"VIALE REGIONE SICILIANA S.E. 5049","categoria":"Unità non abitativa","tipo":"LOCALE"},"geometry":{"type":"Point","coordinates":[13.382579,38.089991]}},{"type":"Feature","properties":{"nome":"VIALE REGIONE SICILIANA S.E. 5051","categoria":"Unità non abitativa","tipo":"LOCALE"},"geometry":{"type":"Point","coordinates":[13.382669,38.089928]}},{"type":"Feature","properties":{"nome":"VIA NENNI PIETRO 4579","categoria":"Unità non abitativa","tipo":"LOCALE"},"geometry":{"type":"Point","coordinates":[13.330022,38.144999]}},{"type":"Feature","properties":{"nome":"VIA GUADAGNA 54","categoria":"Unità non abitativa","tipo":"LOCALE"},"geometry":{"type":"Point","coordinates":[13.368762,38.099747]}},{"type":"Feature","properties":{"nome":"VIA MONTALBO 36","categoria":"Unità non abitativa","tipo":"LOCALE"},"geometry":{"type":"Point","coordinates":[13.359406,38.137578]}},{"type":"Feature","properties":{"nome":"59","categoria":"Unità non abitativa","tipo":"LOCALE"},"geometry":{"type":"Point","coordinates":[13.365161,38.110243]}},{"type":"Feature","properties":{"nome":"VIA DIXIT MICHELE SNC","categoria":"Unità abitativa","tipo":"EDILIZIA RESIDENZIALE"},"geometry":{"type":"Point","coordinates":[13.417479,38.073999]}},{"type":"Feature","properties":{"nome":"VIA FERRARI ORSI FEDERICO 65","categoria":"Unità non abitativa","tipo":"EDILIZIA RESIDENZIALE"},"geometry":{"type":"Point","coordinates":[13.390376,38.102517]}},{"type":"Feature","properties":{"nome":"VIALE DEL FANTE 1","categoria":"Unità non abitativa","tipo":"IMPIANTO SPORTIVO"},"geometry":{"type":"Point","coordinates":[13.344219,38.147637]}},{"type":"Feature","properties":{"nome":"VIA DELL'AIRONE","categoria":"Terreno","tipo":"IMPIANTO SPORTIVO"},"geometry":{"type":"Point","coordinates":[13.35834,38.089505]}},{"type":"Feature","properties":{"nome":"VIALE DEI PICCIOTTI 86","categoria":"Terreno","tipo":"AREA"},"geometry":{"type":"Point","coordinates":[13.379609,38.106431]}},{"type":"Feature","properties":{"nome":"VIA ROSSA GUIDO","categoria":"Edificio","tipo":"IMPIANTO SPORTIVO"},"geometry":{"type":"Point","coordinates":[13.358625,38.082647]}},{"type":"Feature","properties":{"nome":"VIA CONTE FEDERICO","categoria":"Terreno","tipo":"IMPIANTO SPORTIVO"},"geometry":{"type":"Point","coordinates":[13.395826,38.087753]}},{"type":"Feature","properties":{"nome":"VIALE DEL FANTE 9","categoria":"Edificio","tipo":"IMPIANTO SPORTIVO"},"geometry":{"type":"Point","coordinates":[13.342281,38.152723]}},{"type":"Feature","properties":{"nome":"VIALE ERCOLE 1","categoria":"Area","tipo":"IMPIANTO SPORTIVO"},"geometry":{"type":"Point","coordinates":[13.333319,38.170398]}},{"type":"Feature","properties":{"nome":"VIA SAURO NAZARIO 9","categoria":"Unità non abitativa","tipo":"LOCALE TECNICO"},"geometry":{"type":"Point","coordinates":[13.332902,38.122672]}},{"type":"Feature","properties":{"nome":"VIA IMPASTATO FELICIA 07/01/2026","categoria":"Unità non abitativa","tipo":"LOCALE"},"geometry":{"type":"Point","coordinates":[13.365234,38.085435]}},{"type":"Feature","properties":{"nome":"VIA IMPASTATO FELICIA 9","categoria":"Unità non abitativa","tipo":"LOCALE"},"geometry":{"type":"Point","coordinates":[13.365234,38.085435]}},{"type":"Feature","properties":{"nome":"VIA IMPASTATO FELICIA 11","categoria":"Unità non abitativa","tipo":"LOCALE"},"geometry":{"type":"Point","coordinates":[13.365234,38.085435]}},{"type":"Feature","properties":{"nome":"VIA IMPASTATO FELICIA 13","categoria":"Unità non abitativa","tipo":"LOCALE"},"geometry":{"type":"Point","coordinates":[13.365234,38.085435]}},{"type":"Feature","properties":{"nome":"VIALE XXVII MAGGIO 8","categoria":"Unità non abitativa","tipo":"AREA"},"geometry":{"type":"Point","coordinates":[13.405612,38.098297]}},{"type":"Feature","properties":{"nome":"CORSO DEI MILLE 753/75","categoria":"Unità non abitativa","tipo":"LOCALE"},"geometry":{"type":"Point","coordinates":[13.388221,38.099195]}},{"type":"Feature","properties":{"nome":"CORSO DEI MILLE 308/310","categoria":"Unità non abitativa","tipo":"LOCALE"},"geometry":{"type":"Point","coordinates":[13.373546,38.106847]}},{"type":"Feature","properties":{"nome":"VIA TASCA LANZA 88","categoria":"Unità non abitativa","tipo":"LOCALE"},"geometry":{"type":"Point","coordinates":[13.328868,38.111946]}},{"type":"Feature","properties":{"nome":"VIA IMPASTATO FELICIA 2/G-H-I","categoria":"Unità non abitativa","tipo":"LOCALE"},"geometry":{"type":"Point","coordinates":[13.364193,38.084398]}},{"type":"Feature","properties":{"nome":"VIA PORTA DI CASTRO 63","categoria":"Unità non abitativa","tipo":"LOCALE"},"geometry":{"type":"Point","coordinates":[13.358607,38.112041]}},{"type":"Feature","properties":{"nome":"VIA SCARPARELLI 30","categoria":"Unità non abitativa","tipo":"LOCALE"},"geometry":{"type":"Point","coordinates":[13.359532,38.112549]}},{"type":"Feature","properties":{"nome":"VIA TEATRO GARIBALDI 18","categoria":"Unità non abitativa","tipo":"LOCALE"},"geometry":{"type":"Point","coordinates":[13.357908,38.111894]}},{"type":"Feature","properties":{"nome":"CORTILE DELLE BISACCE 27","categoria":"Unità non abitativa","tipo":"LOCALE"},"geometry":{"type":"Point","coordinates":[13.36147,38.114001]}},{"type":"Feature","properties":{"nome":"15/21","categoria":"Unità non abitativa","tipo":"LOCALE"},"geometry":{"type":"Point","coordinates":[13.383064,38.094353]}},{"type":"Feature","properties":{"nome":"17/19","categoria":"Unità non abitativa","tipo":"LOCALE"},"geometry":{"type":"Point","coordinates":[13.383064,38.094353]}},{"type":"Feature","properties":{"nome":"19A","categoria":"Unità non abitativa","tipo":"LOCALE"},"geometry":{"type":"Point","coordinates":[13.383064,38.094353]}},{"type":"Feature","properties":{"nome":"19","categoria":"Unità non abitativa","tipo":"LOCALE"},"geometry":{"type":"Point","coordinates":[13.383064,38.094353]}},{"type":"Feature","properties":{"nome":"18/20","categoria":"Unità non abitativa","tipo":"LOCALE"},"geometry":{"type":"Point","coordinates":[13.324463,38.169532]}},{"type":"Feature","properties":{"nome":"2/A","categoria":"Unità non abitativa","tipo":"LOCALE"},"geometry":{"type":"Point","coordinates":[13.358391,38.111133]}},{"type":"Feature","properties":{"nome":"1-1/A","categoria":"Unità non abitativa","tipo":"LOCALE"},"geometry":{"type":"Point","coordinates":[13.358391,38.111133]}},{"type":"Feature","properties":{"nome":"1/C-1/D","categoria":"Unità non abitativa","tipo":"LOCALE"},"geometry":{"type":"Point","coordinates":[13.358391,38.111133]}},{"type":"Feature","properties":{"nome":"1E","categoria":"Unità non abitativa","tipo":"LOCALE"},"geometry":{"type":"Point","coordinates":[13.358391,38.111133]}},{"type":"Feature","properties":{"nome":"249","categoria":"Unità non abitativa","tipo":"LOCALE"},"geometry":{"type":"Point","coordinates":[13.362798,38.116435]}},{"type":"Feature","properties":{"nome":"VIA DEGLI EMIRI 27","categoria":"Edificio","tipo":"IMPIANTO SPORTIVO"},"geometry":{"type":"Point","coordinates":[13.33576,38.11632]}},{"type":"Feature","properties":{"nome":"VIALE DIANA 4","categoria":"Edificio","tipo":"IMPIANTO SPORTIVO"},"geometry":{"type":"Point","coordinates":[13.347753,38.161748]}},{"type":"Feature","properties":{"nome":"VIA ALDISIO SALVATORE","categoria":"Terreno","tipo":"IMPIANTO SPORTIVO"},"geometry":{"type":"Point","coordinates":[13.329103,38.156903]}},{"type":"Feature","properties":{"nome":"VIALE DEL FANTE 3","categoria":"Area","tipo":"IMPIANTO SPORTIVO"},"geometry":{"type":"Point","coordinates":[13.344057,38.148858]}},{"type":"Feature","properties":{"nome":"VIALE LEONARDO DA VINCI 635","categoria":"Edificio","tipo":"IMPIANTO SPORTIVO"},"geometry":{"type":"Point","coordinates":[13.310788,38.127903]}},{"type":"Feature","properties":{"nome":"VIA CONTE FEDERICO 267","categoria":"Unità non abitativa","tipo":"LOCALE TECNICO"},"geometry":{"type":"Point","coordinates":[13.39788,38.086252]}},{"type":"Feature","properties":{"nome":"VIA CIMABUE GIOVANNI 20","categoria":"Edificio","tipo":"LOCALE TECNICO"},"geometry":{"type":"Point","coordinates":[13.326779,38.131455]}},{"type":"Feature","properties":{"nome":"VIA IMPASTATO FELICIA 15","categoria":"Unità non abitativa","tipo":"LOCALE TECNICO"},"geometry":{"type":"Point","coordinates":[13.365234,38.085435]}},{"type":"Feature","properties":{"nome":"VIA RE MARTINO 01/03/2026","categoria":"Unità non abitativa","tipo":"AREA"},"geometry":{"type":"Point","coordinates":[13.34209,38.112621]}},{"type":"Feature","properties":{"nome":"VIA PORTA DI CASTRO 94","categoria":"Unità non abitativa","tipo":"LOCALE"},"geometry":{"type":"Point","coordinates":[13.358035,38.111521]}},{"type":"Feature","properties":{"nome":"CASE ROCCA 1","categoria":"Unità non abitativa","tipo":"LOCALE"},"geometry":{"type":"Point","coordinates":[13.3389,38.157009]}},{"type":"Feature","properties":{"nome":"CASE ROCCA 2","categoria":"Unità non abitativa","tipo":"LOCALE"},"geometry":{"type":"Point","coordinates":[13.3389,38.157009]}},{"type":"Feature","properties":{"nome":"CASE ROCCA 3","categoria":"Unità non abitativa","tipo":"LOCALE"},"geometry":{"type":"Point","coordinates":[13.3389,38.157009]}},{"type":"Feature","properties":{"nome":"CASE ROCCA 4","categoria":"Unità non abitativa","tipo":"LOCALE"},"geometry":{"type":"Point","coordinates":[13.3389,38.157009]}},{"type":"Feature","properties":{"nome":"CASE ROCCA 5","categoria":"Unità non abitativa","tipo":"LOCALE"},"geometry":{"type":"Point","coordinates":[13.3389,38.157009]}},{"type":"Feature","properties":{"nome":"CASE ROCCA 5A","categoria":"Unità non abitativa","tipo":"LOCALE"},"geometry":{"type":"Point","coordinates":[13.3389,38.157009]}},{"type":"Feature","properties":{"nome":"CASE ROCCA 6","categoria":"Unità non abitativa","tipo":"LOCALE"},"geometry":{"type":"Point","coordinates":[13.3389,38.157009]}},{"type":"Feature","properties":{"nome":"CASE ROCCA 7","categoria":"Unità non abitativa","tipo":"LOCALE"},"geometry":{"type":"Point","coordinates":[13.3389,38.157009]}},{"type":"Feature","properties":{"nome":"CASE ROCCA 12/13","categoria":"Unità non abitativa","tipo":"LOCALE"},"geometry":{"type":"Point","coordinates":[13.338938,38.15724]}},{"type":"Feature","properties":{"nome":"CASE ROCCA 14","categoria":"Unità non abitativa","tipo":"LOCALE"},"geometry":{"type":"Point","coordinates":[13.338938,38.15724]}},{"type":"Feature","properties":{"nome":"VICOLO DEI QUARTIERI 23","categoria":"Unità non abitativa","tipo":"LOCALE"},"geometry":{"type":"Point","coordinates":[13.332217,38.164477]}},{"type":"Feature","properties":{"nome":"PIAZZA DEI QUARTIERI 6","categoria":"Unità non abitativa","tipo":"LOCALE"},"geometry":{"type":"Point","coordinates":[13.332217,38.164477]}},{"type":"Feature","properties":{"nome":"VIA DEI QUARTIERI 7","categoria":"Unità non abitativa","tipo":"LOCALE"},"geometry":{"type":"Point","coordinates":[13.332217,38.164477]}},{"type":"Feature","properties":{"nome":"VIA CHIAPPARA AL CARMINE 25","categoria":"Unità non abitativa","tipo":"LOCALE"},"geometry":{"type":"Point","coordinates":[13.363812,38.110857]}},{"type":"Feature","properties":{"nome":"VIA CHIAPPARA AL CARMINE 27","categoria":"Unità non abitativa","tipo":"LOCALE"},"geometry":{"type":"Point","coordinates":[13.363806,38.110779]}},{"type":"Feature","properties":{"nome":"VIA LUNGARINI 6","categoria":"Unità non abitativa","tipo":"LOCALE"},"geometry":{"type":"Point","coordinates":[13.368647,38.116377]}},{"type":"Feature","properties":{"nome":"VIA SPADARO 15","categoria":"Unità non abitativa","tipo":"LOCALE"},"geometry":{"type":"Point","coordinates":[13.372358,38.116004]}},{"type":"Feature","properties":{"nome":"VIA SPADARO 22","categoria":"Unità non abitativa","tipo":"LOCALE"},"geometry":{"type":"Point","coordinates":[13.372144,38.115945]}},{"type":"Feature","properties":{"nome":"VIA PORTA DI CASTRO 63/65","categoria":"Unità non abitativa","tipo":"LOCALE"},"geometry":{"type":"Point","coordinates":[13.358607,38.112041]}},{"type":"Feature","properties":{"nome":"CORSO DEI MILLE 461","categoria":"Unità non abitativa","tipo":"LOCALE"},"geometry":{"type":"Point","coordinates":[13.380419,38.101957]}},{"type":"Feature","properties":{"nome":"CORSO DEI MILLE 463","categoria":"Unità non abitativa","tipo":"LOCALE"},"geometry":{"type":"Point","coordinates":[13.380419,38.101957]}},{"type":"Feature","properties":{"nome":"VIA SERRAGLIO VECCHIO 28","categoria":"Unità non abitativa","tipo":"LOCALE"},"geometry":{"type":"Point","coordinates":[13.369477,38.10883]}},{"type":"Feature","properties":{"nome":"27-29","categoria":"Unità non abitativa","tipo":"LOCALE"},"geometry":{"type":"Point","coordinates":[13.341051,38.127655]}},{"type":"Feature","properties":{"nome":"64","categoria":"Unità non abitativa","tipo":"LOCALE"},"geometry":{"type":"Point","coordinates":[13.313856,38.160811]}},{"type":"Feature","properties":{"nome":"66-76","categoria":"Unità non abitativa","tipo":"LOCALE"},"geometry":{"type":"Point","coordinates":[13.314456,38.16112]}},{"type":"Feature","properties":{"nome":"VIA DELL'AIRONE SNC","categoria":"Unità non abitativa","tipo":"LOCALE"},"geometry":{"type":"Point","coordinates":[13.35834,38.089505]}},{"type":"Feature","properties":{"nome":"VIA UGHETTI GIOVANBATTISTA 27","categoria":"Unità non abitativa","tipo":"IMPIANTO SPORTIVO"},"geometry":{"type":"Point","coordinates":[13.355948,38.099476]}},{"type":"Feature","properties":{"nome":"VIA UGHETTI GIOVANBATTISTA","categoria":"Unità non abitativa","tipo":"IMPIANTO SPORTIVO"},"geometry":{"type":"Point","coordinates":[13.355948,38.099476]}},{"type":"Feature","properties":{"nome":"VIA CRISPI FRANCESCO","categoria":"Edificio","tipo":"LOCALE TECNICO"},"geometry":{"type":"Point","coordinates":[13.366485,38.12119]}},{"type":"Feature","properties":{"nome":"VIA MONTEPELLEGRINO SNC","categoria":"Edificio","tipo":"LOCALE TECNICO"},"geometry":{"type":"Point","coordinates":[13.357564,38.139825]}},{"type":"Feature","properties":{"nome":"CORSO CALATAFIMI 1002","categoria":"Edificio","tipo":"LOCALE TECNICO"},"geometry":{"type":"Point","coordinates":[13.309772,38.094575]}},{"type":"Feature","properties":{"nome":"VIA ROMERES GAETANO 02/04/2026","categoria":"Unità non abitativa","tipo":"AREA"},"geometry":{"type":"Point","coordinates":[13.318905,38.100983]}},{"type":"Feature","properties":{"nome":"VLO S.ANTONIO PIAZZA TEDESCHI 20","categoria":"Unità non abitativa","tipo":"LOCALE TECNICO"},"geometry":{"type":"Point","coordinates":[13.35786,38.111019]}},{"type":"Feature","properties":{"nome":"VIA CHINNICI DOMENICO GEN. 56/58","categoria":"Unità non abitativa","tipo":"AREA"},"geometry":{"type":"Point","coordinates":[13.317672,38.101528]}},{"type":"Feature","properties":{"nome":"VICOLO NOCE 7","categoria":"Unità non abitativa","tipo":"LOCALE"},"geometry":{"type":"Point","coordinates":[13.360617,38.113613]}},{"type":"Feature","properties":{"nome":"RUA FORMAGGI 10","categoria":"Unità non abitativa","tipo":"LOCALE"},"geometry":{"type":"Point","coordinates":[13.360617,38.113613]}},{"type":"Feature","properties":{"nome":"RUA FORMAGGI 14","categoria":"Unità non abitativa","tipo":"LOCALE"},"geometry":{"type":"Point","coordinates":[13.360617,38.113613]}},{"type":"Feature","properties":{"nome":"RUA FORMAGGI 16","categoria":"Unità non abitativa","tipo":"LOCALE"},"geometry":{"type":"Point","coordinates":[13.360617,38.113613]}},{"type":"Feature","properties":{"nome":"CORTILE VANELLONE 8","categoria":"Unità non abitativa","tipo":"LOCALE"},"geometry":{"type":"Point","coordinates":[13.360063,38.115468]}},{"type":"Feature","properties":{"nome":"CORTILE VANELLONE 9","categoria":"Unità non abitativa","tipo":"LOCALE"},"geometry":{"type":"Point","coordinates":[13.360063,38.115468]}},{"type":"Feature","properties":{"nome":"PIAZZA GRAN CANCELLIERE 1","categoria":"Unità non abitativa","tipo":"LOCALE"},"geometry":{"type":"Point","coordinates":[13.360063,38.115468]}},{"type":"Feature","properties":{"nome":"VIA PORTA DI CASTRO 150","categoria":"Unità non abitativa","tipo":"LOCALE"},"geometry":{"type":"Point","coordinates":[13.356908,38.111135]}},{"type":"Feature","properties":{"nome":"VIA LA BARBERA VINCENZO 5","categoria":"Unità non abitativa","tipo":"LOCALE"},"geometry":{"type":"Point","coordinates":[13.402072,38.079302]}},{"type":"Feature","properties":{"nome":"VIA CHIAPPARA AL CARMINE 37","categoria":"Unità non abitativa","tipo":"LOCALE"},"geometry":{"type":"Point","coordinates":[13.363678,38.110717]}},{"type":"Feature","properties":{"nome":"VIA CHIAVETTIERI 19","categoria":"Unità non abitativa","tipo":"LOCALE"},"geometry":{"type":"Point","coordinates":[13.366405,38.118064]}},{"type":"Feature","properties":{"nome":"VIA VILLAGRAZIA 300","categoria":"Unità non abitativa","tipo":"LOCALE"},"geometry":{"type":"Point","coordinates":[13.332649,38.076347]}},{"type":"Feature","properties":{"nome":"VIA QUINTA CASA 4","categoria":"Unità non abitativa","tipo":"LOCALE"},"geometry":{"type":"Point","coordinates":[13.363526,38.135851]}},{"type":"Feature","properties":{"nome":"VIA QUINTA CASA 2/C","categoria":"Unità non abitativa","tipo":"LOCALE"},"geometry":{"type":"Point","coordinates":[13.363526,38.135851]}},{"type":"Feature","properties":{"nome":"VIA MURA DI SAN VITO 9-11-13","categoria":"Terreno","tipo":"AREA"},"geometry":{"type":"Point","coordinates":[13.354502,38.119135]}},{"type":"Feature","properties":{"nome":"VICOLO NOCE 17","categoria":"Unità non abitativa","tipo":"LOCALE"},"geometry":{"type":"Point","coordinates":[13.360537,38.113259]}},{"type":"Feature","properties":{"nome":"VICOLO NOCE 13/14","categoria":"Unità non abitativa","tipo":"LOCALE"},"geometry":{"type":"Point","coordinates":[13.360537,38.113259]}},{"type":"Feature","properties":{"nome":"VIA VENEZIA 82","categoria":"Unità non abitativa","tipo":"LOCALE"},"geometry":{"type":"Point","coordinates":[13.361467,38.117314]}},{"type":"Feature","properties":{"nome":"P.LE S.ANNA FRATELLI 6 / 7","categoria":"Unità non abitativa","tipo":"LOCALE"},"geometry":{"type":"Point","coordinates":[13.386498,38.10471]}},{"type":"Feature","properties":{"nome":"VIA QUADRIO MAURIZIO 5","categoria":"Unità non abitativa","tipo":"LOCALE"},"geometry":{"type":"Point","coordinates":[13.384079,38.102168]}},{"type":"Feature","properties":{"nome":"VIA MOSCA GAETANO 28","categoria":"Unità non abitativa","tipo":"PARCHEGGIO"},"geometry":{"type":"Point","coordinates":[13.34926,38.113656]}},{"type":"Feature","properties":{"nome":"VIA DELLO SPIRITO SANTO 35,37","categoria":"Terreno","tipo":"PARCHEGGIO"},"geometry":{"type":"Point","coordinates":[13.357842,38.117341]}},{"type":"Feature","properties":{"nome":"VIA CASTELLANA 64","categoria":"Terreno","tipo":"PARCHEGGIO"},"geometry":{"type":"Point","coordinates":[13.308346,38.124747]}},{"type":"Feature","properties":{"nome":"VIALE LEONARDO DA VINCI 627","categoria":"Terreno","tipo":"AREA"},"geometry":{"type":"Point","coordinates":[13.312922,38.126937]}},{"type":"Feature","properties":{"nome":"VIALE FRANCIA","categoria":"Terreno","tipo":"PARCHEGGIO"},"geometry":{"type":"Point","coordinates":[13.322657,38.154761]}},{"type":"Feature","properties":{"nome":"VIA VILLA ROSATO 28","categoria":"Terreno","tipo":"PARCHEGGIO"},"geometry":{"type":"Point","coordinates":[13.332128,38.161123]}},{"type":"Feature","properties":{"nome":"VIA LA MALFA UGO","categoria":"Terreno","tipo":"PARCHEGGIO"},"geometry":{"type":"Point","coordinates":[13.312794,38.162274]}},{"type":"Feature","properties":{"nome":"VIA VILLAGRAZIA 315E","categoria":"Area","tipo":"AREA"},"geometry":{"type":"Point","coordinates":[13.342382,38.087463]}},{"type":"Feature","properties":{"nome":"VIA GIOTTO 41","categoria":"Unità non abitativa","tipo":"IMPIANTO SPORTIVO"},"geometry":{"type":"Point","coordinates":[13.333698,38.131222]}},{"type":"Feature","properties":{"nome":"CORSO DEI MILLE 793","categoria":"Unità non abitativa","tipo":"LOCALE TECNICO"},"geometry":{"type":"Point","coordinates":[13.390126,38.098895]}},{"type":"Feature","properties":{"nome":"VIA BEATI PAOLI 46","categoria":"Unità non abitativa","tipo":"LOCALE"},"geometry":{"type":"Point","coordinates":[13.354893,38.117043]}},{"type":"Feature","properties":{"nome":"VIA BEATI PAOLI 48","categoria":"Unità non abitativa","tipo":"LOCALE"},"geometry":{"type":"Point","coordinates":[13.354893,38.117043]}},{"type":"Feature","properties":{"nome":"VIALE DELLA RESURREZIONE 44","categoria":"Unità non abitativa","tipo":"LOCALE"},"geometry":{"type":"Point","coordinates":[13.324792,38.169791]}},{"type":"Feature","properties":{"nome":"VIALE DELLA RESURREZIONE 40","categoria":"Unità non abitativa","tipo":"LOCALE"},"geometry":{"type":"Point","coordinates":[13.324792,38.169791]}},{"type":"Feature","properties":{"nome":"VIALE DELLA RESURREZIONE 46","categoria":"Unità non abitativa","tipo":"LOCALE"},"geometry":{"type":"Point","coordinates":[13.324792,38.169791]}},{"type":"Feature","properties":{"nome":"VIALE DELLA RESURREZIONE 42","categoria":"Unità non abitativa","tipo":"LOCALE"},"geometry":{"type":"Point","coordinates":[13.324792,38.169791]}},{"type":"Feature","properties":{"nome":"VIALE DELLA RESURREZIONE 50","categoria":"Unità non abitativa","tipo":"LOCALE"},"geometry":{"type":"Point","coordinates":[13.324792,38.169791]}},{"type":"Feature","properties":{"nome":"VIALE COTTOLENGO 14","categoria":"Unità non abitativa","tipo":"LOCALE"},"geometry":{"type":"Point","coordinates":[13.324463,38.169532]}},{"type":"Feature","properties":{"nome":"VIALE COTTOLENGO 10","categoria":"Unità non abitativa","tipo":"LOCALE"},"geometry":{"type":"Point","coordinates":[13.324463,38.169532]}},{"type":"Feature","properties":{"nome":"VIA SERGIO PAPA I 94C","categoria":"Unità non abitativa","tipo":"LOCALE"},"geometry":{"type":"Point","coordinates":[13.371477,38.151861]}},{"type":"Feature","properties":{"nome":"VIA SERGIO PAPA I 94F","categoria":"Unità non abitativa","tipo":"LOCALE"},"geometry":{"type":"Point","coordinates":[13.371477,38.151861]}},{"type":"Feature","properties":{"nome":"VIA MAQUEDA 314/322","categoria":"Unità non abitativa","tipo":"LOCALE"},"geometry":{"type":"Point","coordinates":[13.358978,38.118815]}},{"type":"Feature","properties":{"nome":"VIA DI MARIA EUGENIO GEN.","categoria":"Terreno","tipo":"PARCHEGGIO"},"geometry":{"type":"Point","coordinates":[13.342365,38.131237]}},{"type":"Feature","properties":{"nome":"VIA MONGIBELLO","categoria":"Terreno","tipo":"PARCHEGGIO"},"geometry":{"type":"Point","coordinates":[13.322329,38.207443]}},{"type":"Feature","properties":{"nome":"VIA SCIANNA CIRO 07/09/2026","categoria":"Area","tipo":"AREA"},"geometry":{"type":"Point","coordinates":[13.359621,38.119718]}},{"type":"Feature","properties":{"nome":"VIA BELGIO","categoria":"Terreno","tipo":"PARCHEGGIO"},"geometry":{"type":"Point","coordinates":[13.331224,38.150828]}},{"type":"Feature","properties":{"nome":"VIA ZISA","categoria":"Terreno","tipo":"PARCHEGGIO"},"geometry":{"type":"Point","coordinates":[13.341919,38.115635]}},{"type":"Feature","properties":{"nome":"VIA GRASSI LIBERO","categoria":"Terreno","tipo":"PARCHEGGIO"},"geometry":{"type":"Point","coordinates":[13.33508,38.112018]}},{"type":"Feature","properties":{"nome":"VIA SERRADIFALCO","categoria":"Terreno","tipo":"PARCHEGGIO"},"geometry":{"type":"Point","coordinates":[13.335713,38.128131]}},{"type":"Feature","properties":{"nome":"VIA S.MARIA DI GESU' 15","categoria":"Area","tipo":"IMPIANTO SPORTIVO"},"geometry":{"type":"Point","coordinates":[13.37224,38.093717]}},{"type":"Feature","properties":{"nome":"VIA MERENDA PIETRO","categoria":"Unità non abitativa","tipo":"IMPIANTO SPORTIVO"},"geometry":{"type":"Point","coordinates":[13.340511,38.124989]}},{"type":"Feature","properties":{"nome":"VIA IMPASTATO FELICIA 2/A-B-C","categoria":"Unità non abitativa","tipo":"LOCALE"},"geometry":{"type":"Point","coordinates":[13.364193,38.084398]}},{"type":"Feature","properties":{"nome":"VIA IMPASTATO FELICIA 2/D-E-F","categoria":"Unità non abitativa","tipo":"LOCALE"},"geometry":{"type":"Point","coordinates":[13.364193,38.084398]}},{"type":"Feature","properties":{"nome":"VIA MONGITORE ANTONINO 3/A","categoria":"Unità non abitativa","tipo":"LOCALE"},"geometry":{"type":"Point","coordinates":[13.35786,38.111019]}},{"type":"Feature","properties":{"nome":"VIA LA GUMINA FRATELLI 2/C","categoria":"Unità non abitativa","tipo":"LOCALE"},"geometry":{"type":"Point","coordinates":[13.358391,38.111133]}},{"type":"Feature","properties":{"nome":"VIA MARINAI ALLIATA 4/C","categoria":"Unità non abitativa","tipo":"LOCALE"},"geometry":{"type":"Point","coordinates":[13.331017,38.179147]}},{"type":"Feature","properties":{"nome":"VIA IFIGENIA 12","categoria":"Unità non abitativa","tipo":"LOCALE"},"geometry":{"type":"Point","coordinates":[13.311666,38.196888]}},{"type":"Feature","properties":{"nome":"VIA AUSONIA 69","categoria":"Unità non abitativa","tipo":"LOCALE"},"geometry":{"type":"Point","coordinates":[13.334892,38.150331]}},{"type":"Feature","properties":{"nome":"VIA BUSCEMI NICOLO' 20","categoria":"Unità non abitativa","tipo":"LOCALE"},"geometry":{"type":"Point","coordinates":[13.315295,38.133985]}},{"type":"Feature","properties":{"nome":"VIA MESSINA MONTAGNE 15","categoria":"Area","tipo":"AREA"},"geometry":{"type":"Point","coordinates":[13.431577,38.081608]}},{"type":"Feature","properties":{"nome":"VIA BESIO GIACOMO 25/27","categoria":"Unità non abitativa","tipo":"LOCALE"},"geometry":{"type":"Point","coordinates":[13.31248,38.136969]}},{"type":"Feature","properties":{"nome":"VIA BESIO GIACOMO 73/79","categoria":"Unità non abitativa","tipo":"LOCALE"},"geometry":{"type":"Point","coordinates":[13.310281,38.138063]}},{"type":"Feature","properties":{"nome":"VIA ZUPPETTA 3","categoria":"Unità non abitativa","tipo":"LOCALE"},"geometry":{"type":"Point","coordinates":[13.333691,38.078045]}},{"type":"Feature","properties":{"nome":"VIA MAQUEDA 326","categoria":"Unità non abitativa","tipo":"LOCALE"},"geometry":{"type":"Point","coordinates":[13.358978,38.118815]}},{"type":"Feature","properties":{"nome":"VIA MAQUEDA 304/308","categoria":"Unità non abitativa","tipo":"LOCALE"},"geometry":{"type":"Point","coordinates":[13.358978,38.118815]}},{"type":"Feature","properties":{"nome":"VIA MAQUEDA 304","categoria":"Unità non abitativa","tipo":"LOCALE"},"geometry":{"type":"Point","coordinates":[13.358978,38.118815]}},{"type":"Feature","properties":{"nome":"VIA MAQUEDA 328","categoria":"Unità non abitativa","tipo":"LOCALE"},"geometry":{"type":"Point","coordinates":[13.358978,38.118815]}},{"type":"Feature","properties":{"nome":"VIA MAQUEDA 324","categoria":"Unità non abitativa","tipo":"LOCALE"},"geometry":{"type":"Point","coordinates":[13.358978,38.118815]}},{"type":"Feature","properties":{"nome":"VICOLO DI CRISTOFALO 14","categoria":"Area","tipo":"AREA"},"geometry":{"type":"Point","coordinates":[13.367031,38.145225]}},{"type":"Feature","properties":{"nome":"VIA MAQUEDA 310","categoria":"Unità non abitativa","tipo":"LOCALE"},"geometry":{"type":"Point","coordinates":[13.358978,38.118815]}},{"type":"Feature","properties":{"nome":"VIA AMICO UGO ANTONIO 06/10/2026","categoria":"Unità non abitativa","tipo":"LOCALE"},"geometry":{"type":"Point","coordinates":[13.358978,38.118815]}},{"type":"Feature","properties":{"nome":"VIA AMICO UGO ANTONIO 2","categoria":"Unità non abitativa","tipo":"LOCALE"},"geometry":{"type":"Point","coordinates":[13.358978,38.118815]}},{"type":"Feature","properties":{"nome":"VIA MAQUEDA 312","categoria":"Unità non abitativa","tipo":"LOCALE"},"geometry":{"type":"Point","coordinates":[13.358978,38.118815]}},{"type":"Feature","properties":{"nome":"VIA AMICO UGO ANTONIO 12","categoria":"Unità non abitativa","tipo":"LOCALE"},"geometry":{"type":"Point","coordinates":[13.358978,38.118815]}},{"type":"Feature","properties":{"nome":"VIA VOLONT. ITALIANI SANGUE 1","categoria":"Unità non abitativa","tipo":"LOCALE"},"geometry":{"type":"Point","coordinates":[13.354934,38.102469]}},{"type":"Feature","properties":{"nome":"VIA FATTORI GIOVANNI","categoria":"Terreno","tipo":"PARCHEGGIO"},"geometry":{"type":"Point","coordinates":[13.323617,38.16468]}},{"type":"Feature","properties":{"nome":"VIA AQUINO MOLARA 21","categoria":"Terreno","tipo":"AREA"},"geometry":{"type":"Point","coordinates":[13.308781,38.082796]}},{"type":"Feature","properties":{"nome":"VIA NINA SICILIANA","categoria":"Terreno","tipo":"PARCHEGGIO"},"geometry":{"type":"Point","coordinates":[13.330124,38.115658]}},{"type":"Feature","properties":{"nome":"VIALE GALATEA","categoria":"Terreno","tipo":"PARCHEGGIO"},"geometry":{"type":"Point","coordinates":[13.322145,38.200332]}},{"type":"Feature","properties":{"nome":"VIA S.FRANCESCO DI SALES 37","categoria":"Terreno","tipo":"AREA"},"geometry":{"type":"Point","coordinates":[13.344494,38.085026]}},{"type":"Feature","properties":{"nome":"VIA GIOE' IGNAZIO 30","categoria":"Area","tipo":"AREA"},"geometry":{"type":"Point","coordinates":[13.307148,38.157781]}},{"type":"Feature","properties":{"nome":"VIALE DEL FANTE 54","categoria":"Unità non abitativa","tipo":"LOCALE"},"geometry":{"type":"Point","coordinates":[13.341351,38.148671]}},{"type":"Feature","properties":{"nome":"VIA PARROCCHIA (DIETRO) 66","categoria":"Unità non abitativa","tipo":"LOCALE"},"geometry":{"type":"Point","coordinates":[13.333082,38.175176]}},{"type":"Feature","properties":{"nome":"VIA PADRE GIUSEPPE PUGLISI 2 / 24","categoria":"Unità non abitativa","tipo":"LOCALE"},"geometry":{"type":"Point","coordinates":[13.387295,38.103363]}},{"type":"Feature","properties":{"nome":"VIA DI MARZO GIOACCHINO 33","categoria":"Unità non abitativa","tipo":"LOCALE"},"geometry":{"type":"Point","coordinates":[13.345467,38.133646]}},{"type":"Feature","properties":{"nome":"VIA GRAF ARTURO 1","categoria":"Unità non abitativa","tipo":"LOCALE"},"geometry":{"type":"Point","coordinates":[13.328136,38.126288]}},{"type":"Feature","properties":{"nome":"VIA PERSANO AMMIRAGLIO 22/24","categoria":"Unità non abitativa","tipo":"LOCALE"},"geometry":{"type":"Point","coordinates":[13.358892,38.140436]}},{"type":"Feature","properties":{"nome":"VIA IFIGENIA 11/H","categoria":"Unità non abitativa","tipo":"LOCALE"},"geometry":{"type":"Point","coordinates":[13.311879,38.196942]}},{"type":"Feature","properties":{"nome":"VIA GULI' SIMONE COM. 90","categoria":"Unità non abitativa","tipo":"LOCALE"},"geometry":{"type":"Point","coordinates":[13.367536,38.13987]}},{"type":"Feature","properties":{"nome":"PIAZZA TORRELUNGA 07/08/2026","categoria":"Unità non abitativa","tipo":"LOCALE"},"geometry":{"type":"Point","coordinates":[13.392218,38.098841]}},{"type":"Feature","properties":{"nome":"VIA SS.CROCIFISSO 14/16","categoria":"Unità non abitativa","tipo":"LOCALE"},"geometry":{"type":"Point","coordinates":[13.356498,38.110655]}},{"type":"Feature","properties":{"nome":"VIA SS.CROCIFISSO 20/22","categoria":"Unità non abitativa","tipo":"LOCALE"},"geometry":{"type":"Point","coordinates":[13.356498,38.110655]}},{"type":"Feature","properties":{"nome":"VIA SS.CROCIFISSO 26/30","categoria":"Unità non abitativa","tipo":"LOCALE"},"geometry":{"type":"Point","coordinates":[13.3564,38.110825]}},{"type":"Feature","properties":{"nome":"VLO FORNO AL PALAZZO REALE 4","categoria":"Unità non abitativa","tipo":"LOCALE"},"geometry":{"type":"Point","coordinates":[13.3564,38.110825]}},{"type":"Feature","properties":{"nome":"VLO FORNO AL PALAZZO REALE 24/26","categoria":"Unità non abitativa","tipo":"LOCALE"},"geometry":{"type":"Point","coordinates":[13.356005,38.110604]}},{"type":"Feature","properties":{"nome":"VLO FORNO AL PALAZZO REALE 30/32","categoria":"Unità non abitativa","tipo":"LOCALE"},"geometry":{"type":"Point","coordinates":[13.356005,38.110604]}},{"type":"Feature","properties":{"nome":"VLO FORNO AL PALAZZO REALE 16","categoria":"Unità non abitativa","tipo":"LOCALE"},"geometry":{"type":"Point","coordinates":[13.356112,38.110713]}},{"type":"Feature","properties":{"nome":"VLO FORNO AL PALAZZO REALE 20/22","categoria":"Unità non abitativa","tipo":"LOCALE"},"geometry":{"type":"Point","coordinates":[13.356112,38.110713]}},{"type":"Feature","properties":{"nome":"LARGO DENARO PEPPINO 01/02/2026","categoria":"Unità non abitativa","tipo":"LOCALE"},"geometry":{"type":"Point","coordinates":[13.356149,38.110495]}},{"type":"Feature","properties":{"nome":"LARGO DENARO PEPPINO 03/04/2026","categoria":"Unità non abitativa","tipo":"LOCALE"},"geometry":{"type":"Point","coordinates":[13.356149,38.110495]}},{"type":"Feature","properties":{"nome":"LARGO DENARO PEPPINO 5","categoria":"Unità non abitativa","tipo":"LOCALE"},"geometry":{"type":"Point","coordinates":[13.356149,38.110495]}},{"type":"Feature","properties":{"nome":"LARGO DENARO PEPPINO 6","categoria":"Unità non abitativa","tipo":"LOCALE"},"geometry":{"type":"Point","coordinates":[13.356149,38.110495]}},{"type":"Feature","properties":{"nome":"LARGO DENARO PEPPINO 7","categoria":"Unità non abitativa","tipo":"LOCALE"},"geometry":{"type":"Point","coordinates":[13.356149,38.110495]}},{"type":"Feature","properties":{"nome":"LARGO DENARO PEPPINO 8","categoria":"Unità non abitativa","tipo":"LOCALE"},"geometry":{"type":"Point","coordinates":[13.356149,38.110495]}},{"type":"Feature","properties":{"nome":"LARGO DENARO PEPPINO 9","categoria":"Unità non abitativa","tipo":"LOCALE"},"geometry":{"type":"Point","coordinates":[13.356149,38.110495]}},{"type":"Feature","properties":{"nome":"LARGO DENARO PEPPINO 10","categoria":"Unità non abitativa","tipo":"LOCALE"},"geometry":{"type":"Point","coordinates":[13.356149,38.110495]}},{"type":"Feature","properties":{"nome":"LARGO DENARO PEPPINO 11","categoria":"Unità non abitativa","tipo":"LOCALE"},"geometry":{"type":"Point","coordinates":[13.356149,38.110495]}},{"type":"Feature","properties":{"nome":"VIA BELMONTE CHIAVELLI","categoria":"Area","tipo":"AREA"},"geometry":{"type":"Point","coordinates":[13.370739,38.090281]}},{"type":"Feature","properties":{"nome":"LARGO DENARO PEPPINO 12","categoria":"Unità non abitativa","tipo":"LOCALE"},"geometry":{"type":"Point","coordinates":[13.356149,38.110495]}},{"type":"Feature","properties":{"nome":"SALITA DEL BANDITORE 15","categoria":"Unità non abitativa","tipo":"LOCALE"},"geometry":{"type":"Point","coordinates":[13.35786,38.111019]}},{"type":"Feature","properties":{"nome":"SALITA DEL BANDITORE 17","categoria":"Unità non abitativa","tipo":"LOCALE"},"geometry":{"type":"Point","coordinates":[13.35786,38.111019]}},{"type":"Feature","properties":{"nome":"SALITA DEL BANDITORE 21","categoria":"Unità non abitativa","tipo":"LOCALE"},"geometry":{"type":"Point","coordinates":[13.35786,38.111019]}},{"type":"Feature","properties":{"nome":"SALITA DEL BANDITORE 23","categoria":"Unità non abitativa","tipo":"LOCALE"},"geometry":{"type":"Point","coordinates":[13.35786,38.111019]}},{"type":"Feature","properties":{"nome":"SALITA DEL BANDITORE 25","categoria":"Unità non abitativa","tipo":"LOCALE"},"geometry":{"type":"Point","coordinates":[13.35786,38.111019]}},{"type":"Feature","properties":{"nome":"VICOLO SCICLI 24","categoria":"Unità non abitativa","tipo":"LOCALE"},"geometry":{"type":"Point","coordinates":[13.356825,38.110989]}},{"type":"Feature","properties":{"nome":"VICOLO SCICLI 26","categoria":"Unità non abitativa","tipo":"LOCALE"},"geometry":{"type":"Point","coordinates":[13.356825,38.110989]}},{"type":"Feature","properties":{"nome":"VIA CADORNA LUIGI GEN. 25","categoria":"Unità non abitativa","tipo":"LOCALE"},"geometry":{"type":"Point","coordinates":[13.355949,38.11046]}},{"type":"Feature","properties":{"nome":"VIA CADORNA LUIGI GEN. 29","categoria":"Unità non abitativa","tipo":"LOCALE"},"geometry":{"type":"Point","coordinates":[13.355949,38.11046]}},{"type":"Feature","properties":{"nome":"VIA MONGITORE ANTONINO 3/B","categoria":"Unità non abitativa","tipo":"LOCALE"},"geometry":{"type":"Point","coordinates":[13.35786,38.111019]}},{"type":"Feature","properties":{"nome":"VIA MONGITORE ANTONINO 3/C","categoria":"Unità non abitativa","tipo":"LOCALE"},"geometry":{"type":"Point","coordinates":[13.35786,38.111019]}},{"type":"Feature","properties":{"nome":"VIA MONGITORE ANTONINO 3/D","categoria":"Unità non abitativa","tipo":"LOCALE"},"geometry":{"type":"Point","coordinates":[13.35786,38.111019]}},{"type":"Feature","properties":{"nome":"VIA MONGITORE ANTONINO 3/E","categoria":"Unità non abitativa","tipo":"LOCALE"},"geometry":{"type":"Point","coordinates":[13.35786,38.111019]}},{"type":"Feature","properties":{"nome":"VLO S.ANTONIO PIAZZA TEDESCHI 10/12/2026","categoria":"Unità non abitativa","tipo":"LOCALE"},"geometry":{"type":"Point","coordinates":[13.35786,38.111019]}},{"type":"Feature","properties":{"nome":"VLO S.ANTONIO PIAZZA TEDESCHI 14/16","categoria":"Unità non abitativa","tipo":"LOCALE"},"geometry":{"type":"Point","coordinates":[13.35786,38.111019]}},{"type":"Feature","properties":{"nome":"VIA SIRTORI GIUSEPPE GEN. 27-29","categoria":"Unità non abitativa","tipo":"PARCHEGGIO"},"geometry":{"type":"Point","coordinates":[13.341051,38.127655]}},{"type":"Feature","properties":{"nome":"217/224","categoria":"Terreno","tipo":"PARCHEGGIO"},"geometry":{"type":"Point","coordinates":[13.36882,38.102561]}},{"type":"Feature","properties":{"nome":"PZA POTTINO FILIPPO MONS. 3","categoria":"Edificio","tipo":"IMPIANTO TECNICO"},"geometry":{"type":"Point","coordinates":[13.372278,38.156372]}},{"type":"Feature","properties":{"nome":"PZA POTTINO FILIPPO MONS. 4","categoria":"Edificio","tipo":"IMPIANTO TECNICO"},"geometry":{"type":"Point","coordinates":[13.372278,38.156372]}},{"type":"Feature","properties":{"nome":"VIA SERGIO PAPA I 79","categoria":"Edificio","tipo":"IMPIANTO TECNICO"},"geometry":{"type":"Point","coordinates":[13.372278,38.156372]}},{"type":"Feature","properties":{"nome":"VIA SERGIO PAPA I 77/G","categoria":"Edificio","tipo":"IMPIANTO TECNICO"},"geometry":{"type":"Point","coordinates":[13.372278,38.156372]}},{"type":"Feature","properties":{"nome":"VIA ZERILLI FRANCESCO","categoria":"Terreno","tipo":"AREA"},"geometry":{"type":"Point","coordinates":[13.411615,38.065522]}},{"type":"Feature","properties":{"nome":"VIA LI BASSI GIUSEPPE 24","categoria":"Unità non abitativa","tipo":"LOCALE"},"geometry":{"type":"Point","coordinates":[13.353073,38.101564]}},{"type":"Feature","properties":{"nome":"VICOLO MASSI 1","categoria":"Unità non abitativa","tipo":"LOCALE"},"geometry":{"type":"Point","coordinates":[13.357355,38.110771]}},{"type":"Feature","properties":{"nome":"VICOLO MASSI 3","categoria":"Unità non abitativa","tipo":"LOCALE"},"geometry":{"type":"Point","coordinates":[13.357355,38.110771]}},{"type":"Feature","properties":{"nome":"VICOLO MASSI 04/05/2026","categoria":"Unità non abitativa","tipo":"LOCALE"},"geometry":{"type":"Point","coordinates":[13.357355,38.110771]}},{"type":"Feature","properties":{"nome":"VIA DELLE BALATE 08/10/2026","categoria":"Unità non abitativa","tipo":"LOCALE"},"geometry":{"type":"Point","coordinates":[13.357355,38.110771]}},{"type":"Feature","properties":{"nome":"VIA DELLE BALATE 12/14","categoria":"Unità non abitativa","tipo":"LOCALE"},"geometry":{"type":"Point","coordinates":[13.357355,38.110771]}},{"type":"Feature","properties":{"nome":"VLO S.ANTONIO PIAZZA TEDESCHI 2","categoria":"Unità non abitativa","tipo":"LOCALE"},"geometry":{"type":"Point","coordinates":[13.35786,38.111019]}},{"type":"Feature","properties":{"nome":"VLO S.ANTONIO PIAZZA TEDESCHI 06/08/2026","categoria":"Unità non abitativa","tipo":"LOCALE"},"geometry":{"type":"Point","coordinates":[13.35786,38.111019]}},{"type":"Feature","properties":{"nome":"VLO FORNO AL PALAZZO REALE 06/08/2026","categoria":"Unità non abitativa","tipo":"LOCALE"},"geometry":{"type":"Point","coordinates":[13.356243,38.110796]}},{"type":"Feature","properties":{"nome":"VLO FORNO AL PALAZZO REALE 12/14","categoria":"Unità non abitativa","tipo":"LOCALE"},"geometry":{"type":"Point","coordinates":[13.356243,38.110796]}},{"type":"Feature","properties":{"nome":"VIA SS.CROCIFISSO 6","categoria":"Unità non abitativa","tipo":"LOCALE"},"geometry":{"type":"Point","coordinates":[13.356649,38.110497]}},{"type":"Feature","properties":{"nome":"VIA SS.CROCIFISSO 8","categoria":"Unità non abitativa","tipo":"LOCALE"},"geometry":{"type":"Point","coordinates":[13.356649,38.110497]}},{"type":"Feature","properties":{"nome":"VIA SS.CROCIFISSO 12","categoria":"Unità non abitativa","tipo":"LOCALE"},"geometry":{"type":"Point","coordinates":[13.356649,38.110497]}},{"type":"Feature","properties":{"nome":"VIA MAQUEDA 375","categoria":"Unità non abitativa","tipo":"LOCALE"},"geometry":{"type":"Point","coordinates":[13.359738,38.119114]}},{"type":"Feature","properties":{"nome":"VIA BESIO GIACOMO 41/43","categoria":"Unità non abitativa","tipo":"LOCALE"},"geometry":{"type":"Point","coordinates":[13.31248,38.136969]}},{"type":"Feature","properties":{"nome":"VIA BESIO GIACOMO 33/35","categoria":"Unità non abitativa","tipo":"LOCALE"},"geometry":{"type":"Point","coordinates":[13.31248,38.136969]}},{"type":"Feature","properties":{"nome":"VIA BESIO GIACOMO 29/31","categoria":"Unità non abitativa","tipo":"LOCALE"},"geometry":{"type":"Point","coordinates":[13.31248,38.136969]}},{"type":"Feature","properties":{"nome":"VIA BESIO GIACOMO 45/47","categoria":"Unità non abitativa","tipo":"LOCALE"},"geometry":{"type":"Point","coordinates":[13.31248,38.136969]}},{"type":"Feature","properties":{"nome":"VIA DELLA LIBERTA' 45","categoria":"Unità non abitativa","tipo":"LOCALE"},"geometry":{"type":"Point","coordinates":[13.352535,38.130737]}},{"type":"Feature","properties":{"nome":"VIA NIGRA COSTANTINO 03/07/2026","categoria":"Edificio","tipo":"LOCALE"},"geometry":{"type":"Point","coordinates":[13.348976,38.129397]}},{"type":"Feature","properties":{"nome":"PIAZZA TREDICI VITTIME 14","categoria":"Unità non abitativa","tipo":"LOCALE"},"geometry":{"type":"Point","coordinates":[13.364731,38.122166]}},{"type":"Feature","properties":{"nome":"VIA DELLE CASE NUOVE 03/05/2026","categoria":"Unità non abitativa","tipo":"LOCALE"},"geometry":{"type":"Point","coordinates":[13.363838,38.111702]}},{"type":"Feature","properties":{"nome":"VICOLO DELL'ALTARE 4","categoria":"Unità non abitativa","tipo":"LOCALE"},"geometry":{"type":"Point","coordinates":[13.35215,38.115746]}},{"type":"Feature","properties":{"nome":"VICOLO DELL'ALTARE 6","categoria":"Unità non abitativa","tipo":"LOCALE"},"geometry":{"type":"Point","coordinates":[13.35215,38.115746]}},{"type":"Feature","properties":{"nome":"VICOLO DELL'ALTARE 8","categoria":"Unità non abitativa","tipo":"LOCALE"},"geometry":{"type":"Point","coordinates":[13.35215,38.115746]}},{"type":"Feature","properties":{"nome":"VIA FILIPPONE 14/20","categoria":"Unità non abitativa","tipo":"LOCALE"},"geometry":{"type":"Point","coordinates":[13.352249,38.115399]}},{"type":"Feature","properties":{"nome":"VIA TOMASELLI ONOFRIO","categoria":"Terreno","tipo":"AREA"},"geometry":{"type":"Point","coordinates":[13.413971,38.073548]}},{"type":"Feature","properties":{"nome":"32","categoria":"Terreno","tipo":"PARCHEGGIO"},"geometry":{"type":"Point","coordinates":[13.305416,38.175204]}},{"type":"Feature","properties":{"nome":"VIA HAZON AZOLINO 8","categoria":"Unità non abitativa","tipo":"PARCHEGGIO"},"geometry":{"type":"Point","coordinates":[13.384783,38.095625]}},{"type":"Feature","properties":{"nome":"VIALE DELL'OLIMPO","categoria":"Edificio","tipo":"IMPIANTO TECNICO"},"geometry":{"type":"Point","coordinates":[13.310435,38.190731]}},{"type":"Feature","properties":{"nome":"VIA MESSINA MARINE 592","categoria":"Area","tipo":"IMPIANTO TECNICO"},"geometry":{"type":"Point","coordinates":[13.437578,38.09347]}},{"type":"Feature","properties":{"nome":"VIA EUGENIO L'EMIRO 20","categoria":"Unità non abitativa","tipo":"LOCALE"},"geometry":{"type":"Point","coordinates":[13.342257,38.114567]}},{"type":"Feature","properties":{"nome":"VIA LUOGHICELLI 75","categoria":"Area","tipo":"AREA"},"geometry":{"type":"Point","coordinates":[13.274399,38.189677]}},{"type":"Feature","properties":{"nome":"VIA LI PUMA EPIFANIO","categoria":"Terreno","tipo":"VERDE"},"geometry":{"type":"Point","coordinates":[13.407211,38.094273]}},{"type":"Feature","properties":{"nome":"FONDO MANGO 1","categoria":"Terreno","tipo":"VERDE"},"geometry":{"type":"Point","coordinates":[13.318051,38.130194]}},{"type":"Feature","properties":{"nome":"VIA URZI' SARO","categoria":"Terreno","tipo":"VERDE"},"geometry":{"type":"Point","coordinates":[13.322229,38.084546]}},{"type":"Feature","properties":{"nome":"VIA MONTMASSON ROSALIA 30","categoria":"Terreno","tipo":"VERDE"},"geometry":{"type":"Point","coordinates":[13.431981,38.073924]}},{"type":"Feature","properties":{"nome":"VIA BESTA FABIO","categoria":"Terreno","tipo":"VERDE"},"geometry":{"type":"Point","coordinates":[13.308292,38.177682]}},{"type":"Feature","properties":{"nome":"ROTONDA ZARCONE NORMAN","categoria":"Terreno","tipo":"VERDE"},"geometry":{"type":"Point","coordinates":[13.381998,38.098471]}},{"type":"Feature","properties":{"nome":"CORSO TUKORY","categoria":"Terreno","tipo":"VERDE"},"geometry":{"type":"Point","coordinates":[13.360955,38.108957]}},{"type":"Feature","properties":{"nome":"VIA GIUSTI GIUSEPPE 36","categoria":"Terreno","tipo":"VERDE"},"geometry":{"type":"Point","coordinates":[13.345754,38.13371]}},{"type":"Feature","properties":{"nome":"VIA MELENDEZ FRANCESCO 46-48-5","categoria":"Terreno","tipo":"VERDE"},"geometry":{"type":"Point","coordinates":[13.394971,38.078057]}},{"type":"Feature","properties":{"nome":"VICOLO PANTELLERIA 67","categoria":"Terreno","tipo":"VERDE"},"geometry":{"type":"Point","coordinates":[13.321821,38.157886]}},{"type":"Feature","properties":{"nome":"CORTILE SCALILLA","categoria":"Terreno","tipo":"VERDE"},"geometry":{"type":"Point","coordinates":[13.357567,38.112196]}},{"type":"Feature","properties":{"nome":"VIA BRUNETTO FILIPPO","categoria":"Edificio","tipo":"SCUOLA"},"geometry":{"type":"Point","coordinates":[13.312153,38.143989]}},{"type":"Feature","properties":{"nome":"VIA CALANDRA PIETRO","categoria":"Terreno","tipo":"AREA"},"geometry":{"type":"Point","coordinates":[13.27811,38.190319]}},{"type":"Feature","properties":{"nome":"VIA LA LOGGIA GAETANO 214","categoria":"Edificio","tipo":"SCUOLA"},"geometry":{"type":"Point","coordinates":[13.324163,38.103364]}},{"type":"Feature","properties":{"nome":"VIALE LEONARDO DA VINCI 500 / 504","categoria":"Edificio","tipo":"SCUOLA"},"geometry":{"type":"Point","coordinates":[13.310023,38.126083]}},{"type":"Feature","properties":{"nome":"VIA BRAGAGLIA MARINELLA 23","categoria":"Edificio","tipo":"SCUOLA"},"geometry":{"type":"Point","coordinates":[13.322189,38.102673]}},{"type":"Feature","properties":{"nome":"VIA BASILE EMANUELE CAP. 46","categoria":"Unità non abitativa","tipo":"SCUOLA"},"geometry":{"type":"Point","coordinates":[13.322306,38.103257]}},{"type":"Feature","properties":{"nome":"VIA BASILE EMANUELE CAP. 50","categoria":"Unità non abitativa","tipo":"SCUOLA"},"geometry":{"type":"Point","coordinates":[13.322306,38.103257]}},{"type":"Feature","properties":{"nome":"VIA BASILE EMANUELE CAP. 54","categoria":"Unità non abitativa","tipo":"SCUOLA"},"geometry":{"type":"Point","coordinates":[13.322306,38.103257]}},{"type":"Feature","properties":{"nome":"VIA BASILE EMANUELE CAP. 52","categoria":"Unità non abitativa","tipo":"SCUOLA"},"geometry":{"type":"Point","coordinates":[13.322189,38.102673]}},{"type":"Feature","properties":{"nome":"VIA PAPIRETO 20","categoria":"Edificio","tipo":"SCUOLA"},"geometry":{"type":"Point","coordinates":[13.35273,38.115595]}},{"type":"Feature","properties":{"nome":"VIA ALDISIO SALVATORE 2/A","categoria":"Edificio","tipo":"SCUOLA"},"geometry":{"type":"Point","coordinates":[13.329401,38.156025]}},{"type":"Feature","properties":{"nome":"VIALE AMEDEO D'AOSTA 20","categoria":"Edificio","tipo":"SCUOLA"},"geometry":{"type":"Point","coordinates":[13.386671,38.10367]}},{"type":"Feature","properties":{"nome":"VIA TITONE MICHELE 43","categoria":"Unità non abitativa","tipo":"SCUOLA"},"geometry":{"type":"Point","coordinates":[13.33865,38.107141]}},{"type":"Feature","properties":{"nome":"VIA TITONE MICHELE 63","categoria":"Unità non abitativa","tipo":"SCUOLA"},"geometry":{"type":"Point","coordinates":[13.33865,38.107141]}},{"type":"Feature","properties":{"nome":"PIAZZA NOVIZIATO 1","categoria":"Unità non abitativa","tipo":"SOCIALE"},"geometry":{"type":"Point","coordinates":[13.352186,38.117053]}},{"type":"Feature","properties":{"nome":"VIA CASTELLANA 150","categoria":"Edificio","tipo":"SOCIALE"},"geometry":{"type":"Point","coordinates":[13.295499,38.125261]}},{"type":"Feature","properties":{"nome":"VIA BALISTRERI ROSA 5","categoria":"Unità abitativa","tipo":"SOCIALE"},"geometry":{"type":"Point","coordinates":[13.317912,38.083655]}},{"type":"Feature","properties":{"nome":"LUNGOMARE COLOMBO CRISTOFORO SNC","categoria":"Terreno","tipo":"STRADA"},"geometry":{"type":"Point","coordinates":[13.266407,38.200407]}},{"type":"Feature","properties":{"nome":"PIAZZA MAGIONE 5","categoria":"Edificio","tipo":"SCUOLA"},"geometry":{"type":"Point","coordinates":[13.369714,38.114495]}},{"type":"Feature","properties":{"nome":"VIA PITRE' GIUSEPPE 183","categoria":"Edificio","tipo":"SCUOLA"},"geometry":{"type":"Point","coordinates":[13.329581,38.191715]}},{"type":"Feature","properties":{"nome":"VIA CONTE FEDERICO 01/03/2026","categoria":"Edificio","tipo":"SCUOLA"},"geometry":{"type":"Point","coordinates":[13.384079,38.09422]}},{"type":"Feature","properties":{"nome":"VIA CARDILLO","categoria":"Edificio","tipo":"SCUOLA"},"geometry":{"type":"Point","coordinates":[13.304813,38.172694]}},{"type":"Feature","properties":{"nome":"VIA SAURO NAZARIO 3","categoria":"Edificio","tipo":"SCUOLA"},"geometry":{"type":"Point","coordinates":[13.332902,38.122672]}},{"type":"Feature","properties":{"nome":"LUNGOMARE COLOMBO CRISTOFORO 240","categoria":"Edificio","tipo":"SCUOLA"},"geometry":{"type":"Point","coordinates":[13.365676,38.166464]}},{"type":"Feature","properties":{"nome":"VIA EUGENIO L'EMIRO 30","categoria":"Edificio","tipo":"SCUOLA"},"geometry":{"type":"Point","coordinates":[13.291053,38.188393]}},{"type":"Feature","properties":{"nome":"VIA LAZZARO CARMELO 1","categoria":"Edificio","tipo":"SCUOLA"},"geometry":{"type":"Point","coordinates":[13.356201,38.106215]}},{"type":"Feature","properties":{"nome":"CASE GUGGINO (SUL MONTE)","categoria":"Area","tipo":"AREA"},"geometry":{"type":"Point","coordinates":[13.301977,38.166439]}},{"type":"Feature","properties":{"nome":"CLE ECCE HOMO (V S.AGOSTINO) 4","categoria":"Unità non abitativa","tipo":"UFFICIO"},"geometry":{"type":"Point","coordinates":[13.354894,38.117559]}},{"type":"Feature","properties":{"nome":"VIA GIORDANO UMBERTO 55","categoria":"Unità non abitativa","tipo":"UFFICIO"},"geometry":{"type":"Point","coordinates":[13.339196,38.135549]}},{"type":"Feature","properties":{"nome":"VIA DI GIORGI FERDINANDO 48","categoria":"Edificio","tipo":"SCUOLA"},"geometry":{"type":"Point","coordinates":[13.325709,38.125436]}},{"type":"Feature","properties":{"nome":"PIAZZA PAGLIARELLI 12","categoria":"Edificio","tipo":"SCUOLA"},"geometry":{"type":"Point","coordinates":[13.332125,38.09068]}},{"type":"Feature","properties":{"nome":"VIA VALVERDE 2","categoria":"Edificio","tipo":"SCUOLA"},"geometry":{"type":"Point","coordinates":[13.363545,38.120375]}},{"type":"Feature","properties":{"nome":"VIA MURA DI SAN VITO 10","categoria":"Edificio","tipo":"SCUOLA"},"geometry":{"type":"Point","coordinates":[13.354789,38.11898]}},{"type":"Feature","properties":{"nome":"VIA VILLAGRAZIA 208","categoria":"Edificio","tipo":"SCUOLA"},"geometry":{"type":"Point","coordinates":[13.332563,38.07694]}},{"type":"Feature","properties":{"nome":"VIA DAMIANI ALMEJDA 25","categoria":"Edificio","tipo":"SCUOLA"},"geometry":{"type":"Point","coordinates":[13.343695,38.130425]}},{"type":"Feature","properties":{"nome":"VIA NETTUNO 7","categoria":"Edificio","tipo":"SCUOLA"},"geometry":{"type":"Point","coordinates":[13.316591,38.196753]}},{"type":"Feature","properties":{"nome":"VIA BELMONTE CHIAVELLI 111/C","categoria":"Edificio","tipo":"SCUOLA"},"geometry":{"type":"Point","coordinates":[13.367933,38.084354]}},{"type":"Feature","properties":{"nome":"VIALE DELLA RESURREZIONE 1","categoria":"Edificio","tipo":"SCUOLA"},"geometry":{"type":"Point","coordinates":[13.327305,38.170987]}},{"type":"Feature","properties":{"nome":"VIA SAMPOLO 42","categoria":"Unità non abitativa","tipo":"UFFICIO"},"geometry":{"type":"Point","coordinates":[13.355703,38.135673]}},{"type":"Feature","properties":{"nome":"VIA SIRTORI GIUSEPPE GEN. 15-17","categoria":"Unità non abitativa","tipo":"UFFICIO"},"geometry":{"type":"Point","coordinates":[13.341051,38.127655]}},{"type":"Feature","properties":{"nome":"VIALE CAMPANIA 25","categoria":"Unità abitativa","tipo":"UFFICIO"},"geometry":{"type":"Point","coordinates":[13.339249,38.145239]}},{"type":"Feature","properties":{"nome":"VIA SUOR MARIA DOLORES DI MAJO5","categoria":"Unità non abitativa","tipo":"UFFICIO"},"geometry":{"type":"Point","coordinates":[13.320599,38.131784]}}]}