id_bene,esito,id_edificio,motivo,tipologia,indirizzo
22142,edificio,61985,,Magazzino e locali di deposito,Via la villa 9
564268,edificio,69786,,Abitazione,Via zuccarello 8
564271,edificio,49082,,"Cantina, soffitta, rimessa, box, garage, posto auto aperto/scoperto,…",Via venezia 29
8,edificio,76892,,"Biblioteca, pinacoteca, museo, gallerie",Viale Duca degli Abruzzi 1
8609,edificio,17899,,"Edificio scolastico (es.: scuola di ogni ordine e grado, università, scuola di formazione)",Via paol gili 4
10922,edificio,62406,,Magazzino e locali di deposito,Via montepellegrino 45
12378,edificio,37133,,Abitazione,Via belmonte chiavelli 234
13845,edificio,56077,,Ufficio strutturato ed assimilabili,Via Schiavuzzo 22
14163,edificio,54942,,"Edificio scolastico (es.: scuola di ogni ordine e grado, università, scuola di formazione)",Via Maqueda 324
15864,edificio,52851,,Abitazione,Via Fondaco a Palazzo Reale 5
20834,edificio,52851,,Magazzino e locali di deposito,Via dei Biscottari 12
30238,edificio,93483,,Abitazione,Via Grotte Partanna 5
30239,edificio,93483,,Abitazione,Via Grotte Partanna 5
30240,edificio,93483,,Abitazione,Via Grotte Partanna 5
30241,edificio,93483,,Abitazione,Via Grotte Partanna 5
30242,edificio,93483,,Abitazione,Via Grotte Partanna 5
30243,edificio,83295,,Abitazione,Via Schillaci 31
30244,edificio,81180,,Abitazione,Via Platone 16
30245,edificio,81180,,Magazzino e locali di deposito,Via Platone 16
30246,edificio,82390,,Abitazione,VIA DELLE NAIADI S.N.C.
30247,edificio,82390,,Ufficio strutturato ed assimilabili,VIA DELLE NAIADI S.N.C.
30248,edificio,82390,,Abitazione,VIA DELLE NAIADI S.N.C.
30249,edificio,82390,,Abitazione,VIA DELLE NAIADI S.N.C.
30250,edificio,80182,,Abitazione,Via caduti sul lavoro 86
30251,edificio,80182,,Abitazione,Via caduti sul lavoro 86
30252,edificio,63924,,Abitazione,Via Monte Rosa 7
30253,edificio,80207,,Abitazione,Via lorenzini carlo collodi 4
30254,edificio,80207,,Abitazione,Via lorenzini carlo collodi 4
30255,edificio,80174,,Abitazione,Via salgari emilio 69
30256,edificio,80174,,Abitazione,Via salgari emilio 69
30257,edificio,80174,,Abitazione,Via salgari emilio 69
30258,edificio,80207,,Abitazione,Via lorenzini carlo collodi 4
30259,edificio,80207,,Abitazione,Via lorenzini carlo collodi 4
30260,edificio,80207,,Abitazione,Via lorenzini carlo collodi 4
30261,edificio,63931,,Abitazione,Via Monte Bianco 31
30262,edificio,100650,,Abitazione,VIA CASUZZE ALL'INSERRA S.N.C.
30263,edificio,71740,,Abitazione,Via San Lorenzo 56
30264,edificio,71740,,Abitazione,Via San Lorenzo 56
30265,edificio,71740,,Abitazione,Via San Lorenzo 56
30266,edificio,75224,,"Edificio scolastico (es.: scuola di ogni ordine e grado, università, scuola di formazione)",Via Costante Girardengo 18
30267,edificio,72878,,Magazzino e locali di deposito,Via Ugo la Malfa 66
30268,edificio,72878,,Ufficio strutturato ed assimilabili,Via Ugo la Malfa 66
30269,edificio,73524,,"Edificio scolastico (es.: scuola di ogni ordine e grado, università, scuola di formazione)",
30270,edificio,65864,,Abitazione,Via Pietro Perricone 27
30286,edificio,65864,,Abitazione,Via Pietro Perricone 27
30287,edificio,65864,,Abitazione,Via Pietro Perricone 27
30288,edificio,72030,,"Edificio scolastico (es.: scuola di ogni ordine e grado, università, scuola di formazione)",Viale della Croce Rossa 113
30289,edificio,74108,,Abitazione,Viale Cottolengo 19
30290,edificio,74108,,Abitazione,Viale Cottolengo 9
30291,edificio,73983,,Abitazione,Viale Cottolengo 40
30292,edificio,73969,,Abitazione,Viale Cottolengo 23
30293,edificio,73979,,Abitazione,Via Florio 73
30294,edificio,73982,,Abitazione,Viale Cottolengo 29
30295,edificio,68642,,Magazzino e locali di deposito,Via Pietro Nenni 4579
30296,edificio,84582,,Abitazione,Via Castelforte 92
30297,edificio,84582,,Magazzino e locali di deposito,Via Castelforte 92
30298,edificio,24347,,Abitazione,Via Ragusa 6
30299,edificio,24347,,Abitazione,Via Ragusa 6
30300,edificio,28743,,Abitazione,Via Serradifalco 250
30301,edificio,24576,,Abitazione,Via Pietro dell'Aquila 1
30302,edificio,25537,,Magazzino e locali di deposito,Via Francesco Maria Alias 22
30303,edificio,25537,,Magazzino e locali di deposito,Via Francesco Maria Alias 26
30304,edificio,24328,,Abitazione,Via Ragusa 5
30305,edificio,24329,,Abitazione,Via Ragusa 3
30306,edificio,24329,,Abitazione,Via Ragusa 3
30307,edificio,24323,,Abitazione,Via Pietro dell'Aquila 3
30308,edificio,24353,,Abitazione,Via Centorbe 9
30309,edificio,24353,,Abitazione,Via Centorbe 9
30310,edificio,24858,,Magazzino e locali di deposito,Via Francesco Maria Alias 7
30311,edificio,24078,,Abitazione,Via Pietro dell'Aquila 4
30312,edificio,24078,,Abitazione,Via Pietro dell'Aquila 6
30313,edificio,24078,,Abitazione,Via Pietro dell'Aquila 8
30314,edificio,24100,,Abitazione,Via Carreca Andrea 5
30315,edificio,24100,,Abitazione,Via Carreca Andrea 5
30316,edificio,24329,,Abitazione,Via Ragusa 1
30317,edificio,24329,,Abitazione,Via Ragusa 1
30318,edificio,24351,,Abitazione,Via Alibrandi Girolamo 2
30319,edificio,24351,,Abitazione,Via Alibrandi Girolamo 4
30320,edificio,24351,,Abitazione,Via Alibrandi Girolamo 15
30321,edificio,24351,,Abitazione,Via Alibrandi Girolamo 15
30322,edificio,24351,,Abitazione,Via Alibrandi Girolamo 13
30323,edificio,24351,,Abitazione,Via Alibrandi Girolamo 11
30324,edificio,24351,,Abitazione,Via Alibrandi Girolamo 11
30325,edificio,24352,,Abitazione,Via Calandrucci Giacinto 8
30326,edificio,24324,,Abitazione,Via Alibrandi Girolamo 7
30327,edificio,24324,,Abitazione,Via Alibrandi Girolamo 7
30328,edificio,23635,,Abitazione,Via Mammana 270
30329,edificio,24367,,Abitazione,Via Alibrandi Girolamo 5
30330,edificio,24367,,Abitazione,Via Alibrandi Girolamo 5
30331,edificio,24367,,Abitazione,Via Alibrandi Girolamo 3
30332,edificio,24367,,Abitazione,Via Alibrandi Girolamo 3
30333,edificio,24367,,Abitazione,Via Alibrandi Girolamo 1
30334,edificio,24347,,Abitazione,Via Ragusa 2
30335,edificio,24347,,Abitazione,Via Ragusa 4
30336,edificio,24355,,Abitazione,Via Filippo Paladini 8
30337,edificio,24355,,Abitazione,Via Filippo Paladini 10
30338,edificio,24355,,Abitazione,Via Filippo Paladini 12
30339,edificio,24355,,Abitazione,Via Filippo Paladini 12
30340,edificio,24325,,Abitazione,Via Calandrucci Giacinto 2
30341,edificio,64944,,Abitazione,Via Scaglione Pietro 131
30342,edificio,64974,,Abitazione,Via Scaglione Pietro 131
30343,edificio,64974,,Abitazione,Via Scaglione Pietro 131
30344,edificio,64974,,Abitazione,Via Scaglione Pietro 131
30345,edificio,64974,,Abitazione,Via Scaglione Pietro 131
30346,edificio,64974,,Abitazione,Via Scaglione Pietro 131
30347,edificio,24616,,Abitazione,Via Bartolomeo Berrettaro 34
30348,edificio,24350,,Abitazione,Via Alibrandi Girolamo 10
30349,edificio,24353,,Abitazione,Passaggio Rossi Mariano 3
30350,edificio,24353,,Abitazione,Passaggio Rossi Mariano 2
30351,edificio,24353,,Abitazione,Passaggio Rossi Mariano 1
30352,edificio,24672,,Magazzino e locali di deposito,Via Besio Giacomo 45
30353,edificio,24351,,Abitazione,Via Filippo Paladini 4
30354,edificio,24351,,Abitazione,Via Filippo Paladini 6
30356,edificio,97821,,Magazzino e locali di deposito,Via Monsignor Filippo Pottino 3
30357,edificio,97821,,Magazzino e locali di deposito,Via Monsignor Filippo Pottino 4
30358,edificio,97821,,Magazzino e locali di deposito,Via Papa Sergio I 79B
30359,edificio,61220,,Magazzino e locali di deposito,Via Domenico Scinà 77
30360,edificio,61220,,Abitazione,Via Domenico Scinà 73
30361,edificio,61220,,Abitazione,Via Domenico Scinà 73
30362,edificio,61220,,Abitazione,Via Domenico Scinà 73
30363,edificio,61220,,Abitazione,Via Domenico Scinà 73
30364,edificio,61220,,Abitazione,Via Domenico Scinà 73
30365,edificio,61220,,Abitazione,Via Domenico Scinà 73
30366,edificio,61220,,Abitazione,Via Domenico Scinà 73
30367,edificio,61220,,Abitazione,Via Domenico Scinà 73
30368,edificio,59869,,Magazzino e locali di deposito,Via Ruggiero Settimo 34
30369,edificio,11515,,Abitazione,Piazzale Fausto Pirandello 5
30370,edificio,11515,,Abitazione,Piazzale Fausto Pirandello 5
30371,edificio,61126,,Ufficio strutturato ed assimilabili,Piazza della Pace 4
30372,edificio,21489,,Abitazione,Via Cappuccinelle 80
30373,edificio,11534,,Abitazione,Via Erice 35
30374,edificio,11534,,Abitazione,Via Erice 37
30375,edificio,11139,,Abitazione,Via Petralia Sottana 1
30376,edificio,11139,,Abitazione,Via Petralia Sottana 2
30377,edificio,11139,,Abitazione,Via Petralia Sottana 2
30378,edificio,11542,,Abitazione,Via Alia 14
30379,edificio,11542,,Abitazione,Via Alia 14
30380,edificio,11542,,Abitazione,Via Alia 14
30381,edificio,11542,,Abitazione,Via Alia 14
30382,edificio,11542,,Abitazione,Via Alia 14
30383,edificio,11542,,Abitazione,Via Alia 14
30384,edificio,11542,,Abitazione,Via Alia 14
30385,edificio,11542,,Abitazione,Via Alia 14
30386,edificio,11542,,Abitazione,Via Alia 14
30387,edificio,11542,,Abitazione,Via Alia 14
30388,edificio,11542,,Abitazione,Via Alia 14
30389,edificio,11542,,Abitazione,Via Alia 14
30390,edificio,11542,,Abitazione,Via Alia 14
30391,edificio,11542,,Abitazione,Via Alia 14
30392,edificio,11542,,Abitazione,Via Alia 14
30393,edificio,11542,,Abitazione,Via Alia 14
30394,edificio,11542,,Abitazione,Via Alia 14
30395,edificio,11139,,Abitazione,Via Petralia Sottana 3
30396,edificio,11139,,Abitazione,Via Petralia Sottana 4
30397,edificio,17811,,Abitazione,Via la Torre Pio 2
30398,edificio,11542,,Abitazione,Via Alia 14
30399,edificio,11542,,Abitazione,Via Alia 14
30400,edificio,11542,,Abitazione,Via Alia 14
30401,edificio,11542,,Abitazione,Via Alia 14
30402,edificio,11542,,Abitazione,Via Alia 14
30403,edificio,11542,,Abitazione,Via Alia 14
30404,edificio,14527,,Abitazione,Via Vito Fazio Allmayer 4
30405,edificio,13103,,"Edificio scolastico (es.: scuola di ogni ordine e grado, università, scuola di formazione)",Via Bragaglia Marinella 23
30406,edificio,11542,,Abitazione,Via Alia 14
30407,edificio,11542,,Abitazione,Via Alia 14
30408,edificio,11542,,Abitazione,Via Alia 14
30409,edificio,11542,,Abitazione,Via Alia 14
30410,edificio,11542,,Abitazione,Via Alia 14
30411,edificio,11542,,Abitazione,Via Alia 14
30412,edificio,11542,,Abitazione,Via Alia 14
30413,edificio,11542,,Abitazione,Via Alia 14
30414,edificio,11542,,Abitazione,Via Alia 14
30415,edificio,11542,,Abitazione,Via Alia 14
30416,edificio,11542,,Abitazione,Via Alia 14
30417,edificio,11542,,Abitazione,Via Alia 14
30418,edificio,11542,,Abitazione,Via Alia 14
30419,edificio,11542,,Abitazione,Via Alia 14
30420,edificio,11542,,Abitazione,Via Alia 14
30421,edificio,11542,,Abitazione,Via Alia 14
30422,edificio,11542,,Abitazione,Via Alia 14
30423,edificio,11542,,Abitazione,Via Alia 14
30424,edificio,11542,,Abitazione,Via Alia 14
30425,edificio,11542,,Abitazione,Via Alia 14
30426,edificio,11542,,Abitazione,Via Alia 14
30427,edificio,11542,,Abitazione,Via Alia 14
30428,edificio,11542,,Abitazione,Via Alia 14
30429,edificio,11542,,Abitazione,Via Alia 14
30430,edificio,11542,,Abitazione,Via Alia 14
30431,edificio,11542,,Abitazione,Via Alia 14
30432,edificio,11542,,Abitazione,Via Alia 14
30433,edificio,11542,,Abitazione,Via Alia 14
30434,edificio,11542,,Abitazione,Via Alia 14
30435,edificio,11542,,Abitazione,Via Alia 14
30436,edificio,14482,,Magazzino e locali di deposito,Via Vito Fazio Allmayer 15
30437,edificio,14482,,Magazzino e locali di deposito,Via Vito Fazio Allmayer 11
30438,edificio,14482,,Magazzino e locali di deposito,Via Vito Fazio Allmayer 9
30439,edificio,23507,,Abitazione,Via Casalini 256
30440,edificio,11542,,Abitazione,Via Alia 14
30441,edificio,23507,,Abitazione,Via Casalini 256
30442,edificio,24301,,Abitazione,Via Casalini 256
30443,edificio,24861,,Abitazione,Via Casalini 256
30444,edificio,99101,,Abitazione,Piazzale Prizzi 2
30445,edificio,99101,,Abitazione,Piazzale Prizzi 2
30446,edificio,99101,,Abitazione,Piazzale Prizzi 2
30447,edificio,99101,,Abitazione,Piazzale Prizzi 2
30448,edificio,99101,,Abitazione,Piazzale Prizzi 2
30449,edificio,99101,,Abitazione,Piazzale Prizzi 2
30450,edificio,99101,,Abitazione,Piazzale Prizzi 2
30451,edificio,99101,,Abitazione,Piazzale Prizzi 2
30452,edificio,99101,,Abitazione,Piazzale Prizzi 2
30453,edificio,99101,,Abitazione,Piazzale Prizzi 2
30454,edificio,99101,,Abitazione,Piazzale Prizzi 2
30455,edificio,99101,,Abitazione,Piazzale Prizzi 2
30456,edificio,99101,,Abitazione,Piazzale Prizzi 2
30457,edificio,99101,,Abitazione,Piazzale Prizzi 2
30458,edificio,99101,,Abitazione,Piazzale Prizzi 2
30459,edificio,99101,,Abitazione,Piazzale Prizzi 2
30460,edificio,99101,,Abitazione,Piazzale Prizzi 2
30461,edificio,99101,,Abitazione,Piazzale Prizzi 2
30462,edificio,11609,,Abitazione,Piazzale Prizzi 5
30463,edificio,11609,,Abitazione,Piazzale Prizzi 5
30464,edificio,11609,,Abitazione,Piazzale Prizzi 5
30465,edificio,11609,,Abitazione,Piazzale Prizzi 5
30466,edificio,11609,,Abitazione,Piazzale Prizzi 5
30467,edificio,11609,,Abitazione,Piazzale Prizzi 5
30468,edificio,11609,,Abitazione,Piazzale Prizzi 5
30469,edificio,11609,,Abitazione,Piazzale Prizzi 5
30470,edificio,11609,,Abitazione,Piazzale Prizzi 5
30471,edificio,11609,,Abitazione,Piazzale Prizzi 5
30472,edificio,11609,,Abitazione,Piazzale Prizzi 5
30473,edificio,11609,,Abitazione,Piazzale Prizzi 5
30474,edificio,11609,,Abitazione,Piazzale Prizzi 5
30475,edificio,11609,,Abitazione,Piazzale Prizzi 5
30476,edificio,11609,,Abitazione,Piazzale Prizzi 5
30477,edificio,11609,,Abitazione,Piazzale Prizzi 5
30478,edificio,11609,,Abitazione,Piazzale Prizzi 5
30479,edificio,11609,,Abitazione,Piazzale Prizzi 5
30480,edificio,11609,,Abitazione,Piazzale Prizzi 8
30481,edificio,11609,,Abitazione,Piazzale Prizzi 8
30482,edificio,11609,,Abitazione,Piazzale Prizzi 8
30483,edificio,11609,,Abitazione,Piazzale Prizzi 8
30484,edificio,11609,,Abitazione,Piazzale Prizzi 8
30485,edificio,11609,,Abitazione,Piazzale Prizzi 8
30486,edificio,11609,,Abitazione,Piazzale Prizzi 8
30487,edificio,11609,,Abitazione,Piazzale Prizzi 8
30488,edificio,11609,,Abitazione,Piazzale Prizzi 8
30489,edificio,11609,,Abitazione,Piazzale Prizzi 8
30490,edificio,11609,,Abitazione,Piazzale Prizzi 8
30491,edificio,11609,,Abitazione,Piazzale Prizzi 8
30492,edificio,11609,,Abitazione,Piazzale Prizzi 8
30493,edificio,11609,,Abitazione,Piazzale Prizzi 8
30494,edificio,11609,,Abitazione,Piazzale Prizzi 8
30495,edificio,11609,,Abitazione,Piazzale Prizzi 8
30496,edificio,11609,,Abitazione,Piazzale Prizzi 8
30497,edificio,11609,,Abitazione,Piazzale Prizzi 8
30498,edificio,11609,,Abitazione,Piazzale Prizzi 11
30499,edificio,11609,,Abitazione,Piazzale Prizzi 11
30500,edificio,11609,,Abitazione,Piazzale Prizzi 11
30501,edificio,11515,,Abitazione,Piazzale Fausto Pirandello 8
30502,edificio,11515,,Abitazione,Piazzale Fausto Pirandello 8
30503,edificio,11515,,Abitazione,Piazzale Fausto Pirandello 8
30504,edificio,11515,,Abitazione,Piazzale Fausto Pirandello 8
30505,edificio,11515,,Abitazione,Piazzale Fausto Pirandello 8
30506,edificio,11515,,Abitazione,Piazzale Fausto Pirandello 8
30507,edificio,11609,,Abitazione,Piazzale Prizzi 11
30508,edificio,11609,,Abitazione,Piazzale Prizzi 11
30509,edificio,11609,,Abitazione,Piazzale Prizzi 11
30510,edificio,11609,,Abitazione,Piazzale Prizzi 11
30511,edificio,11609,,Abitazione,Piazzale Prizzi 11
30512,edificio,11609,,Abitazione,Piazzale Prizzi 11
30513,edificio,11609,,Abitazione,Piazzale Prizzi 11
30514,edificio,11609,,Abitazione,Piazzale Prizzi 11
30515,edificio,11609,,Abitazione,Piazzale Prizzi 11
30516,edificio,11609,,Abitazione,Piazzale Prizzi 11
30517,edificio,11609,,Abitazione,Piazzale Prizzi 11
30518,edificio,11609,,Abitazione,Piazzale Prizzi 11
30519,edificio,11609,,Abitazione,Piazzale Prizzi 11
30520,edificio,11609,,Abitazione,Piazzale Prizzi 11
30521,edificio,11609,,Abitazione,Piazzale Prizzi 11
30522,edificio,11609,,Abitazione,Piazzale Prizzi 12
30523,edificio,11609,,Abitazione,Piazzale Prizzi 12
30524,edificio,11609,,Abitazione,Piazzale Prizzi 12
30525,edificio,11609,,Abitazione,Piazzale Prizzi 12
30526,edificio,11609,,Abitazione,Piazzale Prizzi 12
30527,edificio,11609,,Abitazione,Piazzale Prizzi 12
30528,edificio,11609,,Abitazione,Piazzale Prizzi 12
30529,edificio,11609,,Abitazione,Piazzale Prizzi 12
30530,edificio,11609,,Abitazione,Piazzale Prizzi 12
30531,edificio,11609,,Abitazione,Piazzale Prizzi 13
30532,edificio,11609,,Abitazione,Piazzale Prizzi 13
30533,edificio,11609,,Abitazione,Piazzale Prizzi 13
30534,edificio,11609,,Abitazione,Piazzale Prizzi 13
30535,edificio,11609,,Abitazione,Piazzale Prizzi 13
30536,edificio,11609,,Abitazione,Piazzale Prizzi 14
30537,edificio,11609,,Abitazione,Piazzale Prizzi 14
30538,edificio,11609,,Abitazione,Piazzale Prizzi 14
30539,edificio,11609,,Abitazione,Piazzale Prizzi 14
30540,edificio,11609,,Abitazione,Piazzale Prizzi 14
30541,edificio,11609,,Abitazione,Piazzale Prizzi 14
30542,edificio,11515,,Abitazione,Piazzale Fausto Pirandello 2
30543,edificio,11515,,Abitazione,Piazzale Fausto Pirandello 2
30544,edificio,11515,,Abitazione,Piazzale Fausto Pirandello 2
30545,edificio,11515,,Abitazione,Piazzale Fausto Pirandello 2
30546,edificio,11515,,Abitazione,Piazzale Fausto Pirandello 2
30547,edificio,11515,,Abitazione,Piazzale Fausto Pirandello 2
30548,edificio,11515,,Abitazione,Piazzale Fausto Pirandello 2
30549,edificio,11515,,Abitazione,Piazzale Fausto Pirandello 2
30550,edificio,11515,,Abitazione,Piazzale Fausto Pirandello 2
30551,edificio,11515,,Abitazione,Piazzale Fausto Pirandello 2
30552,edificio,11515,,Abitazione,Piazzale Fausto Pirandello 2
30553,edificio,11515,,Abitazione,Piazzale Fausto Pirandello 2
30554,edificio,11515,,Abitazione,Piazzale Fausto Pirandello 2
30555,edificio,11515,,Abitazione,Piazzale Fausto Pirandello 2
30556,edificio,11515,,Abitazione,Piazzale Fausto Pirandello 2
30557,edificio,11515,,Abitazione,Piazzale Fausto Pirandello 2
30558,edificio,11515,,Abitazione,Piazzale Fausto Pirandello 2
30559,edificio,11515,,Abitazione,Piazzale Fausto Pirandello 2
30560,edificio,11515,,Abitazione,Piazzale Fausto Pirandello 2
30561,edificio,11515,,Abitazione,Piazzale Fausto Pirandello 2
30562,edificio,11515,,Abitazione,Piazzale Fausto Pirandello 2
30563,edificio,11515,,Abitazione,Piazzale Fausto Pirandello 5
30564,edificio,11515,,Abitazione,Piazzale Fausto Pirandello 5
30565,edificio,11515,,Abitazione,Piazzale Fausto Pirandello 5
30566,edificio,11515,,Abitazione,Piazzale Fausto Pirandello 5
30567,edificio,11515,,Abitazione,Piazzale Fausto Pirandello 5
30568,edificio,11515,,Abitazione,Piazzale Fausto Pirandello 5
30569,edificio,11515,,Abitazione,Piazzale Fausto Pirandello 5
30570,edificio,11515,,Abitazione,Piazzale Fausto Pirandello 5
30571,edificio,11515,,Abitazione,Piazzale Fausto Pirandello 5
30572,edificio,11515,,Abitazione,Piazzale Fausto Pirandello 5
30573,edificio,11515,,Abitazione,Piazzale Fausto Pirandello 5
30574,edificio,11515,,Abitazione,Piazzale Fausto Pirandello 5
30575,edificio,11515,,Abitazione,Piazzale Fausto Pirandello 5
30576,edificio,11515,,Abitazione,Piazzale Fausto Pirandello 5
30577,edificio,11515,,Abitazione,Piazzale Fausto Pirandello 5
30578,edificio,11515,,Abitazione,Piazzale Fausto Pirandello 5
30579,edificio,11515,,Abitazione,Piazzale Fausto Pirandello 5
30580,edificio,11515,,Abitazione,Piazzale Fausto Pirandello 5
30581,edificio,11515,,Abitazione,Piazzale Fausto Pirandello 5
30582,edificio,11515,,Abitazione,Piazzale Fausto Pirandello 8
30583,edificio,11515,,Abitazione,Piazzale Fausto Pirandello 8
30584,edificio,11515,,Abitazione,Piazzale Fausto Pirandello 8
30585,edificio,11515,,Abitazione,Piazzale Fausto Pirandello 8
30586,edificio,11515,,Abitazione,Piazzale Fausto Pirandello 8
30587,edificio,11515,,Abitazione,Piazzale Fausto Pirandello 8
30588,edificio,11515,,Abitazione,Piazzale Fausto Pirandello 8
30589,edificio,11515,,Abitazione,Piazzale Fausto Pirandello 8
30590,edificio,11515,,Abitazione,Piazzale Fausto Pirandello 8
30591,edificio,11515,,Abitazione,Piazzale Fausto Pirandello 8
30592,edificio,11515,,Abitazione,Piazzale Fausto Pirandello 8
30593,edificio,11515,,Abitazione,Piazzale Fausto Pirandello 8
30594,edificio,11515,,Abitazione,Piazzale Fausto Pirandello 8
30595,edificio,11515,,Abitazione,Piazzale Fausto Pirandello 8
30596,edificio,11515,,Abitazione,Piazzale Fausto Pirandello 8
30597,edificio,11515,,Abitazione,Piazzale Fausto Pirandello 11
30598,edificio,11515,,Abitazione,Piazzale Fausto Pirandello 11
30599,edificio,11515,,Abitazione,Piazzale Fausto Pirandello 11
30600,edificio,11515,,Abitazione,Piazzale Fausto Pirandello 11
30601,edificio,11515,,Abitazione,Piazzale Fausto Pirandello 11
30602,edificio,11515,,Abitazione,Piazzale Fausto Pirandello 11
30603,edificio,11515,,Abitazione,Piazzale Fausto Pirandello 11
30604,edificio,11515,,Abitazione,Piazzale Fausto Pirandello 11
30605,edificio,11515,,Abitazione,Piazzale Fausto Pirandello 11
30606,edificio,11515,,Abitazione,Piazzale Fausto Pirandello 11
30607,edificio,11515,,Abitazione,Piazzale Fausto Pirandello 11
30608,edificio,11515,,Abitazione,Piazzale Fausto Pirandello 11
30609,edificio,11515,,Abitazione,Piazzale Fausto Pirandello 11
30610,edificio,11515,,Abitazione,Piazzale Fausto Pirandello 11
30611,edificio,11515,,Abitazione,Piazzale Fausto Pirandello 11
30612,edificio,11515,,Abitazione,Piazzale Fausto Pirandello 11
30613,edificio,11515,,Abitazione,Piazzale Fausto Pirandello 11
30614,edificio,11515,,Abitazione,Piazzale Fausto Pirandello 11
30615,edificio,11515,,Abitazione,Piazzale Fausto Pirandello 11
30616,edificio,11515,,Abitazione,Piazzale Fausto Pirandello 11
30617,edificio,11515,,Abitazione,Piazzale Fausto Pirandello 11
30618,edificio,11515,,Abitazione,Piazzale Fausto Pirandello 13
30619,edificio,11515,,Abitazione,Piazzale Fausto Pirandello 13
30620,edificio,11515,,Abitazione,Piazzale Fausto Pirandello 13
30621,edificio,11515,,Abitazione,Piazzale Fausto Pirandello 13
30622,edificio,11515,,Abitazione,Piazzale Fausto Pirandello 13
30623,edificio,11515,,Abitazione,Piazzale Fausto Pirandello 13
30624,edificio,11515,,Abitazione,Piazzale Fausto Pirandello 13
30625,edificio,11515,,Abitazione,Piazzale Fausto Pirandello 13
30626,edificio,11515,,Abitazione,Piazzale Fausto Pirandello 13
30627,edificio,11515,,Abitazione,Piazzale Fausto Pirandello 13
30628,edificio,11515,,Abitazione,Piazzale Fausto Pirandello 13
30629,edificio,11515,,Abitazione,Piazzale Fausto Pirandello 13
30630,edificio,11515,,Abitazione,Piazzale Fausto Pirandello 13
30631,edificio,11515,,Abitazione,Piazzale Fausto Pirandello 13
30632,edificio,11515,,Abitazione,Piazzale Fausto Pirandello 13
30633,edificio,11515,,Abitazione,Piazzale Fausto Pirandello 13
30634,edificio,11515,,Abitazione,Piazzale Fausto Pirandello 13
30635,edificio,11515,,Abitazione,Piazzale Fausto Pirandello 13
30636,edificio,11515,,Abitazione,Piazzale Fausto Pirandello 13
30637,edificio,11515,,Abitazione,Piazzale Fausto Pirandello 13
30638,edificio,11515,,Abitazione,Piazzale Fausto Pirandello 13
30639,edificio,11609,,Abitazione,Piazzale Fausto Pirandello 14
30640,edificio,11609,,Abitazione,Piazzale Fausto Pirandello 14
30641,edificio,11609,,Abitazione,Piazzale Fausto Pirandello 14
30642,edificio,11609,,Abitazione,Piazzale Fausto Pirandello 14
30643,edificio,11609,,Abitazione,Piazzale Fausto Pirandello 14
30644,edificio,11609,,Abitazione,Piazzale Fausto Pirandello 14
30645,edificio,11609,,Abitazione,Piazzale Fausto Pirandello 14
30646,edificio,11609,,Abitazione,Piazzale Fausto Pirandello 14
30647,edificio,11609,,Abitazione,Piazzale Fausto Pirandello 14
30648,edificio,53069,,"Biblioteca, pinacoteca, museo, gallerie",Vicolo Casa Professa 21
30649,edificio,12885,,Abitazione,Via Generale Domenico Chinnici 58
30650,edificio,24346,,Abitazione,Viale Michelangelo 1991
30651,edificio,24370,,Abitazione,Viale Michelangelo 1959
30652,edificio,11609,,Abitazione,Piazzale Fausto Pirandello 15
30653,edificio,11609,,Abitazione,Piazzale Fausto Pirandello 15
30654,edificio,11609,,Abitazione,Piazzale Fausto Pirandello 15
30655,edificio,11609,,Abitazione,Piazzale Fausto Pirandello 15
30656,edificio,11609,,Abitazione,Piazzale Fausto Pirandello 15
30657,edificio,11609,,Abitazione,Piazzale Fausto Pirandello 15
30658,edificio,11609,,Abitazione,Piazzale Fausto Pirandello 16
30659,edificio,11609,,Abitazione,Piazzale Fausto Pirandello 16
30660,edificio,11609,,Abitazione,Piazzale Fausto Pirandello 16
30661,edificio,11609,,Abitazione,Piazzale Fausto Pirandello 16
30662,edificio,11609,,Abitazione,Piazzale Fausto Pirandello 16
30663,edificio,11609,,Abitazione,Piazzale Fausto Pirandello 16
30664,edificio,24370,,Abitazione,Viale Michelangelo 1943
30665,edificio,11534,,Abitazione,Via Erice 33
30666,edificio,11534,,Abitazione,Via Erice 33
30667,edificio,54579,,Magazzino e locali di deposito,Via San Biagio 4
30668,edificio,57429,,Abitazione,Vicolo Santa Maria Maggiore 1
30669,edificio,19256,,Abitazione,Via Re Martino 1
30670,edificio,53950,,Abitazione,Via Beati Paoli 37
30671,edificio,54942,,Magazzino e locali di deposito,Via Maqueda 314
30672,edificio,20401,,Abitazione,Via Pollaci Nuccio Fedele 3
30673,edificio,54461,,Abitazione,Piazza Sant'Onofrio 23
30674,edificio,54461,,Abitazione,Piazza Sant'Onofrio 23
30675,edificio,54461,,Abitazione,Piazza Sant'Onofrio 23
30676,edificio,53027,,Magazzino e locali di deposito,Via delle Pergole 74
30677,edificio,53027,,"Teatro, cinematografo, struttura per concerti e spettacoli e assimilabili",Via delle Pergole 76
30678,edificio,52911,,Magazzino e locali di deposito,Piazzetta Del Fondaco Palazzo Reale 1
30679,edificio,54204,,Abitazione,VICOLO PENNINELLO 9
30680,edificio,21489,,Magazzino e locali di deposito,VIA PAPIRETO 36
30681,edificio,55318,,Abitazione,Via delle Pergole 14
30682,edificio,55318,,Magazzino e locali di deposito,Via delle Pergole 14
30683,edificio,50296,,"Fabbricato per attività produttiva (industriale, artigianale o agricola)",Corso Tukory 182
30684,edificio,61256,,Abitazione,Via Sant'Alessandro 9
30685,edificio,55853,,Abitazione,Vicolo Teatro Bellini 11
30686,edificio,18937,,Magazzino e locali di deposito,Via Filippone 16
30687,edificio,53740,,Magazzino e locali di deposito,Via Papireto 2
30688,edificio,53155,,Abitazione,Via del Bosco 67
30689,edificio,53155,,Abitazione,Via del Bosco 67
30690,edificio,111116,,Abitazione,Via Gaetano Romeres 4
30691,edificio,53123,,Abitazione,Via del Bosco 73
30692,edificio,53179,,Abitazione,Via del Bosco 75
30693,edificio,52930,,Abitazione,Vicolo della Pietà a Palazzo Reale 8
30694,edificio,54425,,Abitazione,Vicolo degli Orfani 41
30695,edificio,53962,,Abitazione,CORTILE DEL CAPPELLAIO 1
30696,edificio,52814,,Abitazione,Vicolo Pesacannone 29
30697,edificio,8339,,Abitazione,Via Ammiraglio Carlo Bergamini 25
30698,edificio,57519,,"Teatro, cinematografo, struttura per concerti e spettacoli e assimilabili",Vicolo della Neve 2
30699,edificio,57519,,Abitazione,Via del Pappagallo 7
30700,edificio,57519,,Abitazione,Via del Pappagallo 7
30701,edificio,57519,,Abitazione,Via del Pappagallo 7
30702,edificio,53942,,"Fabbricato per attività produttiva (industriale, artigianale o agricola)",Discesa dell'Eternità 5
30703,edificio,56501,,Abitazione,Via Nicolò Cervello 66
30704,edificio,56501,,Abitazione,Via Nicolò Cervello 66
30705,edificio,57531,,Abitazione,Via del Pappagallo 2
30706,edificio,55371,,Abitazione,Via Case Nuove 44
30707,edificio,55231,,Abitazione,Via Case Nuove 44
30708,edificio,55371,,Abitazione,Via Case Nuove 44
30709,edificio,56203,,Abitazione,Via Lincoln 121
30710,edificio,56203,,Ufficio strutturato ed assimilabili,Via Lincoln 121
30711,edificio,57470,,Abitazione,Via Scopari 52
30712,edificio,12887,,Abitazione,Via Colonnello Antonio Frasconà 4
30713,edificio,12885,,Abitazione,Via Colonnello Antonio Frasconà 1
30714,edificio,12885,,Abitazione,Via Colonnello Antonio Frasconà 1
30715,edificio,12885,,Abitazione,Via Colonnello Antonio Frasconà 3
30716,edificio,3832,,Magazzino e locali di deposito,Via Olio di Lino 2
30717,edificio,4833,,Magazzino e locali di deposito,Via Saitta Longhi 8
30718,edificio,8256,,Abitazione,Via Antonio Callea 4
30719,edificio,8256,,Abitazione,Via Salvatore Cutello 4
30720,edificio,8339,,Abitazione,Via Salvatore Cutello 19
30721,edificio,8339,,Abitazione,Via Salvatore Cutello 21
30722,edificio,8256,,Abitazione,Via San Raffaele Arcangelo 61
30723,edificio,8256,,Abitazione,Via San Raffaele Arcangelo 59
30724,edificio,8339,,Abitazione,Via Ammiraglio Carlo Bergamini 23
30725,edificio,8339,,Abitazione,Via Antonio Callea 5
30726,edificio,8339,,Abitazione,Via Antonio Callea 3
30727,edificio,8339,,Abitazione,Via Salvatore Cutello 12
30728,edificio,8339,,Abitazione,Via Salvatore Cutello 12
30729,edificio,8339,,Abitazione,Via Salvatore Cutello 14
30730,edificio,8256,,Abitazione,Via Salvatore Cutello 16
30731,edificio,8256,,Abitazione,Via Salvatore Cutello 17
30732,edificio,8339,,Abitazione,Via Ammiraglio Carlo Bergamini 34
30733,edificio,8339,,Abitazione,Via Ammiraglio Carlo Bergamini 36
30734,edificio,8339,,Abitazione,Via San Raffaele Arcangelo 53
30735,edificio,8339,,Abitazione,Via San Raffaele Arcangelo 51
30736,edificio,8339,,Abitazione,Via San Raffaele Arcangelo 49
30737,edificio,8339,,Abitazione,Via Antonio Callea 11
30738,edificio,8339,,Abitazione,Via Antonio Callea 9
30739,edificio,8339,,Abitazione,Via San Raffaele Arcangelo 45
30740,edificio,8339,,Abitazione,Via Antonio Callea 10
30741,edificio,8339,,Abitazione,Via Antonio Callea 12
30742,edificio,8256,,Abitazione,Via Ammiraglio Carlo Bergamini 12
30743,edificio,8256,,Abitazione,Via Ammiraglio Carlo Bergamini 14
30744,edificio,8256,,Abitazione,Via Ammiraglio Carlo Bergamini 18
30745,edificio,13156,,"Edificio scolastico (es.: scuola di ogni ordine e grado, università, scuola di formazione)",Via Capitano Emanuele Basile 50
30746,edificio,12885,,Abitazione,Via Filippo Raciti 8
30747,edificio,12885,,Abitazione,Via Filippo Raciti 8
30748,edificio,12885,,Abitazione,Via Filippo Raciti 2
30749,edificio,12885,,Abitazione,Via Filippo Raciti 2
30750,edificio,12885,,Abitazione,Via Filippo Raciti 4
30751,edificio,12885,,Abitazione,Via Filippo Raciti 4
30752,edificio,3629,,"Struttura residenziale collettiva (es.: collegi e convitti, educandati, ricoveri, orfanotrofi, ospizi, conventi, seminari)",Via Rosa Balistreri 5
30753,edificio,12885,,Abitazione,Via Filippo Raciti 1
30754,edificio,12885,,Abitazione,Via Filippo Raciti 1
30755,edificio,12885,,Abitazione,Via Maqueda 350
30756,edificio,12885,,Abitazione,Via Maqueda 350
30757,edificio,12885,,Abitazione,Via Filippo Raciti 5
30758,edificio,12885,,Abitazione,Via Filippo Raciti 7
30759,edificio,12885,,Abitazione,Via Filippo Raciti 7
30760,edificio,12885,,Abitazione,Via Filippo Raciti 6
30761,edificio,12885,,Abitazione,Via Filippo Raciti 6
30762,edificio,41439,,Abitazione,Via Bartolomeo Sirillo 1
30763,edificio,41439,,Abitazione,Via Bartolomeo Sirillo 3
30764,edificio,36662,,Abitazione,Via dell'Allodola 13
30765,edificio,36662,,Abitazione,Via dell'Allodola 13
30766,edificio,36662,,Abitazione,Via dell'Allodola 15
30767,edificio,36662,,Abitazione,Via dell'Allodola 15
30768,edificio,36662,,Abitazione,Via dell'Allodola 17
30769,edificio,36662,,Abitazione,Via dell'Allodola 17
30770,edificio,36674,,Abitazione,Via dell'Allodola 21
30771,edificio,7271,,Abitazione,Largo dei Falchi 1
30772,edificio,36679,,Abitazione,Viale Regione Siciliana 2512
30773,edificio,36679,,Abitazione,Viale Regione Siciliana 2512
30774,edificio,36608,,Abitazione,Largo Delle Tortore 1
30775,edificio,36608,,Abitazione,Largo Delle Tortore 1
30776,edificio,36608,,Abitazione,Largo Delle Tortore 3
30777,edificio,36608,,Abitazione,Largo Delle Tortore 3
30778,edificio,36608,,Abitazione,Largo Delle Tortore 5
30779,edificio,36608,,Abitazione,Largo Delle Tortore 6
30780,edificio,36651,,Abitazione,Largo Delle Tortore 7
30781,edificio,36651,,Abitazione,Largo Delle Tortore 8
30782,edificio,36651,,Abitazione,Largo Delle Tortore 8
30783,edificio,36611,,Abitazione,Via dell'Allodola 23
30784,punto,,senza-edificio,"Edificio scolastico (es.: scuola di ogni ordine e grado, università, scuola di formazione)",Via del Bassotto 17
30785,edificio,40923,,Magazzino e locali di deposito,Via Cassaro Bonanno 15
30786,edificio,40923,,Abitazione,Via Rocco Lentini 4
30787,edificio,40923,,Abitazione,Via Rocco Lentini 4
30788,edificio,41444,,Abitazione,Via Bartolomeo Sirillo 5
30789,edificio,40923,,Magazzino e locali di deposito,Via Vincenzo Barbera 2
30790,edificio,40923,,Magazzino e locali di deposito,Via Luigi di Giovanni 6
30791,edificio,46092,,Abitazione,Via Filippo Pecoraino 162
30792,edificio,40036,,Magazzino e locali di deposito,Via Giovanni Bocchieri 6
30793,edificio,37454,,Abitazione,Cortile Chiavelli 93
30794,edificio,37454,,Abitazione,Cortile Chiavelli 93
30795,edificio,37454,,Abitazione,Cortile Chiavelli 93
30796,edificio,37472,,Abitazione,Cortile Chiavelli 93
30797,edificio,37472,,Abitazione,Cortile Chiavelli 93
30798,edificio,37472,,Abitazione,Cortile Chiavelli 93
30799,edificio,44852,,Magazzino e locali di deposito,Via Vincenzo Barbera 5
30800,edificio,42130,,Abitazione,Via Maione da Bari 13
30801,edificio,44852,,Abitazione,Via Luigi di Giovanni 4
30802,edificio,44852,,Abitazione,Via Stefano Vittorio Bozzo 28
30803,edificio,44852,,Abitazione,Via Stefano Vittorio Bozzo 26
30804,edificio,44852,,Abitazione,Via Stefano Vittorio Bozzo 28
30805,edificio,41742,,Magazzino e locali di deposito,Via San Ciro 15
30806,edificio,41742,,Magazzino e locali di deposito,VIA SAN CIRO
30807,edificio,44852,,Abitazione,Via Vincenzo Ragusa 2
30808,edificio,43597,,Magazzino e locali di deposito,Via Giuseppe Cirincione 58
30809,edificio,41589,,Magazzino e locali di deposito,Viale Regione Siciliana Sud Est 5051
30810,edificio,42787,,Abitazione,Via San Giovanni di Dio 11
30811,edificio,42787,,Abitazione,Via San Giovanni di Dio 11
30812,edificio,42787,,Abitazione,Via San Giovanni di Dio 11
30813,edificio,42787,,Abitazione,Via San Giovanni di Dio 11
30814,edificio,59012,,Magazzino e locali di deposito,Via Ponte di Mare 45
30815,edificio,56271,,Ufficio strutturato ed assimilabili,Via Pietro Randazzo 4
30816,edificio,44241,,Abitazione,Via Mariano Stabile 32
30817,edificio,105285,,Magazzino e locali di deposito,Corso dei Mille 753
30818,edificio,43587,,Abitazione,Via Federico Orsi Ferrari 83
30819,edificio,58326,,Abitazione,Via Maurizio Quadrio 1
30820,punto,,senza-edificio,Abitazione,Piazzale Anita Garibaldi 2
30821,edificio,42953,,Abitazione,Via Monsignore Filippo Meli 10
30822,edificio,44001,,Abitazione,Piazza Achille Grandi 26
30823,edificio,44001,,Abitazione,Piazza Achille Grandi 26
30824,edificio,43771,,Abitazione,Corso dei Mille 974
30825,edificio,58966,,Abitazione,Via Messina Marine 411
30826,edificio,58967,,Abitazione,Via Messina Marine 411
30827,edificio,48381,,Abitazione,Via Galletti 257
30828,edificio,48381,,Abitazione,Via Galletti 257
30829,edificio,48381,,Abitazione,Via Galletti 257
30830,edificio,47950,,Abitazione,Via Galletti 257
30831,edificio,47950,,Abitazione,Via Galletti 257
30832,edificio,47950,,Abitazione,Via Galletti 257
30833,edificio,47950,,Abitazione,Via Galletti 257
30834,edificio,48381,,Abitazione,Via Galletti 257
42544,edificio,72142,,Ufficio strutturato ed assimilabili,Viale del Fante snc
54062,edificio,71740,,Abitazione,Via San Lorenzo 56
54064,edificio,24858,,Ufficio strutturato ed assimilabili,Via Francesco Maria Alias 7
54065,edificio,24858,,Ufficio strutturato ed assimilabili,Via Francesco Maria Alias 7
54066,edificio,24858,,Ufficio strutturato ed assimilabili,Via Francesco Maria Alias 7
54067,edificio,24858,,Ufficio strutturato ed assimilabili,Via Francesco Maria Alias 7
54068,edificio,24858,,Ufficio strutturato ed assimilabili,Via Francesco Maria Alias 7
54069,edificio,24858,,"Cantina, soffitta, rimessa, box, garage, posto auto aperto/scoperto,…",Via Francesco Maria Alias 7
54070,edificio,24858,,"Cantina, soffitta, rimessa, box, garage, posto auto aperto/scoperto,…",Via Francesco Maria Alias 7
54071,edificio,24858,,"Cantina, soffitta, rimessa, box, garage, posto auto aperto/scoperto,…",Via Francesco Maria Alias 7
54072,edificio,24858,,"Cantina, soffitta, rimessa, box, garage, posto auto aperto/scoperto,…",Via Francesco Maria Alias 7
54073,edificio,24858,,"Cantina, soffitta, rimessa, box, garage, posto auto aperto/scoperto,…",Via Francesco Maria Alias 7
54074,edificio,24858,,"Cantina, soffitta, rimessa, box, garage, posto auto aperto/scoperto,…",Via Francesco Maria Alias 7
54075,edificio,24858,,"Cantina, soffitta, rimessa, box, garage, posto auto aperto/scoperto,…",Via Francesco Maria Alias 7
54076,edificio,24858,,"Cantina, soffitta, rimessa, box, garage, posto auto aperto/scoperto,…",Via Francesco Maria Alias 7
54077,edificio,24858,,"Cantina, soffitta, rimessa, box, garage, posto auto aperto/scoperto,…",Via Francesco Maria Alias 7
54078,edificio,24858,,"Cantina, soffitta, rimessa, box, garage, posto auto aperto/scoperto,…",Via Francesco Maria Alias 7
54079,edificio,24858,,"Cantina, soffitta, rimessa, box, garage, posto auto aperto/scoperto,…",Via Francesco Maria Alias 7
54080,edificio,24858,,"Cantina, soffitta, rimessa, box, garage, posto auto aperto/scoperto,…",Via Francesco Maria Alias 7
54081,edificio,24858,,"Cantina, soffitta, rimessa, box, garage, posto auto aperto/scoperto,…",Via Francesco Maria Alias 7
54082,edificio,24858,,"Cantina, soffitta, rimessa, box, garage, posto auto aperto/scoperto,…",Via Francesco Maria Alias 7
54083,edificio,24858,,"Cantina, soffitta, rimessa, box, garage, posto auto aperto/scoperto,…",Via Francesco Maria Alias 7
54084,edificio,24858,,"Cantina, soffitta, rimessa, box, garage, posto auto aperto/scoperto,…",Via Francesco Maria Alias 7
54085,edificio,24858,,"Cantina, soffitta, rimessa, box, garage, posto auto aperto/scoperto,…",Via Francesco Maria Alias 7
54086,edificio,24858,,"Cantina, soffitta, rimessa, box, garage, posto auto aperto/scoperto,…",Via Francesco Maria Alias 7
54087,edificio,24858,,"Cantina, soffitta, rimessa, box, garage, posto auto aperto/scoperto,…",Via Francesco Maria Alias 7
54088,edificio,24858,,"Cantina, soffitta, rimessa, box, garage, posto auto aperto/scoperto,…",Via Francesco Maria Alias 7
54089,edificio,24858,,"Cantina, soffitta, rimessa, box, garage, posto auto aperto/scoperto,…",Via Francesco Maria Alias 7
54090,edificio,24858,,"Cantina, soffitta, rimessa, box, garage, posto auto aperto/scoperto,…",Via Francesco Maria Alias 7
54091,edificio,24858,,"Cantina, soffitta, rimessa, box, garage, posto auto aperto/scoperto,…",Via Francesco Maria Alias 7
54092,edificio,24858,,"Cantina, soffitta, rimessa, box, garage, posto auto aperto/scoperto,…",Via Francesco Maria Alias 7
54093,edificio,24858,,"Cantina, soffitta, rimessa, box, garage, posto auto aperto/scoperto,…",Via Francesco Maria Alias 7
54094,edificio,24858,,"Cantina, soffitta, rimessa, box, garage, posto auto aperto/scoperto,…",Via Francesco Maria Alias 7
54095,edificio,24858,,Impianto sportivo,Via Francesco Maria Alias 7
54096,edificio,24858,,Magazzino e locali di deposito,Via Francesco Maria Alias 7
54097,edificio,24858,,Magazzino e locali di deposito,Via Francesco Maria Alias 7
54098,edificio,24858,,Ufficio strutturato ed assimilabili,Via Francesco Maria Alias 7
54099,edificio,24858,,Magazzino e locali di deposito,Via Francesco Maria Alias 7
54100,edificio,24858,,Magazzino e locali di deposito,Via Francesco Maria Alias 7
54101,edificio,24858,,Magazzino e locali di deposito,Via Francesco Maria Alias 7
54102,edificio,24858,,Magazzino e locali di deposito,Via Francesco Maria Alias 7
54103,edificio,24858,,Magazzino e locali di deposito,Via Francesco Maria Alias 7
54104,edificio,24858,,Ufficio strutturato ed assimilabili,Via Francesco Maria Alias 7
54105,edificio,24858,,Ufficio strutturato ed assimilabili,Via Francesco Maria Alias 7
54106,edificio,24858,,Ufficio strutturato ed assimilabili,Via Francesco Maria Alias 7
54107,edificio,24858,,Ufficio strutturato ed assimilabili,Via Francesco Maria Alias 7
54108,edificio,24858,,Ufficio strutturato ed assimilabili,Via Francesco Maria Alias 7
54109,edificio,24858,,Ufficio strutturato ed assimilabili,Via Francesco Maria Alias 7
54110,edificio,24858,,Ufficio strutturato ed assimilabili,Via Francesco Maria Alias 7
54111,edificio,24858,,Ufficio strutturato ed assimilabili,Via Francesco Maria Alias 7
54119,edificio,54751,,Magazzino e locali di deposito,Piazza degli Aragonesi 43
54121,edificio,13156,,"Edificio scolastico (es.: scuola di ogni ordine e grado, università, scuola di formazione)",Via Capitano Emanuele Basile 52
62220,edificio,33374,,Ufficio strutturato ed assimilabili,Via marchese ugo 60
65575,edificio,30165,,Abitazione,Via Goldoni Carlo 9
65577,edificio,30165,,Abitazione,Via Goldoni Carlo 9
65578,edificio,30165,,Abitazione,Via Goldoni Carlo 9
65579,edificio,30165,,Abitazione,Via Goldoni Carlo 9
65582,edificio,54742,,Caserma,Via Alessandro Scarlatti 16
87195,edificio,52727,,Abitazione,Via delle Balate 1
87503,edificio,52851,,"Struttura residenziale collettiva (es.: collegi e convitti, educandati, ricoveri, orfanotrofi, ospizi, conventi, seminari)",Via Fondaco a Palazzo Reale 3
221393,edificio,29826,,Ufficio strutturato ed assimilabili,Via Malaspina 27
221394,edificio,29826,,Ufficio strutturato ed assimilabili,Via Malaspina 27
221395,edificio,29826,,Ufficio strutturato ed assimilabili,Via Malaspina 27
221396,edificio,29826,,Ufficio strutturato ed assimilabili,Via Malaspina 27
221437,edificio,16233,,Abitazione,Via elia crisafulli 11
243470,edificio,54824,,"Teatro, cinematografo, struttura per concerti e spettacoli e assimilabili",Piazza Verdi snc
330047,edificio,49736,,Abitazione,Via Argento Giovanni 36
330049,edificio,49736,,Abitazione,Via Enrico Toti 85
330826,edificio,58340,,Abitazione,Via Padre Giuseppe Puglisi 14
330827,edificio,58340,,Abitazione,Via Padre Giuseppe Puglisi 14
330828,edificio,58340,,Abitazione,Via Padre Giuseppe Puglisi 14
330829,edificio,58340,,Abitazione,Via Padre Giuseppe Puglisi 14
330831,edificio,58340,,"Cantina, soffitta, rimessa, box, garage, posto auto aperto/scoperto,…",Via Padre Giuseppe Puglisi 2
330837,edificio,29527,,Magazzino e locali di deposito,Via Vito la Mantia 35
406482,edificio,43717,,Abitazione,Via Portella Ginestra 25
406483,edificio,43717,,Abitazione,Via Portella Ginestra 25
406493,edificio,15250,,Magazzino e locali di deposito,Via Francesco Baiardi 27
406494,edificio,15250,,Magazzino e locali di deposito,Via Francesco Baiardi 29
406495,edificio,15250,,Magazzino e locali di deposito,Via Francesco Baiardi 31
406514,edificio,24059,,Ufficio strutturato ed assimilabili,Via Beato Angelico 53
406515,edificio,24059,,Ufficio strutturato ed assimilabili,Via Beato Angelico 53
406516,edificio,24059,,Ufficio strutturato ed assimilabili,Via Beato Angelico 53
406534,edificio,73553,,Magazzino e locali di deposito,Via Gerardo Astorino 6
406536,edificio,73553,,Abitazione,Via Gerardo Astorino 8
465979,edificio,57516,,Ufficio strutturato ed assimilabili,Via IV Aprile 6
465980,edificio,57516,,Ufficio strutturato ed assimilabili,Vicolo Palagonia All'Alloro 12
466004,edificio,57609,,Magazzino e locali di deposito,Via Spadaro 15
528805,edificio,27714,,Magazzino e locali di deposito,Via Mariano Bonincontro 39
528806,edificio,27714,,Magazzino e locali di deposito,Via Mariano Bonincontro 41
528807,edificio,27714,,Magazzino e locali di deposito,Via Mariano Bonincontro 45
529337,edificio,54942,,Magazzino e locali di deposito,Via Maqueda 326
529338,edificio,54942,,Magazzino e locali di deposito,Via Maqueda 304
529339,edificio,54942,,Magazzino e locali di deposito,Via Maqueda 310
529340,edificio,54942,,Magazzino e locali di deposito,Via Maqueda 328
529341,edificio,54942,,Magazzino e locali di deposito,Via Maqueda 328
564269,edificio,49082,,Magazzino e locali di deposito,Via Venezia 55
564270,edificio,49082,,Magazzino e locali di deposito,Via Venezia 55
630630,edificio,40304,,Abitazione,Via Oreto 315
630631,edificio,40304,,Abitazione,Via Campisi Giovanni 10
630632,edificio,40304,,Abitazione,Via Campisi Giovanni 10
630666,edificio,50879,,Abitazione,Via Oreto 313
630667,edificio,50879,,Abitazione,Via Campisi Giovanni 2
630668,edificio,50879,,Abitazione,Via Campisi Giovanni 2
630669,edificio,50879,,Abitazione,Via Campisi Giovanni 4
630670,edificio,50879,,Abitazione,Via Campisi Giovanni 4
630671,edificio,50879,,Abitazione,Via Campisi Giovanni 6
630672,edificio,50879,,Abitazione,Via Oreto 313
630673,edificio,50879,,Abitazione,Via Campisi Giovanni 6
630794,edificio,19668,,Abitazione,Via Gaetano Mosca 26
630795,edificio,19668,,Abitazione,Via Gaetano Mosca 26
630796,edificio,19668,,Abitazione,Via Gaetano Mosca 26
630797,edificio,19668,,Abitazione,Via Gaetano Mosca 26
630798,edificio,19668,,Abitazione,Via Gaetano Mosca 26
630799,edificio,19668,,Abitazione,Via Gaetano Mosca 26
630800,edificio,19668,,Abitazione,Via Gaetano Mosca 26
630801,edificio,19668,,Abitazione,Via Gaetano Mosca 26
630802,edificio,19668,,Abitazione,Via Gaetano Mosca 26
630803,edificio,19668,,Abitazione,Via Gaetano Mosca 26
630804,edificio,19668,,Abitazione,Via Gaetano Mosca 26
630805,edificio,19668,,Abitazione,Via Gaetano Mosca 26
630825,edificio,19668,,Abitazione,Via Gaetano Mosca 26
630826,edificio,19668,,Abitazione,Via Gaetano Mosca 26
630827,edificio,19668,,Abitazione,Via Gaetano Mosca 26
630828,edificio,19668,,Abitazione,Via Gaetano Mosca 26
630829,edificio,19668,,Abitazione,Via Gaetano Mosca 26
630830,edificio,19668,,Abitazione,Via Gaetano Mosca 26
630831,edificio,19668,,Abitazione,Via Gaetano Mosca 26
630832,edificio,19668,,Parcheggio collettivo,Via Gaetano Mosca 28
630833,edificio,19668,,Abitazione,Via Gaetano Mosca 26
631036,edificio,57379,,Abitazione,Piazza Cassarelli 13
631054,edificio,43014,,Abitazione,Piazza Giuseppe Bandi 1
631055,edificio,43014,,Abitazione,Piazza Giuseppe Bandi 1
631056,edificio,43014,,Abitazione,Piazza Giuseppe Bandi 1
631112,edificio,29607,,Ufficio strutturato ed assimilabili,Via Pietro D'Asaro 13
631114,edificio,29607,,Ufficio strutturato ed assimilabili,Via Pietro D'Asaro 13
631115,edificio,29607,,Ufficio strutturato ed assimilabili,Via Pietro D'Asaro 13
631305,edificio,95952,,Abitazione,Via don orione 18
631520,edificio,50899,,Abitazione,Via Buonriposo 53
631521,edificio,50899,,"Cantina, soffitta, rimessa, box, garage, posto auto aperto/scoperto,…",Via la Colla Francesco 46
631522,edificio,50899,,"Cantina, soffitta, rimessa, box, garage, posto auto aperto/scoperto,…",Via la Colla Francesco 46
631523,edificio,50899,,"Cantina, soffitta, rimessa, box, garage, posto auto aperto/scoperto,…",Via la Colla Francesco 46
631524,edificio,50899,,"Cantina, soffitta, rimessa, box, garage, posto auto aperto/scoperto,…",Via la Colla Francesco 46
631525,edificio,50899,,"Cantina, soffitta, rimessa, box, garage, posto auto aperto/scoperto,…",Via la Colla Francesco 46
631526,edificio,50899,,"Cantina, soffitta, rimessa, box, garage, posto auto aperto/scoperto,…",Via la Colla Francesco 46
631527,edificio,50899,,"Cantina, soffitta, rimessa, box, garage, posto auto aperto/scoperto,…",Via la Colla Francesco 46
631528,edificio,50899,,"Cantina, soffitta, rimessa, box, garage, posto auto aperto/scoperto,…",Via la Colla Francesco 46
631529,edificio,50899,,"Cantina, soffitta, rimessa, box, garage, posto auto aperto/scoperto,…",Via la Colla Francesco 46
631530,edificio,50899,,"Cantina, soffitta, rimessa, box, garage, posto auto aperto/scoperto,…",Via la Colla Francesco 46
631531,edificio,50899,,"Cantina, soffitta, rimessa, box, garage, posto auto aperto/scoperto,…",Via la Colla Francesco 46
631532,edificio,50899,,"Cantina, soffitta, rimessa, box, garage, posto auto aperto/scoperto,…",Via la Colla Francesco 80
631533,edificio,50899,,"Cantina, soffitta, rimessa, box, garage, posto auto aperto/scoperto,…",Via la Colla Francesco 80
631534,edificio,50899,,"Cantina, soffitta, rimessa, box, garage, posto auto aperto/scoperto,…",Via la Colla Francesco 80
631535,edificio,50899,,"Cantina, soffitta, rimessa, box, garage, posto auto aperto/scoperto,…",Via la Colla Francesco 80
631536,edificio,50899,,"Cantina, soffitta, rimessa, box, garage, posto auto aperto/scoperto,…",Via la Colla Francesco 80
631537,edificio,50899,,"Cantina, soffitta, rimessa, box, garage, posto auto aperto/scoperto,…",Via la Colla Francesco 80
631538,edificio,50899,,"Cantina, soffitta, rimessa, box, garage, posto auto aperto/scoperto,…",Via la Colla Francesco 80
631539,edificio,50899,,"Cantina, soffitta, rimessa, box, garage, posto auto aperto/scoperto,…",Via la Colla Francesco 80
631540,edificio,50899,,"Cantina, soffitta, rimessa, box, garage, posto auto aperto/scoperto,…",Via la Colla Francesco 80
631541,edificio,50899,,Magazzino e locali di deposito,Via la Colla Francesco 80
631542,edificio,50899,,"Teatro, cinematografo, struttura per concerti e spettacoli e assimilabili",Via la Colla Francesco 56
631544,edificio,50899,,Abitazione,Via la Colla Francesco 80
631545,edificio,50899,,"Cantina, soffitta, rimessa, box, garage, posto auto aperto/scoperto,…",Via la Colla Francesco 80
631546,edificio,50899,,Abitazione,Via la Colla Francesco 80
631779,edificio,43693,,Abitazione,Via Albricci Alberigo Generale 44
631780,edificio,43693,,Abitazione,Via luigi galvani 64
631782,edificio,43693,,Abitazione,Via luigi galvani 64
631783,edificio,43693,,Magazzino e locali di deposito,Via luigi galvani 64
632056,edificio,59407,,"Fabbricato per attività produttiva (industriale, artigianale o agricola)",Via Carducci Giosue' 4
895174,edificio,34541,,Abitazione,Via Gregorio Ugdulena 10
895175,edificio,69447,,Abitazione,Piazza Leoni 76
895176,edificio,69758,,Magazzino e locali di deposito,Via Ciullo D'Alcamo 6
895177,edificio,69758,,Magazzino e locali di deposito,Via Ciullo D'Alcamo 6
895178,edificio,69758,,Magazzino e locali di deposito,Via Ciullo D'Alcamo 6
895179,edificio,69758,,Magazzino e locali di deposito,Via Ciullo D'Alcamo 6
895180,edificio,69758,,Magazzino e locali di deposito,Via Ciullo D'Alcamo 6
895181,edificio,69758,,Magazzino e locali di deposito,Via Ciullo D'Alcamo 6
895182,edificio,69758,,Magazzino e locali di deposito,Via Ciullo D'Alcamo 6
895184,edificio,86957,,Abitazione,Via Chirone 33
895185,edificio,86620,,"Cantina, soffitta, rimessa, box, garage, posto auto aperto/scoperto,…",Via Ifigenia 17
895186,edificio,86620,,"Cantina, soffitta, rimessa, box, garage, posto auto aperto/scoperto,…",Via Ifigenia 11
895187,edificio,87989,,"Cantina, soffitta, rimessa, box, garage, posto auto aperto/scoperto,…",Via Ifigenia 12
895188,edificio,86413,,Abitazione,Via Timeo 92
895189,edificio,88023,,Abitazione,Via Doride 1
895190,edificio,88023,,Abitazione,Via Doride 1
895191,edificio,88023,,Magazzino e locali di deposito,Via Doride 1
895192,edificio,86663,,Abitazione,Via Atlante 9
895195,edificio,93785,,Magazzino e locali di deposito,VIA TOLOMEA S.N.C.
895196,edificio,93785,,Abitazione,VIA TOLOMEA S.N.C.
895197,edificio,93785,,Abitazione,VIA TOLOMEA S.N.C.
895198,edificio,93785,,Abitazione,VIA TOLOMEA S.N.C.
895199,edificio,85458,,Abitazione,Via delle Nereidi 42
895200,edificio,77288,,Abitazione,Via Castelforte 5
895203,edificio,77288,,Abitazione,Via Castelforte 5
895204,edificio,77288,,Abitazione,Via Castelforte 5
895205,edificio,77288,,Abitazione,Via Castelforte 5
895206,edificio,77288,,Abitazione,Via Castelforte 5
895207,edificio,77288,,Abitazione,Via Castelforte 5
895210,edificio,77288,,"Cantina, soffitta, rimessa, box, garage, posto auto aperto/scoperto,…",Via Castelforte 5
895211,edificio,77288,,"Cantina, soffitta, rimessa, box, garage, posto auto aperto/scoperto,…",Via Castelforte 5
895212,edificio,82422,,Abitazione,Via Eufrosine 15
895213,edificio,82422,,Abitazione,Via Eufrosine 14
895214,edificio,81468,,Abitazione,Via Sferracavallo 198
895215,edificio,81507,,Abitazione,Via Terenzio Publio 29
895216,edificio,81507,,Abitazione,Via Terenzio Publio 29
895217,edificio,80382,,Abitazione,Via Giovanni Guareschi 2
895218,edificio,108962,,Magazzino e locali di deposito,Via Zenone 1
895219,edificio,83267,,Abitazione,Via Schillaci 53
895220,edificio,81180,,Abitazione,Via Platone 18
895223,edificio,81180,,Abitazione,Via Platone 18
895224,edificio,81180,,Abitazione,Via Platone 18
895225,edificio,81180,,Abitazione,Via Platone 18
895226,edificio,79586,,Abitazione,Via caduti sul lavoro 58
895227,edificio,79586,,Abitazione,Via caduti sul lavoro 58
895228,edificio,79586,,Abitazione,Via caduti sul lavoro 58
895229,edificio,79586,,Abitazione,Via caduti sul lavoro 58
895230,edificio,79586,,Abitazione,Via caduti sul lavoro 58
895231,edificio,79586,,Abitazione,Via caduti sul lavoro 58
895232,edificio,79586,,Abitazione,Via caduti sul lavoro 58
895233,edificio,79586,,Abitazione,Via caduti sul lavoro 58
895234,edificio,79586,,Abitazione,Via caduti sul lavoro 58
895235,edificio,79586,,Abitazione,Via caduti sul lavoro 58
895236,edificio,79586,,Abitazione,Via caduti sul lavoro 70
895237,edificio,79586,,Abitazione,Via caduti sul lavoro 70
895238,edificio,79586,,Abitazione,Via caduti sul lavoro 70
895239,edificio,79586,,Abitazione,Via caduti sul lavoro 70
895240,edificio,79586,,Abitazione,Via caduti sul lavoro 70
895241,edificio,79586,,Abitazione,Via caduti sul lavoro 70
895242,edificio,79586,,Abitazione,Via caduti sul lavoro 76
895243,edificio,79586,,Abitazione,Via caduti sul lavoro 76
895244,edificio,79586,,Abitazione,Via caduti sul lavoro 76
895245,edificio,79586,,Abitazione,Via caduti sul lavoro 76
895246,edificio,79586,,Abitazione,Via caduti sul lavoro 76
895247,edificio,79586,,Abitazione,Via caduti sul lavoro 76
895248,edificio,79586,,Abitazione,Via caduti sul lavoro 76
895249,edificio,79586,,Abitazione,Via caduti sul lavoro 58
895250,edificio,80382,,Abitazione,Via guerrini olindo 12
895251,edificio,80382,,Abitazione,Via guerrini olindo 12
895252,edificio,80382,,Abitazione,Via guerrini olindo 12
895253,edificio,80382,,Abitazione,Via guerrini olindo 12
895254,edificio,80382,,Abitazione,Via guerrini olindo 12
895255,edificio,80382,,Abitazione,Via guerrini olindo 12
895256,edificio,80382,,Abitazione,Via guerrini olindo 12
895257,edificio,80382,,Abitazione,Via guerrini olindo 18
895258,edificio,80382,,Abitazione,Via guerrini olindo 18
895259,edificio,80382,,Abitazione,Via guerrini olindo 18
895260,edificio,80382,,Abitazione,Via guerrini olindo 18
895261,edificio,80382,,Abitazione,Via guerrini olindo 18
895262,edificio,80382,,Abitazione,Via guerrini olindo 28
895263,edificio,80382,,Abitazione,Via guerrini olindo 28
895264,edificio,80382,,Abitazione,Via guerrini olindo 28
895265,edificio,80382,,Abitazione,Via guerrini olindo 28
895266,edificio,80382,,Abitazione,Via guerrini olindo 28
895267,edificio,80382,,Abitazione,Via guerrini olindo 28
895268,edificio,80382,,Abitazione,Via guerrini olindo 2
895269,edificio,80382,,Abitazione,Via guerrini olindo 2
895270,edificio,80382,,Abitazione,Via guerrini olindo 2
895271,edificio,80382,,Abitazione,Via guerrini olindo 2
895272,edificio,80382,,Abitazione,Via guerrini olindo 2
895273,edificio,80382,,Abitazione,Via guerrini olindo 2
895274,edificio,80382,,Abitazione,Via guerrini olindo 2
895275,edificio,80382,,Abitazione,Via guerrini olindo 2
895276,edificio,80382,,Abitazione,Via guerrini olindo 2
895277,edificio,80382,,Abitazione,Via guerrini olindo 2
895278,edificio,80382,,Abitazione,Via guerrini olindo 12
895279,edificio,80382,,Abitazione,Via guerrini olindo 12
895280,edificio,80182,,Abitazione,Via caduti sul lavoro 86
895281,edificio,80182,,Abitazione,Via caduti sul lavoro 86
895282,edificio,80182,,Abitazione,Via caduti sul lavoro 86
895283,edificio,80182,,Abitazione,Via caduti sul lavoro 86
895284,edificio,80182,,Abitazione,Via caduti sul lavoro 86
895285,edificio,80182,,Abitazione,Via caduti sul lavoro 86
895286,edificio,80182,,Abitazione,Via caduti sul lavoro 86
895287,edificio,80182,,Abitazione,Via caduti sul lavoro 86
895288,edificio,80182,,Abitazione,Via caduti sul lavoro 86
895289,edificio,80182,,Abitazione,Via caduti sul lavoro 86
895290,edificio,80182,,Abitazione,Via caduti sul lavoro 86
895291,edificio,80182,,Abitazione,Via caduti sul lavoro 86
895292,edificio,80182,,Abitazione,Via caduti sul lavoro 86
895293,edificio,80182,,Abitazione,Via caduti sul lavoro 86
895294,edificio,80208,,Abitazione,Via salgari emilio 75
895295,edificio,80166,,Abitazione,Via salgari emilio 75
895296,edificio,80166,,Abitazione,Via salgari emilio 75
895297,edificio,80166,,Abitazione,Via salgari emilio 75
895298,edificio,80166,,Abitazione,Via salgari emilio 75
895299,edificio,80382,,Abitazione,Via verne giulio 2
895300,edificio,80382,,Abitazione,Via verne giulio 4
895301,edificio,80382,,Abitazione,Via verne giulio 4
895302,edificio,80382,,Abitazione,Via verne giulio 4
895303,edificio,80382,,Abitazione,Via verne giulio 4
895304,edificio,80382,,Abitazione,Via verne giulio 6
895305,edificio,80382,,Abitazione,Via verne giulio 2
895306,edificio,80382,,Abitazione,Via verne giulio 6
895307,edificio,80382,,Abitazione,Via verne giulio 2
895308,edificio,80382,,Abitazione,Via verne giulio 6
895309,edificio,80382,,Abitazione,Via verne giulio 8
895310,edificio,80382,,Abitazione,Via verne giulio 8
895311,edificio,80382,,Abitazione,Via verne giulio 8
895312,edificio,80382,,Abitazione,Via verne giulio 2
895314,edificio,63876,,Abitazione,VIA MONTE BIANCO S.N.C.
895315,edificio,63876,,Abitazione,VIA MONTE BIANCO S.N.C.
895316,edificio,80382,,"Cantina, soffitta, rimessa, box, garage, posto auto aperto/scoperto,…",Via Partanna Mondello 25
895317,edificio,80464,,Abitazione,Via caduti sul lavoro 24
895318,edificio,106747,,Abitazione,Via Giuseppe la Mantia 9
895319,edificio,74395,,Abitazione,Via Villa Cardillo 10
895320,edificio,74395,,Abitazione,Via Villa Cardillo 10
895321,edificio,74395,,Abitazione,Via Villa Cardillo 10
895322,edificio,74395,,Abitazione,Via Villa Cardillo 10
895323,edificio,64363,,Magazzino e locali di deposito,Via Tommaso Natale 73
895324,edificio,63924,,Abitazione,Via Monte Rosa 7
895325,edificio,63924,,Abitazione,Via Monte Rosa 7
895326,edificio,80631,,Abitazione,Via spina santa 170
895327,edificio,80631,,Abitazione,Via spina santa 170
895328,edificio,80631,,Abitazione,Via spina santa 170
895329,edificio,80631,,"Cantina, soffitta, rimessa, box, garage, posto auto aperto/scoperto,…",Via spina santa 170
895330,edificio,80207,,"Cantina, soffitta, rimessa, box, garage, posto auto aperto/scoperto,…",Via lorenzini carlo collodi 4
895331,edificio,80207,,Abitazione,Via lorenzini carlo collodi 4
895332,edificio,80207,,Abitazione,Via lorenzini carlo collodi 4
895333,edificio,80207,,Abitazione,Via lorenzini carlo collodi 4
895334,edificio,80207,,Abitazione,Via lorenzini carlo collodi 4
895335,edificio,80207,,Abitazione,Via lorenzini carlo collodi 4
895336,edificio,80207,,Abitazione,Via lorenzini carlo collodi 4
895337,edificio,80207,,Abitazione,Via lorenzini carlo collodi 4
895338,edificio,80207,,Abitazione,Via lorenzini carlo collodi 4
895339,edificio,80207,,Abitazione,Via lorenzini carlo collodi 4
895340,edificio,80207,,Abitazione,Via lorenzini carlo collodi 4
895341,edificio,80207,,Abitazione,Via lorenzini carlo collodi 4
895342,edificio,80207,,Abitazione,Via lorenzini carlo collodi 4
895343,edificio,80207,,Abitazione,Via lorenzini carlo collodi 4
895344,edificio,80207,,Abitazione,Via lorenzini carlo collodi 4
895345,edificio,80207,,Abitazione,Via lorenzini carlo collodi 4
895346,edificio,80207,,Abitazione,Via lorenzini carlo collodi 4
895347,edificio,80207,,Abitazione,Via lorenzini carlo collodi 4
895348,edificio,80207,,Abitazione,Via lorenzini carlo collodi 4
895349,edificio,80207,,Abitazione,Via lorenzini carlo collodi 4
895350,edificio,80207,,Abitazione,Via lorenzini carlo collodi 4
895351,edificio,80207,,Abitazione,Via lorenzini carlo collodi 4
895352,edificio,80207,,Abitazione,Via lorenzini carlo collodi 4
895353,edificio,80207,,Abitazione,Via lorenzini carlo collodi 4
895354,edificio,80207,,Abitazione,Via lorenzini carlo collodi 4
895355,edificio,80207,,Abitazione,Via lorenzini carlo collodi 4
895356,edificio,80207,,Abitazione,Via lorenzini carlo collodi 4
895357,edificio,80207,,Abitazione,Via lorenzini carlo collodi 4
895358,edificio,80207,,Abitazione,Via lorenzini carlo collodi 4
895359,edificio,80207,,Abitazione,Via lorenzini carlo collodi 4
895360,edificio,80207,,Abitazione,Via lorenzini carlo collodi 4
895361,edificio,80207,,Abitazione,Via lorenzini carlo collodi 4
895362,edificio,80207,,Abitazione,Via lorenzini carlo collodi 4
895363,edificio,80207,,Abitazione,Via lorenzini carlo collodi 4
895364,edificio,80207,,Abitazione,Via lorenzini carlo collodi 4
895365,edificio,80207,,Abitazione,Via lorenzini carlo collodi 4
895366,edificio,80207,,Abitazione,Via Carlo Lorenzini Collodi 4
895367,edificio,80207,,Abitazione,Via lorenzini carlo collodi 4
895368,edificio,80207,,Abitazione,Via lorenzini carlo collodi 4
895369,edificio,80207,,Abitazione,Via lorenzini carlo collodi 4
895370,edificio,80207,,Abitazione,Via lorenzini carlo collodi 4
895371,edificio,80207,,Abitazione,Via lorenzini carlo collodi 4
895372,edificio,80207,,Abitazione,Via lorenzini carlo collodi 4
895373,edificio,80207,,Abitazione,Via lorenzini carlo collodi 4
895374,edificio,80207,,Abitazione,Via lorenzini carlo collodi 4
895375,edificio,80207,,Abitazione,Via Carlo Lorenzini Collodi 4
895376,edificio,80991,,Abitazione,Piazza rossi 28
895377,edificio,80174,,Abitazione,Via salgari emilio 69
895378,edificio,80174,,Abitazione,Via salgari emilio 69
895379,edificio,80174,,Abitazione,Via salgari emilio 69
895380,edificio,80174,,Abitazione,Via salgari emilio 69
895381,edificio,80174,,Abitazione,Via salgari emilio 69
895382,edificio,80174,,Abitazione,Via salgari emilio 69
895383,edificio,80174,,Abitazione,Via salgari emilio 69
895384,edificio,80174,,Abitazione,Via salgari emilio 69
895385,edificio,80174,,Abitazione,Via salgari emilio 69
895386,edificio,80174,,Abitazione,Via salgari emilio 69
895387,edificio,80174,,Abitazione,Via salgari emilio 69
895388,edificio,80174,,Abitazione,Via salgari emilio 69
895389,edificio,80174,,Abitazione,Via salgari emilio 69
895390,edificio,80174,,Abitazione,Via salgari emilio 69
895391,edificio,80174,,Abitazione,Via salgari emilio 69
895392,edificio,80174,,Abitazione,Via salgari emilio 69
895393,edificio,80174,,Abitazione,Via salgari emilio 69
895394,edificio,80174,,Abitazione,Via salgari emilio 69
895395,edificio,80174,,Abitazione,Via salgari emilio 69
895396,edificio,80174,,Abitazione,Via salgari emilio 69
895397,edificio,80174,,Abitazione,Via salgari emilio 69
895398,edificio,80464,,Abitazione,Via calcante 29
895399,edificio,80464,,Abitazione,Via calcante 29
895400,edificio,80464,,Abitazione,Via calcante 29
895401,edificio,80464,,Abitazione,Via calcante 29
895402,edificio,80464,,Abitazione,Via calcante 29
895403,edificio,80464,,Abitazione,Via Calcante 29
895404,edificio,80464,,Abitazione,Via calcante 29
895405,edificio,80464,,Abitazione,Via calcante 29
895406,edificio,80464,,Abitazione,Via calcante 29
895407,edificio,80464,,Abitazione,Via calcante 29
895408,edificio,80464,,Abitazione,Via calcante 29
895409,edificio,80464,,Abitazione,Via calcante 29
895410,edificio,80464,,Abitazione,Via calcante 29
895411,edificio,80464,,Abitazione,Via calcante 29
895412,edificio,80464,,Abitazione,Via calcante 29
895413,edificio,80598,,Abitazione,Via calcante 29
895414,edificio,80382,,Abitazione,Via verne giulio 9
895415,edificio,80382,,Abitazione,Via verne giulio 9
895416,edificio,80382,,Abitazione,Via verne giulio 9
895417,edificio,80382,,Abitazione,Via verne giulio 9
895418,edificio,80382,,Abitazione,Via verne giulio 9
895419,edificio,80382,,Abitazione,Via verne giulio 9
895420,edificio,80382,,Abitazione,Via verne giulio 9
895421,edificio,80382,,Abitazione,Via verne giulio 9
895422,edificio,80382,,Abitazione,Via verne giulio 7
895423,edificio,80382,,Abitazione,Via verne giulio 9
895424,edificio,80382,,Abitazione,Via verne giulio 7
895425,edificio,80382,,Abitazione,Via verne giulio 7
895426,edificio,80382,,Abitazione,Via verne giulio 7
895427,edificio,80382,,Abitazione,Via verne giulio 7
895428,edificio,80382,,Abitazione,Via verne giulio 7
895429,edificio,80382,,Abitazione,Via verne giulio 9
895430,edificio,80382,,Abitazione,Via verne giulio 7
895431,edificio,80382,,Abitazione,Via verne giulio 7
895432,edificio,80382,,Abitazione,Via verne giulio 5
895433,edificio,80382,,Abitazione,Via verne giulio 5
895434,edificio,80382,,Abitazione,Via verne giulio 5
895435,edificio,80382,,Abitazione,Via verne giulio 9
895436,edificio,80382,,Abitazione,Via verne giulio 5
895437,edificio,80382,,Abitazione,Via verne giulio 5
895438,edificio,80382,,Abitazione,Via verne giulio 5
895439,edificio,80382,,Abitazione,Via verne giulio 5
895440,edificio,80382,,Abitazione,Via verne giulio 5
895441,edificio,80382,,Abitazione,Via verne giulio 9
895442,edificio,80382,,Abitazione,Via verne giulio 3
895443,edificio,80382,,Abitazione,Via verne giulio 3
895444,edificio,80382,,Abitazione,Via verne giulio 3
895445,edificio,80382,,Abitazione,Via verne giulio 3
895446,edificio,80382,,Abitazione,Via verne giulio 3
895447,edificio,80382,,Abitazione,Via verne giulio 3
895448,edificio,80382,,Abitazione,Via verne giulio 3
895449,edificio,80382,,Abitazione,Via verne giulio 3
895450,edificio,80382,,Abitazione,Via verne giulio 3
895451,edificio,80382,,Abitazione,Via verne giulio 9
895452,edificio,80382,,Abitazione,Via verne giulio 3
895453,edificio,80382,,Abitazione,Via verne giulio 3
895454,edificio,80382,,Abitazione,Via verne giulio 3
895455,edificio,80382,,Abitazione,Via verne giulio 3
895456,edificio,80382,,Abitazione,Via verne giulio 3
895457,edificio,80382,,Abitazione,Via verne giulio 3
895458,edificio,80382,,Abitazione,Via verne giulio 9
895459,edificio,80382,,Abitazione,Via verne giulio 9
895460,edificio,80382,,Abitazione,Via verne giulio 9
895461,edificio,75111,,Magazzino e locali di deposito,Via besta fabio 36/A
895462,edificio,75111,,Abitazione,Via besta fabio 36/A
895463,edificio,75111,,Abitazione,Via besta fabio 36/A
895464,edificio,80908,,Abitazione,VIA DEI FRISCALETTARI S.N.C.
895465,edificio,107681,,Abitazione,Via Fabio Besta 37
895466,edificio,79218,,Magazzino e locali di deposito,VIA LUOGHICELLI S.N.C.
895470,edificio,63931,,Abitazione,Via Monte Bianco 31
895471,edificio,63931,,Abitazione,Via Monte Bianco 31
895473,edificio,109755,,Abitazione,Via Monte Bianco 43
895474,edificio,109755,,Abitazione,Via Monte Bianco 43
895475,edificio,109755,,Magazzino e locali di deposito,Via Monte Bianco 43
895476,edificio,79191,,Abitazione,Via Luoghicelli 67
895478,edificio,73322,,Abitazione,Piazza San Lorenzo 25
895479,edificio,73322,,Abitazione,Piazza San Lorenzo 25
895480,edificio,73322,,Abitazione,Via Nuova 7
895481,edificio,78364,,"Cantina, soffitta, rimessa, box, garage, posto auto aperto/scoperto,…",Via Dietro La Parrocchia 66
895483,edificio,72585,,Abitazione,Via Domenico lo Faso 23
895484,edificio,72585,,Magazzino e locali di deposito,Via Domenico lo Faso 23
895485,edificio,72585,,Magazzino e locali di deposito,Via Domenico lo Faso 23
895486,edificio,66753,,Abitazione,Via Inserra 34
895487,edificio,66753,,Abitazione,Via Inserra 34
895488,edificio,66753,,Magazzino e locali di deposito,Via Inserra 34
895489,edificio,66753,,Magazzino e locali di deposito,Via Inserra 34
895490,edificio,66753,,Magazzino e locali di deposito,Via Inserra 34
895491,edificio,7196,,Abitazione,Viale della Regione Siciliana Nord Ovest 2280
895492,edificio,65206,,Abitazione,Via Giovanni Salemi 21
895493,edificio,65206,,Abitazione,Via Giovanni Salemi 21
895494,edificio,65206,,Abitazione,Via Giovanni Salemi 21
895497,edificio,70606,,Magazzino e locali di deposito,Via Belgio 4
895498,edificio,66322,,Abitazione,Via Enrico Parisi 22
895499,edificio,66322,,Abitazione,Via Enrico Parisi 22
895500,edificio,66322,,Abitazione,Via Enrico Parisi 22
895501,edificio,66322,,Abitazione,Via Enrico Parisi 22
895502,edificio,65864,,Magazzino e locali di deposito,Via Pietro Perricone 27
895503,edificio,100650,,Abitazione,VIA CASUZZE ALL'INSERRA S.N.C.
895504,edificio,63707,,Abitazione,VIA CASUZZE ALL'INSERRA S.N.C.
895505,edificio,63707,,Abitazione,VIA CASUZZE ALL'INSERRA S.N.C.
895506,edificio,74319,,Abitazione,Via San Lorenzo 364
895507,edificio,74319,,Abitazione,Via San Lorenzo 380
895508,edificio,74319,,Abitazione,Via San Lorenzo 380
895509,edificio,74319,,Abitazione,Via San Lorenzo 394
895510,edificio,75332,,Abitazione,Via Patti 5
895511,edificio,75332,,Abitazione,Via Patti 5
895512,edificio,73764,,Abitazione,Via Giuseppe Lanza di Scalea 530
895513,edificio,73764,,Magazzino e locali di deposito,Via Giuseppe Lanza di Scalea 530
895514,edificio,69226,,Magazzino e locali di deposito,Via A. De Gasperi 68
895515,edificio,71972,,Abitazione,Via Umberto Boccioni 222
895516,edificio,71972,,Ufficio strutturato ed assimilabili,Via Umberto Boccioni 222
895517,edificio,71972,,Abitazione,Via Umberto Boccioni 222
895518,edificio,71972,,Abitazione,Via Umberto Boccioni 222
895519,edificio,71972,,Abitazione,Via Umberto Boccioni 224
895520,edificio,71972,,Abitazione,Via Umberto Boccioni 222
895521,edificio,71972,,Abitazione,Via Umberto Boccioni 222
895522,edificio,71972,,Abitazione,Via Umberto Boccioni 224
895523,edificio,71974,,Abitazione,Viale della Croce Rossa 206
895524,edificio,71974,,Abitazione,Viale della Croce Rossa 206
895525,edificio,71974,,Abitazione,Viale della Croce Rossa 206
895526,edificio,71974,,Abitazione,Viale della Croce Rossa 206
895527,edificio,71974,,Abitazione,Viale della Croce Rossa 206
895528,edificio,71974,,Abitazione,Viale della Croce Rossa 206
895529,edificio,71974,,Abitazione,Viale della Croce Rossa 206
895530,edificio,71974,,Abitazione,Viale della Croce Rossa 206
895531,edificio,68019,,Abitazione,Vicolo Pantelleria 10
895532,edificio,68020,,Abitazione,Vicolo Pantelleria 10
895533,edificio,41398,,"Cantina, soffitta, rimessa, box, garage, posto auto aperto/scoperto,…",Via Oreto 463
895534,edificio,41398,,Abitazione,Viale Regione Siciliana 4890
895535,edificio,41398,,"Cantina, soffitta, rimessa, box, garage, posto auto aperto/scoperto,…",Viale Regione Siciliana 4890
895536,edificio,73113,,Magazzino e locali di deposito,Via Ugo La Malfa 64
895537,edificio,72878,,Abitazione,Via Ugo la Malfa 70
895538,edificio,4247,,Abitazione,Via Villa Maio 10
895539,edificio,78681,,Abitazione,Via Marinai Alliata 4
895540,edificio,78681,,"Cantina, soffitta, rimessa, box, garage, posto auto aperto/scoperto,…",Via Marinai Alliata 4
895541,edificio,73856,,Abitazione,Via Florio 99
895542,edificio,73185,,Magazzino e locali di deposito,Largo Strasburgo 16
895543,edificio,74618,,Abitazione,Via Giovanni Battista Sant'angelo 24
895544,edificio,74618,,Abitazione,Via Giovanni Battista Sant'angelo 24
895545,edificio,74618,,Abitazione,Via Giovanni Battista Sant'angelo 24
895546,edificio,74618,,Abitazione,Via Giovanni Battista Sant'angelo 24
895547,edificio,74618,,Abitazione,Via Giovanni Battista Sant'angelo 24
895548,edificio,74618,,Abitazione,Via Giovanni Battista Sant'angelo 24
895549,edificio,75225,,Ufficio strutturato ed assimilabili,Via Eleonora Duse 15
895550,edificio,70872,,Magazzino e locali di deposito,Via Briuccia 86
895551,edificio,70537,,"Cantina, soffitta, rimessa, box, garage, posto auto aperto/scoperto,…",Via Monte San Calogero 3
895552,edificio,15417,,Magazzino e locali di deposito,Via Giuseppe Mulè 15
895553,edificio,15417,,Magazzino e locali di deposito,Via Giuseppe Mulè 17
895554,edificio,67165,,Abitazione,Viale Francia 2
895555,edificio,67165,,"Cantina, soffitta, rimessa, box, garage, posto auto aperto/scoperto,…",Viale Francia 2
895556,edificio,70994,,Magazzino e locali di deposito,Via Alcide De Gasperi 53
895557,edificio,70994,,"Cantina, soffitta, rimessa, box, garage, posto auto aperto/scoperto,…",Via Alcide De Gasperi 53
895558,edificio,70994,,Ufficio strutturato ed assimilabili,Via Alcide De Gasperi 53
895559,edificio,70247,,Abitazione,Viale del Fante 56
895560,edificio,70150,,"Cantina, soffitta, rimessa, box, garage, posto auto aperto/scoperto,…",Viale del Fante 54
895561,edificio,71204,,Abitazione,Via Donia Matteo 11
895562,edificio,70801,,Abitazione,Via Filippo Bartolino 27
895564,edificio,76114,,Abitazione,Via Trapani Pescia 77
895565,edificio,76114,,Abitazione,Via Trapani Pescia 77
895566,edificio,76114,,Abitazione,Via Trapani Pescia 77
895569,edificio,102101,,Abitazione,Via Eleonora de Fonseca Pimentel 17
895570,edificio,102101,,Abitazione,Via Eleonora de Fonseca Pimentel 17
895571,edificio,102101,,Abitazione,Via Eleonora de Fonseca Pimentel 17
895572,edificio,102101,,Abitazione,Via Eleonora de Fonseca Pimentel 17
895573,edificio,71837,,Abitazione,Via filippo di giovanni 34
895574,edificio,73908,,Abitazione,Viale della Resurrezione 94
895575,edificio,73908,,Abitazione,Viale della Resurrezione 94
895576,edificio,75399,,Abitazione,Via Beniamino Gigli 26
895577,edificio,75399,,Abitazione,Via Beniamino Gigli 26
895578,edificio,75399,,Abitazione,Via Beniamino Gigli 26
895579,edificio,75399,,Parcheggio collettivo,Via Beniamino Gigli 24
895580,edificio,75399,,"Cantina, soffitta, rimessa, box, garage, posto auto aperto/scoperto,…",Via Beniamino Gigli 24
895581,punto,,senza-edificio,Impianto sportivo,Viale del fante 9
895582,edificio,65877,,"Edificio scolastico (es.: scuola di ogni ordine e grado, università, scuola di formazione)",Via Inserra 1
895583,edificio,74108,,Abitazione,Viale Cottolengo 9
895584,edificio,74188,,Abitazione,Largo Trinacria 2
895585,edificio,74188,,Abitazione,Largo Trinacria 2
895586,edificio,74115,,Abitazione,Largo Trinacria 6
895587,edificio,74115,,Abitazione,Largo Trinacria 6
895588,edificio,74115,,Abitazione,Largo Trinacria 7
895589,edificio,74120,,Abitazione,Largo Trinacria 4
895590,edificio,76805,,Magazzino e locali di deposito,VIA SANTOSTEFANO FULCO 2
895591,edificio,76805,,Ufficio strutturato ed assimilabili,VIA SANTOSTEFANO FULCO 2
895592,edificio,70637,,Ufficio strutturato ed assimilabili,Via Olanda 40
895593,edificio,65775,,Abitazione,Via Mario Trapassi 5
895594,edificio,65775,,Abitazione,Via Mario Trapassi 5
895595,edificio,65775,,Abitazione,Via Mario Trapassi 5
895596,edificio,74124,,Abitazione,Via Frate Umile da Petralia 1
895597,edificio,74231,,Magazzino e locali di deposito,Viale della Resurrezione 42
895598,edificio,74231,,Magazzino e locali di deposito,Viale della Resurrezione 44
895599,edificio,74231,,Abitazione,Viale della Resurrezione 48
895600,edificio,74231,,Magazzino e locali di deposito,Viale della Resurrezione 46
895601,edificio,74231,,Magazzino e locali di deposito,Viale della Resurrezione 50
895602,edificio,74231,,Magazzino e locali di deposito,Viale della Resurrezione 40
895603,edificio,74185,,Magazzino e locali di deposito,Viale Cottolengo 10
895604,edificio,74185,,Magazzino e locali di deposito,Viale Cottolengo 14
895605,edificio,74185,,Magazzino e locali di deposito,Viale Cottolengo 18
895606,edificio,73852,,Abitazione,Viale Cottolengo 22
895607,edificio,73852,,Abitazione,Viale Cottolengo 26
895608,edificio,73852,,Abitazione,Viale Cottolengo 30
895609,edificio,73852,,Abitazione,Viale Cottolengo 38
895610,edificio,73969,,Abitazione,Largo Abate San Benedetto 7
895611,edificio,73969,,Abitazione,Largo Abate San Benedetto 12
895612,edificio,73969,,Abitazione,Largo Abate San Benedetto 12
895613,edificio,73969,,Abitazione,Largo Abate San Benedetto 9
895614,edificio,73982,,Abitazione,Viale Cottolengo 31
895615,edificio,73973,,Abitazione,Largo Abate San Benedetto 5
895616,edificio,73973,,Abitazione,Largo Abate San Benedetto 2
895617,edificio,81405,,Abitazione,Piazza Santi Cosma e Damiano 8
895618,edificio,73943,,Abitazione,Via Squarcialupo 1
895619,edificio,74200,,"Edificio scolastico (es.: scuola di ogni ordine e grado, università, scuola di formazione)",Piazza Contardo Ferrini 14
895620,edificio,76174,,Abitazione,Via Castelforte 78
895621,edificio,67805,,Abitazione,Via del Fondo 3
895622,edificio,78568,,Abitazione,Cortile dei Bovari 41
895623,edificio,100648,,Abitazione,FONDO CHIANAZZO S.N.C.
895627,edificio,66431,,Abitazione,Via Bruno Pontecorvo 32
895628,edificio,66431,,Magazzino e locali di deposito,Via Bruno Pontecorvo 32
895629,edificio,76170,,Magazzino e locali di deposito,Via Eleonora de Fonseca Pimentel 15
895630,edificio,76170,,Abitazione,Via Eleonora de Fonseca Pimentel 15
895631,edificio,76170,,Abitazione,Via Eleonora de Fonseca Pimentel 15
895632,edificio,76170,,Abitazione,Via Eleonora de Fonseca Pimentel 15
895633,edificio,77226,,"Cantina, soffitta, rimessa, box, garage, posto auto aperto/scoperto,…",Via Ammiraglio Cagni Umberto 61
895635,edificio,66426,,Abitazione,Via Bruno Pontecorvo 32
895636,edificio,66426,,Magazzino e locali di deposito,Via Bruno Pontecorvo 32
895637,edificio,68108,,Abitazione,Viale Strasburgo 440
895641,edificio,104258,,Abitazione,Via Gran Sasso 7
895642,edificio,104258,,Magazzino e locali di deposito,Via Gran Sasso 7
895644,edificio,66083,,Abitazione,Via Enrico Parisi 10
895645,edificio,66083,,Abitazione,Via Enrico Parisi 10
895646,edificio,66083,,Abitazione,Via Enrico Parisi 10
895647,edificio,63790,,Magazzino e locali di deposito,Via Gaetano Falzone 24
895648,edificio,24347,,Abitazione,Via Ragusa 2
895649,edificio,24347,,Abitazione,Via Ragusa 2
895650,edificio,24347,,Abitazione,Via Ragusa 2
895651,edificio,24347,,Abitazione,Via Ragusa 2
895652,edificio,24347,,Abitazione,Via Ragusa 2
895654,edificio,24347,,Abitazione,Via Ragusa 4
895655,edificio,24347,,Abitazione,Via Ragusa 4
895656,edificio,24347,,Abitazione,Via Ragusa 4
895657,edificio,24347,,Abitazione,Via Ragusa 4
895658,edificio,24347,,Abitazione,Via Ragusa 4
895659,edificio,24347,,Abitazione,Via Ragusa 4
895660,edificio,24347,,Abitazione,Via Ragusa 4
895661,edificio,24347,,Abitazione,Via Ragusa 4
895662,edificio,24347,,Abitazione,Via Ragusa 4
895663,edificio,24347,,Abitazione,Via Ragusa 4
895664,edificio,24347,,Abitazione,Via Ragusa 4
895665,edificio,24347,,Abitazione,Via Ragusa 4
895666,edificio,24347,,Abitazione,Via Ragusa 2
895667,edificio,24347,,Abitazione,Via Ragusa 6
895668,edificio,24347,,Abitazione,Via Ragusa 6
895669,edificio,24347,,Abitazione,Via Ragusa 6
895670,edificio,24347,,Abitazione,Via Ragusa 6
895671,edificio,24347,,Abitazione,Via Ragusa 2
895672,edificio,24347,,Abitazione,Via Ragusa 6
895673,edificio,24347,,Abitazione,Via Ragusa 6
895674,edificio,24347,,Abitazione,Via Ragusa 6
895675,edificio,24347,,Abitazione,Via Ragusa 2
895676,edificio,24347,,Abitazione,Via Ragusa 2
895677,edificio,24347,,Abitazione,Via Ragusa 2
895678,edificio,24347,,Abitazione,Via Ragusa 2
895679,edificio,24347,,Abitazione,Via Ragusa 2
895681,punto,,senza-edificio,Abitazione,Via Torre Ingastone 8
895682,punto,,senza-edificio,Magazzino e locali di deposito,Via Torre Ingastone 8
895683,edificio,29826,,"Cantina, soffitta, rimessa, box, garage, posto auto aperto/scoperto,…",Via Malaspina 19
895684,edificio,24053,,Magazzino e locali di deposito,Via Pozzo a Uditore 48
895685,edificio,24352,,Abitazione,Via Calandrucci Giacinto 8
895686,edificio,24352,,Abitazione,Via Calandrucci Giacinto 8
895687,edificio,24352,,Abitazione,Via Calandrucci Giacinto 8
895688,edificio,24352,,Abitazione,Via Calandrucci Giacinto 10
895689,edificio,24352,,Abitazione,Via Calandrucci Giacinto 10
895690,edificio,24352,,Abitazione,Via Calandrucci Giacinto 10
895691,edificio,24352,,Abitazione,Via Calandrucci Giacinto 10
895692,edificio,24352,,Abitazione,Via Calandrucci Giacinto 10
895693,edificio,24352,,Abitazione,Via Calandrucci Giacinto 10
895694,edificio,24352,,Abitazione,Via Giacinto Calandrucci 6
895695,edificio,24352,,Abitazione,Via Giacinto Calandrucci 6
895696,edificio,24352,,Abitazione,Via Giacinto Calandrucci 6
895697,edificio,24352,,Abitazione,Via Pietro dell'Aquila 1
895698,edificio,24352,,Abitazione,Via Pietro dell'Aquila 1
895699,edificio,24352,,Abitazione,Via Pietro dell'Aquila 1
895700,edificio,24352,,Abitazione,Via Pietro dell'Aquila 1
895701,edificio,24352,,Abitazione,Via Pietro dell'Aquila 1
895702,edificio,24323,,Abitazione,Via Pietro dell'Aquila 5
895703,edificio,24323,,Abitazione,Via Pietro dell'Aquila 5
895704,edificio,24323,,Abitazione,Via Pietro dell'Aquila 5
895705,edificio,24323,,Abitazione,Via Pietro dell'Aquila 5
895706,edificio,24323,,Abitazione,Via Pietro dell'Aquila 5
895707,edificio,24323,,Abitazione,Via Pietro dell'Aquila 5
895708,edificio,24323,,Abitazione,Via Pietro dell'Aquila 3
895709,edificio,24323,,Abitazione,Via Pietro dell'Aquila 3
895710,edificio,24323,,Abitazione,Via Pietro dell'Aquila 3
895711,edificio,24323,,Abitazione,Via Pietro dell'Aquila 3
895712,edificio,24323,,Abitazione,Via Pietro dell'Aquila 3
895713,edificio,24323,,Abitazione,Via Pietro dell'Aquila 3
895714,edificio,24323,,Abitazione,Via Dell'aquila Pietro 7
895715,edificio,24323,,Abitazione,Via Dell'aquila Pietro 7
895716,edificio,24323,,Abitazione,Via Dell'aquila Pietro 7
895717,edificio,24100,,Abitazione,Via Carreca Andrea 3
895718,edificio,24100,,Abitazione,Via Carreca Andrea 3
895719,edificio,24100,,Abitazione,Via Carreca Andrea 1
895720,edificio,24100,,Abitazione,Via Carreca Andrea 1
895721,edificio,24100,,Abitazione,Via Carreca Andrea 1
895722,edificio,24100,,Abitazione,Via Carreca Andrea 1
895723,edificio,24100,,Abitazione,Via Carreca Andrea 1
895724,edificio,24100,,Abitazione,Via Carreca Andrea 5
895725,edificio,24100,,Abitazione,Via Carreca Andrea 5
895726,edificio,24100,,Abitazione,Via Carreca Andrea 5
895727,edificio,24100,,Abitazione,Via Carreca Andrea 2
895728,edificio,24100,,Abitazione,Via Carreca Andrea 2
895729,edificio,24100,,Abitazione,Via Carreca Andrea 2
895730,edificio,24100,,Abitazione,Via Carreca Andrea 2
895731,edificio,24100,,Abitazione,Via Carreca Andrea 2
895732,edificio,24100,,Abitazione,Via Andrea Carreca 4
895733,edificio,24100,,Abitazione,Via Carreca Andrea 4
895734,edificio,24100,,Abitazione,Via Carreca Andrea 4
895735,edificio,24100,,Abitazione,Via Carreca Andrea 4
895736,edificio,24100,,Abitazione,Via Carreca Andrea 4
895737,edificio,24100,,Abitazione,Via Carreca Andrea 4
895738,edificio,24100,,Abitazione,Via Carreca Andrea 4
895739,edificio,24100,,Abitazione,Via Carreca Andrea 4
895740,edificio,24100,,Abitazione,Via Carreca Andrea 4
895741,edificio,24100,,Abitazione,Via Carreca Andrea 4
895742,edificio,24100,,Abitazione,Via Carreca Andrea 2
895743,edificio,24100,,Abitazione,Via Carreca Andrea 2
895744,edificio,24100,,Abitazione,Via Carreca Andrea 2
895745,edificio,24100,,Abitazione,Via Carreca Andrea 2
895746,edificio,24100,,Abitazione,Via Carreca Andrea 2
895747,edificio,24100,,Abitazione,Via Carreca Andrea 2
895748,edificio,24100,,Abitazione,Via Carreca Andrea 2
895749,edificio,25746,,Abitazione,Via Aci 5
895750,edificio,25746,,Abitazione,Via Aci 5
895751,edificio,25537,,Abitazione,Via Alias Francesco Maria 20
895752,edificio,25537,,Abitazione,Via Alias Francesco Maria 20
895753,edificio,25537,,Abitazione,Via Alias Francesco Maria 20
895754,edificio,25537,,Magazzino e locali di deposito,Via Francesco Maria Alias 20
895755,edificio,25537,,Magazzino e locali di deposito,Via Alias Francesco Maria 20
895756,edificio,25537,,Magazzino e locali di deposito,Via Mammana 53
895757,edificio,24616,,Abitazione,Via Bartolomeo Berrettaro 34
895758,edificio,24616,,Abitazione,Via Bartolomeo Berrettaro 34
895759,edificio,24616,,Abitazione,Via Bartolomeo Berrettaro 34
895760,edificio,24781,,Abitazione,Via Besio Giacomo 145
895761,edificio,24328,,Abitazione,Via Ragusa 7
895762,edificio,24328,,Abitazione,Via Ragusa 7
895763,edificio,24328,,Abitazione,Via Ragusa 7
895764,edificio,24328,,Abitazione,Via Ragusa 5
895765,edificio,24328,,Abitazione,Via Ragusa 5
895766,edificio,24328,,Abitazione,Via Ragusa 5
895767,edificio,24328,,Abitazione,Via Ragusa 7
895768,edificio,24329,,Abitazione,Via Ragusa 3
895769,edificio,24329,,Abitazione,Via Ragusa 3
895770,edificio,24329,,Abitazione,Via Ragusa 3
895771,edificio,24329,,Abitazione,Via Ragusa 3
895772,edificio,24329,,Abitazione,Via Ragusa 3
895773,edificio,24329,,Abitazione,Via Ragusa 1
895774,edificio,24329,,Abitazione,Via Ragusa 1
895775,edificio,24329,,Abitazione,Via Ragusa 1
895776,edificio,24329,,Abitazione,Via Ragusa 1
895777,edificio,24329,,Abitazione,Via Ragusa 1
895778,edificio,24329,,Abitazione,Via Ragusa 1
895779,edificio,28934,,Abitazione,Via Baldassare Zamparrone 61
895780,edificio,25898,,"Edificio scolastico (es.: scuola di ogni ordine e grado, università, scuola di formazione)",Via Gian Lorenzo Bernini 39
895781,edificio,23933,,Abitazione,Via Camillo Camilliani 120
895782,edificio,30620,,Abitazione,Via Marcello Benedetto 35
895783,edificio,24353,,Abitazione,Via Centorbe 7
895784,edificio,24353,,Abitazione,Via Centorbe 7
895785,edificio,24353,,Abitazione,Via Centorbe 7
895786,edificio,24353,,Abitazione,Via Centorbe 5
895787,edificio,24353,,Abitazione,Via Centorbe 5
895788,edificio,24353,,Abitazione,Via Centorbe 5
895789,edificio,24353,,Abitazione,Via Centorbe 5
895790,edificio,24353,,Abitazione,Via Centorbe 5
895791,edificio,24353,,Abitazione,Via Centorbe 5
895792,edificio,24353,,Abitazione,Via Centorbe 9
895793,edificio,24353,,Abitazione,Via Centorbe 9
895794,edificio,24353,,Abitazione,Via Centorbe 9
895795,edificio,24353,,Abitazione,Via Centorbe 9
895796,edificio,24353,,Abitazione,Via Centorbe 9
895797,edificio,24353,,Abitazione,Via Centorbe 9
895798,edificio,24666,,Magazzino e locali di deposito,Via Besio Giacomo 55
895799,edificio,24078,,Abitazione,Via Pietro dell'Aquila 2
895800,edificio,24576,,Abitazione,Via Pietro dell'Aquila 2
895801,edificio,24078,,Abitazione,Via Pietro dell'Aquila 2
895802,edificio,24078,,Abitazione,Via Pietro dell'Aquila 2
895803,edificio,24078,,Abitazione,Via Pietro dell'Aquila 2
895804,edificio,24078,,Abitazione,Via Pietro dell'Aquila 4
895805,edificio,24078,,Abitazione,Via Pietro dell'Aquila 4
895806,edificio,24078,,Abitazione,Via Pietro dell'Aquila 4
895807,edificio,24078,,Abitazione,Via Pietro dell'Aquila 4
895808,edificio,24078,,Abitazione,Via Pietro dell'Aquila 4
895809,edificio,24078,,Abitazione,Via Pietro dell'Aquila 4
895810,edificio,24078,,Abitazione,Via Pietro dell'Aquila 4
895811,edificio,24078,,Abitazione,Via Pietro dell'Aquila 4
895812,edificio,24078,,Abitazione,Via Pietro dell'Aquila 4
895813,edificio,24078,,Abitazione,Via Pietro dell'Aquila 4
895814,edificio,24078,,Abitazione,Via Pietro dell'Aquila 4
895815,edificio,24078,,Abitazione,Via Pietro dell'Aquila 4
895816,edificio,24078,,Abitazione,Via Pietro dell'Aquila 2
895817,edificio,24078,,Abitazione,Via Pietro dell'Aquila 6
895818,edificio,24078,,Abitazione,Via Pietro dell'Aquila 6
895819,edificio,24078,,Abitazione,Via Pietro dell'Aquila 6
895820,edificio,24078,,Abitazione,Via Pietro dell'Aquila 6
895821,edificio,24078,,Abitazione,Via Pietro dell'Aquila 6
895822,edificio,24078,,Abitazione,Via Pietro dell'Aquila 6
895823,edificio,24078,,Abitazione,Via Pietro dell'Aquila 6
895824,edificio,24078,,Abitazione,Via Pietro dell'Aquila 6
895825,edificio,24078,,Abitazione,Via Pietro dell'Aquila 6
895826,edificio,24078,,Abitazione,Via Pietro dell'Aquila 2
895827,edificio,24078,,Abitazione,Via Pietro dell'Aquila 6
895828,edificio,24078,,Abitazione,Via Pietro dell'Aquila 6
895829,edificio,24078,,Abitazione,Via Pietro dell'Aquila 6
895830,edificio,24078,,Abitazione,Via Pietro dell'Aquila 8
895831,edificio,24078,,Abitazione,Via Pietro dell'Aquila 8
895832,edificio,24078,,Abitazione,Via Pietro dell'Aquila 8
895833,edificio,24078,,Abitazione,Via Pietro dell'Aquila 8
895834,edificio,24078,,Abitazione,Via Pietro dell'Aquila 8
895835,edificio,24078,,Abitazione,Via Pietro dell'Aquila 2
895836,edificio,24078,,Abitazione,Via Pietro dell'Aquila 8
895837,edificio,24078,,Abitazione,Via Pietro dell'Aquila 8
895838,edificio,24078,,Abitazione,Via Pietro dell'Aquila 8
895839,edificio,24078,,Abitazione,Via Pietro dell'Aquila 8
895841,edificio,24078,,Abitazione,Via Pietro dell'Aquila 8
895842,edificio,24078,,Abitazione,Via Pietro dell'Aquila 10
895843,edificio,24078,,Abitazione,Via Pietro dell'Aquila 2
895844,edificio,24078,,Abitazione,Via Pietro dell'Aquila 10
895845,edificio,24078,,Abitazione,Via Pietro dell'Aquila 10
895846,edificio,24078,,Abitazione,Via Pietro dell'Aquila 10
895847,edificio,24078,,Abitazione,Via Pietro dell'Aquila 10
895848,edificio,24078,,Abitazione,Via Pietro dell'Aquila 10
895849,edificio,24078,,Abitazione,Via Pietro dell'Aquila 10
895850,edificio,24078,,Abitazione,Via Pietro dell'Aquila 10
895851,edificio,24078,,Abitazione,Via Pietro dell'Aquila 10
895852,edificio,24576,,Abitazione,Via Pietro dell'Aquila 10
895853,edificio,24078,,Abitazione,Via Pietro dell'Aquila 10
895854,edificio,24078,,Abitazione,Via Pietro dell'Aquila 10
895855,edificio,24078,,Abitazione,Via Pietro dell'Aquila 2
895856,edificio,24078,,Abitazione,Via Pietro dell'Aquila 2
895857,edificio,30328,,"Cantina, soffitta, rimessa, box, garage, posto auto aperto/scoperto,…",Via Generale Sirtori Giuseppe 27
895858,edificio,30328,,"Cantina, soffitta, rimessa, box, garage, posto auto aperto/scoperto,…",Via Generale Sirtori Giuseppe 27
895859,edificio,30328,,"Cantina, soffitta, rimessa, box, garage, posto auto aperto/scoperto,…",Via Generale Sirtori Giuseppe 27
895860,edificio,30328,,"Cantina, soffitta, rimessa, box, garage, posto auto aperto/scoperto,…",Via Generale Sirtori Giuseppe 27
895861,edificio,30328,,Magazzino e locali di deposito,Via Enrico Bevignani 64
895863,edificio,30328,,Magazzino e locali di deposito,Via Generale Sirtori Giuseppe 27
895864,edificio,30328,,Magazzino e locali di deposito,Via Enrico Bevignani 66
895865,edificio,30328,,Parcheggio collettivo,Via Generale Sirtori Giuseppe 27
895866,edificio,30328,,Parcheggio collettivo,Via Generale Sirtori Giuseppe 27
895867,edificio,30328,,Magazzino e locali di deposito,Via Generale Sirtori Giuseppe 27
895868,edificio,30328,,Magazzino e locali di deposito,Via Generale Sirtori Giuseppe 19
895869,edificio,30328,,Magazzino e locali di deposito,Via Generale Sirtori Giuseppe 27
895870,edificio,30328,,Magazzino e locali di deposito,Via Generale Sirtori Giuseppe 27
895871,edificio,30328,,Magazzino e locali di deposito,Via Generale Sirtori Giuseppe 27
895872,edificio,30328,,Magazzino e locali di deposito,Via Generale Sirtori Giuseppe 21
895873,edificio,30328,,Ufficio strutturato ed assimilabili,Via Generale Sirtori Giuseppe 31
895874,edificio,30328,,Magazzino e locali di deposito,Via Alfredo Casella 22
895875,edificio,30328,,Magazzino e locali di deposito,Via Alfredo Casella 26
895876,edificio,30328,,Ufficio strutturato ed assimilabili,Via Generale Sirtori Giuseppe 15
895877,edificio,30328,,Ufficio strutturato ed assimilabili,Via Turr Stefano 38
895878,edificio,30328,,Ufficio strutturato ed assimilabili,Via Turr Stefano 38
895879,edificio,30295,,Magazzino e locali di deposito,Via Alfredo Casella 62
895880,punto,,senza-edificio,Magazzino e locali di deposito,Via Generale Sirtori Giuseppe 47
895881,edificio,106540,,Abitazione,Via Pozzo a Uditore 88
895882,edificio,30322,,Magazzino e locali di deposito,Via Giovanni Aurispa 34
895883,edificio,24003,,Abitazione,Via Pozzo a Uditore 30
895884,edificio,28125,,"Cantina, soffitta, rimessa, box, garage, posto auto aperto/scoperto,…",Via Arturo Graf 1
895885,edificio,25789,,Magazzino e locali di deposito,Via Riccardo da Lentini 12
895886,edificio,28868,,Magazzino e locali di deposito,Via Baldassare Zamparrone 48
895887,edificio,27998,,Magazzino e locali di deposito,Via Cataldo Parisio 52
895889,edificio,24607,,Abitazione,Via Zumbo Gaetano 23
895890,edificio,24607,,Abitazione,Via Zumbo Gaetano 23
895891,edificio,24607,,Abitazione,Via Zumbo Gaetano 23
895892,edificio,24607,,Abitazione,Via Zumbo Gaetano 23
895893,edificio,24607,,Abitazione,Via Zumbo Gaetano 25
895894,edificio,24607,,Abitazione,Via Zumbo Gaetano 25
895895,edificio,24607,,Abitazione,Via Zumbo Gaetano 25
895896,edificio,24607,,Abitazione,Via Gaetano Zumbo 25
895897,edificio,24607,,Abitazione,Via Zumbo Gaetano 25
895898,edificio,24607,,Abitazione,Via Zumbo Gaetano 25
895899,edificio,24351,,Abitazione,Via Alibrandi Girolamo 2
895900,edificio,24351,,Abitazione,Via Alibrandi Girolamo 2
895901,edificio,24351,,Abitazione,Via Alibrandi Girolamo 2
895902,edificio,24351,,Abitazione,Via Alibrandi Girolamo 2
895903,edificio,24351,,Abitazione,Via Girolamo Alibrandi 2
895904,edificio,24351,,Abitazione,Via Alibrandi Girolamo 2
895905,edificio,24351,,Abitazione,Via Alibrandi Girolamo 4
895906,edificio,24351,,Abitazione,Via Alibrandi Girolamo 4
895907,edificio,24351,,Abitazione,Via Alibrandi Girolamo 4
895908,edificio,24351,,Abitazione,Via Alibrandi Girolamo 4
895909,edificio,24351,,Abitazione,Via Alibrandi Girolamo 4
895910,edificio,24351,,Abitazione,Via Alibrandi Girolamo 4
895911,edificio,24350,,Abitazione,Via Girolamo Alibrandi 6
895912,edificio,24350,,Abitazione,Via Alibrandi Girolamo 8
895913,edificio,24350,,Abitazione,Via Alibrandi Girolamo 8
895914,edificio,24350,,Abitazione,Via Alibrandi Girolamo 8
895915,edificio,24350,,Abitazione,Via Alibrandi Girolamo 8
895916,edificio,24350,,Abitazione,Via Alibrandi Girolamo 10
895917,edificio,24350,,Abitazione,Via Alibrandi Girolamo 10
895918,edificio,24350,,Abitazione,Via Alibrandi Girolamo 10
895919,edificio,24350,,Abitazione,Via Alibrandi Girolamo 10
895920,edificio,24350,,Abitazione,Via Alibrandi Girolamo 10
895921,edificio,24350,,Abitazione,Via Alibrandi Girolamo 10
895922,edificio,24350,,Abitazione,Via Alibrandi Girolamo 6
895923,edificio,24350,,Abitazione,Via Alibrandi Girolamo 6
895924,edificio,24348,,Abitazione,Via Alibrandi Girolamo 6
895925,edificio,30182,,Abitazione,Via Giovan Battista Siragusa 4
895926,edificio,30182,,Abitazione,Via Antonio Furitano 4
895927,edificio,30182,,Abitazione,Via Antonio Furitano 4
895928,edificio,30368,,Abitazione,Via Antonio Furitano 2
895929,edificio,29158,,Abitazione,Via Adria Gian Giacomo 1
895930,edificio,29158,,Abitazione,Via Carlo Alberto Garufi 4
895931,edificio,30185,,Abitazione,Via Antonio Furitano 9
895932,edificio,30185,,Abitazione,Via Antonio Furitano 11
895933,edificio,30185,,Abitazione,Via Antonio Furitano 9
895934,edificio,30185,,Abitazione,Via Antonio Furitano 9
895935,edificio,30367,,Abitazione,Via Antonio Sciascia 1
895936,edificio,30367,,Abitazione,Via Antonio Sciascia 1
895937,edificio,24351,,Abitazione,Via Girolamo Alibrandi 13
895938,edificio,24351,,Abitazione,Via Alibrandi Girolamo 13
895939,edificio,24351,,Abitazione,Via Alibrandi Girolamo 13
895940,edificio,24351,,Abitazione,Via Alibrandi Girolamo 13
895941,edificio,24351,,Abitazione,Via Alibrandi Girolamo 13
895942,edificio,24351,,Abitazione,Via Alibrandi Girolamo 11
895943,edificio,24351,,Abitazione,Via Alibrandi Girolamo 11
895944,edificio,24351,,Abitazione,Via Alibrandi Girolamo 11
895945,edificio,24351,,Abitazione,Via Alibrandi Girolamo 11
895946,edificio,24351,,Abitazione,Via Alibrandi Girolamo 11
895947,edificio,24351,,Abitazione,Via Alibrandi Girolamo 11
895948,edificio,24351,,Abitazione,Via Alibrandi Girolamo 15
895949,edificio,24351,,Abitazione,Via Alibrandi Girolamo 15
895950,edificio,24351,,Abitazione,Via Alibrandi Girolamo 15
895951,edificio,24351,,Abitazione,Via Alibrandi Girolamo 15
895952,edificio,32368,,Abitazione,Via Giovanni Zappalà 26
895953,edificio,24325,,Abitazione,Via Calandrucci Giacinto 2
895954,edificio,24325,,Abitazione,Via Calandrucci Giacinto 4
895955,edificio,24325,,Abitazione,Via Giacinto Calandrucci 4
895956,edificio,24325,,Abitazione,Via Calandrucci Giacinto 4
895957,edificio,24325,,Abitazione,Via Calandrucci Giacinto 4
895958,edificio,24325,,Abitazione,Via Calandrucci Giacinto 4
895959,edificio,24325,,Abitazione,Via Calandrucci Giacinto 2
895960,edificio,24325,,Abitazione,Via Giacinto Calandrucci 2
895961,edificio,24325,,Abitazione,Via Calandrucci Giacinto 2
895962,edificio,24325,,Abitazione,Via Calandrucci Giacinto 2
895963,edificio,24325,,Abitazione,Via Calandrucci Giacinto 2
895964,edificio,24325,,Abitazione,Via Calandrucci Giacinto 2
895965,edificio,24351,,Abitazione,Via Alibrandi Girolamo 7
895966,edificio,24324,,Abitazione,Via Alibrandi Girolamo 7
895967,edificio,24324,,Abitazione,Via Girolamo Alibrandi 7
895968,edificio,24324,,Abitazione,Via Alibrandi Girolamo 7
895969,edificio,24324,,Abitazione,Via Alibrandi Girolamo 7
895970,edificio,24324,,Abitazione,Via Alibrandi Girolamo 7
895971,edificio,24324,,Abitazione,Via Girolamo Alibrandi 7
895972,edificio,24324,,Abitazione,Via Alibrandi Girolamo 7
895973,edificio,24324,,Abitazione,Via Alibrandi Girolamo 7
895974,edificio,24324,,Abitazione,Via Alibrandi Girolamo 9
895975,edificio,24324,,Abitazione,Via Alibrandi Girolamo 9
895976,edificio,24324,,Abitazione,Via Alibrandi Girolamo 9
895977,edificio,24324,,Abitazione,Via Alibrandi Girolamo 9
895978,edificio,24324,,Abitazione,Via Girolamo Alibrandi 9
895979,edificio,24324,,Abitazione,Via Alibrandi Girolamo 9
895980,edificio,24324,,Abitazione,Via Alibrandi Girolamo 9
895981,edificio,24324,,Abitazione,Via Alibrandi Girolamo 9
895982,edificio,24324,,Abitazione,Via Alibrandi Girolamo 9
895983,edificio,24351,,Abitazione,Via Alibrandi Girolamo 9
895984,edificio,24324,,Abitazione,Via Alibrandi Girolamo 7
895985,edificio,24324,,Abitazione,Via Alibrandi Girolamo 9
895986,edificio,24351,,Abitazione,Via Alibrandi Girolamo 9
895987,edificio,24324,,Abitazione,Via Alibrandi Girolamo 9
895988,edificio,24324,,Abitazione,Via Girolamo Alibrandi 9
895989,edificio,24324,,Abitazione,Via Alibrandi Girolamo 9
895990,edificio,24324,,Abitazione,Via Alibrandi Girolamo 7
895991,edificio,24324,,Abitazione,Via Alibrandi Girolamo 7
895992,edificio,24351,,Abitazione,Via Alibrandi Girolamo 7
895993,edificio,24324,,Abitazione,Via Alibrandi Girolamo 7
895994,edificio,24970,,Abitazione,Via Mammana 270
895995,edificio,24367,,Abitazione,Via Alibrandi Girolamo 5
895996,edificio,24367,,Abitazione,Via Alibrandi Girolamo 5
895997,edificio,24367,,Abitazione,Via Alibrandi Girolamo 5
895998,edificio,24367,,Abitazione,Via Girolamo Alibrandi 5
895999,edificio,24367,,Abitazione,Via Alibrandi Girolamo 3
896000,edificio,24367,,Abitazione,Via Alibrandi Girolamo 3
896001,edificio,24367,,Abitazione,Via Alibrandi Girolamo 3
896002,edificio,24367,,Abitazione,Via Alibrandi Girolamo 3
896003,edificio,24367,,Abitazione,Via Alibrandi Girolamo 3
896004,edificio,24367,,Abitazione,Via Alibrandi Girolamo 3
896005,edificio,24367,,Abitazione,Via Alibrandi Girolamo 3
896006,edificio,24367,,Abitazione,Via Alibrandi Girolamo 3
896007,edificio,24367,,Abitazione,Via Girolamo Alibrandi 3
896008,edificio,24367,,Abitazione,Via Alibrandi Girolamo 3
896009,edificio,24367,,Abitazione,Via Alibrandi Girolamo 3
896010,edificio,24367,,Abitazione,Via Alibrandi Girolamo 3
896011,edificio,24367,,Abitazione,Via Alibrandi Girolamo 5
896012,edificio,24367,,Abitazione,Via Alibrandi Girolamo 1
896013,edificio,24367,,Abitazione,Via Alibrandi Girolamo 1
896014,edificio,24367,,Abitazione,Via Alibrandi Girolamo 1
896015,edificio,24367,,Abitazione,Via Alibrandi Girolamo 1
896016,edificio,24367,,Abitazione,Via Alibrandi Girolamo 1
896017,edificio,24367,,Abitazione,Via Alibrandi Girolamo 5
896018,edificio,24367,,Abitazione,Via Alibrandi Girolamo 1
896019,edificio,24367,,Abitazione,Via Alibrandi Girolamo 1
896020,edificio,24367,,Abitazione,Via Alibrandi Girolamo 1
896021,edificio,24367,,Abitazione,Via Alibrandi Girolamo 5
896022,edificio,24367,,Abitazione,Via Alibrandi Girolamo 5
896023,edificio,24355,,Abitazione,Via Filippo Paladini 8
896024,edificio,24355,,Abitazione,Via Filippo Paladini 8
896025,edificio,24355,,Abitazione,Via Filippo Paladini 8
896026,edificio,24355,,Abitazione,Via Filippo Paladini 8
896027,edificio,24355,,Abitazione,Via Filippo Paladini 10
896028,edificio,24355,,Abitazione,Via Filippo Paladini 10
896029,edificio,24355,,Abitazione,Via Filippo Paladini 12
896030,edificio,24355,,Abitazione,Via Filippo Paladini 12
896031,edificio,24355,,Abitazione,Via Filippo Paladini 12
896032,edificio,24355,,Abitazione,Via Filippo Paladini 12
896033,edificio,24355,,Abitazione,Via Filippo Paladini 12
896034,edificio,24572,,Abitazione,Via Parrini 16
896035,edificio,24572,,Abitazione,Via Parrini 16
896036,edificio,24572,,Abitazione,Via Parrini 16
896037,edificio,24572,,Abitazione,Via Parrini 16
896038,edificio,24572,,Abitazione,Via Parrini 16
896039,edificio,24572,,Abitazione,Via Parrini 16
896040,edificio,24572,,Abitazione,Via Parrini 16
896041,edificio,24181,,Abitazione,Via Paolo Borsellino 1
896042,edificio,24181,,Abitazione,Via Paolo Borsellino 1
896043,edificio,24181,,Abitazione,Via Paolo Borsellino 1
896044,edificio,24181,,Abitazione,Via Paolo Borsellino 1
896045,edificio,24181,,Abitazione,Via Paolo Borsellino 1
896046,edificio,24181,,Abitazione,Via Paolo Borsellino 1
896047,edificio,24181,,Abitazione,Via Paolo Borsellino 1
896048,edificio,24181,,Abitazione,Via Paolo Borsellino 1
896049,edificio,24181,,Abitazione,Via Paolo Borsellino 1
896050,edificio,27489,,Abitazione,Via Geremia Pietro 16
896051,edificio,24099,,Abitazione,Via Centorbe 12
896052,edificio,24099,,Abitazione,Via Centorbe 12
896053,edificio,24099,,Abitazione,Via Centorbe 12
896054,edificio,24099,,Abitazione,Via Centorbe 12
896055,edificio,24099,,Abitazione,Via Centorbe 12
896056,edificio,24099,,Abitazione,Via Centorbe 12
896057,edificio,24099,,Abitazione,Via Centorbe 12
896058,edificio,24099,,Magazzino e locali di deposito,Via Centorbe 12
896059,edificio,27505,,Abitazione,Via Giuseppe Savagnone 6
896060,edificio,27505,,Abitazione,Via Giuseppe Savagnone 6
896061,edificio,27505,,Abitazione,Via Giuseppe Savagnone 6
896062,edificio,27505,,Abitazione,Via Giuseppe Savagnone 6
896063,edificio,27505,,Abitazione,Via Giuseppe Savagnone 6
896064,edificio,27505,,Abitazione,Via Giuseppe Savagnone 6
896065,edificio,65251,,Abitazione,Via Luigi Vanvitelli 29
896066,edificio,65251,,Abitazione,Via Luigi Vanvitelli 29
896067,edificio,65251,,Abitazione,Via Luigi Vanvitelli 29
896068,edificio,65251,,Abitazione,Via Luigi Vanvitelli 29
896069,edificio,65251,,Abitazione,Via Luigi Vanvitelli 29
896070,edificio,65251,,Abitazione,Via Luigi Vanvitelli 29
896071,edificio,65251,,Abitazione,Via Luigi Vanvitelli 29
896072,edificio,65251,,Abitazione,Via Luigi Vanvitelli 29
896073,edificio,65251,,Abitazione,Via Luigi Vanvitelli 29
896074,edificio,65251,,Abitazione,Via Luigi Vanvitelli 29
896075,edificio,65251,,Abitazione,Via Luigi Vanvitelli 29
896076,edificio,65251,,Abitazione,Via Luigi Vanvitelli 29
896077,edificio,65251,,Abitazione,Via Luigi Vanvitelli 29
896078,edificio,65251,,Abitazione,Via Luigi Vanvitelli 29
896079,edificio,65251,,Abitazione,Via Luigi Vanvitelli 29
896080,edificio,65251,,Abitazione,Via Luigi Vanvitelli 29
896081,edificio,65251,,Abitazione,Via Luigi Vanvitelli 29
896082,edificio,65251,,Abitazione,Via Luigi Vanvitelli 29
896083,edificio,65251,,Abitazione,Via Luigi Vanvitelli 29
896084,edificio,65251,,Abitazione,Via Luigi Vanvitelli 29
896085,edificio,106399,,"Edificio scolastico (es.: scuola di ogni ordine e grado, università, scuola di formazione)",Via di Martino Girolamo 48
896086,edificio,30553,,Magazzino e locali di deposito,Via Bevignani Enrico 20
896087,edificio,24672,,Magazzino e locali di deposito,Via Besio Giacomo 41
896088,edificio,24672,,Magazzino e locali di deposito,Via Besio Giacomo 33
896089,edificio,24672,,Magazzino e locali di deposito,Via Besio Giacomo 29
896090,edificio,24672,,Magazzino e locali di deposito,Via Besio Giacomo 25
896091,edificio,24641,,Magazzino e locali di deposito,Via Giacomo Besio 73
896092,edificio,24823,,Abitazione,Via Pietro Scaglione 121
896093,edificio,24823,,Abitazione,Via Scaglione Pietro 121
896094,edificio,24823,,Abitazione,Via Scaglione Pietro 121
896095,edificio,24823,,Abitazione,Via Scaglione Pietro 121
896096,edificio,24823,,Abitazione,Via Scaglione Pietro 121
896097,edificio,24823,,"Cantina, soffitta, rimessa, box, garage, posto auto aperto/scoperto,…",Via Scaglione Pietro 121
896098,edificio,24823,,"Cantina, soffitta, rimessa, box, garage, posto auto aperto/scoperto,…",Via Scaglione Pietro 121
896099,edificio,24823,,"Cantina, soffitta, rimessa, box, garage, posto auto aperto/scoperto,…",Via Scaglione Pietro 121
896100,edificio,24823,,"Cantina, soffitta, rimessa, box, garage, posto auto aperto/scoperto,…",Via Scaglione Pietro 121
896101,edificio,24823,,"Cantina, soffitta, rimessa, box, garage, posto auto aperto/scoperto,…",Via Scaglione Pietro 121
896102,edificio,24823,,"Cantina, soffitta, rimessa, box, garage, posto auto aperto/scoperto,…",Via Scaglione Pietro 121
896103,edificio,24823,,"Cantina, soffitta, rimessa, box, garage, posto auto aperto/scoperto,…",Via Scaglione Pietro 121
896104,edificio,24823,,"Cantina, soffitta, rimessa, box, garage, posto auto aperto/scoperto,…",Via Scaglione Pietro 121
896105,edificio,24823,,"Cantina, soffitta, rimessa, box, garage, posto auto aperto/scoperto,…",Via Scaglione Pietro 121
896106,edificio,24823,,"Cantina, soffitta, rimessa, box, garage, posto auto aperto/scoperto,…",Via Scaglione Pietro 121
896107,edificio,24823,,"Cantina, soffitta, rimessa, box, garage, posto auto aperto/scoperto,…",Via Scaglione Pietro 121
896108,edificio,24823,,"Cantina, soffitta, rimessa, box, garage, posto auto aperto/scoperto,…",Via Scaglione Pietro 121
896109,edificio,24823,,"Cantina, soffitta, rimessa, box, garage, posto auto aperto/scoperto,…",Via Scaglione Pietro 121
896110,edificio,24823,,"Cantina, soffitta, rimessa, box, garage, posto auto aperto/scoperto,…",Via Scaglione Pietro 121
896111,edificio,24823,,"Cantina, soffitta, rimessa, box, garage, posto auto aperto/scoperto,…",Via Scaglione Pietro 121
896112,edificio,24823,,"Cantina, soffitta, rimessa, box, garage, posto auto aperto/scoperto,…",Via Scaglione Pietro 121
896113,edificio,24823,,"Cantina, soffitta, rimessa, box, garage, posto auto aperto/scoperto,…",Via Scaglione Pietro 121
896114,edificio,24823,,"Cantina, soffitta, rimessa, box, garage, posto auto aperto/scoperto,…",Via Scaglione Pietro 121
896115,edificio,24823,,"Cantina, soffitta, rimessa, box, garage, posto auto aperto/scoperto,…",Via Scaglione Pietro 121
896116,edificio,24823,,"Cantina, soffitta, rimessa, box, garage, posto auto aperto/scoperto,…",Via Scaglione Pietro 121
896117,edificio,24823,,"Cantina, soffitta, rimessa, box, garage, posto auto aperto/scoperto,…",Via Scaglione Pietro 121
896118,edificio,24823,,"Cantina, soffitta, rimessa, box, garage, posto auto aperto/scoperto,…",Via Scaglione Pietro 121
896119,edificio,24823,,"Cantina, soffitta, rimessa, box, garage, posto auto aperto/scoperto,…",Via Scaglione Pietro 121
896120,edificio,24823,,"Cantina, soffitta, rimessa, box, garage, posto auto aperto/scoperto,…",Via Scaglione Pietro 121
896121,edificio,24823,,"Cantina, soffitta, rimessa, box, garage, posto auto aperto/scoperto,…",Via Scaglione Pietro 121
896122,edificio,24823,,"Cantina, soffitta, rimessa, box, garage, posto auto aperto/scoperto,…",Via Scaglione Pietro 121
896123,edificio,24823,,"Cantina, soffitta, rimessa, box, garage, posto auto aperto/scoperto,…",Via Scaglione Pietro 121
896124,edificio,24823,,"Cantina, soffitta, rimessa, box, garage, posto auto aperto/scoperto,…",Via Scaglione Pietro 121
896125,edificio,24823,,"Cantina, soffitta, rimessa, box, garage, posto auto aperto/scoperto,…",Via Scaglione Pietro 121
896126,edificio,24823,,"Cantina, soffitta, rimessa, box, garage, posto auto aperto/scoperto,…",Via Scaglione Pietro 121
896127,edificio,24823,,"Cantina, soffitta, rimessa, box, garage, posto auto aperto/scoperto,…",Via Scaglione Pietro 121
896128,edificio,24823,,"Cantina, soffitta, rimessa, box, garage, posto auto aperto/scoperto,…",Via Scaglione Pietro 121
896129,edificio,24823,,"Cantina, soffitta, rimessa, box, garage, posto auto aperto/scoperto,…",Via Scaglione Pietro 121
896130,edificio,24823,,"Cantina, soffitta, rimessa, box, garage, posto auto aperto/scoperto,…",Via Scaglione Pietro 121
896131,edificio,24823,,"Cantina, soffitta, rimessa, box, garage, posto auto aperto/scoperto,…",Via Scaglione Pietro 121
896132,edificio,24823,,"Cantina, soffitta, rimessa, box, garage, posto auto aperto/scoperto,…",Via Scaglione Pietro 121
896133,edificio,24823,,"Cantina, soffitta, rimessa, box, garage, posto auto aperto/scoperto,…",Via Scaglione Pietro 121
896134,edificio,24823,,"Cantina, soffitta, rimessa, box, garage, posto auto aperto/scoperto,…",Via Scaglione Pietro 121
896135,edificio,24823,,"Cantina, soffitta, rimessa, box, garage, posto auto aperto/scoperto,…",Via Scaglione Pietro 121
896136,edificio,24823,,"Cantina, soffitta, rimessa, box, garage, posto auto aperto/scoperto,…",Via Scaglione Pietro 121
896137,edificio,24823,,"Cantina, soffitta, rimessa, box, garage, posto auto aperto/scoperto,…",Via Scaglione Pietro 121
896138,edificio,24823,,"Cantina, soffitta, rimessa, box, garage, posto auto aperto/scoperto,…",Via Scaglione Pietro 121
896139,edificio,64944,,Abitazione,Via Scaglione Pietro 131
896140,edificio,64944,,Abitazione,Via Scaglione Pietro 131
896141,edificio,64974,,Abitazione,Via Scaglione Pietro 131
896142,edificio,64974,,Abitazione,Via Scaglione Pietro 131
896143,edificio,64974,,Abitazione,Via Scaglione Pietro 131
896144,edificio,64974,,Abitazione,Via Scaglione Pietro 131
896145,edificio,64974,,Abitazione,Via Scaglione Pietro 131
896146,edificio,64974,,Abitazione,Via Scaglione Pietro 131
896147,edificio,64974,,Abitazione,Via Scaglione Pietro 131
896148,edificio,64974,,Abitazione,Via Scaglione Pietro 131
896149,edificio,64974,,Abitazione,Via Scaglione Pietro 131
896150,edificio,64974,,Abitazione,Via Scaglione Pietro 131
896151,edificio,24572,,Abitazione,Via Parrini 16
896152,edificio,31916,,Magazzino e locali di deposito,Viale Michelangelo 229
896153,edificio,30531,,Magazzino e locali di deposito,Via Malaspina 221
896154,edificio,27578,,Abitazione,Via Ammiraglio Millo 39
896155,edificio,28287,,Abitazione,Via Holm Adolfo 9
896156,edificio,28902,,"Edificio scolastico (es.: scuola di ogni ordine e grado, università, scuola di formazione)",Via Serradifalco 3
896157,edificio,24353,,Abitazione,Via Centorbe 3
896158,edificio,24353,,Abitazione,Via Centorbe 3
896159,edificio,24353,,Abitazione,Via Centorbe 3
896160,edificio,24353,,Abitazione,Via Centorbe 3
896161,edificio,24353,,Abitazione,Via Centorbe 3
896162,edificio,24353,,Abitazione,Via Centorbe 1
896163,edificio,24353,,Abitazione,Via Centorbe 1
896164,edificio,24353,,Abitazione,Via Centorbe 1
896165,edificio,24353,,Abitazione,Via Centorbe 1
896166,edificio,24326,,Abitazione,Passaggio Rossi Mariano 2
896167,edificio,24353,,Abitazione,Passaggio Mariano Rossi 2
896168,edificio,24353,,Abitazione,Passaggio Rossi Mariano 2
896169,edificio,24353,,Abitazione,Passaggio Rossi Mariano 3
896170,edificio,24353,,Abitazione,Passaggio Rossi Mariano 3
896171,edificio,24353,,Abitazione,Passaggio Rossi Mariano 3
896172,edificio,24353,,Abitazione,Passaggio Mariano Rossi 3
896173,edificio,24353,,Abitazione,Passaggio Mariano Rossi 3
896174,edificio,24353,,Abitazione,Passaggio Rossi Mariano 3
896175,edificio,24353,,Abitazione,Passaggio Rossi Mariano 1
896176,edificio,24353,,Abitazione,Passaggio Rossi Mariano 1
896177,edificio,24353,,Abitazione,Passaggio Rossi Mariano 1
896178,edificio,24353,,Abitazione,Passaggio Rossi Mariano 1
896179,edificio,24353,,Abitazione,Passaggio Rossi Mariano 1
896180,edificio,24353,,Abitazione,Passaggio Rossi Mariano 1
896181,edificio,24351,,Abitazione,Via Filippo Paladini 2
896182,edificio,24351,,Abitazione,Via Filippo Paladini 2
896183,edificio,24351,,Abitazione,Via Filippo Paladini 2
896184,edificio,24351,,Abitazione,Via Filippo Paladini 4
896185,edificio,24351,,Abitazione,Via Filippo Paladini 4
896186,edificio,24351,,Abitazione,Via Filippo Paladini 4
896187,edificio,24351,,Abitazione,Via Filippo Paladini 4
896188,edificio,24351,,Abitazione,Via Filippo Paladini 4
896189,edificio,24351,,Abitazione,Via Filippo Paladini 4
896190,edificio,24351,,Abitazione,Via Filippo Paladini 4
896191,edificio,24351,,Abitazione,Via Filippo Paladini 4
896192,edificio,24351,,Abitazione,Via Filippo Paladini 2
896193,edificio,24351,,Abitazione,Via Filippo Paladini 6
896194,edificio,24351,,Abitazione,Via Filippo Paladini 6
896195,edificio,24351,,Abitazione,Via Filippo Paladini 6
896196,edificio,24351,,Abitazione,Via Filippo Paladini 6
896197,edificio,24363,,Abitazione,Via Filippo Paladini 6
896198,edificio,24351,,Abitazione,Via Filippo Paladini 6
896199,edificio,24351,,Abitazione,Via Filippo Paladini 2
896200,edificio,24351,,Abitazione,Via Filippo Paladini 6
896201,edificio,24351,,Abitazione,Via Filippo Paladini 2
896202,edificio,24351,,Abitazione,Via Filippo Paladini 2
896203,edificio,24351,,Abitazione,Via Filippo Paladini 2
896204,edificio,30165,,"Cantina, soffitta, rimessa, box, garage, posto auto aperto/scoperto,…",Via Malaspina 193
896205,edificio,30165,,"Cantina, soffitta, rimessa, box, garage, posto auto aperto/scoperto,…",Via Malaspina 193
896206,edificio,30165,,"Cantina, soffitta, rimessa, box, garage, posto auto aperto/scoperto,…",Via Malaspina 193
896207,edificio,30549,,"Fabbricato per attività produttiva (industriale, artigianale o agricola)",Via Ildebrando Pizzetti 10
896208,edificio,27502,,Magazzino e locali di deposito,Via Bartolomeo Tomasino 7
896209,edificio,24072,,Magazzino e locali di deposito,Via del Salice 6
896210,edificio,31115,,Ufficio strutturato ed assimilabili,Via Giovanni Cimabue 41
896211,edificio,31115,,Ufficio strutturato ed assimilabili,Via Giovanni Cimabue 41
896212,edificio,31115,,Abitazione,Via Giovanni Cimabue 41
896214,edificio,31115,,Abitazione,Via Giovanni Cimabue 41
896215,edificio,31115,,Ufficio strutturato ed assimilabili,Via Giovanni Cimabue 41
896216,edificio,31115,,Ufficio strutturato ed assimilabili,Via Giovanni Cimabue 41
896217,edificio,31115,,Ufficio strutturato ed assimilabili,Via Giovanni Cimabue 41
896218,edificio,31115,,Ufficio strutturato ed assimilabili,Via Giovanni Cimabue 41
896219,edificio,108487,,Abitazione,Via Badia 289
896222,edificio,100429,,Abitazione,Via Badia 287
896223,edificio,100429,,Abitazione,Via Badia 287
896224,edificio,100429,,Abitazione,Via Badia 287
896225,edificio,69869,,Abitazione,Viale Emilia 65
896226,edificio,34209,,Abitazione,Via Ugo Foscolo 10
896227,edificio,33292,,"Cantina, soffitta, rimessa, box, garage, posto auto aperto/scoperto,…",Via Gioacchino di Marzo 33
896228,edificio,32917,,Ufficio strutturato ed assimilabili,Via Giordano Umberto 55
896229,edificio,32917,,Ufficio strutturato ed assimilabili,Via Giordano Umberto 55
896230,edificio,70841,,"Cantina, soffitta, rimessa, box, garage, posto auto aperto/scoperto,…",Via Ausonia 69
896231,edificio,69047,,Magazzino e locali di deposito,Via Restivo Empedocle 84
896232,edificio,69896,,Ufficio strutturato ed assimilabili,Viale Campania 25
896233,punto,,senza-edificio,"Edificio scolastico (es.: scuola di ogni ordine e grado, università, scuola di formazione)",Via Monti Iblei 49
896234,punto,,senza-edificio,"Edificio scolastico (es.: scuola di ogni ordine e grado, università, scuola di formazione)",Via Monti Iblei 49
896235,edificio,32798,,Magazzino e locali di deposito,Via Ludovico Ariosto 34
896236,edificio,68372,,Abitazione,Via Umbria 8
896237,edificio,68411,,Abitazione,Via del Quarnaro 11
896239,edificio,62299,,Abitazione,Via di Dio Alfredo e Antonio 1
896240,edificio,95597,,Abitazione,Via Andrea Cirrincione 58
896241,edificio,95597,,Abitazione,Via Andrea Cirrincione 58
896242,edificio,95597,,Abitazione,Via Andrea Cirrincione 58
896243,edificio,95597,,Abitazione,Via Andrea Cirrincione 58
896244,edificio,95597,,Abitazione,Via Andrea Cirrincione 58
896245,edificio,95680,,Abitazione,Via Andrea Cirrincione 60
896246,edificio,95680,,Abitazione,Via Andrea Cirrincione 60
896247,edificio,95590,,Abitazione,Via Andrea Cirrincione 67
896248,edificio,95590,,Abitazione,Via Andrea Cirrincione 67
896249,edificio,95590,,Abitazione,Via Andrea Cirrincione 67
896250,edificio,95590,,Abitazione,Via Andrea Cirrincione 67
896251,edificio,95590,,Abitazione,Via Andrea Cirrincione 67
896252,edificio,95590,,Abitazione,Via Andrea Cirrincione 67
896253,edificio,95590,,Abitazione,Via Andrea Cirrincione 67
896254,edificio,95590,,Abitazione,Via Andrea Cirrincione 67
896255,edificio,95595,,Abitazione,Via Andrea Cirrincione 69
896257,edificio,95595,,Abitazione,Via Andrea Cirrincione 69
896258,edificio,95595,,Abitazione,Via Andrea Cirrincione 69
896259,edificio,95595,,Abitazione,Via Andrea Cirrincione 69
896260,edificio,95595,,Abitazione,Via Andrea Cirrincione 69
896261,edificio,95595,,Abitazione,Via Andrea Cirrincione 69
896262,edificio,95595,,Abitazione,Via Andrea Cirrincione 69
896263,edificio,70467,,Abitazione,Via Don Giovanni Minzoni 2
896264,edificio,70467,,Abitazione,Via Don Giovanni Minzoni 2
896265,edificio,70467,,Abitazione,Via Don Giovanni Minzoni 2
896266,edificio,70467,,Abitazione,Via Don Giovanni Minzoni 2
896267,edificio,70467,,Abitazione,Via Don Giovanni Minzoni 2
896268,edificio,70485,,Abitazione,Via Don Giovanni Minzoni 5
896269,edificio,70485,,Abitazione,Via Don Giovanni Minzoni 5
896270,edificio,61890,,Ufficio strutturato ed assimilabili,Via Sampolo 42
896271,edificio,61890,,Magazzino e locali di deposito,Via Sampolo 40
896272,edificio,70485,,Abitazione,Via Don Giovanni Minzoni 5
896273,edificio,70485,,Abitazione,Via Don Giovanni Minzoni 5
896274,edificio,70485,,Abitazione,Via Don Giovanni Minzoni 5
896275,edificio,70485,,Abitazione,Via Don Giovanni Minzoni 5
896276,edificio,70485,,Abitazione,Via Don Giovanni Minzoni 5
896277,edificio,69614,,Ufficio strutturato ed assimilabili,Via Bonanno Giovanni 51
896278,edificio,69585,,Abitazione,Via Sampolo 442
896279,edificio,70349,,"Edificio scolastico (es.: scuola di ogni ordine e grado, università, scuola di formazione)",Via Don Giovanni Minzoni 1
896280,edificio,69649,,Magazzino e locali di deposito,Via Rodrigo Pantaleone 1
896281,edificio,69649,,Magazzino e locali di deposito,Via Rodrigo Pantaleone 2
896282,edificio,61963,,Abitazione,Via Sampolo 2
896283,punto,,senza-edificio,Magazzino e locali di deposito,VIA SAMPOLO S.N.C.
896284,edificio,62439,,Magazzino e locali di deposito,Via Montalbo 36
896285,edificio,96013,,Abitazione,Via Enrico Fileti 19
896286,edificio,96013,,Abitazione,Via Enrico Fileti 19
896287,edificio,96013,,Abitazione,Via Enrico Fileti 19
896288,edificio,96013,,Abitazione,Via Enrico Fileti 19
896289,edificio,96013,,Abitazione,Via Enrico Fileti 19
896290,edificio,96013,,Abitazione,Via Enrico Fileti 19
896291,edificio,96013,,Abitazione,Via Enrico Fileti 19
896292,edificio,96013,,Abitazione,Via Enrico Fileti 19
896293,edificio,96013,,Abitazione,Via Enrico Fileti 19
896294,edificio,96013,,Abitazione,Via Enrico Fileti 19
896295,edificio,96013,,Abitazione,Via Enrico Fileti 19
896296,edificio,96013,,Abitazione,Via Enrico Fileti 19
896297,edificio,96013,,Abitazione,Via Enrico Fileti 19
896298,edificio,96013,,Abitazione,Via Enrico Fileti 19
896299,edificio,96013,,Abitazione,Via Enrico Fileti 19
896300,edificio,96013,,Abitazione,Via Enrico Fileti 19
896301,edificio,96013,,Abitazione,Via Enrico Fileti 19
896302,edificio,96013,,Abitazione,Via Enrico Fileti 19
896303,edificio,96013,,Abitazione,Via Enrico Fileti 19
896304,edificio,96013,,Abitazione,Via Enrico Fileti 19
896305,edificio,96013,,Abitazione,Via Enrico Fileti 19
896306,edificio,96013,,Abitazione,Via Enrico Fileti 19
896307,edificio,96013,,Abitazione,Via Enrico Fileti 19
896308,edificio,96013,,Abitazione,Via Enrico Fileti 19
896309,edificio,96013,,Abitazione,Via Enrico Fileti 19
896310,edificio,96013,,Abitazione,Via Enrico Fileti 19
896311,edificio,96013,,Abitazione,Via Enrico Fileti 19
896312,edificio,96013,,Abitazione,Via Enrico Fileti 19
896313,edificio,96013,,Abitazione,Via Enrico Fileti 19
896314,edificio,96013,,Abitazione,Via Enrico Fileti 19
896315,edificio,96013,,Abitazione,Via Enrico Fileti 19
896316,edificio,96013,,Abitazione,Via Enrico Fileti 19
896317,edificio,96013,,Abitazione,Via Enrico Fileti 19
896318,edificio,96013,,Abitazione,Via Enrico Fileti 19
896319,edificio,96013,,Abitazione,Via Enrico Fileti 19
896320,edificio,96013,,Abitazione,Via Enrico Fileti 19
896321,edificio,96013,,Abitazione,Via Enrico Fileti 19
896322,edificio,96013,,Abitazione,Via Enrico Fileti 19
896323,edificio,96013,,Abitazione,Via Enrico Fileti 19
896324,edificio,96013,,Abitazione,Via Enrico Fileti 19
896325,edificio,96013,,Abitazione,Via Enrico Fileti 19
896326,edificio,96013,,Abitazione,Via Enrico Fileti 19
896327,edificio,96013,,Abitazione,Via Enrico Fileti 19
896328,edificio,96013,,Abitazione,Via Enrico Fileti 19
896329,edificio,96013,,Abitazione,Via Enrico Fileti 19
896330,edificio,96013,,Abitazione,Via Enrico Fileti 19
896331,edificio,96013,,Abitazione,Via Enrico Fileti 19
896332,edificio,96013,,Abitazione,Via Enrico Fileti 19
896333,edificio,96013,,Abitazione,Via Enrico Fileti 19
896334,edificio,96013,,Abitazione,Via Enrico Fileti 19
896335,edificio,96013,,Abitazione,Via Enrico Fileti 19
896336,edificio,96013,,Abitazione,Via Enrico Fileti 19
896337,edificio,96013,,Abitazione,Via Enrico Fileti 19
896338,edificio,96013,,Abitazione,Via Enrico Fileti 19
896339,edificio,96013,,Abitazione,Via Enrico Fileti 19
896340,edificio,96013,,Abitazione,Via Enrico Fileti 19
896341,edificio,96013,,Abitazione,Via Enrico Fileti 19
896342,edificio,96013,,Abitazione,Via Enrico Fileti 19
896343,edificio,96013,,Abitazione,Via Enrico Fileti 19
896344,edificio,96013,,Abitazione,Via Enrico Fileti 19
896345,edificio,96013,,Abitazione,Via Enrico Fileti 19
896346,edificio,96013,,Abitazione,Via Enrico Fileti 19
896347,edificio,96013,,Abitazione,Via Enrico Fileti 19
896348,edificio,96013,,Abitazione,Via Enrico Fileti 19
896349,edificio,96013,,Abitazione,Via Enrico Fileti 19
896350,edificio,96013,,Abitazione,Via Enrico Fileti 19
896351,edificio,96013,,Abitazione,Via Enrico Fileti 19
896352,edificio,96013,,Abitazione,Via Enrico Fileti 19
896353,edificio,96013,,Abitazione,Via Enrico Fileti 19
896354,edificio,96013,,Abitazione,Via Enrico Fileti 19
896355,edificio,96013,,Abitazione,Via Enrico Fileti 19
896356,edificio,96013,,Abitazione,Via Enrico Fileti 19
896357,edificio,96013,,Abitazione,Via Enrico Fileti 19
896358,edificio,96013,,Abitazione,Via Enrico Fileti 19
896359,edificio,96013,,Abitazione,Via Enrico Fileti 19
896360,edificio,96013,,Abitazione,Via Enrico Fileti 19
896361,edificio,96013,,Abitazione,Via Enrico Fileti 19
896362,edificio,96013,,Abitazione,Via Enrico Fileti 19
896363,edificio,96013,,Abitazione,Via Enrico Fileti 19
896364,edificio,96013,,Abitazione,Via Enrico Fileti 19
896365,edificio,96013,,Abitazione,Via Enrico Fileti 19
896366,edificio,96013,,Abitazione,Via Enrico Fileti 19
896367,edificio,96013,,Abitazione,Via Enrico Fileti 19
896368,edificio,96013,,Abitazione,Via Enrico Fileti 19
896369,edificio,96013,,Abitazione,Via Enrico Fileti 19
896370,edificio,96013,,Abitazione,Via Enrico Fileti 19
896371,edificio,96013,,Abitazione,Via Enrico Fileti 19
896372,edificio,96013,,Abitazione,Via Enrico Fileti 19
896373,edificio,96013,,Abitazione,Via Enrico Fileti 19
896374,edificio,96013,,Abitazione,Via Enrico Fileti 19
896375,edificio,96013,,Abitazione,Via Enrico Fileti 19
896376,edificio,96013,,Abitazione,Via Enrico Fileti 19
896377,edificio,96013,,Abitazione,Via Enrico Fileti 19
896378,edificio,96013,,Abitazione,Via Enrico Fileti 19
896379,edificio,96013,,Abitazione,Via Enrico Fileti 19
896380,edificio,96013,,Abitazione,Via Enrico Fileti 19
896381,edificio,96013,,Abitazione,Via Enrico Fileti 19
896382,edificio,96013,,Abitazione,Via Enrico Fileti 19
896383,edificio,96013,,Abitazione,Via Enrico Fileti 19
896384,edificio,96013,,Abitazione,Via Enrico Fileti 19
896385,edificio,96013,,Abitazione,Via Enrico Fileti 19
896386,edificio,96013,,Abitazione,Via Enrico Fileti 19
896387,edificio,96013,,Abitazione,Via Enrico Fileti 19
896388,edificio,96013,,Abitazione,Via Enrico Fileti 19
896389,edificio,96013,,Abitazione,Via Enrico Fileti 19
896390,edificio,96013,,Abitazione,Via Enrico Fileti 19
896391,edificio,96013,,Abitazione,Via Enrico Fileti 19
896392,edificio,96013,,Abitazione,Via Enrico Fileti 19
896393,edificio,96013,,Abitazione,Via Enrico Fileti 19
896394,edificio,96013,,Abitazione,Via Enrico Fileti 19
896395,edificio,96013,,Abitazione,Via Enrico Fileti 19
896396,edificio,96013,,Abitazione,Via Enrico Fileti 19
896397,edificio,96013,,Abitazione,Via Enrico Fileti 19
896398,edificio,96013,,Abitazione,Via Enrico Fileti 19
896399,edificio,96013,,Abitazione,Via Enrico Fileti 19
896400,edificio,96013,,Abitazione,Via Enrico Fileti 19
896401,edificio,96013,,Abitazione,Via Enrico Fileti 19
896402,edificio,96013,,Abitazione,Via Enrico Fileti 19
896403,edificio,96013,,Abitazione,Via Enrico Fileti 19
896404,edificio,96013,,Abitazione,Via Enrico Fileti 19
896405,edificio,96013,,Abitazione,Via Enrico Fileti 19
896406,edificio,96013,,Abitazione,Via Enrico Fileti 19
896407,edificio,96013,,Abitazione,Via Enrico Fileti 19
896408,edificio,96013,,Abitazione,Via Enrico Fileti 19
896409,edificio,96013,,Abitazione,Via Enrico Fileti 19
896410,edificio,96013,,Abitazione,Via Enrico Fileti 19
896411,edificio,96013,,Abitazione,Via Enrico Fileti 19
896412,edificio,96013,,Abitazione,Via Enrico Fileti 19
896413,edificio,96013,,Abitazione,Via Enrico Fileti 19
896414,edificio,96013,,Abitazione,Via Enrico Fileti 19
896415,edificio,96013,,Abitazione,Via Enrico Fileti 19
896416,edificio,96013,,Abitazione,Via Enrico Fileti 19
896417,edificio,96013,,Abitazione,Via Enrico Fileti 19
896418,edificio,96013,,Abitazione,Via Enrico Fileti 19
896419,edificio,96013,,Abitazione,Via Enrico Fileti 19
896420,edificio,96013,,Abitazione,Via Enrico Fileti 19
896421,edificio,96013,,Abitazione,Via Enrico Fileti 19
896422,edificio,96013,,Abitazione,Via Enrico Fileti 19
896423,edificio,96013,,Abitazione,Via Enrico Fileti 19
896424,edificio,96013,,Abitazione,Via Enrico Fileti 19
896425,edificio,96013,,Abitazione,Via Enrico Fileti 19
896426,edificio,96013,,Abitazione,Via Enrico Fileti 19
896427,edificio,96013,,Abitazione,Via Enrico Fileti 19
896428,edificio,96013,,Abitazione,Via Enrico Fileti 19
896429,edificio,96013,,Abitazione,Via Enrico Fileti 19
896430,edificio,96013,,Abitazione,Via Enrico Fileti 19
896431,edificio,96013,,Abitazione,Via Enrico Fileti 19
896432,edificio,96013,,Abitazione,Via Enrico Fileti 19
896433,edificio,96013,,Abitazione,Via Enrico Fileti 19
896434,edificio,96013,,Abitazione,Via Enrico Fileti 19
896435,edificio,96013,,Abitazione,Via Enrico Fileti 19
896436,edificio,96013,,Abitazione,Via Enrico Fileti 19
896437,edificio,96013,,Abitazione,Via Enrico Fileti 19
896438,edificio,96013,,Abitazione,Via Enrico Fileti 19
896439,edificio,96013,,Abitazione,Via Enrico Fileti 19
896440,edificio,96013,,Abitazione,Via Enrico Fileti 19
896441,edificio,96013,,Abitazione,Via Enrico Fileti 19
896442,edificio,96013,,Abitazione,Via Enrico Fileti 19
896443,edificio,96013,,Abitazione,Via Enrico Fileti 19
896444,edificio,96013,,Abitazione,Via Enrico Fileti 19
896445,edificio,96013,,Abitazione,Via Enrico Fileti 19
896446,edificio,96013,,Abitazione,Via Enrico Fileti 19
896447,edificio,96013,,Abitazione,Via Enrico Fileti 19
896448,edificio,96013,,Abitazione,Via Enrico Fileti 19
896449,edificio,96013,,Abitazione,Via Enrico Fileti 19
896450,edificio,96013,,Abitazione,Via Enrico Fileti 19
896451,edificio,96013,,Abitazione,Via Enrico Fileti 19
896452,edificio,96013,,Abitazione,Via Enrico Fileti 19
896453,edificio,96013,,Abitazione,Via Enrico Fileti 19
896454,edificio,96013,,Abitazione,Via Enrico Fileti 19
896455,edificio,96013,,Abitazione,Via Enrico Fileti 19
896456,edificio,96013,,Abitazione,Via Enrico Fileti 19
896457,edificio,96013,,Abitazione,Via Enrico Fileti 19
896458,edificio,96013,,Abitazione,Via Enrico Fileti 19
896459,edificio,96013,,Abitazione,Via Enrico Fileti 19
896460,edificio,96013,,Abitazione,Via Enrico Fileti 19
896461,edificio,96013,,Abitazione,Via Enrico Fileti 19
896462,edificio,96013,,Abitazione,Via Enrico Fileti 19
896463,edificio,96013,,Abitazione,Via Enrico Fileti 19
896464,edificio,96013,,Abitazione,Via Enrico Fileti 19
896465,edificio,96013,,Abitazione,Via Enrico Fileti 19
896466,edificio,96013,,Abitazione,Via Enrico Fileti 19
896467,edificio,96013,,Abitazione,Via Enrico Fileti 19
896468,edificio,96013,,Abitazione,Via Enrico Fileti 19
896469,edificio,96013,,Abitazione,Via Enrico Fileti 19
896470,edificio,96013,,Abitazione,Via Enrico Fileti 19
896471,edificio,96013,,Abitazione,Via Enrico Fileti 19
896472,edificio,96013,,Abitazione,Via Enrico Fileti 19
896473,edificio,96013,,Abitazione,Via Enrico Fileti 19
896474,edificio,96013,,Abitazione,Via Enrico Fileti 19
896475,edificio,96013,,Abitazione,Via Enrico Fileti 19
896476,edificio,96013,,Abitazione,Via Enrico Fileti 19
896477,edificio,96013,,Abitazione,Via Enrico Fileti 19
896478,edificio,96013,,Abitazione,Via Enrico Fileti 19
896479,edificio,96013,,Abitazione,Via Enrico Fileti 19
896480,edificio,96013,,Abitazione,Via Enrico Fileti 19
896481,edificio,96013,,Abitazione,Via Enrico Fileti 19
896482,edificio,96013,,Abitazione,Via Enrico Fileti 19
896483,edificio,96013,,Abitazione,Via Enrico Fileti 19
896484,edificio,96013,,Abitazione,Via Enrico Fileti 19
896485,edificio,96013,,Abitazione,Via Enrico Fileti 19
896486,edificio,96013,,Abitazione,Via Enrico Fileti 19
896487,edificio,96013,,Abitazione,Via Enrico Fileti 19
896488,edificio,96013,,Abitazione,Via Enrico Fileti 19
896489,edificio,96111,,Abitazione,Via Marvuglia Venanzio 1
896490,edificio,63456,,Magazzino e locali di deposito,Via San Guli 90
896491,edificio,63089,,Abitazione,Via Aloisio Juvara 18
896492,punto,,strada,Abitazione,Via Bordonaro 109
896493,edificio,97386,,Abitazione,Piazza San Francesco di Paola 4
896494,edificio,97452,,Abitazione,Piazza San Francesco di Paola 4
896495,edificio,63042,,"Fabbricato per attività produttiva (industriale, artigianale o agricola)",Via Aloisio Juvara 40
896497,edificio,110617,,Magazzino e locali di deposito,Via Antonello da Messina 9
896498,edificio,95391,,Abitazione,Piazza Generale Antonio Cascino 37
896499,edificio,95391,,Abitazione,Piazza Generale Antonio Cascino 37
896500,edificio,95391,,Abitazione,Piazza Generale Antonio Cascino 37
896501,edificio,95391,,Abitazione,Piazza Generale Antonio Cascino 37
896502,edificio,95391,,Abitazione,Piazza Generale Antonio Cascino 37
896503,edificio,95391,,Abitazione,Piazza Generale Antonio Cascino 37
896504,edificio,95391,,"Teatro, cinematografo, struttura per concerti e spettacoli e assimilabili",Piazza Generale Antonio Cascino 37
896505,edificio,95391,,"Cantina, soffitta, rimessa, box, garage, posto auto aperto/scoperto,…",Piazza Generale Antonio Cascino 37
896506,edificio,62975,,Abitazione,Via Brigata Aosta 29
896507,edificio,62975,,Abitazione,Via Brigata Aosta 29
896508,edificio,62975,,Abitazione,Via Brigata Aosta 29
896509,edificio,62972,,Abitazione,Via Brigata Aosta 31
896510,edificio,62972,,Abitazione,Via Brigata Aosta 31
896511,edificio,62972,,Abitazione,Via Brigata Aosta 31
896512,edificio,62972,,Abitazione,Via Brigata Aosta 31
896513,edificio,62972,,Abitazione,Via Brigata Aosta 31
896514,edificio,62972,,Abitazione,Via Brigata Aosta 31
896515,edificio,62972,,Abitazione,Via Brigata Aosta 29
896516,edificio,62972,,Abitazione,Via Brigata Aosta 29
896517,edificio,62972,,Abitazione,Via Brigata Aosta 31
896518,edificio,62972,,Abitazione,Via Brigata Aosta 29
896519,edificio,62972,,Abitazione,Via Brigata Aosta 29
896520,edificio,62972,,Abitazione,Via Brigata Aosta 29
896521,edificio,62972,,Abitazione,Via Brigata Aosta 29
896522,edificio,62972,,Abitazione,Via Brigata Aosta 29
896523,edificio,62972,,Abitazione,Via Brigata Aosta 29
896524,edificio,62972,,Abitazione,Via Brigata Aosta 31
896525,edificio,62508,,Abitazione,Via Sebastiano Bagolino 27
896526,edificio,62508,,Abitazione,Via Sebastiano Bagolino 31
896527,edificio,62508,,Abitazione,Via Sebastiano Bagolino 29
896528,edificio,62508,,Abitazione,Via Sebastiano Bagolino 29
896529,edificio,62508,,Abitazione,Via Sebastiano Bagolino 29
896530,edificio,62508,,Abitazione,Via Sebastiano Bagolino 29
896531,edificio,62508,,Abitazione,Via Sebastiano Bagolino 29
896532,edificio,95851,,Abitazione,Via Bonanno Pietro 11
896533,edificio,95851,,Abitazione,Via Bonanno Pietro 11
896534,edificio,95851,,Abitazione,Via Bonanno Pietro 11
896535,edificio,95863,,Abitazione,Via Bonanno Pietro 15
896536,edificio,95863,,Abitazione,Via Bonanno Pietro 15
896537,edificio,96006,,Abitazione,Via Jung Guido 7
896538,edificio,96006,,Abitazione,Via Jung Guido 7
896539,edificio,62771,,"Cantina, soffitta, rimessa, box, garage, posto auto aperto/scoperto,…",Via Ammiraglio Persano 22
896540,edificio,62771,,Abitazione,Via Ammiraglio Persano 24
896541,edificio,62870,,Magazzino e locali di deposito,Via Ammiraglio Persano 38
896542,edificio,62870,,Magazzino e locali di deposito,Via Persano Ammiraglio 44
896543,edificio,97977,,Abitazione,Lungomare Cristoforo Colombo 106
896544,edificio,95501,,Abitazione,Via Ammiraglio Persano 69
896545,edificio,62505,,Abitazione,Via Montalbo 87
896546,edificio,97389,,Abitazione,Via Papa Sergio I 57
896547,punto,,senza-edificio,Abitazione,Via Giordano Calcedonio 1
896548,edificio,62865,,Abitazione,Via Aloisio Juvara 103
896549,edificio,62865,,Abitazione,Via Aloisio Juvara 103
896550,edificio,97821,,Magazzino e locali di deposito,Via Papa Sergio I 77
896551,edificio,95883,,Abitazione,Via Bonanno Pietro 3
896552,edificio,95883,,Abitazione,Via Bonanno Pietro 3
896553,edificio,95883,,Abitazione,Via Bonanno Pietro 3
896554,edificio,95869,,Abitazione,Via Bonanno Pietro 5
896555,edificio,95869,,Abitazione,Via Bonanno Pietro 5
896556,edificio,95869,,Abitazione,Via Bonanno Pietro 5
896557,edificio,95867,,Abitazione,Via Pietro Bonanno 7
896558,edificio,95867,,Abitazione,Via Bonanno Pietro 7
896559,edificio,95867,,Abitazione,Via Bonanno Pietro 7
896560,edificio,95867,,Abitazione,Via Bonanno Pietro 7
896561,edificio,63382,,Magazzino e locali di deposito,Via Villasevaglios Pietro 17
896562,edificio,97981,,Abitazione,Lungomare Cristoforo Colombo 108
896563,edificio,98075,,Abitazione,Via Vergine Maria 5
896564,edificio,98075,,Abitazione,Via Vergine Maria 5
896565,edificio,97856,,Magazzino e locali di deposito,Via della Leva 28
896566,edificio,63252,,Abitazione,Via Argentieri 34
896567,edificio,98386,,Abitazione,Via Nostra Donna del Rotolo 99
896568,edificio,62645,,Abitazione,Via Marabitti 30
896569,edificio,62672,,Abitazione,Cortile Seminario Greco 9
896570,edificio,29317,,Abitazione,Via Caruso 28
896571,edificio,29317,,Abitazione,Via Caruso 32
896572,edificio,29317,,Abitazione,Via Giovambattista Caruso 30
896573,edificio,29317,,Abitazione,Via Giovambattista Caruso 30
896574,edificio,29317,,Abitazione,Via Giovambattista Caruso 30
896576,edificio,30815,,Abitazione,Via Catania 73
896577,edificio,30815,,Abitazione,Via Catania 73
896578,edificio,30815,,Abitazione,Via Catania 73
896579,edificio,30815,,Abitazione,Via Catania 73
896580,edificio,30815,,Abitazione,Via Catania 73
896581,edificio,30815,,Abitazione,Via Catania 73
896582,edificio,30815,,Abitazione,Via Catania 73
896583,edificio,30815,,Abitazione,Via Catania 73
896584,edificio,30832,,Magazzino e locali di deposito,Via Catania 7
896585,edificio,30790,,Abitazione,Via Catania 146
896586,edificio,30790,,Abitazione,Via Catania 146
896587,edificio,30790,,Abitazione,Via Catania 146
896588,edificio,30790,,Magazzino e locali di deposito,Via Catania 134
896589,edificio,30790,,Abitazione,Via Catania 146
896590,edificio,30790,,Abitazione,Via Catania 146
896591,edificio,30585,,Abitazione,Via Terrasanta 82
896592,edificio,31081,,Magazzino e locali di deposito,Via Costantino Nigra 3A
896593,edificio,59852,,Magazzino e locali di deposito,Piazza Castelnuovo 7
896594,edificio,59852,,Magazzino e locali di deposito,Piazza Castelnuovo 13
896595,edificio,29957,,"Biblioteca, pinacoteca, museo, gallerie",Via Dante Alighieri 53
896596,edificio,60712,,Abitazione,Via Bonomo Gabriele 4
896597,edificio,60384,,Abitazione,Via Auferi 10
896598,edificio,60384,,Abitazione,Via Auferi 10
896599,edificio,61009,,Abitazione,Via Auferi 4
896600,edificio,60086,,Abitazione,Via Principe di Scordia 53
896601,edificio,60396,,Abitazione,Via Isidoro la Lumia 19
896603,edificio,60598,,Abitazione,Via Bontà 46
896604,edificio,61220,,Abitazione,Via Domenico Scinà 73
896605,edificio,61220,,Abitazione,Via Domenico Scinà 73
896606,edificio,61220,,Abitazione,Via Domenico Scinà 73
896607,edificio,61220,,Abitazione,Via Domenico Scinà 73
896608,edificio,61220,,Abitazione,Via Domenico Scinà 73
896609,edificio,61220,,Abitazione,Via Domenico Scinà 73
896610,edificio,61220,,Abitazione,Via Domenico Scinà 73
896611,edificio,61198,,Abitazione,Via Domenico Scinà 73
896612,edificio,61198,,Abitazione,Via Domenico Scinà 73
896613,edificio,61126,,Abitazione,Piazza della Pace 4
896614,edificio,61126,,Abitazione,Piazza della Pace 4
896615,edificio,61126,,Abitazione,Piazza della Pace 4
896616,edificio,61126,,Abitazione,Piazza della Pace 4
896617,edificio,61126,,Abitazione,Piazza della Pace 4
896618,edificio,61126,,Abitazione,Piazza della Pace 4
896619,edificio,61126,,Abitazione,Piazza della Pace 4
896620,edificio,61126,,Abitazione,Piazza della Pace 4
896621,edificio,61126,,Abitazione,Piazza della Pace 4
896622,edificio,61126,,Abitazione,Piazza della Pace 4
896623,edificio,61126,,Abitazione,Piazza della Pace 4
896624,edificio,61126,,Abitazione,Piazza della Pace 4
896625,edificio,61126,,Abitazione,Piazza della Pace 4
896626,edificio,61126,,Abitazione,Piazza della Pace 4
896627,edificio,61126,,Abitazione,Piazza della Pace 4
896628,edificio,61126,,Abitazione,Piazza della Pace 4
896629,edificio,61126,,Abitazione,Piazza della Pace 4
896630,edificio,61126,,Abitazione,Piazza della Pace 4
896631,edificio,61126,,Magazzino e locali di deposito,Via Archimede 1
896632,edificio,61126,,Ufficio strutturato ed assimilabili,Piazza della Pace 4
896633,edificio,61126,,"Cantina, soffitta, rimessa, box, garage, posto auto aperto/scoperto,…",Piazza della Pace 4
896634,edificio,61126,,"Cantina, soffitta, rimessa, box, garage, posto auto aperto/scoperto,…",Piazza della Pace 4
896635,edificio,61126,,"Cantina, soffitta, rimessa, box, garage, posto auto aperto/scoperto,…",Piazza della Pace 4
896636,edificio,61126,,"Cantina, soffitta, rimessa, box, garage, posto auto aperto/scoperto,…",Piazza della Pace 4
896637,edificio,61126,,"Cantina, soffitta, rimessa, box, garage, posto auto aperto/scoperto,…",Piazza della Pace 4
896638,edificio,61126,,"Cantina, soffitta, rimessa, box, garage, posto auto aperto/scoperto,…",Piazza della Pace 4
896639,edificio,61126,,"Cantina, soffitta, rimessa, box, garage, posto auto aperto/scoperto,…",Piazza della Pace 4
896640,edificio,61126,,"Cantina, soffitta, rimessa, box, garage, posto auto aperto/scoperto,…",Piazza della Pace 4
896641,edificio,61126,,"Cantina, soffitta, rimessa, box, garage, posto auto aperto/scoperto,…",Piazza della Pace 4
896642,edificio,61126,,"Cantina, soffitta, rimessa, box, garage, posto auto aperto/scoperto,…",Piazza della Pace 4
896643,edificio,61126,,Abitazione,Piazza della Pace 4
896644,edificio,61126,,"Cantina, soffitta, rimessa, box, garage, posto auto aperto/scoperto,…",Piazza della Pace 4
896645,edificio,61126,,"Cantina, soffitta, rimessa, box, garage, posto auto aperto/scoperto,…",Piazza della Pace 4
896646,edificio,61126,,"Cantina, soffitta, rimessa, box, garage, posto auto aperto/scoperto,…",Piazza della Pace 4
896647,edificio,61126,,"Cantina, soffitta, rimessa, box, garage, posto auto aperto/scoperto,…",Piazza della Pace 4
896648,edificio,61126,,"Cantina, soffitta, rimessa, box, garage, posto auto aperto/scoperto,…",Piazza della Pace 4
896649,edificio,61126,,"Cantina, soffitta, rimessa, box, garage, posto auto aperto/scoperto,…",Piazza della Pace 4
896650,edificio,61126,,"Cantina, soffitta, rimessa, box, garage, posto auto aperto/scoperto,…",Piazza della Pace 4
896651,edificio,61126,,"Cantina, soffitta, rimessa, box, garage, posto auto aperto/scoperto,…",Piazza della Pace 4
896652,edificio,61126,,"Cantina, soffitta, rimessa, box, garage, posto auto aperto/scoperto,…",Piazza della Pace 4
896653,edificio,61126,,"Cantina, soffitta, rimessa, box, garage, posto auto aperto/scoperto,…",Piazza della Pace 4
896654,edificio,61126,,Abitazione,Piazza della Pace 4
896655,edificio,61126,,"Cantina, soffitta, rimessa, box, garage, posto auto aperto/scoperto,…",Piazza della Pace 4
896656,edificio,61126,,"Cantina, soffitta, rimessa, box, garage, posto auto aperto/scoperto,…",Piazza della Pace 4
896657,edificio,61126,,"Cantina, soffitta, rimessa, box, garage, posto auto aperto/scoperto,…",Piazza della Pace 4
896658,edificio,61126,,"Cantina, soffitta, rimessa, box, garage, posto auto aperto/scoperto,…",Piazza della Pace 4
896659,edificio,61126,,"Cantina, soffitta, rimessa, box, garage, posto auto aperto/scoperto,…",Piazza della Pace 4
896660,edificio,61126,,"Cantina, soffitta, rimessa, box, garage, posto auto aperto/scoperto,…",Piazza della Pace 4
896661,edificio,61126,,"Cantina, soffitta, rimessa, box, garage, posto auto aperto/scoperto,…",Piazza della Pace 4
896662,edificio,61126,,"Cantina, soffitta, rimessa, box, garage, posto auto aperto/scoperto,…",Piazza della Pace 4
896663,edificio,61126,,"Cantina, soffitta, rimessa, box, garage, posto auto aperto/scoperto,…",Piazza della Pace 4
896664,edificio,61126,,"Cantina, soffitta, rimessa, box, garage, posto auto aperto/scoperto,…",Piazza della Pace 4
896665,edificio,61126,,Abitazione,Piazza della Pace 4
896666,edificio,61126,,"Cantina, soffitta, rimessa, box, garage, posto auto aperto/scoperto,…",Piazza della Pace 4
896667,edificio,61126,,"Cantina, soffitta, rimessa, box, garage, posto auto aperto/scoperto,…",Piazza della Pace 4
896668,edificio,61126,,"Cantina, soffitta, rimessa, box, garage, posto auto aperto/scoperto,…",Piazza della Pace 4
896669,edificio,61126,,"Cantina, soffitta, rimessa, box, garage, posto auto aperto/scoperto,…",Piazza della Pace 4
896670,edificio,61126,,"Cantina, soffitta, rimessa, box, garage, posto auto aperto/scoperto,…",Piazza della Pace 4
896671,edificio,61126,,"Cantina, soffitta, rimessa, box, garage, posto auto aperto/scoperto,…",Piazza della Pace 4
896672,edificio,61126,,"Cantina, soffitta, rimessa, box, garage, posto auto aperto/scoperto,…",Piazza della Pace 4
896673,edificio,61126,,"Cantina, soffitta, rimessa, box, garage, posto auto aperto/scoperto,…",Piazza della Pace 4
896674,edificio,61126,,"Cantina, soffitta, rimessa, box, garage, posto auto aperto/scoperto,…",Piazza della Pace 4
896675,edificio,61126,,"Cantina, soffitta, rimessa, box, garage, posto auto aperto/scoperto,…",Piazza della Pace 4
896676,edificio,61126,,Abitazione,Piazza della Pace 4
896677,edificio,61126,,"Cantina, soffitta, rimessa, box, garage, posto auto aperto/scoperto,…",Piazza della Pace 4
896678,edificio,61126,,"Cantina, soffitta, rimessa, box, garage, posto auto aperto/scoperto,…",Piazza della Pace 4
896679,edificio,61126,,"Cantina, soffitta, rimessa, box, garage, posto auto aperto/scoperto,…",Piazza della Pace 4
896680,edificio,61126,,"Cantina, soffitta, rimessa, box, garage, posto auto aperto/scoperto,…",Piazza della Pace 4
896681,edificio,61126,,"Cantina, soffitta, rimessa, box, garage, posto auto aperto/scoperto,…",Piazza della Pace 4
896682,edificio,61126,,"Cantina, soffitta, rimessa, box, garage, posto auto aperto/scoperto,…",Piazza della Pace 4
896683,edificio,61126,,"Cantina, soffitta, rimessa, box, garage, posto auto aperto/scoperto,…",Piazza della Pace 4
896684,edificio,61126,,"Cantina, soffitta, rimessa, box, garage, posto auto aperto/scoperto,…",Piazza della Pace 4
896685,edificio,61126,,"Cantina, soffitta, rimessa, box, garage, posto auto aperto/scoperto,…",Piazza della Pace 4
896686,edificio,61126,,"Cantina, soffitta, rimessa, box, garage, posto auto aperto/scoperto,…",Piazza della Pace 4
896687,edificio,61126,,Abitazione,Piazza della Pace 4
896688,edificio,61126,,"Cantina, soffitta, rimessa, box, garage, posto auto aperto/scoperto,…",Piazza della Pace 4
896689,edificio,61126,,"Cantina, soffitta, rimessa, box, garage, posto auto aperto/scoperto,…",Piazza della Pace 4
896690,edificio,61126,,"Cantina, soffitta, rimessa, box, garage, posto auto aperto/scoperto,…",Piazza della Pace 4
896691,edificio,61126,,"Cantina, soffitta, rimessa, box, garage, posto auto aperto/scoperto,…",Piazza della Pace 4
896692,edificio,61126,,"Cantina, soffitta, rimessa, box, garage, posto auto aperto/scoperto,…",Piazza della Pace 4
896693,edificio,61126,,"Cantina, soffitta, rimessa, box, garage, posto auto aperto/scoperto,…",Piazza della Pace 4
896694,edificio,61126,,"Cantina, soffitta, rimessa, box, garage, posto auto aperto/scoperto,…",Piazza della Pace 4
896695,edificio,61126,,"Cantina, soffitta, rimessa, box, garage, posto auto aperto/scoperto,…",Piazza della Pace 4
896696,edificio,61126,,"Cantina, soffitta, rimessa, box, garage, posto auto aperto/scoperto,…",Piazza della Pace 4
896697,edificio,61126,,"Cantina, soffitta, rimessa, box, garage, posto auto aperto/scoperto,…",Piazza della Pace 4
896698,edificio,61126,,Abitazione,Piazza della Pace 4
896699,edificio,61126,,"Cantina, soffitta, rimessa, box, garage, posto auto aperto/scoperto,…",Piazza della Pace 4
896700,edificio,61126,,"Cantina, soffitta, rimessa, box, garage, posto auto aperto/scoperto,…",Piazza della Pace 4
896701,edificio,61126,,"Cantina, soffitta, rimessa, box, garage, posto auto aperto/scoperto,…",Piazza della Pace 4
896702,edificio,61126,,"Cantina, soffitta, rimessa, box, garage, posto auto aperto/scoperto,…",Piazza della Pace 4
896703,edificio,61126,,"Cantina, soffitta, rimessa, box, garage, posto auto aperto/scoperto,…",Piazza della Pace 4
896704,edificio,61126,,"Cantina, soffitta, rimessa, box, garage, posto auto aperto/scoperto,…",Piazza della Pace 4
896705,edificio,61126,,"Cantina, soffitta, rimessa, box, garage, posto auto aperto/scoperto,…",Piazza della Pace 4
896706,edificio,61126,,"Cantina, soffitta, rimessa, box, garage, posto auto aperto/scoperto,…",Piazza della Pace 4
896707,edificio,61126,,"Cantina, soffitta, rimessa, box, garage, posto auto aperto/scoperto,…",Piazza della Pace 4
896708,edificio,61126,,"Cantina, soffitta, rimessa, box, garage, posto auto aperto/scoperto,…",Piazza della Pace 4
896709,edificio,61126,,Abitazione,Piazza della Pace 4
896710,edificio,61126,,"Cantina, soffitta, rimessa, box, garage, posto auto aperto/scoperto,…",Piazza della Pace 4
896711,edificio,61126,,"Cantina, soffitta, rimessa, box, garage, posto auto aperto/scoperto,…",Piazza della Pace 4
896712,edificio,61126,,"Cantina, soffitta, rimessa, box, garage, posto auto aperto/scoperto,…",Piazza della Pace 4
896713,edificio,61126,,"Cantina, soffitta, rimessa, box, garage, posto auto aperto/scoperto,…",Piazza della Pace 4
896714,edificio,61126,,"Cantina, soffitta, rimessa, box, garage, posto auto aperto/scoperto,…",Piazza della Pace 4
896715,edificio,61126,,"Cantina, soffitta, rimessa, box, garage, posto auto aperto/scoperto,…",Piazza della Pace 4
896716,edificio,61126,,"Cantina, soffitta, rimessa, box, garage, posto auto aperto/scoperto,…",Piazza della Pace 4
896717,edificio,61126,,"Cantina, soffitta, rimessa, box, garage, posto auto aperto/scoperto,…",Piazza della Pace 4
896718,edificio,61126,,"Cantina, soffitta, rimessa, box, garage, posto auto aperto/scoperto,…",Piazza della Pace 4
896719,edificio,61126,,"Cantina, soffitta, rimessa, box, garage, posto auto aperto/scoperto,…",Piazza della Pace 4
896720,edificio,61126,,"Cantina, soffitta, rimessa, box, garage, posto auto aperto/scoperto,…",Piazza della Pace 4
896721,edificio,61126,,"Cantina, soffitta, rimessa, box, garage, posto auto aperto/scoperto,…",Piazza della Pace 4
896722,edificio,61126,,"Cantina, soffitta, rimessa, box, garage, posto auto aperto/scoperto,…",Piazza della Pace 4
896723,edificio,61126,,"Cantina, soffitta, rimessa, box, garage, posto auto aperto/scoperto,…",Piazza della Pace 4
896724,edificio,61126,,"Cantina, soffitta, rimessa, box, garage, posto auto aperto/scoperto,…",Piazza della Pace 4
896725,edificio,61126,,"Cantina, soffitta, rimessa, box, garage, posto auto aperto/scoperto,…",Piazza della Pace 4
896726,edificio,61126,,"Cantina, soffitta, rimessa, box, garage, posto auto aperto/scoperto,…",Piazza della Pace 4
896727,edificio,61126,,"Cantina, soffitta, rimessa, box, garage, posto auto aperto/scoperto,…",Piazza della Pace 4
896728,edificio,61126,,Abitazione,Piazza della Pace 4
896729,edificio,61126,,Abitazione,Piazza della Pace 4
896730,edificio,61126,,Abitazione,Piazza della Pace 4
896731,edificio,61126,,Abitazione,Piazza della Pace 4
896732,edificio,61126,,Abitazione,Piazza della Pace 4
896733,edificio,61126,,Abitazione,Piazza della Pace 4
896734,edificio,61126,,Abitazione,Piazza della Pace 4
896735,edificio,61126,,Abitazione,Piazza della Pace 4
896736,edificio,61126,,"Edificio scolastico (es.: scuola di ogni ordine e grado, università, scuola di formazione)",Piazza della Pace 4
896737,edificio,61126,,Abitazione,Piazza della Pace 4
896738,edificio,61126,,Abitazione,Piazza della Pace 4
896739,edificio,61126,,Abitazione,Piazza della Pace 4
896740,edificio,61126,,Abitazione,Piazza della Pace 4
896741,edificio,61126,,Abitazione,Piazza della Pace 4
896742,edificio,61126,,Abitazione,Piazza della Pace 4
896743,edificio,61126,,Abitazione,Piazza della Pace 4
896744,edificio,61126,,Abitazione,Piazza della Pace 4
896745,edificio,61126,,Ufficio strutturato ed assimilabili,Piazza della Pace 4
896746,edificio,61126,,Abitazione,Piazza della Pace 4
896747,edificio,61126,,Abitazione,Piazza della Pace 4
896748,edificio,61126,,Abitazione,Piazza della Pace 4
896749,edificio,61126,,Abitazione,Piazza della Pace 4
896750,edificio,61126,,Abitazione,Piazza della Pace 4
896751,edificio,61126,,Abitazione,Piazza della Pace 4
896752,edificio,61126,,Abitazione,Piazza della Pace 4
896753,edificio,61126,,Abitazione,Piazza della Pace 4
896754,edificio,61126,,Abitazione,Piazza della Pace 4
896755,edificio,61126,,Abitazione,Piazza della Pace 4
896756,edificio,61126,,Abitazione,Piazza della Pace 4
896757,edificio,61126,,Abitazione,Piazza della Pace 4
896758,edificio,61126,,Abitazione,Piazza della Pace 4
896759,edificio,61126,,Abitazione,Piazza della Pace 4
896760,edificio,61126,,Abitazione,Piazza della Pace 4
896761,edificio,61126,,Abitazione,Piazza della Pace 4
896762,edificio,61126,,Abitazione,Piazza della Pace 4
896763,edificio,61126,,Abitazione,Piazza della Pace 4
896764,edificio,61126,,Ufficio strutturato ed assimilabili,Piazza della Pace 4
896765,edificio,61126,,Abitazione,Piazza della Pace 4
896766,edificio,61126,,Abitazione,Piazza della Pace 4
896767,edificio,61126,,Abitazione,Piazza della Pace 4
896768,edificio,61126,,Abitazione,Piazza della Pace 4
896769,edificio,61126,,Abitazione,Piazza della Pace 4
896770,edificio,61126,,Abitazione,Piazza della Pace 4
896771,edificio,61126,,Abitazione,Piazza della Pace 4
896772,edificio,61126,,Abitazione,Piazza della Pace 4
896773,edificio,61126,,Abitazione,Piazza della Pace 4
896774,edificio,61126,,Abitazione,Piazza della Pace 4
896775,edificio,61126,,Abitazione,Piazza della Pace 4
896776,edificio,61126,,Abitazione,Piazza della Pace 4
896777,edificio,61126,,Abitazione,Piazza della Pace 4
896778,edificio,61126,,Abitazione,Piazza della Pace 4
896779,edificio,61126,,Abitazione,Piazza della Pace 4
896780,edificio,61126,,Abitazione,Piazza della Pace 4
896781,edificio,61126,,Abitazione,Piazza della Pace 4
896782,edificio,61126,,Abitazione,Piazza della Pace 4
896783,edificio,61126,,Abitazione,Piazza della Pace 4
896784,edificio,61126,,Abitazione,Piazza della Pace 4
896785,edificio,61126,,Abitazione,Piazza della Pace 4
896786,edificio,61126,,Abitazione,Piazza della Pace 4
896787,edificio,60760,,"Edificio scolastico (es.: scuola di ogni ordine e grado, università, scuola di formazione)",Via Principe di Scordia 169
896788,edificio,60065,,Abitazione,Via Ammiraglio Gravina 30
896789,edificio,61235,,Ufficio strutturato ed assimilabili,Via Francesco Crispi 286
896790,edificio,11515,,Magazzino e locali di deposito,Piazzale Fausto Pirandello 6
896791,edificio,52772,,"Edificio scolastico (es.: scuola di ogni ordine e grado, università, scuola di formazione)",VIA PIER DELLE VIGNE S.N.C.
896792,edificio,52772,,Magazzino e locali di deposito,Piazza Castelnuovo 49
896793,edificio,52772,,Magazzino e locali di deposito,Piazza Castelnuovo 49
896794,edificio,52772,,Magazzino e locali di deposito,Stradella Fondo Denaro 10
896795,edificio,52772,,Magazzino e locali di deposito,Piazza Castelnuovo 49
896796,edificio,52772,,Magazzino e locali di deposito,Piazza Castelnuovo 49
896797,edificio,52772,,Magazzino e locali di deposito,Stradella Fondo Denaro 7
896798,edificio,52772,,Magazzino e locali di deposito,Stradella Fondo Denaro 6
896799,edificio,52772,,Magazzino e locali di deposito,Stradella Fondo Denaro 5
896800,edificio,52772,,Magazzino e locali di deposito,Piazza Castelnuovo 49
896801,edificio,60406,,Abitazione,Via Sella Quintino 48
896802,edificio,60406,,Abitazione,Via Sella Quintino 48
896803,edificio,60406,,Abitazione,Via Sella Quintino 48
896804,edificio,60406,,Abitazione,Via Sella Quintino 48
896805,edificio,60406,,Abitazione,Via Sella Quintino 48
896806,edificio,60406,,Abitazione,Via Sella Quintino 48
896807,edificio,60406,,Abitazione,Via Sella Quintino 48
896808,edificio,60406,,Abitazione,Via Sella Quintino 48
896809,edificio,60406,,Abitazione,Via Sella Quintino 48
896810,edificio,60406,,Abitazione,Via Sella Quintino 48
896811,edificio,60406,,Abitazione,Via Sella Quintino 48
896812,edificio,60406,,Abitazione,Via Sella Quintino 48
896813,edificio,60406,,Abitazione,Via Sella Quintino 48
896814,edificio,29763,,Abitazione,Via Houel 13
896815,edificio,18940,,Magazzino e locali di deposito,Via Cardinale Tomasi 11
896816,edificio,21520,,Magazzino e locali di deposito,Via Filippone 13
896817,edificio,21520,,Magazzino e locali di deposito,VICOLO DELLA PILA 5
896818,edificio,21520,,Magazzino e locali di deposito,Vicolo delle Api 7
896819,edificio,21520,,Magazzino e locali di deposito,Via Filippone 15
896820,edificio,21520,,Magazzino e locali di deposito,Via Filippone 17
896821,edificio,21520,,Magazzino e locali di deposito,Vicolo dell'Altare 4
896822,edificio,21520,,Magazzino e locali di deposito,Vicolo dell'Altare 6
896823,edificio,21520,,Magazzino e locali di deposito,Vicolo dell'altare 8
896824,edificio,21520,,Magazzino e locali di deposito,VICOLO DELLA PILA 1
896825,edificio,21520,,Magazzino e locali di deposito,Vicolo delle Api 3
896826,edificio,18937,,"Cantina, soffitta, rimessa, box, garage, posto auto aperto/scoperto,…",Piazzetta D'Ossuna 3
896827,edificio,21630,,Magazzino e locali di deposito,Cortile Gesù e Maria Al Papireto 1
896828,edificio,21630,,Magazzino e locali di deposito,Cortile Gesù e Maria Al Papireto 2
896829,edificio,53742,,Magazzino e locali di deposito,Cortile Gesù e Maria Al Papireto 4
896830,edificio,53742,,Magazzino e locali di deposito,Cortile Gesù e Maria Al Papireto 5
896831,edificio,21710,,Abitazione,Via G. Pacini 82
896832,edificio,54101,,Abitazione,Via Tunisi 4
896833,edificio,29526,,Abitazione,Via Vincenzo di Pavia 4
896834,edificio,12592,,"Biblioteca, pinacoteca, museo, gallerie",Piazza Barone Turrisi 55
896835,edificio,12714,,"Edificio scolastico (es.: scuola di ogni ordine e grado, università, scuola di formazione)",Via Umberto Maddalena 119
896836,edificio,9716,,Abitazione,Via Alla Falconara 40
896837,edificio,11534,,Abitazione,Via Erice 35
896838,edificio,11534,,Abitazione,Via Erice 35
896839,edificio,11534,,Abitazione,Via Erice 37
896840,edificio,11534,,Abitazione,Via Erice 37
896841,edificio,11534,,Abitazione,Via Erice 39
896842,edificio,11534,,Abitazione,Via Erice 33
896843,edificio,11534,,Abitazione,Via Erice 39
896844,edificio,11534,,Abitazione,Via Erice 33
896845,edificio,11534,,Abitazione,Via Erice 33
896846,edificio,11534,,Abitazione,Via Erice 33
896847,edificio,11534,,Abitazione,Via Erice 33
896848,edificio,11534,,Abitazione,Via Erice 33
896849,edificio,11139,,Abitazione,Via Petralia Sottana 1
896850,edificio,11139,,Abitazione,Via Petralia Sottana 2
896851,edificio,11139,,Abitazione,Via Petralia Sottana 2
896852,edificio,11139,,Abitazione,Via Petralia Sottana 2
896853,edificio,11139,,Abitazione,Via Petralia Sottana 2
896854,edificio,11139,,Abitazione,Via Petralia Sottana 2
896855,edificio,11139,,Abitazione,Via Petralia Sottana 2
896856,edificio,11139,,Abitazione,Via Petralia Sottana 2
896857,edificio,11139,,Abitazione,Via Petralia Sottana 2
896858,edificio,11139,,Abitazione,Via Petralia Sottana 3
896859,edificio,11139,,Abitazione,Via Petralia Sottana 3
896860,edificio,11139,,Abitazione,Via Petralia Sottana 3
896861,edificio,11139,,Abitazione,Via Petralia Sottana 3
896862,edificio,11139,,Abitazione,Via Petralia Sottana 3
896863,edificio,11139,,Abitazione,Via Petralia Sottana 3
896864,edificio,11139,,Abitazione,Via Petralia Sottana 3
896865,edificio,11139,,Abitazione,Via Petralia Sottana 1
896866,edificio,11139,,Abitazione,Via Petralia Sottana 3
896867,edificio,11139,,Abitazione,Via Petralia Sottana 1
896868,edificio,11139,,Abitazione,Via Petralia Sottana 1
896869,edificio,11139,,Abitazione,Via Petralia Sottana 1
896870,edificio,11139,,Abitazione,Via Petralia Sottana 1
896871,edificio,17662,,Abitazione,Via Palchetto 2
896872,edificio,18047,,Abitazione,Via Eugenio l'Emiro 76
896873,edificio,18047,,Abitazione,Via Eugenio l'Emiro 76
896874,edificio,103561,,Abitazione,Via Eugenio l'Emiro 76
896875,edificio,18047,,Abitazione,Via Eugenio l'Emiro 76
896876,edificio,18047,,Abitazione,Via Eugenio l'Emiro 86
896877,edificio,18047,,Abitazione,Via Eugenio l'Emiro 86
896878,edificio,18047,,Abitazione,Via Eugenio l'Emiro 86
896879,edificio,18047,,Abitazione,Via Eugenio l'Emiro 98
896880,edificio,18047,,Abitazione,Via Eugenio l'Emiro 98
896881,edificio,18047,,Abitazione,Via Eugenio l'Emiro 98
896882,edificio,18047,,Abitazione,Via Eugenio l'Emiro 98
896883,edificio,18047,,Abitazione,Via Eugenio l'Emiro 98
896884,edificio,18047,,Abitazione,Via Eugenio l'Emiro 98
896885,edificio,103561,,Abitazione,Via Eugenio l'Emiro 98
896886,edificio,18047,,Abitazione,Via Eugenio l'Emiro 98
896887,edificio,18047,,Abitazione,Via Eugenio l'Emiro 98
896888,edificio,18047,,Abitazione,Via Eugenio l'Emiro 98
896889,edificio,18047,,Abitazione,Via Eugenio l'Emiro 86
896890,edificio,11542,,Abitazione,Via Alia 14
896891,edificio,11542,,Abitazione,Via Alia 14
896892,edificio,11736,,"Struttura residenziale collettiva (es.: collegi e convitti, educandati, ricoveri, orfanotrofi, ospizi, conventi, seminari)",Piazzale Castronovo 4
896893,edificio,11736,,"Struttura residenziale collettiva (es.: collegi e convitti, educandati, ricoveri, orfanotrofi, ospizi, conventi, seminari)",Piazzale Castronovo 4
896894,edificio,11736,,Abitazione,Piazzale Castronovo 4
896895,edificio,11736,,Abitazione,Piazzale Castronovo 4
896896,edificio,11736,,Abitazione,Piazzale Castronovo 4
896897,edificio,11736,,Abitazione,Piazzale Castronovo 4
896898,edificio,11736,,Abitazione,Piazzale Castronovo 4
896899,edificio,11736,,Abitazione,Piazzale Castronovo 4
896900,edificio,11736,,Abitazione,Piazzale Castronovo 4
896901,edificio,11736,,Abitazione,Piazzale Castronovo 4
896902,edificio,11736,,Abitazione,Piazzale Castronovo 4
896903,edificio,11736,,Abitazione,Piazzale Castronovo 4
896904,edificio,11736,,Abitazione,Piazzale Castronovo 4
896905,edificio,11736,,Abitazione,Piazzale Castronovo 4
896906,edificio,11736,,Abitazione,Piazzale Castronovo 4
896907,edificio,11736,,Abitazione,Piazzale Castronovo 4
896908,edificio,11736,,Abitazione,Piazzale Castronovo 4
896909,edificio,11736,,Abitazione,Piazzale Castronovo 4
896910,edificio,11736,,Abitazione,Piazzale Castronovo 4
896911,edificio,11736,,Abitazione,Piazzale Castronovo 4
896912,edificio,11736,,Abitazione,Piazzale Castronovo 4
896913,edificio,11736,,Abitazione,Piazzale Castronovo 4
896914,edificio,11736,,Abitazione,Piazzale Castronovo 4
896915,edificio,11736,,Abitazione,Piazzale Castronovo 4
896916,edificio,11736,,Abitazione,Piazzale Castronovo 4
896917,edificio,11736,,Abitazione,Piazzale Castronovo 4
896918,edificio,11736,,Abitazione,Piazzale Castronovo 4
896919,edificio,11736,,Abitazione,Piazzale Castronovo 4
896920,edificio,11736,,Abitazione,Piazzale Castronovo 4
896921,edificio,11736,,Abitazione,Piazzale Castronovo 4
896922,edificio,11736,,Abitazione,Piazzale Castronovo 4
896923,edificio,11736,,Abitazione,Piazzale Castronovo 4
896924,edificio,11736,,Abitazione,Piazzale Castronovo 4
896925,edificio,11736,,Abitazione,Piazzale Castronovo 4
896926,edificio,11736,,Abitazione,Piazzale Castronovo 4
896927,edificio,11736,,Abitazione,Piazzale Castronovo 4
896928,edificio,11736,,Abitazione,Piazzale Castronovo 4
896929,edificio,11736,,Abitazione,Piazzale Castronovo 4
896930,edificio,11736,,Abitazione,Piazzale Castronovo 4
896931,edificio,11736,,Abitazione,Piazzale Castronovo 4
896932,edificio,11736,,Abitazione,Piazzale Castronovo 4
896933,edificio,11736,,Abitazione,Piazzale Castronovo 4
896934,edificio,11736,,Abitazione,Piazzale Castronovo 4
896935,edificio,11736,,Abitazione,Piazzale Castronovo 4
896936,edificio,11736,,Abitazione,Piazzale Castronovo 4
896937,edificio,11736,,Abitazione,Piazzale Castronovo 4
896938,edificio,11736,,Abitazione,Piazzale Castronovo 4
896939,edificio,11736,,Abitazione,Piazzale Castronovo 4
896940,edificio,11736,,Abitazione,Piazzale Castronovo 4
896941,edificio,11736,,Abitazione,Piazzale Castronovo 4
896942,edificio,11736,,Abitazione,Piazzale Castronovo 4
896943,edificio,11736,,Abitazione,Piazzale Castronovo 4
896944,edificio,11736,,Abitazione,Piazzale Castronovo 4
896945,edificio,11736,,Abitazione,Piazzale Castronovo 4
896946,edificio,11736,,Abitazione,Piazzale Castronovo 4
896947,edificio,11736,,Abitazione,Piazzale Castronovo 4
896948,edificio,11736,,Abitazione,Piazzale Castronovo 4
896949,edificio,11736,,Abitazione,Piazzale Castronovo 4
896950,edificio,11736,,Abitazione,Piazzale Castronovo 4
896951,edificio,11736,,Abitazione,Piazzale Castronovo 4
896952,edificio,11736,,Abitazione,Piazzale Castronovo 4
896953,edificio,11736,,Abitazione,Piazzale Castronovo 4
896954,edificio,11736,,Abitazione,Piazzale Castronovo 4
896955,edificio,11736,,Abitazione,Piazzale Castronovo 4
896956,edificio,11736,,Abitazione,Piazzale Castronovo 4
896957,edificio,11736,,Abitazione,Piazzale Castronovo 4
896958,edificio,11736,,Abitazione,Piazzale Castronovo 4
896959,edificio,11736,,Abitazione,Piazzale Castronovo 4
896960,edificio,11736,,Abitazione,Piazzale Castronovo 4
896961,edificio,11736,,Abitazione,Piazzale Castronovo 4
896962,edificio,11736,,Abitazione,Piazzale Castronovo 4
896963,edificio,11736,,Abitazione,Piazzale Castronovo 4
896964,edificio,11736,,Abitazione,Piazzale Castronovo 4
896965,edificio,11736,,Abitazione,Piazzale Castronovo 4
896966,edificio,11736,,Abitazione,Piazzale Castronovo 4
896967,edificio,11736,,Abitazione,Piazzale Castronovo 4
896968,edificio,11736,,Abitazione,Piazzale Castronovo 4
896969,edificio,11736,,Abitazione,Piazzale Castronovo 4
896970,edificio,11736,,Abitazione,Piazzale Castronovo 4
896971,edificio,11736,,Abitazione,Piazzale Castronovo 4
896972,edificio,11736,,Abitazione,Piazzale Castronovo 4
896973,edificio,11736,,Abitazione,Piazzale Castronovo 4
896974,edificio,11736,,Abitazione,Piazzale Castronovo 4
896975,edificio,11736,,Abitazione,Piazzale Castronovo 4
896976,edificio,11736,,Abitazione,Piazzale Castronovo 4
896977,edificio,11736,,Abitazione,Piazzale Castronovo 4
896978,edificio,11736,,Abitazione,Piazzale Castronovo 4
896979,edificio,11736,,Abitazione,Piazzale Castronovo 4
896980,edificio,11736,,Abitazione,Piazzale Castronovo 4
896981,edificio,11736,,Abitazione,Piazzale Castronovo 4
896982,edificio,11736,,Abitazione,Piazzale Castronovo 4
896983,edificio,11736,,Abitazione,Piazzale Castronovo 4
896984,edificio,11736,,Abitazione,Piazzale Castronovo 4
896985,edificio,11736,,Abitazione,Piazzale Castronovo 4
896986,edificio,11736,,Abitazione,Piazzale Castronovo 4
896987,edificio,11736,,Abitazione,Piazzale Castronovo 4
896988,edificio,11736,,Abitazione,Piazzale Castronovo 4
896989,edificio,11736,,Abitazione,Piazzale Castronovo 4
896990,edificio,11736,,Abitazione,Piazzale Castronovo 4
896991,edificio,11736,,Abitazione,Piazzale Castronovo 4
896992,edificio,11736,,Abitazione,Piazzale Castronovo 4
896993,edificio,11736,,Abitazione,Piazzale Castronovo 4
896994,edificio,11736,,Abitazione,Piazzale Castronovo 4
896995,edificio,11736,,Abitazione,Piazzale Castronovo 4
896996,edificio,11736,,Abitazione,Piazzale Castronovo 4
896997,edificio,11736,,Abitazione,Piazzale Castronovo 4
896998,edificio,11736,,Abitazione,Piazzale Castronovo 4
896999,edificio,11736,,Abitazione,Piazzale Castronovo 4
897000,edificio,11736,,Abitazione,Piazzale Castronovo 4
897001,edificio,11736,,Abitazione,Piazzale Castronovo 4
897002,edificio,11736,,Abitazione,Piazzale Castronovo 4
897003,edificio,11736,,Abitazione,Piazzale Castronovo 4
897004,edificio,11736,,Abitazione,Piazzale Castronovo 4
897005,edificio,11736,,Abitazione,Piazzale Castronovo 4
897006,edificio,11736,,Abitazione,Piazzale Castronovo 4
897007,edificio,11736,,Abitazione,Piazzale Castronovo 4
897008,edificio,11736,,Abitazione,Piazzale Castronovo 4
897009,edificio,11736,,Abitazione,Piazzale Castronovo 4
897010,edificio,11736,,Abitazione,Piazzale Castronovo 4
897011,edificio,11736,,Abitazione,Piazzale Castronovo 4
897012,edificio,11736,,Abitazione,Piazzale Castronovo 4
897013,edificio,11736,,Abitazione,Piazzale Castronovo 4
897014,edificio,11736,,Abitazione,Piazzale Castronovo 4
897015,edificio,11736,,Abitazione,Piazzale Castronovo 4
897016,edificio,11736,,Abitazione,Piazzale Castronovo 4
897017,edificio,11736,,Abitazione,Piazzale Castronovo 4
897018,edificio,11736,,Abitazione,Piazzale Castronovo 4
897019,edificio,11736,,Abitazione,Piazzale Castronovo 4
897020,edificio,11736,,Abitazione,Piazzale Castronovo 4
897021,edificio,11736,,Abitazione,Piazzale Castronovo 4
897022,edificio,11736,,Abitazione,Piazzale Castronovo 4
897023,edificio,11736,,Abitazione,Piazzale Castronovo 4
897024,edificio,11736,,Abitazione,Piazzale Castronovo 4
897025,edificio,11736,,Abitazione,Piazzale Castronovo 4
897026,edificio,11736,,Abitazione,Piazzale Castronovo 4
897027,edificio,11736,,Abitazione,Piazzale Castronovo 4
897028,edificio,11736,,Abitazione,Piazzale Castronovo 4
897029,edificio,11736,,Abitazione,Piazzale Castronovo 4
897030,edificio,11736,,Abitazione,Piazzale Castronovo 4
897031,edificio,11736,,Abitazione,Piazzale Castronovo 4
897032,edificio,11736,,Abitazione,Piazzale Castronovo 4
897033,edificio,11736,,Abitazione,Piazzale Castronovo 4
897034,edificio,11736,,Abitazione,Piazzale Castronovo 4
897035,edificio,11736,,Abitazione,Piazzale Castronovo 4
897036,edificio,11736,,Abitazione,Piazzale Castronovo 4
897037,edificio,11736,,Abitazione,Piazzale Castronovo 4
897038,edificio,11736,,Abitazione,Piazzale Castronovo 4
897039,edificio,11736,,Abitazione,Piazzale Castronovo 4
897040,edificio,11736,,Abitazione,Piazzale Castronovo 4
897041,edificio,11736,,Abitazione,Piazzale Castronovo 4
897042,edificio,11736,,Abitazione,Piazzale Castronovo 4
897043,edificio,11736,,Abitazione,Piazzale Castronovo 4
897044,edificio,11736,,Abitazione,Piazzale Castronovo 4
897045,edificio,11736,,Abitazione,Piazzale Castronovo 4
897046,edificio,11736,,Abitazione,Piazzale Castronovo 4
897047,edificio,11736,,Abitazione,Piazzale Castronovo 4
897048,edificio,11736,,Abitazione,Piazzale Castronovo 4
897049,edificio,11736,,Abitazione,Piazzale Castronovo 4
897050,edificio,11736,,Abitazione,Piazzale Castronovo 4
897051,edificio,11736,,Abitazione,Piazzale Castronovo 4
897052,edificio,11736,,Abitazione,Piazzale Castronovo 4
897053,edificio,11736,,Abitazione,Piazzale Castronovo 4
897054,edificio,11736,,Abitazione,Piazzale Castronovo 4
897055,edificio,11736,,Abitazione,Piazzale Castronovo 4
897056,edificio,11736,,Abitazione,Piazzale Castronovo 4
897057,edificio,11736,,Abitazione,Piazzale Castronovo 4
897058,edificio,11736,,Abitazione,Piazzale Castronovo 4
897059,edificio,11736,,Abitazione,Piazzale Castronovo 4
897060,edificio,11736,,Abitazione,Piazzale Castronovo 4
897061,edificio,11736,,Abitazione,Piazzale Castronovo 4
897062,edificio,11736,,Abitazione,Piazzale Castronovo 4
897063,edificio,11736,,Abitazione,Piazzale Castronovo 4
897064,edificio,11736,,Abitazione,Piazzale Castronovo 4
897065,edificio,11736,,Abitazione,Piazzale Castronovo 4
897066,edificio,11736,,Abitazione,Piazzale Castronovo 4
897067,edificio,11736,,Abitazione,Piazzale Castronovo 4
897068,edificio,11736,,Abitazione,Piazzale Castronovo 4
897069,edificio,11736,,Abitazione,Piazzale Castronovo 4
897070,edificio,11736,,Abitazione,Piazzale Castronovo 4
897071,edificio,11736,,Abitazione,Piazzale Castronovo 4
897072,edificio,11736,,Abitazione,Piazzale Castronovo 4
897073,edificio,11736,,Abitazione,Piazzale Castronovo 4
897074,edificio,11736,,Abitazione,Piazzale Castronovo 4
897075,edificio,11736,,Abitazione,Piazzale Castronovo 4
897076,edificio,11736,,Abitazione,Piazzale Castronovo 4
897077,edificio,11736,,Abitazione,Piazzale Castronovo 4
897078,edificio,11736,,Abitazione,Piazzale Castronovo 4
897079,edificio,11736,,Abitazione,Piazzale Castronovo 4
897080,edificio,11736,,Abitazione,Piazzale Castronovo 4
897081,edificio,11736,,Abitazione,Piazzale Castronovo 4
897082,edificio,11736,,Abitazione,Piazzale Castronovo 4
897083,edificio,11736,,Abitazione,Piazzale Castronovo 4
897084,edificio,11736,,Abitazione,Piazzale Castronovo 4
897085,edificio,11736,,Abitazione,Piazzale Castronovo 4
897086,edificio,11736,,Abitazione,Piazzale Castronovo 4
897087,edificio,11736,,Abitazione,Piazzale Castronovo 4
897088,edificio,11736,,Abitazione,Piazzale Castronovo 4
897089,edificio,11736,,Abitazione,Piazzale Castronovo 4
897090,edificio,11736,,Abitazione,Piazzale Castronovo 4
897091,edificio,11736,,Abitazione,Piazzale Castronovo 4
897092,edificio,11736,,Abitazione,Piazzale Castronovo 4
897093,edificio,11736,,Abitazione,Piazzale Castronovo 4
897094,edificio,11736,,Abitazione,Piazzale Castronovo 4
897095,edificio,11736,,Abitazione,Piazzale Castronovo 4
897096,edificio,11736,,Abitazione,Piazzale Castronovo 4
897097,edificio,11736,,Abitazione,Piazzale Castronovo 4
897098,edificio,11736,,Abitazione,Piazzale Castronovo 4
897099,edificio,11736,,Abitazione,Piazzale Castronovo 4
897100,edificio,11736,,Abitazione,Piazzale Castronovo 4
897101,edificio,11736,,Abitazione,Piazzale Castronovo 4
897102,edificio,11736,,Abitazione,Piazzale Castronovo 4
897103,edificio,11736,,Abitazione,Piazzale Castronovo 4
897104,edificio,11736,,Abitazione,Piazzale Castronovo 4
897105,edificio,11736,,Abitazione,Piazzale Castronovo 4
897106,edificio,11736,,Abitazione,Piazzale Castronovo 4
897107,edificio,11736,,Abitazione,Piazzale Castronovo 4
897108,edificio,11736,,Abitazione,Piazzale Castronovo 4
897109,edificio,11736,,Abitazione,Piazzale Castronovo 4
897110,edificio,11736,,Abitazione,Piazzale Castronovo 4
897111,edificio,11736,,Abitazione,Piazzale Castronovo 4
897112,edificio,11736,,Abitazione,Piazzale Castronovo 4
897113,edificio,11139,,Abitazione,Via Petralia Sottana 4
897114,edificio,27303,,Magazzino e locali di deposito,Via Simone Rau 23
897115,edificio,23669,,Magazzino e locali di deposito,Via Ignazio Silvestri 11
897116,edificio,23669,,Magazzino e locali di deposito,Via Ignazio Silvestri 11
897117,edificio,18105,,Abitazione,Via Pergusa 34
897118,punto,,senza-edificio,"Cantina, soffitta, rimessa, box, garage, posto auto aperto/scoperto,…",Via Casalini 157
897119,edificio,22193,,Magazzino e locali di deposito,Via Zaire 12
897120,edificio,22193,,Magazzino e locali di deposito,Via Zaire 30
897121,edificio,22193,,Magazzino e locali di deposito,Via Zaire 32
897122,edificio,22193,,Magazzino e locali di deposito,Via Zaire 34
897123,edificio,22193,,Magazzino e locali di deposito,Via Zaire 36
897124,edificio,22193,,Magazzino e locali di deposito,Via Zaire 38
897127,edificio,22193,,Magazzino e locali di deposito,Via Zaire 18
897128,edificio,22193,,Magazzino e locali di deposito,Via Zaire 20
897129,edificio,22193,,Magazzino e locali di deposito,Via Zaire 22
897130,edificio,22193,,Magazzino e locali di deposito,Via Zaire 24
897131,edificio,22193,,Magazzino e locali di deposito,Via Zaire 26
897132,edificio,22193,,Magazzino e locali di deposito,Via Zaire 28
897133,edificio,18023,,Abitazione,Via Antonino Agostino 12
897134,edificio,18023,,Abitazione,Via Antonino Agostino 12
897135,edificio,18023,,Abitazione,Via Antonino Agostino 12
897136,edificio,18023,,Abitazione,Via Antonino Agostino 12
897137,edificio,18023,,Abitazione,Via Antonino Agostino 12
897138,edificio,18023,,Abitazione,Via Antonino Agostino 12
897139,edificio,18023,,Abitazione,Via Antonino Agostino 12
897140,edificio,18023,,Abitazione,Via Antonino Agostino 12
897141,edificio,18023,,Abitazione,Via Antonino Agostino 12
897142,edificio,18023,,Abitazione,Via Antonino Agostino 12
897143,edificio,18023,,Abitazione,Via Antonino Agostino 22
897144,edificio,18023,,Abitazione,Via Antonino Agostino 22
897145,edificio,18023,,Abitazione,Via Antonino Agostino 22
897146,edificio,18023,,Abitazione,Via Antonino Agostino 22
897147,edificio,18023,,Abitazione,Via Antonino Agostino 22
897148,edificio,18023,,Abitazione,Via Antonino Agostino 22
897149,edificio,18023,,Abitazione,Via Antonino Agostino 22
897150,edificio,18023,,Abitazione,Via Antonino Agostino 22
897151,edificio,18039,,Abitazione,Via Eugenio l'Emiro 38
897152,edificio,18039,,Abitazione,Via Eugenio l'Emiro 38
897153,edificio,18039,,Abitazione,Via Eugenio l'Emiro 38
897154,edificio,18039,,Abitazione,Via Eugenio l'Emiro 62
897155,edificio,18039,,Abitazione,Via Eugenio l'Emiro 62
897156,edificio,14562,,"Cantina, soffitta, rimessa, box, garage, posto auto aperto/scoperto,…",Via Vito Fazio Allmayer 4
897157,edificio,14562,,"Cantina, soffitta, rimessa, box, garage, posto auto aperto/scoperto,…",Via Vito Fazio Allmayer 4
897158,edificio,14562,,"Cantina, soffitta, rimessa, box, garage, posto auto aperto/scoperto,…",Via Vito Fazio Allmayer 4
897164,edificio,13199,,"Edificio scolastico (es.: scuola di ogni ordine e grado, università, scuola di formazione)",Via de Filippo Titina 3
897166,edificio,13199,,"Edificio scolastico (es.: scuola di ogni ordine e grado, università, scuola di formazione)",Via de Filippo Titina 33
897168,edificio,13199,,"Edificio scolastico (es.: scuola di ogni ordine e grado, università, scuola di formazione)",Via Crocifisso a Pietratagliata 30
897172,edificio,19308,,Abitazione,Via Eugenio l'Emiro 24
897173,edificio,22643,,Magazzino e locali di deposito,Via Castellana 56
897174,edificio,22643,,Magazzino e locali di deposito,Via Castellana 58
897175,edificio,25443,,Ufficio strutturato ed assimilabili,Via Suor Maria Dolores di Majo 5
897176,edificio,68634,,Magazzino e locali di deposito,Viale della Regione Siciliana Nord Ovest 4739
897177,edificio,68634,,Magazzino e locali di deposito,Viale della Regione Siciliana Nord Ovest 4739
897178,edificio,68634,,Magazzino e locali di deposito,Viale della Regione Siciliana Nord Ovest 4739
897179,edificio,68634,,Magazzino e locali di deposito,Viale della Regione Siciliana Nord Ovest 4739
897180,edificio,100409,,"Cantina, soffitta, rimessa, box, garage, posto auto aperto/scoperto,…",Via Libero Grassi 48
897181,edificio,100409,,"Cantina, soffitta, rimessa, box, garage, posto auto aperto/scoperto,…",Via Libero Grassi 48
897182,edificio,100409,,"Cantina, soffitta, rimessa, box, garage, posto auto aperto/scoperto,…",Via Libero Grassi 48
897183,edificio,100409,,"Cantina, soffitta, rimessa, box, garage, posto auto aperto/scoperto,…",Via Libero Grassi 48
897184,edificio,100409,,"Cantina, soffitta, rimessa, box, garage, posto auto aperto/scoperto,…",Via Libero Grassi 48
897185,edificio,100409,,Abitazione,Via Libero Grassi 48
897186,edificio,100409,,Abitazione,Via Libero Grassi 48
897187,edificio,100409,,"Cantina, soffitta, rimessa, box, garage, posto auto aperto/scoperto,…",Via Libero Grassi 48
897188,edificio,100409,,"Cantina, soffitta, rimessa, box, garage, posto auto aperto/scoperto,…",Via Libero Grassi 48
897189,edificio,100409,,Abitazione,Via Libero Grassi 48
897190,edificio,100409,,Abitazione,Via Libero Grassi 48
897191,punto,,senza-edificio,"Edificio scolastico (es.: scuola di ogni ordine e grado, università, scuola di formazione)",Via Alia 16
897192,punto,,senza-edificio,Abitazione,Via Alia 20
897193,edificio,17895,,Abitazione,Via Camarda Demetrio 33
897194,edificio,17895,,Abitazione,Via Camarda Demetrio 33
897195,edificio,17895,,Abitazione,Via Camarda Demetrio 33
897196,edificio,17895,,Abitazione,Via Camarda Demetrio 33
897197,edificio,17895,,Abitazione,Via Camarda Demetrio 33
897198,edificio,14506,,"Cantina, soffitta, rimessa, box, garage, posto auto aperto/scoperto,…",Via Petralia Sottana 67
897199,edificio,14506,,"Cantina, soffitta, rimessa, box, garage, posto auto aperto/scoperto,…",Via Petralia Sottana 67
897200,edificio,14482,,Abitazione,Via Vito Fazio Allmayer 3
897201,edificio,14482,,Abitazione,Via Vito Fazio Allmayer 3
897202,edificio,14482,,Abitazione,Via Vito Fazio Allmayer 3
897203,edificio,14480,,Magazzino e locali di deposito,Via Vito Fazio Allmayer 17
897204,edificio,18641,,Abitazione,Via Paolo Caggio 54
897205,edificio,18641,,Abitazione,Via Paolo Caggio 54
897206,edificio,27364,,Magazzino e locali di deposito,Via Noce 88
897207,edificio,18499,,Abitazione,Viale Teocrito 1
897208,edificio,26643,,Abitazione,Via Fratelli Allotta 11
897210,edificio,26643,,Abitazione,Via Fratelli Allotta 11
897215,edificio,11698,,Abitazione,Via Silvestre Cuffaro 1
897216,edificio,11698,,Abitazione,Via Silvestre Cuffaro 1
897217,edificio,11698,,Abitazione,Via Silvestre Cuffaro 1
897218,edificio,11698,,Abitazione,Via Silvestre Cuffaro 1
897219,edificio,11698,,Abitazione,Via Silvestre Cuffaro 1
897220,edificio,11698,,Abitazione,Via Silvestre Cuffaro 1
897221,edificio,11698,,Abitazione,Via Silvestre Cuffaro 1
897222,edificio,11698,,Abitazione,Via Silvestre Cuffaro 1
897223,edificio,11698,,Abitazione,Via Silvestre Cuffaro 1
897224,edificio,11698,,Abitazione,Via Silvestre Cuffaro 1
897225,edificio,11698,,Abitazione,Via Silvestre Cuffaro 1
897226,edificio,11698,,Abitazione,Via Silvestre Cuffaro 1
897227,edificio,11698,,Abitazione,Via Silvestre Cuffaro 5
897228,edificio,11698,,Abitazione,Via Silvestre Cuffaro 5
897229,edificio,11698,,Abitazione,Via Silvestre Cuffaro 5
897230,edificio,11698,,Abitazione,Via Silvestre Cuffaro 5
897231,edificio,11698,,Abitazione,Via Silvestre Cuffaro 5
897232,edificio,11698,,Abitazione,Via Silvestre Cuffaro 5
897233,edificio,11698,,Abitazione,Via Silvestre Cuffaro 5
897234,edificio,11698,,Abitazione,Via Silvestre Cuffaro 5
897235,edificio,11698,,Abitazione,Via Silvestre Cuffaro 5
897236,edificio,11698,,Abitazione,Via Silvestre Cuffaro 5
897237,edificio,11698,,Abitazione,Via Silvestre Cuffaro 5
897238,edificio,11698,,Abitazione,Via Silvestre Cuffaro 5
897239,edificio,11698,,Abitazione,Via Silvestre Cuffaro 5
897240,edificio,11698,,Abitazione,Via Silvestre Cuffaro 1
897241,edificio,11698,,Abitazione,Via Silvestre Cuffaro 5
897242,edificio,11698,,Abitazione,Via Silvestre Cuffaro 5
897243,edificio,11698,,Abitazione,Via Silvestre Cuffaro 5
897244,edificio,11698,,Abitazione,Via Silvestre Cuffaro 5
897245,edificio,11698,,Abitazione,Via Silvestre Cuffaro 5
897246,edificio,11698,,Abitazione,Via Silvestre Cuffaro 7
897247,edificio,11698,,Abitazione,Via Silvestre Cuffaro 7
897248,edificio,11698,,Abitazione,Via Silvestre Cuffaro 1
897249,edificio,11698,,Abitazione,Via Silvestre Cuffaro 7
897250,edificio,11698,,Abitazione,Via Silvestre Cuffaro 7
897251,edificio,11698,,Abitazione,Via Silvestre Cuffaro 7
897252,edificio,11698,,Abitazione,Via Silvestre Cuffaro 7
897253,edificio,11698,,Abitazione,Via Silvestre Cuffaro 7
897254,edificio,11698,,Abitazione,Via Silvestre Cuffaro 7
897255,edificio,11698,,Abitazione,Via Silvestre Cuffaro 7
897256,edificio,11698,,Abitazione,Via Silvestre Cuffaro 7
897257,edificio,11698,,Abitazione,Via Silvestre Cuffaro 7
897258,edificio,11698,,Abitazione,Via Silvestre Cuffaro 7
897259,edificio,11698,,Abitazione,Via Silvestre Cuffaro 1
897260,edificio,11698,,Abitazione,Via Silvestre Cuffaro 7
897261,edificio,11698,,Abitazione,Via Silvestre Cuffaro 7
897262,edificio,11698,,Abitazione,Via Silvestre Cuffaro 7
897263,edificio,11698,,Abitazione,Via Silvestre Cuffaro 7
897264,edificio,11698,,Abitazione,Via Silvestre Cuffaro 7
897265,edificio,11698,,Abitazione,Via Silvestre Cuffaro 7
897266,edificio,11698,,Abitazione,Via Silvestre Cuffaro 9
897267,edificio,11698,,Abitazione,Via Silvestre Cuffaro 9
897268,edificio,11698,,Abitazione,Via Silvestre Cuffaro 1
897269,edificio,11698,,Abitazione,Via Silvestre Cuffaro 9
897270,edificio,11698,,Abitazione,Via Silvestre Cuffaro 9
897271,edificio,11698,,Abitazione,Via Silvestre Cuffaro 9
897272,edificio,11698,,Abitazione,Via Silvestre Cuffaro 9
897273,edificio,11698,,Abitazione,Via Silvestre Cuffaro 9
897274,edificio,11698,,Abitazione,Via Silvestre Cuffaro 9
897275,edificio,11698,,Abitazione,Via Silvestre Cuffaro 9
897276,edificio,11698,,Abitazione,Via Silvestre Cuffaro 9
897277,edificio,11698,,Abitazione,Via Silvestre Cuffaro 9
897278,edificio,11698,,Abitazione,Via Silvestre Cuffaro 9
897279,edificio,11698,,Abitazione,Via Silvestre Cuffaro 1
897280,edificio,11698,,Abitazione,Via Silvestre Cuffaro 9
897281,edificio,11698,,Abitazione,Via Silvestre Cuffaro 9
897282,edificio,11698,,Abitazione,Via Silvestre Cuffaro 9
897283,edificio,11698,,Abitazione,Via Silvestre Cuffaro 9
897284,edificio,11698,,Abitazione,Via Silvestre Cuffaro 9
897285,edificio,11698,,Abitazione,Via Silvestre Cuffaro 9
897286,edificio,11698,,Abitazione,Via Silvestre Cuffaro 1
897287,edificio,23507,,Abitazione,Via Casalini 256
897288,edificio,23507,,Abitazione,Via Casalini 256
897289,edificio,23507,,Abitazione,Via Casalini 256
897290,edificio,23507,,Abitazione,Via Casalini 256
897291,edificio,23507,,Abitazione,Via Casalini 256
897292,edificio,23507,,Abitazione,Via Casalini 256
897293,edificio,23507,,Abitazione,Via Casalini 256
897294,edificio,23507,,Abitazione,Via Casalini 256
897295,edificio,23507,,Abitazione,Via Casalini 256
897296,edificio,23507,,Abitazione,Via Casalini 256
897297,edificio,23507,,Abitazione,Via Casalini 256
897298,edificio,23507,,Abitazione,Via Casalini 256
897299,edificio,23595,,Abitazione,Via Casalini 152
897300,edificio,23595,,Abitazione,Via Casalini 152
897301,edificio,23595,,Abitazione,Via Casalini 152
897302,edificio,23595,,Abitazione,Via Casalini 152
897303,edificio,23595,,"Cantina, soffitta, rimessa, box, garage, posto auto aperto/scoperto,…",Via Casalini 152
897304,edificio,23595,,"Cantina, soffitta, rimessa, box, garage, posto auto aperto/scoperto,…",Via Casalini 152
897305,edificio,23595,,"Cantina, soffitta, rimessa, box, garage, posto auto aperto/scoperto,…",Via Casalini 152
897306,edificio,23595,,"Cantina, soffitta, rimessa, box, garage, posto auto aperto/scoperto,…",Via Casalini 152
897307,edificio,23595,,"Cantina, soffitta, rimessa, box, garage, posto auto aperto/scoperto,…",Via Casalini 152
897308,edificio,23595,,"Cantina, soffitta, rimessa, box, garage, posto auto aperto/scoperto,…",Via Casalini 152
897309,edificio,23595,,"Cantina, soffitta, rimessa, box, garage, posto auto aperto/scoperto,…",Via Casalini 152
897310,edificio,23595,,"Cantina, soffitta, rimessa, box, garage, posto auto aperto/scoperto,…",Via Casalini 152
897311,edificio,23595,,"Cantina, soffitta, rimessa, box, garage, posto auto aperto/scoperto,…",Via Casalini 152
897312,edificio,23595,,"Cantina, soffitta, rimessa, box, garage, posto auto aperto/scoperto,…",Via Casalini 152
897313,edificio,23595,,"Cantina, soffitta, rimessa, box, garage, posto auto aperto/scoperto,…",Via Casalini 152
897314,edificio,23595,,"Cantina, soffitta, rimessa, box, garage, posto auto aperto/scoperto,…",Via Casalini 152
897315,edificio,23595,,"Cantina, soffitta, rimessa, box, garage, posto auto aperto/scoperto,…",Via Casalini 152
897316,edificio,23595,,"Cantina, soffitta, rimessa, box, garage, posto auto aperto/scoperto,…",Via Casalini 152
897317,edificio,23595,,"Cantina, soffitta, rimessa, box, garage, posto auto aperto/scoperto,…",Via Casalini 152
897318,edificio,23595,,"Cantina, soffitta, rimessa, box, garage, posto auto aperto/scoperto,…",Via Casalini 152
897319,edificio,23595,,"Cantina, soffitta, rimessa, box, garage, posto auto aperto/scoperto,…",Via Casalini 152
897320,edificio,23595,,"Cantina, soffitta, rimessa, box, garage, posto auto aperto/scoperto,…",Via Casalini 152
897321,edificio,23595,,"Cantina, soffitta, rimessa, box, garage, posto auto aperto/scoperto,…",Via Casalini 152
897322,edificio,23595,,"Cantina, soffitta, rimessa, box, garage, posto auto aperto/scoperto,…",Via Casalini 152
897323,edificio,23595,,"Cantina, soffitta, rimessa, box, garage, posto auto aperto/scoperto,…",Via Casalini 152
897324,edificio,23595,,"Cantina, soffitta, rimessa, box, garage, posto auto aperto/scoperto,…",Via Casalini 152
897325,edificio,23595,,"Cantina, soffitta, rimessa, box, garage, posto auto aperto/scoperto,…",Via Casalini 152
897326,edificio,23595,,"Cantina, soffitta, rimessa, box, garage, posto auto aperto/scoperto,…",Via Casalini 152
897327,edificio,23507,,Abitazione,Via Casalini 256
897328,edificio,23507,,Abitazione,Via Casalini 256
897329,edificio,23507,,Abitazione,Via Casalini 256
897330,edificio,23507,,Abitazione,Via Casalini 256
897331,edificio,24301,,Abitazione,Via Casalini 256
897332,edificio,24301,,Abitazione,Via Casalini 256
897333,edificio,24301,,Abitazione,Via Casalini 256
897334,edificio,24301,,Abitazione,Via Casalini 256
897335,edificio,24301,,Abitazione,Via Casalini 256
897336,edificio,24301,,Abitazione,Via Casalini 256
897337,edificio,24301,,Abitazione,Via Casalini 256
897338,edificio,24301,,Abitazione,Via Casalini 256
897339,edificio,24301,,Abitazione,Via Casalini 256
897340,edificio,24301,,Abitazione,Via Casalini 256
897341,edificio,24301,,Abitazione,Via Casalini 256
897342,edificio,24301,,Abitazione,Via Casalini 256
897343,edificio,11716,,Abitazione,Via Comiso 1
897344,edificio,11716,,Abitazione,Via Comiso 1
897345,edificio,11716,,Abitazione,Via Comiso 1
897346,edificio,11716,,Abitazione,Via Comiso 1
897347,edificio,11716,,Abitazione,Via Comiso 1
897348,edificio,11716,,Abitazione,Via Comiso 1
897349,edificio,11716,,Abitazione,Via Comiso 1
897350,edificio,11716,,Abitazione,Via Comiso 1
897351,edificio,11716,,Abitazione,Via Comiso 1
897352,edificio,11716,,Abitazione,Via Comiso 1
897353,edificio,11716,,Abitazione,Via Comiso 1
897354,edificio,11716,,Abitazione,Via Comiso 1
897355,edificio,11716,,Abitazione,Via Comiso 1
897356,edificio,11716,,Abitazione,Via Comiso 1
897357,edificio,11716,,Abitazione,Via Comiso 1
897358,edificio,11716,,Abitazione,Via Comiso 1
897359,edificio,11716,,Abitazione,Via Comiso 1
897360,edificio,11716,,Abitazione,Via Comiso 1
897361,edificio,11716,,Abitazione,Via Comiso 1
897362,edificio,11716,,Abitazione,Via Comiso 1
897363,edificio,11716,,Abitazione,Via Comiso 1
897364,edificio,11678,,Abitazione,Via Alia 22
897365,edificio,11678,,Abitazione,Via Alia 22
897366,edificio,11678,,Abitazione,Via Alia 22
897367,edificio,11678,,Abitazione,Via Alia 22
897368,edificio,11678,,Abitazione,Via Alia 22
897369,edificio,11678,,Abitazione,Via Alia 22
897370,edificio,11678,,Abitazione,Via Alia 22
897371,edificio,11678,,Abitazione,Via Alia 22
897372,edificio,11678,,Abitazione,Via Alia 22
897373,edificio,11678,,Abitazione,Via Alia 22
897374,edificio,11678,,Abitazione,Via Alia 22
897375,edificio,11678,,Abitazione,Via Alia 22
897376,edificio,11678,,Abitazione,Via Alia 22
897377,edificio,11678,,Abitazione,Via Alia 22
897378,edificio,11678,,Abitazione,Via Alia 22
897379,edificio,11678,,Abitazione,Via Alia 22
897380,edificio,11678,,Abitazione,Via Alia 22
897381,edificio,11678,,Abitazione,Via Alia 22
897382,edificio,11678,,Abitazione,Via Alia 22
897383,edificio,11678,,Abitazione,Via Alia 22
897384,edificio,11678,,Abitazione,Via Alia 22
897385,edificio,11678,,Abitazione,Via Alia 22
897386,edificio,11678,,Abitazione,Via Alia 22
897387,edificio,11678,,Abitazione,Via Alia 22
897388,edificio,11678,,Abitazione,Via Alia 22
897389,edificio,11678,,Abitazione,Via Alia 22
897390,edificio,11678,,Abitazione,Via Alia 22
897391,edificio,11678,,Abitazione,Via Alia 22
897392,edificio,11678,,Abitazione,Via Alia 22
897393,edificio,11678,,Abitazione,Via Alia 22
897394,edificio,11678,,Abitazione,Via Alia 22
897395,edificio,11678,,Abitazione,Via Alia 22
897396,edificio,11678,,Abitazione,Via Alia 22
897397,edificio,11678,,Abitazione,Via Alia 22
897398,edificio,11678,,Abitazione,Via Alia 22
897399,edificio,11678,,Abitazione,Via Alia 22
897400,edificio,11678,,Abitazione,Via Alia 22
897401,edificio,11678,,Abitazione,Via Alia 22
897402,edificio,11678,,Abitazione,Via Alia 22
897403,edificio,11678,,Abitazione,Via Alia 22
897404,edificio,11678,,Abitazione,Via Alia 22
897405,edificio,11678,,Abitazione,Via Alia 22
897406,edificio,11678,,Abitazione,Via Alia 22
897407,edificio,11678,,Abitazione,Via Alia 22
897408,edificio,11678,,Abitazione,Via Alia 22
897409,edificio,11678,,Abitazione,Via Alia 22
897410,edificio,11678,,Abitazione,Via Alia 22
897411,edificio,11678,,Abitazione,Via Alia 22
897412,edificio,11678,,Abitazione,Via Alia 22
897413,edificio,11678,,Abitazione,Via Alia 22
897414,edificio,11678,,Abitazione,Via Alia 22
897415,edificio,11678,,Abitazione,Via Alia 22
897416,edificio,11678,,Abitazione,Via Alia 22
897417,edificio,11678,,Abitazione,Via Alia 22
897418,edificio,11678,,Abitazione,Via Alia 22
897419,edificio,11678,,Abitazione,Via Alia 22
897420,edificio,11678,,Abitazione,Via Alia 22
897421,edificio,11678,,Abitazione,Via Alia 22
897422,edificio,11678,,Abitazione,Via Alia 22
897423,edificio,11678,,Abitazione,Via Alia 22
897424,edificio,11678,,Abitazione,Via Alia 22
897425,edificio,11678,,Abitazione,Via Alia 22
897426,edificio,11678,,Abitazione,Via Alia 22
897427,edificio,11678,,Abitazione,Via Alia 22
897428,edificio,11678,,Abitazione,Via Alia 22
897429,edificio,11678,,Abitazione,Via Alia 22
897430,edificio,11678,,Abitazione,Via Alia 22
897431,edificio,11678,,Abitazione,Via Alia 22
897432,edificio,11678,,Abitazione,Via Alia 22
897433,edificio,11678,,Abitazione,Via Alia 22
897434,edificio,11678,,Abitazione,Via Alia 22
897435,edificio,11678,,Abitazione,Via Alia 22
897436,edificio,11678,,Abitazione,Via Alia 22
897437,edificio,11678,,Abitazione,Via Alia 22
897438,edificio,11678,,Abitazione,Via Alia 22
897439,edificio,11678,,Abitazione,Via Alia 22
897440,edificio,11678,,Abitazione,Via Alia 22
897441,edificio,11678,,Abitazione,Via Alia 22
897442,edificio,11678,,Abitazione,Via Alia 22
897443,edificio,11678,,Abitazione,Via Alia 22
897444,edificio,11678,,Abitazione,Via Alia 22
897445,edificio,11678,,Abitazione,Via Alia 22
897446,edificio,11678,,Abitazione,Via Alia 22
897447,edificio,11678,,Abitazione,Via Alia 22
897448,edificio,11678,,Abitazione,Via Alia 22
897449,edificio,11678,,Abitazione,Via Alia 22
897450,edificio,11678,,Abitazione,Via Alia 22
897451,edificio,11678,,Abitazione,Via Alia 22
897452,edificio,11678,,Abitazione,Via Alia 22
897453,edificio,11678,,Abitazione,Via Alia 22
897454,edificio,11678,,Abitazione,Via Alia 22
897455,edificio,11678,,Abitazione,Via Alia 22
897456,edificio,11678,,Abitazione,Via Alia 22
897457,edificio,11678,,Abitazione,Via Alia 22
897458,edificio,11678,,Abitazione,Via Alia 22
897459,edificio,11678,,Abitazione,Via Alia 22
897460,edificio,11678,,Abitazione,Via Alia 22
897461,edificio,11678,,Abitazione,Via Alia 22
897462,edificio,11678,,Abitazione,Via Alia 22
897463,edificio,11678,,Abitazione,Via Alia 22
897464,edificio,11678,,Abitazione,Via Alia 22
897465,edificio,11678,,Abitazione,Via Alia 22
897466,edificio,11678,,Abitazione,Via Alia 22
897467,edificio,11678,,Abitazione,Via Alia 22
897468,edificio,11678,,Abitazione,Via Alia 22
897469,edificio,11678,,Abitazione,Via Alia 22
897470,edificio,11678,,Abitazione,Via Alia 22
897471,edificio,11678,,Abitazione,Via Alia 22
897472,edificio,11678,,Abitazione,Via Alia 22
897473,edificio,11678,,Abitazione,Via Alia 22
897474,edificio,11678,,Abitazione,Via Alia 22
897475,edificio,11678,,Abitazione,Via Alia 22
897476,edificio,11678,,Abitazione,Via Alia 22
897477,edificio,11678,,Abitazione,Via Alia 22
897478,edificio,11678,,Abitazione,Via Alia 22
897479,edificio,11678,,Abitazione,Via Alia 22
897480,edificio,11678,,Abitazione,Via Alia 22
897481,edificio,11678,,Abitazione,Via Alia 22
897482,edificio,11678,,Abitazione,Via Alia 22
897483,edificio,11678,,Abitazione,Via Alia 22
897484,edificio,11678,,Abitazione,Via Alia 22
897485,edificio,11678,,Abitazione,Via Alia 22
897486,edificio,11678,,Abitazione,Via Alia 22
897487,edificio,11678,,Abitazione,Via Alia 22
897488,edificio,11678,,Abitazione,Via Alia 22
897489,edificio,11678,,Abitazione,Via Alia 22
897490,edificio,18261,,Abitazione,Via Andrea Anfuso 30
897491,edificio,18261,,Abitazione,Via Andrea Anfuso 30
897493,edificio,15116,,Abitazione,Viale della Regione Siciliana Nord Ovest 106
897494,edificio,99122,,Abitazione,Via Castellana 372
897495,edificio,99122,,Abitazione,Via Castellana 372
897496,edificio,99122,,Abitazione,Via Castellana 372
897497,edificio,99122,,Abitazione,Via Castellana 372
897498,punto,,senza-edificio,Magazzino e locali di deposito,Fondo Micciulla 22
897499,edificio,20554,,Abitazione,Piazza Zisa 17
897500,edificio,20554,,"Edificio scolastico (es.: scuola di ogni ordine e grado, università, scuola di formazione)",Piazza Zisa 17
897501,edificio,110003,,Abitazione,Via Zisa 52
897502,edificio,110003,,Abitazione,Via Zisa 58
897503,edificio,110003,,Abitazione,Piazza Zisa 55
897504,edificio,110003,,Abitazione,Piazza Zisa 56
897505,edificio,110003,,Abitazione,Piazza Zisa 57
897506,edificio,110003,,Abitazione,Piazza Zisa 59
897507,edificio,110003,,Abitazione,Via Zisa 54
897508,edificio,110003,,Abitazione,Via Zisa 54
897509,edificio,110003,,Abitazione,Via Zisa 58
897510,edificio,28960,,Abitazione,Via Michele Piazza 53
897511,edificio,110003,,Abitazione,Piazza Zisa 51
897512,edificio,20621,,Abitazione,Via Michele Piazza 44
897513,edificio,20621,,Abitazione,Piazza Zisa 45
897514,edificio,20621,,Abitazione,Piazza Zisa 47
897515,edificio,20621,,Abitazione,Via Zisa 48
897516,edificio,20621,,Abitazione,Piazza Zisa 46
897517,edificio,20621,,Abitazione,PIAZZA ZISA S.N.C.
897518,edificio,12885,,Abitazione,Via Filippo Raciti 1
897519,edificio,12885,,Abitazione,Via Filippo Raciti 1
897520,edificio,12885,,Abitazione,Via Filippo Raciti 1
897521,edificio,12885,,Abitazione,Via Filippo Raciti 1
897522,edificio,12885,,Abitazione,Via Filippo Raciti 1
897523,edificio,12885,,Abitazione,Via Filippo Raciti 1
897524,edificio,12885,,Abitazione,Via Filippo Raciti 1
897525,edificio,12885,,Abitazione,Via Filippo Raciti 1
897526,edificio,12885,,Abitazione,Via Filippo Raciti 1
897527,edificio,12885,,Abitazione,Via Filippo Raciti 1
897528,edificio,12885,,Abitazione,Via Filippo Raciti 1
897529,edificio,12885,,Abitazione,Via Filippo Raciti 1
897530,edificio,12885,,Abitazione,Via Maqueda 350
897531,edificio,12885,,Abitazione,Via Maqueda 350
897532,edificio,12885,,Abitazione,Via Maqueda 350
897533,edificio,12885,,Abitazione,Via Maqueda 350
897534,edificio,12885,,Abitazione,Via Maqueda 350
897535,edificio,12885,,Abitazione,Via Maqueda 350
897536,edificio,12885,,Abitazione,Via Maqueda 350
897537,edificio,12885,,Abitazione,Via Maqueda 350
897538,edificio,12885,,Abitazione,Via Maqueda 350
897539,edificio,12885,,Abitazione,Via Maqueda 350
897540,edificio,12885,,Abitazione,Via Maqueda 350
897541,edificio,12885,,Abitazione,Via Maqueda 350
897542,edificio,12885,,Abitazione,Via Filippo Raciti 5
897543,edificio,12885,,Abitazione,Via Filippo Raciti 5
897544,edificio,12885,,Abitazione,Via Filippo Raciti 5
897545,edificio,12885,,Abitazione,Via Filippo Raciti 5
897546,edificio,12885,,Abitazione,Via Filippo Raciti 5
897547,edificio,12885,,Abitazione,Via Filippo Raciti 5
897548,edificio,12885,,Abitazione,Via Filippo Raciti 5
897549,edificio,12885,,Abitazione,Via Filippo Raciti 5
897550,edificio,12885,,Abitazione,Via Filippo Raciti 5
897551,edificio,12885,,Abitazione,Via Filippo Raciti 5
897552,edificio,12885,,Abitazione,Via Filippo Raciti 5
897553,edificio,12885,,Abitazione,Via Filippo Raciti 7
897554,edificio,12885,,Abitazione,Via Filippo Raciti 7
897555,edificio,12885,,Abitazione,Via Filippo Raciti 7
897556,edificio,12885,,Abitazione,Via Filippo Raciti 7
897557,edificio,12885,,Abitazione,Via Filippo Raciti 7
897558,edificio,12885,,Abitazione,Via Filippo Raciti 7
897559,edificio,12885,,Abitazione,Via Filippo Raciti 7
897560,edificio,12885,,Abitazione,Via Filippo Raciti 7
897561,edificio,12885,,Abitazione,Via Filippo Raciti 7
897562,edificio,12885,,Abitazione,Via Filippo Raciti 7
897563,edificio,12885,,Abitazione,Via Filippo Raciti 6
897564,edificio,12885,,Abitazione,Via Filippo Raciti 6
897565,edificio,12885,,Abitazione,Via Filippo Raciti 6
897566,edificio,12885,,Abitazione,Via Filippo Raciti 6
897567,edificio,12885,,Abitazione,Via Filippo Raciti 6
897568,edificio,12885,,Abitazione,Via Filippo Raciti 6
897569,edificio,12885,,Abitazione,Via Filippo Raciti 6
897570,edificio,12885,,Abitazione,Via Filippo Raciti 6
897571,edificio,12885,,Abitazione,Via Filippo Raciti 6
897572,edificio,12885,,Abitazione,Via Filippo Raciti 6
897573,edificio,12885,,Abitazione,Via Filippo Raciti 6
897574,edificio,12885,,Abitazione,Via Filippo Raciti 8
897575,edificio,12885,,Abitazione,Via Filippo Raciti 8
897576,edificio,12885,,Abitazione,Via Filippo Raciti 8
897577,edificio,12885,,Abitazione,Via Filippo Raciti 8
897578,edificio,12885,,Abitazione,Via Filippo Raciti 8
897579,edificio,12885,,Abitazione,Via Filippo Raciti 8
897580,edificio,12885,,Abitazione,Via Filippo Raciti 8
897581,edificio,12885,,Abitazione,Via Filippo Raciti 8
897582,edificio,12885,,Abitazione,Via Filippo Raciti 8
897583,edificio,12885,,Abitazione,Via Filippo Raciti 8
897584,edificio,12885,,Abitazione,Via Filippo Raciti 2
897585,edificio,12885,,Abitazione,Via Filippo Raciti 2
897586,edificio,12885,,Abitazione,Via Filippo Raciti 2
897587,edificio,12885,,Abitazione,Via Filippo Raciti 2
897588,edificio,12885,,"Cantina, soffitta, rimessa, box, garage, posto auto aperto/scoperto,…",Via Generale Domenico Chinnici 56
897589,edificio,12885,,Abitazione,Via Filippo Raciti 2
897590,edificio,12885,,Abitazione,Via Filippo Raciti 2
897591,edificio,12885,,Abitazione,Via Filippo Raciti 2
897592,edificio,12885,,Abitazione,Via Filippo Raciti 2
897593,edificio,12885,,Abitazione,Via Filippo Raciti 2
897594,edificio,12885,,Abitazione,Via Filippo Raciti 4
897595,edificio,12885,,Abitazione,Via Filippo Raciti 4
897596,edificio,12885,,Abitazione,Via Filippo Raciti 4
897597,edificio,12885,,Abitazione,Via Filippo Raciti 4
897598,edificio,12885,,Abitazione,Via Filippo Raciti 4
897599,edificio,12885,,Abitazione,Via Filippo Raciti 4
897600,edificio,12885,,Abitazione,Via Filippo Raciti 4
897601,edificio,12885,,Abitazione,Via Filippo Raciti 4
897602,edificio,12885,,Abitazione,Via Filippo Raciti 4
897603,edificio,12885,,Abitazione,Via Filippo Raciti 4
897604,edificio,12885,,Abitazione,Via Colonnello Antonino Frasconà 3
897605,edificio,12885,,Abitazione,Via Colonnello Antonio Frasconà 1
897606,edificio,12885,,Abitazione,Via Colonnello Antonio Frasconà 1
897607,edificio,12885,,Abitazione,Via Colonnello Antonio Frasconà 1
897608,edificio,12885,,Abitazione,Via Colonnello Antonio Frasconà 1
897609,edificio,12885,,Abitazione,Via Colonnello Antonio Frasconà 1
897610,edificio,12885,,Abitazione,Via Colonnello Antonio Frasconà 1
897611,edificio,12885,,Abitazione,Via Colonnello Antonio Frasconà 1
897613,edificio,12885,,Abitazione,Via Colonnello Antonio Frasconà 1
897614,edificio,12885,,Abitazione,Via Colonnello Antonio Frasconà 1
897615,edificio,12885,,Abitazione,Via Colonnello Antonio Frasconà 1
897616,edificio,12885,,Abitazione,Via Colonnello Antonio Frasconà 3
897617,edificio,12885,,Abitazione,Via Colonnello Antonio Frasconà 3
897618,edificio,12885,,Abitazione,Via Colonnello Antonio Frasconà 3
897619,edificio,12885,,Abitazione,Via Colonnello Antonino Frasconà 3
897620,edificio,12885,,Abitazione,Via Colonnello Antonio Frasconà 3
897621,edificio,12885,,Abitazione,Via Colonnello Antonio Frasconà 3
897622,edificio,12885,,Abitazione,Via Colonnello Antonio Frasconà 3
897623,edificio,12885,,Abitazione,Via Colonnello Antonino Frasconà 3
897624,edificio,12885,,Abitazione,Via Colonnello Antonio Frasconà 3
897625,edificio,12885,,Abitazione,Via Colonnello Antonio Frasconà 3
897626,edificio,12885,,Abitazione,Via Colonnello Antonio Frasconà 3
897627,edificio,12885,,Abitazione,Via Colonnello Antonio Frasconà 3
897628,edificio,14455,,"Edificio scolastico (es.: scuola di ogni ordine e grado, università, scuola di formazione)",Via Margifaraci 2
897629,edificio,26903,,Magazzino e locali di deposito,Via di Blasi Giovanni Evangelista 24
897630,edificio,10431,,Abitazione,SCALA CARINI S.N.C.
897631,edificio,24346,,Abitazione,Viale Michelangelo 1991
897632,edificio,24346,,Abitazione,Viale Michelangelo 1991
897633,edificio,24346,,Abitazione,Viale Michelangelo 1991
897634,edificio,24346,,Abitazione,Viale Michelangelo 1991
897635,edificio,24346,,Abitazione,Viale Michelangelo 2015
897636,edificio,24346,,Abitazione,Viale Michelangelo 2015
897637,edificio,24346,,Abitazione,Viale Michelangelo 2015
897638,edificio,24346,,Abitazione,Viale Michelangelo 2015
897639,edificio,24346,,Abitazione,Viale Michelangelo 2015
897640,edificio,24346,,Abitazione,Viale Michelangelo 2015
897641,edificio,24370,,Abitazione,Viale Michelangelo 1959
897642,edificio,24370,,Abitazione,Viale Michelangelo 1943
897643,edificio,24370,,Abitazione,Viale Michelangelo 1943
897644,edificio,24370,,Abitazione,Viale Michelangelo 1943
897645,edificio,24370,,Abitazione,Viale Michelangelo 1943
897646,edificio,24370,,Abitazione,Viale Michelangelo 1943
897647,edificio,24370,,Abitazione,Viale Michelangelo 1943
897648,edificio,24370,,Abitazione,Viale Michelangelo 1959
897649,edificio,24370,,Abitazione,Viale Michelangelo 1959
897650,edificio,24370,,Abitazione,Viale Michelangelo 1959
897651,edificio,24370,,Abitazione,Viale Michelangelo 1959
897652,edificio,24370,,Abitazione,Viale Michelangelo 1959
897653,edificio,24370,,Abitazione,Viale Michelangelo 1959
897654,edificio,11213,,Abitazione,Largo Nicosia 1
897655,edificio,11213,,Abitazione,Largo Nicosia 1
897656,edificio,11213,,Abitazione,Largo Nicosia 2
897657,edificio,11213,,Abitazione,Largo Nicosia 2
897658,edificio,11213,,Abitazione,Largo Nicosia 2
897659,edificio,11213,,Abitazione,Largo Nicosia 3
897660,edificio,11213,,Abitazione,Largo Nicosia 3
897661,edificio,11213,,Abitazione,Largo Nicosia 4
897662,edificio,11213,,Abitazione,Largo Nicosia 4
897663,edificio,11213,,Abitazione,Largo Nicosia 1
897664,edificio,11213,,Abitazione,Largo Nicosia 1
897665,punto,,senza-edificio,Abitazione,Largo Nicosia 5
897666,punto,,senza-edificio,Abitazione,Largo Nicosia 6
897667,punto,,senza-edificio,Abitazione,Largo Nicosia 6
897668,punto,,senza-edificio,Abitazione,Largo Nicosia 5
897669,punto,,senza-edificio,Abitazione,Largo Nicosia 6
897670,punto,,senza-edificio,Abitazione,Largo Nicosia 6
897671,edificio,11186,,Abitazione,Via Erice 17
897672,edificio,11186,,Abitazione,Via Erice 19
897673,edificio,11186,,Abitazione,Via Erice 19
897674,edificio,11186,,Abitazione,Via Erice 21
897675,edificio,11186,,Abitazione,Via Erice 21
897676,edificio,11186,,Abitazione,Via Erice 23
897677,edificio,11186,,Abitazione,Via Erice 23
897678,edificio,11186,,Abitazione,Via Erice 23
897679,edificio,11186,,Abitazione,Via Erice 17
897680,edificio,11186,,Abitazione,Via Erice 17
897681,edificio,11186,,Abitazione,Via Erice 17
897682,edificio,11186,,Abitazione,Via Erice 19
897683,edificio,14564,,Abitazione,Via Vito Fazio Allmayer 4
897684,edificio,11719,,"Edificio scolastico (es.: scuola di ogni ordine e grado, università, scuola di formazione)",P.LE PIRANDELLO FAUSTO S.N.C.
897685,edificio,11719,,"Edificio scolastico (es.: scuola di ogni ordine e grado, università, scuola di formazione)",P.LE PIRANDELLO FAUSTO S.N.C.
897686,punto,,senza-edificio,Abitazione,Largo Trinacria 6
897687,punto,,senza-edificio,Abitazione,Largo Trinacria 6
897688,punto,,senza-edificio,Abitazione,Largo Trinacria 6
897689,punto,,senza-edificio,Abitazione,Largo Trinacria 6
897690,punto,,senza-edificio,Abitazione,Largo Trinacria 6
897691,edificio,11174,,Abitazione,Largo Trinacria 1
897692,edificio,11174,,Abitazione,Largo Trinacria 1
897693,edificio,11174,,Abitazione,Largo Trinacria 2
897694,edificio,11174,,Abitazione,Largo Trinacria 2
897695,edificio,11174,,Abitazione,Largo Trinacria 2
897696,edificio,11174,,Abitazione,Largo Trinacria 2
897697,edificio,11174,,Abitazione,Via Maqueda 350
897698,edificio,11174,,Abitazione,Via Maqueda 350
897699,edificio,11174,,Abitazione,Via Maqueda 350
897700,edificio,11174,,Abitazione,Via Maqueda 350
897701,edificio,11174,,Abitazione,Via Maqueda 350
897702,edificio,11174,,Abitazione,Largo Trinacria 2
897703,edificio,11174,,Abitazione,Largo Trinacria 2
897704,edificio,11174,,Abitazione,Largo Trinacria 1
897705,edificio,11174,,Abitazione,Largo Trinacria 1
897706,edificio,11174,,Abitazione,Largo Trinacria 1
897707,edificio,11186,,Abitazione,Largo Trinacria 4
897708,edificio,11186,,Abitazione,Largo Trinacria 5
897709,edificio,11186,,Abitazione,Largo Trinacria 5
897710,edificio,11186,,Abitazione,Largo Trinacria 4
897711,edificio,11186,,Abitazione,Largo Trinacria 4
897712,edificio,11186,,Abitazione,Largo Trinacria 4
897713,edificio,11186,,Abitazione,Largo Trinacria 5
897714,edificio,11186,,Abitazione,Largo Trinacria 5
897715,edificio,11186,,Abitazione,Via Erice 25
897716,edificio,11186,,Abitazione,Via Erice 27
897717,edificio,11186,,Abitazione,Via Erice 27
897718,edificio,11186,,Abitazione,Via Erice 29
897719,edificio,11186,,Abitazione,Via Erice 29
897720,edificio,11186,,Abitazione,Via Erice 29
897721,edificio,11186,,Abitazione,Via Erice 29
897722,edificio,11186,,Abitazione,Via Erice 31
897723,edificio,11186,,Abitazione,Via Erice 31
897724,edificio,11186,,Abitazione,Via Erice 31
897725,edificio,11186,,Abitazione,Via Erice 25
897726,edificio,11186,,Abitazione,Via Erice 31
897727,edificio,11189,,Abitazione,Via Erice 31
897728,edificio,11186,,Abitazione,Via Erice 31
897729,edificio,11186,,Abitazione,Via Erice 25
897730,edificio,18054,,Abitazione,Via Beniamino Joppolo 11
897731,edificio,18030,,Abitazione,Via Ida Castelluccio 10
897732,edificio,17995,,Abitazione,Via Ida Castelluccio 23
897733,edificio,17995,,Abitazione,Via Ida Castelluccio 13
897734,edificio,17995,,Abitazione,Via Ida Castelluccio 13
897736,edificio,14683,,Abitazione,Via Anapo 43
897737,edificio,14683,,Abitazione,Via Anapo 43
897738,edificio,14683,,Abitazione,Via Anapo 43
897739,edificio,14683,,Abitazione,Via Anapo 43
897740,edificio,14683,,Abitazione,Via Anapo 43
897741,edificio,110129,,Abitazione,VIA BELLOLAMPO 5535
897742,edificio,99511,,Abitazione,Via Castellana 374
897743,edificio,110610,,"Cantina, soffitta, rimessa, box, garage, posto auto aperto/scoperto,…",Via Politi Raffaello 6
897744,edificio,110610,,"Cantina, soffitta, rimessa, box, garage, posto auto aperto/scoperto,…",Via Politi Raffaello 6
897745,edificio,110610,,Magazzino e locali di deposito,Via Politi Raffaello 6
897746,edificio,110610,,"Cantina, soffitta, rimessa, box, garage, posto auto aperto/scoperto,…",Via Politi Raffaello 6
897747,edificio,110610,,"Cantina, soffitta, rimessa, box, garage, posto auto aperto/scoperto,…",Via Politi Raffaello 6
897748,edificio,110610,,Abitazione,Via Politi Raffaello 4
897749,edificio,110610,,Abitazione,Via Politi Raffaello 4
897750,edificio,19531,,Abitazione,Via F. D. Guerrazzi 53
897751,edificio,12760,,Abitazione,Via Altarello 206
897752,edificio,53872,,Magazzino e locali di deposito,Via della concezione 19
897753,edificio,53872,,Magazzino e locali di deposito,Via della Concezione 21
897754,edificio,53872,,Abitazione,Via della Concezione 17
897755,edificio,53872,,Abitazione,Via della Concezione 17
897756,edificio,53872,,Abitazione,Via della Concezione 17
897757,edificio,53872,,Abitazione,Via della Concezione 17
897758,edificio,55231,,Magazzino e locali di deposito,Vicolo II Lungo 2
897759,edificio,55231,,Magazzino e locali di deposito,VICOLO CONGR. DEL VENERDI' (1) 4
897760,edificio,55231,,Magazzino e locali di deposito,VICOLO CONGR. DEL VENERDI' (1) 6
897761,edificio,55231,,Abitazione,Via Case Nuove 48
897762,edificio,55231,,Abitazione,Via Case Nuove 50
897763,edificio,55231,,Abitazione,Via Case Nuove 52
897764,edificio,19233,,"Cantina, soffitta, rimessa, box, garage, posto auto aperto/scoperto,…",Via Falco di Benevento 15
897765,edificio,55323,,Magazzino e locali di deposito,Via Chiappara Al Carmine 37
897766,edificio,55323,,Abitazione,Via delle Pergole 1
897767,edificio,52881,,Abitazione,Via Spagna 5
897768,edificio,52881,,Abitazione,Via Spagna 7
897769,edificio,54241,,Abitazione,Via Gioeni 3
897770,edificio,54241,,Abitazione,Via Gioeni 3
897771,edificio,53784,,Abitazione,Via Gioeni 11
897774,edificio,53177,,Ufficio strutturato ed assimilabili,Via Casa Professa 1
897776,edificio,54999,,"Edificio scolastico (es.: scuola di ogni ordine e grado, università, scuola di formazione)",Via San Basilio 17
897777,edificio,54579,,Ufficio strutturato ed assimilabili,Via San Biagio 2
897778,edificio,54579,,Magazzino e locali di deposito,Via San Biagio 4
897779,edificio,54579,,Ufficio strutturato ed assimilabili,VIA S.BIAGIO S.N.C.
897780,edificio,54579,,Ufficio strutturato ed assimilabili,Via San Biagio 8
897781,edificio,54579,,Ufficio strutturato ed assimilabili,Via San Biagio 3
897782,edificio,53455,,Abitazione,Via Giuseppe Mario Puglia 17
897783,edificio,52862,,Magazzino e locali di deposito,Via Porta di Castro 63
897784,edificio,52862,,Abitazione,Via Porta di Castro 67
897785,edificio,52862,,Abitazione,Via Porta di Castro 67
897786,edificio,52862,,Abitazione,Via Porta di Castro 67
897787,edificio,52862,,Abitazione,Via Porta di Castro 67
897788,edificio,52862,,Abitazione,Via Porta di Castro 67
897789,edificio,52862,,Abitazione,Via Porta di Castro 65
897790,edificio,52862,,Magazzino e locali di deposito,Via Porta di Castro 67
897791,edificio,52862,,Abitazione,Via Porta di Castro 67
897792,edificio,52862,,Abitazione,Via Porta di Castro 67
897793,edificio,52862,,Abitazione,Via Porta di Castro 67
897794,edificio,53142,,Abitazione,Vicolo della Pietà a Palazzo Reale 8
897795,edificio,53142,,Abitazione,Vicolo della Pietà a Palazzo Reale 8
897796,edificio,53142,,Abitazione,Vicolo della Pietà a Palazzo Reale 8
897797,edificio,53142,,Abitazione,Vicolo della Pietà a Palazzo Reale 8
897798,edificio,53142,,Abitazione,Vicolo della Pietà a Palazzo Reale 8
897799,edificio,53142,,Abitazione,Vicolo della Pietà a Palazzo Reale 8
897801,edificio,53902,,"Fabbricato per attività produttiva (industriale, artigianale o agricola)",Via Carrettieri 19
897802,edificio,53902,,Abitazione,Cortile Mangano 1
897803,edificio,53902,,"Fabbricato per attività produttiva (industriale, artigianale o agricola)",Cortile Mangano 3
897804,edificio,53902,,"Fabbricato per attività produttiva (industriale, artigianale o agricola)",Cortile Mangano 3
897805,edificio,53902,,"Fabbricato per attività produttiva (industriale, artigianale o agricola)",VICOLO S.PAOLINO S.N.C.
897806,edificio,53902,,"Fabbricato per attività produttiva (industriale, artigianale o agricola)",PIAZZA S.ANNA AL CAPO S.N.C.
897807,edificio,53902,,Abitazione,Cortile Mangano 1
897808,edificio,53902,,Abitazione,Cortile Mangano 1
897809,edificio,53902,,"Fabbricato per attività produttiva (industriale, artigianale o agricola)",Via Carrettieri 17
897810,edificio,53902,,Abitazione,Cortile Mangano 1
897811,edificio,53902,,Abitazione,Cortile Mangano 1
897812,edificio,53902,,Abitazione,Cortile Mangano 1
897813,edificio,53902,,"Fabbricato per attività produttiva (industriale, artigianale o agricola)",Cortile Mangano 6
897814,edificio,53902,,Abitazione,Cortile Mangano 1
897815,edificio,53902,,Abitazione,Cortile Mangano 1
897816,edificio,53902,,Abitazione,Cortile Mangano 1
897817,edificio,53934,,"Fabbricato per attività produttiva (industriale, artigianale o agricola)",Via Beati Paoli 87
897818,edificio,53934,,"Fabbricato per attività produttiva (industriale, artigianale o agricola)",Via Beati Paoli 89
897819,edificio,53934,,"Fabbricato per attività produttiva (industriale, artigianale o agricola)",Via Sant'Agostino 208
897820,edificio,53934,,Abitazione,Via Roma 203
897821,edificio,53934,,Abitazione,Via Roma 203
897822,edificio,53934,,Abitazione,Via Roma 203
897823,edificio,53934,,Abitazione,Via Roma 203
897824,edificio,53934,,Abitazione,Via Roma 203
897825,edificio,53934,,Abitazione,Via Roma 203
897827,edificio,53934,,Ufficio strutturato ed assimilabili,Via Roma 203
897828,edificio,53934,,Abitazione,Via Roma 203
897829,edificio,53934,,Abitazione,Via Roma 203
897830,edificio,53934,,Abitazione,Via Roma 203
897831,edificio,53934,,"Fabbricato per attività produttiva (industriale, artigianale o agricola)",Via Beati Paoli 83
897832,edificio,53934,,"Fabbricato per attività produttiva (industriale, artigianale o agricola)",Via Beati Paoli 85
897833,edificio,53933,,"Fabbricato per attività produttiva (industriale, artigianale o agricola)",Via Beati Paoli 73
897834,edificio,53933,,"Fabbricato per attività produttiva (industriale, artigianale o agricola)",Via Beati Paoli 81
897835,edificio,53933,,"Fabbricato per attività produttiva (industriale, artigianale o agricola)",Via Roma 203
897836,edificio,53933,,"Fabbricato per attività produttiva (industriale, artigianale o agricola)",Via Roma 203
897837,edificio,53933,,"Fabbricato per attività produttiva (industriale, artigianale o agricola)",Via Roma 203
897838,edificio,53933,,Abitazione,Via Beati Paoli 79
897839,edificio,53933,,Abitazione,Via Beati Paoli 79
897840,edificio,53933,,Abitazione,Via Beati Paoli 79
897841,edificio,53933,,Abitazione,Via Beati Paoli 79
897842,edificio,53933,,Abitazione,Via Beati Paoli 79
897843,edificio,53955,,"Fabbricato per attività produttiva (industriale, artigianale o agricola)",Via Beati Paoli 71
897844,edificio,53955,,"Fabbricato per attività produttiva (industriale, artigianale o agricola)",Via Beati Paoli 63
897845,edificio,53955,,"Fabbricato per attività produttiva (industriale, artigianale o agricola)",Cortile Regina 4
897846,edificio,53955,,Abitazione,Cortile Regina 3
897847,edificio,53955,,Abitazione,Cortile Regina 3
897848,edificio,53955,,Abitazione,Cortile Regina 3
897849,edificio,53955,,Abitazione,Cortile Regina 3
897850,edificio,53955,,Abitazione,Cortile Regina 3
897851,edificio,53955,,Abitazione,Cortile Regina 3
897852,edificio,53952,,"Fabbricato per attività produttiva (industriale, artigianale o agricola)",Via Beati Paoli 57
897853,edificio,53952,,"Fabbricato per attività produttiva (industriale, artigianale o agricola)",Via Beati Paoli 67
897854,edificio,53952,,Abitazione,Via Beati Paoli 59
897855,edificio,53952,,Abitazione,Via Beati Paoli 65
897856,edificio,53952,,Abitazione,Via Beati Paoli 65
897857,edificio,53952,,Abitazione,Via Beati Paoli 59
897858,edificio,53952,,Abitazione,Via Beati Paoli 59
897859,edificio,53080,,Magazzino e locali di deposito,Via Scarparelli 30
897860,edificio,53592,,Magazzino e locali di deposito,Via Vittorio Emanuele 27
897861,edificio,53592,,Abitazione,Via Vittorio Emanuele 26
897862,edificio,57429,,Abitazione,Vicolo Santa Maria Maggiore 1
897863,edificio,57429,,Abitazione,Vicolo Santa Maria Maggiore 1
897864,edificio,54065,,Abitazione,Via San Gregorio 30
897865,edificio,54065,,Abitazione,Via San Gregorio 2
897866,edificio,52906,,"Fabbricato per attività produttiva (industriale, artigianale o agricola)",Via Porta di Castro 96
897867,edificio,52906,,"Fabbricato per attività produttiva (industriale, artigianale o agricola)",Via Porta di Castro 92
897868,edificio,52906,,Abitazione,Via Salita del Banditore 6
897869,edificio,52906,,Abitazione,Via Salita del Banditore 6
897870,edificio,52906,,Abitazione,Via Salita del Banditore 6
897872,edificio,52906,,Abitazione,Via Salita del Banditore 6
897873,edificio,52906,,Abitazione,Via Salita del Banditore 6
897874,edificio,53485,,"Fabbricato per attività produttiva (industriale, artigianale o agricola)",Rua Formaggi 24
897875,edificio,53485,,"Fabbricato per attività produttiva (industriale, artigianale o agricola)",Rua Formaggi 30
897876,edificio,53485,,Magazzino e locali di deposito,Via Noce 17
897877,edificio,53485,,Magazzino e locali di deposito,Via Noce 13
897878,edificio,53485,,Abitazione,Rua Formaggi 28
897879,edificio,53485,,Abitazione,Rua Formaggi 28
897880,edificio,53485,,Abitazione,Rua Formaggi 28
897881,edificio,53485,,Abitazione,Rua Formaggi 28
897882,edificio,54444,,Abitazione,Via Sedie Volanti 35
897883,edificio,54444,,Abitazione,Via Sedie Volanti 39
897884,edificio,54444,,Abitazione,Via Sedie Volanti 39
897885,edificio,54444,,Abitazione,Via Sedie Volanti 39
897886,edificio,54444,,Abitazione,Via Sedie Volanti 39
897887,edificio,54444,,Abitazione,Via Sedie Volanti 41
897888,edificio,54444,,Magazzino e locali di deposito,Via Sedie Volanti 41
897889,edificio,54444,,Abitazione,Via Sedie Volanti 39
897890,edificio,54444,,Abitazione,Via Sedie Volanti 39
897891,edificio,54444,,Abitazione,Via Sedie Volanti 39
897892,edificio,54444,,Abitazione,Via Sedie Volanti 39
897893,edificio,54444,,Abitazione,Via Sedie Volanti 39
897894,edificio,19256,,Abitazione,Via Re Martino 1
897895,edificio,19256,,Abitazione,Via Re Martino 1
897896,edificio,19256,,Abitazione,Via Re Martino 1
897897,edificio,19256,,Abitazione,Via Re Martino 1
897898,edificio,19256,,Abitazione,Via Re Martino 1
897899,edificio,19256,,Abitazione,Via Re Martino 1
897900,edificio,19256,,Abitazione,Via Re Martino 1
897901,edificio,19256,,Abitazione,Via Re Martino 1
897902,edificio,19256,,"Cantina, soffitta, rimessa, box, garage, posto auto aperto/scoperto,…",Via Martino Re 1
897903,edificio,53952,,"Fabbricato per attività produttiva (industriale, artigianale o agricola)",Via Beati Paoli 53
897904,edificio,53952,,"Fabbricato per attività produttiva (industriale, artigianale o agricola)",Via Beati Paoli 55
897905,edificio,53952,,"Fabbricato per attività produttiva (industriale, artigianale o agricola)",Vicolo degli Orfani 6
897906,edificio,53950,,Ufficio strutturato ed assimilabili,Via Beati Paoli 45
897907,edificio,53950,,"Fabbricato per attività produttiva (industriale, artigianale o agricola)",Via Beati Paoli 47
897908,edificio,53950,,"Fabbricato per attività produttiva (industriale, artigianale o agricola)",Via Beati Paoli 49
897909,edificio,53950,,Abitazione,Via Beati Paoli 43
897910,edificio,53950,,Abitazione,Via Beati Paoli 43
897911,edificio,53950,,Abitazione,Via Beati Paoli 43
897912,edificio,53950,,Abitazione,Via Beati Paoli 43
897913,edificio,53949,,"Fabbricato per attività produttiva (industriale, artigianale o agricola)",Via Beati Paoli 12
897914,edificio,53949,,"Fabbricato per attività produttiva (industriale, artigianale o agricola)",Via Beati Paoli 35
897915,edificio,53949,,"Fabbricato per attività produttiva (industriale, artigianale o agricola)",Via Beati Paoli 39
897916,edificio,53949,,"Fabbricato per attività produttiva (industriale, artigianale o agricola)",Via Beati Paoli 41
897917,edificio,53949,,Abitazione,Via Beati Paoli 37
897918,edificio,53949,,Abitazione,Via Beati Paoli 37
897919,edificio,53949,,Abitazione,Via Beati Paoli 37
897920,edificio,53949,,Abitazione,Via Beati Paoli 37
897921,edificio,53954,,"Fabbricato per attività produttiva (industriale, artigianale o agricola)",Vicolo degli Orfani 8
897922,edificio,53954,,Abitazione,Vicolo degli Orfani 8
897923,edificio,53954,,Abitazione,Vicolo degli Orfani 8
897924,edificio,53936,,Abitazione,Vicolo degli Orfani 28
897925,edificio,53936,,Abitazione,Vicolo degli Orfani 28
897926,edificio,53936,,"Fabbricato per attività produttiva (industriale, artigianale o agricola)",Via Sant'Agostino 194
897927,edificio,53936,,"Fabbricato per attività produttiva (industriale, artigianale o agricola)",Vicolo degli Orfani 30
897928,edificio,53935,,"Fabbricato per attività produttiva (industriale, artigianale o agricola)",Via Sant'Agostino 204
897929,edificio,53935,,"Fabbricato per attività produttiva (industriale, artigianale o agricola)",Via Sant'Agostino 202
897930,edificio,53935,,"Fabbricato per attività produttiva (industriale, artigianale o agricola)",Via Sant'Agostino 200
897931,edificio,53935,,"Fabbricato per attività produttiva (industriale, artigianale o agricola)",Via Sant'Agostino 198
897932,edificio,53935,,Abitazione,Via Roma 203
897933,edificio,53935,,Abitazione,Via Roma 203
897934,edificio,53935,,Abitazione,Via Roma 203
897935,edificio,53935,,Abitazione,Via Roma 203
897936,edificio,53935,,Abitazione,Via Roma 203
897937,edificio,53935,,Abitazione,Via Roma 203
897938,edificio,54727,,Magazzino e locali di deposito,Via Venezia 82
897939,edificio,54727,,Abitazione,Via Venezia 84
897940,edificio,54727,,Abitazione,Via Venezia 84
897941,edificio,54727,,Abitazione,Via Venezia 84
897942,edificio,19109,,"Edificio scolastico (es.: scuola di ogni ordine e grado, università, scuola di formazione)",Piazza Danisinni 10
897943,edificio,18950,,Abitazione,Via San Martino 2
897944,edificio,105881,,Magazzino e locali di deposito,Via Beati Paoli 46
897945,edificio,105881,,Magazzino e locali di deposito,Via Beati Paoli 48
897946,edificio,105881,,Abitazione,Discesa dell'Eternità 1
897947,punto,,senza-edificio,"Edificio scolastico (es.: scuola di ogni ordine e grado, università, scuola di formazione)",Piazza del noviziato 20
897948,punto,,senza-edificio,Abitazione,PIAZZA NOVIZIATO S.N.C.
897949,edificio,19952,,Abitazione,Via Danisinni 67
897950,edificio,19952,,Abitazione,Via Danisinni 67
897951,edificio,19952,,Abitazione,Via Danisinni 67
897952,edificio,19952,,Abitazione,Via Danisinni 67
897953,edificio,19952,,Abitazione,Via Danisinni 67
897954,edificio,19952,,Abitazione,Via Danisinni 67
897955,edificio,19952,,Abitazione,Via Danisinni 67
897956,edificio,19952,,Abitazione,Via Danisinni 67
897957,edificio,53946,,"Fabbricato per attività produttiva (industriale, artigianale o agricola)",Via Beati Paoli 58
897958,edificio,53946,,"Fabbricato per attività produttiva (industriale, artigianale o agricola)",Via Beati Paoli 56
897959,edificio,52727,,Magazzino e locali di deposito,Piazza Dei Tedeschi 3
897961,edificio,52727,,Magazzino e locali di deposito,Vicolo Scicli 2
897962,edificio,52727,,Magazzino e locali di deposito,Vicolo Scicli 6
897964,edificio,52727,,Magazzino e locali di deposito,Via delle Balate 3
897966,edificio,52727,,Abitazione,Via delle Balate 1
897967,edificio,52727,,Abitazione,Via delle Balate 1
897968,edificio,52727,,Abitazione,Via delle Balate 1
897969,edificio,52727,,Abitazione,Via delle Balate 1
897970,edificio,52727,,Abitazione,Via delle Balate 1
897971,edificio,52727,,Abitazione,Via delle Balate 1
897972,edificio,52727,,Abitazione,Via delle Balate 1
897974,edificio,50269,,Abitazione,Via Giovanni di Cristina 10
897975,edificio,52505,,Abitazione,Via Porta di Castro 257
897976,edificio,52505,,Abitazione,Via Porta di Castro 257
897977,edificio,56072,,"Biblioteca, pinacoteca, museo, gallerie",Via Teatro Garibaldi 30
897978,edificio,53946,,"Fabbricato per attività produttiva (industriale, artigianale o agricola)",Via Beati Paoli 50
897979,edificio,53946,,"Fabbricato per attività produttiva (industriale, artigianale o agricola)",Via Beati Paoli 52
897980,edificio,19306,,Abitazione,Via Cipressi 25
897981,edificio,19306,,"Cantina, soffitta, rimessa, box, garage, posto auto aperto/scoperto,…",Vicolo Zisa 54
897982,edificio,19306,,"Cantina, soffitta, rimessa, box, garage, posto auto aperto/scoperto,…",Vicolo Zisa 54
897983,edificio,19306,,"Cantina, soffitta, rimessa, box, garage, posto auto aperto/scoperto,…",Vicolo Zisa 54
897984,edificio,19306,,"Cantina, soffitta, rimessa, box, garage, posto auto aperto/scoperto,…",Vicolo Zisa 54
897985,edificio,19306,,"Cantina, soffitta, rimessa, box, garage, posto auto aperto/scoperto,…",Vicolo Zisa 54
897986,edificio,19306,,"Cantina, soffitta, rimessa, box, garage, posto auto aperto/scoperto,…",Vicolo Zisa 54
897987,edificio,19306,,"Cantina, soffitta, rimessa, box, garage, posto auto aperto/scoperto,…",Via Eugenio l'Emiro 20
897988,edificio,19306,,"Cantina, soffitta, rimessa, box, garage, posto auto aperto/scoperto,…",Vicolo Zisa 54
897989,edificio,19306,,"Cantina, soffitta, rimessa, box, garage, posto auto aperto/scoperto,…",Vicolo Zisa 54
897990,edificio,19306,,"Cantina, soffitta, rimessa, box, garage, posto auto aperto/scoperto,…",Vicolo Zisa 54
897991,edificio,19306,,"Cantina, soffitta, rimessa, box, garage, posto auto aperto/scoperto,…",Vicolo Zisa 54
897992,edificio,19306,,"Cantina, soffitta, rimessa, box, garage, posto auto aperto/scoperto,…",Vicolo Zisa 54
897993,edificio,19306,,"Cantina, soffitta, rimessa, box, garage, posto auto aperto/scoperto,…",Vicolo Zisa 54
897994,edificio,19306,,"Cantina, soffitta, rimessa, box, garage, posto auto aperto/scoperto,…",Vicolo Zisa 54
897995,edificio,19306,,"Cantina, soffitta, rimessa, box, garage, posto auto aperto/scoperto,…",Vicolo Zisa 54
897996,edificio,19306,,"Cantina, soffitta, rimessa, box, garage, posto auto aperto/scoperto,…",Vicolo Zisa 54
897997,edificio,19306,,"Cantina, soffitta, rimessa, box, garage, posto auto aperto/scoperto,…",Vicolo Zisa 54
897998,edificio,19306,,"Cantina, soffitta, rimessa, box, garage, posto auto aperto/scoperto,…",Vicolo Zisa 54
897999,edificio,19306,,"Cantina, soffitta, rimessa, box, garage, posto auto aperto/scoperto,…",Vicolo Zisa 54
898000,edificio,19306,,"Cantina, soffitta, rimessa, box, garage, posto auto aperto/scoperto,…",Vicolo Zisa 54
898001,edificio,19306,,"Cantina, soffitta, rimessa, box, garage, posto auto aperto/scoperto,…",Vicolo Zisa 54
898002,edificio,19306,,"Cantina, soffitta, rimessa, box, garage, posto auto aperto/scoperto,…",Vicolo Zisa 54
898003,edificio,19306,,"Cantina, soffitta, rimessa, box, garage, posto auto aperto/scoperto,…",Vicolo Zisa 54
898004,edificio,19306,,"Cantina, soffitta, rimessa, box, garage, posto auto aperto/scoperto,…",Vicolo Zisa 54
898005,edificio,19306,,"Cantina, soffitta, rimessa, box, garage, posto auto aperto/scoperto,…",Vicolo Zisa 54
898006,edificio,19306,,"Cantina, soffitta, rimessa, box, garage, posto auto aperto/scoperto,…",Vicolo Zisa 54
898007,edificio,19306,,"Cantina, soffitta, rimessa, box, garage, posto auto aperto/scoperto,…",Vicolo Zisa 54
898008,edificio,19306,,"Cantina, soffitta, rimessa, box, garage, posto auto aperto/scoperto,…",Vicolo Zisa 54
898009,edificio,19306,,"Cantina, soffitta, rimessa, box, garage, posto auto aperto/scoperto,…",Vicolo Zisa 54
898010,edificio,19306,,"Cantina, soffitta, rimessa, box, garage, posto auto aperto/scoperto,…",Vicolo Zisa 54
898011,edificio,19306,,"Cantina, soffitta, rimessa, box, garage, posto auto aperto/scoperto,…",Vicolo Zisa 54
898012,edificio,19306,,"Cantina, soffitta, rimessa, box, garage, posto auto aperto/scoperto,…",Vicolo Zisa 54
898013,edificio,19306,,"Cantina, soffitta, rimessa, box, garage, posto auto aperto/scoperto,…",Vicolo Zisa 54
898014,edificio,19306,,"Cantina, soffitta, rimessa, box, garage, posto auto aperto/scoperto,…",Via Eugenio l'Emiro 20
898015,edificio,19306,,"Cantina, soffitta, rimessa, box, garage, posto auto aperto/scoperto,…",Via Eugenio l'Emiro 20
898016,edificio,19306,,"Cantina, soffitta, rimessa, box, garage, posto auto aperto/scoperto,…",Vicolo Zisa 54
898017,edificio,19306,,"Cantina, soffitta, rimessa, box, garage, posto auto aperto/scoperto,…",Vicolo Zisa 54
898018,edificio,19306,,"Cantina, soffitta, rimessa, box, garage, posto auto aperto/scoperto,…",Vicolo Zisa 54
898019,edificio,19306,,"Cantina, soffitta, rimessa, box, garage, posto auto aperto/scoperto,…",Vicolo Zisa 54
898020,edificio,19306,,"Cantina, soffitta, rimessa, box, garage, posto auto aperto/scoperto,…",Vicolo Zisa 54
898021,edificio,19306,,"Cantina, soffitta, rimessa, box, garage, posto auto aperto/scoperto,…",Vicolo Zisa 54
898022,edificio,19306,,"Cantina, soffitta, rimessa, box, garage, posto auto aperto/scoperto,…",Vicolo Zisa 54
898023,edificio,19306,,"Cantina, soffitta, rimessa, box, garage, posto auto aperto/scoperto,…",Vicolo Zisa 54
898024,edificio,19306,,"Cantina, soffitta, rimessa, box, garage, posto auto aperto/scoperto,…",Vicolo Zisa 54
898025,edificio,19306,,"Cantina, soffitta, rimessa, box, garage, posto auto aperto/scoperto,…",Vicolo Zisa 54
898026,edificio,19306,,"Cantina, soffitta, rimessa, box, garage, posto auto aperto/scoperto,…",Vicolo Zisa 54
898027,edificio,19306,,"Cantina, soffitta, rimessa, box, garage, posto auto aperto/scoperto,…",Vicolo Zisa 54
898028,edificio,19306,,"Cantina, soffitta, rimessa, box, garage, posto auto aperto/scoperto,…",Vicolo Zisa 54
898029,edificio,19306,,"Cantina, soffitta, rimessa, box, garage, posto auto aperto/scoperto,…",Vicolo Zisa 54
898030,edificio,19306,,"Cantina, soffitta, rimessa, box, garage, posto auto aperto/scoperto,…",Vicolo Zisa 54
898031,edificio,19306,,"Cantina, soffitta, rimessa, box, garage, posto auto aperto/scoperto,…",Vicolo Zisa 54
898032,edificio,19306,,"Cantina, soffitta, rimessa, box, garage, posto auto aperto/scoperto,…",Vicolo Zisa 54
898033,edificio,19306,,"Cantina, soffitta, rimessa, box, garage, posto auto aperto/scoperto,…",Vicolo Zisa 54
898034,edificio,19306,,"Cantina, soffitta, rimessa, box, garage, posto auto aperto/scoperto,…",Vicolo Zisa 54
898035,edificio,19306,,"Cantina, soffitta, rimessa, box, garage, posto auto aperto/scoperto,…",Vicolo Zisa 54
898036,edificio,19306,,"Cantina, soffitta, rimessa, box, garage, posto auto aperto/scoperto,…",Vicolo Zisa 54
898037,edificio,19306,,"Cantina, soffitta, rimessa, box, garage, posto auto aperto/scoperto,…",Vicolo Zisa 54
898038,edificio,19306,,"Cantina, soffitta, rimessa, box, garage, posto auto aperto/scoperto,…",Vicolo Zisa 54
898039,edificio,19306,,"Cantina, soffitta, rimessa, box, garage, posto auto aperto/scoperto,…",Vicolo Zisa 54
898040,edificio,19306,,"Cantina, soffitta, rimessa, box, garage, posto auto aperto/scoperto,…",Vicolo Zisa 54
898041,edificio,19306,,"Cantina, soffitta, rimessa, box, garage, posto auto aperto/scoperto,…",Vicolo Zisa 54
898042,edificio,19306,,"Cantina, soffitta, rimessa, box, garage, posto auto aperto/scoperto,…",Vicolo Zisa 54
898043,edificio,19306,,"Cantina, soffitta, rimessa, box, garage, posto auto aperto/scoperto,…",Vicolo Zisa 54
898044,edificio,19306,,"Cantina, soffitta, rimessa, box, garage, posto auto aperto/scoperto,…",Vicolo Zisa 54
898045,edificio,19306,,"Cantina, soffitta, rimessa, box, garage, posto auto aperto/scoperto,…",Vicolo Zisa 54
898046,edificio,19306,,"Cantina, soffitta, rimessa, box, garage, posto auto aperto/scoperto,…",Vicolo Zisa 54
898047,edificio,19306,,"Cantina, soffitta, rimessa, box, garage, posto auto aperto/scoperto,…",Vicolo Zisa 54
898048,edificio,19306,,"Cantina, soffitta, rimessa, box, garage, posto auto aperto/scoperto,…",Vicolo Zisa 54
898049,edificio,19306,,"Cantina, soffitta, rimessa, box, garage, posto auto aperto/scoperto,…",Vicolo Zisa 54
898050,edificio,19306,,"Cantina, soffitta, rimessa, box, garage, posto auto aperto/scoperto,…",Via Eugenio l'Emiro 20
898051,edificio,19306,,"Cantina, soffitta, rimessa, box, garage, posto auto aperto/scoperto,…",Vicolo Zisa 54
898052,edificio,19306,,"Cantina, soffitta, rimessa, box, garage, posto auto aperto/scoperto,…",Vicolo Zisa 54
898053,edificio,19306,,"Cantina, soffitta, rimessa, box, garage, posto auto aperto/scoperto,…",Vicolo Zisa 54
898054,edificio,19306,,"Cantina, soffitta, rimessa, box, garage, posto auto aperto/scoperto,…",Vicolo Zisa 54
898055,edificio,19306,,"Cantina, soffitta, rimessa, box, garage, posto auto aperto/scoperto,…",Vicolo Zisa 54
898056,edificio,19306,,"Cantina, soffitta, rimessa, box, garage, posto auto aperto/scoperto,…",Vicolo Zisa 54
898057,edificio,19306,,"Cantina, soffitta, rimessa, box, garage, posto auto aperto/scoperto,…",Vicolo Zisa 54
898058,edificio,19306,,"Cantina, soffitta, rimessa, box, garage, posto auto aperto/scoperto,…",Vicolo Zisa 54
898059,edificio,19306,,"Cantina, soffitta, rimessa, box, garage, posto auto aperto/scoperto,…",Vicolo Zisa 54
898060,edificio,19306,,"Cantina, soffitta, rimessa, box, garage, posto auto aperto/scoperto,…",Vicolo Zisa 54
898061,edificio,19790,,"Cantina, soffitta, rimessa, box, garage, posto auto aperto/scoperto,…",Via Danisinni 67
898062,edificio,19952,,"Cantina, soffitta, rimessa, box, garage, posto auto aperto/scoperto,…",Via Danisinni 67
898063,edificio,54593,,Abitazione,Vicolo Marotta 5
898064,edificio,54593,,Abitazione,Vicolo Marotta 5
898065,edificio,55320,,Abitazione,Via Chiappara Al Carmine 23
898066,edificio,55320,,Abitazione,Via Chiappara Al Carmine 23
898067,edificio,55320,,Abitazione,Via Chiappara Al Carmine 23
898068,edificio,55320,,Abitazione,Via Chiappara Al Carmine 23
898069,edificio,55320,,Abitazione,Via Chiappara Al Carmine 23
898070,edificio,55320,,Abitazione,Via Chiappara Al Carmine 23
898071,edificio,52885,,Abitazione,Via Lagumina Fratelli 8
898072,edificio,52885,,Abitazione,Via Lagumina Fratelli 8
898073,edificio,52885,,Abitazione,Via Lagumina Fratelli 8
898074,edificio,52885,,Abitazione,Via Lagumina Fratelli 8
898075,edificio,52885,,Abitazione,Via Lagumina Fratelli 8
898076,edificio,52885,,Abitazione,Via Lagumina Fratelli 8
898077,edificio,55320,,Magazzino e locali di deposito,Via Chiappara Al Carmine 27
898078,edificio,55320,,Abitazione,Via Chiappara Al Carmine 29
898079,edificio,55320,,Abitazione,Via Chiappara Al Carmine 29
898080,edificio,55320,,Abitazione,Via Chiappara Al Carmine 29
898081,edificio,55320,,Abitazione,Via Chiappara Al Carmine 29
898082,edificio,54085,,Abitazione,Vicolo Maestro Cristofaro 6
898083,edificio,105037,,Abitazione,Vicolo Maestro Cristofaro 15
898084,edificio,105037,,Abitazione,Vicolo Maestro Cristofaro 15
898085,edificio,57183,,Abitazione,Vicolo Sant'Eligio 1
898086,edificio,57183,,Abitazione,Vicolo Sant'Eligio 1
898087,edificio,20348,,Abitazione,Via Francesco Brancato Pan Kuo-Kuang 1
898088,edificio,19652,,Abitazione,Via Gaetano Mosca 29
898089,edificio,19652,,Abitazione,Via Gaetano Mosca 29
898090,edificio,50429,,Abitazione,Vicolo del Martello 4
898091,edificio,20401,,Abitazione,Via Pollaci Nuccio Fedele 3
898092,edificio,19652,,Abitazione,Via Gaetano Mosca 25
898093,edificio,53463,,Abitazione,Vicolo Santa Chiara 13
898094,edificio,105928,,Magazzino e locali di deposito,Via Spadaro 22
898095,edificio,54461,,Abitazione,Via Api 20-38
898096,edificio,53027,,"Teatro, cinematografo, struttura per concerti e spettacoli e assimilabili",Via delle Pergole 80
898097,edificio,53027,,"Teatro, cinematografo, struttura per concerti e spettacoli e assimilabili",Via delle Pergole 76
898098,edificio,53027,,"Teatro, cinematografo, struttura per concerti e spettacoli e assimilabili",Via delle Pergole 76
898099,edificio,53027,,"Teatro, cinematografo, struttura per concerti e spettacoli e assimilabili",Via delle Pergole 76
898100,edificio,53027,,"Teatro, cinematografo, struttura per concerti e spettacoli e assimilabili",Via delle Pergole 76
898101,edificio,53027,,"Teatro, cinematografo, struttura per concerti e spettacoli e assimilabili",Via delle Pergole 76
898102,edificio,53027,,"Teatro, cinematografo, struttura per concerti e spettacoli e assimilabili",Via delle Pergole 76
898103,edificio,53027,,"Teatro, cinematografo, struttura per concerti e spettacoli e assimilabili",Via delle Pergole 76
898104,edificio,53027,,"Teatro, cinematografo, struttura per concerti e spettacoli e assimilabili",Via delle Pergole 76
898105,edificio,53027,,"Teatro, cinematografo, struttura per concerti e spettacoli e assimilabili",Via Chiappara Al Carmine 79
898106,edificio,53027,,"Teatro, cinematografo, struttura per concerti e spettacoli e assimilabili",Via delle Pergole 76
898107,edificio,53027,,"Teatro, cinematografo, struttura per concerti e spettacoli e assimilabili",Via delle Pergole 76
898108,edificio,53027,,"Teatro, cinematografo, struttura per concerti e spettacoli e assimilabili",Via delle Pergole 76
898109,edificio,53027,,"Teatro, cinematografo, struttura per concerti e spettacoli e assimilabili",Via delle Pergole 76
898110,edificio,53027,,"Teatro, cinematografo, struttura per concerti e spettacoli e assimilabili",Via delle Pergole 76
898111,edificio,53027,,"Teatro, cinematografo, struttura per concerti e spettacoli e assimilabili",Via delle Pergole 76
898112,edificio,53027,,"Teatro, cinematografo, struttura per concerti e spettacoli e assimilabili",Via delle Pergole 76
898113,edificio,53027,,"Teatro, cinematografo, struttura per concerti e spettacoli e assimilabili",Via delle Pergole 76
898114,edificio,53027,,"Teatro, cinematografo, struttura per concerti e spettacoli e assimilabili",Via delle Pergole 76
898115,edificio,53027,,"Teatro, cinematografo, struttura per concerti e spettacoli e assimilabili",Via Chiappara Al Carmine 81
898116,edificio,53027,,"Teatro, cinematografo, struttura per concerti e spettacoli e assimilabili",Via Chiappara Al Carmine 83
898117,edificio,53027,,"Teatro, cinematografo, struttura per concerti e spettacoli e assimilabili",Via Chiappara Al Carmine 85
898118,edificio,53027,,"Teatro, cinematografo, struttura per concerti e spettacoli e assimilabili",Via Chiappara Al Carmine 87
898119,edificio,53027,,"Teatro, cinematografo, struttura per concerti e spettacoli e assimilabili",Via delle Pergole 76
898120,edificio,53027,,"Teatro, cinematografo, struttura per concerti e spettacoli e assimilabili",Via delle Pergole 76
898121,edificio,53027,,"Teatro, cinematografo, struttura per concerti e spettacoli e assimilabili",Via delle Pergole 78
898122,edificio,53421,,Abitazione,Piazza Santa Chiara 3
898123,edificio,53421,,Abitazione,Piazza Santa Chiara 3
898124,edificio,53421,,Abitazione,Piazza Santa Chiara 3
898125,edificio,54195,,Abitazione,Via Sant'Agostino 38
898126,edificio,53488,,Magazzino e locali di deposito,Via Noce 7
898127,edificio,53488,,Abitazione,Rua Formaggi 12
898128,edificio,53488,,Abitazione,Rua Formaggi 12
898129,edificio,53488,,Abitazione,Rua Formaggi 8
898130,edificio,53488,,Magazzino e locali di deposito,Rua Formaggi 10
898131,edificio,53488,,Magazzino e locali di deposito,Rua Formaggi 14
898132,edificio,53488,,Magazzino e locali di deposito,Rua Formaggi 16
898133,edificio,53488,,Abitazione,Rua Formaggi 12
898134,edificio,53488,,Abitazione,Rua Formaggi 12
898135,edificio,52441,,Ufficio strutturato ed assimilabili,Via Vittorio Emanuele 353
898136,edificio,52441,,Ufficio strutturato ed assimilabili,Via Vittorio Emanuele 353
898137,edificio,52441,,Magazzino e locali di deposito,Cortile Regina 8
898138,edificio,52441,,Magazzino e locali di deposito,Cortile Regina 9
898139,edificio,52441,,Magazzino e locali di deposito,Piazza Gran Cancelliere 1
898140,edificio,52441,,Ufficio strutturato ed assimilabili,Vicolo Gran Cancelliere 5
898141,edificio,52441,,Ufficio strutturato ed assimilabili,Vicolo Gran Cancelliere 7
898142,edificio,52441,,Ufficio strutturato ed assimilabili,Vicolo Gran Cancelliere 9
898143,edificio,52441,,Ufficio strutturato ed assimilabili,Vicolo Gran Cancelliere 11
898144,edificio,52441,,Ufficio strutturato ed assimilabili,Vicolo Gran Cancelliere 3
898145,edificio,52441,,Ufficio strutturato ed assimilabili,Vicolo Gran Cancelliere 3
898146,edificio,52441,,Magazzino e locali di deposito,Via Vittorio Emanuele 353
898147,edificio,52441,,Magazzino e locali di deposito,Via Vittorio Emanuele 353
898150,edificio,52815,,Abitazione,Salita dell'Annunziata 2
898153,edificio,52815,,Abitazione,Via Porta di Castro 148
898154,edificio,52815,,Abitazione,Via Porta di Castro 148
898155,edificio,54942,,Abitazione,Via Principe di San Giuseppe 19
898156,edificio,54942,,Abitazione,Via Principe di San Giuseppe 19
898157,edificio,52911,,Abitazione,Salita dell'Ospedale 5
898158,edificio,52911,,Abitazione,Salita dell'Ospedale 5
898159,edificio,52911,,Abitazione,Salita dell'Ospedale 5
898160,edificio,52911,,Abitazione,Salita dell'Ospedale 5
898161,edificio,52911,,Abitazione,Salita dell'Ospedale 5
898162,edificio,52911,,Abitazione,Salita dell'Ospedale 5
898163,edificio,52911,,Abitazione,Salita dell'Ospedale 9
898164,edificio,52911,,Abitazione,Salita dell'Ospedale 15
898165,edificio,52911,,Magazzino e locali di deposito,Via Porta di Castro 95
898166,edificio,52911,,Magazzino e locali di deposito,Via Porta di Castro 97
898167,edificio,52911,,Magazzino e locali di deposito,Via Porta di Castro 101
898168,edificio,52911,,Magazzino e locali di deposito,Via Porta di Castro 103
898169,edificio,52911,,Magazzino e locali di deposito,Via Fondaco a Palazzo Reale 22
898170,edificio,54316,,"Fabbricato per attività produttiva (industriale, artigianale o agricola)",Via del Celso 119
898171,edificio,54316,,Abitazione,VICOLO PENNINELLO 5
898172,edificio,52878,,Abitazione,Piazza Conte Federico 10
898173,edificio,52878,,Abitazione,Via del Fondaco 10
898174,edificio,52878,,Abitazione,Via del Fondaco 10
898175,edificio,52878,,Abitazione,Via del Fondaco 8
898176,edificio,52878,,Abitazione,Vicolo 2 Spagna 10
898177,edificio,52878,,Abitazione,Vicolo Forno a Sant'Agatuzza 10
898178,edificio,52878,,Abitazione,Via del Fondaco 10
898179,edificio,52878,,Abitazione,Via del Fondaco 10
898180,edificio,52878,,Abitazione,Via del Fondaco 10
898181,edificio,52878,,Abitazione,Via del Fondaco 10
898182,edificio,52766,,Magazzino e locali di deposito,Via Santissimo Crocifisso 14
898183,edificio,52766,,Magazzino e locali di deposito,Via Santissimo Crocifisso 20
898184,edificio,52766,,Abitazione,Via Santissimo Crocifisso 18
898185,edificio,52766,,Abitazione,Via Santissimo Crocifisso 18
898186,edificio,52766,,Abitazione,Via Santissimo Crocifisso 18
898187,edificio,52766,,Abitazione,Via Santissimo Crocifisso 18
898188,edificio,52744,,Magazzino e locali di deposito,Via Santissimo Crocifisso 26
898189,edificio,52744,,Magazzino e locali di deposito,Vicolo Forno 4
898190,edificio,52744,,Abitazione,Via Santissimo Crocifisso 24
898191,edificio,52744,,Abitazione,Vicolo Forno 2
898192,edificio,52759,,Magazzino e locali di deposito,Vicolo Forno 24
898193,edificio,52759,,Magazzino e locali di deposito,Vicolo Forno 30
898194,edificio,52759,,Abitazione,Vicolo Forno 28
898195,edificio,52759,,Abitazione,Vicolo Forno 28
898196,edificio,52775,,Magazzino e locali di deposito,Vicolo Forno 16
898197,edificio,52775,,Magazzino e locali di deposito,Vicolo Forno 20
898198,edificio,52775,,Abitazione,Vicolo Forno 18
898199,edificio,52775,,Abitazione,Vicolo Forno 18
898200,edificio,52878,,Abitazione,Via Spagna 21
898201,edificio,61320,,Abitazione,Via Sant'Alessandro 21
898202,edificio,19964,,Magazzino e locali di deposito,Via Colonna Rotta 53
898203,edificio,19964,,Abitazione,Via Colonna Rotta 48
898204,edificio,52730,,Parcheggio collettivo,Via Antonio Mongitore 5
898205,edificio,52730,,Magazzino e locali di deposito,Via Antonino Mongitore 3
898206,edificio,52730,,Magazzino e locali di deposito,Via Antonio Mongitore 3
898207,edificio,52730,,Magazzino e locali di deposito,Via Antonio Mongitore 3
898208,edificio,52730,,Magazzino e locali di deposito,Via Antonio Mongitore 3
898209,edificio,52730,,Magazzino e locali di deposito,Via Antonio Mongitore 1
898210,edificio,52730,,Magazzino e locali di deposito,Via Salita del Banditore 25
898211,edificio,52730,,Magazzino e locali di deposito,Via Salita del Banditore 23
898212,edificio,52730,,Magazzino e locali di deposito,Via Salita del Banditore 21
898213,edificio,52730,,Magazzino e locali di deposito,Via Salita del Banditore 17
898214,edificio,52730,,Magazzino e locali di deposito,Via Salita del Banditore 15
898215,edificio,52730,,Magazzino e locali di deposito,Vicolo Sant' Antonio alla Piazza dei Tedeschi 2
898216,edificio,52730,,Magazzino e locali di deposito,Vicolo Sant' Antonio alla Piazza dei Tedeschi 6
898217,edificio,52730,,Magazzino e locali di deposito,Vicolo Sant' Antonio alla Piazza dei Tedeschi 10
898218,edificio,52730,,Magazzino e locali di deposito,Vicolo Sant' Antonio alla Piazza dei Tedeschi 14
898219,edificio,52730,,"Cantina, soffitta, rimessa, box, garage, posto auto aperto/scoperto,…",VICOLO COLLUZIO S.N.C.
898220,edificio,52730,,Abitazione,Via Antonio Mongitore 5
898221,edificio,52730,,Abitazione,Via Antonio Mongitore 5
898222,edificio,52730,,Abitazione,Via Antonio Mongitore 5
898223,edificio,52730,,Abitazione,Via Antonio Mongitore 5
898224,edificio,52730,,Abitazione,Via Antonio Mongitore 5
898225,edificio,52730,,Abitazione,Via Antonio Mongitore 5
898226,edificio,52730,,Abitazione,Via Antonio Mongitore 5
898227,edificio,52730,,Abitazione,Via Antonio Mongitore 5
898228,edificio,52730,,Abitazione,Via Antonio Mongitore 5
898229,edificio,52730,,Abitazione,Via Antonio Mongitore 5
898230,edificio,52730,,Abitazione,Via Antonio Mongitore 5
898231,edificio,52730,,Abitazione,Via Antonio Mongitore 5
898232,edificio,52730,,Abitazione,Via Antonio Mongitore 5
898233,edificio,52730,,Abitazione,Via Antonio Mongitore 5
898234,edificio,52730,,Abitazione,Via Antonio Mongitore 5
898235,edificio,52730,,Abitazione,Via Antonio Mongitore 5
898236,edificio,52730,,Abitazione,Via Antonio Mongitore 5
898237,edificio,52730,,Abitazione,Via Antonio Mongitore 5
898238,edificio,52730,,Abitazione,Via Antonio Mongitore 3
898239,edificio,52730,,Abitazione,Via Antonio Mongitore 3
898240,edificio,52730,,Abitazione,Via Antonio Mongitore 3
898241,edificio,52730,,Abitazione,Via Antonio Mongitore 3
898242,edificio,52730,,Abitazione,Via Antonio Mongitore 3
898243,edificio,52730,,Abitazione,Via Antonio Mongitore 3
898244,edificio,52730,,Abitazione,Via Salita del Banditore 19
898245,edificio,52730,,Abitazione,Via Salita del Banditore 19
898246,edificio,52730,,Abitazione,Via Salita del Banditore 19
898247,edificio,52730,,Abitazione,Via Salita del Banditore 19
898248,edificio,52730,,Abitazione,Via Salita del Banditore 19
898249,edificio,52730,,Abitazione,Via Salita del Banditore 19
898250,edificio,52730,,Abitazione,Vicolo Sant' Antonio alla Piazza dei Tedeschi 4
898251,edificio,52730,,Abitazione,Vicolo Sant' Antonio alla Piazza dei Tedeschi 4
898252,edificio,52730,,"Cantina, soffitta, rimessa, box, garage, posto auto aperto/scoperto,…",Via Antonio Mongitore 3
898253,edificio,52735,,Ufficio strutturato ed assimilabili,Via Salita del Banditore 11
898254,edificio,52735,,Magazzino e locali di deposito,Vicolo Scicli 24
898255,edificio,52735,,Magazzino e locali di deposito,Vicolo Scicli 26
898256,edificio,52735,,Ufficio strutturato ed assimilabili,Via delle Balate 17
898257,edificio,52735,,Abitazione,Via delle Balate 19
898258,edificio,52735,,Abitazione,Via delle Balate 19
898259,edificio,52738,,Magazzino e locali di deposito,Via Generale Cadorna Luigi 29
898260,edificio,52738,,Magazzino e locali di deposito,Via Generale Cadorna Luigi 25
898261,edificio,52738,,Abitazione,Via Generale Cadorna Luigi 27
898262,edificio,52738,,Abitazione,Via Generale Cadorna Luigi 27
898263,edificio,52738,,Abitazione,Via Generale Cadorna Luigi 27
898264,edificio,52738,,Abitazione,Via Generale Cadorna Luigi 27
898265,edificio,52738,,Abitazione,Via Generale Cadorna Luigi 27
898266,edificio,52738,,Abitazione,Via Generale Cadorna Luigi 27
898267,edificio,56599,,Abitazione,Via Castello 36
898268,edificio,56599,,Abitazione,Via Magnisi 44
898269,edificio,56599,,Abitazione,Via Magnisi 44
898270,edificio,56599,,Abitazione,Via Magnisi 44
898271,edificio,56599,,Abitazione,Via Fratelli Orlando 3
898272,edificio,57033,,Abitazione,Via Terra delle Mosche 9
898273,edificio,57033,,Magazzino e locali di deposito,Via Terra delle Mosche 11
898274,edificio,57033,,Abitazione,Via Terra delle Mosche 13
898275,edificio,57033,,Abitazione,Via Terra delle Mosche 13
898276,edificio,57033,,Abitazione,Via Terra delle Mosche 13
898277,edificio,57033,,Abitazione,Via Terra delle Mosche 13
898278,edificio,57033,,Magazzino e locali di deposito,Via Terra delle Mosche 13
898279,edificio,57033,,Abitazione,Via Terra delle Mosche 15
898280,edificio,57033,,Abitazione,Via Terra delle Mosche 13
898281,edificio,57033,,Abitazione,Via Terra delle Mosche 13
898282,edificio,57033,,Abitazione,Via Terra delle Mosche 13
898283,edificio,57033,,Abitazione,Via Terra delle Mosche 13
898284,edificio,4578,,Abitazione,Via Saitta Longhi 78
898287,edificio,4578,,Abitazione,Via Saitta Longhi 78
898288,edificio,4578,,Abitazione,Via Saitta Longhi 78
898289,edificio,4578,,Abitazione,Via Saitta Longhi 78
898291,edificio,4833,,Magazzino e locali di deposito,Via Saitta Longhi 8
898292,edificio,4833,,Magazzino e locali di deposito,Via Saitta Longhi 8
898293,edificio,37540,,Abitazione,Via del Bassotto 2
898294,edificio,37540,,Abitazione,Via del Bassotto 2
898295,edificio,37540,,Abitazione,Via del Bassotto 2
898296,edificio,37540,,Abitazione,Via del Bassotto 2
898297,edificio,37540,,Abitazione,Via del Bassotto 2
898298,edificio,37540,,Abitazione,Via del Bassotto 2
898299,edificio,37540,,Abitazione,Via del Bassotto 2
898300,edificio,37540,,Abitazione,Via del Bassotto 2
898301,edificio,37540,,Abitazione,Via del Bassotto 2
898302,edificio,37540,,Abitazione,Via del Bassotto 2
898303,edificio,37540,,Abitazione,Via del Bassotto 2
898304,edificio,37540,,Abitazione,Via del Bassotto 2
898305,edificio,37540,,Abitazione,Via del Bassotto 2
898306,edificio,37540,,Abitazione,Via del Bassotto 2
898307,edificio,37540,,Abitazione,Via del Bassotto 2
898308,edificio,37540,,Abitazione,Via del Bassotto 2
898309,edificio,37540,,Abitazione,Via del Bassotto 2
898310,edificio,37540,,Abitazione,Via del Bassotto 2
898311,edificio,37540,,Abitazione,Via del Bassotto 2
898312,edificio,37540,,Abitazione,Via del Bassotto 2
898313,edificio,37540,,Abitazione,Via del Bassotto 2
898314,edificio,37540,,Abitazione,Via del Bassotto 2
898315,edificio,37540,,Abitazione,Via del Bassotto 2
898316,edificio,37540,,Abitazione,Via del Bassotto 2
898318,edificio,37540,,Abitazione,Via del Bassotto 2
898319,edificio,37540,,Abitazione,Via del Bassotto 2
898320,edificio,37540,,Abitazione,Via del Bassotto 2
898321,edificio,37540,,Abitazione,Via del Bassotto 2
898322,edificio,37540,,Abitazione,Via del Bassotto 2
898323,edificio,37540,,Abitazione,Via del Bassotto 2
898324,edificio,37540,,Abitazione,Via del Bassotto 2
898325,edificio,37540,,Abitazione,Via del Bassotto 2
898326,edificio,37540,,Abitazione,Via del Bassotto 2
898327,edificio,37540,,Abitazione,Via del Bassotto 2
898328,edificio,37540,,Abitazione,Via del Bassotto 2
898329,edificio,37540,,Abitazione,Via del Bassotto 2
898330,edificio,37540,,Abitazione,Via del Bassotto 2
898331,edificio,37540,,Abitazione,Via del Bassotto 2
898332,edificio,37540,,Abitazione,Via del Bassotto 2
898333,edificio,37540,,Abitazione,Via del Bassotto 2
898334,edificio,37540,,Abitazione,Via del Bassotto 2
898335,edificio,37540,,Abitazione,Via del Bassotto 2
898336,edificio,37540,,Abitazione,Via del Bassotto 2
898337,edificio,37540,,Abitazione,Via del Bassotto 2
898338,edificio,37540,,Abitazione,Via del Bassotto 2
898339,edificio,37540,,Abitazione,Via del Bassotto 2
898340,edificio,37540,,Abitazione,Via del Bassotto 2
898341,edificio,37540,,Abitazione,Via del Bassotto 2
898342,edificio,37540,,Abitazione,Via del Bassotto 2
898343,edificio,37540,,Abitazione,Via del Bassotto 2
898344,edificio,37540,,Abitazione,Via del Bassotto 2
898345,edificio,37540,,Abitazione,Via del Bassotto 2
898346,edificio,37540,,Abitazione,Via del Bassotto 2
898347,edificio,37540,,Abitazione,Via del Bassotto 2
898348,edificio,37540,,Abitazione,Via del Bassotto 2
898349,edificio,37540,,Abitazione,Via del Bassotto 2
898350,edificio,37540,,Abitazione,Via del Bassotto 2
898351,edificio,37540,,Abitazione,Via del Bassotto 2
898352,edificio,37540,,Abitazione,Via del Bassotto 2
898353,edificio,37540,,Abitazione,Via del Bassotto 2
898354,edificio,37540,,Abitazione,Via del Bassotto 2
898355,edificio,37540,,Abitazione,Via del Bassotto 2
898356,edificio,37540,,Abitazione,Via del Bassotto 2
898357,edificio,37540,,Abitazione,Via del Bassotto 2
898358,edificio,37540,,Abitazione,Via del Bassotto 2
898359,edificio,37540,,Abitazione,Via del Bassotto 2
898360,edificio,37540,,Abitazione,Via del Bassotto 2
898361,edificio,37540,,Abitazione,Via del Bassotto 2
898362,edificio,37540,,Abitazione,Via del Bassotto 2
898363,edificio,37540,,Abitazione,Via del Bassotto 2
898364,edificio,37540,,Abitazione,Via del Bassotto 2
898365,edificio,37540,,Abitazione,Via del Bassotto 2
898366,edificio,37540,,Abitazione,Via del Bassotto 2
898367,edificio,37540,,Abitazione,Via del Bassotto 2
898368,edificio,37540,,Abitazione,Via del Bassotto 2
898369,edificio,37540,,Abitazione,Via del Bassotto 2
898370,edificio,37540,,Abitazione,Via del Bassotto 2
898371,edificio,37540,,Abitazione,Via del Bassotto 2
898372,edificio,37540,,Abitazione,Via del Bassotto 2
898373,edificio,37540,,Abitazione,Via del Bassotto 2
898374,edificio,37540,,Abitazione,Via del Bassotto 2
898375,edificio,37540,,Abitazione,Via del Bassotto 2
898376,edificio,37540,,Abitazione,Via del Bassotto 2
898377,edificio,37540,,Abitazione,Via del Bassotto 2
898378,edificio,37540,,Abitazione,Via del Bassotto 2
898379,edificio,37540,,Abitazione,Via del Bassotto 2
898380,edificio,37540,,Abitazione,Via del Bassotto 2
898381,edificio,37540,,Abitazione,Via del Bassotto 2
898382,edificio,37540,,Abitazione,Via del Bassotto 2
898383,edificio,37540,,Abitazione,Via del Bassotto 2
898384,edificio,37540,,Abitazione,Via del Bassotto 2
898385,edificio,37540,,Abitazione,Via del Bassotto 2
898386,edificio,37540,,Abitazione,Via del Bassotto 2
898387,edificio,37540,,Abitazione,Via del Bassotto 2
898388,edificio,37540,,Abitazione,Via del Bassotto 2
898389,edificio,37540,,Abitazione,Via del Bassotto 2
898390,edificio,37540,,Abitazione,Via del Bassotto 2
898391,edificio,37540,,Abitazione,Via del Bassotto 2
898392,edificio,37540,,Abitazione,Via del Bassotto 2
898393,edificio,37540,,Abitazione,Via del Bassotto 2
898394,edificio,37540,,Abitazione,Via del Bassotto 2
898395,edificio,37540,,Abitazione,Via del Bassotto 2
898396,edificio,37540,,Abitazione,Via del Bassotto 2
898397,edificio,37540,,Abitazione,Via del Bassotto 2
898398,edificio,37540,,Abitazione,Via del Bassotto 2
898399,edificio,37540,,Abitazione,Via del Bassotto 2
898400,edificio,37540,,Abitazione,Via del Bassotto 2
898401,edificio,37540,,Abitazione,Via del Bassotto 2
898402,edificio,37540,,Abitazione,Via del Bassotto 2
898403,edificio,37540,,Abitazione,Via del Bassotto 2
898404,edificio,37540,,Abitazione,Via del Bassotto 2
898405,edificio,37540,,Abitazione,Via del Bassotto 2
898406,edificio,37540,,Abitazione,Via del Bassotto 2
898407,edificio,37540,,Abitazione,Via del Bassotto 2
898408,edificio,37540,,Abitazione,Via del Bassotto 2
898409,edificio,37540,,Abitazione,Via del Bassotto 2
898410,edificio,37540,,Abitazione,Via del Bassotto 2
898411,edificio,37540,,Abitazione,Via del Bassotto 2
898412,edificio,37540,,Abitazione,Via del Bassotto 2
898413,edificio,37540,,Abitazione,Via del Bassotto 2
898414,edificio,37540,,Abitazione,Via del Bassotto 2
898415,edificio,37540,,Abitazione,Via del Bassotto 2
898416,edificio,37540,,"Cantina, soffitta, rimessa, box, garage, posto auto aperto/scoperto,…",Via del Bassotto 2
898417,edificio,37540,,Abitazione,Via del Bassotto 2
898418,edificio,37540,,Abitazione,Via del Bassotto 2
898419,edificio,37540,,Abitazione,Via del Bassotto 2
898420,edificio,37540,,Abitazione,Via del Bassotto 2
898421,edificio,37540,,Abitazione,Via del Bassotto 2
898422,edificio,37540,,Abitazione,Via del Bassotto 2
898423,edificio,37540,,Abitazione,Via del Bassotto 2
898424,edificio,37540,,Abitazione,Via del Bassotto 2
898425,edificio,37540,,Abitazione,Via del Bassotto 2
898426,edificio,37540,,Abitazione,Via del Bassotto 2
898427,edificio,37540,,Abitazione,Via del Bassotto 2
898428,edificio,37540,,Abitazione,Via del Bassotto 2
898429,edificio,37540,,Abitazione,Via del Bassotto 2
898430,edificio,37540,,Abitazione,Via del Bassotto 2
898431,edificio,37540,,Abitazione,Via del Bassotto 2
898432,edificio,37540,,Abitazione,Via del Bassotto 2
898433,edificio,37540,,Abitazione,Via del Bassotto 2
898434,edificio,37540,,Abitazione,Via del Bassotto 2
898435,edificio,37540,,Abitazione,Via del Bassotto 2
898436,edificio,37540,,Abitazione,Via del Bassotto 2
898437,edificio,37540,,Abitazione,Via del Bassotto 2
898438,edificio,37540,,Abitazione,Via del Bassotto 2
898439,edificio,37540,,Abitazione,Via del Bassotto 2
898440,edificio,37540,,Abitazione,Via del Bassotto 2
898441,edificio,37540,,Abitazione,Via del Bassotto 2
898442,edificio,37540,,Abitazione,Via del Bassotto 2
898443,edificio,37540,,Abitazione,Via del Bassotto 2
898444,edificio,37540,,Abitazione,Via del Bassotto 2
898445,edificio,37540,,Abitazione,Via del Bassotto 2
898446,edificio,37540,,Abitazione,Via del Bassotto 2
898447,edificio,37540,,Abitazione,Via del Bassotto 2
898448,edificio,37540,,Abitazione,Via del Bassotto 2
898449,edificio,37540,,Abitazione,Via del Bassotto 2
898450,edificio,37540,,Abitazione,Via del Bassotto 2
898451,edificio,37540,,Abitazione,Via del Bassotto 2
898452,edificio,37540,,"Cantina, soffitta, rimessa, box, garage, posto auto aperto/scoperto,…",Via del Bassotto 2
898453,edificio,37540,,Abitazione,Via del Bassotto 2
898454,edificio,37540,,Abitazione,Via del Bassotto 2
898455,edificio,37540,,Abitazione,Via del Bassotto 2
898456,edificio,37540,,Abitazione,Via del Bassotto 2
898457,edificio,37540,,Abitazione,Via del Bassotto 2
898458,edificio,37540,,Abitazione,Via del Bassotto 2
898459,edificio,37540,,Abitazione,Via del Bassotto 2
898460,edificio,37540,,Abitazione,Via del Bassotto 2
898461,edificio,37540,,Abitazione,Via del Bassotto 2
898462,edificio,37540,,Abitazione,Via del Bassotto 2
898463,edificio,37540,,Abitazione,Via del Bassotto 2
898464,edificio,37540,,Abitazione,Via del Bassotto 2
898465,edificio,37540,,Abitazione,Via del Bassotto 2
898466,edificio,37540,,Abitazione,Via del Bassotto 2
898467,edificio,37540,,Abitazione,Via del Bassotto 2
898468,edificio,37540,,Abitazione,Via del Bassotto 2
898469,edificio,37540,,Abitazione,Via del Bassotto 2
898470,edificio,37540,,Abitazione,Via del Bassotto 2
898471,edificio,37540,,Abitazione,Via del Bassotto 2
898472,edificio,37540,,Abitazione,Via del Bassotto 2
898473,edificio,37540,,Abitazione,Via del Bassotto 2
898474,edificio,37540,,Abitazione,Via del Bassotto 2
898475,edificio,37540,,Abitazione,Via del Bassotto 2
898476,edificio,37540,,Abitazione,Via del Bassotto 2
898477,edificio,37540,,Abitazione,Via del Bassotto 2
898478,edificio,37540,,Abitazione,Via del Bassotto 2
898479,edificio,37540,,Abitazione,Via del Bassotto 2
898480,edificio,37540,,Abitazione,Via del Bassotto 2
898481,edificio,37540,,Abitazione,Via del Bassotto 2
898482,edificio,37540,,Abitazione,Via del Bassotto 2
898483,edificio,37540,,Abitazione,Via del Bassotto 2
898484,edificio,37540,,Abitazione,Via del Bassotto 2
898485,edificio,37540,,Abitazione,Via del Bassotto 2
898486,edificio,37540,,Abitazione,Via del Bassotto 2
898487,edificio,37540,,Abitazione,Via del Bassotto 2
898488,edificio,37540,,Abitazione,Via del Bassotto 2
898489,edificio,37540,,Abitazione,Via del Bassotto 2
898490,edificio,37540,,Abitazione,Via del Bassotto 2
898491,edificio,37540,,Abitazione,Via del Bassotto 2
898492,edificio,37540,,Abitazione,Via del Bassotto 2
898493,edificio,37540,,Abitazione,Via del Bassotto 2
898494,edificio,37540,,Abitazione,Via del Bassotto 2
898495,edificio,37540,,Abitazione,Via del Bassotto 2
898496,edificio,37540,,Abitazione,Via del Bassotto 2
898497,edificio,37540,,Abitazione,Via del Bassotto 2
898498,edificio,37540,,Abitazione,Via del Bassotto 2
898499,edificio,37540,,Abitazione,Via del Bassotto 2
898500,edificio,37540,,Abitazione,Via del Bassotto 2
898501,edificio,37540,,Abitazione,Via del Bassotto 2
898502,edificio,37540,,Abitazione,Via del Bassotto 2
898503,edificio,37540,,Abitazione,Via del Bassotto 2
898504,edificio,37540,,Abitazione,Via del Bassotto 2
898505,edificio,37540,,Abitazione,Via del Bassotto 2
898506,edificio,37540,,Abitazione,Via del Bassotto 2
898507,edificio,37540,,Abitazione,Via del Bassotto 2
898508,edificio,37540,,Abitazione,Via del Bassotto 2
898509,edificio,37540,,Abitazione,Via del Bassotto 2
898510,edificio,37540,,Abitazione,Via del Bassotto 2
898511,edificio,37540,,"Cantina, soffitta, rimessa, box, garage, posto auto aperto/scoperto,…",Via del Bassotto 2
898512,edificio,37540,,Magazzino e locali di deposito,Via del Bassotto 2
898513,edificio,37540,,Abitazione,Via del Bassotto 2
898514,edificio,37540,,Abitazione,Via del Bassotto 2
898515,edificio,37540,,Abitazione,Via del Bassotto 2
898516,edificio,37540,,Abitazione,Via del Bassotto 2
898517,edificio,37540,,Abitazione,Via del Bassotto 2
898518,edificio,37540,,Abitazione,Via del Bassotto 2
898519,edificio,37540,,Abitazione,Via del Bassotto 2
898520,edificio,37540,,Abitazione,Via del Bassotto 2
898521,edificio,37540,,Abitazione,Via del Bassotto 2
898522,edificio,37540,,Abitazione,Via del Bassotto 2
898523,edificio,37540,,Abitazione,Via del Bassotto 2
898524,edificio,37540,,Abitazione,Via del Bassotto 2
898525,edificio,37540,,"Cantina, soffitta, rimessa, box, garage, posto auto aperto/scoperto,…",Via del Bassotto 2
898526,edificio,37540,,Abitazione,Via del Bassotto 2
898527,edificio,37540,,Abitazione,Via del Bassotto 2
898528,edificio,37540,,Abitazione,Via del Bassotto 2
898529,edificio,37540,,Abitazione,Via del Bassotto 2
898530,edificio,37540,,Abitazione,Via del Bassotto 2
898531,edificio,37540,,Abitazione,Via del Bassotto 2
898532,edificio,37540,,Abitazione,Via del Bassotto 2
898533,edificio,37540,,Abitazione,Via del Bassotto 2
898534,edificio,37540,,Abitazione,Via del Bassotto 2
898535,edificio,37540,,Abitazione,Via del Bassotto 2
898536,edificio,37540,,Abitazione,Via del Bassotto 2
898537,edificio,37540,,Abitazione,Via del Bassotto 2
898538,edificio,37540,,Abitazione,Via del Bassotto 2
898539,edificio,37540,,Abitazione,Via del Bassotto 2
898540,edificio,37540,,Abitazione,Via del Bassotto 2
898541,edificio,37540,,Abitazione,Via del Bassotto 2
898542,edificio,37540,,Abitazione,Via del Bassotto 2
898543,edificio,37540,,Abitazione,Via del Bassotto 2
898544,edificio,37540,,Abitazione,Via del Bassotto 2
898545,edificio,37540,,Abitazione,Via del Bassotto 2
898546,edificio,37540,,"Cantina, soffitta, rimessa, box, garage, posto auto aperto/scoperto,…",Via del Bassotto 2
898547,edificio,37540,,Abitazione,Via del Bassotto 2
898548,edificio,37540,,Abitazione,Via del Bassotto 2
898549,edificio,37540,,Abitazione,Via del Bassotto 2
898550,edificio,37540,,Abitazione,Via del Bassotto 2
898551,edificio,21486,,Abitazione,Via Papireto 36
898552,edificio,21486,,Abitazione,Via Papireto 4
898553,edificio,55318,,Abitazione,Via delle Pergole 14
898554,edificio,55318,,Magazzino e locali di deposito,Via delle Pergole 14
898555,edificio,55318,,Abitazione,Via delle Pergole 14
898556,edificio,55318,,Magazzino e locali di deposito,Via delle Pergole 14
898557,edificio,55318,,Magazzino e locali di deposito,Via delle Pergole 14
898558,edificio,55318,,Abitazione,Via delle Pergole 16
898559,edificio,54412,,Abitazione,Cortile Regina 12
898565,edificio,54415,,Magazzino e locali di deposito,Via delle Sedie Volanti 43
898568,edificio,54415,,Abitazione,Via Sedie Volanti 45
898572,edificio,54412,,Abitazione,Cortile Regina 14
898573,edificio,54414,,Abitazione,Cortile Cataro 4
898574,edificio,54412,,Abitazione,Cortile Cataro 4
898575,edificio,54414,,Abitazione,Cortile Regina 15
898576,edificio,54412,,Abitazione,Cortile Cataro 4
898577,edificio,54412,,Abitazione,Cortile Cataro 4
898583,edificio,52716,,"Cantina, soffitta, rimessa, box, garage, posto auto aperto/scoperto,…",Via Lagumina Fratelli 2
898584,edificio,52716,,Abitazione,Via Antonio Mongitore 1
898585,edificio,52716,,Abitazione,Via Antonio Mongitore 1
898586,edificio,52716,,Abitazione,Via Antonio Mongitore 1
898587,edificio,52716,,Abitazione,Via Antonio Mongitore 1
898588,edificio,52716,,Abitazione,Via Antonio Mongitore 1
898589,edificio,52716,,Abitazione,Via Antonio Mongitore 1
898590,edificio,52716,,Abitazione,Via Antonio Mongitore 1
898591,edificio,52716,,Abitazione,Via Antonio Mongitore 1
898592,edificio,52716,,Abitazione,Via Lagumina Fratelli 2
898593,edificio,52716,,Abitazione,Via Lagumina Fratelli 2
898594,edificio,52716,,Abitazione,Via Lagumina Fratelli 2
898595,edificio,52716,,Abitazione,Via Salita del Banditore 8
898596,edificio,52716,,Abitazione,Via Salita del Banditore 8
898597,edificio,52716,,Magazzino e locali di deposito,Via Antonio Mongitore 1
898598,edificio,52716,,Magazzino e locali di deposito,Via Antonio Mongitore 1
898599,edificio,52716,,Magazzino e locali di deposito,Via Antonio Mongitore 1
898600,edificio,52716,,Magazzino e locali di deposito,Via Lagumina Fratelli 2
898601,edificio,52716,,Magazzino e locali di deposito,Via Lagumina Fratelli 2
898602,edificio,52790,,Magazzino e locali di deposito,Vicolo Massi 3
898603,edificio,52790,,Magazzino e locali di deposito,Vicolo Massi 1
898604,edificio,52790,,Abitazione,Via delle Balate 2
898605,edificio,52790,,Abitazione,Via delle Balate 2
898606,edificio,52790,,Abitazione,Via delle Balate 2
898607,edificio,52790,,Abitazione,Via delle Balate 2
898608,edificio,52790,,Abitazione,Via delle Balate 2
898609,edificio,52790,,Abitazione,Vicolo Massi 6
898610,edificio,52790,,Abitazione,Vicolo Massi 6
898611,edificio,52790,,Abitazione,Vicolo Massi 6
898612,edificio,52790,,Abitazione,Vicolo Massi 6
898613,edificio,52790,,Abitazione,Vicolo Massi 6
898614,edificio,52790,,Abitazione,Vicolo Massi 6
898615,edificio,52790,,Abitazione,Vicolo Massi 2
898616,edificio,52790,,Abitazione,Vicolo Massi 2
898617,edificio,52790,,Abitazione,Vicolo Massi 2
898618,edificio,52790,,Abitazione,Vicolo Massi 2
898619,edificio,52790,,Abitazione,Via Antonio Mongitore 7
898620,edificio,52790,,Abitazione,Via Antonio Mongitore 7
898621,edificio,52790,,Abitazione,Via Antonio Mongitore 7
898622,edificio,52790,,Abitazione,Via Antonio Mongitore 7
898623,edificio,52790,,Abitazione,Via Antonio Mongitore 7
898624,edificio,52790,,Abitazione,Via Antonio Mongitore 7
898625,edificio,52790,,"Biblioteca, pinacoteca, museo, gallerie",Via delle Balate 4
898626,edificio,52790,,Magazzino e locali di deposito,Via delle Balate 8
898627,edificio,52790,,Magazzino e locali di deposito,Via delle Balate 12
898628,edificio,52790,,Magazzino e locali di deposito,Vicolo Massi 4
898629,edificio,57647,,"Fabbricato per attività produttiva (industriale, artigianale o agricola)",Via Dello Spasimo 10
898630,edificio,57650,,"Fabbricato per attività produttiva (industriale, artigianale o agricola)",Piazzetta della Vittoria Allo Spasimo 17
898631,edificio,57650,,"Fabbricato per attività produttiva (industriale, artigianale o agricola)",Piazzetta della Vittoria Allo Spasimo 15
898632,edificio,54414,,Abitazione,Cortile Regina 16
898633,edificio,54414,,Abitazione,Cortile Regina 6
898636,edificio,108676,,Abitazione,Via alla Piazza dei Tedeschi 21
898639,edificio,108676,,Abitazione,Vicolo Scafidi 15
898641,edificio,108676,,Abitazione,Vicolo Scafidi 15
898642,edificio,52744,,Magazzino e locali di deposito,Vicolo Forno 6
898643,edificio,52744,,Magazzino e locali di deposito,Vicolo Forno 12
898644,edificio,52744,,Abitazione,Vicolo Forno 10
898645,edificio,52744,,Abitazione,Vicolo Forno 10
898646,edificio,52742,,Abitazione,Via Santissimo Crocifisso 10
898647,edificio,52742,,Abitazione,Via Santissimo Crocifisso 10
898648,edificio,52742,,Magazzino e locali di deposito,Via Santissimo Crocifisso 6
898649,edificio,52742,,Magazzino e locali di deposito,Via Santissimo Crocifisso 8
898650,edificio,52742,,Magazzino e locali di deposito,Via Santissimo Crocifisso 12
898651,edificio,52742,,Abitazione,Via Santissimo Crocifisso 10
898652,edificio,52742,,Abitazione,Via Santissimo Crocifisso 10
898653,edificio,57475,,"Fabbricato per attività produttiva (industriale, artigianale o agricola)",Piazzetta Zagarellai 2
898654,edificio,57475,,"Fabbricato per attività produttiva (industriale, artigianale o agricola)",Via Scopari 16
898655,edificio,57475,,Magazzino e locali di deposito,Via Scopari 10
898656,edificio,57475,,Magazzino e locali di deposito,Via Scopari 10
898657,edificio,57475,,"Fabbricato per attività produttiva (industriale, artigianale o agricola)",Via Scopari 10
898658,edificio,57475,,"Fabbricato per attività produttiva (industriale, artigianale o agricola)",Via Scopari 12
898659,edificio,57475,,"Fabbricato per attività produttiva (industriale, artigianale o agricola)",Vicolo della Rosa All'Alloro 21
898660,edificio,57475,,Abitazione,Via Scopari 10
898661,edificio,57475,,Abitazione,Via Scopari 10
898662,edificio,57475,,Abitazione,Via Scopari 10
898663,edificio,57475,,Abitazione,Via Scopari 10
898664,edificio,57475,,Abitazione,Via Scopari 10
898665,edificio,57475,,Abitazione,Via Scopari 10
898666,edificio,57475,,Abitazione,Via Scopari 10
898667,edificio,57475,,Abitazione,Via Scopari 10
898668,edificio,57475,,Abitazione,Via Scopari 10
898669,edificio,57475,,Abitazione,Via Scopari 10
898670,edificio,57475,,Abitazione,Via Scopari 10
898671,edificio,57475,,Abitazione,Via Scopari 10
898672,edificio,55468,,Abitazione,Via Maqueda 58
898673,edificio,55468,,Magazzino e locali di deposito,Via Case Nuove 3
898675,edificio,21590,,Magazzino e locali di deposito,Vicolo delle Api 8
898676,edificio,21590,,Magazzino e locali di deposito,Via Filippone 21
898677,edificio,21590,,Magazzino e locali di deposito,Via Filippone 23
898678,edificio,21590,,Magazzino e locali di deposito,Via Filippone 25
898679,edificio,21590,,Magazzino e locali di deposito,Via Filippone 27
898684,edificio,61320,,Abitazione,Via Sant'Alessandro 27
898685,edificio,61320,,Abitazione,Via Sant'Alessandro 27
898686,edificio,55853,,Magazzino e locali di deposito,Vicolo Teatro Bellini 11
898687,edificio,53269,,Abitazione,Via del Protonotaro 15
898688,edificio,53269,,Magazzino e locali di deposito,Via del Protonotaro 19
898689,edificio,53269,,Magazzino e locali di deposito,Via del Protonotaro 21
898690,edificio,53150,,Abitazione,Piazza Casa Professa 19
898695,edificio,21657,,Abitazione,Via Filippone 18
898696,edificio,21657,,Abitazione,Via Filippone 20
898697,edificio,21657,,Abitazione,Via Filippone 20
898698,edificio,21657,,Abitazione,Via Filippone 20
898699,edificio,57475,,Magazzino e locali di deposito,Via Scopari 33
898700,edificio,57457,,Abitazione,Via Scopari 8
898701,edificio,54425,,Abitazione,Vicolo degli Orfani 37
898702,edificio,54428,,Abitazione,Vicolo degli Orfani 27
898703,edificio,54428,,Abitazione,Vicolo degli Orfani 11
898704,edificio,54413,,"Fabbricato per attività produttiva (industriale, artigianale o agricola)",Vicolo degli Orfani 5
898710,edificio,52906,,Magazzino e locali di deposito,Via Porta di Castro 126
898711,edificio,52906,,Magazzino e locali di deposito,Via porta di castro 128
898712,edificio,52906,,Magazzino e locali di deposito,Via porta di castro 130
898713,edificio,52906,,Abitazione,Via alla Piazza dei Tedeschi 2
898714,edificio,111116,,"Cantina, soffitta, rimessa, box, garage, posto auto aperto/scoperto,…",Via Gaetano Romeres 2
898715,edificio,111116,,Abitazione,Via Gaetano Romeres 4
898716,edificio,111116,,Abitazione,Via Gaetano Romeres 4
898717,edificio,55260,,Abitazione,VICOLO CONGR. DEL VENERDI' (1) 7
898718,edificio,55258,,Magazzino e locali di deposito,Via Collegio di Maria Al Carmine 7
898719,edificio,54425,,Abitazione,Vicolo degli Orfani 41
898720,edificio,54425,,Abitazione,Vicolo degli Orfani 41
898721,edificio,54425,,Abitazione,Vicolo degli Orfani 41
898722,edificio,53962,,Magazzino e locali di deposito,Via Sant'Agostino 121
898723,edificio,53962,,Abitazione,CORTILE DEL CAPPELLAIO 1
898724,edificio,53962,,Magazzino e locali di deposito,Via Sant'Agostino 123
898725,edificio,53962,,Abitazione,Cortile Corrao 2
898726,edificio,53962,,Abitazione,Cortile del Cappellaio 1
898727,edificio,53962,,Abitazione,CORTILE DEL CAPPELLAIO 1
898728,edificio,53962,,Magazzino e locali di deposito,Via Sant'Agostino 125
898729,edificio,53962,,Magazzino e locali di deposito,Via Sant'Agostino 127
898730,edificio,53962,,Abitazione,Cortile Regina 12
898731,edificio,53962,,Abitazione,CORTILE DEL CAPPELLAIO 1
898732,edificio,53924,,Abitazione,Cortile Regina 7
898733,edificio,53924,,Abitazione,Cortile Regina 8
898734,edificio,52814,,Abitazione,Vicolo Pesacannone 29
898735,edificio,52814,,Magazzino e locali di deposito,Vicolo Pesacannone 31
898736,edificio,52814,,Magazzino e locali di deposito,Piazza Indipendenza 1
898737,edificio,52814,,Magazzino e locali di deposito,Piazza Indipendenza 1
898738,edificio,52814,,Magazzino e locali di deposito,Vicolo Pesacannone 27
898739,edificio,52814,,Abitazione,Vicolo Pesacannone 29
898740,edificio,52814,,Abitazione,Vicolo Pesacannone 29
898741,edificio,52814,,Abitazione,Vicolo Pesacannone 29
898742,edificio,4411,,Abitazione,Vicolo Rocca 56
898743,edificio,53758,,"Locale commerciale, negozio",Via Gioiamia 27
898744,edificio,57497,,Abitazione,Via Alloro 95
898745,edificio,57497,,Abitazione,Via Alloro 95
898746,edificio,57497,,Abitazione,Via Alloro 95
898747,edificio,57497,,Abitazione,Via Alloro 95
898748,edificio,57497,,Abitazione,Via Alloro 95
898749,edificio,57497,,Abitazione,Via Alloro 95
898750,edificio,57497,,Abitazione,Via Alloro 95
898751,edificio,57497,,Abitazione,Via Alloro 95
898752,edificio,57497,,Abitazione,Via Alloro 95
898753,edificio,57497,,Abitazione,Via Alloro 95
898754,edificio,57497,,"Cantina, soffitta, rimessa, box, garage, posto auto aperto/scoperto,…",Via Alloro 95
898755,edificio,57497,,Abitazione,Via Alloro 95
898756,edificio,57497,,Abitazione,Via Alloro 95
898757,edificio,57497,,Abitazione,Via Alloro 95
898758,edificio,57497,,Abitazione,Via Alloro 95
898759,edificio,57497,,Abitazione,Via Alloro 95
898760,edificio,57497,,Abitazione,Via Alloro 95
898761,edificio,57497,,Abitazione,Via Alloro 95
898762,edificio,57497,,Abitazione,Via Alloro 95
898763,edificio,57497,,Magazzino e locali di deposito,Vicolo di Blasi n.a.
898764,edificio,57497,,Magazzino e locali di deposito,VICOLO DI BLASI S.N.C.
898765,edificio,57497,,Abitazione,Via Alloro 95
898766,edificio,57497,,Abitazione,Via Alloro 95
898767,edificio,57497,,Abitazione,Via Alloro 95
898768,edificio,57509,,Magazzino e locali di deposito,Via Alloro 99
898769,edificio,57509,,Abitazione,Via Alloro 99
898770,edificio,57509,,Abitazione,Via Alloro 99
898771,edificio,57509,,Abitazione,Via Alloro 99
898772,edificio,57509,,Abitazione,Via Alloro 99
898773,edificio,57509,,Abitazione,Via Alloro 99
898774,edificio,57509,,Magazzino e locali di deposito,Via Alloro 99
898775,edificio,55522,,Ufficio strutturato ed assimilabili,Via Lincoln 144
898796,edificio,56804,,Abitazione,Via dei Cassari 93
898797,edificio,57444,,Abitazione,Vicolo Grifotta 9
898798,edificio,61257,,Abitazione,Via dell'Arenella 6
898799,edificio,61322,,Abitazione,Via dell'Arenella 16
898800,edificio,56777,,Abitazione,Vicolo Mezzani 32
898802,edificio,55941,,Magazzino e locali di deposito,Via Divisi 43
898803,edificio,55941,,Magazzino e locali di deposito,Via Divisi 47
898804,edificio,56349,,"Struttura residenziale collettiva (es.: collegi e convitti, educandati, ricoveri, orfanotrofi, ospizi, conventi, seminari)",Via Giuseppe Garibaldi 3
898805,edificio,56349,,Abitazione,Via Magione 13
898806,edificio,56349,,Abitazione,Via Magione 13
898807,edificio,56349,,Abitazione,Via Magione 15
898808,edificio,56349,,Abitazione,Via Magione 17
898809,edificio,56349,,Abitazione,Via magione 21
898810,edificio,56349,,Magazzino e locali di deposito,Via Magione 19
898811,edificio,56349,,Magazzino e locali di deposito,Via Magione 19
898812,edificio,56349,,Abitazione,Via Magione 19
898813,edificio,56349,,Abitazione,Via Magione 19
898814,edificio,56349,,Abitazione,Via Magione 19
898815,edificio,56349,,Magazzino e locali di deposito,Via Giuseppe Garibaldi 1
898816,edificio,56349,,Abitazione,Via Magione 19
898817,edificio,56349,,Magazzino e locali di deposito,Via Giuseppe Garibaldi 5
898818,edificio,56349,,Abitazione,Via Magione 1
898819,edificio,56349,,Abitazione,Via Magione 3
898820,edificio,56349,,Magazzino e locali di deposito,Via Magione 5
898821,edificio,56349,,Magazzino e locali di deposito,Via Magione 7
898822,edificio,56349,,Abitazione,Via Magione 9
898823,edificio,56349,,Magazzino e locali di deposito,Via Magione 11
898824,edificio,55984,,Magazzino e locali di deposito,Via Giuseppe Garibaldi 16
898825,edificio,55984,,Abitazione,Via Giuseppe Garibaldi 30
898826,edificio,55984,,Magazzino e locali di deposito,Via Giuseppe Garibaldi 32
898827,edificio,55984,,Magazzino e locali di deposito,Via Maestri D'Acqua 5
898828,edificio,55984,,Magazzino e locali di deposito,Via Maestri D'Acqua 11
898829,edificio,55984,,Magazzino e locali di deposito,Via Gorizia 42
898830,edificio,55984,,Magazzino e locali di deposito,Via Gorizia 44
898831,edificio,55984,,Magazzino e locali di deposito,Via Gorizia 46
898832,edificio,55984,,Abitazione,Via Giuseppe Garibaldi 26
898833,edificio,55984,,Abitazione,Via Giuseppe Garibaldi 26
898834,edificio,55984,,Abitazione,Via Giuseppe Garibaldi 26
898835,edificio,55984,,Magazzino e locali di deposito,Via Giuseppe Garibaldi 18
898836,edificio,55984,,Abitazione,Via Giuseppe Garibaldi 26
898837,edificio,55984,,Magazzino e locali di deposito,Via Giuseppe Garibaldi 20
898838,edificio,55984,,Abitazione,Via Giuseppe Garibaldi 22
898839,edificio,55984,,Magazzino e locali di deposito,Via Giuseppe Garibaldi 24
898840,edificio,55984,,Magazzino e locali di deposito,Via Giuseppe Garibaldi 26
898841,edificio,55984,,Magazzino e locali di deposito,Via Giuseppe Garibaldi 26
898842,edificio,55984,,Magazzino e locali di deposito,Via Giuseppe Garibaldi 26
898843,edificio,55984,,Magazzino e locali di deposito,Via Giuseppe Garibaldi 26
898844,edificio,99219,,Magazzino e locali di deposito,Via Alloro 71
898845,edificio,99219,,Abitazione,Via Alloro 71
898846,edificio,99219,,Abitazione,Via Alloro 71
898847,edificio,99219,,Abitazione,Via Alloro 71
898848,edificio,99219,,Abitazione,Via Alloro 71
898849,edificio,99219,,Abitazione,Via Alloro 71
898850,edificio,99219,,Abitazione,Via Alloro 71
898851,edificio,99219,,Abitazione,Via Alloro 71
898852,edificio,99219,,Abitazione,Via Alloro 71
898853,edificio,8256,,Abitazione,Via San Raffaele Arcangelo 55
898854,edificio,8256,,Abitazione,Via San Raffaele Arcangelo 57
898855,edificio,8339,,Abitazione,Via Ammiraglio Carlo Bergamini 25
898856,edificio,8339,,Abitazione,Via Ammiraglio Carlo Bergamini 27
898857,edificio,8339,,Abitazione,Via Ammiraglio Carlo Bergamini 23
898858,edificio,57519,,Ufficio strutturato ed assimilabili,Piazza Marina 42
898859,edificio,57519,,Ufficio strutturato ed assimilabili,Piazza Marina 42
898860,edificio,57519,,Ufficio strutturato ed assimilabili,VICOLO DELLA NEVE ALL'ALLORO S.N.C.
898861,edificio,57519,,Abitazione,Via del Pappagallo 11
898862,edificio,57519,,Abitazione,Via del Pappagallo 11
898863,edificio,57519,,Abitazione,Via del Pappagallo 11
898864,edificio,57519,,Abitazione,Via del Pappagallo 11
898865,edificio,57519,,Abitazione,Via del Pappagallo 11
898866,edificio,57519,,Abitazione,Via del Pappagallo 11
898867,edificio,57519,,Abitazione,Via del Pappagallo 11
898868,edificio,57519,,Abitazione,Via del Pappagallo 11
898869,edificio,57519,,Abitazione,Via del Pappagallo 11
898870,edificio,57519,,"Cantina, soffitta, rimessa, box, garage, posto auto aperto/scoperto,…",Via del Pappagallo 11
898871,edificio,57518,,Ufficio strutturato ed assimilabili,Vicolo della Neve all'Alloro 10
898872,edificio,57519,,"Fabbricato per attività produttiva (industriale, artigianale o agricola)",Via del Pappagallo 9
898873,edificio,57519,,Abitazione,Via del Pappagallo 9
898874,edificio,57519,,Abitazione,Via del Pappagallo 9
898875,edificio,57519,,Abitazione,Via del Pappagallo 9
898876,edificio,57519,,Abitazione,Via del Pappagallo 9
898877,edificio,57519,,Abitazione,Via del Pappagallo 9
898878,edificio,57519,,Abitazione,Via del Pappagallo 9
898879,edificio,57519,,Abitazione,Via del Pappagallo 9
898880,edificio,57519,,Abitazione,Via del Pappagallo 9
898881,edificio,57519,,"Fabbricato per attività produttiva (industriale, artigianale o agricola)",Via del Pappagallo 9
898882,edificio,57518,,"Fabbricato per attività produttiva (industriale, artigianale o agricola)",Via del Pappagallo 5
898883,edificio,57518,,"Fabbricato per attività produttiva (industriale, artigianale o agricola)",Via del Pappagallo 7
898884,edificio,57518,,Abitazione,Via del Pappagallo 7
898885,edificio,57518,,Abitazione,Via del Pappagallo 7
898886,edificio,57518,,Abitazione,Via del Pappagallo 7
898887,edificio,56546,,Abitazione,Via dello Spasimo 17
898888,edificio,56546,,Abitazione,Via dello Spasimo 17
898889,edificio,56546,,Abitazione,Via dello Spasimo 17
898890,edificio,56546,,Abitazione,Via dello Spasimo 17
898891,edificio,56546,,Abitazione,Via dello Spasimo 17
898892,edificio,56546,,Abitazione,Via dello Spasimo 17
898893,edificio,56546,,Abitazione,Via dello Spasimo 17
898894,edificio,56546,,Abitazione,Via dello Spasimo 17
898895,edificio,56546,,Abitazione,Via dello Spasimo 17
898896,edificio,56546,,Abitazione,Via dello Spasimo 17
898897,edificio,56546,,Abitazione,Via dello Spasimo 17
898898,edificio,56546,,Abitazione,Via dello Spasimo 17
898899,edificio,56546,,Abitazione,Via dello Spasimo 17
898900,edificio,56546,,Abitazione,Piazza Carlo Maria Ventimiglia 7
898901,edificio,56546,,Abitazione,Piazza Carlo Maria Ventimiglia 7
898902,edificio,56546,,Abitazione,Piazza Carlo Maria Ventimiglia 8
898903,edificio,56546,,Abitazione,Piazza Carlo Maria Ventimiglia 8
898904,edificio,56546,,Abitazione,Piazza Carlo Maria Ventimiglia 8
898905,edificio,56546,,Abitazione,Piazza Carlo Maria Ventimiglia 8
898906,edificio,56546,,Abitazione,Piazza Carlo Maria Ventimiglia 7
898907,edificio,56546,,Abitazione,Piazza Carlo Maria Ventimiglia 8
898908,edificio,56546,,Abitazione,Piazza Carlo Maria Ventimiglia 8
898909,edificio,56546,,Abitazione,Piazza Carlo Maria Ventimiglia 7
898910,edificio,56546,,Abitazione,Piazza Carlo Maria Ventimiglia 7
898911,edificio,56546,,Abitazione,Piazza Carlo Maria Ventimiglia 7
898912,edificio,53942,,"Fabbricato per attività produttiva (industriale, artigianale o agricola)",Discesa dell'Eternità 7
898913,edificio,56808,,Abitazione,Via Argenteria n.a.
898914,edificio,56808,,Abitazione,Via Argenteria 37
898915,edificio,56808,,Abitazione,Via Argenteria n.a.
898916,edificio,104975,,"Teatro, cinematografo, struttura per concerti e spettacoli e assimilabili",VIA DELLA VETRIERA S.N.C.
898917,edificio,57530,,Ufficio strutturato ed assimilabili,Piazza Marina 39
898918,edificio,57530,,Ufficio strutturato ed assimilabili,Piazza Marina 39
898919,edificio,57648,,"Fabbricato per attività produttiva (industriale, artigianale o agricola)",Vicolo Mazzaresi 12
898920,edificio,57546,,"Fabbricato per attività produttiva (industriale, artigianale o agricola)",Via Crocifisso a Pietratagliata 5
898921,punto,,senza-edificio,Abitazione,Piazzetta della Vittoria Allo Spasimo 4
898922,punto,,senza-edificio,Abitazione,Piazzetta della Vittoria Allo Spasimo 6
898923,punto,,senza-edificio,Abitazione,Piazzetta della Vittoria Allo Spasimo 6
898924,edificio,57530,,Abitazione,Via del Pappagallo 12
898925,edificio,57530,,Magazzino e locali di deposito,Via di Blasi Francesco Paolo 13
898926,edificio,57530,,Abitazione,Via del Pappagallo 14
898927,edificio,57530,,Abitazione,Via del Pappagallo 14
898928,edificio,57530,,Magazzino e locali di deposito,Via del Pappagallo 14
898929,edificio,57530,,Magazzino e locali di deposito,Via di Blasi Francesco Paolo 15
898930,edificio,57531,,Magazzino e locali di deposito,Via Alloro 81
898931,edificio,57531,,Abitazione,Via del Pappagallo 2
898932,edificio,57531,,Abitazione,Via del Pappagallo 2
898933,edificio,57531,,Abitazione,Via del Pappagallo 2
898934,edificio,57531,,Abitazione,Via del Pappagallo 2
898935,edificio,57531,,Abitazione,Via del Pappagallo 2
898936,edificio,57531,,Abitazione,Via del Pappagallo 2
898937,edificio,57531,,Abitazione,Via del Pappagallo 2
898938,edificio,57531,,Abitazione,Via del Pappagallo 6
898939,edificio,57531,,Abitazione,Via del Pappagallo 6
898940,edificio,57531,,Abitazione,Via del Pappagallo 2
898941,edificio,57531,,Abitazione,Via del Pappagallo 2
898942,edificio,57531,,Abitazione,Via del Pappagallo 2
898943,edificio,57531,,Abitazione,Via del Pappagallo 2
898944,edificio,57531,,Magazzino e locali di deposito,Via di Blasi Francesco Paolo 11
898945,punto,,senza-edificio,Abitazione,Via Alloro 87
898946,punto,,senza-edificio,Abitazione,Via G. Evangelista di Blasi 9
898947,punto,,senza-edificio,Abitazione,Via del Pappagallo 2
898948,punto,,senza-edificio,Abitazione,Via del Pappagallo 2
898949,punto,,senza-edificio,Abitazione,Via Alloro 89
898950,punto,,senza-edificio,Abitazione,Via Alloro 87
898951,punto,,senza-edificio,Abitazione,Via Alloro 87
898952,punto,,senza-edificio,Abitazione,Via Alloro 87
898953,punto,,senza-edificio,Abitazione,Via Alloro 87
898954,punto,,senza-edificio,Abitazione,Via G. Evangelista di Blasi 3
898955,punto,,senza-edificio,Abitazione,Via di Blasi Francesco Paolo 5
898956,punto,,senza-edificio,Abitazione,Via di Blasi Francesco Paolo 7
898957,edificio,52869,,Magazzino e locali di deposito,Piazzetta Delle Vittime 1
898958,edificio,52869,,Abitazione,Piazzetta Delle Vittime 2
898959,edificio,52869,,Abitazione,Piazzetta Delle Vittime 2
898962,edificio,56203,,Abitazione,Via Lincoln 131
898964,edificio,56819,,Magazzino e locali di deposito,Via dei Frangiai 35
898965,edificio,56819,,Abitazione,Via dei Frangiai 31
898966,edificio,56760,,Magazzino e locali di deposito,Via Argenteria 65
898967,edificio,56760,,Abitazione,Via Argenteria 51
898968,edificio,56760,,Magazzino e locali di deposito,Piazza Caracciolo 4
898969,edificio,56759,,Abitazione,Via Argenteria 55
898970,edificio,56759,,Abitazione,Via Argenteria 55
898971,edificio,56760,,Abitazione,Via Argenteria 55
898972,edificio,56758,,Magazzino e locali di deposito,Via Coltellieri 1
898973,edificio,56760,,Abitazione,Via Coltellieri 3
898974,edificio,56760,,Abitazione,Via Coltellieri 3
898975,edificio,56759,,Magazzino e locali di deposito,Piazza Caracciolo 6
898977,edificio,56758,,Magazzino e locali di deposito,Via Coltellieri 3
898979,edificio,54939,,Magazzino e locali di deposito,Via Maqueda 375
898980,punto,,senza-edificio,Magazzino e locali di deposito,Piazza Tredici Vittime 14
898981,edificio,104982,,Abitazione,CORTILE CAPPA 5
898982,edificio,56764,,Abitazione,Vicolo Mezzani 16
898983,edificio,56764,,Abitazione,Vicolo Mezzani 24
898985,edificio,56546,,Abitazione,Via dello Spasimo 17
898986,edificio,56546,,Abitazione,Via dello Spasimo 17
898987,edificio,56546,,Abitazione,Via dello Spasimo 17
898988,edificio,56546,,Abitazione,Via dello Spasimo 17
898989,edificio,56546,,Abitazione,Via dello Spasimo 17
898990,edificio,56546,,Abitazione,Via dello Spasimo 17
898991,edificio,56546,,Abitazione,Via dello Spasimo 17
898992,edificio,56546,,Abitazione,Via dello Spasimo 17
898993,edificio,56546,,Abitazione,Via dello Spasimo 17
898994,edificio,56546,,Abitazione,Via dello Spasimo 17
898995,edificio,56546,,Abitazione,Via dello Spasimo 17
898996,edificio,56546,,Abitazione,Via dello Spasimo 17
898997,edificio,56546,,Abitazione,Via dello Spasimo 17
898998,edificio,56654,,Magazzino e locali di deposito,Via Vittorio Emanuele 249
898999,edificio,56076,,Magazzino e locali di deposito,Via alloro 104
899000,edificio,55279,,Abitazione,Via Case Nuove 44
899001,edificio,57373,,Magazzino e locali di deposito,Via dei Cassari 27
899002,edificio,57373,,Magazzino e locali di deposito,Via dei Cassari 29
899003,edificio,57373,,Abitazione,Via dei Cassari 25
899004,edificio,56602,,Magazzino e locali di deposito,Via Chiavettieri 19
899005,edificio,56602,,Abitazione,Via Chiavettieri 21
899006,edificio,56602,,Abitazione,Via Chiavettieri 21
899007,edificio,56602,,Abitazione,Via Chiavettieri 21
899008,edificio,55544,,Abitazione,Via Giuseppe Garibaldi 8
899009,edificio,56203,,Abitazione,Via Lincoln 121
899010,edificio,56203,,Abitazione,Via Lincoln 121
899011,edificio,56203,,Abitazione,Via Lincoln 121
899012,edificio,56203,,Abitazione,Via Lincoln 121
899013,edificio,56927,,Abitazione,Via Merlo 20
899014,edificio,57374,,Abitazione,Via dei Cassari 7
899015,edificio,57374,,Abitazione,Via dei Cassari 7
899016,edificio,57164,,Abitazione,Via Materassai 44
899017,edificio,59050,,"Fabbricato per attività produttiva (industriale, artigianale o agricola)",VIA LINCOLN S.N.C.
899018,edificio,55029,,Abitazione,Via Bandiera 34
899019,edificio,55029,,Abitazione,Via Bandiera 34
899020,edificio,57547,,Ufficio strutturato ed assimilabili,Piazza marina 46
899021,edificio,57547,,"Fabbricato per attività produttiva (industriale, artigianale o agricola)",Piazza marina 46
899022,edificio,57547,,"Fabbricato per attività produttiva (industriale, artigianale o agricola)",Piazza marina 46
899023,edificio,57547,,Abitazione,Piazza marina 46
899024,edificio,57547,,Abitazione,Piazza marina 46
899025,edificio,57547,,Ufficio strutturato ed assimilabili,Piazza marina 46
899026,edificio,57547,,Ufficio strutturato ed assimilabili,Piazza Marina 3
899027,edificio,56870,,Abitazione,Via Alessandro Paternostro 53
899028,edificio,56476,,Abitazione,Via Nicolò Cervello 55
899029,edificio,56503,,Abitazione,Via Nicolò Cervello 70
899030,edificio,57450,,Magazzino e locali di deposito,Via Scopari 52
899031,edificio,57450,,Magazzino e locali di deposito,Via Scopari 52
899032,edificio,57682,,Magazzino e locali di deposito,Piazzetta delle Dogane 1
899033,edificio,12885,,Abitazione,Via Colonnello Antonino Frasconà 4
899034,edificio,101435,,Magazzino e locali di deposito,VIA SALVATORE CASTELBUONO S.N.C.
899035,edificio,101435,,Magazzino e locali di deposito,VIA SALVATORE CASTELBUONO S.N.C.
899036,edificio,101435,,Magazzino e locali di deposito,VIA SALVATORE CASTELBUONO S.N.C.
899038,edificio,8256,,Abitazione,Via Salvatore Cutello 7
899039,edificio,8256,,Abitazione,Via Salvatore Cutello 9
899040,edificio,8256,,Abitazione,Via Salvatore Cutello 9
899041,edificio,8256,,Abitazione,Via Salvatore Cutello 9
899042,edificio,8256,,Abitazione,Via Salvatore Cutello 5
899043,edificio,8256,,Abitazione,Via Gustavo Roccella 60
899044,edificio,8256,,Abitazione,Via Gustavo Roccella 60
899045,edificio,8256,,Abitazione,Via Gustavo Roccella 58
899046,edificio,8256,,Abitazione,Via Gustavo Roccella 58
899047,edificio,3043,,Abitazione,Via Santicelli 35
899049,edificio,3832,,Abitazione,Via Olio di Lino 2
899050,edificio,3832,,Abitazione,Via Olio di Lino 2
899051,edificio,3832,,Abitazione,Via Olio di Lino 2
899052,edificio,3832,,Abitazione,Via Olio di Lino 2
899054,edificio,2861,,Abitazione,Fondo Patellaro 14
899055,edificio,2861,,Abitazione,Fondo Patellaro 14
899056,edificio,2861,,Magazzino e locali di deposito,Fondo Patellaro 14
899057,edificio,4422,,"Fabbricato per attività produttiva (industriale, artigianale o agricola)",Via Umberto Nobile 1
899058,edificio,101474,,Abitazione,Via Aquino Molara 29
899059,edificio,3676,,Abitazione,Piazza Sant'Onofrio 18
899060,edificio,15109,,Abitazione,Via Amari Giuseppe Maggiore 14
899061,edificio,15109,,Abitazione,Via Amari Giuseppe Maggiore 14
899062,edificio,15109,,Abitazione,Via Amari Giuseppe Maggiore 14
899063,edificio,15109,,Abitazione,Via Amari Giuseppe Maggiore 14
899064,edificio,15109,,Abitazione,Via Amari Giuseppe Maggiore 14
899065,edificio,15109,,Abitazione,Via Amari Giuseppe Maggiore 14
899066,edificio,15109,,Abitazione,Via Amari Giuseppe Maggiore 14
899067,edificio,15109,,Abitazione,Via Amari Giuseppe Maggiore 18
899068,edificio,15109,,Abitazione,Via Amari Giuseppe Maggiore 18
899069,edificio,15109,,Abitazione,Via Amari Giuseppe Maggiore 18
899070,edificio,15109,,Abitazione,Via Amari Giuseppe Maggiore 18
899071,edificio,15109,,Abitazione,Via Amari Giuseppe Maggiore 18
899072,edificio,20047,,Abitazione,Corso Calatafimi 65
899073,edificio,20047,,Abitazione,Corso Calatafimi 65
899074,edificio,20047,,Abitazione,Corso Calatafimi 65
899086,edificio,5311,,Abitazione,Corso Calatafimi 1011
899087,edificio,4893,,Abitazione,Via Palmerino 63
899088,edificio,4901,,Abitazione,Via Palmerino 78
899089,edificio,4901,,Abitazione,Via Palmerino 78
899090,edificio,16041,,"Edificio scolastico (es.: scuola di ogni ordine e grado, università, scuola di formazione)",Via Michele Titone 63
899091,edificio,16041,,"Edificio scolastico (es.: scuola di ogni ordine e grado, università, scuola di formazione)",Via Michele Titone 43
899092,edificio,6348,,Abitazione,Via Libertini Guido 15
899093,edificio,6348,,Abitazione,Via Libertini Guido 15
899094,edificio,6348,,Magazzino e locali di deposito,Via Libertini Guido 15
899095,edificio,6348,,Magazzino e locali di deposito,Via Libertini Guido 15
899096,edificio,6348,,Abitazione,Via Libertini Guido 15
899097,edificio,6348,,Abitazione,Via Libertini Guido 15
899098,edificio,6348,,Magazzino e locali di deposito,Via Libertini Guido 15
899099,edificio,6348,,Abitazione,Via Libertini Guido 15
899100,edificio,6348,,Magazzino e locali di deposito,Via Libertini Guido 15
899101,edificio,6348,,Abitazione,Via Libertini Guido 15
899102,edificio,6348,,Abitazione,Via Libertini Guido 15
899103,edificio,6348,,Abitazione,Via Libertini Guido 15
899104,edificio,15385,,Magazzino e locali di deposito,Via Gino Marinuzzi 58
899105,edificio,15224,,Abitazione,Corso Calatafimi 631
899106,edificio,15224,,Abitazione,Corso Calatafimi 631
899107,edificio,7569,,Abitazione,Via Altofonte 96
899108,edificio,7569,,Abitazione,Via Altofonte 96
899109,edificio,7797,,Abitazione,Via delle Canarie 16
899110,edificio,19215,,Abitazione,Via Amari Giuseppe Maggiore 16
899111,edificio,19215,,Abitazione,Via Amari Giuseppe Maggiore 18
899112,edificio,19215,,Abitazione,Via Amari Giuseppe Maggiore 14
899113,edificio,19215,,Abitazione,Via Amari Giuseppe Maggiore 18
899114,edificio,15108,,Abitazione,Via Amari Giuseppe Maggiore 14
899115,edificio,15108,,Abitazione,Via Amari Giuseppe Maggiore 14
899116,edificio,15108,,Abitazione,Via Amari Giuseppe Maggiore 14
899117,edificio,15108,,Abitazione,Via Amari Giuseppe Maggiore 14
899118,edificio,15108,,Abitazione,Via Amari Giuseppe Maggiore 14
899119,edificio,15108,,Abitazione,Via Amari Giuseppe Maggiore 14
899120,edificio,15108,,Abitazione,Via Amari Giuseppe Maggiore 14
899121,edificio,15108,,Abitazione,Via Amari Giuseppe Maggiore 14
899122,edificio,15109,,Abitazione,Via Maggiore Giuseppe Amari 14
899123,edificio,15822,,Abitazione,Corso Calatafimi 503
899124,edificio,8093,,Abitazione,Via Palmerino 42
899125,edificio,8093,,Abitazione,Via Palmerino 42
899126,edificio,5008,,Magazzino e locali di deposito,Strada Vicinale Badame 56
899127,edificio,16201,,Abitazione,Via Scandaliato Angelo 1
899128,edificio,8256,,Abitazione,Via Salvatore Cutello 1A
899129,edificio,8256,,Abitazione,Via Salvatore Cutello 3
899130,edificio,8256,,Abitazione,Via Salvatore Cutello 3
899131,edificio,8256,,Abitazione,Via Salvatore Cutello 1A
899132,edificio,8256,,Abitazione,Via Salvatore Cutello 1A
899133,edificio,8256,,Abitazione,Via Antonio Callea 2
899134,edificio,8256,,Abitazione,Via Antonio Callea 2
899135,edificio,8256,,Abitazione,Via Antonio Callea 2
899136,edificio,8256,,Abitazione,Via Antonio Callea 2
899137,edificio,8256,,Abitazione,Via Salvatore Cutello 13
899138,edificio,8256,,Abitazione,Via Salvatore Cutello 11
899139,edificio,8256,,Abitazione,Via Salvatore Cutello 11
899140,edificio,8256,,Abitazione,Via Salvatore Cutello 10
899141,edificio,8187,,Abitazione,Via Gustavo Roccella 265
899142,edificio,16203,,Abitazione,Via Scandaliato Angelo 3
899143,edificio,16203,,Abitazione,Via Scandaliato Angelo 3
899144,edificio,16347,,Abitazione,Via Scandaliato Angelo 4
899145,edificio,16347,,Abitazione,Via Scandaliato Angelo 4
899146,edificio,16347,,Abitazione,Via Scandaliato Angelo 4
899147,edificio,16348,,Abitazione,Via Scandaliato Angelo 6
899148,edificio,16348,,Abitazione,Via Scandaliato Angelo 6
899149,edificio,16348,,Abitazione,Via Scandaliato Angelo 6
899150,edificio,16226,,Abitazione,Via Malerba Agatino 1
899151,edificio,16226,,Abitazione,Via Malerba Agatino 1
899152,edificio,16228,,Abitazione,Via Malerba Agatino 1
899153,edificio,16228,,Abitazione,Via Malerba Agatino 3
899154,edificio,16228,,Abitazione,Via Malerba Agatino 3
899155,edificio,16228,,Abitazione,Via Malerba Agatino 3
899156,edificio,16200,,Abitazione,Via Malerba Agatino 2
899157,edificio,16200,,Abitazione,Via Malerba Agatino 2
899158,edificio,16200,,Abitazione,Via Malerba Agatino 2
899159,edificio,16200,,Abitazione,Via Malerba Agatino 2
899160,edificio,16202,,Abitazione,Via Malerba Agatino 4
899161,edificio,16202,,Abitazione,Via Malerba Agatino 4
899162,edificio,16202,,Abitazione,Via Malerba Agatino 4
899163,edificio,16202,,Abitazione,Via Malerba Agatino 4
899164,edificio,16202,,Abitazione,Via Malerba Agatino 4
899165,edificio,16202,,Abitazione,Via Malerba Agatino 4
899166,edificio,16223,,Abitazione,Via Pietro Lupo 3
899167,edificio,16223,,Abitazione,Via Pietro Lupo 3
899168,edificio,16223,,Abitazione,Via Pietro Lupo 3
899169,edificio,16236,,Abitazione,Via Lucchini Franco 10
899170,edificio,8256,,Abitazione,Via Antonio Callea 6
899171,edificio,8256,,Abitazione,Via Antonio Callea 6
899172,edificio,8256,,Abitazione,Via Antonio Callea 6
899173,edificio,8256,,Abitazione,Via Antonio Callea 6
899174,edificio,8256,,Abitazione,Via Antonio Callea 4
899175,edificio,8256,,Abitazione,Via Antonio Callea 4
899176,edificio,8256,,Abitazione,Via Antonio Callea 4
899177,edificio,8256,,Abitazione,Via Giovanni Calabrò 1
899178,edificio,8256,,Abitazione,Via Salvatore Cutello 6
899179,edificio,8256,,Abitazione,Via Salvatore Cutello 6
899180,edificio,8256,,Abitazione,Via Salvatore Cutello 6
899181,edificio,8256,,Abitazione,Via Salvatore Cutello 6
899182,edificio,8256,,Abitazione,Via Salvatore Cutello 8
899183,edificio,8256,,Abitazione,Via Salvatore Cutello 8
899184,edificio,8256,,Abitazione,Via Salvatore Cutello 2
899185,edificio,8256,,Abitazione,Via Gustavo Roccella 68
899186,edificio,8256,,Abitazione,Via Gustavo Roccella 62
899187,edificio,8256,,Abitazione,Via Gustavo Roccella 66
899188,edificio,8339,,Abitazione,Via Gustavo Roccella 68
899189,edificio,8339,,Abitazione,Via Gustavo Roccella 68
899190,edificio,8339,,Abitazione,Via Salvatore Cutello 19
899191,edificio,8339,,Abitazione,Via Salvatore Cutello 19
899192,edificio,8237,,Abitazione,Via Gustavo Roccella 72
899193,edificio,8237,,Abitazione,Via Gustavo Roccella 74
899194,edificio,8237,,Abitazione,Via Gustavo Roccella 74
899195,edificio,8237,,Abitazione,Via Gustavo Roccella 70
899196,edificio,8256,,Abitazione,Via San Raffaele Arcangelo 61
899197,edificio,8256,,Abitazione,Via San Raffaele Arcangelo 61
899198,edificio,8256,,Abitazione,Via San Raffaele Arcangelo 61
899199,edificio,8256,,Abitazione,Via San Raffaele Arcangelo 61
899200,edificio,8256,,Abitazione,Via San Raffaele Arcangelo 59
899201,edificio,8256,,Abitazione,Via San Raffaele Arcangelo 59
899202,edificio,8256,,Abitazione,Via San Raffaele Arcangelo 59
899203,edificio,8256,,Abitazione,Via San Raffaele Arcangelo 59
899204,edificio,8339,,Abitazione,Via Antonio Callea 3
899205,edificio,8339,,Abitazione,Via Antonio Callea 5
899206,edificio,8254,,Abitazione,Via Antonio Callea 5
899207,edificio,8339,,Abitazione,Via Antonio Callea 5
899208,edificio,8339,,Abitazione,Via Antonio Callea 3
899209,edificio,8339,,Abitazione,Via Antonio Callea 3
899210,edificio,8339,,Abitazione,Via Antonio Callea 3
899211,edificio,8339,,Abitazione,Via Antonio Callea 3
899212,edificio,8357,,Abitazione,Via Salvatore Cutello 14
899213,edificio,8357,,Abitazione,Via Salvatore Cutello 16
899214,edificio,8357,,Abitazione,Via Salvatore Cutello 12
899215,edificio,8357,,Abitazione,Via Salvatore Cutello 12
899216,edificio,8271,,Abitazione,Via Salvatore Cutello 12
899217,edificio,8256,,Abitazione,Via Salvatore Cutello 17
899218,edificio,8256,,Abitazione,Via Antonio Callea 1
899219,edificio,8339,,Abitazione,Via Ammiraglio Carlo Bergamini 32
899220,edificio,8339,,Abitazione,Via Ammiraglio Carlo Bergamini 32
899221,edificio,8339,,Abitazione,Via Ammiraglio Carlo Bergamini 34
899222,edificio,8339,,Abitazione,Via Ammiraglio Carlo Bergamini 34
899223,edificio,8339,,Abitazione,Via Ammiraglio Carlo Bergamini 34
899224,edificio,8339,,Abitazione,Via Ammiraglio Carlo Bergamini 34
899225,edificio,8339,,Abitazione,Via Ammiraglio Carlo Bergamini 36
899226,edificio,8339,,Abitazione,Via Ammiraglio Carlo Bergamini 36
899227,edificio,8339,,Abitazione,Via Ammiraglio Carlo Bergamini 36
899228,edificio,8339,,Abitazione,Via Ammiraglio Carlo Bergamini 36
899229,edificio,8339,,Abitazione,Via Ammiraglio Carlo Bergamini 30
899230,edificio,8339,,Abitazione,Via Ammiraglio Carlo Bergamini 30
899231,edificio,8339,,Abitazione,Via Ammiraglio Carlo Bergamini 30
899232,edificio,16252,,"Edificio scolastico (es.: scuola di ogni ordine e grado, università, scuola di formazione)",Via Basile Ernesto 170
899233,edificio,16252,,Abitazione,Via Basile Ernesto 170
899234,edificio,8339,,Abitazione,Via San Raffaele Arcangelo 51
899235,edificio,8339,,Abitazione,Via San Raffaele Arcangelo 51
899236,edificio,8339,,Abitazione,Via San Raffaele Arcangelo 51
899237,edificio,8339,,Abitazione,Via San Raffaele Arcangelo 49
899238,edificio,8339,,Abitazione,Via San Raffaele Arcangelo 49
899239,edificio,8339,,Abitazione,Via San Raffaele Arcangelo 49
899240,edificio,8339,,Abitazione,Via San Raffaele Arcangelo 53
899241,edificio,8339,,Abitazione,Via San Raffaele Arcangelo 53
899242,edificio,8339,,Abitazione,Via San Raffaele Arcangelo 53
899243,edificio,8339,,Abitazione,Via San Raffaele Arcangelo 53
899244,edificio,8339,,Abitazione,Via Antonio Callea 9
899245,edificio,8339,,Abitazione,Via Antonio Callea 9
899246,edificio,8339,,Abitazione,Via Antonio Callea 9
899247,edificio,8339,,Abitazione,Via Antonio Callea 9
899248,edificio,8339,,Abitazione,Via Antonio Callea 7
899249,edificio,8339,,Abitazione,Via Antonio Callea 7
899250,edificio,8339,,Abitazione,Via Antonio Callea 7
899251,edificio,8339,,Abitazione,Via Antonio Callea 7
899252,edificio,8339,,Abitazione,Via Antonio Callea 7
899253,edificio,8339,,Abitazione,Via Antonio Callea 7
899254,edificio,8339,,Abitazione,Via Antonio Callea 11
899255,edificio,8339,,Abitazione,Via Antonio Callea 11
899256,edificio,8339,,Abitazione,Via San Raffaele Arcangelo 41
899257,edificio,8339,,Abitazione,Via San Raffaele Arcangelo 41
899258,edificio,8339,,Abitazione,Via San Raffaele Arcangelo 45
899259,edificio,8339,,Abitazione,Via Antonio Callea 10
899260,edificio,8339,,Abitazione,Via Antonio Callea 10
899261,edificio,8339,,Abitazione,Via Antonio Callea 10
899262,edificio,8339,,Abitazione,Via Antonio Callea 10
899263,edificio,8339,,Abitazione,Via Antonio Callea 8
899264,edificio,8339,,Abitazione,Via Antonio Callea 8
899265,edificio,8339,,Abitazione,Via Antonio Callea 8
899266,edificio,8339,,Abitazione,Via Antonio Callea 8
899267,edificio,8339,,Abitazione,Via Antonio Callea 14
899268,edificio,8339,,Abitazione,Via Antonio Callea 14
899269,edificio,8339,,Abitazione,Via Antonio Callea 12
899270,edificio,8339,,Abitazione,Via Antonio Callea 12
899271,edificio,8339,,Abitazione,Via Antonio Callea 12
899272,edificio,8339,,Abitazione,Via Antonio Callea 12
899273,edificio,8339,,Abitazione,Via Ammiraglio Carlo Bergamini 26
899274,edificio,8339,,Abitazione,Via Ammiraglio Carlo Bergamini 28
899275,edificio,8339,,Abitazione,Via Ammiraglio Carlo Bergamini 28
899276,edificio,8339,,Abitazione,Via Ammiraglio Carlo Bergamini 24
899277,edificio,8339,,Abitazione,Via Ammiraglio Carlo Bergamini 24
899280,edificio,5671,,Abitazione,Vicolo Cilio 34
899281,edificio,5671,,Abitazione,Vicolo Cilio 34
899282,edificio,5671,,Abitazione,Vicolo Cilio 34
899283,edificio,5671,,Abitazione,Vicolo Cilio 34
899284,edificio,5671,,Abitazione,Vicolo Cilio 34
899285,edificio,8256,,Abitazione,Via Ammiraglio Carlo Bergamini 14
899286,edificio,8256,,Abitazione,Via Ammiraglio Carlo Bergamini 14
899287,edificio,8256,,Abitazione,Via Ammiraglio Carlo Bergamini 14
899288,edificio,8256,,Abitazione,Via Ammiraglio Carlo Bergamini 16
899289,edificio,8256,,Abitazione,Via Ammiraglio Carlo Bergamini 18
899290,edificio,8256,,Abitazione,Via Ammiraglio Carlo Bergamini 18
899291,edificio,8256,,Abitazione,Via Ammiraglio Carlo Bergamini 20
899292,edificio,8256,,Abitazione,Via Ammiraglio Carlo Bergamini 20
899293,edificio,8256,,Abitazione,Via Ammiraglio Carlo Bergamini 20
899294,edificio,8256,,Abitazione,Via Ammiraglio Carlo Bergamini 22
899295,edificio,8271,,Abitazione,Via Ammiraglio Carlo Bergamini 12
899296,edificio,8256,,Abitazione,Via Ammiraglio Carlo Bergamini 22
899297,edificio,8256,,Abitazione,Via Ammiraglio Carlo Bergamini 12
899298,edificio,49100,,"Cantina, soffitta, rimessa, box, garage, posto auto aperto/scoperto,…",Via Giuseppe Li Bassi 24
899299,edificio,49100,,"Cantina, soffitta, rimessa, box, garage, posto auto aperto/scoperto,…",Via Giuseppe Li Bassi 24
899300,edificio,13103,,"Edificio scolastico (es.: scuola di ogni ordine e grado, università, scuola di formazione)",Via Capitano Emanuele Basile 46
899301,edificio,13103,,"Edificio scolastico (es.: scuola di ogni ordine e grado, università, scuola di formazione)",Via Capitano Emanuele Basile 50
899302,edificio,13103,,"Edificio scolastico (es.: scuola di ogni ordine e grado, università, scuola di formazione)",Via Capitano Emanuele Basile 54
899303,edificio,49222,,Abitazione,Via Giuseppe Li Bassi 4
899304,edificio,49222,,Abitazione,Via Giuseppe Li Bassi 4
899305,edificio,49222,,Abitazione,Via Giuseppe Li Bassi 4
899306,edificio,49222,,Abitazione,Via Giuseppe Li Bassi 6
899307,edificio,49222,,Abitazione,Via Giuseppe Li Bassi 6
899308,edificio,49222,,Abitazione,Via Giuseppe Li Bassi 6
899309,edificio,49222,,Abitazione,Via Giuseppe Li Bassi 6
899310,edificio,49222,,Abitazione,Via Giuseppe Li Bassi 6
899311,edificio,49222,,Abitazione,Via Giuseppe Li Bassi 8
899312,edificio,49222,,Abitazione,Via Giuseppe Li Bassi 8
899313,edificio,49222,,Abitazione,Via Giuseppe Li Bassi 8
899314,edificio,49222,,Abitazione,Via Giuseppe Li Bassi 4
899315,edificio,49222,,"Cantina, soffitta, rimessa, box, garage, posto auto aperto/scoperto,…",Via Volontari Italiani del Sangue 42
899316,edificio,49630,,Abitazione,Via Argento Giovanni 37
899317,edificio,49630,,Abitazione,Via Argento Giovanni 37
899318,edificio,49630,,Abitazione,Via Argento Giovanni 37
899319,edificio,49630,,Abitazione,Via Argento Giovanni 37
899320,edificio,49718,,Abitazione,Via Enrico Toti 120
899321,edificio,16207,,"Edificio scolastico (es.: scuola di ogni ordine e grado, università, scuola di formazione)",Via Gustavo Roccella 35
899322,edificio,8514,,"Edificio scolastico (es.: scuola di ogni ordine e grado, università, scuola di formazione)",Via salvatore pelligra 4
899323,edificio,49900,,Abitazione,Via Monfenera 84
899324,edificio,49900,,Abitazione,Via Monfenera 84
899325,edificio,49462,,Magazzino e locali di deposito,Via Ernesto Tricomi 4
899326,edificio,51004,,Magazzino e locali di deposito,Via Manfredi Luigi 2
899327,edificio,51004,,Magazzino e locali di deposito,Via Manfredi Luigi 2
899328,edificio,51503,,Abitazione,Via Oreto 183
899329,edificio,49297,,Ufficio strutturato ed assimilabili,Via Ernesto Tricomi 14
899330,edificio,49963,,Abitazione,Via Colomba 60
899331,edificio,50105,,Magazzino e locali di deposito,Via Filiciuzza 52
899332,edificio,15122,,"Edificio scolastico (es.: scuola di ogni ordine e grado, università, scuola di formazione)",Via Giuseppe Arcoleo 58
899333,edificio,15122,,"Edificio scolastico (es.: scuola di ogni ordine e grado, università, scuola di formazione)",Via Giuseppe Arcoleo 42
899334,edificio,15122,,"Edificio scolastico (es.: scuola di ogni ordine e grado, università, scuola di formazione)",Via Giuseppe Arcoleo 58
899335,edificio,15122,,"Edificio scolastico (es.: scuola di ogni ordine e grado, università, scuola di formazione)",Via Giuseppe Arcoleo 58
899336,edificio,51415,,Magazzino e locali di deposito,Via Mendola 16
899337,edificio,50536,,Abitazione,Via Agostino Todaro 9
899338,edificio,50625,,"Edificio scolastico (es.: scuola di ogni ordine e grado, università, scuola di formazione)",Via Sebastiano la Franca 7
899339,edificio,49119,,Abitazione,Via Giovanbattista Ughetti 17
899340,edificio,7020,,Abitazione,Via agnetta 133
899341,edificio,3806,,Abitazione,Via Olio di Lino 15
899344,edificio,6049,,Abitazione,Via Vittorio Bachelet 102
899345,edificio,6049,,Abitazione,Via Vittorio Bachelet 102
899346,edificio,6049,,Abitazione,Via Vittorio Bachelet 102
899347,edificio,6049,,Abitazione,Via Vittorio Bachelet 102
899348,edificio,6049,,Abitazione,Via Vittorio Bachelet 102
899349,edificio,1266,,"Cantina, soffitta, rimessa, box, garage, posto auto aperto/scoperto,…",P.LE BELL'ALBA 4
899350,edificio,6941,,Abitazione,Via Ferdinando Firmaturi 2
899351,edificio,59064,,Abitazione,Via Ponte di Mare 91
899352,edificio,1543,,"Cantina, soffitta, rimessa, box, garage, posto auto aperto/scoperto,…",Via I della Chiesa 34
899353,edificio,1543,,"Cantina, soffitta, rimessa, box, garage, posto auto aperto/scoperto,…",Via I della Chiesa 34
899354,edificio,1543,,"Cantina, soffitta, rimessa, box, garage, posto auto aperto/scoperto,…",Via I della Chiesa 34
899355,edificio,1543,,Abitazione,Via I della Chiesa 34
899356,edificio,1543,,Abitazione,Via I della Chiesa 34
899357,edificio,1543,,Abitazione,Via I della Chiesa 34
899358,edificio,1543,,"Cantina, soffitta, rimessa, box, garage, posto auto aperto/scoperto,…",Via I della Chiesa 34
899359,edificio,1543,,"Cantina, soffitta, rimessa, box, garage, posto auto aperto/scoperto,…",Via I della Chiesa 34
899360,edificio,1543,,"Cantina, soffitta, rimessa, box, garage, posto auto aperto/scoperto,…",Via I della Chiesa 34
899361,edificio,1543,,"Cantina, soffitta, rimessa, box, garage, posto auto aperto/scoperto,…",Via I della Chiesa 34
899362,edificio,1543,,"Cantina, soffitta, rimessa, box, garage, posto auto aperto/scoperto,…",Via I della Chiesa 34
899363,edificio,1543,,"Cantina, soffitta, rimessa, box, garage, posto auto aperto/scoperto,…",Via Agnetta 1
899364,edificio,1543,,"Cantina, soffitta, rimessa, box, garage, posto auto aperto/scoperto,…",Via I della Chiesa 34
899365,edificio,1604,,Magazzino e locali di deposito,Via Zuppetta 3
899369,edificio,103240,,Magazzino e locali di deposito,Via Villagrazia 369
899370,edificio,103240,,Abitazione,Via Villagrazia 369
899371,edificio,6183,,Abitazione,Vicolo Cilio 1
899373,edificio,1850,,Magazzino e locali di deposito,Via Vittorio Ziino 9
899374,edificio,1850,,Magazzino e locali di deposito,Via Vittorio Ziino 9
899376,edificio,1850,,Abitazione,Via Vittorio Ziino 9
899377,edificio,1850,,Abitazione,Via Vittorio Ziino 9
899378,edificio,1850,,Abitazione,Via Vittorio Ziino 9
899379,edificio,1850,,Abitazione,Via Vittorio Ziino 9
899380,edificio,1850,,Abitazione,Via Vittorio Ziino 9
899381,edificio,1850,,Magazzino e locali di deposito,Via Vittorio Ziino 9
899382,edificio,1850,,Magazzino e locali di deposito,Via Vittorio Ziino 9
899383,edificio,7020,,Magazzino e locali di deposito,Via barone della scala 23
899385,edificio,5642,,Abitazione,Via Villagrazia 14
899386,edificio,5642,,Abitazione,Via Villagrazia 14
899387,edificio,3260,,Magazzino e locali di deposito,Via Sambucia 49
899388,edificio,111554,,Abitazione,Via San Bernardo da Corleone 19
899389,edificio,3819,,Abitazione,VIA URZI' SARO 4
899390,edificio,109852,,Abitazione,VIA CAPITO' GIUSEPPE 18
899391,punto,,senza-edificio,Magazzino e locali di deposito,VIA PONTE CORLEONE AGNETTA S.N.C.
899392,edificio,108746,,Abitazione,Via Agnetta 118
899393,edificio,6038,,Abitazione,Via Gaetano Costa 89
899394,edificio,111552,,Abitazione,Via San Bernardo da Corleone 19
899395,edificio,5625,,Magazzino e locali di deposito,Via Altofonte 124
899396,punto,,senza-edificio,Abitazione,Via del Bassotto 1
899397,punto,,senza-edificio,Abitazione,Via del Bassotto 1
899398,punto,,senza-edificio,Abitazione,Via del Bassotto 1
899399,punto,,senza-edificio,Abitazione,Via del Bassotto 1
899400,punto,,senza-edificio,Abitazione,Via del Bassotto 1
899401,punto,,senza-edificio,Abitazione,Via del Bassotto 1
899402,punto,,senza-edificio,Abitazione,Via del Bassotto 1
899403,punto,,senza-edificio,Abitazione,Via del Bassotto 1
899404,punto,,senza-edificio,Abitazione,Via del Bassotto 1
899405,punto,,senza-edificio,Abitazione,Via del Bassotto 1
899406,punto,,senza-edificio,Abitazione,Via del Bassotto 1
899407,punto,,senza-edificio,Abitazione,Via del Bassotto 1
899408,punto,,senza-edificio,Abitazione,Via del Bassotto 1
899409,punto,,senza-edificio,Abitazione,Via del Bassotto 1
899410,punto,,senza-edificio,Abitazione,Via del Bassotto 1
899411,punto,,senza-edificio,Abitazione,Via del Bassotto 1
899412,punto,,senza-edificio,Abitazione,Via del Bassotto 1
899413,punto,,senza-edificio,Abitazione,Via del Bassotto 1
899414,punto,,senza-edificio,Abitazione,Via del Bassotto 1
899415,punto,,senza-edificio,Abitazione,Via del Bassotto 1
899416,punto,,senza-edificio,Abitazione,Via del Bassotto 1
899417,punto,,senza-edificio,Abitazione,Via del Bassotto 1
899418,punto,,senza-edificio,Abitazione,Via del Bassotto 1
899419,punto,,senza-edificio,Abitazione,Via del Bassotto 1
899420,punto,,senza-edificio,Abitazione,Via del Bassotto 1
899421,punto,,senza-edificio,Abitazione,Via del Bassotto 1
899422,punto,,senza-edificio,Abitazione,Via del Bassotto 1
899423,punto,,senza-edificio,Abitazione,Via del Bassotto 1
899424,punto,,senza-edificio,Abitazione,Via del Bassotto 1
899425,punto,,senza-edificio,Abitazione,Via del Bassotto 1
899426,punto,,senza-edificio,Abitazione,Via del Bassotto 1
899427,punto,,senza-edificio,Abitazione,Via del Bassotto 1
899428,punto,,senza-edificio,Abitazione,Via del Bassotto 1
899429,punto,,senza-edificio,Abitazione,Via del Bassotto 1
899430,punto,,senza-edificio,Abitazione,Via del Bassotto 1
899431,punto,,senza-edificio,Abitazione,Via del Bassotto 1
899432,punto,,senza-edificio,Abitazione,Via del Bassotto 1
899433,punto,,senza-edificio,Abitazione,Via del Bassotto 1
899434,punto,,senza-edificio,Abitazione,Via del Bassotto 1
899435,punto,,senza-edificio,Abitazione,Via del Bassotto 1
899436,punto,,senza-edificio,Abitazione,Via del Bassotto 1
899437,punto,,senza-edificio,Abitazione,Via del Bassotto 1
899438,punto,,senza-edificio,Abitazione,Via del Bassotto 1
899439,punto,,senza-edificio,Abitazione,Via del Bassotto 1
899440,punto,,senza-edificio,Abitazione,Via del Bassotto 1
899441,punto,,senza-edificio,Abitazione,Via del Bassotto 1
899442,punto,,senza-edificio,Abitazione,Via del Bassotto 1
899443,punto,,senza-edificio,Abitazione,Via del Bassotto 1
899444,punto,,senza-edificio,Abitazione,Via del Bassotto 1
899445,punto,,senza-edificio,Abitazione,Via del Bassotto 1
899446,punto,,senza-edificio,Abitazione,Via del Bassotto 1
899447,punto,,senza-edificio,Abitazione,Via del Bassotto 1
899448,punto,,senza-edificio,Abitazione,Via del Bassotto 1
899449,punto,,senza-edificio,Abitazione,Via del Bassotto 1
899450,punto,,senza-edificio,Abitazione,Via del Bassotto 1
899451,punto,,senza-edificio,Abitazione,Via del Bassotto 1
899452,punto,,senza-edificio,Magazzino e locali di deposito,Via del Bassotto 1
899453,punto,,senza-edificio,Abitazione,Via del Bassotto 1
899454,punto,,senza-edificio,Abitazione,Via del Bassotto 1
899455,punto,,senza-edificio,Abitazione,Via del Bassotto 1
899456,punto,,senza-edificio,Abitazione,Via del Bassotto 1
899457,punto,,senza-edificio,Abitazione,Via del Bassotto 1
899458,punto,,senza-edificio,Abitazione,Via del Bassotto 1
899459,punto,,senza-edificio,Abitazione,Via del Bassotto 1
899460,punto,,senza-edificio,Magazzino e locali di deposito,Via del Bassotto 13
899461,punto,,senza-edificio,Abitazione,Via del Bassotto 1
899462,punto,,senza-edificio,Abitazione,Via del Bassotto 1
899463,punto,,senza-edificio,Abitazione,Via del Bassotto 1
899464,punto,,senza-edificio,Abitazione,Via del Bassotto 1
899465,punto,,senza-edificio,Abitazione,Via del Bassotto 1
899466,punto,,senza-edificio,Abitazione,Via del Bassotto 1
899467,punto,,senza-edificio,Abitazione,Via del Bassotto 1
899468,punto,,senza-edificio,Magazzino e locali di deposito,Via del Bassotto 11
899469,punto,,senza-edificio,Abitazione,Via del Bassotto 1
899470,punto,,senza-edificio,Abitazione,Via del Bassotto 1
899471,punto,,senza-edificio,Abitazione,Via del Bassotto 1
899472,punto,,senza-edificio,Abitazione,Via del Bassotto 1
899473,punto,,senza-edificio,Abitazione,Via del Bassotto 1
899474,punto,,senza-edificio,Abitazione,Via del Bassotto 1
899475,punto,,senza-edificio,Abitazione,Via del Bassotto 1
899476,punto,,senza-edificio,Abitazione,Via del Bassotto 1
899477,punto,,senza-edificio,Abitazione,Via del Bassotto 1
899478,punto,,senza-edificio,Abitazione,Via del Bassotto 1
899479,punto,,senza-edificio,Abitazione,Via del Bassotto 1
899480,punto,,senza-edificio,Abitazione,Via del Bassotto 1
899481,punto,,senza-edificio,Magazzino e locali di deposito,Via del Bassotto 9
899482,punto,,senza-edificio,Abitazione,Via del Bassotto 1
899483,punto,,senza-edificio,Abitazione,Via del Bassotto 1
899484,punto,,senza-edificio,Abitazione,Via del Bassotto 1
899485,punto,,senza-edificio,Abitazione,Via del Bassotto 1
899486,punto,,senza-edificio,Abitazione,Via del Bassotto 1
899487,punto,,senza-edificio,Abitazione,Via del Bassotto 1
899488,punto,,senza-edificio,Abitazione,Via del Bassotto 1
899489,punto,,senza-edificio,Magazzino e locali di deposito,Via del Bassotto 7
899490,punto,,senza-edificio,Abitazione,Via del Bassotto 1
899491,punto,,senza-edificio,Abitazione,Via del Bassotto 1
899492,punto,,senza-edificio,Abitazione,Via del Bassotto 1
899493,punto,,senza-edificio,Abitazione,Via del Bassotto 1
899494,edificio,36629,,Abitazione,Via del Cigno 13
899495,edificio,36629,,Abitazione,Via del Cigno 21
899496,edificio,36629,,Abitazione,Via del Cigno 21
899497,edificio,36629,,Abitazione,Via del Cigno 29
899498,edificio,36629,,Abitazione,Via del Cigno 29
899499,edificio,36627,,Abitazione,Largo dello Storno 1
899500,edificio,36627,,Abitazione,Largo Trinacria 2
899501,edificio,36627,,Abitazione,Via del Cigno 39
899502,edificio,36624,,Abitazione,Via del Cigno 4
899503,edificio,36624,,Abitazione,Via del Cigno 6
899504,edificio,36624,,Abitazione,Via del Cigno 18
899505,edificio,36624,,Abitazione,Via del Cigno 18
899506,edificio,36624,,Abitazione,Via del Cigno 26
899507,edificio,36624,,Abitazione,Via del Cigno 34
899508,edificio,36624,,Abitazione,Via del Cigno 34
899509,edificio,36624,,Abitazione,Via del Cigno 34
899510,edificio,36662,,Abitazione,Via dell'Allodola 15
899511,edificio,36662,,Abitazione,Via dell'Allodola 15
899512,edificio,36662,,Abitazione,Via dell'Allodola 15
899513,edificio,36662,,Abitazione,Via dell'Allodola 15
899514,edificio,36662,,Abitazione,Via dell'Allodola 15
899515,edificio,36662,,Abitazione,Via dell'Allodola 15
899516,edificio,36662,,Abitazione,Via dell'Allodola 17
899517,edificio,36662,,Abitazione,Via dell'Allodola 17
899518,edificio,36662,,Abitazione,Via dell'Allodola 17
899519,edificio,36662,,Abitazione,Via dell'Allodola 17
899520,edificio,36662,,Abitazione,Via dell'Allodola 17
899521,edificio,36662,,Abitazione,Via dell'Allodola 13
899522,edificio,36662,,Abitazione,Via della Capinera 15
899523,edificio,36662,,Abitazione,Via della Capinera 15
899524,edificio,36662,,Abitazione,Via della Capinera 15
899525,edificio,36662,,Abitazione,Via della Capinera 15
899526,edificio,36662,,Abitazione,Via della Capinera 15
899527,edificio,36662,,Abitazione,Via della Capinera 15
899528,edificio,36662,,Abitazione,Via della Capinera 15
899529,edificio,36662,,Abitazione,Via della Capinera 15
899530,edificio,36662,,Abitazione,Via della Capinera 17
899531,edificio,36662,,Abitazione,Via della Capinera 17
899532,edificio,36662,,Abitazione,Via della Capinera 17
899533,edificio,36662,,Abitazione,Via della Capinera 17
899534,edificio,36662,,Abitazione,Via della Capinera 17
899535,edificio,36662,,Abitazione,Via della Capinera 17
899536,edificio,36662,,Abitazione,Via dell'Allodola 13
899537,edificio,36662,,Abitazione,Via della Capinera 17
899538,edificio,36662,,Abitazione,Via della Capinera 17
899539,edificio,36282,,Abitazione,Via Aloi 57
899540,edificio,36674,,Abitazione,Largo Trinacria 4
899541,edificio,36674,,Abitazione,Largo Trinacria 5
899542,edificio,36674,,Abitazione,Largo Trinacria 5
899543,edificio,36674,,Abitazione,Largo Trinacria 5
899544,edificio,36674,,Abitazione,Largo Trinacria 4
899545,edificio,36674,,Abitazione,Largo Trinacria 4
899546,edificio,36674,,Abitazione,Largo Trinacria 4
899547,edificio,36674,,Abitazione,Largo Trinacria 5
899548,edificio,36674,,Abitazione,Largo Trinacria 5
899549,edificio,36674,,Abitazione,Via dell'Allodola 21
899550,edificio,36674,,Abitazione,Via dell'Allodola 21
899551,edificio,36674,,Abitazione,Via dell'Allodola 21
899552,edificio,36674,,Abitazione,Largo Trinacria 1
899553,edificio,36674,,Abitazione,Largo Trinacria 1
899554,edificio,36674,,Abitazione,Largo Trinacria 1
899555,edificio,36674,,Abitazione,Largo Trinacria 1
899556,edificio,36674,,Abitazione,Largo Trinacria 1
899557,edificio,36674,,Abitazione,Largo Trinacria 1
899558,edificio,36674,,Abitazione,Largo Trinacria 1
899559,edificio,36674,,Abitazione,Via dell'Allodola 19
899560,edificio,36674,,Abitazione,Via dell'Allodola 19
899561,edificio,36674,,Abitazione,Via dell'Allodola 19
899562,edificio,36674,,Abitazione,Via dell'Allodola 19
899563,edificio,36674,,Abitazione,Via dell'Allodola 21
899564,edificio,7271,,Abitazione,Largo dei Falchi 1
899565,edificio,7271,,Abitazione,Largo dei Falchi 1
899566,edificio,38867,,Abitazione,Via Albiri 3
899567,edificio,38302,,"Cantina, soffitta, rimessa, box, garage, posto auto aperto/scoperto,…",Via dell'Orsa Minore 110
899568,edificio,38886,,Abitazione,Via Albiri 5
899569,edificio,38886,,Abitazione,Via Albiri 5
899570,edificio,38864,,Abitazione,Via Sagittario 8
899571,edificio,36645,,Abitazione,Largo Trinacria 2
899572,edificio,36645,,Abitazione,Largo Trinacria 3
899573,edificio,36645,,Abitazione,Largo Trinacria 3
899574,edificio,36645,,Abitazione,Largo Trinacria 3
899575,edificio,36645,,Abitazione,Largo Trinacria 3
899576,edificio,36645,,Abitazione,Largo Trinacria 3
899577,edificio,36645,,Abitazione,Largo Trinacria 3
899578,edificio,36645,,Abitazione,Largo Trinacria 3
899579,edificio,36645,,Abitazione,Largo Trinacria 3
899580,edificio,36645,,Abitazione,Largo Trinacria 3
899581,edificio,36645,,Abitazione,Largo Trinacria 2
899582,edificio,36645,,Abitazione,Largo Trinacria 3
899583,edificio,36645,,Abitazione,Largo Trinacria 2
899584,edificio,36645,,Abitazione,Largo Trinacria 2
899585,edificio,36645,,Abitazione,Largo Trinacria 2
899586,edificio,36645,,Abitazione,Largo Trinacria 2
899587,edificio,36645,,Abitazione,Largo Trinacria 2
899588,edificio,36645,,Abitazione,Largo Trinacria 2
899589,edificio,36645,,Abitazione,Largo Trinacria 2
899590,edificio,36679,,Abitazione,Viale della Regione Siciliana Nord Ovest 2528
899591,edificio,36679,,Abitazione,Viale della Regione Siciliana Nord Ovest 2528
899592,edificio,36679,,Abitazione,Viale della Regione Siciliana Nord Ovest 2496
899593,edificio,36679,,Abitazione,Viale della Regione Siciliana Nord Ovest 2512
899594,edificio,36608,,Abitazione,Largo Delle Tortore 3
899595,edificio,36608,,Abitazione,Largo Delle Tortore 3
899596,edificio,36608,,Abitazione,Largo Delle Tortore 1
899597,edificio,36608,,Abitazione,Largo Delle Tortore 5
899598,edificio,36608,,Abitazione,Largo Delle Tortore 5
899599,edificio,36608,,Abitazione,Largo Delle Tortore 5
899600,edificio,36608,,Abitazione,Largo Delle Tortore 1
899601,edificio,36608,,Abitazione,Largo Delle Tortore 6
899602,edificio,36608,,Abitazione,Largo Delle Tortore 6
899603,edificio,36608,,Abitazione,Largo Delle Tortore 1
899604,edificio,36608,,Abitazione,Largo Delle Tortore 4
899605,edificio,36608,,Abitazione,Largo Delle Tortore 4
899606,edificio,36608,,Abitazione,Largo Delle Tortore 1
899607,edificio,36651,,Abitazione,Largo Delle Tortore 8
899608,edificio,36651,,Abitazione,Largo Delle Tortore 8
899609,edificio,36651,,Abitazione,Largo Delle Tortore 8
899610,edificio,36651,,Abitazione,Largo Delle Tortore 8
899611,edificio,36651,,Abitazione,Largo Delle Tortore 8
899612,edificio,36651,,Abitazione,Largo Delle Tortore 8
899613,edificio,36651,,Abitazione,Largo delle Tortore 7
899614,edificio,36651,,Abitazione,Largo Delle Tortore 7
899615,edificio,36651,,Abitazione,Largo Delle Tortore 7
899616,edificio,36651,,Abitazione,Largo Delle Tortore 7
899617,edificio,36651,,Abitazione,Largo Delle Tortore 7
899618,edificio,36609,,Abitazione,Viale della Regione Siciliana Nord Ovest 2578
899619,edificio,36609,,Abitazione,Viale della Regione Siciliana Nord Ovest 2578
899620,edificio,36609,,Abitazione,Viale della Regione Siciliana Nord Ovest 2578
899621,edificio,36609,,Abitazione,Viale della Regione Siciliana Nord Ovest 2562
899622,edificio,36609,,Abitazione,Viale della Regione Siciliana Nord Ovest 2562
899623,edificio,36611,,Abitazione,Via dell'Allodola 23
899624,edificio,36611,,Abitazione,Via dell'Allodola 23
899625,edificio,36611,,Abitazione,Via dell'Allodola 23
899626,edificio,36611,,Abitazione,Via dell'Allodola 23
899627,edificio,35022,,Abitazione,Vicolo di Gregorio 6
899628,edificio,35022,,Abitazione,Vicolo di Gregorio 6
899629,edificio,35022,,Abitazione,Vicolo di Gregorio 4
899630,edificio,35123,,Abitazione,Vicolo di Gregorio 8
899631,edificio,41444,,Abitazione,Via Bartolomeo Sirillo 5
899632,edificio,41444,,Abitazione,Via Bartolomeo Sirillo 5
899633,edificio,41444,,Abitazione,Via Bartolomeo Sirillo 5
899634,edificio,41444,,Abitazione,Via Bartolomeo Sirillo 5
899635,edificio,41444,,Abitazione,Via Bartolomeo Sirillo 5
899636,edificio,41444,,Abitazione,Via Bartolomeo Sirillo 5
899637,edificio,41444,,Abitazione,Via Bartolomeo Sirillo 5
899638,edificio,41444,,Abitazione,Via Bartolomeo Sirillo 5
899641,edificio,35130,,Magazzino e locali di deposito,Vicolo di Gregorio 32
899642,edificio,35130,,Abitazione,Vicolo di Gregorio 32
899643,edificio,35130,,"Cantina, soffitta, rimessa, box, garage, posto auto aperto/scoperto,…",Vicolo di Gregorio 32
899644,edificio,35130,,Abitazione,Vicolo di Gregorio 32
899645,edificio,35130,,Magazzino e locali di deposito,Vicolo di Gregorio 32
899646,edificio,104963,,Abitazione,Via Casuzze 4
899648,edificio,104406,,Magazzino e locali di deposito,Via Falsomiele 85
899649,edificio,104406,,Abitazione,Via Falsomiele 85
899650,edificio,104406,,Abitazione,Via Falsomiele 85
899651,edificio,36286,,Magazzino e locali di deposito,Via Aloi 67
899652,edificio,36286,,Abitazione,Via Aloi 67
899655,edificio,104967,,Abitazione,Via Casuzze 4
899656,edificio,104967,,Abitazione,Via Casuzze 4
899657,edificio,35263,,Abitazione,Via Casuzze 4
899658,edificio,36524,,Abitazione,Via della Martora 5
899659,edificio,41742,,Abitazione,Via San Ciro 15
899660,edificio,41742,,Abitazione,Via San Ciro 15
899661,edificio,41742,,Abitazione,Via San Ciro 15
899662,edificio,41742,,Abitazione,Via San Ciro 15
899663,edificio,41742,,Abitazione,Via San Ciro 15
899664,edificio,41742,,Abitazione,Via San Ciro 15
899665,edificio,41742,,Abitazione,Via San Ciro 15
899666,edificio,41742,,Abitazione,Via San Ciro 15
899667,edificio,41742,,Abitazione,Via San Ciro 15
899668,edificio,41742,,Abitazione,Via San Ciro 15
899669,edificio,41742,,Abitazione,Via San Ciro 15
899670,edificio,41742,,Abitazione,Via San Ciro 15
899671,edificio,41742,,Abitazione,Via San Ciro 15
899672,edificio,41742,,Abitazione,Via San Ciro 15
899673,edificio,41742,,Abitazione,Via San Ciro 15
899674,edificio,41742,,Abitazione,Via San Ciro 15
899675,edificio,41742,,Abitazione,Via San Ciro 15
899676,edificio,41742,,Abitazione,Via San Ciro 15
899677,edificio,44925,,Abitazione,Via Antonio Raccuglia 21
899678,edificio,44925,,Abitazione,Via Antonio Raccuglia 21
899679,edificio,44925,,Abitazione,Via Antonio Raccuglia 21
899680,edificio,44925,,Abitazione,Via Antonio Raccuglia 23
899681,edificio,44925,,Abitazione,Via Antonio Raccuglia 21
899682,edificio,44925,,Abitazione,Via Antonio Raccuglia 21
899683,edificio,44925,,Abitazione,Via Antonio Raccuglia 21
899684,edificio,44925,,Abitazione,Via Antonio Raccuglia 21
899685,edificio,42144,,Abitazione,Via Giulio Sarmiento 3
899686,edificio,42144,,Abitazione,Via Giulio Sarmiento 3
899687,edificio,40398,,"Edificio scolastico (es.: scuola di ogni ordine e grado, università, scuola di formazione)",Via Santa Maria di Gesù 89
899688,edificio,44852,,Abitazione,Via Vincenzo Ragusa 3
899689,edificio,44852,,Abitazione,Via Vincenzo Ragusa 3
899690,edificio,44852,,Abitazione,Via Vincenzo Ragusa 2
899691,edificio,44852,,Abitazione,Via Vincenzo Ragusa 2
899692,edificio,44852,,Abitazione,Via Vincenzo Ragusa 2
899693,edificio,44852,,Abitazione,Via Vincenzo Ragusa 4
899694,edificio,44852,,Abitazione,Via Vincenzo Ragusa 4
899695,edificio,44852,,Abitazione,Via Vincenzo Ragusa 4
899696,edificio,44852,,Abitazione,Via Vincenzo Ragusa 4
899697,edificio,44852,,Abitazione,Via Vincenzo Ragusa 4
899698,edificio,44852,,Abitazione,Via Stefano Vittorio Bozzo 10
899699,edificio,44852,,Abitazione,Via Stefano Vittorio Bozzo 10
899700,edificio,44852,,Abitazione,Via Stefano Vittorio Bozzo 10
899701,edificio,44852,,Abitazione,Via Stefano Vittorio Bozzo 20
899702,edificio,44852,,Abitazione,Via Stefano Vittorio Bozzo 20
899703,edificio,44852,,Abitazione,Via Stefano Vittorio Bozzo 20
899704,edificio,44852,,Abitazione,Via Stefano Vittorio Bozzo 26
899705,edificio,44852,,Abitazione,Via Stefano Vittorio Bozzo 26
899706,edificio,44852,,Abitazione,Via Stefano Vittorio Bozzo 28
899707,edificio,44852,,Abitazione,Via Stefano Vittorio Bozzo 28
899708,edificio,44852,,Abitazione,Via Luigi di Giovanni 1
899709,edificio,44852,,Abitazione,Via Luigi di Giovanni 1
899710,edificio,44852,,Abitazione,Via Luigi di Giovanni 1
899711,edificio,44852,,Abitazione,Via Luigi di Giovanni 1
899712,edificio,44852,,Abitazione,Via Luigi di Giovanni 1
899713,edificio,44852,,Abitazione,Via Luigi di Giovanni 3
899714,edificio,44852,,Abitazione,Via Luigi di Giovanni 3
899715,edificio,44852,,Abitazione,Via Luigi di Giovanni 3
899716,edificio,44852,,Abitazione,Via Luigi di Giovanni 2
899717,edificio,44852,,Abitazione,Via Luigi di Giovanni 2
899718,edificio,44852,,Abitazione,Via Luigi di Giovanni 2
899719,edificio,44852,,Abitazione,Via Luigi di Giovanni 2
899720,edificio,44852,,Abitazione,Via Luigi di Giovanni 4
899721,edificio,44852,,Abitazione,Via Luigi di Giovanni 4
899722,edificio,44852,,Abitazione,Via Luigi di Giovanni 4
899723,edificio,44852,,Abitazione,Via Vincenzo Ragusa 1
899724,edificio,44852,,Abitazione,Via Vincenzo Ragusa 1
899725,edificio,44852,,Abitazione,Via Vincenzo Ragusa 1
899726,edificio,44852,,Abitazione,Via Vincenzo Ragusa 1
899727,edificio,44852,,Abitazione,Via Vincenzo Ragusa 3
899728,edificio,44852,,Abitazione,Via Vincenzo Ragusa 3
899729,edificio,44852,,Abitazione,Via Vincenzo Ragusa 3
899730,edificio,44852,,Abitazione,Via Vincenzo Ragusa 3
899731,edificio,40923,,Abitazione,Via Pina Calì 3
899732,edificio,40923,,Abitazione,Via Pina Calì 3
899733,edificio,40923,,Abitazione,Via Pina Calì 3
899734,edificio,40923,,Abitazione,Via Pina Calì 3
899735,edificio,40923,,Abitazione,Via Pina Calì 3
899736,edificio,40923,,Abitazione,Via Pina Calì 3
899737,edificio,40923,,Abitazione,Via Pina Calì 3
899738,edificio,40923,,Abitazione,Via Pina Calì 3
899739,edificio,40923,,Abitazione,Via Pina Calì 1
899740,edificio,40923,,Abitazione,Via Pina Calì 1
899741,edificio,40923,,Abitazione,Via Pina Calì 1
899742,edificio,40923,,Abitazione,Via Pina Calì 1
899743,edificio,40923,,Abitazione,Via Pina Calì 1
899744,edificio,40923,,Abitazione,Via Pina Calì 1
899745,edificio,40923,,Abitazione,Via Ciaculli 128
899746,edificio,40923,,Abitazione,Via Ciaculli 128
899747,edificio,40923,,Abitazione,Via Ciaculli 128
899748,edificio,40923,,Abitazione,Via Ciaculli 130
899749,edificio,40923,,Abitazione,Via Ciaculli 130
899750,edificio,40923,,Abitazione,Via Ciaculli 130
899751,edificio,40923,,Abitazione,Via Ciaculli 130
899752,edificio,40923,,Abitazione,Via Ciaculli 130
899753,edificio,40923,,Abitazione,Via Ciaculli 130
899754,edificio,40923,,Abitazione,Via Ciaculli 130
899755,edificio,40923,,"Edificio scolastico (es.: scuola di ogni ordine e grado, università, scuola di formazione)",Via Stefano Vittorio Bozzo 16
899756,edificio,40923,,Abitazione,Via Luigi di Giovanni 5
899757,edificio,40923,,Abitazione,Via Luigi di Giovanni 5
899758,edificio,40923,,Abitazione,Via Luigi di Giovanni 5
899759,edificio,40923,,Abitazione,Via Luigi di Giovanni 5
899760,edificio,40923,,Abitazione,Via Rocco Lentini 4
899761,edificio,40923,,Abitazione,Via Rocco Lentini 4
899762,edificio,40923,,Abitazione,Via Rocco Lentini 4
899763,edificio,40923,,Abitazione,Via Rocco Lentini 2
899764,edificio,40923,,Abitazione,Via Rocco Lentini 2
899765,edificio,40923,,Abitazione,Via Rocco Lentini 2
899766,edificio,40923,,Abitazione,Via Rocco Lentini 2
899767,edificio,40923,,Abitazione,Via Rocco Lentini 5
899768,edificio,40923,,Abitazione,Via Rocco Lentini 5
899769,edificio,40923,,Abitazione,Via Rocco Lentini 5
899770,edificio,40923,,Abitazione,Via Rocco Lentini 5
899771,edificio,40923,,Abitazione,Via Rocco Lentini 5
899772,edificio,40923,,Abitazione,Via Rocco Lentini 5
899773,edificio,40923,,Abitazione,Via Rocco Lentini 5
899774,edificio,40923,,Abitazione,Via Rocco Lentini 5
899775,edificio,40923,,Abitazione,Via Rocco Lentini 1
899776,edificio,40923,,Abitazione,Via Rocco Lentini 1
899777,edificio,40923,,Abitazione,Via Rocco Lentini 1
899778,edificio,40923,,Abitazione,Via Rocco Lentini 1
899779,edificio,40923,,Abitazione,Via Rocco Lentini 1
899780,edificio,40923,,Abitazione,Via Rocco Lentini 1
899781,edificio,40923,,Abitazione,Via Rocco Lentini 1
899782,edificio,40923,,Abitazione,Via Rocco Lentini 1
899783,punto,,senza-edificio,Abitazione,Via Azolino Hazon 65
899784,punto,,senza-edificio,Abitazione,Via Azolino Hazon 65
899785,punto,,senza-edificio,Abitazione,Via Azolino Hazon 51
899786,edificio,42425,,Abitazione,Via Azolino Hazon 46
899787,edificio,42425,,Abitazione,Via Azolino Hazon 46
899788,edificio,42425,,Abitazione,Via Azolino Hazon 46
899789,edificio,42425,,Abitazione,Via Azolino Hazon 46
899790,edificio,42425,,Abitazione,Via Azolino Hazon 46
899791,edificio,42425,,Abitazione,Via Azolino Hazon 46
899792,edificio,42425,,Abitazione,Via Azolino Hazon 26
899793,edificio,42425,,Abitazione,Via Azolino Hazon 54
899794,edificio,42425,,Abitazione,Via Azolino Hazon 54
899795,edificio,42425,,Abitazione,Via Simoncini Scaglione 38
899796,edificio,42425,,Abitazione,Via Simoncini Scaglione 38
899797,edificio,42425,,Abitazione,Via Simoncini Scaglione 48
899798,edificio,42425,,Abitazione,Via Simoncini Scaglione 38
899799,edificio,42425,,Abitazione,Via Simoncini Scaglione 48
899800,edificio,42425,,Abitazione,Via Simoncini Scaglione 48
899801,edificio,42425,,Abitazione,Via Simoncini Scaglione 48
899802,edificio,42425,,Abitazione,Via Simoncini Scaglione 48
899803,edificio,42425,,Abitazione,Via Azolino Hazon 40
899804,edificio,42425,,Abitazione,Via Azolino Hazon 40
899805,edificio,42425,,Abitazione,Via Azolino Hazon 40
899806,edificio,42425,,Abitazione,Via Azolino Hazon 40
899807,edificio,42425,,Abitazione,Via Azolino Hazon 46
899808,edificio,42425,,Abitazione,Via Azolino Hazon 46
899809,edificio,42425,,Abitazione,Via Azolino Hazon 46
899810,edificio,42425,,Abitazione,Via Azolino Hazon 46
899811,edificio,42425,,Abitazione,Via Azolino Hazon 46
899812,edificio,42425,,Abitazione,Via Azolino Hazon 46
899813,edificio,43569,,Abitazione,Via Giuseppe Cirincione 64
899814,edificio,43569,,Abitazione,Via Giuseppe Cirincione 64
899815,edificio,43569,,Abitazione,Via Giuseppe Cirincione 64
899816,edificio,43569,,Abitazione,Via Giuseppe Cirincione 64
899817,edificio,43569,,Abitazione,Via Giuseppe Cirincione 64
899818,edificio,43569,,Abitazione,Via Giuseppe Cirincione 64
899819,edificio,43569,,Abitazione,Via Giuseppe Cirincione 64
899820,edificio,43569,,Abitazione,Via Giuseppe Cirincione 64
899821,edificio,43569,,Abitazione,Via Giuseppe Cirincione 64
899822,edificio,43569,,Abitazione,Via Giuseppe Cirincione 64
899823,edificio,43569,,Abitazione,Via Giuseppe Cirincione 64
899824,edificio,43569,,Abitazione,Via Giuseppe Cirincione 64
899825,edificio,43569,,Abitazione,Via Giuseppe Cirincione 64
899826,edificio,43569,,Abitazione,Via Giuseppe Cirincione 64
899827,edificio,43569,,Abitazione,Via Giuseppe Cirincione 64
899828,edificio,43569,,Abitazione,Via Giuseppe Cirincione 64
899829,edificio,43569,,Abitazione,Via Giuseppe Cirincione 64
899830,edificio,43569,,Abitazione,Via Giuseppe Cirincione 64
899831,edificio,43569,,Abitazione,Via Giuseppe Cirincione 64
899832,edificio,43569,,Abitazione,Via Giuseppe Cirincione 64
899833,edificio,43569,,Abitazione,Via Giuseppe Cirincione 64
899834,edificio,43569,,Abitazione,Via Giuseppe Cirincione 64
899835,edificio,42674,,Abitazione,Via Azolino Hazon 17
899836,edificio,42674,,Abitazione,Via Azolino Hazon 17
899837,edificio,41406,,Abitazione,Piazzale Aurora 7
899838,edificio,39921,,Magazzino e locali di deposito,Via Belmonte Chiavelli 16
899839,edificio,39921,,Magazzino e locali di deposito,Via Lo Schiavo Giuseppe 2
899840,edificio,39921,,Magazzino e locali di deposito,Via Lo Schiavo Giuseppe 16
899841,edificio,51924,,Magazzino e locali di deposito,Via Oreto 31
899842,edificio,58246,,Magazzino e locali di deposito,Via Bazzano 19
899843,edificio,58246,,Magazzino e locali di deposito,Via Bazzano 35
899844,edificio,58246,,Magazzino e locali di deposito,Via Bazzano 17
899845,edificio,103621,,Magazzino e locali di deposito,Via Giacomo Baragli 4
899846,edificio,103621,,Abitazione,Via Giacomo Baragli 4
899847,edificio,103621,,Abitazione,Via Giacomo Baragli 4
899848,edificio,103621,,"Cantina, soffitta, rimessa, box, garage, posto auto aperto/scoperto,…",Via Giacomo Baragli 4
899849,edificio,104934,,Abitazione,Via Michele Dixit 21
899850,edificio,104934,,Abitazione,Via Michele Dixit 21
899851,edificio,104934,,Abitazione,Via Michele Dixit 21
899852,edificio,104934,,Abitazione,Via Michele Dixit 21
899855,edificio,105152,,Abitazione,Via Michele Dixit 3
899856,edificio,105152,,Abitazione,Via Michele Dixit 3
899858,edificio,105152,,Abitazione,Via Michele Dixit 3
899859,edificio,39646,,Abitazione,Via Giuseppe Amato Pojero 11
899860,edificio,39646,,Abitazione,Via Giuseppe Amato Pojero 11
899861,edificio,39646,,Abitazione,Via Giuseppe Amato Pojero 11
899862,edificio,39646,,Abitazione,Via Giuseppe Amato Pojero 11
899863,edificio,39646,,Abitazione,Via Giuseppe Amato Pojero 11
899864,edificio,42674,,Abitazione,Via Azolino Hazon 4
899865,edificio,42674,,Abitazione,Via Azolino Hazon 4
899866,edificio,42674,,Abitazione,Via Azolino Hazon 4
899867,edificio,42674,,Abitazione,Via Azolino Hazon 4
899868,edificio,42674,,Abitazione,Via Azolino Hazon 4
899869,edificio,46092,,Abitazione,Via Filippo Pecoraino 162
899871,edificio,105179,,Abitazione,Via Falsomiele 140
899872,edificio,105179,,Abitazione,Via Falsomiele 140
899873,edificio,105179,,Abitazione,Via Falsomiele 140
899874,edificio,105179,,Abitazione,Via Falsomiele 140
899875,edificio,105179,,Magazzino e locali di deposito,Via Falsomiele 140
899877,edificio,37313,,Abitazione,Via Belmonte Chiavelli 129
899879,edificio,37313,,Magazzino e locali di deposito,Via Belmonte Chiavelli 129
899880,edificio,37313,,Magazzino e locali di deposito,Via Belmonte Chiavelli 129
899881,edificio,37313,,Magazzino e locali di deposito,Via Belmonte Chiavelli 129
899882,edificio,37313,,Abitazione,Via Belmonte Chiavelli 129
899883,edificio,37313,,Abitazione,Via Belmonte Chiavelli 129
899884,edificio,37313,,Abitazione,Via Belmonte Chiavelli 129
899885,edificio,37313,,Abitazione,Via Belmonte Chiavelli 129
899886,edificio,39170,,"Fabbricato per attività produttiva (industriale, artigianale o agricola)",Via dell'Orsa Minore 122
899887,edificio,39170,,Abitazione,Via dell'Orsa Minore 126
899888,edificio,39170,,Magazzino e locali di deposito,Via dell'Orsa Minore 120
899890,edificio,44610,,Abitazione,Via Giacomo Baragli 1
899891,edificio,44610,,Abitazione,Via Giacomo Baragli 1
899894,edificio,101229,,Abitazione,VIA FALSOMIELE S.N.C.
899895,edificio,101229,,Abitazione,VIA FALSOMIELE S.N.C.
899898,edificio,35432,,Abitazione,Salita Mezzagno 19
899899,edificio,35432,,Abitazione,Salita Mezzagno 19
899900,edificio,35432,,Abitazione,Salita Mezzagno 19
899901,edificio,35432,,Abitazione,Salita Mezzagno 19
899902,edificio,37098,,Abitazione,Via Belmonte Chiavelli 175
899903,edificio,42424,,Abitazione,Via Azolino Hazon 18
899904,edificio,42424,,Abitazione,Via Azolino Hazon 18
899905,edificio,42424,,Abitazione,Via Azolino Hazon 18
899906,edificio,42424,,Abitazione,Via Azolino Hazon 18
899907,edificio,42424,,Abitazione,Via Azolino Hazon 18
899908,edificio,42424,,Abitazione,Via Azolino Hazon 18
899909,edificio,42424,,Abitazione,Via Azolino Hazon 18
899910,edificio,42424,,Abitazione,Via Azolino Hazon 18
899911,edificio,42424,,Abitazione,Via Azolino Hazon 18
899912,edificio,42424,,Abitazione,Via Azolino Hazon 18
899913,edificio,42424,,Abitazione,Via Azolino Hazon 18
899914,edificio,42424,,Abitazione,Via Azolino Hazon 18
899915,edificio,42424,,Abitazione,Via Azolino Hazon 18
899916,edificio,42424,,Abitazione,Via Azolino Hazon 18
899917,edificio,42424,,Abitazione,Via Azolino Hazon 18
899918,edificio,42424,,Abitazione,Via Azolino Hazon 18
899919,edificio,42424,,Abitazione,Via Azolino Hazon 18
899920,edificio,42424,,"Fabbricato per attività produttiva (industriale, artigianale o agricola)",Via Azolino Hazon 20
899921,edificio,42424,,Abitazione,Via Azolino Hazon 18
899922,edificio,42424,,Abitazione,Via Azolino Hazon 18
899923,edificio,42424,,Abitazione,Via Azolino Hazon 18
899924,edificio,42424,,Abitazione,Via Azolino Hazon 18
899925,edificio,42424,,Abitazione,Via Azolino Hazon 18
899926,edificio,42424,,Abitazione,Via Azolino Hazon 18
899927,edificio,42424,,Abitazione,Via Azolino Hazon 18
899928,edificio,42424,,Abitazione,Via Azolino Hazon 18
899929,edificio,42424,,Abitazione,Via Azolino Hazon 18
899930,edificio,42424,,Abitazione,Via Azolino Hazon 18
899931,edificio,42424,,Abitazione,Via Azolino Hazon 18
899932,edificio,42424,,Abitazione,Via Azolino Hazon 18
899933,edificio,42424,,Abitazione,Via Azolino Hazon 18
899934,edificio,42424,,Abitazione,Via Azolino Hazon 18
899935,edificio,42424,,Abitazione,Via Azolino Hazon 18
899936,edificio,42424,,Abitazione,Via Azolino Hazon 18
899937,edificio,42424,,Abitazione,Via Azolino Hazon 18
899938,edificio,42424,,Abitazione,Via Azolino Hazon 18
899939,edificio,42424,,Abitazione,Via Azolino Hazon 18
899940,edificio,42424,,Abitazione,Via Azolino Hazon 18
899941,edificio,42424,,Abitazione,Via Azolino Hazon 18
899942,edificio,42424,,Abitazione,Via Azolino Hazon 18
899943,edificio,42424,,Abitazione,Via Azolino Hazon 18
899944,edificio,42424,,Abitazione,Via Azolino Hazon 18
899945,edificio,42424,,Abitazione,Via Azolino Hazon 18
899946,edificio,42424,,Abitazione,Via Azolino Hazon 18
899947,edificio,42424,,Abitazione,Via Azolino Hazon 18
899948,edificio,42424,,Abitazione,Via Azolino Hazon 18
899949,edificio,42424,,Abitazione,Via Azolino Hazon 18
899950,edificio,42424,,Abitazione,Via Azolino Hazon 18
899951,edificio,42424,,Abitazione,Via Azolino Hazon 18
899952,edificio,42424,,Abitazione,Via Azolino Hazon 18
899953,edificio,42424,,Abitazione,Via Azolino Hazon 18
899954,edificio,42424,,Abitazione,Via Azolino Hazon 18
899955,edificio,42424,,Abitazione,Via Azolino Hazon 18
899956,edificio,42424,,Abitazione,Via Azolino Hazon 18
899957,edificio,42424,,Abitazione,Via Azolino Hazon 18
899958,edificio,42424,,Abitazione,Via Azolino Hazon 18
899959,edificio,42424,,Abitazione,Via Azolino Hazon 18
899960,edificio,42424,,Abitazione,Via Azolino Hazon 18
899961,edificio,42424,,Abitazione,Via Azolino Hazon 18
899962,edificio,42424,,Abitazione,Via Azolino Hazon 18
899963,edificio,42424,,Abitazione,Via Azolino Hazon 18
899964,edificio,42424,,Abitazione,Via Azolino Hazon 18
899965,edificio,42424,,Abitazione,Via Azolino Hazon 18
899966,edificio,42424,,"Cantina, soffitta, rimessa, box, garage, posto auto aperto/scoperto,…",Via Azolino Hazon 8
899967,edificio,42424,,Ufficio strutturato ed assimilabili,Via Simoncini Scaglione 3
899968,edificio,42424,,Ufficio strutturato ed assimilabili,Via Simoncini Scaglione 10
899969,edificio,42424,,Abitazione,Via Azolino Hazon 18
899970,edificio,7240,,"Fabbricato per attività produttiva (industriale, artigianale o agricola)",Via Villagrazia 108
899971,edificio,7240,,Magazzino e locali di deposito,Via Villagrazia 108
899972,edificio,40313,,Abitazione,Via Giovanni Campisi 24
899973,edificio,42674,,Abitazione,Via Azolino Hazon 1
899974,edificio,41498,,Abitazione,Via Nicolò Alongi 1
899975,edificio,41822,,"Edificio scolastico (es.: scuola di ogni ordine e grado, università, scuola di formazione)",Via Panzera Francesco 1
899976,edificio,39964,,Abitazione,Via Oreto 448
899977,edificio,41910,,Magazzino e locali di deposito,Via Emiro Giafar 38
899978,edificio,41910,,Abitazione,Via Emiro Giafar 38
899979,edificio,39546,,Abitazione,Via Villagrazia 59
899980,edificio,39546,,Magazzino e locali di deposito,Via Villagrazia 59
899981,edificio,37454,,Abitazione,Cortile Chiavelli 93
899982,edificio,37454,,"Cantina, soffitta, rimessa, box, garage, posto auto aperto/scoperto,…",Cortile Chiavelli 93
899983,edificio,37454,,"Cantina, soffitta, rimessa, box, garage, posto auto aperto/scoperto,…",Cortile Chiavelli 93
899984,edificio,37454,,Abitazione,Cortile Chiavelli 93
899985,edificio,37454,,"Cantina, soffitta, rimessa, box, garage, posto auto aperto/scoperto,…",Cortile Chiavelli 93
899986,edificio,37454,,Abitazione,Cortile Chiavelli 93
899987,edificio,42674,,Abitazione,Via XX Settembre 69
899988,edificio,42674,,Abitazione,Via XX Settembre 69
899989,edificio,42674,,Abitazione,Via XX Settembre 69
899990,edificio,42674,,Abitazione,Via XX Settembre 69
899991,edificio,41045,,Abitazione,Via Ciaculli 26
899992,edificio,41045,,Abitazione,Via Ciaculli 26
899993,edificio,41045,,Abitazione,Via Ciaculli 26
899994,edificio,41045,,Abitazione,Via Ciaculli 26
899995,edificio,41045,,Abitazione,Via Ciaculli 26
899996,edificio,41045,,Abitazione,Via Ciaculli 26
899997,edificio,41045,,Abitazione,Via Ciaculli 26
899998,edificio,41045,,Abitazione,Via Ciaculli 26
899999,edificio,41045,,Abitazione,Via Ciaculli 26
900000,edificio,41045,,Abitazione,Via Ciaculli 26
900001,edificio,41045,,Abitazione,Via Ciaculli 26
900002,edificio,41045,,Abitazione,Via Ciaculli 26
900003,edificio,41045,,Abitazione,Via Ciaculli 24
900004,edificio,41045,,Abitazione,Via Ciaculli 24
900005,edificio,41045,,Abitazione,Via Ciaculli 24
900006,edificio,41045,,Abitazione,Via Ciaculli 24
900007,edificio,41045,,Abitazione,Via Ciaculli 24
900008,edificio,41045,,Abitazione,Via Ciaculli 24
900009,edificio,41045,,Abitazione,Via Ciaculli 24
900010,edificio,41045,,Abitazione,Via Ciaculli 24
900011,edificio,41045,,Abitazione,Via Ciaculli 24
900012,edificio,41045,,Abitazione,Via Ciaculli 24
900013,edificio,41045,,Abitazione,Via Ciaculli 24
900014,edificio,41045,,Abitazione,Via Ciaculli 24
900015,edificio,41045,,Abitazione,Via Ciaculli 24
900016,edificio,41045,,Abitazione,Via Ciaculli 24
900017,edificio,41045,,Abitazione,Via Ciaculli 24
900018,edificio,41045,,Abitazione,Via Ciaculli 24
900019,edificio,41045,,Abitazione,Via Ciaculli 26
900020,edificio,41045,,Abitazione,Via Ciaculli 26
900021,edificio,41045,,Abitazione,Via Ciaculli 26
900022,edificio,41045,,Abitazione,Via Ciaculli 26
900023,edificio,41045,,Abitazione,Via Ciaculli 26
900024,edificio,41045,,Abitazione,Via Ciaculli 26
900025,edificio,41045,,Abitazione,Via Ciaculli 26
900026,edificio,41045,,Abitazione,Via Ciaculli 26
900027,edificio,41045,,Abitazione,Via Ciaculli 26
900028,edificio,41045,,Abitazione,Via Ciaculli 26
900029,edificio,41045,,Abitazione,Via Ciaculli 26
900030,edificio,41045,,Abitazione,Via Ciaculli 26
900031,edificio,41045,,Abitazione,Via Ciaculli 26
900032,edificio,41045,,Abitazione,Via Ciaculli 26
900033,edificio,41045,,Abitazione,Via Ciaculli 26
900034,edificio,41045,,Abitazione,Via Ciaculli 26
900035,edificio,41045,,Abitazione,Via Ciaculli 26
900036,edificio,41045,,Abitazione,Via Ciaculli 26
900037,edificio,41045,,Abitazione,Via Ciaculli 26
900038,edificio,41045,,Abitazione,Via Ciaculli 26
900039,edificio,41045,,Abitazione,Via Ciaculli 26
900040,edificio,41045,,Abitazione,Via Ciaculli 26
900041,edificio,41045,,Abitazione,Via Ciaculli 26
900042,edificio,41045,,Abitazione,Via Ciaculli 26
900043,edificio,41045,,Abitazione,Via Ciaculli 26
900045,edificio,44628,,Abitazione,Via Ciaculli 413
900046,edificio,44628,,Abitazione,Via Ciaculli 413
900050,edificio,103605,,Abitazione,Via Ciaculli 207
900051,edificio,103605,,Abitazione,Via Ciaculli 207
900052,edificio,103605,,Abitazione,Via Ciaculli 207
900053,edificio,105175,,Abitazione,Via Casuzze 4
900054,edificio,105175,,Abitazione,Via Casuzze 4
900055,edificio,38898,,Abitazione,Via Al Casale Settimo 15
900056,edificio,38898,,Abitazione,Via Al Casale Settimo 15
900057,edificio,38898,,Abitazione,Via Al Casale Settimo 15
900059,edificio,45078,,Abitazione,Via Ciaculli 246
900060,edificio,45078,,Abitazione,Via Ciaculli 246
900061,edificio,40452,,Abitazione,Via Falsomiele 3
900062,edificio,35404,,Abitazione,Salita Mezzagno 19
900063,edificio,37472,,"Cantina, soffitta, rimessa, box, garage, posto auto aperto/scoperto,…",Cortile Chiavelli 93
900064,edificio,37472,,Abitazione,Cortile Chiavelli 93
900065,edificio,37472,,"Cantina, soffitta, rimessa, box, garage, posto auto aperto/scoperto,…",Cortile Chiavelli 93
900066,edificio,37472,,"Cantina, soffitta, rimessa, box, garage, posto auto aperto/scoperto,…",Cortile Chiavelli 93
900067,edificio,37472,,Abitazione,Cortile Chiavelli 93
900069,edificio,42656,,Abitazione,Via Gaetano di Pasquale 13
900070,edificio,44991,,Abitazione,Via Guido di Stefano 1
900071,edificio,44991,,Abitazione,Via Guido di Stefano 1
900072,edificio,44991,,Abitazione,Via Guido di Stefano 1
900073,edificio,44991,,Abitazione,Via Guido di Stefano 1
900074,edificio,44991,,Abitazione,Via Guido di Stefano 1
900075,edificio,44991,,Abitazione,Via Guido di Stefano 1
900076,edificio,44991,,Abitazione,Via Guido di Stefano 1
900077,edificio,44991,,Abitazione,Via Guido di Stefano 1
900078,edificio,44991,,Abitazione,Via Guido di Stefano 1
900079,edificio,44991,,Abitazione,Via Guido di Stefano 1
900080,edificio,44991,,Abitazione,Via Guido di Stefano 1
900081,edificio,44991,,Abitazione,Via Guido di Stefano 1
900082,edificio,44991,,Abitazione,Via Guido di Stefano 1
900083,edificio,44991,,Abitazione,Via Guido di Stefano 1
900084,edificio,44991,,Abitazione,Via Guido di Stefano 1
900085,edificio,44991,,Abitazione,Via Guido di Stefano 1
900086,edificio,44991,,Abitazione,Via Guido di Stefano 1
900087,edificio,44991,,Abitazione,Via Guido di Stefano 1
900088,edificio,44991,,Abitazione,Via Guido di Stefano 1
900089,edificio,44991,,Abitazione,Via Guido di Stefano 1
900090,edificio,44991,,Abitazione,Via Guido di Stefano 1
900091,edificio,44991,,Abitazione,Via Guido di Stefano 1
900092,edificio,44991,,Abitazione,Via Guido di Stefano 1
900093,edificio,44991,,Abitazione,Via Guido di Stefano 1
900094,edificio,44991,,Abitazione,Via Guido di Stefano 1
900095,edificio,44991,,Abitazione,Via Guido di Stefano 1
900096,edificio,54414,,Abitazione,Cortile Regina 4
900100,edificio,54414,,Magazzino e locali di deposito,Cortile Regina 7
900107,edificio,35682,,Abitazione,VIA V.F.35 S.N.C.
900108,edificio,35682,,Abitazione,VIA V.F.35 S.N.C.
900109,edificio,35682,,Abitazione,VIA V.F.35 S.N.C.
900110,edificio,45364,,Abitazione,Via Ciaculli 413
900111,edificio,45364,,"Cantina, soffitta, rimessa, box, garage, posto auto aperto/scoperto,…",Via Ciaculli 413
900112,edificio,45364,,Abitazione,Via Ciaculli 413
900113,edificio,45364,,Abitazione,Via Ciaculli 413
900114,edificio,45364,,Abitazione,Via Ciaculli 413
900115,edificio,45364,,Abitazione,Via Ciaculli 413
900116,edificio,51010,,Abitazione,Via Oreto 286
900117,edificio,51499,,Abitazione,Via Oreto 206
900118,edificio,41841,,Abitazione,Largo Giuliana 10
900119,edificio,110260,,Abitazione,Via dei Decollati 15
900120,edificio,44991,,Abitazione,Via Guido di Stefano 1
900121,edificio,44991,,Abitazione,Via Guido di Stefano 1
900122,edificio,42935,,Abitazione,Via Giuseppe Cirincione 29
900123,edificio,39525,,Abitazione,Via Villagrazia 75
900124,edificio,41612,,Abitazione,Via ippolito nievo 4
900125,edificio,43465,,Abitazione,Fondo Mortillaro 6
900126,edificio,39359,,Abitazione,Via Paratore Giuseppe 8
900127,edificio,35906,,Abitazione,Via Francesco Melendez 46
900128,edificio,42130,,Abitazione,Via Maione da Bari 13
900129,edificio,42130,,Abitazione,Via Maione da Bari 15
900130,edificio,42130,,"Cantina, soffitta, rimessa, box, garage, posto auto aperto/scoperto,…",Via Maione da Bari 15
900131,edificio,35898,,Abitazione,Via Francesco Melendez 50
900132,edificio,38278,,Abitazione,Via Villagrazia 197
900133,edificio,38278,,Abitazione,Via Villagrazia 197
900134,edificio,38278,,Abitazione,Via Villagrazia 197
900135,edificio,38278,,Abitazione,Via Villagrazia 197
900136,edificio,38278,,Abitazione,Via Villagrazia 197
900137,edificio,38278,,Abitazione,Via Villagrazia 197
900138,edificio,38278,,Abitazione,Via Villagrazia 197
900139,edificio,38278,,Abitazione,Via Villagrazia 197
900140,edificio,38278,,Abitazione,Via Villagrazia 197
900141,edificio,38278,,Abitazione,Via Villagrazia 197
900142,edificio,38278,,Abitazione,Via Villagrazia 197
900143,edificio,38278,,Abitazione,Via Villagrazia 197
900144,edificio,42560,,Abitazione,Via Simoncini Scaglione 8
900145,edificio,42560,,Abitazione,Via Simoncini Scaglione 8
900146,edificio,42560,,Abitazione,Via Simoncini Scaglione 8
900147,edificio,42560,,Abitazione,Via Simoncini Scaglione 8
900148,edificio,42560,,Abitazione,Via Simoncini Scaglione 8
900149,edificio,42560,,Abitazione,Via Simoncini Scaglione 8
900150,edificio,42560,,Abitazione,Via Simoncini Scaglione 8
900151,edificio,42560,,Abitazione,Via Simoncini Scaglione 8
900152,edificio,42560,,Abitazione,Via Simoncini Scaglione 18
900153,edificio,42560,,Abitazione,Via Simoncini Scaglione 18
900154,edificio,42560,,Abitazione,Via Simoncini Scaglione 18
900155,edificio,42560,,Abitazione,Via Simoncini Scaglione 18
900156,edificio,42560,,Abitazione,Via Simoncini Scaglione 18
900157,edificio,42560,,Abitazione,Via Meli Giovanni 19
900158,edificio,42560,,Abitazione,Via Meli Giovanni 19
900159,edificio,42560,,Abitazione,Via Simoncini Scaglione 18
900160,edificio,42560,,Abitazione,Via Meli Giovanni 19
900161,edificio,42560,,Abitazione,Via Simoncini Scaglione 18
900162,edificio,42560,,Abitazione,Via Meli Giovanni 19
900163,edificio,42560,,Abitazione,Via Simoncini Scaglione 8
900164,edificio,42560,,Abitazione,Via Simoncini Scaglione 8
900165,edificio,42560,,Abitazione,Via Simoncini Scaglione 8
900166,edificio,38278,,Abitazione,Via Villagrazia 199
900167,edificio,38278,,Abitazione,Via Villagrazia 199
900168,edificio,41441,,Abitazione,Largo Testa Arrigo 2
900169,edificio,41441,,Abitazione,Largo Testa Arrigo 2
900170,edificio,41441,,Abitazione,Largo Testa Arrigo 2
900171,edificio,41441,,Abitazione,Largo Testa Arrigo 2
900172,edificio,41419,,Abitazione,Via Oreto 466
900173,edificio,41419,,Abitazione,Via Oreto 466
900174,edificio,41421,,Abitazione,Largo Testa Arrigo 1
900175,edificio,41421,,Abitazione,Largo Testa Arrigo 1
900176,edificio,41421,,Abitazione,Largo Testa Arrigo 1
900177,edificio,41421,,Abitazione,Largo Testa Arrigo 1
900178,edificio,41421,,Abitazione,Largo Testa Arrigo 1
900179,edificio,41421,,Abitazione,Largo Testa Arrigo 1
900180,edificio,41421,,Abitazione,Largo Testa Arrigo 1
900181,edificio,41421,,Abitazione,Largo Testa Arrigo 1
900182,edificio,41421,,Abitazione,Largo Testa Arrigo 1
900183,edificio,41441,,Abitazione,Via Antonio Tantillo 5
900184,edificio,41441,,Abitazione,Via Antonio Tantillo 5
900185,edificio,41441,,Abitazione,Via Antonio Tantillo 5
900186,edificio,41343,,Abitazione,Via Antonio Tantillo 7
900187,edificio,41343,,Abitazione,Via Antonio Tantillo 7
900188,edificio,41343,,Abitazione,Via Antonio Tantillo 7
900189,edificio,44925,,Abitazione,Via Antonio Raccuglia 21
900190,edificio,44925,,Abitazione,Via Antonio Raccuglia 25
900191,edificio,44925,,Abitazione,Via Antonio Raccuglia 25
900192,edificio,44925,,Abitazione,Via Antonio Raccuglia 21
900193,edificio,44925,,Abitazione,Via Antonio Raccuglia 21
900194,edificio,44925,,Abitazione,Via Antonio Raccuglia 23
900195,edificio,44925,,Abitazione,Via Antonio Raccuglia 23
900196,edificio,44925,,Abitazione,Via Antonio Raccuglia 23
900198,edificio,37513,,Abitazione,Via Santa Maria di Gesù 258
900199,edificio,37513,,Abitazione,Via Santa Maria di Gesù 258
900200,edificio,37513,,"Cantina, soffitta, rimessa, box, garage, posto auto aperto/scoperto,…",Via Santa Maria di Gesù 258
900201,edificio,111592,,Abitazione,Via Villagrazia 369
900203,edificio,101232,,Abitazione,Via Falsomiele 85
900204,edificio,101232,,Abitazione,Via Falsomiele 85
900205,edificio,107877,,Abitazione,Via Ciaculli 59
900206,edificio,40577,,Abitazione,Via Santa Maria di Gesù 258
900208,edificio,35908,,Abitazione,Via Domenico Quattrociocchi 11
900209,edificio,35908,,Abitazione,Via Domenico Quattrociocchi 11
900211,edificio,104920,,Abitazione,Via Giacomo Baragli 4
900212,edificio,104920,,Abitazione,Via Giacomo Baragli 4
900213,edificio,40250,,Abitazione,Via Guadagna 86
900215,edificio,103607,,Abitazione,VIA FRANCHINA NINO S.N.C.
900216,edificio,103607,,Abitazione,VIA FRANCHINA NINO S.N.C.
900217,edificio,36097,,Abitazione,Via Giulio Tenaglia 47
900218,edificio,41332,,Abitazione,Viale Regione Siciliana Sud Est 6371
900220,edificio,105553,,Abitazione,Via Falsomiele 77
900221,edificio,105553,,Abitazione,Via Falsomiele 77
900223,edificio,107049,,Abitazione,Via Falsomiele 77
900224,edificio,107049,,Abitazione,Via Falsomiele 77
900227,edificio,104447,,Abitazione,FONDO MOTISI S.N.C.
900228,edificio,104447,,Abitazione,FONDO MOTISI S.N.C.
900229,punto,,senza-edificio,Abitazione,Via Santa Miloro 12
900230,punto,,senza-edificio,Abitazione,Via Miloro Santa 12
900231,punto,,senza-edificio,Abitazione,Via Giuseppe Bennici 7
900232,punto,,senza-edificio,Abitazione,Via Giuseppe Bennici 7
900233,punto,,senza-edificio,Abitazione,Via Giuseppe Bennici 7
900234,punto,,senza-edificio,Abitazione,Via Giuseppe Bennici 7
900235,punto,,senza-edificio,Abitazione,Via Giuseppe Bennici 7
900236,punto,,senza-edificio,Abitazione,Via Giuseppe Bennici 7
900237,punto,,senza-edificio,Abitazione,Via Giuseppe Bennici 7
900238,punto,,senza-edificio,Abitazione,Via Giuseppe Bennici 7
900239,punto,,senza-edificio,Abitazione,Via Giuseppe Bennici 7
900240,punto,,senza-edificio,Abitazione,Via Giuseppe Bennici 7
900241,punto,,senza-edificio,Abitazione,Via Miloro Santa 12
900242,punto,,senza-edificio,Abitazione,Via Giuseppe Bennici 7
900243,punto,,senza-edificio,Abitazione,Via Giuseppe Bennici 7
900244,punto,,senza-edificio,Abitazione,Via Giuseppe Bennici 7
900245,punto,,senza-edificio,Abitazione,Via Giuseppe Bennici 7
900246,punto,,senza-edificio,Abitazione,Via Giuseppe Bennici 7
900247,punto,,senza-edificio,Abitazione,Via Giuseppe Bennici 7
900248,punto,,senza-edificio,Abitazione,Via Giuseppe Bennici 7
900249,punto,,senza-edificio,"Cantina, soffitta, rimessa, box, garage, posto auto aperto/scoperto,…",Via Giuseppe Bennici 13
900250,punto,,senza-edificio,Abitazione,Via Giuseppe Bennici 11
900251,punto,,senza-edificio,Abitazione,Via Giuseppe Bennici 11
900252,punto,,senza-edificio,Abitazione,Via Giuseppe Bennici 11
900253,punto,,senza-edificio,Abitazione,Via Giuseppe Bennici 11
900254,punto,,senza-edificio,Abitazione,Via Giuseppe Bennici 11
900255,punto,,senza-edificio,Abitazione,Via Giuseppe Bennici 11
900256,punto,,senza-edificio,Abitazione,Via Giuseppe Bennici 11
900257,punto,,senza-edificio,Abitazione,Via Giuseppe Bennici 11
900258,punto,,senza-edificio,Abitazione,Via Giuseppe Bennici 11
900259,punto,,senza-edificio,Abitazione,Via Giuseppe Bennici 11
900260,punto,,senza-edificio,Abitazione,Via Miloro Santa 12
900261,punto,,senza-edificio,Abitazione,Via Giuseppe Bennici 11
900262,punto,,senza-edificio,Abitazione,Via Giuseppe Bennici 11
900263,punto,,senza-edificio,Abitazione,Via Giuseppe Bennici 11
900264,punto,,senza-edificio,Abitazione,Via Giuseppe Bennici 11
900265,punto,,senza-edificio,Abitazione,Via Giuseppe Bennici 11
900266,punto,,senza-edificio,Abitazione,Via Giuseppe Bennici 11
900267,punto,,senza-edificio,"Cantina, soffitta, rimessa, box, garage, posto auto aperto/scoperto,…",Via Giuseppe Bennici 11
900268,punto,,senza-edificio,"Cantina, soffitta, rimessa, box, garage, posto auto aperto/scoperto,…",Via Giuseppe Bennici 11
900269,punto,,senza-edificio,Abitazione,Via Giuseppe Bennici 13
900270,punto,,senza-edificio,"Cantina, soffitta, rimessa, box, garage, posto auto aperto/scoperto,…",Via Giuseppe Bennici 13
900271,punto,,senza-edificio,Abitazione,Via Giuseppe Bennici 13
900272,punto,,senza-edificio,Abitazione,Via Giuseppe Bennici 13
900273,punto,,senza-edificio,Abitazione,Via Giuseppe Bennici 13
900274,punto,,senza-edificio,Abitazione,Via Giuseppe Bennici 17
900275,punto,,senza-edificio,Abitazione,Via Giuseppe Bennici 17
900276,punto,,senza-edificio,Abitazione,Via Giuseppe Bennici 17
900277,punto,,senza-edificio,Abitazione,Via Giuseppe Bennici 17
900278,punto,,senza-edificio,Abitazione,Via Giuseppe Bennici 17
900279,punto,,senza-edificio,"Cantina, soffitta, rimessa, box, garage, posto auto aperto/scoperto,…",Via Giuseppe Bennici 17
900280,punto,,senza-edificio,"Cantina, soffitta, rimessa, box, garage, posto auto aperto/scoperto,…",Via Giuseppe Bennici 13
900281,punto,,senza-edificio,"Cantina, soffitta, rimessa, box, garage, posto auto aperto/scoperto,…",Via Giuseppe Bennici 17
900282,punto,,senza-edificio,Abitazione,Via Giuseppe Bennici 21
900283,punto,,senza-edificio,Abitazione,Via Giuseppe Bennici 21
900284,punto,,senza-edificio,Abitazione,Via Giuseppe Bennici 21
900285,punto,,senza-edificio,Abitazione,Via Giuseppe Bennici 21
900286,punto,,senza-edificio,Abitazione,Via Giuseppe Bennici 21
900287,punto,,senza-edificio,Abitazione,Via Giuseppe Bennici 21
900288,punto,,senza-edificio,"Cantina, soffitta, rimessa, box, garage, posto auto aperto/scoperto,…",Via Giuseppe Bennici 21
900289,punto,,senza-edificio,"Cantina, soffitta, rimessa, box, garage, posto auto aperto/scoperto,…",Via Giuseppe Bennici 21
900290,punto,,senza-edificio,"Cantina, soffitta, rimessa, box, garage, posto auto aperto/scoperto,…",Via Giuseppe Bennici 13
900291,punto,,senza-edificio,Abitazione,Via Giuseppe Bennici 19
900292,punto,,senza-edificio,Abitazione,Via Giuseppe Bennici 19
900293,punto,,senza-edificio,Abitazione,Via Giuseppe Bennici 19
900294,punto,,senza-edificio,Abitazione,Via Giuseppe Bennici 19
900295,punto,,senza-edificio,Abitazione,Via Giuseppe Bennici 19
900296,punto,,senza-edificio,Abitazione,Via Giuseppe Bennici 19
900297,punto,,senza-edificio,Abitazione,Via Giuseppe Bennici 19
900298,punto,,senza-edificio,Abitazione,Via Giuseppe Bennici 19
900299,punto,,senza-edificio,Abitazione,Via Giuseppe Bennici 19
900300,punto,,senza-edificio,"Cantina, soffitta, rimessa, box, garage, posto auto aperto/scoperto,…",Via Giuseppe Bennici 13
900301,punto,,senza-edificio,Abitazione,Via Giuseppe Bennici 19
900302,punto,,senza-edificio,Abitazione,Via Giuseppe Bennici 19
900303,punto,,senza-edificio,Abitazione,Via Giuseppe Bennici 19
900304,punto,,senza-edificio,Abitazione,Via Giuseppe Bennici 19
900305,punto,,senza-edificio,Abitazione,Via Giuseppe Bennici 19
900306,punto,,senza-edificio,"Cantina, soffitta, rimessa, box, garage, posto auto aperto/scoperto,…",Via Giuseppe Bennici 19
900307,punto,,senza-edificio,"Cantina, soffitta, rimessa, box, garage, posto auto aperto/scoperto,…",Via Giuseppe Bennici 19
900308,punto,,senza-edificio,Abitazione,Via Giuseppe Bennici 15
900309,punto,,senza-edificio,Abitazione,Via Giuseppe Bennici 15
900310,punto,,senza-edificio,"Cantina, soffitta, rimessa, box, garage, posto auto aperto/scoperto,…",Via Giuseppe Bennici 13
900311,punto,,senza-edificio,Abitazione,Via Giuseppe Bennici 15
900312,punto,,senza-edificio,Abitazione,Via Giuseppe Bennici 15
900313,punto,,senza-edificio,"Cantina, soffitta, rimessa, box, garage, posto auto aperto/scoperto,…",Via Giuseppe Bennici 15
900314,punto,,senza-edificio,"Cantina, soffitta, rimessa, box, garage, posto auto aperto/scoperto,…",Via Giuseppe Bennici 15
900315,punto,,senza-edificio,Abitazione,Via Giuseppe Bennici 15
900316,punto,,senza-edificio,Abitazione,Via Giuseppe Bennici 15
900317,punto,,senza-edificio,Abitazione,Via Giuseppe Bennici 15
900318,punto,,senza-edificio,Abitazione,Via Giuseppe Bennici 15
900319,punto,,senza-edificio,Abitazione,Via Giuseppe Bennici 15
900320,punto,,senza-edificio,Abitazione,Via Giuseppe Bennici 15
900321,punto,,senza-edificio,"Cantina, soffitta, rimessa, box, garage, posto auto aperto/scoperto,…",Via Giuseppe Bennici 13
900322,punto,,senza-edificio,Abitazione,Via Giuseppe Bennici 15
900323,punto,,senza-edificio,Abitazione,Via Giuseppe Bennici 15
900324,punto,,senza-edificio,Abitazione,Via Giuseppe Bennici 15
900325,punto,,senza-edificio,Abitazione,Via Giuseppe Bennici 15
900326,punto,,senza-edificio,Abitazione,Via Giuseppe Bennici 15
900327,punto,,senza-edificio,Abitazione,Via Giuseppe Bennici 15
900328,punto,,senza-edificio,Abitazione,Via Giuseppe Bennici 15
900329,punto,,senza-edificio,Abitazione,Via Giuseppe Bennici 15
900330,punto,,senza-edificio,Abitazione,Via Giuseppe Bennici 15
900331,punto,,senza-edificio,Abitazione,Via Giuseppe Bennici 15
900332,punto,,senza-edificio,"Cantina, soffitta, rimessa, box, garage, posto auto aperto/scoperto,…",Via Giuseppe Bennici 13
900333,punto,,senza-edificio,Abitazione,Via Giuseppe Bennici 15
900334,punto,,senza-edificio,Abitazione,Via Giuseppe Bennici 15
900335,punto,,senza-edificio,Abitazione,Via Giuseppe Bennici 15
900336,punto,,senza-edificio,Abitazione,Via Giuseppe Bennici 15
900337,punto,,senza-edificio,Abitazione,Via Giuseppe Bennici 15
900338,punto,,senza-edificio,Abitazione,Via Giuseppe Bennici 15
900339,punto,,senza-edificio,Abitazione,Via Giuseppe Bennici 15
900340,punto,,senza-edificio,Abitazione,Via Giuseppe Bennici 15
900341,punto,,senza-edificio,Abitazione,Via Giuseppe Bennici 15
900342,punto,,senza-edificio,Abitazione,Via Giuseppe Bennici 15
900343,punto,,senza-edificio,"Cantina, soffitta, rimessa, box, garage, posto auto aperto/scoperto,…",Via Giuseppe Bennici 13
900344,punto,,senza-edificio,Abitazione,Via Giuseppe Bennici 15
900345,punto,,senza-edificio,"Cantina, soffitta, rimessa, box, garage, posto auto aperto/scoperto,…",Via Giuseppe Bennici 15
900346,punto,,senza-edificio,Abitazione,Via Giuseppe Bennici 9
900347,punto,,senza-edificio,Abitazione,Via Giuseppe Bennici 9
900348,punto,,senza-edificio,Abitazione,Via Giuseppe Bennici 9
900349,punto,,senza-edificio,Abitazione,Via Giuseppe Bennici 9
900350,punto,,senza-edificio,Abitazione,Via Giuseppe Bennici 9
900351,punto,,senza-edificio,"Cantina, soffitta, rimessa, box, garage, posto auto aperto/scoperto,…",Via Giuseppe Bennici 9
900352,punto,,senza-edificio,"Cantina, soffitta, rimessa, box, garage, posto auto aperto/scoperto,…",Via Giuseppe Bennici 9
900353,punto,,senza-edificio,"Cantina, soffitta, rimessa, box, garage, posto auto aperto/scoperto,…",Via Giuseppe Bennici 13
900354,punto,,senza-edificio,"Cantina, soffitta, rimessa, box, garage, posto auto aperto/scoperto,…",Via Giuseppe Bennici 13
900355,punto,,senza-edificio,"Cantina, soffitta, rimessa, box, garage, posto auto aperto/scoperto,…",Via Giuseppe Bennici 13
900356,punto,,senza-edificio,"Cantina, soffitta, rimessa, box, garage, posto auto aperto/scoperto,…",Via Giuseppe Bennici 13
900357,punto,,senza-edificio,"Cantina, soffitta, rimessa, box, garage, posto auto aperto/scoperto,…",Via Giuseppe Bennici 13
900358,punto,,senza-edificio,"Cantina, soffitta, rimessa, box, garage, posto auto aperto/scoperto,…",Via Giuseppe Bennici 13
900359,punto,,senza-edificio,"Cantina, soffitta, rimessa, box, garage, posto auto aperto/scoperto,…",Via Giuseppe Bennici 13
900360,punto,,senza-edificio,"Cantina, soffitta, rimessa, box, garage, posto auto aperto/scoperto,…",Via Giuseppe Bennici 13
900361,punto,,senza-edificio,Abitazione,Via Miloro Santa 12
900362,punto,,senza-edificio,"Cantina, soffitta, rimessa, box, garage, posto auto aperto/scoperto,…",Via Giuseppe Bennici 13
900363,punto,,senza-edificio,"Cantina, soffitta, rimessa, box, garage, posto auto aperto/scoperto,…",Via Giuseppe Bennici 13
900364,punto,,senza-edificio,"Cantina, soffitta, rimessa, box, garage, posto auto aperto/scoperto,…",Via Giuseppe Bennici 13
900365,punto,,senza-edificio,"Cantina, soffitta, rimessa, box, garage, posto auto aperto/scoperto,…",Via Giuseppe Bennici 13
900366,punto,,senza-edificio,"Cantina, soffitta, rimessa, box, garage, posto auto aperto/scoperto,…",Via Giuseppe Bennici 13
900367,punto,,senza-edificio,"Cantina, soffitta, rimessa, box, garage, posto auto aperto/scoperto,…",Via Giuseppe Bennici 13
900368,punto,,senza-edificio,"Cantina, soffitta, rimessa, box, garage, posto auto aperto/scoperto,…",Via Giuseppe Bennici 13
900369,punto,,senza-edificio,"Cantina, soffitta, rimessa, box, garage, posto auto aperto/scoperto,…",Via Giuseppe Bennici 13
900370,punto,,senza-edificio,"Cantina, soffitta, rimessa, box, garage, posto auto aperto/scoperto,…",Via Giuseppe Bennici 13
900371,punto,,senza-edificio,"Cantina, soffitta, rimessa, box, garage, posto auto aperto/scoperto,…",Via Giuseppe Bennici 13
900372,punto,,senza-edificio,"Cantina, soffitta, rimessa, box, garage, posto auto aperto/scoperto,…",Via Giuseppe Bennici 13
900373,punto,,senza-edificio,"Cantina, soffitta, rimessa, box, garage, posto auto aperto/scoperto,…",Via Giuseppe Bennici 13
900374,punto,,senza-edificio,"Cantina, soffitta, rimessa, box, garage, posto auto aperto/scoperto,…",Via Giuseppe Bennici 13
900375,punto,,senza-edificio,"Cantina, soffitta, rimessa, box, garage, posto auto aperto/scoperto,…",Via Giuseppe Bennici 13
900376,punto,,senza-edificio,"Cantina, soffitta, rimessa, box, garage, posto auto aperto/scoperto,…",Via Giuseppe Bennici 13
900377,punto,,senza-edificio,"Cantina, soffitta, rimessa, box, garage, posto auto aperto/scoperto,…",Via Giuseppe Bennici 13
900378,punto,,senza-edificio,"Cantina, soffitta, rimessa, box, garage, posto auto aperto/scoperto,…",Via Giuseppe Bennici 13
900379,punto,,senza-edificio,"Cantina, soffitta, rimessa, box, garage, posto auto aperto/scoperto,…",Via Giuseppe Bennici 13
900380,punto,,senza-edificio,"Cantina, soffitta, rimessa, box, garage, posto auto aperto/scoperto,…",Via Giuseppe Bennici 13
900381,punto,,senza-edificio,"Cantina, soffitta, rimessa, box, garage, posto auto aperto/scoperto,…",Via Giuseppe Bennici 13
900382,punto,,senza-edificio,"Cantina, soffitta, rimessa, box, garage, posto auto aperto/scoperto,…",Via Giuseppe Bennici 13
900383,punto,,senza-edificio,Abitazione,Via Miloro Santa 12
900384,punto,,senza-edificio,"Cantina, soffitta, rimessa, box, garage, posto auto aperto/scoperto,…",Via Giuseppe Bennici 13
900385,punto,,senza-edificio,"Cantina, soffitta, rimessa, box, garage, posto auto aperto/scoperto,…",Via Giuseppe Bennici 13
900386,punto,,senza-edificio,"Cantina, soffitta, rimessa, box, garage, posto auto aperto/scoperto,…",Via Giuseppe Bennici 13
900387,punto,,senza-edificio,"Cantina, soffitta, rimessa, box, garage, posto auto aperto/scoperto,…",Via Giuseppe Bennici 13
900388,punto,,senza-edificio,"Cantina, soffitta, rimessa, box, garage, posto auto aperto/scoperto,…",Via Giuseppe Bennici 13
900389,punto,,senza-edificio,"Cantina, soffitta, rimessa, box, garage, posto auto aperto/scoperto,…",Via Giuseppe Bennici 13
900390,punto,,senza-edificio,"Cantina, soffitta, rimessa, box, garage, posto auto aperto/scoperto,…",Via Giuseppe Bennici 13
900391,punto,,senza-edificio,"Cantina, soffitta, rimessa, box, garage, posto auto aperto/scoperto,…",Via Giuseppe Bennici 13
900392,punto,,senza-edificio,"Cantina, soffitta, rimessa, box, garage, posto auto aperto/scoperto,…",Via Giuseppe Bennici 13
900393,punto,,senza-edificio,"Cantina, soffitta, rimessa, box, garage, posto auto aperto/scoperto,…",Via Giuseppe Bennici 13
900394,punto,,senza-edificio,Abitazione,Via Miloro Santa 12
900395,punto,,senza-edificio,"Cantina, soffitta, rimessa, box, garage, posto auto aperto/scoperto,…",Via Giuseppe Bennici 13
900396,punto,,senza-edificio,"Cantina, soffitta, rimessa, box, garage, posto auto aperto/scoperto,…",Via Giuseppe Bennici 13
900397,punto,,senza-edificio,"Cantina, soffitta, rimessa, box, garage, posto auto aperto/scoperto,…",Via Giuseppe Bennici 13
900398,punto,,senza-edificio,"Cantina, soffitta, rimessa, box, garage, posto auto aperto/scoperto,…",Via Giuseppe Bennici 13
900399,punto,,senza-edificio,"Cantina, soffitta, rimessa, box, garage, posto auto aperto/scoperto,…",Via Giuseppe Bennici 13
900400,punto,,senza-edificio,Abitazione,Via Messina Marine 17
900401,punto,,senza-edificio,Abitazione,Via Messina Marine 17
900402,punto,,senza-edificio,Abitazione,Via Miloro Santa 12
900403,punto,,senza-edificio,"Cantina, soffitta, rimessa, box, garage, posto auto aperto/scoperto,…",Via Messina Marine 17
900404,punto,,senza-edificio,Abitazione,Via Giuseppe Bennici 3
900405,punto,,senza-edificio,Abitazione,Via Giuseppe Bennici 3
900406,punto,,senza-edificio,Abitazione,Via Giuseppe Bennici 3
900407,punto,,senza-edificio,Abitazione,Via Giuseppe Bennici 3
900408,punto,,senza-edificio,Abitazione,Via Giuseppe Bennici 3
900409,punto,,senza-edificio,Abitazione,Via Giuseppe Bennici 3
900410,punto,,senza-edificio,Abitazione,Via Giuseppe Bennici 3
900411,punto,,senza-edificio,Abitazione,Via Giuseppe Bennici 3
900412,punto,,senza-edificio,Abitazione,Via Miloro Santa 12
900413,punto,,senza-edificio,Abitazione,Via Giuseppe Bennici 5
900414,punto,,senza-edificio,Abitazione,Via Giuseppe Bennici 5
900415,punto,,senza-edificio,Abitazione,Via Giuseppe Bennici 5
900416,punto,,senza-edificio,Abitazione,Via Giuseppe Bennici 5
900417,punto,,senza-edificio,Abitazione,Via Giuseppe Bennici 5
900418,punto,,senza-edificio,Abitazione,Via Giuseppe Bennici 5
900419,punto,,senza-edificio,Abitazione,Via Giuseppe Bennici 5
900420,punto,,senza-edificio,"Cantina, soffitta, rimessa, box, garage, posto auto aperto/scoperto,…",Via Giuseppe Bennici 13
900421,punto,,senza-edificio,Abitazione,Via Giuseppe Bennici 5
900422,punto,,senza-edificio,Abitazione,Via Giuseppe Bennici 5
900423,punto,,senza-edificio,Abitazione,Via Giuseppe Bennici 5
900424,punto,,senza-edificio,Abitazione,Via Giuseppe Bennici 5
900425,punto,,senza-edificio,Abitazione,Via Giuseppe Bennici 5
900426,punto,,senza-edificio,Abitazione,Via Giuseppe Bennici 5
900427,punto,,senza-edificio,Abitazione,Via Giuseppe Bennici 5
900428,edificio,104966,,Abitazione,Salita Mezzagno 21
900429,edificio,104965,,Abitazione,Salita Mezzagno 21
900430,edificio,41589,,Magazzino e locali di deposito,Viale Regione Siciliana Sud Est 5049
900431,edificio,41589,,Magazzino e locali di deposito,Viale Regione Siciliana Sud Est 5049
900432,edificio,41590,,Magazzino e locali di deposito,Viale Regione Siciliana Sud Est 5051
900433,edificio,41590,,Magazzino e locali di deposito,Viale Regione Siciliana Sud Est 5051
900434,edificio,41590,,Magazzino e locali di deposito,Viale Regione Siciliana Sud Est 5051
900437,edificio,51056,,Abitazione,Via Buonriposo 62
900439,edificio,105217,,Abitazione,VIA CONTE FEDERICO S.N.C.
900440,edificio,105217,,Abitazione,VIA CONTE FEDERICO S.N.C.
900441,edificio,105217,,Magazzino e locali di deposito,VIA CONTE FEDERICO S.N.C.
900442,edificio,105217,,Magazzino e locali di deposito,VIA CONTE FEDERICO S.N.C.
900443,edificio,39835,,Magazzino e locali di deposito,Via Guadagna 54
900444,edificio,35403,,Abitazione,Salita Mezzagno 19
900445,edificio,100960,,Magazzino e locali di deposito,Via Guadagna 49
900446,edificio,39280,,Abitazione,VIA BELMONTE CHIAVELLI S.N.C.
900447,edificio,39694,,Abitazione,Via Francesco Rivelo 9
900448,edificio,103567,,Abitazione,VIA DIXIT MICHELE S.N.C.
900449,edificio,56271,,"Cantina, soffitta, rimessa, box, garage, posto auto aperto/scoperto,…",Via Pietro Randazzo 4
900450,edificio,56271,,"Cantina, soffitta, rimessa, box, garage, posto auto aperto/scoperto,…",Via Pietro Randazzo 4
900451,edificio,56271,,"Cantina, soffitta, rimessa, box, garage, posto auto aperto/scoperto,…",Via Pietro Randazzo 4
900452,edificio,56271,,"Cantina, soffitta, rimessa, box, garage, posto auto aperto/scoperto,…",Via Pietro Randazzo 4
900453,edificio,43370,,"Cantina, soffitta, rimessa, box, garage, posto auto aperto/scoperto,…",Via Enrico Hassan 20
900454,edificio,58246,,Magazzino e locali di deposito,Via Luigi Galvani 20
900455,edificio,44175,,Magazzino e locali di deposito,Via Sperone 14
900456,edificio,44175,,"Cantina, soffitta, rimessa, box, garage, posto auto aperto/scoperto,…",Via Sperone 6
900457,edificio,44175,,"Cantina, soffitta, rimessa, box, garage, posto auto aperto/scoperto,…",Via Sperone 7
900458,edificio,42665,,Abitazione,Via Giuseppe Pianell 37
900459,edificio,42665,,Abitazione,Via Giuseppe Pianell 37
900460,edificio,58970,,Magazzino e locali di deposito,Via messina marine 429
900461,edificio,58970,,Magazzino e locali di deposito,Via messina marine 429
900462,edificio,58970,,Magazzino e locali di deposito,Via messina marine 429
900463,edificio,58970,,Magazzino e locali di deposito,Via messina marine 429
900464,edificio,52232,,Magazzino e locali di deposito,Corso dei Mille 177
900465,edificio,43766,,"Fabbricato per attività produttiva (industriale, artigianale o agricola)",PIAZZA TORRELUNGA 05-giu
900466,edificio,43766,,Magazzino e locali di deposito,Via Roma 174
900467,edificio,43766,,Magazzino e locali di deposito,Corso dei Mille 970
900468,edificio,43766,,Magazzino e locali di deposito,Corso dei Mille 970
900469,edificio,44175,,Abitazione,Piazza Achille Grandi 5
900470,edificio,44175,,Abitazione,Piazza Achille Grandi 5
900471,edificio,44175,,Abitazione,Piazza Achille Grandi 5
900472,edificio,44175,,Magazzino e locali di deposito,Piazza Achille Grandi 10
900473,edificio,44175,,Magazzino e locali di deposito,Piazza Achille Grandi 6
900474,edificio,44175,,Abitazione,Piazza Achille Grandi 5
900475,edificio,44175,,Abitazione,Piazza Achille Grandi 5
900476,edificio,44175,,Abitazione,Piazza Achille Grandi 5
900477,edificio,44175,,Abitazione,Piazza Achille Grandi 5
900478,edificio,44175,,Abitazione,Piazza Achille Grandi 5
900479,edificio,44175,,Abitazione,Piazza Achille Grandi 5
900480,edificio,44175,,Abitazione,Piazza Achille Grandi 5
900481,edificio,44175,,Abitazione,Piazza Achille Grandi 5
900482,edificio,44175,,Abitazione,Piazza Achille Grandi 5
900483,edificio,44175,,Abitazione,Piazza Achille Grandi 5
900484,edificio,44175,,Abitazione,Piazza Achille Grandi 5
900485,edificio,44175,,Abitazione,Piazza Achille Grandi 5
900486,edificio,44175,,Abitazione,Piazza Achille Grandi 5
900487,edificio,44175,,Abitazione,Piazza Achille Grandi 5
900488,edificio,58486,,Abitazione,Via Antonino Saetta 57
900489,edificio,58555,,Abitazione,Via la Ferla Buccheri Anna 16
900490,edificio,58934,,"Cantina, soffitta, rimessa, box, garage, posto auto aperto/scoperto,…",Via Albricci Alberigo Generale 44
900491,edificio,58934,,"Cantina, soffitta, rimessa, box, garage, posto auto aperto/scoperto,…",Via Albricci Alberigo Generale 44
900492,edificio,103689,,Abitazione,Via Sperone 7
900493,edificio,56232,,Abitazione,Via Antonio di Rudinì 24
900494,edificio,58857,,Abitazione,Via Messina Marine 315
900495,edificio,58740,,Abitazione,Largo Perri Enrico 1
900496,edificio,38226,,Abitazione,Via delle Grazie 76
900497,edificio,38226,,Abitazione,Via delle Grazie 76
900498,edificio,52236,,Magazzino e locali di deposito,Via Serraglio Vecchio 28
900499,edificio,59074,,Abitazione,Via Ponte di Mare 29
900500,edificio,58679,,Abitazione,Via Antonio Pigafetta 28
900501,edificio,58679,,Abitazione,Via Antonio Pigafetta 28
900502,edificio,58679,,Magazzino e locali di deposito,Via Antonio Pigafetta 26
900503,edificio,42824,,Magazzino e locali di deposito,Viale Amedeo d'Aosta 80
900504,edificio,52387,,Abitazione,Via Michele Cipolla 147
900505,edificio,52387,,Abitazione,Via Michele Cipolla 147
900506,edificio,52387,,Abitazione,Via Michele Cipolla 169
900507,edificio,52387,,Abitazione,Via Michele Cipolla 169
900508,edificio,52387,,Abitazione,Via Michele Cipolla 169
900509,edificio,52387,,Abitazione,Via Michele Cipolla 169
900510,edificio,52387,,Abitazione,Via Michele Cipolla 169
900511,edificio,52387,,Abitazione,Via Michele Cipolla 169
900512,edificio,52387,,Abitazione,Via Michele Cipolla 169
900513,edificio,52387,,Abitazione,Via Michele Cipolla 169
900514,edificio,52387,,Abitazione,Via Michele Cipolla 169
900515,edificio,52387,,Abitazione,Via Michele Cipolla 169
900516,edificio,52387,,Abitazione,Via Michele Cipolla 169
900517,edificio,52387,,Abitazione,Via Michele Cipolla 169
900518,edificio,52387,,Abitazione,Via Michele Cipolla 169
900519,edificio,52387,,Abitazione,Via Michele Cipolla 169
900520,edificio,52387,,Abitazione,Via Michele Cipolla 169
900521,edificio,52387,,Abitazione,Via Michele Cipolla 169
900522,edificio,52387,,Abitazione,Via Michele Cipolla 169
900523,edificio,52387,,Abitazione,Via Michele Cipolla 169
900524,edificio,52387,,Abitazione,Via Michele Cipolla 169
900525,edificio,52387,,Abitazione,Via Michele Cipolla 169
900526,edificio,52387,,Abitazione,Via Michele Cipolla 169
900527,edificio,52387,,Abitazione,Via Michele Cipolla 169
900528,edificio,52387,,Abitazione,Via Michele Cipolla 169
900529,edificio,52387,,Abitazione,Via Michele Cipolla 169
900530,edificio,52387,,Abitazione,Via Michele Cipolla 169
900531,edificio,43691,,Abitazione,Via Luigi Galvani 54
900532,edificio,58854,,Abitazione,Via Funaioli Gino 3
900533,edificio,58854,,Magazzino e locali di deposito,Via Funaioli Gino 3
900534,edificio,39741,,Abitazione,Via Guercio 17
900535,edificio,44241,,Abitazione,Via Mariano Stabile 32
900536,edificio,44241,,Abitazione,Via Mariano Stabile 32
900537,edificio,44241,,Abitazione,Via Mariano Stabile 32
900538,edificio,44241,,Abitazione,Via Mariano Stabile 32
900539,edificio,44241,,Abitazione,Via Mariano Smiriglio 32
900540,edificio,44241,,Abitazione,Via Mariano Stabile 32
900541,edificio,44241,,Abitazione,Via Mariano Stabile 32
900542,edificio,44241,,Abitazione,Via Mariano Stabile 32
900543,edificio,44241,,Abitazione,Via Mariano Stabile 32
900544,edificio,44241,,Abitazione,Via Mariano Stabile 32
900545,edificio,44241,,Abitazione,Via Mariano d'Amelio 21
900546,edificio,44241,,Abitazione,Via Mariano d'Amelio 21
900547,edificio,44241,,Abitazione,Via Mariano d'Amelio 21
900548,edificio,44241,,Abitazione,Via Mariano d'Amelio 21
900549,edificio,44241,,Abitazione,Via Mariano d'Amelio 21
900550,edificio,44241,,Abitazione,Via Mariano d'Amelio 21
900551,edificio,44241,,Abitazione,Via Mariano d'Amelio 21
900552,edificio,44241,,Abitazione,Via Mariano d'Amelio 21
900553,edificio,44241,,Abitazione,Via Mariano d'Amelio 21
900554,edificio,44241,,Abitazione,Via Mariano d'Amelio 21
900555,edificio,44241,,Abitazione,Via Mariano Stabile 17
900556,edificio,44241,,Abitazione,Via Mariano Stabile 17
900557,edificio,44241,,Abitazione,Via Mariano Accardo 19
900558,edificio,44241,,Abitazione,Via Mariano Accardo 19
900559,edificio,44241,,Abitazione,Via Mariano Accardo 19
900560,edificio,44241,,Abitazione,Via Mariano Accardo 19
900561,edificio,44241,,Abitazione,Via Mariano Accardo 19
900562,edificio,44241,,Abitazione,Via Mariano Accardo 19
900563,edificio,105285,,Abitazione,Corso dei Mille 751
900564,edificio,58380,,Abitazione,Via Giovanni Corrao 12
900565,edificio,58379,,Abitazione,Piazza Fratelli S.Anna 9
900566,edificio,58379,,Abitazione,Piazza Fratelli S.Anna 9
900567,edificio,58379,,Abitazione,Piazza Fratelli S.Anna 9
900568,edificio,58379,,"Cantina, soffitta, rimessa, box, garage, posto auto aperto/scoperto,…",Piazza Fratelli S.Anna 9
900569,edificio,58379,,Abitazione,Piazza Fratelli S.Anna 9
900570,edificio,58376,,Abitazione,Piazza Fratelli S.Anna 8
900571,edificio,58376,,Magazzino e locali di deposito,Piazza Fratelli S.Anna 6
900572,edificio,58376,,Abitazione,Via Enrico Fardella 2
900573,edificio,58277,,Magazzino e locali di deposito,VIA CANZIO STEFANO S.N.C.
900574,edificio,58277,,Abitazione,Piazzale Anita Garibaldi 6
900575,edificio,58277,,Abitazione,Piazzale Anita Garibaldi 7
900576,edificio,58277,,Abitazione,Piazzale Anita Garibaldi 7
900577,edificio,58277,,Abitazione,Piazzale Anita Garibaldi 7
900578,edificio,58277,,Abitazione,Piazzale Anita Garibaldi 8
900579,edificio,58277,,Abitazione,Piazzale Anita Garibaldi 8
900580,edificio,58277,,Abitazione,Piazzale Anita Garibaldi 8
900581,edificio,58277,,Abitazione,Piazzale Anita Garibaldi 8
900582,edificio,44241,,Abitazione,Via Mariano Stabile 22
900583,edificio,44241,,Abitazione,Via Mariano Stabile 22
900584,edificio,44241,,Abitazione,Via Mariano Stabile 22
900585,edificio,44241,,Abitazione,Via Mariano Bonincontro 22
900586,edificio,44241,,Abitazione,Via Mariano Stabile 24
900587,edificio,44241,,Abitazione,Via Mariano Stabile 24
900588,edificio,44241,,Abitazione,Via Mariano Stabile 24
900589,edificio,44241,,Abitazione,Via Mariano Stabile 24
900590,edificio,44241,,Abitazione,Via Mariano Stabile 24
900591,edificio,44241,,Abitazione,Via Mariano Stabile 24
900592,edificio,44241,,Abitazione,Via Mariano Stabile 24
900593,edificio,44241,,Abitazione,Via Mariano Stabile 24
900594,edificio,44241,,Abitazione,Via Mariano Stabile 24
900595,edificio,44241,,Abitazione,Via Mariano Stabile 24
900596,edificio,43587,,Abitazione,Via Federico Orsi Ferrari 83
900597,edificio,43587,,Abitazione,Via Federico Orsi Ferrari 83
900598,edificio,43587,,Abitazione,Via Federico Orsi Ferrari 83
900599,edificio,43587,,Abitazione,Via Federico Orsi Ferrari 81
900600,edificio,43587,,Abitazione,Via Federico Orsi Ferrari 83
900601,edificio,43587,,Abitazione,Via Federico Orsi Ferrari 81
900602,edificio,43587,,Abitazione,Via Federico Orsi Ferrari 83
900603,edificio,43370,,Abitazione,Via Enrico Hassan 20
900604,edificio,43370,,Abitazione,Via Enrico Hassan 20
900605,edificio,43370,,Abitazione,Via Enrico Hassan 20
900606,edificio,43370,,Abitazione,Via Enrico Hassan 20
900607,edificio,43370,,Abitazione,Via Enrico Hassan 20
900608,edificio,43370,,Abitazione,Via Enrico Hassan 20
900609,edificio,43370,,Abitazione,Via Enrico Hassan 20
900610,edificio,43370,,Abitazione,Via Enrico Hassan 20
900611,edificio,43370,,Abitazione,Via Enrico Hassan 20
900612,edificio,43370,,Abitazione,Via Enrico Hassan 20
900613,edificio,43370,,Abitazione,Via Enrico Hassan 20
900614,edificio,43370,,Abitazione,Via Enrico Hassan 20
900615,edificio,43370,,Abitazione,Via Enrico Hassan 20
900616,edificio,43370,,Abitazione,Via Enrico Hassan 20
900617,edificio,43370,,Abitazione,Via Enrico Hassan 20
900618,edificio,52214,,Abitazione,Corso dei Mille 205
900619,edificio,52214,,Abitazione,Corso dei Mille 205
900620,edificio,52214,,Abitazione,Corso dei Mille 205
900621,edificio,52214,,Abitazione,Corso dei Mille 205
900622,edificio,52214,,Abitazione,Corso dei Mille 205
900623,edificio,52214,,Ufficio strutturato ed assimilabili,Corso dei Mille 203
900624,edificio,52214,,Ufficio strutturato ed assimilabili,Corso dei Mille 205
900625,edificio,52214,,Ufficio strutturato ed assimilabili,Corso dei Mille 205
900626,edificio,52214,,Ufficio strutturato ed assimilabili,Corso dei Mille 203
900627,edificio,52214,,Abitazione,Corso dei Mille 205
900628,edificio,44241,,Abitazione,Via Mariano Smiriglio 26
900629,edificio,44241,,Abitazione,Via Mariano Smiriglio 26
900630,edificio,44241,,Abitazione,Via Mariano Smiriglio 26
900631,edificio,44241,,Abitazione,Via Mariano Smiriglio 26
900632,edificio,44241,,Abitazione,Via Mariano Smiriglio 26
900633,edificio,44241,,Abitazione,Via Mariano Smiriglio 26
900634,edificio,42848,,Abitazione,Via Monsignore Filippo Meli 3
900635,edificio,42848,,Abitazione,Via Monsignore Filippo Meli 5
900636,edificio,42848,,Abitazione,Via Monsignore Filippo Meli 5
900637,edificio,42848,,Abitazione,Via Monsignore Filippo Meli 5
900638,edificio,42848,,Abitazione,Via Monsignore Filippo Meli 5
900639,edificio,42848,,Abitazione,Via Monsignore Filippo Meli 5
900640,edificio,42952,,Abitazione,Via Luigi Galvani 35
900641,edificio,42952,,Abitazione,Via Luigi Galvani 35
900642,edificio,42952,,Abitazione,Via Luigi Galvani 35
900643,edificio,42952,,Abitazione,Via Luigi Galvani 35
900644,edificio,42952,,Abitazione,Via Luigi Galvani 35
900645,edificio,42952,,Abitazione,Via Luigi Galvani 35
900646,edificio,42952,,Abitazione,Via Luigi Galvani 35
900647,edificio,42952,,Abitazione,Via Luigi Galvani 35
900648,edificio,42952,,Abitazione,Via Luigi Galvani 35
900649,edificio,42952,,Abitazione,Via Luigi Galvani 35
900650,edificio,52408,,Magazzino e locali di deposito,Via Fedele Fortunato 31
900651,edificio,42911,,"Locale commerciale, negozio",Via Canonico Carella 7
900652,edificio,58326,,Abitazione,Via Maurizio Quadrio 7
900653,edificio,58326,,Abitazione,Via Maurizio Quadrio 7
900654,edificio,58326,,Abitazione,Via Maurizio Quadrio 1
900655,edificio,58326,,Abitazione,Via Maurizio Quadrio 1
900656,edificio,58326,,Abitazione,Via Maurizio Quadrio 1
900657,edificio,58326,,Abitazione,Via Maurizio Quadrio 7
900658,punto,,senza-edificio,Abitazione,Piazzale Anita Garibaldi 1
900659,punto,,senza-edificio,Abitazione,Piazzale Anita Garibaldi 3
900660,punto,,senza-edificio,Abitazione,Piazzale Anita Garibaldi 4
900661,edificio,58168,,Abitazione,Piazzale Enrico Cosenz 4
900662,edificio,58168,,Abitazione,Piazzale Enrico Cosenz 4
900663,edificio,58168,,Abitazione,Piazzale Enrico Cosenz 4
900664,edificio,58168,,Abitazione,Piazzale Enrico Cosenz 4
900665,edificio,58168,,Abitazione,Piazzale Enrico Cosenz 1
900666,edificio,58168,,Abitazione,Piazzale Enrico Cosenz 1
900667,edificio,42953,,Abitazione,Via Monsignore Filippo Meli 8
900668,edificio,42953,,Abitazione,Via Monsignore Filippo Meli 8
900669,edificio,42953,,Abitazione,Via Monsignore Filippo Meli 10
900670,edificio,42953,,Abitazione,Via Monsignore Filippo Meli 10
900671,edificio,42953,,Abitazione,Via Monsignore Filippo Meli 10
900672,edificio,42953,,Abitazione,Via Monsignore Filippo Meli 8
900673,edificio,42953,,Abitazione,Via Monsignore Filippo Meli 10
900674,edificio,42953,,Abitazione,Via Monsignore Filippo Meli 10
900675,edificio,58838,,Abitazione,Via Funaioli Gino 5
900676,edificio,58838,,Abitazione,Via Funaioli Gino 5
900677,edificio,58838,,Abitazione,Via Funaioli Gino 5
900678,edificio,58838,,Abitazione,Via Funaioli Gino 5
900679,edificio,58838,,Abitazione,Via Funaioli Gino 5
900680,edificio,58838,,Abitazione,Via Funaioli Gino 5
900681,edificio,44001,,Abitazione,Piazza Achille Grandi 26
900682,edificio,43587,,Abitazione,Via Federico Orsi Ferrari 87
900683,edificio,43587,,Abitazione,Via Federico Orsi Ferrari 85
900684,edificio,43587,,Abitazione,Via Federico Orsi Ferrari 85
900685,edificio,43587,,Abitazione,Via Federico Orsi Ferrari 87
900686,edificio,46930,,Abitazione,Via Immacolatella 342
900687,edificio,46930,,Abitazione,Via Immacolatella 342
900688,edificio,46930,,Abitazione,Via Immacolatella 342
900689,edificio,46930,,Abitazione,Via Immacolatella 342
900690,edificio,46930,,Abitazione,Via Immacolatella 342
900691,edificio,46930,,Abitazione,Via Immacolatella 342
900692,edificio,58216,,Abitazione,Corso dei Mille 532
900693,edificio,58216,,Abitazione,Corso dei Mille 532
900694,edificio,58216,,Abitazione,Corso dei Mille 532
900695,edificio,58216,,Abitazione,Corso dei Mille 530
900696,edificio,43483,,Abitazione,Corso dei Mille 893
900697,edificio,43483,,Abitazione,Corso dei Mille 893
900698,edificio,43483,,Abitazione,Corso dei Mille 893
900699,edificio,43483,,Abitazione,Corso dei Mille 893
900700,edificio,43483,,Abitazione,Corso dei Mille 893
900701,edificio,43483,,Abitazione,Corso dei Mille 893
900702,edificio,43483,,Abitazione,Corso dei Mille 893
900703,edificio,43483,,Abitazione,Corso dei Mille 893
900704,edificio,43483,,Abitazione,Corso dei Mille 893
900705,edificio,43483,,Abitazione,Corso dei Mille 893
900706,edificio,43483,,Abitazione,Corso dei Mille 893
900707,edificio,43771,,Abitazione,Corso dei Mille 974
900708,edificio,43771,,Abitazione,Corso dei Mille 974
900709,edificio,43771,,Abitazione,Corso dei Mille 974
900710,edificio,43771,,Abitazione,Corso dei Mille 974
900711,edificio,43771,,Abitazione,Corso dei Mille 974
900712,edificio,43771,,Abitazione,Corso dei Mille 974
900713,edificio,46935,,Abitazione,Via XXVII Maggio 6
900714,edificio,46935,,Abitazione,Via XXVII Maggio 6
900715,edificio,46935,,Abitazione,Via XXVII Maggio 6
900716,edificio,46935,,Abitazione,Via XXVII Maggio 6
900717,edificio,46935,,"Cantina, soffitta, rimessa, box, garage, posto auto aperto/scoperto,…",Via XXVII Maggio 8
900718,edificio,46935,,Abitazione,Via XXVII Maggio 6
900719,edificio,46935,,Abitazione,Via XXVII Maggio 6
900720,edificio,58312,,Abitazione,Via Mario Alberto 34
900721,edificio,58312,,Abitazione,Via Alberto Mario 34
900722,edificio,58312,,Abitazione,Via Mario Alberto 34
900723,edificio,46038,,Abitazione,Via Giuseppe d'Alì 18
900724,edificio,46038,,Abitazione,Via Giuseppe d'Alì 18
900725,edificio,46038,,Abitazione,Via Giuseppe d'Alì 18
900726,edificio,46038,,Abitazione,Via Giuseppe d'Alì 18
900727,edificio,46038,,Abitazione,Via Giuseppe d'Alì 18
900728,edificio,46038,,Abitazione,Via Giuseppe d'Alì 18
900729,edificio,46038,,"Cantina, soffitta, rimessa, box, garage, posto auto aperto/scoperto,…",Via Giuseppe d'Alì 18
900730,edificio,101572,,Abitazione,VIA PIANO DEL FICO 31
900731,edificio,46995,,Abitazione,Via Giannotta Nicolò 4
900732,edificio,102415,,Abitazione,Viale Papa Giovanni XXIII 25
900734,edificio,47784,,Magazzino e locali di deposito,Via Guglielmini 20
900735,edificio,47784,,Magazzino e locali di deposito,Via Guglielmini 20
900736,edificio,47784,,Magazzino e locali di deposito,Via Guglielmini 20
900737,edificio,58966,,Abitazione,Via Messina Marine 411
900738,edificio,58966,,Abitazione,Via Messina Marine 411
900739,edificio,58966,,"Cantina, soffitta, rimessa, box, garage, posto auto aperto/scoperto,…",Via Messina Marine 411
900742,edificio,46890,,Abitazione,Via Messina Marine 449
900743,edificio,47491,,Abitazione,Via Messina Marine 106
900744,edificio,47541,,Abitazione,Via Bertett Luigi Generale 108
900745,edificio,47541,,Abitazione,Via Bertett Luigi Generale 108
900746,edificio,47545,,Abitazione,Via Bertett Luigi Generale 116
900747,edificio,47545,,Abitazione,Via Bertett Luigi Generale 116
900748,edificio,47545,,Abitazione,Via Bertett Luigi Generale 116
900749,edificio,47545,,Abitazione,Via Bertett Luigi Generale 116
900750,edificio,48381,,Abitazione,Via Galletti 257
900751,edificio,48381,,Abitazione,Via Galletti 257
900752,edificio,48381,,Abitazione,Via Galletti 257
900753,edificio,47950,,Abitazione,Via Galletti 257
900754,edificio,47950,,Abitazione,Via Galletti 257
900755,edificio,47950,,Abitazione,Via Galletti 257
900756,edificio,47950,,Abitazione,Via Galletti 257
900757,edificio,47950,,Abitazione,Via Galletti 257
900758,edificio,43539,,Abitazione,Corso dei Mille 893
900759,edificio,43539,,Abitazione,Corso dei Mille 893
900760,edificio,43539,,Abitazione,Corso dei Mille 893
900761,edificio,43539,,Abitazione,Corso dei Mille 893
900762,edificio,43539,,Abitazione,Corso dei Mille 893
900763,edificio,43539,,Abitazione,Corso dei Mille 893
900764,edificio,43539,,Abitazione,Corso dei Mille 893
900765,edificio,43539,,Abitazione,Corso dei Mille 893
900766,edificio,43539,,Abitazione,Corso dei Mille 893
900767,edificio,43539,,Abitazione,Corso dei Mille 893
900768,edificio,43539,,Abitazione,Corso dei Mille 893
900769,edificio,43539,,Abitazione,Corso dei Mille 893
900770,edificio,43539,,Abitazione,Corso dei Mille 893
900771,edificio,43539,,Abitazione,Corso dei Mille 893
900772,edificio,43539,,Abitazione,Corso dei Mille 893
900773,edificio,42820,,Abitazione,Corso dei Mille 589
900774,edificio,43541,,Abitazione,Corso dei Mille 893
900775,edificio,43541,,Abitazione,Corso dei Mille 893
900776,edificio,43541,,Abitazione,Corso dei Mille 893
900777,edificio,43541,,Abitazione,Corso dei Mille 893
900778,edificio,43541,,Abitazione,Corso dei Mille 893
900781,edificio,108367,,Abitazione,Via Ciaculli 429
900782,edificio,108367,,Abitazione,Via Ciaculli 429
900784,edificio,101374,,Abitazione,Vicolo Colluzio a Croceverde 10
900785,edificio,101374,,Abitazione,Vicolo Colluzio a Croceverde 10
900786,edificio,103656,,Abitazione,VIA MOSTO ANTONIO S.N.C.
900788,edificio,105081,,Magazzino e locali di deposito,Vicolo Colluzio a Croceverde 29
900791,edificio,105081,,Abitazione,Vicolo Colluzio a Croceverde 29
900792,edificio,105081,,Magazzino e locali di deposito,Vicolo Colluzio a Croceverde 29
900794,edificio,105614,,Abitazione,Via Ciaculli 258
900795,edificio,105614,,Abitazione,Via Ciaculli 258
900796,edificio,105614,,Abitazione,Via Ciaculli 258
900797,edificio,45484,,Abitazione,Via Onofrio Tomaselli 37
900798,edificio,101895,,Abitazione,Via Ciaculli 258
900801,edificio,104954,,Magazzino e locali di deposito,Vicolo Colluzio a Croceverde 13
900802,edificio,104954,,Abitazione,Vicolo Colluzio a Croceverde 13
900803,edificio,104954,,Abitazione,Vicolo Colluzio a Croceverde 13
900804,edificio,44673,,Abitazione,Via Ciaculli 429
900808,edificio,58839,,Abitazione,Via Federico Orsi Ferrari 65
900809,edificio,100853,,Magazzino e locali di deposito,VIA SAMPOLO S.N.C.
900810,edificio,100853,,Magazzino e locali di deposito,CORTILE SAMPOLO S.N.C.
1047727,edificio,77210,,Magazzino e locali di deposito,Piazza Niscemi snc
1047728,edificio,77210,,Magazzino e locali di deposito,Piazza Niscemi snc
1047729,edificio,69980,,Abitazione,Viale del Fante snc
1047730,edificio,69980,,Abitazione,Viale del Fante snc
1047731,edificio,72155,,"Fabbricato per attività produttiva (industriale, artigianale o agricola)",Viale del Fante snc
1047732,edificio,72155,,Abitazione,Viale del Fante snc
1047734,edificio,70284,,Impianto sportivo,Viale del Fante snc
1047754,punto,,senza-edificio,Magazzino e locali di deposito,Viale del Fante snc
1063997,punto,,terreno,Parco/Villa Comunale/Giardino Pubblico,Viale Diana 1
2481414,punto,,terreno,Terreno urbano,VIA MONGIBELLO S.N.C.
2481415,punto,,terreno,Terreno agricolo,MONDELLO S.N.C.
2481417,punto,,terreno,Terreno urbano,Via Alessandro la Marmora 66
2481418,punto,,terreno,Terreno urbano,Via Alessandro la Marmora 66
2481419,punto,,terreno,Terreno urbano,Via Alessandro la Marmora 66
2481420,punto,,terreno,Parco/Villa Comunale/Giardino Pubblico,VIA SALINE S.N.C.
2481423,punto,,terreno,Terreno urbano,Via Dedalo 16
2481424,punto,,terreno,Terreno urbano,Via Zenone 7
2481425,punto,,terreno,Terreno urbano,Via Zenone 7
2481426,punto,,terreno,Terreno urbano,Via Zenone 7
2481427,punto,,terreno,Terreno urbano,Via Zenone 7
2481428,punto,,terreno,Terreno urbano,Via Zenone 7
2481429,punto,,terreno,Terreno urbano,Via Zenone 7
2481431,punto,,terreno,Terreno agricolo,Via Schillaci 33
2481433,punto,,terreno,Terreno urbano,Via Ammiraglio Cagni Umberto 61
2481434,punto,,terreno,Terreno urbano,Via Ammiraglio Cagni Umberto 61
2481435,punto,,terreno,Terreno urbano,Via Seneca 9
2481436,punto,,terreno,Terreno urbano,Via Calandra Pietro 12
2481437,punto,,terreno,Terreno urbano,Via Fabio Besta 32
2481438,punto,,terreno,Terreno urbano,Via Fabio Besta 32
2481439,punto,,terreno,Terreno urbano,Via Fabio Besta 32
2481441,punto,,terreno,Terreno urbano,VIA SPINA SANTA S.N.C.
2481443,punto,,terreno,Terreno urbano,Via Franz Joseph Kafka 19
2481445,punto,,terreno,Parco/Villa Comunale/Giardino Pubblico,Piazza rossi 28
2481446,punto,,terreno,Parco/Villa Comunale/Giardino Pubblico,Piazza rossi 28
2481448,punto,,terreno,Terreno urbano,VIA CALANDRA PIETRO S.N.C.
2481449,punto,,terreno,Terreno urbano,FONDO MATTALIANO S.N.C.
2481451,punto,,terreno,Terreno agricolo,VIA BESTA FABIO S.N.C.
2481452,punto,,terreno,Terreno agricolo,VIA BESTA FABIO S.N.C.
2481453,punto,,terreno,Terreno agricolo,VIA BESTA FABIO S.N.C.
2481454,punto,,terreno,Terreno agricolo,VIA BESTA FABIO S.N.C.
2481455,punto,,terreno,Terreno agricolo,Via de nicola enrico Sn
2481456,punto,,terreno,Terreno agricolo,VIA BESTA FABIO S.N.C.
2481459,punto,,terreno,Terreno urbano,VIA MARCHESE NICOLO' PENSABENE S.N.C.
2481461,punto,,terreno,Terreno urbano,Via Fabio Besta 37
2481463,punto,,terreno,Terreno urbano,VIA DEI FRISCALETTARI S.N.C.
2481465,punto,,terreno,Terreno urbano,Viale della Regione Siciliana Nord Ovest 9052
2481466,punto,,terreno,Terreno urbano,Via Monte Bianco 43
2481467,punto,,terreno,Terreno urbano,VIA CARROLL LEWIS S.N.C.
2481468,punto,,terreno,Terreno urbano,VIA CARROLL LEWIS S.N.C.
2481469,punto,,terreno,Terreno urbano,VIA LUOGHICELLI S.N.C.
2481470,punto,,terreno,Terreno urbano,Via Monte Bianco 43
2481471,punto,,terreno,Terreno urbano,Via Monte Bianco 43
2481473,punto,,terreno,Terreno urbano,Viale Strasburgo 191
2481474,punto,,terreno,Terreno agricolo,FONDO MORICI - SAN LORENZO S.N.C.
2481475,punto,,terreno,Parco/Villa Comunale/Giardino Pubblico,VIA LANZA DI SCALEA GIUSEPPE S.N.C.
2481477,punto,,terreno,Terreno urbano,Via Giardino della Concordia 14
2481478,punto,,terreno,Terreno urbano,VIA S.LORENZO S.N.C.
2481480,punto,,terreno,Parco/Villa Comunale/Giardino Pubblico,VIA LANZA DI SCALEA GIUSEPPE S.N.C.
2481481,punto,,terreno,Parco/Villa Comunale/Giardino Pubblico,VIA LANZA DI SCALEA GIUSEPPE S.N.C.
2481482,punto,,terreno,Parco/Villa Comunale/Giardino Pubblico,VIA LANZA DI SCALEA GIUSEPPE S.N.C.
2481483,punto,,terreno,Parco/Villa Comunale/Giardino Pubblico,VIA LANZA DI SCALEA GIUSEPPE S.N.C.
2481484,punto,,terreno,Terreno urbano,VIA CASCINO FRANCESCO PAOLO S.N.C.
2481486,punto,,terreno,Terreno agricolo,VIALE REGIONE SICILIANA N.O. S.N.C.
2481487,punto,,terreno,Terreno urbano,VIA LA MALFA UGO S.N.C.
2481489,punto,,terreno,Terreno agricolo,FONDO MORICI - SAN LORENZO S.N.C.
2481490,punto,,terreno,Terreno agricolo,Via San Lorenzo 269
2481491,punto,,terreno,Terreno urbano,Via Cruillas 199
2481493,punto,,terreno,Terreno urbano,VIA INSERRA S.N.C.
2481494,punto,,terreno,Terreno urbano,Via San Pietro 20
2481495,punto,,terreno,Terreno urbano,VIALE REGIONE SICILIANA N.O. S.N.C.
2481498,punto,,terreno,Terreno urbano,VIA FATTORI GIOVANNI S.N.C.
2481499,punto,,terreno,Terreno urbano,Viale Sandro Pertini 1468
2481500,punto,,terreno,Terreno urbano,Viale Sandro Pertini 1468
2481535,punto,,terreno,Terreno urbano,Via Giardino della Concordia 30
2481536,punto,,terreno,Terreno urbano,Via Giardino della Concordia 30
2481538,punto,,terreno,Terreno urbano,Via Giuseppe Carta 10
2481543,punto,,terreno,Terreno agricolo,VIA CASUZZE ALL'INSERRA S.N.C.
2481545,punto,,terreno,Terreno urbano,VIA ALDISIO SALVATORE S.N.C.
2481546,punto,,terreno,Terreno urbano,VIA ALDISIO SALVATORE S.N.C.
2481547,punto,,terreno,Terreno urbano,VIA ALDISIO SALVATORE S.N.C.
2481548,punto,,terreno,Terreno urbano,VIA ALDISIO SALVATORE S.N.C.
2481549,punto,,terreno,Terreno urbano,VIA ALDISIO SALVATORE S.N.C.
2481551,punto,,terreno,Terreno urbano,VIA ALDISIO SALVATORE S.N.C.
2481553,punto,,terreno,Terreno urbano,VIA ALDISIO SALVATORE S.N.C.
2481554,punto,,terreno,Terreno urbano,VIA ALDISIO SALVATORE S.N.C.
2481555,punto,,terreno,Terreno urbano,VIA ALDISIO SALVATORE S.N.C.
2481556,punto,,terreno,Terreno urbano,VIA ALDISIO SALVATORE S.N.C.
2481558,punto,,terreno,Terreno agricolo,VIA MACCIONELLO S.N.C.
2481559,punto,,terreno,Parco/Villa Comunale/Giardino Pubblico,Vicolo Pantelleria 67
2481560,punto,,terreno,Terreno agricolo,VIA INSERRA S.N.C.
2481561,punto,,terreno,Terreno agricolo,VIA TRABUCCO S.N.C.
2481562,punto,,terreno,Terreno agricolo,VIA TRABUCCO S.N.C.
2481564,punto,,terreno,Terreno urbano,Via Villa Rosato 28
2481566,punto,,terreno,Terreno agricolo,Viale della Regione Siciliana Nord Ovest 3616
2481568,punto,,terreno,Terreno agricolo,VIA GARCIA LORCA FEDERICO s.n.c.
2481569,punto,,terreno,Parco/Villa Comunale/Giardino Pubblico,PIAZZA NISCEMI S.N.C.
2481570,punto,,terreno,Parco/Villa Comunale/Giardino Pubblico,Via Gino Zappa 1
2481571,punto,,terreno,Terreno urbano,VIALE PERTINI SANDRO S.N.C.
2481572,punto,,terreno,Parco/Villa Comunale/Giardino Pubblico,VIALE PERTINI SANDRO S.N.C.
2481573,punto,,terreno,Terreno urbano,Via Epifanio Vincenzo 3
2481575,punto,,terreno,Terreno urbano,Via Filippo di Giovanni 88
2481576,punto,,terreno,Terreno urbano,Via Alberto Peratoner 15
2481578,punto,,terreno,Terreno urbano,VIA PATTI S.N.C.
2481581,punto,,terreno,Terreno urbano,MULATT. S. CROCE S.N.C.
2481582,punto,,terreno,Terreno urbano,VIA SALEMI S.N.C.
2481583,punto,,terreno,Terreno urbano,FONDO CHIANAZZO S.N.C.
2481584,punto,,terreno,Terreno urbano,Via Eleonora de Fonseca Pimentel 15
2481585,punto,,terreno,Terreno urbano,Viale della Regione Siciliana Nord Ovest 8160
2481586,punto,,terreno,Terreno urbano,Via Gaetano Falzone 24
2481588,punto,,terreno,Parco/Villa Comunale/Giardino Pubblico,Via Leonardo da Vinci 411
2481589,punto,,terreno,Terreno urbano,Via Uditore 14
2481594,punto,,terreno,Terreno urbano,VIA ACCARDO MARIANO S.N.C.
2481595,punto,,terreno,Terreno agricolo,ROTONDA VIA ORETO LATO MONTE S.N.C.
2481596,punto,,terreno,Terreno agricolo,ROTONDA VIA ORETO LATO MONTE S.N.C.
2481597,punto,,terreno,Terreno urbano,VIA MONTUORO RINALDO S.N.C.
2481601,punto,,terreno,Terreno urbano,VIA SERRADIFALCO S.N.C.
2481602,punto,,terreno,Terreno agricolo,Via Giuseppe Sciuti 30
2481603,punto,,terreno,Parco/Villa Comunale/Giardino Pubblico,VIA ATTINELLI SALVATORE S.N.C.
2481604,punto,,terreno,Terreno urbano,PIAZZALE JOHN LENNON S.N.C.
2481607,punto,,terreno,Terreno urbano,Via Emanuele Librino 27
2481608,punto,,terreno,Terreno urbano,Via Badia 289
2481609,punto,,terreno,Terreno urbano,Via Filippo Brunetto 27
2481612,punto,,terreno,Parco/Villa Comunale/Giardino Pubblico,PIAZZA UNITA' D'ITALIA S.N.C.
2481613,punto,,terreno,Parco/Villa Comunale/Giardino Pubblico,VIALE LAZIO S.N.C.
2481615,punto,,terreno,Parco/Villa Comunale/Giardino Pubblico,VIA DELL'AUTONOMIA SICILIANA S.N.C.
2481617,punto,,terreno,Parco/Villa Comunale/Giardino Pubblico,VIA DALLA CHIESA C. A. GEN. S.N.C.
2481618,punto,,terreno,Terreno urbano,Via Montepellegrino 1
2481619,punto,,terreno,Terreno urbano,LUNGOMARE COLOMBO CRISTOFORO S.N.C.
2481620,punto,,terreno,Parco/Villa Comunale/Giardino Pubblico,LUNGOMARE COLOMBO CRISTOFORO S.N.C.
2481624,punto,,terreno,Terreno agricolo,ARENELLA S.N.C.
2481625,punto,,terreno,Terreno agricolo,Via Castellana Bandiera 1
2481627,punto,,terreno,Terreno urbano,VIA MONTALBO S.N.C.
2481628,punto,,terreno,Terreno urbano,VIA MONTALBO S.N.C.
2481629,punto,,terreno,Terreno urbano,VIA MONTALBO S.N.C.
2481630,punto,,terreno,Terreno urbano,VIA MONTALBO S.N.C.
2481631,punto,,terreno,Terreno urbano,VIA MONTALBO S.N.C.
2481632,punto,,terreno,Terreno urbano,VIA MONTALBO S.N.C.
2481634,punto,,terreno,Terreno urbano,LUNGOMARE COLOMBO CRISTOFORO S.N.C.
2481635,punto,,terreno,Terreno urbano,VIA DI MARIA EUGENIO GEN. S.N.C.
2481638,punto,,terreno,Parco/Villa Comunale/Giardino Pubblico,Via della Libertà 107
2481639,punto,,terreno,Terreno urbano,Via Luparello 25
2481641,punto,,terreno,Terreno urbano,VIA VILLINI A S.ISIDORO S.N.C.
2481642,punto,,terreno,Terreno urbano,VIA VILLINI A S.ISIDORO S.N.C.
2481643,punto,,terreno,Terreno urbano,VIA VILLINI A S.ISIDORO S.N.C.
2481644,punto,,terreno,Terreno urbano,VIA VILLINI A S.ISIDORO S.N.C.
2481645,punto,,terreno,Terreno urbano,VIA VILLINI A S.ISIDORO S.N.C.
2481646,punto,,terreno,Terreno urbano,VIA VILLINI A S.ISIDORO S.N.C.
2481647,punto,,terreno,Terreno urbano,VIA S.ISIDORO S.N.C.
2481648,punto,,terreno,Terreno urbano,VIA ZISA S.N.C.
2481649,punto,,terreno,Terreno urbano,VIA GRASSI LIBERO S.N.C.
2481650,punto,,terreno,Terreno urbano,VIA NINA SICILIANA S.N.C.
2481652,punto,,terreno,Terreno urbano,VIALE MICHELANGELO S.N.C.
2481653,punto,,terreno,Terreno urbano,VIALE MICHELANGELO S.N.C.
2481654,punto,,terreno,Terreno urbano,Via Castellana 330
2481655,punto,,terreno,Terreno urbano,Via Castellana 330
2481656,punto,,terreno,Terreno urbano,Via Castellana 330
2481657,punto,,terreno,Terreno urbano,Via Castellana 330
2481659,punto,,terreno,Terreno urbano,VIA ALIA S.N.C.
2481660,punto,,terreno,Terreno urbano,VIA ALIA S.N.C.
2481661,punto,,terreno,Terreno urbano,VIA ALIA S.N.C.
2481662,punto,,terreno,Terreno urbano,VIA ALIA S.N.C.
2481663,punto,,terreno,Terreno urbano,VIA ALIA S.N.C.
2481664,punto,,terreno,Terreno urbano,Stradale Bellolampo 7300
2481665,punto,,terreno,Parco/Villa Comunale/Giardino Pubblico,VIALE MICHELANGELO S.N.C.
2481666,punto,,terreno,Terreno agricolo,VIA ALTARELLO S.N.C.
2481667,punto,,terreno,Terreno agricolo,PASSO DI RIGANO S.N.C.
2481669,punto,,terreno,Terreno agricolo,PASSO DI RIGANO S.N.C.
2481670,punto,,terreno,Terreno agricolo,PASSO DI RIGANO S.N.C.
2481671,punto,,terreno,Terreno agricolo,PASSO DI RIGANO S.N.C.
2481672,punto,,terreno,Terreno agricolo,PASSO DI RIGANO S.N.C.
2481673,punto,,terreno,Terreno agricolo,PASSO DI RIGANO S.N.C.
2481680,punto,,terreno,Terreno urbano,VIALE MICHELANGELO S.N.C.
2481681,punto,,terreno,Terreno urbano,VIALE MICHELANGELO S.N.C.
2481682,punto,,terreno,Terreno urbano,VIALE MICHELANGELO S.N.C.
2481683,punto,,terreno,Terreno urbano,VIALE MICHELANGELO S.N.C.
2481684,punto,,terreno,Terreno urbano,VIALE MICHELANGELO S.N.C.
2481685,punto,,terreno,Terreno urbano,VIALE MICHELANGELO S.N.C.
2481686,punto,,terreno,Terreno urbano,VIALE MICHELANGELO S.N.C.
2481687,punto,,terreno,Terreno urbano,VIALE MICHELANGELO S.N.C.
2481689,punto,,terreno,Parco/Villa Comunale/Giardino Pubblico,VIA SAVONAROLA GIROLAMO S.N.C.
2481690,punto,,terreno,Terreno urbano,VIA BEATO ANGELICO S.N.C.
2481691,punto,,terreno,Terreno urbano,VIA BEATO ANGELICO S.N.C.
2481692,punto,,terreno,Parco/Villa Comunale/Giardino Pubblico,UDITORE - PASSO DI RIGANO S.N.C.
2481695,punto,,terreno,Terreno urbano,VIA CASTELLUCCIO IDA S.N.C.
2481697,punto,,terreno,Terreno urbano,VIA ALIA S.N.C.
2481698,punto,,terreno,Terreno urbano,VIA ALIA S.N.C.
2481699,punto,,terreno,Terreno urbano,VIA ALIA S.N.C.
2481700,punto,,terreno,Terreno urbano,VIA ALIA S.N.C.
2481701,punto,,terreno,Terreno urbano,VIA ALIA S.N.C.
2481702,punto,,terreno,Terreno urbano,VIA ALIA S.N.C.
2481703,punto,,terreno,Terreno urbano,VIA ALIA S.N.C.
2481704,punto,,terreno,Terreno urbano,VIA ALIA S.N.C.
2481705,punto,,terreno,Terreno urbano,VIA ALIA S.N.C.
2481706,punto,,terreno,Terreno urbano,VIA ALIA S.N.C.
2481707,punto,,terreno,Terreno urbano,VIA ALIA S.N.C.
2481708,punto,,terreno,Terreno urbano,VIA ALIA S.N.C.
2481709,punto,,terreno,Terreno urbano,VIA ALIA S.N.C.
2481710,punto,,terreno,Terreno urbano,Via Giovanni del Porto 3
2481711,punto,,terreno,Terreno urbano,VIA ALIA S.N.C.
2481712,punto,,terreno,Terreno urbano,VIA ALIA S.N.C.
2481713,punto,,terreno,Terreno urbano,VIA ALIA S.N.C.
2481714,punto,,terreno,Terreno urbano,VIA ALIA S.N.C.
2481715,punto,,terreno,Terreno urbano,VIA BONAFEDE GIULIO S.N.C.
2481716,punto,,terreno,Terreno urbano,SCALA CARINI S.N.C.
2481717,punto,,terreno,Terreno urbano,SCALA CARINI S.N.C.
2481719,punto,,terreno,Terreno urbano,Via Politi Raffaello 6
2481720,punto,,terreno,Terreno urbano,Via Vincenzo Barbera 13
2481721,punto,,terreno,Terreno urbano,Via Vincenzo Barbera 13
2481722,punto,,terreno,Terreno urbano,Via Micciulla 30
2481723,punto,,terreno,Terreno urbano,Via Micciulla 30
2481724,punto,,terreno,Terreno urbano,VIA BELLOLAMPO S.N.C.
2481726,punto,,terreno,Terreno urbano,Via Rosina Anselmi 19
2481727,punto,,terreno,Terreno urbano,Via Rosina Anselmi 19
2481728,punto,,terreno,Terreno urbano,Via Rosina Anselmi 19
2481730,punto,,terreno,Terreno urbano,Via Mura di San Vito 9
2481734,punto,,terreno,Terreno agricolo,VIA GIBILROSSA S.N.C.
2481737,punto,,terreno,Terreno urbano,Via dello Spirito Santo a Monte Pietà 35
2481738,punto,,terreno,Terreno urbano,Corso A. Amedeo 48
2481742,punto,,terreno,Parco/Villa Comunale/Giardino Pubblico,VIA VITTORIO EMANUELE S.N.C.
2481745,punto,,terreno,Terreno agricolo,VIA IMMACOLATELLA S.N.C.
2481747,punto,,terreno,Terreno urbano,Via Molara 160
2481748,punto,,terreno,Terreno urbano,Via Saitta Longhi 108
2481753,punto,,terreno,Terreno urbano,Via Aquino Molara 21A
2481754,punto,,terreno,Terreno urbano,VIA PARUTA FILIPPO S.N.C.
2481755,punto,,terreno,Terreno urbano,Via Aquino Molara 29
2481756,punto,,terreno,Terreno urbano,Via Molara 133
2481757,punto,,terreno,Terreno urbano,Via Molara 133
2481758,punto,,terreno,Terreno urbano,Via Molara 133
2481760,punto,,terreno,Terreno urbano,CORTILE PAGLIARELLI S.N.C.
2481761,punto,,terreno,Terreno urbano,Via Palmerino 29
2481762,punto,,terreno,Terreno urbano,Via Altofonte 96
2481764,punto,,terreno,Terreno urbano,Strada Vicinale Badame 56
2481766,punto,,terreno,Terreno urbano,STR.VIC. BADAME S.N.C.
2481767,punto,,terreno,Terreno urbano,STR.VIC. BADAME S.N.C.
2481768,punto,,terreno,Terreno urbano,STR.VIC. BADAME S.N.C.
2481769,punto,,terreno,Terreno urbano,STR.VIC. BADAME S.N.C.
2481770,punto,,terreno,Terreno urbano,STR.VIC. BADAME S.N.C.
2481771,punto,,terreno,Terreno urbano,STR.VIC. BADAME S.N.C.
2481772,punto,,terreno,Terreno urbano,STR.VIC. BADAME S.N.C.
2481773,punto,,terreno,Terreno urbano,STR.VIC. BADAME S.N.C.
2481774,punto,,terreno,Terreno urbano,STR.VIC. BADAME S.N.C.
2481775,punto,,terreno,Terreno urbano,STR.VIC. BADAME S.N.C.
2481776,punto,,terreno,Terreno urbano,Via Palmerino 69
2481777,punto,,terreno,Parco/Villa Comunale/Giardino Pubblico,VIA BASILE ERNESTO S.N.C.
2481778,punto,,terreno,Terreno urbano,VIA CRISAFULLI ELIA S.N.C.
2481779,punto,,terreno,Terreno urbano,Via Gustavo Roccella 277
2481780,punto,,terreno,Terreno urbano,Via Gustavo Roccella 277
2481781,punto,,terreno,Terreno urbano,Via Gustavo Roccella 277
2481782,punto,,terreno,Terreno urbano,Via Gustavo Roccella 277
2481787,punto,,terreno,Terreno agricolo,VIA VALENZA S.N.C.
2481788,punto,,terreno,Terreno urbano,VIA MULINI STARRABBA S.N.C.
2481789,punto,,terreno,Terreno urbano,VIA MULINI STARRABBA S.N.C.
2481790,punto,,terreno,Terreno urbano,VIA MULINI STARRABBA S.N.C.
2481791,punto,,terreno,Terreno urbano,VIA MULINI STARRABBA S.N.C.
2481792,punto,,terreno,Terreno urbano,VIA MULINI STARRABBA S.N.C.
2481793,punto,,terreno,Terreno urbano,VIA MULINI STARRABBA S.N.C.
2481794,punto,,terreno,Terreno agricolo,VIA AGNETTA S.N.C.
2481795,punto,,terreno,Terreno urbano,VIA SAMBUCIA S.N.C.
2481796,punto,,terreno,Terreno urbano,Via San Francesco di Sales 37
2481798,punto,,terreno,Terreno agricolo,FONDO COSTA S.N.C.
2481799,punto,,terreno,Terreno urbano,Via V.53 7
2481800,punto,,terreno,Terreno urbano,Via V.53 7
2481802,punto,,terreno,Terreno urbano,Via V.53 7
2481803,punto,,terreno,Terreno urbano,Via V.53 7
2481810,punto,,terreno,Terreno urbano,VIA V.53 S.N.C.
2481812,punto,,terreno,Terreno agricolo,VIA URZI' SARO 9
2481813,punto,,terreno,Terreno urbano,VIA URZI' SARO 9
2481817,punto,,terreno,Terreno urbano,Via Sambucia 29
2481818,punto,,terreno,Terreno urbano,Via Sambucia 29
2481819,punto,,terreno,Terreno urbano,Via Sambucia 29
2481820,punto,,terreno,Terreno urbano,Via Sambucia 49
2481821,punto,,terreno,Terreno urbano,Via Ponte Corleone Tolentino 2
2481822,punto,,terreno,Terreno urbano,Via Ponte Corleone Tolentino 2
2481823,punto,,terreno,Terreno urbano,Via San Bernardo da Corleone 169
2481824,punto,,terreno,Terreno urbano,Via San Bernardo da Corleone 169
2481825,punto,,terreno,Terreno urbano,Via Angela Lattanzi Daneu 50
2481827,punto,,terreno,Terreno urbano,Via Casuzze 4
2481828,punto,,terreno,Parco/Villa Comunale/Giardino Pubblico,Via dell'Ermellino 39
2481829,punto,,terreno,Parco/Villa Comunale/Giardino Pubblico,VIA DELLA GIRAFFA S.N.C.
2481835,punto,,terreno,Terreno urbano,Via Casuzze 4
2481836,punto,,terreno,Terreno urbano,Via Casuzze 4
2481839,punto,,terreno,Terreno urbano,Vicolo Graffeo 13
2481840,punto,,terreno,Terreno urbano,Vicolo Graffeo 6
2481841,punto,,terreno,Parco/Villa Comunale/Giardino Pubblico,Via Villagrazia 302
2481842,punto,,terreno,Terreno urbano,VIA FALSOMIELE S.N.C.
2481845,punto,,terreno,Terreno urbano,Via Ciaculli 246
2481847,punto,,terreno,Terreno urbano,VIA S.MARIA DI GESU' S.N.C.
2481848,punto,,terreno,Terreno urbano,VIA S.MARIA DI GESU' S.N.C.
2481849,punto,,terreno,Terreno urbano,VIA S.MARIA DI GESU' S.N.C.
2481852,punto,,terreno,Terreno urbano,Via Falsomiele 77
2481854,punto,,terreno,Parco/Villa Comunale/Giardino Pubblico,ROTONDA ZARCONE NORMAN S.N.C.
2481855,punto,,terreno,Parco/Villa Comunale/Giardino Pubblico,ROTONDA ZARCONE NORMAN S.N.C.
2481856,punto,,terreno,Parco/Villa Comunale/Giardino Pubblico,ROTONDA ZARCONE NORMAN S.N.C.
2481857,punto,,terreno,Terreno urbano,Via Gibilrossa 26
2481858,punto,,terreno,Terreno urbano,Via Gibilrossa 26
2481859,punto,,terreno,Terreno urbano,Via Gibilrossa 26
2481860,punto,,terreno,Terreno urbano,Via Falsomiele 15
2481861,punto,,terreno,Terreno urbano,Via Falsomiele 15
2481862,punto,,terreno,Terreno urbano,Via Falsomiele 15
2481863,punto,,terreno,Terreno urbano,Via Falsomiele 15
2481866,punto,,terreno,Terreno urbano,VIA FALSOMIELE S.N.C.
2481867,punto,,terreno,Terreno urbano,VIA FALSOMIELE S.N.C.
2481869,punto,,terreno,Terreno urbano,Via Villagrazia 315
2481870,punto,,terreno,Terreno urbano,FONDO MAGLIOCCO - FALSOMIELE S.N.C.
2481871,punto,,terreno,Terreno agricolo,Via Papa Giovanni XXIII 25
2481872,punto,,terreno,Terreno agricolo,Via Papa Giovanni XXIII 25
2481873,punto,,terreno,Terreno agricolo,FONDO CHIARANDA' - FALSOMIELE S.N.C.
2481874,punto,,terreno,Terreno agricolo,BRANCACCIO CIACULLI S.N.C.
2481875,punto,,terreno,Terreno agricolo,CONTRADA CIACULLI S.N.C.
2481876,punto,,terreno,Terreno agricolo,CONTRADA CIACULLI S.N.C.
2481877,punto,,terreno,Terreno agricolo,CONTRADA CIACULLI S.N.C.
2481878,punto,,terreno,Terreno agricolo,CONTRADA CIACULLI S.N.C.
2481879,punto,,terreno,Terreno agricolo,CONTRADA CIACULLI S.N.C.
2481880,punto,,terreno,Terreno agricolo,CONTRADA ZITO RAPALLO CIACULLI S.N.C.
2481881,punto,,terreno,Terreno agricolo,VIA CIACULLI S.N.C.
2481882,punto,,terreno,Terreno agricolo,VIA CIACULLI S.N.C.
2481883,punto,,terreno,Terreno agricolo,VILLAGRAZIA S.N.C.
2481884,punto,,terreno,Terreno agricolo,VILLAGRAZIA S.N.C.
2481885,punto,,terreno,Terreno urbano,VIA GRAMSCI ANTONIO S.N.C.
2481886,punto,,terreno,Terreno urbano,Via Brasca 6
2481887,punto,,terreno,Terreno agricolo,Via Brasca 6
2481888,punto,,terreno,Terreno urbano,FONDO ZAPPULLA - VILLAGRAZIA S.N.C.
2481889,punto,,terreno,Terreno urbano,FONDO ZAPPULLA - VILLAGRAZIA S.N.C.
2481890,punto,,terreno,Terreno urbano,Via Falsomiele 140
2481892,punto,,terreno,Terreno agricolo,CONTRADA CIACULLI S.N.C.
2481893,punto,,terreno,Terreno agricolo,CONTRADA FALSOMIELE S.N.C.
2481894,punto,,terreno,Terreno urbano,VIA FALSOMIELE S.N.C.
2481895,punto,,terreno,Parco/Villa Comunale/Giardino Pubblico,CONTRADA ZITO RAPALLO CIACULLI S.N.C.
2481896,punto,,terreno,Parco/Villa Comunale/Giardino Pubblico,CONTRADA ZITO RAPALLO CIACULLI S.N.C.
2481907,punto,,terreno,Terreno urbano,VIA TOMASELLI ONOFRIO S.N.C.
2481908,punto,,terreno,Terreno urbano,VIA TOMASELLI ONOFRIO S.N.C.
2481911,punto,,terreno,Terreno urbano,Via Falsomiele 140
2481916,punto,,terreno,Terreno urbano,Via Vittorio Corona 32
2481917,punto,,terreno,Terreno urbano,Via Belmonte Chiavelli 164
2481918,punto,,terreno,Terreno urbano,Via Belmonte Chiavelli 164
2481919,punto,,terreno,Terreno urbano,Via Belmonte Chiavelli 164
2481920,punto,,terreno,Terreno urbano,Via Belmonte Chiavelli 164
2481921,punto,,terreno,Terreno urbano,Via Belmonte Chiavelli 164
2481922,punto,,terreno,Terreno urbano,Via Belmonte Chiavelli 164
2481923,punto,,terreno,Terreno urbano,Via Falsomiele 77
2481924,punto,,terreno,Terreno urbano,Via Falsomiele 77
2481925,punto,,terreno,Terreno urbano,Via Falsomiele 77
2481927,punto,,terreno,Terreno urbano,Via Falsomiele 77
2481928,punto,,terreno,Terreno urbano,Via Falsomiele 77
2481929,punto,,terreno,Terreno urbano,Via Falsomiele 77
2481931,punto,,terreno,Terreno urbano,Via Santa Maria di Gesù 258
2481932,punto,,terreno,Terreno urbano,Via Santa Maria di Gesù 258
2481934,punto,,terreno,Terreno urbano,Via Santa Maria di Gesù 258
2481935,punto,,terreno,Terreno urbano,Via Santa Maria di Gesù 258
2481936,punto,,terreno,Terreno urbano,Via Santa Maria di Gesù 258
2481937,punto,,terreno,Terreno urbano,Via Santa Maria di Gesù 258
2481938,punto,,terreno,Terreno urbano,Via Santa Maria di Gesù 258
2481939,punto,,terreno,Terreno urbano,Via Santa Maria di Gesù 258
2481940,punto,,terreno,Terreno urbano,Via Santa Maria di Gesù 258
2481941,punto,,terreno,Terreno urbano,Salita Mezzagno 19
2481942,punto,,terreno,Terreno urbano,VIA DEL RIO GIACOMO S.N.C.
2481945,punto,,terreno,Terreno urbano,Via Falsomiele 140
2481947,punto,,terreno,Terreno urbano,Via Fichidindia 45
2481948,punto,,terreno,Terreno urbano,Salita Mezzagno 21
2481949,punto,,terreno,Terreno urbano,Salita Mezzagno 21
2481950,punto,,terreno,Terreno urbano,Via Falsomiele 77
2481951,punto,,terreno,Terreno urbano,Via Falsomiele 77
2481952,punto,,terreno,Terreno urbano,Via Giulio Tenaglia 47
2481953,punto,,terreno,Terreno urbano,Via Falsomiele 77
2481954,punto,,terreno,Terreno urbano,Via Falsomiele 77
2481955,punto,,terreno,Terreno urbano,Via Falsomiele 77
2481956,punto,,terreno,Terreno urbano,Cortile Chiavelli 51
2481957,punto,,terreno,Terreno urbano,Cortile Chiavelli 51
2481958,punto,,terreno,Terreno urbano,Via Michele Dixit 6
2481959,punto,,terreno,Terreno urbano,Via Belmonte Chiavelli 164
2481960,punto,,terreno,Terreno urbano,Via Giulio Tenaglia 47
2481961,punto,,terreno,Terreno urbano,Via Giulio Tenaglia 47
2481962,punto,,terreno,Terreno urbano,Via Giulio Tenaglia 47
2481963,punto,,terreno,Terreno urbano,Via Giulio Tenaglia 47
2481964,punto,,terreno,Terreno urbano,VIA BELMONTE CHIAVELLI S.N.C.
2481965,punto,,terreno,Terreno urbano,Viale Regione Siciliana Sud Est 5075
2481966,punto,,terreno,Terreno urbano,Viale Regione Siciliana 5071
2481967,punto,,terreno,Terreno urbano,Viale Regione Siciliana 5071
2481968,punto,,terreno,Terreno urbano,Viale Regione Siciliana Sud Est 5075
2481971,punto,,terreno,Terreno urbano,BAGLIO S.ZITA S.N.C.
2481973,punto,,terreno,Terreno urbano,Via Papa Giovanni XXIII 25
2481974,punto,,terreno,Terreno urbano,VIALE DEI PICCIOTTI S.N.C.
2481975,punto,,terreno,Terreno urbano,VIALE DEI PICCIOTTI S.N.C.
2481976,punto,,terreno,Terreno agricolo,VIA LI PUMA EPIFANIO S.N.C.
2481979,punto,,terreno,Terreno agricolo,VIA LI PUMA EPIFANIO S.N.C.
2481980,punto,,terreno,Terreno urbano,VICOLO GUARNASCHELLI S.N.C.
2481981,punto,,terreno,Terreno urbano,VICOLO GUARNASCHELLI S.N.C.
2481982,punto,,terreno,Terreno urbano,VICOLO GUARNASCHELLI S.N.C.
2481986,punto,,terreno,Terreno agricolo,CONTRADA FAVARA S.N.C.
2481987,punto,,terreno,Terreno agricolo,VIA B.C.23 S.N.C.
2481988,punto,,terreno,Terreno agricolo,VIA B.C.23 S.N.C.
2481989,punto,,terreno,Terreno agricolo,VIA MESSINA MONTAGNE S.N.C.
2481990,punto,,terreno,Terreno agricolo,VIA MESSINA MONTAGNE S.N.C.
2481991,punto,,terreno,Terreno agricolo,VIA B.C.23 S.N.C.
2481993,punto,,terreno,Terreno agricolo,VIA VALDAURA S.N.C.
2481994,punto,,terreno,Terreno agricolo,VIA MESSINA MONTAGNE S.N.C.
2481995,punto,,terreno,Terreno urbano,VIA MESSINA MONTAGNE S.N.C.
2481996,punto,,terreno,Terreno agricolo,CROCEVERDE GIARDINI S.N.C.
2481997,punto,,terreno,Terreno urbano,Via Luigi Natoli 10
2481999,punto,,terreno,Terreno urbano,VIA MESSINA MARINE S.N.C.
2482001,punto,,terreno,Terreno urbano,CORSO DEI MILLE S.N.C.
2482002,punto,,terreno,Terreno agricolo,VIA MESSINA MONTAGNE S.N.C.
2482004,punto,,terreno,Terreno agricolo,VIA B.C.23 S.N.C.
2482005,punto,,terreno,Terreno urbano,Via Messina Montagne 9
2482006,punto,,terreno,Terreno urbano,Via messina marine 600
2482007,punto,,terreno,Terreno urbano,VIA LAUDICINA ANTONINO S.N.C.
2482008,punto,,terreno,Terreno agricolo,VIA MONTMASSON ROSALIA 30
2482009,punto,,terreno,Terreno urbano,Via Conte Federico 273
2482010,punto,,terreno,Terreno urbano,Via Ciaculli 413
2482012,punto,,terreno,Terreno urbano,Corso dei Mille 1541
2482014,punto,,terreno,Terreno urbano,Via Sferracavallo 26
2482015,punto,,terreno,Terreno urbano,Via Sferracavallo 26
2482016,punto,,terreno,Terreno urbano,Via Cesare Terranova 81
2482017,punto,,terreno,Terreno urbano,LUNGOMARE COLOMBO CRISTOFORO S.N.C.
2482018,punto,,terreno,Terreno urbano,LUNGOMARE COLOMBO CRISTOFORO S.N.C.
2482019,punto,,terreno,Terreno urbano,LUNGOMARE COLOMBO CRISTOFORO S.N.C.
2482020,punto,,terreno,Terreno urbano,LUNGOMARE COLOMBO CRISTOFORO S.N.C.
2482021,punto,,terreno,Terreno urbano,LUNGOMARE COLOMBO CRISTOFORO S.N.C.
2482023,punto,,terreno,Terreno urbano,LUNGOMARE COLOMBO CRISTOFORO S.N.C.
2482024,punto,,terreno,Terreno urbano,LUNGOMARE COLOMBO CRISTOFORO S.N.C.
2482025,punto,,terreno,Terreno urbano,LUNGOMARE COLOMBO CRISTOFORO S.N.C.
2482026,punto,,terreno,Terreno urbano,LUNGOMARE COLOMBO CRISTOFORO S.N.C.
2482027,punto,,terreno,Terreno urbano,LUNGOMARE COLOMBO CRISTOFORO S.N.C.
2482028,punto,,terreno,Terreno urbano,LUNGOMARE COLOMBO CRISTOFORO S.N.C.
2482029,punto,,terreno,Terreno urbano,LUNGOMARE COLOMBO CRISTOFORO S.N.C.
2482030,punto,,terreno,Terreno urbano,LUNGOMARE COLOMBO CRISTOFORO S.N.C.
2482032,punto,,terreno,Terreno urbano,VIA BARCARELLO S.N.C.
2482033,punto,,terreno,Terreno urbano,Salita Mezzagno 38
2482034,punto,,terreno,Terreno urbano,Via San Bernardo da Corleone 19
2482035,punto,,terreno,Terreno urbano,LUNGOMARE COLOMBO CRISTOFORO S.N.C.
2482036,punto,,terreno,Terreno urbano,LUNGOMARE COLOMBO CRISTOFORO S.N.C.
2482037,punto,,terreno,Terreno urbano,LUNGOMARE COLOMBO CRISTOFORO S.N.C.
2482038,punto,,terreno,Terreno urbano,LUNGOMARE COLOMBO CRISTOFORO S.N.C.
2482039,punto,,terreno,Terreno urbano,LUNGOMARE COLOMBO CRISTOFORO S.N.C.
2482041,punto,,terreno,Terreno urbano,LUNGOMARE COLOMBO CRISTOFORO S.N.C.
2482042,punto,,terreno,Terreno urbano,LUNGOMARE COLOMBO CRISTOFORO S.N.C.
2482043,punto,,terreno,Terreno urbano,LUNGOMARE COLOMBO CRISTOFORO S.N.C.
2482044,punto,,terreno,Terreno urbano,LUNGOMARE COLOMBO CRISTOFORO S.N.C.
2482045,punto,,terreno,Terreno urbano,LUNGOMARE COLOMBO CRISTOFORO S.N.C.
2482046,punto,,terreno,Terreno urbano,LUNGOMARE COLOMBO CRISTOFORO S.N.C.
2482047,punto,,terreno,Terreno urbano,LUNGOMARE COLOMBO CRISTOFORO S.N.C.
2482048,punto,,terreno,Terreno urbano,LUNGOMARE COLOMBO CRISTOFORO S.N.C.
2482049,punto,,terreno,Terreno urbano,LUNGOMARE COLOMBO CRISTOFORO S.N.C.
2482053,punto,,terreno,Terreno urbano,LUNGOMARE COLOMBO CRISTOFORO S.N.C.
2482054,punto,,terreno,Terreno urbano,LUNGOMARE COLOMBO CRISTOFORO S.N.C.
2482055,punto,,terreno,Terreno urbano,LUNGOMARE COLOMBO CRISTOFORO S.N.C.
2482058,punto,,terreno,Terreno urbano,LUNGOMARE COLOMBO CRISTOFORO S.N.C.
2482059,punto,,terreno,Terreno urbano,LUNGOMARE COLOMBO CRISTOFORO S.N.C.
2482060,punto,,terreno,Terreno urbano,LUNGOMARE COLOMBO CRISTOFORO S.N.C.
2482062,punto,,terreno,Terreno urbano,LUNGOMARE COLOMBO CRISTOFORO S.N.C.
2482063,punto,,terreno,Terreno urbano,LUNGOMARE COLOMBO CRISTOFORO S.N.C.
2482064,punto,,terreno,Terreno urbano,LUNGOMARE COLOMBO CRISTOFORO S.N.C.
2482065,punto,,terreno,Terreno urbano,LUNGOMARE COLOMBO CRISTOFORO S.N.C.
2482067,punto,,terreno,Terreno urbano,LUNGOMARE COLOMBO CRISTOFORO S.N.C.
2482068,punto,,terreno,Terreno urbano,LUNGOMARE COLOMBO CRISTOFORO S.N.C.
2482069,punto,,terreno,Terreno urbano,LUNGOMARE COLOMBO CRISTOFORO S.N.C.
2482072,punto,,terreno,Terreno urbano,LUNGOMARE COLOMBO CRISTOFORO S.N.C.
2482073,punto,,terreno,Terreno urbano,LUNGOMARE COLOMBO CRISTOFORO S.N.C.
2482074,punto,,terreno,Terreno urbano,LUNGOMARE COLOMBO CRISTOFORO S.N.C.
2482075,punto,,terreno,Terreno urbano,LUNGOMARE COLOMBO CRISTOFORO S.N.C.
2482076,punto,,terreno,Terreno urbano,LUNGOMARE COLOMBO CRISTOFORO S.N.C.
2502431,punto,,terreno,Parco/Villa Comunale/Giardino Pubblico,Viale del Fante snc
2502432,punto,,terreno,Parco/Villa Comunale/Giardino Pubblico,Viale del fante snc
2502433,punto,,terreno,Parco/Villa Comunale/Giardino Pubblico,Viale del Fante snc
2502434,punto,,terreno,Parco/Villa Comunale/Giardino Pubblico,Viale del Fante snc
2502435,punto,,terreno,Parco/Villa Comunale/Giardino Pubblico,Viale del Fante snc
2502436,punto,,terreno,Parco/Villa Comunale/Giardino Pubblico,Viale del Fante snc
2502437,punto,,terreno,Parco/Villa Comunale/Giardino Pubblico,Viale del Fante snc
2502445,punto,,terreno,Parco/Villa Comunale/Giardino Pubblico,Viale del Fante snc
2502446,punto,,terreno,Parco/Villa Comunale/Giardino Pubblico,Viale del Fante snc
2502447,punto,,terreno,Parco/Villa Comunale/Giardino Pubblico,Viale del Fante snc
2502448,punto,,terreno,Parco/Villa Comunale/Giardino Pubblico,Viale del Fante snc
2502449,punto,,terreno,Parco/Villa Comunale/Giardino Pubblico,Viale del Fante snc
2502450,punto,,terreno,Parco/Villa Comunale/Giardino Pubblico,Viale del Fante snc
2502452,punto,,terreno,Parco/Villa Comunale/Giardino Pubblico,Viale del Fante snc
2502453,punto,,terreno,Parco/Villa Comunale/Giardino Pubblico,Viale del Fante snc
2502454,punto,,terreno,Parco/Villa Comunale/Giardino Pubblico,Viale del Fante snc
2502455,punto,,terreno,Parco/Villa Comunale/Giardino Pubblico,Viale del Fante snc
2502457,punto,,terreno,Parco/Villa Comunale/Giardino Pubblico,Viale del Fante snc
2502458,punto,,terreno,Parco/Villa Comunale/Giardino Pubblico,Viale del Fante snc
2502459,punto,,terreno,Parco/Villa Comunale/Giardino Pubblico,Viale del Fante snc
2502460,punto,,terreno,Parco/Villa Comunale/Giardino Pubblico,Viale del Fante snc
2502461,punto,,terreno,Parco/Villa Comunale/Giardino Pubblico,Viale del Fante snc
2502462,punto,,terreno,Parco/Villa Comunale/Giardino Pubblico,Viale del Fante snc
2502463,punto,,terreno,Parco/Villa Comunale/Giardino Pubblico,Viale del Fante snc
2502464,punto,,terreno,Parco/Villa Comunale/Giardino Pubblico,Via Stella 2
2502465,punto,,terreno,Parco/Villa Comunale/Giardino Pubblico,Viale del Fante snc
2502466,punto,,terreno,Parco/Villa Comunale/Giardino Pubblico,Viale del Fante snc
2502467,punto,,terreno,Parco/Villa Comunale/Giardino Pubblico,Viale del Fante snc
2502469,punto,,terreno,Parco/Villa Comunale/Giardino Pubblico,Viale del Fante snc
2502470,punto,,terreno,Parco/Villa Comunale/Giardino Pubblico,Viale del Fante snc
2502471,punto,,terreno,Parco/Villa Comunale/Giardino Pubblico,Viale del fante snc
2502476,punto,,terreno,Parco/Villa Comunale/Giardino Pubblico,Viale del Fante snc
2502481,punto,,terreno,Parco/Villa Comunale/Giardino Pubblico,Viale del Fante snc
2502482,punto,,terreno,Parco/Villa Comunale/Giardino Pubblico,Viale del Fante snc
2502484,punto,,terreno,Parco/Villa Comunale/Giardino Pubblico,Viale del Fante snc
2502485,punto,,terreno,Parco/Villa Comunale/Giardino Pubblico,Viale del Fante snc
2502486,punto,,terreno,Parco/Villa Comunale/Giardino Pubblico,Viale del Fante snc
2502488,punto,,terreno,Parco/Villa Comunale/Giardino Pubblico,Viale del Fante snc
2502489,punto,,terreno,Parco/Villa Comunale/Giardino Pubblico,Viale del Fante snc
2502490,punto,,terreno,Parco/Villa Comunale/Giardino Pubblico,Viale del Fante snc
2502491,punto,,terreno,Parco/Villa Comunale/Giardino Pubblico,Viale del Fante snc
2502492,punto,,terreno,Parco/Villa Comunale/Giardino Pubblico,Viale del Fante snc
2502493,punto,,terreno,Parco/Villa Comunale/Giardino Pubblico,Viale del Fante snc
2502494,punto,,terreno,Parco/Villa Comunale/Giardino Pubblico,Viale del Fante snc
2502495,punto,,terreno,Parco/Villa Comunale/Giardino Pubblico,Viale del Fante snc
2502496,punto,,terreno,Parco/Villa Comunale/Giardino Pubblico,Viale del Fante snc
2502497,punto,,terreno,Parco/Villa Comunale/Giardino Pubblico,Viale del Fante snc
2502498,punto,,terreno,Parco/Villa Comunale/Giardino Pubblico,Viale del Fante snc
2502499,punto,,terreno,Parco/Villa Comunale/Giardino Pubblico,Viale del Fante snc
2502500,punto,,terreno,Parco/Villa Comunale/Giardino Pubblico,Viale del Fante snc
2502504,punto,,terreno,Parco/Villa Comunale/Giardino Pubblico,Viale del fante snc
2502506,punto,,terreno,Parco/Villa Comunale/Giardino Pubblico,Viale del fante snc
2537413,punto,,strada,Magazzino e locali di deposito,Via Papa Giovanni XXIII 25
2537414,edificio,109865,,Abitazione,Via messina marine 600
2537416,punto,,strada,Abitazione,VIA MONTMASSON ROSALIA 30
2537417,punto,,senza-edificio,Abitazione,Corso dei Mille 1664
2537418,punto,,senza-edificio,Abitazione,Corso dei Mille 1664
2537419,edificio,45041,,Abitazione,Via Ciaculli 246
2537420,punto,,senza-edificio,Abitazione,VIA PIANO DEL FICO 31
2537421,punto,,strada,Abitazione,Via Messina Marine 106
2537422,punto,,strada,Abitazione,CORSO DEI MILLE S.N.C.
2537423,punto,,strada,"Fabbricato per attività produttiva (industriale, artigianale o agricola)",VICOLO COLLUZIO A CROCEVERDE S.N.C.
2537424,edificio,58226,,Abitazione,Corso dei Mille 524
2537425,punto,,senza-edificio,Abitazione,Piazza Achille Grandi 26
2537426,punto,,senza-edificio,Abitazione,Piazza Achille Grandi 26
2537427,punto,,senza-edificio,Abitazione,Piazza Achille Grandi 26
2537428,punto,,senza-edificio,Abitazione,Piazza Achille Grandi 26
2537429,punto,,senza-edificio,Abitazione,Piazza Achille Grandi 26
2537430,edificio,58352,,"Edificio scolastico (es.: scuola di ogni ordine e grado, università, scuola di formazione)",Viale Amedeo d'Aosta 20
2537431,punto,,senza-edificio,"Edificio scolastico (es.: scuola di ogni ordine e grado, università, scuola di formazione)",Viale Amedeo d'Aosta 52
2537432,punto,,senza-edificio,Abitazione,Viale Amedeo d'Aosta 52
2537433,edificio,58293,,"Edificio scolastico (es.: scuola di ogni ordine e grado, università, scuola di formazione)",Via Statella Vincenzo 3
2537434,edificio,58293,,Abitazione,Via Statella Vincenzo 3
2537435,punto,,senza-edificio,"Ospedali, case di cura, cliniche e assimilabili",Via Tiro a Segno 4
2537436,punto,,strada,Magazzino e locali di deposito,Via Tiro a Segno 1
2537437,punto,,strada,Magazzino e locali di deposito,Via Tiro a Segno 1
2537438,punto,,strada,Magazzino e locali di deposito,Via Tiro a Segno 1
2537439,edificio,58465,,Magazzino e locali di deposito,Via Macello 1
2537440,edificio,58465,,Magazzino e locali di deposito,Via Macello 1
2537441,edificio,58465,,Magazzino e locali di deposito,Via Macello 1
2537525,edificio,59042,,Ufficio strutturato ed assimilabili,Via Tiro a Segno 64
2537526,edificio,59134,,Ufficio strutturato ed assimilabili,Via Tiro a Segno 62
2537527,punto,,strada,"Edificio scolastico (es.: scuola di ogni ordine e grado, università, scuola di formazione)",VIA INGRASSIA GIAN FILIPPO S.N.C.
2537528,edificio,56310,,Abitazione,Via Ingrassia Gian Filippo 33
2537529,edificio,107260,,"Edificio scolastico (es.: scuola di ogni ordine e grado, università, scuola di formazione)",Via Sperone 79
2537530,edificio,107260,,Abitazione,Via Sperone 79
2537531,punto,,strada,"Edificio scolastico (es.: scuola di ogni ordine e grado, università, scuola di formazione)",Via XXVII Maggio 62
2537532,edificio,43621,,"Cantina, soffitta, rimessa, box, garage, posto auto aperto/scoperto,…",Via Enrico Hassan 20
2537533,edificio,43621,,Parcheggio collettivo,Via Enrico Hassan 20
2537534,punto,,comune,Abitazione,Via Mario Alberto 34
2537535,edificio,101559,,"Edificio scolastico (es.: scuola di ogni ordine e grado, università, scuola di formazione)",Via Sant'Alberto degli Abati 12
2537536,punto,,strada,"Edificio scolastico (es.: scuola di ogni ordine e grado, università, scuola di formazione)",LARGO DI VITTORIO GIUSEPPE S.N.C.
2537537,punto,,strada,Abitazione,LARGO DI VITTORIO GIUSEPPE S.N.C.
2537538,edificio,58433,,Abitazione,Via Giuseppe Bennici 3
2537539,edificio,5432,,"Struttura residenziale collettiva (es.: collegi e convitti, educandati, ricoveri, orfanotrofi, ospizi, conventi, seminari)",Largo di Vittorio Giuseppe 9
2537540,punto,,senza-edificio,"Edificio scolastico (es.: scuola di ogni ordine e grado, università, scuola di formazione)",Via Pecori Giraldi Maresciallo 2
2537541,punto,,strada,Abitazione,Via Pecori Giraldi Maresciallo 1
2537542,edificio,59042,,Abitazione,Via Tiro a Segno 70
2537543,punto,,senza-edificio,Abitazione,Via Tiro a Segno 60
2537544,punto,,senza-edificio,Abitazione,Via Tiro a Segno 60
2537545,punto,,senza-edificio,Abitazione,Via Tiro a Segno 60
2537546,punto,,senza-edificio,Abitazione,Via Tiro a Segno 60
2537547,punto,,senza-edificio,"Edificio scolastico (es.: scuola di ogni ordine e grado, università, scuola di formazione)",Via Castellana 110
2537548,punto,,strada,Magazzino e locali di deposito,VIA TIRO A SEGNO S.N.C.
2537549,edificio,52008,,Magazzino e locali di deposito,Corso dei Mille 308
2537550,edificio,46449,,Impianto sportivo,Via XXVII Maggio 28
2537551,edificio,43831,,Abitazione,Via Enrico Hassan 16
2537552,punto,,senza-edificio,"Edificio scolastico (es.: scuola di ogni ordine e grado, università, scuola di formazione)",Viale dei Picciotti 8
2537553,punto,,strada,Impianto sportivo,VIA CONTE FEDERICO S.N.C.
2537554,edificio,52406,,Abitazione,Via Michele Cipolla 126
2537555,punto,,senza-edificio,Abitazione,Corso dei Mille 1666
2537644,punto,,strada,"Edificio scolastico (es.: scuola di ogni ordine e grado, università, scuola di formazione)",LARGO DI VITTORIO GIUSEPPE S.N.C.
2537645,edificio,46862,,Abitazione,Viale Giuseppe Di Vittorio 11
2537646,punto,,senza-edificio,Ufficio strutturato ed assimilabili,Piazza Fratelli S.Anna 10
2537647,punto,,strada,Magazzino e locali di deposito,Piazzale Anita Garibaldi 8
2537648,edificio,58258,,Magazzino e locali di deposito,Via Maurizio Quadrio 5
2537649,edificio,41149,,Parcheggio collettivo,Via Ciaculli 24
2537650,edificio,1478,,Ufficio strutturato ed assimilabili,Via Villagrazia 302
2537651,edificio,1478,,Magazzino e locali di deposito,Via Villagrazia 302
2537652,edificio,1478,,Ufficio strutturato ed assimilabili,Via Villagrazia 302
2537653,edificio,42633,,"Locale commerciale, negozio",Via Germanese 7
2537654,punto,,strada,"Locale commerciale, negozio",PIAZZETTA CASTELLACCIO S.N.C.
2537655,edificio,1534,,"Edificio scolastico (es.: scuola di ogni ordine e grado, università, scuola di formazione)",Via Villagrazia 298
2537656,edificio,37674,,"Edificio scolastico (es.: scuola di ogni ordine e grado, università, scuola di formazione)",Via Belmonte Chiavelli 111
2537657,edificio,99250,,"Edificio scolastico (es.: scuola di ogni ordine e grado, università, scuola di formazione)",Via Spica Pietro 5
2537658,edificio,43658,,Abitazione,Via Giuseppe Cirincione 64
2537659,edificio,43658,,Abitazione,Via Giuseppe Cirincione 64
2537660,edificio,43658,,Abitazione,Via Giuseppe Cirincione 64
2537661,edificio,43658,,Abitazione,Via Giuseppe Cirincione 64
2537662,edificio,39446,,"Edificio scolastico (es.: scuola di ogni ordine e grado, università, scuola di formazione)",Via Giuseppe Paratore 34
2537663,edificio,39446,,Impianto sportivo,Via Giuseppe Paratore 34
2537664,edificio,39446,,Impianto sportivo,Via Giuseppe Paratore 34
2537665,edificio,39446,,Abitazione,Via Giuseppe Paratore 34
2537666,edificio,42132,,"Cantina, soffitta, rimessa, box, garage, posto auto aperto/scoperto,…",Via Giulio Sarmiento 3
2537667,edificio,58250,,"Edificio scolastico (es.: scuola di ogni ordine e grado, università, scuola di formazione)",Via Bazzano 4
2537668,edificio,36091,,"Edificio scolastico (es.: scuola di ogni ordine e grado, università, scuola di formazione)",Via Cassaro Bonanno 2
2537669,edificio,42423,,Abitazione,Via Azolino Hazon 17
2537670,edificio,42423,,Abitazione,Via Azolino Hazon 17
2537671,edificio,42423,,"Cantina, soffitta, rimessa, box, garage, posto auto aperto/scoperto,…",Via Azolino Hazon 17
2537672,edificio,42423,,Abitazione,Via Azolino Hazon 17
2537753,edificio,42423,,Abitazione,Via Azolino Hazon 17
2537754,edificio,42423,,Abitazione,Via Azolino Hazon 17
2537755,edificio,39446,,"Edificio scolastico (es.: scuola di ogni ordine e grado, università, scuola di formazione)",Via Giuseppe Paratore 36
2537756,edificio,40042,,Abitazione,Via Santa Maria di Gesù 36
2537757,edificio,42389,,Magazzino e locali di deposito,Via Brancaccio 94
2537758,edificio,43410,,"Edificio scolastico (es.: scuola di ogni ordine e grado, università, scuola di formazione)",Via Emiro Giafar 17
2537759,edificio,43410,,Abitazione,Via Emiro Giafar 17
2537760,edificio,43410,,Magazzino e locali di deposito,Via Emiro Giafar 17
2537761,edificio,39459,,"Edificio scolastico (es.: scuola di ogni ordine e grado, università, scuola di formazione)",Via giuseppe paratore 28
2537762,edificio,41418,,"Edificio scolastico (es.: scuola di ogni ordine e grado, università, scuola di formazione)",Largo Testa Arrigo 1
2537763,edificio,32581,,Magazzino e locali di deposito,Via Vincenzo Barbera 7
2537764,edificio,1534,,Magazzino e locali di deposito,Via Villagrazia 300
2537765,punto,,strada,Abitazione,Via Papa Giovanni XXIII 25
2537766,edificio,38220,,Abitazione,Via Villagrazia 167
2537767,edificio,39445,,Impianto sportivo,Via Santa Maria di Gesù 15
2537768,edificio,41418,,Impianto sportivo,Largo Testa Arrigo 1
2537769,edificio,40742,,Abitazione,Via Brasca 6
2537770,edificio,1527,,Abitazione,Via Villagrazia 457
2537771,edificio,55125,,Abitazione,Cortile Regina 7
2537772,edificio,55125,,Abitazione,Cortile Regina 7
2537773,edificio,35588,,Abitazione,Via Falsomiele 140
2537774,edificio,35588,,Abitazione,Via Falsomiele 140
2537775,edificio,35588,,Abitazione,Via Falsomiele 140
2537776,punto,,senza-edificio,Abitazione,Via Falsomiele 142
2537777,punto,,strada,Abitazione,Via Vittorio Corona 32
2537778,punto,,strada,Abitazione,Via Vittorio Corona 32
2537779,edificio,41905,,Magazzino e locali di deposito,Via Emiro Giafar 36
2537780,punto,,senza-edificio,Abitazione,Salita Mezzagno 19
2537781,punto,,senza-edificio,Abitazione,Salita Mezzagno 19
2537782,edificio,41474,,Abitazione,Via Fichidindia 45
2537783,edificio,41474,,Abitazione,Via Fichidindia 45
2537871,punto,,strada,Abitazione,VIA VILLANI GIOVANNI S.N.C.
2537882,punto,,strada,"Edificio scolastico (es.: scuola di ogni ordine e grado, università, scuola di formazione)",VIA VILLANI GIOVANNI S.N.C.
2537883,edificio,110868,,Abitazione,Via Sambucia 45
2537884,edificio,5878,,Abitazione,Vicolo Cilio 1
2537885,edificio,5878,,Abitazione,Vicolo Cilio 1
2537886,edificio,3820,,Abitazione,VIA URZI' SARO 9
2537887,punto,,senza-edificio,Abitazione,Via Agnetta 103
2537888,edificio,107038,,Abitazione,Via Agnetta 93
2537889,edificio,5625,,Abitazione,Via Altofonte 124
2537890,edificio,106479,,Abitazione,Via Leon Dufourny 18
2537891,punto,,comune,Abitazione,Via V.53 15
2537892,punto,,comune,Abitazione,Via V.53 15
2537893,edificio,1582,,"Edificio scolastico (es.: scuola di ogni ordine e grado, università, scuola di formazione)",Via Zuppetta 3
2537894,punto,,strada,"Edificio scolastico (es.: scuola di ogni ordine e grado, università, scuola di formazione)",Via Giovanbattista Ughetti 27
2537895,punto,,strada,Abitazione,Via Giovanbattista Ughetti 1
2537896,punto,,strada,Impianto sportivo,Via Giovanbattista Ughetti 27
2537897,punto,,strada,Impianto sportivo,VIA UGHETTI GIOVANBATTISTA S.N.C.
2537898,punto,,senza-edificio,"Edificio scolastico (es.: scuola di ogni ordine e grado, università, scuola di formazione)",Via Carmelo Lazzaro 1
2537899,punto,,senza-edificio,Abitazione,Via Carmelo Lazzaro 1
2537900,edificio,51848,,Magazzino e locali di deposito,Piazza Giulio Cesare 51
2538006,edificio,41474,,Magazzino e locali di deposito,Via Fichidindia 45
2538007,punto,,senza-edificio,Abitazione,Via Ciaculli 14
2538008,edificio,35588,,Abitazione,Via Falsomiele 140
2538009,punto,,senza-edificio,Abitazione,Via dell'Orsa Minore 3
2538010,edificio,105518,,Abitazione,Via Santa Maria di Gesù 9
2538011,edificio,107914,,Abitazione,Salita Mezzagno 21
2538012,edificio,107914,,Abitazione,Salita Mezzagno 21
2538013,punto,,comune,Abitazione,Via ST 31 35
2538014,edificio,40575,,Abitazione,Via Santa Maria di Gesù 258
2538015,edificio,40575,,Abitazione,Via Santa Maria di Gesù 258
2538016,edificio,40575,,Abitazione,Via Santa Maria di Gesù 258
2538017,punto,,senza-edificio,Magazzino e locali di deposito,Via Emanuele Paternò 16
2538018,punto,,senza-edificio,Magazzino e locali di deposito,Via Emanuele Paternò 18
2538019,edificio,102531,,Abitazione,Via Falsomiele 77
2538020,edificio,39269,,Abitazione,Via Belmonte Chiavelli 29
2538021,edificio,44666,,Abitazione,Via Gibilrossa 26
2538677,edificio,44666,,Abitazione,Via Gibilrossa 26
2538678,edificio,44666,,Abitazione,Via Gibilrossa 26
2538679,edificio,44666,,Abitazione,Via Gibilrossa 26
2538680,edificio,44666,,Abitazione,Via Gibilrossa 26
2538681,edificio,44666,,Abitazione,Via Gibilrossa 26
2538682,punto,,strada,"Edificio scolastico (es.: scuola di ogni ordine e grado, università, scuola di formazione)",VIA ALONGI NICOLO' S.N.C.
2538683,punto,,strada,Impianto sportivo,Via Panzera Francesco 1
2538684,punto,,strada,Abitazione,Via Panzera Francesco 1
2538685,edificio,41746,,"Edificio scolastico (es.: scuola di ogni ordine e grado, università, scuola di formazione)",Via San Ciro 48
2538686,edificio,41746,,Impianto sportivo,Via San Ciro 48
2538687,edificio,7169,,"Edificio scolastico (es.: scuola di ogni ordine e grado, università, scuola di formazione)",Via dell'Usignolo 1
2538688,edificio,36463,,"Edificio scolastico (es.: scuola di ogni ordine e grado, università, scuola di formazione)",Via Bonagia 14
2538689,edificio,36463,,"Edificio scolastico (es.: scuola di ogni ordine e grado, università, scuola di formazione)",Via Bonagia 14
2538690,edificio,36463,,"Edificio scolastico (es.: scuola di ogni ordine e grado, università, scuola di formazione)",Via Bonagia 14
2538691,edificio,7169,,"Edificio scolastico (es.: scuola di ogni ordine e grado, università, scuola di formazione)",Via dell'Usignolo 5
2538692,edificio,7169,,Abitazione,Via dell'Usignolo 5
2538693,edificio,7169,,Impianto sportivo,Via dell'Usignolo 5
2538694,edificio,38427,,"Edificio scolastico (es.: scuola di ogni ordine e grado, università, scuola di formazione)",Via Ortigia 19
2538695,punto,,senza-edificio,Abitazione,Via San Filippo 11
2538696,punto,,senza-edificio,Impianto sportivo,Via San Filippo 1
2538697,edificio,38438,,Magazzino e locali di deposito,Via Nissa 1
2538698,punto,,senza-edificio,"Cantina, soffitta, rimessa, box, garage, posto auto aperto/scoperto,…",Via San Filippo 11
2538793,edificio,7178,,Ufficio strutturato ed assimilabili,Via della Capinera 2
2538794,edificio,38438,,Impianto sportivo,Via Nissa 1
2538795,punto,,strada,"Edificio scolastico (es.: scuola di ogni ordine e grado, università, scuola di formazione)",Via dell'Allodola 36
2538796,punto,,senza-edificio,"Edificio scolastico (es.: scuola di ogni ordine e grado, università, scuola di formazione)",Via dell'ermellino 33
2538797,punto,,strada,Impianto sportivo,VIA DELL'AIRONE S.N.C.
2538798,punto,,strada,Impianto sportivo,VIA DELL'AIRONE S.N.C.
2538799,punto,,strada,"Edificio scolastico (es.: scuola di ogni ordine e grado, università, scuola di formazione)",VIA MONETA ERNESTO TEODORO S.N.C.
2538800,edificio,1943,,Abitazione,Vicolo di Gregorio 32
2538801,punto,,strada,Abitazione,VIA ALBIRI S.N.C.
2538802,punto,,strada,Ufficio strutturato ed assimilabili,VIA ALBIRI S.N.C.
2538803,punto,,strada,Abitazione,VIA ALBIRI S.N.C.
2538804,edificio,70211,,Abitazione,Largo Trinacria 4
2538805,punto,,strada,Abitazione,Via Guido de Ruggiero 13
2538806,punto,,senza-edificio,"Edificio scolastico (es.: scuola di ogni ordine e grado, università, scuola di formazione)",Via Rossa Guido 18
2538807,punto,,strada,Impianto sportivo,VIA ROSSA GUIDO S.N.C.
2538808,edificio,36781,,"Edificio scolastico (es.: scuola di ogni ordine e grado, università, scuola di formazione)",Via del Castoro 13
2538809,punto,,strada,Abitazione,VIA DEL CASTORO S.N.C.
2538810,punto,,strada,Impianto sportivo,Via del Castoro 118
2538811,punto,,strada,Magazzino e locali di deposito,VIA ZUPPETTA S.N.C.
2539102,edificio,48498,,Abitazione,Via Galletti 257
2539103,edificio,41665,,"Edificio scolastico (es.: scuola di ogni ordine e grado, università, scuola di formazione)",Via Conte Federico 1
2539104,punto,,senza-edificio,"Locale commerciale, negozio",Via Messina Marine 811
2539105,edificio,43670,,"Edificio scolastico (es.: scuola di ogni ordine e grado, università, scuola di formazione)",Corso dei Mille 793
2539106,edificio,43670,,Abitazione,Corso dei Mille 793
2539107,punto,,senza-edificio,"Edificio scolastico (es.: scuola di ogni ordine e grado, università, scuola di formazione)",Via Conte Federico 267
2539108,punto,,senza-edificio,Abitazione,Via Conte Federico 267
2539109,punto,,senza-edificio,Abitazione,Via Conte Federico 267
2539110,edificio,47153,,"Edificio scolastico (es.: scuola di ogni ordine e grado, università, scuola di formazione)",Corso dei Mille 1486
2539111,edificio,46997,,"Edificio scolastico (es.: scuola di ogni ordine e grado, università, scuola di formazione)",Via Sacco e Vanzetti 42
2539112,edificio,47719,,"Edificio scolastico (es.: scuola di ogni ordine e grado, università, scuola di formazione)",Via Cristodulo Ammiraglio 1
2539113,edificio,47719,,"Edificio scolastico (es.: scuola di ogni ordine e grado, università, scuola di formazione)",Via Cristodulo Ammiraglio 1
2539114,edificio,43948,,Abitazione,Corso dei Mille 1038
2539115,punto,,senza-edificio,Ufficio strutturato ed assimilabili,Via Messina Marine 52
2539116,edificio,57840,,Magazzino e locali di deposito,Corso dei Mille 461
2539117,edificio,47030,,"Edificio scolastico (es.: scuola di ogni ordine e grado, università, scuola di formazione)",Via Sacco e Vanzetti 13
2539118,punto,,strada,"Edificio scolastico (es.: scuola di ogni ordine e grado, università, scuola di formazione)",VIA PADRE MASSIMILIANO KOLBE S.N.C.
2539119,edificio,101821,,"Edificio scolastico (es.: scuola di ogni ordine e grado, università, scuola di formazione)",Corso dei Mille 1672
2539120,edificio,46993,,"Edificio scolastico (es.: scuola di ogni ordine e grado, università, scuola di formazione)",Via Giannotta Nicolò 4
2632918,edificio,81315,,Abitazione,Via Tacito 2
2632919,edificio,82251,,"Edificio scolastico (es.: scuola di ogni ordine e grado, università, scuola di formazione)",Via pegaso 29
2632920,edificio,83277,,Abitazione,Via Schillaci 33
2632921,punto,,senza-edificio,Abitazione,Via Plauto 8
2632922,edificio,88225,,"Edificio scolastico (es.: scuola di ogni ordine e grado, università, scuola di formazione)",Via Nettuno 7
2632923,edificio,91038,,"Edificio scolastico (es.: scuola di ogni ordine e grado, università, scuola di formazione)",Viale Euridice 24
2632924,edificio,91038,,Abitazione,Viale Euridice 24
2632925,punto,,strada,"Cantina, soffitta, rimessa, box, garage, posto auto aperto/scoperto,…",VIALE REGINA ELENA S.N.C.
2632926,edificio,84944,,Abitazione,Via Castelforte 98
2632927,edificio,77463,,Abitazione,Via Castelforte 5
2632928,punto,,senza-edificio,Impianto sportivo,Viale dell'Olimpo 12
2632929,edificio,74068,,"Edificio scolastico (es.: scuola di ogni ordine e grado, università, scuola di formazione)",Piazza Contardo Ferrini 13
2632930,edificio,74068,,Abitazione,Piazza Contardo Ferrini 13
2632931,edificio,94011,,"Edificio scolastico (es.: scuola di ogni ordine e grado, università, scuola di formazione)",Via Mondello 5
2632932,edificio,94011,,Abitazione,Via Mondello 5
2632933,punto,,senza-edificio,Impianto sportivo,Via Giuseppe Lanza di Scalea 1
2632934,edificio,86342,,Abitazione,Via Santocanale 23
2632935,edificio,86342,,"Edificio scolastico (es.: scuola di ogni ordine e grado, università, scuola di formazione)",Via Santocanale 23
2632936,edificio,83030,,Abitazione,Via Encelado 12
2632937,edificio,92532,,Abitazione,Viale Principe di Scalea 34
2632938,edificio,92532,,Abitazione,Viale Principe di Scalea 34
2632939,punto,,strada,Abitazione,VIA GROTTE PARTANNA S.N.C.
2632940,edificio,93069,,Abitazione,Via Grotte Partanna 5
2632941,edificio,93069,,Abitazione,Via Grotte Partanna 5
2632942,punto,,senza-edificio,Abitazione,Via Chirone 251
2632943,punto,,senza-edificio,Abitazione,Via Chirone 251
2632944,edificio,95127,,Abitazione,Via Li Greci Lauretta 11
2632945,edificio,86686,,Edificio di culto e assimilabili,Piazza della Serenità 5
2632946,edificio,86686,,"Struttura residenziale collettiva (es.: collegi e convitti, educandati, ricoveri, orfanotrofi, ospizi, conventi, seminari)",Piazza della Serenità 5
2632947,edificio,86686,,Ufficio strutturato ed assimilabili,Piazza della Serenità 5
2632978,punto,,strada,Abitazione,VICOLO FORNO A S.AGATUZZA S.N.C.
2632979,punto,,strada,"Fabbricato per attività produttiva (industriale, artigianale o agricola)",VICOLO FORNO A S.AGATUZZA S.N.C.
2632980,punto,,strada,"Fabbricato per attività produttiva (industriale, artigianale o agricola)",VIA PORTA DI CASTRO S.N.C.
2632981,punto,,strada,Abitazione,VIA PORTA DI CASTRO S.N.C.
2632982,punto,,strada,"Fabbricato per attività produttiva (industriale, artigianale o agricola)",VIA PORTA DI CASTRO S.N.C.
2632983,punto,,strada,Abitazione,VIA PORTA DI CASTRO S.N.C.
2632984,punto,,strada,Abitazione,VIA PORTA DI CASTRO S.N.C.
2632985,edificio,52903,,"Struttura residenziale collettiva (es.: collegi e convitti, educandati, ricoveri, orfanotrofi, ospizi, conventi, seminari)",Via dei Biscottari 15
2632986,edificio,56380,,Abitazione,Via Teatro Garibaldi 20
2632987,punto,,strada,"Cantina, soffitta, rimessa, box, garage, posto auto aperto/scoperto,…",Salita Mura delle Cattive 17
2632988,punto,,strada,"Cantina, soffitta, rimessa, box, garage, posto auto aperto/scoperto,…",Salita Mura delle Cattive 17
2632989,edificio,55350,,Abitazione,Via delle Pergole 3
2632990,edificio,55350,,Abitazione,Via delle Pergole 5
2632991,edificio,55350,,Abitazione,Via delle Pergole 5
2632992,edificio,53781,,Edificio di culto e assimilabili,Via Gioeni 3
2632993,edificio,53781,,Abitazione,Via Gioeni 11
2632994,edificio,53781,,Abitazione,Via Gioeni 13
2632995,edificio,54050,,"Cantina, soffitta, rimessa, box, garage, posto auto aperto/scoperto,…",Via Pagano Giovan Battista 1
2632996,edificio,54132,,"Cantina, soffitta, rimessa, box, garage, posto auto aperto/scoperto,…",Piazza Vittorio Emanuele Orlando 1
2632997,edificio,53859,,"Cantina, soffitta, rimessa, box, garage, posto auto aperto/scoperto,…",Via del Noviziato 1
2632998,edificio,53866,,"Cantina, soffitta, rimessa, box, garage, posto auto aperto/scoperto,…",Via della Concezione 1
2632999,edificio,54050,,"Cantina, soffitta, rimessa, box, garage, posto auto aperto/scoperto,…",Via Pagano Giovan Battista 1
2633000,edificio,54050,,"Cantina, soffitta, rimessa, box, garage, posto auto aperto/scoperto,…",Via Pagano Giovan Battista 1
2633001,edificio,21978,,"Cantina, soffitta, rimessa, box, garage, posto auto aperto/scoperto,…",Corso A. Amedeo 232
2633002,edificio,54050,,"Cantina, soffitta, rimessa, box, garage, posto auto aperto/scoperto,…",Via Pagano Giovan Battista 1
2633003,punto,,strada,"Cantina, soffitta, rimessa, box, garage, posto auto aperto/scoperto,…",SALITA DEL BANDITORE S.N.C.
2633004,punto,,strada,"Cantina, soffitta, rimessa, box, garage, posto auto aperto/scoperto,…",SALITA DEL BANDITORE S.N.C.
2633005,edificio,97760,,Magazzino e locali di deposito,Via Monsignor Filippo Pottino 1
2633006,edificio,97760,,Magazzino e locali di deposito,Via Monsignor Filippo Pottino 1
2633007,edificio,97760,,Magazzino e locali di deposito,Via Monsignor Filippo Pottino 1
2633008,edificio,97760,,Magazzino e locali di deposito,Via Monsignor Filippo Pottino 1
2633009,edificio,97760,,Magazzino e locali di deposito,Via Monsignor Filippo Pottino 1
2633010,edificio,97760,,Magazzino e locali di deposito,Via Monsignor Filippo Pottino 1
2633011,edificio,97760,,Magazzino e locali di deposito,Via Monsignor Filippo Pottino 1
2633012,edificio,97760,,Magazzino e locali di deposito,Via Monsignor Filippo Pottino 1
2633013,edificio,97760,,Magazzino e locali di deposito,Via Monsignor Filippo Pottino 1
2633014,edificio,97760,,Magazzino e locali di deposito,Via Monsignor Filippo Pottino 1
2633015,edificio,97760,,Magazzino e locali di deposito,Via Monsignor Filippo Pottino 1
2633016,edificio,97760,,Magazzino e locali di deposito,Via Monsignor Filippo Pottino 1
2633017,edificio,97760,,Magazzino e locali di deposito,Via Monsignor Filippo Pottino 1
2633018,edificio,97760,,Magazzino e locali di deposito,Via Monsignor Filippo Pottino 1
2633019,edificio,97801,,Magazzino e locali di deposito,Via Papa Sergio I 94E
2633020,edificio,97801,,Magazzino e locali di deposito,Via Papa Sergio I 94E
2633021,edificio,97760,,Magazzino e locali di deposito,Via Monsignor Filippo Pottino 1
2633022,edificio,97760,,Magazzino e locali di deposito,Via Monsignor Filippo Pottino 1
2633023,edificio,97760,,Ufficio strutturato ed assimilabili,Via Monsignor Filippo Pottino 1
2633024,edificio,97672,,"Edificio scolastico (es.: scuola di ogni ordine e grado, università, scuola di formazione)",Via della Barca 1
2633025,edificio,98362,,Abitazione,Lungomare Colombo Cristoforo 240
2633026,edificio,98362,,"Edificio scolastico (es.: scuola di ogni ordine e grado, università, scuola di formazione)",Lungomare Colombo Cristoforo 240
2633027,punto,,senza-edificio,"Locale commerciale, negozio",Via Montepellegrino 30
2633028,punto,,strada,Magazzino e locali di deposito,Via Montepellegrino 1
2633029,punto,,strada,Ufficio strutturato ed assimilabili,Via Montepellegrino 1
2633030,punto,,strada,Ufficio strutturato ed assimilabili,Via Montepellegrino 1
2633031,punto,,strada,"Fabbricato per attività produttiva (industriale, artigianale o agricola)",Via Montepellegrino 1
2633032,punto,,strada,Ufficio strutturato ed assimilabili,Via Montepellegrino 1
2633033,punto,,strada,Magazzino e locali di deposito,Via Montepellegrino 1
2633034,punto,,strada,Magazzino e locali di deposito,Via Montepellegrino 1
2633035,edificio,86686,,Ufficio strutturato ed assimilabili,Piazza della Serenità 5
2633036,edificio,86686,,Ufficio strutturato ed assimilabili,Piazza della Serenità 5
2633037,edificio,86686,,"Teatro, cinematografo, struttura per concerti e spettacoli e assimilabili",Piazza della Serenità 5
2633038,edificio,86686,,"Locale commerciale, negozio",Piazza della Serenità 5
2633039,edificio,102400,,"Fabbricato per attività produttiva (industriale, artigianale o agricola)",Via Messina Montagne 8
2633040,punto,,strada,Magazzino e locali di deposito,VIA SAMPOLO S.N.C.
2633041,punto,,strada,Magazzino e locali di deposito,VIA SAMPOLO S.N.C.
2633042,punto,,strada,Magazzino e locali di deposito,VIA SAMPOLO S.N.C.
2633043,punto,,strada,"Biblioteca, pinacoteca, museo, gallerie",VIA ADDAURA S.N.C.
2633044,punto,,strada,"Biblioteca, pinacoteca, museo, gallerie",VIA CAPO GALLO S.N.C.
2633045,punto,,strada,"Biblioteca, pinacoteca, museo, gallerie",VIA CAPO GALLO S.N.C.
2633084,punto,,strada,"Cantina, soffitta, rimessa, box, garage, posto auto aperto/scoperto,…",SALITA DEL BANDITORE S.N.C.
2633085,edificio,52717,,Abitazione,Via Salita del Banditore 6
2633086,punto,,strada,"Cantina, soffitta, rimessa, box, garage, posto auto aperto/scoperto,…",SALITA DEL BANDITORE S.N.C.
2633087,punto,,strada,"Cantina, soffitta, rimessa, box, garage, posto auto aperto/scoperto,…",SALITA DEL BANDITORE S.N.C.
2633088,edificio,52717,,Abitazione,Via Salita del Banditore 6
2633089,edificio,61256,,Edificio di culto e assimilabili,Via Sant'Alessandro 1
2633090,edificio,61256,,Abitazione,Via Sant'Alessandro 7
2633091,edificio,61256,,Abitazione,Via Sant'Alessandro 27
2633092,edificio,61256,,Abitazione,Via Sant'Alessandro 27
2633093,edificio,61256,,Abitazione,Via Sant'Alessandro 27
2633094,edificio,56321,,"Teatro, cinematografo, struttura per concerti e spettacoli e assimilabili",Via Sant 'Euno 13
2633095,punto,,strada,Magazzino e locali di deposito,Via Gabriele Vulpi 57
2633096,punto,,strada,Abitazione,VIA S.NICOLO' ALL'ALBERGHERIA S.N.C.
2633097,edificio,57442,,"Fabbricato per attività produttiva (industriale, artigianale o agricola)",Piazzetta della Vittoria Allo Spasimo 13
2633098,punto,,strada,"Fabbricato per attività produttiva (industriale, artigianale o agricola)",Via Savona 40
2633099,punto,,strada,"Fabbricato per attività produttiva (industriale, artigianale o agricola)",Via Savona 38
2633100,edificio,54070,,"Cantina, soffitta, rimessa, box, garage, posto auto aperto/scoperto,…",Via Porta Carini gen-21
2633101,punto,,strada,"Edificio scolastico (es.: scuola di ogni ordine e grado, università, scuola di formazione)",CORTILE CATARO S.N.C.
2633102,edificio,54385,,"Fabbricato per attività produttiva (industriale, artigianale o agricola)",Via Sant'Agostino 186
2633103,edificio,54425,,Abitazione,Vicolo degli Orfani 41
2633104,edificio,54428,,"Fabbricato per attività produttiva (industriale, artigianale o agricola)",Vicolo degli Orfani 9
2633105,punto,,strada,Abitazione,VICOLO DEGLI ORFANI S.N.C.
2633106,edificio,54385,,"Fabbricato per attività produttiva (industriale, artigianale o agricola)",Via Sant'Agostino 184
2633107,edificio,54388,,"Fabbricato per attività produttiva (industriale, artigianale o agricola)",Via Sant'Agostino 180
2633108,edificio,53127,,Magazzino e locali di deposito,Vicolo San Michele Arcangelo 11
2633109,edificio,53127,,Magazzino e locali di deposito,Vicolo San Michele Arcangelo 11
2633110,edificio,53127,,Magazzino e locali di deposito,Vicolo San Michele Arcangelo 9
2633111,edificio,57059,,Magazzino e locali di deposito,Via Terra delle Mosche 17
2633112,edificio,57059,,Abitazione,Via Terra delle Mosche 11
2633113,punto,,strada,Magazzino e locali di deposito,Via Montepellegrino 1
2633114,punto,,strada,Magazzino e locali di deposito,Via Montepellegrino 1
2633115,punto,,strada,Magazzino e locali di deposito,Via Montepellegrino 1
2633116,punto,,strada,Magazzino e locali di deposito,Via Montepellegrino 1
2633117,punto,,strada,Magazzino e locali di deposito,Via Montepellegrino 1
2633118,punto,,strada,Magazzino e locali di deposito,Via Montepellegrino 1
2633119,punto,,strada,Abitazione,Via Montepellegrino 1
2633120,punto,,strada,Abitazione,Via Montepellegrino 1
2633121,punto,,strada,Ufficio strutturato ed assimilabili,Via Montepellegrino 1
2633122,punto,,strada,Ufficio strutturato ed assimilabili,Via Montepellegrino 1
2633123,punto,,strada,Magazzino e locali di deposito,Via Montepellegrino 1
2633124,punto,,strada,Magazzino e locali di deposito,Via Montepellegrino 1
2633125,punto,,strada,Magazzino e locali di deposito,Via Montepellegrino 1
2633126,punto,,strada,Magazzino e locali di deposito,Via Montepellegrino 1
2633127,edificio,96584,,"Edificio scolastico (es.: scuola di ogni ordine e grado, università, scuola di formazione)",Via Papa Sergio I 21
2633128,edificio,96584,,Abitazione,Via Papa Sergio I 21
2633129,punto,,strada,"Cantina, soffitta, rimessa, box, garage, posto auto aperto/scoperto,…",Via Brigata Aosta 33
2633130,edificio,63208,,"Edificio scolastico (es.: scuola di ogni ordine e grado, università, scuola di formazione)",Via Nicoló Spedalieri 50
2633131,edificio,63208,,Abitazione,Via Nicoló Spedalieri 50
2633132,edificio,96075,,"Edificio scolastico (es.: scuola di ogni ordine e grado, università, scuola di formazione)",Via Giordano Calcedonio 1
2633133,punto,,strada,"Edificio scolastico (es.: scuola di ogni ordine e grado, università, scuola di formazione)",Vicolo dell'Arsenale 62
2633134,edificio,62927,,Magazzino e locali di deposito,Via Quinta Casa 4
2633135,punto,,strada,Abitazione,Via Anwar Sadat 172
2633136,edificio,97666,,"Edificio scolastico (es.: scuola di ogni ordine e grado, università, scuola di formazione)",Via Massaia Guglielmo Cardinale 189
2633137,edificio,96045,,"Edificio scolastico (es.: scuola di ogni ordine e grado, università, scuola di formazione)",Via Giuseppe Cimbali 11
2633138,punto,,senza-edificio,"Edificio scolastico (es.: scuola di ogni ordine e grado, università, scuola di formazione)",Via Alberto Rallo 9
2633139,punto,,senza-edificio,Abitazione,Via Alberto Rallo 9
2633140,punto,,senza-edificio,Ufficio strutturato ed assimilabili,Via don orione 18
2633141,punto,,senza-edificio,Ufficio strutturato ed assimilabili,Via don orione 18
2633142,punto,,senza-edificio,Ufficio strutturato ed assimilabili,Via don orione 18
2633143,punto,,senza-edificio,Magazzino e locali di deposito,Via Enrico Fileti 19
2633174,edificio,20052,,Abitazione,Via Colonna Rotta 52
2633175,edificio,54967,,Magazzino e locali di deposito,Via Maqueda 304
2633176,edificio,20052,,Abitazione,Via Colonna Rotta 52
2633177,edificio,20052,,Abitazione,Via Colonna Rotta 52
2633178,edificio,54968,,Magazzino e locali di deposito,Via Maqueda 324
2633179,edificio,54968,,Magazzino e locali di deposito,Via Maqueda 324
2633180,edificio,54968,,Magazzino e locali di deposito,Via Maqueda 324
2633181,edificio,54967,,Magazzino e locali di deposito,Via Maqueda 310
2633182,punto,,comune,Magazzino e locali di deposito,Via Amico Ugo Antonio 6
2633183,punto,,comune,Magazzino e locali di deposito,Via Amico Ugo Antonio 2
2633184,edificio,54967,,Magazzino e locali di deposito,Via Maqueda 312
2633185,punto,,comune,Magazzino e locali di deposito,Via Amico Ugo Antonio 12
2633186,punto,,comune,Magazzino e locali di deposito,VIA PRINCIPE DI S.GIUSEPPE S.N.C.
2633187,punto,,strada,Ufficio strutturato ed assimilabili,Via Fratelli Orlando 16
2633188,edificio,53996,,Ufficio strutturato ed assimilabili,Via Impallomeni Giovan Battista 20
2633189,edificio,21520,,Magazzino e locali di deposito,Via Filippone 14
2633190,edificio,21520,,Magazzino e locali di deposito,Via Filippone 16
2633191,punto,,strada,"Fabbricato per attività produttiva (industriale, artigianale o agricola)",VICOLO S.PAOLINO S.N.C.
2633192,punto,,strada,"Fabbricato per attività produttiva (industriale, artigianale o agricola)",Via Beati Paoli 67
2633193,punto,,strada,Abitazione,Via Beati Paoli 79
2633194,punto,,strada,Abitazione,Via Beati Paoli 79
2633195,punto,,strada,Abitazione,VICOLO DEGLI ORFANI S.N.C.
2633196,punto,,strada,Abitazione,VICOLO DEGLI ORFANI S.N.C.
2633197,punto,,strada,Abitazione,VICOLO DEGLI ORFANI S.N.C.
2633198,edificio,54428,,Ufficio strutturato ed assimilabili,Vicolo degli Orfani 1
2633199,punto,,comune,Abitazione,CLE ECCE HOMO (V S.AGOSTINO) S.N.C.
2633200,punto,,comune,Abitazione,CLE ECCE HOMO (V S.AGOSTINO) S.N.C.
2633201,punto,,comune,Abitazione,CLE ECCE HOMO (V S.AGOSTINO) S.N.C.
2633202,punto,,comune,Abitazione,CLE ECCE HOMO (V S.AGOSTINO) S.N.C.
2633203,punto,,comune,Abitazione,CLE ECCE HOMO (V S.AGOSTINO) S.N.C.
2633204,punto,,senza-edificio,"Edificio scolastico (es.: scuola di ogni ordine e grado, università, scuola di formazione)",Via Enrico Fileti 19
2633205,punto,,senza-edificio,"Struttura residenziale collettiva (es.: collegi e convitti, educandati, ricoveri, orfanotrofi, ospizi, conventi, seminari)",Via Enrico Fileti 19
2633206,edificio,34217,,"Edificio scolastico (es.: scuola di ogni ordine e grado, università, scuola di formazione)",Via Sampolo 63
2633207,edificio,34217,,Abitazione,Via Sampolo 63
2633208,edificio,70466,,Abitazione,Via Don Giovanni Minzoni 1
2633209,punto,,strada,Magazzino e locali di deposito,Via dei Leoni 4
2633210,edificio,33663,,"Cantina, soffitta, rimessa, box, garage, posto auto aperto/scoperto,…",Piazza Alberico Gentili 2
2633211,edificio,95564,,Abitazione,Via Andrea Cirrincione 58
2633212,edificio,61625,,Abitazione,Via Duca della Verdura 47
2633213,punto,,senza-edificio,"Edificio scolastico (es.: scuola di ogni ordine e grado, università, scuola di formazione)",Via Rutelli Mario 50
2633214,punto,,senza-edificio,Impianto sportivo,Via Rutelli Mario 50
2633215,punto,,senza-edificio,Abitazione,Via Rutelli Mario 50
2633216,edificio,33235,,"Edificio scolastico (es.: scuola di ogni ordine e grado, università, scuola di formazione)",Via Francesco Lo Jacono 12
2633217,edificio,34183,,"Edificio scolastico (es.: scuola di ogni ordine e grado, università, scuola di formazione)",Via Isonzo 7
2633218,edificio,68871,,"Edificio scolastico (es.: scuola di ogni ordine e grado, università, scuola di formazione)",Via Valdemone 7
2633219,edificio,68871,,Abitazione,Via Valdemone 7
2633220,edificio,68871,,"Edificio scolastico (es.: scuola di ogni ordine e grado, università, scuola di formazione)",Via Valdemone 7
2633221,edificio,33829,,"Edificio scolastico (es.: scuola di ogni ordine e grado, università, scuola di formazione)",Via Daidone 24
2633222,edificio,32645,,Abitazione,Via Umberto Giordano 22
2633223,punto,,senza-edificio,"Edificio scolastico (es.: scuola di ogni ordine e grado, università, scuola di formazione)",Via Trinacria 1
2633224,punto,,senza-edificio,Abitazione,Via Trinacria 1
2633225,edificio,68552,,"Edificio scolastico (es.: scuola di ogni ordine e grado, università, scuola di formazione)",Via Abruzzi 2
2633226,edificio,68552,,Abitazione,Via Abruzzi 2
2633227,edificio,33920,,Ufficio strutturato ed assimilabili,Via Giuseppe Giusti 36
2633228,edificio,68211,,"Edificio scolastico (es.: scuola di ogni ordine e grado, università, scuola di formazione)",Via Sardegna 55
2633229,punto,,strada,Impianto sportivo,VIA SARDEGNA S.N.C.
2633230,edificio,70569,,Impianto sportivo,Via dei Nebrodi 63
2633231,edificio,62168,,"Edificio scolastico (es.: scuola di ogni ordine e grado, università, scuola di formazione)",Via maggiore pietro toselli 85
2633232,edificio,27195,,"Edificio scolastico (es.: scuola di ogni ordine e grado, università, scuola di formazione)",Via Nazario Sauro 11
2633233,punto,,strada,"Edificio scolastico (es.: scuola di ogni ordine e grado, università, scuola di formazione)",Via Ferdinando di Giorgi 48
2633234,punto,,strada,Abitazione,Via Ferdinando di Giorgi 48
2633235,edificio,25693,,"Edificio scolastico (es.: scuola di ogni ordine e grado, università, scuola di formazione)",Via Uditore 21
2633266,punto,,comune,Abitazione,CLE ECCE HOMO (V S.AGOSTINO) S.N.C.
2633267,punto,,comune,Abitazione,CLE ECCE HOMO (V S.AGOSTINO) S.N.C.
2633268,edificio,54232,,Abitazione,Via Beati Paoli 54
2633269,edificio,54232,,Abitazione,Via Beati Paoli 54
2633270,edificio,59584,,Magazzino e locali di deposito,Via Salvatore Spinuzza 47
2633271,edificio,22461,,"Edificio scolastico (es.: scuola di ogni ordine e grado, università, scuola di formazione)",Via Tembien 1
2633272,edificio,22461,,Abitazione,Via Tembien 1
2633273,edificio,22461,,Impianto sportivo,Via Tembien 1
2633274,punto,,senza-edificio,Abitazione,LARGO POZZILLO 7
2633275,punto,,senza-edificio,Ufficio strutturato ed assimilabili,LARGO POZZILLO 7
2633276,punto,,senza-edificio,Ufficio strutturato ed assimilabili,LARGO POZZILLO 7
2633277,punto,,senza-edificio,Ufficio strutturato ed assimilabili,LARGO POZZILLO 7
2633278,punto,,senza-edificio,Ufficio strutturato ed assimilabili,LARGO POZZILLO 7
2633279,edificio,109226,,Ufficio strutturato ed assimilabili,LARGO POZZILLO 1
2633280,edificio,23664,,"Edificio scolastico (es.: scuola di ogni ordine e grado, università, scuola di formazione)",Via Ignazio Silvestri 10
2633281,edificio,22191,,"Edificio scolastico (es.: scuola di ogni ordine e grado, università, scuola di formazione)",Via Casalini 1
2633282,punto,,strada,"Edificio scolastico (es.: scuola di ogni ordine e grado, università, scuola di formazione)",PIAZZA S.PAOLO S.N.C.
2633283,punto,,senza-edificio,"Edificio scolastico (es.: scuola di ogni ordine e grado, università, scuola di formazione)",Via Salernitano Romualdo 45
2633284,edificio,17478,,"Edificio scolastico (es.: scuola di ogni ordine e grado, università, scuola di formazione)",Via Pitre' Giuseppe 183
2633285,edificio,11242,,"Edificio scolastico (es.: scuola di ogni ordine e grado, università, scuola di formazione)",Via Tindari 52
2633286,edificio,11242,,Abitazione,Via Tindari 52
2633287,edificio,11242,,Impianto sportivo,Via Tindari 52
2633288,punto,,senza-edificio,"Edificio scolastico (es.: scuola di ogni ordine e grado, università, scuola di formazione)",Via Eugenio l'Emiro 30
2633289,punto,,senza-edificio,Abitazione,Via Eugenio l'Emiro 30
2633290,edificio,17856,,Parcheggio collettivo,Via Camarda Demetrio 33
2633291,edificio,17856,,"Cantina, soffitta, rimessa, box, garage, posto auto aperto/scoperto,…",Via Camarda Demetrio 33
2633292,edificio,24915,,Abitazione,Via Casalini 256
2633293,edificio,11578,,"Edificio scolastico (es.: scuola di ogni ordine e grado, università, scuola di formazione)",Largo Gibilmanna 10
2633294,edificio,11578,,Abitazione,Largo Gibilmanna 10
2633295,edificio,11578,,Impianto sportivo,Largo Gibilmanna 10
2633296,edificio,11578,,Impianto sportivo,Largo Gibilmanna 10
2633383,edificio,18350,,"Edificio scolastico (es.: scuola di ogni ordine e grado, università, scuola di formazione)",Via Rosso di San Secondo 1
2633384,edificio,18350,,Impianto sportivo,Via Rosso di San Secondo 1
2633385,edificio,18350,,Abitazione,Via Rosso di San Secondo 1
2633386,punto,,strada,"Edificio scolastico (es.: scuola di ogni ordine e grado, università, scuola di formazione)",Via Tasca Lanza 165
2633387,punto,,strada,Abitazione,Via Tasca Lanza 165
2633388,punto,,strada,"Edificio scolastico (es.: scuola di ogni ordine e grado, università, scuola di formazione)",Via Tasca Lanza 165
2633389,punto,,senza-edificio,"Edificio scolastico (es.: scuola di ogni ordine e grado, università, scuola di formazione)",Largo Gibilmanna 8
2633390,punto,,senza-edificio,Abitazione,Largo Gibilmanna 8
2633391,edificio,11372,,"Edificio scolastico (es.: scuola di ogni ordine e grado, università, scuola di formazione)",Largo Camastra 4
2633392,edificio,11372,,Impianto sportivo,Largo Camastra 4
2633393,edificio,11372,,Abitazione,Largo Camastra 4
2633394,edificio,11654,,Magazzino e locali di deposito,Via Silvestre Cuffaro 3
2633395,edificio,11682,,Magazzino e locali di deposito,Via Alia 22
2633396,edificio,11682,,Magazzino e locali di deposito,Via Alia 22
2633397,edificio,23357,,"Edificio scolastico (es.: scuola di ogni ordine e grado, università, scuola di formazione)",Via Casalini 65
2633398,punto,,senza-edificio,"Edificio scolastico (es.: scuola di ogni ordine e grado, università, scuola di formazione)",Via Arculeo Ettore 39
2633399,punto,,senza-edificio,Abitazione,Via Arculeo Ettore 39
2633400,punto,,senza-edificio,"Edificio scolastico (es.: scuola di ogni ordine e grado, università, scuola di formazione)",Piazza San Paolo 4
2633401,punto,,senza-edificio,Abitazione,Piazza San Paolo 4
2633402,edificio,20594,,"Edificio scolastico (es.: scuola di ogni ordine e grado, università, scuola di formazione)",Via Zisa 21
2633403,edificio,20553,,Impianto sportivo,Via Zisa 19
2633404,punto,,strada,"Edificio scolastico (es.: scuola di ogni ordine e grado, università, scuola di formazione)",Via Dogali 48
2633405,punto,,strada,Abitazione,VIA DOGALI S.N.C.
2633406,punto,,strada,Impianto sportivo,VIA DOGALI S.N.C.
2633407,punto,,senza-edificio,"Cantina, soffitta, rimessa, box, garage, posto auto aperto/scoperto,…",Piazzale Prizzi 2
2633408,edificio,11609,,"Cantina, soffitta, rimessa, box, garage, posto auto aperto/scoperto,…",Piazzale Prizzi 11
2633409,edificio,11594,,"Cantina, soffitta, rimessa, box, garage, posto auto aperto/scoperto,…",Piazzale Fausto Pirandello 15
2633439,edificio,11594,,"Cantina, soffitta, rimessa, box, garage, posto auto aperto/scoperto,…",Piazzale Fausto Pirandello 15
2633440,punto,,senza-edificio,"Cantina, soffitta, rimessa, box, garage, posto auto aperto/scoperto,…",Piazzale Fausto Pirandello 17
2633441,punto,,senza-edificio,"Cantina, soffitta, rimessa, box, garage, posto auto aperto/scoperto,…",Piazzale Castronovo 4
2633442,punto,,senza-edificio,"Cantina, soffitta, rimessa, box, garage, posto auto aperto/scoperto,…",Piazzale Castronovo 4
2633443,punto,,strada,Magazzino e locali di deposito,Via Siccheria Al Portello 7
2633444,edificio,18075,,"Edificio scolastico (es.: scuola di ogni ordine e grado, università, scuola di formazione)",Via cortigiani 43
2633445,punto,,strada,"Edificio scolastico (es.: scuola di ogni ordine e grado, università, scuola di formazione)",Via acireale 1
2633446,edificio,18940,,Ufficio strutturato ed assimilabili,Via Zisa 1
2633447,punto,,strada,Magazzino e locali di deposito,VIA SICCHERIA QUATTRO CAMERE S.N.C.
2633448,punto,,strada,Magazzino e locali di deposito,VIA SICCHERIA QUATTRO CAMERE S.N.C.
2633449,edificio,11608,,Impianto sportivo,Via Centuripe 1
2633450,punto,,senza-edificio,Impianto sportivo,Largo Partinico 1
2633451,punto,,strada,"Edificio scolastico (es.: scuola di ogni ordine e grado, università, scuola di formazione)",VIA MONETA ERNESTO TEODORO S.N.C.
2633452,edificio,34089,,"Edificio scolastico (es.: scuola di ogni ordine e grado, università, scuola di formazione)",Via Alessio di Giovanni 10
2633453,edificio,15085,,"Edificio scolastico (es.: scuola di ogni ordine e grado, università, scuola di formazione)",Via perpignano 291
2633454,punto,,senza-edificio,"Struttura residenziale collettiva (es.: collegi e convitti, educandati, ricoveri, orfanotrofi, ospizi, conventi, seminari)",Via Castellana 150
2633455,edificio,111296,,"Edificio scolastico (es.: scuola di ogni ordine e grado, università, scuola di formazione)",Via Tommaso Marcellini 1
2633456,edificio,29773,,Abitazione,Via Houel 4
2633457,punto,,senza-edificio,Impianto sportivo,Via degli Emiri 27
2633458,punto,,senza-edificio,"Edificio scolastico (es.: scuola di ogni ordine e grado, università, scuola di formazione)",Via eugenio l'emiro 152
2633459,punto,,strada,Abitazione,SCALA CARINI S.N.C.
2633460,punto,,senza-edificio,Abitazione,Via Beato Angelico 100
2633461,punto,,senza-edificio,Impianto sportivo,Largo Gibilmanna 8
2633462,edificio,24920,,Magazzino e locali di deposito,Via Casalini 157
2633463,edificio,15145,,"Edificio scolastico (es.: scuola di ogni ordine e grado, università, scuola di formazione)",Via Crocifisso a Pietratagliata 7
2633464,edificio,15145,,"Edificio scolastico (es.: scuola di ogni ordine e grado, università, scuola di formazione)",Via Crocifisso a Pietratagliata 7
2633465,edificio,15145,,"Edificio scolastico (es.: scuola di ogni ordine e grado, università, scuola di formazione)",Via Crocifisso a Pietratagliata 7
2633466,edificio,15215,,"Edificio scolastico (es.: scuola di ogni ordine e grado, università, scuola di formazione)",Via de Filippo Titina 3
2633467,edificio,22896,,"Edificio scolastico (es.: scuola di ogni ordine e grado, università, scuola di formazione)",Via Castellana 85
2633485,edificio,25803,,"Edificio scolastico (es.: scuola di ogni ordine e grado, università, scuola di formazione)",Via Giovanni Battista Tiepolo 4
2633486,edificio,25803,,Abitazione,Via Giovanni Battista Tiepolo 4
2633487,edificio,32115,,"Edificio scolastico (es.: scuola di ogni ordine e grado, università, scuola di formazione)",Via Principe di Palagonia 46
2633488,edificio,32115,,Abitazione,Via Principe di Palagonia 46
2633489,edificio,30355,,"Edificio scolastico (es.: scuola di ogni ordine e grado, università, scuola di formazione)",Via Filippo Parlatore 56
2633490,edificio,30355,,Abitazione,Via Filippo Parlatore 56
2633491,edificio,24409,,"Edificio scolastico (es.: scuola di ogni ordine e grado, università, scuola di formazione)",Via Giuseppe Cammarano 12
2633492,punto,,strada,"Edificio scolastico (es.: scuola di ogni ordine e grado, università, scuola di formazione)",Via Barisano da Trani 7
2633493,punto,,senza-edificio,Abitazione,Via Barisano da Trani 5
2633494,punto,,senza-edificio,Impianto sportivo,Via Barisano da Trani 5
2633495,edificio,24352,,"Edificio scolastico (es.: scuola di ogni ordine e grado, università, scuola di formazione)",Via Giacinto Calandrucci 6
2633496,edificio,24352,,Abitazione,Via Giacinto Calandrucci 6
2633497,edificio,24352,,"Edificio scolastico (es.: scuola di ogni ordine e grado, università, scuola di formazione)",Via Giacinto Calandrucci 6
2633498,punto,,senza-edificio,Magazzino e locali di deposito,Via Filippo Paladini 12
2633501,edificio,51848,,Magazzino e locali di deposito,Piazza Giulio Cesare 59
2633502,edificio,51848,,Magazzino e locali di deposito,Piazza Giulio Cesare 59
2633503,edificio,51848,,Abitazione,Piazza Giulio Cesare 59
2633504,punto,,senza-edificio,Magazzino e locali di deposito,Piazza Giulio Cesare 5
2633505,punto,,senza-edificio,Magazzino e locali di deposito,Piazza Giulio Cesare 2
2633506,punto,,strada,Ufficio strutturato ed assimilabili,PIAZZA GIULIO CESARE S.N.C.
2633507,punto,,strada,Ufficio strutturato ed assimilabili,PIAZZA GIULIO CESARE S.N.C.
2633508,edificio,51820,,"Edificio scolastico (es.: scuola di ogni ordine e grado, università, scuola di formazione)",Via Perez Francesco Paolo 1
2633509,edificio,51820,,Abitazione,Via Perez Francesco Paolo 1
2633510,punto,,strada,"Edificio scolastico (es.: scuola di ogni ordine e grado, università, scuola di formazione)",Via Lazzaro Carmelo 42A
2633511,edificio,51874,,"Cantina, soffitta, rimessa, box, garage, posto auto aperto/scoperto,…",Piazza Francesco Cupani 1
2633512,edificio,51980,,Magazzino e locali di deposito,Piazza Giulio Cesare 52
2633513,punto,,senza-edificio,"Edificio scolastico (es.: scuola di ogni ordine e grado, università, scuola di formazione)",Via Giuseppe Arcoleo 58
2633514,edificio,51857,,"Edificio scolastico (es.: scuola di ogni ordine e grado, università, scuola di formazione)",Via Silvio Boccone 13
2633515,edificio,51857,,Impianto sportivo,Via Silvio Boccone 13
2633516,edificio,51857,,Abitazione,Via Silvio Boccone 13
2633517,punto,,strada,Ufficio strutturato ed assimilabili,VIA RAITI CARMELO S.N.C.
2633518,punto,,strada,Parcheggio collettivo,VIA BASILE ERNESTO S.N.C.
2633519,edificio,8250,,Abitazione,Via Salvatore Cutello 7
2633520,edificio,8250,,Abitazione,Via Salvatore Cutello 7
2633521,edificio,8261,,Abitazione,Via Salvatore Cutello 9
2633522,edificio,8252,,Abitazione,Via Salvatore Cutello 13
2633523,edificio,8252,,Abitazione,Via Salvatore Cutello 10
2633524,edificio,8257,,Abitazione,Via Ammiraglio Carlo Bergamini 21
2633525,edificio,8575,,Abitazione,Via Giovanni Calabrò 1
2633526,edificio,8258,,Abitazione,Via Salvatore Cutello 4
2633527,edificio,8357,,Abitazione,Via Salvatore Cutello 14
2633528,edificio,8338,,Abitazione,Via Ammiraglio Carlo Bergamini 30
2633529,edificio,8338,,Abitazione,Via Ammiraglio Carlo Bergamini 30
2633530,punto,,senza-edificio,Abitazione,Viale Michelangelo 1991
2633531,edificio,24346,,Abitazione,Viale Michelangelo 1959
2633532,punto,,senza-edificio,Abitazione,Viale Michelangelo 1943
2633533,punto,,senza-edificio,"Edificio scolastico (es.: scuola di ogni ordine e grado, università, scuola di formazione)",Via Castellana 34
2633534,punto,,senza-edificio,Abitazione,Via Giuseppe Perrotta 21
2633535,punto,,senza-edificio,"Edificio scolastico (es.: scuola di ogni ordine e grado, università, scuola di formazione)",Via Giuseppe Perrotta 21
2633536,punto,,senza-edificio,"Edificio scolastico (es.: scuola di ogni ordine e grado, università, scuola di formazione)",Via Giuseppe Perrotta 21
2633537,punto,,senza-edificio,Abitazione,Stradale Bellolampo 7270
2633538,punto,,strada,"Edificio scolastico (es.: scuola di ogni ordine e grado, università, scuola di formazione)",VIA SALEMI FRANCESCO GEN. S.N.C.
2633539,edificio,17815,,Abitazione,Via Salemi Francesco Generale 22
2633540,edificio,17815,,Impianto sportivo,Via Salemi Francesco Generale 22
2633541,edificio,14950,,"Edificio scolastico (es.: scuola di ogni ordine e grado, università, scuola di formazione)",Via Baviera Giovanni 22
2633542,edificio,14950,,Abitazione,Via Baviera Giovanni 22
2633543,edificio,22461,,"Edificio scolastico (es.: scuola di ogni ordine e grado, università, scuola di formazione)",Via Tembien 1
2633544,edificio,13916,,Abitazione,Via Carlo del Prete 23
2633545,edificio,13916,,Magazzino e locali di deposito,Via Carlo del Prete 23
2633546,edificio,13916,,Abitazione,Via Carlo del Prete 23
2633547,edificio,20806,,Abitazione,Via Zisa 60
2633548,edificio,20557,,"Edificio scolastico (es.: scuola di ogni ordine e grado, università, scuola di formazione)",Via Zisa 17
2633549,punto,,strada,"Edificio scolastico (es.: scuola di ogni ordine e grado, università, scuola di formazione)",Piazza Zisa 13
2633550,edificio,20518,,Magazzino e locali di deposito,Piazza Zisa 15
2633551,edificio,20502,,Abitazione,Piazza Zisa 51
2633552,edificio,20502,,Abitazione,Piazza Zisa 49
2633553,edificio,14611,,Abitazione,Via Ustica 46
2633554,edificio,14977,,Impianto sportivo,Via Margifaraci 2
2633555,punto,,senza-edificio,"Edificio scolastico (es.: scuola di ogni ordine e grado, università, scuola di formazione)",Piazzale Castronovo 4
2633556,punto,,senza-edificio,"Edificio scolastico (es.: scuola di ogni ordine e grado, università, scuola di formazione)",Piazzale Castronovo 4
2633557,punto,,senza-edificio,"Struttura residenziale collettiva (es.: collegi e convitti, educandati, ricoveri, orfanotrofi, ospizi, conventi, seminari)",Piazzale Castronovo 4
2633558,punto,,senza-edificio,Magazzino e locali di deposito,Piazzale Castronovo 4
2633559,punto,,senza-edificio,"Cantina, soffitta, rimessa, box, garage, posto auto aperto/scoperto,…",Piazzale Castronovo 4
2633560,punto,,senza-edificio,"Cantina, soffitta, rimessa, box, garage, posto auto aperto/scoperto,…",Piazzale Castronovo 4
2633561,punto,,senza-edificio,Magazzino e locali di deposito,Via Filippo Paladini 12
2633562,punto,,senza-edificio,Magazzino e locali di deposito,Via Filippo Paladini 12
2633563,punto,,senza-edificio,Magazzino e locali di deposito,Via Filippo Paladini 12
2633564,punto,,senza-edificio,Magazzino e locali di deposito,Via Filippo Paladini 12
2633565,punto,,senza-edificio,Magazzino e locali di deposito,Via Filippo Paladini 12
2633566,punto,,senza-edificio,Magazzino e locali di deposito,Via Filippo Paladini 12
2633567,punto,,senza-edificio,Magazzino e locali di deposito,Via Filippo Paladini 12
2633568,punto,,senza-edificio,Magazzino e locali di deposito,Via Filippo Paladini 12
2633569,punto,,senza-edificio,Magazzino e locali di deposito,Via Filippo Paladini 12
2633570,punto,,senza-edificio,Magazzino e locali di deposito,Via Filippo Paladini 12
2633571,punto,,senza-edificio,Magazzino e locali di deposito,Via Filippo Paladini 12
2633572,punto,,senza-edificio,Magazzino e locali di deposito,Via Filippo Paladini 12
2633573,punto,,senza-edificio,"Edificio scolastico (es.: scuola di ogni ordine e grado, università, scuola di formazione)",Via Serradifalco 190
2633574,edificio,24352,,"Edificio scolastico (es.: scuola di ogni ordine e grado, università, scuola di formazione)",Via Giacinto Calandrucci 6
2633575,punto,,strada,"Edificio scolastico (es.: scuola di ogni ordine e grado, università, scuola di formazione)",Via Barisano da Trani 7
2633576,punto,,strada,"Edificio scolastico (es.: scuola di ogni ordine e grado, università, scuola di formazione)",Via leonardo da vinci 83
2633577,punto,,strada,"Edificio scolastico (es.: scuola di ogni ordine e grado, università, scuola di formazione)",Via Donato Bramante 17
2633578,punto,,strada,"Edificio scolastico (es.: scuola di ogni ordine e grado, università, scuola di formazione)",VIA BADIA S.N.C.
2633579,punto,,senza-edificio,"Edificio scolastico (es.: scuola di ogni ordine e grado, università, scuola di formazione)",Via Alfredo Casella 33
2633580,punto,,strada,"Edificio scolastico (es.: scuola di ogni ordine e grado, università, scuola di formazione)",VIA MERENDA PIETRO S.N.C.
2633581,punto,,strada,Abitazione,VIA MERENDA PIETRO S.N.C.
2633582,punto,,strada,Impianto sportivo,VIA MERENDA PIETRO S.N.C.
2633583,punto,,senza-edificio,"Edificio scolastico (es.: scuola di ogni ordine e grado, università, scuola di formazione)",Via Giovanni Cimabue 20
2633584,punto,,senza-edificio,Impianto sportivo,Via Giovanni Cimabue 20
2633585,edificio,24969,,Magazzino e locali di deposito,Via Mammana 270
2633586,punto,,strada,"Edificio scolastico (es.: scuola di ogni ordine e grado, università, scuola di formazione)",VIA BRUNETTO FILIPPO S.N.C.
2633587,punto,,strada,Abitazione,VIA BRUNETTO FILIPPO S.N.C.
2633588,edificio,25705,,Abitazione,Via Aci 5
2633589,punto,,strada,"Fabbricato per attività produttiva (industriale, artigianale o agricola)",VIA TORRE INGASTONE S.N.C.
2633590,punto,,strada,Abitazione,VIA PETRAZZI S.N.C.
2633594,edificio,8338,,Abitazione,Via Ammiraglio Carlo Bergamini 32
2633595,edificio,8338,,Abitazione,Via Ammiraglio Carlo Bergamini 32
2633596,edificio,8336,,Abitazione,Via San Raffaele Arcangelo 53
2633597,edificio,8336,,Abitazione,Via San Raffaele Arcangelo 51
2633598,edificio,8308,,Abitazione,Via San Raffaele Arcangelo 49
2633599,edificio,8295,,Abitazione,Via Antonio Callea 9
2633600,edificio,8318,,Abitazione,Via San Raffaele Arcangelo 45
2633601,edificio,103405,,Abitazione,Via San Raffaele Arcangelo 41
2633602,edificio,8362,,Abitazione,Via Antonio Callea 8
2633603,edificio,8323,,Abitazione,Via Antonio Callea 14
2633604,edificio,8305,,Abitazione,Via Ammiraglio Carlo Bergamini 26
2633605,edificio,8305,,Abitazione,Via Ammiraglio Carlo Bergamini 26
2633606,edificio,8305,,Abitazione,Via Ammiraglio Carlo Bergamini 28
2633607,edificio,8343,,Abitazione,Via Ammiraglio Carlo Bergamini 16
2633608,edificio,8343,,Abitazione,Via Ammiraglio Carlo Bergamini 22
2633609,edificio,8343,,Abitazione,Via Ammiraglio Carlo Bergamini 22
2633610,punto,,comune,"Edificio scolastico (es.: scuola di ogni ordine e grado, università, scuola di formazione)",Via Deodato Pier Luigi 7
2633611,punto,,comune,Abitazione,Via Deodato Pier Luigi 1
2633612,punto,,comune,Impianto sportivo,Via Deodato Pier Luigi 1
2633613,edificio,16200,,Abitazione,Via Gustavo Roccella 37
2633614,edificio,16200,,Impianto sportivo,Via Gustavo Roccella 37
2633615,punto,,comune,"Edificio scolastico (es.: scuola di ogni ordine e grado, università, scuola di formazione)",Via Deodato Pier Luigi 3
2633616,edificio,38647,,"Edificio scolastico (es.: scuola di ogni ordine e grado, università, scuola di formazione)",Via Giuseppe Li Bassi 60
2633617,edificio,38647,,Abitazione,Via Giuseppe Li Bassi 60
2633618,punto,,senza-edificio,Impianto sportivo,Via Basile Ernesto 170
2633619,punto,,senza-edificio,"Cantina, soffitta, rimessa, box, garage, posto auto aperto/scoperto,…",Via Basile Ernesto 170
2633620,edificio,15527,,"Edificio scolastico (es.: scuola di ogni ordine e grado, università, scuola di formazione)",Via Aurelio Drago 42
2633621,punto,,senza-edificio,"Cantina, soffitta, rimessa, box, garage, posto auto aperto/scoperto,…",Piazzale Castronovo 4
2633622,punto,,senza-edificio,"Cantina, soffitta, rimessa, box, garage, posto auto aperto/scoperto,…",Piazzale Castronovo 4
2633623,punto,,senza-edificio,"Struttura residenziale collettiva (es.: collegi e convitti, educandati, ricoveri, orfanotrofi, ospizi, conventi, seminari)",Piazzale Castronovo 4
2633624,punto,,senza-edificio,"Cantina, soffitta, rimessa, box, garage, posto auto aperto/scoperto,…",Piazzale Castronovo 4
2633625,punto,,senza-edificio,Magazzino e locali di deposito,Piazzale Castronovo 4
2633626,punto,,senza-edificio,"Cantina, soffitta, rimessa, box, garage, posto auto aperto/scoperto,…",Piazzale Castronovo 4
2633627,punto,,comune,Abitazione,UDITORE - PASSO DI RIGANO S.N.C.
2633628,punto,,comune,"Cantina, soffitta, rimessa, box, garage, posto auto aperto/scoperto,…",UDITORE - PASSO DI RIGANO S.N.C.
2633629,punto,,comune,Abitazione,UDITORE - PASSO DI RIGANO S.N.C.
2633630,punto,,strada,"Cantina, soffitta, rimessa, box, garage, posto auto aperto/scoperto,…",VIA DOGALI S.N.C.
2633631,punto,,strada,Magazzino e locali di deposito,VIA DOGALI S.N.C.
2633632,punto,,strada,"Edificio scolastico (es.: scuola di ogni ordine e grado, università, scuola di formazione)",VIA PALAZZOTTO F.P. E G.B. S.N.C.
2633633,edificio,17441,,Abitazione,Via Francesco Paolo e G. Battista Palazzotto 5
2633634,punto,,strada,"Teatro, cinematografo, struttura per concerti e spettacoli e assimilabili",Via Micciulla 1
2633635,punto,,strada,Abitazione,Via Micciulla 1
2633636,edificio,13125,,"Edificio scolastico (es.: scuola di ogni ordine e grado, università, scuola di formazione)",Via Bragaglia Marinella 23
2633637,edificio,53582,,"Edificio scolastico (es.: scuola di ogni ordine e grado, università, scuola di formazione)",Via Bologni 12
2633638,edificio,53642,,Abitazione,Via Bologni 4
2633639,edificio,12736,,"Ospedali, case di cura, cliniche e assimilabili",Via Umberto Maddalena 126
2633640,punto,,strada,Abitazione,VIA VILLINI A S.ISIDORO S.N.C.
2633641,edificio,111282,,"Edificio scolastico (es.: scuola di ogni ordine e grado, università, scuola di formazione)",Via Cesare Terranova 93
2633642,edificio,9520,,Abitazione,Via Luparello 26
2633643,edificio,9520,,Abitazione,Via Luparello 26
2633644,edificio,9520,,Magazzino e locali di deposito,Via Luparello 26
2633645,edificio,9520,,Abitazione,Via Luparello 26
2633646,edificio,11002,,Abitazione,Via Ai Villini Sant Isidoro 67
2633647,edificio,11002,,Magazzino e locali di deposito,Via Ai Villini Sant Isidoro 67
2633648,edificio,11002,,Abitazione,Via Ai Villini Sant Isidoro 67
2633649,edificio,11002,,Abitazione,Via Ai Villini Sant Isidoro 67
2633650,punto,,strada,"Edificio scolastico (es.: scuola di ogni ordine e grado, università, scuola di formazione)",Via Leonardo da Vinci 500
2633651,edificio,24352,,Abitazione,Via Giacinto Calandrucci 6
2633652,edificio,24078,,Abitazione,Via Calandrucci Giacinto 10
2633653,punto,,senza-edificio,Abitazione,Via Pietro dell'Aquila 1
2633654,edificio,24323,,Abitazione,Via Dell'aquila Pietro 7
2633655,edificio,24323,,Abitazione,Via Pietro dell'Aquila 5
2633656,edificio,24323,,Abitazione,Via Pietro dell'Aquila 3
2633657,edificio,24353,,Abitazione,Via Centorbe 7
2633658,punto,,senza-edificio,Abitazione,Via Pietro dell'Aquila 2
2633659,punto,,senza-edificio,Abitazione,Via Pietro dell'Aquila 2
2633660,edificio,24078,,Abitazione,Via Pietro dell'Aquila 4
2633661,edificio,24323,,Abitazione,Via Pietro dell'Aquila 6
2633662,edificio,24323,,Abitazione,Via Pietro dell'Aquila 8
2633663,edificio,24323,,Abitazione,Via Pietro dell'Aquila 10
2633664,edificio,24323,,Abitazione,Via Pietro dell'Aquila 10
2633665,punto,,senza-edificio,Abitazione,Via Zumbo Gaetano 25
2633666,punto,,senza-edificio,Abitazione,Via Zumbo Gaetano 25
2633667,edificio,24124,,Abitazione,Via Zumbo Gaetano 23
2633668,edificio,24110,,Abitazione,Via Carreca Andrea 3
2633669,edificio,24110,,Abitazione,Via Carreca Andrea 3
2633670,edificio,24110,,Abitazione,Via Carreca Andrea 1
2633671,edificio,24110,,Abitazione,Via Carreca Andrea 1
2633672,edificio,24110,,Abitazione,Via Carreca Andrea 2
2633673,edificio,24110,,Abitazione,Via Carreca Andrea 2
2633674,edificio,24110,,Abitazione,Via Carreca Andrea 4
2633675,edificio,24110,,Abitazione,Via Carreca Andrea 4
2633676,edificio,30744,,Abitazione,Via Ragusa 7
2633677,edificio,24367,,Abitazione,Via Alibrandi Girolamo 2
2633678,edificio,24367,,Abitazione,Via Alibrandi Girolamo 4
2633679,edificio,100716,,Abitazione,Via Alibrandi Girolamo 6
2633680,edificio,7382,,"Edificio scolastico (es.: scuola di ogni ordine e grado, università, scuola di formazione)",PIAZZA PAGLIARELLI 12
2633681,edificio,16915,,"Edificio scolastico (es.: scuola di ogni ordine e grado, università, scuola di formazione)",Corso Calatafimi 243
2633682,edificio,16554,,"Edificio scolastico (es.: scuola di ogni ordine e grado, università, scuola di formazione)",Via Ragusa Moleti 8
2633683,edificio,16554,,Impianto sportivo,Via Ragusa Moleti 8
2633684,edificio,16554,,Abitazione,Via Ragusa Moleti 8
2633685,punto,,senza-edificio,"Edificio scolastico (es.: scuola di ogni ordine e grado, università, scuola di formazione)",Corso Calatafimi 1035
2633686,punto,,strada,"Edificio scolastico (es.: scuola di ogni ordine e grado, università, scuola di formazione)",Via Onorato Carmelo 9
2633687,edificio,99244,,"Edificio scolastico (es.: scuola di ogni ordine e grado, università, scuola di formazione)",Via Vito Schifani 2
2633688,edificio,16880,,"Edificio scolastico (es.: scuola di ogni ordine e grado, università, scuola di formazione)",Via Federico de Maria 36
2633689,edificio,16880,,Abitazione,Via Federico de Maria 36
2633690,edificio,17361,,Magazzino e locali di deposito,Corso Pietro Pisani 1
2633691,punto,,strada,"Edificio scolastico (es.: scuola di ogni ordine e grado, università, scuola di formazione)",VIA PAULSEN FEDERICO S.N.C.
2633692,punto,,strada,Impianto sportivo,VIA PAULSEN FEDERICO S.N.C.
2633693,punto,,senza-edificio,Impianto sportivo,Via Giuseppe Mulè 26
2633694,edificio,15583,,"Edificio scolastico (es.: scuola di ogni ordine e grado, università, scuola di formazione)",Via la Loggia Gaetano 214
2633695,edificio,103473,,"Edificio scolastico (es.: scuola di ogni ordine e grado, università, scuola di formazione)",Via Vito Cesare Piazza 8
2633696,edificio,103473,,"Edificio scolastico (es.: scuola di ogni ordine e grado, università, scuola di formazione)",Via Vito Cesare Piazza 8
2633697,punto,,senza-edificio,"Edificio scolastico (es.: scuola di ogni ordine e grado, università, scuola di formazione)",Via Vito Cesare Piazza 18
2633698,punto,,strada,"Edificio scolastico (es.: scuola di ogni ordine e grado, università, scuola di formazione)",Via Michele Titone 46
2633699,edificio,8042,,Abitazione,Via Palmerino 29
2633700,edificio,15817,,Abitazione,Corso Calatafimi 481
2633701,edificio,2627,,"Edificio scolastico (es.: scuola di ogni ordine e grado, università, scuola di formazione)",Via Molara 30
2633702,edificio,2627,,Abitazione,Via Molara 30
2633703,punto,,senza-edificio,Abitazione,Via Molara 158
2633704,punto,,strada,Abitazione,Via Case Spuches 19
2633705,edificio,4265,,Abitazione,Via Villa Maio 10
2633706,edificio,111282,,Abitazione,Via Cesare Terranova 93
2633707,edificio,4317,,"Edificio scolastico (es.: scuola di ogni ordine e grado, università, scuola di formazione)",Via Enea Rossi 6
2633708,edificio,56744,,Magazzino e locali di deposito,Via Roma 209
2633709,edificio,56744,,Magazzino e locali di deposito,Via Roma 209
2633710,edificio,56744,,Magazzino e locali di deposito,Via Roma 209
2633711,punto,,strada,"Ospedali, case di cura, cliniche e assimilabili",Piazza Pietro Micca 26
2633712,punto,,strada,Ufficio strutturato ed assimilabili,Piazza Pietro Micca 26
2633713,edificio,12801,,"Cantina, soffitta, rimessa, box, garage, posto auto aperto/scoperto,…",Via Boccadifalco 20
2633714,punto,,senza-edificio,"Edificio scolastico (es.: scuola di ogni ordine e grado, università, scuola di formazione)",Via Imera 32
2633715,punto,,senza-edificio,Abitazione,Via Imera 32
2633716,edificio,54813,,"Teatro, cinematografo, struttura per concerti e spettacoli e assimilabili",Piazza Verdi Giuseppe 1
2633717,edificio,53660,,"Edificio scolastico (es.: scuola di ogni ordine e grado, università, scuola di formazione)",Piazza Orlando Vittorio Emanuele 3
2633718,edificio,53660,,Abitazione,Piazza Orlando Vittorio Emanuele 3
2633719,edificio,21205,,"Edificio scolastico (es.: scuola di ogni ordine e grado, università, scuola di formazione)",Via Alessio Narbone 55
2633720,edificio,59234,,"Cantina, soffitta, rimessa, box, garage, posto auto aperto/scoperto,…",Piazza San Francesco di Paola 48
2633721,edificio,54132,,"Cantina, soffitta, rimessa, box, garage, posto auto aperto/scoperto,…",Piazza orlando vittorio emanuele 1
2633722,edificio,20846,,"Teatro, cinematografo, struttura per concerti e spettacoli e assimilabili",Via Paolo Gili 4
2633723,edificio,20846,,"Teatro, cinematografo, struttura per concerti e spettacoli e assimilabili",Via Paolo Gili 4
2633724,edificio,20846,,"Teatro, cinematografo, struttura per concerti e spettacoli e assimilabili",Via Paolo Gili 4
2633725,edificio,20846,,"Teatro, cinematografo, struttura per concerti e spettacoli e assimilabili",Via Paolo Gili 4
2633726,edificio,20846,,"Teatro, cinematografo, struttura per concerti e spettacoli e assimilabili",Via Paolo Gili 4
2633727,edificio,20846,,"Teatro, cinematografo, struttura per concerti e spettacoli e assimilabili",Via Paolo Gili 4
2633728,edificio,20846,,"Teatro, cinematografo, struttura per concerti e spettacoli e assimilabili",Via Paolo Gili 4
2633729,edificio,20846,,"Teatro, cinematografo, struttura per concerti e spettacoli e assimilabili",Via Paolo Gili 4
2633730,edificio,20846,,"Teatro, cinematografo, struttura per concerti e spettacoli e assimilabili",Via Paolo Gili 4
2633731,edificio,20846,,"Teatro, cinematografo, struttura per concerti e spettacoli e assimilabili",Via Paolo Gili 4
2633732,edificio,20846,,"Teatro, cinematografo, struttura per concerti e spettacoli e assimilabili",Via Paolo Gili 4
2633733,edificio,20846,,"Teatro, cinematografo, struttura per concerti e spettacoli e assimilabili",Via Paolo Gili 4
2633734,edificio,20846,,"Teatro, cinematografo, struttura per concerti e spettacoli e assimilabili",Via Paolo Gili 4
2633735,edificio,20846,,"Teatro, cinematografo, struttura per concerti e spettacoli e assimilabili",Via Paolo Gili 4
2633736,edificio,20846,,"Teatro, cinematografo, struttura per concerti e spettacoli e assimilabili",Via Paolo Gili 4
2633737,edificio,20846,,"Teatro, cinematografo, struttura per concerti e spettacoli e assimilabili",Via Paolo Gili 4
2633738,edificio,20846,,"Teatro, cinematografo, struttura per concerti e spettacoli e assimilabili",Via Paolo Gili 4
2633739,punto,,strada,Parcheggio collettivo,PZZA ORLANDO VITTORIO EMANUELE S.N.C.
2633740,edificio,20846,,Magazzino e locali di deposito,Via Paolo Gili 4
2633741,edificio,20846,,Magazzino e locali di deposito,Via Paolo Gili 4
2633742,edificio,20846,,Magazzino e locali di deposito,Via Paolo Gili 4
2633749,edificio,24350,,Abitazione,Via Alibrandi Girolamo 8
2633750,edificio,24350,,Abitazione,Via Alibrandi Girolamo 8
2633751,edificio,24350,,Abitazione,Via Alibrandi Girolamo 10
2633752,edificio,24349,,Abitazione,Via Centorbe 3
2633753,edificio,24349,,Abitazione,Via Centorbe 3
2633754,edificio,24344,,Abitazione,Via Centorbe 1
2633755,edificio,24376,,Abitazione,Passaggio Rossi Mariano 3
2633756,edificio,24333,,Abitazione,Passaggio Rossi Mariano 2
2633757,edificio,24329,,Abitazione,Passaggio Rossi Mariano 1
2633758,punto,,senza-edificio,Abitazione,Via Filippo Paladini 2
2633759,punto,,senza-edificio,Abitazione,Via Filippo Paladini 4
2633760,punto,,senza-edificio,Abitazione,Via Calandrucci Giacinto 2
2633761,edificio,24325,,Abitazione,Via Calandrucci Giacinto 4
2633762,edificio,24367,,Abitazione,Via Alibrandi Girolamo 1
2633763,punto,,strada,Abitazione,Via Fratelli Allotta 7
2633764,punto,,senza-edificio,Ufficio strutturato ed assimilabili,Via Gian Lorenzo Bernini 52
2633765,edificio,24888,,"Cantina, soffitta, rimessa, box, garage, posto auto aperto/scoperto,…",Via Nicolò Buscemi 20
2633766,edificio,22749,,Impianto sportivo,Viale Leonardo da Vinci 635
2633767,edificio,22749,,Abitazione,Viale Leonardo da Vinci 635
2633768,punto,,senza-edificio,"Edificio scolastico (es.: scuola di ogni ordine e grado, università, scuola di formazione)",Via Giotto 41
2633769,punto,,senza-edificio,Impianto sportivo,Via Giotto 41
2633770,punto,,senza-edificio,Abitazione,Via Giotto 41
2633771,edificio,24206,,"Edificio scolastico (es.: scuola di ogni ordine e grado, università, scuola di formazione)",Via Barisano da Trani 3
2633772,edificio,56744,,Magazzino e locali di deposito,Via Roma 209
2633773,edificio,56744,,Magazzino e locali di deposito,Via Roma 209
2633774,edificio,55808,,Magazzino e locali di deposito,Via Maqueda 157
2633775,edificio,56328,,"Teatro, cinematografo, struttura per concerti e spettacoli e assimilabili",Via dello Spasimo 9
2633776,punto,,senza-edificio,"Cantina, soffitta, rimessa, box, garage, posto auto aperto/scoperto,…",Via Crispi Francesco 3
2633777,punto,,senza-edificio,"Locale commerciale, negozio",Via Crispi Francesco 3
2633778,punto,,senza-edificio,"Locale commerciale, negozio",Via Crispi Francesco 3
2633779,punto,,senza-edificio,"Locale commerciale, negozio",Via Crispi Francesco 3
2633780,punto,,senza-edificio,"Locale commerciale, negozio",Via Crispi Francesco 3
2633781,edificio,55582,,Magazzino e locali di deposito,Via Roma 1
2633782,punto,,strada,Magazzino e locali di deposito,VIA VITTORIO EMANUELE S.N.C.
2633783,edificio,56073,,Ufficio strutturato ed assimilabili,Via Schiavuzzo 22
2633784,edificio,57290,,Impianto sportivo,Largo Cavalieri di Malta 9
2633785,edificio,55211,,"Edificio scolastico (es.: scuola di ogni ordine e grado, università, scuola di formazione)",Via Magione 1
2633786,edificio,55211,,Abitazione,Via Magione 1
2633787,edificio,55429,,"Edificio scolastico (es.: scuola di ogni ordine e grado, università, scuola di formazione)",Via Fiume 14
2633788,edificio,55463,,"Edificio scolastico (es.: scuola di ogni ordine e grado, università, scuola di formazione)",Via Maqueda 53
2633789,edificio,106815,,"Biblioteca, pinacoteca, museo, gallerie",Via Alloro 54
2633790,edificio,55764,,Magazzino e locali di deposito,Piazza Bellini 10
2633791,edificio,54692,,"Cantina, soffitta, rimessa, box, garage, posto auto aperto/scoperto,…",Via Bari 1
2633792,edificio,54692,,Magazzino e locali di deposito,Via Bari 1
2633793,punto,,strada,Magazzino e locali di deposito,Piazza Caracciolo 2
2633794,punto,,senza-edificio,Ufficio strutturato ed assimilabili,Piazza Marina 31
2633795,punto,,strada,Impianto sportivo,Piazza Magione 1
2633796,punto,,strada,Abitazione,Piazza Magione 1
2633797,punto,,strada,"Edificio scolastico (es.: scuola di ogni ordine e grado, università, scuola di formazione)",Piazza Magione 5
2633798,edificio,57652,,Magazzino e locali di deposito,Via dei Nassaiuoli 4
2633799,edificio,52698,,"Edificio scolastico (es.: scuola di ogni ordine e grado, università, scuola di formazione)",Piazza dell'Origlione 2
2633800,edificio,52698,,Abitazione,Piazza dell'Origlione 2
2633801,edificio,57025,,Magazzino e locali di deposito,Via del Parlamento 32
2633802,edificio,57025,,Magazzino e locali di deposito,Via del Parlamento 32
2633803,edificio,57025,,Magazzino e locali di deposito,Via del Parlamento 32
2633804,edificio,20846,,Magazzino e locali di deposito,Via Paolo Gili 4
2633805,edificio,20846,,Magazzino e locali di deposito,Via Paolo Gili 4
2633806,edificio,20846,,Magazzino e locali di deposito,Via Paolo Gili 4
2633807,edificio,20846,,Magazzino e locali di deposito,Via Paolo Gili 4
2633808,edificio,20846,,Magazzino e locali di deposito,Via Paolo Gili 4
2633809,edificio,20846,,Magazzino e locali di deposito,Via Paolo Gili 4
2633810,edificio,20846,,Magazzino e locali di deposito,Via Paolo Gili 4
2633811,edificio,20846,,Magazzino e locali di deposito,Via Paolo Gili 4
2633812,edificio,20846,,Magazzino e locali di deposito,Via Paolo Gili 4
2633813,edificio,20846,,Abitazione,Via Paolo Gili 4
2633814,edificio,20846,,Abitazione,Via Paolo Gili 4
2633815,edificio,20846,,Magazzino e locali di deposito,Via Paolo Gili 4
2633816,edificio,20846,,"Teatro, cinematografo, struttura per concerti e spettacoli e assimilabili",Via Paolo Gili 4
2633817,edificio,20846,,"Teatro, cinematografo, struttura per concerti e spettacoli e assimilabili",Via Paolo Gili 4
2633818,edificio,20846,,"Teatro, cinematografo, struttura per concerti e spettacoli e assimilabili",Via Paolo Gili 4
2633819,edificio,20846,,"Teatro, cinematografo, struttura per concerti e spettacoli e assimilabili",Via Paolo Gili 4
2633820,edificio,20846,,"Teatro, cinematografo, struttura per concerti e spettacoli e assimilabili",Via Paolo Gili 4
2633821,edificio,20846,,"Teatro, cinematografo, struttura per concerti e spettacoli e assimilabili",Via Paolo Gili 4
2633822,edificio,20846,,"Teatro, cinematografo, struttura per concerti e spettacoli e assimilabili",Via Paolo Gili 4
2633823,edificio,20846,,"Teatro, cinematografo, struttura per concerti e spettacoli e assimilabili",Via Paolo Gili 4
2633824,edificio,20846,,"Teatro, cinematografo, struttura per concerti e spettacoli e assimilabili",Via Paolo Gili 4
2633825,edificio,20846,,"Teatro, cinematografo, struttura per concerti e spettacoli e assimilabili",Via Paolo Gili 4
2633826,edificio,20846,,"Teatro, cinematografo, struttura per concerti e spettacoli e assimilabili",Via Paolo Gili 4
2633827,edificio,20846,,"Teatro, cinematografo, struttura per concerti e spettacoli e assimilabili",Via Paolo Gili 4
2633828,edificio,20846,,"Teatro, cinematografo, struttura per concerti e spettacoli e assimilabili",Via Paolo Gili 4
2633829,edificio,20846,,"Teatro, cinematografo, struttura per concerti e spettacoli e assimilabili",Via Paolo Gili 4
2633830,edificio,20846,,"Teatro, cinematografo, struttura per concerti e spettacoli e assimilabili",Via Paolo Gili 4
2633831,edificio,20846,,"Teatro, cinematografo, struttura per concerti e spettacoli e assimilabili",Via Paolo Gili 4
2633832,edificio,20846,,"Teatro, cinematografo, struttura per concerti e spettacoli e assimilabili",Via Paolo Gili 4
2633833,edificio,20846,,"Teatro, cinematografo, struttura per concerti e spettacoli e assimilabili",Via Paolo Gili 4
2633834,edificio,20846,,"Teatro, cinematografo, struttura per concerti e spettacoli e assimilabili",Via Paolo Gili 4
2633835,edificio,20846,,"Teatro, cinematografo, struttura per concerti e spettacoli e assimilabili",Via Paolo Gili 4
2633836,edificio,20846,,"Teatro, cinematografo, struttura per concerti e spettacoli e assimilabili",Via Paolo Gili 4
2633857,edificio,24206,,Abitazione,Via Barisano da Trani 3
2633858,punto,,strada,Abitazione,VIALE LEONARDO DA VINCI S.N.C.
2633859,punto,,strada,Abitazione,Via Leonardo da Vinci 411
2633860,punto,,senza-edificio,Abitazione,Via Uditore 14
2633861,punto,,senza-edificio,Abitazione,Via Uditore 14
2633862,punto,,senza-edificio,Abitazione,Via Uditore 14
2633863,edificio,27809,,Abitazione,Via di Martino Girolamo 48
2633864,edificio,70883,,"Edificio scolastico (es.: scuola di ogni ordine e grado, università, scuola di formazione)",Via Briuccia 55
2633865,edificio,70872,,Abitazione,Via Briuccia 89
2633866,punto,,strada,"Biblioteca, pinacoteca, museo, gallerie",VIALE DUCA DEGLI ABRUZZI S.N.C.
2633867,punto,,senza-edificio,Ufficio strutturato ed assimilabili,Viale Duca degli Abruzzi 1D
2633868,punto,,strada,Ufficio strutturato ed assimilabili,Piazza Niscemi 1
2633869,punto,,senza-edificio,Abitazione,Piazza Niscemi 3
2633870,edificio,65756,,"Edificio scolastico (es.: scuola di ogni ordine e grado, università, scuola di formazione)",Via Cruillas 4
2633871,edificio,102889,,"Edificio scolastico (es.: scuola di ogni ordine e grado, università, scuola di formazione)",Viale della Resurrezione 1
2633877,edificio,57025,,Magazzino e locali di deposito,Via del Parlamento 32
2633878,edificio,57025,,Magazzino e locali di deposito,Via del Parlamento 32
2633879,edificio,56473,,Magazzino e locali di deposito,Via del Pallone 10
2633880,edificio,54726,,Magazzino e locali di deposito,Piazza Parlatoio 6
2633881,punto,,comune,Abitazione,Via dello Spirito Santo a Monte Pietà 35
2633882,punto,,strada,Magazzino e locali di deposito,Via dello Spasimo 4
2633883,edificio,57290,,Magazzino e locali di deposito,Largo Cavalieri di Malta 1
2633884,edificio,21599,,Abitazione,Corso A. Amedeo 110
2633885,edificio,104978,,Abitazione,Via Alloro 95
2633886,punto,,senza-edificio,Abitazione,Via Fratelli Cianciolo 12
2633887,punto,,senza-edificio,Abitazione,Via Fratelli Cianciolo 12
2633888,punto,,senza-edificio,Abitazione,Via Fratelli Cianciolo 12
2633889,punto,,senza-edificio,Abitazione,Via Fratelli Cianciolo 12
2633890,punto,,senza-edificio,Abitazione,Via Fratelli Cianciolo 12
2633891,punto,,senza-edificio,Abitazione,Via Fratelli Cianciolo 12
2633892,punto,,senza-edificio,Abitazione,Via Fratelli Cianciolo 12
2633893,punto,,senza-edificio,Abitazione,Via Fratelli Cianciolo 12
2633894,punto,,senza-edificio,Abitazione,Via Fratelli Cianciolo 12
2633895,punto,,senza-edificio,Abitazione,Via Fratelli Cianciolo 12
2633896,punto,,senza-edificio,Abitazione,Via Fratelli Cianciolo 12
2633897,punto,,senza-edificio,Abitazione,Via Fratelli Cianciolo 12
2633898,punto,,senza-edificio,Abitazione,Via Fratelli Cianciolo 12
2633899,punto,,senza-edificio,Abitazione,Via Fratelli Cianciolo 12
2633900,punto,,senza-edificio,Abitazione,Via Fratelli Cianciolo 12
2633901,punto,,senza-edificio,Abitazione,Via Fratelli Cianciolo 12
2633902,punto,,senza-edificio,Abitazione,Via Fratelli Cianciolo 12
2633903,punto,,senza-edificio,Abitazione,Via Fratelli Cianciolo 12
2633904,punto,,senza-edificio,Abitazione,Via Fratelli Cianciolo 12
2633905,edificio,57518,,Magazzino e locali di deposito,Via del Pappagallo 1
2633934,edificio,76339,,"Edificio scolastico (es.: scuola di ogni ordine e grado, università, scuola di formazione)",Via San Lorenzo 85
2633935,edificio,76339,,Abitazione,Via San Lorenzo 85
2633936,edificio,71058,,Magazzino e locali di deposito,Via Scannaserpe 1
2633937,punto,,senza-edificio,"Edificio scolastico (es.: scuola di ogni ordine e grado, università, scuola di formazione)",Via A. De Gasperi 110
2633938,punto,,senza-edificio,Abitazione,Via Smith Adamo 19
2633939,punto,,senza-edificio,Abitazione,Via A. De Gasperi 110
2633940,edificio,75670,,"Edificio scolastico (es.: scuola di ogni ordine e grado, università, scuola di formazione)",Via Smith Adamo 15
2633941,punto,,senza-edificio,Abitazione,Via Smith Adamo 21
2633942,edificio,77425,,"Edificio scolastico (es.: scuola di ogni ordine e grado, università, scuola di formazione)",Viale Duca degli Abruzzi 12
2633943,punto,,senza-edificio,"Edificio scolastico (es.: scuola di ogni ordine e grado, università, scuola di formazione)",Via Filippo Paladini 12
2633944,punto,,senza-edificio,"Edificio scolastico (es.: scuola di ogni ordine e grado, università, scuola di formazione)",Via Filippo Paladini 12
2633945,punto,,senza-edificio,"Edificio scolastico (es.: scuola di ogni ordine e grado, università, scuola di formazione)",Via Francesco De Gobbis 13
2633946,punto,,strada,Abitazione,Via Francesco De Gobbis 39
2633947,punto,,strada,Impianto sportivo,Via Francesco De Gobbis 39
2633948,punto,,senza-edificio,"Edificio scolastico (es.: scuola di ogni ordine e grado, università, scuola di formazione)",Via Smith Adamo 19
2633949,edificio,76675,,Abitazione,VIA SANTOSTEFANO FULCO 2
2633950,punto,,senza-edificio,Impianto sportivo,Viale del Fante 11
2633951,punto,,senza-edificio,Impianto sportivo,Viale del Fante 11
2633952,punto,,senza-edificio,Abitazione,Viale del Fante 11
2633953,punto,,senza-edificio,"Fabbricato per attività produttiva (industriale, artigianale o agricola)",Viale del Fante 11
2633954,punto,,senza-edificio,Impianto sportivo,Viale del Fante 11
2633955,punto,,senza-edificio,Impianto sportivo,Viale del Fante 11
2633956,punto,,senza-edificio,Magazzino e locali di deposito,Viale del Fante 11
2633957,punto,,senza-edificio,Impianto sportivo,Viale del Fante 13
2633958,punto,,senza-edificio,Impianto sportivo,Viale del Fante 3
2633959,punto,,senza-edificio,"Fabbricato per attività produttiva (industriale, artigianale o agricola)",Viale del Fante 3
2633960,punto,,senza-edificio,Impianto sportivo,Viale del Fante 3
2633961,punto,,senza-edificio,Impianto sportivo,Viale del fante 9
2633962,edificio,89500,,Magazzino e locali di deposito,Via Marinai Alliata 17
2633963,edificio,89500,,Abitazione,Via Marinai Alliata 17
2633964,edificio,89500,,Abitazione,Via Marinai Alliata 17
2634008,punto,,strada,"Cantina, soffitta, rimessa, box, garage, posto auto aperto/scoperto,…",PIAZZA MARINA S.N.C.
2634009,punto,,strada,Abitazione,PIAZZA MARINA S.N.C.
2634010,edificio,57211,,Magazzino e locali di deposito,Piazza Sant'Andrea 3
2634011,edificio,57536,,Abitazione,Piazza Marina 42
2634012,edificio,57536,,Magazzino e locali di deposito,Piazza Marina 42
2634013,edificio,54507,,Abitazione,Piazza del Monte di Pietà 2
2634014,edificio,56194,,Abitazione,Via Lincoln 121
2634015,edificio,56194,,Abitazione,Via Lincoln 121
2634016,edificio,56080,,Magazzino e locali di deposito,Via Teatro Garibaldi 18
2634017,edificio,57409,,Magazzino e locali di deposito,Via Tavola Tonda 19
2634018,edificio,97736,,Magazzino e locali di deposito,Via Vergine Maria 2
2634019,edificio,53942,,Abitazione,Discesa dell'Eternità 7
2634020,edificio,97171,,Abitazione,Via dell'Arenella 6
2634021,edificio,97171,,Abitazione,Via dell'Arenella 6
2634022,edificio,97171,,Abitazione,Via dell'Arenella 6
2634023,edificio,97171,,Abitazione,Via dell'Arenella 6
2634024,edificio,97171,,Abitazione,Via dell'Arenella 6
2634058,edificio,89500,,Abitazione,Via Marinai Alliata 17
2634059,edificio,89500,,Magazzino e locali di deposito,Via Marinai Alliata 17
2634060,edificio,89500,,Abitazione,Via Marinai Alliata 17
2634061,edificio,89500,,Abitazione,Via Marinai Alliata 17
2634062,edificio,89500,,Abitazione,Via Marinai Alliata 17
2634063,edificio,89500,,Abitazione,Via Marinai Alliata 17
2634064,edificio,89500,,Abitazione,Via Marinai Alliata 17
2634065,edificio,89500,,Abitazione,Via Marinai Alliata 17
2634066,edificio,89500,,Abitazione,Via Marinai Alliata 17
2634067,edificio,89500,,Abitazione,Via Marinai Alliata 17
2634068,edificio,89500,,Abitazione,Via Marinai Alliata 17
2634069,edificio,89500,,Abitazione,Via Marinai Alliata 17
2634070,edificio,89500,,Abitazione,Via Marinai Alliata 17
2634071,edificio,89500,,Magazzino e locali di deposito,Via Marinai Alliata 17
2634072,edificio,89500,,Abitazione,Via Marinai Alliata 17
2634073,edificio,89500,,Abitazione,Via Marinai Alliata 17
2634074,edificio,89500,,Abitazione,Via Marinai Alliata 17
2634075,edificio,89500,,Abitazione,Via Marinai Alliata 17
2634076,edificio,69991,,Magazzino e locali di deposito,Via Piedilegno 25
2634077,punto,,senza-edificio,"Edificio scolastico (es.: scuola di ogni ordine e grado, università, scuola di formazione)",Via Monte San Calogero 29
2634078,punto,,senza-edificio,Impianto sportivo,Via Monte San Calogero 29
2634079,punto,,senza-edificio,Abitazione,Via Monte San Calogero 29
2634080,punto,,senza-edificio,"Edificio scolastico (es.: scuola di ogni ordine e grado, università, scuola di formazione)",Piazza Giovanni Paolo II 24
2634081,punto,,senza-edificio,Abitazione,Piazza Giovanni Paolo II 24
2634082,punto,,strada,Impianto sportivo,Viale Ercole 1
2634083,edificio,68144,,"Edificio scolastico (es.: scuola di ogni ordine e grado, università, scuola di formazione)",Vicolo Pantelleria 8
2634084,edificio,68144,,Abitazione,Vicolo Pantelleria 8
2634085,punto,,senza-edificio,"Edificio scolastico (es.: scuola di ogni ordine e grado, università, scuola di formazione)",Via pietro d'alvise 1
2634086,edificio,55385,,Abitazione,Vicolo la Rocca alle Case Nuove 1
2634087,edificio,55385,,Magazzino e locali di deposito,Vicolo la Rocca alle Case Nuove 1
2634088,edificio,55385,,Magazzino e locali di deposito,Vicolo la Rocca alle Case Nuove 2
2634118,edificio,97155,,Abitazione,Via dell'Arenella 16
2634119,edificio,97155,,Abitazione,Via dell'Arenella 16
2634120,edificio,97155,,Abitazione,Via dell'Arenella 16
2634121,edificio,97177,,Abitazione,Via dell'Arenella 24
2634122,edificio,97177,,Abitazione,Via dell'Arenella 24
2634123,edificio,97177,,Abitazione,Via dell'Arenella 24
2634124,edificio,97177,,Abitazione,Via dell'Arenella 24
2634125,edificio,57647,,"Fabbricato per attività produttiva (industriale, artigianale o agricola)",Vicolo Mazzaresi 2
2634126,edificio,57648,,Abitazione,Vicolo Mazzaresi 8
2634127,edificio,57648,,Abitazione,Vicolo Mazzaresi 8
2634128,edificio,57657,,Abitazione,Vicolo Mazzaresi 13
2634129,edificio,57648,,Abitazione,Vicolo Mazzaresi 8
2634130,edificio,57648,,Abitazione,Vicolo Mazzaresi 8
2634131,edificio,57648,,Abitazione,Vicolo Mazzaresi 8
2634132,punto,,strada,Abitazione,Vicolo Mazzaresi 138
2634133,edificio,57647,,Abitazione,Vicolo Mazzaresi 4
2634134,edificio,57647,,Abitazione,Vicolo Mazzaresi 4
2634135,edificio,57647,,Abitazione,Vicolo Mazzaresi 4
2634136,edificio,52739,,"Fabbricato per attività produttiva (industriale, artigianale o agricola)",Via Santissimo Crocifisso 1
2634137,edificio,57647,,Abitazione,Vicolo Mazzaresi 4
2634138,edificio,57647,,Abitazione,Vicolo Mazzaresi 4
2634139,edificio,57647,,Abitazione,Vicolo Mazzaresi 4
2634140,edificio,56576,,Abitazione,Piazzetta della Vittoria Allo Spasimo 6
2634141,edificio,57518,,Magazzino e locali di deposito,Via del Pappagallo 10
2634142,edificio,57290,,"Edificio scolastico (es.: scuola di ogni ordine e grado, università, scuola di formazione)",Largo Cavalieri di Malta 9
2634143,edificio,110868,,Abitazione,Via Sambucia 45
2634144,edificio,110868,,Abitazione,Via Sambucia 45
2634145,edificio,55582,,Magazzino e locali di deposito,Via Roma 2
2634146,edificio,104977,,Abitazione,Via Magione 37
2634147,punto,,strada,Abitazione,DISCESA DELL'ETERNITA' S.N.C.
2634148,punto,,strada,Abitazione,DISCESA DELL'ETERNITA' S.N.C.
2634156,edificio,20846,,"Teatro, cinematografo, struttura per concerti e spettacoli e assimilabili",Via Paolo Gili 4
2634157,edificio,20846,,"Teatro, cinematografo, struttura per concerti e spettacoli e assimilabili",Via Paolo Gili 4
2634158,edificio,20846,,"Teatro, cinematografo, struttura per concerti e spettacoli e assimilabili",Via Paolo Gili 4
2634159,edificio,20846,,"Teatro, cinematografo, struttura per concerti e spettacoli e assimilabili",Via Paolo Gili 4
2634160,edificio,20846,,"Teatro, cinematografo, struttura per concerti e spettacoli e assimilabili",Via Paolo Gili 4
2634161,edificio,20846,,"Teatro, cinematografo, struttura per concerti e spettacoli e assimilabili",Via Paolo Gili 4
2634162,edificio,20846,,"Teatro, cinematografo, struttura per concerti e spettacoli e assimilabili",Via Paolo Gili 4
2634163,edificio,20846,,"Teatro, cinematografo, struttura per concerti e spettacoli e assimilabili",Via Paolo Gili 4
2634164,edificio,54746,,Abitazione,Via Volturno 2
2634165,edificio,54746,,Abitazione,Via Volturno 2
2634166,edificio,54746,,Abitazione,Via Volturno 2
2634167,edificio,54746,,Abitazione,Via Volturno 2
2634168,edificio,54746,,Magazzino e locali di deposito,Via Volturno 2
2634169,edificio,54746,,Abitazione,Via Volturno 2
2634170,edificio,54746,,Magazzino e locali di deposito,Via Volturno 2
2634171,edificio,53660,,Magazzino e locali di deposito,Piazza Orlando Vittorio Emanuele 27
2634172,edificio,54746,,Magazzino e locali di deposito,Via Volturno 2
2634173,edificio,54746,,Abitazione,Via Volturno 2
2634174,edificio,54746,,Abitazione,Via Volturno 2
2634175,edificio,54746,,Abitazione,Via Volturno 2
2634176,edificio,20407,,"Edificio scolastico (es.: scuola di ogni ordine e grado, università, scuola di formazione)",Via Imera 145
2634177,edificio,20407,,Abitazione,Via Imera 145
2634178,edificio,59811,,Magazzino e locali di deposito,Piazza Ruggiero Settimo 1
2634179,edificio,61358,,"Edificio scolastico (es.: scuola di ogni ordine e grado, università, scuola di formazione)",Via Giuseppe la Masa 17
2634180,edificio,55385,,Magazzino e locali di deposito,Vicolo la Rocca alle Case Nuove 3
2634181,edificio,55385,,Magazzino e locali di deposito,Vicolo la Rocca alle Case Nuove 3
2634182,edificio,55385,,Magazzino e locali di deposito,Vicolo la Rocca alle Case Nuove 4
2634183,edificio,55385,,Magazzino e locali di deposito,Vicolo la Rocca alle Case Nuove 5
2634184,edificio,55385,,Magazzino e locali di deposito,Vicolo la Rocca alle Case Nuove 5
2634185,edificio,55385,,Magazzino e locali di deposito,Vicolo la Rocca alle Case Nuove 6
2634186,edificio,55385,,Magazzino e locali di deposito,Vicolo la Rocca alle Case Nuove 7
2634187,edificio,55385,,Magazzino e locali di deposito,Vicolo la Rocca alle Case Nuove 11
2634188,edificio,55384,,Magazzino e locali di deposito,Vicolo la Rocca alle Case Nuove 12
2634189,edificio,55385,,Magazzino e locali di deposito,Vicolo la Rocca alle Case Nuove 14
2634190,edificio,76777,,Magazzino e locali di deposito,Vicolo dei Quartieri 23
2634191,edificio,76865,,Magazzino e locali di deposito,Piazza Dei Quartieri 6
2634192,edificio,76312,,Magazzino e locali di deposito,Via dei quartieri 7
2634193,punto,,strada,Magazzino e locali di deposito,VIALE DUCA DEGLI ABRUZZI S.N.C.
2634194,punto,,strada,Magazzino e locali di deposito,VIALE DIANA S.N.C.
2634195,punto,,senza-edificio,Impianto sportivo,Viale Diana 1
2634196,punto,,strada,Impianto sportivo,Viale del Fante 15
2634197,punto,,senza-edificio,"Struttura residenziale collettiva (es.: collegi e convitti, educandati, ricoveri, orfanotrofi, ospizi, conventi, seminari)",Viale Ercole 35
2634198,edificio,70564,,"Edificio scolastico (es.: scuola di ogni ordine e grado, università, scuola di formazione)",Via monte san calogero 10
2634199,edificio,70211,,Magazzino e locali di deposito,Largo Trinacria 3
2634200,punto,,senza-edificio,Ufficio strutturato ed assimilabili,Viale della Regione Siciliana Nord Ovest 95
2634201,punto,,senza-edificio,Ufficio strutturato ed assimilabili,Via Monte San Calogero 26
2634202,punto,,senza-edificio,Ufficio strutturato ed assimilabili,Via Monte San Calogero 26
2634203,punto,,senza-edificio,Ufficio strutturato ed assimilabili,Via Monte San Calogero 26
2634204,punto,,senza-edificio,Ufficio strutturato ed assimilabili,Via Monte San Calogero 26
2634205,punto,,senza-edificio,Ufficio strutturato ed assimilabili,Via Monte San Calogero 26
2634206,punto,,senza-edificio,Ufficio strutturato ed assimilabili,Via Monte San Calogero 26
2634207,punto,,senza-edificio,Ufficio strutturato ed assimilabili,Via Monte San Calogero 26
2634208,punto,,senza-edificio,Ufficio strutturato ed assimilabili,Via Monte San Calogero 26
2634209,punto,,senza-edificio,"Edificio scolastico (es.: scuola di ogni ordine e grado, università, scuola di formazione)",Via salvatore aldisio 2
2634210,edificio,55538,,Ufficio strutturato ed assimilabili,Via Lincoln 144
2634211,edificio,55538,,Ufficio strutturato ed assimilabili,Via Lincoln 144
2634212,edificio,55538,,Ufficio strutturato ed assimilabili,Via Lincoln 144
2634213,edificio,55538,,Ufficio strutturato ed assimilabili,Via Lincoln 144
2634214,edificio,55538,,Ufficio strutturato ed assimilabili,Via Lincoln 144
2634215,edificio,55538,,Magazzino e locali di deposito,Via Lincoln 144
2634216,edificio,55538,,Magazzino e locali di deposito,Via Lincoln 144
2634217,edificio,55538,,"Cantina, soffitta, rimessa, box, garage, posto auto aperto/scoperto,…",Via Lincoln 144
2634218,punto,,strada,Ufficio strutturato ed assimilabili,VICOLO GRIFOTTA S.N.C.
2634219,punto,,strada,"Cantina, soffitta, rimessa, box, garage, posto auto aperto/scoperto,…",VICOLO GRIFOTTA S.N.C.
2634220,edificio,57433,,Abitazione,Vicolo Grifotta 3
2634221,edificio,57433,,Abitazione,Vicolo Grifotta 3
2634222,edificio,57446,,Abitazione,Vicolo Grifotta 5
2634223,edificio,57446,,Abitazione,Vicolo Grifotta 5
2634224,edificio,59584,,Magazzino e locali di deposito,Via Salvatore Spinuzza 47
2634225,edificio,52695,,Abitazione,Via dei Biscottari 12
2634226,edificio,55686,,Magazzino e locali di deposito,Vicolo della Chiesa di San Orsola 4
2634227,edificio,52588,,Abitazione,Via Gioeni 2
2634228,edificio,52588,,Abitazione,Via Gioeni 2
2634229,edificio,52588,,Abitazione,Via Gioeni 2
2634236,edificio,55538,,Ufficio strutturato ed assimilabili,Via Lincoln 144
2634237,edificio,54967,,Magazzino e locali di deposito,Via Maqueda 314
2634238,edificio,57445,,Ufficio strutturato ed assimilabili,Via Scopari 2
2634239,edificio,57445,,Abitazione,Via Scopari 6
2634240,edificio,57445,,Ufficio strutturato ed assimilabili,Via Scopari 2
2634241,edificio,61358,,Abitazione,Via Giuseppe la Masa 17
2634242,punto,,strada,"Edificio scolastico (es.: scuola di ogni ordine e grado, università, scuola di formazione)",Via Pier delle Vigne 16
2634243,edificio,61107,,"Cantina, soffitta, rimessa, box, garage, posto auto aperto/scoperto,…",Piazza della Pace 4
2634244,punto,,strada,Ufficio strutturato ed assimilabili,Piazza della Pace 7
2634245,edificio,60406,,Abitazione,Via Sella Quintino 48
2634246,punto,,senza-edificio,Ufficio strutturato ed assimilabili,Via della Libertà 45
2634247,edificio,59679,,"Cantina, soffitta, rimessa, box, garage, posto auto aperto/scoperto,…",Via Camillo Benso Conte di Cavour 32
2634248,edificio,60806,,Magazzino e locali di deposito,Via della Cera 24
2634249,punto,,senza-edificio,Magazzino e locali di deposito,Via della Libertà 45
2634250,punto,,strada,Edificio di culto e assimilabili,Via delle Croci 53
2634251,edificio,31085,,"Edificio scolastico (es.: scuola di ogni ordine e grado, università, scuola di formazione)",Via Piersanti Mattarella 15
2634252,edificio,31085,,Abitazione,Via Piersanti Mattarella 15
2634253,edificio,59329,,"Edificio scolastico (es.: scuola di ogni ordine e grado, università, scuola di formazione)",Piazza Castelnuovo 40
2634254,edificio,30584,,"Edificio scolastico (es.: scuola di ogni ordine e grado, università, scuola di formazione)",Via Damiani Almeyda 25
2634255,edificio,30584,,Abitazione,Via Damiani Almeyda 25
2634256,edificio,30835,,"Edificio scolastico (es.: scuola di ogni ordine e grado, università, scuola di formazione)",Via Caltanissetta 27
2634257,edificio,30835,,Abitazione,Via Caltanissetta 27
2634258,edificio,30029,,"Biblioteca, pinacoteca, museo, gallerie",Via Dante Alighieri 53
2634259,punto,,senza-edificio,Magazzino e locali di deposito,Via Antonio Salinas 3
2634260,punto,,senza-edificio,Magazzino e locali di deposito,Via Antonio Salinas 3
2634261,punto,,senza-edificio,Magazzino e locali di deposito,Via Antonio Salinas 3
2634262,punto,,senza-edificio,Abitazione,Via Antonio Salinas 3
2634263,punto,,senza-edificio,Abitazione,Via Antonio Salinas 3
2634264,punto,,senza-edificio,"Cantina, soffitta, rimessa, box, garage, posto auto aperto/scoperto,…",Piazza Castelnuovo 21
2634265,edificio,28822,,Abitazione,Via Luigi Natoli 14
2634266,punto,,senza-edificio,"Ospedali, case di cura, cliniche e assimilabili",Via Enrico Fileti 19
2634267,punto,,senza-edificio,"Cantina, soffitta, rimessa, box, garage, posto auto aperto/scoperto,…",Via Enrico Fileti 19
2634268,punto,,senza-edificio,"Biblioteca, pinacoteca, museo, gallerie",Via Enrico Fileti 19
2634269,punto,,senza-edificio,Ufficio strutturato ed assimilabili,Via Enrico Fileti 19
2634270,punto,,senza-edificio,Ufficio strutturato ed assimilabili,Via Enrico Fileti 19
2634271,punto,,senza-edificio,Abitazione,Via Enrico Fileti 19
2634272,edificio,72533,,Abitazione,Viale della Regione Siciliana Nord Ovest 7800
2634273,edificio,68021,,Abitazione,Vicolo Pantelleria 10
2634274,edificio,102257,,"Edificio scolastico (es.: scuola di ogni ordine e grado, università, scuola di formazione)",Via Salerno 19
2634275,edificio,102257,,Impianto sportivo,Via Salerno 19
2634276,edificio,102257,,Impianto sportivo,Via Salerno 19
2634277,edificio,102257,,Abitazione,Via Salerno 19
2634278,edificio,76608,,"Edificio scolastico (es.: scuola di ogni ordine e grado, università, scuola di formazione)",Via Florio 37
2634279,punto,,strada,Abitazione,Via Giovanni Fattori 19
2634280,edificio,60188,,Magazzino e locali di deposito,Via Enrico Parisi 22
2634281,edificio,60188,,Magazzino e locali di deposito,Via Enrico Parisi 22
2634282,edificio,60188,,Abitazione,Via Enrico Parisi 22
2634283,edificio,74864,,Abitazione,Via Vito Muciaccia 25
2634284,edificio,74864,,Abitazione,Via Vito Muciaccia 25
2634285,edificio,67382,,Abitazione,Via Michele Panebianco 10
2634286,punto,,strada,Abitazione,VIA INSERRA S.N.C.
2634287,edificio,71974,,Magazzino e locali di deposito,Via Caduti Senza Croce 3
2634288,punto,,senza-edificio,Ufficio strutturato ed assimilabili,Via Ugo la Malfa 64
2634289,punto,,senza-edificio,Magazzino e locali di deposito,Via Ugo la Malfa 64
2634290,punto,,senza-edificio,Ufficio strutturato ed assimilabili,Via Ugo la Malfa 64
2634291,punto,,senza-edificio,Ufficio strutturato ed assimilabili,Via Ugo la Malfa 64
2634292,punto,,senza-edificio,Ufficio strutturato ed assimilabili,Via Ugo la Malfa 64
2634293,punto,,senza-edificio,Ufficio strutturato ed assimilabili,Via Ugo la Malfa 64
2634294,punto,,senza-edificio,Ufficio strutturato ed assimilabili,Via Ugo la Malfa 64
2634295,punto,,senza-edificio,Ufficio strutturato ed assimilabili,Via Ugo la Malfa 64
2634296,punto,,senza-edificio,Ufficio strutturato ed assimilabili,Via Ugo la Malfa 64
2634297,edificio,78257,,Abitazione,Via Ammiraglio Cagni Umberto 61
2634298,edificio,108851,,Abitazione,Via Inserra 10
2634299,edificio,66368,,Abitazione,Via Alberto Peratoner 15
2634300,edificio,70872,,"Struttura residenziale collettiva (es.: collegi e convitti, educandati, ricoveri, orfanotrofi, ospizi, conventi, seminari)",Via Briuccia 86
2634301,edificio,72450,,Abitazione,Via Maria Grazia di Giorgio 9
2634308,edificio,57445,,Abitazione,Via Scopari 6
2634309,edificio,57445,,Abitazione,Via Scopari 6
2634310,edificio,57445,,Abitazione,Via Scopari 6
2634311,edificio,57445,,Abitazione,Via Scopari 6
2634312,edificio,57445,,Abitazione,Via Scopari 6
2634313,edificio,57445,,Abitazione,Via Scopari 6
2634314,edificio,55258,,Magazzino e locali di deposito,Via Chiappara Al Carmine 25
2634315,edificio,52739,,"Edificio scolastico (es.: scuola di ogni ordine e grado, università, scuola di formazione)",Via Santissimo Crocifisso 1
2634316,punto,,strada,Abitazione,Vicolo Scafidi 4
2634317,punto,,strada,Abitazione,Vicolo Scafidi 4
2634318,punto,,strada,Abitazione,Vicolo Scafidi 4
2634319,punto,,strada,Abitazione,Salita dell'Ospedale 5
2634320,punto,,strada,Abitazione,Salita dell'Ospedale 5
2634321,punto,,strada,Magazzino e locali di deposito,Salita dell'Ospedale 5
2634322,punto,,senza-edificio,"Edificio scolastico (es.: scuola di ogni ordine e grado, università, scuola di formazione)",Via di Castro Scipione 22
2634323,punto,,senza-edificio,Abitazione,Via di Castro Scipione 22
2634324,edificio,56682,,Ufficio strutturato ed assimilabili,Piazza Pretoria 1
2634325,edificio,19898,,"Locale commerciale, negozio",Via Danisinni 22
2634326,edificio,55872,,Magazzino e locali di deposito,Piazza sant'anna 1
2634327,edificio,55872,,Magazzino e locali di deposito,Piazza sant'anna 1
2634328,edificio,56052,,Magazzino e locali di deposito,Via Sant'Anna 2
2634329,edificio,55872,,Magazzino e locali di deposito,Piazza Sant'Anna 3
2634330,edificio,56026,,Magazzino e locali di deposito,Piazza Sant'Anna 10
2634331,edificio,56026,,Magazzino e locali di deposito,Piazza Sant'Anna 11
2634332,edificio,55872,,Magazzino e locali di deposito,Piazza sant'anna 1
2634333,edificio,55872,,Magazzino e locali di deposito,Piazza sant'anna 1
2634334,edificio,55872,,Magazzino e locali di deposito,Piazza sant'anna 1
2634335,edificio,56026,,Magazzino e locali di deposito,Piazza Sant'Anna 6
2634336,edificio,56052,,"Biblioteca, pinacoteca, museo, gallerie",Via Sant'Anna 2
2634337,edificio,56026,,"Biblioteca, pinacoteca, museo, gallerie",Piazza Sant'Anna 6
2634338,edificio,103338,,"Edificio scolastico (es.: scuola di ogni ordine e grado, università, scuola di formazione)",Via Papireto 20
2634339,edificio,56073,,Ufficio strutturato ed assimilabili,Via Schiavuzzo 22
2634340,punto,,senza-edificio,"Edificio scolastico (es.: scuola di ogni ordine e grado, università, scuola di formazione)",Via Enrico Fileti 19
2634341,punto,,strada,Abitazione,VIA DELLA VELA S.N.C.
2634342,edificio,62870,,Abitazione,Via Persano Ammiraglio 44
2634343,edificio,63230,,Magazzino e locali di deposito,Via ai Fossi 2
2634344,edificio,63230,,Magazzino e locali di deposito,Via ai Fossi 2
2634345,edificio,63266,,Ufficio strutturato ed assimilabili,Via Montalbo 249
2634346,edificio,63230,,Magazzino e locali di deposito,Via ai Fossi 2
2634347,punto,,strada,"Edificio scolastico (es.: scuola di ogni ordine e grado, università, scuola di formazione)",VIA MARTURANO RUGGERO S.N.C.
2634348,edificio,95671,,Magazzino e locali di deposito,Via Anwar Sadat 150
2634349,edificio,95671,,Magazzino e locali di deposito,Via Anwar Sadat 150
2634350,edificio,95408,,Magazzino e locali di deposito,Piazza Generale Antonio Cascino 150
2634351,edificio,95408,,Magazzino e locali di deposito,Piazza Generale Antonio Cascino 150
2634352,edificio,95408,,Magazzino e locali di deposito,Piazza Generale Antonio Cascino 150
2634353,edificio,95408,,Magazzino e locali di deposito,Piazza Generale Antonio Cascino 150
2634354,edificio,95408,,Magazzino e locali di deposito,Piazza Generale Antonio Cascino 150
2634355,punto,,strada,"Locale commerciale, negozio",Piazza Generale Antonio Cascino 177
2634356,edificio,97760,,Magazzino e locali di deposito,Via Monsignor Filippo Pottino 1
2634357,edificio,97760,,Magazzino e locali di deposito,Via Monsignor Filippo Pottino 1
2634358,edificio,97760,,Magazzino e locali di deposito,Via Monsignor Filippo Pottino 1
2634359,edificio,97760,,Magazzino e locali di deposito,Via Monsignor Filippo Pottino 1
2634360,edificio,97760,,Magazzino e locali di deposito,Via Monsignor Filippo Pottino 1
2634361,edificio,97760,,Magazzino e locali di deposito,Via Monsignor Filippo Pottino 1
2634362,edificio,97760,,Magazzino e locali di deposito,Via Monsignor Filippo Pottino 1
2634363,edificio,97760,,Magazzino e locali di deposito,Via Monsignor Filippo Pottino 1
2634364,edificio,97760,,Magazzino e locali di deposito,Via Monsignor Filippo Pottino 1
2634365,edificio,97760,,Magazzino e locali di deposito,Via Monsignor Filippo Pottino 1
2634366,edificio,97689,,Magazzino e locali di deposito,Via Stefano Stabile 54
2634367,edificio,97801,,Magazzino e locali di deposito,Via Papa Sergio I 94E
2634368,edificio,97689,,Abitazione,Via Stefano Stabile 54
2634369,edificio,97689,,Abitazione,Via Stefano Stabile 54
2634390,edificio,66530,,Magazzino e locali di deposito,Via San Mauro Castelverde 20
2634391,edificio,72450,,Abitazione,Via Maria Grazia di Giorgio 9
2634392,punto,,strada,Abitazione,VIA PAULING LINUS S.N.C.
2634393,punto,,senza-edificio,Ufficio strutturato ed assimilabili,Viale del fante 9
2634394,edificio,75449,,Abitazione,Via Patti 15
2634395,punto,,strada,"Edificio scolastico (es.: scuola di ogni ordine e grado, università, scuola di formazione)",VIA CAGNI UMBERTO AMM. S.N.C.
2634396,edificio,77229,,Abitazione,Via Ammiraglio Cagni Umberto 40
2634397,punto,,senza-edificio,Impianto sportivo,Viale del Fante 1
2634398,punto,,senza-edificio,Impianto sportivo,Viale del Fante 1
2634399,punto,,senza-edificio,Abitazione,Via Gioe' Ignazio 72
2634400,edificio,70569,,"Edificio scolastico (es.: scuola di ogni ordine e grado, università, scuola di formazione)",Via dei Nebrodi 63
2634401,punto,,senza-edificio,"Edificio scolastico (es.: scuola di ogni ordine e grado, università, scuola di formazione)",Via Trapani Pescia 57
2634431,edificio,56073,,Ufficio strutturato ed assimilabili,Via Schiavuzzo 22
2634432,edificio,57282,,"Edificio scolastico (es.: scuola di ogni ordine e grado, università, scuola di formazione)",Via Valverde 2
2634433,punto,,strada,Ufficio strutturato ed assimilabili,VIA SQUARCIALUPO S.N.C.
2634434,edificio,54023,,"Edificio scolastico (es.: scuola di ogni ordine e grado, università, scuola di formazione)",Via Mura di San Vito 10
2634435,edificio,54023,,Magazzino e locali di deposito,Via Mura di San Vito 6
2634436,edificio,19120,,"Ospedali, case di cura, cliniche e assimilabili",Piazza Danisinni 10
2634437,edificio,53415,,Magazzino e locali di deposito,Via dei Biscottari 3
2634438,edificio,53105,,Magazzino e locali di deposito,Via Barbieri Gian Luca 5
2634439,edificio,52696,,"Edificio scolastico (es.: scuola di ogni ordine e grado, università, scuola di formazione)",Via Casa Professa 1
2634440,edificio,53391,,Edificio di culto e assimilabili,Via Casa Professa 21
2634441,edificio,54547,,"Edificio scolastico (es.: scuola di ogni ordine e grado, università, scuola di formazione)",Piazza Gran Cancelliere 1
2634442,edificio,54547,,Abitazione,Piazza Gran Cancelliere 1
2634443,edificio,52730,,"Edificio scolastico (es.: scuola di ogni ordine e grado, università, scuola di formazione)",Via Antonio Mongitore 3
2634444,edificio,52794,,Abitazione,Via Antonio Mongitore 4
2634445,edificio,52709,,Magazzino e locali di deposito,Via Montevergini 22
2634446,edificio,53254,,"Edificio scolastico (es.: scuola di ogni ordine e grado, università, scuola di formazione)",Via del Protonotaro 4
2634447,punto,,strada,Abitazione,Vicolo delle Ruote 7
2634448,punto,,strada,Abitazione,Vicolo delle Ruote 7
2634449,edificio,53463,,Magazzino e locali di deposito,Piazza Santa Chiara 3
2634450,punto,,comune,Magazzino e locali di deposito,Via dello Spirito Santo a Monte Pietà 34
2634451,punto,,comune,Magazzino e locali di deposito,Via dello Spirito Santo a Monte Pietà 12
2634452,edificio,54734,,Caserma,Via Alessandro Scarlatti 16
2634453,punto,,strada,Magazzino e locali di deposito,Piazza Sant'Anna Al Capo 13
2634454,edificio,57608,,"Teatro, cinematografo, struttura per concerti e spettacoli e assimilabili",Via Torremuzza 20
2634455,edificio,20348,,Abitazione,Via Pollaci Nuccio Fedele 5
2634456,punto,,strada,Magazzino e locali di deposito,Via Albergheria 187
2634457,punto,,strada,Magazzino e locali di deposito,Via Mura di San Vito 810
2634458,edificio,52861,,Magazzino e locali di deposito,Via Porta di Castro 63
2634459,edificio,52861,,Magazzino e locali di deposito,Via Porta di Castro 63
2634460,edificio,30813,,Abitazione,Via Catania 73
2634461,punto,,strada,"Fabbricato per attività produttiva (industriale, artigianale o agricola)",VICOLO FORNO A S.AGATUZZA S.N.C.
2634462,edificio,52882,,Abitazione,VICOLO SPAGNA (2) S.N.C.
2634464,edificio,97760,,Magazzino e locali di deposito,Via Monsignor Filippo Pottino 1
2634465,edificio,97760,,Ufficio strutturato ed assimilabili,Via Monsignor Filippo Pottino 1
2634466,edificio,97760,,Magazzino e locali di deposito,Via Monsignor Filippo Pottino 1
2634467,edificio,97760,,Abitazione,Via Monsignor Filippo Pottino 1
2634468,edificio,97760,,Magazzino e locali di deposito,Via Monsignor Filippo Pottino 1
2634469,edificio,97760,,Magazzino e locali di deposito,Via Monsignor Filippo Pottino 1
2634470,edificio,97760,,Ufficio strutturato ed assimilabili,Via Monsignor Filippo Pottino 1
2634471,edificio,97760,,Abitazione,Via Monsignor Filippo Pottino 1
2634472,edificio,97760,,Abitazione,Via Monsignor Filippo Pottino 1
2634473,edificio,97760,,Magazzino e locali di deposito,Via Monsignor Filippo Pottino 1
2634474,edificio,97760,,Magazzino e locali di deposito,Via Monsignor Filippo Pottino 1
2634475,edificio,97801,,Magazzino e locali di deposito,Via Papa Sergio I 94E
2634476,edificio,97760,,Magazzino e locali di deposito,Via Monsignor Filippo Pottino 1
2634477,edificio,97760,,Magazzino e locali di deposito,Via Monsignor Filippo Pottino 1
2634478,edificio,97760,,Magazzino e locali di deposito,Via Monsignor Filippo Pottino 1
2634479,edificio,97760,,Magazzino e locali di deposito,Via Monsignor Filippo Pottino 1
2634480,edificio,97760,,Magazzino e locali di deposito,Via Monsignor Filippo Pottino 1
2634481,edificio,97760,,Magazzino e locali di deposito,Via Monsignor Filippo Pottino 1
2634482,edificio,97760,,Magazzino e locali di deposito,Via Monsignor Filippo Pottino 1
2634483,edificio,97760,,Magazzino e locali di deposito,Via Monsignor Filippo Pottino 1
2634484,edificio,97801,,Magazzino e locali di deposito,Via Papa Sergio I 94E
2634485,edificio,97760,,Magazzino e locali di deposito,Via Monsignor Filippo Pottino 1
2634486,edificio,97801,,Magazzino e locali di deposito,Via Papa Sergio I 94E
2634487,edificio,97760,,Magazzino e locali di deposito,Via Monsignor Filippo Pottino 1
2634488,edificio,97760,,Magazzino e locali di deposito,Via Monsignor Filippo Pottino 1
2634489,edificio,97760,,Magazzino e locali di deposito,Via Monsignor Filippo Pottino 1
2634490,edificio,97760,,Magazzino e locali di deposito,Via Monsignor Filippo Pottino 1
2634491,edificio,97760,,Magazzino e locali di deposito,Via Monsignor Filippo Pottino 1
2634497,punto,,senza-edificio,Impianto sportivo,Via Trapani Pescia 57
2634498,punto,,senza-edificio,"Edificio scolastico (es.: scuola di ogni ordine e grado, università, scuola di formazione)",Via Trapani Pescia 57
2634499,punto,,senza-edificio,Abitazione,Via Trapani Pescia 57
2634500,edificio,70210,,Abitazione,Largo Trinacria 5
2634501,edificio,74120,,Abitazione,Largo Canonico di Francia 1
2634502,edificio,73933,,Abitazione,Via Capizzi Ignazio Venerabile 7
2634503,edificio,76865,,Magazzino e locali di deposito,Piazza Dei Quartieri 6
2634504,punto,,senza-edificio,"Edificio scolastico (es.: scuola di ogni ordine e grado, università, scuola di formazione)",Via Filippo di Giovanni 88
2634505,punto,,strada,"Edificio scolastico (es.: scuola di ogni ordine e grado, università, scuola di formazione)",VIA CARDILLO S.N.C.
2634506,edificio,79386,,"Edificio scolastico (es.: scuola di ogni ordine e grado, università, scuola di formazione)",Via limone 3
2634507,edificio,79383,,Abitazione,Via limone 1
2634508,edificio,71974,,"Edificio scolastico (es.: scuola di ogni ordine e grado, università, scuola di formazione)",Via caduti senza croce 1
2634509,edificio,80863,,Abitazione,Via Calandra Pietro 12
2634510,edificio,80863,,Abitazione,Via Calandra Pietro 12
2634511,edificio,32835,,Abitazione,Via Costantino Domenico 11
2634512,punto,,senza-edificio,Abitazione,Via Alfredo Oriani 4
2634513,edificio,83277,,Abitazione,Via Schillaci 33
2634514,punto,,comune,Abitazione,Via T.S. 45 6
2634515,punto,,comune,Abitazione,Via T.S. 45 8
2634516,punto,,senza-edificio,Abitazione,Via Luoghicelli 77
2634517,edificio,80863,,Abitazione,Via Calandra Pietro 12
2634518,edificio,74599,,Abitazione,Via Oreste lo Valvo 31
2634519,edificio,80663,,Abitazione,Via Piero della Francesca 46
2634520,punto,,strada,Abitazione,Via Serafino Amabile Guastella 6
2634521,edificio,79552,,Magazzino e locali di deposito,Piazza rossi 28
2634522,edificio,79552,,Abitazione,Piazza rossi 28
2634523,edificio,81391,,"Edificio scolastico (es.: scuola di ogni ordine e grado, università, scuola di formazione)",Via Tacito 34
2837854,edificio,84238,,Caserma,Via Agesia di Siracusa n.a.
