{"type":"FeatureCollection","validita":{"da":"2026-08-25","a":"2026-10-31"},"features":[{"type":"Feature","geometry":{"type":"Point","coordinates":[13.352231,38.113283]},"properties":{"id":"1","nome":"A Amedeo Colonna Rotta","linee":["104","108","118","N1","N5"],"accessibile":"","lon":13.352231,"lat":38.113283}},{"type":"Feature","geometry":{"type":"Point","coordinates":[13.293225,38.178691]},"properties":{"id":"10","nome":"Acc A29 Monte Wells","linee":["516"],"accessibile":"","lon":13.293225,"lat":38.178691}},{"type":"Feature","geometry":{"type":"Point","coordinates":[13.317285,38.19936]},"properties":{"id":"100","nome":"Apollo Aglaia","linee":["87"],"accessibile":"","lon":13.317285,"lat":38.19936}},{"type":"Feature","geometry":{"type":"Point","coordinates":[13.320998,38.127023]},"properties":{"id":"1002","nome":"Leonardo Da Vinci Silvestri","linee":["534"],"accessibile":"","lon":13.320998,"lat":38.127023}},{"type":"Feature","geometry":{"type":"Point","coordinates":[13.311347,38.126571]},"properties":{"id":"1003","nome":"Leonardo Da Vinci Tomasi Di Lampedusa","linee":["307","534"],"accessibile":"","lon":13.311347,"lat":38.126571}},{"type":"Feature","geometry":{"type":"Point","coordinates":[13.326384,38.127764]},"properties":{"id":"1004","nome":"Leonardo Da Vinci Uditore","linee":["513","534","N3"],"accessibile":"","lon":13.326384,"lat":38.127764}},{"type":"Feature","geometry":{"type":"Point","coordinates":[13.345625,38.145372]},"properties":{"id":"1005","nome":"Leoni Don Bosco","linee":["106"],"accessibile":"","lon":13.345625,"lat":38.145372}},{"type":"Feature","geometry":{"type":"Point","coordinates":[13.344938,38.145986]},"properties":{"id":"1006","nome":"Leoni Favorita","linee":["101","106","107","603","N1","N3"],"accessibile":"","lon":13.344938,"lat":38.145986}},{"type":"Feature","geometry":{"type":"Point","coordinates":[13.344702,38.146173]},"properties":{"id":"1007","nome":"Leoni Favorita","linee":["106","107","603"],"accessibile":"","lon":13.344702,"lat":38.146173}},{"type":"Feature","geometry":{"type":"Point","coordinates":[13.359033,38.080171]},"properties":{"id":"1008","nome":"Levriere Antilope","linee":["243"],"accessibile":"","lon":13.359033,"lat":38.080171}},{"type":"Feature","geometry":{"type":"Point","coordinates":[13.365535,38.0844]},"properties":{"id":"1009","nome":"Levriere Bassotto","linee":["243"],"accessibile":"","lon":13.365535,"lat":38.0844}},{"type":"Feature","geometry":{"type":"Point","coordinates":[13.31454,38.198122]},"properties":{"id":"101","nome":"Apollo Catalano","linee":["87"],"accessibile":"","lon":13.31454,"lat":38.198122}},{"type":"Feature","geometry":{"type":"Point","coordinates":[13.366117,38.086155]},"properties":{"id":"1010","nome":"Levriere Ermellino","linee":["243"],"accessibile":"","lon":13.366117,"lat":38.086155}},{"type":"Feature","geometry":{"type":"Point","coordinates":[13.364595,38.082717]},"properties":{"id":"1011","nome":"Levriere Musacchia","linee":["243"],"accessibile":"","lon":13.364595,"lat":38.082717}},{"type":"Feature","geometry":{"type":"Point","coordinates":[13.361284,38.080964]},"properties":{"id":"1012","nome":"Levriere Rumore","linee":["243"],"accessibile":"","lon":13.361284,"lat":38.080964}},{"type":"Feature","geometry":{"type":"Point","coordinates":[13.332403,38.113947]},"properties":{"id":"1018","nome":"Libero Grassi","linee":["124"],"accessibile":"","lon":13.332403,"lat":38.113947}},{"type":"Feature","geometry":{"type":"Point","coordinates":[13.332334,38.11457]},"properties":{"id":"1019","nome":"Libero Grassi Degli Emiri","linee":["124"],"accessibile":"","lon":13.332334,"lat":38.11457}},{"type":"Feature","geometry":{"type":"Point","coordinates":[13.331902,38.143565]},"properties":{"id":"102","nome":"Aquileia Delle Alpi","linee":["529","544"],"accessibile":"","lon":13.331902,"lat":38.143565}},{"type":"Feature","geometry":{"type":"Point","coordinates":[13.333505,38.112613]},"properties":{"id":"1020","nome":"Libero Grassi La Torre","linee":["124"],"accessibile":"","lon":13.333505,"lat":38.112613}},{"type":"Feature","geometry":{"type":"Point","coordinates":[13.33314,38.112887]},"properties":{"id":"1021","nome":"Libero Grassi Siccheria","linee":["124"],"accessibile":"","lon":13.33314,"lat":38.112887}},{"type":"Feature","geometry":{"type":"Point","coordinates":[13.353138,38.128545]},"properties":{"id":"1022","nome":"Liberta' Archimede","linee":["101","N1"],"accessibile":"","lon":13.353138,"lat":38.128545}},{"type":"Feature","geometry":{"type":"Point","coordinates":[13.348245,38.136182]},"properties":{"id":"1023","nome":"Liberta' Arimondi","linee":["101","806","N1"],"accessibile":"","lon":13.348245,"lat":38.136182}},{"type":"Feature","geometry":{"type":"Point","coordinates":[13.348468,38.135702]},"properties":{"id":"1024","nome":"Liberta' Arimondi","linee":["101","806","N1","N3"],"accessibile":"","lon":13.348468,"lat":38.135702}},{"type":"Feature","geometry":{"type":"Point","coordinates":[13.351783,38.130659]},"properties":{"id":"1025","nome":"Liberta' Croci","linee":["101","806","N1"],"accessibile":"","lon":13.351783,"lat":38.130659}},{"type":"Feature","geometry":{"type":"Point","coordinates":[13.352412,38.129612]},"properties":{"id":"1026","nome":"Liberta' Croci","linee":["101","102","104","106","812","N1","N2"],"accessibile":"","lon":13.352412,"lat":38.129612}},{"type":"Feature","geometry":{"type":"Point","coordinates":[13.346387,38.138934]},"properties":{"id":"1027","nome":"Liberta' D'Annunzio","linee":["101","806","N1","N3"],"accessibile":"","lon":13.346387,"lat":38.138934}},{"type":"Feature","geometry":{"type":"Point","coordinates":[13.34369,38.143169]},"properties":{"id":"1028","nome":"Liberta' Don Bosco","linee":["101","806","N1"],"accessibile":"","lon":13.34369,"lat":38.143169}},{"type":"Feature","geometry":{"type":"Point","coordinates":[13.343557,38.143267]},"properties":{"id":"1029","nome":"Liberta' Don Bosco","linee":["101","806","N1","N3"],"accessibile":"","lon":13.343557,"lat":38.143267}},{"type":"Feature","geometry":{"type":"Point","coordinates":[13.333457,38.141624]},"properties":{"id":"103","nome":"Aquileia Lazio","linee":["544"],"accessibile":"","lon":13.333457,"lat":38.141624}},{"type":"Feature","geometry":{"type":"Point","coordinates":[13.342918,38.144374]},"properties":{"id":"1030","nome":"Liberta' Lazio","linee":["101","806","N1"],"accessibile":"","lon":13.342918,"lat":38.144374}},{"type":"Feature","geometry":{"type":"Point","coordinates":[13.342619,38.144728]},"properties":{"id":"1031","nome":"Liberta' Lazio","linee":["101","806","N1","N3"],"accessibile":"","lon":13.342619,"lat":38.144728}},{"type":"Feature","geometry":{"type":"Point","coordinates":[13.344698,38.141619]},"properties":{"id":"1032","nome":"Liberta' Matteotti","linee":["101","806","N1"],"accessibile":"","lon":13.344698,"lat":38.141619}},{"type":"Feature","geometry":{"type":"Point","coordinates":[13.34443,38.141924]},"properties":{"id":"1033","nome":"Liberta' Matteotti","linee":["101","806","N1","N3"],"accessibile":"","lon":13.34443,"lat":38.141924}},{"type":"Feature","geometry":{"type":"Point","coordinates":[13.34946,38.134305]},"properties":{"id":"1034","nome":"Liberta' Notarbartolo","linee":["101","806","N1"],"accessibile":"","lon":13.34946,"lat":38.134305}},{"type":"Feature","geometry":{"type":"Point","coordinates":[13.350078,38.133215]},"properties":{"id":"1035","nome":"Liberta' Notarbartolo","linee":["101","102","104","106","704","731","806","812","N1","N2"],"accessibile":"","lon":13.350078,"lat":38.133215}},{"type":"Feature","geometry":{"type":"Point","coordinates":[13.354433,38.126602]},"properties":{"id":"1036","nome":"Liberta' Quintino Sella","linee":["101","N1"],"accessibile":"","lon":13.354433,"lat":38.126602}},{"type":"Feature","geometry":{"type":"Point","coordinates":[13.354332,38.126654]},"properties":{"id":"1037","nome":"Liberta' Quintino Sella","linee":["101","102","104","106","812","N1","N2"],"accessibile":"","lon":13.354332,"lat":38.126654}},{"type":"Feature","geometry":{"type":"Point","coordinates":[13.345845,38.139825]},"properties":{"id":"1038","nome":"Liberta' Ugdulena","linee":["101","806","N1"],"accessibile":"","lon":13.345845,"lat":38.139825}},{"type":"Feature","geometry":{"type":"Point","coordinates":[13.345583,38.140239]},"properties":{"id":"1039","nome":"Liberta' Ugdulena","linee":["101","806","N1","N3"],"accessibile":"","lon":13.345583,"lat":38.140239}},{"type":"Feature","geometry":{"type":"Point","coordinates":[13.333168,38.141754]},"properties":{"id":"104","nome":"Aquileia Lazio","linee":["529","544"],"accessibile":"","lon":13.333168,"lat":38.141754}},{"type":"Feature","geometry":{"type":"Point","coordinates":[13.347273,38.137585]},"properties":{"id":"1040","nome":"Liberta' Villa Paino","linee":["101","806","N1"],"accessibile":"","lon":13.347273,"lat":38.137585}},{"type":"Feature","geometry":{"type":"Point","coordinates":[13.347417,38.137341]},"properties":{"id":"1041","nome":"Liberta' Villa Paino","linee":["101","806","N1","N3"],"accessibile":"","lon":13.347417,"lat":38.137341}},{"type":"Feature","geometry":{"type":"Point","coordinates":[13.369507,38.112037]},"properties":{"id":"1042","nome":"Lincoln Archirafi","linee":["107","224","226","N5","N7"],"accessibile":"","lon":13.369507,"lat":38.112037}},{"type":"Feature","geometry":{"type":"Point","coordinates":[13.370153,38.112446]},"properties":{"id":"1043","nome":"Lincoln Archirafi","linee":["107","224","226","N5"],"accessibile":"","lon":13.370153,"lat":38.112446}},{"type":"Feature","geometry":{"type":"Point","coordinates":[13.367761,38.111315]},"properties":{"id":"1044","nome":"Lincoln Dei Mille","linee":["107","224","226","230","237","243","ARANC","N5","N6","N7"],"accessibile":"","lon":13.367761,"lat":38.111315}},{"type":"Feature","geometry":{"type":"Point","coordinates":[13.372925,38.113652]},"properties":{"id":"1045","nome":"Lincoln Orto Botanico","linee":["107","224","226","N5","N7"],"accessibile":"","lon":13.372925,"lat":38.113652}},{"type":"Feature","geometry":{"type":"Point","coordinates":[13.371523,38.113075]},"properties":{"id":"1046","nome":"Lincoln Orto Botanico","linee":["107","224","N5"],"accessibile":"","lon":13.371523,"lat":38.113075}},{"type":"Feature","geometry":{"type":"Point","coordinates":[13.374617,38.114418]},"properties":{"id":"1047","nome":"Lincoln Villa Giulia","linee":["107","224","226","N5","N7"],"accessibile":"","lon":13.374617,"lat":38.114418}},{"type":"Feature","geometry":{"type":"Point","coordinates":[13.375262,38.11481]},"properties":{"id":"1048","nome":"Lincoln Villa Giulia","linee":["107","224","N5"],"accessibile":"","lon":13.375262,"lat":38.11481}},{"type":"Feature","geometry":{"type":"Point","coordinates":[13.335901,38.136996]},"properties":{"id":"1049","nome":"Liszt","linee":["513","529","544"],"accessibile":"","lon":13.335901,"lat":38.136996}},{"type":"Feature","geometry":{"type":"Point","coordinates":[13.30828,38.074666]},"properties":{"id":"105","nome":"Aquino Calo'","linee":["364"],"accessibile":"","lon":13.30828,"lat":38.074666}},{"type":"Feature","geometry":{"type":"Point","coordinates":[13.336069,38.136209]},"properties":{"id":"1050","nome":"Liszt","linee":["529","544"],"accessibile":"","lon":13.336069,"lat":38.136209}},{"type":"Feature","geometry":{"type":"Point","coordinates":[13.433829,38.082081]},"properties":{"id":"1051","nome":"M Montagne Figurella","linee":["226","N7"],"accessibile":"","lon":13.433829,"lat":38.082081}},{"type":"Feature","geometry":{"type":"Point","coordinates":[13.428167,38.083329]},"properties":{"id":"1052","nome":"M Montagne 1","linee":["226"],"accessibile":"","lon":13.428167,"lat":38.083329}},{"type":"Feature","geometry":{"type":"Point","coordinates":[13.430771,38.082675]},"properties":{"id":"1053","nome":"M Montagne 2","linee":["226"],"accessibile":"","lon":13.430771,"lat":38.082675}},{"type":"Feature","geometry":{"type":"Point","coordinates":[13.431221,38.082727]},"properties":{"id":"1054","nome":"M Montagne 2","linee":["226","N7"],"accessibile":"","lon":13.431221,"lat":38.082727}},{"type":"Feature","geometry":{"type":"Point","coordinates":[13.428085,38.083403]},"properties":{"id":"1055","nome":"M Montagne 1","linee":["226","N7"],"accessibile":"","lon":13.428085,"lat":38.083403}},{"type":"Feature","geometry":{"type":"Point","coordinates":[13.309946,38.099526]},"properties":{"id":"1058","nome":"Maddalena Di Bella","linee":["307","N4"],"accessibile":"","lon":13.309946,"lat":38.099526}},{"type":"Feature","geometry":{"type":"Point","coordinates":[13.309782,38.096527]},"properties":{"id":"1059","nome":"Maddalena Di Bella","linee":["307","N4"],"accessibile":"","lon":13.309782,"lat":38.096527}},{"type":"Feature","geometry":{"type":"Point","coordinates":[13.308294,38.074618]},"properties":{"id":"106","nome":"Aquino Calo'","linee":["364"],"accessibile":"","lon":13.308294,"lat":38.074618}},{"type":"Feature","geometry":{"type":"Point","coordinates":[13.308721,38.108846]},"properties":{"id":"1061","nome":"Maddalena Piazza Micca","linee":["307","N4"],"accessibile":"","lon":13.308721,"lat":38.108846}},{"type":"Feature","geometry":{"type":"Point","coordinates":[13.309391,38.107073]},"properties":{"id":"1064","nome":"Maddalena 1","linee":["307","N4"],"accessibile":"","lon":13.309391,"lat":38.107073}},{"type":"Feature","geometry":{"type":"Point","coordinates":[13.309572,38.106889]},"properties":{"id":"1065","nome":"Maddalena 1","linee":["307","N4"],"accessibile":"","lon":13.309572,"lat":38.106889}},{"type":"Feature","geometry":{"type":"Point","coordinates":[13.354028,38.09855]},"properties":{"id":"1068","nome":"Madonia Li Bassi","linee":["108"],"accessibile":"","lon":13.354028,"lat":38.09855}},{"type":"Feature","geometry":{"type":"Point","coordinates":[13.353974,38.098476]},"properties":{"id":"1069","nome":"Madonia Li Bassi","linee":["108","N7"],"accessibile":"","lon":13.353974,"lat":38.098476}},{"type":"Feature","geometry":{"type":"Point","coordinates":[13.310228,38.075894]},"properties":{"id":"107","nome":"Aquino Cartiera","linee":["364"],"accessibile":"","lon":13.310228,"lat":38.075894}},{"type":"Feature","geometry":{"type":"Point","coordinates":[13.351725,38.098319]},"properties":{"id":"1070","nome":"Madonia Roccella","linee":["108"],"accessibile":"","lon":13.351725,"lat":38.098319}},{"type":"Feature","geometry":{"type":"Point","coordinates":[13.351483,38.098401]},"properties":{"id":"1071","nome":"Madonia Roccella","linee":["108","N7"],"accessibile":"","lon":13.351483,"lat":38.098401}},{"type":"Feature","geometry":{"type":"Point","coordinates":[13.355642,38.098949]},"properties":{"id":"1072","nome":"Madonia Soli","linee":["108"],"accessibile":"","lon":13.355642,"lat":38.098949}},{"type":"Feature","geometry":{"type":"Point","coordinates":[13.356097,38.09903]},"properties":{"id":"1073","nome":"Madonia Ughetti","linee":["108","N7"],"accessibile":"","lon":13.356097,"lat":38.09903}},{"type":"Feature","geometry":{"type":"Point","coordinates":[13.310233,38.075841]},"properties":{"id":"108","nome":"Aquino Cartiera","linee":["364"],"accessibile":"","lon":13.310233,"lat":38.075841}},{"type":"Feature","geometry":{"type":"Point","coordinates":[13.348098,38.124107]},"properties":{"id":"1083","nome":"Malaspina Piazza Virgilio","linee":["134"],"accessibile":"","lon":13.348098,"lat":38.124107}},{"type":"Feature","geometry":{"type":"Point","coordinates":[13.338802,38.130326]},"properties":{"id":"1084","nome":"Malaspina Piazza Ziino","linee":["103","N3"],"accessibile":"","lon":13.338802,"lat":38.130326}},{"type":"Feature","geometry":{"type":"Point","coordinates":[13.346296,38.125217]},"properties":{"id":"1085","nome":"Malaspina Turrisi Colonna","linee":["134"],"accessibile":"","lon":13.346296,"lat":38.125217}},{"type":"Feature","geometry":{"type":"Point","coordinates":[13.279991,38.199562]},"properties":{"id":"1089","nome":"Manderino Filisto","linee":["88","616"],"accessibile":"","lon":13.279991,"lat":38.199562}},{"type":"Feature","geometry":{"type":"Point","coordinates":[13.279997,38.199597]},"properties":{"id":"1090","nome":"Manderino Filisto","linee":["88","616"],"accessibile":"","lon":13.279997,"lat":38.199597}},{"type":"Feature","geometry":{"type":"Point","coordinates":[13.278129,38.198345]},"properties":{"id":"1091","nome":"Manderino Terenzio","linee":["88","616"],"accessibile":"","lon":13.278129,"lat":38.198345}},{"type":"Feature","geometry":{"type":"Point","coordinates":[13.278108,38.198354]},"properties":{"id":"1092","nome":"Manderino Terenzio","linee":["88","616"],"accessibile":"","lon":13.278108,"lat":38.198354}},{"type":"Feature","geometry":{"type":"Point","coordinates":[13.318169,38.1773]},"properties":{"id":"1097","nome":"Marchese Pensabene","linee":["619"],"accessibile":"","lon":13.318169,"lat":38.1773}},{"type":"Feature","geometry":{"type":"Point","coordinates":[13.290642,38.18268]},"properties":{"id":"11","nome":"Acc A29 Monte 1","linee":["516"],"accessibile":"","lon":13.290642,"lat":38.18268}},{"type":"Feature","geometry":{"type":"Point","coordinates":[13.331957,38.195846]},"properties":{"id":"1101","nome":"Margherita Di Savoia Delle Palme","linee":["544","606","704","806","N1"],"accessibile":"","lon":13.331957,"lat":38.195846}},{"type":"Feature","geometry":{"type":"Point","coordinates":[13.331932,38.195669]},"properties":{"id":"1104","nome":"Margherita Di Savoia Mater Dei","linee":["544","606","704","806"],"accessibile":"","lon":13.331932,"lat":38.195669}},{"type":"Feature","geometry":{"type":"Point","coordinates":[13.332388,38.193047]},"properties":{"id":"1109","nome":"Margherita Di Savoia Piazza Caboto","linee":["544","606","704","806","N1"],"accessibile":"","lon":13.332388,"lat":38.193047}},{"type":"Feature","geometry":{"type":"Point","coordinates":[13.332281,38.193375]},"properties":{"id":"1110","nome":"Margherita Di Savoia Piazza Caboto","linee":["544","606","704","806"],"accessibile":"","lon":13.332281,"lat":38.193375}},{"type":"Feature","geometry":{"type":"Point","coordinates":[13.332585,38.191763]},"properties":{"id":"1111","nome":"Margherita Di Savoia Venere","linee":["544","606","704","806","N1"],"accessibile":"","lon":13.332585,"lat":38.191763}},{"type":"Feature","geometry":{"type":"Point","coordinates":[13.332486,38.191988]},"properties":{"id":"1112","nome":"Margherita Di Savoia Venere","linee":["544","606","704","806"],"accessibile":"","lon":13.332486,"lat":38.191988}},{"type":"Feature","geometry":{"type":"Point","coordinates":[13.350347,38.100587]},"properties":{"id":"1114","nome":"Marini","linee":["234"],"accessibile":"","lon":13.350347,"lat":38.100587}},{"type":"Feature","geometry":{"type":"Point","coordinates":[13.36486,38.106243]},"properties":{"id":"1116","nome":"Marinuzzi Palermo","linee":["246"],"accessibile":"","lon":13.36486,"lat":38.106243}},{"type":"Feature","geometry":{"type":"Point","coordinates":[13.363739,38.107911]},"properties":{"id":"1117","nome":"Marinuzzi Pisacane","linee":["109","234","246","N2","N4"],"accessibile":"","lon":13.363739,"lat":38.107911}},{"type":"Feature","geometry":{"type":"Point","coordinates":[13.332685,38.174583]},"properties":{"id":"1118","nome":"Mater Dolorosa Barbadoro","linee":["544","616","704","N1"],"accessibile":"","lon":13.332685,"lat":38.174583}},{"type":"Feature","geometry":{"type":"Point","coordinates":[13.332102,38.174382]},"properties":{"id":"1119","nome":"Mater Dolorosa Barbadoro","linee":["544","616","704"],"accessibile":"","lon":13.332102,"lat":38.174382}},{"type":"Feature","geometry":{"type":"Point","coordinates":[13.312184,38.077399]},"properties":{"id":"112","nome":"Aquino 1 Monte","linee":["364"],"accessibile":"","lon":13.312184,"lat":38.077399}},{"type":"Feature","geometry":{"type":"Point","coordinates":[13.33457,38.175234]},"properties":{"id":"1120","nome":"Mater Dolorosa Camarina","linee":["544","616","704","N1"],"accessibile":"","lon":13.33457,"lat":38.175234}},{"type":"Feature","geometry":{"type":"Point","coordinates":[13.334327,38.175182]},"properties":{"id":"1121","nome":"Mater Dolorosa Camarina","linee":["544","616","704"],"accessibile":"","lon":13.334327,"lat":38.175182}},{"type":"Feature","geometry":{"type":"Point","coordinates":[13.330448,38.173772]},"properties":{"id":"1122","nome":"Mater Dolorosa Mercadante","linee":["544","616","704"],"accessibile":"","lon":13.330448,"lat":38.173772}},{"type":"Feature","geometry":{"type":"Point","coordinates":[13.32976,38.173473]},"properties":{"id":"1123","nome":"Mater Dolorosa Petrosino","linee":["544","616","704","N1"],"accessibile":"","lon":13.32976,"lat":38.173473}},{"type":"Feature","geometry":{"type":"Point","coordinates":[13.321949,38.193739]},"properties":{"id":"1124","nome":"Mattei Afrodite","linee":["645"],"accessibile":"","lon":13.321949,"lat":38.193739}},{"type":"Feature","geometry":{"type":"Point","coordinates":[13.322539,38.192177]},"properties":{"id":"1125","nome":"Mattei Calliope","linee":["645"],"accessibile":"","lon":13.322539,"lat":38.192177}},{"type":"Feature","geometry":{"type":"Point","coordinates":[13.321069,38.195373]},"properties":{"id":"1126","nome":"Mattei Collotti","linee":["645"],"accessibile":"","lon":13.321069,"lat":38.195373}},{"type":"Feature","geometry":{"type":"Point","coordinates":[13.312257,38.077386]},"properties":{"id":"113","nome":"Aquino 1 Valle","linee":["364"],"accessibile":"","lon":13.312257,"lat":38.077386}},{"type":"Feature","geometry":{"type":"Point","coordinates":[13.426878,38.096722]},"properties":{"id":"1131","nome":"Messina Marine Acqua Dei Corsari","linee":["224","N7"],"accessibile":"","lon":13.426878,"lat":38.096722}},{"type":"Feature","geometry":{"type":"Point","coordinates":[13.426478,38.096837]},"properties":{"id":"1132","nome":"Messina Marine Acqua Dei Corsari","linee":["224"],"accessibile":"","lon":13.426478,"lat":38.096837}},{"type":"Feature","geometry":{"type":"Point","coordinates":[13.390753,38.104387]},"properties":{"id":"1133","nome":"Messina Marine Alagna","linee":["224","N7"],"accessibile":"","lon":13.390753,"lat":38.104387}},{"type":"Feature","geometry":{"type":"Point","coordinates":[13.390955,38.104355]},"properties":{"id":"1134","nome":"Messina Marine Alagna","linee":["224"],"accessibile":"","lon":13.390955,"lat":38.104355}},{"type":"Feature","geometry":{"type":"Point","coordinates":[13.395784,38.102369]},"properties":{"id":"1135","nome":"Messina Marine Albricci","linee":["224","N7"],"accessibile":"","lon":13.395784,"lat":38.102369}},{"type":"Feature","geometry":{"type":"Point","coordinates":[13.396123,38.102375]},"properties":{"id":"1136","nome":"Messina Marine Albricci","linee":["224"],"accessibile":"","lon":13.396123,"lat":38.102375}},{"type":"Feature","geometry":{"type":"Point","coordinates":[13.425383,38.096828]},"properties":{"id":"1137","nome":"Messina Marine Ammiraglio Cristodulo","linee":["224","N7"],"accessibile":"","lon":13.425383,"lat":38.096828}},{"type":"Feature","geometry":{"type":"Point","coordinates":[13.416473,38.09754]},"properties":{"id":"1138","nome":"Messina Marine Bandita","linee":["224","N7"],"accessibile":"","lon":13.416473,"lat":38.09754}},{"type":"Feature","geometry":{"type":"Point","coordinates":[13.41714,38.097552]},"properties":{"id":"1139","nome":"Messina Marine Bandita","linee":["224"],"accessibile":"","lon":13.41714,"lat":38.097552}},{"type":"Feature","geometry":{"type":"Point","coordinates":[13.310753,38.076392]},"properties":{"id":"114","nome":"Aquino 2 Monte","linee":["364"],"accessibile":"","lon":13.310753,"lat":38.076392}},{"type":"Feature","geometry":{"type":"Point","coordinates":[13.386678,38.106105]},"properties":{"id":"1140","nome":"Messina Marine Buccheri La Ferla","linee":["224","N7"],"accessibile":"","lon":13.386678,"lat":38.106105}},{"type":"Feature","geometry":{"type":"Point","coordinates":[13.385687,38.106492]},"properties":{"id":"1141","nome":"Messina Marine Buccheri La Ferla","linee":["224"],"accessibile":"","lon":13.385687,"lat":38.106492}},{"type":"Feature","geometry":{"type":"Point","coordinates":[13.384345,38.106675]},"properties":{"id":"1142","nome":"Messina Marine Cappello","linee":["224","N7"],"accessibile":"","lon":13.384345,"lat":38.106675}},{"type":"Feature","geometry":{"type":"Point","coordinates":[13.383893,38.106793]},"properties":{"id":"1143","nome":"Messina Marine Cappello","linee":["224"],"accessibile":"","lon":13.383893,"lat":38.106793}},{"type":"Feature","geometry":{"type":"Point","coordinates":[13.402788,38.10004]},"properties":{"id":"1144","nome":"Messina Marine Caracausi","linee":["224","N7"],"accessibile":"","lon":13.402788,"lat":38.10004}},{"type":"Feature","geometry":{"type":"Point","coordinates":[13.401793,38.100433]},"properties":{"id":"1145","nome":"Messina Marine Caracausi","linee":["224"],"accessibile":"","lon":13.401793,"lat":38.100433}},{"type":"Feature","geometry":{"type":"Point","coordinates":[13.379903,38.109285]},"properties":{"id":"1146","nome":"Messina Marine Fiume Oreto","linee":["224","226","N7"],"accessibile":"","lon":13.379903,"lat":38.109285}},{"type":"Feature","geometry":{"type":"Point","coordinates":[13.39327,38.103317]},"properties":{"id":"1147","nome":"Messina Marine Clober","linee":["224","N7"],"accessibile":"","lon":13.39327,"lat":38.103317}},{"type":"Feature","geometry":{"type":"Point","coordinates":[13.38859,38.10544]},"properties":{"id":"1148","nome":"Messina Marine D' Aosta","linee":["224","N7"],"accessibile":"","lon":13.38859,"lat":38.10544}},{"type":"Feature","geometry":{"type":"Point","coordinates":[13.387675,38.105867]},"properties":{"id":"1149","nome":"Messina Marine D' Aosta","linee":["224"],"accessibile":"","lon":13.387675,"lat":38.105867}},{"type":"Feature","geometry":{"type":"Point","coordinates":[13.310797,38.076348]},"properties":{"id":"115","nome":"Aquino 2 Valle","linee":["364"],"accessibile":"","lon":13.310797,"lat":38.076348}},{"type":"Feature","geometry":{"type":"Point","coordinates":[13.393778,38.103203]},"properties":{"id":"1150","nome":"Messina Marine Diaz","linee":["224"],"accessibile":"","lon":13.393778,"lat":38.103203}},{"type":"Feature","geometry":{"type":"Point","coordinates":[13.379889,38.109315]},"properties":{"id":"1151","nome":"Messina Marine Fiume Oreto","linee":["224","226"],"accessibile":"","lon":13.379889,"lat":38.109315}},{"type":"Feature","geometry":{"type":"Point","coordinates":[13.412882,38.097865]},"properties":{"id":"1152","nome":"Messina Marine Laudicina","linee":["224","N7"],"accessibile":"","lon":13.412882,"lat":38.097865}},{"type":"Feature","geometry":{"type":"Point","coordinates":[13.414506,38.097771]},"properties":{"id":"1153","nome":"Messina Marine Bertett","linee":["224"],"accessibile":"","lon":13.414506,"lat":38.097771}},{"type":"Feature","geometry":{"type":"Point","coordinates":[13.412976,38.097938]},"properties":{"id":"1154","nome":"Messina Marine Laudicina","linee":["224"],"accessibile":"","lon":13.412976,"lat":38.097938}},{"type":"Feature","geometry":{"type":"Point","coordinates":[13.421409,38.096931]},"properties":{"id":"1155","nome":"Messina Marine Li Gotti","linee":["224"],"accessibile":"","lon":13.421409,"lat":38.096931}},{"type":"Feature","geometry":{"type":"Point","coordinates":[13.398219,38.101595]},"properties":{"id":"1156","nome":"Messina Marine Palumbo","linee":["224","N7"],"accessibile":"","lon":13.398219,"lat":38.101595}},{"type":"Feature","geometry":{"type":"Point","coordinates":[13.399435,38.10126]},"properties":{"id":"1157","nome":"Messina Marine Palumbo","linee":["224"],"accessibile":"","lon":13.399435,"lat":38.10126}},{"type":"Feature","geometry":{"type":"Point","coordinates":[13.404433,38.099553]},"properties":{"id":"1158","nome":"Messina Marine Piazzetta Sperone","linee":["224"],"accessibile":"","lon":13.404433,"lat":38.099553}},{"type":"Feature","geometry":{"type":"Point","coordinates":[13.400076,38.100903]},"properties":{"id":"1159","nome":"Messina Marine Ravenna","linee":["224","N7"],"accessibile":"","lon":13.400076,"lat":38.100903}},{"type":"Feature","geometry":{"type":"Point","coordinates":[13.309686,38.075088]},"properties":{"id":"116","nome":"Aquino 3 Monte","linee":["364"],"accessibile":"","lon":13.309686,"lat":38.075088}},{"type":"Feature","geometry":{"type":"Point","coordinates":[13.38197,38.107555]},"properties":{"id":"1160","nome":"Messina Marine Saetta","linee":["224","226","N7"],"accessibile":"","lon":13.38197,"lat":38.107555}},{"type":"Feature","geometry":{"type":"Point","coordinates":[13.382087,38.10757]},"properties":{"id":"1161","nome":"Messina Marine Saetta","linee":["224","226"],"accessibile":"","lon":13.382087,"lat":38.10757}},{"type":"Feature","geometry":{"type":"Point","coordinates":[13.406595,38.098538]},"properties":{"id":"1162","nome":"Messina Marine Xxvii Maggio","linee":["224","N7"],"accessibile":"","lon":13.406595,"lat":38.098538}},{"type":"Feature","geometry":{"type":"Point","coordinates":[13.423003,38.096725]},"properties":{"id":"1163","nome":"Messina Marine Zucchetto","linee":["224","N7"],"accessibile":"","lon":13.423003,"lat":38.096725}},{"type":"Feature","geometry":{"type":"Point","coordinates":[13.423739,38.096838]},"properties":{"id":"1164","nome":"Messina Marine Zucchetto","linee":["224"],"accessibile":"","lon":13.423739,"lat":38.096838}},{"type":"Feature","geometry":{"type":"Point","coordinates":[13.41898,38.097317]},"properties":{"id":"1165","nome":"Messina Marine 1","linee":["224"],"accessibile":"","lon":13.41898,"lat":38.097317}},{"type":"Feature","geometry":{"type":"Point","coordinates":[13.411153,38.09815]},"properties":{"id":"1166","nome":"Messina Marine 2","linee":["224"],"accessibile":"","lon":13.411153,"lat":38.09815}},{"type":"Feature","geometry":{"type":"Point","coordinates":[13.408212,38.09845]},"properties":{"id":"1167","nome":"Messina Marine 3","linee":["224"],"accessibile":"","lon":13.408212,"lat":38.09845}},{"type":"Feature","geometry":{"type":"Point","coordinates":[13.397585,38.101863]},"properties":{"id":"1168","nome":"Messina Marine 4","linee":["224"],"accessibile":"","lon":13.397585,"lat":38.101863}},{"type":"Feature","geometry":{"type":"Point","coordinates":[13.40865,38.098308]},"properties":{"id":"1169","nome":"Messina Marine 3","linee":["224","N7"],"accessibile":"","lon":13.40865,"lat":38.098308}},{"type":"Feature","geometry":{"type":"Point","coordinates":[13.309669,38.075035]},"properties":{"id":"117","nome":"Aquino 3 Valle","linee":["364"],"accessibile":"","lon":13.309669,"lat":38.075035}},{"type":"Feature","geometry":{"type":"Point","coordinates":[13.410997,38.098043]},"properties":{"id":"1170","nome":"Messina Marine 2","linee":["224","N7"],"accessibile":"","lon":13.410997,"lat":38.098043}},{"type":"Feature","geometry":{"type":"Point","coordinates":[13.418677,38.097305]},"properties":{"id":"1171","nome":"Messina Marine 1","linee":["224","N7"],"accessibile":"","lon":13.418677,"lat":38.097305}},{"type":"Feature","geometry":{"type":"Point","coordinates":[13.319181,38.137162]},"properties":{"id":"1172","nome":"Michelangelo Badia","linee":["513","625","N3"],"accessibile":"","lon":13.319181,"lat":38.137162}},{"type":"Feature","geometry":{"type":"Point","coordinates":[13.317997,38.136703]},"properties":{"id":"1173","nome":"Michelangelo Badia","linee":["513","625"],"accessibile":"","lon":13.317997,"lat":38.136703}},{"type":"Feature","geometry":{"type":"Point","coordinates":[13.323037,38.137881]},"properties":{"id":"1174","nome":"Michelangelo Bernini","linee":["625"],"accessibile":"","lon":13.323037,"lat":38.137881}},{"type":"Feature","geometry":{"type":"Point","coordinates":[13.314802,38.135586]},"properties":{"id":"1175","nome":"Michelangelo Brunelleschi","linee":["513","625","N3"],"accessibile":"","lon":13.314802,"lat":38.135586}},{"type":"Feature","geometry":{"type":"Point","coordinates":[13.312729,38.134493]},"properties":{"id":"1176","nome":"Michelangelo Casalini","linee":["513","625"],"accessibile":"","lon":13.312729,"lat":38.134493}},{"type":"Feature","geometry":{"type":"Point","coordinates":[13.308172,38.13275]},"properties":{"id":"1177","nome":"Michelangelo Cava","linee":["513","625","N3"],"accessibile":"","lon":13.308172,"lat":38.13275}},{"type":"Feature","geometry":{"type":"Point","coordinates":[13.325787,38.138524]},"properties":{"id":"1178","nome":"Michelangelo Felice","linee":["625"],"accessibile":"","lon":13.325787,"lat":38.138524}},{"type":"Feature","geometry":{"type":"Point","coordinates":[13.30903,38.132894]},"properties":{"id":"1179","nome":"Michelangelo Frontini","linee":["513","625"],"accessibile":"","lon":13.30903,"lat":38.132894}},{"type":"Feature","geometry":{"type":"Point","coordinates":[13.305572,38.074744]},"properties":{"id":"118","nome":"Aquino 4 Monte","linee":["364"],"accessibile":"","lon":13.305572,"lat":38.074744}},{"type":"Feature","geometry":{"type":"Point","coordinates":[13.311025,38.134001]},"properties":{"id":"1180","nome":"Michelangelo Paladini","linee":["625","N3"],"accessibile":"","lon":13.311025,"lat":38.134001}},{"type":"Feature","geometry":{"type":"Point","coordinates":[13.310711,38.133625]},"properties":{"id":"1181","nome":"Michelangelo Paladini","linee":["513","625"],"accessibile":"","lon":13.310711,"lat":38.133625}},{"type":"Feature","geometry":{"type":"Point","coordinates":[13.329114,38.139303]},"properties":{"id":"1182","nome":"Michelangelo Regione Siciliana","linee":["625"],"accessibile":"","lon":13.329114,"lat":38.139303}},{"type":"Feature","geometry":{"type":"Point","coordinates":[13.321271,38.137642]},"properties":{"id":"1183","nome":"Michelangelo Salerno","linee":["513","625","N3"],"accessibile":"","lon":13.321271,"lat":38.137642}},{"type":"Feature","geometry":{"type":"Point","coordinates":[13.327531,38.139115]},"properties":{"id":"1184","nome":"Michelangelo Santuario Di Cruillas","linee":["513","625","N3"],"accessibile":"","lon":13.327531,"lat":38.139115}},{"type":"Feature","geometry":{"type":"Point","coordinates":[13.326144,38.138787]},"properties":{"id":"1185","nome":"Michelangelo 1","linee":["513","625","N3"],"accessibile":"","lon":13.326144,"lat":38.138787}},{"type":"Feature","geometry":{"type":"Point","coordinates":[13.312523,38.134622]},"properties":{"id":"1187","nome":"Michelangelo 3","linee":["625","N3"],"accessibile":"","lon":13.312523,"lat":38.134622}},{"type":"Feature","geometry":{"type":"Point","coordinates":[13.306514,38.132054]},"properties":{"id":"1188","nome":"Michelangelo 4","linee":["513","625","N3"],"accessibile":"","lon":13.306514,"lat":38.132054}},{"type":"Feature","geometry":{"type":"Point","coordinates":[13.306576,38.13184]},"properties":{"id":"1189","nome":"Michelangelo 5","linee":["513","625"],"accessibile":"","lon":13.306576,"lat":38.13184}},{"type":"Feature","geometry":{"type":"Point","coordinates":[13.305538,38.074701]},"properties":{"id":"119","nome":"Aquino 4 Valle","linee":["364"],"accessibile":"","lon":13.305538,"lat":38.074701}},{"type":"Feature","geometry":{"type":"Point","coordinates":[13.316415,38.1361]},"properties":{"id":"1190","nome":"Michelangelo 6","linee":["513","625"],"accessibile":"","lon":13.316415,"lat":38.1361}},{"type":"Feature","geometry":{"type":"Point","coordinates":[13.320154,38.137203]},"properties":{"id":"1191","nome":"Michelangelo 7","linee":["513","625"],"accessibile":"","lon":13.320154,"lat":38.137203}},{"type":"Feature","geometry":{"type":"Point","coordinates":[13.344207,38.11622]},"properties":{"id":"1192","nome":"Michele Piazza","linee":["124"],"accessibile":"","lon":13.344207,"lat":38.11622}},{"type":"Feature","geometry":{"type":"Point","coordinates":[13.304209,38.074753]},"properties":{"id":"120","nome":"Aquino 5 Monte","linee":["364"],"accessibile":"","lon":13.304209,"lat":38.074753}},{"type":"Feature","geometry":{"type":"Point","coordinates":[13.312254,38.079728]},"properties":{"id":"1200","nome":"Molara Mimosa","linee":["380"],"accessibile":"","lon":13.312254,"lat":38.079728}},{"type":"Feature","geometry":{"type":"Point","coordinates":[13.312239,38.079575]},"properties":{"id":"1201","nome":"Molara Mimosa","linee":["380"],"accessibile":"","lon":13.312239,"lat":38.079575}},{"type":"Feature","geometry":{"type":"Point","coordinates":[13.311201,38.080936]},"properties":{"id":"1202","nome":"Molara Piazza Molara","linee":["380"],"accessibile":"","lon":13.311201,"lat":38.080936}},{"type":"Feature","geometry":{"type":"Point","coordinates":[13.311134,38.080884]},"properties":{"id":"1203","nome":"Molara Piazza Molara","linee":["380"],"accessibile":"","lon":13.311134,"lat":38.080884}},{"type":"Feature","geometry":{"type":"Point","coordinates":[13.324226,38.206205]},"properties":{"id":"1208","nome":"Mondello Tolomea","linee":["84","86","87","544","603","606","614","806"],"accessibile":"","lon":13.324226,"lat":38.206205}},{"type":"Feature","geometry":{"type":"Point","coordinates":[13.353121,38.085317]},"properties":{"id":"1209","nome":"Moneta Aloi","linee":["241"],"accessibile":"","lon":13.353121,"lat":38.085317}},{"type":"Feature","geometry":{"type":"Point","coordinates":[13.304184,38.074685]},"properties":{"id":"121","nome":"Aquino 5 Valle","linee":["364"],"accessibile":"","lon":13.304184,"lat":38.074685}},{"type":"Feature","geometry":{"type":"Point","coordinates":[13.353246,38.085237]},"properties":{"id":"1210","nome":"Moneta Ermellino","linee":["100","241"],"accessibile":"","lon":13.353246,"lat":38.085237}},{"type":"Feature","geometry":{"type":"Point","coordinates":[13.324282,38.153961]},"properties":{"id":"1211","nome":"Monte San Calogero","linee":["704"],"accessibile":"","lon":13.324282,"lat":38.153961}},{"type":"Feature","geometry":{"type":"Point","coordinates":[13.324635,38.155137]},"properties":{"id":"1212","nome":"Montecarlo","linee":["704"],"accessibile":"","lon":13.324635,"lat":38.155137}},{"type":"Feature","geometry":{"type":"Point","coordinates":[13.358002,38.141077]},"properties":{"id":"1213","nome":"Montepellegrino Ammiraglio Rizzo","linee":["107","812"],"accessibile":"","lon":13.358002,"lat":38.141077}},{"type":"Feature","geometry":{"type":"Point","coordinates":[13.357779,38.140888]},"properties":{"id":"1214","nome":"Montepellegrino Ammiraglio Rizzo","linee":["107","721","812"],"accessibile":"","lon":13.357779,"lat":38.140888}},{"type":"Feature","geometry":{"type":"Point","coordinates":[13.358289,38.139458]},"properties":{"id":"1215","nome":"Montepellegrino Loria","linee":["107","812"],"accessibile":"","lon":13.358289,"lat":38.139458}},{"type":"Feature","geometry":{"type":"Point","coordinates":[13.358042,38.139486]},"properties":{"id":"1216","nome":"Montepellegrino Loria","linee":["107","721","812"],"accessibile":"","lon":13.358042,"lat":38.139486}},{"type":"Feature","geometry":{"type":"Point","coordinates":[13.358452,38.136592]},"properties":{"id":"1217","nome":"Montepellegrino Mercato","linee":["107","721","812"],"accessibile":"","lon":13.358452,"lat":38.136592}},{"type":"Feature","geometry":{"type":"Point","coordinates":[13.358733,38.136427]},"properties":{"id":"1218","nome":"Montepellegrino Mercato","linee":["107","812"],"accessibile":"","lon":13.358733,"lat":38.136427}},{"type":"Feature","geometry":{"type":"Point","coordinates":[13.307652,38.080991]},"properties":{"id":"122","nome":"Aquino Molara Decano","linee":["380"],"accessibile":"","lon":13.307652,"lat":38.080991}},{"type":"Feature","geometry":{"type":"Point","coordinates":[13.358586,38.13746]},"properties":{"id":"1220","nome":"Montepellegrino Montalbo","linee":["107","812"],"accessibile":"","lon":13.358586,"lat":38.13746}},{"type":"Feature","geometry":{"type":"Point","coordinates":[13.358256,38.138045]},"properties":{"id":"1221","nome":"Montepellegrino Montalbo","linee":["107","721","812"],"accessibile":"","lon":13.358256,"lat":38.138045}},{"type":"Feature","geometry":{"type":"Point","coordinates":[13.311966,38.175414]},"properties":{"id":"1223","nome":"Mormino","linee":["619"],"accessibile":"","lon":13.311966,"lat":38.175414}},{"type":"Feature","geometry":{"type":"Point","coordinates":[13.307666,38.080928]},"properties":{"id":"123","nome":"Aquino Molara Decano","linee":["380"],"accessibile":"","lon":13.307666,"lat":38.080928}},{"type":"Feature","geometry":{"type":"Point","coordinates":[13.329427,38.149642]},"properties":{"id":"1231","nome":"Nebrodi Belgio","linee":["544"],"accessibile":"","lon":13.329427,"lat":38.149642}},{"type":"Feature","geometry":{"type":"Point","coordinates":[13.329315,38.149734]},"properties":{"id":"1233","nome":"Nebrodi De Gasperi","linee":["529"],"accessibile":"","lon":13.329315,"lat":38.149734}},{"type":"Feature","geometry":{"type":"Point","coordinates":[13.331465,38.146472]},"properties":{"id":"1234","nome":"Nebrodi Delle Madonie","linee":["544"],"accessibile":"","lon":13.331465,"lat":38.146472}},{"type":"Feature","geometry":{"type":"Point","coordinates":[13.331693,38.145965]},"properties":{"id":"1237","nome":"Nebrodi Sardegna","linee":["529","544"],"accessibile":"","lon":13.331693,"lat":38.145965}},{"type":"Feature","geometry":{"type":"Point","coordinates":[13.32272,38.152368]},"properties":{"id":"1238","nome":"Nenni Acc A29 Valle","linee":["516"],"accessibile":"","lon":13.32272,"lat":38.152368}},{"type":"Feature","geometry":{"type":"Point","coordinates":[13.320386,38.154791]},"properties":{"id":"1239","nome":"Nenni Croce Rossa Italiana","linee":["516"],"accessibile":"","lon":13.320386,"lat":38.154791}},{"type":"Feature","geometry":{"type":"Point","coordinates":[13.305671,38.080375]},"properties":{"id":"124","nome":"Aquino Molara Galati","linee":["380"],"accessibile":"","lon":13.305671,"lat":38.080375}},{"type":"Feature","geometry":{"type":"Point","coordinates":[13.320043,38.155049]},"properties":{"id":"1240","nome":"Nenni Croce Rossa Italiana","linee":["516"],"accessibile":"","lon":13.320043,"lat":38.155049}},{"type":"Feature","geometry":{"type":"Point","coordinates":[13.294037,38.189542]},"properties":{"id":"1241","nome":"Nicoletti - Partanna Mondello","linee":["N2"],"accessibile":"","lon":13.294037,"lat":38.189542}},{"type":"Feature","geometry":{"type":"Point","coordinates":[13.296652,38.18903]},"properties":{"id":"1242","nome":"Nicoletti Piazza Bolivar","linee":["614","616"],"accessibile":"","lon":13.296652,"lat":38.18903}},{"type":"Feature","geometry":{"type":"Point","coordinates":[13.297096,38.188858]},"properties":{"id":"1243","nome":"Nicoletti Piazza Bolivar","linee":["614","616","N2"],"accessibile":"","lon":13.297096,"lat":38.188858}},{"type":"Feature","geometry":{"type":"Point","coordinates":[13.286192,38.193429]},"properties":{"id":"1244","nome":"Nicoletti T.S 49","linee":["614","616"],"accessibile":"","lon":13.286192,"lat":38.193429}},{"type":"Feature","geometry":{"type":"Point","coordinates":[13.291732,38.190621]},"properties":{"id":"1245","nome":"Nicoletti","linee":["N2"],"accessibile":"","lon":13.291732,"lat":38.190621}},{"type":"Feature","geometry":{"type":"Point","coordinates":[13.29122,38.191079]},"properties":{"id":"1246","nome":"Nicoletti","linee":["614","616"],"accessibile":"","lon":13.29122,"lat":38.191079}},{"type":"Feature","geometry":{"type":"Point","coordinates":[13.332043,38.115979]},"properties":{"id":"1247","nome":"Nina Siciliana Parcheggio Emiri","linee":["124"],"accessibile":"","lon":13.332043,"lat":38.115979}},{"type":"Feature","geometry":{"type":"Point","coordinates":[13.331438,38.118585]},"properties":{"id":"1248","nome":"Nina Siciliana Perpignano","linee":["106","422","442","462","N5"],"accessibile":"","lon":13.331438,"lat":38.118585}},{"type":"Feature","geometry":{"type":"Point","coordinates":[13.331923,38.116392]},"properties":{"id":"1249","nome":"Nina Siciliana Scuola La Torre","linee":["106","442","N5"],"accessibile":"","lon":13.331923,"lat":38.116392}},{"type":"Feature","geometry":{"type":"Point","coordinates":[13.305815,38.080379]},"properties":{"id":"125","nome":"Aquino Molara Galati","linee":["380"],"accessibile":"","lon":13.305815,"lat":38.080379}},{"type":"Feature","geometry":{"type":"Point","coordinates":[13.335287,38.121164]},"properties":{"id":"1253","nome":"Noce Littara","linee":["442"],"accessibile":"","lon":13.335287,"lat":38.121164}},{"type":"Feature","geometry":{"type":"Point","coordinates":[13.335558,38.121012]},"properties":{"id":"1254","nome":"Noce Littara","linee":["442"],"accessibile":"","lon":13.335558,"lat":38.121012}},{"type":"Feature","geometry":{"type":"Point","coordinates":[13.34293,38.131955]},"properties":{"id":"1255","nome":"Notarbartolo Di Maria","linee":["103","N3"],"accessibile":"","lon":13.34293,"lat":38.131955}},{"type":"Feature","geometry":{"type":"Point","coordinates":[13.344891,38.13245]},"properties":{"id":"1256","nome":"Notarbartolo Morello","linee":["102","704","N2"],"accessibile":"","lon":13.344891,"lat":38.13245}},{"type":"Feature","geometry":{"type":"Point","coordinates":[13.347678,38.133143]},"properties":{"id":"1257","nome":"Notarbartolo Petrarca","linee":["102","704","N2"],"accessibile":"","lon":13.347678,"lat":38.133143}},{"type":"Feature","geometry":{"type":"Point","coordinates":[13.348752,38.133469]},"properties":{"id":"1258","nome":"Notarbartolo Petrarca","linee":["102","704","N2","N3"],"accessibile":"","lon":13.348752,"lat":38.133469}},{"type":"Feature","geometry":{"type":"Point","coordinates":[13.343936,38.132296]},"properties":{"id":"1259","nome":"Notarbartolo Sciuti","linee":["102","103","118","704","N2","N3"],"accessibile":"","lon":13.343936,"lat":38.132296}},{"type":"Feature","geometry":{"type":"Point","coordinates":[13.311991,38.188855]},"properties":{"id":"1260","nome":"Olimpo Aspasia","linee":["616"],"accessibile":"","lon":13.311991,"lat":38.188855}},{"type":"Feature","geometry":{"type":"Point","coordinates":[13.320783,38.188896]},"properties":{"id":"1261","nome":"Olimpo Castelforte","linee":["544","616"],"accessibile":"","lon":13.320783,"lat":38.188896}},{"type":"Feature","geometry":{"type":"Point","coordinates":[13.320199,38.189038]},"properties":{"id":"1262","nome":"Olimpo Castelforte","linee":["544","616"],"accessibile":"","lon":13.320199,"lat":38.189038}},{"type":"Feature","geometry":{"type":"Point","coordinates":[13.307592,38.18887]},"properties":{"id":"1263","nome":"Olimpo Chirone","linee":["616"],"accessibile":"","lon":13.307592,"lat":38.18887}},{"type":"Feature","geometry":{"type":"Point","coordinates":[13.306805,38.189103]},"properties":{"id":"1264","nome":"Olimpo Chirone","linee":["616"],"accessibile":"","lon":13.306805,"lat":38.189103}},{"type":"Feature","geometry":{"type":"Point","coordinates":[13.304276,38.18912]},"properties":{"id":"1265","nome":"Olimpo Euripide","linee":["616"],"accessibile":"","lon":13.304276,"lat":38.18912}},{"type":"Feature","geometry":{"type":"Point","coordinates":[13.316749,38.188887]},"properties":{"id":"1266","nome":"Olimpo Palasport","linee":["544","616"],"accessibile":"","lon":13.316749,"lat":38.188887}},{"type":"Feature","geometry":{"type":"Point","coordinates":[13.31676,38.189068]},"properties":{"id":"1267","nome":"Olimpo Palasport","linee":["544","616"],"accessibile":"","lon":13.31676,"lat":38.189068}},{"type":"Feature","geometry":{"type":"Point","coordinates":[13.302389,38.188902]},"properties":{"id":"1268","nome":"Olimpo Villa Scalea","linee":["616"],"accessibile":"","lon":13.302389,"lat":38.188902}},{"type":"Feature","geometry":{"type":"Point","coordinates":[13.301399,38.189119]},"properties":{"id":"1269","nome":"Olimpo Villa Scalea","linee":["616"],"accessibile":"","lon":13.301399,"lat":38.189119}},{"type":"Feature","geometry":{"type":"Point","coordinates":[13.304905,38.188883]},"properties":{"id":"1270","nome":"Olimpo","linee":["616"],"accessibile":"","lon":13.304905,"lat":38.188883}},{"type":"Feature","geometry":{"type":"Point","coordinates":[13.312366,38.189088]},"properties":{"id":"1271","nome":"Olimpo","linee":["616"],"accessibile":"","lon":13.312366,"lat":38.189088}},{"type":"Feature","geometry":{"type":"Point","coordinates":[13.313583,38.0786]},"properties":{"id":"1272","nome":"Olio Di Lino Molara","linee":["364","380"],"accessibile":"","lon":13.313583,"lat":38.0786}},{"type":"Feature","geometry":{"type":"Point","coordinates":[13.313673,38.078497]},"properties":{"id":"1273","nome":"Olio Di Lino Molara","linee":["364","380"],"accessibile":"","lon":13.313673,"lat":38.078497}},{"type":"Feature","geometry":{"type":"Point","coordinates":[13.326356,38.084993]},"properties":{"id":"1274","nome":"Olio Di Lino 1","linee":["364","380"],"accessibile":"","lon":13.326356,"lat":38.084993}},{"type":"Feature","geometry":{"type":"Point","coordinates":[13.318876,38.080829]},"properties":{"id":"1275","nome":"Olio Di Lino 10","linee":["364","380"],"accessibile":"","lon":13.318876,"lat":38.080829}},{"type":"Feature","geometry":{"type":"Point","coordinates":[13.320705,38.081236]},"properties":{"id":"1276","nome":"Olio Di Lino 11","linee":["364","380"],"accessibile":"","lon":13.320705,"lat":38.081236}},{"type":"Feature","geometry":{"type":"Point","coordinates":[13.324302,38.08305]},"properties":{"id":"1277","nome":"Olio Di Lino 12","linee":["364","380"],"accessibile":"","lon":13.324302,"lat":38.08305}},{"type":"Feature","geometry":{"type":"Point","coordinates":[13.325314,38.083947]},"properties":{"id":"1278","nome":"Olio Di Lino 13","linee":["364","380"],"accessibile":"","lon":13.325314,"lat":38.083947}},{"type":"Feature","geometry":{"type":"Point","coordinates":[13.326423,38.084947]},"properties":{"id":"1279","nome":"Olio Di Lino 14","linee":["364","380"],"accessibile":"","lon":13.326423,"lat":38.084947}},{"type":"Feature","geometry":{"type":"Point","coordinates":[13.374169,38.108923]},"properties":{"id":"128","nome":"Archirafi Tiro A Segno","linee":["226"],"accessibile":"","lon":13.374169,"lat":38.108923}},{"type":"Feature","geometry":{"type":"Point","coordinates":[13.320699,38.081308]},"properties":{"id":"1282","nome":"Olio Di Lino 4","linee":["364","380"],"accessibile":"","lon":13.320699,"lat":38.081308}},{"type":"Feature","geometry":{"type":"Point","coordinates":[13.318939,38.080885]},"properties":{"id":"1283","nome":"Olio Di Lino 5","linee":["364","380"],"accessibile":"","lon":13.318939,"lat":38.080885}},{"type":"Feature","geometry":{"type":"Point","coordinates":[13.368395,38.104875]},"properties":{"id":"1288","nome":"Oreto Bergamo","linee":["243"],"accessibile":"","lon":13.368395,"lat":38.104875}},{"type":"Feature","geometry":{"type":"Point","coordinates":[13.368817,38.104362]},"properties":{"id":"1289","nome":"Oreto Bergamo","linee":["243","246","N7"],"accessibile":"","lon":13.368817,"lat":38.104362}},{"type":"Feature","geometry":{"type":"Point","coordinates":[13.371783,38.099759]},"properties":{"id":"1290","nome":"Oreto Buonriposo","linee":["212","230","237","243","N6"],"accessibile":"","lon":13.371783,"lat":38.099759}},{"type":"Feature","geometry":{"type":"Point","coordinates":[13.371565,38.100147]},"properties":{"id":"1291","nome":"Oreto Buonriposo","linee":["243"],"accessibile":"","lon":13.371565,"lat":38.100147}},{"type":"Feature","geometry":{"type":"Point","coordinates":[13.372778,38.098365]},"properties":{"id":"1292","nome":"Oreto Concordia","linee":["212","230","237","243","N6"],"accessibile":"","lon":13.372778,"lat":38.098365}},{"type":"Feature","geometry":{"type":"Point","coordinates":[13.366312,38.108134]},"properties":{"id":"1293","nome":"Oreto Errante","linee":["243"],"accessibile":"","lon":13.366312,"lat":38.108134}},{"type":"Feature","geometry":{"type":"Point","coordinates":[13.36678,38.10752]},"properties":{"id":"1294","nome":"Oreto Errante","linee":["243","246","N7"],"accessibile":"","lon":13.36678,"lat":38.10752}},{"type":"Feature","geometry":{"type":"Point","coordinates":[13.371165,38.100665]},"properties":{"id":"1295","nome":"Oreto La Colla","linee":["243"],"accessibile":"","lon":13.371165,"lat":38.100665}},{"type":"Feature","geometry":{"type":"Point","coordinates":[13.371005,38.101022]},"properties":{"id":"1296","nome":"Oreto La Colla","linee":["243"],"accessibile":"","lon":13.371005,"lat":38.101022}},{"type":"Feature","geometry":{"type":"Point","coordinates":[13.374454,38.095535]},"properties":{"id":"1297","nome":"Oreto Lo Bianco","linee":["100","209","212","237","241"],"accessibile":"","lon":13.374454,"lat":38.095535}},{"type":"Feature","geometry":{"type":"Point","coordinates":[13.37465,38.095416]},"properties":{"id":"1298","nome":"Oreto Lo Bianco","linee":["212","237","N6"],"accessibile":"","lon":13.37465,"lat":38.095416}},{"type":"Feature","geometry":{"type":"Point","coordinates":[13.367254,38.106622]},"properties":{"id":"1299","nome":"Oreto Mendola","linee":["243"],"accessibile":"","lon":13.367254,"lat":38.106622}},{"type":"Feature","geometry":{"type":"Point","coordinates":[13.294695,38.176542]},"properties":{"id":"13","nome":"Acc A29 Monte 3","linee":["516"],"accessibile":"","lon":13.294695,"lat":38.176542}},{"type":"Feature","geometry":{"type":"Point","coordinates":[13.333568,38.117284]},"properties":{"id":"130","nome":"Arculeo","linee":["106","442","N5"],"accessibile":"","lon":13.333568,"lat":38.117284}},{"type":"Feature","geometry":{"type":"Point","coordinates":[13.367687,38.106157]},"properties":{"id":"1300","nome":"Oreto Mendola","linee":["243","246","N7"],"accessibile":"","lon":13.367687,"lat":38.106157}},{"type":"Feature","geometry":{"type":"Point","coordinates":[13.373584,38.096876]},"properties":{"id":"1301","nome":"Oreto Orsa Minore","linee":["100","209","212","237","241"],"accessibile":"","lon":13.373584,"lat":38.096876}},{"type":"Feature","geometry":{"type":"Point","coordinates":[13.373725,38.096836]},"properties":{"id":"1302","nome":"Oreto Orsa Minore","linee":["212","237","N6"],"accessibile":"","lon":13.373725,"lat":38.096836}},{"type":"Feature","geometry":{"type":"Point","coordinates":[13.373053,38.097598]},"properties":{"id":"1303","nome":"Oreto Orsa Minore O.S.6","linee":["230","243","N6"],"accessibile":"","lon":13.373053,"lat":38.097598}},{"type":"Feature","geometry":{"type":"Point","coordinates":[13.37521,38.094351]},"properties":{"id":"1304","nome":"Oreto Orsi","linee":["100","209","212","237","241"],"accessibile":"","lon":13.37521,"lat":38.094351}},{"type":"Feature","geometry":{"type":"Point","coordinates":[13.376488,38.092422]},"properties":{"id":"1305","nome":"Oreto Regione Siciliana","linee":["100","209","212","237","241"],"accessibile":"","lon":13.376488,"lat":38.092422}},{"type":"Feature","geometry":{"type":"Point","coordinates":[13.376492,38.092554]},"properties":{"id":"1306","nome":"Oreto Regione Siciliana","linee":["N6"],"accessibile":"","lon":13.376492,"lat":38.092554}},{"type":"Feature","geometry":{"type":"Point","coordinates":[13.365612,38.109161]},"properties":{"id":"1307","nome":"Oreto S Antonino","linee":["101","243"],"accessibile":"","lon":13.365612,"lat":38.109161}},{"type":"Feature","geometry":{"type":"Point","coordinates":[13.375523,38.094033]},"properties":{"id":"1308","nome":"Oreto Sirillo","linee":["212","237","N6"],"accessibile":"","lon":13.375523,"lat":38.094033}},{"type":"Feature","geometry":{"type":"Point","coordinates":[13.36336,38.093825]},"properties":{"id":"1309","nome":"Orsa Maggiore Capricorno","linee":["230","243","N6"],"accessibile":"","lon":13.36336,"lat":38.093825}},{"type":"Feature","geometry":{"type":"Point","coordinates":[13.34804,38.099817]},"properties":{"id":"131","nome":"Artale","linee":["234"],"accessibile":"","lon":13.34804,"lat":38.099817}},{"type":"Feature","geometry":{"type":"Point","coordinates":[13.3632,38.093729]},"properties":{"id":"1310","nome":"Orsa Maggiore Capricorno","linee":["230","243"],"accessibile":"","lon":13.3632,"lat":38.093729}},{"type":"Feature","geometry":{"type":"Point","coordinates":[13.36517,38.093907]},"properties":{"id":"1311","nome":"Orsa Maggiore Orsa Minore","linee":["230","243","N6"],"accessibile":"","lon":13.36517,"lat":38.093907}},{"type":"Feature","geometry":{"type":"Point","coordinates":[13.36486,38.093802]},"properties":{"id":"1312","nome":"Orsa Maggiore Orsa Minore","linee":["230","243"],"accessibile":"","lon":13.36486,"lat":38.093802}},{"type":"Feature","geometry":{"type":"Point","coordinates":[13.365532,38.090725]},"properties":{"id":"1314","nome":"Orsa Minore Albiri","linee":["100","209"],"accessibile":"","lon":13.365532,"lat":38.090725}},{"type":"Feature","geometry":{"type":"Point","coordinates":[13.367987,38.094842]},"properties":{"id":"1316","nome":"Orsa Minore Chiavelli","linee":["230","243","N6"],"accessibile":"","lon":13.367987,"lat":38.094842}},{"type":"Feature","geometry":{"type":"Point","coordinates":[13.369275,38.095562]},"properties":{"id":"1317","nome":"Orsa Minore Chiavelli","linee":["100","209","230","241","243"],"accessibile":"","lon":13.369275,"lat":38.095562}},{"type":"Feature","geometry":{"type":"Point","coordinates":[13.372178,38.096885]},"properties":{"id":"1318","nome":"Orsa Minore Oreto","linee":["230","243","N6"],"accessibile":"","lon":13.372178,"lat":38.096885}},{"type":"Feature","geometry":{"type":"Point","coordinates":[13.372451,38.096895]},"properties":{"id":"1319","nome":"Orsa Minore Oreto","linee":["100","209","230","241","243"],"accessibile":"","lon":13.372451,"lat":38.096895}},{"type":"Feature","geometry":{"type":"Point","coordinates":[13.342802,38.146051]},"properties":{"id":"132","nome":"Artigliere","linee":["603","606","806"],"accessibile":"","lon":13.342802,"lat":38.146051}},{"type":"Feature","geometry":{"type":"Point","coordinates":[13.365663,38.092677]},"properties":{"id":"1320","nome":"Orsa Minore Orsa Maggiore","linee":["100","209"],"accessibile":"","lon":13.365663,"lat":38.092677}},{"type":"Feature","geometry":{"type":"Point","coordinates":[13.370153,38.0962]},"properties":{"id":"1321","nome":"Orsa Minore S M Di Gesu'","linee":["209","230","243","N6"],"accessibile":"","lon":13.370153,"lat":38.0962}},{"type":"Feature","geometry":{"type":"Point","coordinates":[13.371046,38.09649]},"properties":{"id":"1322","nome":"Orsa Minore S M Di Gesu'","linee":["100","209","230","241","243"],"accessibile":"","lon":13.371046,"lat":38.09649}},{"type":"Feature","geometry":{"type":"Point","coordinates":[13.367116,38.094194]},"properties":{"id":"1323","nome":"Orsa Minore","linee":["100","209","230","243"],"accessibile":"","lon":13.367116,"lat":38.094194}},{"type":"Feature","geometry":{"type":"Point","coordinates":[13.366748,38.094137]},"properties":{"id":"1324","nome":"Orsa Minore","linee":["230","243","N6"],"accessibile":"","lon":13.366748,"lat":38.094137}},{"type":"Feature","geometry":{"type":"Point","coordinates":[13.314942,38.153429]},"properties":{"id":"1326","nome":"Ospedale Cervello","linee":["529","675"],"accessibile":"","lon":13.314942,"lat":38.153429}},{"type":"Feature","geometry":{"type":"Point","coordinates":[13.35529,38.103677]},"properties":{"id":"1327","nome":"Ospedale Civico","linee":["108","246"],"accessibile":"","lon":13.35529,"lat":38.103677}},{"type":"Feature","geometry":{"type":"Point","coordinates":[13.335081,38.129259]},"properties":{"id":"1328","nome":"Pacinotti","linee":["103","110","134","N3"],"accessibile":"","lon":13.335081,"lat":38.129259}},{"type":"Feature","geometry":{"type":"Point","coordinates":[13.342769,38.146191]},"properties":{"id":"133","nome":"Artigliere","linee":["606","806"],"accessibile":"","lon":13.342769,"lat":38.146191}},{"type":"Feature","geometry":{"type":"Point","coordinates":[13.31651,38.178562]},"properties":{"id":"134","nome":"Ascari","linee":["619"],"accessibile":"","lon":13.31651,"lat":38.178562}},{"type":"Feature","geometry":{"type":"Point","coordinates":[13.254125,38.198561]},"properties":{"id":"1342","nome":"Palermo Camping","linee":["628"],"accessibile":"","lon":13.254125,"lat":38.198561}},{"type":"Feature","geometry":{"type":"Point","coordinates":[13.254529,38.198496]},"properties":{"id":"1343","nome":"Palermo Camping","linee":["628"],"accessibile":"","lon":13.254529,"lat":38.198496}},{"type":"Feature","geometry":{"type":"Point","coordinates":[13.251006,38.198599]},"properties":{"id":"1344","nome":"Palermo Piano Levante","linee":["628"],"accessibile":"","lon":13.251006,"lat":38.198599}},{"type":"Feature","geometry":{"type":"Point","coordinates":[13.306432,38.113114]},"properties":{"id":"1348","nome":"Pandolfini","linee":["307","N4"],"accessibile":"","lon":13.306432,"lat":38.113114}},{"type":"Feature","geometry":{"type":"Point","coordinates":[13.31214,38.197524]},"properties":{"id":"135","nome":"Atlante Ifigenia","linee":["87"],"accessibile":"","lon":13.31214,"lat":38.197524}},{"type":"Feature","geometry":{"type":"Point","coordinates":[13.362,38.083269]},"properties":{"id":"1350","nome":"Panepinto","linee":["209"],"accessibile":"","lon":13.362,"lat":38.083269}},{"type":"Feature","geometry":{"type":"Point","coordinates":[13.361345,38.083748]},"properties":{"id":"1351","nome":"Panepinto Giraffa","linee":["209"],"accessibile":"","lon":13.361345,"lat":38.083748}},{"type":"Feature","geometry":{"type":"Point","coordinates":[13.292986,38.128783]},"properties":{"id":"1354","nome":"Pantalica Tindari","linee":["422"],"accessibile":"","lon":13.292986,"lat":38.128783}},{"type":"Feature","geometry":{"type":"Point","coordinates":[13.292762,38.126656]},"properties":{"id":"1355","nome":"Pantalica Zancle","linee":["307","422"],"accessibile":"","lon":13.292762,"lat":38.126656}},{"type":"Feature","geometry":{"type":"Point","coordinates":[13.29265,38.126521]},"properties":{"id":"1356","nome":"Pantalica Zancle","linee":["307","422"],"accessibile":"","lon":13.29265,"lat":38.126521}},{"type":"Feature","geometry":{"type":"Point","coordinates":[13.36199,38.085135]},"properties":{"id":"1357","nome":"Papa Giovanni Xxiii Bassotto","linee":["209"],"accessibile":"","lon":13.36199,"lat":38.085135}},{"type":"Feature","geometry":{"type":"Point","coordinates":[13.361509,38.086094]},"properties":{"id":"1358","nome":"Papa Giovanni Xxiii Ermellino","linee":["209"],"accessibile":"","lon":13.361509,"lat":38.086094}},{"type":"Feature","geometry":{"type":"Point","coordinates":[13.370842,38.148824]},"properties":{"id":"1359","nome":"Papa Sergio Bosco","linee":["603","731"],"accessibile":"","lon":13.370842,"lat":38.148824}},{"type":"Feature","geometry":{"type":"Point","coordinates":[13.3105,38.19788]},"properties":{"id":"136","nome":"Atlante Piazza Della Serenita'","linee":["87"],"accessibile":"","lon":13.3105,"lat":38.19788}},{"type":"Feature","geometry":{"type":"Point","coordinates":[13.370597,38.147807]},"properties":{"id":"1360","nome":"Papa Sergio Bosco","linee":["603","731","N1"],"accessibile":"","lon":13.370597,"lat":38.147807}},{"type":"Feature","geometry":{"type":"Point","coordinates":[13.370875,38.15719]},"properties":{"id":"1361","nome":"Papa Sergio Chimica Arenella","linee":["603","731"],"accessibile":"","lon":13.370875,"lat":38.15719}},{"type":"Feature","geometry":{"type":"Point","coordinates":[13.370698,38.15632]},"properties":{"id":"1362","nome":"Papa Sergio Chimica Arenella","linee":["603","731","N1"],"accessibile":"","lon":13.370698,"lat":38.15632}},{"type":"Feature","geometry":{"type":"Point","coordinates":[13.370757,38.150394]},"properties":{"id":"1363","nome":"Papa Sergio Di Leo","linee":["603","731"],"accessibile":"","lon":13.370757,"lat":38.150394}},{"type":"Feature","geometry":{"type":"Point","coordinates":[13.370747,38.149732]},"properties":{"id":"1364","nome":"Papa Sergio Di Leo","linee":["603","731","N1"],"accessibile":"","lon":13.370747,"lat":38.149732}},{"type":"Feature","geometry":{"type":"Point","coordinates":[13.370565,38.154521]},"properties":{"id":"1365","nome":"Papa Sergio Lavitrano","linee":["603","731"],"accessibile":"","lon":13.370565,"lat":38.154521}},{"type":"Feature","geometry":{"type":"Point","coordinates":[13.370537,38.15424]},"properties":{"id":"1366","nome":"Papa Sergio Lavitrano","linee":["603","731","N1"],"accessibile":"","lon":13.370537,"lat":38.15424}},{"type":"Feature","geometry":{"type":"Point","coordinates":[13.370388,38.146892]},"properties":{"id":"1367","nome":"Papa Sergio Ospedale Albanese","linee":["603","731"],"accessibile":"","lon":13.370388,"lat":38.146892}},{"type":"Feature","geometry":{"type":"Point","coordinates":[13.370083,38.146302]},"properties":{"id":"1368","nome":"Papa Sergio Ospedale Albanese","linee":["603","731","N1"],"accessibile":"","lon":13.370083,"lat":38.146302}},{"type":"Feature","geometry":{"type":"Point","coordinates":[13.370739,38.151752]},"properties":{"id":"1369","nome":"Papa Sergio Tonnara","linee":["603","731"],"accessibile":"","lon":13.370739,"lat":38.151752}},{"type":"Feature","geometry":{"type":"Point","coordinates":[13.29187,38.131509]},"properties":{"id":"137","nome":"Augusta Centuripe","linee":["422","625"],"accessibile":"","lon":13.29187,"lat":38.131509}},{"type":"Feature","geometry":{"type":"Point","coordinates":[13.370695,38.151457]},"properties":{"id":"1370","nome":"Papa Sergio Tonnara","linee":["603","731","N1"],"accessibile":"","lon":13.370695,"lat":38.151457}},{"type":"Feature","geometry":{"type":"Point","coordinates":[13.369988,38.145667]},"properties":{"id":"1371","nome":"Papa Sergio Villa Igiea","linee":["603","731"],"accessibile":"","lon":13.369988,"lat":38.145667}},{"type":"Feature","geometry":{"type":"Point","coordinates":[13.351972,38.116799]},"properties":{"id":"1373","nome":"Papireto Piazza Del Noviziato","linee":["104","108","110","118","ARANC","N1","N5"],"accessibile":"","lon":13.351972,"lat":38.116799}},{"type":"Feature","geometry":{"type":"Point","coordinates":[13.345455,38.097757]},"properties":{"id":"1377","nome":"Parcheggio Basile Corsia Esterna","linee":["104","118","OSPED"],"accessibile":"","lon":13.345455,"lat":38.097757}},{"type":"Feature","geometry":{"type":"Point","coordinates":[13.345337,38.097887]},"properties":{"id":"1378","nome":"Parcheggio Basile Corsia Interna","linee":["109","307","309","364","380"],"accessibile":"","lon":13.345337,"lat":38.097887}},{"type":"Feature","geometry":{"type":"Point","coordinates":[13.331682,38.116383]},"properties":{"id":"1379","nome":"Parcheggio Degli Emiri","linee":["124","422","462"],"accessibile":"","lon":13.331682,"lat":38.116383}},{"type":"Feature","geometry":{"type":"Point","coordinates":[13.3231,38.201216]},"properties":{"id":"1381","nome":"Parcheggio - Galatea","linee":["84","86"],"accessibile":"","lon":13.3231,"lat":38.201216}},{"type":"Feature","geometry":{"type":"Point","coordinates":[13.3219,38.207179]},"properties":{"id":"1382","nome":"Parcheggio Mongibello","linee":["84"],"accessibile":"","lon":13.3219,"lat":38.207179}},{"type":"Feature","geometry":{"type":"Point","coordinates":[13.322883,38.207073]},"properties":{"id":"1383","nome":"Parcherggio Mongibello Basso","linee":["84"],"accessibile":"","lon":13.322883,"lat":38.207073}},{"type":"Feature","geometry":{"type":"Point","coordinates":[13.337488,38.125826]},"properties":{"id":"1384","nome":"Parisio Falcando","linee":["134"],"accessibile":"","lon":13.337488,"lat":38.125826}},{"type":"Feature","geometry":{"type":"Point","coordinates":[13.33428,38.125052]},"properties":{"id":"1386","nome":"Parisio Lancia Di Brolo","linee":["134"],"accessibile":"","lon":13.33428,"lat":38.125052}},{"type":"Feature","geometry":{"type":"Point","coordinates":[13.34364,38.125114]},"properties":{"id":"1387","nome":"Parlatore Adria","linee":["110","134"],"accessibile":"","lon":13.34364,"lat":38.125114}},{"type":"Feature","geometry":{"type":"Point","coordinates":[13.343077,38.126607]},"properties":{"id":"1388","nome":"Parlatore Aurispa","linee":["110","134"],"accessibile":"","lon":13.343077,"lat":38.126607}},{"type":"Feature","geometry":{"type":"Point","coordinates":[13.344337,38.123154]},"properties":{"id":"1389","nome":"Parlatore Dante","linee":["110","134"],"accessibile":"","lon":13.344337,"lat":38.123154}},{"type":"Feature","geometry":{"type":"Point","coordinates":[13.36117,38.101581]},"properties":{"id":"1390","nome":"Parlavecchio S Orsola","linee":["246","N7"],"accessibile":"","lon":13.36117,"lat":38.101581}},{"type":"Feature","geometry":{"type":"Point","coordinates":[13.360222,38.100932]},"properties":{"id":"1392","nome":"Parlavecchio Tricomi","linee":["246","OSPED"],"accessibile":"","lon":13.360222,"lat":38.100932}},{"type":"Feature","geometry":{"type":"Point","coordinates":[13.306412,38.19539]},"properties":{"id":"1393","nome":"Partanna Mondello Amarilli","linee":["614","N2"],"accessibile":"","lon":13.306412,"lat":38.19539}},{"type":"Feature","geometry":{"type":"Point","coordinates":[13.304777,38.194456]},"properties":{"id":"1395","nome":"Partanna Mondello Chimera","linee":["614","N2"],"accessibile":"","lon":13.304777,"lat":38.194456}},{"type":"Feature","geometry":{"type":"Point","coordinates":[13.304894,38.194617]},"properties":{"id":"1396","nome":"Partanna Mondello Chimera","linee":["614","N2"],"accessibile":"","lon":13.304894,"lat":38.194617}},{"type":"Feature","geometry":{"type":"Point","coordinates":[13.306509,38.195342]},"properties":{"id":"1397","nome":"Partanna Mondello Dioniso","linee":["614","N2"],"accessibile":"","lon":13.306509,"lat":38.195342}},{"type":"Feature","geometry":{"type":"Point","coordinates":[13.308262,38.196135]},"properties":{"id":"1398","nome":"Partanna Mondello Dioniso","linee":["614","N2"],"accessibile":"","lon":13.308262,"lat":38.196135}},{"type":"Feature","geometry":{"type":"Point","coordinates":[13.308167,38.196007]},"properties":{"id":"1399","nome":"Partanna Mondello Iandolino","linee":["87","614","645","N2"],"accessibile":"","lon":13.308167,"lat":38.196007}},{"type":"Feature","geometry":{"type":"Point","coordinates":[13.304479,38.166163]},"properties":{"id":"14","nome":"Acc A29 Monte 4","linee":["516"],"accessibile":"","lon":13.304479,"lat":38.166163}},{"type":"Feature","geometry":{"type":"Point","coordinates":[13.292257,38.13005]},"properties":{"id":"140","nome":"Augusta Piazza S Paolo","linee":["422","625"],"accessibile":"","lon":13.292257,"lat":38.13005}},{"type":"Feature","geometry":{"type":"Point","coordinates":[13.30232,38.192863]},"properties":{"id":"1400","nome":"Partanna Mondello Matotta","linee":["614","N2"],"accessibile":"","lon":13.30232,"lat":38.192863}},{"type":"Feature","geometry":{"type":"Point","coordinates":[13.302229,38.192914]},"properties":{"id":"1401","nome":"Partanna Mondello Matotta","linee":["614","N2"],"accessibile":"","lon":13.302229,"lat":38.192914}},{"type":"Feature","geometry":{"type":"Point","coordinates":[13.301076,38.191485]},"properties":{"id":"1402","nome":"Partanna Mondello Piazza Bolivar","linee":["614","N2"],"accessibile":"","lon":13.301076,"lat":38.191485}},{"type":"Feature","geometry":{"type":"Point","coordinates":[13.300985,38.191541]},"properties":{"id":"1403","nome":"Partanna Mondello Scordia","linee":["614","N2"],"accessibile":"","lon":13.300985,"lat":38.191541}},{"type":"Feature","geometry":{"type":"Point","coordinates":[13.318594,38.096639]},"properties":{"id":"1409","nome":"Paruta Terranova","linee":["307"],"accessibile":"","lon":13.318594,"lat":38.096639}},{"type":"Feature","geometry":{"type":"Point","coordinates":[13.34009,38.126373]},"properties":{"id":"141","nome":"Aurispa Merenda","linee":["134"],"accessibile":"","lon":13.34009,"lat":38.126373}},{"type":"Feature","geometry":{"type":"Point","coordinates":[13.318568,38.096514]},"properties":{"id":"1411","nome":"Paruta Terranova","linee":["307"],"accessibile":"","lon":13.318568,"lat":38.096514}},{"type":"Feature","geometry":{"type":"Point","coordinates":[13.354937,38.130361]},"properties":{"id":"1412","nome":"Pasquale Calvi","linee":["101","102","104","106","721","812","N2","N3"],"accessibile":"","lon":13.354937,"lat":38.130361}},{"type":"Feature","geometry":{"type":"Point","coordinates":[13.353709,38.123328]},"properties":{"id":"1416","nome":"Paternostro Villafranca","linee":["106"],"accessibile":"","lon":13.353709,"lat":38.123328}},{"type":"Feature","geometry":{"type":"Point","coordinates":[13.313525,38.179923]},"properties":{"id":"1419","nome":"Patti Einaudi","linee":["619"],"accessibile":"","lon":13.313525,"lat":38.179923}},{"type":"Feature","geometry":{"type":"Point","coordinates":[13.340426,38.126513]},"properties":{"id":"142","nome":"Aurispa Merenda","linee":["110","134"],"accessibile":"","lon":13.340426,"lat":38.126513}},{"type":"Feature","geometry":{"type":"Point","coordinates":[13.321571,38.119995]},"properties":{"id":"1437","nome":"Perpignano Anapo","linee":["462"],"accessibile":"","lon":13.321571,"lat":38.119995}},{"type":"Feature","geometry":{"type":"Point","coordinates":[13.334,38.118942]},"properties":{"id":"1438","nome":"Perpignano Arculeo","linee":["106","442","N5"],"accessibile":"","lon":13.334,"lat":38.118942}},{"type":"Feature","geometry":{"type":"Point","coordinates":[13.334917,38.119048]},"properties":{"id":"1440","nome":"Perpignano D'Aquino","linee":["106","442","N5"],"accessibile":"","lon":13.334917,"lat":38.119048}},{"type":"Feature","geometry":{"type":"Point","coordinates":[13.335417,38.119179]},"properties":{"id":"1441","nome":"Perpignano D'Aquino","linee":["106","442","N5"],"accessibile":"","lon":13.335417,"lat":38.119179}},{"type":"Feature","geometry":{"type":"Point","coordinates":[13.325882,38.119674]},"properties":{"id":"1442","nome":"Perpignano Fiumefreddo","linee":["462"],"accessibile":"","lon":13.325882,"lat":38.119674}},{"type":"Feature","geometry":{"type":"Point","coordinates":[13.323402,38.119979]},"properties":{"id":"1443","nome":"Perpignano Jato","linee":["462"],"accessibile":"","lon":13.323402,"lat":38.119979}},{"type":"Feature","geometry":{"type":"Point","coordinates":[13.336661,38.119298]},"properties":{"id":"1445","nome":"Perpignano Polito","linee":["106","442","N5"],"accessibile":"","lon":13.336661,"lat":38.119298}},{"type":"Feature","geometry":{"type":"Point","coordinates":[13.336964,38.119386]},"properties":{"id":"1446","nome":"Perpignano Polito","linee":["106","442","N5"],"accessibile":"","lon":13.336964,"lat":38.119386}},{"type":"Feature","geometry":{"type":"Point","coordinates":[13.327964,38.119422]},"properties":{"id":"1447","nome":"Perpignano Regione Siciliana","linee":["462"],"accessibile":"","lon":13.327964,"lat":38.119422}},{"type":"Feature","geometry":{"type":"Point","coordinates":[13.332122,38.119002]},"properties":{"id":"1448","nome":"Perpignano Ruggerone Da Palermo","linee":["106","442","N5"],"accessibile":"","lon":13.332122,"lat":38.119002}},{"type":"Feature","geometry":{"type":"Point","coordinates":[13.25068,38.198462]},"properties":{"id":"1449","nome":"Piano Levante","linee":["628"],"accessibile":"","lon":13.25068,"lat":38.198462}},{"type":"Feature","geometry":{"type":"Point","coordinates":[13.33319,38.15145]},"properties":{"id":"145","nome":"Ausonia Briuccia","linee":["675"],"accessibile":"","lon":13.33319,"lat":38.15145}},{"type":"Feature","geometry":{"type":"Point","coordinates":[13.367432,38.143688]},"properties":{"id":"1451","nome":"Piazza Acquasanta Monte","linee":["731"],"accessibile":"","lon":13.367432,"lat":38.143688}},{"type":"Feature","geometry":{"type":"Point","coordinates":[13.367562,38.143715]},"properties":{"id":"1452","nome":"Piazza Acquasanta Valle","linee":["731"],"accessibile":"","lon":13.367562,"lat":38.143715}},{"type":"Feature","geometry":{"type":"Point","coordinates":[13.351218,38.122654]},"properties":{"id":"1453","nome":"Piazza Amendola","linee":["118"],"accessibile":"","lon":13.351218,"lat":38.122654}},{"type":"Feature","geometry":{"type":"Point","coordinates":[13.334209,38.150325]},"properties":{"id":"146","nome":"Ausonia Poste","linee":["675"],"accessibile":"","lon":13.334209,"lat":38.150325}},{"type":"Feature","geometry":{"type":"Point","coordinates":[13.296157,38.114178]},"properties":{"id":"1462","nome":"Piazza Baida","linee":["462","534"],"accessibile":"","lon":13.296157,"lat":38.114178}},{"type":"Feature","geometry":{"type":"Point","coordinates":[13.342566,38.132503]},"properties":{"id":"1464","nome":"Piazza Boiardo","linee":["102","103","118","N3"],"accessibile":"","lon":13.342566,"lat":38.132503}},{"type":"Feature","geometry":{"type":"Point","coordinates":[13.367525,38.16558]},"properties":{"id":"1465","nome":"Piazza Bordonaro","linee":["603","731"],"accessibile":"","lon":13.367525,"lat":38.16558}},{"type":"Feature","geometry":{"type":"Point","coordinates":[13.36839,38.165435]},"properties":{"id":"1466","nome":"Piazza Bordonaro","linee":["603","731","N1"],"accessibile":"","lon":13.36839,"lat":38.165435}},{"type":"Feature","geometry":{"type":"Point","coordinates":[13.340256,38.120099]},"properties":{"id":"1467","nome":"Piazza Camporeale","linee":["106","442","N5"],"accessibile":"","lon":13.340256,"lat":38.120099}},{"type":"Feature","geometry":{"type":"Point","coordinates":[13.360104,38.131933]},"properties":{"id":"1469","nome":"Piazza Della Pace","linee":["107"],"accessibile":"","lon":13.360104,"lat":38.131933}},{"type":"Feature","geometry":{"type":"Point","coordinates":[13.355972,38.14265]},"properties":{"id":"147","nome":"Autonomia Siciliana D'Amelio","linee":["721"],"accessibile":"","lon":13.355972,"lat":38.14265}},{"type":"Feature","geometry":{"type":"Point","coordinates":[13.359999,38.131376]},"properties":{"id":"1470","nome":"Piazza Della Pace","linee":["107"],"accessibile":"","lon":13.359999,"lat":38.131376}},{"type":"Feature","geometry":{"type":"Point","coordinates":[13.30957,38.198152]},"properties":{"id":"1471","nome":"Piazza Della Serenita'","linee":["87","645"],"accessibile":"","lon":13.30957,"lat":38.198152}},{"type":"Feature","geometry":{"type":"Point","coordinates":[13.338478,38.100772]},"properties":{"id":"1474","nome":"Piazza G.Le Turba","linee":["304"],"accessibile":"","lon":13.338478,"lat":38.100772}},{"type":"Feature","geometry":{"type":"Point","coordinates":[13.31535,38.145189]},"properties":{"id":"1477","nome":"Piazza Lampada Della Fraternita'","linee":["529"],"accessibile":"","lon":13.31535,"lat":38.145189}},{"type":"Feature","geometry":{"type":"Point","coordinates":[13.289316,38.188408]},"properties":{"id":"1478","nome":"Piazza Mandorle","linee":["88","614","616"],"accessibile":"","lon":13.289316,"lat":38.188408}},{"type":"Feature","geometry":{"type":"Point","coordinates":[13.308483,38.109376]},"properties":{"id":"1480","nome":"Piazza Micca","linee":["307","327","N4"],"accessibile":"","lon":13.308483,"lat":38.109376}},{"type":"Feature","geometry":{"type":"Point","coordinates":[13.309716,38.081637]},"properties":{"id":"1482","nome":"Piazza Molara","linee":["380"],"accessibile":"","lon":13.309716,"lat":38.081637}},{"type":"Feature","geometry":{"type":"Point","coordinates":[13.309695,38.08156]},"properties":{"id":"1483","nome":"Piazza Molara","linee":["380"],"accessibile":"","lon":13.309695,"lat":38.08156}},{"type":"Feature","geometry":{"type":"Point","coordinates":[13.3269,38.207937]},"properties":{"id":"1484","nome":"Piazza Mondello","linee":["84","86","87","544","606","806"],"accessibile":"","lon":13.3269,"lat":38.207937}},{"type":"Feature","geometry":{"type":"Point","coordinates":[13.326891,38.207494]},"properties":{"id":"1485","nome":"Piazza Mondello","linee":["84","86","87","544","606","806"],"accessibile":"","lon":13.326891,"lat":38.207494}},{"type":"Feature","geometry":{"type":"Point","coordinates":[13.351763,38.129951]},"properties":{"id":"1486","nome":"Piazza Mordini","linee":["704"],"accessibile":"","lon":13.351763,"lat":38.129951}},{"type":"Feature","geometry":{"type":"Point","coordinates":[13.332444,38.163752]},"properties":{"id":"1487","nome":"Piazza Niscemi","linee":["616","N1"],"accessibile":"","lon":13.332444,"lat":38.163752}},{"type":"Feature","geometry":{"type":"Point","coordinates":[13.332504,38.163508]},"properties":{"id":"1488","nome":"Piazza Niscemi","linee":["616","645"],"accessibile":"","lon":13.332504,"lat":38.163508}},{"type":"Feature","geometry":{"type":"Point","coordinates":[13.333732,38.121703]},"properties":{"id":"1489","nome":"Piazza Noce","linee":["442"],"accessibile":"","lon":13.333732,"lat":38.121703}},{"type":"Feature","geometry":{"type":"Point","coordinates":[13.353824,38.141747]},"properties":{"id":"149","nome":"Autonomia Siciliana Ferri","linee":["721"],"accessibile":"","lon":13.353824,"lat":38.141747}},{"type":"Feature","geometry":{"type":"Point","coordinates":[13.33361,38.121685]},"properties":{"id":"1490","nome":"Piazza Noce","linee":["442"],"accessibile":"","lon":13.33361,"lat":38.121685}},{"type":"Feature","geometry":{"type":"Point","coordinates":[13.33144,38.090474]},"properties":{"id":"1491","nome":"Piazza Pagliarelli","linee":["364"],"accessibile":"","lon":13.33144,"lat":38.090474}},{"type":"Feature","geometry":{"type":"Point","coordinates":[13.337735,38.152433]},"properties":{"id":"1492","nome":"Piazza Papa Giovanni Paolo Ii","linee":["101","107","606","614","619","625","628","675"],"accessibile":"","lon":13.337735,"lat":38.152433}},{"type":"Feature","geometry":{"type":"Point","coordinates":[13.325689,38.161265]},"properties":{"id":"1497","nome":"Piazza S Lorenzo","linee":["619"],"accessibile":"","lon":13.325689,"lat":38.161265}},{"type":"Feature","geometry":{"type":"Point","coordinates":[13.296136,38.17545]},"properties":{"id":"15","nome":"Acc A29 Valle Costantino","linee":["516"],"accessibile":"","lon":13.296136,"lat":38.17545}},{"type":"Feature","geometry":{"type":"Point","coordinates":[13.285528,38.190244]},"properties":{"id":"1500","nome":"Piazza Tommaso Natale","linee":["88","614","616","628"],"accessibile":"","lon":13.285528,"lat":38.190244}},{"type":"Feature","geometry":{"type":"Point","coordinates":[13.287968,38.188529]},"properties":{"id":"1501","nome":"Piazza Tommaso Natale Piazza Mandorle","linee":["516","628","812","N2"],"accessibile":"","lon":13.287968,"lat":38.188529}},{"type":"Feature","geometry":{"type":"Point","coordinates":[13.288021,38.188403]},"properties":{"id":"1502","nome":"Piazza Tommaso Natale Piazza Mandorle","linee":["88","516","614","616","628"],"accessibile":"","lon":13.288021,"lat":38.188403}},{"type":"Feature","geometry":{"type":"Point","coordinates":[13.286227,38.189661]},"properties":{"id":"1503","nome":"Piazza Tommaso Natale Stazione Fs","linee":["516","628","812","N2"],"accessibile":"","lon":13.286227,"lat":38.189661}},{"type":"Feature","geometry":{"type":"Point","coordinates":[13.28656,38.189326]},"properties":{"id":"1504","nome":"Piazza Tommaso Natale Stazione Fs","linee":["88","516","614","616","628"],"accessibile":"","lon":13.28656,"lat":38.189326}},{"type":"Feature","geometry":{"type":"Point","coordinates":[13.357347,38.120977]},"properties":{"id":"1505","nome":"Piazza Verdi","linee":["103","104","108","124","134","ARANC","N1","N5"],"accessibile":"","lon":13.357347,"lat":38.120977}},{"type":"Feature","geometry":{"type":"Point","coordinates":[13.31783,38.059514]},"properties":{"id":"1506","nome":"Piazza Villaciambra","linee":["230"],"accessibile":"","lon":13.31783,"lat":38.059514}},{"type":"Feature","geometry":{"type":"Point","coordinates":[13.317541,38.05924]},"properties":{"id":"1507","nome":"Piazza Villaciambra","linee":["230"],"accessibile":"","lon":13.317541,"lat":38.05924}},{"type":"Feature","geometry":{"type":"Point","coordinates":[13.333215,38.086037]},"properties":{"id":"151","nome":"Bachelet 1","linee":["234","380"],"accessibile":"","lon":13.333215,"lat":38.086037}},{"type":"Feature","geometry":{"type":"Point","coordinates":[13.338962,38.131088]},"properties":{"id":"1510","nome":"Piazza Ziino","linee":["103","N3"],"accessibile":"","lon":13.338962,"lat":38.131088}},{"type":"Feature","geometry":{"type":"Point","coordinates":[13.331067,38.131915]},"properties":{"id":"1511","nome":"Piazzale John Lennon 103","linee":["103"],"accessibile":"","lon":13.331067,"lat":38.131915}},{"type":"Feature","geometry":{"type":"Point","coordinates":[13.331017,38.132082]},"properties":{"id":"1512","nome":"Piazzale John Lennon 110","linee":["110"],"accessibile":"","lon":13.331017,"lat":38.132082}},{"type":"Feature","geometry":{"type":"Point","coordinates":[13.331012,38.132009]},"properties":{"id":"1513","nome":"John Lennon 100","linee":["100"],"accessibile":"","lon":13.331012,"lat":38.132009}},{"type":"Feature","geometry":{"type":"Point","coordinates":[13.331003,38.131947]},"properties":{"id":"1514","nome":"Piazzale John Lennon 134","linee":["134"],"accessibile":"","lon":13.331003,"lat":38.131947}},{"type":"Feature","geometry":{"type":"Point","coordinates":[13.330991,38.131807]},"properties":{"id":"1515","nome":"John Lenno 516","linee":["516"],"accessibile":"","lon":13.330991,"lat":38.131807}},{"type":"Feature","geometry":{"type":"Point","coordinates":[13.330972,38.131733]},"properties":{"id":"1516","nome":"Piazzale John Lennon 513","linee":["513"],"accessibile":"","lon":13.330972,"lat":38.131733}},{"type":"Feature","geometry":{"type":"Point","coordinates":[13.330962,38.131681]},"properties":{"id":"1518","nome":"Piazzale John Lennon 529","linee":["529"],"accessibile":"","lon":13.330962,"lat":38.131681}},{"type":"Feature","geometry":{"type":"Point","coordinates":[13.330953,38.131618]},"properties":{"id":"1519","nome":"Piazzale John Lennon 534","linee":["534"],"accessibile":"","lon":13.330953,"lat":38.131618}},{"type":"Feature","geometry":{"type":"Point","coordinates":[13.33512,38.087488]},"properties":{"id":"152","nome":"Bachelet 2","linee":["234","380"],"accessibile":"","lon":13.33512,"lat":38.087488}},{"type":"Feature","geometry":{"type":"Point","coordinates":[13.330953,38.131561]},"properties":{"id":"1521","nome":"Piazzale John Lennon 544","linee":["544"],"accessibile":"","lon":13.330953,"lat":38.131561}},{"type":"Feature","geometry":{"type":"Point","coordinates":[13.330655,38.131802]},"properties":{"id":"1523","nome":"Piazzale John Lennon Monte","linee":["100","103","110","134","513","516","529","534","544"],"accessibile":"","lon":13.330655,"lat":38.131802}},{"type":"Feature","geometry":{"type":"Point","coordinates":[13.382602,38.104755]},"properties":{"id":"1526","nome":"Picciotti - Cappello","linee":["210","226"],"accessibile":"","lon":13.382602,"lat":38.104755}},{"type":"Feature","geometry":{"type":"Point","coordinates":[13.38542,38.103344]},"properties":{"id":"1528","nome":"Picciotti D'Aosta","linee":["210","226"],"accessibile":"","lon":13.38542,"lat":38.103344}},{"type":"Feature","geometry":{"type":"Point","coordinates":[13.384271,38.103805]},"properties":{"id":"1533","nome":"Picciotti - Volta","linee":["210","226"],"accessibile":"","lon":13.384271,"lat":38.103805}},{"type":"Feature","geometry":{"type":"Point","coordinates":[13.362816,38.108905]},"properties":{"id":"1538","nome":"Pisacane","linee":["109","234","246","N2","N4"],"accessibile":"","lon":13.362816,"lat":38.108905}},{"type":"Feature","geometry":{"type":"Point","coordinates":[13.342933,38.105327]},"properties":{"id":"1539","nome":"Pisani Catalano","linee":["304"],"accessibile":"","lon":13.342933,"lat":38.105327}},{"type":"Feature","geometry":{"type":"Point","coordinates":[13.349721,38.109086]},"properties":{"id":"1542","nome":"Pisani Indipendenza","linee":["304"],"accessibile":"","lon":13.349721,"lat":38.109086}},{"type":"Feature","geometry":{"type":"Point","coordinates":[13.34499,38.106492]},"properties":{"id":"1544","nome":"Pisani Ingria","linee":["304"],"accessibile":"","lon":13.34499,"lat":38.106492}},{"type":"Feature","geometry":{"type":"Point","coordinates":[13.346904,38.107045]},"properties":{"id":"1546","nome":"Pisani Onorato","linee":["304"],"accessibile":"","lon":13.346904,"lat":38.107045}},{"type":"Feature","geometry":{"type":"Point","coordinates":[13.312171,38.109452]},"properties":{"id":"1547","nome":"Pitre' Aeroclub","linee":["327"],"accessibile":"","lon":13.312171,"lat":38.109452}},{"type":"Feature","geometry":{"type":"Point","coordinates":[13.31131,38.109467]},"properties":{"id":"1548","nome":"Pitre' Aeroclub","linee":["327"],"accessibile":"","lon":13.31131,"lat":38.109467}},{"type":"Feature","geometry":{"type":"Point","coordinates":[13.336315,38.110467]},"properties":{"id":"1549","nome":"Pitre' Altarello","linee":["327"],"accessibile":"","lon":13.336315,"lat":38.110467}},{"type":"Feature","geometry":{"type":"Point","coordinates":[13.336319,38.110394]},"properties":{"id":"1550","nome":"Pitre' Camarda","linee":["327"],"accessibile":"","lon":13.336319,"lat":38.110394}},{"type":"Feature","geometry":{"type":"Point","coordinates":[13.333731,38.110491]},"properties":{"id":"1551","nome":"Pitre' Camarda","linee":["327"],"accessibile":"","lon":13.333731,"lat":38.110491}},{"type":"Feature","geometry":{"type":"Point","coordinates":[13.334103,38.110418]},"properties":{"id":"1552","nome":"Pitre' Generale Salemi","linee":["327"],"accessibile":"","lon":13.334103,"lat":38.110418}},{"type":"Feature","geometry":{"type":"Point","coordinates":[13.325425,38.110555]},"properties":{"id":"1554","nome":"Pitre' Madonna Del Soccorso","linee":["327"],"accessibile":"","lon":13.325425,"lat":38.110555}},{"type":"Feature","geometry":{"type":"Point","coordinates":[13.3244,38.110539]},"properties":{"id":"1555","nome":"Pitre' Madonna Del Soccorso","linee":["327"],"accessibile":"","lon":13.3244,"lat":38.110539}},{"type":"Feature","geometry":{"type":"Point","coordinates":[13.331537,38.110487]},"properties":{"id":"1556","nome":"Pitre' Palchetto","linee":["327"],"accessibile":"","lon":13.331537,"lat":38.110487}},{"type":"Feature","geometry":{"type":"Point","coordinates":[13.331427,38.11052]},"properties":{"id":"1557","nome":"Pitre' Palchetto","linee":["327"],"accessibile":"","lon":13.331427,"lat":38.11052}},{"type":"Feature","geometry":{"type":"Point","coordinates":[13.309619,38.10923]},"properties":{"id":"1558","nome":"Pitre' Piazza Micca","linee":["327"],"accessibile":"No","lon":13.309619,"lat":38.10923}},{"type":"Feature","geometry":{"type":"Point","coordinates":[13.339462,38.110544]},"properties":{"id":"1559","nome":"Pitre' Pindemonte","linee":["327"],"accessibile":"","lon":13.339462,"lat":38.110544}},{"type":"Feature","geometry":{"type":"Point","coordinates":[13.338833,38.110586]},"properties":{"id":"1560","nome":"Pitre' Pindemonte","linee":["327"],"accessibile":"","lon":13.338833,"lat":38.110586}},{"type":"Feature","geometry":{"type":"Point","coordinates":[13.328218,38.110527]},"properties":{"id":"1563","nome":"Pitre' Scuola Bonanno","linee":["327"],"accessibile":"","lon":13.328218,"lat":38.110527}},{"type":"Feature","geometry":{"type":"Point","coordinates":[13.32804,38.110559]},"properties":{"id":"1564","nome":"Pitre' Scuola Bonanno","linee":["327"],"accessibile":"","lon":13.32804,"lat":38.110559}},{"type":"Feature","geometry":{"type":"Point","coordinates":[13.315814,38.109756]},"properties":{"id":"1566","nome":"Pitre' Villa Griffotta","linee":["327"],"accessibile":"","lon":13.315814,"lat":38.109756}},{"type":"Feature","geometry":{"type":"Point","coordinates":[13.315268,38.109802]},"properties":{"id":"1567","nome":"Pitre' Villa Griffotta","linee":["327"],"accessibile":"","lon":13.315268,"lat":38.109802}},{"type":"Feature","geometry":{"type":"Point","coordinates":[13.317741,38.109931]},"properties":{"id":"1568","nome":"Pitre' 1","linee":["327"],"accessibile":"","lon":13.317741,"lat":38.109931}},{"type":"Feature","geometry":{"type":"Point","coordinates":[13.319381,38.110059]},"properties":{"id":"1569","nome":"Pitre' 2","linee":["327"],"accessibile":"","lon":13.319381,"lat":38.110059}},{"type":"Feature","geometry":{"type":"Point","coordinates":[13.32294,38.110359]},"properties":{"id":"1570","nome":"Pitre' 3","linee":["327"],"accessibile":"","lon":13.32294,"lat":38.110359}},{"type":"Feature","geometry":{"type":"Point","coordinates":[13.322277,38.11037]},"properties":{"id":"1571","nome":"Pitre' 5","linee":["327"],"accessibile":"","lon":13.322277,"lat":38.11037}},{"type":"Feature","geometry":{"type":"Point","coordinates":[13.318273,38.110049]},"properties":{"id":"1572","nome":"Pitre' 6","linee":["327"],"accessibile":"","lon":13.318273,"lat":38.110049}},{"type":"Feature","geometry":{"type":"Point","coordinates":[13.269705,38.199418]},"properties":{"id":"1573","nome":"Plauto Baia Del Corallo","linee":["88","628","812"],"accessibile":"","lon":13.269705,"lat":38.199418}},{"type":"Feature","geometry":{"type":"Point","coordinates":[13.270134,38.199048]},"properties":{"id":"1574","nome":"Plauto Baia Del Corallo","linee":["88","628"],"accessibile":"","lon":13.270134,"lat":38.199048}},{"type":"Feature","geometry":{"type":"Point","coordinates":[13.270607,38.198766]},"properties":{"id":"1575","nome":"Plauto Florio","linee":["88","628","812"],"accessibile":"","lon":13.270607,"lat":38.198766}},{"type":"Feature","geometry":{"type":"Point","coordinates":[13.270987,38.198412]},"properties":{"id":"1576","nome":"Plauto Florio","linee":["88","628"],"accessibile":"","lon":13.270987,"lat":38.198412}},{"type":"Feature","geometry":{"type":"Point","coordinates":[13.272342,38.197834]},"properties":{"id":"1577","nome":"Plauto Leone","linee":["88","628","812"],"accessibile":"","lon":13.272342,"lat":38.197834}},{"type":"Feature","geometry":{"type":"Point","coordinates":[13.307,38.19731]},"properties":{"id":"1578","nome":"Polibio Amarilli","linee":["87","645"],"accessibile":"","lon":13.307,"lat":38.19731}},{"type":"Feature","geometry":{"type":"Point","coordinates":[13.30859,38.197835]},"properties":{"id":"1579","nome":"Polibio Eolo","linee":["87","645"],"accessibile":"","lon":13.30859,"lat":38.197835}},{"type":"Feature","geometry":{"type":"Point","coordinates":[13.357438,38.125019]},"properties":{"id":"1581","nome":"Politeama Amari","linee":["106"],"accessibile":"","lon":13.357438,"lat":38.125019}},{"type":"Feature","geometry":{"type":"Point","coordinates":[13.356494,38.125505]},"properties":{"id":"1582","nome":"Politeama Turati","linee":["101","103","108","134","N1","N5"],"accessibile":"","lon":13.356494,"lat":38.125505}},{"type":"Feature","geometry":{"type":"Point","coordinates":[13.32965,38.103558]},"properties":{"id":"1583","nome":"Pollaci","linee":["100","327"],"accessibile":"","lon":13.32965,"lat":38.103558}},{"type":"Feature","geometry":{"type":"Point","coordinates":[13.433509,38.08503]},"properties":{"id":"1584","nome":"Pomara Belvedere","linee":["224","N7"],"accessibile":"","lon":13.433509,"lat":38.08503}},{"type":"Feature","geometry":{"type":"Point","coordinates":[13.433495,38.085524]},"properties":{"id":"1585","nome":"Pomara Belvedere","linee":["224"],"accessibile":"","lon":13.433495,"lat":38.085524}},{"type":"Feature","geometry":{"type":"Point","coordinates":[13.434253,38.082575]},"properties":{"id":"1586","nome":"Pomara Figurella","linee":["224","N7"],"accessibile":"","lon":13.434253,"lat":38.082575}},{"type":"Feature","geometry":{"type":"Point","coordinates":[13.434146,38.082997]},"properties":{"id":"1587","nome":"Pomara Novelli","linee":["224"],"accessibile":"","lon":13.434146,"lat":38.082997}},{"type":"Feature","geometry":{"type":"Point","coordinates":[13.376889,38.10408]},"properties":{"id":"1588","nome":"Piazza Scaffa-Brancaccio","linee":["212"],"accessibile":"","lon":13.376889,"lat":38.10408}},{"type":"Feature","geometry":{"type":"Point","coordinates":[13.374017,38.105273]},"properties":{"id":"1589","nome":"Ponte Ammiraglio - Buon Riposo","linee":["212","230","237","243","N6"],"accessibile":"","lon":13.374017,"lat":38.105273}},{"type":"Feature","geometry":{"type":"Point","coordinates":[13.378397,38.111693]},"properties":{"id":"1590","nome":"Ponte Di Mare S Erasmo","linee":["224","226","N7"],"accessibile":"","lon":13.378397,"lat":38.111693}},{"type":"Feature","geometry":{"type":"Point","coordinates":[13.378508,38.111495]},"properties":{"id":"1591","nome":"Ponte Di Mare S Erasmo","linee":["224","226"],"accessibile":"","lon":13.378508,"lat":38.111495}},{"type":"Feature","geometry":{"type":"Point","coordinates":[13.369571,38.103114]},"properties":{"id":"1593","nome":"Ponte Oreto","linee":["243"],"accessibile":"","lon":13.369571,"lat":38.103114}},{"type":"Feature","geometry":{"type":"Point","coordinates":[13.37104,38.119416]},"properties":{"id":"1595","nome":"Porta Felice","linee":["ARANC"],"accessibile":"","lon":13.37104,"lat":38.119416}},{"type":"Feature","geometry":{"type":"Point","coordinates":[13.305169,38.167153]},"properties":{"id":"16","nome":"Acc A29 Valle Poste","linee":["516"],"accessibile":"","lon":13.305169,"lat":38.167153}},{"type":"Feature","geometry":{"type":"Point","coordinates":[13.336577,38.133958]},"properties":{"id":"1602","nome":"Principe Di Palagonia Carcere Minorile","linee":["529","544"],"accessibile":"","lon":13.336577,"lat":38.133958}},{"type":"Feature","geometry":{"type":"Point","coordinates":[13.327167,38.199541]},"properties":{"id":"1603","nome":"Principe Di Scalea Amap","linee":["84","86","87","544","603","606","806","N1"],"accessibile":"","lon":13.327167,"lat":38.199541}},{"type":"Feature","geometry":{"type":"Point","coordinates":[13.325519,38.201304]},"properties":{"id":"1604","nome":"Principe Di Scalea Galatea","linee":["84","86","87","544","603","606","806","N1"],"accessibile":"","lon":13.325519,"lat":38.201304}},{"type":"Feature","geometry":{"type":"Point","coordinates":[13.328493,38.198371]},"properties":{"id":"1606","nome":"Principe Di Scalea Oleandri","linee":["84","86","87","544","603","606","806","N1"],"accessibile":"","lon":13.328493,"lat":38.198371}},{"type":"Feature","geometry":{"type":"Point","coordinates":[13.330985,38.196894]},"properties":{"id":"1607","nome":"Principe Di Scalea Valdesi","linee":["84","86","87","544","603","606","806","N1"],"accessibile":"","lon":13.330985,"lat":38.196894}},{"type":"Feature","geometry":{"type":"Point","coordinates":[13.344538,38.155885]},"properties":{"id":"1608","nome":"Protezione Civile","linee":["606","806"],"accessibile":"","lon":13.344538,"lat":38.155885}},{"type":"Feature","geometry":{"type":"Point","coordinates":[13.357306,38.126714]},"properties":{"id":"1609","nome":"Puglisi Bertolino","linee":["101","102","104","106","812","N2","N3"],"accessibile":"","lon":13.357306,"lat":38.126714}},{"type":"Feature","geometry":{"type":"Point","coordinates":[13.280885,38.204676]},"properties":{"id":"161","nome":"Barcarello 1","linee":["88","616"],"accessibile":"","lon":13.280885,"lat":38.204676}},{"type":"Feature","geometry":{"type":"Point","coordinates":[13.282443,38.208576]},"properties":{"id":"1610","nome":"Punta Barcarello","linee":["88","616"],"accessibile":"","lon":13.282443,"lat":38.208576}},{"type":"Feature","geometry":{"type":"Point","coordinates":[13.28235,38.208492]},"properties":{"id":"1611","nome":"Punta Barcarello","linee":["88","616"],"accessibile":"","lon":13.28235,"lat":38.208492}},{"type":"Feature","geometry":{"type":"Point","coordinates":[13.267695,38.201304]},"properties":{"id":"1612","nome":"Nodo - M. Calogero Di Bona","linee":["88","628","812"],"accessibile":"","lon":13.267695,"lat":38.201304}},{"type":"Feature","geometry":{"type":"Point","coordinates":[13.357479,38.143764]},"properties":{"id":"1613","nome":"Rabin Ammiraglio Rizzo","linee":["107","603","721","812"],"accessibile":"","lon":13.357479,"lat":38.143764}},{"type":"Feature","geometry":{"type":"Point","coordinates":[13.357022,38.146799]},"properties":{"id":"1615","nome":"Rabin Scala Vecchia","linee":["107","603","721","812"],"accessibile":"","lon":13.357022,"lat":38.146799}},{"type":"Feature","geometry":{"type":"Point","coordinates":[13.346658,38.096444]},"properties":{"id":"1616","nome":"Raiti","linee":["108"],"accessibile":"","lon":13.346658,"lat":38.096444}},{"type":"Feature","geometry":{"type":"Point","coordinates":[13.346105,38.09686]},"properties":{"id":"1617","nome":"Raiti","linee":["108","N7"],"accessibile":"","lon":13.346105,"lat":38.09686}},{"type":"Feature","geometry":{"type":"Point","coordinates":[13.366054,38.147533]},"properties":{"id":"1619","nome":"Rampolla Bonanno","linee":["721"],"accessibile":"","lon":13.366054,"lat":38.147533}},{"type":"Feature","geometry":{"type":"Point","coordinates":[13.282455,38.206392]},"properties":{"id":"162","nome":"Barcarello 2","linee":["88","616"],"accessibile":"","lon":13.282455,"lat":38.206392}},{"type":"Feature","geometry":{"type":"Point","coordinates":[13.367951,38.145787]},"properties":{"id":"1621","nome":"Rampolla Montini","linee":["721"],"accessibile":"","lon":13.367951,"lat":38.145787}},{"type":"Feature","geometry":{"type":"Point","coordinates":[13.353746,38.109151]},"properties":{"id":"1622","nome":"Re Ruggero","linee":["104","108","109","118","304","309","N2","N4","N5"],"accessibile":"","lon":13.353746,"lat":38.109151}},{"type":"Feature","geometry":{"type":"Point","coordinates":[13.32553,38.203606]},"properties":{"id":"1624","nome":"Regina Elena Circe","linee":["N1"],"accessibile":"","lon":13.32553,"lat":38.203606}},{"type":"Feature","geometry":{"type":"Point","coordinates":[13.329787,38.198498]},"properties":{"id":"1625","nome":"Regina Elena Commissariato P.S.","linee":["N1"],"accessibile":"","lon":13.329787,"lat":38.198498}},{"type":"Feature","geometry":{"type":"Point","coordinates":[13.327223,38.200948]},"properties":{"id":"1626","nome":"Regina Elena Delle Rose","linee":["N1"],"accessibile":"","lon":13.327223,"lat":38.200948}},{"type":"Feature","geometry":{"type":"Point","coordinates":[13.328347,38.199757]},"properties":{"id":"1627","nome":"Regina Elena Iris","linee":["N1"],"accessibile":"","lon":13.328347,"lat":38.199757}},{"type":"Feature","geometry":{"type":"Point","coordinates":[13.326203,38.202845]},"properties":{"id":"1629","nome":"Regina Elena Stabilimento","linee":["N1"],"accessibile":"","lon":13.326203,"lat":38.202845}},{"type":"Feature","geometry":{"type":"Point","coordinates":[13.28241,38.206571]},"properties":{"id":"163","nome":"Barcarello 3","linee":["88","616"],"accessibile":"","lon":13.28241,"lat":38.206571}},{"type":"Feature","geometry":{"type":"Point","coordinates":[13.325095,38.205116]},"properties":{"id":"1630","nome":"Regina Elena Teti","linee":["N1"],"accessibile":"","lon":13.325095,"lat":38.205116}},{"type":"Feature","geometry":{"type":"Point","coordinates":[13.331067,38.197507]},"properties":{"id":"1631","nome":"Regina Elena Valdesi","linee":["N1"],"accessibile":"","lon":13.331067,"lat":38.197507}},{"type":"Feature","geometry":{"type":"Point","coordinates":[13.353487,38.086667]},"properties":{"id":"1632","nome":"Regione Siciliana Aloi","linee":["100"],"accessibile":"","lon":13.353487,"lat":38.086667}},{"type":"Feature","geometry":{"type":"Point","coordinates":[13.350009,38.086357]},"properties":{"id":"1633","nome":"Regione Siciliana Aloi","linee":["100"],"accessibile":"","lon":13.350009,"lat":38.086357}},{"type":"Feature","geometry":{"type":"Point","coordinates":[13.336514,38.096073]},"properties":{"id":"1634","nome":"Regione Siciliana Altofonte","linee":["100","304","307","380"],"accessibile":"","lon":13.336514,"lat":38.096073}},{"type":"Feature","geometry":{"type":"Point","coordinates":[13.335016,38.096521]},"properties":{"id":"1635","nome":"Regione Siciliana Altofonte","linee":["100","307","380"],"accessibile":"","lon":13.335016,"lat":38.096521}},{"type":"Feature","geometry":{"type":"Point","coordinates":[13.325882,38.148462]},"properties":{"id":"1636","nome":"Regione Siciliana Atenasio","linee":["516"],"accessibile":"No","lon":13.325882,"lat":38.148462}},{"type":"Feature","geometry":{"type":"Point","coordinates":[13.32408,38.150255]},"properties":{"id":"1638","nome":"Regione Siciliana Belgio","linee":["516","529","675"],"accessibile":"","lon":13.32408,"lat":38.150255}},{"type":"Feature","geometry":{"type":"Point","coordinates":[13.32975,38.131305]},"properties":{"id":"1639","nome":"Regione Siciliana Bernini","linee":["442","516"],"accessibile":"","lon":13.32975,"lat":38.131305}},{"type":"Feature","geometry":{"type":"Point","coordinates":[13.280964,38.20479]},"properties":{"id":"164","nome":"Barcarello 4","linee":["88","616"],"accessibile":"","lon":13.280964,"lat":38.20479}},{"type":"Feature","geometry":{"type":"Point","coordinates":[13.336846,38.095159]},"properties":{"id":"1640","nome":"Regione Siciliana Brasa","linee":["100","307","364"],"accessibile":"","lon":13.336846,"lat":38.095159}},{"type":"Feature","geometry":{"type":"Point","coordinates":[13.330819,38.102068]},"properties":{"id":"1641","nome":"Regione Siciliana Calatafimi","linee":["100","307","380"],"accessibile":"","lon":13.330819,"lat":38.102068}},{"type":"Feature","geometry":{"type":"Point","coordinates":[13.369129,38.088687]},"properties":{"id":"1644","nome":"Regione Siciliana Chiavelli","linee":["209","210","N6"],"accessibile":"","lon":13.369129,"lat":38.088687}},{"type":"Feature","geometry":{"type":"Point","coordinates":[13.370091,38.08936]},"properties":{"id":"1645","nome":"Regione Siciliana Chiavelli","linee":["100","210"],"accessibile":"","lon":13.370091,"lat":38.08936}},{"type":"Feature","geometry":{"type":"Point","coordinates":[13.359772,38.088395]},"properties":{"id":"1646","nome":"Regione Siciliana Cingallegra","linee":["243","N6"],"accessibile":"","lon":13.359772,"lat":38.088395}},{"type":"Feature","geometry":{"type":"Point","coordinates":[13.358445,38.087815]},"properties":{"id":"1647","nome":"Regione Siciliana Cingallegra","linee":["100","209"],"accessibile":"","lon":13.358445,"lat":38.087815}},{"type":"Feature","geometry":{"type":"Point","coordinates":[13.335357,38.096953]},"properties":{"id":"1648","nome":"Regione Siciliana D'Anna","linee":["100","304","307","380"],"accessibile":"","lon":13.335357,"lat":38.096953}},{"type":"Feature","geometry":{"type":"Point","coordinates":[13.330549,38.132504]},"properties":{"id":"1649","nome":"Regione Siciliana De Saliba","linee":["100","103","134","513","516","534"],"accessibile":"","lon":13.330549,"lat":38.132504}},{"type":"Feature","geometry":{"type":"Point","coordinates":[13.366028,38.120972]},"properties":{"id":"165","nome":"Barillai S Sebastiano","linee":["103","107","ARANC","N5"],"accessibile":"","lon":13.366028,"lat":38.120972}},{"type":"Feature","geometry":{"type":"Point","coordinates":[13.329447,38.123376]},"properties":{"id":"1650","nome":"Regione Siciliana De Sanctis","linee":["422","462"],"accessibile":"","lon":13.329447,"lat":38.123376}},{"type":"Feature","geometry":{"type":"Point","coordinates":[13.329872,38.101683]},"properties":{"id":"1651","nome":"Regione Siciliana Dei Fiori","linee":["100","307","380"],"accessibile":"","lon":13.329872,"lat":38.101683}},{"type":"Feature","geometry":{"type":"Point","coordinates":[13.356219,38.087096]},"properties":{"id":"1652","nome":"Regione Siciliana Del Cigno","linee":["100","209"],"accessibile":"","lon":13.356219,"lat":38.087096}},{"type":"Feature","geometry":{"type":"Point","coordinates":[13.328734,38.146351]},"properties":{"id":"1654","nome":"Regione Siciliana Delle Madonie","linee":["516"],"accessibile":"","lon":13.328734,"lat":38.146351}},{"type":"Feature","geometry":{"type":"Point","coordinates":[13.329274,38.121912]},"properties":{"id":"1655","nome":"Regione Siciliana Di Blasi","linee":["100","422","462","534"],"accessibile":"","lon":13.329274,"lat":38.121912}},{"type":"Feature","geometry":{"type":"Point","coordinates":[13.328879,38.123643]},"properties":{"id":"1656","nome":"Regione Siciliana Di Blasi","linee":["100","422","462","534"],"accessibile":"","lon":13.328879,"lat":38.123643}},{"type":"Feature","geometry":{"type":"Point","coordinates":[13.329026,38.124959]},"properties":{"id":"1657","nome":"Regione Siciliana Di Giorgi","linee":["100","422","462","534"],"accessibile":"","lon":13.329026,"lat":38.124959}},{"type":"Feature","geometry":{"type":"Point","coordinates":[13.330232,38.130284]},"properties":{"id":"1658","nome":"Regione Siciliana Giotto","linee":["103","513","534","N3"],"accessibile":"","lon":13.330232,"lat":38.130284}},{"type":"Feature","geometry":{"type":"Point","coordinates":[13.330507,38.106224]},"properties":{"id":"1659","nome":"Regione Siciliana La Loggia","linee":["100","327","422"],"accessibile":"","lon":13.330507,"lat":38.106224}},{"type":"Feature","geometry":{"type":"Point","coordinates":[13.329058,38.12013]},"properties":{"id":"1660","nome":"Regione Siciliana La Manna","linee":["100","422","462","534"],"accessibile":"","lon":13.329058,"lat":38.12013}},{"type":"Feature","geometry":{"type":"Point","coordinates":[13.366385,38.089542]},"properties":{"id":"1661","nome":"Regione Siciliana Levriere 1","linee":["100","209","210"],"accessibile":"","lon":13.366385,"lat":38.089542}},{"type":"Feature","geometry":{"type":"Point","coordinates":[13.364717,38.090139]},"properties":{"id":"1662","nome":"Regione Siciliana Levriere 2","linee":["100","209","210"],"accessibile":"","lon":13.364717,"lat":38.090139}},{"type":"Feature","geometry":{"type":"Point","coordinates":[13.327717,38.146572]},"properties":{"id":"1664","nome":"Regione Siciliana Mandala'","linee":["516"],"accessibile":"","lon":13.327717,"lat":38.146572}},{"type":"Feature","geometry":{"type":"Point","coordinates":[13.328654,38.121648]},"properties":{"id":"1665","nome":"Regione Siciliana Mazzarello","linee":["100","422","534"],"accessibile":"","lon":13.328654,"lat":38.121648}},{"type":"Feature","geometry":{"type":"Point","coordinates":[13.330299,38.135269]},"properties":{"id":"1666","nome":"Regione Siciliana Mineo","linee":["516"],"accessibile":"","lon":13.330299,"lat":38.135269}},{"type":"Feature","geometry":{"type":"Point","coordinates":[13.329658,38.125313]},"properties":{"id":"1667","nome":"Regione Siciliana Nazario Sauro","linee":["100","422","462","534"],"accessibile":"","lon":13.329658,"lat":38.125313}},{"type":"Feature","geometry":{"type":"Point","coordinates":[13.341941,38.095294]},"properties":{"id":"167","nome":"Basile Anelli","linee":["307","364","380"],"accessibile":"","lon":13.341941,"lat":38.095294}},{"type":"Feature","geometry":{"type":"Point","coordinates":[13.33284,38.098519]},"properties":{"id":"1670","nome":"Regione Siciliana Palmerino","linee":["100","307","380"],"accessibile":"","lon":13.33284,"lat":38.098519}},{"type":"Feature","geometry":{"type":"Point","coordinates":[13.375189,38.090846]},"properties":{"id":"1672","nome":"Regione Siciliana Paratore","linee":["100","209","210","212","237","241"],"accessibile":"","lon":13.375189,"lat":38.090846}},{"type":"Feature","geometry":{"type":"Point","coordinates":[13.329413,38.116119]},"properties":{"id":"1673","nome":"Regione Siciliana Parcheggio Degli Emiri","linee":["100","534"],"accessibile":"","lon":13.329413,"lat":38.116119}},{"type":"Feature","geometry":{"type":"Point","coordinates":[13.328648,38.11754]},"properties":{"id":"1674","nome":"Regione Siciliana Pergusa","linee":["100","422","462","534"],"accessibile":"","lon":13.328648,"lat":38.11754}},{"type":"Feature","geometry":{"type":"Point","coordinates":[13.329226,38.11756]},"properties":{"id":"1675","nome":"Regione Siciliana Perpignano","linee":["100","534"],"accessibile":"","lon":13.329226,"lat":38.11756}},{"type":"Feature","geometry":{"type":"Point","coordinates":[13.328467,38.119846]},"properties":{"id":"1676","nome":"Regione Siciliana Perpignano","linee":["100","422","534"],"accessibile":"","lon":13.328467,"lat":38.119846}},{"type":"Feature","geometry":{"type":"Point","coordinates":[13.329915,38.127443]},"properties":{"id":"1677","nome":"Regione Siciliana Piazza Einstein","linee":["422","442","462"],"accessibile":"","lon":13.329915,"lat":38.127443}},{"type":"Feature","geometry":{"type":"Point","coordinates":[13.329213,38.126613]},"properties":{"id":"1678","nome":"Regione Siciliana Piazza Einstein","linee":["100","422","462","534"],"accessibile":"","lon":13.329213,"lat":38.126613}},{"type":"Feature","geometry":{"type":"Point","coordinates":[13.330247,38.109697]},"properties":{"id":"1679","nome":"Regione Siciliana Pitre'","linee":["100","327","422"],"accessibile":"","lon":13.330247,"lat":38.109697}},{"type":"Feature","geometry":{"type":"Point","coordinates":[13.33346,38.098808]},"properties":{"id":"1680","nome":"Regione Siciliana Platania","linee":["100","304","307","380"],"accessibile":"","lon":13.33346,"lat":38.098808}},{"type":"Feature","geometry":{"type":"Point","coordinates":[13.329947,38.105934]},"properties":{"id":"1681","nome":"Regione Siciliana Pollaci","linee":["100","327"],"accessibile":"","lon":13.329947,"lat":38.105934}},{"type":"Feature","geometry":{"type":"Point","coordinates":[13.343192,38.091021]},"properties":{"id":"1682","nome":"Regione Siciliana Ponte Corleone","linee":["100"],"accessibile":"","lon":13.343192,"lat":38.091021}},{"type":"Feature","geometry":{"type":"Point","coordinates":[13.342968,38.09069]},"properties":{"id":"1683","nome":"Regione Siciliana Ponte Corleone","linee":["100"],"accessibile":"","lon":13.342968,"lat":38.09069}},{"type":"Feature","geometry":{"type":"Point","coordinates":[13.329832,38.112793]},"properties":{"id":"1684","nome":"Regione Siciliana Portello","linee":["100","422","462","534"],"accessibile":"","lon":13.329832,"lat":38.112793}},{"type":"Feature","geometry":{"type":"Point","coordinates":[13.330925,38.135359]},"properties":{"id":"1685","nome":"Regione Siciliana Principe Di Paterno'","linee":["516","N3"],"accessibile":"","lon":13.330925,"lat":38.135359}},{"type":"Feature","geometry":{"type":"Point","coordinates":[13.363262,38.090009]},"properties":{"id":"1686","nome":"Regione Siciliana S Filippo","linee":["100","209","210"],"accessibile":"","lon":13.363262,"lat":38.090009}},{"type":"Feature","geometry":{"type":"Point","coordinates":[13.373866,38.089705]},"properties":{"id":"1688","nome":"Regione Siciliana S M Di Gesu'","linee":["210","N6"],"accessibile":"","lon":13.373866,"lat":38.089705}},{"type":"Feature","geometry":{"type":"Point","coordinates":[13.373376,38.09012]},"properties":{"id":"1689","nome":"Regione Siciliana S M Di Gesu'","linee":["100","210"],"accessibile":"","lon":13.373376,"lat":38.09012}},{"type":"Feature","geometry":{"type":"Point","coordinates":[13.347098,38.100329]},"properties":{"id":"169","nome":"Basile Artale","linee":["104","108","109","118","234","304","309","N7","OSPED"],"accessibile":"","lon":13.347098,"lat":38.100329}},{"type":"Feature","geometry":{"type":"Point","coordinates":[13.383011,38.090554]},"properties":{"id":"1690","nome":"Regione Siciliana San Ciro","linee":["210","N6"],"accessibile":"","lon":13.383011,"lat":38.090554}},{"type":"Feature","geometry":{"type":"Point","coordinates":[13.330764,38.144158]},"properties":{"id":"1692","nome":"Regione Siciliana Sardegna","linee":["516"],"accessibile":"","lon":13.330764,"lat":38.144158}},{"type":"Feature","geometry":{"type":"Point","coordinates":[13.331476,38.100822]},"properties":{"id":"1694","nome":"Regione Siciliana Ss Mediatrice","linee":["100","307","380"],"accessibile":"","lon":13.331476,"lat":38.100822}},{"type":"Feature","geometry":{"type":"Point","coordinates":[13.318265,38.154981]},"properties":{"id":"1697","nome":"Regione Siciliana Trabucco 3","linee":["516","529","675"],"accessibile":"","lon":13.318265,"lat":38.154981}},{"type":"Feature","geometry":{"type":"Point","coordinates":[13.361659,38.089423]},"properties":{"id":"1698","nome":"Regione Siciliana Troina","linee":["100","209","210","241"],"accessibile":"","lon":13.361659,"lat":38.089423}},{"type":"Feature","geometry":{"type":"Point","coordinates":[13.361684,38.089351]},"properties":{"id":"1699","nome":"Regione Siciliana Troina","linee":["241"],"accessibile":"","lon":13.361684,"lat":38.089351}},{"type":"Feature","geometry":{"type":"Point","coordinates":[13.299955,38.171047]},"properties":{"id":"17","nome":"Acc A29 Valle 1","linee":["516"],"accessibile":"","lon":13.299955,"lat":38.171047}},{"type":"Feature","geometry":{"type":"Point","coordinates":[13.331651,38.099835]},"properties":{"id":"1700","nome":"Regione Siciliana Villa Tasca","linee":["100","307","380"],"accessibile":"","lon":13.331651,"lat":38.099835}},{"type":"Feature","geometry":{"type":"Point","coordinates":[13.349852,38.086478]},"properties":{"id":"1701","nome":"Regione Siciliana Villagrazia","linee":["241"],"accessibile":"","lon":13.349852,"lat":38.086478}},{"type":"Feature","geometry":{"type":"Point","coordinates":[13.349621,38.087033]},"properties":{"id":"1702","nome":"Regione Siciliana Villagrazia","linee":["100"],"accessibile":"","lon":13.349621,"lat":38.087033}},{"type":"Feature","geometry":{"type":"Point","coordinates":[13.320804,38.152921]},"properties":{"id":"1704","nome":"Regione Siciliana","linee":["516","529","675"],"accessibile":"","lon":13.320804,"lat":38.152921}},{"type":"Feature","geometry":{"type":"Point","coordinates":[13.333382,38.14856]},"properties":{"id":"1705","nome":"Restivo Delle Madonie","linee":["704","N2"],"accessibile":"","lon":13.333382,"lat":38.14856}},{"type":"Feature","geometry":{"type":"Point","coordinates":[13.33341,38.148341]},"properties":{"id":"1706","nome":"Restivo Delle Madonie","linee":["704","N2"],"accessibile":"","lon":13.33341,"lat":38.148341}},{"type":"Feature","geometry":{"type":"Point","coordinates":[13.335641,38.144888]},"properties":{"id":"1707","nome":"Restivo Emilia","linee":["704","N2"],"accessibile":"","lon":13.335641,"lat":38.144888}},{"type":"Feature","geometry":{"type":"Point","coordinates":[13.335482,38.144999]},"properties":{"id":"1708","nome":"Restivo Emilia","linee":["704","N2"],"accessibile":"","lon":13.335482,"lat":38.144999}},{"type":"Feature","geometry":{"type":"Point","coordinates":[13.336851,38.142878]},"properties":{"id":"1709","nome":"Restivo Lazio","linee":["704","N2"],"accessibile":"","lon":13.336851,"lat":38.142878}},{"type":"Feature","geometry":{"type":"Point","coordinates":[13.334465,38.146752]},"properties":{"id":"1710","nome":"Restivo Sardegna","linee":["704","N2"],"accessibile":"","lon":13.334465,"lat":38.146752}},{"type":"Feature","geometry":{"type":"Point","coordinates":[13.334567,38.14643]},"properties":{"id":"1711","nome":"Restivo Sardegna","linee":["704","N2"],"accessibile":"","lon":13.334567,"lat":38.14643}},{"type":"Feature","geometry":{"type":"Point","coordinates":[13.336363,38.143541]},"properties":{"id":"1712","nome":"Restivo Umbria","linee":["704","N2"],"accessibile":"","lon":13.336363,"lat":38.143541}},{"type":"Feature","geometry":{"type":"Point","coordinates":[13.320597,38.16627]},"properties":{"id":"1713","nome":"Resurrezione De Cervantes","linee":["544","704"],"accessibile":"","lon":13.320597,"lat":38.16627}},{"type":"Feature","geometry":{"type":"Point","coordinates":[13.320475,38.166047]},"properties":{"id":"1714","nome":"Resurrezione De Cervantes","linee":["544","704"],"accessibile":"","lon":13.320475,"lat":38.166047}},{"type":"Feature","geometry":{"type":"Point","coordinates":[13.326565,38.170377]},"properties":{"id":"1715","nome":"Resurrezione Duca Degli Abruzzi","linee":["544","704"],"accessibile":"","lon":13.326565,"lat":38.170377}},{"type":"Feature","geometry":{"type":"Point","coordinates":[13.327193,38.170564]},"properties":{"id":"1716","nome":"Resurrezione Duca Degli Abruzzi","linee":["544","704"],"accessibile":"","lon":13.327193,"lat":38.170564}},{"type":"Feature","geometry":{"type":"Point","coordinates":[13.322568,38.168875]},"properties":{"id":"1717","nome":"Resurrezione Florio","linee":["544","704"],"accessibile":"","lon":13.322568,"lat":38.168875}},{"type":"Feature","geometry":{"type":"Point","coordinates":[13.322068,38.1686]},"properties":{"id":"1718","nome":"Resurrezione Florio","linee":["544","704"],"accessibile":"","lon":13.322068,"lat":38.1686}},{"type":"Feature","geometry":{"type":"Point","coordinates":[13.324858,38.169984]},"properties":{"id":"1719","nome":"Resurrezione Piazza Maria Consolatrice","linee":["544","704"],"accessibile":"","lon":13.324858,"lat":38.169984}},{"type":"Feature","geometry":{"type":"Point","coordinates":[13.342096,38.095649]},"properties":{"id":"172","nome":"Basile Brasa","linee":["234","304","307","364","380"],"accessibile":"","lon":13.342096,"lat":38.095649}},{"type":"Feature","geometry":{"type":"Point","coordinates":[13.324468,38.16996]},"properties":{"id":"1720","nome":"Resurrezione Piazza Maria Consolatrice","linee":["544","704"],"accessibile":"","lon":13.324468,"lat":38.16996}},{"type":"Feature","geometry":{"type":"Point","coordinates":[13.319325,38.164689]},"properties":{"id":"1721","nome":"Resurrezione Villa Adriana","linee":["544","704"],"accessibile":"","lon":13.319325,"lat":38.164689}},{"type":"Feature","geometry":{"type":"Point","coordinates":[13.319512,38.164885]},"properties":{"id":"1722","nome":"Resurrezione Villa Adriana","linee":["544","704"],"accessibile":"","lon":13.319512,"lat":38.164885}},{"type":"Feature","geometry":{"type":"Point","coordinates":[13.337716,38.151422]},"properties":{"id":"1723","nome":"Resuttana","linee":["106","107","603","606","614","616","619","625","628","675","812","N1","N3"],"accessibile":"","lon":13.337716,"lat":38.151422}},{"type":"Feature","geometry":{"type":"Point","coordinates":[13.331915,38.155995]},"properties":{"id":"1724","nome":"Resuttana Aldisio","linee":["619"],"accessibile":"","lon":13.331915,"lat":38.155995}},{"type":"Feature","geometry":{"type":"Point","coordinates":[13.331956,38.15605]},"properties":{"id":"1725","nome":"Resuttana Bartolino","linee":["619"],"accessibile":"","lon":13.331956,"lat":38.15605}},{"type":"Feature","geometry":{"type":"Point","coordinates":[13.33501,38.153153]},"properties":{"id":"1727","nome":"Resuttana Briuccia","linee":["619"],"accessibile":"","lon":13.33501,"lat":38.153153}},{"type":"Feature","geometry":{"type":"Point","coordinates":[13.336517,38.152073]},"properties":{"id":"1728","nome":"Resuttana Sacra Famiglia","linee":["619"],"accessibile":"","lon":13.336517,"lat":38.152073}},{"type":"Feature","geometry":{"type":"Point","coordinates":[13.336007,38.152326]},"properties":{"id":"1729","nome":"Resuttana Sacra Famiglia","linee":["619"],"accessibile":"","lon":13.336007,"lat":38.152326}},{"type":"Feature","geometry":{"type":"Point","coordinates":[13.35003,38.104251]},"properties":{"id":"173","nome":"Basile Facolta' Di Economia E Commercio","linee":["104","108","109","118","234","304","309","N7","OSPED"],"accessibile":"","lon":13.35003,"lat":38.104251}},{"type":"Feature","geometry":{"type":"Point","coordinates":[13.333375,38.154209]},"properties":{"id":"1730","nome":"Resuttana Villa Sofia","linee":["619"],"accessibile":"","lon":13.333375,"lat":38.154209}},{"type":"Feature","geometry":{"type":"Point","coordinates":[13.333757,38.153907]},"properties":{"id":"1731","nome":"Resuttana Villa Sofia","linee":["619"],"accessibile":"","lon":13.333757,"lat":38.153907}},{"type":"Feature","geometry":{"type":"Point","coordinates":[13.346601,38.143186]},"properties":{"id":"1732","nome":"Roccaforte Don Bosco","linee":["101","106","N3"],"accessibile":"","lon":13.346601,"lat":38.143186}},{"type":"Feature","geometry":{"type":"Point","coordinates":[13.308574,38.122333]},"properties":{"id":"1733","nome":"Roccazzo Amat","linee":["307","422","462","534"],"accessibile":"","lon":13.308574,"lat":38.122333}},{"type":"Feature","geometry":{"type":"Point","coordinates":[13.308751,38.122366]},"properties":{"id":"1734","nome":"Roccazzo Amat","linee":["462","534","N3"],"accessibile":"","lon":13.308751,"lat":38.122366}},{"type":"Feature","geometry":{"type":"Point","coordinates":[13.306616,38.120859]},"properties":{"id":"1735","nome":"Roccazzo Casa Del Sole","linee":["307","422","462","534"],"accessibile":"","lon":13.306616,"lat":38.120859}},{"type":"Feature","geometry":{"type":"Point","coordinates":[13.306429,38.120615]},"properties":{"id":"1736","nome":"Roccazzo Casa Del Sole","linee":["462","534","N3"],"accessibile":"","lon":13.306429,"lat":38.120615}},{"type":"Feature","geometry":{"type":"Point","coordinates":[13.31153,38.124629]},"properties":{"id":"1739","nome":"Roccazzo Dogali","linee":["307","422","462","534"],"accessibile":"","lon":13.31153,"lat":38.124629}},{"type":"Feature","geometry":{"type":"Point","coordinates":[13.349673,38.103684]},"properties":{"id":"174","nome":"Basile Facolta' Di Ingegneria","linee":["104","108","109","118","234","309","OSPED"],"accessibile":"","lon":13.349673,"lat":38.103684}},{"type":"Feature","geometry":{"type":"Point","coordinates":[13.31229,38.125126]},"properties":{"id":"1740","nome":"Roccazzo Dogali","linee":["462","534","N3"],"accessibile":"","lon":13.31229,"lat":38.125126}},{"type":"Feature","geometry":{"type":"Point","coordinates":[13.304386,38.118219]},"properties":{"id":"1741","nome":"Roccazzo Istituto Zootecnico","linee":["307","N4"],"accessibile":"","lon":13.304386,"lat":38.118219}},{"type":"Feature","geometry":{"type":"Point","coordinates":[13.304472,38.118195]},"properties":{"id":"1742","nome":"Roccazzo Istituto Zootecnico","linee":["307","N4"],"accessibile":"","lon":13.304472,"lat":38.118195}},{"type":"Feature","geometry":{"type":"Point","coordinates":[13.310095,38.123504]},"properties":{"id":"1743","nome":"Roccazzo Massaua","linee":["307","422","462","534"],"accessibile":"","lon":13.310095,"lat":38.123504}},{"type":"Feature","geometry":{"type":"Point","coordinates":[13.310124,38.123401]},"properties":{"id":"1744","nome":"Roccazzo Massaua","linee":["462","534","N3"],"accessibile":"","lon":13.310124,"lat":38.123401}},{"type":"Feature","geometry":{"type":"Point","coordinates":[13.347474,38.094335]},"properties":{"id":"1745","nome":"Roccella Calabro'","linee":["234"],"accessibile":"","lon":13.347474,"lat":38.094335}},{"type":"Feature","geometry":{"type":"Point","coordinates":[13.346135,38.092574]},"properties":{"id":"1748","nome":"Roccella Ponte Corleone","linee":["234"],"accessibile":"","lon":13.346135,"lat":38.092574}},{"type":"Feature","geometry":{"type":"Point","coordinates":[13.351371,38.105457]},"properties":{"id":"175","nome":"Basile Facolta' Di Ingegneria","linee":["104","108","109","118","234","304","309","N7","OSPED"],"accessibile":"","lon":13.351371,"lat":38.105457}},{"type":"Feature","geometry":{"type":"Point","coordinates":[13.348224,38.096085]},"properties":{"id":"1750","nome":"Roccella Raiti","linee":["108","234","N7"],"accessibile":"","lon":13.348224,"lat":38.096085}},{"type":"Feature","geometry":{"type":"Point","coordinates":[13.349362,38.097121]},"properties":{"id":"1751","nome":"Roccella S R Arcangelo","linee":["108"],"accessibile":"","lon":13.349362,"lat":38.097121}},{"type":"Feature","geometry":{"type":"Point","coordinates":[13.350096,38.097638]},"properties":{"id":"1752","nome":"Roccella S R Arcangelo","linee":["108","234","N7"],"accessibile":"","lon":13.350096,"lat":38.097638}},{"type":"Feature","geometry":{"type":"Point","coordinates":[13.350622,38.098333]},"properties":{"id":"1754","nome":"Roccella Vitali","linee":["108"],"accessibile":"","lon":13.350622,"lat":38.098333}},{"type":"Feature","geometry":{"type":"Point","coordinates":[13.350945,38.099092]},"properties":{"id":"1755","nome":"Roccella Vitali","linee":["234"],"accessibile":"","lon":13.350945,"lat":38.099092}},{"type":"Feature","geometry":{"type":"Point","coordinates":[13.36254,38.118663]},"properties":{"id":"1757","nome":"Roma Bandiera","linee":["101","102","124","N2"],"accessibile":"","lon":13.36254,"lat":38.118663}},{"type":"Feature","geometry":{"type":"Point","coordinates":[13.358764,38.124919]},"properties":{"id":"1758","nome":"Roma - Belmonte","linee":["101","102","124","N2"],"accessibile":"","lon":13.358764,"lat":38.124919}},{"type":"Feature","geometry":{"type":"Point","coordinates":[13.358765,38.124973]},"properties":{"id":"1759","nome":"Roma Belmonte","linee":["101","102","103","104","108","124","134","N1","N2","N5"],"accessibile":"","lon":13.358765,"lat":38.124973}},{"type":"Feature","geometry":{"type":"Point","coordinates":[13.348799,38.102843]},"properties":{"id":"176","nome":"Basile Facolta' Di Lettere","linee":["104","108","109","118","234","304","309","N7","OSPED"],"accessibile":"","lon":13.348799,"lat":38.102843}},{"type":"Feature","geometry":{"type":"Point","coordinates":[13.360287,38.122685]},"properties":{"id":"1760","nome":"Roma - Cavour","linee":["101","102","N2"],"accessibile":"","lon":13.360287,"lat":38.122685}},{"type":"Feature","geometry":{"type":"Point","coordinates":[13.365712,38.112302]},"properties":{"id":"1761","nome":"Roma Fiume","linee":["101","102","124","N2"],"accessibile":"","lon":13.365712,"lat":38.112302}},{"type":"Feature","geometry":{"type":"Point","coordinates":[13.365919,38.111967]},"properties":{"id":"1762","nome":"Roma Fs","linee":["101","102","124","N2"],"accessibile":"","lon":13.365919,"lat":38.111967}},{"type":"Feature","geometry":{"type":"Point","coordinates":[13.36407,38.115624]},"properties":{"id":"1763","nome":"Roma Lattarini","linee":["101","102","124","N2"],"accessibile":"","lon":13.36407,"lat":38.115624}},{"type":"Feature","geometry":{"type":"Point","coordinates":[13.364026,38.11578]},"properties":{"id":"1764","nome":"Roma Lattarini","linee":["101","102","124","N2"],"accessibile":"","lon":13.364026,"lat":38.11578}},{"type":"Feature","geometry":{"type":"Point","coordinates":[13.364822,38.113983]},"properties":{"id":"1765","nome":"Roma Palazzo Ganci","linee":["101","102","124","N2"],"accessibile":"","lon":13.364822,"lat":38.113983}},{"type":"Feature","geometry":{"type":"Point","coordinates":[13.365002,38.113835]},"properties":{"id":"1766","nome":"Roma Palazzo Ganci","linee":["101","102","124","N2"],"accessibile":"","lon":13.365002,"lat":38.113835}},{"type":"Feature","geometry":{"type":"Point","coordinates":[13.361783,38.120219]},"properties":{"id":"1767","nome":"Roma Poste","linee":["101","102","124","N2"],"accessibile":"","lon":13.361783,"lat":38.120219}},{"type":"Feature","geometry":{"type":"Point","coordinates":[13.361537,38.120881]},"properties":{"id":"1768","nome":"Roma Poste","linee":["101","102","124","N2"],"accessibile":"","lon":13.361537,"lat":38.120881}},{"type":"Feature","geometry":{"type":"Point","coordinates":[13.362308,38.11921]},"properties":{"id":"1769","nome":"Roma S Domenico","linee":["101","102","124","N2"],"accessibile":"","lon":13.362308,"lat":38.11921}},{"type":"Feature","geometry":{"type":"Point","coordinates":[13.343711,38.096502]},"properties":{"id":"177","nome":"Basile Medaglie D'Oro","linee":["234","304","307","364","380"],"accessibile":"","lon":13.343711,"lat":38.096502}},{"type":"Feature","geometry":{"type":"Point","coordinates":[13.359747,38.123583]},"properties":{"id":"1770","nome":"Roma Stabile","linee":["101","102","103","104","108","124","134","N1","N2","N5"],"accessibile":"","lon":13.359747,"lat":38.123583}},{"type":"Feature","geometry":{"type":"Point","coordinates":[13.363079,38.117558]},"properties":{"id":"1771","nome":"Roma Vucciria","linee":["101","102","124","N2"],"accessibile":"","lon":13.363079,"lat":38.117558}},{"type":"Feature","geometry":{"type":"Point","coordinates":[13.363385,38.117034]},"properties":{"id":"1772","nome":"Roma Vucciria","linee":["101","102","124","N2"],"accessibile":"","lon":13.363385,"lat":38.117034}},{"type":"Feature","geometry":{"type":"Point","coordinates":[13.371217,38.158812]},"properties":{"id":"1774","nome":"Rotoli 1","linee":["603","731"],"accessibile":"","lon":13.371217,"lat":38.158812}},{"type":"Feature","geometry":{"type":"Point","coordinates":[13.370575,38.16216]},"properties":{"id":"1775","nome":"Rotoli 2","linee":["603","731"],"accessibile":"","lon":13.370575,"lat":38.16216}},{"type":"Feature","geometry":{"type":"Point","coordinates":[13.369743,38.163895]},"properties":{"id":"1776","nome":"Rotoli 3","linee":["603","731"],"accessibile":"","lon":13.369743,"lat":38.163895}},{"type":"Feature","geometry":{"type":"Point","coordinates":[13.36987,38.163394]},"properties":{"id":"1777","nome":"Rotoli 3","linee":["603","731","N1"],"accessibile":"","lon":13.36987,"lat":38.163394}},{"type":"Feature","geometry":{"type":"Point","coordinates":[13.370722,38.161617]},"properties":{"id":"1778","nome":"Rotoli 2","linee":["603","731","N1"],"accessibile":"","lon":13.370722,"lat":38.161617}},{"type":"Feature","geometry":{"type":"Point","coordinates":[13.371348,38.159104]},"properties":{"id":"1779","nome":"Rotoli 1","linee":["603","731","N1"],"accessibile":"","lon":13.371348,"lat":38.159104}},{"type":"Feature","geometry":{"type":"Point","coordinates":[13.345508,38.097561]},"properties":{"id":"178","nome":"Basile Parcheggio Basile","linee":["108","234","304","N7"],"accessibile":"","lon":13.345508,"lat":38.097561}},{"type":"Feature","geometry":{"type":"Point","coordinates":[13.318317,38.124366]},"properties":{"id":"1784","nome":"Ruggeri Di Blasi","linee":["307","422","462","534"],"accessibile":"","lon":13.318317,"lat":38.124366}},{"type":"Feature","geometry":{"type":"Point","coordinates":[13.318263,38.125927]},"properties":{"id":"1786","nome":"Ruggeri Leonardo Da Vinci","linee":["307","422","462","534"],"accessibile":"","lon":13.318263,"lat":38.125927}},{"type":"Feature","geometry":{"type":"Point","coordinates":[13.360357,38.093013]},"properties":{"id":"1788","nome":"S Filippo Costellazione","linee":["241","243","N6"],"accessibile":"","lon":13.360357,"lat":38.093013}},{"type":"Feature","geometry":{"type":"Point","coordinates":[13.360755,38.093029]},"properties":{"id":"1789","nome":"S Filippo Orsa Maggiore","linee":["230","243"],"accessibile":"","lon":13.360755,"lat":38.093029}},{"type":"Feature","geometry":{"type":"Point","coordinates":[13.361902,38.091037]},"properties":{"id":"1790","nome":"S Filippo Ortigia","linee":["241"],"accessibile":"","lon":13.361902,"lat":38.091037}},{"type":"Feature","geometry":{"type":"Point","coordinates":[13.361742,38.091419]},"properties":{"id":"1791","nome":"S Filippo Sirio","linee":["241"],"accessibile":"","lon":13.361742,"lat":38.091419}},{"type":"Feature","geometry":{"type":"Point","coordinates":[13.383433,38.100198]},"properties":{"id":"1792","nome":"S Giovanni Di Dio","linee":["210","212"],"accessibile":"","lon":13.383433,"lat":38.100198}},{"type":"Feature","geometry":{"type":"Point","coordinates":[13.383516,38.099989]},"properties":{"id":"1793","nome":"S Giovanni Di Dio","linee":["210","212"],"accessibile":"","lon":13.383516,"lat":38.099989}},{"type":"Feature","geometry":{"type":"Point","coordinates":[13.306097,38.17015]},"properties":{"id":"1799","nome":"S Lorenzo Anas","linee":["628","812","N2"],"accessibile":"","lon":13.306097,"lat":38.17015}},{"type":"Feature","geometry":{"type":"Point","coordinates":[13.293075,38.179964]},"properties":{"id":"18","nome":"Acc A29 Valle 2","linee":["516"],"accessibile":"","lon":13.293075,"lat":38.179964}},{"type":"Feature","geometry":{"type":"Point","coordinates":[13.323248,38.162875]},"properties":{"id":"1800","nome":"S Lorenzo Astorino","linee":["619"],"accessibile":"","lon":13.323248,"lat":38.162875}},{"type":"Feature","geometry":{"type":"Point","coordinates":[13.313508,38.168227]},"properties":{"id":"1801","nome":"S Lorenzo Clinica Stagno","linee":["628","812","N2"],"accessibile":"","lon":13.313508,"lat":38.168227}},{"type":"Feature","geometry":{"type":"Point","coordinates":[13.310493,38.169282]},"properties":{"id":"1802","nome":"S Lorenzo Clinica Stagno","linee":["628"],"accessibile":"","lon":13.310493,"lat":38.169282}},{"type":"Feature","geometry":{"type":"Point","coordinates":[13.313736,38.167965]},"properties":{"id":"1803","nome":"S Lorenzo Clinica Stagno","linee":["628"],"accessibile":"","lon":13.313736,"lat":38.167965}},{"type":"Feature","geometry":{"type":"Point","coordinates":[13.318157,38.164968]},"properties":{"id":"1804","nome":"S Lorenzo Commissariato P.S.","linee":["614","619","628","N2"],"accessibile":"","lon":13.318157,"lat":38.164968}},{"type":"Feature","geometry":{"type":"Point","coordinates":[13.330724,38.158345]},"properties":{"id":"1805","nome":"S Lorenzo Corsica","linee":["619"],"accessibile":"","lon":13.330724,"lat":38.158345}},{"type":"Feature","geometry":{"type":"Point","coordinates":[13.330893,38.157905]},"properties":{"id":"1806","nome":"S Lorenzo Corsica","linee":["619"],"accessibile":"","lon":13.330893,"lat":38.157905}},{"type":"Feature","geometry":{"type":"Point","coordinates":[13.330029,38.159641]},"properties":{"id":"1808","nome":"S Lorenzo Ingegneros","linee":["619"],"accessibile":"","lon":13.330029,"lat":38.159641}},{"type":"Feature","geometry":{"type":"Point","coordinates":[13.330034,38.159455]},"properties":{"id":"1809","nome":"S Lorenzo Ingegneros","linee":["619"],"accessibile":"","lon":13.330034,"lat":38.159455}},{"type":"Feature","geometry":{"type":"Point","coordinates":[13.344702,38.096727]},"properties":{"id":"181","nome":"Basile Raiti","linee":["104","108","109","118","307","309","364","380","N7","OSPED"],"accessibile":"","lon":13.344702,"lat":38.096727}},{"type":"Feature","geometry":{"type":"Point","coordinates":[13.327255,38.160847]},"properties":{"id":"1810","nome":"S Lorenzo Largo S Lorenzo","linee":["619"],"accessibile":"","lon":13.327255,"lat":38.160847}},{"type":"Feature","geometry":{"type":"Point","coordinates":[13.327612,38.160719]},"properties":{"id":"1811","nome":"S Lorenzo Largo S Lorenzo","linee":["619"],"accessibile":"","lon":13.327612,"lat":38.160719}},{"type":"Feature","geometry":{"type":"Point","coordinates":[13.310148,38.169377]},"properties":{"id":"1812","nome":"S Lorenzo Lo Valvo","linee":["628","812","N2"],"accessibile":"","lon":13.310148,"lat":38.169377}},{"type":"Feature","geometry":{"type":"Point","coordinates":[13.306546,38.169554]},"properties":{"id":"1813","nome":"S Lorenzo Lo Valvo","linee":["628"],"accessibile":"","lon":13.306546,"lat":38.169554}},{"type":"Feature","geometry":{"type":"Point","coordinates":[13.3221,38.163606]},"properties":{"id":"1814","nome":"S Lorenzo Marinai D'Italia","linee":["619"],"accessibile":"","lon":13.3221,"lat":38.163606}},{"type":"Feature","geometry":{"type":"Point","coordinates":[13.328568,38.160598]},"properties":{"id":"1817","nome":"S Lorenzo Serretta","linee":["619"],"accessibile":"","lon":13.328568,"lat":38.160598}},{"type":"Feature","geometry":{"type":"Point","coordinates":[13.318787,38.164521]},"properties":{"id":"1818","nome":"S Lorenzo Stazione Fs","linee":["614","619","628","812","N2"],"accessibile":"","lon":13.318787,"lat":38.164521}},{"type":"Feature","geometry":{"type":"Point","coordinates":[13.3083,38.169333]},"properties":{"id":"1819","nome":"S Lorenzo Vallotta","linee":["628","812","N2"],"accessibile":"","lon":13.3083,"lat":38.169333}},{"type":"Feature","geometry":{"type":"Point","coordinates":[13.354432,38.107377]},"properties":{"id":"182","nome":"Basile Re Ruggero","linee":["104","108","109","118","234","309","OSPED"],"accessibile":"","lon":13.354432,"lat":38.107377}},{"type":"Feature","geometry":{"type":"Point","coordinates":[13.320439,38.163995]},"properties":{"id":"1820","nome":"S Lorenzo Villa Adriana","linee":["619"],"accessibile":"","lon":13.320439,"lat":38.163995}},{"type":"Feature","geometry":{"type":"Point","coordinates":[13.377202,38.084517]},"properties":{"id":"1824","nome":"S M Di Gesu' Falsomiele","linee":["209"],"accessibile":"","lon":13.377202,"lat":38.084517}},{"type":"Feature","geometry":{"type":"Point","coordinates":[13.370135,38.097714]},"properties":{"id":"1827","nome":"S M Di Gesu' Guadagna","linee":["241"],"accessibile":"","lon":13.370135,"lat":38.097714}},{"type":"Feature","geometry":{"type":"Point","coordinates":[13.372765,38.092597]},"properties":{"id":"1829","nome":"S M Di Gesu' Miraglia","linee":["209"],"accessibile":"","lon":13.372765,"lat":38.092597}},{"type":"Feature","geometry":{"type":"Point","coordinates":[13.346445,38.098462]},"properties":{"id":"183","nome":"Basile Sabato","linee":["104","108","109","118","309","OSPED"],"accessibile":"","lon":13.346445,"lat":38.098462}},{"type":"Feature","geometry":{"type":"Point","coordinates":[13.376178,38.086871]},"properties":{"id":"1833","nome":"S M Di Gesu' Trabia","linee":["209"],"accessibile":"","lon":13.376178,"lat":38.086871}},{"type":"Feature","geometry":{"type":"Point","coordinates":[13.376789,38.085723]},"properties":{"id":"1835","nome":"S M Di Gesu' Verdone","linee":["209"],"accessibile":"","lon":13.376789,"lat":38.085723}},{"type":"Feature","geometry":{"type":"Point","coordinates":[13.371024,38.09532]},"properties":{"id":"1837","nome":"S M Di Gesu' Villa Alhates","linee":["209"],"accessibile":"","lon":13.371024,"lat":38.09532}},{"type":"Feature","geometry":{"type":"Point","coordinates":[13.351776,38.105689]},"properties":{"id":"184","nome":"Basile Universita' Segreterie","linee":["104","108","109","118","234","309","OSPED"],"accessibile":"","lon":13.351776,"lat":38.105689}},{"type":"Feature","geometry":{"type":"Point","coordinates":[13.314005,38.17955]},"properties":{"id":"1845","nome":"S Nicola Zappa","linee":["619"],"accessibile":"","lon":13.314005,"lat":38.17955}},{"type":"Feature","geometry":{"type":"Point","coordinates":[13.305628,38.093232]},"properties":{"id":"1846","nome":"S.P 69 Rocca Monreale","linee":["389"],"accessibile":"","lon":13.305628,"lat":38.093232}},{"type":"Feature","geometry":{"type":"Point","coordinates":[13.305513,38.092961]},"properties":{"id":"1847","nome":"S.P 69 Rocca Monreale","linee":["389"],"accessibile":"","lon":13.305513,"lat":38.092961}},{"type":"Feature","geometry":{"type":"Point","coordinates":[13.352587,38.106533]},"properties":{"id":"185","nome":"Basile Universita' Segreterie","linee":["104","108","109","118","304","309"],"accessibile":"","lon":13.352587,"lat":38.106533}},{"type":"Feature","geometry":{"type":"Point","coordinates":[13.267698,38.201184]},"properties":{"id":"1856","nome":"S.S 113 Belvedere","linee":["628"],"accessibile":"","lon":13.267698,"lat":38.201184}},{"type":"Feature","geometry":{"type":"Point","coordinates":[13.330633,38.151482]},"properties":{"id":"186","nome":"Belgio","linee":["675"],"accessibile":"","lon":13.330633,"lat":38.151482}},{"type":"Feature","geometry":{"type":"Point","coordinates":[13.355237,38.145028]},"properties":{"id":"1865","nome":"Sadat Autonomia Siciliana","linee":["107","603","721","812"],"accessibile":"","lon":13.355237,"lat":38.145028}},{"type":"Feature","geometry":{"type":"Point","coordinates":[13.354093,38.146527]},"properties":{"id":"1866","nome":"Sadat Fiera","linee":["107","603","721","812"],"accessibile":"","lon":13.354093,"lat":38.146527}},{"type":"Feature","geometry":{"type":"Point","coordinates":[13.330517,38.151249]},"properties":{"id":"187","nome":"Belgio","linee":["544","675"],"accessibile":"","lon":13.330517,"lat":38.151249}},{"type":"Feature","geometry":{"type":"Point","coordinates":[13.346271,38.128692]},"properties":{"id":"1873","nome":"Salinas Villa Trabia","linee":["103","118"],"accessibile":"","lon":13.346271,"lat":38.128692}},{"type":"Feature","geometry":{"type":"Point","coordinates":[13.319525,38.197459]},"properties":{"id":"1875","nome":"Saline","linee":["645"],"accessibile":"","lon":13.319525,"lat":38.197459}},{"type":"Feature","geometry":{"type":"Point","coordinates":[13.360995,38.10804]},"properties":{"id":"1876","nome":"Salamone Marino","linee":["109","234","246","N2","N4"],"accessibile":"","lon":13.360995,"lat":38.10804}},{"type":"Feature","geometry":{"type":"Point","coordinates":[13.355609,38.108743]},"properties":{"id":"188","nome":"Benedettini","linee":["ARANC","N5"],"accessibile":"","lon":13.355609,"lat":38.108743}},{"type":"Feature","geometry":{"type":"Point","coordinates":[13.348421,38.127651]},"properties":{"id":"1888","nome":"Sammartino Catania","linee":["103","118"],"accessibile":"","lon":13.348421,"lat":38.127651}},{"type":"Feature","geometry":{"type":"Point","coordinates":[13.350337,38.124302]},"properties":{"id":"1889","nome":"Sammartino Del Fervore","linee":["103","118"],"accessibile":"","lon":13.350337,"lat":38.124302}},{"type":"Feature","geometry":{"type":"Point","coordinates":[13.349419,38.125928]},"properties":{"id":"1890","nome":"Sammartino Siracusa","linee":["103","118"],"accessibile":"","lon":13.349419,"lat":38.125928}},{"type":"Feature","geometry":{"type":"Point","coordinates":[13.383358,38.092812]},"properties":{"id":"1894","nome":"San Ciro Bagnasco","linee":["210"],"accessibile":"","lon":13.383358,"lat":38.092812}},{"type":"Feature","geometry":{"type":"Point","coordinates":[13.383354,38.094796]},"properties":{"id":"1895","nome":"San Ciro Conte Federico","linee":["210"],"accessibile":"","lon":13.383354,"lat":38.094796}},{"type":"Feature","geometry":{"type":"Point","coordinates":[13.383236,38.09377]},"properties":{"id":"1896","nome":"San Ciro Maredolce","linee":["210"],"accessibile":"","lon":13.383236,"lat":38.09377}},{"type":"Feature","geometry":{"type":"Point","coordinates":[13.384286,38.091216]},"properties":{"id":"1897","nome":"San Ciro Regione Siciliana","linee":["210"],"accessibile":"","lon":13.384286,"lat":38.091216}},{"type":"Feature","geometry":{"type":"Point","coordinates":[13.344751,38.085241]},"properties":{"id":"1898","nome":"San Francesco Di Sales","linee":["241"],"accessibile":"","lon":13.344751,"lat":38.085241}},{"type":"Feature","geometry":{"type":"Point","coordinates":[13.291876,38.181816]},"properties":{"id":"19","nome":"Acc A29 Valle 3","linee":["516"],"accessibile":"","lon":13.291876,"lat":38.181816}},{"type":"Feature","geometry":{"type":"Point","coordinates":[13.327993,38.140005]},"properties":{"id":"1903","nome":"Santuario Di Cruillas","linee":["529"],"accessibile":"","lon":13.327993,"lat":38.140005}},{"type":"Feature","geometry":{"type":"Point","coordinates":[13.351033,38.168175]},"properties":{"id":"1904","nome":"Santuario","linee":["812"],"accessibile":"","lon":13.351033,"lat":38.168175}},{"type":"Feature","geometry":{"type":"Point","coordinates":[13.35099,38.168217]},"properties":{"id":"1905","nome":"Santuario","linee":["812"],"accessibile":"","lon":13.35099,"lat":38.168217}},{"type":"Feature","geometry":{"type":"Point","coordinates":[13.305664,38.120994]},"properties":{"id":"1906","nome":"Sarullo Casa Del Sole","linee":["534","N3","N4"],"accessibile":"","lon":13.305664,"lat":38.120994}},{"type":"Feature","geometry":{"type":"Point","coordinates":[13.30563,38.121153]},"properties":{"id":"1907","nome":"Sarullo Casa Del Sole","linee":["307","422","625","N4"],"accessibile":"","lon":13.30563,"lat":38.121153}},{"type":"Feature","geometry":{"type":"Point","coordinates":[13.302877,38.123987]},"properties":{"id":"1908","nome":"Sarullo Papaleo","linee":["534","N3","N4"],"accessibile":"","lon":13.302877,"lat":38.123987}},{"type":"Feature","geometry":{"type":"Point","coordinates":[13.302952,38.124144]},"properties":{"id":"1909","nome":"Sarullo Papaleo","linee":["307","422"],"accessibile":"","lon":13.302952,"lat":38.124144}},{"type":"Feature","geometry":{"type":"Point","coordinates":[13.331857,38.123428]},"properties":{"id":"1910","nome":"Sauro Gualtiero","linee":["134","442"],"accessibile":"","lon":13.331857,"lat":38.123428}},{"type":"Feature","geometry":{"type":"Point","coordinates":[13.330701,38.124643]},"properties":{"id":"1911","nome":"Sauro Montuoro","linee":["134","442"],"accessibile":"","lon":13.330701,"lat":38.124643}},{"type":"Feature","geometry":{"type":"Point","coordinates":[13.332215,38.122939]},"properties":{"id":"1913","nome":"Sauro Noce","linee":["442"],"accessibile":"","lon":13.332215,"lat":38.122939}},{"type":"Feature","geometry":{"type":"Point","coordinates":[13.320914,38.121242]},"properties":{"id":"1914","nome":"Savonarola Perpignano","linee":["462"],"accessibile":"","lon":13.320914,"lat":38.121242}},{"type":"Feature","geometry":{"type":"Point","coordinates":[13.338281,38.140659]},"properties":{"id":"1920","nome":"Sciuti Delle Magnolie","linee":["704","N2"],"accessibile":"","lon":13.338281,"lat":38.140659}},{"type":"Feature","geometry":{"type":"Point","coordinates":[13.338511,38.139915]},"properties":{"id":"1921","nome":"Sciuti Delle Magnolie","linee":["625","704","N2"],"accessibile":"","lon":13.338511,"lat":38.139915}},{"type":"Feature","geometry":{"type":"Point","coordinates":[13.340807,38.136486]},"properties":{"id":"1922","nome":"Sciuti Giusti","linee":["704","N2"],"accessibile":"","lon":13.340807,"lat":38.136486}},{"type":"Feature","geometry":{"type":"Point","coordinates":[13.340955,38.136097]},"properties":{"id":"1923","nome":"Sciuti Giusti","linee":["704","N2"],"accessibile":"","lon":13.340955,"lat":38.136097}},{"type":"Feature","geometry":{"type":"Point","coordinates":[13.337458,38.141497]},"properties":{"id":"1924","nome":"Sciuti Lazio","linee":["625","704","N2"],"accessibile":"","lon":13.337458,"lat":38.141497}},{"type":"Feature","geometry":{"type":"Point","coordinates":[13.342985,38.132825]},"properties":{"id":"1925","nome":"Sciuti Notarbartolo","linee":["102","118","704","N2"],"accessibile":"","lon":13.342985,"lat":38.132825}},{"type":"Feature","geometry":{"type":"Point","coordinates":[13.343056,38.132887]},"properties":{"id":"1926","nome":"Sciuti Notarbartolo","linee":["704","N2"],"accessibile":"","lon":13.343056,"lat":38.132887}},{"type":"Feature","geometry":{"type":"Point","coordinates":[13.339446,38.138765]},"properties":{"id":"1927","nome":"Sciuti Principe Di Paterno'","linee":["704","N2"],"accessibile":"","lon":13.339446,"lat":38.138765}},{"type":"Feature","geometry":{"type":"Point","coordinates":[13.339581,38.138269]},"properties":{"id":"1928","nome":"Sciuti Principe Di Paterno'","linee":["704","N2"],"accessibile":"","lon":13.339581,"lat":38.138269}},{"type":"Feature","geometry":{"type":"Point","coordinates":[13.342285,38.134097]},"properties":{"id":"1929","nome":"Sciuti Rapisardi","linee":["704","N2"],"accessibile":"","lon":13.342285,"lat":38.134097}},{"type":"Feature","geometry":{"type":"Point","coordinates":[13.341977,38.13447]},"properties":{"id":"1930","nome":"Sciuti Rapisardi","linee":["704","N2"],"accessibile":"","lon":13.341977,"lat":38.13447}},{"type":"Feature","geometry":{"type":"Point","coordinates":[13.315638,38.180301]},"properties":{"id":"1931","nome":"Senocrate Di Agrigento","linee":["619"],"accessibile":"","lon":13.315638,"lat":38.180301}},{"type":"Feature","geometry":{"type":"Point","coordinates":[13.338572,38.125412]},"properties":{"id":"1932","nome":"Serradifalco Aurispa","linee":["110"],"accessibile":"","lon":13.338572,"lat":38.125412}},{"type":"Feature","geometry":{"type":"Point","coordinates":[13.338195,38.126467]},"properties":{"id":"1933","nome":"Serradifalco Aurispa","linee":["110"],"accessibile":"","lon":13.338195,"lat":38.126467}},{"type":"Feature","geometry":{"type":"Point","coordinates":[13.337717,38.127527]},"properties":{"id":"1934","nome":"Serradifalco Bernabei","linee":["110","134"],"accessibile":"","lon":13.337717,"lat":38.127527}},{"type":"Feature","geometry":{"type":"Point","coordinates":[13.339635,38.124066]},"properties":{"id":"1937","nome":"Serradifalco Crispi","linee":["110"],"accessibile":"","lon":13.339635,"lat":38.124066}},{"type":"Feature","geometry":{"type":"Point","coordinates":[13.340374,38.121725]},"properties":{"id":"1939","nome":"Serradifalco Razza","linee":["110"],"accessibile":"","lon":13.340374,"lat":38.121725}},{"type":"Feature","geometry":{"type":"Point","coordinates":[13.322283,38.136624]},"properties":{"id":"194","nome":"Bernini 2","linee":["513"],"accessibile":"","lon":13.322283,"lat":38.136624}},{"type":"Feature","geometry":{"type":"Point","coordinates":[13.282474,38.193841]},"properties":{"id":"1940","nome":"Sferracavallo Delegazione","linee":["88","628","812","N2"],"accessibile":"","lon":13.282474,"lat":38.193841}},{"type":"Feature","geometry":{"type":"Point","coordinates":[13.282741,38.193445]},"properties":{"id":"1941","nome":"Sferracavallo Delegazione","linee":["88","614","616","628"],"accessibile":"","lon":13.282741,"lat":38.193445}},{"type":"Feature","geometry":{"type":"Point","coordinates":[13.279928,38.195792]},"properties":{"id":"1942","nome":"Sferracavallo Dell'Arancio","linee":["88","616","628","812","N2"],"accessibile":"","lon":13.279928,"lat":38.195792}},{"type":"Feature","geometry":{"type":"Point","coordinates":[13.279264,38.196038]},"properties":{"id":"1943","nome":"Sferracavallo Dell'Arancio","linee":["88","616","628","N2"],"accessibile":"","lon":13.279264,"lat":38.196038}},{"type":"Feature","geometry":{"type":"Point","coordinates":[13.277784,38.197171]},"properties":{"id":"1944","nome":"Sferracavallo Manderino","linee":["88","616","628","812","N2"],"accessibile":"","lon":13.277784,"lat":38.197171}},{"type":"Feature","geometry":{"type":"Point","coordinates":[13.277562,38.197239]},"properties":{"id":"1945","nome":"Sferracavallo Manderino","linee":["88","616","628","N2"],"accessibile":"","lon":13.277562,"lat":38.197239}},{"type":"Feature","geometry":{"type":"Point","coordinates":[13.281767,38.194423]},"properties":{"id":"1946","nome":"Sferracavallo Nicoletti","linee":["88","614","616","628"],"accessibile":"","lon":13.281767,"lat":38.194423}},{"type":"Feature","geometry":{"type":"Point","coordinates":[13.28483,38.191162]},"properties":{"id":"1947","nome":"Sferracavallo Passaggio A Livello","linee":["628","812","N2"],"accessibile":"","lon":13.28483,"lat":38.191162}},{"type":"Feature","geometry":{"type":"Point","coordinates":[13.284405,38.191539]},"properties":{"id":"1948","nome":"Sferracavallo Piazza Tommaso Natale","linee":["88","614","616","628"],"accessibile":"","lon":13.284405,"lat":38.191539}},{"type":"Feature","geometry":{"type":"Point","coordinates":[13.366966,38.141488]},"properties":{"id":"1949","nome":"Simone Guli' Calcedonio","linee":["731"],"accessibile":"","lon":13.366966,"lat":38.141488}},{"type":"Feature","geometry":{"type":"Point","coordinates":[13.367149,38.141369]},"properties":{"id":"1950","nome":"Simone Guli' Calcedonio","linee":["731"],"accessibile":"","lon":13.367149,"lat":38.141369}},{"type":"Feature","geometry":{"type":"Point","coordinates":[13.367725,38.138737]},"properties":{"id":"1951","nome":"Simone Guli' Cantiere Navale","linee":["731"],"accessibile":"","lon":13.367725,"lat":38.138737}},{"type":"Feature","geometry":{"type":"Point","coordinates":[13.308315,38.138104]},"properties":{"id":"196","nome":"Berrettaro","linee":["513"],"accessibile":"","lon":13.308315,"lat":38.138104}},{"type":"Feature","geometry":{"type":"Point","coordinates":[13.334317,38.10101]},"properties":{"id":"1965","nome":"Ss Mediatrice Barbarino","linee":["304"],"accessibile":"","lon":13.334317,"lat":38.10101}},{"type":"Feature","geometry":{"type":"Point","coordinates":[13.332872,38.100477]},"properties":{"id":"1966","nome":"Ss Mediatrice Regione Siciliana","linee":["304"],"accessibile":"","lon":13.332872,"lat":38.100477}},{"type":"Feature","geometry":{"type":"Point","coordinates":[13.355404,38.122095]},"properties":{"id":"1968","nome":"Stabile Piazzale Ungheria","linee":["124"],"accessibile":"","lon":13.355404,"lat":38.122095}},{"type":"Feature","geometry":{"type":"Point","coordinates":[13.340138,38.153372]},"properties":{"id":"1970","nome":"Stadio","linee":["101"],"accessibile":"","lon":13.340138,"lat":38.153372}},{"type":"Feature","geometry":{"type":"Point","coordinates":[13.366172,38.110011]},"properties":{"id":"1971","nome":"Stazione Centrale Ardizzone","linee":["234"],"accessibile":"","lon":13.366172,"lat":38.110011}},{"type":"Feature","geometry":{"type":"Point","coordinates":[13.367347,38.11024]},"properties":{"id":"1974","nome":"Stazione Centrale Balsamo","linee":["107"],"accessibile":"","lon":13.367347,"lat":38.11024}},{"type":"Feature","geometry":{"type":"Point","coordinates":[13.367519,38.110241]},"properties":{"id":"1975","nome":"Stazione Centrale Lincoln 1","linee":["226"],"accessibile":"","lon":13.367519,"lat":38.110241}},{"type":"Feature","geometry":{"type":"Point","coordinates":[13.366921,38.109062]},"properties":{"id":"1977","nome":"Staz Centrale Cupani 2","linee":["101"],"accessibile":"","lon":13.366921,"lat":38.109062}},{"type":"Feature","geometry":{"type":"Point","coordinates":[13.366469,38.109888]},"properties":{"id":"1979","nome":"Stazione Centrale Giulio Cesare","linee":["101","N7"],"accessibile":"","lon":13.366469,"lat":38.109888}},{"type":"Feature","geometry":{"type":"Point","coordinates":[13.31253,38.136801]},"properties":{"id":"198","nome":"Besio Barisano Da Trani","linee":["513"],"accessibile":"","lon":13.31253,"lat":38.136801}},{"type":"Feature","geometry":{"type":"Point","coordinates":[13.367196,38.110647]},"properties":{"id":"1980","nome":"Stazione Centrale Lincoln","linee":["224"],"accessibile":"","lon":13.367196,"lat":38.110647}},{"type":"Feature","geometry":{"type":"Point","coordinates":[13.365876,38.110112]},"properties":{"id":"1982","nome":"Stazione Centrale Maurolico","linee":["243","N5","N6"],"accessibile":"","lon":13.365876,"lat":38.110112}},{"type":"Feature","geometry":{"type":"Point","coordinates":[13.365739,38.11]},"properties":{"id":"1983","nome":"Stazione Centrale Oreto","linee":["230","246","N4","N7"],"accessibile":"","lon":13.365739,"lat":38.11}},{"type":"Feature","geometry":{"type":"Point","coordinates":[13.366862,38.110312]},"properties":{"id":"1984","nome":"Stazione Centrale Pensilina Esterna","linee":["101","102","109","124","N2"],"accessibile":"","lon":13.366862,"lat":38.110312}},{"type":"Feature","geometry":{"type":"Point","coordinates":[13.366836,38.110244]},"properties":{"id":"1985","nome":"Stazione Centrale Pensilina Interna","linee":["230","234","237","243","246","N4","N5","N6","N7"],"accessibile":"","lon":13.366836,"lat":38.110244}},{"type":"Feature","geometry":{"type":"Point","coordinates":[13.328111,38.155281]},"properties":{"id":"1989","nome":"Strasburgo Aldisio","linee":["544","614","628","704","812","N2"],"accessibile":"","lon":13.328111,"lat":38.155281}},{"type":"Feature","geometry":{"type":"Point","coordinates":[13.310539,38.13777]},"properties":{"id":"199","nome":"Besio 1","linee":["513"],"accessibile":"","lon":13.310539,"lat":38.13777}},{"type":"Feature","geometry":{"type":"Point","coordinates":[13.328658,38.154525]},"properties":{"id":"1990","nome":"Strasburgo Aldisio","linee":["544","614","628","704","N2"],"accessibile":"","lon":13.328658,"lat":38.154525}},{"type":"Feature","geometry":{"type":"Point","coordinates":[13.330858,38.152459]},"properties":{"id":"1991","nome":"Strasburgo Belgio","linee":["544","614","628","704","812","N2"],"accessibile":"","lon":13.330858,"lat":38.152459}},{"type":"Feature","geometry":{"type":"Point","coordinates":[13.330762,38.152332]},"properties":{"id":"1992","nome":"Strasburgo Belgio","linee":["544","614","628","704","N2"],"accessibile":"","lon":13.330762,"lat":38.152332}},{"type":"Feature","geometry":{"type":"Point","coordinates":[13.331712,38.151291]},"properties":{"id":"1993","nome":"Strasburgo Briuccia","linee":["614","628","704","812","N2"],"accessibile":"","lon":13.331712,"lat":38.151291}},{"type":"Feature","geometry":{"type":"Point","coordinates":[13.332045,38.150594]},"properties":{"id":"1994","nome":"Strasburgo Briuccia","linee":["544","614","628","675","704","N2"],"accessibile":"","lon":13.332045,"lat":38.150594}},{"type":"Feature","geometry":{"type":"Point","coordinates":[13.329339,38.153998]},"properties":{"id":"1995","nome":"Strasburgo Danimarca","linee":["544","614","628","704","812","N2"],"accessibile":"","lon":13.329339,"lat":38.153998}},{"type":"Feature","geometry":{"type":"Point","coordinates":[13.32969,38.153454]},"properties":{"id":"1996","nome":"Strasburgo Danimarca","linee":["544","614","628","704","N2"],"accessibile":"","lon":13.32969,"lat":38.153454}},{"type":"Feature","geometry":{"type":"Point","coordinates":[13.332727,38.149567]},"properties":{"id":"1997","nome":"Strasburgo De Gasperi","linee":["614","628","704","812","N2"],"accessibile":"","lon":13.332727,"lat":38.149567}},{"type":"Feature","geometry":{"type":"Point","coordinates":[13.332605,38.149575]},"properties":{"id":"1998","nome":"Strasburgo De Gasperi","linee":["544","704","N2"],"accessibile":"","lon":13.332605,"lat":38.149575}},{"type":"Feature","geometry":{"type":"Point","coordinates":[13.327148,38.156314]},"properties":{"id":"1999","nome":"Strasburgo Francia","linee":["544","614","628","812","N2"],"accessibile":"","lon":13.327148,"lat":38.156314}},{"type":"Feature","geometry":{"type":"Point","coordinates":[13.350878,38.117648]},"properties":{"id":"2","nome":"A Amedeo Lascaris","linee":["104","108","110","118","124","N1","N5"],"accessibile":"","lon":13.350878,"lat":38.117648}},{"type":"Feature","geometry":{"type":"Point","coordinates":[13.290798,38.1835]},"properties":{"id":"20","nome":"Acc A29 Valle 4","linee":["516"],"accessibile":"","lon":13.290798,"lat":38.1835}},{"type":"Feature","geometry":{"type":"Point","coordinates":[13.325598,38.157854]},"properties":{"id":"2000","nome":"Strasburgo Ingegneros","linee":["544","614","628","704","812","N2"],"accessibile":"","lon":13.325598,"lat":38.157854}},{"type":"Feature","geometry":{"type":"Point","coordinates":[13.325705,38.157595]},"properties":{"id":"2001","nome":"Strasburgo Ingegneros","linee":["544","614","628","704","N2"],"accessibile":"","lon":13.325705,"lat":38.157595}},{"type":"Feature","geometry":{"type":"Point","coordinates":[13.322537,38.161215]},"properties":{"id":"2002","nome":"Strasburgo Maltese","linee":["544","614","628","704","812","N2"],"accessibile":"","lon":13.322537,"lat":38.161215}},{"type":"Feature","geometry":{"type":"Point","coordinates":[13.32167,38.162089]},"properties":{"id":"2003","nome":"Strasburgo Maltese","linee":["544","614","619","628","704","N2"],"accessibile":"","lon":13.32167,"lat":38.162089}},{"type":"Feature","geometry":{"type":"Point","coordinates":[13.322753,38.160785]},"properties":{"id":"2004","nome":"Strasburgo Nuova","linee":["544","614","628","704","N2"],"accessibile":"","lon":13.322753,"lat":38.160785}},{"type":"Feature","geometry":{"type":"Point","coordinates":[13.324592,38.158885]},"properties":{"id":"2005","nome":"Strasburgo Pantelleria","linee":["544","614","628","704","812","N2"],"accessibile":"","lon":13.324592,"lat":38.158885}},{"type":"Feature","geometry":{"type":"Point","coordinates":[13.324738,38.158559]},"properties":{"id":"2006","nome":"Strasburgo Pantelleria","linee":["544","614","628","704","N2"],"accessibile":"","lon":13.324738,"lat":38.158559}},{"type":"Feature","geometry":{"type":"Point","coordinates":[13.327675,38.155572]},"properties":{"id":"2007","nome":"Strasburgo Svizzera","linee":["544","614","628","704","N2"],"accessibile":"","lon":13.327675,"lat":38.155572}},{"type":"Feature","geometry":{"type":"Point","coordinates":[13.320738,38.16321]},"properties":{"id":"2008","nome":"Strasburgo Villa Adriana","linee":["544","614","628","704","812","N2"],"accessibile":"","lon":13.320738,"lat":38.16321}},{"type":"Feature","geometry":{"type":"Point","coordinates":[13.275918,38.197537]},"properties":{"id":"2009","nome":"Tacito","linee":["88","616","628","N2"],"accessibile":"","lon":13.275918,"lat":38.197537}},{"type":"Feature","geometry":{"type":"Point","coordinates":[13.329298,38.112074]},"properties":{"id":"2010","nome":"Tascalanza Amap","linee":["100","462","534"],"accessibile":"","lon":13.329298,"lat":38.112074}},{"type":"Feature","geometry":{"type":"Point","coordinates":[13.328816,38.115992]},"properties":{"id":"2011","nome":"Tascalanza Balestrate","linee":["100","422","462","534"],"accessibile":"","lon":13.328816,"lat":38.115992}},{"type":"Feature","geometry":{"type":"Point","coordinates":[13.329617,38.109243]},"properties":{"id":"2012","nome":"Tascalanza Pitre'","linee":["100","327"],"accessibile":"","lon":13.329617,"lat":38.109243}},{"type":"Feature","geometry":{"type":"Point","coordinates":[13.329166,38.113274]},"properties":{"id":"2013","nome":"Tascalanza Portello","linee":["100","462","534"],"accessibile":"","lon":13.329166,"lat":38.113274}},{"type":"Feature","geometry":{"type":"Point","coordinates":[13.322283,38.097323]},"properties":{"id":"2015","nome":"Terranova Lenin Mancuso","linee":["307"],"accessibile":"","lon":13.322283,"lat":38.097323}},{"type":"Feature","geometry":{"type":"Point","coordinates":[13.344153,38.130911]},"properties":{"id":"2017","nome":"Terrasanta Costantino","linee":["103","118","N3"],"accessibile":"","lon":13.344153,"lat":38.130911}},{"type":"Feature","geometry":{"type":"Point","coordinates":[13.345277,38.129152]},"properties":{"id":"2018","nome":"Terrasanta Randazzo","linee":["103","118","N3"],"accessibile":"","lon":13.345277,"lat":38.129152}},{"type":"Feature","geometry":{"type":"Point","coordinates":[13.324573,38.205914]},"properties":{"id":"2019","nome":"Teti","linee":["N1"],"accessibile":"","lon":13.324573,"lat":38.205914}},{"type":"Feature","geometry":{"type":"Point","coordinates":[13.322852,38.135217]},"properties":{"id":"2020","nome":"Tiepolo","linee":["442"],"accessibile":"","lon":13.322852,"lat":38.135217}},{"type":"Feature","geometry":{"type":"Point","coordinates":[13.322354,38.135002]},"properties":{"id":"2021","nome":"Tiepolo Uditore","linee":["513"],"accessibile":"","lon":13.322354,"lat":38.135002}},{"type":"Feature","geometry":{"type":"Point","coordinates":[13.29506,38.128447]},"properties":{"id":"2022","nome":"Tindari Cefalu'","linee":["307","422","625"],"accessibile":"","lon":13.29506,"lat":38.128447}},{"type":"Feature","geometry":{"type":"Point","coordinates":[13.293296,38.128314]},"properties":{"id":"2023","nome":"Tindari Pantalica","linee":["625"],"accessibile":"","lon":13.293296,"lat":38.128314}},{"type":"Feature","geometry":{"type":"Point","coordinates":[13.293359,38.128363]},"properties":{"id":"2024","nome":"Tindari Pantalica","linee":["307"],"accessibile":"","lon":13.293359,"lat":38.128363}},{"type":"Feature","geometry":{"type":"Point","coordinates":[13.295693,38.128703]},"properties":{"id":"2025","nome":"Tindari 1","linee":["307"],"accessibile":"","lon":13.295693,"lat":38.128703}},{"type":"Feature","geometry":{"type":"Point","coordinates":[13.376774,38.111649]},"properties":{"id":"2028","nome":"Tiro A Segno","linee":["226"],"accessibile":"","lon":13.376774,"lat":38.111649}},{"type":"Feature","geometry":{"type":"Point","coordinates":[13.302125,38.174009]},"properties":{"id":"2030","nome":"Tommaso Natale Besta","linee":["628","812","N2"],"accessibile":"","lon":13.302125,"lat":38.174009}},{"type":"Feature","geometry":{"type":"Point","coordinates":[13.301465,38.174419]},"properties":{"id":"2031","nome":"Tommaso Natale Besta","linee":["628"],"accessibile":"","lon":13.301465,"lat":38.174419}},{"type":"Feature","geometry":{"type":"Point","coordinates":[13.297128,38.177815]},"properties":{"id":"2032","nome":"Tommaso Natale Betti","linee":["628","812","N2"],"accessibile":"","lon":13.297128,"lat":38.177815}},{"type":"Feature","geometry":{"type":"Point","coordinates":[13.296953,38.177919]},"properties":{"id":"2033","nome":"Tommaso Natale Betti","linee":["628"],"accessibile":"","lon":13.296953,"lat":38.177919}},{"type":"Feature","geometry":{"type":"Point","coordinates":[13.299975,38.175494]},"properties":{"id":"2034","nome":"Tommaso Natale Costantino","linee":["628","812","N2"],"accessibile":"","lon":13.299975,"lat":38.175494}},{"type":"Feature","geometry":{"type":"Point","coordinates":[13.299423,38.175776]},"properties":{"id":"2035","nome":"Tommaso Natale Costantino","linee":["628"],"accessibile":"","lon":13.299423,"lat":38.175776}},{"type":"Feature","geometry":{"type":"Point","coordinates":[13.293033,38.183137]},"properties":{"id":"2036","nome":"Tommaso Natale Crocetta","linee":["628","812","N2"],"accessibile":"","lon":13.293033,"lat":38.183137}},{"type":"Feature","geometry":{"type":"Point","coordinates":[13.29318,38.182723]},"properties":{"id":"2037","nome":"Tommaso Natale Crocetta","linee":["628"],"accessibile":"","lon":13.29318,"lat":38.182723}},{"type":"Feature","geometry":{"type":"Point","coordinates":[13.303909,38.1723]},"properties":{"id":"2038","nome":"Tommaso Natale Minutilla","linee":["628"],"accessibile":"","lon":13.303909,"lat":38.1723}},{"type":"Feature","geometry":{"type":"Point","coordinates":[13.291311,38.184674]},"properties":{"id":"2040","nome":"Tommaso Natale Passaggio A Livello","linee":["628","812","N2"],"accessibile":"","lon":13.291311,"lat":38.184674}},{"type":"Feature","geometry":{"type":"Point","coordinates":[13.291024,38.184881]},"properties":{"id":"2041","nome":"Tommaso Natale Passaggio A Livello","linee":["628"],"accessibile":"","lon":13.291024,"lat":38.184881}},{"type":"Feature","geometry":{"type":"Point","coordinates":[13.28939,38.187293]},"properties":{"id":"2042","nome":"Tommaso Natale Socrate","linee":["516","628","812","N2"],"accessibile":"","lon":13.28939,"lat":38.187293}},{"type":"Feature","geometry":{"type":"Point","coordinates":[13.289838,38.186609]},"properties":{"id":"2043","nome":"Tommaso Natale Socrate","linee":["628"],"accessibile":"","lon":13.289838,"lat":38.186609}},{"type":"Feature","geometry":{"type":"Point","coordinates":[13.295434,38.179722]},"properties":{"id":"2044","nome":"Tommaso Natale","linee":["628","812","N2"],"accessibile":"","lon":13.295434,"lat":38.179722}},{"type":"Feature","geometry":{"type":"Point","coordinates":[13.295383,38.179648]},"properties":{"id":"2045","nome":"Tommaso Natale","linee":["628"],"accessibile":"","lon":13.295383,"lat":38.179648}},{"type":"Feature","geometry":{"type":"Point","coordinates":[13.328705,38.208638]},"properties":{"id":"2046","nome":"Torre Li Greci","linee":["84","86","87","544","606","806"],"accessibile":"","lon":13.328705,"lat":38.208638}},{"type":"Feature","geometry":{"type":"Point","coordinates":[13.328024,38.210367]},"properties":{"id":"2047","nome":"Torre - Piano Gallo","linee":["84"],"accessibile":"","lon":13.328024,"lat":38.210367}},{"type":"Feature","geometry":{"type":"Point","coordinates":[13.327935,38.210453]},"properties":{"id":"2048","nome":"Torre Piano Gallo Interna","linee":["86","87","544","606","806"],"accessibile":"","lon":13.327935,"lat":38.210453}},{"type":"Feature","geometry":{"type":"Point","coordinates":[13.325295,38.20634]},"properties":{"id":"2049","nome":"Torre Mondello Teti","linee":["84"],"accessibile":"","lon":13.325295,"lat":38.20634}},{"type":"Feature","geometry":{"type":"Point","coordinates":[13.27302,38.197734]},"properties":{"id":"2051","nome":"Torretta","linee":["88","628"],"accessibile":"","lon":13.27302,"lat":38.197734}},{"type":"Feature","geometry":{"type":"Point","coordinates":[13.274739,38.197993]},"properties":{"id":"2052","nome":"Torretta Catullo","linee":["88","616","628","812","N2"],"accessibile":"","lon":13.274739,"lat":38.197993}},{"type":"Feature","geometry":{"type":"Point","coordinates":[13.276157,38.198435]},"properties":{"id":"2053","nome":"Torretta Cosma E Damiano","linee":["88","616","628","812","N2"],"accessibile":"","lon":13.276157,"lat":38.198435}},{"type":"Feature","geometry":{"type":"Point","coordinates":[13.315382,38.148594]},"properties":{"id":"2054","nome":"Trabucco Cervello","linee":["529"],"accessibile":"","lon":13.315382,"lat":38.148594}},{"type":"Feature","geometry":{"type":"Point","coordinates":[13.315465,38.149537]},"properties":{"id":"2055","nome":"Trabucco Giuffre'","linee":["529"],"accessibile":"","lon":13.315465,"lat":38.149537}},{"type":"Feature","geometry":{"type":"Point","coordinates":[13.315695,38.153831]},"properties":{"id":"2056","nome":"Trabucco Ospedale Cervello","linee":["529","675"],"accessibile":"","lon":13.315695,"lat":38.153831}},{"type":"Feature","geometry":{"type":"Point","coordinates":[13.315532,38.147264]},"properties":{"id":"2057","nome":"Trabucco Prestigiacomo","linee":["529"],"accessibile":"","lon":13.315532,"lat":38.147264}},{"type":"Feature","geometry":{"type":"Point","coordinates":[13.31549,38.151401]},"properties":{"id":"2059","nome":"Trabucco Roentgen","linee":["529"],"accessibile":"","lon":13.31549,"lat":38.151401}},{"type":"Feature","geometry":{"type":"Point","coordinates":[13.35759,38.100994]},"properties":{"id":"2060","nome":"Tricomi Parlavecchio","linee":["246","N7"],"accessibile":"","lon":13.35759,"lat":38.100994}},{"type":"Feature","geometry":{"type":"Point","coordinates":[13.357448,38.101152]},"properties":{"id":"2061","nome":"Tricomi Parlavecchio","linee":["246","OSPED"],"accessibile":"","lon":13.357448,"lat":38.101152}},{"type":"Feature","geometry":{"type":"Point","coordinates":[13.355473,38.102392]},"properties":{"id":"2062","nome":"Tricomi Ughetti","linee":["108","246"],"accessibile":"","lon":13.355473,"lat":38.102392}},{"type":"Feature","geometry":{"type":"Point","coordinates":[13.355065,38.102761]},"properties":{"id":"2063","nome":"Tricomi Ughetti","linee":["108","246","OSPED"],"accessibile":"","lon":13.355065,"lat":38.102761}},{"type":"Feature","geometry":{"type":"Point","coordinates":[13.338349,38.150912]},"properties":{"id":"2064","nome":"Trinacria","linee":["106","107","614","619","628","675"],"accessibile":"","lon":13.338349,"lat":38.150912}},{"type":"Feature","geometry":{"type":"Point","coordinates":[13.279475,38.203046]},"properties":{"id":"2065","nome":"Tritone Barcarello","linee":["88","616"],"accessibile":"","lon":13.279475,"lat":38.203046}},{"type":"Feature","geometry":{"type":"Point","coordinates":[13.279538,38.202902]},"properties":{"id":"2066","nome":"Tritone Barcarello","linee":["88","616"],"accessibile":"","lon":13.279538,"lat":38.202902}},{"type":"Feature","geometry":{"type":"Point","coordinates":[13.280705,38.201082]},"properties":{"id":"2067","nome":"Tritone Naiadi","linee":["88","616"],"accessibile":"","lon":13.280705,"lat":38.201082}},{"type":"Feature","geometry":{"type":"Point","coordinates":[13.280665,38.201009]},"properties":{"id":"2068","nome":"Tritone Naiadi","linee":["88","616"],"accessibile":"","lon":13.280665,"lat":38.201009}},{"type":"Feature","geometry":{"type":"Point","coordinates":[13.2812,38.198962]},"properties":{"id":"2069","nome":"Tritone - Parcheggio","linee":["88"],"accessibile":"","lon":13.2812,"lat":38.198962}},{"type":"Feature","geometry":{"type":"Point","coordinates":[13.359716,38.089673]},"properties":{"id":"2070","nome":"Troina","linee":["209"],"accessibile":"","lon":13.359716,"lat":38.089673}},{"type":"Feature","geometry":{"type":"Point","coordinates":[13.359769,38.089702]},"properties":{"id":"2071","nome":"Troina","linee":["243"],"accessibile":"","lon":13.359769,"lat":38.089702}},{"type":"Feature","geometry":{"type":"Point","coordinates":[13.358957,38.108718]},"properties":{"id":"2072","nome":"Tukory Arcoleo","linee":["109","234","N2","N4"],"accessibile":"","lon":13.358957,"lat":38.108718}},{"type":"Feature","geometry":{"type":"Point","coordinates":[13.363298,38.109808]},"properties":{"id":"2073","nome":"Tukory Ballaro'","linee":["109","234","246","ARANC","N2","N4","N7"],"accessibile":"","lon":13.363298,"lat":38.109808}},{"type":"Feature","geometry":{"type":"Point","coordinates":[13.357033,38.108275]},"properties":{"id":"2074","nome":"Tukory Filiciuzza","linee":["109","234","N2","N4"],"accessibile":"","lon":13.357033,"lat":38.108275}},{"type":"Feature","geometry":{"type":"Point","coordinates":[13.361399,38.109243]},"properties":{"id":"2075","nome":"Tukory Porta S Agata","linee":["109","234","246","ARANC","N2","N4","N7"],"accessibile":"","lon":13.361399,"lat":38.109243}},{"type":"Feature","geometry":{"type":"Point","coordinates":[13.359062,38.133848]},"properties":{"id":"2076","nome":"Ucciardone","linee":["107"],"accessibile":"","lon":13.359062,"lat":38.133848}},{"type":"Feature","geometry":{"type":"Point","coordinates":[13.324566,38.131221]},"properties":{"id":"2077","nome":"Uditore Aci","linee":["442"],"accessibile":"","lon":13.324566,"lat":38.131221}},{"type":"Feature","geometry":{"type":"Point","coordinates":[13.324333,38.131319]},"properties":{"id":"2078","nome":"Uditore Aci","linee":["513"],"accessibile":"","lon":13.324333,"lat":38.131319}},{"type":"Feature","geometry":{"type":"Point","coordinates":[13.325391,38.130337]},"properties":{"id":"2079","nome":"Uditore Cimabue","linee":["442"],"accessibile":"","lon":13.325391,"lat":38.130337}},{"type":"Feature","geometry":{"type":"Point","coordinates":[13.32557,38.129989]},"properties":{"id":"2080","nome":"Uditore Cimabue","linee":["513"],"accessibile":"","lon":13.32557,"lat":38.129989}},{"type":"Feature","geometry":{"type":"Point","coordinates":[13.326462,38.12922]},"properties":{"id":"2081","nome":"Uditore Leonardo Da Vinci","linee":["442"],"accessibile":"","lon":13.326462,"lat":38.12922}},{"type":"Feature","geometry":{"type":"Point","coordinates":[13.326803,38.128677]},"properties":{"id":"2082","nome":"Uditore Leonardo Da Vinci","linee":["513"],"accessibile":"","lon":13.326803,"lat":38.128677}},{"type":"Feature","geometry":{"type":"Point","coordinates":[13.322466,38.133302]},"properties":{"id":"2083","nome":"Uditore Piazza Alfonso De' Liguori","linee":["513"],"accessibile":"","lon":13.322466,"lat":38.133302}},{"type":"Feature","geometry":{"type":"Point","coordinates":[13.323634,38.132198]},"properties":{"id":"2084","nome":"Uditore Serio","linee":["442"],"accessibile":"","lon":13.323634,"lat":38.132198}},{"type":"Feature","geometry":{"type":"Point","coordinates":[13.323481,38.132212]},"properties":{"id":"2085","nome":"Uditore Serio","linee":["513"],"accessibile":"","lon":13.323481,"lat":38.132212}},{"type":"Feature","geometry":{"type":"Point","coordinates":[13.322213,38.133685]},"properties":{"id":"2086","nome":"Uditore Tiepolo","linee":["442"],"accessibile":"","lon":13.322213,"lat":38.133685}},{"type":"Feature","geometry":{"type":"Point","coordinates":[13.356277,38.100192]},"properties":{"id":"2088","nome":"Ughetti Madonia","linee":["108","N7"],"accessibile":"","lon":13.356277,"lat":38.100192}},{"type":"Feature","geometry":{"type":"Point","coordinates":[13.355911,38.101667]},"properties":{"id":"2089","nome":"Ughetti Tricomi","linee":["108","N7"],"accessibile":"","lon":13.355911,"lat":38.101667}},{"type":"Feature","geometry":{"type":"Point","coordinates":[13.30984,38.179835]},"properties":{"id":"209","nome":"Bianchini","linee":["619"],"accessibile":"","lon":13.30984,"lat":38.179835}},{"type":"Feature","geometry":{"type":"Point","coordinates":[13.355972,38.101034]},"properties":{"id":"2090","nome":"Ughetti Tricomi","linee":["108"],"accessibile":"","lon":13.355972,"lat":38.101034}},{"type":"Feature","geometry":{"type":"Point","coordinates":[13.38194,38.090426]},"properties":{"id":"21","nome":"Acc Monte A19 Brasca","linee":["210","N6"],"accessibile":"","lon":13.38194,"lat":38.090426}},{"type":"Feature","geometry":{"type":"Point","coordinates":[13.310553,38.18101]},"properties":{"id":"210","nome":"Bianchini D'Alvise","linee":["619"],"accessibile":"","lon":13.310553,"lat":38.18101}},{"type":"Feature","geometry":{"type":"Point","coordinates":[13.324833,38.189107]},"properties":{"id":"2101","nome":"Venere Castelforte","linee":["544","616"],"accessibile":"","lon":13.324833,"lat":38.189107}},{"type":"Feature","geometry":{"type":"Point","coordinates":[13.324778,38.189202]},"properties":{"id":"2102","nome":"Venere Castelforte","linee":["544","616"],"accessibile":"","lon":13.324778,"lat":38.189202}},{"type":"Feature","geometry":{"type":"Point","coordinates":[13.331512,38.190137]},"properties":{"id":"2103","nome":"Venere Margherita Di Savoia","linee":["544","616"],"accessibile":"","lon":13.331512,"lat":38.190137}},{"type":"Feature","geometry":{"type":"Point","coordinates":[13.331972,38.19009]},"properties":{"id":"2104","nome":"Venere Margherita Di Savoia","linee":["544","616"],"accessibile":"","lon":13.331972,"lat":38.19009}},{"type":"Feature","geometry":{"type":"Point","coordinates":[13.327744,38.18951]},"properties":{"id":"2105","nome":"Venere Marinai Alliata","linee":["544","616"],"accessibile":"","lon":13.327744,"lat":38.18951}},{"type":"Feature","geometry":{"type":"Point","coordinates":[13.32745,38.189573]},"properties":{"id":"2106","nome":"Venere Marinai Alliata","linee":["544","616"],"accessibile":"","lon":13.32745,"lat":38.189573}},{"type":"Feature","geometry":{"type":"Point","coordinates":[13.329476,38.189759]},"properties":{"id":"2107","nome":"Venere","linee":["544","616"],"accessibile":"","lon":13.329476,"lat":38.189759}},{"type":"Feature","geometry":{"type":"Point","coordinates":[13.329458,38.189863]},"properties":{"id":"2108","nome":"Venere","linee":["544","616"],"accessibile":"","lon":13.329458,"lat":38.189863}},{"type":"Feature","geometry":{"type":"Point","coordinates":[13.322579,38.062967]},"properties":{"id":"211","nome":"Bivio Piana","linee":["230"],"accessibile":"","lon":13.322579,"lat":38.062967}},{"type":"Feature","geometry":{"type":"Point","coordinates":[13.34602,38.11855]},"properties":{"id":"2110","nome":"Veneziano Finocchiaro Aprile","linee":["110"],"accessibile":"","lon":13.34602,"lat":38.11855}},{"type":"Feature","geometry":{"type":"Point","coordinates":[13.345076,38.121126]},"properties":{"id":"2111","nome":"Veneziano Villa Florio","linee":["110"],"accessibile":"","lon":13.345076,"lat":38.121126}},{"type":"Feature","geometry":{"type":"Point","coordinates":[13.369337,38.164613]},"properties":{"id":"2113","nome":"Vergine Maria","linee":["603","731","N1"],"accessibile":"","lon":13.369337,"lat":38.164613}},{"type":"Feature","geometry":{"type":"Point","coordinates":[13.320113,38.163449]},"properties":{"id":"2114","nome":"Villa Adriana","linee":["544","614","619","628","704","N2"],"accessibile":"","lon":13.320113,"lat":38.163449}},{"type":"Feature","geometry":{"type":"Point","coordinates":[13.337717,38.154307]},"properties":{"id":"2115","nome":"Villa Sofia Croce Rossa","linee":["101","107","606","614","619","625","628","675"],"accessibile":"","lon":13.337717,"lat":38.154307}},{"type":"Feature","geometry":{"type":"Point","coordinates":[13.351169,38.136309]},"properties":{"id":"2116","nome":"Villabianca Arimondi","linee":["101","106","721","N3"],"accessibile":"","lon":13.351169,"lat":38.136309}},{"type":"Feature","geometry":{"type":"Point","coordinates":[13.351113,38.136289]},"properties":{"id":"2117","nome":"Villabianca Arimondi","linee":["106"],"accessibile":"","lon":13.351113,"lat":38.136289}},{"type":"Feature","geometry":{"type":"Point","coordinates":[13.349145,38.139409]},"properties":{"id":"2118","nome":"Villabianca Autonomia Siciliana","linee":["101","106","721","N3"],"accessibile":"","lon":13.349145,"lat":38.139409}},{"type":"Feature","geometry":{"type":"Point","coordinates":[13.349042,38.139379]},"properties":{"id":"2119","nome":"Villabianca Autonomia Siciliana","linee":["106"],"accessibile":"","lon":13.349042,"lat":38.139379}},{"type":"Feature","geometry":{"type":"Point","coordinates":[13.34988,38.138251]},"properties":{"id":"2120","nome":"Villabianca Generale Streva","linee":["101","106","721","N3"],"accessibile":"","lon":13.34988,"lat":38.138251}},{"type":"Feature","geometry":{"type":"Point","coordinates":[13.34983,38.138215]},"properties":{"id":"2121","nome":"Villabianca Generale Streva","linee":["106"],"accessibile":"","lon":13.34983,"lat":38.138215}},{"type":"Feature","geometry":{"type":"Point","coordinates":[13.351977,38.135063]},"properties":{"id":"2122","nome":"Villabianca Laurana","linee":["101","106","721","N3"],"accessibile":"","lon":13.351977,"lat":38.135063}},{"type":"Feature","geometry":{"type":"Point","coordinates":[13.34824,38.140578]},"properties":{"id":"2123","nome":"Villabianca Vaccarini","linee":["106"],"accessibile":"","lon":13.34824,"lat":38.140578}},{"type":"Feature","geometry":{"type":"Point","coordinates":[13.348319,38.140599]},"properties":{"id":"2124","nome":"Villabianca Vaccarini","linee":["101","106","N3"],"accessibile":"","lon":13.348319,"lat":38.140599}},{"type":"Feature","geometry":{"type":"Point","coordinates":[13.321253,38.061507]},"properties":{"id":"2125","nome":"Villaciambra 1","linee":["230"],"accessibile":"","lon":13.321253,"lat":38.061507}},{"type":"Feature","geometry":{"type":"Point","coordinates":[13.319579,38.060548]},"properties":{"id":"2126","nome":"Villaciambra 2","linee":["230"],"accessibile":"","lon":13.319579,"lat":38.060548}},{"type":"Feature","geometry":{"type":"Point","coordinates":[13.319525,38.060453]},"properties":{"id":"2127","nome":"Villaciambra 2","linee":["230"],"accessibile":"","lon":13.319525,"lat":38.060453}},{"type":"Feature","geometry":{"type":"Point","coordinates":[13.321298,38.061464]},"properties":{"id":"2128","nome":"Villaciambra 1","linee":["230"],"accessibile":"","lon":13.321298,"lat":38.061464}},{"type":"Feature","geometry":{"type":"Point","coordinates":[13.334292,38.079581]},"properties":{"id":"2129","nome":"Villagrazia Agnetta","linee":["230"],"accessibile":"","lon":13.334292,"lat":38.079581}},{"type":"Feature","geometry":{"type":"Point","coordinates":[13.342232,38.126624]},"properties":{"id":"213","nome":"Bixio Aurispa","linee":["134"],"accessibile":"","lon":13.342232,"lat":38.126624}},{"type":"Feature","geometry":{"type":"Point","coordinates":[13.334323,38.079452]},"properties":{"id":"2130","nome":"Villagrazia Agnetta","linee":["230"],"accessibile":"","lon":13.334323,"lat":38.079452}},{"type":"Feature","geometry":{"type":"Point","coordinates":[13.34815,38.086157]},"properties":{"id":"2131","nome":"Villagrazia Barone Scala","linee":["241"],"accessibile":"","lon":13.34815,"lat":38.086157}},{"type":"Feature","geometry":{"type":"Point","coordinates":[13.330467,38.074558]},"properties":{"id":"2133","nome":"Villagrazia Bell'Alba","linee":["230"],"accessibile":"","lon":13.330467,"lat":38.074558}},{"type":"Feature","geometry":{"type":"Point","coordinates":[13.330527,38.074535]},"properties":{"id":"2134","nome":"Villagrazia Bell'Alba","linee":["230"],"accessibile":"","lon":13.330527,"lat":38.074535}},{"type":"Feature","geometry":{"type":"Point","coordinates":[13.329053,38.073308]},"properties":{"id":"2135","nome":"Villagrazia - Catena","linee":["230"],"accessibile":"","lon":13.329053,"lat":38.073308}},{"type":"Feature","geometry":{"type":"Point","coordinates":[13.329002,38.073154]},"properties":{"id":"2136","nome":"Villagrazia Catena","linee":["230"],"accessibile":"","lon":13.329002,"lat":38.073154}},{"type":"Feature","geometry":{"type":"Point","coordinates":[13.336472,38.083331]},"properties":{"id":"2137","nome":"Villagrazia - Cirio","linee":["230"],"accessibile":"","lon":13.336472,"lat":38.083331}},{"type":"Feature","geometry":{"type":"Point","coordinates":[13.336553,38.083287]},"properties":{"id":"2138","nome":"Villagrazia Cilio","linee":["230"],"accessibile":"","lon":13.336553,"lat":38.083287}},{"type":"Feature","geometry":{"type":"Point","coordinates":[13.343609,38.086931]},"properties":{"id":"2139","nome":"Villagrazia Della Visitazione","linee":["230"],"accessibile":"","lon":13.343609,"lat":38.086931}},{"type":"Feature","geometry":{"type":"Point","coordinates":[13.315235,38.057901]},"properties":{"id":"214","nome":"Blandino","linee":["230"],"accessibile":"","lon":13.315235,"lat":38.057901}},{"type":"Feature","geometry":{"type":"Point","coordinates":[13.343552,38.086894]},"properties":{"id":"2140","nome":"Villagrazia Della Visitazione","linee":["230"],"accessibile":"","lon":13.343552,"lat":38.086894}},{"type":"Feature","geometry":{"type":"Point","coordinates":[13.352715,38.089592]},"properties":{"id":"2141","nome":"Villagrazia Dell'Usignolo","linee":["230"],"accessibile":"","lon":13.352715,"lat":38.089592}},{"type":"Feature","geometry":{"type":"Point","coordinates":[13.353084,38.089729]},"properties":{"id":"2142","nome":"Villagrazia Dell'Usignolo","linee":["230"],"accessibile":"","lon":13.353084,"lat":38.089729}},{"type":"Feature","geometry":{"type":"Point","coordinates":[13.33892,38.086651]},"properties":{"id":"2143","nome":"Villagrazia Etna","linee":["230"],"accessibile":"","lon":13.33892,"lat":38.086651}},{"type":"Feature","geometry":{"type":"Point","coordinates":[13.338868,38.086538]},"properties":{"id":"2144","nome":"Villagrazia Etna","linee":["230"],"accessibile":"","lon":13.338868,"lat":38.086538}},{"type":"Feature","geometry":{"type":"Point","coordinates":[13.355272,38.091129]},"properties":{"id":"2145","nome":"Villagrazia Folaga","linee":["230"],"accessibile":"","lon":13.355272,"lat":38.091129}},{"type":"Feature","geometry":{"type":"Point","coordinates":[13.342222,38.087028]},"properties":{"id":"2147","nome":"Villagrazia Girgenti","linee":["230"],"accessibile":"","lon":13.342222,"lat":38.087028}},{"type":"Feature","geometry":{"type":"Point","coordinates":[13.342115,38.086995]},"properties":{"id":"2148","nome":"Villagrazia Girgenti","linee":["230"],"accessibile":"","lon":13.342115,"lat":38.086995}},{"type":"Feature","geometry":{"type":"Point","coordinates":[13.31527,38.057955]},"properties":{"id":"215","nome":"Blandino","linee":["230"],"accessibile":"","lon":13.31527,"lat":38.057955}},{"type":"Feature","geometry":{"type":"Point","coordinates":[13.3576,38.092049]},"properties":{"id":"2151","nome":"Villagrazia Eraclea Minoa","linee":["230"],"accessibile":"","lon":13.3576,"lat":38.092049}},{"type":"Feature","geometry":{"type":"Point","coordinates":[13.337218,38.084637]},"properties":{"id":"2152","nome":"Villagrazia Marchese","linee":["230"],"accessibile":"","lon":13.337218,"lat":38.084637}},{"type":"Feature","geometry":{"type":"Point","coordinates":[13.366662,38.097052]},"properties":{"id":"2154","nome":"Villagrazia Os1","linee":["241"],"accessibile":"","lon":13.366662,"lat":38.097052}},{"type":"Feature","geometry":{"type":"Point","coordinates":[13.36504,38.095972]},"properties":{"id":"2155","nome":"Villagrazia Ospedale Guadagna","linee":["241"],"accessibile":"","lon":13.36504,"lat":38.095972}},{"type":"Feature","geometry":{"type":"Point","coordinates":[13.356765,38.091827]},"properties":{"id":"2157","nome":"Villagrazia Ponte Rotto","linee":["230"],"accessibile":"","lon":13.356765,"lat":38.091827}},{"type":"Feature","geometry":{"type":"Point","coordinates":[13.35941,38.093202]},"properties":{"id":"2158","nome":"Villagrazia S Filippo","linee":["230"],"accessibile":"","lon":13.35941,"lat":38.093202}},{"type":"Feature","geometry":{"type":"Point","coordinates":[13.345434,38.086682]},"properties":{"id":"2159","nome":"Villagrazia San Francesco Di Sales","linee":["241"],"accessibile":"","lon":13.345434,"lat":38.086682}},{"type":"Feature","geometry":{"type":"Point","coordinates":[13.308187,38.112042]},"properties":{"id":"216","nome":"Bologni","linee":["307","N4"],"accessibile":"","lon":13.308187,"lat":38.112042}},{"type":"Feature","geometry":{"type":"Point","coordinates":[13.332137,38.076575]},"properties":{"id":"2160","nome":"Villagrazia Villa Fernandez","linee":["230"],"accessibile":"","lon":13.332137,"lat":38.076575}},{"type":"Feature","geometry":{"type":"Point","coordinates":[13.332188,38.076409]},"properties":{"id":"2161","nome":"Villagrazia Villa Fernandez","linee":["230"],"accessibile":"","lon":13.332188,"lat":38.076409}},{"type":"Feature","geometry":{"type":"Point","coordinates":[13.333384,38.078208]},"properties":{"id":"2162","nome":"Villagrazia Zuppetta","linee":["230"],"accessibile":"","lon":13.333384,"lat":38.078208}},{"type":"Feature","geometry":{"type":"Point","coordinates":[13.333392,38.078124]},"properties":{"id":"2163","nome":"Villagrazia Zuppetta","linee":["230"],"accessibile":"","lon":13.333392,"lat":38.078124}},{"type":"Feature","geometry":{"type":"Point","coordinates":[13.358767,38.092882]},"properties":{"id":"2164","nome":"Villagrazia 1","linee":["230"],"accessibile":"","lon":13.358767,"lat":38.092882}},{"type":"Feature","geometry":{"type":"Point","coordinates":[13.335527,38.08164]},"properties":{"id":"2165","nome":"Villagrazia 10","linee":["230"],"accessibile":"","lon":13.335527,"lat":38.08164}},{"type":"Feature","geometry":{"type":"Point","coordinates":[13.354835,38.090939]},"properties":{"id":"2166","nome":"Villagrazia 2","linee":["230"],"accessibile":"","lon":13.354835,"lat":38.090939}},{"type":"Feature","geometry":{"type":"Point","coordinates":[13.335538,38.081761]},"properties":{"id":"2167","nome":"Villagrazia 3","linee":["230"],"accessibile":"","lon":13.335538,"lat":38.081761}},{"type":"Feature","geometry":{"type":"Point","coordinates":[13.362467,38.094831]},"properties":{"id":"2170","nome":"Villagrazia Capricorno","linee":["241"],"accessibile":"","lon":13.362467,"lat":38.094831}},{"type":"Feature","geometry":{"type":"Point","coordinates":[13.36241,38.094713]},"properties":{"id":"2171","nome":"Villagrazia Capricorno","linee":["241"],"accessibile":"","lon":13.36241,"lat":38.094713}},{"type":"Feature","geometry":{"type":"Point","coordinates":[13.331609,38.075548]},"properties":{"id":"2173","nome":"Villagrazia 5","linee":["230"],"accessibile":"","lon":13.331609,"lat":38.075548}},{"type":"Feature","geometry":{"type":"Point","coordinates":[13.37065,38.1194]},"properties":{"id":"2183","nome":"Vittorio Emanuele Istituto Nautico","linee":["107"],"accessibile":"","lon":13.37065,"lat":38.1194}},{"type":"Feature","geometry":{"type":"Point","coordinates":[13.369048,38.118746]},"properties":{"id":"2189","nome":"Vittorio Emanuele S Maria Della Catena","linee":["107","ARANC"],"accessibile":"","lon":13.369048,"lat":38.118746}},{"type":"Feature","geometry":{"type":"Point","coordinates":[13.35753,38.15632]},"properties":{"id":"219","nome":"Bonanno Castello Utveggio","linee":["812"],"accessibile":"","lon":13.35753,"lat":38.15632}},{"type":"Feature","geometry":{"type":"Point","coordinates":[13.353913,38.11953]},"properties":{"id":"2196","nome":"Volturno Capo","linee":["103","104","108","124","134","ARANC","N1","N5"],"accessibile":"","lon":13.353913,"lat":38.11953}},{"type":"Feature","geometry":{"type":"Point","coordinates":[13.387116,38.08866]},"properties":{"id":"22","nome":"Acc Monte A19 Maredolce","linee":["212","N6"],"accessibile":"","lon":13.387116,"lat":38.08866}},{"type":"Feature","geometry":{"type":"Point","coordinates":[13.36264,38.149843]},"properties":{"id":"220","nome":"Bonanno - Forestale","linee":["812"],"accessibile":"","lon":13.36264,"lat":38.149843}},{"type":"Feature","geometry":{"type":"Point","coordinates":[13.312417,38.178207]},"properties":{"id":"2204","nome":"Zappa","linee":["619"],"accessibile":"","lon":13.312417,"lat":38.178207}},{"type":"Feature","geometry":{"type":"Point","coordinates":[13.335479,38.138555]},"properties":{"id":"2206","nome":"Zappala'","linee":["513","529","544"],"accessibile":"","lon":13.335479,"lat":38.138555}},{"type":"Feature","geometry":{"type":"Point","coordinates":[13.3353,38.139122]},"properties":{"id":"2207","nome":"Zappala'","linee":["529","544","625"],"accessibile":"","lon":13.3353,"lat":38.139122}},{"type":"Feature","geometry":{"type":"Point","coordinates":[13.305002,38.166376]},"properties":{"id":"2208","nome":"Zona Industriale Citta' Giardino","linee":["516"],"accessibile":"","lon":13.305002,"lat":38.166376}},{"type":"Feature","geometry":{"type":"Point","coordinates":[13.360026,38.149227]},"properties":{"id":"221","nome":"Bonanno Forestale","linee":["721","812"],"accessibile":"","lon":13.360026,"lat":38.149227}},{"type":"Feature","geometry":{"type":"Point","coordinates":[13.319368,38.154682]},"properties":{"id":"2211","nome":"Zona Industriale Nenni","linee":["516","675"],"accessibile":"","lon":13.319368,"lat":38.154682}},{"type":"Feature","geometry":{"type":"Point","coordinates":[13.306093,38.135622]},"properties":{"id":"2214","nome":"Zumbo","linee":["513"],"accessibile":"","lon":13.306093,"lat":38.135622}},{"type":"Feature","geometry":{"type":"Point","coordinates":[13.294605,38.085061]},"properties":{"id":"2216","nome":"Fontana Del Drago Monreale","linee":["389"],"accessibile":"","lon":13.294605,"lat":38.085061}},{"type":"Feature","geometry":{"type":"Point","coordinates":[13.370525,38.1165]},"properties":{"id":"2217","nome":"Alloro Abatellis","linee":["ARANC"],"accessibile":"","lon":13.370525,"lat":38.1165}},{"type":"Feature","geometry":{"type":"Point","coordinates":[13.367398,38.115229]},"properties":{"id":"2218","nome":"Alloro Cocchieri","linee":["ARANC"],"accessibile":"","lon":13.367398,"lat":38.115229}},{"type":"Feature","geometry":{"type":"Point","coordinates":[13.366875,38.113622]},"properties":{"id":"2219","nome":"Garibaldi","linee":["ARANC"],"accessibile":"","lon":13.366875,"lat":38.113622}},{"type":"Feature","geometry":{"type":"Point","coordinates":[13.360872,38.154258]},"properties":{"id":"222","nome":"Bonanno Mezz'Arancio","linee":["812"],"accessibile":"","lon":13.360872,"lat":38.154258}},{"type":"Feature","geometry":{"type":"Point","coordinates":[13.306971,38.182951]},"properties":{"id":"2220","nome":"Fondo Raffo","linee":["614"],"accessibile":"","lon":13.306971,"lat":38.182951}},{"type":"Feature","geometry":{"type":"Point","coordinates":[13.306958,38.182878]},"properties":{"id":"2221","nome":"Fondo Raffo","linee":["614"],"accessibile":"","lon":13.306958,"lat":38.182878}},{"type":"Feature","geometry":{"type":"Point","coordinates":[13.358527,38.108767]},"properties":{"id":"2223","nome":"Tukory Arcoleo","linee":["109","234","N2","N4","N7"],"accessibile":"","lon":13.358527,"lat":38.108767}},{"type":"Feature","geometry":{"type":"Point","coordinates":[13.35696,38.108338]},"properties":{"id":"2224","nome":"Tukory Filiciuzza","linee":["109","234","N2","N7"],"accessibile":"","lon":13.35696,"lat":38.108338}},{"type":"Feature","geometry":{"type":"Point","coordinates":[13.354685,38.108489]},"properties":{"id":"2225","nome":"Re Ruggero","linee":["104","108","109","118","309","N2","N4"],"accessibile":"","lon":13.354685,"lat":38.108489}},{"type":"Feature","geometry":{"type":"Point","coordinates":[13.356037,38.110242]},"properties":{"id":"2226","nome":"Cadorna","linee":["ARANC","N5"],"accessibile":"","lon":13.356037,"lat":38.110242}},{"type":"Feature","geometry":{"type":"Point","coordinates":[13.349529,38.115148]},"properties":{"id":"2228","nome":"Imera D'Ossuna","linee":["110"],"accessibile":"","lon":13.349529,"lat":38.115148}},{"type":"Feature","geometry":{"type":"Point","coordinates":[13.324207,38.134439]},"properties":{"id":"2229","nome":"Bernini Marchesano","linee":["442"],"accessibile":"","lon":13.324207,"lat":38.134439}},{"type":"Feature","geometry":{"type":"Point","coordinates":[13.325243,38.133179]},"properties":{"id":"2230","nome":"Bernini Mineo","linee":["442"],"accessibile":"","lon":13.325243,"lat":38.133179}},{"type":"Feature","geometry":{"type":"Point","coordinates":[13.32679,38.132151]},"properties":{"id":"2231","nome":"Bernini Cimabue","linee":["442"],"accessibile":"","lon":13.32679,"lat":38.132151}},{"type":"Feature","geometry":{"type":"Point","coordinates":[13.352826,38.120561]},"properties":{"id":"2232","nome":"Villa Filippina","linee":["118"],"accessibile":"","lon":13.352826,"lat":38.120561}},{"type":"Feature","geometry":{"type":"Point","coordinates":[13.362176,38.102899]},"properties":{"id":"2233","nome":"Parlavecchio Metro'","linee":["246","N7"],"accessibile":"","lon":13.362176,"lat":38.102899}},{"type":"Feature","geometry":{"type":"Point","coordinates":[13.362738,38.122522]},"properties":{"id":"2234","nome":"Cavour Prefettura","linee":["103","134","N5"],"accessibile":"","lon":13.362738,"lat":38.122522}},{"type":"Feature","geometry":{"type":"Point","coordinates":[13.362602,38.149906]},"properties":{"id":"224","nome":"Bonanno Rampolla","linee":["721","812"],"accessibile":"","lon":13.362602,"lat":38.149906}},{"type":"Feature","geometry":{"type":"Point","coordinates":[13.38399,38.101054]},"properties":{"id":"2240","nome":"D'Aosta Dei Mille","linee":["210","226"],"accessibile":"","lon":13.38399,"lat":38.101054}},{"type":"Feature","geometry":{"type":"Point","coordinates":[13.372132,38.11154]},"properties":{"id":"2241","nome":"Archirafi Lincoln","linee":["226"],"accessibile":"","lon":13.372132,"lat":38.11154}},{"type":"Feature","geometry":{"type":"Point","coordinates":[13.335445,38.099826]},"properties":{"id":"2242","nome":"Casalaina","linee":["304"],"accessibile":"","lon":13.335445,"lat":38.099826}},{"type":"Feature","geometry":{"type":"Point","coordinates":[13.337123,38.100101]},"properties":{"id":"2243","nome":"Palmerino Scontrino","linee":["304"],"accessibile":"","lon":13.337123,"lat":38.100101}},{"type":"Feature","geometry":{"type":"Point","coordinates":[13.375948,38.091346]},"properties":{"id":"2244","nome":"Regione Siciliana Oreto","linee":["100","209","210","212","237","241"],"accessibile":"","lon":13.375948,"lat":38.091346}},{"type":"Feature","geometry":{"type":"Point","coordinates":[13.374918,38.092371]},"properties":{"id":"2245","nome":"Paratore Sidney","linee":["212","237","241"],"accessibile":"","lon":13.374918,"lat":38.092371}},{"type":"Feature","geometry":{"type":"Point","coordinates":[13.390101,38.087995]},"properties":{"id":"2246","nome":"Acc Monte A19 Ciaculli","linee":["210"],"accessibile":"","lon":13.390101,"lat":38.087995}},{"type":"Feature","geometry":{"type":"Point","coordinates":[13.373601,38.094584]},"properties":{"id":"2247","nome":"Paratore Grasso","linee":["241"],"accessibile":"","lon":13.373601,"lat":38.094584}},{"type":"Feature","geometry":{"type":"Point","coordinates":[13.37192,38.096434]},"properties":{"id":"2248","nome":"Paratore Orsa Minore","linee":["241"],"accessibile":"","lon":13.37192,"lat":38.096434}},{"type":"Feature","geometry":{"type":"Point","coordinates":[13.323636,38.122914]},"properties":{"id":"2249","nome":"Di Blasi Corradini","linee":["422","534"],"accessibile":"","lon":13.323636,"lat":38.122914}},{"type":"Feature","geometry":{"type":"Point","coordinates":[13.359938,38.149141]},"properties":{"id":"225","nome":"Bonanno 1","linee":["812"],"accessibile":"","lon":13.359938,"lat":38.149141}},{"type":"Feature","geometry":{"type":"Point","coordinates":[13.328053,38.122528]},"properties":{"id":"2250","nome":"Di Blasi Regione Siciliana","linee":["422","534"],"accessibile":"","lon":13.328053,"lat":38.122528}},{"type":"Feature","geometry":{"type":"Point","coordinates":[13.337862,38.120405]},"properties":{"id":"2252","nome":"Noce Camporeale","linee":["442"],"accessibile":"","lon":13.337862,"lat":38.120405}},{"type":"Feature","geometry":{"type":"Point","coordinates":[13.341678,38.140798]},"properties":{"id":"2255","nome":"Boris Giuliano","linee":["625"],"accessibile":"","lon":13.341678,"lat":38.140798}},{"type":"Feature","geometry":{"type":"Point","coordinates":[13.317186,38.154927]},"properties":{"id":"2256","nome":"Trabucco Regione Siciliana","linee":["675"],"accessibile":"","lon":13.317186,"lat":38.154927}},{"type":"Feature","geometry":{"type":"Point","coordinates":[13.358373,38.131546]},"properties":{"id":"2267","nome":"Albanese Della Pace","linee":["721"],"accessibile":"","lon":13.358373,"lat":38.131546}},{"type":"Feature","geometry":{"type":"Point","coordinates":[13.314935,38.183517]},"properties":{"id":"2268","nome":"Marciano","linee":["619"],"accessibile":"","lon":13.314935,"lat":38.183517}},{"type":"Feature","geometry":{"type":"Point","coordinates":[13.341664,38.094698]},"properties":{"id":"2269","nome":"Lussorio Cau Basile","linee":["234"],"accessibile":"","lon":13.341664,"lat":38.094698}},{"type":"Feature","geometry":{"type":"Point","coordinates":[13.343943,38.093145]},"properties":{"id":"2270","nome":"Lussorio Cau Zacco","linee":["234"],"accessibile":"","lon":13.343943,"lat":38.093145}},{"type":"Feature","geometry":{"type":"Point","coordinates":[13.354298,38.107446]},"properties":{"id":"2271","nome":"Basile Re Ruggero","linee":["234","N7","OSPED"],"accessibile":"","lon":13.354298,"lat":38.107446}},{"type":"Feature","geometry":{"type":"Point","coordinates":[13.357058,38.082189]},"properties":{"id":"2272","nome":"Antilope Rossa","linee":["N6"],"accessibile":"","lon":13.357058,"lat":38.082189}},{"type":"Feature","geometry":{"type":"Point","coordinates":[13.361023,38.080745]},"properties":{"id":"2273","nome":"Levriere Antilope","linee":["N6"],"accessibile":"","lon":13.361023,"lat":38.080745}},{"type":"Feature","geometry":{"type":"Point","coordinates":[13.363507,38.081743]},"properties":{"id":"2274","nome":"Levriere Segugio","linee":["N6"],"accessibile":"","lon":13.363507,"lat":38.081743}},{"type":"Feature","geometry":{"type":"Point","coordinates":[13.365849,38.084646]},"properties":{"id":"2275","nome":"Levriere Bassotto","linee":["N6"],"accessibile":"","lon":13.365849,"lat":38.084646}},{"type":"Feature","geometry":{"type":"Point","coordinates":[13.349788,38.160004]},"properties":{"id":"228","nome":"Bonanno 4","linee":["812"],"accessibile":"","lon":13.349788,"lat":38.160004}},{"type":"Feature","geometry":{"type":"Point","coordinates":[13.306866,38.136911]},"properties":{"id":"2280","nome":"Zumbo Cosenz","linee":["513"],"accessibile":"","lon":13.306866,"lat":38.136911}},{"type":"Feature","geometry":{"type":"Point","coordinates":[13.287753,38.185935]},"properties":{"id":"2281","nome":"Regione Siciliana N.O.Monte Socrate","linee":["516"],"accessibile":"","lon":13.287753,"lat":38.185935}},{"type":"Feature","geometry":{"type":"Point","coordinates":[13.361585,38.122173]},"properties":{"id":"2282","nome":"Cavour Prefettura","linee":["103","134","ARANC","N5"],"accessibile":"","lon":13.361585,"lat":38.122173}},{"type":"Feature","geometry":{"type":"Point","coordinates":[13.350563,38.112254]},"properties":{"id":"2283","nome":"Imera Colonna Rotta","linee":["110"],"accessibile":"","lon":13.350563,"lat":38.112254}},{"type":"Feature","geometry":{"type":"Point","coordinates":[13.325259,38.099262]},"properties":{"id":"2285","nome":"Paulsen","linee":["307"],"accessibile":"","lon":13.325259,"lat":38.099262}},{"type":"Feature","geometry":{"type":"Point","coordinates":[13.302882,38.074611]},"properties":{"id":"2286","nome":"Aquino Chiesa","linee":["364"],"accessibile":"","lon":13.302882,"lat":38.074611}},{"type":"Feature","geometry":{"type":"Point","coordinates":[13.299973,38.130264]},"properties":{"id":"2287","nome":"Acireale Piazza S.Cristina","linee":["422","625"],"accessibile":"","lon":13.299973,"lat":38.130264}},{"type":"Feature","geometry":{"type":"Point","coordinates":[13.310537,38.175576]},"properties":{"id":"2288","nome":"Lanza Di Scalea Besta","linee":["614","619","N2"],"accessibile":"","lon":13.310537,"lat":38.175576}},{"type":"Feature","geometry":{"type":"Point","coordinates":[13.335678,38.15044]},"properties":{"id":"2293","nome":"De Gasperi Ausonia","linee":["675"],"accessibile":"","lon":13.335678,"lat":38.15044}},{"type":"Feature","geometry":{"type":"Point","coordinates":[13.36944,38.088813]},"properties":{"id":"2296","nome":"Regione Siciliana Chiavelli","linee":["209"],"accessibile":"","lon":13.36944,"lat":38.088813}},{"type":"Feature","geometry":{"type":"Point","coordinates":[13.37357,38.089698]},"properties":{"id":"2297","nome":"Regione Siciliana S M Di Gesu' 1","linee":["209"],"accessibile":"","lon":13.37357,"lat":38.089698}},{"type":"Feature","geometry":{"type":"Point","coordinates":[13.353113,38.115099]},"properties":{"id":"2298","nome":"Piazza Peranni","linee":["104","108","110","118","ARANC","N1","N5"],"accessibile":"","lon":13.353113,"lat":38.115099}},{"type":"Feature","geometry":{"type":"Point","coordinates":[13.348925,38.116744]},"properties":{"id":"2299","nome":"Lascaris - Antinori","linee":["110"],"accessibile":"","lon":13.348925,"lat":38.116744}},{"type":"Feature","geometry":{"type":"Point","coordinates":[13.396035,38.087045]},"properties":{"id":"23","nome":"Acc Monte A19 Galeano","linee":["210"],"accessibile":"","lon":13.396035,"lat":38.087045}},{"type":"Feature","geometry":{"type":"Point","coordinates":[13.328565,38.101599]},"properties":{"id":"2301","nome":"Dei Fiori Regione Siciliana","linee":["307"],"accessibile":"","lon":13.328565,"lat":38.101599}},{"type":"Feature","geometry":{"type":"Point","coordinates":[13.326411,38.100177]},"properties":{"id":"2302","nome":"Dei Fiori Paulsen","linee":["307"],"accessibile":"","lon":13.326411,"lat":38.100177}},{"type":"Feature","geometry":{"type":"Point","coordinates":[13.325148,38.099207]},"properties":{"id":"2303","nome":"Paulsen","linee":["307"],"accessibile":"","lon":13.325148,"lat":38.099207}},{"type":"Feature","geometry":{"type":"Point","coordinates":[13.321795,38.09721]},"properties":{"id":"2304","nome":"Terranova Lenin Mancuso","linee":["307"],"accessibile":"","lon":13.321795,"lat":38.09721}},{"type":"Feature","geometry":{"type":"Point","coordinates":[13.344165,38.117136]},"properties":{"id":"2306","nome":"Castello Alla Zisa","linee":["N5"],"accessibile":"","lon":13.344165,"lat":38.117136}},{"type":"Feature","geometry":{"type":"Point","coordinates":[13.381437,38.104726]},"properties":{"id":"2307","nome":"Cappello Salvatore","linee":["210","226"],"accessibile":"","lon":13.381437,"lat":38.104726}},{"type":"Feature","geometry":{"type":"Point","coordinates":[13.335363,38.13291]},"properties":{"id":"232","nome":"Borremans Rubens","linee":["513","529","544"],"accessibile":"","lon":13.335363,"lat":38.13291}},{"type":"Feature","geometry":{"type":"Point","coordinates":[13.291929,38.189362]},"properties":{"id":"2320","nome":"Partanna Mondello - London","linee":["614","616"],"accessibile":"","lon":13.291929,"lat":38.189362}},{"type":"Feature","geometry":{"type":"Point","coordinates":[13.381507,38.098743]},"properties":{"id":"2321","nome":"Brancaccio - Norman Zarcone","linee":["212"],"accessibile":"","lon":13.381507,"lat":38.098743}},{"type":"Feature","geometry":{"type":"Point","coordinates":[13.379463,38.103438]},"properties":{"id":"2322","nome":"Cappello - San Giovanni Dei Lebbrosi","linee":["210","226"],"accessibile":"","lon":13.379463,"lat":38.103438}},{"type":"Feature","geometry":{"type":"Point","coordinates":[13.324585,38.205844]},"properties":{"id":"2323","nome":"Nodo Teti","linee":["84","86","87","544","603","606","614","806"],"accessibile":"","lon":13.324585,"lat":38.205844}},{"type":"Feature","geometry":{"type":"Point","coordinates":[13.3233,38.203356]},"properties":{"id":"2324","nome":"Palinuro","linee":["84","86","544","603","606","614","806","N1","N2"],"accessibile":"","lon":13.3233,"lat":38.203356}},{"type":"Feature","geometry":{"type":"Point","coordinates":[13.330812,38.196994]},"properties":{"id":"2325","nome":"P.Pe Scalea Valdesi","linee":["84","86","87","544","603","606","806"],"accessibile":"","lon":13.330812,"lat":38.196994}},{"type":"Feature","geometry":{"type":"Point","coordinates":[13.328116,38.198745]},"properties":{"id":"2326","nome":"P.Pe Scale Oleandri","linee":["84","86","87","544","603","606","806"],"accessibile":"","lon":13.328116,"lat":38.198745}},{"type":"Feature","geometry":{"type":"Point","coordinates":[13.326926,38.199843]},"properties":{"id":"2327","nome":"P.Pe Di Scalea - Amap","linee":["84","86","87","544","603","606","806"],"accessibile":"","lon":13.326926,"lat":38.199843}},{"type":"Feature","geometry":{"type":"Point","coordinates":[13.326168,38.200887]},"properties":{"id":"2328","nome":"P.Pe Di Scalea - Glauco","linee":["84","86","87","544","603","606","806"],"accessibile":"","lon":13.326168,"lat":38.200887}},{"type":"Feature","geometry":{"type":"Point","coordinates":[13.324776,38.203266]},"properties":{"id":"2329","nome":"Principe Di Scalea - Circe","linee":["84","86","87","544","603","606","614","806","N2"],"accessibile":"","lon":13.324776,"lat":38.203266}},{"type":"Feature","geometry":{"type":"Point","coordinates":[13.3349,38.132887]},"properties":{"id":"233","nome":"Borremans Rubens","linee":["529","544"],"accessibile":"","lon":13.3349,"lat":38.132887}},{"type":"Feature","geometry":{"type":"Point","coordinates":[13.31797,38.202527]},"properties":{"id":"2330","nome":"Aiace - Diomede","linee":["84"],"accessibile":"","lon":13.31797,"lat":38.202527}},{"type":"Feature","geometry":{"type":"Point","coordinates":[13.320112,38.203187]},"properties":{"id":"2331","nome":"Aiace - Mondello - Miceno","linee":["84"],"accessibile":"","lon":13.320112,"lat":38.203187}},{"type":"Feature","geometry":{"type":"Point","coordinates":[13.353683,38.124411]},"properties":{"id":"2332","nome":"Dante - Garzilli","linee":["106","N3"],"accessibile":"","lon":13.353683,"lat":38.124411}},{"type":"Feature","geometry":{"type":"Point","coordinates":[13.356581,38.125486]},"properties":{"id":"2333","nome":"Turati-La-Lumia","linee":["101","102","106","812","N2","N3"],"accessibile":"","lon":13.356581,"lat":38.125486}},{"type":"Feature","geometry":{"type":"Point","coordinates":[13.369789,38.119603]},"properties":{"id":"2334","nome":"S. Maria Della Catena","linee":["103","107","N5"],"accessibile":"","lon":13.369789,"lat":38.119603}},{"type":"Feature","geometry":{"type":"Point","coordinates":[13.320849,38.203482]},"properties":{"id":"2335","nome":"Aiace - Miseno","linee":["87"],"accessibile":"","lon":13.320849,"lat":38.203482}},{"type":"Feature","geometry":{"type":"Point","coordinates":[13.317863,38.202736]},"properties":{"id":"2336","nome":"Aiace - Diomede","linee":["87"],"accessibile":"","lon":13.317863,"lat":38.202736}},{"type":"Feature","geometry":{"type":"Point","coordinates":[13.35252,38.130246]},"properties":{"id":"2337","nome":"Piazza Crispi","linee":["721"],"accessibile":"","lon":13.35252,"lat":38.130246}},{"type":"Feature","geometry":{"type":"Point","coordinates":[13.324204,38.205304]},"properties":{"id":"2338","nome":"Principe Di Scalea - Teti","linee":["84","86","87","544","603","606","614","806","N2"],"accessibile":"","lon":13.324204,"lat":38.205304}},{"type":"Feature","geometry":{"type":"Point","coordinates":[13.359285,38.123609]},"properties":{"id":"2356","nome":"Stabile - Roma","linee":["124"],"accessibile":"","lon":13.359285,"lat":38.123609}},{"type":"Feature","geometry":{"type":"Point","coordinates":[13.367757,38.103418]},"properties":{"id":"2357","nome":"Bergamo","linee":["246","N7"],"accessibile":"","lon":13.367757,"lat":38.103418}},{"type":"Feature","geometry":{"type":"Point","coordinates":[13.366261,38.10408]},"properties":{"id":"2358","nome":"Marinuzzi - Mortillaro","linee":["246"],"accessibile":"","lon":13.366261,"lat":38.10408}},{"type":"Feature","geometry":{"type":"Point","coordinates":[13.382625,38.096313]},"properties":{"id":"236","nome":"Brancaccio S Ciro","linee":["210","212"],"accessibile":"","lon":13.382625,"lat":38.096313}},{"type":"Feature","geometry":{"type":"Point","coordinates":[13.381883,38.101428]},"properties":{"id":"2360","nome":"Dei Mille - Palli","linee":["212"],"accessibile":"","lon":13.381883,"lat":38.101428}},{"type":"Feature","geometry":{"type":"Point","coordinates":[13.336124,38.137806]},"properties":{"id":"2361","nome":"Paterno' - Liszt","linee":["625"],"accessibile":"","lon":13.336124,"lat":38.137806}},{"type":"Feature","geometry":{"type":"Point","coordinates":[13.327039,38.149867]},"properties":{"id":"2362","nome":"Monti Iblei 1","linee":["675"],"accessibile":"","lon":13.327039,"lat":38.149867}},{"type":"Feature","geometry":{"type":"Point","coordinates":[13.323867,38.153083]},"properties":{"id":"2363","nome":"Monti Iblei 2","linee":["675"],"accessibile":"","lon":13.323867,"lat":38.153083}},{"type":"Feature","geometry":{"type":"Point","coordinates":[13.321922,38.155727]},"properties":{"id":"2364","nome":"Stazione Francia","linee":["675","704"],"accessibile":"","lon":13.321922,"lat":38.155727}},{"type":"Feature","geometry":{"type":"Point","coordinates":[13.382973,38.095883]},"properties":{"id":"237","nome":"Brancaccio S Ciro","linee":["210","212"],"accessibile":"","lon":13.382973,"lat":38.095883}},{"type":"Feature","geometry":{"type":"Point","coordinates":[13.382452,38.096823]},"properties":{"id":"238","nome":"Brancaccio","linee":["210","212"],"accessibile":"","lon":13.382452,"lat":38.096823}},{"type":"Feature","geometry":{"type":"Point","coordinates":[13.289444,38.189797]},"properties":{"id":"2380","nome":"Stazione F.S. Tommaso Natale","linee":["88"],"accessibile":"","lon":13.289444,"lat":38.189797}},{"type":"Feature","geometry":{"type":"Point","coordinates":[13.370043,38.109357]},"properties":{"id":"2381","nome":"Dei Mille - Serraglio Vecchio","linee":["230","237","243","N6"],"accessibile":"","lon":13.370043,"lat":38.109357}},{"type":"Feature","geometry":{"type":"Point","coordinates":[13.336016,38.08923]},"properties":{"id":"2382","nome":"Cerulli - Pagliarelli","linee":["234","380"],"accessibile":"","lon":13.336016,"lat":38.08923}},{"type":"Feature","geometry":{"type":"Point","coordinates":[13.353098,38.121552]},"properties":{"id":"2384","nome":"Piazza San Francesco Di Paola","linee":["124"],"accessibile":"","lon":13.353098,"lat":38.121552}},{"type":"Feature","geometry":{"type":"Point","coordinates":[13.330559,38.147809]},"properties":{"id":"2385","nome":"Nebrodi - De Gasperi 2","linee":["529"],"accessibile":"","lon":13.330559,"lat":38.147809}},{"type":"Feature","geometry":{"type":"Point","coordinates":[13.339491,38.139186]},"properties":{"id":"2386","nome":"Sciuti - Paterno'","linee":["625"],"accessibile":"","lon":13.339491,"lat":38.139186}},{"type":"Feature","geometry":{"type":"Point","coordinates":[13.297975,38.129054]},"properties":{"id":"2389","nome":"Tindari - Centro Sociale","linee":["422","625"],"accessibile":"","lon":13.297975,"lat":38.129054}},{"type":"Feature","geometry":{"type":"Point","coordinates":[13.353855,38.107881]},"properties":{"id":"239","nome":"Brasa","linee":["104","108","109","118","304","309"],"accessibile":"","lon":13.353855,"lat":38.107881}},{"type":"Feature","geometry":{"type":"Point","coordinates":[13.369553,38.124588]},"properties":{"id":"2393","nome":"Molo Trapezioidale","linee":["103"],"accessibile":"","lon":13.369553,"lat":38.124588}},{"type":"Feature","geometry":{"type":"Point","coordinates":[13.358989,38.148407]},"properties":{"id":"2394","nome":"Nicastro Valle","linee":["603","721"],"accessibile":"","lon":13.358989,"lat":38.148407}},{"type":"Feature","geometry":{"type":"Point","coordinates":[13.359018,38.148438]},"properties":{"id":"2395","nome":"Nicasto Monte","linee":["603","N1"],"accessibile":"","lon":13.359018,"lat":38.148438}},{"type":"Feature","geometry":{"type":"Point","coordinates":[13.360362,38.147367]},"properties":{"id":"2396","nome":"De Revel Nicastro","linee":["603","721"],"accessibile":"","lon":13.360362,"lat":38.147367}},{"type":"Feature","geometry":{"type":"Point","coordinates":[13.360192,38.145368]},"properties":{"id":"2397","nome":"De Revel - Cascino","linee":["603","721"],"accessibile":"","lon":13.360192,"lat":38.145368}},{"type":"Feature","geometry":{"type":"Point","coordinates":[13.360428,38.14801]},"properties":{"id":"2398","nome":"De Revel - Denti Di Piraino","linee":["603","N1"],"accessibile":"","lon":13.360428,"lat":38.14801}},{"type":"Feature","geometry":{"type":"Point","coordinates":[13.360196,38.145024]},"properties":{"id":"2399","nome":"De Revel - Peralta","linee":["603","N1"],"accessibile":"","lon":13.360196,"lat":38.145024}},{"type":"Feature","geometry":{"type":"Point","coordinates":[13.338537,38.143258]},"properties":{"id":"242","nome":"Brigata Verona Liguria","linee":["625"],"accessibile":"","lon":13.338537,"lat":38.143258}},{"type":"Feature","geometry":{"type":"Point","coordinates":[13.340502,38.144539]},"properties":{"id":"243","nome":"Brigata Verona Sicilia","linee":["625"],"accessibile":"","lon":13.340502,"lat":38.144539}},{"type":"Feature","geometry":{"type":"Point","coordinates":[13.340644,38.144691]},"properties":{"id":"244","nome":"Brigata Verona Sicilia","linee":["625"],"accessibile":"","lon":13.340644,"lat":38.144691}},{"type":"Feature","geometry":{"type":"Point","coordinates":[13.313669,38.137329]},"properties":{"id":"248","nome":"Brunelleschi Besio","linee":["513"],"accessibile":"","lon":13.313669,"lat":38.137329}},{"type":"Feature","geometry":{"type":"Point","coordinates":[13.313558,38.13703]},"properties":{"id":"249","nome":"Brunelleschi Besio","linee":["513"],"accessibile":"","lon":13.313558,"lat":38.13703}},{"type":"Feature","geometry":{"type":"Point","coordinates":[13.302103,38.131272]},"properties":{"id":"25","nome":"Acireale Bisacquino","linee":["625"],"accessibile":"","lon":13.302103,"lat":38.131272}},{"type":"Feature","geometry":{"type":"Point","coordinates":[13.313955,38.138811]},"properties":{"id":"250","nome":"Brunelleschi Buonfornello","linee":["513"],"accessibile":"","lon":13.313955,"lat":38.138811}},{"type":"Feature","geometry":{"type":"Point","coordinates":[13.313899,38.138855]},"properties":{"id":"251","nome":"Brunelleschi Buonfornello","linee":["513"],"accessibile":"","lon":13.313899,"lat":38.138855}},{"type":"Feature","geometry":{"type":"Point","coordinates":[13.31419,38.139911]},"properties":{"id":"252","nome":"Brunelleschi Vanvitelli","linee":["513"],"accessibile":"","lon":13.31419,"lat":38.139911}},{"type":"Feature","geometry":{"type":"Point","coordinates":[13.372849,38.099697]},"properties":{"id":"255","nome":"Buonriposo - Oreto","linee":["212","230","237","243","N6"],"accessibile":"","lon":13.372849,"lat":38.099697}},{"type":"Feature","geometry":{"type":"Point","coordinates":[13.37388,38.103297]},"properties":{"id":"256","nome":"Buon Riposo - Piazza Scaffa","linee":["212","230","237","243","N6"],"accessibile":"","lon":13.37388,"lat":38.103297}},{"type":"Feature","geometry":{"type":"Point","coordinates":[13.374565,38.104147]},"properties":{"id":"257","nome":"Buon Riposo - Piazza Scaffa","linee":["212","230","237","243","N6"],"accessibile":"","lon":13.374565,"lat":38.104147}},{"type":"Feature","geometry":{"type":"Point","coordinates":[13.301763,38.131082]},"properties":{"id":"26","nome":"Acireale Bisacquino","linee":["625"],"accessibile":"","lon":13.301763,"lat":38.131082}},{"type":"Feature","geometry":{"type":"Point","coordinates":[13.366533,38.119653]},"properties":{"id":"261","nome":"Cala Mercato Ittico","linee":["103","107","ARANC","N5"],"accessibile":"","lon":13.366533,"lat":38.119653}},{"type":"Feature","geometry":{"type":"Point","coordinates":[13.366679,38.120039]},"properties":{"id":"262","nome":"Cala Mercato Ittico","linee":["103","107","N5"],"accessibile":"","lon":13.366679,"lat":38.120039}},{"type":"Feature","geometry":{"type":"Point","coordinates":[13.369345,38.119617]},"properties":{"id":"263","nome":"Cala S Maria Della Catena","linee":["103","107","N5"],"accessibile":"","lon":13.369345,"lat":38.119617}},{"type":"Feature","geometry":{"type":"Point","coordinates":[13.345727,38.109319]},"properties":{"id":"264","nome":"Calatafimi Albergo Delle Povere","linee":["309","389","N4"],"accessibile":"","lon":13.345727,"lat":38.109319}},{"type":"Feature","geometry":{"type":"Point","coordinates":[13.345212,38.10914]},"properties":{"id":"265","nome":"Calatafimi Albergo Delle Povere","linee":["309","389","N4"],"accessibile":"","lon":13.345212,"lat":38.10914}},{"type":"Feature","geometry":{"type":"Point","coordinates":[13.333597,38.104451]},"properties":{"id":"266","nome":"Calatafimi Arcoleo","linee":["309","389","N4"],"accessibile":"","lon":13.333597,"lat":38.104451}},{"type":"Feature","geometry":{"type":"Point","coordinates":[13.349386,38.110846]},"properties":{"id":"267","nome":"Calatafimi Cappuccini","linee":["309","389","N4"],"accessibile":"","lon":13.349386,"lat":38.110846}},{"type":"Feature","geometry":{"type":"Point","coordinates":[13.313493,38.096195]},"properties":{"id":"268","nome":"Calatafimi Caserma Scianna","linee":["307","309","389","N4"],"accessibile":"","lon":13.313493,"lat":38.096195}},{"type":"Feature","geometry":{"type":"Point","coordinates":[13.313282,38.096231]},"properties":{"id":"269","nome":"Calatafimi Caserma Scianna","linee":["307","309","389","N4"],"accessibile":"","lon":13.313282,"lat":38.096231}},{"type":"Feature","geometry":{"type":"Point","coordinates":[13.343008,38.108185]},"properties":{"id":"270","nome":"Calatafimi Caserma Tukory","linee":["309","389","N4"],"accessibile":"","lon":13.343008,"lat":38.108185}},{"type":"Feature","geometry":{"type":"Point","coordinates":[13.34362,38.108492]},"properties":{"id":"271","nome":"Calatafimi Caserma Tukory","linee":["309","389","N4"],"accessibile":"","lon":13.34362,"lat":38.108492}},{"type":"Feature","geometry":{"type":"Point","coordinates":[13.321005,38.099365]},"properties":{"id":"272","nome":"Calatafimi Chinnici","linee":["309","389","N4"],"accessibile":"","lon":13.321005,"lat":38.099365}},{"type":"Feature","geometry":{"type":"Point","coordinates":[13.327834,38.102024]},"properties":{"id":"273","nome":"Calatafimi De Filippo","linee":["309","389","N4"],"accessibile":"","lon":13.327834,"lat":38.102024}},{"type":"Feature","geometry":{"type":"Point","coordinates":[13.327793,38.102115]},"properties":{"id":"274","nome":"Calatafimi De Filippo","linee":["309","389","N4"],"accessibile":"","lon":13.327793,"lat":38.102115}},{"type":"Feature","geometry":{"type":"Point","coordinates":[13.33177,38.103616]},"properties":{"id":"275","nome":"Calatafimi Drago","linee":["309","389","N4"],"accessibile":"","lon":13.33177,"lat":38.103616}},{"type":"Feature","geometry":{"type":"Point","coordinates":[13.305738,38.092362]},"properties":{"id":"276","nome":"Calatafimi Fontana Del Pescatore","linee":["389"],"accessibile":"","lon":13.305738,"lat":38.092362}},{"type":"Feature","geometry":{"type":"Point","coordinates":[13.305782,38.092452]},"properties":{"id":"277","nome":"Calatafimi Fontana Del Pescatore","linee":["389"],"accessibile":"","lon":13.305782,"lat":38.092452}},{"type":"Feature","geometry":{"type":"Point","coordinates":[13.348193,38.110326]},"properties":{"id":"278","nome":"Calatafimi Indipendenza","linee":["309","389","N4"],"accessibile":"","lon":13.348193,"lat":38.110326}},{"type":"Feature","geometry":{"type":"Point","coordinates":[13.321603,38.099505]},"properties":{"id":"279","nome":"Calatafimi Lenin Mancuso","linee":["309","389","N4"],"accessibile":"","lon":13.321603,"lat":38.099505}},{"type":"Feature","geometry":{"type":"Point","coordinates":[13.29746,38.121945]},"properties":{"id":"28","nome":"Ai Villini A S Isidoro De Francisco","linee":["534"],"accessibile":"","lon":13.29746,"lat":38.121945}},{"type":"Feature","geometry":{"type":"Point","coordinates":[13.347631,38.110178]},"properties":{"id":"280","nome":"Calatafimi Maria Adelaide","linee":["309","389","N4"],"accessibile":"","lon":13.347631,"lat":38.110178}},{"type":"Feature","geometry":{"type":"Point","coordinates":[13.335288,38.105114]},"properties":{"id":"281","nome":"Calatafimi Marinuzzi","linee":["309","389","N4"],"accessibile":"","lon":13.335288,"lat":38.105114}},{"type":"Feature","geometry":{"type":"Point","coordinates":[13.335539,38.105239]},"properties":{"id":"282","nome":"Calatafimi Marinuzzi","linee":["309","389","N4"],"accessibile":"","lon":13.335539,"lat":38.105239}},{"type":"Feature","geometry":{"type":"Point","coordinates":[13.310401,38.094939]},"properties":{"id":"283","nome":"Calatafimi Ospedale Ingrassia","linee":["307","309","389","N4"],"accessibile":"","lon":13.310401,"lat":38.094939}},{"type":"Feature","geometry":{"type":"Point","coordinates":[13.31119,38.095378]},"properties":{"id":"284","nome":"Calatafimi Ospedale Ingrassia","linee":["307","309","389","N4"],"accessibile":"","lon":13.31119,"lat":38.095378}},{"type":"Feature","geometry":{"type":"Point","coordinates":[13.332957,38.104092]},"properties":{"id":"285","nome":"Calatafimi Ospedale Militare","linee":["309","389","N4"],"accessibile":"","lon":13.332957,"lat":38.104092}},{"type":"Feature","geometry":{"type":"Point","coordinates":[13.331902,38.103769]},"properties":{"id":"286","nome":"Calatafimi Ospedale Militare","linee":["309","389","N4"],"accessibile":"","lon":13.331902,"lat":38.103769}},{"type":"Feature","geometry":{"type":"Point","coordinates":[13.318432,38.098257]},"properties":{"id":"287","nome":"Calatafimi Paruta","linee":["309","389","N4"],"accessibile":"","lon":13.318432,"lat":38.098257}},{"type":"Feature","geometry":{"type":"Point","coordinates":[13.316662,38.097607]},"properties":{"id":"288","nome":"Calatafimi Paruta","linee":["307","309","389","N4"],"accessibile":"","lon":13.316662,"lat":38.097607}},{"type":"Feature","geometry":{"type":"Point","coordinates":[13.324092,38.100613]},"properties":{"id":"289","nome":"Calatafimi Paulsen","linee":["309","389","N4"],"accessibile":"","lon":13.324092,"lat":38.100613}},{"type":"Feature","geometry":{"type":"Point","coordinates":[13.29865,38.120168]},"properties":{"id":"29","nome":"Ai Villini A S Isidoro Falconara","linee":["534"],"accessibile":"","lon":13.29865,"lat":38.120168}},{"type":"Feature","geometry":{"type":"Point","coordinates":[13.323465,38.100262]},"properties":{"id":"290","nome":"Calatafimi Pietratagliata","linee":["309","389","N4"],"accessibile":"","lon":13.323465,"lat":38.100262}},{"type":"Feature","geometry":{"type":"Point","coordinates":[13.322995,38.100172]},"properties":{"id":"291","nome":"Calatafimi Pietratagliata","linee":["309","389","N4"],"accessibile":"","lon":13.322995,"lat":38.100172}},{"type":"Feature","geometry":{"type":"Point","coordinates":[13.341259,38.107489]},"properties":{"id":"292","nome":"Calatafimi Pindemonte","linee":["309","389","N4"],"accessibile":"","lon":13.341259,"lat":38.107489}},{"type":"Feature","geometry":{"type":"Point","coordinates":[13.341852,38.107765]},"properties":{"id":"293","nome":"Calatafimi Pindemonte","linee":["309","389","N4"],"accessibile":"","lon":13.341852,"lat":38.107765}},{"type":"Feature","geometry":{"type":"Point","coordinates":[13.3515,38.11162]},"properties":{"id":"294","nome":"Calatafimi Porta Nuova","linee":["104","108","110","118","ARANC","N1","N5"],"accessibile":"","lon":13.3515,"lat":38.11162}},{"type":"Feature","geometry":{"type":"Point","coordinates":[13.339178,38.106653]},"properties":{"id":"295","nome":"Calatafimi Ragusa Moleti","linee":["309","389","N4"],"accessibile":"","lon":13.339178,"lat":38.106653}},{"type":"Feature","geometry":{"type":"Point","coordinates":[13.340173,38.107112]},"properties":{"id":"296","nome":"Calatafimi Ragusa Moleti","linee":["309","389","N4"],"accessibile":"","lon":13.340173,"lat":38.107112}},{"type":"Feature","geometry":{"type":"Point","coordinates":[13.329145,38.102669]},"properties":{"id":"297","nome":"Calatafimi Regione Siciliana","linee":["309","389","N4"],"accessibile":"","lon":13.329145,"lat":38.102669}},{"type":"Feature","geometry":{"type":"Point","coordinates":[13.319631,38.098825]},"properties":{"id":"298","nome":"Calatafimi Riserva Reale","linee":["309","389","N4"],"accessibile":"","lon":13.319631,"lat":38.098825}},{"type":"Feature","geometry":{"type":"Point","coordinates":[13.309291,38.094487]},"properties":{"id":"299","nome":"Calatafimi Rocca","linee":["307","309","389","N4"],"accessibile":"","lon":13.309291,"lat":38.094487}},{"type":"Feature","geometry":{"type":"Point","coordinates":[13.350998,38.116002]},"properties":{"id":"3","nome":"A Amedeo Mercato Delle Pulci","linee":["104","108","118","N1","N5"],"accessibile":"","lon":13.350998,"lat":38.116002}},{"type":"Feature","geometry":{"type":"Point","coordinates":[13.299766,38.124427]},"properties":{"id":"30","nome":"Ai Villini A S Isidoro S Isidoro","linee":["534"],"accessibile":"","lon":13.299766,"lat":38.124427}},{"type":"Feature","geometry":{"type":"Point","coordinates":[13.309271,38.094599]},"properties":{"id":"300","nome":"Calatafimi Rocca","linee":["307","309","389","N4"],"accessibile":"","lon":13.309271,"lat":38.094599}},{"type":"Feature","geometry":{"type":"Point","coordinates":[13.315912,38.097202]},"properties":{"id":"301","nome":"Calatafimi Scuola Feltri","linee":["307","309","389","N4"],"accessibile":"","lon":13.315912,"lat":38.097202}},{"type":"Feature","geometry":{"type":"Point","coordinates":[13.315144,38.096989]},"properties":{"id":"302","nome":"Calatafimi Scuola Feltri","linee":["307","309","389","N4"],"accessibile":"","lon":13.315144,"lat":38.096989}},{"type":"Feature","geometry":{"type":"Point","coordinates":[13.339087,38.106662]},"properties":{"id":"303","nome":"Calatafimi Trasselli","linee":["309","389","N4"],"accessibile":"","lon":13.339087,"lat":38.106662}},{"type":"Feature","geometry":{"type":"Point","coordinates":[13.326011,38.101279]},"properties":{"id":"304","nome":"Calatafimi Villa Delle Rose","linee":["309","389","N4"],"accessibile":"","lon":13.326011,"lat":38.101279}},{"type":"Feature","geometry":{"type":"Point","coordinates":[13.325564,38.10121]},"properties":{"id":"305","nome":"Calatafimi Villa Delle Rose","linee":["309","389","N4"],"accessibile":"","lon":13.325564,"lat":38.10121}},{"type":"Feature","geometry":{"type":"Point","coordinates":[13.338083,38.106208]},"properties":{"id":"306","nome":"Calatafimi Zancla","linee":["309","389","N4"],"accessibile":"","lon":13.338083,"lat":38.106208}},{"type":"Feature","geometry":{"type":"Point","coordinates":[13.337086,38.105823]},"properties":{"id":"307","nome":"Calatafimi Zancla","linee":["309","389","N4"],"accessibile":"","lon":13.337086,"lat":38.105823}},{"type":"Feature","geometry":{"type":"Point","coordinates":[13.320163,38.098914]},"properties":{"id":"309","nome":"Calatafimi","linee":["309","389","N4"],"accessibile":"","lon":13.320163,"lat":38.098914}},{"type":"Feature","geometry":{"type":"Point","coordinates":[13.356761,38.089397]},"properties":{"id":"31","nome":"Airone Folaga","linee":["209"],"accessibile":"","lon":13.356761,"lat":38.089397}},{"type":"Feature","geometry":{"type":"Point","coordinates":[13.339356,38.144649]},"properties":{"id":"311","nome":"Campania Brigata Verona","linee":["625"],"accessibile":"","lon":13.339356,"lat":38.144649}},{"type":"Feature","geometry":{"type":"Point","coordinates":[13.338788,38.144949]},"properties":{"id":"312","nome":"Campania Puglia","linee":["625"],"accessibile":"","lon":13.338788,"lat":38.144949}},{"type":"Feature","geometry":{"type":"Point","coordinates":[13.336585,38.128624]},"properties":{"id":"313","nome":"Campolo Pacinotti","linee":["110"],"accessibile":"","lon":13.336585,"lat":38.128624}},{"type":"Feature","geometry":{"type":"Point","coordinates":[13.337349,38.129032]},"properties":{"id":"314","nome":"Campolo Serradifalco","linee":["103","110","134","N3"],"accessibile":"","lon":13.337349,"lat":38.129032}},{"type":"Feature","geometry":{"type":"Point","coordinates":[13.340444,38.119653]},"properties":{"id":"315","nome":"Camporeale Gili","linee":["106","110","442","N5"],"accessibile":"","lon":13.340444,"lat":38.119653}},{"type":"Feature","geometry":{"type":"Point","coordinates":[13.363822,38.137219]},"properties":{"id":"316","nome":"Cantieri Barca","linee":["731"],"accessibile":"","lon":13.363822,"lat":38.137219}},{"type":"Feature","geometry":{"type":"Point","coordinates":[13.359335,38.136172]},"properties":{"id":"317","nome":"Cantieri Giachery","linee":["731"],"accessibile":"","lon":13.359335,"lat":38.136172}},{"type":"Feature","geometry":{"type":"Point","coordinates":[13.359593,38.136153]},"properties":{"id":"318","nome":"Cantieri Giachery","linee":["731"],"accessibile":"","lon":13.359593,"lat":38.136153}},{"type":"Feature","geometry":{"type":"Point","coordinates":[13.362989,38.137046]},"properties":{"id":"319","nome":"Cantieri Juvara","linee":["731"],"accessibile":"","lon":13.362989,"lat":38.137046}},{"type":"Feature","geometry":{"type":"Point","coordinates":[13.360811,38.136549]},"properties":{"id":"320","nome":"Cantieri Marvuglia","linee":["731"],"accessibile":"","lon":13.360811,"lat":38.136549}},{"type":"Feature","geometry":{"type":"Point","coordinates":[13.361521,38.136624]},"properties":{"id":"321","nome":"Cantieri Marvuglia","linee":["731"],"accessibile":"","lon":13.361521,"lat":38.136624}},{"type":"Feature","geometry":{"type":"Point","coordinates":[13.366191,38.137801]},"properties":{"id":"322","nome":"Cantieri Ortolani","linee":["731"],"accessibile":"","lon":13.366191,"lat":38.137801}},{"type":"Feature","geometry":{"type":"Point","coordinates":[13.36582,38.137785]},"properties":{"id":"323","nome":"Cantieri Ortolani","linee":["731"],"accessibile":"","lon":13.36582,"lat":38.137785}},{"type":"Feature","geometry":{"type":"Point","coordinates":[13.312173,38.181162]},"properties":{"id":"324","nome":"Capparozzo S Nicola","linee":["619"],"accessibile":"","lon":13.312173,"lat":38.181162}},{"type":"Feature","geometry":{"type":"Point","coordinates":[13.34247,38.110697]},"properties":{"id":"328","nome":"Cappuccini Quarto Dei Mille","linee":["327"],"accessibile":"","lon":13.34247,"lat":38.110697}},{"type":"Feature","geometry":{"type":"Point","coordinates":[13.341919,38.110761]},"properties":{"id":"329","nome":"Cappuccini Quarto Dei Mille","linee":["327"],"accessibile":"","lon":13.341919,"lat":38.110761}},{"type":"Feature","geometry":{"type":"Point","coordinates":[13.360027,38.09175]},"properties":{"id":"33","nome":"Airone S Filippo","linee":["243","N6"],"accessibile":"","lon":13.360027,"lat":38.09175}},{"type":"Feature","geometry":{"type":"Point","coordinates":[13.346882,38.110972]},"properties":{"id":"330","nome":"Cappuccini","linee":["327"],"accessibile":"","lon":13.346882,"lat":38.110972}},{"type":"Feature","geometry":{"type":"Point","coordinates":[13.345686,38.110915]},"properties":{"id":"332","nome":"Cappuccini","linee":["327"],"accessibile":"","lon":13.345686,"lat":38.110915}},{"type":"Feature","geometry":{"type":"Point","coordinates":[13.316239,38.197945]},"properties":{"id":"333","nome":"Carbone Tuberosa","linee":["614","N2"],"accessibile":"","lon":13.316239,"lat":38.197945}},{"type":"Feature","geometry":{"type":"Point","coordinates":[13.317592,38.181655]},"properties":{"id":"334","nome":"Carnera Agesia Di Siracusa","linee":["619"],"accessibile":"","lon":13.317592,"lat":38.181655}},{"type":"Feature","geometry":{"type":"Point","coordinates":[13.316396,38.18332]},"properties":{"id":"335","nome":"Carnera Marciano","linee":["619"],"accessibile":"","lon":13.316396,"lat":38.18332}},{"type":"Feature","geometry":{"type":"Point","coordinates":[13.306002,38.134262]},"properties":{"id":"337","nome":"Carreca Celona","linee":["513"],"accessibile":"","lon":13.306002,"lat":38.134262}},{"type":"Feature","geometry":{"type":"Point","coordinates":[13.34009,38.151915]},"properties":{"id":"339","nome":"Cassara'","linee":["603","606","614","616","645"],"accessibile":"","lon":13.34009,"lat":38.151915}},{"type":"Feature","geometry":{"type":"Point","coordinates":[13.3602,38.091839]},"properties":{"id":"34","nome":"Airone S Filippo","linee":["243"],"accessibile":"","lon":13.3602,"lat":38.091839}},{"type":"Feature","geometry":{"type":"Point","coordinates":[13.325472,38.177838]},"properties":{"id":"340","nome":"Castelforte Bellinzona","linee":["645"],"accessibile":"","lon":13.325472,"lat":38.177838}},{"type":"Feature","geometry":{"type":"Point","coordinates":[13.315511,38.195129]},"properties":{"id":"342","nome":"Castelforte Chirone","linee":["87","645"],"accessibile":"","lon":13.315511,"lat":38.195129}},{"type":"Feature","geometry":{"type":"Point","coordinates":[13.325127,38.180958]},"properties":{"id":"343","nome":"Castelforte De Fonseca","linee":["645"],"accessibile":"","lon":13.325127,"lat":38.180958}},{"type":"Feature","geometry":{"type":"Point","coordinates":[13.326018,38.176255]},"properties":{"id":"345","nome":"Castelforte Giardino Della Concordia","linee":["645"],"accessibile":"","lon":13.326018,"lat":38.176255}},{"type":"Feature","geometry":{"type":"Point","coordinates":[13.323585,38.18596]},"properties":{"id":"347","nome":"Castelforte P.M 64","linee":["645"],"accessibile":"","lon":13.323585,"lat":38.18596}},{"type":"Feature","geometry":{"type":"Point","coordinates":[13.326462,38.174568]},"properties":{"id":"349","nome":"Castelforte Trapani","linee":["645"],"accessibile":"","lon":13.326462,"lat":38.174568}},{"type":"Feature","geometry":{"type":"Point","coordinates":[13.358608,38.090336]},"properties":{"id":"35","nome":"Airone Troina","linee":["243","N6"],"accessibile":"","lon":13.358608,"lat":38.090336}},{"type":"Feature","geometry":{"type":"Point","coordinates":[13.323087,38.187757]},"properties":{"id":"351","nome":"Castelforte Venere","linee":["645"],"accessibile":"","lon":13.323087,"lat":38.187757}},{"type":"Feature","geometry":{"type":"Point","coordinates":[13.32417,38.184517]},"properties":{"id":"354","nome":"Castelforte","linee":["645"],"accessibile":"","lon":13.32417,"lat":38.184517}},{"type":"Feature","geometry":{"type":"Point","coordinates":[13.291058,38.12573]},"properties":{"id":"355","nome":"Castellana Bronte","linee":["307","422"],"accessibile":"","lon":13.291058,"lat":38.12573}},{"type":"Feature","geometry":{"type":"Point","coordinates":[13.296503,38.125502]},"properties":{"id":"356","nome":"Castellana Bronte","linee":["307","422"],"accessibile":"","lon":13.296503,"lat":38.125502}},{"type":"Feature","geometry":{"type":"Point","coordinates":[13.304433,38.125765]},"properties":{"id":"357","nome":"Castellana Cartagine","linee":["422"],"accessibile":"","lon":13.304433,"lat":38.125765}},{"type":"Feature","geometry":{"type":"Point","coordinates":[13.358694,38.090323]},"properties":{"id":"36","nome":"Airone Troina","linee":["209"],"accessibile":"","lon":13.358694,"lat":38.090323}},{"type":"Feature","geometry":{"type":"Point","coordinates":[13.300031,38.125849]},"properties":{"id":"360","nome":"Castellana Lercara","linee":["307","422","625"],"accessibile":"","lon":13.300031,"lat":38.125849}},{"type":"Feature","geometry":{"type":"Point","coordinates":[13.298392,38.125798]},"properties":{"id":"362","nome":"Castellana Modica","linee":["307","422"],"accessibile":"","lon":13.298392,"lat":38.125798}},{"type":"Feature","geometry":{"type":"Point","coordinates":[13.293454,38.125463]},"properties":{"id":"363","nome":"Castellana Montevago","linee":["307","422"],"accessibile":"","lon":13.293454,"lat":38.125463}},{"type":"Feature","geometry":{"type":"Point","coordinates":[13.292299,38.125837]},"properties":{"id":"364","nome":"Castellana Pantalica","linee":["307","422"],"accessibile":"","lon":13.292299,"lat":38.125837}},{"type":"Feature","geometry":{"type":"Point","coordinates":[13.311361,38.125716]},"properties":{"id":"366","nome":"Castellana Roccazzo","linee":["422"],"accessibile":"","lon":13.311361,"lat":38.125716}},{"type":"Feature","geometry":{"type":"Point","coordinates":[13.300976,38.125639]},"properties":{"id":"367","nome":"Castellana Rogazionisti","linee":["534"],"accessibile":"","lon":13.300976,"lat":38.125639}},{"type":"Feature","geometry":{"type":"Point","coordinates":[13.298972,38.125568]},"properties":{"id":"368","nome":"Castellana S Isidoro","linee":["307","422"],"accessibile":"","lon":13.298972,"lat":38.125568}},{"type":"Feature","geometry":{"type":"Point","coordinates":[13.354971,38.088651]},"properties":{"id":"37","nome":"Airone Usignolo","linee":["243","N6"],"accessibile":"","lon":13.354971,"lat":38.088651}},{"type":"Feature","geometry":{"type":"Point","coordinates":[13.308927,38.125619]},"properties":{"id":"372","nome":"Castellana Tembien","linee":["422"],"accessibile":"","lon":13.308927,"lat":38.125619}},{"type":"Feature","geometry":{"type":"Point","coordinates":[13.296717,38.125745]},"properties":{"id":"376","nome":"Castellana Villa Delle Ginestre","linee":["307","422"],"accessibile":"","lon":13.296717,"lat":38.125745}},{"type":"Feature","geometry":{"type":"Point","coordinates":[13.315758,38.181381]},"properties":{"id":"380","nome":"Castellotti Agesia Di Siracusa","linee":["619"],"accessibile":"","lon":13.315758,"lat":38.181381}},{"type":"Feature","geometry":{"type":"Point","coordinates":[13.314613,38.182978]},"properties":{"id":"381","nome":"Castellotti Marciano","linee":["619"],"accessibile":"","lon":13.314613,"lat":38.182978}},{"type":"Feature","geometry":{"type":"Point","coordinates":[13.341676,38.104144]},"properties":{"id":"385","nome":"Catalano Loi","linee":["304"],"accessibile":"","lon":13.341676,"lat":38.104144}},{"type":"Feature","geometry":{"type":"Point","coordinates":[13.274647,38.197718]},"properties":{"id":"386","nome":"Catullo","linee":["88","616","628","N2"],"accessibile":"","lon":13.274647,"lat":38.197718}},{"type":"Feature","geometry":{"type":"Point","coordinates":[13.31538,38.196684]},"properties":{"id":"387","nome":"Cavarretta Castelforte","linee":["87","614","645","N2"],"accessibile":"","lon":13.31538,"lat":38.196684}},{"type":"Feature","geometry":{"type":"Point","coordinates":[13.318295,38.198234]},"properties":{"id":"388","nome":"Cavarretta Saline","linee":["87","614","645","N2"],"accessibile":"","lon":13.318295,"lat":38.198234}},{"type":"Feature","geometry":{"type":"Point","coordinates":[13.316763,38.197423]},"properties":{"id":"389","nome":"Cavarretta Tuberosa","linee":["87","614","645","N2"],"accessibile":"","lon":13.316763,"lat":38.197423}},{"type":"Feature","geometry":{"type":"Point","coordinates":[13.352064,38.141016]},"properties":{"id":"39","nome":"Alessi Puglisi","linee":["721"],"accessibile":"","lon":13.352064,"lat":38.141016}},{"type":"Feature","geometry":{"type":"Point","coordinates":[13.359084,38.12149]},"properties":{"id":"390","nome":"Cavour","linee":["103","104","108","124","134","ARANC","N1","N5"],"accessibile":"","lon":13.359084,"lat":38.12149}},{"type":"Feature","geometry":{"type":"Point","coordinates":[13.307915,38.133451]},"properties":{"id":"398","nome":"Centorbe","linee":["513"],"accessibile":"","lon":13.307915,"lat":38.133451}},{"type":"Feature","geometry":{"type":"Point","coordinates":[13.351157,38.117774]},"properties":{"id":"4","nome":"A Amedeo Tribunale","linee":["104","108","110","118","ARANC","N1","N5"],"accessibile":"","lon":13.351157,"lat":38.117774}},{"type":"Feature","geometry":{"type":"Point","coordinates":[13.299618,38.131762]},"properties":{"id":"400","nome":"Centuripe Acireale","linee":["422","625"],"accessibile":"","lon":13.299618,"lat":38.131762}},{"type":"Feature","geometry":{"type":"Point","coordinates":[13.366928,38.162578]},"properties":{"id":"4000","nome":"Rotoli Interna","linee":["C.R."],"accessibile":"","lon":13.366928,"lat":38.162578}},{"type":"Feature","geometry":{"type":"Point","coordinates":[13.370721,38.159182]},"properties":{"id":"4001","nome":"Rotoli Entrata","linee":["C.R."],"accessibile":"","lon":13.370721,"lat":38.159182}},{"type":"Feature","geometry":{"type":"Point","coordinates":[13.366725,38.159894]},"properties":{"id":"4002","nome":"Cimitero - Deposito","linee":["C.R."],"accessibile":"","lon":13.366725,"lat":38.159894}},{"type":"Feature","geometry":{"type":"Point","coordinates":[13.295739,38.132277]},"properties":{"id":"402","nome":"Centuripe Alia","linee":["422","625"],"accessibile":"","lon":13.295739,"lat":38.132277}},{"type":"Feature","geometry":{"type":"Point","coordinates":[13.293631,38.132259]},"properties":{"id":"404","nome":"Centuripe Augusta","linee":["422","625"],"accessibile":"","lon":13.293631,"lat":38.132259}},{"type":"Feature","geometry":{"type":"Point","coordinates":[13.297761,38.132122]},"properties":{"id":"406","nome":"Centuripe Mozia","linee":["422","625"],"accessibile":"","lon":13.297761,"lat":38.132122}},{"type":"Feature","geometry":{"type":"Point","coordinates":[13.350189,38.14024]},"properties":{"id":"41","nome":"Alessi Toselli","linee":["721"],"accessibile":"","lon":13.350189,"lat":38.14024}},{"type":"Feature","geometry":{"type":"Point","coordinates":[13.368745,38.0916]},"properties":{"id":"410","nome":"Chiavelli Al Casale","linee":["209"],"accessibile":"","lon":13.368745,"lat":38.0916}},{"type":"Feature","geometry":{"type":"Point","coordinates":[13.367654,38.081875]},"properties":{"id":"411","nome":"Chiavelli Bagnera","linee":["209"],"accessibile":"","lon":13.367654,"lat":38.081875}},{"type":"Feature","geometry":{"type":"Point","coordinates":[13.368846,38.096552]},"properties":{"id":"412","nome":"Chiavelli Caduti Dell'8 Luglio 1960","linee":["241"],"accessibile":"","lon":13.368846,"lat":38.096552}},{"type":"Feature","geometry":{"type":"Point","coordinates":[13.368151,38.079987]},"properties":{"id":"413","nome":"Chiavelli Cardinale","linee":["209"],"accessibile":"","lon":13.368151,"lat":38.079987}},{"type":"Feature","geometry":{"type":"Point","coordinates":[13.36922,38.085786]},"properties":{"id":"414","nome":"Chiavelli Colnago","linee":["209"],"accessibile":"","lon":13.36922,"lat":38.085786}},{"type":"Feature","geometry":{"type":"Point","coordinates":[13.368664,38.093137]},"properties":{"id":"418","nome":"Chiavelli Pleiadi","linee":["209"],"accessibile":"","lon":13.368664,"lat":38.093137}},{"type":"Feature","geometry":{"type":"Point","coordinates":[13.368544,38.085295]},"properties":{"id":"420","nome":"Chiavelli Sciacca","linee":["209"],"accessibile":"","lon":13.368544,"lat":38.085295}},{"type":"Feature","geometry":{"type":"Point","coordinates":[13.368168,38.083367]},"properties":{"id":"421","nome":"Chiavelli Semilia","linee":["209"],"accessibile":"","lon":13.368168,"lat":38.083367}},{"type":"Feature","geometry":{"type":"Point","coordinates":[13.315571,38.194515]},"properties":{"id":"425","nome":"Chirone Castelforte","linee":["87","645"],"accessibile":"","lon":13.315571,"lat":38.194515}},{"type":"Feature","geometry":{"type":"Point","coordinates":[13.314368,38.193631]},"properties":{"id":"426","nome":"Chirone Porta Di Mare","linee":["87","645"],"accessibile":"","lon":13.314368,"lat":38.193631}},{"type":"Feature","geometry":{"type":"Point","coordinates":[13.401227,38.078802]},"properties":{"id":"427","nome":"Ciaculli Bozzo","linee":["212","N6"],"accessibile":"","lon":13.401227,"lat":38.078802}},{"type":"Feature","geometry":{"type":"Point","coordinates":[13.401362,38.078754]},"properties":{"id":"428","nome":"Ciaculli Bozzo","linee":["212","N6"],"accessibile":"","lon":13.401362,"lat":38.078754}},{"type":"Feature","geometry":{"type":"Point","coordinates":[13.395103,38.084051]},"properties":{"id":"429","nome":"Ciaculli Carrubella","linee":["212","N6"],"accessibile":"","lon":13.395103,"lat":38.084051}},{"type":"Feature","geometry":{"type":"Point","coordinates":[13.394995,38.08419]},"properties":{"id":"430","nome":"Ciaculli Carrubella","linee":["212","N6"],"accessibile":"","lon":13.394995,"lat":38.08419}},{"type":"Feature","geometry":{"type":"Point","coordinates":[13.400021,38.079761]},"properties":{"id":"431","nome":"Ciaculli Cassaro Bonanno","linee":["212","N6"],"accessibile":"","lon":13.400021,"lat":38.079761}},{"type":"Feature","geometry":{"type":"Point","coordinates":[13.400243,38.079627]},"properties":{"id":"432","nome":"Ciaculli Cassaro Bonanno","linee":["212","N6"],"accessibile":"","lon":13.400243,"lat":38.079627}},{"type":"Feature","geometry":{"type":"Point","coordinates":[13.41668,38.070085]},"properties":{"id":"433","nome":"Ciaculli Croce Verde","linee":["212","N6"],"accessibile":"","lon":13.41668,"lat":38.070085}},{"type":"Feature","geometry":{"type":"Point","coordinates":[13.403041,38.077735]},"properties":{"id":"434","nome":"Ciaculli Di Stefano","linee":["212","N6"],"accessibile":"","lon":13.403041,"lat":38.077735}},{"type":"Feature","geometry":{"type":"Point","coordinates":[13.402851,38.077912]},"properties":{"id":"435","nome":"Ciaculli Di Stefano","linee":["212","N6"],"accessibile":"","lon":13.402851,"lat":38.077912}},{"type":"Feature","geometry":{"type":"Point","coordinates":[13.390193,38.08733]},"properties":{"id":"436","nome":"Ciaculli Giardino Della Memoria","linee":["212","N6"],"accessibile":"","lon":13.390193,"lat":38.08733}},{"type":"Feature","geometry":{"type":"Point","coordinates":[13.390261,38.087358]},"properties":{"id":"437","nome":"Ciaculli Giardino Della Memoria","linee":["212","N6"],"accessibile":"","lon":13.390261,"lat":38.087358}},{"type":"Feature","geometry":{"type":"Point","coordinates":[13.404542,38.07693]},"properties":{"id":"438","nome":"Ciaculli Gibilrossa","linee":["212","N6"],"accessibile":"","lon":13.404542,"lat":38.07693}},{"type":"Feature","geometry":{"type":"Point","coordinates":[13.404516,38.076987]},"properties":{"id":"439","nome":"Ciaculli Gibilrossa","linee":["212","N6"],"accessibile":"","lon":13.404516,"lat":38.076987}},{"type":"Feature","geometry":{"type":"Point","coordinates":[13.391581,38.086645]},"properties":{"id":"440","nome":"Ciaculli 1","linee":["212","N6"],"accessibile":"","lon":13.391581,"lat":38.086645}},{"type":"Feature","geometry":{"type":"Point","coordinates":[13.391816,38.086575]},"properties":{"id":"441","nome":"Ciaculli 1","linee":["212","N6"],"accessibile":"","lon":13.391816,"lat":38.086575}},{"type":"Feature","geometry":{"type":"Point","coordinates":[13.413529,38.07253]},"properties":{"id":"442","nome":"Ciaculli 10","linee":["212","N6"],"accessibile":"","lon":13.413529,"lat":38.07253}},{"type":"Feature","geometry":{"type":"Point","coordinates":[13.413973,38.072219]},"properties":{"id":"443","nome":"Ciaculli 10","linee":["212","N6"],"accessibile":"","lon":13.413973,"lat":38.072219}},{"type":"Feature","geometry":{"type":"Point","coordinates":[13.415892,38.07071]},"properties":{"id":"445","nome":"Ciaculli 11","linee":["212","N6"],"accessibile":"","lon":13.415892,"lat":38.07071}},{"type":"Feature","geometry":{"type":"Point","coordinates":[13.393881,38.08498]},"properties":{"id":"446","nome":"Ciaculli 2","linee":["212","N6"],"accessibile":"","lon":13.393881,"lat":38.08498}},{"type":"Feature","geometry":{"type":"Point","coordinates":[13.39375,38.085175]},"properties":{"id":"447","nome":"Ciaculli 2","linee":["212","N6"],"accessibile":"","lon":13.39375,"lat":38.085175}},{"type":"Feature","geometry":{"type":"Point","coordinates":[13.396647,38.082692]},"properties":{"id":"448","nome":"Ciaculli 3","linee":["212","N6"],"accessibile":"","lon":13.396647,"lat":38.082692}},{"type":"Feature","geometry":{"type":"Point","coordinates":[13.396519,38.082857]},"properties":{"id":"449","nome":"Ciaculli 3","linee":["212","N6"],"accessibile":"","lon":13.396519,"lat":38.082857}},{"type":"Feature","geometry":{"type":"Point","coordinates":[13.354598,38.087895]},"properties":{"id":"45","nome":"Allodola 1","linee":["209"],"accessibile":"","lon":13.354598,"lat":38.087895}},{"type":"Feature","geometry":{"type":"Point","coordinates":[13.39794,38.081621]},"properties":{"id":"450","nome":"Ciaculli 4","linee":["212","N6"],"accessibile":"","lon":13.39794,"lat":38.081621}},{"type":"Feature","geometry":{"type":"Point","coordinates":[13.398102,38.081532]},"properties":{"id":"451","nome":"Ciaculli 4","linee":["212","N6"],"accessibile":"","lon":13.398102,"lat":38.081532}},{"type":"Feature","geometry":{"type":"Point","coordinates":[13.399132,38.080527]},"properties":{"id":"452","nome":"Ciaculli 5","linee":["212","N6"],"accessibile":"","lon":13.399132,"lat":38.080527}},{"type":"Feature","geometry":{"type":"Point","coordinates":[13.399168,38.080552]},"properties":{"id":"453","nome":"Ciaculli 5","linee":["212","N6"],"accessibile":"","lon":13.399168,"lat":38.080552}},{"type":"Feature","geometry":{"type":"Point","coordinates":[13.406664,38.076064]},"properties":{"id":"454","nome":"Ciaculli 6","linee":["212","N6"],"accessibile":"","lon":13.406664,"lat":38.076064}},{"type":"Feature","geometry":{"type":"Point","coordinates":[13.407044,38.07593]},"properties":{"id":"455","nome":"Ciaculli 6","linee":["212","N6"],"accessibile":"","lon":13.407044,"lat":38.07593}},{"type":"Feature","geometry":{"type":"Point","coordinates":[13.408802,38.074838]},"properties":{"id":"456","nome":"Ciaculli 7","linee":["212","N6"],"accessibile":"","lon":13.408802,"lat":38.074838}},{"type":"Feature","geometry":{"type":"Point","coordinates":[13.408942,38.074798]},"properties":{"id":"457","nome":"Ciaculli 7","linee":["212","N6"],"accessibile":"","lon":13.408942,"lat":38.074798}},{"type":"Feature","geometry":{"type":"Point","coordinates":[13.410476,38.073929]},"properties":{"id":"458","nome":"Ciaculli 8","linee":["212","N6"],"accessibile":"","lon":13.410476,"lat":38.073929}},{"type":"Feature","geometry":{"type":"Point","coordinates":[13.410682,38.073951]},"properties":{"id":"459","nome":"Ciaculli 8","linee":["212","N6"],"accessibile":"","lon":13.410682,"lat":38.073951}},{"type":"Feature","geometry":{"type":"Point","coordinates":[13.354521,38.087581]},"properties":{"id":"46","nome":"Allodola 2","linee":["243","N6"],"accessibile":"","lon":13.354521,"lat":38.087581}},{"type":"Feature","geometry":{"type":"Point","coordinates":[13.411868,38.073357]},"properties":{"id":"460","nome":"Ciaculli 9","linee":["212","N6"],"accessibile":"","lon":13.411868,"lat":38.073357}},{"type":"Feature","geometry":{"type":"Point","coordinates":[13.412059,38.073325]},"properties":{"id":"461","nome":"Ciaculli 9","linee":["212","N6"],"accessibile":"","lon":13.412059,"lat":38.073325}},{"type":"Feature","geometry":{"type":"Point","coordinates":[13.38708,38.099042]},"properties":{"id":"462","nome":"Cirincione Carella","linee":["226"],"accessibile":"","lon":13.38708,"lat":38.099042}},{"type":"Feature","geometry":{"type":"Point","coordinates":[13.389474,38.098253]},"properties":{"id":"463","nome":"Cirincione Cavallacci","linee":["226"],"accessibile":"","lon":13.389474,"lat":38.098253}},{"type":"Feature","geometry":{"type":"Point","coordinates":[13.393573,38.090325]},"properties":{"id":"471","nome":"Conte Federico Cacciatore","linee":["210"],"accessibile":"","lon":13.393573,"lat":38.090325}},{"type":"Feature","geometry":{"type":"Point","coordinates":[13.39048,38.09194]},"properties":{"id":"476","nome":"Conte Federico Di Vita","linee":["210"],"accessibile":"","lon":13.39048,"lat":38.09194}},{"type":"Feature","geometry":{"type":"Point","coordinates":[13.396223,38.088501]},"properties":{"id":"480","nome":"Conte Federico Galeano","linee":["210"],"accessibile":"","lon":13.396223,"lat":38.088501}},{"type":"Feature","geometry":{"type":"Point","coordinates":[13.386688,38.092982]},"properties":{"id":"481","nome":"Conte Federico Giafar","linee":["212"],"accessibile":"","lon":13.386688,"lat":38.092982}},{"type":"Feature","geometry":{"type":"Point","coordinates":[13.386728,38.093168]},"properties":{"id":"482","nome":"Conte Federico Giafar","linee":["210","212"],"accessibile":"","lon":13.386728,"lat":38.093168}},{"type":"Feature","geometry":{"type":"Point","coordinates":[13.389467,38.092548]},"properties":{"id":"484","nome":"Conte Federico Grigoli","linee":["210"],"accessibile":"","lon":13.389467,"lat":38.092548}},{"type":"Feature","geometry":{"type":"Point","coordinates":[13.384582,38.09459]},"properties":{"id":"487","nome":"Conte Federico Tortorici","linee":["212"],"accessibile":"","lon":13.384582,"lat":38.09459}},{"type":"Feature","geometry":{"type":"Point","coordinates":[13.384483,38.094713]},"properties":{"id":"488","nome":"Conte Federico Tortorici","linee":["210","212"],"accessibile":"","lon":13.384483,"lat":38.094713}},{"type":"Feature","geometry":{"type":"Point","coordinates":[13.354512,38.079049]},"properties":{"id":"49","nome":"Aloi Di Gregorio","linee":["241"],"accessibile":"","lon":13.354512,"lat":38.079049}},{"type":"Feature","geometry":{"type":"Point","coordinates":[13.3855,38.093941]},"properties":{"id":"497","nome":"Conte Federico Chiazzese","linee":["212"],"accessibile":"","lon":13.3855,"lat":38.093941}},{"type":"Feature","geometry":{"type":"Point","coordinates":[13.346028,38.116538]},"properties":{"id":"498","nome":"Contessa Giuditta","linee":["124","N5"],"accessibile":"","lon":13.346028,"lat":38.116538}},{"type":"Feature","geometry":{"type":"Point","coordinates":[13.317736,38.180527]},"properties":{"id":"499","nome":"Coppi","linee":["619"],"accessibile":"","lon":13.317736,"lat":38.180527}},{"type":"Feature","geometry":{"type":"Point","coordinates":[13.355628,38.075]},"properties":{"id":"50","nome":"Aloi Falsomiele","linee":["241"],"accessibile":"","lon":13.355628,"lat":38.075}},{"type":"Feature","geometry":{"type":"Point","coordinates":[13.315354,38.179748]},"properties":{"id":"500","nome":"Coppi S Nicola","linee":["619"],"accessibile":"","lon":13.315354,"lat":38.179748}},{"type":"Feature","geometry":{"type":"Point","coordinates":[13.304131,38.079516]},"properties":{"id":"505","nome":"Corpo Di Guardia","linee":["380"],"accessibile":"","lon":13.304131,"lat":38.079516}},{"type":"Feature","geometry":{"type":"Point","coordinates":[13.305673,38.140104]},"properties":{"id":"509","nome":"Cosenz 2","linee":["513"],"accessibile":"","lon":13.305673,"lat":38.140104}},{"type":"Feature","geometry":{"type":"Point","coordinates":[13.353855,38.081194]},"properties":{"id":"51","nome":"Aloi Graffeo","linee":["241"],"accessibile":"","lon":13.353855,"lat":38.081194}},{"type":"Feature","geometry":{"type":"Point","coordinates":[13.332518,38.08612]},"properties":{"id":"511","nome":"Costa Bachelet","linee":["234"],"accessibile":"","lon":13.332518,"lat":38.08612}},{"type":"Feature","geometry":{"type":"Point","coordinates":[13.335489,38.09094]},"properties":{"id":"512","nome":"Costa 1","linee":["234"],"accessibile":"","lon":13.335489,"lat":38.09094}},{"type":"Feature","geometry":{"type":"Point","coordinates":[13.335187,38.088966]},"properties":{"id":"513","nome":"Costa 2","linee":["234"],"accessibile":"","lon":13.335187,"lat":38.088966}},{"type":"Feature","geometry":{"type":"Point","coordinates":[13.36365,38.124873]},"properties":{"id":"516","nome":"Crispi Capitaneria","linee":["107"],"accessibile":"","lon":13.36365,"lat":38.124873}},{"type":"Feature","geometry":{"type":"Point","coordinates":[13.35266,38.130481]},"properties":{"id":"517","nome":"Piazza Crispi","linee":["721","806","812"],"accessibile":"","lon":13.35266,"lat":38.130481}},{"type":"Feature","geometry":{"type":"Point","coordinates":[13.363872,38.124919]},"properties":{"id":"518","nome":"Crispi Piazza 13 Vittime","linee":["107"],"accessibile":"","lon":13.363872,"lat":38.124919}},{"type":"Feature","geometry":{"type":"Point","coordinates":[13.362311,38.127644]},"properties":{"id":"519","nome":"Crispi Porto","linee":["107"],"accessibile":"","lon":13.362311,"lat":38.127644}},{"type":"Feature","geometry":{"type":"Point","coordinates":[13.361389,38.129167]},"properties":{"id":"521","nome":"Crispi Scina'","linee":["107"],"accessibile":"","lon":13.361389,"lat":38.129167}},{"type":"Feature","geometry":{"type":"Point","coordinates":[13.360712,38.129785]},"properties":{"id":"522","nome":"Crispi Scina'","linee":["107"],"accessibile":"","lon":13.360712,"lat":38.129785}},{"type":"Feature","geometry":{"type":"Point","coordinates":[13.354287,38.189427]},"properties":{"id":"523","nome":"Cristoforo Colombo Abate Palmerino","linee":["603","N1"],"accessibile":"","lon":13.354287,"lat":38.189427}},{"type":"Feature","geometry":{"type":"Point","coordinates":[13.354655,38.18974]},"properties":{"id":"524","nome":"Cristoforo Colombo - Abate Palmerino","linee":["603"],"accessibile":"","lon":13.354655,"lat":38.18974}},{"type":"Feature","geometry":{"type":"Point","coordinates":[13.366625,38.168966]},"properties":{"id":"525","nome":"Cristoforo Colombo Belvedere Mare","linee":["731"],"accessibile":"","lon":13.366625,"lat":38.168966}},{"type":"Feature","geometry":{"type":"Point","coordinates":[13.366435,38.168482]},"properties":{"id":"526","nome":"Cristoforo Colombo Belvedere","linee":["603","731","N1"],"accessibile":"","lon":13.366435,"lat":38.168482}},{"type":"Feature","geometry":{"type":"Point","coordinates":[13.36646,38.168314]},"properties":{"id":"527","nome":"Cristoforo Colombo Belvedere","linee":["603","731"],"accessibile":"","lon":13.36646,"lat":38.168314}},{"type":"Feature","geometry":{"type":"Point","coordinates":[13.344348,38.190932]},"properties":{"id":"529","nome":"Cristoforo Colombo Caronia Roberti","linee":["86","603","N1"],"accessibile":"","lon":13.344348,"lat":38.190932}},{"type":"Feature","geometry":{"type":"Point","coordinates":[13.353364,38.082754]},"properties":{"id":"53","nome":"Aloi Vitale","linee":["241"],"accessibile":"","lon":13.353364,"lat":38.082754}},{"type":"Feature","geometry":{"type":"Point","coordinates":[13.344093,38.191157]},"properties":{"id":"530","nome":"Cristoforo Colombo Caronia Roberti","linee":["86","603"],"accessibile":"","lon":13.344093,"lat":38.191157}},{"type":"Feature","geometry":{"type":"Point","coordinates":[13.360757,38.186614]},"properties":{"id":"531","nome":"Cristoforo Colombo De Vega","linee":["603","N1"],"accessibile":"","lon":13.360757,"lat":38.186614}},{"type":"Feature","geometry":{"type":"Point","coordinates":[13.360861,38.186702]},"properties":{"id":"532","nome":"Cristoforo Colombo De Vega","linee":["603"],"accessibile":"","lon":13.360861,"lat":38.186702}},{"type":"Feature","geometry":{"type":"Point","coordinates":[13.351355,38.188573]},"properties":{"id":"533","nome":"Cristoforo Colombo Lorenzo Marquez","linee":["603","N1"],"accessibile":"","lon":13.351355,"lat":38.188573}},{"type":"Feature","geometry":{"type":"Point","coordinates":[13.351161,38.188672]},"properties":{"id":"534","nome":"Cristoforo Colombo - Lorenzo Marquez","linee":["603"],"accessibile":"","lon":13.351161,"lat":38.188672}},{"type":"Feature","geometry":{"type":"Point","coordinates":[13.358893,38.189729]},"properties":{"id":"535","nome":"Cristoforo Colombo Magellano","linee":["603","N1"],"accessibile":"","lon":13.358893,"lat":38.189729}},{"type":"Feature","geometry":{"type":"Point","coordinates":[13.358997,38.189799]},"properties":{"id":"536","nome":"Cristoforo Colombo Magellano","linee":["603"],"accessibile":"","lon":13.358997,"lat":38.189799}},{"type":"Feature","geometry":{"type":"Point","coordinates":[13.36467,38.182634]},"properties":{"id":"537","nome":"Cristoforo Colombo Marcantonio Colonna","linee":["603","N1"],"accessibile":"","lon":13.36467,"lat":38.182634}},{"type":"Feature","geometry":{"type":"Point","coordinates":[13.364725,38.182672]},"properties":{"id":"538","nome":"Cristoforo Colombo Marcantonio Colonna","linee":["603"],"accessibile":"","lon":13.364725,"lat":38.182672}},{"type":"Feature","geometry":{"type":"Point","coordinates":[13.34877,38.188821]},"properties":{"id":"539","nome":"Cristoforo Colombo Pietro De Guevara","linee":["86","603","N1"],"accessibile":"","lon":13.34877,"lat":38.188821}},{"type":"Feature","geometry":{"type":"Point","coordinates":[13.355212,38.076526]},"properties":{"id":"54","nome":"Aloi 1","linee":["241"],"accessibile":"","lon":13.355212,"lat":38.076526}},{"type":"Feature","geometry":{"type":"Point","coordinates":[13.348459,38.188931]},"properties":{"id":"540","nome":"Cristoforo Colombo Pietro De Guevara","linee":["86","603"],"accessibile":"","lon":13.348459,"lat":38.188931}},{"type":"Feature","geometry":{"type":"Point","coordinates":[13.34103,38.193092]},"properties":{"id":"541","nome":"Cristoforo Colombo Pietro Rombulo","linee":["86","603","N1"],"accessibile":"","lon":13.34103,"lat":38.193092}},{"type":"Feature","geometry":{"type":"Point","coordinates":[13.341298,38.19301]},"properties":{"id":"542","nome":"Cristoforo Colombo Pietro Rombulo","linee":["86","603"],"accessibile":"","lon":13.341298,"lat":38.19301}},{"type":"Feature","geometry":{"type":"Point","coordinates":[13.345484,38.190158]},"properties":{"id":"543","nome":"Cristoforo Colombo Roosevelt","linee":["86","603","N1"],"accessibile":"","lon":13.345484,"lat":38.190158}},{"type":"Feature","geometry":{"type":"Point","coordinates":[13.345965,38.189935]},"properties":{"id":"544","nome":"Cristoforo Colombo Roosevelt","linee":["86","603"],"accessibile":"","lon":13.345965,"lat":38.189935}},{"type":"Feature","geometry":{"type":"Point","coordinates":[13.365989,38.166532]},"properties":{"id":"545","nome":"Cristoforo Colombo Vergine Maria","linee":["603","731","N1"],"accessibile":"","lon":13.365989,"lat":38.166532}},{"type":"Feature","geometry":{"type":"Point","coordinates":[13.366205,38.166999]},"properties":{"id":"547","nome":"Cristoforo Colombo Vergine Maria","linee":["603","731"],"accessibile":"","lon":13.366205,"lat":38.166999}},{"type":"Feature","geometry":{"type":"Point","coordinates":[13.362416,38.185012]},"properties":{"id":"548","nome":"Cristoforo Colombo 1","linee":["603","N1"],"accessibile":"","lon":13.362416,"lat":38.185012}},{"type":"Feature","geometry":{"type":"Point","coordinates":[13.366038,38.172989]},"properties":{"id":"549","nome":"Cristoforo Colombo 4","linee":["603","N1"],"accessibile":"","lon":13.366038,"lat":38.172989}},{"type":"Feature","geometry":{"type":"Point","coordinates":[13.366303,38.171459]},"properties":{"id":"550","nome":"Cristoforo Colombo 5","linee":["603","N1"],"accessibile":"","lon":13.366303,"lat":38.171459}},{"type":"Feature","geometry":{"type":"Point","coordinates":[13.363063,38.184554]},"properties":{"id":"551","nome":"Cristoforo Colombo 1","linee":["603"],"accessibile":"","lon":13.363063,"lat":38.184554}},{"type":"Feature","geometry":{"type":"Point","coordinates":[13.36567,38.180476]},"properties":{"id":"552","nome":"Cristoforo Colombo 2","linee":["603"],"accessibile":"","lon":13.36567,"lat":38.180476}},{"type":"Feature","geometry":{"type":"Point","coordinates":[13.366064,38.176575]},"properties":{"id":"553","nome":"Cristoforo Colombo 3","linee":["603"],"accessibile":"","lon":13.366064,"lat":38.176575}},{"type":"Feature","geometry":{"type":"Point","coordinates":[13.366072,38.172966]},"properties":{"id":"554","nome":"Cristoforo Colombo 4","linee":["603"],"accessibile":"","lon":13.366072,"lat":38.172966}},{"type":"Feature","geometry":{"type":"Point","coordinates":[13.366392,38.171479]},"properties":{"id":"555","nome":"Cristoforo Colombo 5","linee":["603"],"accessibile":"","lon":13.366392,"lat":38.171479}},{"type":"Feature","geometry":{"type":"Point","coordinates":[13.365574,38.180477]},"properties":{"id":"557","nome":"Cristoforo Colombo 2","linee":["603","N1"],"accessibile":"","lon":13.365574,"lat":38.180477}},{"type":"Feature","geometry":{"type":"Point","coordinates":[13.366015,38.176412]},"properties":{"id":"558","nome":"Cristoforo Colombo 3","linee":["603","N1"],"accessibile":"","lon":13.366015,"lat":38.176412}},{"type":"Feature","geometry":{"type":"Point","coordinates":[13.338944,38.150636]},"properties":{"id":"559","nome":"Croce Rossa De Gasperi","linee":["101","606","625","N1"],"accessibile":"","lon":13.338944,"lat":38.150636}},{"type":"Feature","geometry":{"type":"Point","coordinates":[13.352934,38.084137]},"properties":{"id":"56","nome":"Aloi 3","linee":["241"],"accessibile":"","lon":13.352934,"lat":38.084137}},{"type":"Feature","geometry":{"type":"Point","coordinates":[13.338878,38.150449]},"properties":{"id":"560","nome":"Croce Rossa De Gasperi","linee":["101","603","606","625","N1","N3"],"accessibile":"","lon":13.338878,"lat":38.150449}},{"type":"Feature","geometry":{"type":"Point","coordinates":[13.34054,38.148122]},"properties":{"id":"561","nome":"Croce Rossa Emilia","linee":["101","606","625","N1"],"accessibile":"","lon":13.34054,"lat":38.148122}},{"type":"Feature","geometry":{"type":"Point","coordinates":[13.340447,38.148104]},"properties":{"id":"562","nome":"Croce Rossa Emilia","linee":["101","603","606","625","N1","N3"],"accessibile":"","lon":13.340447,"lat":38.148104}},{"type":"Feature","geometry":{"type":"Point","coordinates":[13.341497,38.146669]},"properties":{"id":"563","nome":"Croce Rossa Statua","linee":["101","606","625","N1"],"accessibile":"","lon":13.341497,"lat":38.146669}},{"type":"Feature","geometry":{"type":"Point","coordinates":[13.341615,38.146304]},"properties":{"id":"564","nome":"Croce Rossa Statua","linee":["101","603","606","625","N1","N3"],"accessibile":"","lon":13.341615,"lat":38.146304}},{"type":"Feature","geometry":{"type":"Point","coordinates":[13.339735,38.149366]},"properties":{"id":"565","nome":"Croce Rossa Valdemone","linee":["101","606","625","N1"],"accessibile":"","lon":13.339735,"lat":38.149366}},{"type":"Feature","geometry":{"type":"Point","coordinates":[13.33963,38.149364]},"properties":{"id":"566","nome":"Croce Rossa Valdemone","linee":["101","603","606","625","N1","N3"],"accessibile":"","lon":13.33963,"lat":38.149364}},{"type":"Feature","geometry":{"type":"Point","coordinates":[13.352732,38.130172]},"properties":{"id":"567","nome":"Croci","linee":["704","731","806","812"],"accessibile":"","lon":13.352732,"lat":38.130172}},{"type":"Feature","geometry":{"type":"Point","coordinates":[13.325388,38.141797]},"properties":{"id":"568","nome":"Cruillas Oddo","linee":["529"],"accessibile":"","lon":13.325388,"lat":38.141797}},{"type":"Feature","geometry":{"type":"Point","coordinates":[13.321545,38.142821]},"properties":{"id":"569","nome":"Cruillas Oner","linee":["529"],"accessibile":"","lon":13.321545,"lat":38.142821}},{"type":"Feature","geometry":{"type":"Point","coordinates":[13.326933,38.140929]},"properties":{"id":"570","nome":"Cruillas 1","linee":["529"],"accessibile":"","lon":13.326933,"lat":38.140929}},{"type":"Feature","geometry":{"type":"Point","coordinates":[13.323291,38.142363]},"properties":{"id":"571","nome":"Cruillas 2","linee":["529"],"accessibile":"","lon":13.323291,"lat":38.142363}},{"type":"Feature","geometry":{"type":"Point","coordinates":[13.319831,38.143378]},"properties":{"id":"572","nome":"Cruillas 3","linee":["529"],"accessibile":"","lon":13.319831,"lat":38.143378}},{"type":"Feature","geometry":{"type":"Point","coordinates":[13.317862,38.144294]},"properties":{"id":"573","nome":"Cruillas 4","linee":["529"],"accessibile":"","lon":13.317862,"lat":38.144294}},{"type":"Feature","geometry":{"type":"Point","coordinates":[13.346551,38.127061]},"properties":{"id":"574","nome":"Cusmano Catania","linee":["103","118","N3"],"accessibile":"","lon":13.346551,"lat":38.127061}},{"type":"Feature","geometry":{"type":"Point","coordinates":[13.347511,38.125492]},"properties":{"id":"575","nome":"Cusmano Turrisi Colonna","linee":["103","118","N3"],"accessibile":"","lon":13.347511,"lat":38.125492}},{"type":"Feature","geometry":{"type":"Point","coordinates":[13.325275,38.065837]},"properties":{"id":"58","nome":"Altofonte Calvaruso","linee":["230"],"accessibile":"","lon":13.325275,"lat":38.065837}},{"type":"Feature","geometry":{"type":"Point","coordinates":[13.353693,38.132344]},"properties":{"id":"580","nome":"Dalla Chiesa","linee":["101","102","104","106","704","721","731","812","N2","N3"],"accessibile":"","lon":13.353693,"lat":38.132344}},{"type":"Feature","geometry":{"type":"Point","coordinates":[13.34856,38.123219]},"properties":{"id":"581","nome":"Dante Piazza Virgilio","linee":["106"],"accessibile":"","lon":13.34856,"lat":38.123219}},{"type":"Feature","geometry":{"type":"Point","coordinates":[13.348366,38.123245]},"properties":{"id":"582","nome":"Dante Piazza Virgilio","linee":["106","134","N5"],"accessibile":"","lon":13.348366,"lat":38.123245}},{"type":"Feature","geometry":{"type":"Point","coordinates":[13.351297,38.123828]},"properties":{"id":"583","nome":"Dante Sammartino","linee":["106","N3"],"accessibile":"","lon":13.351297,"lat":38.123828}},{"type":"Feature","geometry":{"type":"Point","coordinates":[13.350006,38.123622]},"properties":{"id":"584","nome":"Dante Sammartino","linee":["104","106","108","134","N1","N5"],"accessibile":"","lon":13.350006,"lat":38.123622}},{"type":"Feature","geometry":{"type":"Point","coordinates":[13.345967,38.122601]},"properties":{"id":"585","nome":"Dante Stazione Lolli","linee":["106"],"accessibile":"","lon":13.345967,"lat":38.122601}},{"type":"Feature","geometry":{"type":"Point","coordinates":[13.345871,38.122631]},"properties":{"id":"586","nome":"Dante Stazione Lolli","linee":["106","134","N5"],"accessibile":"","lon":13.345871,"lat":38.122631}},{"type":"Feature","geometry":{"type":"Point","coordinates":[13.344076,38.122104]},"properties":{"id":"587","nome":"Dante Veneziano","linee":["106"],"accessibile":"","lon":13.344076,"lat":38.122104}},{"type":"Feature","geometry":{"type":"Point","coordinates":[13.343007,38.12194]},"properties":{"id":"588","nome":"Dante Veneziano","linee":["106","N5"],"accessibile":"","lon":13.343007,"lat":38.12194}},{"type":"Feature","geometry":{"type":"Point","coordinates":[13.341316,38.12147]},"properties":{"id":"589","nome":"Dante Villa Malfitano","linee":["106"],"accessibile":"","lon":13.341316,"lat":38.12147}},{"type":"Feature","geometry":{"type":"Point","coordinates":[13.325327,38.065667]},"properties":{"id":"59","nome":"Altofonte Calvaruso","linee":["230"],"accessibile":"","lon":13.325327,"lat":38.065667}},{"type":"Feature","geometry":{"type":"Point","coordinates":[13.341847,38.121659]},"properties":{"id":"590","nome":"Dante Villa Malfitano","linee":["106","N5"],"accessibile":"","lon":13.341847,"lat":38.121659}},{"type":"Feature","geometry":{"type":"Point","coordinates":[13.352864,38.124295]},"properties":{"id":"591","nome":"Dante Villafranca","linee":["103","104","106","108","134","N1","N5"],"accessibile":"","lon":13.352864,"lat":38.124295}},{"type":"Feature","geometry":{"type":"Point","coordinates":[13.354779,38.124808]},"properties":{"id":"592","nome":"Dante Xx Settembre","linee":["103","104","106","108","134","N1","N5"],"accessibile":"","lon":13.354779,"lat":38.124808}},{"type":"Feature","geometry":{"type":"Point","coordinates":[13.346432,38.141408]},"properties":{"id":"599","nome":"D'Azeglio Cordova","linee":["106"],"accessibile":"","lon":13.346432,"lat":38.141408}},{"type":"Feature","geometry":{"type":"Point","coordinates":[13.296315,38.17424]},"properties":{"id":"6","nome":"Acc A29 Monte Costantino","linee":["516"],"accessibile":"","lon":13.296315,"lat":38.17424}},{"type":"Feature","geometry":{"type":"Point","coordinates":[13.327323,38.068802]},"properties":{"id":"60","nome":"Altofonte Ciraulo 1 Monte","linee":["230"],"accessibile":"","lon":13.327323,"lat":38.068802}},{"type":"Feature","geometry":{"type":"Point","coordinates":[13.345183,38.143366]},"properties":{"id":"600","nome":"D'Azeglio La Marmora","linee":["106"],"accessibile":"","lon":13.345183,"lat":38.143366}},{"type":"Feature","geometry":{"type":"Point","coordinates":[13.335538,38.150195]},"properties":{"id":"604","nome":"De Gasperi Ausonia","linee":["614","628","812"],"accessibile":"","lon":13.335538,"lat":38.150195}},{"type":"Feature","geometry":{"type":"Point","coordinates":[13.336031,38.150316]},"properties":{"id":"605","nome":"De Gasperi Ausonia","linee":["614","628","675"],"accessibile":"","lon":13.336031,"lat":38.150316}},{"type":"Feature","geometry":{"type":"Point","coordinates":[13.331152,38.148427]},"properties":{"id":"606","nome":"De Gasperi Nebrodi","linee":["544"],"accessibile":"","lon":13.331152,"lat":38.148427}},{"type":"Feature","geometry":{"type":"Point","coordinates":[13.333599,38.149407]},"properties":{"id":"607","nome":"De Gasperi Strasburgo","linee":["614","628","812"],"accessibile":"","lon":13.333599,"lat":38.149407}},{"type":"Feature","geometry":{"type":"Point","coordinates":[13.333591,38.149321]},"properties":{"id":"608","nome":"De Gasperi Strasburgo","linee":["614","628","675"],"accessibile":"","lon":13.333591,"lat":38.149321}},{"type":"Feature","geometry":{"type":"Point","coordinates":[13.327288,38.0689]},"properties":{"id":"61","nome":"Altofonte Ciraulo 1 Valle","linee":["230"],"accessibile":"","lon":13.327288,"lat":38.0689}},{"type":"Feature","geometry":{"type":"Point","coordinates":[13.333214,38.115423]},"properties":{"id":"613","nome":"Degli Emiri Nina Siciliana","linee":["106","442","N5"],"accessibile":"","lon":13.333214,"lat":38.115423}},{"type":"Feature","geometry":{"type":"Point","coordinates":[13.327206,38.100681]},"properties":{"id":"614","nome":"Dei Fiori Paulsen","linee":["307"],"accessibile":"","lon":13.327206,"lat":38.100681}},{"type":"Feature","geometry":{"type":"Point","coordinates":[13.369415,38.110345]},"properties":{"id":"616","nome":"Dei Mille Balsamo","linee":["230","237","243","N6","N7"],"accessibile":"","lon":13.369415,"lat":38.110345}},{"type":"Feature","geometry":{"type":"Point","coordinates":[13.412657,38.091433]},"properties":{"id":"617","nome":"Dei Mille Bandita","linee":["226"],"accessibile":"","lon":13.412657,"lat":38.091433}},{"type":"Feature","geometry":{"type":"Point","coordinates":[13.412679,38.091504]},"properties":{"id":"618","nome":"Dei Mille Bandita","linee":["226","N7"],"accessibile":"","lon":13.412679,"lat":38.091504}},{"type":"Feature","geometry":{"type":"Point","coordinates":[13.395275,38.097135]},"properties":{"id":"624","nome":"Dei Mille Cavallotti","linee":["226"],"accessibile":"","lon":13.395275,"lat":38.097135}},{"type":"Feature","geometry":{"type":"Point","coordinates":[13.396159,38.096857]},"properties":{"id":"625","nome":"Dei Mille Cavallotti","linee":["226","N7"],"accessibile":"","lon":13.396159,"lat":38.096857}},{"type":"Feature","geometry":{"type":"Point","coordinates":[13.405611,38.093739]},"properties":{"id":"626","nome":"Dei Mille Ciluffo","linee":["226"],"accessibile":"","lon":13.405611,"lat":38.093739}},{"type":"Feature","geometry":{"type":"Point","coordinates":[13.40623,38.093604]},"properties":{"id":"627","nome":"Dei Mille Ciluffo","linee":["226","N7"],"accessibile":"","lon":13.40623,"lat":38.093604}},{"type":"Feature","geometry":{"type":"Point","coordinates":[13.398496,38.096306]},"properties":{"id":"629","nome":"Dei Mille Corselli","linee":["226"],"accessibile":"","lon":13.398496,"lat":38.096306}},{"type":"Feature","geometry":{"type":"Point","coordinates":[13.32638,38.067294]},"properties":{"id":"63","nome":"Altofonte Ciraulo 2 Valle","linee":["230"],"accessibile":"","lon":13.32638,"lat":38.067294}},{"type":"Feature","geometry":{"type":"Point","coordinates":[13.398687,38.096324]},"properties":{"id":"630","nome":"Dei Mille Corselli","linee":["226","N7"],"accessibile":"","lon":13.398687,"lat":38.096324}},{"type":"Feature","geometry":{"type":"Point","coordinates":[13.384317,38.100281]},"properties":{"id":"631","nome":"Dei Mille D'Aosta","linee":["226","N7"],"accessibile":"","lon":13.384317,"lat":38.100281}},{"type":"Feature","geometry":{"type":"Point","coordinates":[13.400615,38.095778]},"properties":{"id":"632","nome":"Dei Mille Del Carmelo","linee":["226"],"accessibile":"","lon":13.400615,"lat":38.095778}},{"type":"Feature","geometry":{"type":"Point","coordinates":[13.388598,38.099253]},"properties":{"id":"633","nome":"Dei Mille D'Orfeo","linee":["226","N7"],"accessibile":"","lon":13.388598,"lat":38.099253}},{"type":"Feature","geometry":{"type":"Point","coordinates":[13.407688,38.093116]},"properties":{"id":"634","nome":"Dei Mille Fondo Vitale","linee":["226"],"accessibile":"","lon":13.407688,"lat":38.093116}},{"type":"Feature","geometry":{"type":"Point","coordinates":[13.407723,38.093162]},"properties":{"id":"635","nome":"Dei Mille Fondo Vitale","linee":["226","N7"],"accessibile":"","lon":13.407723,"lat":38.093162}},{"type":"Feature","geometry":{"type":"Point","coordinates":[13.400268,38.09595]},"properties":{"id":"636","nome":"Dei Mille Forni","linee":["226","N7"],"accessibile":"","lon":13.400268,"lat":38.09595}},{"type":"Feature","geometry":{"type":"Point","coordinates":[13.371013,38.108545]},"properties":{"id":"638","nome":"Dei Mille Ingrassia","linee":["230","237","243","N6","N7"],"accessibile":"","lon":13.371013,"lat":38.108545}},{"type":"Feature","geometry":{"type":"Point","coordinates":[13.410407,38.092311]},"properties":{"id":"639","nome":"Dei Mille Laudicina","linee":["226"],"accessibile":"","lon":13.410407,"lat":38.092311}},{"type":"Feature","geometry":{"type":"Point","coordinates":[13.327707,38.070934]},"properties":{"id":"64","nome":"Altofonte Mollo","linee":["230"],"accessibile":"","lon":13.327707,"lat":38.070934}},{"type":"Feature","geometry":{"type":"Point","coordinates":[13.410706,38.092291]},"properties":{"id":"640","nome":"Dei Mille Laudicina","linee":["226","N7"],"accessibile":"","lon":13.410706,"lat":38.092291}},{"type":"Feature","geometry":{"type":"Point","coordinates":[13.376816,38.104734]},"properties":{"id":"648","nome":"Dei Mille Ponte Ammiraglio","linee":["230","237","243","N6","N7"],"accessibile":"","lon":13.376816,"lat":38.104734}},{"type":"Feature","geometry":{"type":"Point","coordinates":[13.379541,38.102671]},"properties":{"id":"649","nome":"Dei Mille - S.G. Dei Lebbrosi","linee":["212"],"accessibile":"","lon":13.379541,"lat":38.102671}},{"type":"Feature","geometry":{"type":"Point","coordinates":[13.327677,38.071057]},"properties":{"id":"65","nome":"Altofonte Mollo","linee":["230"],"accessibile":"","lon":13.327677,"lat":38.071057}},{"type":"Feature","geometry":{"type":"Point","coordinates":[13.414584,38.090806]},"properties":{"id":"651","nome":"Dei Mille Scuola Natoli","linee":["226"],"accessibile":"","lon":13.414584,"lat":38.090806}},{"type":"Feature","geometry":{"type":"Point","coordinates":[13.414431,38.090933]},"properties":{"id":"652","nome":"Dei Mille Scuola Natoli","linee":["226","N7"],"accessibile":"","lon":13.414431,"lat":38.090933}},{"type":"Feature","geometry":{"type":"Point","coordinates":[13.372575,38.10724]},"properties":{"id":"655","nome":"Dei Mille Tiro A Segno","linee":["230","237","243","N6","N7"],"accessibile":"","lon":13.372575,"lat":38.10724}},{"type":"Feature","geometry":{"type":"Point","coordinates":[13.39265,38.098498]},"properties":{"id":"656","nome":"Dei Mille Torrelunga","linee":["226","N7"],"accessibile":"","lon":13.39265,"lat":38.098498}},{"type":"Feature","geometry":{"type":"Point","coordinates":[13.390325,38.099164]},"properties":{"id":"657","nome":"Dei Mille Salemi","linee":["226","N7"],"accessibile":"","lon":13.390325,"lat":38.099164}},{"type":"Feature","geometry":{"type":"Point","coordinates":[13.418558,38.08944]},"properties":{"id":"658","nome":"Dei Mille Vaccaro","linee":["226"],"accessibile":"","lon":13.418558,"lat":38.08944}},{"type":"Feature","geometry":{"type":"Point","coordinates":[13.418479,38.089614]},"properties":{"id":"659","nome":"Dei Mille Vaccaro","linee":["226","N7"],"accessibile":"","lon":13.418479,"lat":38.089614}},{"type":"Feature","geometry":{"type":"Point","coordinates":[13.328387,38.072208]},"properties":{"id":"66","nome":"Altofonte Montagna","linee":["230"],"accessibile":"","lon":13.328387,"lat":38.072208}},{"type":"Feature","geometry":{"type":"Point","coordinates":[13.392929,38.098341]},"properties":{"id":"660","nome":"Dei Mille Vassallo","linee":["226"],"accessibile":"","lon":13.392929,"lat":38.098341}},{"type":"Feature","geometry":{"type":"Point","coordinates":[13.403573,38.094617]},"properties":{"id":"661","nome":"Dei Mille Xxvii Maggio","linee":["226"],"accessibile":"","lon":13.403573,"lat":38.094617}},{"type":"Feature","geometry":{"type":"Point","coordinates":[13.403909,38.094521]},"properties":{"id":"662","nome":"Dei Mille Xxvii Maggio","linee":["226","N7"],"accessibile":"","lon":13.403909,"lat":38.094521}},{"type":"Feature","geometry":{"type":"Point","coordinates":[13.42109,38.08788]},"properties":{"id":"663","nome":"Dei Mille 1","linee":["226"],"accessibile":"","lon":13.42109,"lat":38.08788}},{"type":"Feature","geometry":{"type":"Point","coordinates":[13.425001,38.084595]},"properties":{"id":"664","nome":"Dei Mille 2","linee":["226"],"accessibile":"","lon":13.425001,"lat":38.084595}},{"type":"Feature","geometry":{"type":"Point","coordinates":[13.421272,38.087864]},"properties":{"id":"665","nome":"Dei Mille 3","linee":["226","N7"],"accessibile":"","lon":13.421272,"lat":38.087864}},{"type":"Feature","geometry":{"type":"Point","coordinates":[13.328323,38.072266]},"properties":{"id":"67","nome":"Altofonte Montagna","linee":["230"],"accessibile":"","lon":13.328323,"lat":38.072266}},{"type":"Feature","geometry":{"type":"Point","coordinates":[13.324727,38.064795]},"properties":{"id":"68","nome":"Altofonte Musso","linee":["230"],"accessibile":"","lon":13.324727,"lat":38.064795}},{"type":"Feature","geometry":{"type":"Point","coordinates":[13.337925,38.156603]},"properties":{"id":"682","nome":"Del Fante Case Rocca","linee":["616","N1"],"accessibile":"","lon":13.337925,"lat":38.156603}},{"type":"Feature","geometry":{"type":"Point","coordinates":[13.34039,38.152962]},"properties":{"id":"683","nome":"Del Fante Cassara'","linee":["107","616","645"],"accessibile":"No","lon":13.34039,"lat":38.152962}},{"type":"Feature","geometry":{"type":"Point","coordinates":[13.335622,38.159237]},"properties":{"id":"684","nome":"Del Fante Castelnuovo","linee":["616","645"],"accessibile":"","lon":13.335622,"lat":38.159237}},{"type":"Feature","geometry":{"type":"Point","coordinates":[13.311346,38.054253]},"properties":{"id":"685","nome":"Del Fante Degli Alpini","linee":["230"],"accessibile":"","lon":13.311346,"lat":38.054253}},{"type":"Feature","geometry":{"type":"Point","coordinates":[13.311302,38.054298]},"properties":{"id":"686","nome":"Del Fante Degli Alpini","linee":["230"],"accessibile":"","lon":13.311302,"lat":38.054298}},{"type":"Feature","geometry":{"type":"Point","coordinates":[13.31223,38.055419]},"properties":{"id":"688","nome":"Del Fante Dei Corazzieri","linee":["230"],"accessibile":"","lon":13.31223,"lat":38.055419}},{"type":"Feature","geometry":{"type":"Point","coordinates":[13.309629,38.052068]},"properties":{"id":"689","nome":"Del Fante Del Bersagliere","linee":["230"],"accessibile":"","lon":13.309629,"lat":38.052068}},{"type":"Feature","geometry":{"type":"Point","coordinates":[13.324717,38.064677]},"properties":{"id":"69","nome":"Altofonte Musso","linee":["230"],"accessibile":"","lon":13.324717,"lat":38.064677}},{"type":"Feature","geometry":{"type":"Point","coordinates":[13.30952,38.052081]},"properties":{"id":"690","nome":"Del Fante Del Bersagliere","linee":["230"],"accessibile":"","lon":13.30952,"lat":38.052081}},{"type":"Feature","geometry":{"type":"Point","coordinates":[13.308855,38.050779]},"properties":{"id":"691","nome":"Del Fante Piano Maglio","linee":["230"],"accessibile":"","lon":13.308855,"lat":38.050779}},{"type":"Feature","geometry":{"type":"Point","coordinates":[13.333711,38.161924]},"properties":{"id":"692","nome":"Del Fante Piazza Niscemi","linee":["616","645"],"accessibile":"","lon":13.333711,"lat":38.161924}},{"type":"Feature","geometry":{"type":"Point","coordinates":[13.339057,38.15503]},"properties":{"id":"693","nome":"Del Fante Piazzetta Salerno","linee":["616","N1"],"accessibile":"","lon":13.339057,"lat":38.15503}},{"type":"Feature","geometry":{"type":"Point","coordinates":[13.338639,38.155455]},"properties":{"id":"694","nome":"Del Fante Piazzetta Salerno","linee":["616","645"],"accessibile":"","lon":13.338639,"lat":38.155455}},{"type":"Feature","geometry":{"type":"Point","coordinates":[13.339525,38.154244]},"properties":{"id":"695","nome":"Del Fante Stadio Delle Palme","linee":["619","625","628","675","812"],"accessibile":"","lon":13.339525,"lat":38.154244}},{"type":"Feature","geometry":{"type":"Point","coordinates":[13.335314,38.15986]},"properties":{"id":"696","nome":"Del Fante Teatro Della Verdura","linee":["616","N1"],"accessibile":"","lon":13.335314,"lat":38.15986}},{"type":"Feature","geometry":{"type":"Point","coordinates":[13.334786,38.160461]},"properties":{"id":"697","nome":"Del Fante Teatro Della Verdura","linee":["616","645"],"accessibile":"","lon":13.334786,"lat":38.160461}},{"type":"Feature","geometry":{"type":"Point","coordinates":[13.334287,38.1613]},"properties":{"id":"698","nome":"Del Fante Villa Rosato","linee":["616","N1"],"accessibile":"","lon":13.334287,"lat":38.1613}},{"type":"Feature","geometry":{"type":"Point","coordinates":[13.300094,38.170081]},"properties":{"id":"7","nome":"Acc A29 Monte Rosa","linee":["516"],"accessibile":"","lon":13.300094,"lat":38.170081}},{"type":"Feature","geometry":{"type":"Point","coordinates":[13.328218,38.086905]},"properties":{"id":"70","nome":"Altofonte Olio Di Lino","linee":["364","380"],"accessibile":"","lon":13.328218,"lat":38.086905}},{"type":"Feature","geometry":{"type":"Point","coordinates":[13.362608,38.103683]},"properties":{"id":"700","nome":"Del Vespro Delle Cliniche","linee":["246","OSPED"],"accessibile":"","lon":13.362608,"lat":38.103683}},{"type":"Feature","geometry":{"type":"Point","coordinates":[13.332358,38.144554]},"properties":{"id":"701","nome":"Delle Alpi Nebrodi","linee":["544"],"accessibile":"","lon":13.332358,"lat":38.144554}},{"type":"Feature","geometry":{"type":"Point","coordinates":[13.336087,38.195609]},"properties":{"id":"702","nome":"Delle Palme Principessa Giovanna","linee":["86","603"],"accessibile":"","lon":13.336087,"lat":38.195609}},{"type":"Feature","geometry":{"type":"Point","coordinates":[13.333777,38.195402]},"properties":{"id":"703","nome":"Delle Palme Principessa Iolanda","linee":["86","603","N1"],"accessibile":"","lon":13.333777,"lat":38.195402}},{"type":"Feature","geometry":{"type":"Point","coordinates":[13.333553,38.195499]},"properties":{"id":"704","nome":"Delle Palme Principessa Iolanda","linee":["86","603"],"accessibile":"","lon":13.333553,"lat":38.195499}},{"type":"Feature","geometry":{"type":"Point","coordinates":[13.336885,38.195626]},"properties":{"id":"705","nome":"Delle Palme Principessa Maria","linee":["86","603","N1"],"accessibile":"","lon":13.336885,"lat":38.195626}},{"type":"Feature","geometry":{"type":"Point","coordinates":[13.313555,38.12587]},"properties":{"id":"706","nome":"Di Blasi Passo Di Rigano","linee":["307","422","462","534"],"accessibile":"No","lon":13.313555,"lat":38.12587}},{"type":"Feature","geometry":{"type":"Point","coordinates":[13.313847,38.125833]},"properties":{"id":"707","nome":"Passo Di Rigano Adua","linee":["422","462","534","N3"],"accessibile":"","lon":13.313847,"lat":38.125833}},{"type":"Feature","geometry":{"type":"Point","coordinates":[13.32247,38.123073]},"properties":{"id":"708","nome":"Di Blasi Rindone","linee":["422","462","534"],"accessibile":"","lon":13.32247,"lat":38.123073}},{"type":"Feature","geometry":{"type":"Point","coordinates":[13.316114,38.124936]},"properties":{"id":"709","nome":"Di Blasi - Salernitano","linee":["307","422","462","534"],"accessibile":"","lon":13.316114,"lat":38.124936}},{"type":"Feature","geometry":{"type":"Point","coordinates":[13.328248,38.086837]},"properties":{"id":"71","nome":"Altofonte Olio Di Lino","linee":["364"],"accessibile":"","lon":13.328248,"lat":38.086837}},{"type":"Feature","geometry":{"type":"Point","coordinates":[13.319956,38.123466]},"properties":{"id":"711","nome":"Di Blasi Savonarola","linee":["422","462","534"],"accessibile":"","lon":13.319956,"lat":38.123466}},{"type":"Feature","geometry":{"type":"Point","coordinates":[13.320118,38.123372]},"properties":{"id":"712","nome":"Di Blasi Savonarola","linee":["422","462","534"],"accessibile":"","lon":13.320118,"lat":38.123372}},{"type":"Feature","geometry":{"type":"Point","coordinates":[13.324163,38.122925]},"properties":{"id":"713","nome":"Di Blasi Scuola Corradini","linee":["422","462","534"],"accessibile":"","lon":13.324163,"lat":38.122925}},{"type":"Feature","geometry":{"type":"Point","coordinates":[13.326736,38.12274]},"properties":{"id":"714","nome":"Di Blasi Telesino","linee":["422","462","534"],"accessibile":"","lon":13.326736,"lat":38.12274}},{"type":"Feature","geometry":{"type":"Point","coordinates":[13.348678,38.15317]},"properties":{"id":"717","nome":"Diana Campo Ostacoli","linee":["606","806"],"accessibile":"","lon":13.348678,"lat":38.15317}},{"type":"Feature","geometry":{"type":"Point","coordinates":[13.339194,38.167646]},"properties":{"id":"718","nome":"Diana Casa Natura","linee":["606","806"],"accessibile":"","lon":13.339194,"lat":38.167646}},{"type":"Feature","geometry":{"type":"Point","coordinates":[13.345385,38.156343]},"properties":{"id":"719","nome":"Diana Colonia Comunale","linee":["606","806"],"accessibile":"","lon":13.345385,"lat":38.156343}},{"type":"Feature","geometry":{"type":"Point","coordinates":[13.332536,38.091294]},"properties":{"id":"72","nome":"Altofonte Piazza Pagliarelli","linee":["364","380"],"accessibile":"","lon":13.332536,"lat":38.091294}},{"type":"Feature","geometry":{"type":"Point","coordinates":[13.338785,38.169973]},"properties":{"id":"720","nome":"Diana Niscemi","linee":["606","806"],"accessibile":"","lon":13.338785,"lat":38.169973}},{"type":"Feature","geometry":{"type":"Point","coordinates":[13.332491,38.09117]},"properties":{"id":"73","nome":"Altofonte Piazza Pagliarelli","linee":["364"],"accessibile":"","lon":13.332491,"lat":38.09117}},{"type":"Feature","geometry":{"type":"Point","coordinates":[13.317508,38.201435]},"properties":{"id":"730","nome":"Diomede Aiace","linee":["87"],"accessibile":"","lon":13.317508,"lat":38.201435}},{"type":"Feature","geometry":{"type":"Point","coordinates":[13.316862,38.20307]},"properties":{"id":"732","nome":"Diomede Mercurio","linee":["84"],"accessibile":"","lon":13.316862,"lat":38.20307}},{"type":"Feature","geometry":{"type":"Point","coordinates":[13.328285,38.169538]},"properties":{"id":"736","nome":"Duca Degli Abruzzi Ammiraglio Cagni","linee":["616","N1"],"accessibile":"","lon":13.328285,"lat":38.169538}},{"type":"Feature","geometry":{"type":"Point","coordinates":[13.328145,38.169639]},"properties":{"id":"737","nome":"Duca Degli Abruzzi Ammiraglio Cagni","linee":["616","645"],"accessibile":"","lon":13.328145,"lat":38.169639}},{"type":"Feature","geometry":{"type":"Point","coordinates":[13.329038,38.167823]},"properties":{"id":"738","nome":"Duca Degli Abruzzi Citta' Dei Ragazzi","linee":["616","645"],"accessibile":"","lon":13.329038,"lat":38.167823}},{"type":"Feature","geometry":{"type":"Point","coordinates":[13.330154,38.166449]},"properties":{"id":"739","nome":"Duca Degli Abruzzi Palazzina Cinese","linee":["616","N1"],"accessibile":"","lon":13.330154,"lat":38.166449}},{"type":"Feature","geometry":{"type":"Point","coordinates":[13.335556,38.094349]},"properties":{"id":"74","nome":"Altofonte Regione Siciliana","linee":["364","380"],"accessibile":"","lon":13.335556,"lat":38.094349}},{"type":"Feature","geometry":{"type":"Point","coordinates":[13.330583,38.165708]},"properties":{"id":"740","nome":"Duca Degli Abruzzi Palazzina Cinese","linee":["616","645"],"accessibile":"","lon":13.330583,"lat":38.165708}},{"type":"Feature","geometry":{"type":"Point","coordinates":[13.327595,38.171353]},"properties":{"id":"741","nome":"Duca Degli Abruzzi Pallavicino","linee":["544","616","704","N1"],"accessibile":"","lon":13.327595,"lat":38.171353}},{"type":"Feature","geometry":{"type":"Point","coordinates":[13.327398,38.171702]},"properties":{"id":"742","nome":"Duca Degli Abruzzi Pallavicino","linee":["544","616","645","704"],"accessibile":"","lon":13.327398,"lat":38.171702}},{"type":"Feature","geometry":{"type":"Point","coordinates":[13.355469,38.135154]},"properties":{"id":"743","nome":"Duca Della Verdura Giachery","linee":["731","812"],"accessibile":"","lon":13.355469,"lat":38.135154}},{"type":"Feature","geometry":{"type":"Point","coordinates":[13.351633,38.134208]},"properties":{"id":"744","nome":"Duca Della Verdura Liberta'","linee":["102","104","106","704","731","812","N2"],"accessibile":"","lon":13.351633,"lat":38.134208}},{"type":"Feature","geometry":{"type":"Point","coordinates":[13.354709,38.13503]},"properties":{"id":"745","nome":"Duca Della Verdura Toselli","linee":["731","812"],"accessibile":"","lon":13.354709,"lat":38.13503}},{"type":"Feature","geometry":{"type":"Point","coordinates":[13.353932,38.134771]},"properties":{"id":"746","nome":"Duca Della Verdura Toselli","linee":["731","812"],"accessibile":"","lon":13.353932,"lat":38.134771}},{"type":"Feature","geometry":{"type":"Point","coordinates":[13.336023,38.095117]},"properties":{"id":"75","nome":"Altofonte Regione Siciliana","linee":["364"],"accessibile":"","lon":13.336023,"lat":38.095117}},{"type":"Feature","geometry":{"type":"Point","coordinates":[13.345208,38.087569]},"properties":{"id":"752","nome":"Emily Balch Villagrazia","linee":["230"],"accessibile":"","lon":13.345208,"lat":38.087569}},{"type":"Feature","geometry":{"type":"Point","coordinates":[13.345825,38.087852]},"properties":{"id":"753","nome":"Emily Balch Villagrazia","linee":["230"],"accessibile":"","lon":13.345825,"lat":38.087852}},{"type":"Feature","geometry":{"type":"Point","coordinates":[13.348727,38.088947]},"properties":{"id":"754","nome":"Emily Balch 1","linee":["230"],"accessibile":"","lon":13.348727,"lat":38.088947}},{"type":"Feature","geometry":{"type":"Point","coordinates":[13.351068,38.088815]},"properties":{"id":"756","nome":"Emily Balch 3","linee":["230"],"accessibile":"","lon":13.351068,"lat":38.088815}},{"type":"Feature","geometry":{"type":"Point","coordinates":[13.33074,38.090054]},"properties":{"id":"76","nome":"Altofonte Sambucia","linee":["364","380"],"accessibile":"","lon":13.33074,"lat":38.090054}},{"type":"Feature","geometry":{"type":"Point","coordinates":[13.35651,38.084918]},"properties":{"id":"760","nome":"Ermellino Antilope","linee":["241","N6"],"accessibile":"","lon":13.35651,"lat":38.084918}},{"type":"Feature","geometry":{"type":"Point","coordinates":[13.357089,38.085043]},"properties":{"id":"761","nome":"Ermellino Camoscio","linee":["100","241","243"],"accessibile":"","lon":13.357089,"lat":38.085043}},{"type":"Feature","geometry":{"type":"Point","coordinates":[13.365341,38.087185]},"properties":{"id":"763","nome":"Ermellino Levriere","linee":["100","209","210","243"],"accessibile":"","lon":13.365341,"lat":38.087185}},{"type":"Feature","geometry":{"type":"Point","coordinates":[13.358588,38.085662]},"properties":{"id":"764","nome":"Ermellino Lontra","linee":["241","N6"],"accessibile":"","lon":13.358588,"lat":38.085662}},{"type":"Feature","geometry":{"type":"Point","coordinates":[13.358854,38.085707]},"properties":{"id":"765","nome":"Ermellino Lontra","linee":["100","241","243"],"accessibile":"","lon":13.358854,"lat":38.085707}},{"type":"Feature","geometry":{"type":"Point","coordinates":[13.362628,38.086701]},"properties":{"id":"767","nome":"Ermellino Papa Giovanni Xxiii","linee":["100","209","210","243"],"accessibile":"","lon":13.362628,"lat":38.086701}},{"type":"Feature","geometry":{"type":"Point","coordinates":[13.360814,38.086417]},"properties":{"id":"768","nome":"Ermellino Troina","linee":["241","N6"],"accessibile":"","lon":13.360814,"lat":38.086417}},{"type":"Feature","geometry":{"type":"Point","coordinates":[13.360918,38.086381]},"properties":{"id":"769","nome":"Ermellino Troina","linee":["100","241","243"],"accessibile":"","lon":13.360918,"lat":38.086381}},{"type":"Feature","geometry":{"type":"Point","coordinates":[13.329482,38.08825]},"properties":{"id":"77","nome":"Altofonte Sambucia","linee":["364"],"accessibile":"","lon":13.329482,"lat":38.08825}},{"type":"Feature","geometry":{"type":"Point","coordinates":[13.365713,38.108132]},"properties":{"id":"771","nome":"Errante Perez","linee":["109","234","N2","N4"],"accessibile":"","lon":13.365713,"lat":38.108132}},{"type":"Feature","geometry":{"type":"Point","coordinates":[13.297613,38.11849]},"properties":{"id":"779","nome":"Falconara Ai Villini A S Isidoro","linee":["462","534"],"accessibile":"","lon":13.297613,"lat":38.11849}},{"type":"Feature","geometry":{"type":"Point","coordinates":[13.333907,38.092462]},"properties":{"id":"78","nome":"Altofonte Villani","linee":["364","380"],"accessibile":"","lon":13.333907,"lat":38.092462}},{"type":"Feature","geometry":{"type":"Point","coordinates":[13.297525,38.118394]},"properties":{"id":"780","nome":"Falconara Ai Villini A S Isidoro","linee":["462","534"],"accessibile":"","lon":13.297525,"lat":38.118394}},{"type":"Feature","geometry":{"type":"Point","coordinates":[13.294069,38.117396]},"properties":{"id":"781","nome":"Falconara Andrea Da Burgio","linee":["462","534"],"accessibile":"","lon":13.294069,"lat":38.117396}},{"type":"Feature","geometry":{"type":"Point","coordinates":[13.294025,38.117323]},"properties":{"id":"782","nome":"Falconara Andrea Da Burgio","linee":["462","534"],"accessibile":"","lon":13.294025,"lat":38.117323}},{"type":"Feature","geometry":{"type":"Point","coordinates":[13.290877,38.115453]},"properties":{"id":"785","nome":"Falconara Francesco Da Picciano","linee":["462","534"],"accessibile":"","lon":13.290877,"lat":38.115453}},{"type":"Feature","geometry":{"type":"Point","coordinates":[13.290932,38.115533]},"properties":{"id":"786","nome":"Falconara Francesco Da Picciano","linee":["462","534"],"accessibile":"","lon":13.290932,"lat":38.115533}},{"type":"Feature","geometry":{"type":"Point","coordinates":[13.294621,38.11466]},"properties":{"id":"789","nome":"Falconara Piazza Baida","linee":["462","534"],"accessibile":"","lon":13.294621,"lat":38.11466}},{"type":"Feature","geometry":{"type":"Point","coordinates":[13.334441,38.092792]},"properties":{"id":"79","nome":"Altofonte Villani","linee":["364"],"accessibile":"","lon":13.334441,"lat":38.092792}},{"type":"Feature","geometry":{"type":"Point","coordinates":[13.294708,38.114697]},"properties":{"id":"790","nome":"Falconara Piazza Baida","linee":["462","534"],"accessibile":"","lon":13.294708,"lat":38.114697}},{"type":"Feature","geometry":{"type":"Point","coordinates":[13.305091,38.119985]},"properties":{"id":"791","nome":"Falconara Roccazzo","linee":["462","534"],"accessibile":"","lon":13.305091,"lat":38.119985}},{"type":"Feature","geometry":{"type":"Point","coordinates":[13.300335,38.119164]},"properties":{"id":"792","nome":"Falconara S Isidoro","linee":["462","534"],"accessibile":"","lon":13.300335,"lat":38.119164}},{"type":"Feature","geometry":{"type":"Point","coordinates":[13.300014,38.119005]},"properties":{"id":"793","nome":"Falconara S Isidoro","linee":["462"],"accessibile":"","lon":13.300014,"lat":38.119005}},{"type":"Feature","geometry":{"type":"Point","coordinates":[13.295812,38.117798]},"properties":{"id":"794","nome":"Falconara 1","linee":["462","534"],"accessibile":"","lon":13.295812,"lat":38.117798}},{"type":"Feature","geometry":{"type":"Point","coordinates":[13.295764,38.117696]},"properties":{"id":"795","nome":"Falconara 1","linee":["462","534"],"accessibile":"","lon":13.295764,"lat":38.117696}},{"type":"Feature","geometry":{"type":"Point","coordinates":[13.291208,38.117453]},"properties":{"id":"796","nome":"Falconara 2","linee":["462","534"],"accessibile":"","lon":13.291208,"lat":38.117453}},{"type":"Feature","geometry":{"type":"Point","coordinates":[13.289477,38.117719]},"properties":{"id":"797","nome":"Falconara 3","linee":["462","534"],"accessibile":"","lon":13.289477,"lat":38.117719}},{"type":"Feature","geometry":{"type":"Point","coordinates":[13.288719,38.116654]},"properties":{"id":"798","nome":"Falconara 4","linee":["462","534"],"accessibile":"","lon":13.288719,"lat":38.116654}},{"type":"Feature","geometry":{"type":"Point","coordinates":[13.301849,38.168172]},"properties":{"id":"8","nome":"Acc A29 Monte R.L 23","linee":["516"],"accessibile":"","lon":13.301849,"lat":38.168172}},{"type":"Feature","geometry":{"type":"Point","coordinates":[13.288819,38.116663]},"properties":{"id":"801","nome":"Falconara 4","linee":["462","534"],"accessibile":"","lon":13.288819,"lat":38.116663}},{"type":"Feature","geometry":{"type":"Point","coordinates":[13.28987,38.11749]},"properties":{"id":"802","nome":"Falconara 3","linee":["462","534"],"accessibile":"","lon":13.28987,"lat":38.11749}},{"type":"Feature","geometry":{"type":"Point","coordinates":[13.291198,38.117384]},"properties":{"id":"803","nome":"Falconara 2","linee":["462","534"],"accessibile":"","lon":13.291198,"lat":38.117384}},{"type":"Feature","geometry":{"type":"Point","coordinates":[13.369413,38.078355]},"properties":{"id":"805","nome":"Falsomiele Barresi","linee":["209"],"accessibile":"","lon":13.369413,"lat":38.078355}},{"type":"Feature","geometry":{"type":"Point","coordinates":[13.372834,38.080054]},"properties":{"id":"808","nome":"Falsomiele Pecoraro","linee":["209"],"accessibile":"","lon":13.372834,"lat":38.080054}},{"type":"Feature","geometry":{"type":"Point","coordinates":[13.349788,38.075647]},"properties":{"id":"812","nome":"Falsomiele 1","linee":["241"],"accessibile":"","lon":13.349788,"lat":38.075647}},{"type":"Feature","geometry":{"type":"Point","coordinates":[13.341059,38.152076]},"properties":{"id":"816","nome":"Fante C.T.O.","linee":["106","107"],"accessibile":"","lon":13.341059,"lat":38.152076}},{"type":"Feature","geometry":{"type":"Point","coordinates":[13.342258,38.150312]},"properties":{"id":"817","nome":"Fante Inail","linee":["101","106","107","603","N1","N3"],"accessibile":"","lon":13.342258,"lat":38.150312}},{"type":"Feature","geometry":{"type":"Point","coordinates":[13.341844,38.150821]},"properties":{"id":"818","nome":"Fante Inail","linee":["106","107"],"accessibile":"","lon":13.341844,"lat":38.150821}},{"type":"Feature","geometry":{"type":"Point","coordinates":[13.34298,38.148951]},"properties":{"id":"819","nome":"Fante Piscina Comunale","linee":["101","106","107","603","N1","N3"],"accessibile":"","lon":13.34298,"lat":38.148951}},{"type":"Feature","geometry":{"type":"Point","coordinates":[13.342931,38.148868]},"properties":{"id":"820","nome":"Fante Piscina Comunale","linee":["106","107"],"accessibile":"","lon":13.342931,"lat":38.148868}},{"type":"Feature","geometry":{"type":"Point","coordinates":[13.344828,38.118104]},"properties":{"id":"824","nome":"Finocchiaro Aprile Amato","linee":["110"],"accessibile":"","lon":13.344828,"lat":38.118104}},{"type":"Feature","geometry":{"type":"Point","coordinates":[13.347812,38.118555]},"properties":{"id":"825","nome":"Finocchiaro Aprile Re Federico","linee":["110","124","N5"],"accessibile":"","lon":13.347812,"lat":38.118555}},{"type":"Feature","geometry":{"type":"Point","coordinates":[13.350157,38.11883]},"properties":{"id":"826","nome":"Finocchiaro Aprile Tribunale","linee":["124","N5"],"accessibile":"","lon":13.350157,"lat":38.11883}},{"type":"Feature","geometry":{"type":"Point","coordinates":[13.295927,38.086034]},"properties":{"id":"827","nome":"Fontana Del Drago Cannolicchio","linee":["389"],"accessibile":"","lon":13.295927,"lat":38.086034}},{"type":"Feature","geometry":{"type":"Point","coordinates":[13.297588,38.087352]},"properties":{"id":"828","nome":"Fontana Del Drago 1","linee":["389"],"accessibile":"","lon":13.297588,"lat":38.087352}},{"type":"Feature","geometry":{"type":"Point","coordinates":[13.299908,38.089074]},"properties":{"id":"829","nome":"Fontana Del Drago 2","linee":["389"],"accessibile":"","lon":13.299908,"lat":38.089074}},{"type":"Feature","geometry":{"type":"Point","coordinates":[13.302443,38.091157]},"properties":{"id":"830","nome":"Fontana Del Drago 3","linee":["389"],"accessibile":"","lon":13.302443,"lat":38.091157}},{"type":"Feature","geometry":{"type":"Point","coordinates":[13.302507,38.091264]},"properties":{"id":"831","nome":"Fontana Del Drago 3","linee":["389"],"accessibile":"","lon":13.302507,"lat":38.091264}},{"type":"Feature","geometry":{"type":"Point","coordinates":[13.300248,38.089416]},"properties":{"id":"832","nome":"Fontana Del Drago 2","linee":["389"],"accessibile":"","lon":13.300248,"lat":38.089416}},{"type":"Feature","geometry":{"type":"Point","coordinates":[13.297032,38.086934]},"properties":{"id":"833","nome":"Fontana Del Drago 1","linee":["389"],"accessibile":"","lon":13.297032,"lat":38.086934}},{"type":"Feature","geometry":{"type":"Point","coordinates":[13.376003,38.115561]},"properties":{"id":"835","nome":"Foro Umberto I Lincoln","linee":["107","224","N5"],"accessibile":"","lon":13.376003,"lat":38.115561}},{"type":"Feature","geometry":{"type":"Point","coordinates":[13.377788,38.113432]},"properties":{"id":"836","nome":"Foro Umberto I Padre Messina","linee":["224"],"accessibile":"","lon":13.377788,"lat":38.113432}},{"type":"Feature","geometry":{"type":"Point","coordinates":[13.374057,38.116585]},"properties":{"id":"837","nome":"Foro Umberto I Piazza Kalsa","linee":["107","224","N5"],"accessibile":"","lon":13.374057,"lat":38.116585}},{"type":"Feature","geometry":{"type":"Point","coordinates":[13.372728,38.117861]},"properties":{"id":"838","nome":"Foro Umberto I Porta Felice","linee":["107","ARANC","N5"],"accessibile":"","lon":13.372728,"lat":38.117861}},{"type":"Feature","geometry":{"type":"Point","coordinates":[13.373077,38.117887]},"properties":{"id":"839","nome":"Foro Umberto I Porta Felice","linee":["107","N5"],"accessibile":"","lon":13.373077,"lat":38.117887}},{"type":"Feature","geometry":{"type":"Point","coordinates":[13.306408,38.19621]},"properties":{"id":"84","nome":"Amarilli Partanna Mondello","linee":["87","645"],"accessibile":"","lon":13.306408,"lat":38.19621}},{"type":"Feature","geometry":{"type":"Point","coordinates":[13.37728,38.113658]},"properties":{"id":"840","nome":"Foro Umberto I Villa Giulia","linee":["224","226","N7"],"accessibile":"","lon":13.37728,"lat":38.113658}},{"type":"Feature","geometry":{"type":"Point","coordinates":[13.322959,38.154676]},"properties":{"id":"841","nome":"Parcheggio Francia","linee":["704"],"accessibile":"","lon":13.322959,"lat":38.154676}},{"type":"Feature","geometry":{"type":"Point","coordinates":[13.323998,38.155434]},"properties":{"id":"842","nome":"Francia Nebrodi","linee":["704"],"accessibile":"","lon":13.323998,"lat":38.155434}},{"type":"Feature","geometry":{"type":"Point","coordinates":[13.322017,38.200122]},"properties":{"id":"844","nome":"Galatea Ciane","linee":["87","614","N2"],"accessibile":"","lon":13.322017,"lat":38.200122}},{"type":"Feature","geometry":{"type":"Point","coordinates":[13.321523,38.199952]},"properties":{"id":"845","nome":"Galatea Ciane","linee":["614","N2"],"accessibile":"","lon":13.321523,"lat":38.199952}},{"type":"Feature","geometry":{"type":"Point","coordinates":[13.323385,38.200924]},"properties":{"id":"846","nome":"Galatea Parcheggio","linee":["614","N2"],"accessibile":"","lon":13.323385,"lat":38.200924}},{"type":"Feature","geometry":{"type":"Point","coordinates":[13.323435,38.200864]},"properties":{"id":"847","nome":"Galatea Parcheggio","linee":["84","86","87","614","N2"],"accessibile":"","lon":13.323435,"lat":38.200864}},{"type":"Feature","geometry":{"type":"Point","coordinates":[13.319287,38.198779]},"properties":{"id":"848","nome":"Galatea Saline","linee":["614","N2"],"accessibile":"","lon":13.319287,"lat":38.198779}},{"type":"Feature","geometry":{"type":"Point","coordinates":[13.365766,38.144236]},"properties":{"id":"85","nome":"Ammiraglio Rizzo Calcedonio","linee":["603","721"],"accessibile":"","lon":13.365766,"lat":38.144236}},{"type":"Feature","geometry":{"type":"Point","coordinates":[13.334533,38.130635]},"properties":{"id":"850","nome":"Galilei Giotto","linee":["100","103","110","134","534","N3"],"accessibile":"","lon":13.334533,"lat":38.130635}},{"type":"Feature","geometry":{"type":"Point","coordinates":[13.334276,38.131412]},"properties":{"id":"851","nome":"Galilei Giotto","linee":["529","544"],"accessibile":"","lon":13.334276,"lat":38.131412}},{"type":"Feature","geometry":{"type":"Point","coordinates":[13.334928,38.130439]},"properties":{"id":"853","nome":"Galilei Leonardo Da Vinci","linee":["110"],"accessibile":"","lon":13.334928,"lat":38.130439}},{"type":"Feature","geometry":{"type":"Point","coordinates":[13.433053,38.08752]},"properties":{"id":"856","nome":"Galletti Bonadonna","linee":["224"],"accessibile":"","lon":13.433053,"lat":38.08752}},{"type":"Feature","geometry":{"type":"Point","coordinates":[13.428913,38.095792]},"properties":{"id":"857","nome":"Galletti Messina Marine","linee":["224","N7"],"accessibile":"","lon":13.428913,"lat":38.095792}},{"type":"Feature","geometry":{"type":"Point","coordinates":[13.428713,38.096115]},"properties":{"id":"858","nome":"Galletti Messina Marine","linee":["224"],"accessibile":"","lon":13.428713,"lat":38.096115}},{"type":"Feature","geometry":{"type":"Point","coordinates":[13.432847,38.087987]},"properties":{"id":"859","nome":"Galletti Tagliavia","linee":["224","N7"],"accessibile":"","lon":13.432847,"lat":38.087987}},{"type":"Feature","geometry":{"type":"Point","coordinates":[13.365662,38.144327]},"properties":{"id":"86","nome":"Ammiraglio Rizzo Calcedonio","linee":["603","N1"],"accessibile":"","lon":13.365662,"lat":38.144327}},{"type":"Feature","geometry":{"type":"Point","coordinates":[13.432815,38.088567]},"properties":{"id":"860","nome":"Galletti Tagliavia","linee":["224"],"accessibile":"","lon":13.432815,"lat":38.088567}},{"type":"Feature","geometry":{"type":"Point","coordinates":[13.431289,38.091982]},"properties":{"id":"861","nome":"Galletti Zita","linee":["224","N7"],"accessibile":"","lon":13.431289,"lat":38.091982}},{"type":"Feature","geometry":{"type":"Point","coordinates":[13.430818,38.09279]},"properties":{"id":"862","nome":"Galletti Zita","linee":["224"],"accessibile":"","lon":13.430818,"lat":38.09279}},{"type":"Feature","geometry":{"type":"Point","coordinates":[13.432045,38.091037]},"properties":{"id":"863","nome":"Galletti 1","linee":["224"],"accessibile":"","lon":13.432045,"lat":38.091037}},{"type":"Feature","geometry":{"type":"Point","coordinates":[13.429994,38.09445]},"properties":{"id":"864","nome":"Galletti 2","linee":["224"],"accessibile":"","lon":13.429994,"lat":38.09445}},{"type":"Feature","geometry":{"type":"Point","coordinates":[13.429952,38.094293]},"properties":{"id":"865","nome":"Galletti 2","linee":["224","N7"],"accessibile":"","lon":13.429952,"lat":38.094293}},{"type":"Feature","geometry":{"type":"Point","coordinates":[13.432036,38.090859]},"properties":{"id":"867","nome":"Galletti 1","linee":["224","N7"],"accessibile":"","lon":13.432036,"lat":38.090859}},{"type":"Feature","geometry":{"type":"Point","coordinates":[13.32736,38.208674]},"properties":{"id":"868","nome":"Gallo","linee":["84","86","87","544","606","806"],"accessibile":"","lon":13.32736,"lat":38.208674}},{"type":"Feature","geometry":{"type":"Point","coordinates":[13.357133,38.142729]},"properties":{"id":"869","nome":"Generale Cascino Fiera Del Mediterraneo","linee":["107","721","812"],"accessibile":"","lon":13.357133,"lat":38.142729}},{"type":"Feature","geometry":{"type":"Point","coordinates":[13.360732,38.143624]},"properties":{"id":"87","nome":"Ammiraglio Rizzo Don Orione","linee":["603","721"],"accessibile":"","lon":13.360732,"lat":38.143624}},{"type":"Feature","geometry":{"type":"Point","coordinates":[13.357945,38.135817]},"properties":{"id":"873","nome":"Giachery","linee":["107","721","731","812"],"accessibile":"","lon":13.357945,"lat":38.135817}},{"type":"Feature","geometry":{"type":"Point","coordinates":[13.386233,38.092225]},"properties":{"id":"874","nome":"Giafar Brasca","linee":["212"],"accessibile":"","lon":13.386233,"lat":38.092225}},{"type":"Feature","geometry":{"type":"Point","coordinates":[13.38588,38.091692]},"properties":{"id":"875","nome":"Giafar Brasca","linee":["212"],"accessibile":"","lon":13.38588,"lat":38.091692}},{"type":"Feature","geometry":{"type":"Point","coordinates":[13.36059,38.143656]},"properties":{"id":"88","nome":"Ammiraglio Rizzo Don Orione","linee":["603","N1"],"accessibile":"","lon":13.36059,"lat":38.143656}},{"type":"Feature","geometry":{"type":"Point","coordinates":[13.391171,38.098103]},"properties":{"id":"880","nome":"Giafar Torrelunga","linee":["226"],"accessibile":"","lon":13.391171,"lat":38.098103}},{"type":"Feature","geometry":{"type":"Point","coordinates":[13.332698,38.130839]},"properties":{"id":"886","nome":"Giotto Galilei","linee":["100","103","110","134","513","529","534","544","N3"],"accessibile":"","lon":13.332698,"lat":38.130839}},{"type":"Feature","geometry":{"type":"Point","coordinates":[13.331725,38.131076]},"properties":{"id":"887","nome":"Giotto Regione Siciliana","linee":["110","529","544"],"accessibile":"","lon":13.331725,"lat":38.131076}},{"type":"Feature","geometry":{"type":"Point","coordinates":[13.350636,38.120359]},"properties":{"id":"889","nome":"Goethe","linee":["103","104","108","118","124","134","N1"],"accessibile":"","lon":13.350636,"lat":38.120359}},{"type":"Feature","geometry":{"type":"Point","coordinates":[13.367499,38.097291]},"properties":{"id":"891","nome":"Greca","linee":["241"],"accessibile":"","lon":13.367499,"lat":38.097291}},{"type":"Feature","geometry":{"type":"Point","coordinates":[13.350821,38.188397]},"properties":{"id":"892","nome":"Gualtiero Da Caltagirone","linee":["86"],"accessibile":"","lon":13.350821,"lat":38.188397}},{"type":"Feature","geometry":{"type":"Point","coordinates":[13.317362,38.17902]},"properties":{"id":"893","nome":"Guerra","linee":["619"],"accessibile":"","lon":13.317362,"lat":38.17902}},{"type":"Feature","geometry":{"type":"Point","coordinates":[13.343502,38.115925]},"properties":{"id":"894","nome":"Guerrazzi","linee":["124"],"accessibile":"","lon":13.343502,"lat":38.115925}},{"type":"Feature","geometry":{"type":"Point","coordinates":[13.360936,38.082694]},"properties":{"id":"895","nome":"Guido Rossa","linee":["209"],"accessibile":"","lon":13.360936,"lat":38.082694}},{"type":"Feature","geometry":{"type":"Point","coordinates":[13.332138,38.124652]},"properties":{"id":"897","nome":"Holm Gualtiero","linee":["442"],"accessibile":"","lon":13.332138,"lat":38.124652}},{"type":"Feature","geometry":{"type":"Point","coordinates":[13.330787,38.128247]},"properties":{"id":"899","nome":"Holm Leonardo Da Vinci","linee":["442"],"accessibile":"","lon":13.330787,"lat":38.128247}},{"type":"Feature","geometry":{"type":"Point","coordinates":[13.298222,38.172148]},"properties":{"id":"9","nome":"Acc A29 Monte Schelley","linee":["516"],"accessibile":"","lon":13.298222,"lat":38.172148}},{"type":"Feature","geometry":{"type":"Point","coordinates":[13.331419,38.12673]},"properties":{"id":"900","nome":"Holm Scobar","linee":["442"],"accessibile":"","lon":13.331419,"lat":38.12673}},{"type":"Feature","geometry":{"type":"Point","coordinates":[13.410764,38.093733]},"properties":{"id":"9001","nome":"Laudicina","linee":["TRAM1"],"accessibile":"","lon":13.410764,"lat":38.093733}},{"type":"Feature","geometry":{"type":"Point","coordinates":[13.410497,38.093428]},"properties":{"id":"9002","nome":"Laudicina","linee":["TRAM1"],"accessibile":"","lon":13.410497,"lat":38.093428}},{"type":"Feature","geometry":{"type":"Point","coordinates":[13.328553,38.120845]},"properties":{"id":"9003","nome":"Perpignano Ovest","linee":["TRAM4"],"accessibile":"","lon":13.328553,"lat":38.120845}},{"type":"Feature","geometry":{"type":"Point","coordinates":[13.329,38.12395]},"properties":{"id":"9004","nome":"Di Giorgio Di Blasi","linee":["TRAM4"],"accessibile":"","lon":13.329,"lat":38.12395}},{"type":"Feature","geometry":{"type":"Point","coordinates":[13.329385,38.12746]},"properties":{"id":"9005","nome":"Einstein","linee":["TRAM4"],"accessibile":"","lon":13.329385,"lat":38.12746}},{"type":"Feature","geometry":{"type":"Point","coordinates":[13.329766,38.127021]},"properties":{"id":"9006","nome":"Scobar","linee":["TRAM4"],"accessibile":"","lon":13.329766,"lat":38.127021}},{"type":"Feature","geometry":{"type":"Point","coordinates":[13.329324,38.123099]},"properties":{"id":"9007","nome":"Settembrini Di Blasi","linee":["TRAM4"],"accessibile":"","lon":13.329324,"lat":38.123099}},{"type":"Feature","geometry":{"type":"Point","coordinates":[13.32965,38.113701]},"properties":{"id":"9008","nome":"Portello Zisa","linee":["TRAM4"],"accessibile":"","lon":13.32965,"lat":38.113701}},{"type":"Feature","geometry":{"type":"Point","coordinates":[13.330022,38.110857]},"properties":{"id":"9009","nome":"Pitre' Est","linee":["TRAM4"],"accessibile":"","lon":13.330022,"lat":38.110857}},{"type":"Feature","geometry":{"type":"Point","coordinates":[13.31182,38.196294]},"properties":{"id":"901","nome":"Iandolino","linee":["87","614","645","N2"],"accessibile":"","lon":13.31182,"lat":38.196294}},{"type":"Feature","geometry":{"type":"Point","coordinates":[13.317897,38.126882]},"properties":{"id":"9010","nome":"Ruggeri","linee":["TRAM2","TRAM3"],"accessibile":"","lon":13.317897,"lat":38.126882}},{"type":"Feature","geometry":{"type":"Point","coordinates":[13.376698,38.104611]},"properties":{"id":"9011","nome":"Ponte Ammiraglio","linee":["TRAM1"],"accessibile":"","lon":13.376698,"lat":38.104611}},{"type":"Feature","geometry":{"type":"Point","coordinates":[13.380674,38.102135]},"properties":{"id":"9012","nome":"San Giovanni Dei Lebbrosi","linee":["TRAM1"],"accessibile":"","lon":13.380674,"lat":38.102135}},{"type":"Feature","geometry":{"type":"Point","coordinates":[13.386204,38.10335]},"properties":{"id":"9013","nome":"Amedeo D'Aosta","linee":["TRAM1"],"accessibile":"","lon":13.386204,"lat":38.10335}},{"type":"Feature","geometry":{"type":"Point","coordinates":[13.386864,38.103346]},"properties":{"id":"9014","nome":"Amedeo D'Aosta","linee":["TRAM1"],"accessibile":"","lon":13.386864,"lat":38.103346}},{"type":"Feature","geometry":{"type":"Point","coordinates":[13.400358,38.096942]},"properties":{"id":"9015","nome":"San Sergio","linee":["TRAM1"],"accessibile":"","lon":13.400358,"lat":38.096942}},{"type":"Feature","geometry":{"type":"Point","coordinates":[13.399628,38.097232]},"properties":{"id":"9016","nome":"San Sergio","linee":["TRAM1"],"accessibile":"","lon":13.399628,"lat":38.097232}},{"type":"Feature","geometry":{"type":"Point","coordinates":[13.391992,38.100801]},"properties":{"id":"9017","nome":"Bione","linee":["TRAM1"],"accessibile":"","lon":13.391992,"lat":38.100801}},{"type":"Feature","geometry":{"type":"Point","coordinates":[13.391235,38.101213]},"properties":{"id":"9018","nome":"Bione","linee":["TRAM1"],"accessibile":"","lon":13.391235,"lat":38.101213}},{"type":"Feature","geometry":{"type":"Point","coordinates":[13.409274,38.095242]},"properties":{"id":"9019","nome":"Di Vittorio","linee":["TRAM1"],"accessibile":"","lon":13.409274,"lat":38.095242}},{"type":"Feature","geometry":{"type":"Point","coordinates":[13.314213,38.197218]},"properties":{"id":"902","nome":"Iandolino Catalano","linee":["614","N2"],"accessibile":"","lon":13.314213,"lat":38.197218}},{"type":"Feature","geometry":{"type":"Point","coordinates":[13.408774,38.095451]},"properties":{"id":"9020","nome":"Di Vittorio","linee":["TRAM1"],"accessibile":"","lon":13.408774,"lat":38.095451}},{"type":"Feature","geometry":{"type":"Point","coordinates":[13.408822,38.088872]},"properties":{"id":"9021","nome":"Roccella","linee":["TRAM1"],"accessibile":"","lon":13.408822,"lat":38.088872}},{"type":"Feature","geometry":{"type":"Point","coordinates":[13.408753,38.088893]},"properties":{"id":"9022","nome":"Roccella","linee":["TRAM1"],"accessibile":"","lon":13.408753,"lat":38.088893}},{"type":"Feature","geometry":{"type":"Point","coordinates":[13.370811,38.108598]},"properties":{"id":"9023","nome":"Ingrassia","linee":["TRAM1"],"accessibile":"","lon":13.370811,"lat":38.108598}},{"type":"Feature","geometry":{"type":"Point","coordinates":[13.370368,38.109151]},"properties":{"id":"9024","nome":"Ingrassia","linee":["TRAM1"],"accessibile":"","lon":13.370368,"lat":38.109151}},{"type":"Feature","geometry":{"type":"Point","coordinates":[13.383282,38.100814]},"properties":{"id":"9025","nome":"Missori","linee":["TRAM1"],"accessibile":"","lon":13.383282,"lat":38.100814}},{"type":"Feature","geometry":{"type":"Point","coordinates":[13.384069,38.100938]},"properties":{"id":"9026","nome":"Missori","linee":["TRAM1"],"accessibile":"","lon":13.384069,"lat":38.100938}},{"type":"Feature","geometry":{"type":"Point","coordinates":[13.376245,38.10493]},"properties":{"id":"9027","nome":"Ponte Ammiraglio","linee":["TRAM1"],"accessibile":"","lon":13.376245,"lat":38.10493}},{"type":"Feature","geometry":{"type":"Point","coordinates":[13.406688,38.096138]},"properties":{"id":"9028","nome":"Reber","linee":["TRAM1"],"accessibile":"","lon":13.406688,"lat":38.096138}},{"type":"Feature","geometry":{"type":"Point","coordinates":[13.406184,38.096348]},"properties":{"id":"9029","nome":"Reber","linee":["TRAM1"],"accessibile":"","lon":13.406184,"lat":38.096348}},{"type":"Feature","geometry":{"type":"Point","coordinates":[13.311602,38.196312]},"properties":{"id":"903","nome":"Iandolino Partanna Mondello","linee":["614","N2"],"accessibile":"","lon":13.311602,"lat":38.196312}},{"type":"Feature","geometry":{"type":"Point","coordinates":[13.38006,38.102507]},"properties":{"id":"9030","nome":"San Giovanni Dei Lebbrosi","linee":["TRAM1"],"accessibile":"","lon":13.38006,"lat":38.102507}},{"type":"Feature","geometry":{"type":"Point","coordinates":[13.395941,38.098844]},"properties":{"id":"9031","nome":"Sperone","linee":["TRAM1"],"accessibile":"","lon":13.395941,"lat":38.098844}},{"type":"Feature","geometry":{"type":"Point","coordinates":[13.394567,38.099585]},"properties":{"id":"9032","nome":"Sperone","linee":["TRAM1"],"accessibile":"","lon":13.394567,"lat":38.099585}},{"type":"Feature","geometry":{"type":"Point","coordinates":[13.368018,38.110163]},"properties":{"id":"9033","nome":"Stazione Centrale","linee":["TRAM1"],"accessibile":"","lon":13.368018,"lat":38.110163}},{"type":"Feature","geometry":{"type":"Point","coordinates":[13.368057,38.110094]},"properties":{"id":"9034","nome":"Stazione Centrale","linee":["TRAM1"],"accessibile":"","lon":13.368057,"lat":38.110094}},{"type":"Feature","geometry":{"type":"Point","coordinates":[13.372958,38.10694]},"properties":{"id":"9035","nome":"Tiro A Segno","linee":["TRAM1"],"accessibile":"","lon":13.372958,"lat":38.10694}},{"type":"Feature","geometry":{"type":"Point","coordinates":[13.372967,38.106975]},"properties":{"id":"9036","nome":"Tiro A Segno","linee":["TRAM1"],"accessibile":"","lon":13.372967,"lat":38.106975}},{"type":"Feature","geometry":{"type":"Point","coordinates":[13.403337,38.095903]},"properties":{"id":"9037","nome":"Xxvii Maggio","linee":["TRAM1"],"accessibile":"","lon":13.403337,"lat":38.095903}},{"type":"Feature","geometry":{"type":"Point","coordinates":[13.402842,38.096111]},"properties":{"id":"9038","nome":"Xxvii Maggio","linee":["TRAM1"],"accessibile":"","lon":13.402842,"lat":38.096111}},{"type":"Feature","geometry":{"type":"Point","coordinates":[13.299038,38.126485]},"properties":{"id":"9039","nome":"Modica","linee":["TRAM2"],"accessibile":"","lon":13.299038,"lat":38.126485}},{"type":"Feature","geometry":{"type":"Point","coordinates":[13.35266,38.146974]},"properties":{"id":"904","nome":"Imperatore Federico Fiera","linee":["107","603"],"accessibile":"","lon":13.35266,"lat":38.146974}},{"type":"Feature","geometry":{"type":"Point","coordinates":[13.298944,38.128766]},"properties":{"id":"9040","nome":"Piazza Santa Cristina","linee":["TRAM2"],"accessibile":"","lon":13.298944,"lat":38.128766}},{"type":"Feature","geometry":{"type":"Point","coordinates":[13.329516,38.10416]},"properties":{"id":"9041","nome":"Pollaci Calatafimi","linee":["TRAM4"],"accessibile":"","lon":13.329516,"lat":38.10416}},{"type":"Feature","geometry":{"type":"Point","coordinates":[13.324039,38.127292]},"properties":{"id":"9042","nome":"Beato Angelico","linee":["TRAM2","TRAM3"],"accessibile":"","lon":13.324039,"lat":38.127292}},{"type":"Feature","geometry":{"type":"Point","coordinates":[13.324548,38.127385]},"properties":{"id":"9043","nome":"Beato Angelico","linee":["TRAM2","TRAM3"],"accessibile":"","lon":13.324548,"lat":38.127385}},{"type":"Feature","geometry":{"type":"Point","coordinates":[13.334519,38.129871]},"properties":{"id":"9044","nome":"Galilei Pacinotti","linee":["TRAM2","TRAM3","TRAM4"],"accessibile":"","lon":13.334519,"lat":38.129871}},{"type":"Feature","geometry":{"type":"Point","coordinates":[13.342185,38.132707]},"properties":{"id":"9045","nome":"Notarbartolo","linee":["TRAM2","TRAM3","TRAM4"],"accessibile":"","lon":13.342185,"lat":38.132707}},{"type":"Feature","geometry":{"type":"Point","coordinates":[13.342212,38.132725]},"properties":{"id":"9046","nome":"Notarbartolo","linee":["TRAM2","TRAM3","TRAM4"],"accessibile":"","lon":13.342212,"lat":38.132725}},{"type":"Feature","geometry":{"type":"Point","coordinates":[13.326969,38.128025]},"properties":{"id":"9047","nome":"Parco Uditore","linee":["TRAM2","TRAM3"],"accessibile":"","lon":13.326969,"lat":38.128025}},{"type":"Feature","geometry":{"type":"Point","coordinates":[13.32787,38.128217]},"properties":{"id":"9048","nome":"Parco Uditore","linee":["TRAM2","TRAM3"],"accessibile":"","lon":13.32787,"lat":38.128217}},{"type":"Feature","geometry":{"type":"Point","coordinates":[13.338927,38.130991]},"properties":{"id":"9049","nome":"Respighi Piazza Ziino","linee":["TRAM2","TRAM3","TRAM4"],"accessibile":"","lon":13.338927,"lat":38.130991}},{"type":"Feature","geometry":{"type":"Point","coordinates":[13.352937,38.14709]},"properties":{"id":"905","nome":"Imperatore Federico Fiera","linee":["107","603","N1"],"accessibile":"","lon":13.352937,"lat":38.14709}},{"type":"Feature","geometry":{"type":"Point","coordinates":[13.339127,38.131069]},"properties":{"id":"9050","nome":"Respighi Piazza Ziino","linee":["TRAM2","TRAM3","TRAM4"],"accessibile":"","lon":13.339127,"lat":38.131069}},{"type":"Feature","geometry":{"type":"Point","coordinates":[13.318677,38.12687]},"properties":{"id":"9051","nome":"Ruggeri","linee":["TRAM2","TRAM3"],"accessibile":"","lon":13.318677,"lat":38.12687}},{"type":"Feature","geometry":{"type":"Point","coordinates":[13.30954,38.134405]},"properties":{"id":"9052","nome":"Cep","linee":["TRAM3"],"accessibile":"","lon":13.30954,"lat":38.134405}},{"type":"Feature","geometry":{"type":"Point","coordinates":[13.309577,38.134419]},"properties":{"id":"9053","nome":"Cep","linee":["TRAM3"],"accessibile":"","lon":13.309577,"lat":38.134419}},{"type":"Feature","geometry":{"type":"Point","coordinates":[13.310211,38.12664]},"properties":{"id":"9054","nome":"Campo Ribolla","linee":["TRAM2","TRAM3"],"accessibile":"","lon":13.310211,"lat":38.12664}},{"type":"Feature","geometry":{"type":"Point","coordinates":[13.309693,38.126658]},"properties":{"id":"9055","nome":"Campo Ribolla","linee":["TRAM2","TRAM3"],"accessibile":"","lon":13.309693,"lat":38.126658}},{"type":"Feature","geometry":{"type":"Point","coordinates":[13.314035,38.126744]},"properties":{"id":"9056","nome":"Casalini","linee":["TRAM2","TRAM3"],"accessibile":"","lon":13.314035,"lat":38.126744}},{"type":"Feature","geometry":{"type":"Point","coordinates":[13.313286,38.126756]},"properties":{"id":"9057","nome":"Casalini","linee":["TRAM2","TRAM3"],"accessibile":"","lon":13.313286,"lat":38.126756}},{"type":"Feature","geometry":{"type":"Point","coordinates":[13.304633,38.131118]},"properties":{"id":"9058","nome":"Michelangelo","linee":["TRAM3"],"accessibile":"","lon":13.304633,"lat":38.131118}},{"type":"Feature","geometry":{"type":"Point","coordinates":[13.305142,38.1313]},"properties":{"id":"9059","nome":"Michelangelo","linee":["TRAM3"],"accessibile":"","lon":13.305142,"lat":38.1313}},{"type":"Feature","geometry":{"type":"Point","coordinates":[13.347927,38.145388]},"properties":{"id":"906","nome":"Imperatore Federico Metro'","linee":["107","603"],"accessibile":"","lon":13.347927,"lat":38.145388}},{"type":"Feature","geometry":{"type":"Point","coordinates":[13.304478,38.126146]},"properties":{"id":"9060","nome":"Michelangelo Castellana","linee":["TRAM2","TRAM3"],"accessibile":"","lon":13.304478,"lat":38.126146}},{"type":"Feature","geometry":{"type":"Point","coordinates":[13.304986,38.126192]},"properties":{"id":"9061","nome":"Michelangelo Castellana","linee":["TRAM2","TRAM3"],"accessibile":"","lon":13.304986,"lat":38.126192}},{"type":"Feature","geometry":{"type":"Point","coordinates":[13.29909,38.126219]},"properties":{"id":"9062","nome":"Modica","linee":["TRAM2"],"accessibile":"","lon":13.29909,"lat":38.126219}},{"type":"Feature","geometry":{"type":"Point","coordinates":[13.292773,38.129926]},"properties":{"id":"9063","nome":"Piazza Amerina/San Paolo","linee":["TRAM2"],"accessibile":"","lon":13.292773,"lat":38.129926}},{"type":"Feature","geometry":{"type":"Point","coordinates":[13.292893,38.129865]},"properties":{"id":"9064","nome":"Piazza Amerina/San Paolo","linee":["TRAM2"],"accessibile":"","lon":13.292893,"lat":38.129865}},{"type":"Feature","geometry":{"type":"Point","coordinates":[13.298957,38.129432]},"properties":{"id":"9065","nome":"Piazza Santa Cristina","linee":["TRAM2"],"accessibile":"","lon":13.298957,"lat":38.129432}},{"type":"Feature","geometry":{"type":"Point","coordinates":[13.335352,38.130052]},"properties":{"id":"9066","nome":"Galile Pacinotti","linee":["TRAM2","TRAM3","TRAM4"],"accessibile":"","lon":13.335352,"lat":38.130052}},{"type":"Feature","geometry":{"type":"Point","coordinates":[13.331705,38.129289]},"properties":{"id":"9067","nome":"Giotto Migliaccio","linee":["TRAM2","TRAM3","TRAM4"],"accessibile":"","lon":13.331705,"lat":38.129289}},{"type":"Feature","geometry":{"type":"Point","coordinates":[13.332447,38.129325]},"properties":{"id":"9068","nome":"Giotto Migliaccio","linee":["TRAM2","TRAM3","TRAM4"],"accessibile":"","lon":13.332447,"lat":38.129325}},{"type":"Feature","geometry":{"type":"Point","coordinates":[13.32933,38.116103]},"properties":{"id":"9069","nome":"Emiri Est","linee":["TRAM4"],"accessibile":"","lon":13.32933,"lat":38.116103}},{"type":"Feature","geometry":{"type":"Point","coordinates":[13.348193,38.145572]},"properties":{"id":"907","nome":"Imperatore Federico Metro'","linee":["107","603","N1"],"accessibile":"","lon":13.348193,"lat":38.145572}},{"type":"Feature","geometry":{"type":"Point","coordinates":[13.328956,38.115767]},"properties":{"id":"9070","nome":"Emiri Ovest","linee":["TRAM4"],"accessibile":"","lon":13.328956,"lat":38.115767}},{"type":"Feature","geometry":{"type":"Point","coordinates":[13.330345,38.107366]},"properties":{"id":"9071","nome":"Pagano La Loggia","linee":["TRAM4"],"accessibile":"","lon":13.330345,"lat":38.107366}},{"type":"Feature","geometry":{"type":"Point","coordinates":[13.329499,38.110845]},"properties":{"id":"9072","nome":"Pitre' Ovest","linee":["TRAM4"],"accessibile":"","lon":13.329499,"lat":38.110845}},{"type":"Feature","geometry":{"type":"Point","coordinates":[13.329128,38.12076]},"properties":{"id":"9073","nome":"Perpignano Est","linee":["TRAM4"],"accessibile":"","lon":13.329128,"lat":38.12076}},{"type":"Feature","geometry":{"type":"Point","coordinates":[13.329955,38.10681]},"properties":{"id":"9074","nome":"Uscibene","linee":["TRAM4"],"accessibile":"","lon":13.329955,"lat":38.10681}},{"type":"Feature","geometry":{"type":"Point","coordinates":[13.34926,38.145846]},"properties":{"id":"908","nome":"Imperatore Federico Minzoni","linee":["107","603"],"accessibile":"","lon":13.34926,"lat":38.145846}},{"type":"Feature","geometry":{"type":"Point","coordinates":[13.350776,38.146335]},"properties":{"id":"909","nome":"Imperatore Federico","linee":["107","603"],"accessibile":"","lon":13.350776,"lat":38.146335}},{"type":"Feature","geometry":{"type":"Point","coordinates":[13.362695,38.143859]},"properties":{"id":"91","nome":"Ammiraglio Rizzo Jung","linee":["603","721"],"accessibile":"","lon":13.362695,"lat":38.143859}},{"type":"Feature","geometry":{"type":"Point","coordinates":[13.351138,38.1465]},"properties":{"id":"910","nome":"Imperatore Federico","linee":["107","603","N1"],"accessibile":"","lon":13.351138,"lat":38.1465}},{"type":"Feature","geometry":{"type":"Point","coordinates":[13.350643,38.111299]},"properties":{"id":"911","nome":"Indipendenza","linee":["104","108","109","110","118","304","309","327","N5"],"accessibile":"","lon":13.350643,"lat":38.111299}},{"type":"Feature","geometry":{"type":"Point","coordinates":[13.351912,38.110777]},"properties":{"id":"912","nome":"Indipendenza Palazzo Reale","linee":["104","108","109","110","118","304","309","327","389","ARANC","N1","N2","N4","N5"],"accessibile":"","lon":13.351912,"lat":38.110777}},{"type":"Feature","geometry":{"type":"Point","coordinates":[13.350316,38.110239]},"properties":{"id":"913","nome":"Indipendenza Pisani","linee":["104","108","109","110","118","309","327","N2","N4","N5"],"accessibile":"","lon":13.350316,"lat":38.110239}},{"type":"Feature","geometry":{"type":"Point","coordinates":[13.350015,38.110645]},"properties":{"id":"914","nome":"Indipendenza Pisani","linee":["304","389","N1"],"accessibile":"","lon":13.350015,"lat":38.110645}},{"type":"Feature","geometry":{"type":"Point","coordinates":[13.337185,38.173316]},"properties":{"id":"916","nome":"Ingresso Favorita","linee":["606","806"],"accessibile":"","lon":13.337185,"lat":38.173316}},{"type":"Feature","geometry":{"type":"Point","coordinates":[13.356276,38.128301]},"properties":{"id":"917","nome":"Isidoro Carini","linee":["101","102","104","106","812","N2","N3"],"accessibile":"","lon":13.356276,"lat":38.128301}},{"type":"Feature","geometry":{"type":"Point","coordinates":[13.35664,38.148037]},"properties":{"id":"918","nome":"King Scala Vecchia","linee":["107","603","721","812","N1"],"accessibile":"","lon":13.35664,"lat":38.148037}},{"type":"Feature","geometry":{"type":"Point","coordinates":[13.372747,38.101302]},"properties":{"id":"919","nome":"La Colla","linee":["212","230","237","243","N6"],"accessibile":"","lon":13.372747,"lat":38.101302}},{"type":"Feature","geometry":{"type":"Point","coordinates":[13.363222,38.14402]},"properties":{"id":"92","nome":"Ammiraglio Rizzo Jung","linee":["603","N1"],"accessibile":"","lon":13.363222,"lat":38.14402}},{"type":"Feature","geometry":{"type":"Point","coordinates":[13.365114,38.102587]},"properties":{"id":"920","nome":"La Franca Bergamo","linee":["246","N7"],"accessibile":"","lon":13.365114,"lat":38.102587}},{"type":"Feature","geometry":{"type":"Point","coordinates":[13.363597,38.103708]},"properties":{"id":"921","nome":"La Franca Durante","linee":["246","N7"],"accessibile":"","lon":13.363597,"lat":38.103708}},{"type":"Feature","geometry":{"type":"Point","coordinates":[13.315483,38.160739]},"properties":{"id":"924","nome":"La Malfa","linee":["516"],"accessibile":"","lon":13.315483,"lat":38.160739}},{"type":"Feature","geometry":{"type":"Point","coordinates":[13.307529,38.166041]},"properties":{"id":"925","nome":"La Malfa Acc A29 Valle","linee":["516"],"accessibile":"","lon":13.307529,"lat":38.166041}},{"type":"Feature","geometry":{"type":"Point","coordinates":[13.306883,38.166269]},"properties":{"id":"926","nome":"La Malfa Acc A29 Valle","linee":["516"],"accessibile":"","lon":13.306883,"lat":38.166269}},{"type":"Feature","geometry":{"type":"Point","coordinates":[13.316518,38.159384]},"properties":{"id":"927","nome":"La Malfa Ast","linee":["516"],"accessibile":"","lon":13.316518,"lat":38.159384}},{"type":"Feature","geometry":{"type":"Point","coordinates":[13.316268,38.159564]},"properties":{"id":"928","nome":"La Malfa Ast","linee":["516"],"accessibile":"","lon":13.316268,"lat":38.159564}},{"type":"Feature","geometry":{"type":"Point","coordinates":[13.308869,38.165427]},"properties":{"id":"929","nome":"La Malfa Cnr","linee":["516"],"accessibile":"","lon":13.308869,"lat":38.165427}},{"type":"Feature","geometry":{"type":"Point","coordinates":[13.367692,38.144329]},"properties":{"id":"93","nome":"Ammiraglio Rizzo Piazza Acquasanta","linee":["603","721"],"accessibile":"","lon":13.367692,"lat":38.144329}},{"type":"Feature","geometry":{"type":"Point","coordinates":[13.309798,38.164977]},"properties":{"id":"930","nome":"La Malfa Cnr","linee":["516"],"accessibile":"","lon":13.309798,"lat":38.164977}},{"type":"Feature","geometry":{"type":"Point","coordinates":[13.312012,38.164024]},"properties":{"id":"931","nome":"La Malfa Figc","linee":["516"],"accessibile":"","lon":13.312012,"lat":38.164024}},{"type":"Feature","geometry":{"type":"Point","coordinates":[13.311457,38.164222]},"properties":{"id":"932","nome":"La Malfa Figc","linee":["516"],"accessibile":"","lon":13.311457,"lat":38.164222}},{"type":"Feature","geometry":{"type":"Point","coordinates":[13.318251,38.157209]},"properties":{"id":"933","nome":"La Malfa Nuova","linee":["516"],"accessibile":"","lon":13.318251,"lat":38.157209}},{"type":"Feature","geometry":{"type":"Point","coordinates":[13.317085,38.158591]},"properties":{"id":"935","nome":"La Malfa Ripartizione Annona","linee":["516"],"accessibile":"","lon":13.317085,"lat":38.158591}},{"type":"Feature","geometry":{"type":"Point","coordinates":[13.313894,38.162864]},"properties":{"id":"936","nome":"La Malfa Tranchina","linee":["516"],"accessibile":"","lon":13.313894,"lat":38.162864}},{"type":"Feature","geometry":{"type":"Point","coordinates":[13.314623,38.161876]},"properties":{"id":"937","nome":"La Malfa Tranchina","linee":["516"],"accessibile":"","lon":13.314623,"lat":38.161876}},{"type":"Feature","geometry":{"type":"Point","coordinates":[13.309614,38.177016]},"properties":{"id":"938","nome":"Lanza Di Scalea Einaudi","linee":["614"],"accessibile":"","lon":13.309614,"lat":38.177016}},{"type":"Feature","geometry":{"type":"Point","coordinates":[13.367305,38.144352]},"properties":{"id":"94","nome":"Ammiraglio Rizzo Piazza Acquasanta","linee":["603","N1"],"accessibile":"","lon":13.367305,"lat":38.144352}},{"type":"Feature","geometry":{"type":"Point","coordinates":[13.304007,38.183239]},"properties":{"id":"940","nome":"Lanza Di Scalea Faraone","linee":["614"],"accessibile":"","lon":13.304007,"lat":38.183239}},{"type":"Feature","geometry":{"type":"Point","coordinates":[13.303782,38.183208]},"properties":{"id":"941","nome":"Lanza Di Scalea Faraone","linee":["614","N2"],"accessibile":"","lon":13.303782,"lat":38.183208}},{"type":"Feature","geometry":{"type":"Point","coordinates":[13.310338,38.176461]},"properties":{"id":"942","nome":"Lanza Di Scalea M.C.T.C.","linee":["619"],"accessibile":"","lon":13.310338,"lat":38.176461}},{"type":"Feature","geometry":{"type":"Point","coordinates":[13.299908,38.18795]},"properties":{"id":"943","nome":"Lanza Di Scalea Olimpo","linee":["614","N2"],"accessibile":"","lon":13.299908,"lat":38.18795}},{"type":"Feature","geometry":{"type":"Point","coordinates":[13.316253,38.167922]},"properties":{"id":"945","nome":"Lanza Di Scalea Savagnone","linee":["614","619"],"accessibile":"","lon":13.316253,"lat":38.167922}},{"type":"Feature","geometry":{"type":"Point","coordinates":[13.316467,38.167419]},"properties":{"id":"946","nome":"Lanza Di Scalea Savagnone","linee":["614","619","N2"],"accessibile":"","lon":13.316467,"lat":38.167419}},{"type":"Feature","geometry":{"type":"Point","coordinates":[13.31232,38.172886]},"properties":{"id":"948","nome":"Lanza Di Scalea Velodromo","linee":["614","619"],"accessibile":"","lon":13.31232,"lat":38.172886}},{"type":"Feature","geometry":{"type":"Point","coordinates":[13.312432,38.172441]},"properties":{"id":"949","nome":"Lanza Di Scalea Velodromo","linee":["614","619","N2"],"accessibile":"","lon":13.312432,"lat":38.172441}},{"type":"Feature","geometry":{"type":"Point","coordinates":[13.314798,38.195198]},"properties":{"id":"95","nome":"Antigone Castelforte","linee":["87","645"],"accessibile":"","lon":13.314798,"lat":38.195198}},{"type":"Feature","geometry":{"type":"Point","coordinates":[13.315087,38.169376]},"properties":{"id":"950","nome":"Lanza Di Scalea 1","linee":["614","619"],"accessibile":"","lon":13.315087,"lat":38.169376}},{"type":"Feature","geometry":{"type":"Point","coordinates":[13.302158,38.185509]},"properties":{"id":"951","nome":"Lanza Di Scalea 2","linee":["614"],"accessibile":"","lon":13.302158,"lat":38.185509}},{"type":"Feature","geometry":{"type":"Point","coordinates":[13.302167,38.185217]},"properties":{"id":"952","nome":"Lanza Di Scalea 2","linee":["614","N2"],"accessibile":"","lon":13.302167,"lat":38.185217}},{"type":"Feature","geometry":{"type":"Point","coordinates":[13.315247,38.168927]},"properties":{"id":"953","nome":"Lanza Di Scalea 1","linee":["614","619","N2"],"accessibile":"","lon":13.315247,"lat":38.168927}},{"type":"Feature","geometry":{"type":"Point","coordinates":[13.339298,38.101701]},"properties":{"id":"958","nome":"Largo Traina Catalano","linee":["304"],"accessibile":"","lon":13.339298,"lat":38.101701}},{"type":"Feature","geometry":{"type":"Point","coordinates":[13.34935,38.117145]},"properties":{"id":"959","nome":"Lascaris Imera","linee":["110","124"],"accessibile":"","lon":13.34935,"lat":38.117145}},{"type":"Feature","geometry":{"type":"Point","coordinates":[13.311688,38.193225]},"properties":{"id":"96","nome":"Antigone Nicoti","linee":["87","645"],"accessibile":"","lon":13.311688,"lat":38.193225}},{"type":"Feature","geometry":{"type":"Point","coordinates":[13.347223,38.116785]},"properties":{"id":"960","nome":"Lascaris Zisa","linee":["110","124"],"accessibile":"","lon":13.347223,"lat":38.116785}},{"type":"Feature","geometry":{"type":"Point","coordinates":[13.350552,38.122732]},"properties":{"id":"961","nome":"Latini","linee":["103","104","108","118","134","N1"],"accessibile":"","lon":13.350552,"lat":38.122732}},{"type":"Feature","geometry":{"type":"Point","coordinates":[13.334749,38.141042]},"properties":{"id":"967","nome":"Lazio Delle Alpi","linee":["625"],"accessibile":"","lon":13.334749,"lat":38.141042}},{"type":"Feature","geometry":{"type":"Point","coordinates":[13.335778,38.141437]},"properties":{"id":"968","nome":"Lazio Delle Alpi","linee":["625"],"accessibile":"","lon":13.335778,"lat":38.141437}},{"type":"Feature","geometry":{"type":"Point","coordinates":[13.313367,38.194344]},"properties":{"id":"97","nome":"Antigone Porta Di Mare","linee":["87","645"],"accessibile":"","lon":13.313367,"lat":38.194344}},{"type":"Feature","geometry":{"type":"Point","coordinates":[13.332742,38.140368]},"properties":{"id":"970","nome":"Lazio Municipio","linee":["625"],"accessibile":"","lon":13.332742,"lat":38.140368}},{"type":"Feature","geometry":{"type":"Point","coordinates":[13.33311,38.140559]},"properties":{"id":"971","nome":"Lazio Municipio","linee":["513","529","625"],"accessibile":"","lon":13.33311,"lat":38.140559}},{"type":"Feature","geometry":{"type":"Point","coordinates":[13.337952,38.114369]},"properties":{"id":"976","nome":"L'Emiro Aristippo","linee":["124"],"accessibile":"","lon":13.337952,"lat":38.114369}},{"type":"Feature","geometry":{"type":"Point","coordinates":[13.338004,38.114332]},"properties":{"id":"977","nome":"L'Emiro Castelluccio","linee":["124"],"accessibile":"","lon":13.338004,"lat":38.114332}},{"type":"Feature","geometry":{"type":"Point","coordinates":[13.339553,38.114629]},"properties":{"id":"978","nome":"L'Emiro Di Svevia","linee":["124"],"accessibile":"","lon":13.339553,"lat":38.114629}},{"type":"Feature","geometry":{"type":"Point","coordinates":[13.339859,38.11473]},"properties":{"id":"979","nome":"L'Emiro Edrisi","linee":["124"],"accessibile":"","lon":13.339859,"lat":38.11473}},{"type":"Feature","geometry":{"type":"Point","coordinates":[13.356207,38.084056]},"properties":{"id":"98","nome":"Antilope Ermellino","linee":["243"],"accessibile":"","lon":13.356207,"lat":38.084056}},{"type":"Feature","geometry":{"type":"Point","coordinates":[13.341903,38.115057]},"properties":{"id":"980","nome":"L'Emiro Guerrazzi","linee":["124"],"accessibile":"","lon":13.341903,"lat":38.115057}},{"type":"Feature","geometry":{"type":"Point","coordinates":[13.341955,38.11514]},"properties":{"id":"981","nome":"L'Emiro Guerrazzi","linee":["124"],"accessibile":"","lon":13.341955,"lat":38.11514}},{"type":"Feature","geometry":{"type":"Point","coordinates":[13.334851,38.113624]},"properties":{"id":"982","nome":"L'Emiro Scoto","linee":["124"],"accessibile":"","lon":13.334851,"lat":38.113624}},{"type":"Feature","geometry":{"type":"Point","coordinates":[13.334758,38.113534]},"properties":{"id":"983","nome":"L'Emiro Scoto","linee":["124"],"accessibile":"","lon":13.334758,"lat":38.113534}},{"type":"Feature","geometry":{"type":"Point","coordinates":[13.324388,38.127455]},"properties":{"id":"984","nome":"Leonardo Da Vinci Camilliani","linee":["513","534"],"accessibile":"","lon":13.324388,"lat":38.127455}},{"type":"Feature","geometry":{"type":"Point","coordinates":[13.325853,38.127827]},"properties":{"id":"985","nome":"Leonardo Da Vinci Carpaccio","linee":["513"],"accessibile":"","lon":13.325853,"lat":38.127827}},{"type":"Feature","geometry":{"type":"Point","coordinates":[13.313858,38.126653]},"properties":{"id":"986","nome":"Leonardo Da Vinci Casalini","linee":["307","534"],"accessibile":"","lon":13.313858,"lat":38.126653}},{"type":"Feature","geometry":{"type":"Point","coordinates":[13.333987,38.129788]},"properties":{"id":"988","nome":"Leonardo Da Vinci Centro Borsellino","linee":["100","103","534","N3"],"accessibile":"","lon":13.333987,"lat":38.129788}},{"type":"Feature","geometry":{"type":"Point","coordinates":[13.357092,38.082339]},"properties":{"id":"99","nome":"Antilope Guido Rossa","linee":["243"],"accessibile":"","lon":13.357092,"lat":38.082339}},{"type":"Feature","geometry":{"type":"Point","coordinates":[13.336403,38.130436]},"properties":{"id":"990","nome":"Leonardo Da Vinci Galilei","linee":["103","N3"],"accessibile":"","lon":13.336403,"lat":38.130436}},{"type":"Feature","geometry":{"type":"Point","coordinates":[13.32391,38.127146]},"properties":{"id":"991","nome":"Leonardo Da Vinci Giaquinto","linee":["513","534","N3"],"accessibile":"","lon":13.32391,"lat":38.127146}},{"type":"Feature","geometry":{"type":"Point","coordinates":[13.331535,38.129178]},"properties":{"id":"994","nome":"Leonardo Da Vinci Piazza Einstein","linee":["100","103","534","N3"],"accessibile":"","lon":13.331535,"lat":38.129178}},{"type":"Feature","geometry":{"type":"Point","coordinates":[13.309164,38.126531]},"properties":{"id":"995","nome":"Leonardo Da Vinci Ribolla","linee":["307","534"],"accessibile":"","lon":13.309164,"lat":38.126531}},{"type":"Feature","geometry":{"type":"Point","coordinates":[13.305012,38.126105]},"properties":{"id":"997","nome":"Leonardo Da Vinci Romania","linee":["307","534"],"accessibile":"","lon":13.305012,"lat":38.126105}},{"type":"Feature","geometry":{"type":"Point","coordinates":[13.318696,38.126785]},"properties":{"id":"999","nome":"Leonardo Da Vinci Ruggeri","linee":["534","N3"],"accessibile":"","lon":13.318696,"lat":38.126785}}]}