{"type":"FeatureCollection","features":[{"type":"Feature","geometry":{"type":"LineString","coordinates":[[13.10582,38.187374],[13.105826,38.18732],[13.108216,38.188117],[13.108379,38.188172],[13.108463,38.188206],[13.108562,38.188249],[13.108664,38.18829],[13.108809,38.188341],[13.109165,38.18846],[13.109721,38.188645],[13.109988,38.188734],[13.110377,38.188905],[13.112223,38.189512],[13.114276,38.190197],[13.114829,38.190377],[13.115117,38.190467],[13.115557,38.19059],[13.115922,38.190675],[13.11635,38.190756],[13.116792,38.190815],[13.117203,38.190854],[13.117531,38.190873],[13.117872,38.190879],[13.118317,38.190872],[13.11879,38.190841],[13.119205,38.190794],[13.119607,38.190734],[13.119977,38.190658],[13.120247,38.190592],[13.120507,38.190522],[13.120798,38.190436],[13.121131,38.190318],[13.121414,38.190208],[13.121832,38.190026],[13.122073,38.1899],[13.122423,38.189708],[13.122916,38.189402],[13.123321,38.18912],[13.123677,38.18886],[13.123887,38.188862],[13.123969,38.188605],[13.124491,38.188215],[13.124874,38.18791],[13.125079,38.187731],[13.125234,38.187582],[13.125504,38.187293],[13.125724,38.187041],[13.125893,38.18683],[13.126062,38.186599],[13.126179,38.18642],[13.126255,38.186296],[13.126346,38.186132],[13.12644,38.185945],[13.126532,38.185743],[13.126599,38.185584],[13.126641,38.185473],[13.126707,38.185285],[13.126788,38.185022],[13.127058,38.184127],[13.127167,38.183786],[13.127239,38.18358],[13.12736,38.183276],[13.127516,38.182916],[13.127614,38.182728],[13.127747,38.182524],[13.127875,38.182354],[13.128135,38.182055],[13.128395,38.181779],[13.128659,38.181516],[13.129312,38.180921],[13.129604,38.180666],[13.129949,38.180381],[13.13024,38.180153],[13.137295,38.174807],[13.1376,38.174576],[13.137993,38.174276],[13.138434,38.17394],[13.138902,38.173587],[13.139493,38.173149],[13.139912,38.172839],[13.140083,38.172719],[13.140274,38.172588],[13.140488,38.172447],[13.140672,38.172325],[13.140981,38.172125],[13.14123,38.171965],[13.141666,38.171686],[13.141645,38.171815],[13.141742,38.171678],[13.14211,38.171442],[13.142385,38.171265],[13.143033,38.170856],[13.143262,38.17071],[13.144003,38.170197],[13.144747,38.169643],[13.145172,38.16929],[13.145578,38.168923],[13.145983,38.168535],[13.146355,38.168117],[13.146633,38.167739],[13.146924,38.167287],[13.149422,38.163036],[13.149533,38.162861],[13.149748,38.162585],[13.149954,38.16234],[13.150157,38.162142],[13.15036,38.161951],[13.150813,38.161581],[13.15096,38.161464],[13.151516,38.161044],[13.152636,38.160242],[13.154909,38.158641],[13.155721,38.158069],[13.156421,38.157612],[13.157641,38.156896],[13.159383,38.155917],[13.160326,38.155357],[13.161165,38.1548],[13.162073,38.154165],[13.162174,38.154094],[13.16254,38.153838],[13.164739,38.152307],[13.164928,38.152173],[13.165036,38.152097],[13.167009,38.150705],[13.167216,38.150554],[13.167331,38.15047],[13.168038,38.149954],[13.169312,38.149054],[13.169959,38.148634],[13.1705,38.14833],[13.17107,38.148066],[13.171478,38.147907],[13.171952,38.147752],[13.172666,38.147581],[13.173165,38.147494],[13.17396,38.147401],[13.174679,38.147346],[13.176384,38.147271],[13.177073,38.147229],[13.179532,38.147085],[13.180165,38.147021],[13.181411,38.146957],[13.181868,38.146936],[13.182463,38.146911],[13.182783,38.146908],[13.183031,38.146912],[13.183265,38.146921],[13.183483,38.146938],[13.183717,38.146966],[13.183912,38.146996],[13.184122,38.147034],[13.184357,38.147085],[13.184567,38.147137],[13.185172,38.1473],[13.185969,38.147516],[13.186261,38.147596],[13.18663,38.147417],[13.186644,38.147705],[13.187456,38.147929],[13.187853,38.148041],[13.188313,38.148171],[13.188779,38.1483],[13.190179,38.148773],[13.190855,38.148966],[13.191119,38.149047],[13.191382,38.149141],[13.191765,38.149297],[13.192151,38.149485],[13.192701,38.149768],[13.192764,38.1498],[13.209768,38.158948],[13.217471,38.163125],[13.218034,38.16343],[13.218192,38.163498],[13.218316,38.163579],[13.218808,38.163839],[13.219301,38.164093],[13.220236,38.164589],[13.221163,38.165109],[13.221809,38.165535],[13.222331,38.165935],[13.222995,38.166519],[13.223955,38.167495],[13.224211,38.167748],[13.224568,38.168086],[13.224869,38.168363],[13.225268,38.16868],[13.225551,38.168882],[13.225955,38.169126],[13.226414,38.169368],[13.226809,38.169547],[13.227026,38.169636],[13.227181,38.169695],[13.229415,38.170546],[13.233613,38.172319],[13.234104,38.172606],[13.234687,38.173028],[13.235618,38.173968],[13.236411,38.174827],[13.2369,38.175343],[13.237477,38.175927],[13.238469,38.176958],[13.238349,38.176891],[13.238517,38.176936],[13.238773,38.1772],[13.239625,38.178136],[13.23995,38.178565],[13.24029,38.17909],[13.241041,38.18029],[13.242127,38.182226],[13.243588,38.184316],[13.244046,38.184943],[13.24416,38.185115],[13.244867,38.186229],[13.245917,38.187793],[13.245947,38.187839],[13.246109,38.188092],[13.246789,38.189146],[13.247528,38.190341],[13.248395,38.191707],[13.249026,38.192718],[13.249045,38.192747],[13.249759,38.193886],[13.249803,38.193956],[13.250101,38.194366],[13.250198,38.194489],[13.250327,38.194699],[13.250341,38.194722],[13.250485,38.194956],[13.250555,38.195067],[13.250699,38.195271],[13.250877,38.19548],[13.25109,38.195707],[13.251378,38.19595],[13.251636,38.196134],[13.251845,38.196262],[13.252329,38.196519],[13.252999,38.196862],[13.25311,38.196917],[13.253357,38.197044],[13.253537,38.197141],[13.253777,38.197275],[13.253991,38.197394],[13.25419,38.197501],[13.254725,38.197775],[13.255086,38.197972],[13.255379,38.198147],[13.255575,38.198275],[13.255956,38.198533],[13.256466,38.198909],[13.256687,38.199054],[13.256889,38.199175],[13.257173,38.199321],[13.257407,38.199413],[13.25768,38.199503],[13.257896,38.199561],[13.258164,38.199615],[13.258426,38.199649],[13.258684,38.199667],[13.258898,38.199672],[13.259141,38.199661],[13.259417,38.199632],[13.259664,38.199593],[13.259948,38.199528],[13.260319,38.199412],[13.260569,38.199325],[13.260897,38.199204],[13.261299,38.19906],[13.26165,38.198957],[13.261837,38.198912],[13.262033,38.198875],[13.262218,38.19885],[13.262358,38.198833],[13.262497,38.198824],[13.26269,38.198817],[13.262947,38.198824],[13.263173,38.198834],[13.263434,38.198862],[13.263729,38.198901],[13.264458,38.199032],[13.265898,38.199306],[13.2662,38.199362],[13.266394,38.199397],[13.266682,38.199435],[13.267011,38.199463],[13.267405,38.19947],[13.267743,38.199452],[13.268067,38.199421],[13.268408,38.199361],[13.268751,38.199264],[13.269053,38.199155],[13.269107,38.199131],[13.269191,38.199096],[13.269287,38.199052],[13.269395,38.198995],[13.269512,38.198924],[13.269615,38.198856],[13.269709,38.19879],[13.269816,38.198709],[13.26993,38.198611],[13.27001,38.198542],[13.270098,38.198458],[13.270254,38.198297],[13.270455,38.198071],[13.27067,38.197809],[13.271163,38.197198],[13.271318,38.197013],[13.271465,38.196854],[13.271584,38.196731],[13.271708,38.196608],[13.271806,38.196517],[13.271926,38.19642],[13.272084,38.196307],[13.272221,38.196217],[13.27235,38.196142],[13.272477,38.196074],[13.272674,38.195981],[13.272894,38.195893],[13.273065,38.195833],[13.273286,38.19577],[13.273532,38.195707],[13.273902,38.195625],[13.274653,38.19548],[13.275277,38.195363],[13.275609,38.195558],[13.275821,38.195252],[13.276606,38.195098],[13.276989,38.195015],[13.277307,38.194924],[13.277423,38.194888],[13.277607,38.194823],[13.277818,38.194736],[13.278092,38.194605],[13.278305,38.19449],[13.278518,38.194353],[13.278623,38.19428],[13.278794,38.194157],[13.280277,38.192986],[13.28051,38.192812],[13.280752,38.192661],[13.281035,38.192496],[13.281297,38.192374],[13.28152,38.192281],[13.281695,38.19222],[13.281981,38.192127],[13.282149,38.192083],[13.282311,38.192043],[13.282479,38.192008],[13.28263,38.191981],[13.282787,38.191959],[13.282973,38.191937],[13.283254,38.191924],[13.283755,38.191912],[13.284667,38.191919],[13.284882,38.191919],[13.285222,38.191897],[13.285536,38.191847],[13.285822,38.191793],[13.286193,38.191678],[13.286518,38.191547],[13.286777,38.191429],[13.287061,38.191255],[13.28725,38.191125],[13.287605,38.190849],[13.287863,38.190637],[13.288379,38.190195],[13.288193,38.189974],[13.288379,38.190195],[13.28918,38.189509],[13.289341,38.189365],[13.289388,38.18932],[13.289442,38.189259],[13.289541,38.189137],[13.289648,38.188999],[13.289819,38.188748],[13.2899,38.188621],[13.290049,38.188364],[13.290199,38.188055],[13.290607,38.187125],[13.290965,38.186267],[13.291337,38.185387],[13.291607,38.184708],[13.291937,38.183921],[13.29221,38.183252],[13.292718,38.182023],[13.292853,38.181703],[13.293134,38.181027],[13.293394,38.180418],[13.293548,38.180058],[13.29369,38.179743],[13.293867,38.179376],[13.293985,38.17914],[13.294211,38.178713],[13.294325,38.178508],[13.294478,38.17825],[13.294707,38.177875],[13.294798,38.177732],[13.295037,38.17737],[13.295169,38.177174],[13.295587,38.176595],[13.295696,38.176452],[13.295872,38.176225],[13.29609,38.17596],[13.296485,38.175511],[13.296889,38.175071],[13.297029,38.174921],[13.297491,38.174438],[13.297832,38.174085],[13.297867,38.174051],[13.297898,38.174068],[13.298426,38.173525],[13.299126,38.172804],[13.29976,38.172149],[13.300353,38.171527],[13.300647,38.171231],[13.300793,38.171092],[13.300919,38.170979],[13.30105,38.170874],[13.301206,38.170755],[13.301373,38.170636],[13.301534,38.170529],[13.301743,38.170401],[13.30196,38.170282],[13.302107,38.170204],[13.302316,38.170108],[13.302525,38.170021],[13.302756,38.169931],[13.302997,38.169843],[13.303508,38.169665],[13.304404,38.169347],[13.305541,38.168929],[13.306185,38.168692],[13.306465,38.168585],[13.306808,38.168444],[13.307056,38.168335],[13.307303,38.168222],[13.307639,38.168068],[13.308174,38.167827],[13.308941,38.167464],[13.309621,38.167145],[13.309567,38.167201],[13.309692,38.167077],[13.310706,38.166588],[13.31185,38.166037],[13.314314,38.164817],[13.314678,38.164635],[13.314946,38.16448],[13.315143,38.16436],[13.31533,38.164235],[13.315506,38.164098],[13.315691,38.163927],[13.315885,38.163736],[13.316118,38.163473],[13.316417,38.163144],[13.31645,38.162607],[13.316593,38.162949],[13.317258,38.162225],[13.317902,38.161495],[13.318258,38.161044],[13.318495,38.160721],[13.318842,38.160243],[13.319185,38.159764],[13.320443,38.157813],[13.321568,38.155964],[13.321895,38.155449],[13.321922,38.15546],[13.32195,38.155471],[13.322251,38.154996],[13.322448,38.154688],[13.322585,38.154485],[13.322711,38.154309],[13.32285,38.154125],[13.323031,38.153897],[13.323154,38.153749],[13.323407,38.153459],[13.323714,38.153134],[13.3286,38.148001],[13.328964,38.147622],[13.328882,38.147678],[13.329033,38.147493],[13.33688,38.139546],[13.338204,38.138204],[13.338315,38.138085],[13.338439,38.137945],[13.338555,38.137809],[13.338705,38.137618],[13.338835,38.137444],[13.338942,38.137291],[13.339053,38.137126],[13.339159,38.136957],[13.339273,38.136768],[13.339384,38.136576],[13.339635,38.136134],[13.340126,38.135229],[13.340246,38.134995],[13.340383,38.134722],[13.340487,38.134496],[13.340582,38.134287],[13.340752,38.133884],[13.341395,38.132338],[13.341581,38.131936],[13.341776,38.131425],[13.341834,38.131289],[13.341878,38.13119],[13.341952,38.131035],[13.342078,38.130799],[13.342299,38.130412],[13.34252,38.130033],[13.342618,38.129868],[13.342737,38.129655],[13.342839,38.129472],[13.34294,38.129285],[13.343118,38.128946],[13.343212,38.128758],[13.343437,38.128289],[13.34367,38.127933],[13.343904,38.127446],[13.344136,38.126978],[13.34428,38.126705],[13.344401,38.126494],[13.344564,38.126237],[13.344724,38.125998],[13.3449,38.125752],[13.345107,38.12545],[13.345277,38.125193],[13.345747,38.124425],[13.345531,38.124363],[13.345747,38.124425],[13.346093,38.123829],[13.346367,38.12335],[13.346532,38.123042],[13.346681,38.122725],[13.346779,38.122484],[13.349675,38.115028],[13.349772,38.114817],[13.349893,38.114594],[13.350356,38.113824],[13.351459,38.11197],[13.35176,38.111485],[13.351912,38.111257],[13.352058,38.111056],[13.352212,38.110859],[13.352366,38.110679],[13.352842,38.110193],[13.353064,38.109923],[13.354112,38.108932],[13.354092,38.108958],[13.354112,38.108932],[13.355105,38.107986],[13.355232,38.10787],[13.355365,38.107755],[13.355588,38.107569],[13.355682,38.10749],[13.360264,38.103654],[13.360519,38.103442],[13.360776,38.103244],[13.361055,38.103042],[13.361589,38.102694],[13.361622,38.102697],[13.361882,38.102554],[13.362069,38.102438],[13.362258,38.102325],[13.364068,38.101273],[13.366475,38.099894],[13.367576,38.099258],[13.367744,38.099161],[13.368051,38.098991],[13.368291,38.098862],[13.368591,38.098723],[13.3689,38.098603],[13.369264,38.098489],[13.369545,38.098418],[13.369771,38.098373],[13.370005,38.098337],[13.370395,38.098296],[13.370843,38.098272],[13.370845,38.09825],[13.370864,38.098272],[13.371228,38.098268],[13.37155,38.098272],[13.3719,38.098298],[13.372258,38.098331],[13.37257,38.098366],[13.372766,38.0984],[13.372914,38.098434],[13.373016,38.098463],[13.373144,38.098506],[13.373278,38.098555],[13.3734,38.09861],[13.373517,38.098668],[13.373636,38.098737],[13.37373,38.098797],[13.373823,38.098864],[13.373911,38.098935],[13.373999,38.09901],[13.374079,38.099092],[13.374158,38.099175],[13.374218,38.09925],[13.374281,38.099337],[13.374323,38.099402],[13.374374,38.099491],[13.374412,38.099564],[13.374448,38.09964],[13.374482,38.099728],[13.374514,38.099815],[13.374556,38.099947],[13.374993,38.101333],[13.375117,38.101728],[13.375177,38.10193],[13.375203,38.102028],[13.37522,38.102112],[13.375239,38.102217],[13.375248,38.1023],[13.375251,38.102394],[13.375252,38.102491],[13.375247,38.102583],[13.375235,38.102693],[13.375219,38.102792],[13.3752,38.102878],[13.375178,38.102959],[13.375143,38.103063],[13.375105,38.103156],[13.375067,38.103243],[13.375023,38.103328],[13.374984,38.1034],[13.374936,38.103479],[13.374885,38.103549],[13.37483,38.10362],[13.374773,38.103693],[13.374696,38.10378],[13.374626,38.103853],[13.374548,38.103927],[13.374469,38.103996],[13.374373,38.104074],[13.374205,38.104203],[13.373904,38.104426],[13.373582,38.104649],[13.373483,38.104719],[13.373136,38.104965],[13.373018,38.105037],[13.372888,38.105116],[13.372799,38.105169],[13.372716,38.105217],[13.372571,38.105293],[13.372339,38.1054],[13.371923,38.105567],[13.371268,38.105826],[13.370814,38.106001],[13.370677,38.106057],[13.37051,38.106128],[13.370371,38.106193],[13.37022,38.106267],[13.370087,38.106339],[13.369955,38.106415],[13.369821,38.106499],[13.369688,38.106589],[13.369566,38.106676],[13.369442,38.106769],[13.369337,38.106856],[13.369231,38.106946],[13.369137,38.107035],[13.369044,38.107127],[13.368968,38.107206],[13.368882,38.107299],[13.368801,38.107396],[13.368744,38.107471],[13.368619,38.107633],[13.368517,38.107767],[13.368202,38.108185],[13.367647,38.108918],[13.367517,38.108859]]},"properties":{"id":"linea-ferrovia-1-0","route_id":"ferrovia-1","numero":"M1","nome":"Passante ferroviario (Palermo Centrale ⇄ Aeroporto)","colore":"#B7282E","tipo":"ferrovia","direzione":0,"da":"Palermo Aeroporto","a":"Palermo Centrale","fermate":["f830012133","f830012121","f830012125","f830012127","f830012799","f830012128","f830012129","f830012066","f830012131","f830012139","f830012069","f830012132","f830012140","f830012065","f830012134","f830012143","f830012130","f830012135","f830012144","f830012002"],"lon":13.278623,"lat":38.19428}},{"type":"Feature","geometry":{"type":"LineString","coordinates":[[13.367517,38.108859],[13.367647,38.108918],[13.368202,38.108185],[13.368517,38.107767],[13.368619,38.107633],[13.368744,38.107471],[13.368801,38.107396],[13.368882,38.107299],[13.368968,38.107206],[13.369044,38.107127],[13.369137,38.107035],[13.369231,38.106946],[13.369337,38.106856],[13.369442,38.106769],[13.369566,38.106676],[13.369688,38.106589],[13.369821,38.106499],[13.369955,38.106415],[13.370087,38.106339],[13.37022,38.106267],[13.370371,38.106193],[13.37051,38.106128],[13.370677,38.106057],[13.370814,38.106001],[13.371268,38.105826],[13.371923,38.105567],[13.372339,38.1054],[13.372571,38.105293],[13.372716,38.105217],[13.372799,38.105169],[13.372888,38.105116],[13.373018,38.105037],[13.373136,38.104965],[13.373483,38.104719],[13.373582,38.104649],[13.373904,38.104426],[13.374205,38.104203],[13.374373,38.104074],[13.374469,38.103996],[13.374548,38.103927],[13.374626,38.103853],[13.374696,38.10378],[13.374773,38.103693],[13.37483,38.10362],[13.374885,38.103549],[13.374936,38.103479],[13.374984,38.1034],[13.375023,38.103328],[13.375067,38.103243],[13.375105,38.103156],[13.375143,38.103063],[13.375178,38.102959],[13.3752,38.102878],[13.375219,38.102792],[13.375235,38.102693],[13.375247,38.102583],[13.375252,38.102491],[13.375251,38.102394],[13.375248,38.1023],[13.375239,38.102217],[13.37522,38.102112],[13.375203,38.102028],[13.375177,38.10193],[13.375117,38.101728],[13.374993,38.101333],[13.374556,38.099947],[13.374514,38.099815],[13.374482,38.099728],[13.374448,38.09964],[13.374412,38.099564],[13.374374,38.099491],[13.374323,38.099402],[13.374281,38.099337],[13.374218,38.09925],[13.374158,38.099175],[13.374079,38.099092],[13.373999,38.09901],[13.373911,38.098935],[13.373823,38.098864],[13.37373,38.098797],[13.373636,38.098737],[13.373517,38.098668],[13.3734,38.09861],[13.373278,38.098555],[13.373144,38.098506],[13.373016,38.098463],[13.372914,38.098434],[13.372766,38.0984],[13.37257,38.098366],[13.372258,38.098331],[13.3719,38.098298],[13.37155,38.098272],[13.371228,38.098268],[13.370864,38.098272],[13.370845,38.09825],[13.370843,38.098272],[13.370395,38.098296],[13.370005,38.098337],[13.369771,38.098373],[13.369545,38.098418],[13.369264,38.098489],[13.3689,38.098603],[13.368591,38.098723],[13.368291,38.098862],[13.368051,38.098991],[13.367744,38.099161],[13.367576,38.099258],[13.366475,38.099894],[13.364068,38.101273],[13.362258,38.102325],[13.362069,38.102438],[13.361882,38.102554],[13.361622,38.102697],[13.361589,38.102694],[13.361055,38.103042],[13.360776,38.103244],[13.360519,38.103442],[13.360264,38.103654],[13.355682,38.10749],[13.355588,38.107569],[13.355365,38.107755],[13.355232,38.10787],[13.355105,38.107986],[13.354112,38.108932],[13.354092,38.108958],[13.354112,38.108932],[13.353064,38.109923],[13.352842,38.110193],[13.352366,38.110679],[13.352212,38.110859],[13.352058,38.111056],[13.351912,38.111257],[13.35176,38.111485],[13.351459,38.11197],[13.350356,38.113824],[13.349893,38.114594],[13.349772,38.114817],[13.349675,38.115028],[13.346779,38.122484],[13.346681,38.122725],[13.346532,38.123042],[13.346367,38.12335],[13.346093,38.123829],[13.345747,38.124425],[13.345531,38.124363],[13.345747,38.124425],[13.345277,38.125193],[13.345107,38.12545],[13.3449,38.125752],[13.344724,38.125998],[13.344564,38.126237],[13.344401,38.126494],[13.34428,38.126705],[13.344136,38.126978],[13.343904,38.127446],[13.34367,38.127933],[13.343437,38.128289],[13.343212,38.128758],[13.343118,38.128946],[13.34294,38.129285],[13.342839,38.129472],[13.342737,38.129655],[13.342618,38.129868],[13.34252,38.130033],[13.342299,38.130412],[13.342078,38.130799],[13.341952,38.131035],[13.341878,38.13119],[13.341834,38.131289],[13.341776,38.131425],[13.341581,38.131936],[13.341395,38.132338],[13.340752,38.133884],[13.340582,38.134287],[13.340487,38.134496],[13.340383,38.134722],[13.340246,38.134995],[13.340126,38.135229],[13.339635,38.136134],[13.339384,38.136576],[13.339273,38.136768],[13.339159,38.136957],[13.339053,38.137126],[13.338942,38.137291],[13.338835,38.137444],[13.338705,38.137618],[13.338555,38.137809],[13.338439,38.137945],[13.338315,38.138085],[13.338204,38.138204],[13.33688,38.139546],[13.329033,38.147493],[13.328882,38.147678],[13.328964,38.147622],[13.3286,38.148001],[13.323714,38.153134],[13.323407,38.153459],[13.323154,38.153749],[13.323031,38.153897],[13.32285,38.154125],[13.322711,38.154309],[13.322585,38.154485],[13.322448,38.154688],[13.322251,38.154996],[13.32195,38.155471],[13.321922,38.15546],[13.321895,38.155449],[13.321568,38.155964],[13.320443,38.157813],[13.319185,38.159764],[13.318842,38.160243],[13.318495,38.160721],[13.318258,38.161044],[13.317902,38.161495],[13.317258,38.162225],[13.316593,38.162949],[13.31645,38.162607],[13.316417,38.163144],[13.316118,38.163473],[13.315885,38.163736],[13.315691,38.163927],[13.315506,38.164098],[13.31533,38.164235],[13.315143,38.16436],[13.314946,38.16448],[13.314678,38.164635],[13.314314,38.164817],[13.31185,38.166037],[13.310706,38.166588],[13.309692,38.167077],[13.309567,38.167201],[13.309621,38.167145],[13.308941,38.167464],[13.308174,38.167827],[13.307639,38.168068],[13.307303,38.168222],[13.307056,38.168335],[13.306808,38.168444],[13.306465,38.168585],[13.306185,38.168692],[13.305541,38.168929],[13.304404,38.169347],[13.303508,38.169665],[13.302997,38.169843],[13.302756,38.169931],[13.302525,38.170021],[13.302316,38.170108],[13.302107,38.170204],[13.30196,38.170282],[13.301743,38.170401],[13.301534,38.170529],[13.301373,38.170636],[13.301206,38.170755],[13.30105,38.170874],[13.300919,38.170979],[13.300793,38.171092],[13.300647,38.171231],[13.300353,38.171527],[13.29976,38.172149],[13.299126,38.172804],[13.298426,38.173525],[13.297898,38.174068],[13.297867,38.174051],[13.297832,38.174085],[13.297491,38.174438],[13.297029,38.174921],[13.296889,38.175071],[13.296485,38.175511],[13.29609,38.17596],[13.295872,38.176225],[13.295696,38.176452],[13.295587,38.176595],[13.295169,38.177174],[13.295037,38.17737],[13.294798,38.177732],[13.294707,38.177875],[13.294478,38.17825],[13.294325,38.178508],[13.294211,38.178713],[13.293985,38.17914],[13.293867,38.179376],[13.29369,38.179743],[13.293548,38.180058],[13.293394,38.180418],[13.293134,38.181027],[13.292853,38.181703],[13.292718,38.182023],[13.29221,38.183252],[13.291937,38.183921],[13.291607,38.184708],[13.291337,38.185387],[13.290965,38.186267],[13.290607,38.187125],[13.290199,38.188055],[13.290049,38.188364],[13.2899,38.188621],[13.289819,38.188748],[13.289648,38.188999],[13.289541,38.189137],[13.289442,38.189259],[13.289388,38.18932],[13.289341,38.189365],[13.28918,38.189509],[13.288379,38.190195],[13.288193,38.189974],[13.288379,38.190195],[13.287863,38.190637],[13.287605,38.190849],[13.28725,38.191125],[13.287061,38.191255],[13.286777,38.191429],[13.286518,38.191547],[13.286193,38.191678],[13.285822,38.191793],[13.285536,38.191847],[13.285222,38.191897],[13.284882,38.191919],[13.284667,38.191919],[13.283755,38.191912],[13.283254,38.191924],[13.282973,38.191937],[13.282787,38.191959],[13.28263,38.191981],[13.282479,38.192008],[13.282311,38.192043],[13.282149,38.192083],[13.281981,38.192127],[13.281695,38.19222],[13.28152,38.192281],[13.281297,38.192374],[13.281035,38.192496],[13.280752,38.192661],[13.28051,38.192812],[13.280277,38.192986],[13.278794,38.194157],[13.278623,38.19428],[13.278518,38.194353],[13.278305,38.19449],[13.278092,38.194605],[13.277818,38.194736],[13.277607,38.194823],[13.277423,38.194888],[13.277307,38.194924],[13.276989,38.195015],[13.276606,38.195098],[13.275821,38.195252],[13.275609,38.195558],[13.275277,38.195363],[13.274653,38.19548],[13.273902,38.195625],[13.273532,38.195707],[13.273286,38.19577],[13.273065,38.195833],[13.272894,38.195893],[13.272674,38.195981],[13.272477,38.196074],[13.27235,38.196142],[13.272221,38.196217],[13.272084,38.196307],[13.271926,38.19642],[13.271806,38.196517],[13.271708,38.196608],[13.271584,38.196731],[13.271465,38.196854],[13.271318,38.197013],[13.271163,38.197198],[13.27067,38.197809],[13.270455,38.198071],[13.270254,38.198297],[13.270098,38.198458],[13.27001,38.198542],[13.26993,38.198611],[13.269816,38.198709],[13.269709,38.19879],[13.269615,38.198856],[13.269512,38.198924],[13.269395,38.198995],[13.269287,38.199052],[13.269191,38.199096],[13.269107,38.199131],[13.269053,38.199155],[13.268751,38.199264],[13.268408,38.199361],[13.268067,38.199421],[13.267743,38.199452],[13.267405,38.19947],[13.267011,38.199463],[13.266682,38.199435],[13.266394,38.199397],[13.2662,38.199362],[13.265898,38.199306],[13.264458,38.199032],[13.263729,38.198901],[13.263434,38.198862],[13.263173,38.198834],[13.262947,38.198824],[13.26269,38.198817],[13.262497,38.198824],[13.262358,38.198833],[13.262218,38.19885],[13.262033,38.198875],[13.261837,38.198912],[13.26165,38.198957],[13.261299,38.19906],[13.260897,38.199204],[13.260569,38.199325],[13.260319,38.199412],[13.259948,38.199528],[13.259664,38.199593],[13.259417,38.199632],[13.259141,38.199661],[13.258898,38.199672],[13.258684,38.199667],[13.258426,38.199649],[13.258164,38.199615],[13.257896,38.199561],[13.25768,38.199503],[13.257407,38.199413],[13.257173,38.199321],[13.256889,38.199175],[13.256687,38.199054],[13.256466,38.198909],[13.255956,38.198533],[13.255575,38.198275],[13.255379,38.198147],[13.255086,38.197972],[13.254725,38.197775],[13.25419,38.197501],[13.253991,38.197394],[13.253777,38.197275],[13.253537,38.197141],[13.253357,38.197044],[13.25311,38.196917],[13.252999,38.196862],[13.252329,38.196519],[13.251845,38.196262],[13.251636,38.196134],[13.251378,38.19595],[13.25109,38.195707],[13.250877,38.19548],[13.250699,38.195271],[13.250555,38.195067],[13.250485,38.194956],[13.250341,38.194722],[13.250327,38.194699],[13.250198,38.194489],[13.250101,38.194366],[13.249803,38.193956],[13.249759,38.193886],[13.249045,38.192747],[13.249026,38.192718],[13.248395,38.191707],[13.247528,38.190341],[13.246789,38.189146],[13.246109,38.188092],[13.245947,38.187839],[13.245917,38.187793],[13.244867,38.186229],[13.24416,38.185115],[13.244046,38.184943],[13.243588,38.184316],[13.242127,38.182226],[13.241041,38.18029],[13.24029,38.17909],[13.23995,38.178565],[13.239625,38.178136],[13.238773,38.1772],[13.238517,38.176936],[13.238349,38.176891],[13.238469,38.176958],[13.237477,38.175927],[13.2369,38.175343],[13.236411,38.174827],[13.235618,38.173968],[13.234687,38.173028],[13.234104,38.172606],[13.233613,38.172319],[13.229415,38.170546],[13.227181,38.169695],[13.227026,38.169636],[13.226809,38.169547],[13.226414,38.169368],[13.225955,38.169126],[13.225551,38.168882],[13.225268,38.16868],[13.224869,38.168363],[13.224568,38.168086],[13.224211,38.167748],[13.223955,38.167495],[13.222995,38.166519],[13.222331,38.165935],[13.221809,38.165535],[13.221163,38.165109],[13.220236,38.164589],[13.219301,38.164093],[13.218808,38.163839],[13.218316,38.163579],[13.218192,38.163498],[13.218034,38.16343],[13.217471,38.163125],[13.209768,38.158948],[13.192764,38.1498],[13.192701,38.149768],[13.192151,38.149485],[13.191765,38.149297],[13.191382,38.149141],[13.191119,38.149047],[13.190855,38.148966],[13.190179,38.148773],[13.188779,38.1483],[13.188313,38.148171],[13.187853,38.148041],[13.187456,38.147929],[13.186644,38.147705],[13.18663,38.147417],[13.186261,38.147596],[13.185969,38.147516],[13.185172,38.1473],[13.184567,38.147137],[13.184357,38.147085],[13.184122,38.147034],[13.183912,38.146996],[13.183717,38.146966],[13.183483,38.146938],[13.183265,38.146921],[13.183031,38.146912],[13.182783,38.146908],[13.182463,38.146911],[13.181868,38.146936],[13.181411,38.146957],[13.180165,38.147021],[13.179532,38.147085],[13.177073,38.147229],[13.176384,38.147271],[13.174679,38.147346],[13.17396,38.147401],[13.173165,38.147494],[13.172666,38.147581],[13.171952,38.147752],[13.171478,38.147907],[13.17107,38.148066],[13.1705,38.14833],[13.169959,38.148634],[13.169312,38.149054],[13.168038,38.149954],[13.167331,38.15047],[13.167216,38.150554],[13.167009,38.150705],[13.165036,38.152097],[13.164928,38.152173],[13.164739,38.152307],[13.16254,38.153838],[13.162174,38.154094],[13.162073,38.154165],[13.161165,38.1548],[13.160326,38.155357],[13.159383,38.155917],[13.157641,38.156896],[13.156421,38.157612],[13.155721,38.158069],[13.154909,38.158641],[13.152636,38.160242],[13.151516,38.161044],[13.15096,38.161464],[13.150813,38.161581],[13.15036,38.161951],[13.150157,38.162142],[13.149954,38.16234],[13.149748,38.162585],[13.149533,38.162861],[13.149422,38.163036],[13.146924,38.167287],[13.146633,38.167739],[13.146355,38.168117],[13.145983,38.168535],[13.145578,38.168923],[13.145172,38.16929],[13.144747,38.169643],[13.144003,38.170197],[13.143262,38.17071],[13.143033,38.170856],[13.142385,38.171265],[13.14211,38.171442],[13.141742,38.171678],[13.141645,38.171815],[13.141666,38.171686],[13.14123,38.171965],[13.140981,38.172125],[13.140672,38.172325],[13.140488,38.172447],[13.140274,38.172588],[13.140083,38.172719],[13.139912,38.172839],[13.139493,38.173149],[13.138902,38.173587],[13.138434,38.17394],[13.137993,38.174276],[13.1376,38.174576],[13.137295,38.174807],[13.13024,38.180153],[13.129949,38.180381],[13.129604,38.180666],[13.129312,38.180921],[13.128659,38.181516],[13.128395,38.181779],[13.128135,38.182055],[13.127875,38.182354],[13.127747,38.182524],[13.127614,38.182728],[13.127516,38.182916],[13.12736,38.183276],[13.127239,38.18358],[13.127167,38.183786],[13.127058,38.184127],[13.126788,38.185022],[13.126707,38.185285],[13.126641,38.185473],[13.126599,38.185584],[13.126532,38.185743],[13.12644,38.185945],[13.126346,38.186132],[13.126255,38.186296],[13.126179,38.18642],[13.126062,38.186599],[13.125893,38.18683],[13.125724,38.187041],[13.125504,38.187293],[13.125234,38.187582],[13.125079,38.187731],[13.124874,38.18791],[13.124491,38.188215],[13.123969,38.188605],[13.123887,38.188862],[13.123677,38.18886],[13.123321,38.18912],[13.122916,38.189402],[13.122423,38.189708],[13.122073,38.1899],[13.121832,38.190026],[13.121414,38.190208],[13.121131,38.190318],[13.120798,38.190436],[13.120507,38.190522],[13.120247,38.190592],[13.119977,38.190658],[13.119607,38.190734],[13.119205,38.190794],[13.11879,38.190841],[13.118317,38.190872],[13.117872,38.190879],[13.117531,38.190873],[13.117203,38.190854],[13.116792,38.190815],[13.11635,38.190756],[13.115922,38.190675],[13.115557,38.19059],[13.115117,38.190467],[13.114829,38.190377],[13.114276,38.190197],[13.112223,38.189512],[13.110377,38.188905],[13.109988,38.188734],[13.109721,38.188645],[13.109165,38.18846],[13.108809,38.188341],[13.108664,38.18829],[13.108562,38.188249],[13.108463,38.188206],[13.108379,38.188172],[13.108216,38.188117],[13.105826,38.18732],[13.10582,38.187374]]},"properties":{"id":"linea-ferrovia-1-1","route_id":"ferrovia-1","numero":"M1","nome":"Passante ferroviario (Palermo Centrale ⇄ Aeroporto)","colore":"#B7282E","tipo":"ferrovia","direzione":1,"da":"Palermo Centrale","a":"Palermo Aeroporto","fermate":["f830012002","f830012144","f830012135","f830012130","f830012143","f830012134","f830012065","f830012140","f830012132","f830012069","f830012139","f830012131","f830012066","f830012129","f830012128","f830012799","f830012127","f830012125","f830012133"],"lon":13.278518,"lat":38.194353}},{"type":"Feature","geometry":{"type":"LineString","coordinates":[[13.463353,38.086569],[13.463244,38.086562],[13.461157,38.086554],[13.458491,38.08654],[13.457754,38.086533],[13.457076,38.086525],[13.456621,38.086514],[13.456195,38.086502],[13.455749,38.086492],[13.455151,38.086484],[13.454896,38.086483],[13.454589,38.086481],[13.45391,38.086478],[13.453285,38.086474],[13.452798,38.086472],[13.452294,38.086469],[13.451622,38.086464],[13.450767,38.08646],[13.450215,38.086459],[13.448631,38.086472],[13.447656,38.086483],[13.447257,38.086483],[13.446757,38.086481],[13.445712,38.086476],[13.443799,38.086463],[13.443171,38.086459],[13.413575,38.086303],[13.413075,38.086304],[13.412836,38.086308],[13.412577,38.086318],[13.412256,38.086334],[13.411939,38.086357],[13.411649,38.086382],[13.411219,38.086438],[13.410915,38.086484],[13.41066,38.086528],[13.410366,38.086588],[13.410097,38.086649],[13.409846,38.086711],[13.409591,38.086778],[13.409236,38.08688],[13.408346,38.087144],[13.408113,38.087213],[13.407714,38.087404],[13.407245,38.087426],[13.402774,38.088759],[13.401831,38.089038],[13.401018,38.08928],[13.400191,38.089527],[13.400041,38.089571],[13.399529,38.08972],[13.399265,38.089799],[13.398592,38.089998],[13.398308,38.090085],[13.398009,38.090178],[13.397762,38.090258],[13.39753,38.090337],[13.397256,38.09044],[13.397007,38.090538],[13.396821,38.090618],[13.396606,38.090713],[13.396421,38.0908],[13.396198,38.090908],[13.395991,38.091015],[13.395776,38.091133],[13.395522,38.09128],[13.394938,38.091635],[13.394786,38.09172],[13.39468,38.091775],[13.393972,38.092146],[13.393842,38.092216],[13.393679,38.092304],[13.39355,38.092383],[13.393138,38.092639],[13.392477,38.093045],[13.392511,38.0928],[13.392419,38.093081],[13.391834,38.093437],[13.391302,38.093764],[13.391079,38.093908],[13.390853,38.09406],[13.390416,38.094351],[13.390116,38.094546],[13.389774,38.094756],[13.389432,38.094965],[13.389029,38.095213],[13.388542,38.095513],[13.388125,38.095769],[13.387956,38.095878],[13.387847,38.095953],[13.38765,38.096102],[13.387535,38.096181],[13.387347,38.096305],[13.387111,38.096449],[13.387108,38.096451],[13.386378,38.096898],[13.386095,38.097071],[13.385824,38.097238],[13.385087,38.09769],[13.384806,38.097863],[13.384595,38.097991],[13.384243,38.098209],[13.383951,38.098388],[13.383759,38.098507],[13.383528,38.098647],[13.383162,38.098874],[13.382746,38.099134],[13.382276,38.09943],[13.381831,38.099714],[13.381443,38.099959],[13.381081,38.100187],[13.38071,38.100416],[13.38049,38.100553],[13.38027,38.100688],[13.3801,38.100793],[13.379822,38.100964],[13.379628,38.10108],[13.379344,38.101255],[13.379066,38.101418],[13.378677,38.101645],[13.378307,38.101863],[13.378006,38.102041],[13.37744,38.102381],[13.376812,38.102764],[13.376544,38.102924],[13.375911,38.103312],[13.375458,38.103591],[13.374485,38.104187],[13.373972,38.1045],[13.373621,38.104715],[13.373518,38.104779],[13.373176,38.104985],[13.373041,38.10507],[13.372828,38.105197],[13.372735,38.105251],[13.372639,38.105303],[13.372539,38.105353],[13.372443,38.105396],[13.372339,38.105441],[13.372194,38.1055],[13.371603,38.105732],[13.371268,38.105826],[13.370814,38.106001],[13.370677,38.106057],[13.37051,38.106128],[13.370371,38.106193],[13.37022,38.106267],[13.370087,38.106339],[13.369955,38.106415],[13.369821,38.106499],[13.369688,38.106589],[13.369566,38.106676],[13.369442,38.106769],[13.369337,38.106856],[13.369231,38.106946],[13.369137,38.107035],[13.369044,38.107127],[13.368968,38.107206],[13.368882,38.107299],[13.368801,38.107396],[13.368744,38.107471],[13.368619,38.107633],[13.368517,38.107767],[13.368202,38.108185],[13.367647,38.108918],[13.367517,38.108859]]},"properties":{"id":"linea-ferrovia-2-0","route_id":"ferrovia-2","numero":"M2","nome":"Ficarazzi ⇄ Palermo Centrale","colore":"#B7282E","tipo":"ferrovia","direzione":0,"da":"Ficarazzi","a":"Palermo Centrale","fermate":["f830012035","f830012032","f830012055","f830012002"],"lon":13.389774,"lat":38.094756}},{"type":"Feature","geometry":{"type":"LineString","coordinates":[[13.367517,38.108859],[13.367647,38.108918],[13.368202,38.108185],[13.368517,38.107767],[13.368619,38.107633],[13.368744,38.107471],[13.368801,38.107396],[13.368882,38.107299],[13.368968,38.107206],[13.369044,38.107127],[13.369137,38.107035],[13.369231,38.106946],[13.369337,38.106856],[13.369442,38.106769],[13.369566,38.106676],[13.369688,38.106589],[13.369821,38.106499],[13.369955,38.106415],[13.370087,38.106339],[13.37022,38.106267],[13.370371,38.106193],[13.37051,38.106128],[13.370677,38.106057],[13.370814,38.106001],[13.371268,38.105826],[13.371603,38.105732],[13.372194,38.1055],[13.372339,38.105441],[13.372443,38.105396],[13.372539,38.105353],[13.372639,38.105303],[13.372735,38.105251],[13.372828,38.105197],[13.373041,38.10507],[13.373176,38.104985],[13.373518,38.104779],[13.373621,38.104715],[13.373972,38.1045],[13.374485,38.104187],[13.375458,38.103591],[13.375911,38.103312],[13.376544,38.102924],[13.376812,38.102764],[13.37744,38.102381],[13.378006,38.102041],[13.378307,38.101863],[13.378677,38.101645],[13.379066,38.101418],[13.379344,38.101255],[13.379628,38.10108],[13.379822,38.100964],[13.3801,38.100793],[13.38027,38.100688],[13.38049,38.100553],[13.38071,38.100416],[13.381081,38.100187],[13.381443,38.099959],[13.381831,38.099714],[13.382276,38.09943],[13.382746,38.099134],[13.383162,38.098874],[13.383528,38.098647],[13.383759,38.098507],[13.383951,38.098388],[13.384243,38.098209],[13.384595,38.097991],[13.384806,38.097863],[13.385087,38.09769],[13.385824,38.097238],[13.386095,38.097071],[13.386378,38.096898],[13.387108,38.096451],[13.387111,38.096449],[13.387347,38.096305],[13.387535,38.096181],[13.38765,38.096102],[13.387847,38.095953],[13.387956,38.095878],[13.388125,38.095769],[13.388542,38.095513],[13.389029,38.095213],[13.389432,38.094965],[13.389774,38.094756],[13.390116,38.094546],[13.390416,38.094351],[13.390853,38.09406],[13.391079,38.093908],[13.391302,38.093764],[13.391834,38.093437],[13.392419,38.093081],[13.392511,38.0928],[13.392477,38.093045],[13.393138,38.092639],[13.39355,38.092383],[13.393679,38.092304],[13.393842,38.092216],[13.393972,38.092146],[13.39468,38.091775],[13.394786,38.09172],[13.394938,38.091635],[13.395522,38.09128],[13.395776,38.091133],[13.395991,38.091015],[13.396198,38.090908],[13.396421,38.0908],[13.396606,38.090713],[13.396821,38.090618],[13.397007,38.090538],[13.397256,38.09044],[13.39753,38.090337],[13.397762,38.090258],[13.398009,38.090178],[13.398308,38.090085],[13.398592,38.089998],[13.399265,38.089799],[13.399529,38.08972],[13.400041,38.089571],[13.400191,38.089527],[13.401018,38.08928],[13.401831,38.089038],[13.402774,38.088759],[13.407245,38.087426],[13.407714,38.087404],[13.408113,38.087213],[13.408346,38.087144],[13.409236,38.08688],[13.409591,38.086778],[13.409846,38.086711],[13.410097,38.086649],[13.410366,38.086588],[13.41066,38.086528],[13.410915,38.086484],[13.411219,38.086438],[13.411649,38.086382],[13.411939,38.086357],[13.412256,38.086334],[13.412577,38.086318],[13.412836,38.086308],[13.413075,38.086304],[13.413575,38.086303],[13.443171,38.086459],[13.443799,38.086463],[13.445712,38.086476],[13.446757,38.086481],[13.447257,38.086483],[13.447656,38.086483],[13.448631,38.086472],[13.450215,38.086459],[13.450767,38.08646],[13.451622,38.086464],[13.452294,38.086469],[13.452798,38.086472],[13.453285,38.086474],[13.45391,38.086478],[13.454589,38.086481],[13.454896,38.086483],[13.455151,38.086484],[13.455749,38.086492],[13.456195,38.086502],[13.456621,38.086514],[13.457076,38.086525],[13.457754,38.086533],[13.458491,38.08654],[13.461157,38.086554],[13.463244,38.086562],[13.463353,38.086569]]},"properties":{"id":"linea-ferrovia-2-1","route_id":"ferrovia-2","numero":"M2","nome":"Ficarazzi ⇄ Palermo Centrale","colore":"#B7282E","tipo":"ferrovia","direzione":1,"da":"Palermo Centrale","a":"Ficarazzi","fermate":["f830012002","f830012055","f830012032","f830012035"],"lon":13.390116,"lat":38.094546}},{"type":"Feature","geometry":{"type":"LineString","coordinates":[[13.358071,38.135315],[13.358047,38.135314],[13.357812,38.135622],[13.35769,38.135781],[13.356057,38.137935],[13.353722,38.14101],[13.353622,38.141048],[13.353722,38.14101],[13.353376,38.141467],[13.352023,38.143243],[13.351857,38.143462],[13.351707,38.14365],[13.351539,38.143847],[13.351356,38.144047],[13.351217,38.144187],[13.351095,38.144306],[13.350969,38.144422],[13.350803,38.14456],[13.350617,38.144694],[13.350463,38.144789],[13.35033,38.144863],[13.350174,38.144943],[13.350008,38.145017],[13.349777,38.145106],[13.349536,38.145181],[13.349234,38.145207],[13.348978,38.145292],[13.348798,38.145313],[13.348598,38.145325],[13.348435,38.14533],[13.348252,38.145326],[13.348031,38.14531],[13.347818,38.145283],[13.34762,38.145247],[13.347376,38.145185],[13.347125,38.145105],[13.342978,38.143745],[13.342131,38.143464],[13.341745,38.143575],[13.341381,38.143217],[13.340907,38.143047],[13.340405,38.142844],[13.339988,38.1426],[13.339626,38.142335],[13.339312,38.142054],[13.339045,38.141756],[13.338805,38.141396],[13.338606,38.141023],[13.338486,38.140654],[13.338388,38.140188],[13.338379,38.139764],[13.338449,38.139361],[13.338584,38.138952],[13.338695,38.138677],[13.339559,38.136842],[13.339635,38.136683],[13.339829,38.136306],[13.340007,38.135977],[13.340107,38.1357],[13.340189,38.13548],[13.340293,38.135222],[13.340455,38.134917],[13.340589,38.134653],[13.340687,38.134454],[13.340858,38.134116],[13.34095,38.133925],[13.341074,38.133658],[13.341166,38.133441],[13.341591,38.132385],[13.341581,38.131936]]},"properties":{"id":"linea-ferrovia-3-0","route_id":"ferrovia-3","numero":"M3","nome":"Anello ferroviario (Notarbartolo ⇄ Giachery)","colore":"#B7282E","tipo":"ferrovia","direzione":0,"da":"Palermo Giachery","a":"Palermo Notarbartolo","fermate":["f830012138","f830012137","f830012136","f830012075","f830012134"],"lon":13.347125,"lat":38.145105}},{"type":"Feature","geometry":{"type":"LineString","coordinates":[[13.341581,38.131936],[13.341591,38.132385],[13.341166,38.133441],[13.341074,38.133658],[13.34095,38.133925],[13.340858,38.134116],[13.340687,38.134454],[13.340589,38.134653],[13.340455,38.134917],[13.340293,38.135222],[13.340189,38.13548],[13.340107,38.1357],[13.340007,38.135977],[13.339829,38.136306],[13.339635,38.136683],[13.339559,38.136842],[13.338695,38.138677],[13.338584,38.138952],[13.338449,38.139361],[13.338379,38.139764],[13.338388,38.140188],[13.338486,38.140654],[13.338606,38.141023],[13.338805,38.141396],[13.339045,38.141756],[13.339312,38.142054],[13.339626,38.142335],[13.339988,38.1426],[13.340405,38.142844],[13.340907,38.143047],[13.341381,38.143217],[13.341745,38.143575],[13.342131,38.143464],[13.342978,38.143745],[13.347125,38.145105],[13.347376,38.145185],[13.34762,38.145247],[13.347818,38.145283],[13.348031,38.14531],[13.348252,38.145326],[13.348435,38.14533],[13.348598,38.145325],[13.348798,38.145313],[13.348978,38.145292],[13.349234,38.145207],[13.349536,38.145181],[13.349777,38.145106],[13.350008,38.145017],[13.350174,38.144943],[13.35033,38.144863],[13.350463,38.144789],[13.350617,38.144694],[13.350803,38.14456],[13.350969,38.144422],[13.351095,38.144306],[13.351217,38.144187],[13.351356,38.144047],[13.351539,38.143847],[13.351707,38.14365],[13.351857,38.143462],[13.352023,38.143243],[13.353376,38.141467],[13.353722,38.14101],[13.353622,38.141048],[13.353722,38.14101],[13.356057,38.137935],[13.35769,38.135781],[13.357812,38.135622],[13.358047,38.135314],[13.358071,38.135315]]},"properties":{"id":"linea-ferrovia-3-1","route_id":"ferrovia-3","numero":"M3","nome":"Anello ferroviario (Notarbartolo ⇄ Giachery)","colore":"#B7282E","tipo":"ferrovia","direzione":1,"da":"Palermo Notarbartolo","a":"Palermo Giachery","fermate":["f830012134","f830012075","f830012136","f830012137","f830012138"],"lon":13.347376,"lat":38.145185}},{"type":"Feature","geometry":{"type":"LineString","coordinates":[[13.407714,38.087404],[13.407245,38.087426],[13.402774,38.088759],[13.401831,38.089038],[13.401018,38.08928],[13.400191,38.089527],[13.400041,38.089571],[13.399529,38.08972],[13.399265,38.089799],[13.398592,38.089998],[13.398308,38.090085],[13.398009,38.090178],[13.397762,38.090258],[13.39753,38.090337],[13.397256,38.09044],[13.397007,38.090538],[13.396821,38.090618],[13.396606,38.090713],[13.396421,38.0908],[13.396198,38.090908],[13.395991,38.091015],[13.395776,38.091133],[13.395522,38.09128],[13.394938,38.091635],[13.394786,38.09172],[13.39468,38.091775],[13.393972,38.092146],[13.393842,38.092216],[13.393679,38.092304],[13.39355,38.092383],[13.393138,38.092639],[13.392477,38.093045],[13.392511,38.0928],[13.392419,38.093081],[13.391834,38.093437],[13.391302,38.093764],[13.391079,38.093908],[13.390853,38.09406],[13.390416,38.094351],[13.390116,38.094546],[13.389774,38.094756],[13.389432,38.094965],[13.389029,38.095213],[13.388542,38.095513],[13.388125,38.095769],[13.387956,38.095878],[13.387847,38.095953],[13.38765,38.096102],[13.387535,38.096181],[13.387347,38.096305],[13.387111,38.096449],[13.387108,38.096451],[13.386378,38.096898],[13.386095,38.097071],[13.385824,38.097238],[13.385087,38.09769],[13.384806,38.097863],[13.384595,38.097991],[13.384243,38.098209],[13.383951,38.098388],[13.383759,38.098507],[13.383528,38.098647],[13.383162,38.098874],[13.382746,38.099134],[13.382276,38.09943],[13.381831,38.099714],[13.381443,38.099959],[13.381081,38.100187],[13.38071,38.100416],[13.38049,38.100553],[13.38027,38.100688],[13.3801,38.100793],[13.379822,38.100964],[13.379628,38.10108],[13.379344,38.101255],[13.379066,38.101418],[13.378677,38.101645],[13.378307,38.101863],[13.378006,38.102041],[13.37744,38.102381],[13.376812,38.102764],[13.376544,38.102924],[13.375911,38.103312],[13.375458,38.103591],[13.374485,38.104187],[13.373972,38.1045],[13.373621,38.104715],[13.373518,38.104779],[13.373176,38.104985],[13.373041,38.10507],[13.372828,38.105197],[13.372735,38.105251],[13.372639,38.105303],[13.372539,38.105353],[13.372443,38.105396],[13.372339,38.105441],[13.372194,38.1055],[13.371603,38.105732],[13.371268,38.105826],[13.370814,38.106001],[13.370677,38.106057],[13.37051,38.106128],[13.370371,38.106193],[13.37022,38.106267],[13.370087,38.106339],[13.369955,38.106415],[13.369821,38.106499],[13.369688,38.106589],[13.369566,38.106676],[13.369442,38.106769],[13.369337,38.106856],[13.369231,38.106946],[13.369137,38.107035],[13.369044,38.107127],[13.368968,38.107206],[13.368882,38.107299],[13.368801,38.107396],[13.368744,38.107471],[13.368619,38.107633],[13.368517,38.107767],[13.368202,38.108185],[13.367647,38.108918],[13.367517,38.108859]]},"properties":{"id":"linea-ferrovia-4-0","route_id":"ferrovia-4","numero":"M4","nome":"Palermo Roccella ⇄ Palermo Centrale","colore":"#B7282E","tipo":"ferrovia","direzione":0,"da":"Palermo Roccella","a":"Palermo Centrale","fermate":["f830012032","f830012002"],"lon":13.383528,"lat":38.098647}},{"type":"Feature","geometry":{"type":"LineString","coordinates":[[13.367517,38.108859],[13.367647,38.108918],[13.368202,38.108185],[13.368517,38.107767],[13.368619,38.107633],[13.368744,38.107471],[13.368801,38.107396],[13.368882,38.107299],[13.368968,38.107206],[13.369044,38.107127],[13.369137,38.107035],[13.369231,38.106946],[13.369337,38.106856],[13.369442,38.106769],[13.369566,38.106676],[13.369688,38.106589],[13.369821,38.106499],[13.369955,38.106415],[13.370087,38.106339],[13.37022,38.106267],[13.370371,38.106193],[13.37051,38.106128],[13.370677,38.106057],[13.370814,38.106001],[13.371268,38.105826],[13.371603,38.105732],[13.372194,38.1055],[13.372339,38.105441],[13.372443,38.105396],[13.372539,38.105353],[13.372639,38.105303],[13.372735,38.105251],[13.372828,38.105197],[13.373041,38.10507],[13.373176,38.104985],[13.373518,38.104779],[13.373621,38.104715],[13.373972,38.1045],[13.374485,38.104187],[13.375458,38.103591],[13.375911,38.103312],[13.376544,38.102924],[13.376812,38.102764],[13.37744,38.102381],[13.378006,38.102041],[13.378307,38.101863],[13.378677,38.101645],[13.379066,38.101418],[13.379344,38.101255],[13.379628,38.10108],[13.379822,38.100964],[13.3801,38.100793],[13.38027,38.100688],[13.38049,38.100553],[13.38071,38.100416],[13.381081,38.100187],[13.381443,38.099959],[13.381831,38.099714],[13.382276,38.09943],[13.382746,38.099134],[13.383162,38.098874],[13.383528,38.098647],[13.383759,38.098507],[13.383951,38.098388],[13.384243,38.098209],[13.384595,38.097991],[13.384806,38.097863],[13.385087,38.09769],[13.385824,38.097238],[13.386095,38.097071],[13.386378,38.096898],[13.387108,38.096451],[13.387111,38.096449],[13.387347,38.096305],[13.387535,38.096181],[13.38765,38.096102],[13.387847,38.095953],[13.387956,38.095878],[13.388125,38.095769],[13.388542,38.095513],[13.389029,38.095213],[13.389432,38.094965],[13.389774,38.094756],[13.390116,38.094546],[13.390416,38.094351],[13.390853,38.09406],[13.391079,38.093908],[13.391302,38.093764],[13.391834,38.093437],[13.392419,38.093081],[13.392511,38.0928],[13.392477,38.093045],[13.393138,38.092639],[13.39355,38.092383],[13.393679,38.092304],[13.393842,38.092216],[13.393972,38.092146],[13.39468,38.091775],[13.394786,38.09172],[13.394938,38.091635],[13.395522,38.09128],[13.395776,38.091133],[13.395991,38.091015],[13.396198,38.090908],[13.396421,38.0908],[13.396606,38.090713],[13.396821,38.090618],[13.397007,38.090538],[13.397256,38.09044],[13.39753,38.090337],[13.397762,38.090258],[13.398009,38.090178],[13.398308,38.090085],[13.398592,38.089998],[13.399265,38.089799],[13.399529,38.08972],[13.400041,38.089571],[13.400191,38.089527],[13.401018,38.08928],[13.401831,38.089038],[13.402774,38.088759],[13.407245,38.087426],[13.407714,38.087404]]},"properties":{"id":"linea-ferrovia-4-1","route_id":"ferrovia-4","numero":"M4","nome":"Palermo Roccella ⇄ Palermo Centrale","colore":"#B7282E","tipo":"ferrovia","direzione":1,"da":"Palermo Centrale","a":"Palermo Roccella","fermate":["f830012002","f830012032"],"lon":13.383528,"lat":38.098647}},{"type":"Feature","geometry":{"type":"LineString","coordinates":[[13.10582,38.187374],[13.105826,38.18732],[13.108216,38.188117],[13.108379,38.188172],[13.108463,38.188206],[13.108562,38.188249],[13.108664,38.18829],[13.108809,38.188341],[13.109165,38.18846],[13.109721,38.188645],[13.109988,38.188734],[13.110377,38.188905],[13.112223,38.189512],[13.114276,38.190197],[13.114829,38.190377],[13.115117,38.190467],[13.115557,38.19059],[13.115922,38.190675],[13.11635,38.190756],[13.116792,38.190815],[13.117203,38.190854],[13.117531,38.190873],[13.117872,38.190879],[13.118317,38.190872],[13.11879,38.190841],[13.119205,38.190794],[13.119607,38.190734],[13.119977,38.190658],[13.120247,38.190592],[13.120507,38.190522],[13.120798,38.190436],[13.121131,38.190318],[13.121414,38.190208],[13.121832,38.190026],[13.122073,38.1899],[13.122423,38.189708],[13.122916,38.189402],[13.123321,38.18912],[13.123677,38.18886],[13.123887,38.188862],[13.123969,38.188605],[13.124491,38.188215],[13.124874,38.18791],[13.125079,38.187731],[13.125234,38.187582],[13.125504,38.187293],[13.125724,38.187041],[13.125893,38.18683],[13.126062,38.186599],[13.126179,38.18642],[13.126255,38.186296],[13.126346,38.186132],[13.12644,38.185945],[13.126532,38.185743],[13.126599,38.185584],[13.126641,38.185473],[13.126707,38.185285],[13.126788,38.185022],[13.127058,38.184127],[13.127167,38.183786],[13.127239,38.18358],[13.12736,38.183276],[13.127516,38.182916],[13.127614,38.182728],[13.127747,38.182524],[13.127875,38.182354],[13.128135,38.182055],[13.128395,38.181779],[13.128659,38.181516],[13.129312,38.180921],[13.129604,38.180666],[13.129949,38.180381],[13.13024,38.180153],[13.137295,38.174807],[13.1376,38.174576],[13.137993,38.174276],[13.138434,38.17394],[13.138902,38.173587],[13.139493,38.173149],[13.139912,38.172839],[13.140083,38.172719],[13.140274,38.172588],[13.140488,38.172447],[13.140672,38.172325],[13.140981,38.172125],[13.14123,38.171965],[13.141666,38.171686],[13.141645,38.171815],[13.141742,38.171678],[13.14211,38.171442],[13.142385,38.171265],[13.143033,38.170856],[13.143262,38.17071],[13.144003,38.170197],[13.144747,38.169643],[13.145172,38.16929],[13.145578,38.168923],[13.145983,38.168535],[13.146355,38.168117],[13.146633,38.167739],[13.146924,38.167287],[13.149422,38.163036],[13.149533,38.162861],[13.149748,38.162585],[13.149954,38.16234],[13.150157,38.162142],[13.15036,38.161951],[13.150813,38.161581],[13.15096,38.161464],[13.151516,38.161044],[13.152636,38.160242],[13.154909,38.158641],[13.155721,38.158069],[13.156421,38.157612],[13.157641,38.156896],[13.159383,38.155917],[13.160326,38.155357],[13.161165,38.1548],[13.162073,38.154165],[13.162174,38.154094],[13.16254,38.153838],[13.164739,38.152307],[13.164928,38.152173],[13.165036,38.152097],[13.167009,38.150705],[13.167216,38.150554],[13.167331,38.15047],[13.168038,38.149954],[13.169312,38.149054],[13.169959,38.148634],[13.1705,38.14833],[13.17107,38.148066],[13.171478,38.147907],[13.171952,38.147752],[13.172666,38.147581],[13.173165,38.147494],[13.17396,38.147401],[13.174679,38.147346],[13.176384,38.147271],[13.177073,38.147229],[13.179532,38.147085],[13.180165,38.147021],[13.181411,38.146957],[13.181868,38.146936],[13.182463,38.146911],[13.182783,38.146908],[13.183031,38.146912],[13.183265,38.146921],[13.183483,38.146938],[13.183717,38.146966],[13.183912,38.146996],[13.184122,38.147034],[13.184357,38.147085],[13.184567,38.147137],[13.185172,38.1473],[13.185969,38.147516],[13.186261,38.147596],[13.18663,38.147417],[13.186644,38.147705],[13.187456,38.147929],[13.187853,38.148041],[13.188313,38.148171],[13.188779,38.1483],[13.190179,38.148773],[13.190855,38.148966],[13.191119,38.149047],[13.191382,38.149141],[13.191765,38.149297],[13.192151,38.149485],[13.192701,38.149768],[13.192764,38.1498],[13.209768,38.158948],[13.217471,38.163125],[13.218034,38.16343],[13.218192,38.163498],[13.218316,38.163579],[13.218808,38.163839],[13.219301,38.164093],[13.220236,38.164589],[13.221163,38.165109],[13.221809,38.165535],[13.222331,38.165935],[13.222995,38.166519],[13.223955,38.167495],[13.224211,38.167748],[13.224568,38.168086],[13.224869,38.168363],[13.225268,38.16868],[13.225551,38.168882],[13.225955,38.169126],[13.226414,38.169368],[13.226809,38.169547],[13.227026,38.169636],[13.227181,38.169695],[13.229415,38.170546],[13.233613,38.172319],[13.234104,38.172606],[13.234687,38.173028],[13.235618,38.173968],[13.236411,38.174827],[13.2369,38.175343],[13.237477,38.175927],[13.238469,38.176958],[13.238349,38.176891],[13.238517,38.176936],[13.238773,38.1772],[13.239625,38.178136],[13.23995,38.178565],[13.24029,38.17909],[13.241041,38.18029],[13.242127,38.182226],[13.243588,38.184316],[13.244046,38.184943],[13.24416,38.185115],[13.244867,38.186229],[13.245917,38.187793],[13.245947,38.187839],[13.246109,38.188092],[13.246789,38.189146],[13.247528,38.190341],[13.248395,38.191707],[13.249026,38.192718],[13.249045,38.192747],[13.249759,38.193886],[13.249803,38.193956],[13.250101,38.194366],[13.250198,38.194489],[13.250327,38.194699],[13.250341,38.194722],[13.250485,38.194956],[13.250555,38.195067],[13.250699,38.195271],[13.250877,38.19548],[13.25109,38.195707],[13.251378,38.19595],[13.251636,38.196134],[13.251845,38.196262],[13.252329,38.196519],[13.252999,38.196862],[13.25311,38.196917],[13.253357,38.197044],[13.253537,38.197141],[13.253777,38.197275],[13.253991,38.197394],[13.25419,38.197501],[13.254725,38.197775],[13.255086,38.197972],[13.255379,38.198147],[13.255575,38.198275],[13.255956,38.198533],[13.256466,38.198909],[13.256687,38.199054],[13.256889,38.199175],[13.257173,38.199321],[13.257407,38.199413],[13.25768,38.199503],[13.257896,38.199561],[13.258164,38.199615],[13.258426,38.199649],[13.258684,38.199667],[13.258898,38.199672],[13.259141,38.199661],[13.259417,38.199632],[13.259664,38.199593],[13.259948,38.199528],[13.260319,38.199412],[13.260569,38.199325],[13.260897,38.199204],[13.261299,38.19906],[13.26165,38.198957],[13.261837,38.198912],[13.262033,38.198875],[13.262218,38.19885],[13.262358,38.198833],[13.262497,38.198824],[13.26269,38.198817],[13.262947,38.198824],[13.263173,38.198834],[13.263434,38.198862],[13.263729,38.198901],[13.264458,38.199032],[13.265898,38.199306],[13.2662,38.199362],[13.266394,38.199397],[13.266682,38.199435],[13.267011,38.199463],[13.267405,38.19947],[13.267743,38.199452],[13.268067,38.199421],[13.268408,38.199361],[13.268751,38.199264],[13.269053,38.199155],[13.269107,38.199131],[13.269191,38.199096],[13.269287,38.199052],[13.269395,38.198995],[13.269512,38.198924],[13.269615,38.198856],[13.269709,38.19879],[13.269816,38.198709],[13.26993,38.198611],[13.27001,38.198542],[13.270098,38.198458],[13.270254,38.198297],[13.270455,38.198071],[13.27067,38.197809],[13.271163,38.197198],[13.271318,38.197013],[13.271465,38.196854],[13.271584,38.196731],[13.271708,38.196608],[13.271806,38.196517],[13.271926,38.19642],[13.272084,38.196307],[13.272221,38.196217],[13.27235,38.196142],[13.272477,38.196074],[13.272674,38.195981],[13.272894,38.195893],[13.273065,38.195833],[13.273286,38.19577],[13.273532,38.195707],[13.273902,38.195625],[13.274653,38.19548],[13.275277,38.195363],[13.275609,38.195558],[13.275821,38.195252],[13.276606,38.195098],[13.276989,38.195015],[13.277307,38.194924],[13.277423,38.194888],[13.277607,38.194823],[13.277818,38.194736],[13.278092,38.194605],[13.278305,38.19449],[13.278518,38.194353],[13.278623,38.19428],[13.278794,38.194157],[13.280277,38.192986],[13.28051,38.192812],[13.280752,38.192661],[13.281035,38.192496],[13.281297,38.192374],[13.28152,38.192281],[13.281695,38.19222],[13.281981,38.192127],[13.282149,38.192083],[13.282311,38.192043],[13.282479,38.192008],[13.28263,38.191981],[13.282787,38.191959],[13.282973,38.191937],[13.283254,38.191924],[13.283755,38.191912],[13.284667,38.191919],[13.284882,38.191919],[13.285222,38.191897],[13.285536,38.191847],[13.285822,38.191793],[13.286193,38.191678],[13.286518,38.191547],[13.286777,38.191429],[13.287061,38.191255],[13.28725,38.191125],[13.287605,38.190849],[13.287863,38.190637],[13.288379,38.190195],[13.288193,38.189974],[13.288379,38.190195],[13.28918,38.189509],[13.289341,38.189365],[13.289388,38.18932],[13.289442,38.189259],[13.289541,38.189137],[13.289648,38.188999],[13.289819,38.188748],[13.2899,38.188621],[13.290049,38.188364],[13.290199,38.188055],[13.290607,38.187125],[13.290965,38.186267],[13.291337,38.185387],[13.291607,38.184708],[13.291937,38.183921],[13.29221,38.183252],[13.292718,38.182023],[13.292853,38.181703],[13.293134,38.181027],[13.293394,38.180418],[13.293548,38.180058],[13.29369,38.179743],[13.293867,38.179376],[13.293985,38.17914],[13.294211,38.178713],[13.294325,38.178508],[13.294478,38.17825],[13.294707,38.177875],[13.294798,38.177732],[13.295037,38.17737],[13.295169,38.177174],[13.295587,38.176595],[13.295696,38.176452],[13.295872,38.176225],[13.29609,38.17596],[13.296485,38.175511],[13.296889,38.175071],[13.297029,38.174921],[13.297491,38.174438],[13.297832,38.174085],[13.297867,38.174051],[13.297898,38.174068],[13.298426,38.173525],[13.299126,38.172804],[13.29976,38.172149],[13.300353,38.171527],[13.300647,38.171231],[13.300793,38.171092],[13.300919,38.170979],[13.30105,38.170874],[13.301206,38.170755],[13.301373,38.170636],[13.301534,38.170529],[13.301743,38.170401],[13.30196,38.170282],[13.302107,38.170204],[13.302316,38.170108],[13.302525,38.170021],[13.302756,38.169931],[13.302997,38.169843],[13.303508,38.169665],[13.304404,38.169347],[13.305541,38.168929],[13.306185,38.168692],[13.306465,38.168585],[13.306808,38.168444],[13.307056,38.168335],[13.307303,38.168222],[13.307639,38.168068],[13.308174,38.167827],[13.308941,38.167464],[13.309621,38.167145],[13.309567,38.167201],[13.309692,38.167077],[13.310706,38.166588],[13.31185,38.166037],[13.314314,38.164817],[13.314678,38.164635],[13.314946,38.16448],[13.315143,38.16436],[13.31533,38.164235],[13.315506,38.164098],[13.315691,38.163927],[13.315885,38.163736],[13.316118,38.163473],[13.316417,38.163144],[13.31645,38.162607],[13.316593,38.162949],[13.317258,38.162225],[13.317902,38.161495],[13.318258,38.161044],[13.318495,38.160721],[13.318842,38.160243],[13.319185,38.159764],[13.320443,38.157813],[13.321568,38.155964],[13.321895,38.155449],[13.321922,38.15546],[13.32195,38.155471],[13.322251,38.154996],[13.322448,38.154688],[13.322585,38.154485],[13.322711,38.154309],[13.32285,38.154125],[13.323031,38.153897],[13.323154,38.153749],[13.323407,38.153459],[13.323714,38.153134],[13.3286,38.148001],[13.328964,38.147622],[13.328882,38.147678],[13.329033,38.147493],[13.33688,38.139546],[13.338204,38.138204],[13.338315,38.138085],[13.338439,38.137945],[13.338555,38.137809],[13.338705,38.137618],[13.338835,38.137444],[13.338942,38.137291],[13.339053,38.137126],[13.339159,38.136957],[13.339273,38.136768],[13.339384,38.136576],[13.339635,38.136134],[13.340126,38.135229],[13.340246,38.134995],[13.340383,38.134722],[13.340487,38.134496],[13.340582,38.134287],[13.340752,38.133884],[13.341395,38.132338],[13.341581,38.131936],[13.341776,38.131425],[13.341834,38.131289],[13.341878,38.13119],[13.341952,38.131035],[13.342078,38.130799],[13.342299,38.130412],[13.34252,38.130033],[13.342618,38.129868],[13.342737,38.129655],[13.342839,38.129472],[13.34294,38.129285],[13.343118,38.128946],[13.343212,38.128758],[13.343437,38.128289],[13.34367,38.127933],[13.343904,38.127446],[13.344136,38.126978],[13.34428,38.126705],[13.344401,38.126494],[13.344564,38.126237],[13.344724,38.125998],[13.3449,38.125752],[13.345107,38.12545],[13.345277,38.125193],[13.345747,38.124425],[13.345531,38.124363],[13.345747,38.124425],[13.346093,38.123829],[13.346367,38.12335],[13.346532,38.123042],[13.346681,38.122725],[13.346779,38.122484],[13.349675,38.115028],[13.349772,38.114817],[13.349893,38.114594],[13.350356,38.113824],[13.351459,38.11197],[13.35176,38.111485],[13.351912,38.111257],[13.352058,38.111056],[13.352212,38.110859],[13.352366,38.110679],[13.352842,38.110193],[13.353064,38.109923],[13.354112,38.108932],[13.354092,38.108958],[13.354112,38.108932],[13.355105,38.107986],[13.355232,38.10787],[13.355365,38.107755],[13.355588,38.107569],[13.355682,38.10749],[13.360264,38.103654],[13.360519,38.103442],[13.360776,38.103244],[13.361055,38.103042],[13.361589,38.102694],[13.361622,38.102697],[13.361882,38.102554],[13.362069,38.102438],[13.362258,38.102325],[13.364068,38.101273],[13.366475,38.099894],[13.367576,38.099258],[13.367744,38.099161],[13.368051,38.098991],[13.368291,38.098862],[13.368591,38.098723],[13.3689,38.098603],[13.369264,38.098489],[13.369545,38.098418],[13.369771,38.098373],[13.370005,38.098337],[13.370395,38.098296],[13.370843,38.098272],[13.370845,38.09825]]},"properties":{"id":"linea-ferrovia-5-0","route_id":"ferrovia-5","numero":"M5","nome":"Palermo Aeroporto ⇄ Palermo Guadagna","colore":"#B7282E","tipo":"ferrovia","direzione":0,"da":"Palermo Aeroporto","a":"Palermo Guadagna","fermate":["f830012133","f830012069","f830012132","f830012140","f830012134","f830012143","f830012130","f830012135","f830012144"],"lon":13.268408,"lat":38.199361}},{"type":"Feature","geometry":{"type":"LineString","coordinates":[[13.370845,38.09825],[13.370843,38.098272],[13.370395,38.098296],[13.370005,38.098337],[13.369771,38.098373],[13.369545,38.098418],[13.369264,38.098489],[13.3689,38.098603],[13.368591,38.098723],[13.368291,38.098862],[13.368051,38.098991],[13.367744,38.099161],[13.367576,38.099258],[13.366475,38.099894],[13.364068,38.101273],[13.362258,38.102325],[13.362069,38.102438],[13.361882,38.102554],[13.361622,38.102697],[13.361589,38.102694],[13.361055,38.103042],[13.360776,38.103244],[13.360519,38.103442],[13.360264,38.103654],[13.355682,38.10749],[13.355588,38.107569],[13.355365,38.107755],[13.355232,38.10787],[13.355105,38.107986],[13.354112,38.108932],[13.354092,38.108958],[13.354112,38.108932],[13.353064,38.109923],[13.352842,38.110193],[13.352366,38.110679],[13.352212,38.110859],[13.352058,38.111056],[13.351912,38.111257],[13.35176,38.111485],[13.351459,38.11197],[13.350356,38.113824],[13.349893,38.114594],[13.349772,38.114817],[13.349675,38.115028],[13.346779,38.122484],[13.346681,38.122725],[13.346532,38.123042],[13.346367,38.12335],[13.346093,38.123829],[13.345747,38.124425],[13.345531,38.124363],[13.345747,38.124425],[13.345277,38.125193],[13.345107,38.12545],[13.3449,38.125752],[13.344724,38.125998],[13.344564,38.126237],[13.344401,38.126494],[13.34428,38.126705],[13.344136,38.126978],[13.343904,38.127446],[13.34367,38.127933],[13.343437,38.128289],[13.343212,38.128758],[13.343118,38.128946],[13.34294,38.129285],[13.342839,38.129472],[13.342737,38.129655],[13.342618,38.129868],[13.34252,38.130033],[13.342299,38.130412],[13.342078,38.130799],[13.341952,38.131035],[13.341878,38.13119],[13.341834,38.131289],[13.341776,38.131425],[13.341581,38.131936],[13.341395,38.132338],[13.340752,38.133884],[13.340582,38.134287],[13.340487,38.134496],[13.340383,38.134722],[13.340246,38.134995],[13.340126,38.135229],[13.339635,38.136134],[13.339384,38.136576],[13.339273,38.136768],[13.339159,38.136957],[13.339053,38.137126],[13.338942,38.137291],[13.338835,38.137444],[13.338705,38.137618],[13.338555,38.137809],[13.338439,38.137945],[13.338315,38.138085],[13.338204,38.138204],[13.33688,38.139546],[13.329033,38.147493],[13.328882,38.147678],[13.328964,38.147622],[13.3286,38.148001],[13.323714,38.153134],[13.323407,38.153459],[13.323154,38.153749],[13.323031,38.153897],[13.32285,38.154125],[13.322711,38.154309],[13.322585,38.154485],[13.322448,38.154688],[13.322251,38.154996],[13.32195,38.155471],[13.321922,38.15546],[13.321895,38.155449],[13.321568,38.155964],[13.320443,38.157813],[13.319185,38.159764],[13.318842,38.160243],[13.318495,38.160721],[13.318258,38.161044],[13.317902,38.161495],[13.317258,38.162225],[13.316593,38.162949],[13.31645,38.162607],[13.316417,38.163144],[13.316118,38.163473],[13.315885,38.163736],[13.315691,38.163927],[13.315506,38.164098],[13.31533,38.164235],[13.315143,38.16436],[13.314946,38.16448],[13.314678,38.164635],[13.314314,38.164817],[13.31185,38.166037],[13.310706,38.166588],[13.309692,38.167077],[13.309567,38.167201],[13.309621,38.167145],[13.308941,38.167464],[13.308174,38.167827],[13.307639,38.168068],[13.307303,38.168222],[13.307056,38.168335],[13.306808,38.168444],[13.306465,38.168585],[13.306185,38.168692],[13.305541,38.168929],[13.304404,38.169347],[13.303508,38.169665],[13.302997,38.169843],[13.302756,38.169931],[13.302525,38.170021],[13.302316,38.170108],[13.302107,38.170204],[13.30196,38.170282],[13.301743,38.170401],[13.301534,38.170529],[13.301373,38.170636],[13.301206,38.170755],[13.30105,38.170874],[13.300919,38.170979],[13.300793,38.171092],[13.300647,38.171231],[13.300353,38.171527],[13.29976,38.172149],[13.299126,38.172804],[13.298426,38.173525],[13.297898,38.174068],[13.297867,38.174051],[13.297832,38.174085],[13.297491,38.174438],[13.297029,38.174921],[13.296889,38.175071],[13.296485,38.175511],[13.29609,38.17596],[13.295872,38.176225],[13.295696,38.176452],[13.295587,38.176595],[13.295169,38.177174],[13.295037,38.17737],[13.294798,38.177732],[13.294707,38.177875],[13.294478,38.17825],[13.294325,38.178508],[13.294211,38.178713],[13.293985,38.17914],[13.293867,38.179376],[13.29369,38.179743],[13.293548,38.180058],[13.293394,38.180418],[13.293134,38.181027],[13.292853,38.181703],[13.292718,38.182023],[13.29221,38.183252],[13.291937,38.183921],[13.291607,38.184708],[13.291337,38.185387],[13.290965,38.186267],[13.290607,38.187125],[13.290199,38.188055],[13.290049,38.188364],[13.2899,38.188621],[13.289819,38.188748],[13.289648,38.188999],[13.289541,38.189137],[13.289442,38.189259],[13.289388,38.18932],[13.289341,38.189365],[13.28918,38.189509],[13.288379,38.190195],[13.288193,38.189974],[13.288379,38.190195],[13.287863,38.190637],[13.287605,38.190849],[13.28725,38.191125],[13.287061,38.191255],[13.286777,38.191429],[13.286518,38.191547],[13.286193,38.191678],[13.285822,38.191793],[13.285536,38.191847],[13.285222,38.191897],[13.284882,38.191919],[13.284667,38.191919],[13.283755,38.191912],[13.283254,38.191924],[13.282973,38.191937],[13.282787,38.191959],[13.28263,38.191981],[13.282479,38.192008],[13.282311,38.192043],[13.282149,38.192083],[13.281981,38.192127],[13.281695,38.19222],[13.28152,38.192281],[13.281297,38.192374],[13.281035,38.192496],[13.280752,38.192661],[13.28051,38.192812],[13.280277,38.192986],[13.278794,38.194157],[13.278623,38.19428],[13.278518,38.194353],[13.278305,38.19449],[13.278092,38.194605],[13.277818,38.194736],[13.277607,38.194823],[13.277423,38.194888],[13.277307,38.194924],[13.276989,38.195015],[13.276606,38.195098],[13.275821,38.195252],[13.275609,38.195558],[13.275277,38.195363],[13.274653,38.19548],[13.273902,38.195625],[13.273532,38.195707],[13.273286,38.19577],[13.273065,38.195833],[13.272894,38.195893],[13.272674,38.195981],[13.272477,38.196074],[13.27235,38.196142],[13.272221,38.196217],[13.272084,38.196307],[13.271926,38.19642],[13.271806,38.196517],[13.271708,38.196608],[13.271584,38.196731],[13.271465,38.196854],[13.271318,38.197013],[13.271163,38.197198],[13.27067,38.197809],[13.270455,38.198071],[13.270254,38.198297],[13.270098,38.198458],[13.27001,38.198542],[13.26993,38.198611],[13.269816,38.198709],[13.269709,38.19879],[13.269615,38.198856],[13.269512,38.198924],[13.269395,38.198995],[13.269287,38.199052],[13.269191,38.199096],[13.269107,38.199131],[13.269053,38.199155],[13.268751,38.199264],[13.268408,38.199361],[13.268067,38.199421],[13.267743,38.199452],[13.267405,38.19947],[13.267011,38.199463],[13.266682,38.199435],[13.266394,38.199397],[13.2662,38.199362],[13.265898,38.199306],[13.264458,38.199032],[13.263729,38.198901],[13.263434,38.198862],[13.263173,38.198834],[13.262947,38.198824],[13.26269,38.198817],[13.262497,38.198824],[13.262358,38.198833],[13.262218,38.19885],[13.262033,38.198875],[13.261837,38.198912],[13.26165,38.198957],[13.261299,38.19906],[13.260897,38.199204],[13.260569,38.199325],[13.260319,38.199412],[13.259948,38.199528],[13.259664,38.199593],[13.259417,38.199632],[13.259141,38.199661],[13.258898,38.199672],[13.258684,38.199667],[13.258426,38.199649],[13.258164,38.199615],[13.257896,38.199561],[13.25768,38.199503],[13.257407,38.199413],[13.257173,38.199321],[13.256889,38.199175],[13.256687,38.199054],[13.256466,38.198909],[13.255956,38.198533],[13.255575,38.198275],[13.255379,38.198147],[13.255086,38.197972],[13.254725,38.197775],[13.25419,38.197501],[13.253991,38.197394],[13.253777,38.197275],[13.253537,38.197141],[13.253357,38.197044],[13.25311,38.196917],[13.252999,38.196862],[13.252329,38.196519],[13.251845,38.196262],[13.251636,38.196134],[13.251378,38.19595],[13.25109,38.195707],[13.250877,38.19548],[13.250699,38.195271],[13.250555,38.195067],[13.250485,38.194956],[13.250341,38.194722],[13.250327,38.194699],[13.250198,38.194489],[13.250101,38.194366],[13.249803,38.193956],[13.249759,38.193886],[13.249045,38.192747],[13.249026,38.192718],[13.248395,38.191707],[13.247528,38.190341],[13.246789,38.189146],[13.246109,38.188092],[13.245947,38.187839],[13.245917,38.187793],[13.244867,38.186229],[13.24416,38.185115],[13.244046,38.184943],[13.243588,38.184316],[13.242127,38.182226],[13.241041,38.18029],[13.24029,38.17909],[13.23995,38.178565],[13.239625,38.178136],[13.238773,38.1772],[13.238517,38.176936],[13.238349,38.176891],[13.238469,38.176958],[13.237477,38.175927],[13.2369,38.175343],[13.236411,38.174827],[13.235618,38.173968],[13.234687,38.173028],[13.234104,38.172606],[13.233613,38.172319],[13.229415,38.170546],[13.227181,38.169695],[13.227026,38.169636],[13.226809,38.169547],[13.226414,38.169368],[13.225955,38.169126],[13.225551,38.168882],[13.225268,38.16868],[13.224869,38.168363],[13.224568,38.168086],[13.224211,38.167748],[13.223955,38.167495],[13.222995,38.166519],[13.222331,38.165935],[13.221809,38.165535],[13.221163,38.165109],[13.220236,38.164589],[13.219301,38.164093],[13.218808,38.163839],[13.218316,38.163579],[13.218192,38.163498],[13.218034,38.16343],[13.217471,38.163125],[13.209768,38.158948],[13.192764,38.1498],[13.192701,38.149768],[13.192151,38.149485],[13.191765,38.149297],[13.191382,38.149141],[13.191119,38.149047],[13.190855,38.148966],[13.190179,38.148773],[13.188779,38.1483],[13.188313,38.148171],[13.187853,38.148041],[13.187456,38.147929],[13.186644,38.147705],[13.18663,38.147417],[13.186261,38.147596],[13.185969,38.147516],[13.185172,38.1473],[13.184567,38.147137],[13.184357,38.147085],[13.184122,38.147034],[13.183912,38.146996],[13.183717,38.146966],[13.183483,38.146938],[13.183265,38.146921],[13.183031,38.146912],[13.182783,38.146908],[13.182463,38.146911],[13.181868,38.146936],[13.181411,38.146957],[13.180165,38.147021],[13.179532,38.147085],[13.177073,38.147229],[13.176384,38.147271],[13.174679,38.147346],[13.17396,38.147401],[13.173165,38.147494],[13.172666,38.147581],[13.171952,38.147752],[13.171478,38.147907],[13.17107,38.148066],[13.1705,38.14833],[13.169959,38.148634],[13.169312,38.149054],[13.168038,38.149954],[13.167331,38.15047],[13.167216,38.150554],[13.167009,38.150705],[13.165036,38.152097],[13.164928,38.152173],[13.164739,38.152307],[13.16254,38.153838],[13.162174,38.154094],[13.162073,38.154165],[13.161165,38.1548],[13.160326,38.155357],[13.159383,38.155917],[13.157641,38.156896],[13.156421,38.157612],[13.155721,38.158069],[13.154909,38.158641],[13.152636,38.160242],[13.151516,38.161044],[13.15096,38.161464],[13.150813,38.161581],[13.15036,38.161951],[13.150157,38.162142],[13.149954,38.16234],[13.149748,38.162585],[13.149533,38.162861],[13.149422,38.163036],[13.146924,38.167287],[13.146633,38.167739],[13.146355,38.168117],[13.145983,38.168535],[13.145578,38.168923],[13.145172,38.16929],[13.144747,38.169643],[13.144003,38.170197],[13.143262,38.17071],[13.143033,38.170856],[13.142385,38.171265],[13.14211,38.171442],[13.141742,38.171678],[13.141645,38.171815],[13.141666,38.171686],[13.14123,38.171965],[13.140981,38.172125],[13.140672,38.172325],[13.140488,38.172447],[13.140274,38.172588],[13.140083,38.172719],[13.139912,38.172839],[13.139493,38.173149],[13.138902,38.173587],[13.138434,38.17394],[13.137993,38.174276],[13.1376,38.174576],[13.137295,38.174807],[13.13024,38.180153],[13.129949,38.180381],[13.129604,38.180666],[13.129312,38.180921],[13.128659,38.181516],[13.128395,38.181779],[13.128135,38.182055],[13.127875,38.182354],[13.127747,38.182524],[13.127614,38.182728],[13.127516,38.182916],[13.12736,38.183276],[13.127239,38.18358],[13.127167,38.183786],[13.127058,38.184127],[13.126788,38.185022],[13.126707,38.185285],[13.126641,38.185473],[13.126599,38.185584],[13.126532,38.185743],[13.12644,38.185945],[13.126346,38.186132],[13.126255,38.186296],[13.126179,38.18642],[13.126062,38.186599],[13.125893,38.18683],[13.125724,38.187041],[13.125504,38.187293],[13.125234,38.187582],[13.125079,38.187731],[13.124874,38.18791],[13.124491,38.188215],[13.123969,38.188605],[13.123887,38.188862],[13.123677,38.18886],[13.123321,38.18912],[13.122916,38.189402],[13.122423,38.189708],[13.122073,38.1899],[13.121832,38.190026],[13.121414,38.190208],[13.121131,38.190318],[13.120798,38.190436],[13.120507,38.190522],[13.120247,38.190592],[13.119977,38.190658],[13.119607,38.190734],[13.119205,38.190794],[13.11879,38.190841],[13.118317,38.190872],[13.117872,38.190879],[13.117531,38.190873],[13.117203,38.190854],[13.116792,38.190815],[13.11635,38.190756],[13.115922,38.190675],[13.115557,38.19059],[13.115117,38.190467],[13.114829,38.190377],[13.114276,38.190197],[13.112223,38.189512],[13.110377,38.188905],[13.109988,38.188734],[13.109721,38.188645],[13.109165,38.18846],[13.108809,38.188341],[13.108664,38.18829],[13.108562,38.188249],[13.108463,38.188206],[13.108379,38.188172],[13.108216,38.188117],[13.105826,38.18732],[13.10582,38.187374]]},"properties":{"id":"linea-ferrovia-5-1","route_id":"ferrovia-5","numero":"M5","nome":"Palermo Aeroporto ⇄ Palermo Guadagna","colore":"#B7282E","tipo":"ferrovia","direzione":1,"da":"Palermo Guadagna","a":"Palermo Aeroporto","fermate":["f830012144","f830012135","f830012130","f830012143","f830012134","f830012140","f830012132","f830012069","f830012133"],"lon":13.268067,"lat":38.199421}},{"type":"Feature","geometry":{"type":"LineString","coordinates":[[13.367517,38.108859],[13.367647,38.108918],[13.368202,38.108185],[13.368517,38.107767],[13.368619,38.107633],[13.368744,38.107471],[13.368801,38.107396],[13.368882,38.107299],[13.368968,38.107206],[13.369044,38.107127],[13.369137,38.107035],[13.369231,38.106946],[13.369337,38.106856],[13.369442,38.106769],[13.369566,38.106676],[13.369688,38.106589],[13.369821,38.106499],[13.369955,38.106415],[13.370087,38.106339],[13.37022,38.106267],[13.370371,38.106193],[13.37051,38.106128],[13.370677,38.106057],[13.370814,38.106001],[13.371268,38.105826],[13.371923,38.105567],[13.372339,38.1054],[13.372571,38.105293],[13.372716,38.105217],[13.372799,38.105169],[13.372888,38.105116],[13.373018,38.105037],[13.373136,38.104965],[13.373483,38.104719],[13.373582,38.104649],[13.373904,38.104426],[13.374205,38.104203],[13.374373,38.104074],[13.374469,38.103996],[13.374548,38.103927],[13.374626,38.103853],[13.374696,38.10378],[13.374773,38.103693],[13.37483,38.10362],[13.374885,38.103549],[13.374936,38.103479],[13.374984,38.1034],[13.375023,38.103328],[13.375067,38.103243],[13.375105,38.103156],[13.375143,38.103063],[13.375178,38.102959],[13.3752,38.102878],[13.375219,38.102792],[13.375235,38.102693],[13.375247,38.102583],[13.375252,38.102491],[13.375251,38.102394],[13.375248,38.1023],[13.375239,38.102217],[13.37522,38.102112],[13.375203,38.102028],[13.375177,38.10193],[13.375117,38.101728],[13.374993,38.101333],[13.374556,38.099947],[13.374514,38.099815],[13.374482,38.099728],[13.374448,38.09964],[13.374412,38.099564],[13.374374,38.099491],[13.374323,38.099402],[13.374281,38.099337],[13.374218,38.09925],[13.374158,38.099175],[13.374079,38.099092],[13.373999,38.09901],[13.373911,38.098935],[13.373823,38.098864],[13.37373,38.098797],[13.373636,38.098737],[13.373517,38.098668],[13.3734,38.09861],[13.373278,38.098555],[13.373144,38.098506],[13.373016,38.098463],[13.372914,38.098434],[13.372766,38.0984],[13.37257,38.098366],[13.372258,38.098331],[13.3719,38.098298],[13.37155,38.098272],[13.371228,38.098268],[13.370864,38.098272],[13.370845,38.09825],[13.370843,38.098272],[13.370395,38.098296],[13.370005,38.098337],[13.369771,38.098373],[13.369545,38.098418],[13.369264,38.098489],[13.3689,38.098603],[13.368591,38.098723],[13.368291,38.098862],[13.368051,38.098991],[13.367744,38.099161],[13.367576,38.099258],[13.366475,38.099894],[13.364068,38.101273],[13.362258,38.102325],[13.362069,38.102438],[13.361882,38.102554],[13.361622,38.102697],[13.361589,38.102694],[13.361055,38.103042],[13.360776,38.103244],[13.360519,38.103442],[13.360264,38.103654],[13.355682,38.10749],[13.355588,38.107569],[13.355365,38.107755],[13.355232,38.10787],[13.355105,38.107986],[13.354112,38.108932],[13.354092,38.108958],[13.354112,38.108932],[13.353064,38.109923],[13.352842,38.110193],[13.352366,38.110679],[13.352212,38.110859],[13.352058,38.111056],[13.351912,38.111257],[13.35176,38.111485],[13.351459,38.11197],[13.350356,38.113824],[13.349893,38.114594],[13.349772,38.114817],[13.349675,38.115028],[13.346779,38.122484],[13.346681,38.122725],[13.346532,38.123042],[13.346367,38.12335],[13.346093,38.123829],[13.345747,38.124425],[13.345531,38.124363],[13.345747,38.124425],[13.345277,38.125193],[13.345107,38.12545],[13.3449,38.125752],[13.344724,38.125998],[13.344564,38.126237],[13.344401,38.126494],[13.34428,38.126705],[13.344136,38.126978],[13.343904,38.127446],[13.34367,38.127933],[13.343437,38.128289],[13.343212,38.128758],[13.343118,38.128946],[13.34294,38.129285],[13.342839,38.129472],[13.342737,38.129655],[13.342618,38.129868],[13.34252,38.130033],[13.342299,38.130412],[13.342078,38.130799],[13.341952,38.131035],[13.341878,38.13119],[13.341834,38.131289],[13.341776,38.131425],[13.341581,38.131936]]},"properties":{"id":"linea-ferrovia-6-0","route_id":"ferrovia-6","numero":"M6","nome":"Palermo Centrale ⇄ Palermo Notarbartolo","colore":"#B7282E","tipo":"ferrovia","direzione":0,"da":"Palermo Centrale","a":"Palermo Notarbartolo","fermate":["f830012002","f830012144","f830012135","f830012130","f830012143","f830012134"],"lon":13.373016,"lat":38.098463}},{"type":"Feature","geometry":{"type":"LineString","coordinates":[[13.341581,38.131936],[13.341776,38.131425],[13.341834,38.131289],[13.341878,38.13119],[13.341952,38.131035],[13.342078,38.130799],[13.342299,38.130412],[13.34252,38.130033],[13.342618,38.129868],[13.342737,38.129655],[13.342839,38.129472],[13.34294,38.129285],[13.343118,38.128946],[13.343212,38.128758],[13.343437,38.128289],[13.34367,38.127933],[13.343904,38.127446],[13.344136,38.126978],[13.34428,38.126705],[13.344401,38.126494],[13.344564,38.126237],[13.344724,38.125998],[13.3449,38.125752],[13.345107,38.12545],[13.345277,38.125193],[13.345747,38.124425],[13.345531,38.124363],[13.345747,38.124425],[13.346093,38.123829],[13.346367,38.12335],[13.346532,38.123042],[13.346681,38.122725],[13.346779,38.122484],[13.349675,38.115028],[13.349772,38.114817],[13.349893,38.114594],[13.350356,38.113824],[13.351459,38.11197],[13.35176,38.111485],[13.351912,38.111257],[13.352058,38.111056],[13.352212,38.110859],[13.352366,38.110679],[13.352842,38.110193],[13.353064,38.109923],[13.354112,38.108932],[13.354092,38.108958],[13.354112,38.108932],[13.355105,38.107986],[13.355232,38.10787],[13.355365,38.107755],[13.355588,38.107569],[13.355682,38.10749],[13.360264,38.103654],[13.360519,38.103442],[13.360776,38.103244],[13.361055,38.103042],[13.361589,38.102694],[13.361622,38.102697],[13.361882,38.102554],[13.362069,38.102438],[13.362258,38.102325],[13.364068,38.101273],[13.366475,38.099894],[13.367576,38.099258],[13.367744,38.099161],[13.368051,38.098991],[13.368291,38.098862],[13.368591,38.098723],[13.3689,38.098603],[13.369264,38.098489],[13.369545,38.098418],[13.369771,38.098373],[13.370005,38.098337],[13.370395,38.098296],[13.370843,38.098272],[13.370845,38.09825],[13.370864,38.098272],[13.371228,38.098268],[13.37155,38.098272],[13.3719,38.098298],[13.372258,38.098331],[13.37257,38.098366],[13.372766,38.0984],[13.372914,38.098434],[13.373016,38.098463],[13.373144,38.098506],[13.373278,38.098555],[13.3734,38.09861],[13.373517,38.098668],[13.373636,38.098737],[13.37373,38.098797],[13.373823,38.098864],[13.373911,38.098935],[13.373999,38.09901],[13.374079,38.099092],[13.374158,38.099175],[13.374218,38.09925],[13.374281,38.099337],[13.374323,38.099402],[13.374374,38.099491],[13.374412,38.099564],[13.374448,38.09964],[13.374482,38.099728],[13.374514,38.099815],[13.374556,38.099947],[13.374993,38.101333],[13.375117,38.101728],[13.375177,38.10193],[13.375203,38.102028],[13.37522,38.102112],[13.375239,38.102217],[13.375248,38.1023],[13.375251,38.102394],[13.375252,38.102491],[13.375247,38.102583],[13.375235,38.102693],[13.375219,38.102792],[13.3752,38.102878],[13.375178,38.102959],[13.375143,38.103063],[13.375105,38.103156],[13.375067,38.103243],[13.375023,38.103328],[13.374984,38.1034],[13.374936,38.103479],[13.374885,38.103549],[13.37483,38.10362],[13.374773,38.103693],[13.374696,38.10378],[13.374626,38.103853],[13.374548,38.103927],[13.374469,38.103996],[13.374373,38.104074],[13.374205,38.104203],[13.373904,38.104426],[13.373582,38.104649],[13.373483,38.104719],[13.373136,38.104965],[13.373018,38.105037],[13.372888,38.105116],[13.372799,38.105169],[13.372716,38.105217],[13.372571,38.105293],[13.372339,38.1054],[13.371923,38.105567],[13.371268,38.105826],[13.370814,38.106001],[13.370677,38.106057],[13.37051,38.106128],[13.370371,38.106193],[13.37022,38.106267],[13.370087,38.106339],[13.369955,38.106415],[13.369821,38.106499],[13.369688,38.106589],[13.369566,38.106676],[13.369442,38.106769],[13.369337,38.106856],[13.369231,38.106946],[13.369137,38.107035],[13.369044,38.107127],[13.368968,38.107206],[13.368882,38.107299],[13.368801,38.107396],[13.368744,38.107471],[13.368619,38.107633],[13.368517,38.107767],[13.368202,38.108185],[13.367647,38.108918],[13.367517,38.108859]]},"properties":{"id":"linea-ferrovia-6-1","route_id":"ferrovia-6","numero":"M6","nome":"Palermo Centrale ⇄ Palermo Notarbartolo","colore":"#B7282E","tipo":"ferrovia","direzione":1,"da":"Palermo Notarbartolo","a":"Palermo Centrale","fermate":["f830012134","f830012143","f830012130","f830012135","f830012144","f830012002"],"lon":13.373016,"lat":38.098463}},{"type":"Feature","geometry":{"type":"LineString","coordinates":[[13.10582,38.187374],[13.105826,38.18732],[13.108216,38.188117],[13.108379,38.188172],[13.108463,38.188206],[13.108562,38.188249],[13.108664,38.18829],[13.108809,38.188341],[13.109165,38.18846],[13.109721,38.188645],[13.109988,38.188734],[13.110377,38.188905],[13.112223,38.189512],[13.114276,38.190197],[13.114829,38.190377],[13.115117,38.190467],[13.115557,38.19059],[13.115922,38.190675],[13.11635,38.190756],[13.116792,38.190815],[13.117203,38.190854],[13.117531,38.190873],[13.117872,38.190879],[13.118317,38.190872],[13.11879,38.190841],[13.119205,38.190794],[13.119607,38.190734],[13.119977,38.190658],[13.120247,38.190592],[13.120507,38.190522],[13.120798,38.190436],[13.121131,38.190318],[13.121414,38.190208],[13.121832,38.190026],[13.122073,38.1899],[13.122423,38.189708],[13.122916,38.189402],[13.123321,38.18912],[13.123677,38.18886],[13.123887,38.188862],[13.123969,38.188605],[13.124491,38.188215],[13.124874,38.18791],[13.125079,38.187731],[13.125234,38.187582],[13.125504,38.187293],[13.125724,38.187041],[13.125893,38.18683],[13.126062,38.186599],[13.126179,38.18642],[13.126255,38.186296],[13.126346,38.186132],[13.12644,38.185945],[13.126532,38.185743],[13.126599,38.185584],[13.126641,38.185473],[13.126707,38.185285],[13.126788,38.185022],[13.127058,38.184127],[13.127167,38.183786],[13.127239,38.18358],[13.12736,38.183276],[13.127516,38.182916],[13.127614,38.182728],[13.127747,38.182524],[13.127875,38.182354],[13.128135,38.182055],[13.128395,38.181779],[13.128659,38.181516],[13.129312,38.180921],[13.129604,38.180666],[13.129949,38.180381],[13.13024,38.180153],[13.137295,38.174807],[13.1376,38.174576],[13.137993,38.174276],[13.138434,38.17394],[13.138902,38.173587],[13.139493,38.173149],[13.139912,38.172839],[13.140083,38.172719],[13.140274,38.172588],[13.140488,38.172447],[13.140672,38.172325],[13.140981,38.172125],[13.14123,38.171965],[13.141666,38.171686],[13.141645,38.171815],[13.141742,38.171678],[13.14211,38.171442],[13.142385,38.171265],[13.143033,38.170856],[13.143262,38.17071],[13.144003,38.170197],[13.144747,38.169643],[13.145172,38.16929],[13.145578,38.168923],[13.145983,38.168535],[13.146355,38.168117],[13.146633,38.167739],[13.146924,38.167287],[13.149422,38.163036],[13.149533,38.162861],[13.149748,38.162585],[13.149954,38.16234],[13.150157,38.162142],[13.15036,38.161951],[13.150813,38.161581],[13.15096,38.161464],[13.151516,38.161044],[13.152636,38.160242],[13.154909,38.158641],[13.155721,38.158069],[13.156421,38.157612],[13.157641,38.156896],[13.159383,38.155917],[13.160326,38.155357],[13.161165,38.1548],[13.162073,38.154165],[13.162174,38.154094],[13.16254,38.153838],[13.164739,38.152307],[13.164928,38.152173],[13.165036,38.152097],[13.167009,38.150705],[13.167216,38.150554],[13.167331,38.15047],[13.168038,38.149954],[13.169312,38.149054],[13.169959,38.148634],[13.1705,38.14833],[13.17107,38.148066],[13.171478,38.147907],[13.171952,38.147752],[13.172666,38.147581],[13.173165,38.147494],[13.17396,38.147401],[13.174679,38.147346],[13.176384,38.147271],[13.177073,38.147229],[13.179532,38.147085],[13.180165,38.147021],[13.181411,38.146957],[13.181868,38.146936],[13.182463,38.146911],[13.182783,38.146908],[13.183031,38.146912],[13.183265,38.146921],[13.183483,38.146938],[13.183717,38.146966],[13.183912,38.146996],[13.184122,38.147034],[13.184357,38.147085],[13.184567,38.147137],[13.185172,38.1473],[13.185969,38.147516],[13.186261,38.147596],[13.18663,38.147417],[13.186644,38.147705],[13.187456,38.147929],[13.187853,38.148041],[13.188313,38.148171],[13.188779,38.1483],[13.190179,38.148773],[13.190855,38.148966],[13.191119,38.149047],[13.191382,38.149141],[13.191765,38.149297],[13.192151,38.149485],[13.192701,38.149768],[13.192764,38.1498],[13.209768,38.158948],[13.217471,38.163125],[13.218034,38.16343],[13.218192,38.163498],[13.218316,38.163579],[13.218808,38.163839],[13.219301,38.164093],[13.220236,38.164589],[13.221163,38.165109],[13.221809,38.165535],[13.222331,38.165935],[13.222995,38.166519],[13.223955,38.167495],[13.224211,38.167748],[13.224568,38.168086],[13.224869,38.168363],[13.225268,38.16868],[13.225551,38.168882],[13.225955,38.169126],[13.226414,38.169368],[13.226809,38.169547],[13.227026,38.169636],[13.227181,38.169695],[13.229415,38.170546],[13.233613,38.172319],[13.234104,38.172606],[13.234687,38.173028],[13.235618,38.173968],[13.236411,38.174827],[13.2369,38.175343],[13.237477,38.175927],[13.238469,38.176958],[13.238349,38.176891],[13.238517,38.176936],[13.238773,38.1772],[13.239625,38.178136],[13.23995,38.178565],[13.24029,38.17909],[13.241041,38.18029],[13.242127,38.182226],[13.243588,38.184316],[13.244046,38.184943],[13.24416,38.185115],[13.244867,38.186229],[13.245917,38.187793],[13.245947,38.187839],[13.246109,38.188092],[13.246789,38.189146],[13.247528,38.190341],[13.248395,38.191707],[13.249026,38.192718],[13.249045,38.192747],[13.249759,38.193886],[13.249803,38.193956],[13.250101,38.194366],[13.250198,38.194489],[13.250327,38.194699],[13.250341,38.194722],[13.250485,38.194956],[13.250555,38.195067],[13.250699,38.195271],[13.250877,38.19548],[13.25109,38.195707],[13.251378,38.19595],[13.251636,38.196134],[13.251845,38.196262],[13.252329,38.196519],[13.252999,38.196862],[13.25311,38.196917],[13.253357,38.197044],[13.253537,38.197141],[13.253777,38.197275],[13.253991,38.197394],[13.25419,38.197501],[13.254725,38.197775],[13.255086,38.197972],[13.255379,38.198147],[13.255575,38.198275],[13.255956,38.198533],[13.256466,38.198909],[13.256687,38.199054],[13.256889,38.199175],[13.257173,38.199321],[13.257407,38.199413],[13.25768,38.199503],[13.257896,38.199561],[13.258164,38.199615],[13.258426,38.199649],[13.258684,38.199667],[13.258898,38.199672],[13.259141,38.199661],[13.259417,38.199632],[13.259664,38.199593],[13.259948,38.199528],[13.260319,38.199412],[13.260569,38.199325],[13.260897,38.199204],[13.261299,38.19906],[13.26165,38.198957],[13.261837,38.198912],[13.262033,38.198875],[13.262218,38.19885],[13.262358,38.198833],[13.262497,38.198824],[13.26269,38.198817],[13.262947,38.198824],[13.263173,38.198834],[13.263434,38.198862],[13.263729,38.198901],[13.264458,38.199032],[13.265898,38.199306],[13.2662,38.199362],[13.266394,38.199397],[13.266682,38.199435],[13.267011,38.199463],[13.267405,38.19947],[13.267743,38.199452],[13.268067,38.199421],[13.268408,38.199361],[13.268751,38.199264],[13.269053,38.199155],[13.269107,38.199131],[13.269191,38.199096],[13.269287,38.199052],[13.269395,38.198995],[13.269512,38.198924],[13.269615,38.198856],[13.269709,38.19879],[13.269816,38.198709],[13.26993,38.198611],[13.27001,38.198542],[13.270098,38.198458],[13.270254,38.198297],[13.270455,38.198071],[13.27067,38.197809],[13.271163,38.197198],[13.271318,38.197013],[13.271465,38.196854],[13.271584,38.196731],[13.271708,38.196608],[13.271806,38.196517],[13.271926,38.19642],[13.272084,38.196307],[13.272221,38.196217],[13.27235,38.196142],[13.272477,38.196074],[13.272674,38.195981],[13.272894,38.195893],[13.273065,38.195833],[13.273286,38.19577],[13.273532,38.195707],[13.273902,38.195625],[13.274653,38.19548],[13.275277,38.195363],[13.275609,38.195558],[13.275821,38.195252],[13.276606,38.195098],[13.276989,38.195015],[13.277307,38.194924],[13.277423,38.194888],[13.277607,38.194823],[13.277818,38.194736],[13.278092,38.194605],[13.278305,38.19449],[13.278518,38.194353],[13.278623,38.19428],[13.278794,38.194157],[13.280277,38.192986],[13.28051,38.192812],[13.280752,38.192661],[13.281035,38.192496],[13.281297,38.192374],[13.28152,38.192281],[13.281695,38.19222],[13.281981,38.192127],[13.282149,38.192083],[13.282311,38.192043],[13.282479,38.192008],[13.28263,38.191981],[13.282787,38.191959],[13.282973,38.191937],[13.283254,38.191924],[13.283755,38.191912],[13.284667,38.191919],[13.284882,38.191919],[13.285222,38.191897],[13.285536,38.191847],[13.285822,38.191793],[13.286193,38.191678],[13.286518,38.191547],[13.286777,38.191429],[13.287061,38.191255],[13.28725,38.191125],[13.287605,38.190849],[13.287863,38.190637],[13.288379,38.190195],[13.288193,38.189974],[13.288379,38.190195],[13.28918,38.189509],[13.289341,38.189365],[13.289388,38.18932],[13.289442,38.189259],[13.289541,38.189137],[13.289648,38.188999],[13.289819,38.188748],[13.2899,38.188621],[13.290049,38.188364],[13.290199,38.188055],[13.290607,38.187125],[13.290965,38.186267],[13.291337,38.185387],[13.291607,38.184708],[13.291937,38.183921],[13.29221,38.183252],[13.292718,38.182023],[13.292853,38.181703],[13.293134,38.181027],[13.293394,38.180418],[13.293548,38.180058],[13.29369,38.179743],[13.293867,38.179376],[13.293985,38.17914],[13.294211,38.178713],[13.294325,38.178508],[13.294478,38.17825],[13.294707,38.177875],[13.294798,38.177732],[13.295037,38.17737],[13.295169,38.177174],[13.295587,38.176595],[13.295696,38.176452],[13.295872,38.176225],[13.29609,38.17596],[13.296485,38.175511],[13.296889,38.175071],[13.297029,38.174921],[13.297491,38.174438],[13.297832,38.174085],[13.297867,38.174051],[13.297898,38.174068],[13.298426,38.173525],[13.299126,38.172804],[13.29976,38.172149],[13.300353,38.171527],[13.300647,38.171231],[13.300793,38.171092],[13.300919,38.170979],[13.30105,38.170874],[13.301206,38.170755],[13.301373,38.170636],[13.301534,38.170529],[13.301743,38.170401],[13.30196,38.170282],[13.302107,38.170204],[13.302316,38.170108],[13.302525,38.170021],[13.302756,38.169931],[13.302997,38.169843],[13.303508,38.169665],[13.304404,38.169347],[13.305541,38.168929],[13.306185,38.168692],[13.306465,38.168585],[13.306808,38.168444],[13.307056,38.168335],[13.307303,38.168222],[13.307639,38.168068],[13.308174,38.167827],[13.308941,38.167464],[13.309621,38.167145],[13.309567,38.167201],[13.309692,38.167077],[13.310706,38.166588],[13.31185,38.166037],[13.314314,38.164817],[13.314678,38.164635],[13.314946,38.16448],[13.315143,38.16436],[13.31533,38.164235],[13.315506,38.164098],[13.315691,38.163927],[13.315885,38.163736],[13.316118,38.163473],[13.316417,38.163144],[13.31645,38.162607],[13.316593,38.162949],[13.317258,38.162225],[13.317902,38.161495],[13.318258,38.161044],[13.318495,38.160721],[13.318842,38.160243],[13.319185,38.159764],[13.320443,38.157813],[13.321568,38.155964],[13.321895,38.155449],[13.321922,38.15546],[13.32195,38.155471],[13.322251,38.154996],[13.322448,38.154688],[13.322585,38.154485],[13.322711,38.154309],[13.32285,38.154125],[13.323031,38.153897],[13.323154,38.153749],[13.323407,38.153459],[13.323714,38.153134],[13.3286,38.148001],[13.328964,38.147622],[13.328882,38.147678],[13.329033,38.147493],[13.33688,38.139546],[13.338204,38.138204],[13.338315,38.138085],[13.338439,38.137945],[13.338555,38.137809],[13.338705,38.137618],[13.338835,38.137444],[13.338942,38.137291],[13.339053,38.137126],[13.339159,38.136957],[13.339273,38.136768],[13.339384,38.136576],[13.339635,38.136134],[13.340126,38.135229],[13.340246,38.134995],[13.340383,38.134722],[13.340487,38.134496],[13.340582,38.134287],[13.340752,38.133884],[13.341395,38.132338],[13.341581,38.131936],[13.341776,38.131425],[13.341834,38.131289],[13.341878,38.13119],[13.341952,38.131035],[13.342078,38.130799],[13.342299,38.130412],[13.34252,38.130033],[13.342618,38.129868],[13.342737,38.129655],[13.342839,38.129472],[13.34294,38.129285],[13.343118,38.128946],[13.343212,38.128758],[13.343437,38.128289],[13.34367,38.127933],[13.343904,38.127446],[13.344136,38.126978],[13.34428,38.126705],[13.344401,38.126494],[13.344564,38.126237],[13.344724,38.125998],[13.3449,38.125752],[13.345107,38.12545],[13.345277,38.125193],[13.345747,38.124425],[13.345531,38.124363],[13.345747,38.124425],[13.346093,38.123829],[13.346367,38.12335],[13.346532,38.123042],[13.346681,38.122725],[13.346779,38.122484],[13.349675,38.115028],[13.349772,38.114817],[13.349893,38.114594],[13.350356,38.113824],[13.351459,38.11197],[13.35176,38.111485],[13.351912,38.111257],[13.352058,38.111056],[13.352212,38.110859],[13.352366,38.110679],[13.352842,38.110193],[13.353104,38.109948],[13.35415,38.108958],[13.355147,38.108012],[13.355266,38.1079],[13.355424,38.10776],[13.355616,38.107593],[13.35574,38.107491],[13.360295,38.103679],[13.360551,38.103466],[13.360801,38.103271],[13.361083,38.103069],[13.361615,38.102722],[13.361882,38.102554],[13.362069,38.102438],[13.362258,38.102325],[13.364068,38.101273],[13.366475,38.099894],[13.367576,38.099258],[13.367744,38.099161],[13.368051,38.098991],[13.368291,38.098862],[13.368591,38.098723],[13.3689,38.098603],[13.369264,38.098489],[13.369545,38.098418],[13.369771,38.098373],[13.370005,38.098337],[13.370395,38.098296],[13.370843,38.098272],[13.370864,38.098272],[13.371228,38.098268],[13.37155,38.098272],[13.37177,38.098274],[13.372047,38.098274],[13.372195,38.098274],[13.372481,38.098272],[13.372632,38.098271],[13.373023,38.098271],[13.373303,38.09827],[13.373503,38.098266],[13.373697,38.098261],[13.374103,38.098243],[13.374342,38.098227],[13.374488,38.098212],[13.374632,38.098195],[13.374772,38.098182],[13.375008,38.098166],[13.375754,38.098131],[13.37649,38.098097],[13.377825,38.098035],[13.378436,38.098008],[13.378917,38.097987],[13.379357,38.097973],[13.380723,38.097934],[13.38154,38.09791],[13.382255,38.097893],[13.382533,38.097883],[13.382673,38.097876],[13.382761,38.097871],[13.382884,38.097863],[13.383037,38.097852],[13.383184,38.097838],[13.383345,38.097821],[13.383542,38.097798],[13.383748,38.097772],[13.383926,38.097745],[13.384088,38.097718],[13.384248,38.09769],[13.384397,38.09766],[13.384553,38.097626],[13.38469,38.097592],[13.384827,38.097553],[13.384952,38.097515],[13.385089,38.097468],[13.38525,38.097407],[13.385387,38.09735],[13.385517,38.097288],[13.385622,38.097236],[13.385744,38.097171],[13.385926,38.097066],[13.386239,38.096875],[13.386861,38.096496],[13.38703,38.0964],[13.387156,38.096334],[13.387277,38.096272],[13.387352,38.096232],[13.387477,38.096165],[13.388125,38.095769],[13.388542,38.095513],[13.389029,38.095213],[13.389195,38.095117],[13.389366,38.095025],[13.389496,38.094957],[13.389642,38.094882],[13.389788,38.094802],[13.389948,38.094711],[13.390204,38.094556],[13.390384,38.094452],[13.390506,38.094386],[13.390652,38.094311],[13.390757,38.094254],[13.39092,38.094161],[13.391127,38.094034],[13.39138,38.093879],[13.391682,38.093692],[13.39192,38.093547],[13.392296,38.093318],[13.392525,38.093176],[13.393124,38.092809],[13.393453,38.092607],[13.393914,38.092324],[13.394166,38.092169],[13.394403,38.092025],[13.394958,38.091684],[13.395564,38.091315],[13.39581,38.091173],[13.396026,38.091053],[13.396232,38.090944],[13.39646,38.09083],[13.396635,38.090748],[13.396845,38.090653],[13.397029,38.090576],[13.397272,38.090479],[13.397555,38.090373],[13.397788,38.090291],[13.398027,38.090212],[13.398328,38.090118],[13.39861,38.090032],[13.399281,38.089833],[13.400202,38.089561],[13.401013,38.089318],[13.401217,38.089258],[13.401831,38.089038],[13.402774,38.088759],[13.407245,38.087426],[13.407714,38.087404]]},"properties":{"id":"linea-ferrovia-7-0","route_id":"ferrovia-7","numero":"M7","nome":"Palermo Aeroporto ⇄ Palermo Roccella","colore":"#B7282E","tipo":"ferrovia","direzione":0,"da":"Palermo Aeroporto","a":"Palermo Roccella","fermate":["f830012133","f830012140","f830012134","f830012143","f830012032"],"lon":13.280752,"lat":38.192661}},{"type":"Feature","geometry":{"type":"LineString","coordinates":[[13.407714,38.087404],[13.407245,38.087426],[13.402774,38.088759],[13.401831,38.089038],[13.401217,38.089258],[13.401013,38.089318],[13.400202,38.089561],[13.399281,38.089833],[13.39861,38.090032],[13.398328,38.090118],[13.398027,38.090212],[13.397788,38.090291],[13.397555,38.090373],[13.397272,38.090479],[13.397029,38.090576],[13.396845,38.090653],[13.396635,38.090748],[13.39646,38.09083],[13.396232,38.090944],[13.396026,38.091053],[13.39581,38.091173],[13.395564,38.091315],[13.394958,38.091684],[13.394403,38.092025],[13.394166,38.092169],[13.393914,38.092324],[13.393453,38.092607],[13.393124,38.092809],[13.392525,38.093176],[13.392296,38.093318],[13.39192,38.093547],[13.391682,38.093692],[13.39138,38.093879],[13.391127,38.094034],[13.39092,38.094161],[13.390757,38.094254],[13.390652,38.094311],[13.390506,38.094386],[13.390384,38.094452],[13.390204,38.094556],[13.389948,38.094711],[13.389788,38.094802],[13.389642,38.094882],[13.389496,38.094957],[13.389366,38.095025],[13.389195,38.095117],[13.389029,38.095213],[13.388542,38.095513],[13.388125,38.095769],[13.387477,38.096165],[13.387352,38.096232],[13.387277,38.096272],[13.387156,38.096334],[13.38703,38.0964],[13.386861,38.096496],[13.386239,38.096875],[13.385926,38.097066],[13.385744,38.097171],[13.385622,38.097236],[13.385517,38.097288],[13.385387,38.09735],[13.38525,38.097407],[13.385089,38.097468],[13.384952,38.097515],[13.384827,38.097553],[13.38469,38.097592],[13.384553,38.097626],[13.384397,38.09766],[13.384248,38.09769],[13.384088,38.097718],[13.383926,38.097745],[13.383748,38.097772],[13.383542,38.097798],[13.383345,38.097821],[13.383184,38.097838],[13.383037,38.097852],[13.382884,38.097863],[13.382761,38.097871],[13.382673,38.097876],[13.382533,38.097883],[13.382255,38.097893],[13.38154,38.09791],[13.380723,38.097934],[13.379357,38.097973],[13.378917,38.097987],[13.378436,38.098008],[13.377825,38.098035],[13.37649,38.098097],[13.375754,38.098131],[13.375008,38.098166],[13.374772,38.098182],[13.374632,38.098195],[13.374488,38.098212],[13.374342,38.098227],[13.374103,38.098243],[13.373697,38.098261],[13.373503,38.098266],[13.373303,38.09827],[13.373023,38.098271],[13.372632,38.098271],[13.372481,38.098272],[13.372195,38.098274],[13.372047,38.098274],[13.37177,38.098274],[13.37155,38.098272],[13.371228,38.098268],[13.370864,38.098272],[13.370843,38.098272],[13.370395,38.098296],[13.370005,38.098337],[13.369771,38.098373],[13.369545,38.098418],[13.369264,38.098489],[13.3689,38.098603],[13.368591,38.098723],[13.368291,38.098862],[13.368051,38.098991],[13.367744,38.099161],[13.367576,38.099258],[13.366475,38.099894],[13.364068,38.101273],[13.362258,38.102325],[13.362069,38.102438],[13.361882,38.102554],[13.361615,38.102722],[13.361083,38.103069],[13.360801,38.103271],[13.360551,38.103466],[13.360295,38.103679],[13.35574,38.107491],[13.355616,38.107593],[13.355424,38.10776],[13.355266,38.1079],[13.355147,38.108012],[13.35415,38.108958],[13.353104,38.109948],[13.352842,38.110193],[13.352366,38.110679],[13.352212,38.110859],[13.352058,38.111056],[13.351912,38.111257],[13.35176,38.111485],[13.351459,38.11197],[13.350356,38.113824],[13.349893,38.114594],[13.349772,38.114817],[13.349675,38.115028],[13.346779,38.122484],[13.346681,38.122725],[13.346532,38.123042],[13.346367,38.12335],[13.346093,38.123829],[13.345747,38.124425],[13.345531,38.124363],[13.345747,38.124425],[13.345277,38.125193],[13.345107,38.12545],[13.3449,38.125752],[13.344724,38.125998],[13.344564,38.126237],[13.344401,38.126494],[13.34428,38.126705],[13.344136,38.126978],[13.343904,38.127446],[13.34367,38.127933],[13.343437,38.128289],[13.343212,38.128758],[13.343118,38.128946],[13.34294,38.129285],[13.342839,38.129472],[13.342737,38.129655],[13.342618,38.129868],[13.34252,38.130033],[13.342299,38.130412],[13.342078,38.130799],[13.341952,38.131035],[13.341878,38.13119],[13.341834,38.131289],[13.341776,38.131425],[13.341581,38.131936],[13.341395,38.132338],[13.340752,38.133884],[13.340582,38.134287],[13.340487,38.134496],[13.340383,38.134722],[13.340246,38.134995],[13.340126,38.135229],[13.339635,38.136134],[13.339384,38.136576],[13.339273,38.136768],[13.339159,38.136957],[13.339053,38.137126],[13.338942,38.137291],[13.338835,38.137444],[13.338705,38.137618],[13.338555,38.137809],[13.338439,38.137945],[13.338315,38.138085],[13.338204,38.138204],[13.33688,38.139546],[13.329033,38.147493],[13.328882,38.147678],[13.328964,38.147622],[13.3286,38.148001],[13.323714,38.153134],[13.323407,38.153459],[13.323154,38.153749],[13.323031,38.153897],[13.32285,38.154125],[13.322711,38.154309],[13.322585,38.154485],[13.322448,38.154688],[13.322251,38.154996],[13.32195,38.155471],[13.321922,38.15546],[13.321895,38.155449],[13.321568,38.155964],[13.320443,38.157813],[13.319185,38.159764],[13.318842,38.160243],[13.318495,38.160721],[13.318258,38.161044],[13.317902,38.161495],[13.317258,38.162225],[13.316593,38.162949],[13.31645,38.162607],[13.316417,38.163144],[13.316118,38.163473],[13.315885,38.163736],[13.315691,38.163927],[13.315506,38.164098],[13.31533,38.164235],[13.315143,38.16436],[13.314946,38.16448],[13.314678,38.164635],[13.314314,38.164817],[13.31185,38.166037],[13.310706,38.166588],[13.309692,38.167077],[13.309567,38.167201],[13.309621,38.167145],[13.308941,38.167464],[13.308174,38.167827],[13.307639,38.168068],[13.307303,38.168222],[13.307056,38.168335],[13.306808,38.168444],[13.306465,38.168585],[13.306185,38.168692],[13.305541,38.168929],[13.304404,38.169347],[13.303508,38.169665],[13.302997,38.169843],[13.302756,38.169931],[13.302525,38.170021],[13.302316,38.170108],[13.302107,38.170204],[13.30196,38.170282],[13.301743,38.170401],[13.301534,38.170529],[13.301373,38.170636],[13.301206,38.170755],[13.30105,38.170874],[13.300919,38.170979],[13.300793,38.171092],[13.300647,38.171231],[13.300353,38.171527],[13.29976,38.172149],[13.299126,38.172804],[13.298426,38.173525],[13.297898,38.174068],[13.297867,38.174051],[13.297832,38.174085],[13.297491,38.174438],[13.297029,38.174921],[13.296889,38.175071],[13.296485,38.175511],[13.29609,38.17596],[13.295872,38.176225],[13.295696,38.176452],[13.295587,38.176595],[13.295169,38.177174],[13.295037,38.17737],[13.294798,38.177732],[13.294707,38.177875],[13.294478,38.17825],[13.294325,38.178508],[13.294211,38.178713],[13.293985,38.17914],[13.293867,38.179376],[13.29369,38.179743],[13.293548,38.180058],[13.293394,38.180418],[13.293134,38.181027],[13.292853,38.181703],[13.292718,38.182023],[13.29221,38.183252],[13.291937,38.183921],[13.291607,38.184708],[13.291337,38.185387],[13.290965,38.186267],[13.290607,38.187125],[13.290199,38.188055],[13.290049,38.188364],[13.2899,38.188621],[13.289819,38.188748],[13.289648,38.188999],[13.289541,38.189137],[13.289442,38.189259],[13.289388,38.18932],[13.289341,38.189365],[13.28918,38.189509],[13.288379,38.190195],[13.288193,38.189974],[13.288379,38.190195],[13.287863,38.190637],[13.287605,38.190849],[13.28725,38.191125],[13.287061,38.191255],[13.286777,38.191429],[13.286518,38.191547],[13.286193,38.191678],[13.285822,38.191793],[13.285536,38.191847],[13.285222,38.191897],[13.284882,38.191919],[13.284667,38.191919],[13.283755,38.191912],[13.283254,38.191924],[13.282973,38.191937],[13.282787,38.191959],[13.28263,38.191981],[13.282479,38.192008],[13.282311,38.192043],[13.282149,38.192083],[13.281981,38.192127],[13.281695,38.19222],[13.28152,38.192281],[13.281297,38.192374],[13.281035,38.192496],[13.280752,38.192661],[13.28051,38.192812],[13.280277,38.192986],[13.278794,38.194157],[13.278623,38.19428],[13.278518,38.194353],[13.278305,38.19449],[13.278092,38.194605],[13.277818,38.194736],[13.277607,38.194823],[13.277423,38.194888],[13.277307,38.194924],[13.276989,38.195015],[13.276606,38.195098],[13.275821,38.195252],[13.275609,38.195558],[13.275277,38.195363],[13.274653,38.19548],[13.273902,38.195625],[13.273532,38.195707],[13.273286,38.19577],[13.273065,38.195833],[13.272894,38.195893],[13.272674,38.195981],[13.272477,38.196074],[13.27235,38.196142],[13.272221,38.196217],[13.272084,38.196307],[13.271926,38.19642],[13.271806,38.196517],[13.271708,38.196608],[13.271584,38.196731],[13.271465,38.196854],[13.271318,38.197013],[13.271163,38.197198],[13.27067,38.197809],[13.270455,38.198071],[13.270254,38.198297],[13.270098,38.198458],[13.27001,38.198542],[13.26993,38.198611],[13.269816,38.198709],[13.269709,38.19879],[13.269615,38.198856],[13.269512,38.198924],[13.269395,38.198995],[13.269287,38.199052],[13.269191,38.199096],[13.269107,38.199131],[13.269053,38.199155],[13.268751,38.199264],[13.268408,38.199361],[13.268067,38.199421],[13.267743,38.199452],[13.267405,38.19947],[13.267011,38.199463],[13.266682,38.199435],[13.266394,38.199397],[13.2662,38.199362],[13.265898,38.199306],[13.264458,38.199032],[13.263729,38.198901],[13.263434,38.198862],[13.263173,38.198834],[13.262947,38.198824],[13.26269,38.198817],[13.262497,38.198824],[13.262358,38.198833],[13.262218,38.19885],[13.262033,38.198875],[13.261837,38.198912],[13.26165,38.198957],[13.261299,38.19906],[13.260897,38.199204],[13.260569,38.199325],[13.260319,38.199412],[13.259948,38.199528],[13.259664,38.199593],[13.259417,38.199632],[13.259141,38.199661],[13.258898,38.199672],[13.258684,38.199667],[13.258426,38.199649],[13.258164,38.199615],[13.257896,38.199561],[13.25768,38.199503],[13.257407,38.199413],[13.257173,38.199321],[13.256889,38.199175],[13.256687,38.199054],[13.256466,38.198909],[13.255956,38.198533],[13.255575,38.198275],[13.255379,38.198147],[13.255086,38.197972],[13.254725,38.197775],[13.25419,38.197501],[13.253991,38.197394],[13.253777,38.197275],[13.253537,38.197141],[13.253357,38.197044],[13.25311,38.196917],[13.252999,38.196862],[13.252329,38.196519],[13.251845,38.196262],[13.251636,38.196134],[13.251378,38.19595],[13.25109,38.195707],[13.250877,38.19548],[13.250699,38.195271],[13.250555,38.195067],[13.250485,38.194956],[13.250341,38.194722],[13.250327,38.194699],[13.250198,38.194489],[13.250101,38.194366],[13.249803,38.193956],[13.249759,38.193886],[13.249045,38.192747],[13.249026,38.192718],[13.248395,38.191707],[13.247528,38.190341],[13.246789,38.189146],[13.246109,38.188092],[13.245947,38.187839],[13.245917,38.187793],[13.244867,38.186229],[13.24416,38.185115],[13.244046,38.184943],[13.243588,38.184316],[13.242127,38.182226],[13.241041,38.18029],[13.24029,38.17909],[13.23995,38.178565],[13.239625,38.178136],[13.238773,38.1772],[13.238517,38.176936],[13.238349,38.176891],[13.238469,38.176958],[13.237477,38.175927],[13.2369,38.175343],[13.236411,38.174827],[13.235618,38.173968],[13.234687,38.173028],[13.234104,38.172606],[13.233613,38.172319],[13.229415,38.170546],[13.227181,38.169695],[13.227026,38.169636],[13.226809,38.169547],[13.226414,38.169368],[13.225955,38.169126],[13.225551,38.168882],[13.225268,38.16868],[13.224869,38.168363],[13.224568,38.168086],[13.224211,38.167748],[13.223955,38.167495],[13.222995,38.166519],[13.222331,38.165935],[13.221809,38.165535],[13.221163,38.165109],[13.220236,38.164589],[13.219301,38.164093],[13.218808,38.163839],[13.218316,38.163579],[13.218192,38.163498],[13.218034,38.16343],[13.217471,38.163125],[13.209768,38.158948],[13.192764,38.1498],[13.192701,38.149768],[13.192151,38.149485],[13.191765,38.149297],[13.191382,38.149141],[13.191119,38.149047],[13.190855,38.148966],[13.190179,38.148773],[13.188779,38.1483],[13.188313,38.148171],[13.187853,38.148041],[13.187456,38.147929],[13.186644,38.147705],[13.18663,38.147417],[13.186261,38.147596],[13.185969,38.147516],[13.185172,38.1473],[13.184567,38.147137],[13.184357,38.147085],[13.184122,38.147034],[13.183912,38.146996],[13.183717,38.146966],[13.183483,38.146938],[13.183265,38.146921],[13.183031,38.146912],[13.182783,38.146908],[13.182463,38.146911],[13.181868,38.146936],[13.181411,38.146957],[13.180165,38.147021],[13.179532,38.147085],[13.177073,38.147229],[13.176384,38.147271],[13.174679,38.147346],[13.17396,38.147401],[13.173165,38.147494],[13.172666,38.147581],[13.171952,38.147752],[13.171478,38.147907],[13.17107,38.148066],[13.1705,38.14833],[13.169959,38.148634],[13.169312,38.149054],[13.168038,38.149954],[13.167331,38.15047],[13.167216,38.150554],[13.167009,38.150705],[13.165036,38.152097],[13.164928,38.152173],[13.164739,38.152307],[13.16254,38.153838],[13.162174,38.154094],[13.162073,38.154165],[13.161165,38.1548],[13.160326,38.155357],[13.159383,38.155917],[13.157641,38.156896],[13.156421,38.157612],[13.155721,38.158069],[13.154909,38.158641],[13.152636,38.160242],[13.151516,38.161044],[13.15096,38.161464],[13.150813,38.161581],[13.15036,38.161951],[13.150157,38.162142],[13.149954,38.16234],[13.149748,38.162585],[13.149533,38.162861],[13.149422,38.163036],[13.146924,38.167287],[13.146633,38.167739],[13.146355,38.168117],[13.145983,38.168535],[13.145578,38.168923],[13.145172,38.16929],[13.144747,38.169643],[13.144003,38.170197],[13.143262,38.17071],[13.143033,38.170856],[13.142385,38.171265],[13.14211,38.171442],[13.141742,38.171678],[13.141645,38.171815],[13.141666,38.171686],[13.14123,38.171965],[13.140981,38.172125],[13.140672,38.172325],[13.140488,38.172447],[13.140274,38.172588],[13.140083,38.172719],[13.139912,38.172839],[13.139493,38.173149],[13.138902,38.173587],[13.138434,38.17394],[13.137993,38.174276],[13.1376,38.174576],[13.137295,38.174807],[13.13024,38.180153],[13.129949,38.180381],[13.129604,38.180666],[13.129312,38.180921],[13.128659,38.181516],[13.128395,38.181779],[13.128135,38.182055],[13.127875,38.182354],[13.127747,38.182524],[13.127614,38.182728],[13.127516,38.182916],[13.12736,38.183276],[13.127239,38.18358],[13.127167,38.183786],[13.127058,38.184127],[13.126788,38.185022],[13.126707,38.185285],[13.126641,38.185473],[13.126599,38.185584],[13.126532,38.185743],[13.12644,38.185945],[13.126346,38.186132],[13.126255,38.186296],[13.126179,38.18642],[13.126062,38.186599],[13.125893,38.18683],[13.125724,38.187041],[13.125504,38.187293],[13.125234,38.187582],[13.125079,38.187731],[13.124874,38.18791],[13.124491,38.188215],[13.123969,38.188605],[13.123887,38.188862],[13.123677,38.18886],[13.123321,38.18912],[13.122916,38.189402],[13.122423,38.189708],[13.122073,38.1899],[13.121832,38.190026],[13.121414,38.190208],[13.121131,38.190318],[13.120798,38.190436],[13.120507,38.190522],[13.120247,38.190592],[13.119977,38.190658],[13.119607,38.190734],[13.119205,38.190794],[13.11879,38.190841],[13.118317,38.190872],[13.117872,38.190879],[13.117531,38.190873],[13.117203,38.190854],[13.116792,38.190815],[13.11635,38.190756],[13.115922,38.190675],[13.115557,38.19059],[13.115117,38.190467],[13.114829,38.190377],[13.114276,38.190197],[13.112223,38.189512],[13.110377,38.188905],[13.109988,38.188734],[13.109721,38.188645],[13.109165,38.18846],[13.108809,38.188341],[13.108664,38.18829],[13.108562,38.188249],[13.108463,38.188206],[13.108379,38.188172],[13.108216,38.188117],[13.105826,38.18732],[13.10582,38.187374]]},"properties":{"id":"linea-ferrovia-7-1","route_id":"ferrovia-7","numero":"M7","nome":"Palermo Aeroporto ⇄ Palermo Roccella","colore":"#B7282E","tipo":"ferrovia","direzione":1,"da":"Palermo Roccella","a":"Palermo Aeroporto","fermate":["f830012032","f830012143","f830012134","f830012140","f830012133"],"lon":13.280752,"lat":38.192661}},{"type":"Feature","geometry":{"type":"LineString","coordinates":[[13.407714,38.087404],[13.407245,38.087426],[13.402774,38.088759],[13.401831,38.089038],[13.401217,38.089258],[13.401013,38.089318],[13.400202,38.089561],[13.399281,38.089833],[13.39861,38.090032],[13.398328,38.090118],[13.398027,38.090212],[13.397788,38.090291],[13.397555,38.090373],[13.397272,38.090479],[13.397029,38.090576],[13.396845,38.090653],[13.396635,38.090748],[13.39646,38.09083],[13.396232,38.090944],[13.396026,38.091053],[13.39581,38.091173],[13.395564,38.091315],[13.394958,38.091684],[13.394403,38.092025],[13.394166,38.092169],[13.393914,38.092324],[13.393453,38.092607],[13.393124,38.092809],[13.392525,38.093176],[13.392296,38.093318],[13.39192,38.093547],[13.391682,38.093692],[13.39138,38.093879],[13.391127,38.094034],[13.39092,38.094161],[13.390757,38.094254],[13.390652,38.094311],[13.390506,38.094386],[13.390384,38.094452],[13.390204,38.094556],[13.389948,38.094711],[13.389788,38.094802],[13.389642,38.094882],[13.389496,38.094957],[13.389366,38.095025],[13.389195,38.095117],[13.389029,38.095213],[13.388542,38.095513],[13.388125,38.095769],[13.387477,38.096165],[13.387352,38.096232],[13.387277,38.096272],[13.387156,38.096334],[13.38703,38.0964],[13.386861,38.096496],[13.386239,38.096875],[13.385926,38.097066],[13.385744,38.097171],[13.385622,38.097236],[13.385517,38.097288],[13.385387,38.09735],[13.38525,38.097407],[13.385089,38.097468],[13.384952,38.097515],[13.384827,38.097553],[13.38469,38.097592],[13.384553,38.097626],[13.384397,38.09766],[13.384248,38.09769],[13.384088,38.097718],[13.383926,38.097745],[13.383748,38.097772],[13.383542,38.097798],[13.383345,38.097821],[13.383184,38.097838],[13.383037,38.097852],[13.382884,38.097863],[13.382761,38.097871],[13.382673,38.097876],[13.382533,38.097883],[13.382255,38.097893],[13.38154,38.09791],[13.380723,38.097934],[13.379357,38.097973],[13.378917,38.097987],[13.378436,38.098008],[13.377825,38.098035],[13.37649,38.098097],[13.375754,38.098131],[13.375008,38.098166],[13.374772,38.098182],[13.374632,38.098195],[13.374488,38.098212],[13.374342,38.098227],[13.374103,38.098243],[13.373697,38.098261],[13.373503,38.098266],[13.373303,38.09827],[13.373023,38.098271],[13.372632,38.098271],[13.372481,38.098272],[13.372195,38.098274],[13.372047,38.098274],[13.37177,38.098274],[13.37155,38.098272],[13.371228,38.098268],[13.370864,38.098272],[13.370843,38.098272],[13.370395,38.098296],[13.370005,38.098337],[13.369771,38.098373],[13.369545,38.098418],[13.369264,38.098489],[13.3689,38.098603],[13.368591,38.098723],[13.368291,38.098862],[13.368051,38.098991],[13.367744,38.099161],[13.367576,38.099258],[13.366475,38.099894],[13.364068,38.101273],[13.362258,38.102325],[13.362069,38.102438],[13.361882,38.102554],[13.361615,38.102722],[13.361083,38.103069],[13.360801,38.103271],[13.360551,38.103466],[13.360295,38.103679],[13.35574,38.107491],[13.355616,38.107593],[13.355424,38.10776],[13.355266,38.1079],[13.355147,38.108012],[13.35415,38.108958],[13.353104,38.109948],[13.352842,38.110193],[13.352366,38.110679],[13.352212,38.110859],[13.352058,38.111056],[13.351912,38.111257],[13.35176,38.111485],[13.351459,38.11197],[13.350356,38.113824],[13.349893,38.114594],[13.349772,38.114817],[13.349675,38.115028],[13.346779,38.122484],[13.346681,38.122725],[13.346532,38.123042],[13.346367,38.12335],[13.346093,38.123829],[13.345747,38.124425],[13.345531,38.124363],[13.345747,38.124425],[13.345277,38.125193],[13.345107,38.12545],[13.3449,38.125752],[13.344724,38.125998],[13.344564,38.126237],[13.344401,38.126494],[13.34428,38.126705],[13.344136,38.126978],[13.343904,38.127446],[13.34367,38.127933],[13.343437,38.128289],[13.343212,38.128758],[13.343118,38.128946],[13.34294,38.129285],[13.342839,38.129472],[13.342737,38.129655],[13.342618,38.129868],[13.34252,38.130033],[13.342299,38.130412],[13.342078,38.130799],[13.341952,38.131035],[13.341878,38.13119],[13.341834,38.131289],[13.341776,38.131425],[13.341581,38.131936]]},"properties":{"id":"linea-ferrovia-8-0","route_id":"ferrovia-8","numero":"M8","nome":"Palermo Roccella ⇄ Palermo Notarbartolo","colore":"#B7282E","tipo":"ferrovia","direzione":0,"da":"Palermo Roccella","a":"Palermo Notarbartolo","fermate":["f830012032","f830012143","f830012134"],"lon":13.374772,"lat":38.098182}},{"type":"Feature","geometry":{"type":"LineString","coordinates":[[13.341581,38.131936],[13.341776,38.131425],[13.341834,38.131289],[13.341878,38.13119],[13.341952,38.131035],[13.342078,38.130799],[13.342299,38.130412],[13.34252,38.130033],[13.342618,38.129868],[13.342737,38.129655],[13.342839,38.129472],[13.34294,38.129285],[13.343118,38.128946],[13.343212,38.128758],[13.343437,38.128289],[13.34367,38.127933],[13.343904,38.127446],[13.344136,38.126978],[13.34428,38.126705],[13.344401,38.126494],[13.344564,38.126237],[13.344724,38.125998],[13.3449,38.125752],[13.345107,38.12545],[13.345277,38.125193],[13.345747,38.124425],[13.345531,38.124363],[13.345747,38.124425],[13.346093,38.123829],[13.346367,38.12335],[13.346532,38.123042],[13.346681,38.122725],[13.346779,38.122484],[13.349675,38.115028],[13.349772,38.114817],[13.349893,38.114594],[13.350356,38.113824],[13.351459,38.11197],[13.35176,38.111485],[13.351912,38.111257],[13.352058,38.111056],[13.352212,38.110859],[13.352366,38.110679],[13.352842,38.110193],[13.353104,38.109948],[13.35415,38.108958],[13.355147,38.108012],[13.355266,38.1079],[13.355424,38.10776],[13.355616,38.107593],[13.35574,38.107491],[13.360295,38.103679],[13.360551,38.103466],[13.360801,38.103271],[13.361083,38.103069],[13.361615,38.102722],[13.361882,38.102554],[13.362069,38.102438],[13.362258,38.102325],[13.364068,38.101273],[13.366475,38.099894],[13.367576,38.099258],[13.367744,38.099161],[13.368051,38.098991],[13.368291,38.098862],[13.368591,38.098723],[13.3689,38.098603],[13.369264,38.098489],[13.369545,38.098418],[13.369771,38.098373],[13.370005,38.098337],[13.370395,38.098296],[13.370843,38.098272],[13.370864,38.098272],[13.371228,38.098268],[13.37155,38.098272],[13.37177,38.098274],[13.372047,38.098274],[13.372195,38.098274],[13.372481,38.098272],[13.372632,38.098271],[13.373023,38.098271],[13.373303,38.09827],[13.373503,38.098266],[13.373697,38.098261],[13.374103,38.098243],[13.374342,38.098227],[13.374488,38.098212],[13.374632,38.098195],[13.374772,38.098182],[13.375008,38.098166],[13.375754,38.098131],[13.37649,38.098097],[13.377825,38.098035],[13.378436,38.098008],[13.378917,38.097987],[13.379357,38.097973],[13.380723,38.097934],[13.38154,38.09791],[13.382255,38.097893],[13.382533,38.097883],[13.382673,38.097876],[13.382761,38.097871],[13.382884,38.097863],[13.383037,38.097852],[13.383184,38.097838],[13.383345,38.097821],[13.383542,38.097798],[13.383748,38.097772],[13.383926,38.097745],[13.384088,38.097718],[13.384248,38.09769],[13.384397,38.09766],[13.384553,38.097626],[13.38469,38.097592],[13.384827,38.097553],[13.384952,38.097515],[13.385089,38.097468],[13.38525,38.097407],[13.385387,38.09735],[13.385517,38.097288],[13.385622,38.097236],[13.385744,38.097171],[13.385926,38.097066],[13.386239,38.096875],[13.386861,38.096496],[13.38703,38.0964],[13.387156,38.096334],[13.387277,38.096272],[13.387352,38.096232],[13.387477,38.096165],[13.388125,38.095769],[13.388542,38.095513],[13.389029,38.095213],[13.389195,38.095117],[13.389366,38.095025],[13.389496,38.094957],[13.389642,38.094882],[13.389788,38.094802],[13.389948,38.094711],[13.390204,38.094556],[13.390384,38.094452],[13.390506,38.094386],[13.390652,38.094311],[13.390757,38.094254],[13.39092,38.094161],[13.391127,38.094034],[13.39138,38.093879],[13.391682,38.093692],[13.39192,38.093547],[13.392296,38.093318],[13.392525,38.093176],[13.393124,38.092809],[13.393453,38.092607],[13.393914,38.092324],[13.394166,38.092169],[13.394403,38.092025],[13.394958,38.091684],[13.395564,38.091315],[13.39581,38.091173],[13.396026,38.091053],[13.396232,38.090944],[13.39646,38.09083],[13.396635,38.090748],[13.396845,38.090653],[13.397029,38.090576],[13.397272,38.090479],[13.397555,38.090373],[13.397788,38.090291],[13.398027,38.090212],[13.398328,38.090118],[13.39861,38.090032],[13.399281,38.089833],[13.400202,38.089561],[13.401013,38.089318],[13.401217,38.089258],[13.401831,38.089038],[13.402774,38.088759],[13.407245,38.087426],[13.407714,38.087404]]},"properties":{"id":"linea-ferrovia-8-1","route_id":"ferrovia-8","numero":"M8","nome":"Palermo Roccella ⇄ Palermo Notarbartolo","colore":"#B7282E","tipo":"ferrovia","direzione":1,"da":"Palermo Notarbartolo","a":"Palermo Roccella","fermate":["f830012134","f830012143","f830012032"],"lon":13.375008,"lat":38.098166}},{"type":"Feature","geometry":{"type":"LineString","coordinates":[[13.341581,38.131936],[13.341395,38.132338],[13.340752,38.133884],[13.340582,38.134287],[13.340487,38.134496],[13.340383,38.134722],[13.340246,38.134995],[13.340126,38.135229],[13.339635,38.136134],[13.339384,38.136576],[13.339273,38.136768],[13.339159,38.136957],[13.339053,38.137126],[13.338942,38.137291],[13.338835,38.137444],[13.338705,38.137618],[13.338555,38.137809],[13.338439,38.137945],[13.338315,38.138085],[13.338204,38.138204],[13.33688,38.139546],[13.329033,38.147493],[13.328882,38.147678],[13.328964,38.147622],[13.3286,38.148001],[13.323714,38.153134],[13.323407,38.153459],[13.323154,38.153749],[13.323031,38.153897],[13.32285,38.154125],[13.322711,38.154309],[13.322585,38.154485],[13.322448,38.154688],[13.322251,38.154996],[13.32195,38.155471],[13.321922,38.15546],[13.321895,38.155449],[13.321568,38.155964],[13.320443,38.157813],[13.319185,38.159764],[13.318842,38.160243],[13.318495,38.160721],[13.318258,38.161044],[13.317902,38.161495],[13.317258,38.162225],[13.316593,38.162949],[13.31645,38.162607],[13.316417,38.163144],[13.316118,38.163473],[13.315885,38.163736],[13.315691,38.163927],[13.315506,38.164098],[13.31533,38.164235],[13.315143,38.16436],[13.314946,38.16448],[13.314678,38.164635],[13.314314,38.164817],[13.31185,38.166037],[13.310706,38.166588],[13.309692,38.167077],[13.309567,38.167201],[13.309621,38.167145],[13.308941,38.167464],[13.308174,38.167827],[13.307639,38.168068],[13.307303,38.168222],[13.307056,38.168335],[13.306808,38.168444],[13.306465,38.168585],[13.306185,38.168692],[13.305541,38.168929],[13.304404,38.169347],[13.303508,38.169665],[13.302997,38.169843],[13.302756,38.169931],[13.302525,38.170021],[13.302316,38.170108],[13.302107,38.170204],[13.30196,38.170282],[13.301743,38.170401],[13.301534,38.170529],[13.301373,38.170636],[13.301206,38.170755],[13.30105,38.170874],[13.300919,38.170979],[13.300793,38.171092],[13.300647,38.171231],[13.300353,38.171527],[13.29976,38.172149],[13.299126,38.172804],[13.298426,38.173525],[13.297898,38.174068],[13.297867,38.174051],[13.297832,38.174085],[13.297491,38.174438],[13.297029,38.174921],[13.296889,38.175071],[13.296485,38.175511],[13.29609,38.17596],[13.295872,38.176225],[13.295696,38.176452],[13.295587,38.176595],[13.295169,38.177174],[13.295037,38.17737],[13.294798,38.177732],[13.294707,38.177875],[13.294478,38.17825],[13.294325,38.178508],[13.294211,38.178713],[13.293985,38.17914],[13.293867,38.179376],[13.29369,38.179743],[13.293548,38.180058],[13.293394,38.180418],[13.293134,38.181027],[13.292853,38.181703],[13.292718,38.182023],[13.29221,38.183252],[13.291937,38.183921],[13.291607,38.184708],[13.291337,38.185387],[13.290965,38.186267],[13.290607,38.187125],[13.290199,38.188055],[13.290049,38.188364],[13.2899,38.188621],[13.289819,38.188748],[13.289648,38.188999],[13.289541,38.189137],[13.289442,38.189259],[13.289388,38.18932],[13.289341,38.189365],[13.28918,38.189509],[13.288379,38.190195],[13.288193,38.189974],[13.288379,38.190195],[13.287863,38.190637],[13.287605,38.190849],[13.28725,38.191125],[13.287061,38.191255],[13.286777,38.191429],[13.286518,38.191547],[13.286193,38.191678],[13.285822,38.191793],[13.285536,38.191847],[13.285222,38.191897],[13.284882,38.191919],[13.284667,38.191919],[13.283755,38.191912],[13.283254,38.191924],[13.282973,38.191937],[13.282787,38.191959],[13.28263,38.191981],[13.282479,38.192008],[13.282311,38.192043],[13.282149,38.192083],[13.281981,38.192127],[13.281695,38.19222],[13.28152,38.192281],[13.281297,38.192374],[13.281035,38.192496],[13.280752,38.192661],[13.28051,38.192812],[13.280277,38.192986],[13.278794,38.194157],[13.278623,38.19428],[13.278518,38.194353],[13.278305,38.19449],[13.278092,38.194605],[13.277818,38.194736],[13.277607,38.194823],[13.277423,38.194888],[13.277307,38.194924],[13.276989,38.195015],[13.276606,38.195098],[13.275821,38.195252],[13.275609,38.195558],[13.275277,38.195363],[13.274653,38.19548],[13.273902,38.195625],[13.273532,38.195707],[13.273286,38.19577],[13.273065,38.195833],[13.272894,38.195893],[13.272674,38.195981],[13.272477,38.196074],[13.27235,38.196142],[13.272221,38.196217],[13.272084,38.196307],[13.271926,38.19642],[13.271806,38.196517],[13.271708,38.196608],[13.271584,38.196731],[13.271465,38.196854],[13.271318,38.197013],[13.271163,38.197198],[13.27067,38.197809],[13.270455,38.198071],[13.270254,38.198297],[13.270098,38.198458],[13.27001,38.198542],[13.26993,38.198611],[13.269816,38.198709],[13.269709,38.19879],[13.269615,38.198856],[13.269512,38.198924],[13.269395,38.198995],[13.269287,38.199052],[13.269191,38.199096],[13.269107,38.199131],[13.269053,38.199155],[13.268751,38.199264],[13.268408,38.199361],[13.268067,38.199421],[13.267743,38.199452],[13.267405,38.19947],[13.267011,38.199463],[13.266682,38.199435],[13.266394,38.199397],[13.2662,38.199362],[13.265898,38.199306],[13.264458,38.199032],[13.263729,38.198901],[13.263434,38.198862],[13.263173,38.198834],[13.262947,38.198824],[13.26269,38.198817],[13.262497,38.198824],[13.262358,38.198833],[13.262218,38.19885],[13.262033,38.198875],[13.261837,38.198912],[13.26165,38.198957],[13.261299,38.19906],[13.260897,38.199204],[13.260569,38.199325],[13.260319,38.199412],[13.259948,38.199528],[13.259664,38.199593],[13.259417,38.199632],[13.259141,38.199661],[13.258898,38.199672],[13.258684,38.199667],[13.258426,38.199649],[13.258164,38.199615],[13.257896,38.199561],[13.25768,38.199503],[13.257407,38.199413],[13.257173,38.199321],[13.256889,38.199175],[13.256687,38.199054],[13.256466,38.198909],[13.255956,38.198533],[13.255575,38.198275],[13.255379,38.198147],[13.255086,38.197972],[13.254725,38.197775],[13.25419,38.197501],[13.253991,38.197394],[13.253777,38.197275],[13.253537,38.197141],[13.253357,38.197044],[13.25311,38.196917],[13.252999,38.196862],[13.252329,38.196519],[13.251845,38.196262],[13.251636,38.196134],[13.251378,38.19595],[13.25109,38.195707],[13.250877,38.19548],[13.250699,38.195271],[13.250555,38.195067],[13.250485,38.194956],[13.250341,38.194722],[13.250327,38.194699],[13.250198,38.194489],[13.250101,38.194366],[13.249803,38.193956],[13.249759,38.193886],[13.249045,38.192747],[13.249026,38.192718],[13.248395,38.191707],[13.247528,38.190341],[13.246789,38.189146],[13.246109,38.188092],[13.245947,38.187839],[13.245917,38.187793],[13.244867,38.186229],[13.24416,38.185115],[13.244046,38.184943],[13.243588,38.184316],[13.242127,38.182226],[13.241041,38.18029],[13.24029,38.17909],[13.23995,38.178565],[13.239625,38.178136],[13.238773,38.1772],[13.238517,38.176936],[13.238349,38.176891],[13.238469,38.176958],[13.237477,38.175927],[13.2369,38.175343],[13.236411,38.174827],[13.235618,38.173968],[13.234687,38.173028],[13.234104,38.172606],[13.233613,38.172319],[13.229415,38.170546],[13.227181,38.169695],[13.227026,38.169636],[13.226809,38.169547],[13.226414,38.169368],[13.225955,38.169126],[13.225551,38.168882],[13.225268,38.16868],[13.224869,38.168363],[13.224568,38.168086],[13.224211,38.167748],[13.223955,38.167495],[13.222995,38.166519],[13.222331,38.165935],[13.221809,38.165535],[13.221163,38.165109],[13.220236,38.164589],[13.219301,38.164093],[13.218808,38.163839],[13.218316,38.163579],[13.218192,38.163498],[13.218034,38.16343],[13.217471,38.163125],[13.209768,38.158948],[13.192764,38.1498],[13.192701,38.149768],[13.192151,38.149485],[13.191765,38.149297],[13.191382,38.149141],[13.191119,38.149047],[13.190855,38.148966],[13.190179,38.148773],[13.188779,38.1483],[13.188313,38.148171],[13.187853,38.148041],[13.187456,38.147929],[13.186644,38.147705],[13.18663,38.147417],[13.186261,38.147596],[13.185969,38.147516],[13.185172,38.1473],[13.184567,38.147137],[13.184357,38.147085],[13.184122,38.147034],[13.183912,38.146996],[13.183717,38.146966],[13.183483,38.146938],[13.183265,38.146921],[13.183031,38.146912],[13.182783,38.146908],[13.182463,38.146911],[13.181868,38.146936],[13.181411,38.146957],[13.180165,38.147021],[13.179532,38.147085],[13.177073,38.147229],[13.176384,38.147271],[13.174679,38.147346],[13.17396,38.147401],[13.173165,38.147494],[13.172666,38.147581],[13.171952,38.147752],[13.171478,38.147907],[13.17107,38.148066],[13.1705,38.14833],[13.169959,38.148634],[13.169312,38.149054],[13.168038,38.149954],[13.167331,38.15047],[13.167216,38.150554],[13.167009,38.150705],[13.165036,38.152097],[13.164928,38.152173],[13.164739,38.152307],[13.16254,38.153838],[13.162174,38.154094],[13.162073,38.154165],[13.161165,38.1548],[13.160326,38.155357],[13.159383,38.155917],[13.157641,38.156896],[13.156421,38.157612],[13.155721,38.158069],[13.154909,38.158641],[13.152636,38.160242],[13.151516,38.161044],[13.15096,38.161464],[13.150813,38.161581],[13.15036,38.161951],[13.150157,38.162142],[13.149954,38.16234],[13.149748,38.162585],[13.149533,38.162861],[13.149422,38.163036],[13.146924,38.167287],[13.146633,38.167739],[13.146355,38.168117],[13.145983,38.168535],[13.145578,38.168923],[13.145172,38.16929],[13.144747,38.169643],[13.144003,38.170197],[13.143262,38.17071],[13.143033,38.170856],[13.142385,38.171265],[13.14211,38.171442],[13.141742,38.171678],[13.141645,38.171815],[13.141666,38.171686],[13.14123,38.171965],[13.140981,38.172125],[13.140672,38.172325],[13.140488,38.172447],[13.140274,38.172588],[13.140083,38.172719],[13.139912,38.172839],[13.139493,38.173149],[13.138902,38.173587],[13.138434,38.17394],[13.137993,38.174276],[13.1376,38.174576],[13.137295,38.174807],[13.13024,38.180153],[13.129949,38.180381],[13.129604,38.180666],[13.129312,38.180921],[13.128659,38.181516],[13.128395,38.181779],[13.128135,38.182055],[13.127875,38.182354],[13.127747,38.182524],[13.127614,38.182728],[13.127516,38.182916],[13.12736,38.183276],[13.127239,38.18358],[13.127167,38.183786],[13.127058,38.184127],[13.126788,38.185022],[13.126707,38.185285],[13.126641,38.185473],[13.126599,38.185584],[13.126532,38.185743],[13.12644,38.185945],[13.126346,38.186132],[13.126255,38.186296],[13.126179,38.18642],[13.126062,38.186599],[13.125893,38.18683],[13.125724,38.187041],[13.125504,38.187293],[13.125234,38.187582],[13.125079,38.187731],[13.124874,38.18791],[13.124491,38.188215],[13.123969,38.188605],[13.123887,38.188862],[13.123677,38.18886],[13.123321,38.18912],[13.122916,38.189402],[13.122423,38.189708],[13.122073,38.1899],[13.121832,38.190026],[13.121414,38.190208],[13.121131,38.190318],[13.120798,38.190436],[13.120507,38.190522],[13.120247,38.190592],[13.119977,38.190658],[13.119607,38.190734],[13.119205,38.190794],[13.11879,38.190841],[13.118317,38.190872],[13.117872,38.190879],[13.117531,38.190873],[13.117203,38.190854],[13.116792,38.190815],[13.11635,38.190756],[13.115922,38.190675],[13.115557,38.19059],[13.115117,38.190467],[13.114829,38.190377],[13.114276,38.190197],[13.112223,38.189512],[13.110377,38.188905],[13.109988,38.188734],[13.109721,38.188645],[13.109165,38.18846],[13.108809,38.188341],[13.108664,38.18829],[13.108562,38.188249],[13.108463,38.188206],[13.108379,38.188172],[13.108216,38.188117],[13.105826,38.18732],[13.10582,38.187374]]},"properties":{"id":"linea-ferrovia-9-0","route_id":"ferrovia-9","numero":"M9","nome":"Palermo Notarbartolo ⇄ Palermo Aeroporto","colore":"#B7282E","tipo":"ferrovia","direzione":0,"da":"Palermo Notarbartolo","a":"Palermo Aeroporto","fermate":["f830012134","f830012065","f830012140","f830012132","f830012066","f830012129","f830012128","f830012127","f830012125","f830012133"],"lon":13.256466,"lat":38.198909}},{"type":"Feature","geometry":{"type":"LineString","coordinates":[[13.10582,38.187374],[13.105826,38.18732],[13.108216,38.188117],[13.108379,38.188172],[13.108463,38.188206],[13.108562,38.188249],[13.108664,38.18829],[13.108809,38.188341],[13.109165,38.18846],[13.109721,38.188645],[13.109988,38.188734],[13.110377,38.188905],[13.112223,38.189512],[13.114276,38.190197],[13.114829,38.190377],[13.115117,38.190467],[13.115557,38.19059],[13.115922,38.190675],[13.11635,38.190756],[13.116792,38.190815],[13.117203,38.190854],[13.117531,38.190873],[13.117872,38.190879],[13.118317,38.190872],[13.11879,38.190841],[13.119205,38.190794],[13.119607,38.190734],[13.119977,38.190658],[13.120247,38.190592],[13.120507,38.190522],[13.120798,38.190436],[13.121131,38.190318],[13.121414,38.190208],[13.121832,38.190026],[13.122073,38.1899],[13.122423,38.189708],[13.122916,38.189402],[13.123321,38.18912],[13.123677,38.18886],[13.123887,38.188862],[13.123969,38.188605],[13.124491,38.188215],[13.124874,38.18791],[13.125079,38.187731],[13.125234,38.187582],[13.125504,38.187293],[13.125724,38.187041],[13.125893,38.18683],[13.126062,38.186599],[13.126179,38.18642],[13.126255,38.186296],[13.126346,38.186132],[13.12644,38.185945],[13.126532,38.185743],[13.126599,38.185584],[13.126641,38.185473],[13.126707,38.185285],[13.126788,38.185022],[13.127058,38.184127],[13.127167,38.183786],[13.127239,38.18358],[13.12736,38.183276],[13.127516,38.182916],[13.127614,38.182728],[13.127747,38.182524],[13.127875,38.182354],[13.128135,38.182055],[13.128395,38.181779],[13.128659,38.181516],[13.129312,38.180921],[13.129604,38.180666],[13.129949,38.180381],[13.13024,38.180153],[13.137295,38.174807],[13.1376,38.174576],[13.137993,38.174276],[13.138434,38.17394],[13.138902,38.173587],[13.139493,38.173149],[13.139912,38.172839],[13.140083,38.172719],[13.140274,38.172588],[13.140488,38.172447],[13.140672,38.172325],[13.140981,38.172125],[13.14123,38.171965],[13.141666,38.171686],[13.141645,38.171815],[13.141742,38.171678],[13.14211,38.171442],[13.142385,38.171265],[13.143033,38.170856],[13.143262,38.17071],[13.144003,38.170197],[13.144747,38.169643],[13.145172,38.16929],[13.145578,38.168923],[13.145983,38.168535],[13.146355,38.168117],[13.146633,38.167739],[13.146924,38.167287],[13.149422,38.163036],[13.149533,38.162861],[13.149748,38.162585],[13.149954,38.16234],[13.150157,38.162142],[13.15036,38.161951],[13.150813,38.161581],[13.15096,38.161464],[13.151516,38.161044],[13.152636,38.160242],[13.154909,38.158641],[13.155721,38.158069],[13.156421,38.157612],[13.157641,38.156896],[13.159383,38.155917],[13.160326,38.155357],[13.161165,38.1548],[13.162073,38.154165],[13.162174,38.154094],[13.16254,38.153838],[13.164739,38.152307],[13.164928,38.152173],[13.165036,38.152097],[13.167009,38.150705],[13.167216,38.150554],[13.167331,38.15047],[13.168038,38.149954],[13.169312,38.149054],[13.169959,38.148634],[13.1705,38.14833],[13.17107,38.148066],[13.171478,38.147907],[13.171952,38.147752],[13.172666,38.147581],[13.173165,38.147494],[13.17396,38.147401],[13.174679,38.147346],[13.176384,38.147271],[13.177073,38.147229],[13.179532,38.147085],[13.180165,38.147021],[13.181411,38.146957],[13.181868,38.146936],[13.182463,38.146911],[13.182783,38.146908],[13.183031,38.146912],[13.183265,38.146921],[13.183483,38.146938],[13.183717,38.146966],[13.183912,38.146996],[13.184122,38.147034],[13.184357,38.147085],[13.184567,38.147137],[13.185172,38.1473],[13.185969,38.147516],[13.186261,38.147596],[13.18663,38.147417],[13.186644,38.147705],[13.187456,38.147929],[13.187853,38.148041],[13.188313,38.148171],[13.188779,38.1483],[13.190179,38.148773],[13.190855,38.148966],[13.191119,38.149047],[13.191382,38.149141],[13.191765,38.149297],[13.192151,38.149485],[13.192701,38.149768],[13.192764,38.1498],[13.209768,38.158948],[13.217471,38.163125],[13.218034,38.16343],[13.218192,38.163498],[13.218316,38.163579],[13.218808,38.163839],[13.219301,38.164093],[13.220236,38.164589],[13.221163,38.165109],[13.221809,38.165535],[13.222331,38.165935],[13.222995,38.166519],[13.223955,38.167495],[13.224211,38.167748],[13.224568,38.168086],[13.224869,38.168363],[13.225268,38.16868],[13.225551,38.168882],[13.225955,38.169126],[13.226414,38.169368],[13.226809,38.169547],[13.227026,38.169636],[13.227181,38.169695],[13.229415,38.170546],[13.233613,38.172319],[13.234104,38.172606],[13.234687,38.173028],[13.235618,38.173968],[13.236411,38.174827],[13.2369,38.175343],[13.237477,38.175927],[13.238469,38.176958],[13.238349,38.176891],[13.238517,38.176936],[13.238773,38.1772],[13.239625,38.178136],[13.23995,38.178565],[13.24029,38.17909],[13.241041,38.18029],[13.242127,38.182226],[13.243588,38.184316],[13.244046,38.184943],[13.24416,38.185115],[13.244867,38.186229],[13.245917,38.187793],[13.245947,38.187839],[13.246109,38.188092],[13.246789,38.189146],[13.247528,38.190341],[13.248395,38.191707],[13.249026,38.192718],[13.249045,38.192747],[13.249759,38.193886],[13.249803,38.193956],[13.250101,38.194366],[13.250198,38.194489],[13.250327,38.194699],[13.250341,38.194722],[13.250485,38.194956],[13.250555,38.195067],[13.250699,38.195271],[13.250877,38.19548],[13.25109,38.195707],[13.251378,38.19595],[13.251636,38.196134],[13.251845,38.196262],[13.252329,38.196519],[13.252999,38.196862],[13.25311,38.196917],[13.253357,38.197044],[13.253537,38.197141],[13.253777,38.197275],[13.253991,38.197394],[13.25419,38.197501],[13.254725,38.197775],[13.255086,38.197972],[13.255379,38.198147],[13.255575,38.198275],[13.255956,38.198533],[13.256466,38.198909],[13.256687,38.199054],[13.256889,38.199175],[13.257173,38.199321],[13.257407,38.199413],[13.25768,38.199503],[13.257896,38.199561],[13.258164,38.199615],[13.258426,38.199649],[13.258684,38.199667],[13.258898,38.199672],[13.259141,38.199661],[13.259417,38.199632],[13.259664,38.199593],[13.259948,38.199528],[13.260319,38.199412],[13.260569,38.199325],[13.260897,38.199204],[13.261299,38.19906],[13.26165,38.198957],[13.261837,38.198912],[13.262033,38.198875],[13.262218,38.19885],[13.262358,38.198833],[13.262497,38.198824],[13.26269,38.198817],[13.262947,38.198824],[13.263173,38.198834],[13.263434,38.198862],[13.263729,38.198901],[13.264458,38.199032],[13.265898,38.199306],[13.2662,38.199362],[13.266394,38.199397],[13.266682,38.199435],[13.267011,38.199463],[13.267405,38.19947],[13.267743,38.199452],[13.268067,38.199421],[13.268408,38.199361],[13.268751,38.199264],[13.269053,38.199155],[13.269107,38.199131],[13.269191,38.199096],[13.269287,38.199052],[13.269395,38.198995],[13.269512,38.198924],[13.269615,38.198856],[13.269709,38.19879],[13.269816,38.198709],[13.26993,38.198611],[13.27001,38.198542],[13.270098,38.198458],[13.270254,38.198297],[13.270455,38.198071],[13.27067,38.197809],[13.271163,38.197198],[13.271318,38.197013],[13.271465,38.196854],[13.271584,38.196731],[13.271708,38.196608],[13.271806,38.196517],[13.271926,38.19642],[13.272084,38.196307],[13.272221,38.196217],[13.27235,38.196142],[13.272477,38.196074],[13.272674,38.195981],[13.272894,38.195893],[13.273065,38.195833],[13.273286,38.19577],[13.273532,38.195707],[13.273902,38.195625],[13.274653,38.19548],[13.275277,38.195363],[13.275609,38.195558],[13.275821,38.195252],[13.276606,38.195098],[13.276989,38.195015],[13.277307,38.194924],[13.277423,38.194888],[13.277607,38.194823],[13.277818,38.194736],[13.278092,38.194605],[13.278305,38.19449],[13.278518,38.194353],[13.278623,38.19428],[13.278794,38.194157],[13.280277,38.192986],[13.28051,38.192812],[13.280752,38.192661],[13.281035,38.192496],[13.281297,38.192374],[13.28152,38.192281],[13.281695,38.19222],[13.281981,38.192127],[13.282149,38.192083],[13.282311,38.192043],[13.282479,38.192008],[13.28263,38.191981],[13.282787,38.191959],[13.282973,38.191937],[13.283254,38.191924],[13.283755,38.191912],[13.284667,38.191919],[13.284882,38.191919],[13.285222,38.191897],[13.285536,38.191847],[13.285822,38.191793],[13.286193,38.191678],[13.286518,38.191547],[13.286777,38.191429],[13.287061,38.191255],[13.28725,38.191125],[13.287605,38.190849],[13.287863,38.190637],[13.288379,38.190195],[13.288193,38.189974],[13.288379,38.190195],[13.28918,38.189509],[13.289341,38.189365],[13.289388,38.18932],[13.289442,38.189259],[13.289541,38.189137],[13.289648,38.188999],[13.289819,38.188748],[13.2899,38.188621],[13.290049,38.188364],[13.290199,38.188055],[13.290607,38.187125],[13.290965,38.186267],[13.291337,38.185387],[13.291607,38.184708],[13.291937,38.183921],[13.29221,38.183252],[13.292718,38.182023],[13.292853,38.181703],[13.293134,38.181027],[13.293394,38.180418],[13.293548,38.180058],[13.29369,38.179743],[13.293867,38.179376],[13.293985,38.17914],[13.294211,38.178713],[13.294325,38.178508],[13.294478,38.17825],[13.294707,38.177875],[13.294798,38.177732],[13.295037,38.17737],[13.295169,38.177174],[13.295587,38.176595],[13.295696,38.176452],[13.295872,38.176225],[13.29609,38.17596],[13.296485,38.175511],[13.296889,38.175071],[13.297029,38.174921],[13.297491,38.174438],[13.297832,38.174085],[13.297867,38.174051],[13.297898,38.174068],[13.298426,38.173525],[13.299126,38.172804],[13.29976,38.172149],[13.300353,38.171527],[13.300647,38.171231],[13.300793,38.171092],[13.300919,38.170979],[13.30105,38.170874],[13.301206,38.170755],[13.301373,38.170636],[13.301534,38.170529],[13.301743,38.170401],[13.30196,38.170282],[13.302107,38.170204],[13.302316,38.170108],[13.302525,38.170021],[13.302756,38.169931],[13.302997,38.169843],[13.303508,38.169665],[13.304404,38.169347],[13.305541,38.168929],[13.306185,38.168692],[13.306465,38.168585],[13.306808,38.168444],[13.307056,38.168335],[13.307303,38.168222],[13.307639,38.168068],[13.308174,38.167827],[13.308941,38.167464],[13.309621,38.167145],[13.309567,38.167201],[13.309692,38.167077],[13.310706,38.166588],[13.31185,38.166037],[13.314314,38.164817],[13.314678,38.164635],[13.314946,38.16448],[13.315143,38.16436],[13.31533,38.164235],[13.315506,38.164098],[13.315691,38.163927],[13.315885,38.163736],[13.316118,38.163473],[13.316417,38.163144],[13.31645,38.162607],[13.316593,38.162949],[13.317258,38.162225],[13.317902,38.161495],[13.318258,38.161044],[13.318495,38.160721],[13.318842,38.160243],[13.319185,38.159764],[13.320443,38.157813],[13.321568,38.155964],[13.321895,38.155449],[13.321922,38.15546],[13.32195,38.155471],[13.322251,38.154996],[13.322448,38.154688],[13.322585,38.154485],[13.322711,38.154309],[13.32285,38.154125],[13.323031,38.153897],[13.323154,38.153749],[13.323407,38.153459],[13.323714,38.153134],[13.3286,38.148001],[13.328964,38.147622],[13.328882,38.147678],[13.329033,38.147493],[13.33688,38.139546],[13.338204,38.138204],[13.338315,38.138085],[13.338439,38.137945],[13.338555,38.137809],[13.338705,38.137618],[13.338835,38.137444],[13.338942,38.137291],[13.339053,38.137126],[13.339159,38.136957],[13.339273,38.136768],[13.339384,38.136576],[13.339635,38.136134],[13.340126,38.135229],[13.340246,38.134995],[13.340383,38.134722],[13.340487,38.134496],[13.340582,38.134287],[13.340752,38.133884],[13.341395,38.132338],[13.341581,38.131936]]},"properties":{"id":"linea-ferrovia-9-1","route_id":"ferrovia-9","numero":"M9","nome":"Palermo Notarbartolo ⇄ Palermo Aeroporto","colore":"#B7282E","tipo":"ferrovia","direzione":1,"da":"Palermo Aeroporto","a":"Palermo Notarbartolo","fermate":["f830012133","f830012127","f830012128","f830012129","f830012066","f830012069","f830012132","f830012140","f830012065","f830012134"],"lon":13.256687,"lat":38.199054}}]}