{"type":"FeatureCollection","features":[{"type":"Feature","geometry":{"type":"LineString","coordinates":[[13.328026,38.210365],[13.327653,38.210193],[13.327429,38.210009],[13.327077,38.209686],[13.327018,38.209568],[13.327001,38.209494],[13.32702,38.209291],[13.327522,38.208423],[13.327455,38.208314],[13.326738,38.207852],[13.326364,38.207706],[13.32601,38.20765],[13.325877,38.207601],[13.325672,38.207364],[13.324769,38.206618],[13.324558,38.206383],[13.323953,38.206041],[13.323123,38.20717],[13.322662,38.206976],[13.321334,38.207336],[13.321246,38.207382],[13.321131,38.207374],[13.319814,38.207107],[13.319201,38.207062],[13.317572,38.206814],[13.317528,38.206778],[13.31723,38.206635],[13.316725,38.206275],[13.316583,38.205998],[13.316522,38.205563],[13.316519,38.205007],[13.316686,38.203951],[13.317105,38.20224],[13.320351,38.203263],[13.321457,38.203641],[13.322268,38.203996],[13.322467,38.204267],[13.323096,38.20541],[13.323361,38.203648],[13.323374,38.203425],[13.323537,38.20229],[13.323603,38.201656],[13.323657,38.201523],[13.323101,38.201216]]},"properties":{"id":"linea-84-0","route_id":"84","numero":"84","nome":"Parcheggio Galatea - Mondello Torre","colore":"#FEF603","tipo":"bus","direzione":0,"da":"Torre - Piano Gallo","a":"Parcheggio - Galatea","fermate":["2047","868","1484","1208","1383","1382","732","2330","2331","2324","1381"],"lon":13.319814,"lat":38.207107}},{"type":"Feature","geometry":{"type":"LineString","coordinates":[[13.323101,38.201216],[13.322861,38.201083],[13.322479,38.200914],[13.322004,38.200762],[13.322293,38.200307],[13.324688,38.201565],[13.32507,38.201687],[13.325354,38.20143],[13.325662,38.201257],[13.325905,38.201176],[13.326074,38.200981],[13.326409,38.200446],[13.326934,38.199789],[13.329661,38.19734],[13.331698,38.196706],[13.331983,38.196729],[13.332071,38.196825],[13.332141,38.196951],[13.331426,38.197234],[13.331349,38.197058],[13.331369,38.196818],[13.329661,38.19734],[13.32958,38.197409],[13.326934,38.199789],[13.326409,38.200446],[13.326074,38.200981],[13.325905,38.201176],[13.325662,38.201257],[13.325354,38.20143],[13.32507,38.201687],[13.32496,38.201885],[13.324891,38.202216],[13.324911,38.20248],[13.324975,38.202652],[13.324626,38.203219],[13.324361,38.203695],[13.324262,38.20404],[13.324191,38.204439],[13.324013,38.205644],[13.324984,38.20599],[13.325081,38.205964],[13.325145,38.206135],[13.325369,38.206498],[13.325463,38.206604],[13.326124,38.207021],[13.326529,38.207256],[13.326937,38.207531],[13.327007,38.207563],[13.327271,38.20763],[13.327782,38.207658],[13.327931,38.207689],[13.328043,38.207753],[13.328171,38.207854],[13.328273,38.208001],[13.328681,38.208674],[13.329123,38.209841],[13.32905,38.210099],[13.328822,38.210289],[13.328435,38.21043],[13.328311,38.21045],[13.32814,38.210417],[13.328026,38.210365]]},"properties":{"id":"linea-84-1","route_id":"84","numero":"84","nome":"Parcheggio Galatea - Mondello Torre","colore":"#FEF603","tipo":"bus","direzione":1,"da":"Parcheggio - Galatea","a":"Torre - Piano Gallo","fermate":["1381","847","1604","1603","1606","1607","2325","2326","2327","2328","2329","2338","2323","2049","1485","2046","2047"],"lon":13.324891,"lat":38.202216}},{"type":"Feature","geometry":{"type":"LineString","coordinates":[[13.327955,38.210427],[13.327792,38.210346],[13.327737,38.210235],[13.327653,38.210193],[13.327429,38.210009],[13.327077,38.209686],[13.327018,38.209568],[13.327001,38.209494],[13.32702,38.209291],[13.327522,38.208423],[13.327455,38.208314],[13.326738,38.207852],[13.326364,38.207706],[13.32601,38.20765],[13.325877,38.207601],[13.325672,38.207364],[13.324769,38.206618],[13.324558,38.206383],[13.323668,38.205868],[13.323377,38.205666],[13.323096,38.20541],[13.323361,38.203648],[13.323374,38.203425],[13.323537,38.20229],[13.323603,38.201656],[13.323657,38.201523],[13.322861,38.201083],[13.322479,38.200914],[13.322004,38.200762],[13.322293,38.200307],[13.324688,38.201565],[13.32507,38.201687],[13.325354,38.20143],[13.325662,38.201257],[13.325905,38.201176],[13.326074,38.200981],[13.326409,38.200446],[13.326934,38.199789],[13.329661,38.19734],[13.331698,38.196706],[13.331849,38.19656],[13.331908,38.196097],[13.333121,38.195642],[13.333819,38.195423],[13.334157,38.195414],[13.337002,38.195664],[13.337925,38.195767],[13.33852,38.195788],[13.338786,38.195766],[13.339057,38.19571],[13.339376,38.19557],[13.339555,38.195449],[13.339734,38.195245],[13.339858,38.195017],[13.339919,38.19477],[13.340046,38.194415],[13.340218,38.193807],[13.340316,38.193637],[13.340451,38.193494],[13.344523,38.190804],[13.346102,38.189796],[13.346572,38.189467],[13.347074,38.189172],[13.347302,38.189058],[13.347717,38.188975],[13.348999,38.188828],[13.349919,38.188764],[13.350915,38.188645],[13.350783,38.18841]]},"properties":{"id":"linea-86-0","route_id":"86","numero":"86","nome":"Navetta Estiva - Mondello Torre - Addaura","colore":"#FEF603","tipo":"bus","direzione":0,"da":"Torre Piano Gallo Interna","a":"Gualtiero Da Caltagirone","fermate":["2048","868","1484","1208","2324","1381","847","1604","1603","1606","1607","703","705","541","529","543","539","892"],"lon":13.325905,"lat":38.201176}},{"type":"Feature","geometry":{"type":"LineString","coordinates":[[13.350783,38.18841],[13.350915,38.188645],[13.349919,38.188764],[13.348999,38.188828],[13.347717,38.188975],[13.347302,38.189058],[13.347074,38.189172],[13.346572,38.189467],[13.346102,38.189796],[13.344523,38.190804],[13.340451,38.193494],[13.340316,38.193637],[13.340218,38.193807],[13.340046,38.194415],[13.339919,38.19477],[13.339858,38.195017],[13.339734,38.195245],[13.339555,38.195449],[13.339376,38.19557],[13.339057,38.19571],[13.338786,38.195766],[13.33852,38.195788],[13.337925,38.195767],[13.337002,38.195664],[13.334157,38.195414],[13.333819,38.195423],[13.333121,38.195642],[13.331986,38.196063],[13.331902,38.19663],[13.332071,38.196825],[13.332141,38.196951],[13.331426,38.197234],[13.331349,38.197058],[13.331369,38.196818],[13.329661,38.19734],[13.326934,38.199789],[13.326409,38.200446],[13.326074,38.200981],[13.325905,38.201176],[13.325662,38.201257],[13.325354,38.20143],[13.32507,38.201687],[13.32496,38.201885],[13.324891,38.202216],[13.324911,38.20248],[13.324975,38.202652],[13.324626,38.203219],[13.324361,38.203695],[13.324262,38.20404],[13.324191,38.204439],[13.324013,38.205644],[13.324984,38.20599],[13.325081,38.205964],[13.325145,38.206135],[13.325369,38.206498],[13.325463,38.206604],[13.326124,38.207021],[13.326529,38.207256],[13.326937,38.207531],[13.327007,38.207563],[13.327271,38.20763],[13.327782,38.207658],[13.327931,38.207689],[13.328043,38.207753],[13.328171,38.207854],[13.328681,38.208674],[13.329123,38.209841],[13.32905,38.210099],[13.328822,38.210289],[13.328435,38.21043],[13.328152,38.210491],[13.32804,38.210467],[13.327955,38.210427]]},"properties":{"id":"linea-86-1","route_id":"86","numero":"86","nome":"Navetta Estiva - Mondello Torre - Addaura","colore":"#FEF603","tipo":"bus","direzione":1,"da":"Gualtiero Da Caltagirone","a":"Torre Piano Gallo Interna","fermate":["892","540","544","530","542","702","704","2325","2326","2327","2328","2329","2338","2323","1485","2046","2048"],"lon":13.326409,"lat":38.200446}},{"type":"Feature","geometry":{"type":"LineString","coordinates":[[13.327955,38.210427],[13.327792,38.210346],[13.327737,38.210235],[13.327653,38.210193],[13.327429,38.210009],[13.327077,38.209686],[13.327018,38.209568],[13.327001,38.209494],[13.32702,38.209291],[13.327522,38.208423],[13.327455,38.208314],[13.326738,38.207852],[13.326364,38.207706],[13.32601,38.20765],[13.325877,38.207601],[13.325672,38.207364],[13.324769,38.206618],[13.324558,38.206383],[13.323953,38.206041],[13.323377,38.205666],[13.323096,38.20541],[13.322467,38.204267],[13.322268,38.203996],[13.321457,38.203641],[13.320351,38.203263],[13.318894,38.202802],[13.318694,38.202873],[13.318492,38.202861],[13.317056,38.202422],[13.317134,38.202132],[13.318283,38.200107],[13.317893,38.199757],[13.317144,38.199202],[13.316188,38.198755],[13.314435,38.19802],[13.313657,38.197777],[13.312786,38.197592],[13.312171,38.197486],[13.311751,38.197465],[13.311364,38.19751],[13.310992,38.197596],[13.310535,38.197794],[13.310321,38.197942],[13.310166,38.198106],[13.31007,38.198271],[13.309589,38.198114]]},"properties":{"id":"linea-87-0","route_id":"87","numero":"87","nome":"Navetta Estiva - Mondello Torre - Partanna","colore":"#FEF603","tipo":"bus","direzione":0,"da":"Torre Piano Gallo Interna","a":"Piazza Della Serenita'","fermate":["2048","868","1484","1208","2335","2336","730","100","101","135","136","1471"],"lon":13.321457,"lat":38.203641}},{"type":"Feature","geometry":{"type":"LineString","coordinates":[[13.309589,38.198114],[13.305967,38.196934],[13.305941,38.196876],[13.306868,38.195535],[13.307185,38.195679],[13.308139,38.196028],[13.308969,38.196362],[13.309522,38.196552],[13.3099,38.19662],[13.310023,38.196607],[13.310354,38.196512],[13.311072,38.19623],[13.311369,38.196172],[13.313261,38.196807],[13.313913,38.197041],[13.313989,38.196975],[13.315102,38.195762],[13.315687,38.194968],[13.315887,38.194792],[13.314678,38.193857],[13.314319,38.193594],[13.313732,38.193213],[13.312458,38.192257],[13.31148,38.193094],[13.31214,38.193585],[13.313006,38.194193],[13.314227,38.19491],[13.31526,38.195547],[13.315102,38.195762],[13.314619,38.196288],[13.315767,38.196915],[13.317872,38.198008],[13.318501,38.198354],[13.318551,38.198399],[13.321029,38.199645],[13.324688,38.201565],[13.32507,38.201687],[13.325354,38.20143],[13.325662,38.201257],[13.325905,38.201176],[13.326074,38.200981],[13.326409,38.200446],[13.326934,38.199789],[13.329661,38.19734],[13.331698,38.196706],[13.331983,38.196729],[13.332071,38.196825],[13.332141,38.196951],[13.331426,38.197234],[13.331349,38.197058],[13.331369,38.196818],[13.329661,38.19734],[13.326934,38.199789],[13.326409,38.200446],[13.326074,38.200981],[13.325905,38.201176],[13.325662,38.201257],[13.325354,38.20143],[13.32507,38.201687],[13.32496,38.201885],[13.324891,38.202216],[13.324911,38.20248],[13.324975,38.202652],[13.324626,38.203219],[13.324361,38.203695],[13.324262,38.20404],[13.324191,38.204439],[13.324013,38.205644],[13.324984,38.20599],[13.325081,38.205964],[13.325145,38.206135],[13.325369,38.206498],[13.325463,38.206604],[13.326124,38.207021],[13.326529,38.207256],[13.326937,38.207531],[13.327007,38.207563],[13.327271,38.20763],[13.327782,38.207658],[13.327931,38.207689],[13.328043,38.207753],[13.328171,38.207854],[13.328273,38.208001],[13.328681,38.208674],[13.329123,38.209841],[13.32905,38.210099],[13.328822,38.210289],[13.328435,38.21043],[13.328152,38.210491],[13.32804,38.210467],[13.327955,38.210427]]},"properties":{"id":"linea-87-1","route_id":"87","numero":"87","nome":"Navetta Estiva - Mondello Torre - Partanna","colore":"#FEF603","tipo":"bus","direzione":1,"da":"Piazza Della Serenita'","a":"Torre Piano Gallo Interna","fermate":["1471","1579","1578","84","1399","901","342","425","426","96","97","95","387","389","388","844","847","1604","1603","1606","1607","2325","2326","2327","2328","2329","2338","2323","1485","2046","2048"],"lon":13.331983,"lat":38.196729}},{"type":"Feature","geometry":{"type":"LineString","coordinates":[[13.282379,38.208489],[13.282321,38.208184],[13.282311,38.207957],[13.282331,38.207714],[13.28243,38.207128],[13.282436,38.206698],[13.282362,38.206079],[13.282285,38.205846],[13.282246,38.205783],[13.282193,38.205712],[13.281924,38.205448],[13.281615,38.205195],[13.281336,38.204988],[13.280947,38.20473],[13.280591,38.204541],[13.279963,38.204271],[13.27973,38.204156],[13.279516,38.20403],[13.278904,38.203588],[13.279338,38.20316],[13.279666,38.20279],[13.28038,38.202082],[13.28055,38.201531],[13.281195,38.198961],[13.280898,38.200169],[13.277041,38.197622],[13.278564,38.196471],[13.278894,38.196263],[13.280207,38.195561],[13.280767,38.195198],[13.281636,38.194547],[13.281948,38.194271],[13.282641,38.193575],[13.283242,38.19292],[13.28382,38.192231],[13.284059,38.191982],[13.284761,38.191126],[13.285096,38.190769],[13.28594,38.189807],[13.286045,38.189711],[13.286426,38.189423],[13.288446,38.188168],[13.288735,38.187969],[13.288766,38.187933],[13.289591,38.188649],[13.29022,38.189302],[13.28826,38.190542],[13.28769,38.191022],[13.286986,38.191422],[13.286383,38.191692],[13.285832,38.191876],[13.285343,38.191966],[13.284936,38.192006],[13.284659,38.192017],[13.284366,38.192075],[13.284059,38.191982],[13.28382,38.192231],[13.283242,38.19292],[13.282641,38.193575],[13.281948,38.194271],[13.281636,38.194547],[13.280767,38.195198],[13.280207,38.195561],[13.278894,38.196263],[13.278564,38.196471],[13.276726,38.197851],[13.276758,38.197921],[13.276763,38.198034],[13.276741,38.198218],[13.27671,38.198345],[13.276643,38.198424],[13.276523,38.198487],[13.27591,38.198338],[13.275424,38.198155],[13.275085,38.198051],[13.274553,38.197937],[13.273452,38.197759],[13.273127,38.19774],[13.272799,38.197759],[13.272122,38.197834],[13.27176,38.197917],[13.271455,38.198093],[13.270421,38.198885],[13.269562,38.199481],[13.269155,38.199784],[13.269035,38.199916],[13.268911,38.200186],[13.268854,38.200398],[13.268801,38.200662],[13.268737,38.201237],[13.268669,38.201361],[13.268581,38.201447],[13.268414,38.201525],[13.268284,38.20153],[13.268157,38.201509],[13.268021,38.20146],[13.267905,38.201539],[13.267775,38.201546],[13.26768,38.201495],[13.267648,38.201416],[13.267727,38.201246],[13.268021,38.20146],[13.268157,38.201509],[13.268284,38.20153],[13.268414,38.201525],[13.268581,38.201447],[13.268669,38.201361],[13.268737,38.201237],[13.268801,38.200662],[13.268854,38.200398],[13.268911,38.200186],[13.269035,38.199916],[13.269155,38.199784],[13.269562,38.199481],[13.270421,38.198885],[13.271455,38.198093],[13.271607,38.197995],[13.27176,38.197917],[13.272122,38.197834],[13.272799,38.197759],[13.273127,38.19774],[13.273452,38.197759],[13.274553,38.197937],[13.274881,38.19717],[13.275876,38.197532],[13.276533,38.197752],[13.276726,38.197851],[13.277041,38.197622],[13.280898,38.200169],[13.281195,38.198961],[13.28055,38.201531],[13.28038,38.202082],[13.279666,38.20279],[13.279338,38.20316],[13.278904,38.203588],[13.279516,38.20403],[13.27973,38.204156],[13.279963,38.204271],[13.280591,38.204541],[13.280947,38.20473],[13.281336,38.204988],[13.281615,38.205195],[13.281924,38.205448],[13.282193,38.205712],[13.282246,38.205783],[13.282285,38.205846],[13.282362,38.206079],[13.282436,38.206698],[13.28243,38.207128],[13.282331,38.207714],[13.282311,38.207957],[13.282321,38.208184],[13.282379,38.208489]]},"properties":{"id":"linea-88-0","route_id":"88","numero":"88","nome":"Punta Barcarello - Punta Matese - Marconi","colore":"#FEF603","tipo":"bus","direzione":0,"da":"Punta Barcarello","a":"Punta Barcarello","fermate":["1611","163","164","2066","2068","2069","1090","1092","1945","1943","1946","1941","1948","1500","1504","1502","1478","2380","1940","1942","1944","2053","2052","1577","1575","1573","1612","1574","1576","2051","386","2009","1091","1089","2069","2067","2065","161","162","1610","1611"],"lon":13.273452,"lat":38.197759}},{"type":"Feature","geometry":{"type":"LineString","coordinates":[[13.375969,38.091327],[13.374896,38.090624],[13.374182,38.090291],[13.373605,38.090107],[13.372502,38.089868],[13.371482,38.089621],[13.370138,38.089329],[13.368555,38.089018],[13.367362,38.088833],[13.367224,38.088821],[13.367131,38.088828],[13.367015,38.08886],[13.366919,38.088906],[13.366768,38.089043],[13.365833,38.090145],[13.365795,38.090161],[13.365665,38.090158],[13.365651,38.090184],[13.365594,38.090218],[13.365523,38.090214],[13.365471,38.090177],[13.36546,38.09015],[13.363092,38.089951],[13.36288,38.08992],[13.362505,38.089798],[13.360476,38.088789],[13.358154,38.087618],[13.357777,38.087356],[13.357664,38.08729],[13.357539,38.087253],[13.355849,38.086979],[13.353041,38.086556],[13.352649,38.086529],[13.351501,38.086528],[13.351191,38.086549],[13.350786,38.086606],[13.350276,38.086739],[13.349944,38.086857],[13.348904,38.087288],[13.348264,38.087587],[13.347395,38.088082],[13.345387,38.08953],[13.345157,38.089498],[13.343882,38.090419],[13.343495,38.090727],[13.342341,38.091541],[13.342152,38.091737],[13.341942,38.091901],[13.341315,38.092474],[13.337434,38.095309],[13.337276,38.095449],[13.335923,38.096413],[13.335087,38.097081],[13.334408,38.097732],[13.332133,38.100096],[13.331311,38.100909],[13.331134,38.101158],[13.331003,38.101391],[13.330829,38.101835],[13.330776,38.102093],[13.330747,38.102408],[13.330751,38.102746],[13.330959,38.103324],[13.330701,38.103684],[13.330616,38.103894],[13.330555,38.104727],[13.330557,38.105007],[13.330515,38.105403],[13.330317,38.108337],[13.330126,38.110492],[13.329755,38.113025],[13.329614,38.114299],[13.329441,38.115638],[13.32933,38.116321],[13.329147,38.11777],[13.329009,38.118691],[13.32897,38.119267],[13.328995,38.119888],[13.329193,38.121741],[13.329459,38.123843],[13.329685,38.126004],[13.329574,38.126356],[13.329916,38.129402],[13.330163,38.131313],[13.33038,38.131655],[13.330541,38.132818],[13.330894,38.132818],[13.330823,38.132393],[13.330767,38.132359],[13.330578,38.13102],[13.330971,38.131014],[13.331111,38.132]]},"properties":{"id":"linea-100-0","route_id":"100","numero":"100","nome":"John Lennon - Parcheggio Oreto","colore":"#7B263E","tipo":"bus","direzione":0,"da":"Regione Siciliana Oreto","a":"John Lennon 100","fermate":["2244","1689","1645","1661","1662","1686","1698","1647","1652","1632","1702","1682","1634","1648","1680","1694","1641","1659","1679","1684","1673","1675","1660","1655","1667","1649","1513"],"lon":13.342152,"lat":38.091737}},{"type":"Feature","geometry":{"type":"LineString","coordinates":[[13.331111,38.132],[13.33113,38.132134],[13.330823,38.132393],[13.330767,38.132359],[13.330578,38.13102],[13.332351,38.130977],[13.333079,38.130734],[13.333314,38.130709],[13.33447,38.130976],[13.334834,38.129976],[13.333721,38.129712],[13.330887,38.129002],[13.330689,38.128972],[13.330595,38.128983],[13.330423,38.129038],[13.330235,38.129126],[13.329897,38.129393],[13.329766,38.129454],[13.329621,38.12949],[13.329453,38.129497],[13.329261,38.129465],[13.329114,38.129417],[13.328982,38.129333],[13.328908,38.129179],[13.328871,38.12903],[13.328869,38.128901],[13.328962,38.128671],[13.329061,38.128551],[13.329332,38.128139],[13.329398,38.127966],[13.328863,38.123472],[13.328617,38.121102],[13.328494,38.120184],[13.328465,38.119508],[13.328503,38.118639],[13.328622,38.11755],[13.328905,38.115785],[13.329101,38.114264],[13.329201,38.113179],[13.329565,38.109949],[13.329644,38.109034],[13.329864,38.107278],[13.330033,38.105128],[13.330006,38.105028],[13.329916,38.104918],[13.329474,38.104647],[13.329386,38.104502],[13.329411,38.104333],[13.329792,38.103211],[13.329917,38.102901],[13.329341,38.102669],[13.329287,38.102598],[13.32927,38.102445],[13.329289,38.102379],[13.329529,38.102074],[13.332341,38.099153],[13.332691,38.098731],[13.334082,38.097266],[13.334343,38.097025],[13.334781,38.096685],[13.335782,38.095954],[13.336172,38.095688],[13.337051,38.095004],[13.337806,38.094485],[13.339911,38.092948],[13.341186,38.091994],[13.342923,38.090747],[13.343286,38.090514],[13.343767,38.09034],[13.345028,38.089403],[13.345218,38.089095],[13.346532,38.088122],[13.347195,38.087684],[13.348063,38.087191],[13.349287,38.086651],[13.350071,38.086364],[13.350584,38.08623],[13.350999,38.086162],[13.351351,38.086129],[13.352135,38.086106],[13.352296,38.086058],[13.352384,38.085932],[13.352542,38.085353],[13.355244,38.084917],[13.355688,38.08468],[13.355788,38.08458],[13.355847,38.084555],[13.355925,38.084563],[13.356029,38.084673],[13.356248,38.084775],[13.357909,38.085343],[13.359475,38.085942],[13.360625,38.086351],[13.366044,38.087316],[13.365635,38.090078],[13.365668,38.090129],[13.365665,38.090158],[13.365626,38.090205],[13.365558,38.090221],[13.365342,38.091718],[13.365339,38.09197],[13.365408,38.092292],[13.365556,38.092566],[13.366139,38.093406],[13.366606,38.093917],[13.366822,38.094081],[13.367055,38.094193],[13.368807,38.095301],[13.369047,38.095426],[13.369921,38.095988],[13.370379,38.096246],[13.370879,38.096446],[13.372793,38.097016],[13.373428,38.097218],[13.376725,38.092118],[13.376782,38.091873],[13.375209,38.090827]]},"properties":{"id":"linea-100-1","route_id":"100","numero":"100","nome":"John Lennon - Parcheggio Oreto","colore":"#7B263E","tipo":"bus","direzione":1,"da":"John Lennon 100","a":"Regione Siciliana Paratore","fermate":["1513","1523","886","850","988","994","1678","1657","1656","1665","1676","1674","2011","2013","2010","2012","1681","1583","1651","1700","1670","1635","1640","1683","1633","1210","761","765","769","767","763","1314","1320","1323","1317","1322","1319","1301","1297","1304","1305","1672"],"lon":13.334343,"lat":38.097025}},{"type":"Feature","geometry":{"type":"LineString","coordinates":[[13.340169,38.153385],[13.340938,38.15221],[13.339882,38.15179],[13.339646,38.151776],[13.339274,38.151824],[13.339212,38.151819],[13.33901,38.151727],[13.338872,38.151691],[13.338599,38.151765],[13.338506,38.151733],[13.338356,38.151741],[13.338232,38.151723],[13.338117,38.151683],[13.338017,38.151624],[13.337936,38.151548],[13.337857,38.151418],[13.337847,38.151321],[13.337868,38.151195],[13.337934,38.151079],[13.338041,38.150984],[13.338179,38.150917],[13.338295,38.150888],[13.338519,38.150894],[13.338673,38.150784],[13.338754,38.150694],[13.340571,38.147881],[13.341868,38.145913],[13.341717,38.145806],[13.341668,38.145736],[13.341635,38.145578],[13.341691,38.145424],[13.34175,38.145359],[13.341843,38.145297],[13.341952,38.145256],[13.342072,38.145239],[13.342192,38.145247],[13.342306,38.14528],[13.343213,38.143847],[13.344452,38.141963],[13.345844,38.13978],[13.346898,38.138172],[13.347747,38.136809],[13.348558,38.13562],[13.349285,38.134438],[13.352203,38.129997],[13.353338,38.128187],[13.355403,38.125009],[13.357012,38.125668],[13.357155,38.125711],[13.357236,38.125768],[13.357511,38.126205],[13.357962,38.126025],[13.358088,38.125938],[13.358417,38.125443],[13.360491,38.122483],[13.361226,38.121395],[13.361428,38.121042],[13.366342,38.111013],[13.366365,38.110886],[13.366353,38.110694],[13.366255,38.110538],[13.365114,38.110032],[13.366185,38.108415],[13.367059,38.10884],[13.366748,38.109244],[13.366763,38.109317],[13.366535,38.10962],[13.366583,38.109696],[13.366454,38.109881]]},"properties":{"id":"linea-101-0","route_id":"101","numero":"101","nome":"Stadio - Stazione Centrale","colore":"#02C793","tipo":"bus","direzione":0,"da":"Stadio","a":"Stazione Centrale Giulio Cesare","fermate":["1970","560","566","562","564","1031","1029","1033","1039","1027","1041","1024","1035","1026","1037","2333","1758","1760","1767","1757","1771","1763","1765","1761","1307","1977","1979"],"lon":13.342072,"lat":38.145239}},{"type":"Feature","geometry":{"type":"LineString","coordinates":[[13.366454,38.109881],[13.366357,38.110019],[13.366414,38.110143],[13.367017,38.110398],[13.367059,38.110474],[13.367066,38.110534],[13.367045,38.110581],[13.366939,38.110683],[13.366858,38.110721],[13.366575,38.110786],[13.366488,38.110822],[13.366405,38.110902],[13.366342,38.111013],[13.361428,38.121042],[13.361226,38.121395],[13.361047,38.12166],[13.360491,38.122483],[13.358417,38.125443],[13.358088,38.125938],[13.358012,38.126142],[13.357909,38.126303],[13.357639,38.12641],[13.357236,38.125768],[13.357155,38.125711],[13.357012,38.125668],[13.355403,38.125009],[13.353338,38.128187],[13.352203,38.129997],[13.349285,38.134438],[13.348558,38.13562],[13.347747,38.136809],[13.346898,38.138172],[13.345844,38.13978],[13.344452,38.141963],[13.343213,38.143847],[13.342306,38.14528],[13.342417,38.145345],[13.342526,38.145483],[13.34255,38.1456],[13.342543,38.145665],[13.342484,38.145785],[13.342385,38.145876],[13.34229,38.145924],[13.342171,38.145954],[13.342047,38.145958],[13.341925,38.145935],[13.338833,38.150727],[13.338797,38.150811],[13.338797,38.151022],[13.338872,38.151103],[13.338912,38.151176],[13.33894,38.151294],[13.338925,38.151414],[13.33888,38.151509],[13.338774,38.151621],[13.33865,38.151692],[13.338506,38.151733],[13.338356,38.151741],[13.338202,38.15182],[13.338109,38.151889],[13.337052,38.153533],[13.337054,38.153627],[13.336974,38.153696],[13.336915,38.153708],[13.336999,38.153796],[13.338142,38.154588],[13.339019,38.154994],[13.340169,38.153385]]},"properties":{"id":"linea-101-1","route_id":"101","numero":"101","nome":"Stadio - Stazione Centrale","colore":"#02C793","tipo":"bus","direzione":1,"da":"Stazione Centrale Giulio Cesare","a":"Stadio","fermate":["1979","1762","1766","1764","1772","1769","1768","1770","1759","1582","1036","1022","1025","1034","1023","1040","1038","1032","1028","1030","563","561","565","559","1492","2115","1970"],"lon":13.343213,"lat":38.143847}},{"type":"Feature","geometry":{"type":"LineString","coordinates":[[13.342502,38.132488],[13.342315,38.132987],[13.342795,38.133181],[13.343212,38.13248],[13.343454,38.132106],[13.345471,38.132595],[13.34977,38.133707],[13.352203,38.129997],[13.353338,38.128187],[13.355403,38.125009],[13.357012,38.125668],[13.357155,38.125711],[13.357236,38.125768],[13.357511,38.126205],[13.357962,38.126025],[13.358088,38.125938],[13.358417,38.125443],[13.360491,38.122483],[13.361226,38.121395],[13.361428,38.121042],[13.366342,38.111013],[13.366365,38.110886],[13.366353,38.110694],[13.366193,38.110411],[13.366178,38.110326],[13.366189,38.110262],[13.366324,38.110178],[13.366414,38.110143],[13.366851,38.110327]]},"properties":{"id":"linea-102-0","route_id":"102","numero":"102","nome":"Stazione Notarbartolo - Stazione Centrale","colore":"#AF1F17","tipo":"bus","direzione":0,"da":"Piazza Boiardo","a":"Stazione Centrale Pensilina Esterna","fermate":["1464","1925","1256","1257","1035","1026","1037","2333","1758","1760","1767","1757","1771","1763","1765","1761","1984"],"lon":13.357962,"lat":38.126025}},{"type":"Feature","geometry":{"type":"LineString","coordinates":[[13.366851,38.110327],[13.367017,38.110398],[13.367041,38.110429],[13.367066,38.110534],[13.367045,38.110581],[13.366939,38.110683],[13.366858,38.110721],[13.366575,38.110786],[13.366488,38.110822],[13.366405,38.110902],[13.366342,38.111013],[13.361428,38.121042],[13.361226,38.121395],[13.360491,38.122483],[13.358417,38.125443],[13.358088,38.125938],[13.358012,38.126142],[13.357909,38.126303],[13.357384,38.126506],[13.356724,38.127565],[13.356428,38.12796],[13.354214,38.131456],[13.353594,38.132391],[13.352339,38.13435],[13.34977,38.133707],[13.345471,38.132595],[13.342726,38.131924],[13.342502,38.132488]]},"properties":{"id":"linea-102-1","route_id":"102","numero":"102","nome":"Stazione Notarbartolo - Stazione Centrale","colore":"#AF1F17","tipo":"bus","direzione":1,"da":"Stazione Centrale Pensilina Esterna","a":"Piazza Boiardo","fermate":["1984","1762","1766","1764","1772","1769","1768","1770","1759","1609","917","1412","580","744","1258","1259","1464"],"lon":13.358417,"lat":38.125443}},{"type":"Feature","geometry":{"type":"LineString","coordinates":[[13.331098,38.131912],[13.33113,38.132134],[13.330823,38.132393],[13.330767,38.132359],[13.330578,38.13102],[13.332351,38.130977],[13.333079,38.130734],[13.333314,38.130709],[13.33447,38.130976],[13.334834,38.129976],[13.335366,38.128706],[13.337878,38.12916],[13.339232,38.129363],[13.339303,38.129417],[13.33934,38.129484],[13.339354,38.129575],[13.338881,38.130122],[13.338477,38.130652],[13.339208,38.13084],[13.339496,38.131077],[13.339578,38.131101],[13.342092,38.13174],[13.342555,38.131882],[13.343454,38.132106],[13.343986,38.131219],[13.34449,38.130445],[13.345166,38.129334],[13.345858,38.128261],[13.346188,38.127797],[13.34676,38.126796],[13.347044,38.126334],[13.347216,38.126091],[13.348189,38.124338],[13.34846,38.123968],[13.349035,38.12363],[13.349476,38.123408],[13.349849,38.123189],[13.350679,38.122691],[13.351122,38.122375],[13.350931,38.12225],[13.350479,38.122082],[13.350643,38.120609],[13.350765,38.119837],[13.352977,38.120166],[13.353323,38.119377],[13.353658,38.119386],[13.354612,38.119664],[13.35604,38.120111],[13.356743,38.120466],[13.356916,38.12062],[13.35692,38.120665],[13.356885,38.120753],[13.357015,38.120893],[13.357881,38.121235],[13.359819,38.121706],[13.361418,38.122138],[13.362369,38.122374],[13.36313,38.122496],[13.36321,38.12248],[13.363868,38.122555],[13.364059,38.122563],[13.364329,38.122543],[13.364996,38.122412],[13.365087,38.122368],[13.36515,38.12231],[13.365767,38.121288],[13.365895,38.121169],[13.36636,38.12044],[13.366473,38.120123],[13.366603,38.119502],[13.366705,38.119288],[13.366767,38.119201],[13.36699,38.118966],[13.367166,38.118835],[13.367447,38.118712],[13.367609,38.118677],[13.367894,38.118658],[13.368032,38.118673],[13.368182,38.118711],[13.36868,38.118927],[13.369405,38.119454],[13.369777,38.11962]]},"properties":{"id":"linea-103-0","route_id":"103","numero":"103","nome":"John Lennon - Porta Felice","colore":"#62564B","tipo":"bus","direzione":0,"da":"Piazzale John Lennon 103","a":"S. Maria Della Catena","fermate":["1511","1523","886","850","1328","314","1084","1255","2017","2018","574","575","961","889","2196","1505","390","2282","165","261","2334"],"lon":13.350643,"lat":38.120609}},{"type":"Feature","geometry":{"type":"LineString","coordinates":[[13.369777,38.11962],[13.370827,38.120045],[13.37099,38.12006],[13.371122,38.120031],[13.371256,38.11996],[13.371374,38.119836],[13.372033,38.118888],[13.372207,38.118961],[13.371474,38.119985],[13.371432,38.120034],[13.371315,38.120103],[13.371144,38.12015],[13.370957,38.120165],[13.370859,38.120155],[13.370704,38.120111],[13.369397,38.119572],[13.369255,38.119483],[13.368605,38.119007],[13.368133,38.118803],[13.367886,38.118758],[13.367635,38.118774],[13.367491,38.118805],[13.36736,38.118855],[13.367154,38.118974],[13.366873,38.119255],[13.366771,38.119416],[13.366698,38.119632],[13.366581,38.120304],[13.366484,38.120537],[13.366088,38.121212],[13.366026,38.121372],[13.364891,38.123267],[13.364832,38.123285],[13.36472,38.123304],[13.364672,38.123294],[13.364612,38.123275],[13.364493,38.123199],[13.364305,38.122786],[13.364118,38.122696],[13.363852,38.122626],[13.3632,38.122542],[13.36313,38.122496],[13.362369,38.122374],[13.360829,38.121978],[13.360491,38.122483],[13.358417,38.125443],[13.358088,38.125938],[13.358012,38.126142],[13.357909,38.126303],[13.357639,38.12641],[13.357236,38.125768],[13.357155,38.125711],[13.357012,38.125668],[13.355403,38.125009],[13.354162,38.124554],[13.352392,38.124134],[13.352356,38.124194],[13.350584,38.123775],[13.350236,38.124418],[13.34964,38.12541],[13.347718,38.128766],[13.346296,38.128244],[13.346098,38.129003],[13.345694,38.129914],[13.345299,38.130731],[13.344885,38.131487],[13.344369,38.132334],[13.342726,38.131924],[13.342463,38.132585],[13.342374,38.132549],[13.342157,38.132495],[13.342327,38.132044],[13.342298,38.131946],[13.342258,38.131902],[13.342063,38.131829],[13.338292,38.130863],[13.337944,38.131239],[13.337855,38.131256],[13.337803,38.13118],[13.337809,38.131077],[13.337914,38.130772],[13.334834,38.129976],[13.333721,38.129712],[13.330887,38.129002],[13.330689,38.128972],[13.330595,38.128983],[13.330423,38.129038],[13.330235,38.129126],[13.330125,38.129324],[13.330104,38.129416],[13.330148,38.130002],[13.33047,38.13237],[13.330541,38.132818],[13.330894,38.132818],[13.330823,38.132393],[13.33113,38.132134],[13.331098,38.131912]]},"properties":{"id":"linea-103-1","route_id":"103","numero":"103","nome":"John Lennon - Porta Felice","colore":"#62564B","tipo":"bus","direzione":1,"da":"S. Maria Della Catena","a":"Piazzale John Lennon 103","fermate":["2334","263","262","2234","1770","1759","1582","592","591","1889","1890","1888","1873","1259","1464","1510","990","988","994","1658","1649","1511"],"lon":13.357909,"lat":38.126303}},{"type":"Feature","geometry":{"type":"LineString","coordinates":[[13.34552,38.097715],[13.344888,38.097066],[13.34264,38.095859],[13.342744,38.095738],[13.343968,38.096382],[13.345281,38.097085],[13.345449,38.097194],[13.345841,38.097563],[13.345966,38.097723],[13.346118,38.097963],[13.34798,38.101414],[13.348263,38.101849],[13.348274,38.102088],[13.350176,38.104241],[13.350589,38.104621],[13.352805,38.10656],[13.353041,38.106581],[13.35338,38.106848],[13.353697,38.107015],[13.353817,38.107122],[13.35501,38.107715],[13.35533,38.107853],[13.355974,38.108029],[13.355905,38.108175],[13.35514,38.107999],[13.353196,38.109839],[13.35309,38.109925],[13.352195,38.110526],[13.351424,38.110998],[13.351287,38.111142],[13.351062,38.111471],[13.35211,38.111903],[13.351953,38.112108],[13.352343,38.113362],[13.352392,38.113569],[13.352402,38.113775],[13.352355,38.113983],[13.352301,38.114108],[13.351887,38.114793],[13.35333,38.115209],[13.352681,38.115895],[13.352415,38.116207],[13.351171,38.117548],[13.351127,38.117806],[13.35113,38.118099],[13.350896,38.119853],[13.352977,38.120166],[13.353323,38.119377],[13.353658,38.119386],[13.354612,38.119664],[13.35604,38.120111],[13.356743,38.120466],[13.356916,38.12062],[13.35692,38.120665],[13.356885,38.120753],[13.357015,38.120893],[13.357881,38.121235],[13.359819,38.121706],[13.360829,38.121978],[13.360491,38.122483],[13.358417,38.125443],[13.358088,38.125938],[13.358012,38.126142],[13.357909,38.126303],[13.357384,38.126506],[13.356724,38.127565],[13.356428,38.12796],[13.354214,38.131456],[13.353594,38.132391],[13.352339,38.13435],[13.351648,38.134171]]},"properties":{"id":"linea-104-0","route_id":"104","numero":"104","nome":"Parcheggio Basile - Via Duca Della Verdura","colore":"#655A07","tipo":"bus","direzione":0,"da":"Parcheggio Basile Corsia Esterna","a":"Duca Della Verdura Liberta'","fermate":["1377","181","183","174","184","182","2225","912","294","2298","1373","4","2196","1505","390","1770","1759","1609","917","1412","580","744"],"lon":13.352402,"lat":38.113775}},{"type":"Feature","geometry":{"type":"LineString","coordinates":[[13.351648,38.134171],[13.34977,38.133707],[13.352203,38.129997],[13.353338,38.128187],[13.355403,38.125009],[13.354162,38.124554],[13.349428,38.123433],[13.350679,38.122691],[13.351122,38.122375],[13.350931,38.12225],[13.350479,38.122082],[13.350643,38.120609],[13.350765,38.119837],[13.35073,38.119724],[13.350933,38.117909],[13.350921,38.117573],[13.350872,38.117321],[13.35064,38.116751],[13.350673,38.116596],[13.351439,38.115532],[13.351761,38.114963],[13.351961,38.114676],[13.352301,38.114108],[13.352355,38.113983],[13.352402,38.113775],[13.352392,38.113569],[13.352343,38.113362],[13.351953,38.112108],[13.35211,38.111903],[13.350269,38.111133],[13.349805,38.110953],[13.350585,38.109958],[13.350639,38.109916],[13.350778,38.109881],[13.3527,38.109986],[13.352828,38.10998],[13.352896,38.10996],[13.35304,38.10986],[13.354176,38.108767],[13.354025,38.108448],[13.35387,38.107647],[13.353767,38.107494],[13.353194,38.106971],[13.350537,38.104657],[13.350121,38.104273],[13.348175,38.102069],[13.347706,38.101319],[13.346056,38.098242],[13.345967,38.098104],[13.34552,38.097715]]},"properties":{"id":"linea-104-1","route_id":"104","numero":"104","nome":"Parcheggio Basile - Via Duca Della Verdura","colore":"#655A07","tipo":"bus","direzione":1,"da":"Duca Della Verdura Liberta'","a":"Parcheggio Basile Corsia Esterna","fermate":["744","1035","1026","1037","592","591","584","961","889","2","3","1","911","913","1622","239","185","175","173","176","169","1377"],"lon":13.352392,"lat":38.113569}},{"type":"Feature","geometry":{"type":"LineString","coordinates":[[13.331871,38.116386],[13.331664,38.117406],[13.33135,38.118704],[13.331466,38.119085],[13.333387,38.118813],[13.334984,38.119064],[13.335804,38.119212],[13.336808,38.119332],[13.338278,38.119476],[13.339351,38.119693],[13.339479,38.119818],[13.339558,38.119804],[13.339632,38.119829],[13.339657,38.119854],[13.339833,38.119833],[13.34064,38.119625],[13.341068,38.119432],[13.34123,38.119475],[13.341418,38.119589],[13.341021,38.120119],[13.340877,38.120336],[13.340564,38.121308],[13.354162,38.124554],[13.355403,38.125009],[13.357012,38.125668],[13.357155,38.125711],[13.357236,38.125768],[13.357511,38.126205],[13.357962,38.126025],[13.358088,38.125938],[13.358012,38.126142],[13.357909,38.126303],[13.357384,38.126506],[13.356724,38.127565],[13.356428,38.12796],[13.354214,38.131456],[13.353594,38.132391],[13.352907,38.133481],[13.351543,38.135531],[13.350888,38.136564],[13.3458,38.144388],[13.346275,38.14486],[13.344798,38.146077],[13.344696,38.146212],[13.344526,38.146377],[13.344154,38.146683],[13.343948,38.146915],[13.343528,38.147877],[13.343425,38.147992],[13.341916,38.150723],[13.341519,38.151372],[13.340938,38.15221],[13.339882,38.15179],[13.339646,38.151776],[13.339274,38.151824],[13.339212,38.151819],[13.33901,38.151727],[13.338872,38.151691],[13.338599,38.151765],[13.338506,38.151733],[13.338356,38.151741],[13.338232,38.151723],[13.338117,38.151683],[13.338017,38.151624],[13.337936,38.151548],[13.337825,38.151374]]},"properties":{"id":"linea-106-0","route_id":"106","numero":"106","nome":"Parcheggio Emiri - Stadio","colore":"#6507A1","tipo":"bus","direzione":0,"da":"Nina Siciliana Scuola La Torre","a":"Resuttana","fermate":["1249","1248","1448","1440","1445","315","589","587","585","581","583","2332","2333","1609","917","1412","580","2122","2116","2120","2118","2124","1732","1006","819","817","1723"],"lon":13.356724,"lat":38.127565}},{"type":"Feature","geometry":{"type":"LineString","coordinates":[[13.337825,38.151374],[13.337685,38.151186],[13.337618,38.15113],[13.337327,38.151016],[13.336936,38.150832],[13.336923,38.150786],[13.33694,38.150734],[13.336983,38.150701],[13.337023,38.150684],[13.337091,38.150683],[13.33755,38.150826],[13.337838,38.150934],[13.337928,38.150941],[13.338049,38.150908],[13.338179,38.150917],[13.338295,38.150888],[13.338453,38.150885],[13.338597,38.150913],[13.338737,38.150978],[13.338797,38.151022],[13.338872,38.151103],[13.339035,38.151356],[13.339124,38.151445],[13.339795,38.15173],[13.339882,38.15179],[13.340938,38.15221],[13.341519,38.151372],[13.341916,38.150723],[13.343425,38.147992],[13.343454,38.147788],[13.343699,38.147064],[13.343706,38.146833],[13.344798,38.146077],[13.346275,38.14486],[13.344622,38.144307],[13.346576,38.141193],[13.3476,38.141607],[13.350888,38.136564],[13.351543,38.135531],[13.352339,38.13435],[13.34977,38.133707],[13.352203,38.129997],[13.353338,38.128187],[13.355403,38.125009],[13.354162,38.124554],[13.340564,38.121308],[13.340877,38.120336],[13.340874,38.120205],[13.340815,38.120136],[13.340729,38.120085],[13.339781,38.120059],[13.339475,38.119991],[13.339422,38.119936],[13.339416,38.119902],[13.339434,38.119853],[13.339479,38.119818],[13.339351,38.119693],[13.338278,38.119476],[13.336808,38.119332],[13.335804,38.119212],[13.334984,38.119064],[13.333387,38.118813],[13.333693,38.116668],[13.333828,38.116051],[13.333967,38.115555],[13.332141,38.1151],[13.331871,38.116386]]},"properties":{"id":"linea-106-1","route_id":"106","numero":"106","nome":"Parcheggio Emiri - Stadio","colore":"#6507A1","tipo":"bus","direzione":1,"da":"Resuttana","a":"Nina Siciliana Scuola La Torre","fermate":["1723","2064","816","818","820","1007","1005","600","599","2123","2119","2121","2117","744","1035","1026","1037","592","591","584","582","586","588","590","1467","1446","1441","1438","130","613","1249"],"lon":13.346275,"lat":38.14486}},{"type":"Feature","geometry":{"type":"LineString","coordinates":[[13.367508,38.110319],[13.3678,38.109947],[13.369015,38.110509],[13.369063,38.11052],[13.369133,38.110625],[13.368366,38.111514],[13.371116,38.112797],[13.37428,38.114301],[13.376154,38.115164],[13.376282,38.115022],[13.377467,38.113429],[13.377633,38.113514],[13.37646,38.115098],[13.376321,38.115249],[13.376239,38.115325],[13.375574,38.115765],[13.374496,38.116519],[13.374134,38.116789],[13.373715,38.117149],[13.373175,38.11768],[13.372675,38.1183],[13.371474,38.119985],[13.371378,38.120073],[13.371228,38.120131],[13.371059,38.120162],[13.370859,38.120155],[13.370704,38.120111],[13.369397,38.119572],[13.369255,38.119483],[13.368605,38.119007],[13.368133,38.118803],[13.368004,38.11877],[13.36777,38.118758],[13.367635,38.118774],[13.367491,38.118805],[13.36736,38.118855],[13.367242,38.118915],[13.367086,38.11903],[13.366818,38.119332],[13.366725,38.119528],[13.366596,38.120244],[13.36655,38.120398],[13.366484,38.120537],[13.366088,38.121212],[13.366026,38.121372],[13.364163,38.124481],[13.364046,38.124582],[13.363791,38.125005],[13.360582,38.130389],[13.360583,38.1307],[13.360502,38.131072],[13.360269,38.131461],[13.359883,38.132255],[13.359653,38.13261],[13.359132,38.133569],[13.358805,38.13409],[13.358763,38.134227],[13.358578,38.135926],[13.358716,38.135959],[13.358323,38.139013],[13.357757,38.142083],[13.357571,38.143244],[13.357402,38.144104],[13.356919,38.147075],[13.356913,38.147245],[13.357044,38.147492],[13.357283,38.147797],[13.357481,38.148008],[13.357552,38.148026],[13.357591,38.148052],[13.357621,38.148109],[13.357603,38.148184],[13.357532,38.148235],[13.357472,38.148245],[13.357406,38.148233],[13.357349,38.148195],[13.357326,38.148157],[13.357215,38.148085],[13.357109,38.148042],[13.354863,38.147668],[13.354548,38.147586],[13.354029,38.147419],[13.353523,38.147288],[13.353053,38.147125],[13.352988,38.14708],[13.346457,38.144931],[13.346275,38.14486],[13.344798,38.146077],[13.344696,38.146212],[13.344526,38.146377],[13.344154,38.146683],[13.343948,38.146915],[13.343528,38.147877],[13.343425,38.147992],[13.341916,38.150723],[13.341519,38.151372],[13.340938,38.15221],[13.339882,38.15179],[13.339646,38.151776],[13.339274,38.151824],[13.339212,38.151819],[13.33901,38.151727],[13.338872,38.151691],[13.338599,38.151765],[13.338506,38.151733],[13.338356,38.151741],[13.338232,38.151723],[13.338117,38.151683],[13.338017,38.151624],[13.337936,38.151548],[13.337685,38.151186],[13.337618,38.15113],[13.337327,38.151016],[13.336936,38.150832],[13.336923,38.150786],[13.33694,38.150734],[13.337023,38.150684],[13.337091,38.150683],[13.33755,38.150826],[13.337838,38.150934],[13.337928,38.150941],[13.338049,38.150908],[13.338179,38.150917],[13.338295,38.150888],[13.338519,38.150894],[13.338597,38.150913],[13.338737,38.150978],[13.338872,38.151103],[13.338912,38.151176],[13.33894,38.151294],[13.338925,38.151414],[13.338868,38.151526],[13.338774,38.151621],[13.33865,38.151692],[13.338506,38.151733],[13.338356,38.151741],[13.338202,38.15182],[13.338109,38.151889],[13.337052,38.153533],[13.337054,38.153627],[13.336974,38.153696],[13.336915,38.153708],[13.336999,38.153796],[13.338142,38.154588],[13.339019,38.154994],[13.340063,38.153546],[13.340434,38.15298]]},"properties":{"id":"linea-107-0","route_id":"107","numero":"107","nome":"Stazione Centrale - Stadio","colore":"#6507A1","tipo":"bus","direzione":0,"da":"Stazione Centrale Balsamo","a":"Del Fante Cassara'","fermate":["1974","1042","1045","1047","835","839","263","262","518","519","521","1469","2076","1218","1220","1215","1213","1613","1615","918","905","910","907","1006","819","817","1723","2064","1492","2115","683"],"lon":13.357472,"lat":38.148245}},{"type":"Feature","geometry":{"type":"LineString","coordinates":[[13.340434,38.15298],[13.340938,38.15221],[13.341519,38.151372],[13.341916,38.150723],[13.343425,38.147992],[13.343454,38.147788],[13.343699,38.147064],[13.343706,38.146833],[13.344798,38.146077],[13.346275,38.14486],[13.346457,38.144931],[13.352988,38.14708],[13.353164,38.147094],[13.353476,38.147075],[13.353554,38.147041],[13.353599,38.147038],[13.35369,38.146982],[13.353759,38.146916],[13.353909,38.146744],[13.354326,38.146184],[13.356823,38.143153],[13.357479,38.142383],[13.357579,38.142232],[13.357598,38.142172],[13.3582,38.13882],[13.358578,38.135926],[13.35651,38.135387],[13.35816,38.134569],[13.359023,38.133749],[13.359653,38.13261],[13.359649,38.132016],[13.360041,38.131377],[13.360275,38.130919],[13.360358,38.130713],[13.360387,38.130341],[13.361324,38.128725],[13.362328,38.127103],[13.363874,38.124541],[13.363994,38.124425],[13.365855,38.121321],[13.365895,38.121169],[13.36636,38.12044],[13.366473,38.120123],[13.366603,38.119502],[13.366705,38.119288],[13.366767,38.119201],[13.36699,38.118966],[13.367166,38.118835],[13.367298,38.118768],[13.367741,38.118235],[13.371442,38.119737],[13.372711,38.117944],[13.373223,38.117374],[13.373648,38.116979],[13.374341,38.116405],[13.375448,38.115648],[13.375943,38.115329],[13.376154,38.115164],[13.37428,38.114301],[13.371116,38.112797],[13.369172,38.111895],[13.367044,38.110874],[13.367508,38.110319]]},"properties":{"id":"linea-107-1","route_id":"107","numero":"107","nome":"Stazione Centrale - Stadio","colore":"#6507A1","tipo":"bus","direzione":1,"da":"Del Fante Cassara'","a":"Stazione Centrale Balsamo","fermate":["683","816","818","820","1007","906","908","909","904","1866","1865","869","1214","1216","1221","1217","873","1470","522","516","165","261","2189","2183","838","837","1048","1046","1043","1044","1974"],"lon":13.360041,"lat":38.131377}},{"type":"Feature","geometry":{"type":"LineString","coordinates":[[13.35652,38.125466],[13.355403,38.125009],[13.354162,38.124554],[13.349428,38.123433],[13.350679,38.122691],[13.351122,38.122375],[13.350931,38.12225],[13.350479,38.122082],[13.350643,38.120609],[13.350765,38.119837],[13.35073,38.119724],[13.350933,38.117909],[13.350921,38.117573],[13.350872,38.117321],[13.35064,38.116751],[13.350673,38.116596],[13.351439,38.115532],[13.351761,38.114963],[13.351961,38.114676],[13.352301,38.114108],[13.352355,38.113983],[13.352402,38.113775],[13.352392,38.113569],[13.352343,38.113362],[13.351953,38.112108],[13.35211,38.111903],[13.350269,38.111133],[13.349805,38.110953],[13.350585,38.109958],[13.350639,38.109916],[13.350778,38.109881],[13.3527,38.109986],[13.352828,38.10998],[13.352896,38.10996],[13.35304,38.10986],[13.354176,38.108767],[13.354025,38.108448],[13.35387,38.107647],[13.353767,38.107494],[13.353194,38.106971],[13.350537,38.104657],[13.350121,38.104273],[13.348175,38.102069],[13.347706,38.101319],[13.3462,38.0985],[13.345767,38.097764],[13.345427,38.09741],[13.345311,38.097307],[13.345162,38.09721],[13.34264,38.095859],[13.342744,38.095738],[13.345281,38.097085],[13.345449,38.097194],[13.345579,38.097308],[13.347629,38.095537],[13.347761,38.095506],[13.347912,38.095838],[13.348028,38.095966],[13.348694,38.09654],[13.349763,38.097371],[13.350502,38.098002],[13.350614,38.098187],[13.350731,38.098514],[13.351023,38.098482],[13.351444,38.098383],[13.351461,38.09841],[13.351444,38.098383],[13.352016,38.098181],[13.352981,38.098189],[13.353065,38.098207],[13.353478,38.098383],[13.353665,38.098406],[13.354872,38.098701],[13.35553,38.09887],[13.35656,38.099173],[13.356411,38.099723],[13.355921,38.101272],[13.35587,38.101669],[13.355845,38.10216],[13.354003,38.103395],[13.354287,38.103653],[13.354415,38.10368],[13.354493,38.103748],[13.354582,38.103797],[13.354668,38.103786],[13.355117,38.103498],[13.355297,38.103672]]},"properties":{"id":"linea-108-0","route_id":"108","numero":"108","nome":"Ospedale Civico - Politeama","colore":"#873712","tipo":"bus","direzione":0,"da":"Politeama Turati","a":"Ospedale Civico","fermate":["1582","592","591","584","961","889","2","3","1","911","913","1622","239","185","175","173","176","169","178","181","1617","1750","1752","1071","1069","1073","2088","2089","2063","1327"],"lon":13.347706,"lat":38.101319}},{"type":"Feature","geometry":{"type":"LineString","coordinates":[[13.355297,38.103672],[13.355375,38.103749],[13.355217,38.103844],[13.354602,38.103923],[13.354003,38.103395],[13.355845,38.10216],[13.35587,38.101669],[13.355921,38.101272],[13.356411,38.099723],[13.35656,38.099173],[13.35553,38.09887],[13.354872,38.098701],[13.353665,38.098406],[13.353478,38.098383],[13.353065,38.098207],[13.352981,38.098189],[13.352016,38.098181],[13.351414,38.098392],[13.351023,38.098482],[13.350731,38.098514],[13.350614,38.098187],[13.350502,38.098002],[13.349763,38.097371],[13.348694,38.09654],[13.348028,38.095966],[13.347912,38.095838],[13.347761,38.095506],[13.347629,38.095537],[13.345579,38.097308],[13.345841,38.097563],[13.345966,38.097723],[13.346118,38.097963],[13.34798,38.101414],[13.348263,38.101849],[13.348274,38.102088],[13.350176,38.104241],[13.350589,38.104621],[13.352805,38.10656],[13.353041,38.106581],[13.35338,38.106848],[13.353697,38.107015],[13.353817,38.107122],[13.35501,38.107715],[13.35533,38.107853],[13.355974,38.108029],[13.355905,38.108175],[13.35514,38.107999],[13.353196,38.109839],[13.35309,38.109925],[13.352195,38.110526],[13.351424,38.110998],[13.351287,38.111142],[13.351062,38.111471],[13.35211,38.111903],[13.351953,38.112108],[13.352343,38.113362],[13.352392,38.113569],[13.352402,38.113775],[13.352355,38.113983],[13.352301,38.114108],[13.351887,38.114793],[13.35333,38.115209],[13.352681,38.115895],[13.352415,38.116207],[13.351171,38.117548],[13.351127,38.117806],[13.35113,38.118099],[13.350896,38.119853],[13.352977,38.120166],[13.353323,38.119377],[13.353658,38.119386],[13.354612,38.119664],[13.35604,38.120111],[13.356743,38.120466],[13.356916,38.12062],[13.35692,38.120665],[13.356885,38.120753],[13.357015,38.120893],[13.357881,38.121235],[13.359819,38.121706],[13.360829,38.121978],[13.360491,38.122483],[13.358417,38.125443],[13.358088,38.125938],[13.358012,38.126142],[13.357909,38.126303],[13.357639,38.12641],[13.357236,38.125768],[13.357155,38.125711],[13.357012,38.125668],[13.35652,38.125466]]},"properties":{"id":"linea-108-1","route_id":"108","numero":"108","nome":"Ospedale Civico - Politeama","colore":"#873712","tipo":"bus","direzione":1,"da":"Ospedale Civico","a":"Politeama Turati","fermate":["1327","2062","2090","1072","1068","1070","1754","1751","1616","183","174","184","182","2225","912","294","2298","1373","4","2196","1505","390","1770","1759","1582"],"lon":13.355905,"lat":38.108175}},{"type":"Feature","geometry":{"type":"LineString","coordinates":[[13.34531,38.097905],[13.345073,38.097693],[13.345254,38.097574],[13.345304,38.097505],[13.344888,38.097066],[13.34264,38.095859],[13.342744,38.095738],[13.343968,38.096382],[13.345281,38.097085],[13.345449,38.097194],[13.345841,38.097563],[13.345966,38.097723],[13.346118,38.097963],[13.34798,38.101414],[13.348263,38.101849],[13.348274,38.102088],[13.350176,38.104241],[13.350589,38.104621],[13.352805,38.10656],[13.353041,38.106581],[13.35338,38.106848],[13.353697,38.107015],[13.353817,38.107122],[13.35501,38.107715],[13.35533,38.107853],[13.356143,38.108077],[13.356555,38.108141],[13.356886,38.108257],[13.358059,38.108554],[13.359307,38.10882],[13.359833,38.108892],[13.359927,38.108775],[13.360113,38.108447],[13.360516,38.10789],[13.363055,38.109052],[13.364103,38.107419],[13.364644,38.107659],[13.366185,38.108415],[13.365237,38.109854],[13.366189,38.110262],[13.366324,38.110178],[13.366414,38.110143],[13.366851,38.110327]]},"properties":{"id":"linea-109-0","route_id":"109","numero":"109","nome":"Parcheggio Basile - Stazione Centrale","colore":"#A80265","tipo":"bus","direzione":0,"da":"Parcheggio Basile Corsia Interna","a":"Stazione Centrale Pensilina Esterna","fermate":["1378","181","183","174","184","182","2074","2072","1876","1538","1117","771","1984"],"lon":13.353697,"lat":38.107015}},{"type":"Feature","geometry":{"type":"LineString","coordinates":[[13.366851,38.110327],[13.367017,38.110398],[13.367059,38.110474],[13.367066,38.110534],[13.367045,38.110581],[13.366939,38.110683],[13.366858,38.110721],[13.366744,38.110747],[13.365114,38.110032],[13.364515,38.109929],[13.363477,38.109814],[13.363226,38.109751],[13.362714,38.109541],[13.361687,38.109216],[13.360512,38.10899],[13.359307,38.10882],[13.358059,38.108554],[13.356886,38.108257],[13.356548,38.108209],[13.355905,38.108175],[13.35514,38.107999],[13.353196,38.109839],[13.35309,38.109925],[13.352195,38.110526],[13.351424,38.110998],[13.351287,38.111142],[13.351062,38.111471],[13.350269,38.111133],[13.349805,38.110953],[13.350585,38.109958],[13.350639,38.109916],[13.350705,38.10989],[13.350778,38.109881],[13.3527,38.109986],[13.352828,38.10998],[13.352896,38.10996],[13.35304,38.10986],[13.354176,38.108767],[13.354025,38.108448],[13.35387,38.107647],[13.353767,38.107494],[13.353194,38.106971],[13.350537,38.104657],[13.350121,38.104273],[13.348372,38.102304],[13.348175,38.102069],[13.347706,38.101319],[13.346056,38.098242],[13.345832,38.098153],[13.345572,38.09814],[13.34531,38.097905]]},"properties":{"id":"linea-109-1","route_id":"109","numero":"109","nome":"Parcheggio Basile - Stazione Centrale","colore":"#A80265","tipo":"bus","direzione":1,"da":"Stazione Centrale Pensilina Esterna","a":"Parcheggio Basile Corsia Interna","fermate":["1984","2073","2075","2223","2224","2225","912","911","913","1622","239","185","175","173","176","169","1378"],"lon":13.351287,"lat":38.111142}},{"type":"Feature","geometry":{"type":"LineString","coordinates":[[13.351864,38.110728],[13.351424,38.110998],[13.351287,38.111142],[13.351062,38.111471],[13.35211,38.111903],[13.351953,38.112108],[13.352343,38.113362],[13.352392,38.113569],[13.352402,38.113775],[13.352355,38.113983],[13.352301,38.114108],[13.351887,38.114793],[13.35333,38.115209],[13.352681,38.115895],[13.352415,38.116207],[13.351171,38.117548],[13.351127,38.117806],[13.35113,38.118099],[13.351026,38.118868],[13.350817,38.118854],[13.350933,38.117909],[13.350921,38.117573],[13.350872,38.117321],[13.350225,38.117283],[13.346671,38.116649],[13.345556,38.119811],[13.345316,38.1204],[13.344623,38.122246],[13.344368,38.122983],[13.343495,38.125336],[13.343141,38.126237],[13.342864,38.127063],[13.340219,38.126428],[13.33833,38.125937],[13.337854,38.127272],[13.337737,38.127893],[13.337749,38.128286],[13.337786,38.128661],[13.33656,38.128603],[13.335734,38.128401],[13.335599,38.12875],[13.335038,38.129997],[13.334661,38.131019],[13.333314,38.130709],[13.333079,38.130734],[13.332351,38.130977],[13.330971,38.131014],[13.331121,38.132073]]},"properties":{"id":"linea-110-0","route_id":"110","numero":"110","nome":"John Lennon - Indipendenza","colore":"#4E5768","tipo":"bus","direzione":0,"da":"Indipendenza Palazzo Reale","a":"Piazzale John Lennon 110","fermate":["912","294","2298","1373","4","2","959","960","2110","2111","1389","1387","1388","142","1933","313","853","887","1512"],"lon":13.346671,"lat":38.116649}},{"type":"Feature","geometry":{"type":"LineString","coordinates":[[13.331121,38.132073],[13.33113,38.132134],[13.330823,38.132393],[13.330767,38.132359],[13.330578,38.13102],[13.332351,38.130977],[13.333079,38.130734],[13.333314,38.130709],[13.33447,38.130976],[13.334834,38.129976],[13.335366,38.128706],[13.337878,38.12916],[13.337786,38.128661],[13.337749,38.128286],[13.337737,38.127893],[13.337896,38.127127],[13.338368,38.12583],[13.33853,38.125527],[13.339341,38.124582],[13.33953,38.124275],[13.339698,38.123919],[13.339884,38.123478],[13.340743,38.120742],[13.340701,38.120714],[13.340838,38.120317],[13.340875,38.120266],[13.340874,38.120205],[13.340815,38.120136],[13.340729,38.120085],[13.339781,38.120059],[13.339752,38.119976],[13.339752,38.119903],[13.339776,38.119841],[13.34064,38.119625],[13.341068,38.119432],[13.341314,38.119289],[13.342488,38.118476],[13.343152,38.118335],[13.344254,38.118161],[13.344512,38.118151],[13.345391,38.11819],[13.347182,38.118477],[13.348219,38.118684],[13.349864,38.114256],[13.349995,38.114131],[13.350802,38.111965],[13.351036,38.111913],[13.351319,38.111891],[13.351474,38.111912],[13.351593,38.111952],[13.351953,38.112108],[13.35211,38.111903],[13.350269,38.111133],[13.349805,38.110953],[13.350585,38.109958],[13.350639,38.109916],[13.350778,38.109881],[13.3527,38.109986],[13.352769,38.11002],[13.352806,38.110061],[13.352804,38.110106],[13.352195,38.110526],[13.351864,38.110728]]},"properties":{"id":"linea-110-1","route_id":"110","numero":"110","nome":"John Lennon - Indipendenza","colore":"#4E5768","tipo":"bus","direzione":1,"da":"Piazzale John Lennon 110","a":"Indipendenza Palazzo Reale","fermate":["1512","1523","886","850","1328","314","1934","1932","1937","1939","315","824","825","2299","2228","2283","911","913","912"],"lon":13.339752,"lat":38.119903}},{"type":"Feature","geometry":{"type":"LineString","coordinates":[[13.342502,38.132488],[13.342315,38.132987],[13.342795,38.133181],[13.343986,38.131219],[13.34449,38.130445],[13.345166,38.129334],[13.345858,38.128261],[13.346188,38.127797],[13.34676,38.126796],[13.347044,38.126334],[13.347216,38.126091],[13.348189,38.124338],[13.34846,38.123968],[13.349035,38.12363],[13.349476,38.123408],[13.349849,38.123189],[13.350679,38.122691],[13.351122,38.122375],[13.350931,38.12225],[13.350479,38.122082],[13.350643,38.120609],[13.350765,38.119837],[13.35073,38.119724],[13.350933,38.117909],[13.350921,38.117573],[13.350872,38.117321],[13.35064,38.116751],[13.350673,38.116596],[13.351439,38.115532],[13.351761,38.114963],[13.351961,38.114676],[13.352301,38.114108],[13.352355,38.113983],[13.352402,38.113775],[13.352392,38.113569],[13.352246,38.113038],[13.351953,38.112108],[13.35211,38.111903],[13.350269,38.111133],[13.349805,38.110953],[13.350585,38.109958],[13.350639,38.109916],[13.350778,38.109881],[13.3527,38.109986],[13.352828,38.10998],[13.352896,38.10996],[13.35304,38.10986],[13.354176,38.108767],[13.354025,38.108448],[13.35387,38.107647],[13.353767,38.107494],[13.353194,38.106971],[13.350537,38.104657],[13.350121,38.104273],[13.348175,38.102069],[13.347706,38.101319],[13.346056,38.098242],[13.345967,38.098104],[13.34552,38.097715]]},"properties":{"id":"linea-118-0","route_id":"118","numero":"118","nome":"Parcheggio Basile - Stazione Notarbartolo","colore":"#7B4F09","tipo":"bus","direzione":0,"da":"Piazza Boiardo","a":"Parcheggio Basile Corsia Esterna","fermate":["1464","1925","2017","2018","574","575","961","889","2","3","1","911","913","1622","239","185","175","173","176","169","1377"],"lon":13.351761,"lat":38.114963}},{"type":"Feature","geometry":{"type":"LineString","coordinates":[[13.34552,38.097715],[13.344888,38.097066],[13.34264,38.095859],[13.342744,38.095738],[13.343968,38.096382],[13.345281,38.097085],[13.345449,38.097194],[13.345841,38.097563],[13.345966,38.097723],[13.346118,38.097963],[13.34798,38.101414],[13.348263,38.101849],[13.348274,38.102088],[13.350176,38.104241],[13.350589,38.104621],[13.352805,38.10656],[13.353041,38.106581],[13.35338,38.106848],[13.353697,38.107015],[13.353817,38.107122],[13.35501,38.107715],[13.35533,38.107853],[13.355974,38.108029],[13.355905,38.108175],[13.35514,38.107999],[13.353196,38.109839],[13.35309,38.109925],[13.352195,38.110526],[13.351424,38.110998],[13.351287,38.111142],[13.351062,38.111471],[13.35211,38.111903],[13.351953,38.112108],[13.352343,38.113362],[13.352392,38.113569],[13.352402,38.113775],[13.352355,38.113983],[13.352301,38.114108],[13.351887,38.114793],[13.35333,38.115209],[13.352681,38.115895],[13.352415,38.116207],[13.351171,38.117548],[13.351127,38.117806],[13.35113,38.118099],[13.350896,38.119853],[13.352977,38.120166],[13.352576,38.120981],[13.352393,38.121242],[13.351971,38.121697],[13.351624,38.122013],[13.351099,38.122867],[13.350236,38.124418],[13.34964,38.12541],[13.347718,38.128766],[13.346296,38.128244],[13.346098,38.129003],[13.345694,38.129914],[13.345299,38.130731],[13.344885,38.131487],[13.344369,38.132334],[13.342726,38.131924],[13.342502,38.132488]]},"properties":{"id":"linea-118-1","route_id":"118","numero":"118","nome":"Parcheggio Basile - Stazione Notarbartolo","colore":"#7B4F09","tipo":"bus","direzione":1,"da":"Parcheggio Basile Corsia Esterna","a":"Piazza Boiardo","fermate":["1377","181","183","174","184","182","2225","912","294","2298","1373","4","2232","1453","1889","1890","1888","1873","1259","1464"],"lon":13.35211,"lat":38.111903}},{"type":"Feature","geometry":{"type":"LineString","coordinates":[[13.366851,38.110327],[13.367017,38.110398],[13.367041,38.110429],[13.367066,38.110534],[13.367045,38.110581],[13.366939,38.110683],[13.366858,38.110721],[13.366575,38.110786],[13.366488,38.110822],[13.366405,38.110902],[13.366342,38.111013],[13.361355,38.121179],[13.361226,38.121395],[13.360491,38.122483],[13.358417,38.125443],[13.358088,38.125938],[13.358012,38.126142],[13.357909,38.126303],[13.357639,38.12641],[13.357511,38.126205],[13.357962,38.126025],[13.358088,38.125938],[13.358417,38.125443],[13.359626,38.123719],[13.35694,38.122651],[13.353756,38.121419],[13.351971,38.121697],[13.351624,38.122013],[13.351122,38.122375],[13.350931,38.12225],[13.350479,38.122082],[13.350643,38.120609],[13.350765,38.119837],[13.35073,38.119724],[13.350933,38.117909],[13.350921,38.117573],[13.350872,38.117321],[13.350225,38.117283],[13.346671,38.116649],[13.345707,38.116521],[13.343255,38.116009],[13.343238,38.115707],[13.343272,38.11534],[13.338244,38.114391],[13.334167,38.113419],[13.334308,38.112894],[13.334301,38.112606],[13.334113,38.112367],[13.332595,38.113084],[13.331971,38.115873],[13.331793,38.116776],[13.331698,38.11676],[13.331646,38.11665],[13.331706,38.116387]]},"properties":{"id":"linea-124-0","route_id":"124","numero":"124","nome":"Parcheggio Emiri - Stazione Centrale","colore":"#215032","tipo":"bus","direzione":0,"da":"Stazione Centrale Pensilina Esterna","a":"Parcheggio Degli Emiri","fermate":["1984","1762","1766","1764","1772","1769","1768","1770","1759","1758","2356","1968","2384","889","2","959","960","1192","981","979","976","982","1021","1019","1247","1379"],"lon":13.351624,"lat":38.122013}},{"type":"Feature","geometry":{"type":"LineString","coordinates":[[13.331706,38.116387],[13.331757,38.116161],[13.331852,38.116117],[13.331927,38.116121],[13.332595,38.113084],[13.334113,38.112367],[13.334148,38.112313],[13.334531,38.112131],[13.33457,38.112189],[13.334572,38.112264],[13.334308,38.112894],[13.334167,38.113419],[13.338244,38.114391],[13.343347,38.115355],[13.343503,38.116051],[13.345707,38.116521],[13.346671,38.116649],[13.347733,38.116836],[13.347534,38.117379],[13.347182,38.118477],[13.348219,38.118684],[13.348923,38.118794],[13.349966,38.118849],[13.351015,38.118946],[13.350896,38.119853],[13.352977,38.120166],[13.353323,38.119377],[13.353658,38.119386],[13.354612,38.119664],[13.35604,38.120111],[13.356743,38.120466],[13.356916,38.12062],[13.35692,38.120665],[13.356885,38.120753],[13.357015,38.120893],[13.357881,38.121235],[13.359819,38.121706],[13.360829,38.121978],[13.361226,38.121395],[13.361428,38.121042],[13.366342,38.111013],[13.366365,38.110886],[13.366353,38.110694],[13.366193,38.110411],[13.366178,38.110326],[13.366189,38.110262],[13.366324,38.110178],[13.366414,38.110143],[13.366851,38.110327]]},"properties":{"id":"linea-124-1","route_id":"124","numero":"124","nome":"Parcheggio Emiri - Stazione Centrale","colore":"#215032","tipo":"bus","direzione":1,"da":"Parcheggio Degli Emiri","a":"Stazione Centrale Pensilina Esterna","fermate":["1379","1018","1020","983","977","978","980","894","498","825","826","2196","1505","390","1767","1757","1771","1763","1765","1761","1984"],"lon":13.350896,"lat":38.119853}},{"type":"Feature","geometry":{"type":"LineString","coordinates":[[13.36276,38.122437],[13.362369,38.122374],[13.360829,38.121978],[13.360491,38.122483],[13.358417,38.125443],[13.358088,38.125938],[13.358012,38.126142],[13.357909,38.126303],[13.357639,38.12641],[13.357236,38.125768],[13.357155,38.125711],[13.357012,38.125668],[13.355403,38.125009],[13.354162,38.124554],[13.344613,38.122275],[13.344368,38.122983],[13.343495,38.125336],[13.343141,38.126237],[13.342864,38.127063],[13.340219,38.126428],[13.33833,38.125937],[13.337225,38.125717],[13.335663,38.125358],[13.333395,38.124791],[13.333366,38.124838],[13.333304,38.124854],[13.333271,38.124847],[13.333228,38.124808],[13.333224,38.124782],[13.333253,38.124735],[13.333316,38.124719],[13.333277,38.124611],[13.332927,38.123785],[13.332741,38.123418],[13.332099,38.123035],[13.330371,38.124927],[13.32965,38.125689],[13.329685,38.126004],[13.329574,38.126356],[13.329916,38.129402],[13.330163,38.131313],[13.33038,38.131655],[13.330541,38.132818],[13.330894,38.132818],[13.330823,38.132393],[13.330767,38.132359],[13.330578,38.13102],[13.330971,38.131014],[13.331102,38.131938]]},"properties":{"id":"linea-134-0","route_id":"134","numero":"134","nome":"John Lennon - Piazza Xiii Vittime","colore":"#01645F","tipo":"bus","direzione":0,"da":"Cavour Prefettura","a":"Piazzale John Lennon 134","fermate":["2234","1770","1759","1582","592","591","584","582","586","1389","1387","1388","142","1384","1386","1910","1911","1649","1514"],"lon":13.333366,"lat":38.124838}},{"type":"Feature","geometry":{"type":"LineString","coordinates":[[13.331102,38.131938],[13.33113,38.132134],[13.330823,38.132393],[13.330767,38.132359],[13.330578,38.13102],[13.332351,38.130977],[13.333079,38.130734],[13.333314,38.130709],[13.33447,38.130976],[13.334834,38.129976],[13.335366,38.128706],[13.337878,38.12916],[13.337786,38.128661],[13.337749,38.128286],[13.337737,38.127893],[13.337896,38.127127],[13.33833,38.125937],[13.340219,38.126428],[13.342164,38.126887],[13.342474,38.126077],[13.343141,38.126237],[13.342864,38.127063],[13.34316,38.12712],[13.343777,38.12692],[13.34406,38.12685],[13.344288,38.126734],[13.344381,38.126674],[13.344827,38.126309],[13.346073,38.125405],[13.346709,38.125009],[13.347393,38.124555],[13.347873,38.124215],[13.34846,38.123968],[13.349035,38.12363],[13.349476,38.123408],[13.350679,38.122691],[13.351122,38.122375],[13.350931,38.12225],[13.350479,38.122082],[13.350643,38.120609],[13.350765,38.119837],[13.352977,38.120166],[13.353323,38.119377],[13.353658,38.119386],[13.354612,38.119664],[13.35604,38.120111],[13.356743,38.120466],[13.356916,38.12062],[13.35692,38.120665],[13.356885,38.120753],[13.357015,38.120893],[13.357881,38.121235],[13.359819,38.121706],[13.361418,38.122138],[13.362369,38.122374],[13.36313,38.122496],[13.36321,38.12248],[13.363868,38.122555],[13.364059,38.122563],[13.364329,38.122543],[13.364996,38.122412],[13.365108,38.122429],[13.365214,38.122486],[13.365266,38.12257],[13.365278,38.122621],[13.364891,38.123267],[13.364739,38.123301],[13.364614,38.123275],[13.364493,38.123199],[13.364305,38.122786],[13.364206,38.122728],[13.363852,38.122626],[13.3632,38.122542],[13.36313,38.122496],[13.36276,38.122437]]},"properties":{"id":"linea-134-1","route_id":"134","numero":"134","nome":"John Lennon - Piazza Xiii Vittime","colore":"#01645F","tipo":"bus","direzione":1,"da":"Piazzale John Lennon 134","a":"Cavour Prefettura","fermate":["1514","1523","886","850","1328","314","1934","141","213","1388","1085","1083","961","889","2196","1505","390","2282","2234"],"lon":13.350931,"lat":38.12225}},{"type":"Feature","geometry":{"type":"LineString","coordinates":[[13.36941,38.078363],[13.369754,38.078455],[13.370435,38.078666],[13.371327,38.078882],[13.371691,38.079016],[13.371869,38.079114],[13.372156,38.079344],[13.372593,38.079801],[13.372775,38.080044],[13.373626,38.080835],[13.374221,38.081227],[13.374415,38.081386],[13.374518,38.081505],[13.374971,38.081848],[13.376441,38.083075],[13.376786,38.08351],[13.377052,38.083947],[13.377281,38.084269],[13.377188,38.084472],[13.377009,38.085031],[13.376883,38.085323],[13.376799,38.085639],[13.376623,38.086023],[13.376256,38.086597],[13.376058,38.087048],[13.376,38.08725],[13.375798,38.087698],[13.375619,38.088025],[13.375393,38.088383],[13.375076,38.0893],[13.374908,38.089537],[13.374583,38.089895],[13.369813,38.088857],[13.368433,38.088541],[13.368316,38.0885],[13.36676,38.08751],[13.366499,38.087401],[13.366044,38.087316],[13.365635,38.090078],[13.365668,38.090129],[13.365665,38.090158],[13.365626,38.090205],[13.365558,38.090221],[13.365342,38.091718],[13.365339,38.09197],[13.365408,38.092292],[13.365556,38.092566],[13.366139,38.093406],[13.366606,38.093917],[13.366822,38.094081],[13.367055,38.094193],[13.368807,38.095301],[13.369047,38.095426],[13.369921,38.095988],[13.370379,38.096246],[13.370879,38.096446],[13.372793,38.097016],[13.373428,38.097218],[13.376725,38.092118],[13.376782,38.091873],[13.375209,38.090827]]},"properties":{"id":"linea-209-0","route_id":"209","numero":"209","nome":"Parcheggio Oreto - Falsomiele","colore":"#605A07","tipo":"bus","direzione":0,"da":"Falsomiele Barresi","a":"Regione Siciliana Paratore","fermate":["805","808","1824","1835","1833","2297","2296","1314","1320","1323","1317","1322","1319","1301","1297","1304","1305","1672"],"lon":13.374908,"lat":38.089537}},{"type":"Feature","geometry":{"type":"LineString","coordinates":[[13.375969,38.091327],[13.375698,38.091144],[13.375513,38.091405],[13.375223,38.091203],[13.374928,38.091022],[13.374051,38.090624],[13.373844,38.091046],[13.37366,38.091345],[13.373111,38.092154],[13.372502,38.092813],[13.372293,38.093014],[13.372083,38.093266],[13.371893,38.09355],[13.371507,38.094194],[13.371232,38.09458],[13.371055,38.094951],[13.370585,38.096338],[13.370379,38.096246],[13.369921,38.095988],[13.369047,38.095426],[13.368807,38.095301],[13.368782,38.09515],[13.368751,38.094628],[13.368733,38.093527],[13.368714,38.093103],[13.368687,38.092922],[13.368665,38.092245],[13.368702,38.091923],[13.368774,38.091616],[13.368742,38.09161],[13.368774,38.091616],[13.368806,38.091461],[13.368943,38.091069],[13.369347,38.090456],[13.369609,38.089898],[13.369714,38.089593],[13.369762,38.089258],[13.368555,38.089018],[13.367362,38.088833],[13.367224,38.088821],[13.367131,38.088828],[13.367015,38.08886],[13.366919,38.088906],[13.366768,38.089043],[13.365833,38.090145],[13.365795,38.090161],[13.365665,38.090158],[13.365651,38.090184],[13.365594,38.090218],[13.365523,38.090214],[13.365471,38.090177],[13.36546,38.09015],[13.363092,38.089951],[13.36288,38.08992],[13.362505,38.089798],[13.358154,38.087618],[13.357664,38.08729],[13.357539,38.087253],[13.355849,38.086979],[13.354463,38.08677],[13.354601,38.088253],[13.354657,38.088467],[13.355144,38.088672],[13.356189,38.089167],[13.357124,38.089548],[13.357433,38.089696],[13.358349,38.090177],[13.359094,38.090541],[13.360476,38.088789],[13.360535,38.088666],[13.360949,38.088131],[13.361047,38.087982],[13.361193,38.087469],[13.362002,38.084273],[13.361196,38.084007],[13.361917,38.082868],[13.361249,38.082582],[13.361116,38.082718],[13.360559,38.082521],[13.360612,38.082321],[13.362167,38.082963],[13.361722,38.083612],[13.362258,38.083844],[13.361971,38.08486],[13.361572,38.086521],[13.366499,38.087401],[13.36676,38.08751],[13.368316,38.0885],[13.368529,38.088569],[13.369813,38.088857],[13.370131,38.088168],[13.370257,38.087838],[13.370236,38.087612],[13.370137,38.087267],[13.37008,38.087128],[13.369831,38.086734],[13.369589,38.08625],[13.369376,38.085878],[13.369268,38.085774],[13.36913,38.085679],[13.369004,38.085604],[13.368794,38.085512],[13.368606,38.085342],[13.368474,38.085017],[13.368421,38.084565],[13.368342,38.084387],[13.368249,38.083943],[13.368146,38.083112],[13.368086,38.082907],[13.367965,38.08264],[13.367878,38.082361],[13.367813,38.08225],[13.367693,38.082101],[13.367649,38.082003],[13.367743,38.081396],[13.36781,38.081143],[13.368191,38.079871],[13.368382,38.079363],[13.368436,38.078999],[13.368438,38.078845],[13.368361,38.078262],[13.368376,38.078101],[13.36941,38.078363]]},"properties":{"id":"linea-209-1","route_id":"209","numero":"209","nome":"Parcheggio Oreto - Falsomiele","colore":"#605A07","tipo":"bus","direzione":1,"da":"Regione Siciliana Oreto","a":"Falsomiele Barresi","fermate":["2244","1829","1837","1321","418","410","1661","1662","1686","1698","1647","1652","45","31","36","2070","1358","1351","895","1350","1357","767","763","1644","414","420","421","411","413","805"],"lon":13.354657,"lat":38.088467}},{"type":"Feature","geometry":{"type":"LineString","coordinates":[[13.38542,38.103344],[13.385898,38.103079],[13.383723,38.100683],[13.383691,38.100529],[13.383603,38.100437],[13.383491,38.100206],[13.38338,38.099825],[13.383364,38.099662],[13.383236,38.099291],[13.383161,38.09916],[13.382796,38.098809],[13.382666,38.098719],[13.382573,38.098683],[13.382406,38.098674],[13.382274,38.098692],[13.381977,38.098812],[13.381647,38.098902],[13.38155,38.098887],[13.3815,38.09882],[13.3815,38.098784],[13.381856,38.097982],[13.382185,38.097321],[13.382487,38.096652],[13.382641,38.096358],[13.382915,38.095904],[13.383052,38.095732],[13.383327,38.095278],[13.383323,38.095207],[13.383391,38.094943],[13.383397,38.094656],[13.383199,38.093152],[13.383238,38.093],[13.383695,38.092456],[13.383863,38.092203],[13.384228,38.091435],[13.38449,38.090668],[13.384553,38.090348],[13.384563,38.090207],[13.384381,38.089984],[13.381941,38.090846],[13.381247,38.091039],[13.381042,38.091082],[13.380172,38.09109],[13.379683,38.091148],[13.377499,38.09121],[13.377356,38.091319],[13.376956,38.091944],[13.376862,38.091919],[13.376782,38.091873],[13.375209,38.090827]]},"properties":{"id":"linea-210-0","route_id":"210","numero":"210","nome":"Parcheggio Oreto - Viale Dei Picciotti","colore":"#024158","tipo":"bus","direzione":0,"da":"Picciotti D'Aosta","a":"Regione Siciliana Paratore","fermate":["1528","2240","1792","236","1895","1896","1894","1897","1690","1672"],"lon":13.383052,"lat":38.095732}},{"type":"Feature","geometry":{"type":"LineString","coordinates":[[13.375969,38.091327],[13.374896,38.090624],[13.374182,38.090291],[13.373605,38.090107],[13.372502,38.089868],[13.371482,38.089621],[13.370138,38.089329],[13.368555,38.089018],[13.367362,38.088833],[13.367224,38.088821],[13.367131,38.088828],[13.367015,38.08886],[13.366919,38.088906],[13.366768,38.089043],[13.365833,38.090145],[13.365795,38.090161],[13.365665,38.090158],[13.365651,38.090184],[13.365594,38.090218],[13.365523,38.090214],[13.365471,38.090177],[13.36546,38.09015],[13.363092,38.089951],[13.36288,38.08992],[13.362709,38.089873],[13.362505,38.089798],[13.360476,38.088789],[13.360535,38.088666],[13.360949,38.088131],[13.361047,38.087982],[13.361193,38.087469],[13.361436,38.086499],[13.366499,38.087401],[13.36676,38.08751],[13.368316,38.0885],[13.368529,38.088569],[13.378029,38.090648],[13.378514,38.090737],[13.378942,38.09078],[13.379316,38.090802],[13.379743,38.0908],[13.380368,38.090768],[13.380691,38.090728],[13.381104,38.09066],[13.381821,38.090475],[13.385673,38.089062],[13.386643,38.088769],[13.387553,38.088559],[13.387996,38.088481],[13.388863,38.088282],[13.392123,38.087599],[13.393244,38.087369],[13.39439,38.087219],[13.398827,38.086834],[13.398783,38.086653],[13.398761,38.086301],[13.398695,38.086064],[13.39831,38.086359],[13.398104,38.086548],[13.397739,38.08684],[13.396533,38.088054],[13.39592,38.088757],[13.395256,38.089401],[13.394543,38.089807],[13.393638,38.090256],[13.39181,38.091102],[13.391322,38.091348],[13.390455,38.091893],[13.390076,38.092165],[13.389692,38.092376],[13.38928,38.092631],[13.388743,38.092907],[13.3886,38.092938],[13.388135,38.092901],[13.387491,38.092906],[13.387157,38.093007],[13.386767,38.093097],[13.386406,38.093239],[13.386312,38.093296],[13.3859,38.093624],[13.385395,38.094052],[13.384891,38.094414],[13.38455,38.094639],[13.384024,38.094941],[13.38359,38.095213],[13.383398,38.095278],[13.383327,38.095278],[13.383052,38.095732],[13.382915,38.095904],[13.382641,38.096358],[13.382487,38.096652],[13.382185,38.097321],[13.381856,38.097982],[13.381602,38.098553],[13.381593,38.098667],[13.381614,38.098739],[13.381695,38.098816],[13.381777,38.098841],[13.3819,38.098832],[13.38207,38.09878],[13.38219,38.098721],[13.382263,38.098637],[13.382315,38.09848],[13.382378,38.098408],[13.382481,38.098376],[13.382548,38.09838],[13.382655,38.098436],[13.382693,38.098524],[13.382693,38.09865],[13.382732,38.098725],[13.382796,38.098809],[13.383161,38.09916],[13.383236,38.099291],[13.383364,38.099662],[13.38338,38.099825],[13.383491,38.100206],[13.383603,38.100437],[13.383691,38.100529],[13.383227,38.100758],[13.382335,38.101235],[13.381064,38.101869],[13.378603,38.103201],[13.378704,38.103287],[13.378799,38.103337],[13.379765,38.103696],[13.379959,38.103875],[13.380167,38.104028],[13.380303,38.104057],[13.380519,38.103976],[13.380575,38.103976],[13.380683,38.104018],[13.381905,38.105358],[13.384151,38.104091],[13.38542,38.103344]]},"properties":{"id":"linea-210-1","route_id":"210","numero":"210","nome":"Parcheggio Oreto - Viale Dei Picciotti","colore":"#024158","tipo":"bus","direzione":1,"da":"Regione Siciliana Oreto","a":"Picciotti D'Aosta","fermate":["2244","1689","1645","1661","1662","1686","1698","767","763","1644","1688","21","2246","23","480","471","476","484","482","488","237","238","1793","2322","2307","1526","1533","1528"],"lon":13.390455,"lat":38.091893}},{"type":"Feature","geometry":{"type":"LineString","coordinates":[[13.416701,38.070105],[13.416042,38.070537],[13.413463,38.07259],[13.412783,38.072957],[13.411732,38.07343],[13.410636,38.073887],[13.410212,38.074046],[13.409869,38.074202],[13.409637,38.074326],[13.409084,38.074675],[13.408525,38.074986],[13.408032,38.075324],[13.407811,38.075511],[13.40755,38.075675],[13.407036,38.075936],[13.404659,38.076895],[13.40419,38.077123],[13.40346,38.077516],[13.402794,38.077905],[13.401743,38.078484],[13.401072,38.07891],[13.400492,38.079369],[13.398456,38.081121],[13.397987,38.081608],[13.397337,38.082179],[13.39665,38.082705],[13.396012,38.083255],[13.395237,38.083962],[13.394282,38.084611],[13.393362,38.085465],[13.392819,38.085832],[13.391983,38.08643],[13.391528,38.086688],[13.390196,38.087341],[13.388753,38.088092],[13.388664,38.088167],[13.388568,38.088313],[13.38851,38.088357],[13.387996,38.088481],[13.387553,38.088559],[13.386643,38.088769],[13.385673,38.089062],[13.384806,38.089375],[13.384596,38.089356],[13.384449,38.089288],[13.384276,38.089158],[13.383915,38.08877],[13.383763,38.088645],[13.383507,38.088467],[13.383398,38.088495],[13.383367,38.088538],[13.383365,38.088597],[13.383388,38.088653],[13.383911,38.089314],[13.387009,38.093041],[13.386767,38.093097],[13.386406,38.093239],[13.386312,38.093296],[13.385395,38.094052],[13.384891,38.094414],[13.38455,38.094639],[13.384024,38.094941],[13.38359,38.095213],[13.383398,38.095278],[13.383327,38.095278],[13.383052,38.095732],[13.382915,38.095904],[13.382641,38.096358],[13.381856,38.097982],[13.381602,38.098553],[13.381596,38.098691],[13.381642,38.098779],[13.381695,38.098816],[13.381777,38.098841],[13.3819,38.098832],[13.38207,38.09878],[13.38219,38.098721],[13.382263,38.098637],[13.382315,38.09848],[13.382378,38.098408],[13.382481,38.098376],[13.382548,38.09838],[13.382655,38.098436],[13.382693,38.098524],[13.382693,38.09865],[13.382732,38.098725],[13.382796,38.098809],[13.383161,38.09916],[13.383236,38.099291],[13.383364,38.099662],[13.38338,38.099825],[13.383491,38.100206],[13.383603,38.100437],[13.383691,38.100529],[13.383227,38.100758],[13.382335,38.101235],[13.381064,38.101869],[13.377608,38.103739],[13.377447,38.103901],[13.377384,38.104041],[13.377291,38.104172],[13.374672,38.10581],[13.373999,38.105122],[13.373975,38.105075],[13.373985,38.105033],[13.374436,38.104719],[13.374539,38.104651],[13.374646,38.104625],[13.374404,38.103987],[13.374012,38.102755],[13.373729,38.101972],[13.373563,38.1014],[13.372696,38.10101],[13.371463,38.1005],[13.37137,38.100416],[13.376725,38.092118],[13.376782,38.091873],[13.375209,38.090827]]},"properties":{"id":"linea-212-0","route_id":"212","numero":"212","nome":"Parcheggio Oreto - Ciaculli Croceverde","colore":"#3A4C81","tipo":"bus","direzione":0,"da":"Ciaculli Croce Verde","a":"Regione Siciliana Paratore","fermate":["433","445","443","461","459","457","455","439","435","428","432","453","451","449","430","447","441","437","875","482","488","237","238","1793","1589","256","919","1290","1301","1297","1304","1305","1672"],"lon":13.384891,"lat":38.094414}},{"type":"Feature","geometry":{"type":"LineString","coordinates":[[13.375969,38.091327],[13.375698,38.091144],[13.374967,38.092162],[13.374688,38.092691],[13.376026,38.093193],[13.372263,38.099027],[13.372292,38.099274],[13.372341,38.099376],[13.372773,38.099645],[13.372901,38.09978],[13.373234,38.100281],[13.373379,38.100623],[13.373563,38.1014],[13.373729,38.101972],[13.374012,38.102755],[13.374404,38.103987],[13.374646,38.104625],[13.375504,38.104584],[13.375958,38.104517],[13.376167,38.104458],[13.377126,38.103977],[13.377297,38.103876],[13.377608,38.103739],[13.381064,38.101869],[13.382335,38.101235],[13.383227,38.100758],[13.383691,38.100529],[13.383603,38.100437],[13.383491,38.100206],[13.38338,38.099825],[13.383364,38.099662],[13.383236,38.099291],[13.383161,38.09916],[13.382796,38.098809],[13.382616,38.098696],[13.382406,38.098674],[13.382274,38.098692],[13.381977,38.098812],[13.381647,38.098902],[13.381584,38.098899],[13.381535,38.098877],[13.381509,38.098849],[13.3815,38.098784],[13.381856,38.097982],[13.382185,38.097321],[13.382487,38.096652],[13.382641,38.096358],[13.382915,38.095904],[13.383052,38.095732],[13.383327,38.095278],[13.383398,38.095278],[13.38359,38.095213],[13.384024,38.094941],[13.38455,38.094639],[13.385121,38.094255],[13.385395,38.094052],[13.386312,38.093296],[13.386406,38.093239],[13.386826,38.092821],[13.385241,38.09093],[13.383911,38.089314],[13.383388,38.088653],[13.383365,38.088597],[13.383367,38.088538],[13.383398,38.088495],[13.383507,38.088467],[13.383763,38.088645],[13.383915,38.08877],[13.384276,38.089158],[13.384449,38.089288],[13.384596,38.089356],[13.384806,38.089375],[13.385673,38.089062],[13.386643,38.088769],[13.387553,38.088559],[13.388319,38.088301],[13.388753,38.088092],[13.390196,38.087341],[13.391528,38.086688],[13.391983,38.08643],[13.392819,38.085832],[13.393362,38.085465],[13.394282,38.084611],[13.395237,38.083962],[13.396012,38.083255],[13.39665,38.082705],[13.397337,38.082179],[13.397987,38.081608],[13.398456,38.081121],[13.400492,38.079369],[13.401072,38.07891],[13.401743,38.078484],[13.402794,38.077905],[13.40346,38.077516],[13.40419,38.077123],[13.404659,38.076895],[13.407036,38.075936],[13.40755,38.075675],[13.407811,38.075511],[13.408032,38.075324],[13.408525,38.074986],[13.409084,38.074675],[13.409637,38.074326],[13.409869,38.074202],[13.410212,38.074046],[13.410636,38.073887],[13.411732,38.07343],[13.412783,38.072957],[13.413463,38.07259],[13.416042,38.070537],[13.416701,38.070105]]},"properties":{"id":"linea-212-1","route_id":"212","numero":"212","nome":"Parcheggio Oreto - Ciaculli Croceverde","colore":"#3A4C81","tipo":"bus","direzione":1,"da":"Regione Siciliana Oreto","a":"Ciaculli Croce Verde","fermate":["2244","2245","1308","1298","1302","1292","255","257","1588","649","2360","1792","2321","236","487","497","481","874","22","436","440","446","429","448","450","452","431","427","434","438","454","456","458","460","442","433"],"lon":13.385395,"lat":38.094052}},{"type":"Feature","geometry":{"type":"LineString","coordinates":[[13.434273,38.082581],[13.434475,38.082168],[13.434437,38.082005],[13.43484,38.081713],[13.435192,38.081338],[13.435376,38.081335],[13.435473,38.081373],[13.435528,38.081423],[13.43556,38.081512],[13.435559,38.081573],[13.435524,38.081629],[13.435447,38.081688],[13.435072,38.081756],[13.434866,38.081819],[13.434684,38.081926],[13.434581,38.082012],[13.434474,38.08217],[13.434274,38.082578],[13.433958,38.083311],[13.433827,38.083813],[13.433544,38.085164],[13.433066,38.087226],[13.432535,38.089705],[13.432454,38.090147],[13.432362,38.090382],[13.431657,38.091604],[13.431141,38.092229],[13.430912,38.092547],[13.430727,38.092855],[13.429869,38.094597],[13.429629,38.095008],[13.429282,38.095451],[13.428447,38.096376],[13.428453,38.096471],[13.426873,38.096749],[13.425873,38.096863],[13.425472,38.096868],[13.42256,38.096764],[13.422163,38.096793],[13.420151,38.097044],[13.419022,38.097272],[13.418424,38.097367],[13.41764,38.09746],[13.413976,38.097789],[13.413144,38.097884],[13.412204,38.097967],[13.406909,38.098523],[13.406425,38.09861],[13.406225,38.098661],[13.404657,38.099399],[13.403905,38.099715],[13.403352,38.09991],[13.401162,38.100574],[13.400097,38.100932],[13.39825,38.101625],[13.396979,38.101996],[13.396459,38.102172],[13.394927,38.102752],[13.393514,38.103246],[13.391485,38.104086],[13.390526,38.104508],[13.388131,38.105696],[13.388023,38.105736],[13.386627,38.106155],[13.385037,38.106598],[13.384655,38.106673],[13.383435,38.106794],[13.383058,38.106863],[13.382811,38.106964],[13.382368,38.107247],[13.379497,38.109611],[13.378986,38.110059],[13.378798,38.110319],[13.378628,38.110603],[13.37853,38.110854],[13.37835,38.112198],[13.377935,38.11297],[13.377833,38.113254],[13.37646,38.115098],[13.376239,38.115325],[13.375574,38.115765],[13.374496,38.116519],[13.374134,38.116789],[13.373715,38.117149],[13.373175,38.11768],[13.373021,38.117597],[13.373223,38.117374],[13.373648,38.116979],[13.374341,38.116405],[13.375448,38.115648],[13.375943,38.115329],[13.376154,38.115164],[13.37428,38.114301],[13.371116,38.112797],[13.369172,38.111895],[13.367044,38.110874],[13.367224,38.110662]]},"properties":{"id":"linea-224-0","route_id":"224","numero":"224","nome":"Stazione Centrale - Pomara","colore":"#8B4614","tipo":"bus","direzione":0,"da":"Pomara Figurella","a":"Stazione Centrale Lincoln","fermate":["1586","1587","1585","856","860","863","862","864","858","1132","1164","1155","1165","1139","1153","1154","1166","1167","1158","1145","1157","1168","1136","1150","1134","1149","1141","1143","1161","1146","1591","836","835","837","1048","1046","1043","1044","1980"],"lon":13.406225,"lat":38.098661}},{"type":"Feature","geometry":{"type":"LineString","coordinates":[[13.367224,38.110662],[13.3678,38.109947],[13.369015,38.110509],[13.369063,38.11052],[13.369133,38.110625],[13.368366,38.111514],[13.371116,38.112797],[13.37428,38.114301],[13.376154,38.115164],[13.376282,38.115022],[13.377653,38.113178],[13.377935,38.11297],[13.37835,38.112198],[13.37853,38.110854],[13.378628,38.110603],[13.378798,38.110319],[13.378986,38.110059],[13.379497,38.109611],[13.382368,38.107247],[13.382811,38.106964],[13.383058,38.106863],[13.383435,38.106794],[13.384655,38.106673],[13.385037,38.106598],[13.386627,38.106155],[13.388023,38.105736],[13.388131,38.105696],[13.390526,38.104508],[13.391485,38.104086],[13.393514,38.103246],[13.394927,38.102752],[13.396459,38.102172],[13.396979,38.101996],[13.39825,38.101625],[13.400097,38.100932],[13.401162,38.100574],[13.403352,38.09991],[13.403905,38.099715],[13.404657,38.099399],[13.406225,38.098661],[13.406425,38.09861],[13.406909,38.098523],[13.412204,38.097967],[13.413144,38.097884],[13.413976,38.097789],[13.41764,38.09746],[13.418424,38.097367],[13.419022,38.097272],[13.420151,38.097044],[13.422163,38.096793],[13.42256,38.096764],[13.425472,38.096868],[13.425873,38.096863],[13.426873,38.096749],[13.428453,38.096471],[13.428447,38.096376],[13.429282,38.095451],[13.429629,38.095008],[13.429869,38.094597],[13.430727,38.092855],[13.430912,38.092547],[13.431141,38.092229],[13.431657,38.091604],[13.432362,38.090382],[13.432454,38.090147],[13.432817,38.088365],[13.433544,38.085164],[13.433827,38.083813],[13.433958,38.083311],[13.434273,38.082581]]},"properties":{"id":"linea-224-1","route_id":"224","numero":"224","nome":"Stazione Centrale - Pomara","colore":"#8B4614","tipo":"bus","direzione":1,"da":"Stazione Centrale Lincoln","a":"Pomara Figurella","fermate":["1980","1042","1045","1047","840","1590","1151","1160","1142","1140","1148","1133","1147","1135","1156","1159","1144","1162","1169","1170","1152","1138","1171","1163","1137","1131","857","865","861","867","859","1584","1586"],"lon":13.401162,"lat":38.100574}},{"type":"Feature","geometry":{"type":"LineString","coordinates":[[13.433824,38.08206],[13.431828,38.082444],[13.430963,38.08268],[13.429686,38.083132],[13.428952,38.083323],[13.427459,38.083383],[13.427214,38.083409],[13.426959,38.083479],[13.426586,38.083693],[13.426011,38.08385],[13.425836,38.083913],[13.425681,38.084003],[13.425528,38.08413],[13.42488,38.084716],[13.42464,38.085059],[13.424354,38.085418],[13.424009,38.086399],[13.423965,38.086481],[13.423868,38.086596],[13.423755,38.086675],[13.423639,38.086719],[13.423466,38.086736],[13.422681,38.086732],[13.4226,38.086741],[13.422485,38.086786],[13.422339,38.086915],[13.422039,38.087298],[13.421909,38.087418],[13.421772,38.087514],[13.421115,38.087891],[13.419618,38.088697],[13.419333,38.088873],[13.418794,38.089279],[13.41837,38.089637],[13.418028,38.089903],[13.417743,38.090061],[13.417124,38.090246],[13.416469,38.090326],[13.416087,38.090417],[13.413472,38.091155],[13.413267,38.091223],[13.411594,38.091928],[13.409807,38.09254],[13.409209,38.092722],[13.406799,38.093393],[13.405846,38.093643],[13.405026,38.093907],[13.404189,38.094315],[13.402917,38.095],[13.401616,38.095488],[13.400979,38.095692],[13.399531,38.096097],[13.399002,38.096225],[13.397653,38.096471],[13.396508,38.096738],[13.395749,38.09698],[13.395271,38.097166],[13.394783,38.097436],[13.394388,38.097692],[13.39354,38.098096],[13.392478,38.098534],[13.39163,38.098858],[13.390602,38.099087],[13.390238,38.099139],[13.389995,38.099151],[13.389265,38.099114],[13.389167,38.099125],[13.385991,38.099753],[13.384887,38.100018],[13.384509,38.100146],[13.383227,38.100758],[13.382335,38.101235],[13.381064,38.101869],[13.378603,38.103201],[13.378704,38.103287],[13.378799,38.103337],[13.379765,38.103696],[13.379959,38.103875],[13.380167,38.104028],[13.380303,38.104057],[13.380519,38.103976],[13.380575,38.103976],[13.380683,38.104018],[13.381905,38.105358],[13.383206,38.106828],[13.383058,38.106863],[13.382811,38.106964],[13.382368,38.107247],[13.379497,38.109611],[13.378986,38.110059],[13.378798,38.110319],[13.378628,38.110603],[13.37853,38.110854],[13.37835,38.112198],[13.377935,38.11297],[13.377833,38.113254],[13.377633,38.113514],[13.377467,38.113429],[13.377653,38.113178],[13.377935,38.11297],[13.377773,38.112879],[13.377671,38.112792],[13.377032,38.112185],[13.376992,38.112125],[13.376829,38.111658],[13.376557,38.111198],[13.374524,38.108397],[13.37317,38.110122],[13.371116,38.112797],[13.369172,38.111895],[13.367044,38.110874],[13.367555,38.110259]]},"properties":{"id":"linea-226-0","route_id":"226","numero":"226","nome":"Viale Dei Picciotti - Pomara","colore":"#A50263","tipo":"bus","direzione":0,"da":"M Montagne Figurella","a":"Stazione Centrale Lincoln 1","fermate":["1051","1054","1055","665","659","652","618","640","635","627","662","636","630","625","656","657","633","631","2322","2307","1161","1151","1591","2028","128","2241","1043","1044","1975"],"lon":13.395271,"lat":38.097166}},{"type":"Feature","geometry":{"type":"LineString","coordinates":[[13.367555,38.110259],[13.3678,38.109947],[13.369015,38.110509],[13.369063,38.11052],[13.369133,38.110625],[13.368366,38.111514],[13.371116,38.112797],[13.37428,38.114301],[13.376154,38.115164],[13.376282,38.115022],[13.377653,38.113178],[13.377935,38.11297],[13.37835,38.112198],[13.37853,38.110854],[13.378628,38.110603],[13.378798,38.110319],[13.378986,38.110059],[13.379497,38.109611],[13.382368,38.107247],[13.382811,38.106964],[13.383058,38.106863],[13.381764,38.105443],[13.382478,38.105027],[13.384151,38.104091],[13.38527,38.103428],[13.385898,38.103079],[13.383723,38.100683],[13.383691,38.100529],[13.384509,38.100146],[13.384887,38.100018],[13.385559,38.099637],[13.387696,38.098844],[13.388523,38.09864],[13.389029,38.098495],[13.390768,38.09768],[13.391732,38.098817],[13.392478,38.098534],[13.39354,38.098096],[13.394388,38.097692],[13.394783,38.097436],[13.395271,38.097166],[13.395749,38.09698],[13.396508,38.096738],[13.397653,38.096471],[13.399002,38.096225],[13.399531,38.096097],[13.400979,38.095692],[13.401616,38.095488],[13.402917,38.095],[13.404189,38.094315],[13.405026,38.093907],[13.405846,38.093643],[13.406799,38.093393],[13.409209,38.092722],[13.409807,38.09254],[13.411594,38.091928],[13.413267,38.091223],[13.413472,38.091155],[13.416087,38.090417],[13.416469,38.090326],[13.417124,38.090246],[13.417743,38.090061],[13.418028,38.089903],[13.41837,38.089637],[13.418794,38.089279],[13.419333,38.088873],[13.419618,38.088697],[13.421115,38.087891],[13.421772,38.087514],[13.421909,38.087418],[13.422039,38.087298],[13.422339,38.086915],[13.422485,38.086786],[13.4226,38.086741],[13.422681,38.086732],[13.423466,38.086736],[13.423639,38.086719],[13.423755,38.086675],[13.423868,38.086596],[13.423965,38.086481],[13.424009,38.086399],[13.424354,38.085418],[13.42464,38.085059],[13.42488,38.084716],[13.425528,38.08413],[13.425681,38.084003],[13.425836,38.083913],[13.426011,38.08385],[13.426586,38.083693],[13.426959,38.083479],[13.427214,38.083409],[13.427459,38.083383],[13.428952,38.083323],[13.429686,38.083132],[13.430963,38.08268],[13.431828,38.082444],[13.434191,38.081993],[13.434437,38.082005],[13.43484,38.081713],[13.435192,38.081338],[13.435376,38.081335],[13.435473,38.081373],[13.435528,38.081423],[13.43556,38.081512],[13.435559,38.081573],[13.435485,38.081668],[13.435323,38.081719],[13.435072,38.081756],[13.434866,38.081819],[13.434684,38.081926],[13.43458,38.082014],[13.434191,38.081993],[13.433824,38.08206]]},"properties":{"id":"linea-226-1","route_id":"226","numero":"226","nome":"Viale Dei Picciotti - Pomara","colore":"#A50263","tipo":"bus","direzione":1,"da":"Stazione Centrale Lincoln 1","a":"M Montagne Figurella","fermate":["1975","1042","1045","1047","840","1590","1146","1160","1526","1533","1528","2240","462","463","880","660","624","629","632","661","626","634","639","617","651","658","663","664","1052","1053","1051"],"lon":13.413267,"lat":38.091223}},{"type":"Feature","geometry":{"type":"LineString","coordinates":[[13.308867,38.050776],[13.309163,38.051589],[13.30932,38.051804],[13.309858,38.052434],[13.313093,38.056493],[13.313337,38.056759],[13.313677,38.056979],[13.314073,38.057558],[13.31424,38.057769],[13.314626,38.057873],[13.315653,38.057983],[13.316363,38.058164],[13.316603,38.058344],[13.316838,38.058574],[13.317395,38.059179],[13.317836,38.059477],[13.31842,38.059821],[13.318868,38.060063],[13.319854,38.060685],[13.320139,38.060842],[13.321039,38.061266],[13.321849,38.062073],[13.32243,38.062699],[13.32255,38.062884],[13.322667,38.063012],[13.322887,38.063153],[13.323127,38.063274],[13.323755,38.06356],[13.323873,38.063634],[13.323953,38.06372],[13.32412,38.063984],[13.324962,38.065003],[13.325219,38.06536],[13.325242,38.065426],[13.32534,38.066121],[13.325402,38.066269],[13.325642,38.066531],[13.326431,38.067282],[13.32668,38.067559],[13.326865,38.067886],[13.327156,38.068466],[13.327382,38.069125],[13.327458,38.070265],[13.327489,38.070423],[13.327746,38.071169],[13.327965,38.071651],[13.32839,38.072274],[13.328783,38.072935],[13.329288,38.073632],[13.329366,38.073714],[13.330212,38.074298],[13.330434,38.074474],[13.330638,38.074715],[13.330937,38.075012],[13.331618,38.075629],[13.331744,38.07577],[13.331892,38.076007],[13.332416,38.077105],[13.332779,38.077695],[13.332915,38.077872],[13.333013,38.077967],[13.33319,38.078082],[13.333742,38.078302],[13.333787,38.078351],[13.333834,38.078419],[13.334121,38.079045],[13.334292,38.079468],[13.334317,38.079447],[13.334292,38.079468],[13.33448,38.080042],[13.334555,38.080345],[13.334668,38.080563],[13.335445,38.081595],[13.335713,38.081893],[13.335988,38.082277],[13.336227,38.08267],[13.336537,38.083351],[13.336687,38.083623],[13.337981,38.085848],[13.338183,38.086034],[13.33928,38.086898],[13.339419,38.08699],[13.339561,38.087054],[13.339718,38.087112],[13.339829,38.087125],[13.340329,38.087102],[13.341995,38.08698],[13.344507,38.086837],[13.344899,38.087248],[13.345491,38.087687],[13.345947,38.087971],[13.346858,38.088706],[13.347123,38.088804],[13.347298,38.088833],[13.348286,38.088884],[13.349252,38.088887],[13.351322,38.088881],[13.351707,38.088817],[13.351783,38.088816],[13.351829,38.088838],[13.351984,38.089021],[13.352436,38.089362],[13.355203,38.09113],[13.355512,38.091307],[13.355855,38.091464],[13.356291,38.091628],[13.357369,38.09199],[13.357613,38.092089],[13.357813,38.092192],[13.358733,38.092781],[13.359345,38.093201],[13.359577,38.093342],[13.359863,38.093485],[13.360019,38.093496],[13.360108,38.093479],[13.360264,38.093337],[13.360488,38.092734],[13.360625,38.092539],[13.360905,38.092673],[13.360809,38.092816],[13.360578,38.093427],[13.361533,38.093699],[13.362011,38.093711],[13.363565,38.093801],[13.365723,38.093874],[13.365903,38.093844],[13.366084,38.093787],[13.366107,38.093728],[13.366196,38.093664],[13.366281,38.093651],[13.366383,38.093677],[13.366606,38.093917],[13.366822,38.094081],[13.367055,38.094193],[13.368807,38.095301],[13.369047,38.095426],[13.369921,38.095988],[13.370379,38.096246],[13.370879,38.096446],[13.372793,38.097016],[13.373428,38.097218],[13.372263,38.099027],[13.372292,38.099274],[13.372341,38.099376],[13.372773,38.099645],[13.372901,38.09978],[13.373234,38.100281],[13.373379,38.100623],[13.373563,38.1014],[13.373729,38.101972],[13.374012,38.102755],[13.374404,38.103987],[13.374646,38.104625],[13.375504,38.104584],[13.375958,38.104517],[13.376167,38.104458],[13.377126,38.103977],[13.377297,38.103876],[13.377608,38.103739],[13.37748,38.103868],[13.377513,38.103989],[13.377468,38.104181],[13.377289,38.104357],[13.375976,38.10516],[13.37465,38.105996],[13.373673,38.10664],[13.372581,38.107238],[13.371451,38.108081],[13.370655,38.108912],[13.370089,38.109531],[13.369577,38.110155],[13.36907,38.110695],[13.368366,38.111514],[13.367044,38.110874],[13.365114,38.110032],[13.365237,38.109854],[13.365702,38.110052]]},"properties":{"id":"linea-230-0","route_id":"230","numero":"230","nome":"Stazione Centrale - Villa Ciambra","colore":"#5A2D28","tipo":"bus","direzione":0,"da":"Del Fante Piano Maglio","a":"Stazione Centrale Oreto","fermate":["691","689","685","214","1507","2127","2128","69","59","60","64","66","2136","2134","2173","2161","2163","2130","2165","2138","2144","2148","2140","753","756","2142","2145","2151","2158","1789","1310","1312","1323","1317","1322","1319","1292","255","257","648","655","638","616","1044","1983"],"lon":13.344899,"lat":38.087248}},{"type":"Feature","geometry":{"type":"LineString","coordinates":[[13.365702,38.110052],[13.366189,38.110262],[13.366324,38.110178],[13.366533,38.11011],[13.367189,38.110413],[13.36728,38.110404],[13.367533,38.110052],[13.367621,38.11],[13.367667,38.109954],[13.3678,38.109947],[13.369015,38.110509],[13.369063,38.11052],[13.369096,38.110501],[13.370021,38.109378],[13.37129,38.108003],[13.372478,38.107144],[13.373566,38.106545],[13.374672,38.10581],[13.373999,38.105122],[13.373975,38.105075],[13.373985,38.105033],[13.374436,38.104719],[13.374539,38.104651],[13.374646,38.104625],[13.374404,38.103987],[13.374012,38.102755],[13.373729,38.101972],[13.373563,38.1014],[13.372696,38.10101],[13.371463,38.1005],[13.37137,38.100416],[13.372874,38.098079],[13.372841,38.097873],[13.373291,38.097174],[13.370879,38.096446],[13.370379,38.096246],[13.369921,38.095988],[13.369047,38.095426],[13.368807,38.095301],[13.367055,38.094193],[13.366822,38.094081],[13.366307,38.093951],[13.365723,38.093874],[13.363565,38.093801],[13.362011,38.093711],[13.360259,38.093669],[13.359577,38.093342],[13.357813,38.092192],[13.357613,38.092089],[13.357369,38.09199],[13.356291,38.091628],[13.355855,38.091464],[13.355512,38.091307],[13.355203,38.09113],[13.352436,38.089362],[13.351984,38.089021],[13.351859,38.088969],[13.351692,38.088921],[13.351322,38.088881],[13.348286,38.088884],[13.34729,38.08891],[13.347102,38.088887],[13.346928,38.08883],[13.346779,38.088756],[13.345864,38.088021],[13.345491,38.087687],[13.345063,38.087364],[13.344485,38.08699],[13.344219,38.08685],[13.341995,38.08698],[13.340329,38.087102],[13.339829,38.087125],[13.339718,38.087112],[13.339561,38.087054],[13.339419,38.08699],[13.33928,38.086898],[13.338183,38.086034],[13.337981,38.085848],[13.336687,38.083623],[13.336537,38.083351],[13.336227,38.08267],[13.335988,38.082277],[13.335713,38.081893],[13.335445,38.081595],[13.334668,38.080563],[13.334555,38.080345],[13.33448,38.080042],[13.334292,38.079468],[13.334121,38.079045],[13.333834,38.078419],[13.333787,38.078351],[13.333742,38.078302],[13.33319,38.078082],[13.333013,38.077967],[13.332915,38.077872],[13.332779,38.077695],[13.332416,38.077105],[13.331892,38.076007],[13.331744,38.07577],[13.331618,38.075629],[13.330937,38.075012],[13.330638,38.074715],[13.330434,38.074474],[13.330212,38.074298],[13.329366,38.073714],[13.329288,38.073632],[13.328783,38.072935],[13.32839,38.072274],[13.327965,38.071651],[13.327746,38.071169],[13.327489,38.070423],[13.327458,38.070265],[13.327382,38.069125],[13.327156,38.068466],[13.326865,38.067886],[13.32668,38.067559],[13.326431,38.067282],[13.325642,38.066531],[13.325402,38.066269],[13.32534,38.066121],[13.325242,38.065426],[13.325219,38.06536],[13.324962,38.065003],[13.32412,38.063984],[13.323953,38.06372],[13.323873,38.063634],[13.323755,38.06356],[13.323127,38.063274],[13.322887,38.063153],[13.322667,38.063012],[13.32255,38.062884],[13.32243,38.062699],[13.321849,38.062073],[13.321039,38.061266],[13.320139,38.060842],[13.319854,38.060685],[13.318868,38.060063],[13.31842,38.059821],[13.317836,38.059477],[13.317395,38.059179],[13.316838,38.058574],[13.316603,38.058344],[13.316363,38.058164],[13.315653,38.057983],[13.314626,38.057873],[13.31424,38.057769],[13.314073,38.057558],[13.313677,38.056979],[13.313337,38.056759],[13.313093,38.056493],[13.309858,38.052434],[13.30932,38.051804],[13.309163,38.051589],[13.308867,38.050776]]},"properties":{"id":"linea-230-1","route_id":"230","numero":"230","nome":"Stazione Centrale - Villa Ciambra","colore":"#5A2D28","tipo":"bus","direzione":1,"da":"Stazione Centrale Oreto","a":"Del Fante Piano Maglio","fermate":["1983","1985","2381","1589","256","919","1290","1303","1318","1321","1316","1324","1311","1309","2164","2157","2166","2141","754","752","2139","2147","2143","2152","2137","2167","2129","2162","2160","2133","2135","67","65","61","63","58","68","211","2125","2126","1506","215","688","686","690","691"],"lon":13.337981,"lat":38.085848}},{"type":"Feature","geometry":{"type":"LineString","coordinates":[[13.346102,38.092597],[13.346251,38.092729],[13.346708,38.093241],[13.347325,38.094054],[13.347516,38.094481],[13.347761,38.095506],[13.347912,38.095838],[13.348028,38.095966],[13.348694,38.09654],[13.349763,38.097371],[13.350502,38.098002],[13.350614,38.098187],[13.351055,38.099436],[13.351377,38.100427],[13.350688,38.100547],[13.35054,38.1005],[13.349638,38.100697],[13.34931,38.100247],[13.349133,38.100059],[13.3489,38.099909],[13.348197,38.099572],[13.348057,38.099704],[13.347419,38.10039],[13.34798,38.101414],[13.348263,38.101849],[13.348274,38.102088],[13.348429,38.102273],[13.350176,38.104241],[13.350589,38.104621],[13.352805,38.10656],[13.353041,38.106581],[13.35338,38.106848],[13.353697,38.107015],[13.353817,38.107122],[13.35501,38.107715],[13.35533,38.107853],[13.356143,38.108077],[13.356555,38.108141],[13.356886,38.108257],[13.358059,38.108554],[13.359307,38.10882],[13.359833,38.108892],[13.359927,38.108775],[13.360113,38.108447],[13.360516,38.10789],[13.363055,38.109052],[13.364103,38.107419],[13.364644,38.107659],[13.366185,38.108415],[13.365237,38.109854],[13.366038,38.110196],[13.366174,38.110012]]},"properties":{"id":"linea-234-0","route_id":"234","numero":"234","nome":"Stazione Centrale - Casa Circondariale Pagliarelli","colore":"#49586A","tipo":"bus","direzione":0,"da":"Roccella Ponte Corleone","a":"Stazione Centrale Ardizzone","fermate":["1748","1745","1750","1752","1755","1114","131","174","184","182","2074","2072","1876","1538","1117","771","1971"],"lon":13.348429,"lat":38.102273}},{"type":"Feature","geometry":{"type":"LineString","coordinates":[[13.366174,38.110012],[13.366211,38.109961],[13.366999,38.110319],[13.367059,38.110474],[13.367066,38.110534],[13.367045,38.110581],[13.366939,38.110683],[13.366858,38.110721],[13.366744,38.110747],[13.365114,38.110032],[13.364515,38.109929],[13.363477,38.109814],[13.363226,38.109751],[13.362714,38.109541],[13.361687,38.109216],[13.360512,38.10899],[13.359307,38.10882],[13.358059,38.108554],[13.356886,38.108257],[13.356548,38.108209],[13.355905,38.108175],[13.355396,38.108057],[13.355114,38.107925],[13.354989,38.107745],[13.353309,38.106911],[13.353205,38.106886],[13.353041,38.106758],[13.352935,38.106748],[13.350537,38.104657],[13.350121,38.104273],[13.348175,38.102069],[13.347706,38.101319],[13.346056,38.098242],[13.345767,38.097764],[13.345617,38.097597],[13.345311,38.097307],[13.345162,38.09721],[13.340854,38.094907],[13.338238,38.093559],[13.337939,38.093447],[13.336881,38.092897],[13.336349,38.092543],[13.335939,38.092135],[13.335847,38.092023],[13.335747,38.091857],[13.33566,38.091667],[13.335548,38.091301],[13.335005,38.087969],[13.334906,38.087625],[13.334659,38.087173],[13.334449,38.08692],[13.334173,38.086698],[13.333799,38.086463],[13.333339,38.086283],[13.332683,38.086123],[13.331731,38.085971],[13.331675,38.086092],[13.331696,38.086165],[13.331794,38.086205],[13.332049,38.086237],[13.332151,38.086217],[13.332241,38.086088],[13.332314,38.085845],[13.332269,38.085744],[13.332157,38.085688],[13.33188,38.085666],[13.33169,38.085681],[13.331605,38.085764],[13.333034,38.086012],[13.33359,38.086163],[13.333808,38.086255],[13.334061,38.086388],[13.334327,38.086565],[13.334581,38.08679],[13.33487,38.087125],[13.335162,38.087739],[13.335239,38.087993],[13.335396,38.08812],[13.335437,38.088534],[13.335521,38.088747],[13.335731,38.088991],[13.33606,38.089269],[13.335894,38.089242],[13.335756,38.08925],[13.335639,38.089336],[13.335605,38.08949],[13.335728,38.090348],[13.335975,38.091497],[13.336127,38.091929],[13.336113,38.092033],[13.336194,38.092137],[13.33656,38.092477],[13.336772,38.09261],[13.338238,38.093409],[13.339966,38.094284],[13.341282,38.094969],[13.345541,38.092093],[13.346102,38.092597]]},"properties":{"id":"linea-234-1","route_id":"234","numero":"234","nome":"Stazione Centrale - Casa Circondariale Pagliarelli","colore":"#49586A","tipo":"bus","direzione":1,"da":"Stazione Centrale Ardizzone","a":"Roccella Ponte Corleone","fermate":["1971","1985","2073","2075","2223","2224","2271","175","173","176","169","178","177","172","512","513","511","151","152","2382","2269","2270","1748"],"lon":13.334659,"lat":38.087173}},{"type":"Feature","geometry":{"type":"LineString","coordinates":[[13.375969,38.091327],[13.375698,38.091144],[13.374967,38.092162],[13.374688,38.092691],[13.376026,38.093193],[13.372263,38.099027],[13.372292,38.099274],[13.372341,38.099376],[13.372773,38.099645],[13.372901,38.09978],[13.373234,38.100281],[13.373379,38.100623],[13.373563,38.1014],[13.373729,38.101972],[13.374012,38.102755],[13.374404,38.103987],[13.374646,38.104625],[13.375504,38.104584],[13.375958,38.104517],[13.376167,38.104458],[13.377126,38.103977],[13.377297,38.103876],[13.377608,38.103739],[13.37748,38.103868],[13.377513,38.103989],[13.377468,38.104181],[13.377289,38.104357],[13.375976,38.10516],[13.37465,38.105996],[13.373673,38.10664],[13.372581,38.107238],[13.371451,38.108081],[13.370655,38.108912],[13.370089,38.109531],[13.369577,38.110155],[13.36907,38.110695],[13.368366,38.111514],[13.367044,38.110874],[13.366255,38.110538],[13.366193,38.110411],[13.366178,38.110326],[13.366189,38.110262],[13.366324,38.110178],[13.366533,38.11011],[13.366835,38.110246]]},"properties":{"id":"linea-237-0","route_id":"237","numero":"237","nome":"Parcheggio Oreto - Stazione Centrale","colore":"#7E4146","tipo":"bus","direzione":0,"da":"Regione Siciliana Oreto","a":"Stazione Centrale Pensilina Interna","fermate":["2244","2245","1308","1298","1302","1292","255","257","648","655","638","616","1044","1985"],"lon":13.377608,"lat":38.103739}},{"type":"Feature","geometry":{"type":"LineString","coordinates":[[13.366835,38.110246],[13.367189,38.110413],[13.36728,38.110404],[13.367533,38.110052],[13.367621,38.11],[13.367667,38.109954],[13.3678,38.109947],[13.369015,38.110509],[13.369063,38.11052],[13.369096,38.110501],[13.370021,38.109378],[13.37129,38.108003],[13.372478,38.107144],[13.373566,38.106545],[13.374672,38.10581],[13.373999,38.105122],[13.373975,38.105075],[13.373985,38.105033],[13.374436,38.104719],[13.374539,38.104651],[13.374646,38.104625],[13.374404,38.103987],[13.374012,38.102755],[13.373729,38.101972],[13.373563,38.1014],[13.372696,38.10101],[13.371463,38.1005],[13.37137,38.100416],[13.376725,38.092118],[13.376782,38.091873],[13.375209,38.090827]]},"properties":{"id":"linea-237-1","route_id":"237","numero":"237","nome":"Parcheggio Oreto - Stazione Centrale","colore":"#7E4146","tipo":"bus","direzione":1,"da":"Stazione Centrale Pensilina Interna","a":"Regione Siciliana Paratore","fermate":["1985","2381","1589","256","919","1290","1301","1297","1304","1305","1672"],"lon":13.373999,"lat":38.105122}},{"type":"Feature","geometry":{"type":"LineString","coordinates":[[13.355571,38.074988],[13.354465,38.079144],[13.353856,38.081049],[13.353616,38.081738],[13.352542,38.085353],[13.355244,38.084917],[13.355688,38.08468],[13.355811,38.084566],[13.355889,38.084555],[13.355947,38.084581],[13.355961,38.084612],[13.356029,38.084673],[13.356248,38.084775],[13.357909,38.085343],[13.360304,38.086246],[13.360625,38.086351],[13.361572,38.086521],[13.36118,38.088022],[13.361045,38.088222],[13.360641,38.088704],[13.360476,38.088789],[13.362505,38.089798],[13.362709,38.089873],[13.361434,38.091813],[13.360809,38.092816],[13.360578,38.093427],[13.360498,38.093563],[13.36042,38.093619],[13.360259,38.093669],[13.361604,38.094281],[13.361927,38.094459],[13.362729,38.094943],[13.36301,38.095084],[13.364009,38.095525],[13.364484,38.095694],[13.364887,38.09586],[13.3651,38.095972],[13.36698,38.097221],[13.367552,38.097508],[13.367478,38.096829],[13.367511,38.096771],[13.367561,38.096753],[13.368857,38.096708],[13.368887,38.096193],[13.368856,38.095445],[13.368807,38.095301],[13.369047,38.095426],[13.369921,38.095988],[13.370379,38.096246],[13.370585,38.096338],[13.370879,38.096446],[13.372793,38.097016],[13.373428,38.097218],[13.376725,38.092118],[13.376782,38.091873],[13.375209,38.090827]]},"properties":{"id":"linea-241-0","route_id":"241","numero":"241","nome":"Parcheggio Oreto - Falsomiele","colore":"#4F3881","tipo":"bus","direzione":0,"da":"Aloi Falsomiele","a":"Regione Siciliana Paratore","fermate":["50","54","49","51","53","56","1210","761","765","769","1699","1791","2171","891","412","1317","1322","1319","1301","1297","1304","1305","1672"],"lon":13.360259,"lat":38.093669}},{"type":"Feature","geometry":{"type":"LineString","coordinates":[[13.375969,38.091327],[13.375698,38.091144],[13.374967,38.092162],[13.374585,38.092886],[13.374478,38.093155],[13.374344,38.093427],[13.373966,38.094101],[13.373194,38.095002],[13.372793,38.095401],[13.371614,38.096661],[13.370879,38.096446],[13.370585,38.096338],[13.370414,38.096764],[13.369917,38.09817],[13.368118,38.097745],[13.3679,38.097665],[13.367552,38.097508],[13.36698,38.097221],[13.3651,38.095972],[13.364887,38.09586],[13.364484,38.095694],[13.364009,38.095525],[13.36301,38.095084],[13.362729,38.094943],[13.361927,38.094459],[13.361604,38.094281],[13.360259,38.093669],[13.360229,38.093584],[13.360217,38.093466],[13.360488,38.092734],[13.360625,38.092539],[13.360905,38.092673],[13.361434,38.091813],[13.362709,38.089873],[13.362505,38.089798],[13.360476,38.088789],[13.360535,38.088666],[13.360949,38.088131],[13.361047,38.087982],[13.361193,38.087469],[13.361436,38.086499],[13.360625,38.086351],[13.359475,38.085942],[13.357909,38.085343],[13.356833,38.084966],[13.356248,38.084775],[13.356052,38.084752],[13.355904,38.08477],[13.355845,38.084812],[13.355652,38.084857],[13.352542,38.085353],[13.352384,38.085932],[13.352296,38.086058],[13.352135,38.086106],[13.351351,38.086129],[13.350999,38.086162],[13.350584,38.08623],[13.350071,38.086364],[13.349287,38.086651],[13.34924,38.086573],[13.347843,38.085961],[13.345358,38.086628],[13.34489,38.086771],[13.344673,38.085859],[13.344796,38.085176],[13.344827,38.08508],[13.345415,38.084197],[13.345741,38.083249],[13.345942,38.082583],[13.346124,38.082138],[13.34623,38.081745],[13.34694,38.079656],[13.346964,38.079492],[13.346886,38.079104],[13.346856,38.078786],[13.346896,38.07765],[13.346954,38.076858],[13.347597,38.076793],[13.348104,38.076706],[13.348266,38.076653],[13.348668,38.076387],[13.348913,38.076294],[13.348982,38.076226],[13.349188,38.076108],[13.349726,38.075684],[13.349988,38.075595],[13.350081,38.075576],[13.350214,38.075598],[13.350904,38.075771],[13.351173,38.075795],[13.351824,38.07581],[13.352054,38.075795],[13.352433,38.075696],[13.352563,38.075647],[13.352776,38.075528],[13.353005,38.075426],[13.353342,38.075313],[13.353981,38.074985],[13.355012,38.074943],[13.355618,38.074895],[13.355571,38.074988]]},"properties":{"id":"linea-241-1","route_id":"241","numero":"241","nome":"Parcheggio Oreto - Falsomiele","colore":"#4F3881","tipo":"bus","direzione":1,"da":"Regione Siciliana Oreto","a":"Aloi Falsomiele","fermate":["2244","2245","2247","2248","1827","2154","2155","2170","1788","1790","1698","768","764","760","1209","1701","2131","2159","1898","812","50"],"lon":13.352542,"lat":38.085353}},{"type":"Feature","geometry":{"type":"LineString","coordinates":[[13.359054,38.080135],[13.358379,38.079895],[13.358178,38.079955],[13.355955,38.084429],[13.355947,38.084581],[13.355961,38.084612],[13.356029,38.084673],[13.356248,38.084775],[13.357909,38.085343],[13.360304,38.086246],[13.360625,38.086351],[13.361572,38.086521],[13.361214,38.087932],[13.361132,38.088106],[13.360641,38.088704],[13.360476,38.088789],[13.360388,38.088891],[13.359094,38.090541],[13.359388,38.090694],[13.360625,38.092539],[13.360905,38.092673],[13.360809,38.092816],[13.360578,38.093427],[13.361533,38.093699],[13.362011,38.093711],[13.363565,38.093801],[13.365723,38.093874],[13.365903,38.093844],[13.366084,38.093787],[13.366107,38.093728],[13.366196,38.093664],[13.366281,38.093651],[13.366383,38.093677],[13.366606,38.093917],[13.366822,38.094081],[13.367055,38.094193],[13.368807,38.095301],[13.369047,38.095426],[13.369921,38.095988],[13.370379,38.096246],[13.370879,38.096446],[13.372793,38.097016],[13.373428,38.097218],[13.370676,38.101493],[13.369082,38.10391],[13.366185,38.108415],[13.365237,38.109854],[13.365868,38.110124]]},"properties":{"id":"linea-243-0","route_id":"243","numero":"243","nome":"Stazione Centrale - Bonagia","colore":"#3E5971","tipo":"bus","direzione":0,"da":"Levriere Antilope","a":"Stazione Centrale Maurolico","fermate":["1008","99","98","761","765","769","2071","34","1789","1310","1312","1323","1317","1322","1319","1292","1291","1296","1289","1300","1294","1982"],"lon":13.362011,"lat":38.093711}},{"type":"Feature","geometry":{"type":"LineString","coordinates":[[13.365868,38.110124],[13.366189,38.110262],[13.366324,38.110178],[13.366533,38.11011],[13.366999,38.110319],[13.367059,38.110474],[13.367066,38.110534],[13.367045,38.110581],[13.366939,38.110683],[13.366858,38.110721],[13.366744,38.110747],[13.365114,38.110032],[13.366185,38.108415],[13.369082,38.10391],[13.370676,38.101493],[13.372874,38.098079],[13.372841,38.097873],[13.373291,38.097174],[13.370879,38.096446],[13.370379,38.096246],[13.369921,38.095988],[13.369047,38.095426],[13.368807,38.095301],[13.367055,38.094193],[13.366822,38.094081],[13.366307,38.093951],[13.365723,38.093874],[13.363565,38.093801],[13.362011,38.093711],[13.360259,38.093669],[13.360229,38.093584],[13.360217,38.093466],[13.360488,38.092734],[13.360625,38.092539],[13.359388,38.090694],[13.357124,38.089548],[13.356189,38.089167],[13.355144,38.088672],[13.354657,38.088467],[13.354601,38.088253],[13.354463,38.08677],[13.355849,38.086979],[13.357539,38.087253],[13.357664,38.08729],[13.358154,38.087618],[13.360476,38.088789],[13.360535,38.088666],[13.360949,38.088131],[13.361047,38.087982],[13.361193,38.087469],[13.361436,38.086499],[13.36591,38.087292],[13.36601,38.08708],[13.366159,38.086143],[13.366201,38.085711],[13.366143,38.08532],[13.365028,38.083456],[13.36442,38.082256],[13.364197,38.082077],[13.361546,38.08102],[13.359054,38.080135]]},"properties":{"id":"linea-243-1","route_id":"243","numero":"243","nome":"Stazione Centrale - Bonagia","colore":"#3E5971","tipo":"bus","direzione":1,"da":"Stazione Centrale Maurolico","a":"Levriere Antilope","fermate":["1982","1985","1307","1293","1299","1288","1593","1295","1290","1303","1318","1321","1316","1324","1311","1309","1788","33","35","37","46","1646","767","763","1010","1009","1011","1012","1008"],"lon":13.360229,"lat":38.093584}},{"type":"Feature","geometry":{"type":"LineString","coordinates":[[13.366835,38.110246],[13.366999,38.110319],[13.367059,38.110474],[13.367066,38.110534],[13.367045,38.110581],[13.366939,38.110683],[13.366858,38.110721],[13.366744,38.110747],[13.365114,38.110032],[13.364515,38.109929],[13.363477,38.109814],[13.363226,38.109751],[13.362714,38.109541],[13.361687,38.109216],[13.360512,38.10899],[13.359833,38.108892],[13.359927,38.108775],[13.360113,38.108447],[13.360516,38.10789],[13.363055,38.109052],[13.36686,38.103148],[13.366216,38.102936],[13.366065,38.102871],[13.365533,38.102441],[13.363347,38.104035],[13.363108,38.104154],[13.363027,38.104159],[13.362947,38.10414],[13.362857,38.104072],[13.36268,38.103791],[13.36194,38.102499],[13.361539,38.101867],[13.359346,38.100204],[13.359176,38.100147],[13.359042,38.100146],[13.358853,38.100192],[13.358262,38.100565],[13.356957,38.101449],[13.355845,38.10216],[13.354003,38.103395],[13.354287,38.103653],[13.354415,38.10368],[13.354493,38.103748],[13.354582,38.103797],[13.354668,38.103786],[13.355117,38.103498],[13.355297,38.103672]]},"properties":{"id":"linea-246-0","route_id":"246","numero":"246","nome":"Ospedale Civico - Stazione Centrale","colore":"#02644D","tipo":"bus","direzione":0,"da":"Stazione Centrale Pensilina Interna","a":"Ospedale Civico","fermate":["1985","2073","2075","1876","1538","1117","1116","2358","700","1392","2061","2063","1327"],"lon":13.365533,"lat":38.102441}},{"type":"Feature","geometry":{"type":"LineString","coordinates":[[13.355297,38.103672],[13.355375,38.103749],[13.355217,38.103844],[13.354602,38.103923],[13.354003,38.103395],[13.355845,38.10216],[13.356957,38.101449],[13.358262,38.100565],[13.358853,38.100192],[13.358979,38.100154],[13.359116,38.100145],[13.359297,38.100178],[13.359507,38.100318],[13.361539,38.101867],[13.36194,38.102499],[13.36268,38.103791],[13.362728,38.103815],[13.362838,38.103836],[13.363079,38.10381],[13.363159,38.103831],[13.363223,38.103873],[13.363342,38.103876],[13.364038,38.103394],[13.365435,38.102361],[13.366065,38.102871],[13.366129,38.1029],[13.36686,38.103148],[13.368117,38.103545],[13.369082,38.10391],[13.366185,38.108415],[13.365237,38.109854],[13.366189,38.110262],[13.366324,38.110178],[13.366533,38.11011],[13.366835,38.110246]]},"properties":{"id":"linea-246-1","route_id":"246","numero":"246","nome":"Ospedale Civico - Stazione Centrale","colore":"#02644D","tipo":"bus","direzione":1,"da":"Ospedale Civico","a":"Stazione Centrale Pensilina Interna","fermate":["1327","2062","2060","1390","2233","921","920","2357","1289","1300","1294","1983","1985"],"lon":13.362838,"lat":38.103836}},{"type":"Feature","geometry":{"type":"LineString","coordinates":[[13.333439,38.098739],[13.332133,38.100096],[13.33229,38.100309],[13.334691,38.101175],[13.335938,38.098992],[13.336228,38.099201],[13.336503,38.099431],[13.337369,38.100372],[13.338195,38.100951],[13.338246,38.10092],[13.338614,38.100778],[13.338858,38.100728],[13.33914,38.10148],[13.339566,38.102182],[13.340711,38.103153],[13.341533,38.103989],[13.34226,38.104793],[13.3425,38.10502],[13.343326,38.105592],[13.343507,38.105761],[13.344922,38.106509],[13.345544,38.106802],[13.345902,38.106882],[13.347213,38.1071],[13.347768,38.107255],[13.347923,38.107327],[13.348449,38.107747],[13.348871,38.108145],[13.349671,38.109007],[13.349928,38.109243],[13.350473,38.109614],[13.350601,38.109719],[13.350705,38.10989],[13.350778,38.109881],[13.3527,38.109986],[13.352769,38.11002],[13.352806,38.110061],[13.352804,38.110106],[13.352195,38.110526],[13.351424,38.110998],[13.351287,38.111142],[13.351062,38.111471],[13.350269,38.111133],[13.349805,38.110953],[13.350036,38.110655]]},"properties":{"id":"linea-304-0","route_id":"304","numero":"304","nome":"Indipendenza - Villa Tasca","colore":"#035CA0","tipo":"bus","direzione":0,"da":"Regione Siciliana Platania","a":"Indipendenza Pisani","fermate":["1680","1966","1965","2242","2243","1474","958","385","1539","1544","1546","1542","912","911","914"],"lon":13.345902,"lat":38.106882}},{"type":"Feature","geometry":{"type":"LineString","coordinates":[[13.350036,38.110655],[13.350585,38.109958],[13.350639,38.109916],[13.350705,38.10989],[13.350778,38.109881],[13.3527,38.109986],[13.352828,38.10998],[13.35295,38.109932],[13.354176,38.108767],[13.354025,38.108448],[13.35387,38.107647],[13.353767,38.107494],[13.353194,38.106971],[13.350537,38.104657],[13.350121,38.104273],[13.348175,38.102069],[13.347706,38.101319],[13.346056,38.098242],[13.345767,38.097764],[13.345617,38.097597],[13.345311,38.097307],[13.345162,38.09721],[13.342052,38.095543],[13.340325,38.094637],[13.340071,38.0946],[13.33998,38.09461],[13.339881,38.094652],[13.339643,38.094809],[13.339492,38.094871],[13.339384,38.094894],[13.339168,38.094895],[13.338789,38.094809],[13.338648,38.094801],[13.338538,38.094801],[13.338173,38.094867],[13.337434,38.095309],[13.337276,38.095449],[13.335923,38.096413],[13.335087,38.097081],[13.334408,38.097732],[13.333439,38.098739]]},"properties":{"id":"linea-304-1","route_id":"304","numero":"304","nome":"Indipendenza - Villa Tasca","colore":"#035CA0","tipo":"bus","direzione":1,"da":"Indipendenza Pisani","a":"Regione Siciliana Platania","fermate":["914","1622","239","185","175","173","176","169","178","177","172","1634","1648","1680"],"lon":13.345311,"lat":38.097307}},{"type":"Feature","geometry":{"type":"LineString","coordinates":[[13.34531,38.097905],[13.345073,38.097693],[13.345254,38.097574],[13.345304,38.097505],[13.344888,38.097066],[13.342052,38.095543],[13.340325,38.094637],[13.340071,38.0946],[13.33998,38.09461],[13.339881,38.094652],[13.339643,38.094809],[13.339492,38.094871],[13.339384,38.094894],[13.339168,38.094895],[13.338789,38.094809],[13.338648,38.094801],[13.338538,38.094801],[13.338173,38.094867],[13.337434,38.095309],[13.337276,38.095449],[13.335923,38.096413],[13.335087,38.097081],[13.334408,38.097732],[13.332133,38.100096],[13.331311,38.100909],[13.331134,38.101158],[13.331003,38.101391],[13.330829,38.101835],[13.330776,38.102093],[13.330747,38.102408],[13.330751,38.102746],[13.330796,38.102892],[13.330744,38.103149],[13.330697,38.103217],[13.329341,38.102669],[13.329287,38.102598],[13.329269,38.102526],[13.329289,38.102379],[13.329529,38.102074],[13.327765,38.101149],[13.326615,38.100282],[13.326228,38.100044],[13.325003,38.099544],[13.325536,38.098726],[13.323728,38.097992],[13.32202,38.097257],[13.318711,38.096267],[13.317967,38.098062],[13.311537,38.095427],[13.308861,38.094358],[13.308828,38.094439],[13.309008,38.094772],[13.309322,38.095263],[13.309617,38.095815],[13.30976,38.0963],[13.309766,38.096891],[13.309928,38.099119],[13.310094,38.100359],[13.31034,38.101196],[13.310483,38.101776],[13.31049,38.101936],[13.31046,38.10229],[13.310151,38.104141],[13.310006,38.104616],[13.310005,38.105454],[13.309879,38.106178],[13.309791,38.106451],[13.309301,38.107335],[13.308906,38.108227],[13.308693,38.108799],[13.308495,38.109161],[13.309119,38.109226],[13.309099,38.109357],[13.308875,38.109683],[13.308475,38.111369],[13.308173,38.112253],[13.308009,38.113294],[13.307969,38.113374],[13.30792,38.113398],[13.307695,38.113412],[13.307303,38.113407],[13.30659,38.113177],[13.306012,38.113023],[13.305913,38.113027],[13.305754,38.113071],[13.305396,38.113264],[13.305252,38.113366],[13.303913,38.114416],[13.303805,38.114523],[13.303728,38.114638],[13.303359,38.115401],[13.303305,38.115585],[13.303295,38.115724],[13.303343,38.115857],[13.304665,38.118716],[13.304773,38.118879],[13.305704,38.120076],[13.306176,38.120471],[13.303172,38.123697],[13.302831,38.124153],[13.302518,38.124868],[13.302494,38.125078],[13.302505,38.125301],[13.302552,38.125453],[13.30263,38.12555],[13.302837,38.125625],[13.302933,38.125727],[13.302994,38.125821],[13.302988,38.125908],[13.302915,38.126029],[13.302785,38.126088],[13.302586,38.126114],[13.302423,38.126113],[13.302249,38.126083],[13.301713,38.125857],[13.301294,38.125831],[13.2992,38.125794],[13.297317,38.125727],[13.293621,38.125645],[13.29184,38.125834],[13.29195,38.126013],[13.292194,38.126098],[13.292446,38.126121],[13.292577,38.126171],[13.292637,38.12624],[13.292943,38.12835],[13.294409,38.128239],[13.295635,38.128652],[13.29577,38.128461],[13.295859,38.12841],[13.295953,38.12841],[13.296871,38.128787],[13.29676,38.128994],[13.295708,38.128675]]},"properties":{"id":"linea-307-0","route_id":"307","numero":"307","nome":"Parcheggio Basile - Borgo Nuovo","colore":"#022655","tipo":"bus","direzione":0,"da":"Parcheggio Basile Corsia Interna","a":"Tindari 1","fermate":["1378","177","172","1634","1648","1680","1694","1641","2301","2302","2303","2304","1409","288","302","269","284","300","1059","1065","1061","1742","1907","1909","360","362","376","364","1355","2022","2025"],"lon":13.309301,"lat":38.107335}},{"type":"Feature","geometry":{"type":"LineString","coordinates":[[13.295708,38.128675],[13.294409,38.128239],[13.292943,38.12835],[13.292637,38.12624],[13.292577,38.126171],[13.292446,38.126121],[13.292194,38.126098],[13.29195,38.126013],[13.29184,38.125834],[13.290773,38.125979],[13.29072,38.125928],[13.290711,38.125852],[13.290803,38.125788],[13.291831,38.125655],[13.293642,38.125463],[13.298999,38.12559],[13.301431,38.125676],[13.303698,38.125946],[13.304033,38.126013],[13.306772,38.126448],[13.307405,38.12652],[13.313098,38.126666],[13.315641,38.126752],[13.318264,38.126816],[13.318365,38.124134],[13.318243,38.124096],[13.31816,38.12391],[13.318021,38.123947],[13.317844,38.124021],[13.316782,38.124566],[13.315594,38.125083],[13.315226,38.125301],[13.314701,38.12568],[13.314419,38.125847],[13.314287,38.125867],[13.314139,38.125868],[13.313037,38.125834],[13.311829,38.12481],[13.309104,38.122732],[13.306176,38.120471],[13.305704,38.120076],[13.304773,38.118879],[13.304665,38.118716],[13.303343,38.115857],[13.303295,38.115724],[13.303305,38.115585],[13.303359,38.115401],[13.303728,38.114638],[13.303805,38.114523],[13.303913,38.114416],[13.305252,38.113366],[13.305624,38.113133],[13.305808,38.113051],[13.305913,38.113027],[13.306012,38.113023],[13.30659,38.113177],[13.307303,38.113407],[13.307695,38.113412],[13.30792,38.113398],[13.307969,38.113374],[13.307996,38.113339],[13.308173,38.112253],[13.308475,38.111369],[13.308875,38.109683],[13.308497,38.109257],[13.308495,38.109161],[13.308693,38.108799],[13.308906,38.108227],[13.309301,38.107335],[13.309791,38.106451],[13.309879,38.106178],[13.310005,38.105454],[13.310006,38.104616],[13.310151,38.104141],[13.310276,38.103443],[13.31046,38.10229],[13.31049,38.101936],[13.310483,38.101776],[13.31034,38.101196],[13.310094,38.100359],[13.309928,38.099119],[13.309766,38.096891],[13.30976,38.0963],[13.309617,38.095815],[13.309322,38.095263],[13.309008,38.094772],[13.308828,38.094439],[13.308861,38.094358],[13.311537,38.095427],[13.317967,38.098062],[13.318711,38.096267],[13.32202,38.097257],[13.323728,38.097992],[13.325536,38.098726],[13.325003,38.099544],[13.326228,38.100044],[13.326615,38.100282],[13.327765,38.101149],[13.329529,38.102074],[13.332341,38.099153],[13.332691,38.098731],[13.334082,38.097266],[13.334343,38.097025],[13.335175,38.096395],[13.336172,38.095688],[13.337051,38.095004],[13.337403,38.094767],[13.337515,38.094616],[13.337716,38.094426],[13.339108,38.093409],[13.339197,38.093308],[13.339257,38.093211],[13.33927,38.093111],[13.339251,38.093038],[13.339198,38.092959],[13.339038,38.092825],[13.338944,38.092799],[13.338708,38.092782],[13.338521,38.092816],[13.338428,38.092846],[13.338346,38.092892],[13.338214,38.093068],[13.338182,38.093137],[13.338204,38.093294],[13.338357,38.093471],[13.340759,38.094692],[13.343968,38.096382],[13.345281,38.097085],[13.345449,38.097194],[13.345841,38.097563],[13.345966,38.097723],[13.346385,38.098441],[13.346203,38.098506],[13.346056,38.098242],[13.345832,38.098153],[13.345572,38.09814],[13.34531,38.097905]]},"properties":{"id":"linea-307-1","route_id":"307","numero":"307","nome":"Parcheggio Basile - Borgo Nuovo","colore":"#022655","tipo":"bus","direzione":1,"da":"Tindari 1","a":"Parcheggio Basile Corsia Interna","fermate":["2025","2024","1356","355","363","356","368","997","995","1003","986","1786","1784","709","706","1739","1743","1733","1735","1741","1348","216","1480","1064","1058","299","283","268","301","1411","2015","2285","614","1651","1700","1670","1635","1640","167","181","1378"],"lon":13.309301,"lat":38.107335}},{"type":"Feature","geometry":{"type":"LineString","coordinates":[[13.309312,38.094535],[13.308861,38.094358],[13.308314,38.094119],[13.307281,38.093392],[13.306972,38.093193],[13.306892,38.093107],[13.306868,38.093061],[13.306869,38.093003],[13.30695,38.093046],[13.307101,38.093172],[13.307281,38.093392],[13.308314,38.094119],[13.308861,38.094358],[13.311537,38.095427],[13.317199,38.097757],[13.321905,38.099653],[13.324283,38.100636],[13.328162,38.102193],[13.328992,38.102541],[13.331132,38.103384],[13.333856,38.10451],[13.349805,38.110953],[13.350585,38.109958],[13.350639,38.109916],[13.350705,38.10989],[13.350778,38.109881],[13.3527,38.109986],[13.352828,38.10998],[13.352896,38.10996],[13.35304,38.10986],[13.354176,38.108767],[13.354025,38.108448],[13.35387,38.107647],[13.353767,38.107494],[13.353194,38.106971],[13.350537,38.104657],[13.350121,38.104273],[13.348372,38.102304],[13.348175,38.102069],[13.347706,38.101319],[13.346056,38.098242],[13.345832,38.098153],[13.345572,38.09814],[13.34531,38.097905]]},"properties":{"id":"linea-309-0","route_id":"309","numero":"309","nome":"Parcheggio Basile - Rocca","colore":"#025F7E","tipo":"bus","direzione":0,"da":"Calatafimi Rocca","a":"Parcheggio Basile Corsia Interna","fermate":["300","299","283","268","301","287","309","279","290","304","273","275","285","281","306","295","292","270","264","278","913","1622","239","185","175","173","176","169","1378"],"lon":13.350585,"lat":38.109958}},{"type":"Feature","geometry":{"type":"LineString","coordinates":[[13.34531,38.097905],[13.345073,38.097693],[13.345254,38.097574],[13.345304,38.097505],[13.344888,38.097066],[13.34264,38.095859],[13.342744,38.095738],[13.343968,38.096382],[13.345281,38.097085],[13.345449,38.097194],[13.345841,38.097563],[13.345966,38.097723],[13.346118,38.097963],[13.34798,38.101414],[13.348263,38.101849],[13.348274,38.102088],[13.349854,38.103884],[13.350248,38.104309],[13.352805,38.10656],[13.353041,38.106581],[13.35338,38.106848],[13.353697,38.107015],[13.353817,38.107122],[13.35501,38.107715],[13.35533,38.107853],[13.355974,38.108029],[13.355905,38.108175],[13.35514,38.107999],[13.353196,38.109839],[13.35309,38.109925],[13.352195,38.110526],[13.351424,38.110998],[13.351287,38.111142],[13.351062,38.111471],[13.350269,38.111133],[13.333856,38.10451],[13.331132,38.103384],[13.328992,38.102541],[13.328162,38.102193],[13.324283,38.100636],[13.321905,38.099653],[13.317199,38.097757],[13.312218,38.095704],[13.309312,38.094535]]},"properties":{"id":"linea-309-1","route_id":"309","numero":"309","nome":"Parcheggio Basile - Rocca","colore":"#025F7E","tipo":"bus","direzione":1,"da":"Parcheggio Basile Corsia Interna","a":"Calatafimi Rocca","fermate":["1378","181","183","174","184","182","2225","912","911","267","280","265","271","293","296","303","307","282","266","286","297","274","305","289","291","272","298","288","302","269","284","300"],"lon":13.353817,"lat":38.107122}},{"type":"Feature","geometry":{"type":"LineString","coordinates":[[13.351864,38.110728],[13.351424,38.110998],[13.351287,38.111142],[13.351062,38.111471],[13.350202,38.111108],[13.349532,38.111244],[13.349229,38.111267],[13.348752,38.111252],[13.34817,38.111192],[13.347445,38.111056],[13.345817,38.110875],[13.344838,38.11081],[13.343176,38.110729],[13.342071,38.110706],[13.339771,38.110576],[13.337866,38.11051],[13.336657,38.110434],[13.329628,38.110497],[13.328639,38.11053],[13.325063,38.110566],[13.309119,38.109226],[13.309099,38.109357],[13.308875,38.109683],[13.308497,38.109257],[13.308495,38.109161],[13.309614,38.109268]]},"properties":{"id":"linea-327-0","route_id":"327","numero":"327","nome":"Boccadifalco - Indipendenza","colore":"#914327","tipo":"bus","direzione":0,"da":"Indipendenza Palazzo Reale","a":"Pitre' Piazza Micca","fermate":["912","911","332","329","1560","1549","1551","1557","1564","1555","1571","1572","1567","1548","1480","1558"],"lon":13.342071,"lat":38.110706}},{"type":"Feature","geometry":{"type":"LineString","coordinates":[[13.309614,38.109268],[13.325063,38.110566],[13.328639,38.11053],[13.329499,38.110501],[13.329644,38.109034],[13.329864,38.107278],[13.330033,38.105128],[13.330006,38.105028],[13.329916,38.104918],[13.329474,38.104647],[13.329386,38.104502],[13.329397,38.104375],[13.329792,38.103211],[13.329913,38.103137],[13.330046,38.103099],[13.330235,38.103133],[13.330606,38.103281],[13.330668,38.103339],[13.330669,38.103415],[13.330626,38.103622],[13.330555,38.104727],[13.330557,38.105007],[13.330515,38.105403],[13.330317,38.108337],[13.330161,38.11016],[13.330366,38.110494],[13.336657,38.110434],[13.337866,38.11051],[13.339771,38.110576],[13.342071,38.110706],[13.343176,38.110729],[13.344838,38.11081],[13.345817,38.110875],[13.346727,38.110969],[13.347445,38.111056],[13.34817,38.111192],[13.348528,38.111237],[13.349229,38.111267],[13.349532,38.111244],[13.349772,38.11119],[13.349763,38.111068],[13.349805,38.110953],[13.350585,38.109958],[13.350639,38.109916],[13.350778,38.109881],[13.3527,38.109986],[13.352769,38.11002],[13.352806,38.110061],[13.352804,38.110106],[13.352195,38.110526],[13.351864,38.110728]]},"properties":{"id":"linea-327-1","route_id":"327","numero":"327","nome":"Boccadifalco - Indipendenza","colore":"#914327","tipo":"bus","direzione":1,"da":"Pitre' Piazza Micca","a":"Indipendenza Palazzo Reale","fermate":["1558","1547","1566","1568","1569","1570","1554","1563","2012","1681","1583","1659","1679","1556","1552","1550","1559","328","330","913","912"],"lon":13.330366,"lat":38.110494}},{"type":"Feature","geometry":{"type":"LineString","coordinates":[[13.302804,38.074668],[13.303019,38.074851],[13.303205,38.074698],[13.303356,38.074631],[13.303731,38.074595],[13.3039,38.074606],[13.30423,38.074708],[13.304374,38.074737],[13.305635,38.074708],[13.305864,38.074719],[13.306074,38.074766],[13.306342,38.07478],[13.307421,38.074628],[13.307825,38.074553],[13.308031,38.074557],[13.308262,38.074633],[13.308265,38.074615],[13.308262,38.074633],[13.308948,38.075037],[13.309007,38.075057],[13.30906,38.07506],[13.30944,38.075011],[13.309619,38.075035],[13.309722,38.075071],[13.310004,38.075198],[13.310137,38.075319],[13.310175,38.07545],[13.310149,38.07569],[13.310179,38.07578],[13.310214,38.075848],[13.310531,38.07615],[13.310745,38.076328],[13.311464,38.076856],[13.311626,38.076941],[13.312097,38.077083],[13.31221,38.077232],[13.312226,38.077348],[13.312312,38.077621],[13.312515,38.077932],[13.312721,38.078183],[13.312836,38.078296],[13.313116,38.078513],[13.313169,38.078536],[13.313254,38.078543],[13.313368,38.078531],[13.313842,38.078536],[13.314086,38.078566],[13.314703,38.078679],[13.31522,38.078725],[13.315818,38.078738],[13.315957,38.078766],[13.316127,38.078853],[13.316233,38.078942],[13.316831,38.079664],[13.317007,38.079912],[13.317221,38.080126],[13.318238,38.080735],[13.318401,38.080802],[13.319538,38.080899],[13.320168,38.080924],[13.320347,38.080998],[13.320493,38.081085],[13.320652,38.081241],[13.320964,38.081374],[13.321399,38.081513],[13.322608,38.081955],[13.323346,38.082272],[13.323612,38.082454],[13.324932,38.083573],[13.325696,38.084244],[13.326759,38.085349],[13.327266,38.085979],[13.32774,38.086425],[13.327917,38.086617],[13.328766,38.087261],[13.3289,38.087384],[13.329028,38.087532],[13.329401,38.088238],[13.329756,38.088757],[13.32998,38.089029],[13.330097,38.089228],[13.330184,38.089427],[13.330386,38.089688],[13.330804,38.090046],[13.331184,38.090313],[13.33167,38.090692],[13.332595,38.091243],[13.332915,38.091471],[13.333626,38.092133],[13.334563,38.092945],[13.334812,38.093186],[13.335173,38.093584],[13.335311,38.093772],[13.335462,38.094048],[13.335864,38.094838],[13.336075,38.095315],[13.336118,38.095605],[13.336172,38.095688],[13.336889,38.095123],[13.337403,38.094767],[13.337515,38.094616],[13.337716,38.094426],[13.339108,38.093409],[13.339197,38.093308],[13.339257,38.093211],[13.33927,38.093111],[13.339251,38.093038],[13.33915,38.092911],[13.339038,38.092825],[13.338944,38.092799],[13.338708,38.092782],[13.338611,38.092793],[13.338428,38.092846],[13.338346,38.092892],[13.338214,38.093068],[13.338182,38.093137],[13.33818,38.093205],[13.338204,38.093294],[13.338357,38.093471],[13.340759,38.094692],[13.345281,38.097085],[13.345449,38.097194],[13.345841,38.097563],[13.345966,38.097723],[13.346118,38.097963],[13.346385,38.098441],[13.346203,38.098506],[13.346056,38.098242],[13.345832,38.098153],[13.345572,38.09814],[13.34531,38.097905]]},"properties":{"id":"linea-364-0","route_id":"364","numero":"364","nome":"Parcheggio Basile - Aquino","colore":"#496041","tipo":"bus","direzione":0,"da":"Aquino Chiesa","a":"Parcheggio Basile Corsia Interna","fermate":["2286","121","119","106","117","108","115","113","1273","1275","1276","1277","1279","71","77","1491","73","79","75","1640","167","181","1378"],"lon":13.322608,"lat":38.081955}},{"type":"Feature","geometry":{"type":"LineString","coordinates":[[13.34531,38.097905],[13.345073,38.097693],[13.345254,38.097574],[13.345304,38.097505],[13.344888,38.097066],[13.340854,38.094907],[13.338238,38.093559],[13.337939,38.093447],[13.336881,38.092897],[13.336872,38.092984],[13.33691,38.093038],[13.337269,38.09319],[13.337314,38.093257],[13.337321,38.093322],[13.337299,38.093389],[13.335864,38.094838],[13.335311,38.093772],[13.335173,38.093584],[13.334812,38.093186],[13.334563,38.092945],[13.333626,38.092133],[13.332915,38.091471],[13.332595,38.091243],[13.33167,38.090692],[13.331184,38.090313],[13.330804,38.090046],[13.330386,38.089688],[13.330184,38.089427],[13.330097,38.089228],[13.32998,38.089029],[13.329756,38.088757],[13.329401,38.088238],[13.329028,38.087532],[13.3289,38.087384],[13.328766,38.087261],[13.327917,38.086617],[13.32774,38.086425],[13.327266,38.085979],[13.326759,38.085349],[13.325696,38.084244],[13.324932,38.083573],[13.323612,38.082454],[13.323346,38.082272],[13.322608,38.081955],[13.321399,38.081513],[13.320964,38.081374],[13.320652,38.081241],[13.320493,38.081085],[13.320347,38.080998],[13.320168,38.080924],[13.319538,38.080899],[13.318401,38.080802],[13.318238,38.080735],[13.317221,38.080126],[13.317007,38.079912],[13.316831,38.079664],[13.316233,38.078942],[13.316127,38.078853],[13.315957,38.078766],[13.315818,38.078738],[13.31522,38.078725],[13.314703,38.078679],[13.314086,38.078566],[13.313842,38.078536],[13.313368,38.078531],[13.313254,38.078543],[13.313169,38.078536],[13.313116,38.078513],[13.312836,38.078296],[13.312721,38.078183],[13.312515,38.077932],[13.312312,38.077621],[13.312226,38.077348],[13.31221,38.077232],[13.312097,38.077083],[13.311626,38.076941],[13.311464,38.076856],[13.310745,38.076328],[13.310531,38.07615],[13.310214,38.075848],[13.310179,38.07578],[13.310149,38.07569],[13.310175,38.07545],[13.310137,38.075319],[13.310004,38.075198],[13.309722,38.075071],[13.309619,38.075035],[13.30944,38.075011],[13.30906,38.07506],[13.309007,38.075057],[13.308948,38.075037],[13.308229,38.074615],[13.308031,38.074557],[13.307825,38.074553],[13.307421,38.074628],[13.306342,38.07478],[13.306074,38.074766],[13.305864,38.074719],[13.305635,38.074708],[13.304374,38.074737],[13.30423,38.074708],[13.3039,38.074606],[13.303731,38.074595],[13.303356,38.074631],[13.303205,38.074698],[13.303019,38.074851],[13.302804,38.074668]]},"properties":{"id":"linea-364-1","route_id":"364","numero":"364","nome":"Parcheggio Basile - Aquino","colore":"#496041","tipo":"bus","direzione":1,"da":"Parcheggio Basile Corsia Interna","a":"Aquino Chiesa","fermate":["1378","177","172","74","78","72","76","70","1274","1278","1282","1283","1272","112","114","107","116","105","118","120","2286"],"lon":13.317221,"lat":38.080126}},{"type":"Feature","geometry":{"type":"LineString","coordinates":[[13.304121,38.079538],[13.304529,38.079666],[13.304723,38.079752],[13.305193,38.080098],[13.305962,38.08047],[13.306225,38.080569],[13.306647,38.080697],[13.30697,38.08076],[13.307165,38.080837],[13.307301,38.080855],[13.307854,38.080998],[13.308103,38.081039],[13.308542,38.081043],[13.308748,38.081091],[13.308931,38.081174],[13.309382,38.081453],[13.309591,38.081565],[13.309824,38.081645],[13.310042,38.081657],[13.310281,38.081545],[13.310649,38.081254],[13.31139,38.080712],[13.312163,38.079774],[13.312241,38.079646],[13.312299,38.079487],[13.312436,38.079277],[13.312657,38.079042],[13.312845,38.078904],[13.313196,38.078609],[13.313254,38.078543],[13.313368,38.078531],[13.313842,38.078536],[13.314086,38.078566],[13.314703,38.078679],[13.31522,38.078725],[13.315818,38.078738],[13.315957,38.078766],[13.316127,38.078853],[13.316233,38.078942],[13.316831,38.079664],[13.317007,38.079912],[13.317221,38.080126],[13.318238,38.080735],[13.318401,38.080802],[13.319538,38.080899],[13.320168,38.080924],[13.320347,38.080998],[13.320493,38.081085],[13.320652,38.081241],[13.320964,38.081374],[13.321399,38.081513],[13.322608,38.081955],[13.323346,38.082272],[13.323612,38.082454],[13.324932,38.083573],[13.325696,38.084244],[13.326759,38.085349],[13.327266,38.085979],[13.32774,38.086425],[13.327746,38.086169],[13.327792,38.085833],[13.328203,38.084158],[13.328216,38.084041],[13.328186,38.083916],[13.328111,38.083817],[13.327896,38.083667],[13.327821,38.08357],[13.327983,38.083608],[13.3281,38.083673],[13.328245,38.083816],[13.328382,38.084092],[13.328421,38.084371],[13.328515,38.084565],[13.328703,38.084787],[13.328885,38.084941],[13.3291,38.085082],[13.329603,38.08533],[13.329867,38.085422],[13.330325,38.08555],[13.332765,38.085959],[13.333317,38.086081],[13.33359,38.086163],[13.333808,38.086255],[13.334061,38.086388],[13.334327,38.086565],[13.334581,38.08679],[13.33487,38.087125],[13.335162,38.087739],[13.335239,38.087993],[13.335396,38.08812],[13.335437,38.088534],[13.335521,38.088747],[13.335731,38.088991],[13.33606,38.089269],[13.335894,38.089242],[13.335756,38.08925],[13.335639,38.089336],[13.335605,38.08949],[13.335728,38.090348],[13.335975,38.091497],[13.336127,38.091929],[13.336113,38.092033],[13.336194,38.092137],[13.33656,38.092477],[13.336772,38.09261],[13.338238,38.093409],[13.340759,38.094692],[13.345281,38.097085],[13.345449,38.097194],[13.345841,38.097563],[13.345966,38.097723],[13.346118,38.097963],[13.346385,38.098441],[13.346203,38.098506],[13.346056,38.098242],[13.345832,38.098153],[13.345572,38.09814],[13.34531,38.097905]]},"properties":{"id":"linea-380-0","route_id":"380","numero":"380","nome":"Parcheggio Basile - Molara","colore":"#774F43","tipo":"bus","direzione":0,"da":"Corpo Di Guardia","a":"Parcheggio Basile Corsia Interna","fermate":["505","125","123","1483","1203","1201","1273","1275","1276","1277","1279","151","152","2382","167","181","1378"],"lon":13.327746,"lat":38.086169}},{"type":"Feature","geometry":{"type":"LineString","coordinates":[[13.34531,38.097905],[13.345073,38.097693],[13.345254,38.097574],[13.345304,38.097505],[13.344888,38.097066],[13.342052,38.095543],[13.340325,38.094637],[13.340071,38.0946],[13.33998,38.09461],[13.339881,38.094652],[13.339643,38.094809],[13.339492,38.094871],[13.339384,38.094894],[13.339168,38.094895],[13.338789,38.094809],[13.338648,38.094801],[13.338538,38.094801],[13.338173,38.094867],[13.337434,38.095309],[13.337276,38.095449],[13.335923,38.096413],[13.335087,38.097081],[13.334408,38.097732],[13.332133,38.100096],[13.331311,38.100909],[13.331134,38.101158],[13.331003,38.101391],[13.330829,38.101835],[13.330776,38.102093],[13.330747,38.102408],[13.330751,38.102746],[13.330796,38.102892],[13.330744,38.103149],[13.330697,38.103217],[13.329341,38.102669],[13.329287,38.102598],[13.329269,38.102526],[13.329289,38.102379],[13.329529,38.102074],[13.332341,38.099153],[13.332691,38.098731],[13.334082,38.097266],[13.334343,38.097025],[13.334781,38.096685],[13.335782,38.095954],[13.336172,38.095688],[13.336118,38.095605],[13.336075,38.095315],[13.335864,38.094838],[13.335462,38.094048],[13.335311,38.093772],[13.335173,38.093584],[13.334812,38.093186],[13.334563,38.092945],[13.333626,38.092133],[13.332915,38.091471],[13.332595,38.091243],[13.33167,38.090692],[13.331184,38.090313],[13.330804,38.090046],[13.330386,38.089688],[13.330184,38.089427],[13.330097,38.089228],[13.32998,38.089029],[13.329756,38.088757],[13.329401,38.088238],[13.329028,38.087532],[13.3289,38.087384],[13.328766,38.087261],[13.327917,38.086617],[13.32774,38.086425],[13.327266,38.085979],[13.326759,38.085349],[13.325696,38.084244],[13.324932,38.083573],[13.323612,38.082454],[13.323346,38.082272],[13.322608,38.081955],[13.321399,38.081513],[13.320964,38.081374],[13.320652,38.081241],[13.320493,38.081085],[13.320347,38.080998],[13.320168,38.080924],[13.319538,38.080899],[13.318401,38.080802],[13.318238,38.080735],[13.317221,38.080126],[13.317007,38.079912],[13.316831,38.079664],[13.316233,38.078942],[13.316127,38.078853],[13.315957,38.078766],[13.315818,38.078738],[13.31522,38.078725],[13.314703,38.078679],[13.314086,38.078566],[13.313842,38.078536],[13.313368,38.078531],[13.313254,38.078543],[13.313196,38.078609],[13.312845,38.078904],[13.312657,38.079042],[13.312436,38.079277],[13.312299,38.079487],[13.312241,38.079646],[13.312163,38.079774],[13.31139,38.080712],[13.310649,38.081254],[13.310281,38.081545],[13.310042,38.081657],[13.309824,38.081645],[13.309591,38.081565],[13.309382,38.081453],[13.308931,38.081174],[13.308748,38.081091],[13.308542,38.081043],[13.308103,38.081039],[13.307854,38.080998],[13.307301,38.080855],[13.307165,38.080837],[13.30697,38.08076],[13.306647,38.080697],[13.306225,38.080569],[13.305962,38.08047],[13.305193,38.080098],[13.304723,38.079752],[13.304529,38.079666],[13.304121,38.079538]]},"properties":{"id":"linea-380-1","route_id":"380","numero":"380","nome":"Parcheggio Basile - Molara","colore":"#774F43","tipo":"bus","direzione":1,"da":"Parcheggio Basile Corsia Interna","a":"Corpo Di Guardia","fermate":["1378","177","172","1634","1648","1680","1694","1641","1651","1700","1670","1635","74","78","72","76","70","1274","1278","1282","1283","1272","1200","1202","1482","122","124","505"],"lon":13.329756,"lat":38.088757}},{"type":"Feature","geometry":{"type":"LineString","coordinates":[[13.350036,38.110655],[13.350585,38.109958],[13.350639,38.109916],[13.350705,38.10989],[13.350778,38.109881],[13.3527,38.109986],[13.352769,38.11002],[13.352806,38.110061],[13.352804,38.110106],[13.352195,38.110526],[13.351424,38.110998],[13.351287,38.111142],[13.351062,38.111471],[13.350269,38.111133],[13.333856,38.10451],[13.331132,38.103384],[13.328992,38.102541],[13.328162,38.102193],[13.324283,38.100636],[13.321905,38.099653],[13.317199,38.097757],[13.311537,38.095427],[13.308861,38.094358],[13.308314,38.094119],[13.307281,38.093392],[13.305419,38.092164],[13.305323,38.092092],[13.305139,38.091793],[13.305047,38.091697],[13.304835,38.091547],[13.304735,38.091532],[13.304634,38.091552],[13.304562,38.091591],[13.304521,38.091652],[13.304522,38.091726],[13.304577,38.091797],[13.304667,38.091863],[13.304983,38.09216],[13.305218,38.092496],[13.306011,38.093818],[13.306172,38.093964],[13.306214,38.094021],[13.306212,38.094082],[13.306172,38.094135],[13.306091,38.094171],[13.306005,38.094173],[13.305931,38.094133],[13.305802,38.093965],[13.305428,38.093625],[13.299171,38.088458],[13.298314,38.087941],[13.29805,38.087759],[13.29695,38.086835],[13.295718,38.085899],[13.294879,38.085304],[13.294599,38.085066]]},"properties":{"id":"linea-389-0","route_id":"389","numero":"389","nome":"Piazza Indipendenza - Rocca - Monreale","colore":"#7F3759","tipo":"bus","direzione":0,"da":"Indipendenza Pisani","a":"Fontana Del Drago Monreale","fermate":["914","912","267","280","265","271","293","296","303","307","282","266","286","297","274","305","289","291","272","298","288","302","269","284","300","277","1847","831","832","833","2216"],"lon":13.305047,"lat":38.091697}},{"type":"Feature","geometry":{"type":"LineString","coordinates":[[13.294599,38.085066],[13.294879,38.085304],[13.295718,38.085899],[13.29695,38.086835],[13.29805,38.087759],[13.298314,38.087941],[13.299171,38.088458],[13.305428,38.093625],[13.305802,38.093965],[13.305931,38.094133],[13.306005,38.094173],[13.306091,38.094171],[13.306172,38.094135],[13.306212,38.094082],[13.306214,38.094021],[13.306172,38.093964],[13.306011,38.093818],[13.305218,38.092496],[13.304983,38.09216],[13.304667,38.091863],[13.304577,38.091797],[13.304522,38.091726],[13.304521,38.091652],[13.304562,38.091591],[13.304634,38.091552],[13.304735,38.091532],[13.304835,38.091547],[13.305047,38.091697],[13.305139,38.091793],[13.305323,38.092092],[13.305419,38.092164],[13.307281,38.093392],[13.308314,38.094119],[13.308861,38.094358],[13.311537,38.095427],[13.317199,38.097757],[13.321905,38.099653],[13.324283,38.100636],[13.328162,38.102193],[13.328992,38.102541],[13.331132,38.103384],[13.333856,38.10451],[13.349805,38.110953],[13.350036,38.110655]]},"properties":{"id":"linea-389-1","route_id":"389","numero":"389","nome":"Piazza Indipendenza - Rocca - Monreale","colore":"#7F3759","tipo":"bus","direzione":1,"da":"Fontana Del Drago Monreale","a":"Indipendenza Pisani","fermate":["2216","827","828","829","830","1846","276","299","283","268","301","287","309","279","290","304","273","275","285","281","306","295","292","270","264","278","914"],"lon":13.304521,"lat":38.091652}},{"type":"Feature","geometry":{"type":"LineString","coordinates":[[13.295054,38.128456],[13.296155,38.128816],[13.29676,38.128994],[13.296962,38.129038],[13.299046,38.129073],[13.299011,38.129887],[13.30116,38.130874],[13.300394,38.131653],[13.298764,38.131819],[13.298283,38.132],[13.296996,38.132213],[13.293933,38.132224],[13.293363,38.132185],[13.291778,38.131882],[13.292193,38.130567],[13.292338,38.129744],[13.293178,38.129774],[13.292943,38.12835],[13.292637,38.12624],[13.292577,38.126171],[13.292446,38.126121],[13.292194,38.126098],[13.29195,38.126013],[13.29184,38.125834],[13.290773,38.125979],[13.29072,38.125928],[13.290711,38.125852],[13.290803,38.125788],[13.291831,38.125655],[13.293642,38.125463],[13.298999,38.12559],[13.301431,38.125676],[13.301716,38.125669],[13.302152,38.125518],[13.302335,38.125509],[13.302477,38.125518],[13.302741,38.125583],[13.303334,38.125859],[13.303849,38.125839],[13.305217,38.125749],[13.308083,38.125612],[13.308632,38.125623],[13.313037,38.125834],[13.314139,38.125868],[13.314287,38.125867],[13.314419,38.125847],[13.314887,38.126726],[13.318264,38.126816],[13.318365,38.124134],[13.318243,38.124096],[13.31816,38.12391],[13.318997,38.123681],[13.320253,38.123377],[13.321262,38.123195],[13.322941,38.123008],[13.32474,38.122852],[13.327023,38.122708],[13.327932,38.1226],[13.32876,38.122462],[13.328617,38.121102],[13.328494,38.120184],[13.328465,38.119508],[13.328503,38.118639],[13.328622,38.11755],[13.328905,38.115785],[13.329038,38.114711],[13.329244,38.11444],[13.32973,38.110656],[13.329964,38.108237],[13.330338,38.103427],[13.330294,38.102318],[13.330268,38.102211],[13.330212,38.102129],[13.330123,38.102066],[13.330013,38.102031],[13.329894,38.102028],[13.329781,38.102057],[13.329687,38.102114],[13.329402,38.102429],[13.32937,38.102477],[13.329369,38.102538],[13.329402,38.102593],[13.329709,38.102728],[13.33024,38.103032],[13.330959,38.103324],[13.330701,38.103684],[13.330616,38.103894],[13.330555,38.104727],[13.330557,38.105007],[13.330515,38.105403],[13.330317,38.108337],[13.330185,38.109936],[13.330116,38.110585],[13.329755,38.113025],[13.329614,38.114299],[13.329441,38.115638],[13.329623,38.115597],[13.330015,38.115604],[13.331958,38.115949],[13.331793,38.116776],[13.331698,38.11676],[13.331646,38.11665],[13.331706,38.116387]]},"properties":{"id":"linea-422-0","route_id":"422","numero":"422","nome":"Parcheggio Emiri - Borgo Nuovo","colore":"#126823","tipo":"bus","direzione":0,"da":"Tindari Cefalu'","a":"Parcheggio Degli Emiri","fermate":["2022","2389","2287","400","406","402","404","137","140","1354","1356","355","363","356","368","357","372","366","707","1786","1784","712","2249","2250","1665","1676","1674","2011","1659","1679","1684","1379"],"lon":13.318997,"lat":38.123681}},{"type":"Feature","geometry":{"type":"LineString","coordinates":[[13.331706,38.116387],[13.331757,38.116161],[13.331852,38.116117],[13.331927,38.116121],[13.331664,38.117406],[13.331298,38.118932],[13.331308,38.119116],[13.330739,38.119222],[13.32999,38.119313],[13.328974,38.119371],[13.328995,38.119888],[13.329193,38.121741],[13.329459,38.123843],[13.329749,38.126646],[13.329974,38.128573],[13.330263,38.128727],[13.330304,38.128766],[13.330325,38.128856],[13.330306,38.128984],[13.330235,38.129126],[13.329897,38.129393],[13.329766,38.129454],[13.329621,38.12949],[13.329453,38.129497],[13.329261,38.129465],[13.329114,38.129417],[13.328982,38.129333],[13.328908,38.129179],[13.328871,38.12903],[13.328869,38.128901],[13.328962,38.128671],[13.329061,38.128551],[13.329332,38.128139],[13.329398,38.127966],[13.328863,38.123472],[13.32876,38.122462],[13.327932,38.1226],[13.327023,38.122708],[13.32474,38.122852],[13.322941,38.123008],[13.321262,38.123195],[13.320253,38.123377],[13.318997,38.123681],[13.318021,38.123947],[13.317844,38.124021],[13.316782,38.124566],[13.315594,38.125083],[13.315226,38.125301],[13.314701,38.12568],[13.314419,38.125847],[13.314287,38.125867],[13.314139,38.125868],[13.313037,38.125834],[13.311829,38.12481],[13.309104,38.122732],[13.306176,38.120471],[13.303172,38.123697],[13.302831,38.124153],[13.302518,38.124868],[13.302494,38.125078],[13.302505,38.125301],[13.302552,38.125453],[13.30263,38.12555],[13.302837,38.125625],[13.302933,38.125727],[13.302994,38.125821],[13.302988,38.125908],[13.302915,38.126029],[13.302785,38.126088],[13.302586,38.126114],[13.302423,38.126113],[13.302249,38.126083],[13.301713,38.125857],[13.301294,38.125831],[13.2992,38.125794],[13.297317,38.125727],[13.293621,38.125645],[13.29184,38.125834],[13.29195,38.126013],[13.292194,38.126098],[13.292446,38.126121],[13.292577,38.126171],[13.292637,38.12624],[13.292943,38.12835],[13.294409,38.128239],[13.295054,38.128456]]},"properties":{"id":"linea-422-1","route_id":"422","numero":"422","nome":"Parcheggio Emiri - Borgo Nuovo","colore":"#126823","tipo":"bus","direzione":1,"da":"Parcheggio Degli Emiri","a":"Tindari Cefalu'","fermate":["1379","1248","1660","1655","1650","1667","1677","1678","1657","1656","714","713","708","711","709","706","1739","1743","1733","1735","1907","1909","360","362","376","364","1355","2022"],"lon":13.318021,"lat":38.123947}},{"type":"Feature","geometry":{"type":"LineString","coordinates":[[13.322857,38.135211],[13.323324,38.135469],[13.324793,38.133719],[13.325631,38.132751],[13.325759,38.13263],[13.326072,38.132414],[13.326419,38.132254],[13.326603,38.13219],[13.327007,38.132096],[13.329895,38.131749],[13.329662,38.130186],[13.32962,38.130064],[13.329435,38.129792],[13.329118,38.12953],[13.329057,38.12945],[13.328908,38.129179],[13.328871,38.12903],[13.328869,38.128901],[13.328962,38.128671],[13.329061,38.128551],[13.329192,38.12847],[13.329385,38.128407],[13.329624,38.12842],[13.329838,38.128501],[13.330185,38.128676],[13.33062,38.128767],[13.330731,38.128729],[13.330883,38.127927],[13.331302,38.127015],[13.331444,38.126754],[13.331766,38.126018],[13.332112,38.125286],[13.332158,38.125133],[13.33216,38.124767],[13.332192,38.124466],[13.331602,38.124088],[13.331292,38.123915],[13.331915,38.123229],[13.333022,38.122086],[13.33298,38.122025],[13.332906,38.121795],[13.333305,38.121745],[13.333405,38.121782],[13.335077,38.121196],[13.336519,38.120725],[13.338671,38.120098],[13.338945,38.120056],[13.339416,38.119902],[13.339434,38.119853],[13.339479,38.119818],[13.339351,38.119693],[13.338278,38.119476],[13.336808,38.119332],[13.335804,38.119212],[13.334984,38.119064],[13.333387,38.118813],[13.333693,38.116668],[13.333828,38.116051],[13.333967,38.115555],[13.332141,38.1151],[13.331871,38.116386]]},"properties":{"id":"linea-442-0","route_id":"442","numero":"442","nome":"Parcheggio Emiri - Uditore","colore":"#5D5952","tipo":"bus","direzione":0,"da":"Tiepolo","a":"Nina Siciliana Scuola La Torre","fermate":["2020","2229","2230","2231","1639","899","900","897","1913","1490","1254","1446","1441","1438","130","613","1249"],"lon":13.331766,"lat":38.126018}},{"type":"Feature","geometry":{"type":"LineString","coordinates":[[13.331871,38.116386],[13.331664,38.117406],[13.33135,38.118704],[13.331466,38.119085],[13.333387,38.118813],[13.334984,38.119064],[13.335804,38.119212],[13.336808,38.119332],[13.338278,38.119476],[13.339351,38.119693],[13.339479,38.119818],[13.339558,38.119804],[13.339632,38.119829],[13.339657,38.119854],[13.339833,38.119833],[13.34064,38.119625],[13.341068,38.119432],[13.34123,38.119475],[13.341418,38.119589],[13.341107,38.120005],[13.341005,38.120063],[13.340877,38.120084],[13.340729,38.120085],[13.339781,38.120059],[13.339475,38.119991],[13.339254,38.120038],[13.338945,38.120056],[13.338671,38.120098],[13.336519,38.120725],[13.335077,38.121196],[13.333405,38.121782],[13.33349,38.122055],[13.333482,38.122122],[13.333385,38.122133],[13.333123,38.122114],[13.333022,38.122086],[13.331915,38.123229],[13.330371,38.124927],[13.32965,38.125689],[13.329974,38.128573],[13.330185,38.128676],[13.330304,38.128766],[13.330325,38.128906],[13.330306,38.128984],[13.330235,38.129126],[13.329897,38.129393],[13.329766,38.129454],[13.329621,38.12949],[13.329453,38.129497],[13.329261,38.129465],[13.329114,38.129417],[13.328982,38.129333],[13.328908,38.129179],[13.328871,38.12903],[13.328869,38.128901],[13.328775,38.128699],[13.328657,38.128575],[13.328462,38.128464],[13.328308,38.12841],[13.327326,38.128153],[13.325773,38.129738],[13.324839,38.13084],[13.32416,38.131521],[13.323559,38.132154],[13.321423,38.134441],[13.322857,38.135211]]},"properties":{"id":"linea-442-1","route_id":"442","numero":"442","nome":"Parcheggio Emiri - Uditore","colore":"#5D5952","tipo":"bus","direzione":1,"da":"Nina Siciliana Scuola La Torre","a":"Tiepolo","fermate":["1249","1248","1448","1440","1445","315","1467","2252","1253","1489","1910","1911","1677","2081","2079","2077","2084","2086","2020"],"lon":13.333385,"lat":38.122133}},{"type":"Feature","geometry":{"type":"LineString","coordinates":[[13.331706,38.116387],[13.331757,38.116161],[13.331852,38.116117],[13.331927,38.116121],[13.331664,38.117406],[13.331298,38.118932],[13.331308,38.119116],[13.330739,38.119222],[13.32999,38.119313],[13.328974,38.119371],[13.328995,38.119888],[13.329193,38.121741],[13.329459,38.123843],[13.329749,38.126646],[13.329974,38.128573],[13.330263,38.128727],[13.330304,38.128766],[13.330325,38.128856],[13.330306,38.128984],[13.330235,38.129126],[13.329897,38.129393],[13.329766,38.129454],[13.329621,38.12949],[13.329453,38.129497],[13.329261,38.129465],[13.329114,38.129417],[13.328982,38.129333],[13.328908,38.129179],[13.328871,38.12903],[13.328869,38.128901],[13.328962,38.128671],[13.329061,38.128551],[13.329332,38.128139],[13.329398,38.127966],[13.328863,38.123472],[13.32876,38.122462],[13.327932,38.1226],[13.327023,38.122708],[13.32474,38.122852],[13.322941,38.123008],[13.321262,38.123195],[13.320253,38.123377],[13.318997,38.123681],[13.318021,38.123947],[13.317844,38.124021],[13.316782,38.124566],[13.315594,38.125083],[13.315226,38.125301],[13.314701,38.12568],[13.314419,38.125847],[13.314287,38.125867],[13.314139,38.125868],[13.313037,38.125834],[13.311829,38.12481],[13.309104,38.122732],[13.306176,38.120471],[13.305704,38.120076],[13.30233,38.119368],[13.302084,38.119328],[13.301841,38.119309],[13.301368,38.11934],[13.301049,38.119315],[13.300703,38.119243],[13.300026,38.119056],[13.297459,38.118422],[13.297294,38.11837],[13.295742,38.117733],[13.295201,38.117525],[13.294963,38.117449],[13.294701,38.117386],[13.293786,38.117332],[13.292564,38.117294],[13.292333,38.117315],[13.291642,38.117431],[13.290499,38.117401],[13.290229,38.117431],[13.289853,38.117526],[13.288859,38.117916],[13.288701,38.117953],[13.288531,38.117945],[13.28841,38.11791],[13.28829,38.117853],[13.288194,38.117765],[13.28813,38.117679],[13.288086,38.117575],[13.28807,38.117245],[13.288089,38.117126],[13.288148,38.116997],[13.28826,38.116895],[13.289166,38.116466],[13.289461,38.11631],[13.289607,38.116183],[13.290009,38.115738],[13.290239,38.115565],[13.290391,38.115508],[13.290502,38.115487],[13.290824,38.115474],[13.291481,38.115586],[13.291657,38.115603],[13.291853,38.115603],[13.293744,38.115289],[13.293925,38.115222],[13.29407,38.115131],[13.294996,38.114394],[13.295162,38.114313],[13.295378,38.114247],[13.295788,38.114187],[13.296156,38.11417]]},"properties":{"id":"linea-462-0","route_id":"462","numero":"462","nome":"Parcheggio Emiri - Baida","colore":"#775128","tipo":"bus","direzione":0,"da":"Parcheggio Degli Emiri","a":"Piazza Baida","fermate":["1379","1248","1660","1655","1650","1667","1677","1678","1657","1656","714","713","708","711","709","706","1739","1743","1733","1735","791","792","779","794","781","796","797","798","785","789","1462"],"lon":13.309104,"lat":38.122732}},{"type":"Feature","geometry":{"type":"LineString","coordinates":[[13.296156,38.11417],[13.295788,38.114187],[13.295378,38.114247],[13.295162,38.114313],[13.294996,38.114394],[13.29407,38.115131],[13.293925,38.115222],[13.293744,38.115289],[13.291853,38.115603],[13.291657,38.115603],[13.291481,38.115586],[13.290824,38.115474],[13.290502,38.115487],[13.290391,38.115508],[13.290239,38.115565],[13.290009,38.115738],[13.289607,38.116183],[13.289461,38.11631],[13.289166,38.116466],[13.28826,38.116895],[13.288148,38.116997],[13.288089,38.117126],[13.28807,38.117245],[13.288086,38.117575],[13.28813,38.117679],[13.288194,38.117765],[13.28829,38.117853],[13.28841,38.11791],[13.288531,38.117945],[13.288701,38.117953],[13.288859,38.117916],[13.289853,38.117526],[13.290229,38.117431],[13.290499,38.117401],[13.291642,38.117431],[13.292333,38.117315],[13.292564,38.117294],[13.293786,38.117332],[13.294701,38.117386],[13.294963,38.117449],[13.295201,38.117525],[13.295742,38.117733],[13.297294,38.11837],[13.297459,38.118422],[13.300026,38.119056],[13.300703,38.119243],[13.301049,38.119315],[13.301368,38.11934],[13.301841,38.119309],[13.302084,38.119328],[13.30233,38.119368],[13.305704,38.120076],[13.306176,38.120471],[13.309104,38.122732],[13.311829,38.12481],[13.313037,38.125834],[13.314139,38.125868],[13.314287,38.125867],[13.314419,38.125847],[13.314887,38.126726],[13.318264,38.126816],[13.318365,38.124134],[13.318243,38.124096],[13.31816,38.12391],[13.318997,38.123681],[13.320253,38.123377],[13.32078,38.123284],[13.32088,38.121974],[13.320965,38.121116],[13.321024,38.120015],[13.322673,38.120053],[13.323514,38.120016],[13.325158,38.119769],[13.327298,38.119509],[13.32847,38.119402],[13.328503,38.118639],[13.328622,38.11755],[13.328905,38.115785],[13.329101,38.114264],[13.329201,38.113179],[13.329489,38.110604],[13.329548,38.11056],[13.329618,38.110546],[13.330047,38.110551],[13.330116,38.110585],[13.329755,38.113025],[13.329614,38.114299],[13.329441,38.115638],[13.329623,38.115597],[13.330015,38.115604],[13.331958,38.115949],[13.331793,38.116776],[13.331698,38.11676],[13.331646,38.11665],[13.331706,38.116387]]},"properties":{"id":"linea-462-1","route_id":"462","numero":"462","nome":"Parcheggio Emiri - Baida","colore":"#775128","tipo":"bus","direzione":1,"da":"Piazza Baida","a":"Parcheggio Degli Emiri","fermate":["1462","790","786","801","802","803","782","795","780","793","1736","1734","1744","1740","707","1786","1784","712","1914","1437","1443","1442","1447","1674","2011","2013","2010","1684","1379"],"lon":13.301368,"lat":38.11934}},{"type":"Feature","geometry":{"type":"LineString","coordinates":[[13.31423,38.139902],[13.314019,38.139308],[13.313786,38.138364],[13.313636,38.137518],[13.31352,38.136255],[13.312093,38.13693],[13.308988,38.138432],[13.308814,38.138496],[13.308537,38.138148],[13.307076,38.137487],[13.306984,38.137381],[13.306434,38.137295],[13.306004,38.13726],[13.305901,38.137337],[13.305532,38.138961],[13.3054,38.139836],[13.305428,38.14],[13.30552,38.140035],[13.305589,38.140181],[13.30555,38.140349],[13.305469,38.140407],[13.305372,38.140361],[13.305331,38.140192],[13.305368,38.14005],[13.305428,38.14],[13.3054,38.139836],[13.305532,38.138961],[13.305901,38.137337],[13.306004,38.13726],[13.306434,38.137295],[13.306984,38.137381],[13.30687,38.136783],[13.306661,38.13629],[13.305948,38.135396],[13.30576,38.135042],[13.305604,38.134914],[13.305601,38.134811],[13.305753,38.134669],[13.30619,38.134024],[13.30764,38.13357],[13.308441,38.13318],[13.308952,38.13312],[13.308996,38.133043],[13.307472,38.132397],[13.306527,38.131969],[13.304132,38.130983],[13.303961,38.130961],[13.303864,38.130993],[13.303741,38.130974],[13.303657,38.130902],[13.303639,38.130842],[13.303674,38.130746],[13.303744,38.130696],[13.303818,38.130678],[13.303933,38.130695],[13.304016,38.130759],[13.304415,38.130942],[13.309265,38.133041],[13.311371,38.13393],[13.312208,38.134257],[13.317598,38.136579],[13.321498,38.137517],[13.323324,38.135469],[13.321423,38.134441],[13.323621,38.132089],[13.32416,38.131521],[13.324839,38.13084],[13.325773,38.129738],[13.327326,38.128153],[13.323173,38.127115],[13.323209,38.126977],[13.326489,38.127822],[13.329178,38.128479],[13.329296,38.128428],[13.329385,38.128407],[13.329624,38.12842],[13.329838,38.128501],[13.330185,38.128676],[13.330304,38.128766],[13.330325,38.128906],[13.330306,38.128984],[13.330125,38.129324],[13.3301,38.129497],[13.330148,38.130002],[13.330541,38.132818],[13.330894,38.132818],[13.330823,38.132393],[13.330767,38.132359],[13.330578,38.13102],[13.330971,38.131014],[13.331071,38.131724]]},"properties":{"id":"linea-513-0","route_id":"513","numero":"513","nome":"John Lennon - San Giovanni Apostolo","colore":"#6E5606","tipo":"bus","direzione":0,"da":"Brunelleschi Vanvitelli","a":"Piazzale John Lennon 513","fermate":["252","251","249","198","199","196","509","2280","2214","337","398","1177","1188","1189","1179","1181","1176","1190","1173","1191","194","2021","2083","2085","2078","2080","2082","985","984","991","1004","1658","1649","1516"],"lon":13.304132,"lat":38.130983}},{"type":"Feature","geometry":{"type":"LineString","coordinates":[[13.331071,38.131724],[13.33113,38.132134],[13.330823,38.132393],[13.330767,38.132359],[13.330578,38.13102],[13.332351,38.130977],[13.333079,38.130734],[13.333314,38.130709],[13.334661,38.131019],[13.33418,38.132399],[13.334034,38.13258],[13.334277,38.132665],[13.336893,38.133255],[13.336223,38.135173],[13.336303,38.135401],[13.33632,38.13552],[13.33627,38.135717],[13.336217,38.135825],[13.335673,38.137584],[13.3353,38.139269],[13.335329,38.139471],[13.335297,38.139637],[13.335226,38.139775],[13.334985,38.140001],[13.334213,38.140845],[13.332555,38.140282],[13.332141,38.140217],[13.331994,38.140224],[13.331853,38.140296],[13.331734,38.140436],[13.331713,38.140553],[13.331674,38.140624],[13.331609,38.140674],[13.331465,38.14074],[13.331376,38.140759],[13.331192,38.140751],[13.331009,38.140673],[13.330948,38.14062],[13.330843,38.140446],[13.330625,38.139946],[13.330509,38.139823],[13.330362,38.139726],[13.330192,38.139663],[13.328689,38.139315],[13.324052,38.138288],[13.322358,38.137831],[13.319853,38.137258],[13.317524,38.136682],[13.315281,38.135758],[13.313911,38.135161],[13.313787,38.13537],[13.313652,38.135749],[13.313578,38.136935],[13.313636,38.137518],[13.313786,38.138364],[13.314019,38.139308],[13.313649,38.139384],[13.31378,38.139864],[13.313948,38.140376],[13.314343,38.140222],[13.31423,38.139902]]},"properties":{"id":"linea-513-1","route_id":"513","numero":"513","nome":"John Lennon - San Giovanni Apostolo","colore":"#6E5606","tipo":"bus","direzione":1,"da":"Piazzale John Lennon 513","a":"Brunelleschi Vanvitelli","fermate":["1516","1523","886","232","1049","2206","971","1184","1185","1183","1172","1175","248","250","252"],"lon":13.331713,"lat":38.140553}},{"type":"Feature","geometry":{"type":"LineString","coordinates":[[13.286567,38.189333],[13.288446,38.188168],[13.288735,38.187969],[13.289293,38.187342],[13.289623,38.18691],[13.288533,38.186278],[13.288483,38.186308],[13.288422,38.186307],[13.288378,38.186277],[13.288365,38.18624],[13.287453,38.186797],[13.28714,38.186908],[13.286989,38.186922],[13.286951,38.18691],[13.286729,38.186464],[13.28664,38.186411],[13.287473,38.186076],[13.287976,38.185824],[13.288293,38.185624],[13.288597,38.185404],[13.28889,38.185163],[13.289128,38.184943],[13.289358,38.184672],[13.289627,38.184284],[13.290883,38.182334],[13.291683,38.18105],[13.292991,38.179064],[13.293958,38.177615],[13.295887,38.174806],[13.29626,38.174303],[13.300436,38.169706],[13.301248,38.168741],[13.301729,38.168305],[13.30231,38.167816],[13.302972,38.167389],[13.305546,38.1653],[13.305928,38.165565],[13.304039,38.167116],[13.304128,38.167251],[13.305725,38.166742],[13.306032,38.166623],[13.306057,38.16655],[13.30611,38.166488],[13.306187,38.166443],[13.306278,38.16642],[13.306373,38.166422],[13.306463,38.166449],[13.307032,38.166221],[13.310096,38.164855],[13.312406,38.163799],[13.312732,38.163638],[13.313278,38.163281],[13.313686,38.162944],[13.314364,38.162266],[13.314817,38.161644],[13.315492,38.16061],[13.315825,38.160191],[13.315999,38.159935],[13.316974,38.158681],[13.319012,38.156143],[13.319892,38.155195],[13.320538,38.154547],[13.323099,38.151879],[13.323227,38.151743],[13.323273,38.151667],[13.323269,38.151609],[13.323233,38.151593],[13.323073,38.151669],[13.322686,38.152],[13.318196,38.155599],[13.317816,38.155336],[13.319895,38.153671],[13.321995,38.15193],[13.324174,38.150214],[13.324733,38.149677],[13.326501,38.147816],[13.328315,38.145978],[13.328609,38.145732],[13.328856,38.145574],[13.329121,38.145372],[13.330018,38.144441],[13.330485,38.143893],[13.330706,38.143562],[13.330909,38.143206],[13.331065,38.142849],[13.331128,38.142367],[13.331161,38.141867],[13.331157,38.141618],[13.331006,38.140912],[13.330843,38.140446],[13.330834,38.140222],[13.33091,38.139718],[13.330923,38.139462],[13.330771,38.138258],[13.330698,38.137875],[13.33058,38.137036],[13.330548,38.136915],[13.330496,38.136217],[13.329989,38.132416],[13.329662,38.130186],[13.32962,38.130064],[13.329557,38.129953],[13.329435,38.129792],[13.329118,38.12953],[13.328982,38.129333],[13.328908,38.129179],[13.328871,38.12903],[13.328869,38.128901],[13.328962,38.128671],[13.329061,38.128551],[13.329192,38.12847],[13.329385,38.128407],[13.329624,38.12842],[13.329838,38.128501],[13.330185,38.128676],[13.330304,38.128766],[13.330325,38.128906],[13.330306,38.128984],[13.330125,38.129324],[13.3301,38.129497],[13.330148,38.130002],[13.330541,38.132818],[13.330894,38.132818],[13.330823,38.132393],[13.330767,38.132359],[13.330578,38.13102],[13.330971,38.131014],[13.331081,38.131799]]},"properties":{"id":"linea-516-0","route_id":"516","numero":"516","nome":"John Lennon - Tommaso Natale","colore":"#4C5861","tipo":"bus","direzione":0,"da":"Piazza Tommaso Natale Stazione Fs","a":"John Lenno 516","fermate":["1504","1502","2281","11","10","13","6","9","7","8","14","2208","926","930","932","937","928","935","1240","2211","1697","1704","1638","1636","1664","1666","1639","1515"],"lon":13.323273,"lat":38.151667}},{"type":"Feature","geometry":{"type":"LineString","coordinates":[[13.331081,38.131799],[13.33113,38.132134],[13.330823,38.132393],[13.330767,38.132359],[13.330578,38.13102],[13.330294,38.13103],[13.330541,38.132818],[13.330603,38.133434],[13.33098,38.136121],[13.331081,38.136705],[13.331247,38.138109],[13.331406,38.138945],[13.331538,38.139413],[13.331547,38.139522],[13.331502,38.140301],[13.331516,38.140583],[13.331598,38.14132],[13.331624,38.141961],[13.331571,38.142345],[13.331463,38.142742],[13.331246,38.143276],[13.33103,38.143664],[13.330787,38.144025],[13.330493,38.14437],[13.329457,38.145488],[13.328803,38.146156],[13.328232,38.146773],[13.32799,38.147124],[13.327424,38.147832],[13.327066,38.148348],[13.326982,38.148526],[13.32696,38.148705],[13.326975,38.148772],[13.326965,38.148907],[13.326868,38.149066],[13.326534,38.149299],[13.325996,38.14962],[13.325403,38.149904],[13.325114,38.15009],[13.324617,38.150478],[13.324334,38.150656],[13.323807,38.151159],[13.322661,38.152322],[13.320538,38.154547],[13.319892,38.155195],[13.319012,38.156143],[13.316974,38.158681],[13.315999,38.159935],[13.315825,38.160191],[13.315492,38.16061],[13.314817,38.161644],[13.314364,38.162266],[13.313686,38.162944],[13.313278,38.163281],[13.312732,38.163638],[13.312406,38.163799],[13.310096,38.164855],[13.307032,38.166221],[13.306702,38.16635],[13.306518,38.166482],[13.306575,38.166542],[13.306603,38.166614],[13.306599,38.166689],[13.306565,38.166759],[13.306516,38.166807],[13.306373,38.166865],[13.306288,38.166868],[13.306207,38.166851],[13.306135,38.166817],[13.306078,38.166767],[13.305904,38.166765],[13.30505,38.167142],[13.304471,38.16743],[13.303831,38.167717],[13.30322,38.168045],[13.302242,38.168664],[13.301317,38.169455],[13.301103,38.169673],[13.300069,38.170776],[13.299578,38.17135],[13.296926,38.174259],[13.296398,38.174918],[13.295638,38.175979],[13.293638,38.178955],[13.290735,38.183453],[13.290363,38.184049],[13.289728,38.185189],[13.289542,38.185443],[13.28941,38.185579],[13.289249,38.185713],[13.288619,38.186142],[13.288545,38.18623],[13.288533,38.186278],[13.289623,38.18691],[13.289293,38.187342],[13.288735,38.187969],[13.288446,38.188168],[13.286426,38.189423],[13.286045,38.189711],[13.286278,38.189919],[13.28607,38.190081],[13.28583,38.189929],[13.286045,38.189711],[13.286426,38.189423],[13.286567,38.189333]]},"properties":{"id":"linea-516-1","route_id":"516","numero":"516","nome":"John Lennon - Tommaso Natale","colore":"#4C5861","tipo":"bus","direzione":1,"da":"John Lenno 516","a":"Piazza Tommaso Natale Stazione Fs","fermate":["1515","1523","1649","1685","1692","1654","1238","1239","933","927","924","936","931","929","925","16","17","15","18","19","20","2042","1501","1503","1504"],"lon":13.313686,"lat":38.162944}},{"type":"Feature","geometry":{"type":"LineString","coordinates":[[13.314942,38.15343],[13.314923,38.153434],[13.314902,38.153347],[13.315065,38.153311],[13.31524,38.153304],[13.315216,38.153391],[13.315229,38.153502],[13.315299,38.15359],[13.317054,38.154794],[13.317816,38.155336],[13.319895,38.153671],[13.321995,38.15193],[13.324174,38.150214],[13.324733,38.149677],[13.324943,38.149521],[13.325249,38.149322],[13.325666,38.149087],[13.325805,38.148947],[13.326095,38.148562],[13.326185,38.148496],[13.326292,38.14845],[13.326462,38.148426],[13.326645,38.148455],[13.326806,38.14853],[13.326927,38.148641],[13.326975,38.148772],[13.326965,38.148907],[13.327025,38.149035],[13.327164,38.149199],[13.328796,38.150199],[13.328996,38.15029],[13.329687,38.14918],[13.330423,38.148092],[13.331627,38.146111],[13.332442,38.144832],[13.332424,38.14473],[13.331908,38.143249],[13.331932,38.143155],[13.333317,38.141655],[13.334145,38.140823],[13.334066,38.140797],[13.33513,38.139716],[13.335175,38.139622],[13.335209,38.139461],[13.3353,38.139269],[13.335673,38.137584],[13.336217,38.135825],[13.336209,38.135724],[13.336166,38.135676],[13.336061,38.135611],[13.336023,38.135565],[13.336018,38.135519],[13.33614,38.135286],[13.336223,38.135173],[13.336893,38.133255],[13.334277,38.132665],[13.334034,38.13258],[13.333971,38.132356],[13.33447,38.130976],[13.333314,38.130709],[13.333079,38.130734],[13.332351,38.130977],[13.330971,38.131014],[13.331063,38.131672]]},"properties":{"id":"linea-529-0","route_id":"529","numero":"529","nome":"John Lennon - Ospedale Cervello","colore":"#AE025B","tipo":"bus","direzione":0,"da":"Ospedale Cervello","a":"Piazzale John Lennon 529","fermate":["1326","2056","1697","1704","1638","1233","2385","1237","102","104","2207","1050","1602","233","851","887","1518"],"lon":13.330423,"lat":38.148092}},{"type":"Feature","geometry":{"type":"LineString","coordinates":[[13.331063,38.131672],[13.33113,38.132134],[13.330823,38.132393],[13.330767,38.132359],[13.330578,38.13102],[13.332351,38.130977],[13.333079,38.130734],[13.333314,38.130709],[13.334661,38.131019],[13.33418,38.132399],[13.334034,38.13258],[13.334277,38.132665],[13.336893,38.133255],[13.336223,38.135173],[13.336303,38.135401],[13.33632,38.13552],[13.33627,38.135717],[13.336217,38.135825],[13.335673,38.137584],[13.3353,38.139269],[13.335329,38.139471],[13.335297,38.139637],[13.335226,38.139775],[13.334985,38.140001],[13.334213,38.140845],[13.332555,38.140282],[13.332141,38.140217],[13.331994,38.140224],[13.331853,38.140296],[13.331734,38.140436],[13.331713,38.140553],[13.331674,38.140624],[13.331609,38.140674],[13.331465,38.14074],[13.331284,38.140762],[13.331106,38.140724],[13.331009,38.140673],[13.330948,38.14062],[13.330843,38.140446],[13.330625,38.139946],[13.330509,38.139823],[13.330362,38.139726],[13.330192,38.139663],[13.328525,38.139279],[13.32784,38.140214],[13.327326,38.140666],[13.326989,38.1409],[13.325871,38.141552],[13.325544,38.141715],[13.323575,38.142272],[13.322703,38.142534],[13.321404,38.142826],[13.321112,38.142914],[13.31983,38.143362],[13.319837,38.143376],[13.31983,38.143362],[13.319339,38.143532],[13.318889,38.143733],[13.317883,38.144247],[13.317592,38.144373],[13.316325,38.144852],[13.316062,38.144938],[13.315827,38.144983],[13.315363,38.145011],[13.315474,38.145436],[13.315658,38.14597],[13.315674,38.146112],[13.315624,38.146845],[13.315577,38.147167],[13.3154,38.147881],[13.315377,38.148131],[13.315397,38.148621],[13.315461,38.149003],[13.315494,38.149545],[13.315471,38.149552],[13.315494,38.149545],[13.315564,38.150534],[13.315411,38.152534],[13.315357,38.152877],[13.315216,38.153391],[13.315073,38.153402],[13.314942,38.15343]]},"properties":{"id":"linea-529-1","route_id":"529","numero":"529","nome":"John Lennon - Ospedale Cervello","colore":"#AE025B","tipo":"bus","direzione":1,"da":"Piazzale John Lennon 529","a":"Ospedale Cervello","fermate":["1518","1523","886","232","1049","2206","971","1903","570","568","571","569","572","573","1477","2057","2054","2055","2059","1326"],"lon":13.330362,"lat":38.139726}},{"type":"Feature","geometry":{"type":"LineString","coordinates":[[13.331054,38.131609],[13.33113,38.132134],[13.330823,38.132393],[13.330767,38.132359],[13.330578,38.13102],[13.332351,38.130977],[13.333079,38.130734],[13.333314,38.130709],[13.33447,38.130976],[13.334834,38.129976],[13.333721,38.129712],[13.330793,38.128981],[13.330689,38.128972],[13.330595,38.128983],[13.330423,38.129038],[13.330235,38.129126],[13.329897,38.129393],[13.329766,38.129454],[13.329621,38.12949],[13.329453,38.129497],[13.329261,38.129465],[13.329114,38.129417],[13.328982,38.129333],[13.328908,38.129179],[13.328871,38.12903],[13.328869,38.128901],[13.328775,38.128699],[13.328657,38.128575],[13.328462,38.128464],[13.328308,38.12841],[13.327326,38.128153],[13.323173,38.127115],[13.322408,38.127038],[13.307397,38.126635],[13.306751,38.126569],[13.305564,38.126355],[13.303543,38.126042],[13.303146,38.126005],[13.302915,38.126029],[13.302785,38.126088],[13.302586,38.126114],[13.302423,38.126113],[13.302249,38.126083],[13.302037,38.125999],[13.301939,38.125948],[13.30187,38.125805],[13.301869,38.125703],[13.301932,38.125602],[13.302035,38.125549],[13.302152,38.125518],[13.302335,38.125509],[13.302477,38.125518],[13.302741,38.125583],[13.303334,38.125859],[13.303698,38.125946],[13.304033,38.126013],[13.306772,38.126448],[13.307405,38.12652],[13.313098,38.126666],[13.315641,38.126752],[13.318264,38.126816],[13.318365,38.124134],[13.318243,38.124096],[13.31816,38.12391],[13.318021,38.123947],[13.317844,38.124021],[13.316782,38.124566],[13.315594,38.125083],[13.315226,38.125301],[13.314701,38.12568],[13.314419,38.125847],[13.314287,38.125867],[13.314139,38.125868],[13.313037,38.125834],[13.311829,38.12481],[13.309104,38.122732],[13.306176,38.120471],[13.305704,38.120076],[13.30233,38.119368],[13.302084,38.119328],[13.301841,38.119309],[13.301368,38.11934],[13.301049,38.119315],[13.300703,38.119243],[13.300026,38.119056],[13.297459,38.118422],[13.297294,38.11837],[13.295742,38.117733],[13.295201,38.117525],[13.294963,38.117449],[13.294701,38.117386],[13.293786,38.117332],[13.292564,38.117294],[13.292333,38.117315],[13.291642,38.117431],[13.290499,38.117401],[13.290229,38.117431],[13.289853,38.117526],[13.288859,38.117916],[13.288701,38.117953],[13.288531,38.117945],[13.28841,38.11791],[13.28829,38.117853],[13.288194,38.117765],[13.28813,38.117679],[13.288086,38.117575],[13.28807,38.117245],[13.288089,38.117126],[13.288148,38.116997],[13.28826,38.116895],[13.289166,38.116466],[13.289461,38.11631],[13.289607,38.116183],[13.290009,38.115738],[13.290239,38.115565],[13.290391,38.115508],[13.290502,38.115487],[13.290824,38.115474],[13.291481,38.115586],[13.291657,38.115603],[13.291853,38.115603],[13.293744,38.115289],[13.293925,38.115222],[13.29407,38.115131],[13.294996,38.114394],[13.295162,38.114313],[13.295378,38.114247],[13.295788,38.114187],[13.296156,38.11417]]},"properties":{"id":"linea-534-0","route_id":"534","numero":"534","nome":"John Lennon - Baida","colore":"#3A4D84","tipo":"bus","direzione":0,"da":"Piazzale John Lennon 534","a":"Piazza Baida","fermate":["1519","1523","886","850","988","994","984","1002","997","995","1003","986","1786","1784","709","706","1739","1743","1733","1735","791","792","779","794","781","796","797","798","785","789","1462"],"lon":13.318021,"lat":38.123947}},{"type":"Feature","geometry":{"type":"LineString","coordinates":[[13.296156,38.11417],[13.295788,38.114187],[13.295378,38.114247],[13.295162,38.114313],[13.294996,38.114394],[13.29407,38.115131],[13.293925,38.115222],[13.293744,38.115289],[13.291853,38.115603],[13.291657,38.115603],[13.291481,38.115586],[13.290824,38.115474],[13.290502,38.115487],[13.290391,38.115508],[13.290239,38.115565],[13.290009,38.115738],[13.289607,38.116183],[13.289461,38.11631],[13.289166,38.116466],[13.28826,38.116895],[13.288148,38.116997],[13.288089,38.117126],[13.28807,38.117245],[13.288086,38.117575],[13.28813,38.117679],[13.288194,38.117765],[13.28829,38.117853],[13.28841,38.11791],[13.288531,38.117945],[13.288701,38.117953],[13.288859,38.117916],[13.289853,38.117526],[13.290229,38.117431],[13.290499,38.117401],[13.291642,38.117431],[13.292333,38.117315],[13.292564,38.117294],[13.293786,38.117332],[13.294701,38.117386],[13.294963,38.117449],[13.295201,38.117525],[13.295742,38.117733],[13.297294,38.11837],[13.297459,38.118422],[13.297856,38.118512],[13.298302,38.119353],[13.298479,38.119724],[13.298597,38.120088],[13.298592,38.120272],[13.298531,38.120517],[13.298464,38.12065],[13.2974,38.121979],[13.297212,38.122284],[13.297134,38.122523],[13.297092,38.122888],[13.297139,38.123109],[13.297238,38.123391],[13.297369,38.123595],[13.297597,38.123869],[13.297925,38.12411],[13.298189,38.124234],[13.298781,38.124398],[13.299171,38.124438],[13.300521,38.124488],[13.300389,38.125641],[13.301431,38.125676],[13.301713,38.125556],[13.302052,38.125362],[13.302316,38.125153],[13.302448,38.125015],[13.302831,38.124153],[13.303172,38.123697],[13.306176,38.120471],[13.309104,38.122732],[13.311829,38.12481],[13.313037,38.125834],[13.314139,38.125868],[13.314287,38.125867],[13.314419,38.125847],[13.314887,38.126726],[13.318264,38.126816],[13.318365,38.124134],[13.318243,38.124096],[13.31816,38.12391],[13.318997,38.123681],[13.320253,38.123377],[13.321262,38.123195],[13.322941,38.123008],[13.32474,38.122852],[13.327023,38.122708],[13.327932,38.1226],[13.32876,38.122462],[13.328617,38.121102],[13.328494,38.120184],[13.328465,38.119508],[13.328503,38.118639],[13.328622,38.11755],[13.328905,38.115785],[13.329101,38.114264],[13.329201,38.113179],[13.329489,38.110604],[13.329548,38.11056],[13.329618,38.110546],[13.330047,38.110551],[13.330116,38.110585],[13.329755,38.113025],[13.329614,38.114299],[13.329441,38.115638],[13.32933,38.116321],[13.329147,38.11777],[13.329009,38.118691],[13.32897,38.119203],[13.328988,38.119764],[13.329193,38.121741],[13.329459,38.123843],[13.329685,38.126004],[13.329574,38.126356],[13.329916,38.129402],[13.330163,38.131313],[13.33038,38.131655],[13.330541,38.132818],[13.330894,38.132818],[13.330823,38.132393],[13.330767,38.132359],[13.330578,38.13102],[13.330971,38.131014],[13.331054,38.131609]]},"properties":{"id":"linea-534-1","route_id":"534","numero":"534","nome":"John Lennon - Baida","colore":"#3A4D84","tipo":"bus","direzione":1,"da":"Piazza Baida","a":"Piazzale John Lennon 534","fermate":["1462","790","786","801","802","803","782","795","780","29","28","30","367","1908","1906","1736","1734","1744","1740","707","1786","1784","712","2249","2250","1665","1676","1674","2011","2013","2010","1684","1673","1675","1660","1655","1667","1649","1519"],"lon":13.300521,"lat":38.124488}},{"type":"Feature","geometry":{"type":"LineString","coordinates":[[13.331047,38.131553],[13.33113,38.132134],[13.330823,38.132393],[13.330767,38.132359],[13.330578,38.13102],[13.332351,38.130977],[13.333079,38.130734],[13.333314,38.130709],[13.334661,38.131019],[13.33418,38.132399],[13.334034,38.13258],[13.334277,38.132665],[13.336893,38.133255],[13.336223,38.135173],[13.336303,38.135401],[13.33632,38.13552],[13.33627,38.135717],[13.336217,38.135825],[13.335673,38.137584],[13.3353,38.139269],[13.335329,38.139471],[13.335297,38.139637],[13.335226,38.139775],[13.334985,38.140001],[13.334213,38.140845],[13.334145,38.140823],[13.333317,38.141655],[13.331932,38.143155],[13.331908,38.143249],[13.332424,38.14473],[13.332442,38.144832],[13.331627,38.146111],[13.330423,38.148092],[13.329687,38.14918],[13.328996,38.15029],[13.329711,38.150746],[13.331341,38.151737],[13.330868,38.152287],[13.330408,38.152787],[13.326694,38.156606],[13.326419,38.156925],[13.325382,38.158007],[13.324612,38.158778],[13.323532,38.159971],[13.322453,38.161227],[13.321148,38.162711],[13.320927,38.162985],[13.320716,38.163175],[13.320171,38.163595],[13.319681,38.163906],[13.319194,38.164146],[13.318956,38.164328],[13.319898,38.16521],[13.320167,38.165514],[13.320363,38.165781],[13.320536,38.166122],[13.321023,38.167403],[13.321204,38.167815],[13.321448,38.168115],[13.321766,38.168364],[13.323799,38.169707],[13.324257,38.169854],[13.327781,38.170678],[13.327132,38.172392],[13.327519,38.17262],[13.328429,38.172973],[13.331843,38.174208],[13.334218,38.175113],[13.335671,38.175635],[13.335807,38.175725],[13.335905,38.175847],[13.336103,38.176193],[13.336157,38.176227],[13.336227,38.176243],[13.336062,38.176699],[13.335888,38.177115],[13.335339,38.178613],[13.335057,38.179294],[13.334717,38.180245],[13.334454,38.180874],[13.334272,38.181402],[13.334125,38.18198],[13.333982,38.182669],[13.333804,38.183821],[13.333677,38.184808],[13.333522,38.185689],[13.333337,38.186986],[13.333217,38.187688],[13.333043,38.189165],[13.332977,38.189277],[13.332853,38.190143],[13.332625,38.191446],[13.331908,38.196097],[13.331849,38.19656],[13.332071,38.196825],[13.332141,38.196951],[13.331426,38.197234],[13.331349,38.197058],[13.331369,38.196818],[13.329661,38.19734],[13.326934,38.199789],[13.326409,38.200446],[13.326074,38.200981],[13.325905,38.201176],[13.325662,38.201257],[13.325354,38.20143],[13.32507,38.201687],[13.32496,38.201885],[13.324891,38.202216],[13.324911,38.20248],[13.324975,38.202652],[13.324626,38.203219],[13.324361,38.203695],[13.324262,38.20404],[13.324013,38.205644],[13.324583,38.205847]]},"properties":{"id":"linea-544-0","route_id":"544","numero":"544","nome":"John Lennon - Mondello","colore":"#645809","tipo":"bus","direzione":0,"da":"Piazzale John Lennon 544","a":"Nodo Teti","fermate":["1521","1523","886","232","1049","2206","103","701","1234","1231","187","1991","1995","1989","1999","2000","2005","2002","2008","1721","1713","1717","1719","1715","741","1123","1118","1120","1111","1109","1101","2325","2326","2327","2328","2329","2338","2323"],"lon":13.321448,"lat":38.168115}},{"type":"Feature","geometry":{"type":"LineString","coordinates":[[13.324583,38.205847],[13.324984,38.20599],[13.325081,38.205964],[13.325145,38.206135],[13.325369,38.206498],[13.325463,38.206604],[13.325238,38.206595],[13.324558,38.206383],[13.323668,38.205868],[13.323377,38.205666],[13.323096,38.20541],[13.323361,38.203648],[13.323374,38.203425],[13.323537,38.20229],[13.323603,38.201656],[13.323716,38.20138],[13.323868,38.201127],[13.324688,38.201565],[13.32507,38.201687],[13.325354,38.20143],[13.325662,38.201257],[13.325905,38.201176],[13.326074,38.200981],[13.326409,38.200446],[13.326934,38.199789],[13.329661,38.19734],[13.331698,38.196706],[13.331849,38.19656],[13.331908,38.196097],[13.332625,38.191446],[13.332781,38.190568],[13.332675,38.190555],[13.332442,38.190317],[13.332389,38.190227],[13.332373,38.190137],[13.332413,38.190033],[13.332771,38.189648],[13.332919,38.189657],[13.332977,38.189277],[13.33292,38.189144],[13.33295,38.188771],[13.333058,38.187983],[13.333256,38.186649],[13.333545,38.185009],[13.333588,38.184568],[13.33382,38.182991],[13.333944,38.182362],[13.334137,38.181621],[13.334516,38.180424],[13.334848,38.179525],[13.335188,38.178717],[13.336157,38.176227],[13.336103,38.176193],[13.335905,38.175847],[13.335807,38.175725],[13.335671,38.175635],[13.334218,38.175113],[13.331843,38.174208],[13.328429,38.172973],[13.327519,38.17262],[13.327132,38.172392],[13.327781,38.170678],[13.324257,38.169854],[13.323799,38.169707],[13.321766,38.168364],[13.321448,38.168115],[13.321204,38.167815],[13.321023,38.167403],[13.320536,38.166122],[13.320363,38.165781],[13.320167,38.165514],[13.319898,38.16521],[13.318956,38.164328],[13.318785,38.164467],[13.318669,38.164469],[13.318596,38.164431],[13.318558,38.164352],[13.318616,38.164262],[13.318746,38.164184],[13.319373,38.16388],[13.319974,38.163543],[13.320338,38.163313],[13.320702,38.163067],[13.321148,38.162711],[13.322453,38.161227],[13.323532,38.159971],[13.324612,38.158778],[13.325382,38.158007],[13.326419,38.156925],[13.326694,38.156606],[13.330408,38.152787],[13.331262,38.151835],[13.331381,38.151679],[13.332923,38.149107],[13.330423,38.148092],[13.331627,38.146111],[13.332442,38.144832],[13.332424,38.14473],[13.331908,38.143249],[13.331932,38.143155],[13.333317,38.141655],[13.334145,38.140823],[13.334066,38.140797],[13.33513,38.139716],[13.335175,38.139622],[13.335209,38.139461],[13.3353,38.139269],[13.335673,38.137584],[13.336217,38.135825],[13.336209,38.135724],[13.336166,38.135676],[13.336061,38.135611],[13.336023,38.135565],[13.336018,38.135519],[13.33614,38.135286],[13.336223,38.135173],[13.336893,38.133255],[13.334277,38.132665],[13.334034,38.13258],[13.333971,38.132356],[13.33447,38.130976],[13.333314,38.130709],[13.333079,38.130734],[13.332351,38.130977],[13.330971,38.131014],[13.331047,38.131553]]},"properties":{"id":"linea-544-1","route_id":"544","numero":"544","nome":"John Lennon - Mondello","colore":"#645809","tipo":"bus","direzione":1,"da":"Nodo Teti","a":"Piazzale John Lennon 544","fermate":["2323","1208","2324","1604","1603","1606","1607","1104","1110","1112","1121","1119","1122","742","1716","1720","1718","1714","1722","2114","2003","2004","2006","2001","2007","1990","1996","1992","1994","1998","606","1237","102","104","2207","1050","1602","233","851","887","1521"],"lon":13.323799,"lat":38.169707}},{"type":"Feature","geometry":{"type":"LineString","coordinates":[[13.324583,38.205847],[13.324984,38.20599],[13.325081,38.205964],[13.325145,38.206135],[13.325369,38.206498],[13.325463,38.206604],[13.325238,38.206595],[13.324558,38.206383],[13.323668,38.205868],[13.323377,38.205666],[13.323096,38.20541],[13.323361,38.203648],[13.323374,38.203425],[13.323537,38.20229],[13.323603,38.201656],[13.323716,38.20138],[13.323868,38.201127],[13.324688,38.201565],[13.32507,38.201687],[13.325354,38.20143],[13.325662,38.201257],[13.325905,38.201176],[13.326074,38.200981],[13.326409,38.200446],[13.326934,38.199789],[13.329661,38.19734],[13.331698,38.196706],[13.331849,38.19656],[13.331908,38.196097],[13.333121,38.195642],[13.333819,38.195423],[13.334157,38.195414],[13.337002,38.195664],[13.337925,38.195767],[13.33852,38.195788],[13.338786,38.195766],[13.339057,38.19571],[13.339376,38.19557],[13.339555,38.195449],[13.339734,38.195245],[13.339858,38.195017],[13.339919,38.19477],[13.340046,38.194415],[13.340218,38.193807],[13.340316,38.193637],[13.340451,38.193494],[13.344523,38.190804],[13.346102,38.189796],[13.346572,38.189467],[13.347074,38.189172],[13.347302,38.189058],[13.347717,38.188975],[13.348999,38.188828],[13.349919,38.188764],[13.350915,38.188645],[13.351566,38.188618],[13.352017,38.188651],[13.352562,38.188793],[13.354165,38.189396],[13.354843,38.189852],[13.355925,38.190732],[13.356181,38.190965],[13.356573,38.191227],[13.356975,38.191371],[13.35749,38.191346],[13.357741,38.191288],[13.358042,38.191134],[13.358275,38.190951],[13.360178,38.187444],[13.360685,38.186777],[13.361921,38.185543],[13.36354,38.183997],[13.364202,38.183341],[13.365078,38.181867],[13.365261,38.181421],[13.365484,38.180744],[13.365849,38.179826],[13.366055,38.179184],[13.366155,38.178765],[13.366187,38.178399],[13.3661,38.177925],[13.366027,38.177706],[13.365977,38.177438],[13.366004,38.176358],[13.366064,38.175562],[13.366096,38.174425],[13.365972,38.17243],[13.366022,38.172061],[13.366721,38.170651],[13.366698,38.170088],[13.366557,38.169109],[13.366438,38.168506],[13.365913,38.166192],[13.365845,38.165851],[13.365813,38.165568],[13.36594,38.165385],[13.366202,38.165271],[13.366553,38.165315],[13.367446,38.165516],[13.367665,38.165521],[13.368892,38.165407],[13.369038,38.165329],[13.369165,38.16519],[13.369449,38.164424],[13.369796,38.163591],[13.370357,38.162433],[13.371229,38.160535],[13.37153,38.159968],[13.371664,38.159644],[13.371648,38.159556],[13.37113,38.158676],[13.371061,38.158483],[13.370973,38.157865],[13.370727,38.156456],[13.370535,38.155146],[13.370553,38.154461],[13.370603,38.153822],[13.370641,38.152268],[13.370674,38.152029],[13.370708,38.150977],[13.370786,38.149943],[13.370813,38.148673],[13.370791,38.148264],[13.369891,38.145536],[13.369659,38.145176],[13.369558,38.145061],[13.369462,38.145012],[13.369284,38.144966],[13.369113,38.144964],[13.368956,38.144981],[13.368308,38.145289],[13.368149,38.145333],[13.368012,38.145301],[13.367908,38.145202],[13.367864,38.145086],[13.36801,38.144634],[13.368042,38.144422],[13.367964,38.1444],[13.367817,38.144375],[13.367149,38.144327],[13.366312,38.144283],[13.365821,38.144293],[13.365281,38.144247],[13.363842,38.144073],[13.361929,38.143806],[13.360304,38.143612],[13.360154,38.14451],[13.360267,38.146076],[13.360499,38.148793],[13.359124,38.148446],[13.357998,38.148236],[13.357695,38.148199],[13.357472,38.148245],[13.357406,38.148233],[13.357349,38.148194],[13.357326,38.148157],[13.357215,38.148085],[13.357109,38.148042],[13.354863,38.147668],[13.354548,38.147586],[13.354029,38.147419],[13.353523,38.147288],[13.353053,38.147125],[13.352988,38.14708],[13.346457,38.144931],[13.346275,38.14486],[13.344798,38.146077],[13.344696,38.146212],[13.344526,38.146377],[13.344154,38.146683],[13.343948,38.146915],[13.343528,38.147877],[13.343425,38.147992],[13.341916,38.150723],[13.341519,38.151372],[13.340938,38.15221],[13.340111,38.151881]]},"properties":{"id":"linea-603-0","route_id":"603","numero":"603","nome":"Stadio - Mondello","colore":"#981A59","tipo":"bus","direzione":0,"da":"Nodo Teti","a":"Cassara'","fermate":["2323","1208","2324","1604","1603","1606","1607","703","705","541","529","543","539","533","523","535","531","548","537","557","558","549","550","526","545","1466","2113","1777","1778","1779","1362","1366","1370","1364","1360","1368","94","86","92","88","2399","2398","2395","918","905","910","907","1006","819","817","339"],"lon":13.366721,"lat":38.170651}},{"type":"Feature","geometry":{"type":"LineString","coordinates":[[13.340111,38.151881],[13.339882,38.15179],[13.339723,38.151778],[13.339415,38.151798],[13.339274,38.151824],[13.339212,38.151819],[13.33901,38.151727],[13.338872,38.151691],[13.338599,38.151765],[13.338506,38.151733],[13.338356,38.151741],[13.338232,38.151723],[13.338117,38.151683],[13.338017,38.151624],[13.337936,38.151548],[13.337685,38.151186],[13.337618,38.15113],[13.337327,38.151016],[13.336936,38.150832],[13.336923,38.150786],[13.33694,38.150734],[13.336983,38.150701],[13.337023,38.150684],[13.337091,38.150683],[13.33755,38.150826],[13.337838,38.150934],[13.337928,38.150941],[13.338049,38.150908],[13.338179,38.150917],[13.338295,38.150888],[13.338519,38.150894],[13.338673,38.150784],[13.338754,38.150694],[13.340571,38.147881],[13.341868,38.145913],[13.341925,38.145935],[13.341785,38.145866],[13.341717,38.145806],[13.341668,38.145736],[13.341635,38.145578],[13.341691,38.145424],[13.34175,38.145359],[13.341843,38.145297],[13.341952,38.145256],[13.342072,38.145239],[13.342192,38.145247],[13.342306,38.14528],[13.342417,38.145345],[13.342526,38.145483],[13.34255,38.1456],[13.34252,38.145727],[13.342436,38.145838],[13.343838,38.146734],[13.344798,38.146077],[13.346275,38.14486],[13.346457,38.144931],[13.352988,38.14708],[13.353164,38.147094],[13.353476,38.147075],[13.353554,38.147041],[13.353599,38.147038],[13.35369,38.146982],[13.353909,38.146744],[13.354326,38.146184],[13.356898,38.143063],[13.357214,38.143178],[13.357571,38.143244],[13.357402,38.144104],[13.356919,38.147075],[13.356913,38.147245],[13.357044,38.147492],[13.357283,38.147797],[13.357481,38.148008],[13.357552,38.148026],[13.357591,38.148052],[13.357695,38.148199],[13.357998,38.148236],[13.359124,38.148446],[13.360499,38.148793],[13.360267,38.146076],[13.360156,38.144433],[13.360304,38.143612],[13.360725,38.143659],[13.360304,38.143612],[13.361929,38.143806],[13.363842,38.144073],[13.365281,38.144247],[13.365821,38.144293],[13.366312,38.144283],[13.367149,38.144327],[13.367817,38.144375],[13.367964,38.1444],[13.368042,38.144422],[13.36801,38.144634],[13.367864,38.145086],[13.367908,38.145202],[13.368012,38.145301],[13.368149,38.145333],[13.368308,38.145289],[13.368956,38.144981],[13.369113,38.144964],[13.369284,38.144966],[13.369462,38.145012],[13.369558,38.145061],[13.369659,38.145176],[13.369891,38.145536],[13.370791,38.148264],[13.370813,38.148673],[13.370786,38.149943],[13.370708,38.150977],[13.370674,38.152029],[13.370641,38.152268],[13.370603,38.153822],[13.370553,38.154461],[13.370535,38.155146],[13.370727,38.156456],[13.370973,38.157865],[13.371061,38.158483],[13.37113,38.158676],[13.371648,38.159556],[13.371664,38.159644],[13.37153,38.159968],[13.371229,38.160535],[13.370357,38.162433],[13.369796,38.163591],[13.369449,38.164424],[13.369165,38.16519],[13.369038,38.165329],[13.368892,38.165407],[13.367665,38.165521],[13.367446,38.165516],[13.366553,38.165315],[13.366202,38.165271],[13.36594,38.165385],[13.365813,38.165568],[13.365845,38.165851],[13.365913,38.166192],[13.366438,38.168506],[13.366557,38.169109],[13.366698,38.170088],[13.366721,38.170651],[13.366022,38.172061],[13.365972,38.17243],[13.366096,38.174425],[13.366064,38.175562],[13.366004,38.176358],[13.365977,38.177438],[13.366027,38.177706],[13.3661,38.177925],[13.366187,38.178399],[13.366155,38.178765],[13.366055,38.179184],[13.365849,38.179826],[13.365484,38.180744],[13.365261,38.181421],[13.365078,38.181867],[13.364202,38.183341],[13.36354,38.183997],[13.361921,38.185543],[13.360685,38.186777],[13.360178,38.187444],[13.358275,38.190951],[13.358042,38.191134],[13.357741,38.191288],[13.35749,38.191346],[13.356975,38.191371],[13.356573,38.191227],[13.356181,38.190965],[13.355925,38.190732],[13.354843,38.189852],[13.354165,38.189396],[13.352562,38.188793],[13.352017,38.188651],[13.351566,38.188618],[13.350915,38.188645],[13.349919,38.188764],[13.348999,38.188828],[13.347717,38.188975],[13.347302,38.189058],[13.347074,38.189172],[13.346572,38.189467],[13.346102,38.189796],[13.344523,38.190804],[13.340451,38.193494],[13.340316,38.193637],[13.340218,38.193807],[13.340046,38.194415],[13.339919,38.19477],[13.339858,38.195017],[13.339734,38.195245],[13.339555,38.195449],[13.339376,38.19557],[13.339057,38.19571],[13.338786,38.195766],[13.33852,38.195788],[13.337925,38.195767],[13.337002,38.195664],[13.334157,38.195414],[13.333819,38.195423],[13.333121,38.195642],[13.331986,38.196063],[13.331902,38.19663],[13.332071,38.196825],[13.332141,38.196951],[13.331426,38.197234],[13.331349,38.197058],[13.331369,38.196818],[13.329661,38.19734],[13.326934,38.199789],[13.326409,38.200446],[13.326074,38.200981],[13.325905,38.201176],[13.325662,38.201257],[13.325354,38.20143],[13.32507,38.201687],[13.32496,38.201885],[13.324891,38.202216],[13.324911,38.20248],[13.324975,38.202652],[13.324626,38.203219],[13.324361,38.203695],[13.324262,38.20404],[13.324013,38.205644],[13.324583,38.205847]]},"properties":{"id":"linea-603-1","route_id":"603","numero":"603","nome":"Stadio - Mondello","colore":"#981A59","tipo":"bus","direzione":1,"da":"Cassara'","a":"Nodo Teti","fermate":["339","1723","560","566","562","564","132","1007","906","908","909","904","1866","1865","1613","1615","2394","2396","2397","87","91","85","93","1371","1367","1359","1363","1369","1365","1361","1774","1775","1776","1465","547","527","555","554","553","552","538","551","532","536","524","534","540","544","530","542","702","704","2325","2326","2327","2328","2329","2338","2323"],"lon":13.370603,"lat":38.153822}},{"type":"Feature","geometry":{"type":"LineString","coordinates":[[13.327955,38.210427],[13.327792,38.210346],[13.327737,38.210235],[13.327653,38.210193],[13.327429,38.210009],[13.327077,38.209686],[13.327018,38.209568],[13.327001,38.209494],[13.32702,38.209291],[13.327522,38.208423],[13.327455,38.208314],[13.326738,38.207852],[13.326364,38.207706],[13.32601,38.20765],[13.325877,38.207601],[13.325672,38.207364],[13.324769,38.206618],[13.324558,38.206383],[13.323668,38.205868],[13.323377,38.205666],[13.323096,38.20541],[13.323361,38.203648],[13.323374,38.203425],[13.323537,38.20229],[13.323603,38.201656],[13.323716,38.20138],[13.323868,38.201127],[13.324688,38.201565],[13.32507,38.201687],[13.325354,38.20143],[13.325662,38.201257],[13.325905,38.201176],[13.326074,38.200981],[13.326409,38.200446],[13.326934,38.199789],[13.329661,38.19734],[13.331698,38.196706],[13.331849,38.19656],[13.331908,38.196097],[13.332625,38.191446],[13.332781,38.190568],[13.332675,38.190555],[13.332442,38.190317],[13.332389,38.190227],[13.332373,38.190137],[13.332413,38.190033],[13.332771,38.189648],[13.332919,38.189657],[13.332977,38.189277],[13.33292,38.189144],[13.33295,38.188771],[13.333058,38.187983],[13.333256,38.186649],[13.333545,38.185009],[13.333588,38.184568],[13.33382,38.182991],[13.333944,38.182362],[13.334137,38.181621],[13.334516,38.180424],[13.334848,38.179525],[13.335188,38.178717],[13.336157,38.176227],[13.336962,38.174005],[13.33714,38.173472],[13.337492,38.172618],[13.337703,38.172017],[13.337979,38.171415],[13.338498,38.170166],[13.338522,38.170058],[13.338508,38.169967],[13.338466,38.169888],[13.338391,38.169805],[13.337851,38.169425],[13.337527,38.169261],[13.33584,38.168568],[13.335691,38.168401],[13.335636,38.16823],[13.335632,38.168103],[13.33567,38.168017],[13.336035,38.167459],[13.336916,38.166298],[13.337701,38.165213],[13.338002,38.164769],[13.338334,38.164344],[13.338524,38.164043],[13.339339,38.162952],[13.340039,38.162062],[13.34034,38.16163],[13.341071,38.160685],[13.342876,38.158166],[13.345949,38.154051],[13.346731,38.152969],[13.348622,38.150419],[13.348596,38.150299],[13.348541,38.150181],[13.348436,38.15008],[13.347909,38.149703],[13.34559,38.148126],[13.344822,38.147639],[13.34419,38.147265],[13.343838,38.147158],[13.343699,38.147064],[13.343706,38.146833],[13.343671,38.146761],[13.343461,38.146571],[13.342385,38.145876],[13.34229,38.145924],[13.342171,38.145954],[13.342047,38.145958],[13.341925,38.145935],[13.338833,38.150727],[13.338797,38.150811],[13.338797,38.151022],[13.338872,38.151103],[13.338912,38.151176],[13.33894,38.151294],[13.338925,38.151414],[13.33888,38.151509],[13.338774,38.151621],[13.33865,38.151692],[13.338506,38.151733],[13.338356,38.151741],[13.338202,38.15182],[13.338109,38.151889],[13.337052,38.153533],[13.337054,38.153627],[13.336974,38.153696],[13.336915,38.153708],[13.336999,38.153796],[13.338142,38.154588],[13.339019,38.154994],[13.340063,38.153546],[13.340938,38.15221],[13.340111,38.151881]]},"properties":{"id":"linea-606-0","route_id":"606","numero":"606","nome":"Viale Del Fante-Mondello Teti","colore":"#775228","tipo":"bus","direzione":0,"da":"Torre Piano Gallo Interna","a":"Cassara'","fermate":["2048","868","1484","1208","2324","1604","1603","1606","1607","1104","1110","1112","916","1608","133","563","561","565","559","1492","2115","339"],"lon":13.338498,"lat":38.170166}},{"type":"Feature","geometry":{"type":"LineString","coordinates":[[13.340111,38.151881],[13.339882,38.15179],[13.339723,38.151778],[13.339415,38.151798],[13.339274,38.151824],[13.339212,38.151819],[13.33901,38.151727],[13.338872,38.151691],[13.338599,38.151765],[13.338506,38.151733],[13.338356,38.151741],[13.338232,38.151723],[13.338117,38.151683],[13.338017,38.151624],[13.337936,38.151548],[13.337685,38.151186],[13.337618,38.15113],[13.337327,38.151016],[13.336936,38.150832],[13.336923,38.150786],[13.33694,38.150734],[13.336983,38.150701],[13.337023,38.150684],[13.337091,38.150683],[13.33755,38.150826],[13.337838,38.150934],[13.337928,38.150941],[13.338049,38.150908],[13.338179,38.150917],[13.338295,38.150888],[13.338519,38.150894],[13.338673,38.150784],[13.338754,38.150694],[13.340571,38.147881],[13.341868,38.145913],[13.341925,38.145935],[13.341785,38.145866],[13.341717,38.145806],[13.341668,38.145736],[13.341635,38.145578],[13.341691,38.145424],[13.34175,38.145359],[13.341843,38.145297],[13.341952,38.145256],[13.342072,38.145239],[13.342192,38.145247],[13.342306,38.14528],[13.342417,38.145345],[13.342499,38.145433],[13.342543,38.145536],[13.342543,38.145665],[13.34252,38.145727],[13.342436,38.145838],[13.34372,38.146667],[13.344012,38.14684],[13.343977,38.146875],[13.344264,38.14708],[13.348262,38.149775],[13.348811,38.150173],[13.350023,38.150985],[13.350108,38.151105],[13.350152,38.151213],[13.350175,38.151346],[13.350176,38.15155],[13.350151,38.151748],[13.349335,38.15248],[13.344054,38.157557],[13.340318,38.164538],[13.339528,38.165972],[13.339322,38.166401],[13.339213,38.166847],[13.338978,38.168691],[13.338801,38.169791],[13.337858,38.171965],[13.33706,38.17405],[13.336773,38.174748],[13.335524,38.178127],[13.335057,38.179294],[13.334717,38.180245],[13.334454,38.180874],[13.334272,38.181402],[13.334125,38.18198],[13.333932,38.182973],[13.333677,38.184808],[13.333522,38.185689],[13.333337,38.186986],[13.333217,38.187688],[13.333043,38.189165],[13.332977,38.189277],[13.332853,38.190143],[13.332625,38.191446],[13.331908,38.196097],[13.331849,38.19656],[13.332071,38.196825],[13.332141,38.196951],[13.331426,38.197234],[13.331349,38.197058],[13.331369,38.196818],[13.329661,38.19734],[13.326934,38.199789],[13.326409,38.200446],[13.326074,38.200981],[13.325905,38.201176],[13.325662,38.201257],[13.325354,38.20143],[13.32507,38.201687],[13.32496,38.201885],[13.324891,38.202216],[13.324911,38.20248],[13.324975,38.202652],[13.324626,38.203219],[13.324361,38.203695],[13.324262,38.20404],[13.324191,38.204439],[13.324013,38.205644],[13.324984,38.20599],[13.325081,38.205964],[13.325145,38.206135],[13.325369,38.206498],[13.325463,38.206604],[13.326124,38.207021],[13.326529,38.207256],[13.326937,38.207531],[13.327007,38.207563],[13.327271,38.20763],[13.327782,38.207658],[13.327931,38.207689],[13.328043,38.207753],[13.328171,38.207854],[13.328681,38.208674],[13.329123,38.209841],[13.32905,38.210099],[13.328822,38.210289],[13.328435,38.21043],[13.328152,38.210491],[13.32804,38.210467],[13.327955,38.210427]]},"properties":{"id":"linea-606-1","route_id":"606","numero":"606","nome":"Viale Del Fante-Mondello Teti","colore":"#775228","tipo":"bus","direzione":1,"da":"Cassara'","a":"Torre Piano Gallo Interna","fermate":["339","1723","560","566","562","564","132","717","719","718","720","1111","1109","1101","2325","2326","2327","2328","2329","2338","2323","1485","2046","2048"],"lon":13.339528,"lat":38.165972}},{"type":"Feature","geometry":{"type":"LineString","coordinates":[[13.323383,38.203363],[13.323537,38.20229],[13.323603,38.201656],[13.323716,38.20138],[13.323868,38.201127],[13.321029,38.199645],[13.318551,38.198399],[13.317173,38.198071],[13.315823,38.197784],[13.31554,38.197701],[13.314736,38.197358],[13.313913,38.197041],[13.313261,38.196807],[13.311369,38.196172],[13.311072,38.19623],[13.310354,38.196512],[13.310023,38.196607],[13.3099,38.19662],[13.309522,38.196552],[13.308969,38.196362],[13.308139,38.196028],[13.307185,38.195679],[13.306403,38.195325],[13.305344,38.194806],[13.304339,38.194256],[13.30346,38.193751],[13.302822,38.193343],[13.302436,38.19302],[13.302035,38.192656],[13.301639,38.192252],[13.301215,38.191749],[13.300421,38.190712],[13.299956,38.190197],[13.29957,38.189971],[13.298732,38.189587],[13.298737,38.189431],[13.298652,38.189025],[13.298688,38.188919],[13.298837,38.188773],[13.299269,38.188587],[13.299463,38.18846],[13.299668,38.188299],[13.299952,38.187961],[13.300264,38.187514],[13.300716,38.186946],[13.300949,38.186755],[13.304654,38.182175],[13.304714,38.182111],[13.304884,38.181991],[13.304949,38.181925],[13.304952,38.18186],[13.304983,38.181799],[13.305039,38.18175],[13.305174,38.181709],[13.305237,38.181713],[13.305348,38.181756],[13.3054,38.181806],[13.305427,38.181867],[13.305426,38.181931],[13.305541,38.18205],[13.305903,38.182237],[13.306399,38.182531],[13.306457,38.182551],[13.306537,38.182549],[13.306576,38.182569],[13.30666,38.182663],[13.306786,38.182748],[13.307158,38.182948],[13.307371,38.182995],[13.307425,38.183069],[13.307408,38.183128],[13.307384,38.183152],[13.307315,38.183178],[13.30724,38.183169],[13.307184,38.183127],[13.307168,38.183068],[13.306617,38.182752],[13.306521,38.182711],[13.306434,38.182696],[13.306393,38.182639],[13.306236,38.182531],[13.305514,38.182117],[13.305383,38.182069],[13.305313,38.182061],[13.305193,38.182088],[13.305071,38.182065],[13.305013,38.182029],[13.304949,38.181925],[13.304952,38.18186],[13.304983,38.181799],[13.305039,38.18175],[13.305113,38.181719],[13.305229,38.181485],[13.305349,38.181343],[13.305958,38.180739],[13.307151,38.179625],[13.307969,38.178751],[13.308112,38.178579],[13.308453,38.17815],[13.30833,38.177979],[13.308277,38.177806],[13.308321,38.177683],[13.308438,38.177498],[13.308582,38.177414],[13.308714,38.177389],[13.309096,38.177354],[13.310917,38.175139],[13.31103,38.174956],[13.311161,38.174556],[13.311162,38.174298],[13.311194,38.174165],[13.311414,38.173766],[13.31304,38.171733],[13.313063,38.171639],[13.313031,38.171584],[13.313026,38.171523],[13.313047,38.171464],[13.31313,38.171391],[13.313188,38.171371],[13.313275,38.171366],[13.313417,38.171243],[13.314062,38.170423],[13.314929,38.169362],[13.315649,38.168423],[13.316615,38.167253],[13.316957,38.166792],[13.316865,38.166725],[13.316851,38.166654],[13.316905,38.16653],[13.317068,38.166393],[13.317305,38.166233],[13.3175,38.166002],[13.31825,38.164954],[13.318616,38.164262],[13.318746,38.164184],[13.319373,38.16388],[13.319974,38.163543],[13.320702,38.163067],[13.321148,38.162711],[13.322453,38.161227],[13.323532,38.159971],[13.324612,38.158778],[13.325382,38.158007],[13.326419,38.156925],[13.326694,38.156606],[13.330408,38.152787],[13.331262,38.151835],[13.331381,38.151679],[13.332923,38.149107],[13.336427,38.150511],[13.336856,38.15058],[13.337091,38.150683],[13.33755,38.150826],[13.337838,38.150934],[13.337928,38.150941],[13.338049,38.150908],[13.338179,38.150917],[13.338295,38.150888],[13.338453,38.150885],[13.33867,38.150941],[13.338797,38.151022],[13.338872,38.151103],[13.338912,38.151176],[13.33894,38.151294],[13.338925,38.151414],[13.338868,38.151526],[13.338774,38.151621],[13.33865,38.151692],[13.338506,38.151733],[13.338356,38.151741],[13.338202,38.15182],[13.338109,38.151889],[13.337052,38.153533],[13.337054,38.153627],[13.336974,38.153696],[13.336915,38.153708],[13.336999,38.153796],[13.338142,38.154588],[13.339019,38.154994],[13.340063,38.153546],[13.340938,38.15221],[13.340111,38.151881]]},"properties":{"id":"linea-614-0","route_id":"614","numero":"614","nome":"Stadio - Mondello","colore":"#026450","tipo":"bus","direzione":0,"da":"Palinuro","a":"Cassara'","fermate":["2324","846","845","848","333","902","903","1398","1393","1396","1401","1403","943","952","941","2220","2288","949","953","946","1804","2114","2003","2004","2006","2001","2007","1990","1996","1992","1994","608","605","2064","1492","2115","339"],"lon":13.305113,"lat":38.181719}},{"type":"Feature","geometry":{"type":"LineString","coordinates":[[13.340111,38.151881],[13.339882,38.15179],[13.339646,38.151776],[13.339274,38.151824],[13.339212,38.151819],[13.33901,38.151727],[13.338872,38.151691],[13.338599,38.151765],[13.338506,38.151733],[13.338356,38.151741],[13.338232,38.151723],[13.338117,38.151683],[13.338017,38.151624],[13.337936,38.151548],[13.337685,38.151186],[13.337618,38.15113],[13.337327,38.151016],[13.33712,38.150911],[13.336732,38.150748],[13.336681,38.150721],[13.336619,38.150648],[13.336427,38.150511],[13.332923,38.149107],[13.331381,38.151679],[13.330868,38.152287],[13.330488,38.152701],[13.328406,38.15486],[13.326694,38.156606],[13.326419,38.156925],[13.325382,38.158007],[13.324612,38.158778],[13.323532,38.159971],[13.322453,38.161227],[13.321148,38.162711],[13.320927,38.162985],[13.320716,38.163175],[13.320171,38.163595],[13.319681,38.163906],[13.319194,38.164146],[13.318655,38.164567],[13.31825,38.164954],[13.3175,38.166002],[13.317343,38.166365],[13.317303,38.166582],[13.317306,38.166657],[13.317275,38.166724],[13.31721,38.166784],[13.317066,38.166821],[13.315851,38.168373],[13.315426,38.168884],[13.313503,38.171317],[13.313454,38.171471],[13.313471,38.171524],[13.313442,38.17163],[13.313398,38.171672],[13.313271,38.171716],[13.313125,38.171803],[13.312988,38.171938],[13.312211,38.172922],[13.312004,38.173162],[13.311923,38.173335],[13.311894,38.173512],[13.311926,38.173684],[13.312007,38.173938],[13.312116,38.174133],[13.312186,38.174377],[13.312188,38.174591],[13.312154,38.174756],[13.31212,38.174822],[13.312057,38.174881],[13.311975,38.174918],[13.311194,38.175204],[13.310906,38.17538],[13.310655,38.175648],[13.30917,38.177474],[13.30921,38.177578],[13.309191,38.177744],[13.309006,38.177996],[13.308878,38.178127],[13.308727,38.17819],[13.308581,38.178205],[13.308235,38.178633],[13.30724,38.179678],[13.305755,38.181074],[13.305358,38.181498],[13.305323,38.181559],[13.305315,38.181668],[13.305348,38.181756],[13.3054,38.181806],[13.305427,38.181867],[13.305426,38.181931],[13.305541,38.18205],[13.305903,38.182237],[13.306399,38.182531],[13.306457,38.182551],[13.306537,38.182549],[13.306576,38.182569],[13.30666,38.182663],[13.306786,38.182748],[13.307158,38.182948],[13.307371,38.182995],[13.307425,38.183069],[13.307408,38.183128],[13.307384,38.183152],[13.307315,38.183178],[13.30724,38.183169],[13.307184,38.183127],[13.307168,38.183068],[13.30704,38.182992],[13.306617,38.182752],[13.306521,38.182711],[13.306434,38.182696],[13.306393,38.182639],[13.306236,38.182531],[13.305514,38.182117],[13.305383,38.182069],[13.305313,38.182061],[13.305193,38.182088],[13.305071,38.182065],[13.30498,38.182075],[13.304926,38.182088],[13.304803,38.182168],[13.301044,38.186802],[13.300944,38.187019],[13.300211,38.187904],[13.300211,38.188132],[13.300264,38.188247],[13.30042,38.188435],[13.300558,38.188654],[13.300551,38.188824],[13.300447,38.18893],[13.300194,38.189006],[13.299848,38.189068],[13.299456,38.189217],[13.299205,38.189357],[13.29901,38.189378],[13.298876,38.189353],[13.298795,38.189309],[13.298703,38.189236],[13.298671,38.189144],[13.298568,38.189042],[13.298424,38.189006],[13.296108,38.18898],[13.295652,38.189034],[13.295423,38.189098],[13.295007,38.189266],[13.29344,38.18999],[13.291589,38.190819],[13.290873,38.191156],[13.289873,38.191657],[13.289623,38.191816],[13.289251,38.192],[13.287963,38.192596],[13.286689,38.193127],[13.283564,38.194656],[13.283146,38.19482],[13.28274,38.194945],[13.282472,38.195002],[13.282222,38.195031],[13.281392,38.194986],[13.28105,38.194992],[13.281636,38.194547],[13.281948,38.194271],[13.282641,38.193575],[13.283242,38.19292],[13.28382,38.192231],[13.284059,38.191982],[13.284761,38.191126],[13.285096,38.190769],[13.28594,38.189807],[13.286045,38.189711],[13.286426,38.189423],[13.288446,38.188168],[13.288735,38.187969],[13.288766,38.187933],[13.289591,38.188649],[13.290229,38.189311],[13.290588,38.189556],[13.290799,38.189626],[13.291047,38.189668],[13.2913,38.189614],[13.292049,38.189324],[13.292746,38.189295],[13.294403,38.189137],[13.295036,38.189029],[13.295365,38.189006],[13.295722,38.188898],[13.296186,38.188857],[13.297986,38.188882],[13.298383,38.188877],[13.298534,38.188857],[13.298837,38.188773],[13.299269,38.188587],[13.299463,38.18846],[13.299668,38.188299],[13.299934,38.188178],[13.300125,38.188191],[13.300264,38.188247],[13.30042,38.188435],[13.300558,38.188654],[13.300551,38.188824],[13.300447,38.18893],[13.300194,38.189006],[13.299848,38.189068],[13.299456,38.189217],[13.299053,38.189434],[13.298955,38.189531],[13.298882,38.189652],[13.29957,38.189971],[13.299956,38.190197],[13.300421,38.190712],[13.301215,38.191749],[13.301639,38.192252],[13.302035,38.192656],[13.302436,38.19302],[13.302822,38.193343],[13.30346,38.193751],[13.304339,38.194256],[13.305344,38.194806],[13.306403,38.195325],[13.307185,38.195679],[13.308139,38.196028],[13.308969,38.196362],[13.309522,38.196552],[13.3099,38.19662],[13.310023,38.196607],[13.310354,38.196512],[13.311072,38.19623],[13.311369,38.196172],[13.313261,38.196807],[13.313913,38.197041],[13.314619,38.196288],[13.315767,38.196915],[13.317872,38.198008],[13.318501,38.198354],[13.318551,38.198399],[13.321029,38.199645],[13.324688,38.201565],[13.32507,38.201687],[13.32496,38.201885],[13.324891,38.202216],[13.324911,38.20248],[13.324975,38.202652],[13.324626,38.203219],[13.324361,38.203695],[13.324262,38.20404],[13.324013,38.205644],[13.324984,38.20599],[13.325081,38.205964],[13.325145,38.206135],[13.325369,38.206498],[13.325463,38.206604],[13.325238,38.206595],[13.324558,38.206383],[13.323668,38.205868],[13.323377,38.205666],[13.323096,38.20541],[13.323361,38.203648],[13.323383,38.203363]]},"properties":{"id":"linea-614-1","route_id":"614","numero":"614","nome":"Stadio - Mondello","colore":"#026450","tipo":"bus","direzione":1,"da":"Cassara'","a":"Palinuro","fermate":["339","1723","604","607","1997","1993","1991","1995","1989","1999","2000","2005","2002","2008","1818","945","950","948","938","2221","940","951","1242","1246","1244","1946","1941","1948","1500","1504","1502","1478","2320","1243","1402","1400","1395","1397","1399","901","387","389","388","844","847","2329","2338","2323","1208","2324"],"lon":13.300551,"lat":38.188824}},{"type":"Feature","geometry":{"type":"LineString","coordinates":[[13.282379,38.208489],[13.282321,38.208184],[13.282311,38.207957],[13.282331,38.207714],[13.28243,38.207128],[13.282436,38.206698],[13.282362,38.206079],[13.282285,38.205846],[13.282246,38.205783],[13.282193,38.205712],[13.281924,38.205448],[13.281615,38.205195],[13.281336,38.204988],[13.280947,38.20473],[13.280591,38.204541],[13.279963,38.204271],[13.27973,38.204156],[13.279516,38.20403],[13.278904,38.203588],[13.279338,38.20316],[13.279666,38.20279],[13.28038,38.202082],[13.28055,38.201531],[13.280898,38.200169],[13.277041,38.197622],[13.276726,38.197851],[13.276758,38.197921],[13.276763,38.198034],[13.27671,38.198345],[13.276643,38.198424],[13.276523,38.198487],[13.27591,38.198338],[13.275424,38.198155],[13.275085,38.198051],[13.274553,38.197937],[13.274881,38.19717],[13.275876,38.197532],[13.276533,38.197752],[13.276726,38.197851],[13.278564,38.196471],[13.278894,38.196263],[13.280207,38.195561],[13.280767,38.195198],[13.281636,38.194547],[13.281948,38.194271],[13.282641,38.193575],[13.283242,38.19292],[13.28382,38.192231],[13.284059,38.191982],[13.284761,38.191126],[13.285096,38.190769],[13.28594,38.189807],[13.286045,38.189711],[13.286426,38.189423],[13.288446,38.188168],[13.288735,38.187969],[13.288766,38.187933],[13.289591,38.188649],[13.290229,38.189311],[13.290588,38.189556],[13.290799,38.189626],[13.291047,38.189668],[13.2913,38.189614],[13.292049,38.189324],[13.292746,38.189295],[13.294403,38.189137],[13.295036,38.189029],[13.295365,38.189006],[13.295722,38.188898],[13.296186,38.188857],[13.297986,38.188882],[13.298383,38.188877],[13.298534,38.188857],[13.298837,38.188773],[13.299269,38.188587],[13.299463,38.18846],[13.299668,38.188299],[13.299934,38.188178],[13.300125,38.188191],[13.300264,38.188247],[13.30042,38.188435],[13.300558,38.188654],[13.300703,38.18879],[13.300864,38.188882],[13.301089,38.188906],[13.314364,38.188884],[13.314533,38.188871],[13.314693,38.188833],[13.314954,38.188635],[13.315002,38.18862],[13.315088,38.188635],[13.315337,38.188838],[13.315635,38.188876],[13.321627,38.188847],[13.32204,38.188756],[13.322116,38.188704],[13.32242,38.188601],[13.322554,38.188587],[13.322623,38.188599],[13.322698,38.188649],[13.32272,38.18871],[13.322711,38.188789],[13.32275,38.188859],[13.322822,38.188911],[13.322974,38.188951],[13.323801,38.189011],[13.32458,38.189101],[13.330547,38.189956],[13.331883,38.190123],[13.332105,38.190133],[13.332267,38.190107],[13.332413,38.190033],[13.332771,38.189648],[13.332919,38.189657],[13.332977,38.189277],[13.33292,38.189144],[13.33295,38.188771],[13.333058,38.187983],[13.333256,38.186649],[13.333545,38.185009],[13.333588,38.184568],[13.33382,38.182991],[13.333944,38.182362],[13.334137,38.181621],[13.334516,38.180424],[13.334848,38.179525],[13.335188,38.178717],[13.336157,38.176227],[13.336103,38.176193],[13.335905,38.175847],[13.335807,38.175725],[13.335671,38.175635],[13.334218,38.175113],[13.331843,38.174208],[13.328429,38.172973],[13.327519,38.17262],[13.327132,38.172392],[13.328592,38.168496],[13.328694,38.1683],[13.328821,38.168113],[13.331685,38.164204],[13.331829,38.164102],[13.33217,38.163928],[13.332455,38.163617],[13.333419,38.16224],[13.334024,38.161514],[13.335565,38.159341],[13.335757,38.15905],[13.336002,38.158723],[13.336538,38.15809],[13.337703,38.15677],[13.337861,38.156638],[13.338025,38.156432],[13.338785,38.15531],[13.340063,38.153546],[13.340938,38.15221],[13.340111,38.151881]]},"properties":{"id":"linea-616-0","route_id":"616","numero":"616","nome":"Stadio - Barcarello","colore":"#7A3758","tipo":"bus","direzione":0,"da":"Punta Barcarello","a":"Cassara'","fermate":["1611","163","164","2066","2068","1090","1092","2053","2052","386","2009","1945","1943","1946","1941","1948","1500","1504","1502","1478","2320","1243","1268","1270","1263","1260","1266","1261","2101","2105","2107","2104","1121","1119","1122","742","737","738","740","1488","692","697","684","694","683","339"],"lon":13.300125,"lat":38.188191}},{"type":"Feature","geometry":{"type":"LineString","coordinates":[[13.340111,38.151881],[13.339882,38.15179],[13.339646,38.151776],[13.339274,38.151824],[13.339212,38.151819],[13.33901,38.151727],[13.338872,38.151691],[13.338599,38.151765],[13.338506,38.151733],[13.338356,38.151741],[13.338232,38.151723],[13.338117,38.151683],[13.338017,38.151624],[13.337936,38.151548],[13.337685,38.151186],[13.337618,38.15113],[13.337327,38.151016],[13.336936,38.150832],[13.336923,38.150786],[13.33694,38.150734],[13.337023,38.150684],[13.337091,38.150683],[13.33755,38.150826],[13.337838,38.150934],[13.337928,38.150941],[13.338049,38.150908],[13.338179,38.150917],[13.338295,38.150888],[13.338453,38.150885],[13.338597,38.150913],[13.338737,38.150978],[13.338797,38.151022],[13.338872,38.151103],[13.339035,38.151356],[13.339124,38.151445],[13.339795,38.15173],[13.339882,38.15179],[13.340938,38.15221],[13.340063,38.153546],[13.338785,38.15531],[13.338025,38.156432],[13.337861,38.156638],[13.337703,38.15677],[13.336538,38.15809],[13.336002,38.158723],[13.335757,38.15905],[13.335565,38.159341],[13.334024,38.161514],[13.333419,38.16224],[13.332455,38.163617],[13.33217,38.163928],[13.331829,38.164102],[13.331685,38.164204],[13.328821,38.168113],[13.328694,38.1683],[13.328592,38.168496],[13.327132,38.172392],[13.327519,38.17262],[13.328429,38.172973],[13.331843,38.174208],[13.334218,38.175113],[13.335671,38.175635],[13.335807,38.175725],[13.335905,38.175847],[13.336103,38.176193],[13.336157,38.176227],[13.336227,38.176243],[13.336062,38.176699],[13.335888,38.177115],[13.335339,38.178613],[13.335057,38.179294],[13.334717,38.180245],[13.334454,38.180874],[13.334272,38.181402],[13.334125,38.18198],[13.333932,38.182973],[13.333677,38.184808],[13.333522,38.185689],[13.333337,38.186986],[13.333217,38.187688],[13.333043,38.189165],[13.332977,38.189277],[13.332781,38.190568],[13.332675,38.190555],[13.332442,38.190317],[13.33231,38.190242],[13.332155,38.190184],[13.331883,38.190123],[13.330547,38.189956],[13.32458,38.189101],[13.323801,38.189011],[13.322763,38.188942],[13.322666,38.188954],[13.322588,38.188992],[13.322406,38.18919],[13.32234,38.189237],[13.322275,38.189254],[13.322193,38.189238],[13.322144,38.189199],[13.32209,38.189124],[13.322031,38.189091],[13.321832,38.189034],[13.321302,38.189002],[13.315641,38.189016],[13.315344,38.189062],[13.315069,38.189282],[13.315014,38.189296],[13.314954,38.189281],[13.314708,38.189082],[13.314365,38.189053],[13.300125,38.189065],[13.299848,38.189068],[13.299456,38.189217],[13.299205,38.189357],[13.29901,38.189378],[13.298876,38.189353],[13.298795,38.189309],[13.298703,38.189236],[13.298671,38.189144],[13.298568,38.189042],[13.298424,38.189006],[13.296108,38.18898],[13.295652,38.189034],[13.295423,38.189098],[13.295007,38.189266],[13.29344,38.18999],[13.291589,38.190819],[13.290873,38.191156],[13.289873,38.191657],[13.289623,38.191816],[13.289251,38.192],[13.287963,38.192596],[13.286689,38.193127],[13.283564,38.194656],[13.283146,38.19482],[13.28274,38.194945],[13.282472,38.195002],[13.282222,38.195031],[13.281392,38.194986],[13.28105,38.194992],[13.280641,38.195285],[13.280207,38.195561],[13.278894,38.196263],[13.278564,38.196471],[13.277041,38.197622],[13.280898,38.200169],[13.28055,38.201531],[13.28038,38.202082],[13.279666,38.20279],[13.279338,38.20316],[13.278904,38.203588],[13.279516,38.20403],[13.27973,38.204156],[13.279963,38.204271],[13.280591,38.204541],[13.280947,38.20473],[13.281336,38.204988],[13.281615,38.205195],[13.281924,38.205448],[13.282193,38.205712],[13.282246,38.205783],[13.282285,38.205846],[13.282362,38.206079],[13.282436,38.206698],[13.28243,38.207128],[13.282331,38.207714],[13.282311,38.207957],[13.282321,38.208184],[13.282379,38.208489]]},"properties":{"id":"linea-616-1","route_id":"616","numero":"616","nome":"Stadio - Barcarello","colore":"#7A3758","tipo":"bus","direzione":1,"da":"Cassara'","a":"Punta Barcarello","fermate":["339","1723","693","682","696","698","1487","739","736","741","1123","1118","1120","2103","2108","2106","2102","1262","1267","1271","1264","1265","1269","1242","1246","1244","1942","1944","1091","1089","2067","2065","161","162","1610","1611"],"lon":13.332442,"lat":38.190317}},{"type":"Feature","geometry":{"type":"LineString","coordinates":[[13.339551,38.154256],[13.340063,38.153546],[13.340938,38.15221],[13.339882,38.15179],[13.339646,38.151776],[13.339274,38.151824],[13.339212,38.151819],[13.33901,38.151727],[13.338872,38.151691],[13.338599,38.151765],[13.338506,38.151733],[13.338356,38.151741],[13.338232,38.151723],[13.338117,38.151683],[13.338017,38.151624],[13.337936,38.151548],[13.337685,38.151186],[13.337618,38.15113],[13.337497,38.15108],[13.337365,38.151286],[13.337195,38.151483],[13.336208,38.152152],[13.334779,38.153233],[13.33391,38.153803],[13.333067,38.15428],[13.332757,38.154513],[13.33259,38.154713],[13.331754,38.156241],[13.330217,38.159154],[13.329792,38.159917],[13.329715,38.160017],[13.329428,38.160227],[13.329062,38.160409],[13.326911,38.160865],[13.325844,38.161164],[13.325206,38.161298],[13.324852,38.161512],[13.323773,38.16233],[13.323195,38.162829],[13.322491,38.163329],[13.321975,38.16361],[13.321165,38.163918],[13.3207,38.163949],[13.320035,38.16394],[13.319681,38.163906],[13.319194,38.164146],[13.318655,38.164567],[13.31825,38.164954],[13.3175,38.166002],[13.317343,38.166365],[13.317303,38.166582],[13.317306,38.166657],[13.317275,38.166724],[13.31721,38.166784],[13.317066,38.166821],[13.315851,38.168373],[13.315426,38.168884],[13.313503,38.171317],[13.313454,38.171471],[13.313471,38.171524],[13.313442,38.17163],[13.313398,38.171672],[13.313271,38.171716],[13.313125,38.171803],[13.312988,38.171938],[13.312211,38.172922],[13.312004,38.173162],[13.311923,38.173335],[13.311894,38.173512],[13.311926,38.173684],[13.312007,38.173938],[13.312116,38.174133],[13.312291,38.174299],[13.312494,38.17454],[13.312779,38.174933],[13.312959,38.175347],[13.31264,38.17537],[13.311388,38.175394],[13.31109,38.175435],[13.310035,38.176783],[13.309268,38.177684],[13.309898,38.178011],[13.309843,38.178153],[13.310392,38.178412],[13.31165,38.177885],[13.31184,38.177912],[13.312434,38.178183]]},"properties":{"id":"linea-619-0","route_id":"619","numero":"619","nome":"Stadio - San Filippo Neri","colore":"#436056","tipo":"bus","direzione":0,"da":"Del Fante Stadio Delle Palme","a":"Zappa","fermate":["695","1723","1728","1727","1730","1725","1805","1808","1817","1810","1497","1800","1814","1820","1818","945","950","948","1223","942","2204"],"lon":13.320035,"lat":38.16394}},{"type":"Feature","geometry":{"type":"LineString","coordinates":[[13.312434,38.178183],[13.313831,38.178797],[13.314005,38.1789],[13.314039,38.179132],[13.31377,38.179503],[13.313979,38.179587],[13.314005,38.17955],[13.315638,38.180301],[13.315626,38.180318],[13.316247,38.180599],[13.314376,38.183237],[13.315954,38.183928],[13.318284,38.180667],[13.316707,38.179972],[13.31844,38.177556],[13.317613,38.177186],[13.316802,38.178298],[13.315776,38.179788],[13.315577,38.17975],[13.314031,38.17907],[13.314039,38.179132],[13.313569,38.179762],[13.3135,38.179792],[13.312919,38.180658],[13.312473,38.180953],[13.311906,38.181227],[13.310982,38.181634],[13.309565,38.17928],[13.309548,38.179152],[13.309751,38.17887],[13.309391,38.178671],[13.309769,38.178237],[13.309069,38.177912],[13.308878,38.178127],[13.308727,38.17819],[13.308581,38.178205],[13.308453,38.17815],[13.30833,38.177979],[13.308277,38.177806],[13.308321,38.177683],[13.308438,38.177498],[13.308582,38.177414],[13.308714,38.177389],[13.309096,38.177354],[13.310917,38.175139],[13.31103,38.174956],[13.311161,38.174556],[13.311162,38.174298],[13.311194,38.174165],[13.311414,38.173766],[13.31304,38.171733],[13.313063,38.171639],[13.313031,38.171584],[13.313026,38.171523],[13.313047,38.171464],[13.31313,38.171391],[13.313188,38.171371],[13.313275,38.171366],[13.313417,38.171243],[13.314062,38.170423],[13.314929,38.169362],[13.315649,38.168423],[13.316615,38.167253],[13.316957,38.166792],[13.316865,38.166725],[13.316851,38.166654],[13.316905,38.16653],[13.317068,38.166393],[13.317305,38.166233],[13.3175,38.166002],[13.31825,38.164954],[13.318616,38.164262],[13.318746,38.164184],[13.319373,38.16388],[13.319974,38.163543],[13.320702,38.163067],[13.321148,38.162711],[13.323172,38.160399],[13.325206,38.161298],[13.325844,38.161164],[13.326911,38.160865],[13.329062,38.160409],[13.329428,38.160227],[13.329715,38.160017],[13.329792,38.159917],[13.330217,38.159154],[13.331754,38.156241],[13.33259,38.154713],[13.332757,38.154513],[13.333067,38.15428],[13.333745,38.153895],[13.333758,38.153906],[13.333745,38.153895],[13.33391,38.153803],[13.334779,38.153233],[13.336208,38.152152],[13.337195,38.151483],[13.337365,38.151286],[13.337497,38.15108],[13.337327,38.151016],[13.336936,38.150832],[13.336923,38.150786],[13.33694,38.150734],[13.336983,38.150701],[13.337023,38.150684],[13.337091,38.150683],[13.33755,38.150826],[13.337838,38.150934],[13.337928,38.150941],[13.338049,38.150908],[13.338179,38.150917],[13.338295,38.150888],[13.338453,38.150885],[13.338597,38.150913],[13.338737,38.150978],[13.338872,38.151103],[13.338912,38.151176],[13.33894,38.151294],[13.338925,38.151414],[13.33888,38.151509],[13.338774,38.151621],[13.33865,38.151692],[13.338506,38.151733],[13.338356,38.151741],[13.338202,38.15182],[13.338109,38.151889],[13.337052,38.153533],[13.337054,38.153627],[13.336974,38.153696],[13.336915,38.153708],[13.336999,38.153796],[13.338142,38.154588],[13.339019,38.154994],[13.339551,38.154256]]},"properties":{"id":"linea-619-1","route_id":"619","numero":"619","nome":"Stadio - San Filippo Neri","colore":"#436056","tipo":"bus","direzione":1,"da":"Zappa","a":"Del Fante Stadio Delle Palme","fermate":["2204","1845","1931","380","381","2268","335","334","499","893","1097","134","500","1419","324","210","209","2288","949","953","946","1804","2114","2003","1811","1809","1806","1724","1731","1729","2064","1492","2115","695"],"lon":13.317068,"lat":38.166393}},{"type":"Feature","geometry":{"type":"LineString","coordinates":[[13.339551,38.154256],[13.340063,38.153546],[13.340938,38.15221],[13.339882,38.15179],[13.339646,38.151776],[13.339274,38.151824],[13.339212,38.151819],[13.33901,38.151727],[13.338872,38.151691],[13.338599,38.151765],[13.338506,38.151733],[13.338356,38.151741],[13.338232,38.151723],[13.338117,38.151683],[13.338017,38.151624],[13.337936,38.151548],[13.337685,38.151186],[13.337618,38.15113],[13.337327,38.151016],[13.336936,38.150832],[13.336923,38.150786],[13.33694,38.150734],[13.336983,38.150701],[13.337023,38.150684],[13.337091,38.150683],[13.33755,38.150826],[13.337838,38.150934],[13.337928,38.150941],[13.338049,38.150908],[13.338179,38.150917],[13.338295,38.150888],[13.338519,38.150894],[13.338673,38.150784],[13.338754,38.150694],[13.340571,38.147881],[13.341868,38.145913],[13.341717,38.145806],[13.341668,38.145736],[13.34164,38.145658],[13.341652,38.145499],[13.341691,38.145424],[13.34175,38.145359],[13.341463,38.1452],[13.340696,38.144711],[13.339715,38.144045],[13.339297,38.144661],[13.338859,38.145266],[13.338679,38.145642],[13.338529,38.146185],[13.338486,38.146276],[13.338406,38.146351],[13.338299,38.1464],[13.338178,38.146417],[13.337858,38.146291],[13.3378,38.146227],[13.337783,38.146149],[13.337816,38.146041],[13.338318,38.145489],[13.338593,38.145151],[13.339458,38.143853],[13.337039,38.142209],[13.337236,38.141851],[13.332555,38.140282],[13.332141,38.140217],[13.331994,38.140224],[13.331853,38.140296],[13.331734,38.140436],[13.331713,38.140553],[13.331674,38.140624],[13.331609,38.140674],[13.331465,38.14074],[13.331376,38.140759],[13.331192,38.140751],[13.331009,38.140673],[13.330948,38.14062],[13.330843,38.140446],[13.330625,38.139946],[13.330509,38.139823],[13.330362,38.139726],[13.330192,38.139663],[13.328689,38.139315],[13.324052,38.138288],[13.322358,38.137831],[13.319853,38.137258],[13.317524,38.136682],[13.315281,38.135758],[13.311974,38.134332],[13.311311,38.134029],[13.307472,38.132397],[13.306527,38.131969],[13.304132,38.130983],[13.303961,38.130961],[13.303529,38.131119],[13.303137,38.131282],[13.303009,38.131348],[13.303066,38.131438],[13.303068,38.13149],[13.303015,38.131585],[13.302904,38.13164],[13.302836,38.131646],[13.302769,38.131636],[13.302661,38.131571],[13.30263,38.131523],[13.30263,38.131417],[13.30116,38.130874],[13.300394,38.131653],[13.298764,38.131819],[13.298283,38.132],[13.296996,38.132213],[13.293933,38.132224],[13.293363,38.132185],[13.291778,38.131882],[13.292193,38.130567],[13.292338,38.129744],[13.293178,38.129774],[13.292943,38.12835],[13.294409,38.128239],[13.295054,38.128456]]},"properties":{"id":"linea-625-0","route_id":"625","numero":"625","nome":"Stadio - Borgo Nuovo","colore":"#983A37","tipo":"bus","direzione":0,"da":"Del Fante Stadio Delle Palme","a":"Tindari Cefalu'","fermate":["695","1723","560","566","562","564","244","311","312","242","968","971","1184","1185","1183","1172","1175","1187","1180","1177","1188","25","400","406","402","404","137","140","2023","2022"],"lon":13.339458,"lat":38.143853}},{"type":"Feature","geometry":{"type":"LineString","coordinates":[[13.295054,38.128456],[13.296155,38.128816],[13.29676,38.128994],[13.296962,38.129038],[13.299046,38.129073],[13.299011,38.129887],[13.301284,38.130929],[13.30263,38.131417],[13.302664,38.131364],[13.302718,38.131322],[13.302788,38.131298],[13.302863,38.131293],[13.302946,38.131311],[13.303476,38.13109],[13.303657,38.130902],[13.303641,38.130811],[13.303708,38.130716],[13.303818,38.130678],[13.303933,38.130695],[13.304016,38.130759],[13.304415,38.130942],[13.309265,38.133041],[13.311371,38.13393],[13.312208,38.134257],[13.317598,38.136579],[13.32104,38.137412],[13.323937,38.138085],[13.326135,38.138616],[13.328656,38.139189],[13.329491,38.139405],[13.329879,38.139486],[13.33012,38.139523],[13.33037,38.139525],[13.330557,38.139468],[13.330739,38.139347],[13.330827,38.139268],[13.330903,38.139229],[13.331076,38.13919],[13.331254,38.139207],[13.331419,38.139283],[13.331487,38.139343],[13.331839,38.139814],[13.331998,38.139997],[13.332108,38.140091],[13.332189,38.14013],[13.332555,38.140282],[13.334066,38.140797],[13.337357,38.141891],[13.339126,38.139056],[13.340116,38.139476],[13.341998,38.140224],[13.340297,38.142873],[13.340403,38.142913],[13.339715,38.144045],[13.340696,38.144711],[13.341463,38.1452],[13.34175,38.145359],[13.341843,38.145297],[13.341952,38.145256],[13.342072,38.145239],[13.342192,38.145247],[13.342365,38.145309],[13.342462,38.145387],[13.342526,38.145483],[13.34255,38.1456],[13.34252,38.145727],[13.342436,38.145838],[13.34229,38.145924],[13.342171,38.145954],[13.342047,38.145958],[13.341925,38.145935],[13.338833,38.150727],[13.338797,38.150811],[13.338797,38.151022],[13.338872,38.151103],[13.338912,38.151176],[13.33894,38.151294],[13.338925,38.151414],[13.33888,38.151509],[13.338774,38.151621],[13.33865,38.151692],[13.338506,38.151733],[13.338356,38.151741],[13.338202,38.15182],[13.338109,38.151889],[13.337052,38.153533],[13.337054,38.153627],[13.336974,38.153696],[13.336915,38.153708],[13.336999,38.153796],[13.338142,38.154588],[13.339019,38.154994],[13.339551,38.154256]]},"properties":{"id":"linea-625-1","route_id":"625","numero":"625","nome":"Stadio - Borgo Nuovo","colore":"#983A37","tipo":"bus","direzione":1,"da":"Tindari Cefalu'","a":"Del Fante Stadio Delle Palme","fermate":["2022","2389","2287","26","1189","1179","1181","1176","1190","1173","1191","1174","1178","1182","970","967","1924","1921","2255","243","563","561","565","559","1492","2115","695"],"lon":13.334066,"lat":38.140797}},{"type":"Feature","geometry":{"type":"LineString","coordinates":[[13.267695,38.201302],[13.267727,38.201246],[13.268021,38.20146],[13.268157,38.201509],[13.268284,38.20153],[13.268414,38.201525],[13.268581,38.201447],[13.268669,38.201361],[13.268737,38.201237],[13.268801,38.200662],[13.268854,38.200398],[13.268911,38.200186],[13.269035,38.199916],[13.269155,38.199784],[13.269562,38.199481],[13.270421,38.198885],[13.271455,38.198093],[13.27176,38.197917],[13.272122,38.197834],[13.272799,38.197759],[13.273127,38.19774],[13.273452,38.197759],[13.274553,38.197937],[13.274881,38.19717],[13.275876,38.197532],[13.276533,38.197752],[13.276726,38.197851],[13.278564,38.196471],[13.278894,38.196263],[13.280207,38.195561],[13.280767,38.195198],[13.281636,38.194547],[13.281948,38.194271],[13.282641,38.193575],[13.283242,38.19292],[13.28382,38.192231],[13.284059,38.191982],[13.284761,38.191126],[13.285096,38.190769],[13.28594,38.189807],[13.286045,38.189711],[13.286426,38.189423],[13.288446,38.188168],[13.288735,38.187969],[13.289293,38.187342],[13.289739,38.186782],[13.290966,38.18496],[13.291636,38.184171],[13.292108,38.183881],[13.292846,38.183253],[13.293147,38.182862],[13.293421,38.182309],[13.294734,38.180487],[13.296176,38.178679],[13.296846,38.177991],[13.298494,38.176621],[13.298878,38.176255],[13.299615,38.175644],[13.299837,38.175504],[13.300816,38.174748],[13.301575,38.17434],[13.301752,38.174231],[13.301909,38.174109],[13.303837,38.172371],[13.304601,38.171647],[13.305165,38.171003],[13.30678,38.169358],[13.306911,38.169266],[13.307017,38.16922],[13.307376,38.169201],[13.309021,38.169322],[13.309891,38.169334],[13.310973,38.169238],[13.311743,38.169081],[13.312284,38.168937],[13.312603,38.168782],[13.313808,38.167934],[13.314652,38.167409],[13.315429,38.167055],[13.316344,38.166743],[13.316905,38.16653],[13.317068,38.166393],[13.317305,38.166233],[13.3175,38.166002],[13.31825,38.164954],[13.318616,38.164262],[13.318746,38.164184],[13.319373,38.16388],[13.319974,38.163543],[13.320702,38.163067],[13.321148,38.162711],[13.322453,38.161227],[13.323532,38.159971],[13.324612,38.158778],[13.325382,38.158007],[13.326419,38.156925],[13.326694,38.156606],[13.328406,38.15486],[13.330408,38.152787],[13.330868,38.152287],[13.331381,38.151679],[13.332923,38.149107],[13.336427,38.150511],[13.336856,38.15058],[13.337091,38.150683],[13.33755,38.150826],[13.337838,38.150934],[13.337928,38.150941],[13.338049,38.150908],[13.338179,38.150917],[13.338295,38.150888],[13.338453,38.150885],[13.33867,38.150941],[13.338797,38.151022],[13.338872,38.151103],[13.338912,38.151176],[13.33894,38.151294],[13.338925,38.151414],[13.338868,38.151526],[13.338774,38.151621],[13.33865,38.151692],[13.338506,38.151733],[13.338356,38.151741],[13.338202,38.15182],[13.338109,38.151889],[13.337052,38.153533],[13.337054,38.153627],[13.336974,38.153696],[13.336915,38.153708],[13.336999,38.153796],[13.338142,38.154588],[13.339019,38.154994],[13.339551,38.154256]]},"properties":{"id":"linea-628-0","route_id":"628","numero":"628","nome":"Sferracavallo - Stadio","colore":"#535A5D","tipo":"bus","direzione":0,"da":"Nodo - M. Calogero Di Bona","a":"Del Fante Stadio Delle Palme","fermate":["1612","1574","1576","2051","386","2009","1945","1943","1946","1941","1948","1500","1504","1502","2043","2041","2037","2045","2033","2035","2031","2038","1813","1802","1803","1804","2114","2003","2004","2006","2001","2007","1990","1996","1992","1994","608","605","2064","1492","2115","695"],"lon":13.30678,"lat":38.169358}},{"type":"Feature","geometry":{"type":"LineString","coordinates":[[13.339551,38.154256],[13.340063,38.153546],[13.340938,38.15221],[13.339882,38.15179],[13.339646,38.151776],[13.339274,38.151824],[13.339212,38.151819],[13.33901,38.151727],[13.338872,38.151691],[13.338599,38.151765],[13.338506,38.151733],[13.338356,38.151741],[13.338232,38.151723],[13.338117,38.151683],[13.338017,38.151624],[13.337936,38.151548],[13.337685,38.151186],[13.337618,38.15113],[13.337327,38.151016],[13.33712,38.150911],[13.336732,38.150748],[13.336681,38.150721],[13.336619,38.150648],[13.336427,38.150511],[13.332923,38.149107],[13.331381,38.151679],[13.330868,38.152287],[13.330408,38.152787],[13.328406,38.15486],[13.326694,38.156606],[13.326419,38.156925],[13.325382,38.158007],[13.324612,38.158778],[13.323532,38.159971],[13.322453,38.161227],[13.321148,38.162711],[13.320927,38.162985],[13.320716,38.163175],[13.320171,38.163595],[13.319681,38.163906],[13.319194,38.164146],[13.318655,38.164567],[13.31825,38.164954],[13.3175,38.166002],[13.317343,38.166365],[13.317303,38.166582],[13.317306,38.166657],[13.317275,38.166724],[13.31721,38.166784],[13.317066,38.166821],[13.317009,38.166808],[13.316905,38.166764],[13.316812,38.166688],[13.316729,38.166656],[13.316643,38.166648],[13.315429,38.167055],[13.314652,38.167409],[13.313808,38.167934],[13.312603,38.168782],[13.312284,38.168937],[13.311743,38.169081],[13.310973,38.169238],[13.310263,38.169301],[13.310207,38.169398],[13.310263,38.169301],[13.309891,38.169334],[13.309021,38.169322],[13.307376,38.169201],[13.307017,38.16922],[13.306911,38.169266],[13.30678,38.169358],[13.305165,38.171003],[13.304601,38.171647],[13.303837,38.172371],[13.301909,38.174109],[13.301752,38.174231],[13.301575,38.17434],[13.300816,38.174748],[13.299837,38.175504],[13.299615,38.175644],[13.298878,38.176255],[13.298494,38.176621],[13.296846,38.177991],[13.296176,38.178679],[13.294734,38.180487],[13.293421,38.182309],[13.293147,38.182862],[13.292846,38.183253],[13.292108,38.183881],[13.291636,38.184171],[13.290966,38.18496],[13.289739,38.186782],[13.289293,38.187342],[13.288735,38.187969],[13.288446,38.188168],[13.286426,38.189423],[13.286045,38.189711],[13.28594,38.189807],[13.285096,38.190769],[13.284761,38.191126],[13.284059,38.191982],[13.28382,38.192231],[13.283242,38.19292],[13.282641,38.193575],[13.281948,38.194271],[13.281636,38.194547],[13.280767,38.195198],[13.280207,38.195561],[13.278894,38.196263],[13.278564,38.196471],[13.276726,38.197851],[13.276758,38.197921],[13.276763,38.198034],[13.27671,38.198345],[13.276643,38.198424],[13.276523,38.198487],[13.27591,38.198338],[13.275424,38.198155],[13.275085,38.198051],[13.274553,38.197937],[13.273452,38.197759],[13.273127,38.19774],[13.272799,38.197759],[13.272122,38.197834],[13.27176,38.197917],[13.271455,38.198093],[13.270421,38.198885],[13.269562,38.199481],[13.269155,38.199784],[13.269035,38.199916],[13.268911,38.200186],[13.268854,38.200398],[13.268801,38.200662],[13.268737,38.201237],[13.268669,38.201361],[13.268581,38.201447],[13.268414,38.201525],[13.268284,38.20153],[13.268157,38.201509],[13.268021,38.20146],[13.267905,38.201539],[13.267775,38.201546],[13.26768,38.201495],[13.267648,38.201416],[13.267695,38.201302]]},"properties":{"id":"linea-628-1","route_id":"628","numero":"628","nome":"Sferracavallo - Stadio","colore":"#535A5D","tipo":"bus","direzione":1,"da":"Del Fante Stadio Delle Palme","a":"Nodo - M. Calogero Di Bona","fermate":["695","1723","604","607","1997","1993","1991","1995","1989","1999","2000","2005","2002","2008","1818","1801","1812","1819","1799","2030","2034","2032","2044","2036","2040","2042","1501","1503","1947","1940","1942","1944","2053","2052","1577","1575","1573","1612"],"lon":13.304601,"lat":38.171647}},{"type":"Feature","geometry":{"type":"LineString","coordinates":[[13.309589,38.198114],[13.305967,38.196934],[13.305941,38.196876],[13.306868,38.195535],[13.307185,38.195679],[13.308139,38.196028],[13.308969,38.196362],[13.309522,38.196552],[13.3099,38.19662],[13.310023,38.196607],[13.310354,38.196512],[13.311072,38.19623],[13.311369,38.196172],[13.313261,38.196807],[13.313913,38.197041],[13.313989,38.196975],[13.315102,38.195762],[13.315687,38.194968],[13.315887,38.194792],[13.314678,38.193857],[13.314319,38.193594],[13.313732,38.193213],[13.312458,38.192257],[13.31148,38.193094],[13.31214,38.193585],[13.313006,38.194193],[13.314227,38.19491],[13.31526,38.195547],[13.315102,38.195762],[13.314619,38.196288],[13.315767,38.196915],[13.317872,38.198008],[13.318501,38.198354],[13.318551,38.198399],[13.318637,38.198443],[13.319175,38.197913],[13.319617,38.197422],[13.320112,38.196704],[13.320355,38.196443],[13.320522,38.196377],[13.320606,38.196309],[13.321994,38.193798],[13.322341,38.193086],[13.32254,38.192591],[13.32259,38.192193],[13.322541,38.191776],[13.322499,38.191631],[13.322331,38.191252],[13.321775,38.19061],[13.321628,38.190396],[13.321609,38.190209],[13.321624,38.190103],[13.321664,38.189952],[13.321844,38.189785],[13.322246,38.189254],[13.322193,38.189238],[13.322116,38.189167],[13.322023,38.188973],[13.321998,38.188859],[13.32204,38.188756],[13.322116,38.188704],[13.32242,38.188601],[13.322568,38.188512],[13.322718,38.188392],[13.323306,38.187439],[13.323578,38.187061],[13.323649,38.186867],[13.323596,38.185908],[13.323612,38.1856],[13.323658,38.185524],[13.324012,38.185106],[13.324055,38.185012],[13.324105,38.184724],[13.324171,38.184545],[13.324461,38.184108],[13.324764,38.183691],[13.325087,38.183057],[13.32511,38.182943],[13.325104,38.182842],[13.324883,38.182619],[13.32481,38.182451],[13.324807,38.182218],[13.324945,38.181754],[13.325077,38.181166],[13.325238,38.18062],[13.325304,38.180273],[13.325268,38.179986],[13.325196,38.179761],[13.325166,38.179489],[13.325193,38.178961],[13.325288,38.178537],[13.325374,38.178236],[13.325639,38.177466],[13.325829,38.176806],[13.326131,38.175919],[13.326277,38.175288],[13.326461,38.174719],[13.32652,38.174375],[13.326656,38.173809],[13.326788,38.173362],[13.327132,38.172392],[13.328592,38.168496],[13.328694,38.1683],[13.328821,38.168113],[13.331685,38.164204],[13.331829,38.164102],[13.33217,38.163928],[13.332455,38.163617],[13.333419,38.16224],[13.334024,38.161514],[13.335565,38.159341],[13.335757,38.15905],[13.336002,38.158723],[13.336538,38.15809],[13.337703,38.15677],[13.337861,38.156638],[13.338025,38.156432],[13.338785,38.15531],[13.340063,38.153546],[13.340938,38.15221],[13.340111,38.151881]]},"properties":{"id":"linea-645-0","route_id":"645","numero":"645","nome":"Stadio - Partanna","colore":"#983937","tipo":"bus","direzione":0,"da":"Piazza Della Serenita'","a":"Cassara'","fermate":["1471","1579","1578","84","1399","901","342","425","426","96","97","95","387","389","388","1875","1126","1124","1125","351","347","354","343","340","345","349","742","737","738","740","1488","692","697","684","694","683","339"],"lon":13.322116,"lat":38.188704}},{"type":"Feature","geometry":{"type":"LineString","coordinates":[[13.314942,38.15343],[13.314923,38.153434],[13.314902,38.153347],[13.315065,38.153311],[13.31524,38.153304],[13.315216,38.153391],[13.315229,38.153502],[13.315299,38.15359],[13.317054,38.154794],[13.317816,38.155336],[13.319895,38.153671],[13.321995,38.15193],[13.324174,38.150214],[13.324733,38.149677],[13.324943,38.149521],[13.325249,38.149322],[13.325666,38.149087],[13.325805,38.148947],[13.326095,38.148562],[13.326185,38.148496],[13.326292,38.14845],[13.326462,38.148426],[13.326555,38.148435],[13.32673,38.148487],[13.326806,38.14853],[13.326927,38.148641],[13.326975,38.148772],[13.326965,38.148907],[13.327025,38.149035],[13.327164,38.149199],[13.328796,38.150199],[13.328996,38.15029],[13.329711,38.150746],[13.331341,38.151737],[13.332923,38.149107],[13.336427,38.150511],[13.336856,38.15058],[13.337091,38.150683],[13.33755,38.150826],[13.337838,38.150934],[13.337928,38.150941],[13.338049,38.150908],[13.338179,38.150917],[13.338295,38.150888],[13.338453,38.150885],[13.33867,38.150941],[13.338797,38.151022],[13.338872,38.151103],[13.338912,38.151176],[13.33894,38.151294],[13.338925,38.151414],[13.33888,38.151509],[13.338774,38.151621],[13.33865,38.151692],[13.338506,38.151733],[13.338356,38.151741],[13.338202,38.15182],[13.338109,38.151889],[13.337052,38.153533],[13.337054,38.153627],[13.336974,38.153696],[13.336915,38.153708],[13.336999,38.153796],[13.338142,38.154588],[13.339019,38.154994],[13.339551,38.154256]]},"properties":{"id":"linea-675-0","route_id":"675","numero":"675","nome":"Stadio - Ospedale Cervello","colore":"#515D3B","tipo":"bus","direzione":0,"da":"Ospedale Cervello","a":"Del Fante Stadio Delle Palme","fermate":["1326","2056","1697","1704","1638","187","1994","608","605","2064","1492","2115","695"],"lon":13.331341,"lat":38.151737}},{"type":"Feature","geometry":{"type":"LineString","coordinates":[[13.339551,38.154256],[13.340063,38.153546],[13.340938,38.15221],[13.339882,38.15179],[13.339646,38.151776],[13.339274,38.151824],[13.339212,38.151819],[13.33901,38.151727],[13.338872,38.151691],[13.338599,38.151765],[13.338506,38.151733],[13.338356,38.151741],[13.338232,38.151723],[13.338117,38.151683],[13.338017,38.151624],[13.337936,38.151548],[13.337685,38.151186],[13.337618,38.15113],[13.337327,38.151016],[13.337081,38.150944],[13.334481,38.149867],[13.334121,38.150307],[13.332264,38.15245],[13.331125,38.151746],[13.329493,38.150771],[13.328904,38.150381],[13.328691,38.150295],[13.327366,38.149504],[13.326224,38.150672],[13.32567,38.151191],[13.323286,38.153682],[13.322729,38.154404],[13.322632,38.154582],[13.323131,38.154756],[13.323186,38.154975],[13.322897,38.154839],[13.322833,38.154903],[13.322513,38.155093],[13.322478,38.155127],[13.322276,38.155461],[13.322179,38.155553],[13.321916,38.155971],[13.32186,38.15598],[13.321831,38.155967],[13.321812,38.155923],[13.322,38.155619],[13.322233,38.15551],[13.322478,38.155127],[13.322556,38.155062],[13.322833,38.154903],[13.322897,38.154839],[13.322581,38.154691],[13.322632,38.154582],[13.320935,38.154778],[13.320538,38.154547],[13.323227,38.151743],[13.323279,38.15163],[13.323233,38.151593],[13.323073,38.151669],[13.322686,38.152],[13.318196,38.155599],[13.317054,38.154794],[13.315299,38.15359],[13.315229,38.153502],[13.315216,38.153391],[13.315073,38.153402],[13.314942,38.15343]]},"properties":{"id":"linea-675-1","route_id":"675","numero":"675","nome":"Stadio - Ospedale Cervello","colore":"#515D3B","tipo":"bus","direzione":1,"da":"Del Fante Stadio Delle Palme","a":"Ospedale Cervello","fermate":["695","1723","2293","146","145","186","2362","2363","2364","2211","2256","1326"],"lon":13.323131,"lat":38.154756}},{"type":"Feature","geometry":{"type":"LineString","coordinates":[[13.351781,38.129958],[13.351847,38.129853],[13.354545,38.130933],[13.352339,38.13435],[13.34977,38.133707],[13.345471,38.132595],[13.343454,38.132106],[13.343212,38.13248],[13.342795,38.133181],[13.342457,38.133683],[13.341094,38.135901],[13.337357,38.141891],[13.33625,38.143828],[13.334836,38.146051],[13.333845,38.147692],[13.332923,38.149107],[13.331381,38.151679],[13.330868,38.152287],[13.330488,38.152701],[13.328406,38.15486],[13.326694,38.156606],[13.324343,38.155519],[13.324785,38.154904],[13.324825,38.154792],[13.324833,38.154636],[13.324782,38.153939],[13.324345,38.153957],[13.32415,38.153935],[13.324059,38.153909],[13.323396,38.153567],[13.323286,38.153682],[13.322729,38.154404],[13.322632,38.154582],[13.323131,38.154756],[13.323186,38.154975],[13.326694,38.156606],[13.326419,38.156925],[13.325382,38.158007],[13.324612,38.158778],[13.324144,38.159289],[13.323532,38.159971],[13.322453,38.161227],[13.321148,38.162711],[13.320927,38.162985],[13.320716,38.163175],[13.320171,38.163595],[13.319681,38.163906],[13.319194,38.164146],[13.318956,38.164328],[13.319898,38.16521],[13.320167,38.165514],[13.320363,38.165781],[13.320536,38.166122],[13.321023,38.167403],[13.321204,38.167815],[13.321448,38.168115],[13.321766,38.168364],[13.323799,38.169707],[13.324257,38.169854],[13.327781,38.170678],[13.327132,38.172392],[13.327519,38.17262],[13.328429,38.172973],[13.331843,38.174208],[13.334218,38.175113],[13.335671,38.175635],[13.335807,38.175725],[13.335905,38.175847],[13.336103,38.176193],[13.336157,38.176227],[13.336227,38.176243],[13.336062,38.176699],[13.335888,38.177115],[13.335339,38.178613],[13.335057,38.179294],[13.334717,38.180245],[13.334454,38.180874],[13.334272,38.181402],[13.334125,38.18198],[13.333932,38.182973],[13.333677,38.184808],[13.333522,38.185689],[13.333337,38.186986],[13.333217,38.187688],[13.333043,38.189165],[13.332977,38.189277],[13.332853,38.190143],[13.332625,38.191446],[13.331908,38.196097],[13.331849,38.19656],[13.332071,38.196825],[13.332141,38.196951],[13.331426,38.197234],[13.331349,38.197058],[13.331369,38.196818],[13.331698,38.196706],[13.331849,38.19656],[13.331975,38.195674]]},"properties":{"id":"linea-704-0","route_id":"704","numero":"704","nome":"Croci - Mondello Valdesi","colore":"#8B4617","tipo":"bus","direzione":0,"da":"Piazza Mordini","a":"Margherita Di Savoia Mater Dei","fermate":["1486","567","580","744","1258","1259","1926","1929","1922","1927","1920","1709","1707","1710","1705","1997","1993","1991","1995","1989","1212","1211","841","2000","2005","2002","2008","1721","1713","1717","1719","1715","741","1123","1118","1120","1111","1109","1101","1104"],"lon":13.319898,"lat":38.16521}},{"type":"Feature","geometry":{"type":"LineString","coordinates":[[13.331975,38.195674],[13.332625,38.191446],[13.332781,38.190568],[13.332675,38.190555],[13.332442,38.190317],[13.332389,38.190227],[13.332373,38.190137],[13.332413,38.190033],[13.332771,38.189648],[13.332919,38.189657],[13.332977,38.189277],[13.33292,38.189144],[13.33295,38.188771],[13.333058,38.187983],[13.333256,38.186649],[13.333545,38.185009],[13.333588,38.184568],[13.33382,38.182991],[13.333944,38.182362],[13.334137,38.181621],[13.334516,38.180424],[13.334848,38.179525],[13.335188,38.178717],[13.336157,38.176227],[13.336103,38.176193],[13.335905,38.175847],[13.335807,38.175725],[13.335671,38.175635],[13.334218,38.175113],[13.331843,38.174208],[13.328429,38.172973],[13.327519,38.17262],[13.327132,38.172392],[13.327781,38.170678],[13.324257,38.169854],[13.323799,38.169707],[13.321766,38.168364],[13.321448,38.168115],[13.321204,38.167815],[13.321023,38.167403],[13.320536,38.166122],[13.320363,38.165781],[13.320167,38.165514],[13.319898,38.16521],[13.318956,38.164328],[13.318785,38.164467],[13.318669,38.164469],[13.318596,38.164431],[13.318558,38.164352],[13.318616,38.164262],[13.318746,38.164184],[13.319373,38.16388],[13.319974,38.163543],[13.320338,38.163313],[13.320702,38.163067],[13.321148,38.162711],[13.322453,38.161227],[13.323532,38.159971],[13.324144,38.159289],[13.324612,38.158778],[13.325382,38.158007],[13.326419,38.156925],[13.326694,38.156606],[13.322897,38.154839],[13.322833,38.154903],[13.322556,38.155062],[13.322478,38.155127],[13.322276,38.155461],[13.322179,38.155553],[13.321938,38.155955],[13.321916,38.155971],[13.32186,38.15598],[13.321831,38.155967],[13.321812,38.155923],[13.321978,38.155645],[13.322029,38.155596],[13.322193,38.155537],[13.322233,38.15551],[13.322478,38.155127],[13.322556,38.155062],[13.322833,38.154903],[13.322897,38.154839],[13.326694,38.156606],[13.328406,38.15486],[13.330408,38.152787],[13.330868,38.152287],[13.331381,38.151679],[13.332923,38.149107],[13.333845,38.147692],[13.334836,38.146051],[13.33625,38.143828],[13.337357,38.141891],[13.341094,38.135901],[13.342457,38.133683],[13.342795,38.133181],[13.343212,38.13248],[13.343454,38.132106],[13.345471,38.132595],[13.34977,38.133707],[13.352061,38.130214],[13.351709,38.130073],[13.351781,38.129958]]},"properties":{"id":"linea-704-1","route_id":"704","numero":"704","nome":"Croci - Mondello Valdesi","colore":"#8B4617","tipo":"bus","direzione":1,"da":"Margherita Di Savoia Mater Dei","a":"Piazza Mordini","fermate":["1104","1110","1112","1121","1119","1122","742","1716","1720","1718","1714","1722","2114","2003","2004","2006","2001","842","2364","2007","1990","1996","1992","1994","1998","1706","1711","1708","1712","1924","1921","1928","1923","1930","1925","1256","1257","1035","1486"],"lon":13.319373,"lat":38.16388}},{"type":"Feature","geometry":{"type":"LineString","coordinates":[[13.367688,38.144365],[13.367817,38.144375],[13.368042,38.144422],[13.36801,38.144634],[13.367864,38.145086],[13.367908,38.145202],[13.368012,38.145301],[13.368149,38.145333],[13.368308,38.145289],[13.368956,38.144981],[13.369113,38.144964],[13.369284,38.144966],[13.369462,38.145012],[13.369389,38.14507],[13.369188,38.145071],[13.369019,38.14509],[13.368341,38.145428],[13.367884,38.145794],[13.366791,38.146796],[13.365885,38.147667],[13.365708,38.147913],[13.365588,38.148117],[13.365422,38.1485],[13.364992,38.149626],[13.364759,38.149939],[13.364514,38.150081],[13.364167,38.150187],[13.36394,38.150185],[13.36366,38.150139],[13.362758,38.149893],[13.361693,38.149629],[13.360046,38.14918],[13.363996,38.150186],[13.36366,38.150139],[13.362758,38.149893],[13.361693,38.149629],[13.35833,38.148725],[13.358162,38.148662],[13.358056,38.148595],[13.357911,38.148467],[13.357695,38.148199],[13.357472,38.148245],[13.357406,38.148233],[13.357349,38.148195],[13.357326,38.148157],[13.357215,38.148085],[13.357109,38.148042],[13.354863,38.147668],[13.354548,38.147586],[13.354029,38.147419],[13.353523,38.147288],[13.353457,38.147246],[13.353426,38.147176],[13.353447,38.147105],[13.353512,38.147054],[13.353599,38.147038],[13.35369,38.146982],[13.353909,38.146744],[13.354326,38.146184],[13.356823,38.143153],[13.357479,38.142383],[13.357579,38.142232],[13.3582,38.13882],[13.358578,38.135926],[13.35651,38.135387],[13.35816,38.134569],[13.359023,38.133749],[13.359653,38.13261],[13.359649,38.132016],[13.357631,38.131191],[13.357007,38.130921],[13.355045,38.130142],[13.354214,38.131456],[13.352837,38.130912],[13.352977,38.130669],[13.352916,38.130563],[13.352673,38.13046]]},"properties":{"id":"linea-721-0","route_id":"721","numero":"721","nome":"Piazza Crispi - Acquasanta","colore":"#485E60","tipo":"bus","direzione":0,"da":"Ammiraglio Rizzo Piazza Acquasanta","a":"Piazza Crispi","fermate":["93","1621","1619","224","221","918","1866","1865","869","1214","1216","1221","1217","873","2267","1412","517"],"lon":13.358056,"lat":38.148595}},{"type":"Feature","geometry":{"type":"LineString","coordinates":[[13.352517,38.130245],[13.352581,38.130146],[13.354545,38.130933],[13.353594,38.132391],[13.352907,38.133481],[13.351543,38.135531],[13.350888,38.136564],[13.348834,38.139713],[13.350952,38.140613],[13.354433,38.142015],[13.356813,38.143032],[13.357214,38.143178],[13.357571,38.143244],[13.357402,38.144104],[13.356919,38.147075],[13.356913,38.147245],[13.357044,38.147492],[13.357283,38.147797],[13.357481,38.148008],[13.357552,38.148026],[13.357591,38.148052],[13.357695,38.148199],[13.357998,38.148236],[13.359124,38.148446],[13.360499,38.148793],[13.360267,38.146076],[13.360156,38.144433],[13.360304,38.143612],[13.360725,38.143659],[13.360304,38.143612],[13.361929,38.143806],[13.363842,38.144073],[13.365281,38.144247],[13.365821,38.144293],[13.366312,38.144283],[13.367688,38.144365]]},"properties":{"id":"linea-721-1","route_id":"721","numero":"721","nome":"Piazza Crispi - Acquasanta","colore":"#485E60","tipo":"bus","direzione":1,"da":"Piazza Crispi","a":"Ammiraglio Rizzo Piazza Acquasanta","fermate":["2337","580","2122","2116","2120","2118","41","39","149","147","1613","1615","2394","2396","2397","87","91","85","93"],"lon":13.357481,"lat":38.148008}},{"type":"Feature","geometry":{"type":"LineString","coordinates":[[13.352715,38.130198],[13.354545,38.130933],[13.352339,38.13435],[13.353518,38.134605],[13.354377,38.134847],[13.35651,38.135387],[13.35816,38.134569],[13.358338,38.134537],[13.358502,38.134546],[13.358716,38.13462],[13.358578,38.135926],[13.360168,38.136304],[13.361833,38.136728],[13.362669,38.136926],[13.367752,38.138238],[13.367776,38.139135],[13.367748,38.139905],[13.367535,38.140592],[13.367301,38.141022],[13.366893,38.141713],[13.367321,38.143425],[13.367649,38.14386],[13.367967,38.14418],[13.368038,38.144348],[13.36801,38.144634],[13.367864,38.145086],[13.367908,38.145202],[13.368012,38.145301],[13.368149,38.145333],[13.368308,38.145289],[13.368956,38.144981],[13.369113,38.144964],[13.369284,38.144966],[13.369462,38.145012],[13.369558,38.145061],[13.369659,38.145176],[13.369891,38.145536],[13.370791,38.148264],[13.370813,38.148673],[13.370786,38.149943],[13.370708,38.150977],[13.370674,38.152029],[13.370641,38.152268],[13.370603,38.153822],[13.370553,38.154461],[13.370535,38.155146],[13.370727,38.156456],[13.370973,38.157865],[13.371061,38.158483],[13.37113,38.158676],[13.371648,38.159556],[13.371664,38.159644],[13.37153,38.159968],[13.371229,38.160535],[13.370357,38.162433],[13.369796,38.163591],[13.369449,38.164424],[13.369165,38.16519],[13.369038,38.165329],[13.368892,38.165407],[13.367665,38.165521],[13.367446,38.165516],[13.366553,38.165315],[13.366202,38.165271],[13.36594,38.165385],[13.365813,38.165568],[13.365845,38.165851],[13.365913,38.166192],[13.366524,38.168945],[13.365913,38.166192],[13.365845,38.165851],[13.365813,38.165568],[13.36594,38.165385],[13.366202,38.165271],[13.366553,38.165315],[13.367446,38.165516],[13.367665,38.165521],[13.368394,38.165458]]},"properties":{"id":"linea-731-0","route_id":"731","numero":"731","nome":"Vergine Maria - Croci","colore":"#605A23","tipo":"bus","direzione":0,"da":"Croci","a":"Piazza Bordonaro","fermate":["567","580","746","743","318","321","316","322","1950","1452","1371","1367","1359","1363","1369","1365","1361","1774","1775","1776","1465","547","527","525","526","545","1466"],"lon":13.370786,"lat":38.149943}},{"type":"Feature","geometry":{"type":"LineString","coordinates":[[13.368394,38.165458],[13.368892,38.165407],[13.369038,38.165329],[13.369165,38.16519],[13.369449,38.164424],[13.369796,38.163591],[13.370357,38.162433],[13.371229,38.160535],[13.37153,38.159968],[13.371664,38.159644],[13.371648,38.159556],[13.37113,38.158676],[13.371061,38.158483],[13.370973,38.157865],[13.370727,38.156456],[13.370535,38.155146],[13.370553,38.154461],[13.370603,38.153822],[13.370641,38.152268],[13.370674,38.152029],[13.370708,38.150977],[13.370786,38.149943],[13.370813,38.148673],[13.370791,38.148264],[13.369891,38.145536],[13.369659,38.145176],[13.369558,38.145061],[13.369462,38.145012],[13.369284,38.144966],[13.369113,38.144964],[13.368956,38.144981],[13.368308,38.145289],[13.368149,38.145333],[13.368012,38.145301],[13.367908,38.145202],[13.367864,38.145086],[13.36801,38.144634],[13.368038,38.144348],[13.367967,38.14418],[13.367649,38.14386],[13.367321,38.143425],[13.366893,38.141713],[13.367301,38.141022],[13.367535,38.140592],[13.367748,38.139905],[13.367776,38.139135],[13.367752,38.138238],[13.362669,38.136926],[13.361833,38.136728],[13.360168,38.136304],[13.358578,38.135926],[13.354377,38.134847],[13.353518,38.134605],[13.352339,38.13435],[13.34977,38.133707],[13.352203,38.129997],[13.352715,38.130198]]},"properties":{"id":"linea-731-1","route_id":"731","numero":"731","nome":"Vergine Maria - Croci","colore":"#605A23","tipo":"bus","direzione":1,"da":"Piazza Bordonaro","a":"Croci","fermate":["1466","2113","1777","1778","1779","1362","1366","1370","1364","1360","1368","1451","1949","1951","323","319","320","317","873","745","744","1035","567"],"lon":13.369284,"lat":38.144966}},{"type":"Feature","geometry":{"type":"LineString","coordinates":[[13.324583,38.205847],[13.324984,38.20599],[13.325081,38.205964],[13.325145,38.206135],[13.325369,38.206498],[13.325463,38.206604],[13.325238,38.206595],[13.324558,38.206383],[13.323668,38.205868],[13.323377,38.205666],[13.323096,38.20541],[13.323361,38.203648],[13.323374,38.203425],[13.323537,38.20229],[13.323603,38.201656],[13.323716,38.20138],[13.323868,38.201127],[13.324688,38.201565],[13.32507,38.201687],[13.325354,38.20143],[13.325662,38.201257],[13.325905,38.201176],[13.326074,38.200981],[13.326409,38.200446],[13.326934,38.199789],[13.329661,38.19734],[13.331698,38.196706],[13.331849,38.19656],[13.331908,38.196097],[13.332625,38.191446],[13.332781,38.190568],[13.332675,38.190555],[13.332442,38.190317],[13.332389,38.190227],[13.332373,38.190137],[13.332413,38.190033],[13.332771,38.189648],[13.332919,38.189657],[13.332977,38.189277],[13.33292,38.189144],[13.33295,38.188771],[13.333058,38.187983],[13.333256,38.186649],[13.333545,38.185009],[13.333588,38.184568],[13.33382,38.182991],[13.333944,38.182362],[13.334137,38.181621],[13.334516,38.180424],[13.334848,38.179525],[13.335188,38.178717],[13.336157,38.176227],[13.336962,38.174005],[13.33714,38.173472],[13.337492,38.172618],[13.337703,38.172017],[13.337979,38.171415],[13.338498,38.170166],[13.338522,38.170058],[13.338508,38.169967],[13.338466,38.169888],[13.338391,38.169805],[13.337851,38.169425],[13.337527,38.169261],[13.33584,38.168568],[13.335691,38.168401],[13.335636,38.16823],[13.335632,38.168103],[13.33567,38.168017],[13.336035,38.167459],[13.336916,38.166298],[13.337701,38.165213],[13.338002,38.164769],[13.338334,38.164344],[13.338524,38.164043],[13.339339,38.162952],[13.340039,38.162062],[13.34034,38.16163],[13.341071,38.160685],[13.342876,38.158166],[13.345949,38.154051],[13.346731,38.152969],[13.348622,38.150419],[13.348596,38.150299],[13.348541,38.150181],[13.348436,38.15008],[13.347909,38.149703],[13.34559,38.148126],[13.344822,38.147639],[13.34419,38.147265],[13.343838,38.147158],[13.343699,38.147064],[13.343706,38.146833],[13.343671,38.146761],[13.343461,38.146571],[13.342385,38.145876],[13.34229,38.145924],[13.342171,38.145954],[13.342047,38.145958],[13.341893,38.145923],[13.341785,38.145866],[13.341668,38.145736],[13.34164,38.145658],[13.341652,38.145499],[13.341691,38.145424],[13.34175,38.145359],[13.341843,38.145297],[13.341952,38.145256],[13.342072,38.145239],[13.342192,38.145247],[13.342306,38.14528],[13.343213,38.143847],[13.344452,38.141963],[13.345844,38.13978],[13.346898,38.138172],[13.347747,38.136809],[13.348558,38.13562],[13.349285,38.134438],[13.352203,38.129997],[13.354545,38.130933],[13.354214,38.131456],[13.352837,38.130912],[13.352977,38.130669],[13.352916,38.130563],[13.352673,38.13046]]},"properties":{"id":"linea-806-0","route_id":"806","numero":"806","nome":"Piazza Crispi - Mondello","colore":"#775228","tipo":"bus","direzione":0,"da":"Nodo Teti","a":"Piazza Crispi","fermate":["2323","1208","2324","1604","1603","1606","1607","1104","1110","1112","916","1608","133","1031","1029","1033","1039","1027","1041","1024","1035","567","517"],"lon":13.337851,"lat":38.169425}},{"type":"Feature","geometry":{"type":"LineString","coordinates":[[13.352673,38.13046],[13.352061,38.130214],[13.349285,38.134438],[13.348558,38.13562],[13.347747,38.136809],[13.346898,38.138172],[13.345844,38.13978],[13.344452,38.141963],[13.343213,38.143847],[13.342306,38.14528],[13.342462,38.145387],[13.342543,38.145536],[13.34255,38.1456],[13.34252,38.145727],[13.342436,38.145838],[13.34372,38.146667],[13.344012,38.14684],[13.343977,38.146875],[13.344264,38.14708],[13.348262,38.149775],[13.348811,38.150173],[13.350023,38.150985],[13.350108,38.151105],[13.350152,38.151213],[13.350175,38.151346],[13.350176,38.15155],[13.350151,38.151748],[13.349335,38.15248],[13.344054,38.157557],[13.340318,38.164538],[13.339528,38.165972],[13.339322,38.166401],[13.339213,38.166847],[13.338978,38.168691],[13.338801,38.169791],[13.337858,38.171965],[13.33706,38.17405],[13.336773,38.174748],[13.335524,38.178127],[13.335057,38.179294],[13.334717,38.180245],[13.334454,38.180874],[13.334272,38.181402],[13.334125,38.18198],[13.333932,38.182973],[13.333677,38.184808],[13.333522,38.185689],[13.333337,38.186986],[13.333217,38.187688],[13.333043,38.189165],[13.332977,38.189277],[13.332853,38.190143],[13.332625,38.191446],[13.331908,38.196097],[13.331849,38.19656],[13.332071,38.196825],[13.332141,38.196951],[13.331426,38.197234],[13.331349,38.197058],[13.331369,38.196818],[13.329661,38.19734],[13.326934,38.199789],[13.326409,38.200446],[13.326074,38.200981],[13.325905,38.201176],[13.325662,38.201257],[13.325354,38.20143],[13.32507,38.201687],[13.32496,38.201885],[13.324891,38.202216],[13.324911,38.20248],[13.324975,38.202652],[13.324626,38.203219],[13.324361,38.203695],[13.324262,38.20404],[13.324013,38.205644],[13.324583,38.205847]]},"properties":{"id":"linea-806-1","route_id":"806","numero":"806","nome":"Piazza Crispi - Mondello","colore":"#775228","tipo":"bus","direzione":1,"da":"Piazza Crispi","a":"Nodo Teti","fermate":["517","1025","1034","1023","1040","1038","1032","1028","1030","132","717","719","718","720","1111","1109","1101","2325","2326","2327","2328","2329","2338","2323"],"lon":13.335524,"lat":38.178127}},{"type":"Feature","geometry":{"type":"LineString","coordinates":[[13.351038,38.168159],[13.350814,38.168045],[13.350301,38.167918],[13.350021,38.167918],[13.349298,38.168064],[13.348965,38.168085],[13.348709,38.168057],[13.348476,38.167983],[13.348246,38.167881],[13.348043,38.167725],[13.347798,38.16744],[13.347503,38.167072],[13.347465,38.166801],[13.347624,38.16652],[13.348099,38.166024],[13.34911,38.165153],[13.349405,38.164731],[13.349626,38.16433],[13.349732,38.16401],[13.3498,38.163783],[13.349791,38.163607],[13.349735,38.163352],[13.349626,38.163171],[13.349378,38.162483],[13.349287,38.162103],[13.349296,38.161616],[13.349782,38.160594],[13.349823,38.160378],[13.349747,38.159632],[13.34977,38.159523],[13.34987,38.159449],[13.350032,38.159449],[13.350171,38.159569],[13.350298,38.159648],[13.350513,38.159681],[13.350932,38.15963],[13.351262,38.159634],[13.35153,38.159678],[13.351934,38.159859],[13.352385,38.160121],[13.352659,38.160251],[13.352803,38.160241],[13.353095,38.160193],[13.353405,38.160088],[13.353585,38.159968],[13.353738,38.159766],[13.353844,38.159583],[13.354012,38.159428],[13.354431,38.159171],[13.35497,38.158783],[13.355751,38.158211],[13.356288,38.157761],[13.35704,38.157434],[13.357803,38.157128],[13.358145,38.157022],[13.358519,38.156989],[13.359407,38.156994],[13.360203,38.157017],[13.360642,38.157003],[13.361004,38.15695],[13.361093,38.156853],[13.361078,38.156778],[13.36101,38.156707],[13.360925,38.156695],[13.360757,38.156716],[13.360385,38.156799],[13.359471,38.156753],[13.358339,38.156533],[13.357765,38.156361],[13.357211,38.156136],[13.357051,38.156055],[13.356836,38.1559],[13.356692,38.155717],[13.356585,38.155548],[13.356589,38.155443],[13.356615,38.155367],[13.356718,38.15532],[13.356833,38.155334],[13.35691,38.155376],[13.357207,38.155666],[13.35739,38.155779],[13.358174,38.156064],[13.358407,38.156111],[13.358985,38.156104],[13.359342,38.156078],[13.361231,38.155847],[13.361971,38.155687],[13.362304,38.155552],[13.362611,38.155376],[13.362865,38.155147],[13.36292,38.155028],[13.362903,38.154982],[13.362779,38.154931],[13.362723,38.154922],[13.362623,38.154936],[13.362537,38.15507],[13.362422,38.155193],[13.36226,38.155318],[13.362127,38.155374],[13.361691,38.155397],[13.361302,38.155395],[13.360945,38.155358],[13.359784,38.154845],[13.359418,38.154776],[13.359215,38.154753],[13.359091,38.154713],[13.359077,38.154572],[13.35918,38.15453],[13.359298,38.154514],[13.359575,38.154556],[13.360179,38.154583],[13.360651,38.154586],[13.361161,38.154556],[13.361709,38.154377],[13.362001,38.154256],[13.362068,38.154185],[13.362045,38.154113],[13.361951,38.154069],[13.361777,38.154071],[13.361582,38.154134],[13.360848,38.154305],[13.360424,38.154377],[13.360341,38.154358],[13.36027,38.15431],[13.360267,38.154238],[13.360376,38.154152],[13.361184,38.15405],[13.361414,38.153981],[13.361559,38.153892],[13.361892,38.153543],[13.362057,38.153387],[13.362216,38.153274],[13.362219,38.153151],[13.36216,38.153081],[13.36206,38.153074],[13.361954,38.153121],[13.361759,38.15341],[13.361621,38.153556],[13.361402,38.153672],[13.361111,38.153793],[13.360943,38.153765],[13.360913,38.153702],[13.360904,38.153596],[13.360987,38.153547],[13.361087,38.153522],[13.361252,38.153517],[13.361435,38.153484],[13.361573,38.153392],[13.361682,38.153264],[13.362021,38.152627],[13.362186,38.152386],[13.362307,38.152337],[13.362882,38.152166],[13.363336,38.151973],[13.363955,38.151915],[13.364052,38.151841],[13.364047,38.151739],[13.363988,38.151658],[13.363799,38.151683],[13.363212,38.151855],[13.362213,38.152066],[13.361959,38.152175],[13.361694,38.152358],[13.361379,38.152736],[13.361249,38.152782],[13.361105,38.152754],[13.361075,38.152692],[13.361081,38.152631],[13.361134,38.15255],[13.361792,38.152047],[13.362652,38.151537],[13.362997,38.151431],[13.363448,38.151315],[13.36361,38.151319],[13.363902,38.151428],[13.364011,38.151431],[13.364324,38.151489],[13.364557,38.151558],[13.364654,38.151637],[13.364686,38.151829],[13.364601,38.152407],[13.364645,38.152828],[13.365341,38.154551],[13.365456,38.154758],[13.365801,38.155111],[13.366388,38.155634],[13.366859,38.156012],[13.367036,38.156194],[13.367192,38.156388],[13.367277,38.156526],[13.367482,38.156989],[13.367565,38.157069],[13.367635,38.157088],[13.367701,38.157075],[13.36776,38.157051],[13.367786,38.156989],[13.367784,38.15691],[13.367746,38.156828],[13.366883,38.155535],[13.366015,38.154284],[13.365916,38.154063],[13.365845,38.15374],[13.365673,38.152702],[13.365633,38.152338],[13.365704,38.152177],[13.365888,38.15189],[13.366397,38.151153],[13.366791,38.150003],[13.367003,38.149174],[13.366987,38.149008],[13.36689,38.148917],[13.366807,38.148886],[13.366702,38.148871],[13.366592,38.148887],[13.36636,38.149031],[13.365192,38.149885],[13.364929,38.150056],[13.364731,38.150164],[13.364464,38.150238],[13.364193,38.150243],[13.363996,38.150186],[13.36366,38.150139],[13.362758,38.149893],[13.361693,38.149629],[13.360046,38.14918],[13.363996,38.150186],[13.36366,38.150139],[13.362758,38.149893],[13.361693,38.149629],[13.35833,38.148725],[13.358162,38.148662],[13.358056,38.148595],[13.357911,38.148467],[13.357695,38.148199],[13.357472,38.148245],[13.357406,38.148233],[13.357349,38.148195],[13.357326,38.148157],[13.357215,38.148085],[13.357109,38.148042],[13.354863,38.147668],[13.354548,38.147586],[13.354029,38.147419],[13.353523,38.147288],[13.353457,38.147246],[13.353435,38.147213],[13.35343,38.147139],[13.353476,38.147075],[13.353554,38.147041],[13.353599,38.147038],[13.35369,38.146982],[13.353909,38.146744],[13.354326,38.146184],[13.356823,38.143153],[13.357479,38.142383],[13.357579,38.142232],[13.3582,38.13882],[13.358578,38.135926],[13.354377,38.134847],[13.353518,38.134605],[13.352339,38.13435],[13.34977,38.133707],[13.352203,38.129997],[13.354545,38.130933],[13.354214,38.131456],[13.352837,38.130912],[13.352977,38.130669],[13.352916,38.130563],[13.352673,38.13046]]},"properties":{"id":"linea-812-0","route_id":"812","numero":"812","nome":"Piazza Mordini - Montepellegrino","colore":"#744A4C","tipo":"bus","direzione":0,"da":"Santuario","a":"Piazza Crispi","fermate":["1905","219","224","221","918","1866","1865","869","1214","1216","1221","1217","873","745","744","1035","567","517"],"lon":13.36206,"lat":38.153074}},{"type":"Feature","geometry":{"type":"LineString","coordinates":[[13.352673,38.13046],[13.352061,38.130214],[13.353338,38.128187],[13.355403,38.125009],[13.357012,38.125668],[13.357155,38.125711],[13.357236,38.125768],[13.357511,38.126205],[13.357962,38.126025],[13.358088,38.125938],[13.358012,38.126142],[13.357909,38.126303],[13.357384,38.126506],[13.356724,38.127565],[13.356428,38.12796],[13.354214,38.131456],[13.353594,38.132391],[13.352339,38.13435],[13.353518,38.134605],[13.354377,38.134847],[13.35651,38.135387],[13.35816,38.134569],[13.358338,38.134537],[13.358502,38.134546],[13.358716,38.13462],[13.358578,38.135926],[13.358716,38.135959],[13.358323,38.139013],[13.357757,38.142083],[13.357571,38.143244],[13.357402,38.144104],[13.356919,38.147075],[13.356913,38.147245],[13.357044,38.147492],[13.357283,38.147797],[13.357481,38.148008],[13.357552,38.148026],[13.357591,38.148052],[13.357621,38.148109],[13.357911,38.148467],[13.358056,38.148595],[13.358162,38.148662],[13.35833,38.148725],[13.361693,38.149629],[13.362758,38.149893],[13.36366,38.150139],[13.363996,38.150186],[13.359934,38.149151],[13.361693,38.149629],[13.362633,38.149862],[13.357695,38.148199],[13.357911,38.148467],[13.358056,38.148595],[13.358162,38.148662],[13.35833,38.148725],[13.361693,38.149629],[13.362758,38.149893],[13.36366,38.150139],[13.363996,38.150186],[13.364193,38.150243],[13.364464,38.150238],[13.364731,38.150164],[13.364929,38.150056],[13.365192,38.149885],[13.36636,38.149031],[13.366592,38.148887],[13.366702,38.148871],[13.366807,38.148886],[13.36689,38.148917],[13.366987,38.149008],[13.367003,38.149174],[13.366791,38.150003],[13.366397,38.151153],[13.365888,38.15189],[13.365704,38.152177],[13.365633,38.152338],[13.365673,38.152702],[13.365845,38.15374],[13.365916,38.154063],[13.366015,38.154284],[13.366883,38.155535],[13.367746,38.156828],[13.367784,38.15691],[13.367786,38.156989],[13.36776,38.157051],[13.367701,38.157075],[13.367635,38.157088],[13.367565,38.157069],[13.367482,38.156989],[13.367277,38.156526],[13.367192,38.156388],[13.367036,38.156194],[13.366859,38.156012],[13.366388,38.155634],[13.365801,38.155111],[13.365456,38.154758],[13.365341,38.154551],[13.364645,38.152828],[13.364601,38.152407],[13.364686,38.151829],[13.364654,38.151637],[13.364557,38.151558],[13.364324,38.151489],[13.364011,38.151431],[13.363902,38.151428],[13.36361,38.151319],[13.363448,38.151315],[13.362997,38.151431],[13.362652,38.151537],[13.361792,38.152047],[13.361134,38.15255],[13.361081,38.152631],[13.361075,38.152692],[13.361105,38.152754],[13.361249,38.152782],[13.361379,38.152736],[13.361694,38.152358],[13.361959,38.152175],[13.362213,38.152066],[13.363212,38.151855],[13.363799,38.151683],[13.363988,38.151658],[13.364047,38.151739],[13.364052,38.151841],[13.363955,38.151915],[13.363336,38.151973],[13.362882,38.152166],[13.362307,38.152337],[13.362186,38.152386],[13.362021,38.152627],[13.361682,38.153264],[13.361573,38.153392],[13.361435,38.153484],[13.361252,38.153517],[13.361087,38.153522],[13.360987,38.153547],[13.360904,38.153596],[13.360913,38.153702],[13.360943,38.153765],[13.361111,38.153793],[13.361402,38.153672],[13.361621,38.153556],[13.361759,38.15341],[13.361954,38.153121],[13.36206,38.153074],[13.36216,38.153081],[13.362219,38.153151],[13.362216,38.153274],[13.362057,38.153387],[13.361892,38.153543],[13.361559,38.153892],[13.361414,38.153981],[13.361184,38.15405],[13.360376,38.154152],[13.360267,38.154238],[13.36027,38.15431],[13.360341,38.154358],[13.360424,38.154377],[13.360848,38.154305],[13.361582,38.154134],[13.361777,38.154071],[13.361951,38.154069],[13.362045,38.154113],[13.362068,38.154185],[13.362001,38.154256],[13.361709,38.154377],[13.361161,38.154556],[13.360651,38.154586],[13.360179,38.154583],[13.359575,38.154556],[13.359298,38.154514],[13.35918,38.15453],[13.359077,38.154572],[13.359091,38.154713],[13.359215,38.154753],[13.359418,38.154776],[13.359784,38.154845],[13.360945,38.155358],[13.361302,38.155395],[13.361691,38.155397],[13.362127,38.155374],[13.36226,38.155318],[13.362422,38.155193],[13.362537,38.15507],[13.362623,38.154936],[13.362723,38.154922],[13.362779,38.154931],[13.362903,38.154982],[13.36292,38.155028],[13.362865,38.155147],[13.362611,38.155376],[13.362304,38.155552],[13.361971,38.155687],[13.361231,38.155847],[13.359342,38.156078],[13.358985,38.156104],[13.358407,38.156111],[13.358174,38.156064],[13.35739,38.155779],[13.357207,38.155666],[13.35691,38.155376],[13.356833,38.155334],[13.356718,38.15532],[13.356615,38.155367],[13.356589,38.155443],[13.356585,38.155548],[13.356692,38.155717],[13.356836,38.1559],[13.357051,38.156055],[13.357211,38.156136],[13.357765,38.156361],[13.358339,38.156533],[13.359471,38.156753],[13.360385,38.156799],[13.360757,38.156716],[13.360925,38.156695],[13.36101,38.156707],[13.361078,38.156778],[13.361093,38.156853],[13.361004,38.15695],[13.360642,38.157003],[13.360203,38.157017],[13.359407,38.156994],[13.358519,38.156989],[13.358145,38.157022],[13.357803,38.157128],[13.35704,38.157434],[13.356288,38.157761],[13.355751,38.158211],[13.35497,38.158783],[13.354431,38.159171],[13.354012,38.159428],[13.353844,38.159583],[13.353738,38.159766],[13.353585,38.159968],[13.353405,38.160088],[13.353095,38.160193],[13.352803,38.160241],[13.352659,38.160251],[13.352385,38.160121],[13.351934,38.159859],[13.35153,38.159678],[13.351262,38.159634],[13.350932,38.15963],[13.350513,38.159681],[13.350298,38.159648],[13.350171,38.159569],[13.350032,38.159449],[13.34987,38.159449],[13.34977,38.159523],[13.349747,38.159632],[13.349823,38.160378],[13.349782,38.160594],[13.349296,38.161616],[13.349287,38.162103],[13.349378,38.162483],[13.349626,38.163171],[13.349735,38.163352],[13.349791,38.163607],[13.3498,38.163783],[13.349732,38.16401],[13.349626,38.16433],[13.349405,38.164731],[13.34911,38.165153],[13.348099,38.166024],[13.347624,38.16652],[13.347465,38.166801],[13.347503,38.167072],[13.348043,38.167725],[13.348246,38.167881],[13.348476,38.167983],[13.348709,38.168057],[13.348965,38.168085],[13.349298,38.168064],[13.350021,38.167918],[13.350301,38.167918],[13.350814,38.168045],[13.35112,38.1682],[13.351412,38.168476],[13.351807,38.168915],[13.352662,38.169742],[13.353108,38.170029],[13.35444,38.170963],[13.355173,38.171531],[13.35626,38.172475],[13.356994,38.173089],[13.357156,38.173336],[13.3572,38.173776],[13.357388,38.174465],[13.357657,38.174723],[13.357963,38.17496],[13.358626,38.175268],[13.359691,38.175725],[13.359971,38.175809],[13.360288,38.17578],[13.360586,38.175656],[13.360686,38.17536],[13.360694,38.175256],[13.360686,38.17536],[13.360586,38.175656],[13.360288,38.17578],[13.359971,38.175809],[13.359691,38.175725],[13.358626,38.175268],[13.357963,38.17496],[13.357657,38.174723],[13.357388,38.174465],[13.3572,38.173776],[13.357156,38.173336],[13.356994,38.173089],[13.35626,38.172475],[13.355173,38.171531],[13.35444,38.170963],[13.353108,38.170029],[13.352662,38.169742],[13.351807,38.168915],[13.351412,38.168476],[13.35112,38.1682],[13.351038,38.168159]]},"properties":{"id":"linea-812-1","route_id":"812","numero":"812","nome":"Piazza Mordini - Montepellegrino","colore":"#744A4C","tipo":"bus","direzione":1,"da":"Piazza Crispi","a":"Santuario","fermate":["517","1026","1037","2333","1609","917","1412","580","746","743","1218","1220","1215","1213","1613","1615","225","220","222","228","1904","1905"],"lon":13.361582,"lat":38.154134}},{"type":"Feature","geometry":{"type":"LineString","coordinates":[[13.371032,38.119415],[13.371024,38.11947],[13.370977,38.119549],[13.371442,38.119737],[13.372711,38.117944],[13.373021,38.117597],[13.37217,38.11719],[13.370606,38.116601],[13.370226,38.116408],[13.369861,38.116309],[13.369653,38.11622],[13.368843,38.115817],[13.367957,38.115423],[13.367247,38.11514],[13.367097,38.115099],[13.367179,38.114792],[13.366593,38.114455],[13.366427,38.11403],[13.366609,38.114012],[13.367454,38.112558],[13.367753,38.112073],[13.368366,38.111514],[13.367044,38.110874],[13.365114,38.110032],[13.364515,38.109929],[13.363477,38.109814],[13.363226,38.109751],[13.362714,38.109541],[13.361687,38.109216],[13.360512,38.10899],[13.359307,38.10882],[13.358059,38.108554],[13.356886,38.108257],[13.356548,38.108209],[13.356285,38.108199],[13.35586,38.108492],[13.355376,38.108896],[13.355297,38.109001],[13.355041,38.109429],[13.356271,38.109978],[13.355026,38.111357],[13.354428,38.110735],[13.353566,38.110131],[13.353355,38.110025],[13.353217,38.10999],[13.35302,38.109998],[13.352929,38.110025],[13.352195,38.110526],[13.351864,38.110728]]},"properties":{"id":"linea-ARANC-0","route_id":"ARANC","numero":"ARANC","nome":"Porta Felice-Indipendenza","colore":"#FACE2F","tipo":"bus","direzione":0,"da":"Porta Felice","a":"Indipendenza Palazzo Reale","fermate":["1595","838","2217","2218","2219","1044","2073","2075","188","2226","912"],"lon":13.364515,"lat":38.109929}},{"type":"Feature","geometry":{"type":"LineString","coordinates":[[13.351864,38.110728],[13.351424,38.110998],[13.351287,38.111142],[13.351062,38.111471],[13.35211,38.111903],[13.351953,38.112108],[13.352343,38.113362],[13.352392,38.113569],[13.352402,38.113775],[13.352355,38.113983],[13.352301,38.114108],[13.351887,38.114793],[13.35333,38.115209],[13.352681,38.115895],[13.352415,38.116207],[13.351171,38.117548],[13.351127,38.117806],[13.35113,38.118099],[13.350896,38.119853],[13.352977,38.120166],[13.353323,38.119377],[13.353658,38.119386],[13.354612,38.119664],[13.35604,38.120111],[13.356743,38.120466],[13.356916,38.12062],[13.35692,38.120665],[13.356885,38.120753],[13.357015,38.120893],[13.357881,38.121235],[13.359819,38.121706],[13.361418,38.122138],[13.362369,38.122374],[13.36313,38.122496],[13.36321,38.12248],[13.363868,38.122555],[13.364059,38.122563],[13.364329,38.122543],[13.364996,38.122412],[13.365087,38.122368],[13.36515,38.12231],[13.365767,38.121288],[13.365895,38.121169],[13.36636,38.12044],[13.366473,38.120123],[13.366603,38.119502],[13.366705,38.119288],[13.366767,38.119201],[13.36699,38.118966],[13.367166,38.118835],[13.367298,38.118768],[13.367741,38.118235],[13.370392,38.11931],[13.370624,38.119151],[13.370747,38.119132],[13.370883,38.119175],[13.370977,38.119242],[13.371009,38.119291],[13.371032,38.119415]]},"properties":{"id":"linea-ARANC-1","route_id":"ARANC","numero":"ARANC","nome":"Porta Felice-Indipendenza","colore":"#FACE2F","tipo":"bus","direzione":1,"da":"Indipendenza Palazzo Reale","a":"Porta Felice","fermate":["912","294","2298","1373","4","2196","1505","390","2282","165","261","2189","1595"],"lon":13.357881,"lat":38.121235}},{"type":"Feature","geometry":{"type":"LineString","coordinates":[[13.37077,38.159171],[13.370817,38.159247],[13.370781,38.159201],[13.370641,38.158832],[13.366662,38.159932],[13.36682,38.162461],[13.366953,38.162483]]},"properties":{"id":"linea-C.R.-0","route_id":"C.R.","numero":"C.R.","nome":"Circolare Cimitero","colore":"#FFFFFF","tipo":"bus","direzione":0,"da":"Rotoli Entrata","a":"Rotoli Interna","fermate":["4001","4002","4000"],"lon":13.370641,"lat":38.158832}},{"type":"Feature","geometry":{"type":"LineString","coordinates":[[13.366953,38.162483],[13.36682,38.162461],[13.366662,38.159932],[13.370641,38.158832],[13.370781,38.159201],[13.370817,38.159247],[13.37077,38.159171]]},"properties":{"id":"linea-C.R.-1","route_id":"C.R.","numero":"C.R.","nome":"Circolare Cimitero","colore":"#FFFFFF","tipo":"bus","direzione":1,"da":"Rotoli Interna","a":"Rotoli Entrata","fermate":["4000","4001"],"lon":13.370641,"lat":38.158832}},{"type":"Feature","geometry":{"type":"LineString","coordinates":[[13.324607,38.205855],[13.324013,38.205644],[13.323953,38.206041],[13.323377,38.205666],[13.323096,38.20541],[13.323361,38.203648],[13.323374,38.203425],[13.323537,38.20229],[13.323603,38.201656],[13.323716,38.20138],[13.323868,38.201127],[13.324688,38.201565],[13.32507,38.201687],[13.325354,38.20143],[13.325662,38.201257],[13.325905,38.201176],[13.326074,38.200981],[13.326409,38.200446],[13.326934,38.199789],[13.329661,38.19734],[13.331698,38.196706],[13.331849,38.19656],[13.331908,38.196097],[13.333121,38.195642],[13.333819,38.195423],[13.334157,38.195414],[13.337002,38.195664],[13.337925,38.195767],[13.33852,38.195788],[13.338786,38.195766],[13.339057,38.19571],[13.339376,38.19557],[13.339555,38.195449],[13.339734,38.195245],[13.339858,38.195017],[13.339919,38.19477],[13.340046,38.194415],[13.340218,38.193807],[13.340316,38.193637],[13.340451,38.193494],[13.344523,38.190804],[13.346102,38.189796],[13.346572,38.189467],[13.347074,38.189172],[13.347302,38.189058],[13.347717,38.188975],[13.348999,38.188828],[13.349919,38.188764],[13.350915,38.188645],[13.351566,38.188618],[13.352017,38.188651],[13.352562,38.188793],[13.354165,38.189396],[13.354843,38.189852],[13.355925,38.190732],[13.356181,38.190965],[13.356573,38.191227],[13.356975,38.191371],[13.35749,38.191346],[13.357741,38.191288],[13.358042,38.191134],[13.358275,38.190951],[13.360178,38.187444],[13.360685,38.186777],[13.361921,38.185543],[13.36354,38.183997],[13.364202,38.183341],[13.365078,38.181867],[13.365261,38.181421],[13.365484,38.180744],[13.365849,38.179826],[13.366055,38.179184],[13.366155,38.178765],[13.366187,38.178399],[13.3661,38.177925],[13.366027,38.177706],[13.365977,38.177438],[13.366004,38.176358],[13.366064,38.175562],[13.366096,38.174425],[13.365972,38.17243],[13.366022,38.172061],[13.366721,38.170651],[13.366698,38.170088],[13.366557,38.169109],[13.366438,38.168506],[13.365913,38.166192],[13.365845,38.165851],[13.365813,38.165568],[13.36594,38.165385],[13.366202,38.165271],[13.366553,38.165315],[13.367446,38.165516],[13.367665,38.165521],[13.368892,38.165407],[13.369038,38.165329],[13.369165,38.16519],[13.369449,38.164424],[13.369796,38.163591],[13.370357,38.162433],[13.371229,38.160535],[13.37153,38.159968],[13.371664,38.159644],[13.371648,38.159556],[13.37113,38.158676],[13.371061,38.158483],[13.370973,38.157865],[13.370727,38.156456],[13.370535,38.155146],[13.370553,38.154461],[13.370603,38.153822],[13.370641,38.152268],[13.370674,38.152029],[13.370708,38.150977],[13.370786,38.149943],[13.370813,38.148673],[13.370791,38.148264],[13.369891,38.145536],[13.369659,38.145176],[13.369558,38.145061],[13.369462,38.145012],[13.369284,38.144966],[13.369113,38.144964],[13.368956,38.144981],[13.368308,38.145289],[13.368149,38.145333],[13.368012,38.145301],[13.367908,38.145202],[13.367864,38.145086],[13.36801,38.144634],[13.368042,38.144422],[13.367964,38.1444],[13.367817,38.144375],[13.367149,38.144327],[13.366312,38.144283],[13.365821,38.144293],[13.365281,38.144247],[13.363842,38.144073],[13.361929,38.143806],[13.360304,38.143612],[13.360154,38.14451],[13.360267,38.146076],[13.360499,38.148793],[13.359124,38.148446],[13.357998,38.148236],[13.357695,38.148199],[13.357472,38.148245],[13.357406,38.148233],[13.357349,38.148194],[13.357326,38.148157],[13.357215,38.148085],[13.357109,38.148042],[13.354863,38.147668],[13.354548,38.147586],[13.354029,38.147419],[13.353523,38.147288],[13.353053,38.147125],[13.352988,38.14708],[13.346457,38.144931],[13.346275,38.14486],[13.344798,38.146077],[13.344696,38.146212],[13.344526,38.146377],[13.344154,38.146683],[13.343948,38.146915],[13.343528,38.147877],[13.343425,38.147992],[13.341916,38.150723],[13.341519,38.151372],[13.340938,38.15221],[13.339882,38.15179],[13.339646,38.151776],[13.339274,38.151824],[13.339212,38.151819],[13.33901,38.151727],[13.338872,38.151691],[13.338599,38.151765],[13.338506,38.151733],[13.338356,38.151741],[13.338232,38.151723],[13.338117,38.151683],[13.338017,38.151624],[13.337936,38.151548],[13.337685,38.151186],[13.337618,38.15113],[13.337327,38.151016],[13.336936,38.150832],[13.336923,38.150786],[13.33694,38.150734],[13.337023,38.150684],[13.337091,38.150683],[13.33755,38.150826],[13.337838,38.150934],[13.337928,38.150941],[13.338049,38.150908],[13.338179,38.150917],[13.338295,38.150888],[13.338519,38.150894],[13.338673,38.150784],[13.338754,38.150694],[13.340571,38.147881],[13.341868,38.145913],[13.341717,38.145806],[13.341668,38.145736],[13.341635,38.145578],[13.341691,38.145424],[13.34175,38.145359],[13.341843,38.145297],[13.341952,38.145256],[13.342072,38.145239],[13.342192,38.145247],[13.342306,38.14528],[13.343213,38.143847],[13.344452,38.141963],[13.345844,38.13978],[13.346898,38.138172],[13.347747,38.136809],[13.348558,38.13562],[13.349285,38.134438],[13.352203,38.129997],[13.353338,38.128187],[13.355403,38.125009],[13.354162,38.124554],[13.349428,38.123433],[13.350679,38.122691],[13.351122,38.122375],[13.350931,38.12225],[13.350479,38.122082],[13.350643,38.120609],[13.350765,38.119837],[13.35073,38.119724],[13.350933,38.117909],[13.350921,38.117573],[13.350872,38.117321],[13.35064,38.116751],[13.350673,38.116596],[13.351439,38.115532],[13.351761,38.114963],[13.351961,38.114676],[13.352301,38.114108],[13.352355,38.113983],[13.352402,38.113775],[13.352392,38.113569],[13.352343,38.113362],[13.351953,38.112108],[13.35211,38.111903],[13.350269,38.111133],[13.349805,38.110953],[13.350585,38.109958],[13.350639,38.109916],[13.350778,38.109881],[13.3527,38.109986],[13.352769,38.11002],[13.352806,38.110061],[13.352804,38.110106],[13.352195,38.110526],[13.351864,38.110728]]},"properties":{"id":"linea-N1-0","route_id":"N1","numero":"N1","nome":"Indipendenza - Mondello","colore":"#024158","tipo":"bus","direzione":0,"da":"Teti","a":"Indipendenza Palazzo Reale","fermate":["2019","2324","1604","1603","1606","1607","703","705","541","529","543","539","533","523","535","531","548","537","557","558","549","550","526","545","1466","2113","1777","1778","1779","1362","1366","1370","1364","1360","1368","94","86","92","88","2399","2398","2395","918","905","910","907","1006","819","817","1723","560","566","562","564","1031","1029","1033","1039","1027","1041","1024","1035","1026","1037","592","591","584","961","889","2","3","1","914","912"],"lon":13.367864,"lat":38.145086}},{"type":"Feature","geometry":{"type":"LineString","coordinates":[[13.351864,38.110728],[13.351424,38.110998],[13.351287,38.111142],[13.351062,38.111471],[13.35211,38.111903],[13.351953,38.112108],[13.352343,38.113362],[13.352392,38.113569],[13.352402,38.113775],[13.352355,38.113983],[13.352301,38.114108],[13.351887,38.114793],[13.35333,38.115209],[13.352681,38.115895],[13.352415,38.116207],[13.351171,38.117548],[13.351127,38.117806],[13.35113,38.118099],[13.350896,38.119853],[13.352977,38.120166],[13.353323,38.119377],[13.353658,38.119386],[13.354612,38.119664],[13.35604,38.120111],[13.356743,38.120466],[13.356916,38.12062],[13.35692,38.120665],[13.356885,38.120753],[13.357015,38.120893],[13.357881,38.121235],[13.359819,38.121706],[13.360829,38.121978],[13.360491,38.122483],[13.358417,38.125443],[13.358088,38.125938],[13.358012,38.126142],[13.357909,38.126303],[13.357639,38.12641],[13.357236,38.125768],[13.357155,38.125711],[13.357012,38.125668],[13.355403,38.125009],[13.353338,38.128187],[13.352203,38.129997],[13.349285,38.134438],[13.348558,38.13562],[13.347747,38.136809],[13.346898,38.138172],[13.345844,38.13978],[13.344452,38.141963],[13.343213,38.143847],[13.342306,38.14528],[13.342417,38.145345],[13.342526,38.145483],[13.34255,38.1456],[13.342543,38.145665],[13.342484,38.145785],[13.342385,38.145876],[13.34229,38.145924],[13.342171,38.145954],[13.342047,38.145958],[13.341925,38.145935],[13.338833,38.150727],[13.338797,38.150811],[13.338797,38.151022],[13.338872,38.151103],[13.339035,38.151356],[13.339124,38.151445],[13.339795,38.15173],[13.339882,38.15179],[13.340938,38.15221],[13.340063,38.153546],[13.338785,38.15531],[13.338025,38.156432],[13.337861,38.156638],[13.337703,38.15677],[13.336538,38.15809],[13.336002,38.158723],[13.335757,38.15905],[13.335565,38.159341],[13.334024,38.161514],[13.333419,38.16224],[13.332455,38.163617],[13.33217,38.163928],[13.331829,38.164102],[13.331685,38.164204],[13.328821,38.168113],[13.328694,38.1683],[13.328592,38.168496],[13.327132,38.172392],[13.327519,38.17262],[13.328429,38.172973],[13.331843,38.174208],[13.334218,38.175113],[13.335671,38.175635],[13.335807,38.175725],[13.335905,38.175847],[13.336103,38.176193],[13.336157,38.176227],[13.336227,38.176243],[13.336062,38.176699],[13.335888,38.177115],[13.335339,38.178613],[13.335057,38.179294],[13.334717,38.180245],[13.334454,38.180874],[13.334272,38.181402],[13.334125,38.18198],[13.333982,38.182669],[13.333804,38.183821],[13.333677,38.184808],[13.333522,38.185689],[13.333337,38.186986],[13.333217,38.187688],[13.333043,38.189165],[13.332977,38.189277],[13.332853,38.190143],[13.332625,38.191446],[13.331908,38.196097],[13.331849,38.19656],[13.332071,38.196825],[13.332141,38.196951],[13.331426,38.197234],[13.331236,38.19733],[13.330191,38.198113],[13.32817,38.199826],[13.327655,38.200296],[13.327285,38.200726],[13.327007,38.201131],[13.326783,38.201526],[13.326751,38.20173],[13.326683,38.201892],[13.326057,38.202903],[13.325842,38.203021],[13.325374,38.20369],[13.325261,38.203924],[13.325164,38.204262],[13.32501,38.205293],[13.325005,38.205567],[13.325026,38.205768],[13.325081,38.205964],[13.324984,38.20599],[13.324607,38.205855]]},"properties":{"id":"linea-N1-1","route_id":"N1","numero":"N1","nome":"Indipendenza - Mondello","colore":"#024158","tipo":"bus","direzione":1,"da":"Indipendenza Palazzo Reale","a":"Teti","fermate":["912","294","2298","1373","4","2196","1505","390","1770","1759","1582","1036","1022","1025","1034","1023","1040","1038","1032","1028","1030","563","561","565","559","693","682","696","698","1487","739","736","741","1123","1118","1120","1111","1109","1101","1631","1625","1627","1626","1629","1624","1630","2019"],"lon":13.340063,"lat":38.153546}},{"type":"Feature","geometry":{"type":"LineString","coordinates":[[13.274744,38.197978],[13.274553,38.197937],[13.274881,38.19717],[13.275876,38.197532],[13.276533,38.197752],[13.276726,38.197851],[13.278564,38.196471],[13.278894,38.196263],[13.280207,38.195561],[13.280641,38.195285],[13.281158,38.194907],[13.282118,38.19496],[13.282405,38.194926],[13.282658,38.194866],[13.283393,38.194605],[13.283745,38.194445],[13.285232,38.19368],[13.286693,38.192996],[13.287871,38.192424],[13.289511,38.191653],[13.291281,38.190857],[13.294768,38.18922],[13.295365,38.189006],[13.295722,38.188898],[13.296186,38.188857],[13.297986,38.188882],[13.298383,38.188877],[13.298534,38.188857],[13.298837,38.188773],[13.299269,38.188587],[13.299463,38.18846],[13.299668,38.188299],[13.299934,38.188178],[13.300125,38.188191],[13.300264,38.188247],[13.30042,38.188435],[13.300558,38.188654],[13.300551,38.188824],[13.300447,38.18893],[13.300194,38.189006],[13.299848,38.189068],[13.299456,38.189217],[13.299053,38.189434],[13.298955,38.189531],[13.298882,38.189652],[13.29957,38.189971],[13.299956,38.190197],[13.300421,38.190712],[13.301215,38.191749],[13.301639,38.192252],[13.302035,38.192656],[13.302436,38.19302],[13.302822,38.193343],[13.30346,38.193751],[13.304339,38.194256],[13.305344,38.194806],[13.306403,38.195325],[13.307185,38.195679],[13.308139,38.196028],[13.308969,38.196362],[13.309522,38.196552],[13.309749,38.1966],[13.3099,38.19662],[13.310023,38.196607],[13.310354,38.196512],[13.311072,38.19623],[13.311369,38.196172],[13.313261,38.196807],[13.313913,38.197041],[13.314619,38.196288],[13.315767,38.196915],[13.317872,38.198008],[13.318501,38.198354],[13.318551,38.198399],[13.321029,38.199645],[13.324688,38.201565],[13.32507,38.201687],[13.32496,38.201885],[13.324891,38.202216],[13.324911,38.20248],[13.324975,38.202652],[13.324626,38.203219],[13.324361,38.203695],[13.324262,38.20404],[13.323953,38.206041],[13.323377,38.205666],[13.323096,38.20541],[13.323361,38.203648],[13.323374,38.203425],[13.323537,38.20229],[13.323603,38.201656],[13.323716,38.20138],[13.323868,38.201127],[13.321029,38.199645],[13.318551,38.198399],[13.317173,38.198071],[13.315823,38.197784],[13.31554,38.197701],[13.314736,38.197358],[13.313913,38.197041],[13.313261,38.196807],[13.311369,38.196172],[13.311072,38.19623],[13.310354,38.196512],[13.310023,38.196607],[13.3099,38.19662],[13.309522,38.196552],[13.308969,38.196362],[13.308139,38.196028],[13.307185,38.195679],[13.306403,38.195325],[13.305344,38.194806],[13.304339,38.194256],[13.30346,38.193751],[13.302822,38.193343],[13.302436,38.19302],[13.302035,38.192656],[13.301639,38.192252],[13.301215,38.191749],[13.300421,38.190712],[13.299956,38.190197],[13.29957,38.189971],[13.298732,38.189587],[13.298737,38.189431],[13.298652,38.189025],[13.298688,38.188919],[13.298837,38.188773],[13.299269,38.188587],[13.299463,38.18846],[13.299668,38.188299],[13.299952,38.187961],[13.300264,38.187514],[13.300716,38.186946],[13.300949,38.186755],[13.304654,38.182175],[13.304714,38.182111],[13.304884,38.181991],[13.304949,38.181925],[13.304952,38.18186],[13.304983,38.181799],[13.305039,38.18175],[13.305113,38.181719],[13.305259,38.181439],[13.305958,38.180739],[13.307151,38.179625],[13.307969,38.178751],[13.308453,38.17815],[13.30833,38.177979],[13.308277,38.177806],[13.308321,38.177683],[13.308438,38.177498],[13.308582,38.177414],[13.308714,38.177389],[13.309096,38.177354],[13.310712,38.1754],[13.310917,38.175139],[13.31103,38.174956],[13.311161,38.174556],[13.311162,38.174298],[13.311194,38.174165],[13.311414,38.173766],[13.31304,38.171733],[13.313063,38.171639],[13.313031,38.171584],[13.313026,38.171523],[13.313047,38.171464],[13.31313,38.171391],[13.313188,38.171371],[13.313275,38.171366],[13.313417,38.171243],[13.314062,38.170423],[13.314929,38.169362],[13.315649,38.168423],[13.316615,38.167253],[13.316957,38.166792],[13.316865,38.166725],[13.316851,38.166654],[13.316905,38.16653],[13.317068,38.166393],[13.317305,38.166233],[13.3175,38.166002],[13.31825,38.164954],[13.318616,38.164262],[13.318746,38.164184],[13.319373,38.16388],[13.319974,38.163543],[13.320702,38.163067],[13.321148,38.162711],[13.322453,38.161227],[13.323532,38.159971],[13.324612,38.158778],[13.325382,38.158007],[13.326419,38.156925],[13.326694,38.156606],[13.330408,38.152787],[13.330868,38.152287],[13.331341,38.151737],[13.332923,38.149107],[13.333845,38.147692],[13.334836,38.146051],[13.33625,38.143828],[13.337357,38.141891],[13.341094,38.135901],[13.342457,38.133683],[13.342795,38.133181],[13.343212,38.13248],[13.343454,38.132106],[13.345471,38.132595],[13.34977,38.133707],[13.352203,38.129997],[13.353338,38.128187],[13.355403,38.125009],[13.357012,38.125668],[13.357155,38.125711],[13.357236,38.125768],[13.357511,38.126205],[13.357962,38.126025],[13.358088,38.125938],[13.358417,38.125443],[13.360491,38.122483],[13.361226,38.121395],[13.361428,38.121042],[13.366342,38.111013],[13.366365,38.110886],[13.366353,38.110694],[13.366193,38.110411],[13.366178,38.110326],[13.366189,38.110262],[13.366324,38.110178],[13.366414,38.110143],[13.367017,38.110398],[13.367041,38.110429],[13.367066,38.110534],[13.366996,38.110637],[13.366939,38.110683],[13.366858,38.110721],[13.366744,38.110747],[13.365114,38.110032],[13.364515,38.109929],[13.363477,38.109814],[13.363226,38.109751],[13.362714,38.109541],[13.361687,38.109216],[13.360512,38.10899],[13.359307,38.10882],[13.358059,38.108554],[13.356886,38.108257],[13.356548,38.108209],[13.355905,38.108175],[13.35514,38.107999],[13.353196,38.109839],[13.35309,38.109925],[13.352195,38.110526],[13.351864,38.110728]]},"properties":{"id":"linea-N2-0","route_id":"N2","numero":"N2","nome":"Indipendenza - Sferracavallo","colore":"#024158","tipo":"bus","direzione":0,"da":"Torretta Catullo","a":"Indipendenza Palazzo Reale","fermate":["2052","386","2009","1945","1943","1245","1241","1243","1402","1400","1395","1397","1399","901","387","389","388","844","847","2329","2338","2324","846","845","848","333","902","903","1398","1393","1396","1401","1403","943","952","941","2288","949","953","946","1804","2114","2003","2004","2006","2001","2007","1990","1996","1992","1994","1998","1706","1711","1708","1712","1924","1921","1928","1923","1930","1925","1256","1257","1035","1026","1037","2333","1758","1760","1767","1757","1771","1763","1765","1761","1984","2073","2075","2223","2224","2225","912"],"lon":13.299269,"lat":38.188587}},{"type":"Feature","geometry":{"type":"LineString","coordinates":[[13.351864,38.110728],[13.351424,38.110998],[13.351287,38.111142],[13.351062,38.111471],[13.350269,38.111133],[13.349805,38.110953],[13.350585,38.109958],[13.350639,38.109916],[13.350778,38.109881],[13.3527,38.109986],[13.352828,38.10998],[13.352896,38.10996],[13.35304,38.10986],[13.355182,38.107789],[13.35533,38.107853],[13.356143,38.108077],[13.356555,38.108141],[13.356886,38.108257],[13.358059,38.108554],[13.359307,38.10882],[13.359833,38.108892],[13.359927,38.108775],[13.360113,38.108447],[13.360516,38.10789],[13.363055,38.109052],[13.364103,38.107419],[13.364644,38.107659],[13.366185,38.108415],[13.365237,38.109854],[13.366189,38.110262],[13.366324,38.110178],[13.366414,38.110143],[13.367017,38.110398],[13.367059,38.110474],[13.367066,38.110534],[13.367045,38.110581],[13.366939,38.110683],[13.366858,38.110721],[13.366575,38.110786],[13.366488,38.110822],[13.366405,38.110902],[13.366342,38.111013],[13.361428,38.121042],[13.361226,38.121395],[13.360491,38.122483],[13.358417,38.125443],[13.358088,38.125938],[13.358012,38.126142],[13.357909,38.126303],[13.357384,38.126506],[13.356724,38.127565],[13.356428,38.12796],[13.354214,38.131456],[13.353594,38.132391],[13.352339,38.13435],[13.34977,38.133707],[13.345471,38.132595],[13.343454,38.132106],[13.343212,38.13248],[13.342795,38.133181],[13.342457,38.133683],[13.341094,38.135901],[13.337357,38.141891],[13.33625,38.143828],[13.334836,38.146051],[13.333845,38.147692],[13.332923,38.149107],[13.331341,38.151737],[13.330868,38.152287],[13.330408,38.152787],[13.326694,38.156606],[13.326419,38.156925],[13.325382,38.158007],[13.324612,38.158778],[13.323532,38.159971],[13.322453,38.161227],[13.321148,38.162711],[13.320927,38.162985],[13.320716,38.163175],[13.320171,38.163595],[13.319681,38.163906],[13.319194,38.164146],[13.318655,38.164567],[13.31825,38.164954],[13.3175,38.166002],[13.317343,38.166365],[13.317303,38.166582],[13.317306,38.166657],[13.317275,38.166724],[13.31721,38.166784],[13.317066,38.166821],[13.316957,38.166792],[13.316812,38.166688],[13.316729,38.166656],[13.316643,38.166648],[13.315429,38.167055],[13.314652,38.167409],[13.313808,38.167934],[13.312603,38.168782],[13.312284,38.168937],[13.311743,38.169081],[13.310973,38.169238],[13.310263,38.169301],[13.310207,38.169398],[13.310263,38.169301],[13.309891,38.169334],[13.309021,38.169322],[13.307376,38.169201],[13.307017,38.16922],[13.306911,38.169266],[13.30678,38.169358],[13.305165,38.171003],[13.304601,38.171647],[13.303837,38.172371],[13.301909,38.174109],[13.301752,38.174231],[13.301575,38.17434],[13.300816,38.174748],[13.299837,38.175504],[13.299615,38.175644],[13.298878,38.176255],[13.298494,38.176621],[13.296846,38.177991],[13.296176,38.178679],[13.294734,38.180487],[13.293421,38.182309],[13.293147,38.182862],[13.292846,38.183253],[13.292108,38.183881],[13.291636,38.184171],[13.290966,38.18496],[13.289739,38.186782],[13.289293,38.187342],[13.288735,38.187969],[13.288446,38.188168],[13.286426,38.189423],[13.286045,38.189711],[13.28594,38.189807],[13.285096,38.190769],[13.284761,38.191126],[13.284059,38.191982],[13.28382,38.192231],[13.283242,38.19292],[13.282641,38.193575],[13.281948,38.194271],[13.281636,38.194547],[13.280641,38.195285],[13.280207,38.195561],[13.278894,38.196263],[13.278564,38.196471],[13.276726,38.197851],[13.276758,38.197921],[13.276763,38.198034],[13.27671,38.198345],[13.276643,38.198424],[13.276523,38.198487],[13.27591,38.198338],[13.275424,38.198155],[13.275085,38.198051],[13.274744,38.197978]]},"properties":{"id":"linea-N2-1","route_id":"N2","numero":"N2","nome":"Indipendenza - Sferracavallo","colore":"#024158","tipo":"bus","direzione":1,"da":"Indipendenza Palazzo Reale","a":"Torretta Catullo","fermate":["912","913","1622","2074","2072","1876","1538","1117","771","1984","1762","1766","1764","1772","1769","1768","1770","1759","1609","917","1412","580","744","1258","1259","1926","1929","1922","1927","1920","1709","1707","1710","1705","1997","1993","1991","1995","1989","1999","2000","2005","2002","2008","1818","1801","1812","1819","1799","2030","2034","2032","2044","2036","2040","2042","1501","1503","1947","1940","1942","1944","2053","2052"],"lon":13.319681,"lat":38.163906}},{"type":"Feature","geometry":{"type":"LineString","coordinates":[[13.30568,38.121004],[13.306176,38.120471],[13.309104,38.122732],[13.311829,38.12481],[13.313037,38.125834],[13.314139,38.125868],[13.314287,38.125867],[13.314419,38.125847],[13.314887,38.126726],[13.318264,38.126816],[13.321295,38.126878],[13.322432,38.126913],[13.323143,38.126961],[13.326489,38.127822],[13.329178,38.128479],[13.329296,38.128428],[13.329464,38.128404],[13.329624,38.12842],[13.329838,38.128501],[13.330185,38.128676],[13.330304,38.128766],[13.330318,38.128817],[13.330325,38.128906],[13.330306,38.128984],[13.330125,38.129324],[13.3301,38.129497],[13.330148,38.130002],[13.330294,38.13103],[13.332351,38.130977],[13.333079,38.130734],[13.333314,38.130709],[13.33447,38.130976],[13.334834,38.129976],[13.335366,38.128706],[13.337878,38.12916],[13.339232,38.129363],[13.339303,38.129417],[13.33934,38.129484],[13.339354,38.129575],[13.338881,38.130122],[13.338477,38.130652],[13.339208,38.13084],[13.339496,38.131077],[13.339578,38.131101],[13.342092,38.13174],[13.342555,38.131882],[13.343454,38.132106],[13.343986,38.131219],[13.34449,38.130445],[13.345166,38.129334],[13.345858,38.128261],[13.346188,38.127797],[13.34676,38.126796],[13.347044,38.126334],[13.347216,38.126091],[13.348189,38.124338],[13.34846,38.123968],[13.349035,38.12363],[13.349428,38.123433],[13.354162,38.124554],[13.355403,38.125009],[13.356578,38.12549]]},"properties":{"id":"linea-N3-0","route_id":"N3","numero":"N3","nome":"Casa Del Sole - Politeama","colore":"#024158","tipo":"bus","direzione":0,"da":"Sarullo Casa Del Sole","a":"Turati-La-Lumia","fermate":["1906","1736","1734","1744","1740","707","999","991","1004","1658","886","850","1328","314","1084","1255","2017","2018","574","575","583","2332","2333"],"lon":13.33447,"lat":38.130976}},{"type":"Feature","geometry":{"type":"LineString","coordinates":[[13.356578,38.12549],[13.357012,38.125668],[13.357155,38.125711],[13.357236,38.125768],[13.357511,38.126205],[13.357962,38.126025],[13.358088,38.125938],[13.358012,38.126142],[13.357909,38.126303],[13.357384,38.126506],[13.356724,38.127565],[13.356428,38.12796],[13.354214,38.131456],[13.353594,38.132391],[13.352907,38.133481],[13.351543,38.135531],[13.350888,38.136564],[13.3458,38.144388],[13.346275,38.14486],[13.344798,38.146077],[13.344696,38.146212],[13.344526,38.146377],[13.344154,38.146683],[13.343948,38.146915],[13.343528,38.147877],[13.343425,38.147992],[13.341916,38.150723],[13.341519,38.151372],[13.340938,38.15221],[13.339882,38.15179],[13.339646,38.151776],[13.339274,38.151824],[13.339212,38.151819],[13.33901,38.151727],[13.338872,38.151691],[13.338599,38.151765],[13.338506,38.151733],[13.338356,38.151741],[13.338232,38.151723],[13.338117,38.151683],[13.338017,38.151624],[13.337936,38.151548],[13.337685,38.151186],[13.337618,38.15113],[13.337327,38.151016],[13.336936,38.150832],[13.336923,38.150786],[13.33694,38.150734],[13.337023,38.150684],[13.337091,38.150683],[13.33755,38.150826],[13.337838,38.150934],[13.337928,38.150941],[13.338049,38.150908],[13.338179,38.150917],[13.338295,38.150888],[13.338519,38.150894],[13.338673,38.150784],[13.338754,38.150694],[13.340571,38.147881],[13.341868,38.145913],[13.341717,38.145806],[13.341668,38.145736],[13.341635,38.145578],[13.341691,38.145424],[13.34175,38.145359],[13.341843,38.145297],[13.341952,38.145256],[13.342072,38.145239],[13.342192,38.145247],[13.342306,38.14528],[13.343213,38.143847],[13.344452,38.141963],[13.345844,38.13978],[13.346898,38.138172],[13.347747,38.136809],[13.348558,38.13562],[13.349285,38.134438],[13.34977,38.133707],[13.345471,38.132595],[13.342726,38.131924],[13.342463,38.132585],[13.342374,38.132549],[13.342157,38.132495],[13.342327,38.132044],[13.342298,38.131946],[13.342258,38.131902],[13.342063,38.131829],[13.338292,38.130863],[13.337944,38.131239],[13.337855,38.131256],[13.337803,38.13118],[13.337809,38.131077],[13.337914,38.130772],[13.334834,38.129976],[13.333721,38.129712],[13.330887,38.129002],[13.330689,38.128972],[13.330595,38.128983],[13.330423,38.129038],[13.330235,38.129126],[13.330125,38.129324],[13.3301,38.129497],[13.330148,38.130002],[13.330294,38.13103],[13.330971,38.131014],[13.33113,38.132134],[13.330823,38.132393],[13.330894,38.132818],[13.330541,38.132818],[13.330603,38.133434],[13.33098,38.136121],[13.331081,38.136705],[13.331247,38.138109],[13.331406,38.138945],[13.331538,38.139413],[13.331699,38.139631],[13.331769,38.139893],[13.331761,38.140255],[13.331713,38.140553],[13.331674,38.140624],[13.331609,38.140674],[13.331465,38.14074],[13.331284,38.140762],[13.331192,38.140751],[13.331009,38.140673],[13.330948,38.14062],[13.330843,38.140446],[13.330625,38.139946],[13.330509,38.139823],[13.330362,38.139726],[13.330192,38.139663],[13.328689,38.139315],[13.324052,38.138288],[13.322358,38.137831],[13.319853,38.137258],[13.317524,38.136682],[13.315281,38.135758],[13.311974,38.134332],[13.311311,38.134029],[13.307472,38.132397],[13.306527,38.131969],[13.304132,38.130983],[13.303961,38.130961],[13.303864,38.130993],[13.303801,38.130991],[13.303692,38.130943],[13.303644,38.130872],[13.303651,38.130781],[13.303366,38.130587],[13.303268,38.130492],[13.303177,38.130381],[13.303093,38.130205],[13.30304,38.130023],[13.302373,38.126274],[13.302327,38.126176],[13.302249,38.126083],[13.301939,38.125948],[13.30187,38.125805],[13.301869,38.125703],[13.301932,38.125602],[13.302035,38.125549],[13.302152,38.125518],[13.302265,38.125439],[13.302342,38.125306],[13.302448,38.125015],[13.302831,38.124153],[13.303172,38.123697],[13.30568,38.121004]]},"properties":{"id":"linea-N3-1","route_id":"N3","numero":"N3","nome":"Casa Del Sole - Politeama","colore":"#024158","tipo":"bus","direzione":1,"da":"Turati-La-Lumia","a":"Sarullo Casa Del Sole","fermate":["2333","1609","917","1412","580","2122","2116","2120","2118","2124","1732","1006","819","817","1723","560","566","562","564","1031","1029","1033","1039","1027","1041","1024","1258","1259","1464","1510","990","988","994","1658","1685","1184","1185","1183","1172","1175","1187","1180","1177","1188","1908","1906"],"lon":13.342327,"lat":38.132044}},{"type":"Feature","geometry":{"type":"LineString","coordinates":[[13.365702,38.110052],[13.366189,38.110262],[13.366324,38.110178],[13.366533,38.11011],[13.366999,38.110319],[13.367059,38.110474],[13.367066,38.110534],[13.367045,38.110581],[13.366939,38.110683],[13.366858,38.110721],[13.366744,38.110747],[13.365114,38.110032],[13.364515,38.109929],[13.363477,38.109814],[13.363226,38.109751],[13.362714,38.109541],[13.361687,38.109216],[13.360512,38.10899],[13.359307,38.10882],[13.358059,38.108554],[13.356886,38.108257],[13.356548,38.108209],[13.355905,38.108175],[13.35514,38.107999],[13.353196,38.109839],[13.35309,38.109925],[13.352195,38.110526],[13.351424,38.110998],[13.351287,38.111142],[13.351062,38.111471],[13.350269,38.111133],[13.333856,38.10451],[13.331132,38.103384],[13.328992,38.102541],[13.328162,38.102193],[13.324283,38.100636],[13.321905,38.099653],[13.317199,38.097757],[13.311537,38.095427],[13.308861,38.094358],[13.308828,38.094439],[13.309008,38.094772],[13.309322,38.095263],[13.309617,38.095815],[13.30976,38.0963],[13.309766,38.096891],[13.309928,38.099119],[13.310094,38.100359],[13.31034,38.101196],[13.310483,38.101776],[13.31049,38.101936],[13.31046,38.10229],[13.310276,38.103443],[13.310151,38.104141],[13.310006,38.104616],[13.310005,38.105454],[13.309918,38.106012],[13.309791,38.106451],[13.309301,38.107335],[13.308906,38.108227],[13.308693,38.108799],[13.308495,38.109161],[13.309119,38.109226],[13.309099,38.109357],[13.308875,38.109683],[13.308475,38.111369],[13.308173,38.112253],[13.307996,38.113339],[13.307969,38.113374],[13.30792,38.113398],[13.307695,38.113412],[13.307303,38.113407],[13.30659,38.113177],[13.306012,38.113023],[13.305913,38.113027],[13.305754,38.113071],[13.305396,38.113264],[13.305252,38.113366],[13.303913,38.114416],[13.303805,38.114523],[13.303728,38.114638],[13.303359,38.115401],[13.303305,38.115585],[13.303295,38.115724],[13.303343,38.115857],[13.304665,38.118716],[13.304773,38.118879],[13.305704,38.120076],[13.306176,38.120471],[13.303172,38.123697],[13.302831,38.124153],[13.302518,38.124868],[13.302494,38.125078],[13.302505,38.125301],[13.302552,38.125453],[13.30263,38.12555],[13.302837,38.125625],[13.302933,38.125727],[13.302994,38.125821],[13.302988,38.125908],[13.302915,38.126029],[13.302785,38.126088],[13.302586,38.126114],[13.302423,38.126113],[13.302249,38.126083],[13.301939,38.125948],[13.30187,38.125805],[13.301869,38.125703],[13.301932,38.125602],[13.302035,38.125549],[13.302152,38.125518],[13.302265,38.125439],[13.302342,38.125306],[13.302448,38.125015],[13.302831,38.124153],[13.303172,38.123697],[13.30568,38.121004]]},"properties":{"id":"linea-N4-0","route_id":"N4","numero":"N4","nome":"Stazione Centrale - Casa Del Sole","colore":"#024158","tipo":"bus","direzione":0,"da":"Stazione Centrale Oreto","a":"Sarullo Casa Del Sole","fermate":["1983","1985","2073","2075","2223","2225","912","267","280","265","271","293","296","303","307","282","266","286","297","274","305","289","291","272","298","288","302","269","284","300","1059","1065","1061","1742","1907","1908","1906"],"lon":13.309301,"lat":38.107335}},{"type":"Feature","geometry":{"type":"LineString","coordinates":[[13.30568,38.121004],[13.306176,38.120471],[13.305704,38.120076],[13.304773,38.118879],[13.304665,38.118716],[13.303343,38.115857],[13.303295,38.115724],[13.303305,38.115585],[13.303359,38.115401],[13.303728,38.114638],[13.303805,38.114523],[13.303913,38.114416],[13.305252,38.113366],[13.305396,38.113264],[13.305754,38.113071],[13.305913,38.113027],[13.306012,38.113023],[13.30659,38.113177],[13.307303,38.113407],[13.307695,38.113412],[13.30792,38.113398],[13.307969,38.113374],[13.307996,38.113339],[13.308173,38.112253],[13.308475,38.111369],[13.308875,38.109683],[13.308497,38.109257],[13.308495,38.109161],[13.308693,38.108799],[13.308906,38.108227],[13.309301,38.107335],[13.309791,38.106451],[13.309879,38.106178],[13.310005,38.105454],[13.310006,38.104616],[13.310151,38.104141],[13.310276,38.103443],[13.31046,38.10229],[13.31049,38.101936],[13.310483,38.101776],[13.31034,38.101196],[13.310094,38.100359],[13.309928,38.099119],[13.309766,38.096891],[13.30976,38.0963],[13.309617,38.095815],[13.309322,38.095263],[13.309008,38.094772],[13.308828,38.094439],[13.308861,38.094358],[13.311537,38.095427],[13.317199,38.097757],[13.321905,38.099653],[13.324283,38.100636],[13.328162,38.102193],[13.328992,38.102541],[13.331132,38.103384],[13.333856,38.10451],[13.349805,38.110953],[13.350585,38.109958],[13.350639,38.109916],[13.350705,38.10989],[13.350778,38.109881],[13.3527,38.109986],[13.352828,38.10998],[13.35295,38.109932],[13.354079,38.108865],[13.355182,38.107789],[13.35533,38.107853],[13.356143,38.108077],[13.356555,38.108141],[13.356886,38.108257],[13.358059,38.108554],[13.359307,38.10882],[13.359833,38.108892],[13.359927,38.108775],[13.360113,38.108447],[13.360516,38.10789],[13.363055,38.109052],[13.364103,38.107419],[13.364644,38.107659],[13.366185,38.108415],[13.365237,38.109854],[13.365702,38.110052]]},"properties":{"id":"linea-N4-1","route_id":"N4","numero":"N4","nome":"Stazione Centrale - Casa Del Sole","colore":"#024158","tipo":"bus","direzione":1,"da":"Sarullo Casa Del Sole","a":"Stazione Centrale Oreto","fermate":["1906","1741","1348","216","1480","1064","1058","299","283","268","301","287","309","279","290","304","273","275","285","281","306","295","292","270","264","278","913","1622","2074","2072","1876","1538","1117","771","1983"],"lon":13.309928,"lat":38.099119}},{"type":"Feature","geometry":{"type":"LineString","coordinates":[[13.365868,38.110124],[13.366189,38.110262],[13.366324,38.110178],[13.366533,38.11011],[13.367189,38.110413],[13.36728,38.110404],[13.367533,38.110052],[13.367621,38.11],[13.367667,38.109954],[13.3678,38.109947],[13.369015,38.110509],[13.369063,38.11052],[13.369133,38.110625],[13.368366,38.111514],[13.371116,38.112797],[13.37428,38.114301],[13.376154,38.115164],[13.376282,38.115022],[13.377467,38.113429],[13.377633,38.113514],[13.37646,38.115098],[13.376321,38.115249],[13.376239,38.115325],[13.375574,38.115765],[13.374496,38.116519],[13.374134,38.116789],[13.373715,38.117149],[13.373175,38.11768],[13.372675,38.1183],[13.371474,38.119985],[13.371378,38.120073],[13.371228,38.120131],[13.371059,38.120162],[13.370859,38.120155],[13.370704,38.120111],[13.369397,38.119572],[13.369255,38.119483],[13.368605,38.119007],[13.368133,38.118803],[13.368004,38.11877],[13.36777,38.118758],[13.367491,38.118805],[13.36736,38.118855],[13.367242,38.118915],[13.367086,38.11903],[13.366873,38.119255],[13.366771,38.119416],[13.366698,38.119632],[13.366596,38.120244],[13.366514,38.120477],[13.366088,38.121212],[13.366026,38.121372],[13.364891,38.123267],[13.36472,38.123304],[13.364612,38.123275],[13.364493,38.123199],[13.364305,38.122786],[13.364118,38.122696],[13.363852,38.122626],[13.3632,38.122542],[13.36313,38.122496],[13.362369,38.122374],[13.360829,38.121978],[13.360491,38.122483],[13.358417,38.125443],[13.358088,38.125938],[13.358012,38.126142],[13.357909,38.126303],[13.357639,38.12641],[13.357236,38.125768],[13.357155,38.125711],[13.357012,38.125668],[13.355403,38.125009],[13.354162,38.124554],[13.340564,38.121308],[13.340877,38.120336],[13.340874,38.120205],[13.340815,38.120136],[13.340729,38.120085],[13.339781,38.120059],[13.339519,38.120005],[13.339475,38.119991],[13.339422,38.119936],[13.339434,38.119853],[13.339479,38.119818],[13.339351,38.119693],[13.338278,38.119476],[13.336808,38.119332],[13.335804,38.119212],[13.334984,38.119064],[13.333387,38.118813],[13.333693,38.116668],[13.333828,38.116051],[13.333967,38.115555],[13.332141,38.1151],[13.331871,38.116386]]},"properties":{"id":"linea-N5-0","route_id":"N5","numero":"N5","nome":"Stazione Centrale - Parcheggio Emiri","colore":"#024158","tipo":"bus","direzione":0,"da":"Stazione Centrale Maurolico","a":"Nina Siciliana Scuola La Torre","fermate":["1982","1985","1042","1045","1047","835","839","263","262","2234","1770","1759","1582","592","591","584","582","586","588","590","1467","1446","1441","1438","130","613","1249"],"lon":13.366596,"lat":38.120244}},{"type":"Feature","geometry":{"type":"LineString","coordinates":[[13.331871,38.116386],[13.331664,38.117406],[13.33135,38.118704],[13.331466,38.119085],[13.333387,38.118813],[13.334984,38.119064],[13.335804,38.119212],[13.336808,38.119332],[13.338278,38.119476],[13.339351,38.119693],[13.339479,38.119818],[13.339558,38.119804],[13.339632,38.119829],[13.339657,38.119854],[13.339833,38.119833],[13.34064,38.119625],[13.341068,38.119432],[13.341314,38.119289],[13.342488,38.118476],[13.342924,38.118109],[13.344591,38.116837],[13.344993,38.116372],[13.345707,38.116521],[13.346671,38.116649],[13.347733,38.116836],[13.347534,38.117379],[13.347182,38.118477],[13.348219,38.118684],[13.348923,38.118794],[13.349966,38.118849],[13.350812,38.118927],[13.350933,38.117909],[13.350921,38.117573],[13.350872,38.117321],[13.35064,38.116751],[13.350673,38.116596],[13.351439,38.115532],[13.351761,38.114963],[13.351961,38.114676],[13.352301,38.114108],[13.352355,38.113983],[13.352402,38.113775],[13.352392,38.113569],[13.352246,38.113038],[13.351953,38.112108],[13.35211,38.111903],[13.350269,38.111133],[13.349805,38.110953],[13.350585,38.109958],[13.350639,38.109916],[13.350705,38.10989],[13.350778,38.109881],[13.3527,38.109986],[13.352828,38.10998],[13.35295,38.109932],[13.354079,38.108865],[13.355182,38.107789],[13.35533,38.107853],[13.356143,38.108077],[13.356289,38.108157],[13.356285,38.108199],[13.35586,38.108492],[13.355376,38.108896],[13.355297,38.109001],[13.355041,38.109429],[13.356271,38.109978],[13.355026,38.111357],[13.3545,38.110796],[13.353953,38.110394],[13.353452,38.110067],[13.353217,38.10999],[13.353105,38.10999],[13.352929,38.110025],[13.352195,38.110526],[13.351424,38.110998],[13.351287,38.111142],[13.351062,38.111471],[13.35211,38.111903],[13.351953,38.112108],[13.352343,38.113362],[13.352392,38.113569],[13.352402,38.113775],[13.352355,38.113983],[13.352301,38.114108],[13.351887,38.114793],[13.35333,38.115209],[13.352681,38.115895],[13.352415,38.116207],[13.351171,38.117548],[13.351127,38.117806],[13.35113,38.118099],[13.350896,38.119853],[13.352977,38.120166],[13.353323,38.119377],[13.353658,38.119386],[13.354612,38.119664],[13.35604,38.120111],[13.356743,38.120466],[13.356916,38.12062],[13.35692,38.120665],[13.356885,38.120753],[13.357015,38.120893],[13.357881,38.121235],[13.359819,38.121706],[13.361418,38.122138],[13.362369,38.122374],[13.36313,38.122496],[13.36321,38.12248],[13.363957,38.12256],[13.364329,38.122543],[13.364996,38.122412],[13.365087,38.122368],[13.365167,38.122288],[13.365767,38.121288],[13.365895,38.121169],[13.36636,38.12044],[13.366473,38.120123],[13.366603,38.119502],[13.366705,38.119288],[13.366767,38.119201],[13.36699,38.118966],[13.367166,38.118835],[13.367447,38.118712],[13.367609,38.118677],[13.367894,38.118658],[13.368032,38.118673],[13.368182,38.118711],[13.36868,38.118927],[13.36934,38.119409],[13.36955,38.119527],[13.370827,38.120045],[13.37099,38.12006],[13.371122,38.120031],[13.371256,38.11996],[13.371374,38.119836],[13.372711,38.117944],[13.373223,38.117374],[13.373648,38.116979],[13.374341,38.116405],[13.375448,38.115648],[13.375943,38.115329],[13.376154,38.115164],[13.37428,38.114301],[13.371116,38.112797],[13.369172,38.111895],[13.367044,38.110874],[13.365114,38.110032],[13.365237,38.109854],[13.365868,38.110124]]},"properties":{"id":"linea-N5-1","route_id":"N5","numero":"N5","nome":"Stazione Centrale - Parcheggio Emiri","colore":"#024158","tipo":"bus","direzione":1,"da":"Nina Siciliana Scuola La Torre","a":"Stazione Centrale Maurolico","fermate":["1249","1248","1448","1440","1445","315","2306","498","825","826","2","3","1","911","913","1622","188","2226","912","294","2298","1373","4","2196","1505","390","2282","165","261","2334","838","837","1048","1046","1043","1044","1982"],"lon":13.351424,"lat":38.110998}},{"type":"Feature","geometry":{"type":"LineString","coordinates":[[13.365868,38.110124],[13.366189,38.110262],[13.366324,38.110178],[13.366533,38.11011],[13.367189,38.110413],[13.36728,38.110404],[13.367533,38.110052],[13.367621,38.11],[13.367667,38.109954],[13.3678,38.109947],[13.369015,38.110509],[13.369063,38.11052],[13.369096,38.110501],[13.370021,38.109378],[13.37129,38.108003],[13.372478,38.107144],[13.373566,38.106545],[13.374672,38.10581],[13.373999,38.105122],[13.373975,38.105075],[13.373985,38.105033],[13.374436,38.104719],[13.374539,38.104651],[13.374646,38.104625],[13.374404,38.103987],[13.374012,38.102755],[13.373729,38.101972],[13.373563,38.1014],[13.372696,38.10101],[13.371463,38.1005],[13.37137,38.100416],[13.372874,38.098079],[13.372841,38.097873],[13.373291,38.097174],[13.370879,38.096446],[13.370379,38.096246],[13.369921,38.095988],[13.369047,38.095426],[13.368807,38.095301],[13.367055,38.094193],[13.366822,38.094081],[13.366307,38.093951],[13.365723,38.093874],[13.363565,38.093801],[13.362011,38.093711],[13.360259,38.093669],[13.360229,38.093584],[13.360217,38.093466],[13.360488,38.092734],[13.360625,38.092539],[13.359388,38.090694],[13.357124,38.089548],[13.356189,38.089167],[13.355144,38.088672],[13.354657,38.088467],[13.354601,38.088253],[13.354463,38.08677],[13.355849,38.086979],[13.357539,38.087253],[13.357664,38.08729],[13.358154,38.087618],[13.360476,38.088789],[13.360535,38.088666],[13.360949,38.088131],[13.361047,38.087982],[13.361193,38.087469],[13.361436,38.086499],[13.360625,38.086351],[13.360304,38.086246],[13.357909,38.085343],[13.356248,38.084775],[13.355975,38.084753],[13.355904,38.08477],[13.355845,38.084812],[13.355763,38.084824],[13.355725,38.08481],[13.355679,38.084757],[13.35567,38.084729],[13.355688,38.08468],[13.355955,38.084429],[13.356013,38.084321],[13.358178,38.079955],[13.358379,38.079895],[13.361546,38.08102],[13.364197,38.082077],[13.36442,38.082256],[13.365028,38.083456],[13.366143,38.08532],[13.366201,38.085711],[13.366159,38.086143],[13.36601,38.08708],[13.366044,38.087316],[13.366499,38.087401],[13.36676,38.08751],[13.368316,38.0885],[13.368529,38.088569],[13.369813,38.088857],[13.377395,38.090511],[13.378514,38.090737],[13.379316,38.090802],[13.379743,38.0908],[13.380368,38.090768],[13.381104,38.09066],[13.381821,38.090475],[13.385673,38.089062],[13.386643,38.088769],[13.387553,38.088559],[13.388319,38.088301],[13.388753,38.088092],[13.390196,38.087341],[13.391528,38.086688],[13.391983,38.08643],[13.392819,38.085832],[13.393362,38.085465],[13.394282,38.084611],[13.395237,38.083962],[13.396012,38.083255],[13.39665,38.082705],[13.397337,38.082179],[13.397987,38.081608],[13.398456,38.081121],[13.400492,38.079369],[13.401072,38.07891],[13.401743,38.078484],[13.402794,38.077905],[13.40346,38.077516],[13.40419,38.077123],[13.404659,38.076895],[13.407036,38.075936],[13.40755,38.075675],[13.407811,38.075511],[13.408032,38.075324],[13.408525,38.074986],[13.409084,38.074675],[13.409637,38.074326],[13.409869,38.074202],[13.410212,38.074046],[13.410636,38.073887],[13.411732,38.07343],[13.412783,38.072957],[13.413463,38.07259],[13.416042,38.070537],[13.416701,38.070105]]},"properties":{"id":"linea-N6-0","route_id":"N6","numero":"N6","nome":"Stazione Centrale - Ciaculli","colore":"#024158","tipo":"bus","direzione":0,"da":"Stazione Centrale Maurolico","a":"Ciaculli Croce Verde","fermate":["1982","1985","2381","1589","256","919","1290","1303","1318","1321","1316","1324","1311","1309","1788","33","35","37","46","1646","768","764","760","2272","2273","2274","2275","1644","1688","21","22","436","440","446","429","448","450","452","431","427","434","438","454","456","458","460","442","433"],"lon":13.355975,"lat":38.084753}},{"type":"Feature","geometry":{"type":"LineString","coordinates":[[13.416701,38.070105],[13.416042,38.070537],[13.413463,38.07259],[13.412783,38.072957],[13.411732,38.07343],[13.410636,38.073887],[13.410212,38.074046],[13.409869,38.074202],[13.409637,38.074326],[13.409084,38.074675],[13.408525,38.074986],[13.408032,38.075324],[13.407811,38.075511],[13.40755,38.075675],[13.407036,38.075936],[13.404659,38.076895],[13.40419,38.077123],[13.40346,38.077516],[13.402794,38.077905],[13.401743,38.078484],[13.401072,38.07891],[13.400492,38.079369],[13.398456,38.081121],[13.397987,38.081608],[13.397337,38.082179],[13.39665,38.082705],[13.396012,38.083255],[13.395237,38.083962],[13.394282,38.084611],[13.393362,38.085465],[13.392819,38.085832],[13.391983,38.08643],[13.391528,38.086688],[13.390196,38.087341],[13.388753,38.088092],[13.388319,38.088301],[13.387553,38.088559],[13.386643,38.088769],[13.385673,38.089062],[13.384806,38.089375],[13.384596,38.089356],[13.384449,38.089288],[13.384276,38.089158],[13.383915,38.08877],[13.383763,38.088645],[13.383507,38.088467],[13.383398,38.088495],[13.383367,38.088538],[13.383365,38.088597],[13.383388,38.088653],[13.383911,38.089314],[13.385241,38.09093],[13.385333,38.090877],[13.385439,38.090766],[13.385494,38.090641],[13.385499,38.090531],[13.385449,38.090418],[13.385115,38.090073],[13.384983,38.089987],[13.384816,38.089918],[13.384602,38.0899],[13.381941,38.090846],[13.381642,38.090934],[13.381247,38.091039],[13.380417,38.091208],[13.377166,38.091931],[13.376956,38.091944],[13.376725,38.092118],[13.372263,38.099027],[13.372292,38.099274],[13.372341,38.099376],[13.372773,38.099645],[13.372901,38.09978],[13.373234,38.100281],[13.373379,38.100623],[13.373563,38.1014],[13.373729,38.101972],[13.374012,38.102755],[13.374404,38.103987],[13.374646,38.104625],[13.375504,38.104584],[13.375958,38.104517],[13.376167,38.104458],[13.377126,38.103977],[13.377297,38.103876],[13.377608,38.103739],[13.37748,38.103868],[13.377513,38.103989],[13.377468,38.104181],[13.377289,38.104357],[13.375976,38.10516],[13.37465,38.105996],[13.373673,38.10664],[13.372581,38.107238],[13.371451,38.108081],[13.370655,38.108912],[13.370089,38.109531],[13.369577,38.110155],[13.36907,38.110695],[13.368366,38.111514],[13.367044,38.110874],[13.365114,38.110032],[13.365237,38.109854],[13.365868,38.110124]]},"properties":{"id":"linea-N6-1","route_id":"N6","numero":"N6","nome":"Stazione Centrale - Ciaculli","colore":"#024158","tipo":"bus","direzione":1,"da":"Ciaculli Croce Verde","a":"Stazione Centrale Maurolico","fermate":["433","445","443","461","459","457","455","439","435","428","432","453","451","449","430","447","441","437","1690","1306","1308","1298","1302","1292","255","257","648","655","638","616","1044","1982"],"lon":13.385333,"lat":38.090877}},{"type":"Feature","geometry":{"type":"LineString","coordinates":[[13.434273,38.082581],[13.434475,38.082168],[13.434437,38.082005],[13.434191,38.081993],[13.431828,38.082444],[13.430963,38.08268],[13.429686,38.083132],[13.428952,38.083323],[13.427459,38.083383],[13.427214,38.083409],[13.426959,38.083479],[13.426586,38.083693],[13.426011,38.08385],[13.425836,38.083913],[13.425681,38.084003],[13.42488,38.084716],[13.42464,38.085059],[13.424354,38.085418],[13.424009,38.086399],[13.423965,38.086481],[13.423868,38.086596],[13.423755,38.086675],[13.423639,38.086719],[13.423466,38.086736],[13.422681,38.086732],[13.4226,38.086741],[13.422485,38.086786],[13.422339,38.086915],[13.422039,38.087298],[13.421909,38.087418],[13.421772,38.087514],[13.421115,38.087891],[13.419618,38.088697],[13.419333,38.088873],[13.418794,38.089279],[13.41837,38.089637],[13.418028,38.089903],[13.417743,38.090061],[13.417124,38.090246],[13.416469,38.090326],[13.416087,38.090417],[13.413472,38.091155],[13.413267,38.091223],[13.411594,38.091928],[13.409807,38.09254],[13.409209,38.092722],[13.406799,38.093393],[13.405846,38.093643],[13.405026,38.093907],[13.404189,38.094315],[13.402917,38.095],[13.401616,38.095488],[13.400979,38.095692],[13.399531,38.096097],[13.399002,38.096225],[13.397653,38.096471],[13.396508,38.096738],[13.395749,38.09698],[13.395271,38.097166],[13.394783,38.097436],[13.394388,38.097692],[13.39354,38.098096],[13.392478,38.098534],[13.39163,38.098858],[13.390602,38.099087],[13.390238,38.099139],[13.389995,38.099151],[13.389265,38.099114],[13.388756,38.099197],[13.385991,38.099753],[13.384887,38.100018],[13.384509,38.100146],[13.383227,38.100758],[13.382335,38.101235],[13.381064,38.101869],[13.377608,38.103739],[13.37748,38.103868],[13.377513,38.103989],[13.377468,38.104181],[13.377289,38.104357],[13.375976,38.10516],[13.37465,38.105996],[13.373673,38.10664],[13.372581,38.107238],[13.371451,38.108081],[13.371377,38.108151],[13.370089,38.109531],[13.369577,38.110155],[13.36907,38.110695],[13.368366,38.111514],[13.367044,38.110874],[13.365114,38.110032],[13.366185,38.108415],[13.367059,38.10884],[13.366748,38.109244],[13.366763,38.109317],[13.366535,38.10962],[13.366583,38.109696],[13.366454,38.109881]]},"properties":{"id":"linea-N7-0","route_id":"N7","numero":"N7","nome":"Stazione Centrale - Pomara","colore":"#024158","tipo":"bus","direzione":0,"da":"Pomara Figurella","a":"Stazione Centrale Giulio Cesare","fermate":["1586","1051","1054","1055","665","659","652","618","640","635","627","662","636","630","625","656","657","633","631","648","655","638","616","1044","1979"],"lon":13.404189,"lat":38.094315}},{"type":"Feature","geometry":{"type":"LineString","coordinates":[[13.366454,38.109881],[13.366357,38.110019],[13.366999,38.110319],[13.367059,38.110474],[13.367066,38.110534],[13.366996,38.110637],[13.366939,38.110683],[13.366858,38.110721],[13.366744,38.110747],[13.365114,38.110032],[13.364515,38.109929],[13.363477,38.109814],[13.363226,38.109751],[13.362714,38.109541],[13.361687,38.109216],[13.360512,38.10899],[13.359307,38.10882],[13.358059,38.108554],[13.356886,38.108257],[13.356548,38.108209],[13.355905,38.108175],[13.355396,38.108057],[13.355114,38.107925],[13.354989,38.107745],[13.353309,38.106911],[13.353205,38.106886],[13.353041,38.106758],[13.352935,38.106748],[13.350537,38.104657],[13.350121,38.104273],[13.348175,38.102069],[13.347706,38.101319],[13.346056,38.098242],[13.345767,38.097764],[13.345617,38.097597],[13.345311,38.097307],[13.345162,38.09721],[13.34264,38.095859],[13.342744,38.095738],[13.345281,38.097085],[13.345449,38.097194],[13.345579,38.097308],[13.347629,38.095537],[13.347761,38.095506],[13.347912,38.095838],[13.348028,38.095966],[13.348694,38.09654],[13.349763,38.097371],[13.350502,38.098002],[13.350614,38.098187],[13.350731,38.098514],[13.351023,38.098482],[13.351444,38.098383],[13.351461,38.09841],[13.351444,38.098383],[13.352016,38.098181],[13.352981,38.098189],[13.353065,38.098207],[13.353478,38.098383],[13.353665,38.098406],[13.354872,38.098701],[13.35553,38.09887],[13.35656,38.099173],[13.356411,38.099723],[13.355921,38.101272],[13.35587,38.101669],[13.355845,38.10216],[13.356957,38.101449],[13.358262,38.100565],[13.358853,38.100192],[13.358979,38.100154],[13.359176,38.100147],[13.359297,38.100178],[13.359507,38.100318],[13.361539,38.101867],[13.36194,38.102499],[13.36268,38.103791],[13.362728,38.103815],[13.362838,38.103836],[13.363079,38.10381],[13.363159,38.103831],[13.363223,38.103873],[13.363342,38.103876],[13.364038,38.103394],[13.365435,38.102361],[13.366065,38.102871],[13.366129,38.1029],[13.36686,38.103148],[13.368117,38.103545],[13.369082,38.10391],[13.366185,38.108415],[13.365237,38.109854],[13.366189,38.110262],[13.366324,38.110178],[13.366533,38.11011],[13.367189,38.110413],[13.36728,38.110404],[13.367533,38.110052],[13.367621,38.11],[13.367667,38.109954],[13.3678,38.109947],[13.369015,38.110509],[13.369063,38.11052],[13.369133,38.110625],[13.368366,38.111514],[13.371116,38.112797],[13.37428,38.114301],[13.376154,38.115164],[13.376282,38.115022],[13.377653,38.113178],[13.377935,38.11297],[13.37835,38.112198],[13.37853,38.110854],[13.378628,38.110603],[13.378798,38.110319],[13.378986,38.110059],[13.379497,38.109611],[13.382368,38.107247],[13.382811,38.106964],[13.383058,38.106863],[13.383435,38.106794],[13.384655,38.106673],[13.385037,38.106598],[13.386627,38.106155],[13.388023,38.105736],[13.388131,38.105696],[13.390526,38.104508],[13.391485,38.104086],[13.393514,38.103246],[13.394927,38.102752],[13.396459,38.102172],[13.396979,38.101996],[13.39825,38.101625],[13.400097,38.100932],[13.401162,38.100574],[13.403352,38.09991],[13.403905,38.099715],[13.404657,38.099399],[13.406225,38.098661],[13.406425,38.09861],[13.406909,38.098523],[13.412204,38.097967],[13.413144,38.097884],[13.413976,38.097789],[13.41764,38.09746],[13.418424,38.097367],[13.419022,38.097272],[13.420151,38.097044],[13.422163,38.096793],[13.42256,38.096764],[13.425472,38.096868],[13.425873,38.096863],[13.426873,38.096749],[13.428453,38.096471],[13.428447,38.096376],[13.429282,38.095451],[13.429629,38.095008],[13.429869,38.094597],[13.430727,38.092855],[13.430912,38.092547],[13.431141,38.092229],[13.431657,38.091604],[13.432362,38.090382],[13.432454,38.090147],[13.432817,38.088365],[13.433544,38.085164],[13.433827,38.083813],[13.433958,38.083311],[13.434273,38.082581]]},"properties":{"id":"linea-N7-1","route_id":"N7","numero":"N7","nome":"Stazione Centrale - Pomara","colore":"#024158","tipo":"bus","direzione":1,"da":"Stazione Centrale Giulio Cesare","a":"Pomara Figurella","fermate":["1979","2073","2075","2223","2224","2271","175","173","176","169","178","181","1617","1750","1752","1071","1069","1073","2088","2089","2060","1390","2233","921","920","2357","1289","1300","1294","1983","1985","1042","1045","1047","840","1590","1146","1160","1142","1140","1148","1133","1147","1135","1156","1159","1144","1162","1169","1170","1152","1138","1171","1163","1137","1131","857","865","861","867","859","1584","1586"],"lon":13.365435,"lat":38.102361}},{"type":"Feature","geometry":{"type":"LineString","coordinates":[[13.34552,38.097715],[13.344888,38.097066],[13.34264,38.095859],[13.342744,38.095738],[13.343968,38.096382],[13.345281,38.097085],[13.345449,38.097194],[13.345841,38.097563],[13.345966,38.097723],[13.346118,38.097963],[13.34798,38.101414],[13.348263,38.101849],[13.348274,38.102088],[13.350176,38.104241],[13.350589,38.104621],[13.352805,38.10656],[13.353041,38.106581],[13.35338,38.106848],[13.353697,38.107015],[13.353817,38.107122],[13.35501,38.107715],[13.35533,38.107853],[13.356143,38.108077],[13.356555,38.108141],[13.356698,38.108186],[13.356859,38.10802],[13.357374,38.107828],[13.358136,38.107501],[13.35828,38.107421],[13.358594,38.106983],[13.359101,38.107244],[13.359671,38.107492],[13.361259,38.108238],[13.363055,38.109052],[13.364464,38.106848],[13.365052,38.10597],[13.364426,38.105702],[13.363899,38.105447],[13.363136,38.105119],[13.362843,38.105013],[13.362804,38.104973],[13.36277,38.104188],[13.362829,38.10401],[13.362619,38.10368]]},"properties":{"id":"linea-OSPED-0","route_id":"OSPED","numero":"OSPED","nome":"Navetta Della Salute","colore":"#FFFFFF","tipo":"bus","direzione":0,"da":"Parcheggio Basile Corsia Esterna","a":"Del Vespro Delle Cliniche","fermate":["1377","181","183","174","184","182","700"],"lon":13.356143,"lat":38.108077}},{"type":"Feature","geometry":{"type":"LineString","coordinates":[[13.362619,38.10368],[13.36194,38.102499],[13.361539,38.101867],[13.359507,38.100318],[13.359297,38.100178],[13.359116,38.100145],[13.358979,38.100154],[13.358853,38.100192],[13.358262,38.100565],[13.356957,38.101449],[13.355845,38.10216],[13.354003,38.103395],[13.354602,38.103923],[13.355518,38.104821],[13.356806,38.106014],[13.356888,38.106115],[13.356955,38.10617],[13.357005,38.106167],[13.357094,38.1062],[13.357138,38.106269],[13.357118,38.106344],[13.35704,38.106395],[13.356957,38.106398],[13.356872,38.106356],[13.355283,38.107688],[13.35619,38.10797],[13.356555,38.108141],[13.356886,38.108257],[13.358059,38.108554],[13.357883,38.108851],[13.357306,38.108748],[13.357093,38.108755],[13.356718,38.108701],[13.355968,38.108556],[13.35586,38.108492],[13.355993,38.108342],[13.356003,38.108301],[13.355989,38.108263],[13.355905,38.108175],[13.355396,38.108057],[13.355114,38.107925],[13.354989,38.107745],[13.353309,38.106911],[13.353205,38.106886],[13.353041,38.106758],[13.352935,38.106748],[13.350537,38.104657],[13.350121,38.104273],[13.348175,38.102069],[13.347706,38.101319],[13.346056,38.098242],[13.345967,38.098104],[13.34552,38.097715]]},"properties":{"id":"linea-OSPED-1","route_id":"OSPED","numero":"OSPED","nome":"Navetta Della Salute","colore":"#FFFFFF","tipo":"bus","direzione":1,"da":"Del Vespro Delle Cliniche","a":"Parcheggio Basile Corsia Esterna","fermate":["700","1392","2061","2063","2271","175","173","176","169","1377"],"lon":13.356555,"lat":38.108141}},{"type":"Feature","geometry":{"type":"LineString","coordinates":[[13.408895,38.088842],[13.410508,38.09126],[13.410525,38.09136],[13.4105,38.091408],[13.410455,38.091442],[13.410062,38.09155],[13.40995,38.091717],[13.409813,38.091994],[13.409787,38.092137],[13.409807,38.092255],[13.410202,38.092849],[13.41054,38.093291],[13.411426,38.094548],[13.411211,38.094657],[13.410778,38.094811],[13.404503,38.096984],[13.403823,38.095802],[13.402601,38.096255],[13.401587,38.096592],[13.400043,38.097145],[13.398819,38.09756],[13.398418,38.097714],[13.398095,38.097868],[13.394923,38.099459],[13.394076,38.099898],[13.393131,38.100331],[13.392969,38.100383],[13.391603,38.101075],[13.388618,38.102549],[13.388552,38.102481],[13.386476,38.103497],[13.386349,38.103574],[13.383723,38.100683],[13.383691,38.100529],[13.383227,38.100758],[13.382335,38.101235],[13.381064,38.101869],[13.377608,38.103739],[13.37748,38.103868],[13.377513,38.103989],[13.377468,38.104181],[13.377289,38.104357],[13.375976,38.10516],[13.37465,38.105996],[13.373673,38.10664],[13.372581,38.107238],[13.371451,38.108081],[13.370655,38.108912],[13.370089,38.109531],[13.369577,38.110155],[13.369133,38.110625],[13.369063,38.11052],[13.369015,38.110509],[13.368072,38.110073]]},"properties":{"id":"linea-TRAM1-0","route_id":"TRAM1","numero":"TRAM1","nome":"Roccella - Stazione Centrale","colore":"#4F3881","tipo":"tram","direzione":0,"da":"Roccella","a":"Stazione Centrale","fermate":["9021","9001","9020","9029","9038","9016","9032","9018","9013","9025","9030","9027","9036","9024","9034"],"lon":13.391603,"lat":38.101075}},{"type":"Feature","geometry":{"type":"LineString","coordinates":[[13.36808,38.110076],[13.369015,38.110509],[13.369063,38.11052],[13.369096,38.110501],[13.370021,38.109378],[13.37129,38.108003],[13.372478,38.107144],[13.373566,38.106545],[13.374672,38.10581],[13.377291,38.104172],[13.377384,38.104041],[13.377447,38.103901],[13.377608,38.103739],[13.381064,38.101869],[13.382335,38.101235],[13.383227,38.100758],[13.383691,38.100529],[13.383866,38.100622],[13.386476,38.103497],[13.388552,38.102481],[13.391636,38.100933],[13.392909,38.100311],[13.39303,38.100203],[13.393995,38.099753],[13.397994,38.09774],[13.398326,38.097582],[13.398771,38.097416],[13.399962,38.097023],[13.40038,38.096862],[13.403757,38.095702],[13.404433,38.096863],[13.406867,38.096],[13.408551,38.095438],[13.411222,38.094506],[13.410735,38.093852],[13.409807,38.09254],[13.409487,38.092071],[13.409452,38.091993],[13.409448,38.091868],[13.409509,38.091779],[13.409629,38.091683],[13.409756,38.091628],[13.410455,38.091442],[13.4105,38.091408],[13.410525,38.09136],[13.410522,38.091311],[13.410508,38.09126],[13.408891,38.088836]]},"properties":{"id":"linea-TRAM1-1","route_id":"TRAM1","numero":"TRAM1","nome":"Roccella - Stazione Centrale","colore":"#4F3881","tipo":"tram","direzione":1,"da":"Stazione Centrale","a":"Roccella","fermate":["9033","9023","9035","9011","9012","9026","9014","9017","9031","9015","9037","9028","9019","9002","9022"],"lon":13.397994,"lat":38.09774}},{"type":"Feature","geometry":{"type":"LineString","coordinates":[[13.342081,38.132681],[13.342294,38.132164],[13.342327,38.132044],[13.342298,38.131946],[13.342258,38.131902],[13.342063,38.131829],[13.334834,38.129976],[13.333721,38.129712],[13.330887,38.129002],[13.330689,38.128972],[13.330595,38.128983],[13.323173,38.127115],[13.322408,38.127038],[13.307397,38.126635],[13.306751,38.126569],[13.305564,38.126355],[13.303543,38.126042],[13.301713,38.125857],[13.301294,38.125831],[13.2992,38.125794],[13.299128,38.126804],[13.299011,38.129887],[13.298914,38.13004],[13.298759,38.130105],[13.292891,38.129909]]},"properties":{"id":"linea-TRAM2-0","route_id":"TRAM2","numero":"TRAM2","nome":"Borgo Nuovo - Stazione Notarbartolo","colore":"#FACE2F","tipo":"tram","direzione":0,"da":"Notarbartolo","a":"Piazza Amerina/San Paolo","fermate":["9045","9050","9044","9067","9047","9042","9010","9057","9055","9060","9062","9065","9064"],"lon":13.322408,"lat":38.127038}},{"type":"Feature","geometry":{"type":"LineString","coordinates":[[13.292808,38.129906],[13.298759,38.130105],[13.298914,38.13004],[13.299011,38.129887],[13.299128,38.126804],[13.2992,38.125794],[13.299296,38.125696],[13.299446,38.125663],[13.300082,38.12563],[13.301431,38.125676],[13.303698,38.125946],[13.304033,38.126013],[13.306772,38.126448],[13.307405,38.12652],[13.313098,38.126666],[13.315641,38.126752],[13.321295,38.126878],[13.322432,38.126913],[13.323143,38.126961],[13.326489,38.127822],[13.329178,38.128479],[13.330887,38.129002],[13.33139,38.129135],[13.334834,38.129976],[13.342063,38.131829],[13.342258,38.131902],[13.342298,38.131946],[13.342327,38.132044],[13.342294,38.132164],[13.342077,38.132691]]},"properties":{"id":"linea-TRAM2-1","route_id":"TRAM2","numero":"TRAM2","nome":"Borgo Nuovo - Stazione Notarbartolo","colore":"#FACE2F","tipo":"tram","direzione":1,"da":"Piazza Amerina/San Paolo","a":"Notarbartolo","fermate":["9063","9040","9039","9061","9054","9056","9051","9043","9048","9068","9066","9049","9046"],"lon":13.315641,"lat":38.126752}},{"type":"Feature","geometry":{"type":"LineString","coordinates":[[13.342081,38.132681],[13.342294,38.132164],[13.342327,38.132044],[13.342298,38.131946],[13.342258,38.131902],[13.342063,38.131829],[13.334834,38.129976],[13.333721,38.129712],[13.330887,38.129002],[13.330689,38.128972],[13.330595,38.128983],[13.323173,38.127115],[13.322408,38.127038],[13.307397,38.126635],[13.306751,38.126569],[13.305564,38.126355],[13.304369,38.126166],[13.303543,38.126042],[13.303146,38.126005],[13.302915,38.126029],[13.30263,38.126147],[13.30258,38.126194],[13.302543,38.126258],[13.302531,38.126322],[13.30281,38.127986],[13.303181,38.130001],[13.303235,38.130178],[13.303318,38.130341],[13.303551,38.130542],[13.303818,38.130678],[13.303933,38.130695],[13.304016,38.130759],[13.304415,38.130942],[13.310065,38.133375],[13.310045,38.133872],[13.309649,38.13445]]},"properties":{"id":"linea-TRAM3-0","route_id":"TRAM3","numero":"TRAM3","nome":"Cep - Stazione Notarbartolo","colore":"#126823","tipo":"tram","direzione":0,"da":"Notarbartolo","a":"Cep","fermate":["9045","9050","9044","9067","9047","9042","9010","9057","9055","9060","9059","9053"],"lon":13.303146,"lat":38.126005}},{"type":"Feature","geometry":{"type":"LineString","coordinates":[[13.309469,38.134375],[13.309872,38.133786],[13.309936,38.13363],[13.309901,38.133494],[13.309783,38.133377],[13.307472,38.132397],[13.306527,38.131969],[13.304132,38.130983],[13.303961,38.130961],[13.303651,38.130781],[13.303366,38.130587],[13.303177,38.130381],[13.303093,38.130205],[13.30304,38.130023],[13.302373,38.126274],[13.302327,38.126176],[13.302249,38.126083],[13.302263,38.125979],[13.302301,38.125922],[13.302392,38.125873],[13.302598,38.125815],[13.303698,38.125946],[13.304033,38.126013],[13.306772,38.126448],[13.307405,38.12652],[13.313098,38.126666],[13.315641,38.126752],[13.321295,38.126878],[13.322432,38.126913],[13.323143,38.126961],[13.326489,38.127822],[13.329178,38.128479],[13.330887,38.129002],[13.33139,38.129135],[13.334834,38.129976],[13.342063,38.131829],[13.342258,38.131902],[13.342298,38.131946],[13.342327,38.132044],[13.342294,38.132164],[13.342077,38.132691]]},"properties":{"id":"linea-TRAM3-1","route_id":"TRAM3","numero":"TRAM3","nome":"Cep - Stazione Notarbartolo","colore":"#126823","tipo":"tram","direzione":1,"da":"Cep","a":"Notarbartolo","fermate":["9052","9058","9061","9054","9056","9051","9043","9048","9068","9066","9049","9046"],"lon":13.302598,"lat":38.125815}},{"type":"Feature","geometry":{"type":"LineString","coordinates":[[13.342081,38.132681],[13.342294,38.132164],[13.342327,38.132044],[13.342298,38.131946],[13.342203,38.131872],[13.341337,38.131636],[13.337914,38.130772],[13.334834,38.129976],[13.333721,38.129712],[13.330887,38.129002],[13.330689,38.128972],[13.330595,38.128983],[13.329435,38.128691],[13.329278,38.128537],[13.329218,38.128393],[13.329229,38.128284],[13.329332,38.128139],[13.329398,38.127966],[13.328863,38.123472],[13.328617,38.121102],[13.328532,38.120536],[13.328494,38.120184],[13.328465,38.119508],[13.328503,38.118639],[13.328622,38.11755],[13.328905,38.115785],[13.329101,38.114264],[13.329201,38.113179],[13.329565,38.109949],[13.329644,38.109034],[13.329864,38.107278],[13.330033,38.105128],[13.330006,38.105028],[13.329916,38.104918],[13.329474,38.104647],[13.329386,38.104502],[13.329397,38.104375],[13.329792,38.103211],[13.329979,38.103111],[13.330046,38.103099],[13.330175,38.103115],[13.330606,38.103281],[13.330658,38.103317],[13.330669,38.103415],[13.330626,38.103622],[13.330555,38.104727],[13.330557,38.105007],[13.330515,38.105403],[13.330317,38.108337],[13.330126,38.110492],[13.329755,38.113025],[13.329614,38.114299],[13.329441,38.115638],[13.32933,38.116321],[13.329147,38.11777],[13.329009,38.118691],[13.32897,38.119267],[13.328995,38.119888],[13.329193,38.121741],[13.329459,38.123843],[13.329749,38.126646],[13.329985,38.128662],[13.330042,38.128749],[13.330887,38.129002],[13.33139,38.129135],[13.334834,38.129976],[13.337914,38.130772],[13.341337,38.131636],[13.342203,38.131872],[13.342298,38.131946],[13.342327,38.132044],[13.342294,38.132164],[13.342077,38.132691]]},"properties":{"id":"linea-TRAM4-0","route_id":"TRAM4","numero":"TRAM4","nome":"Stazione Notarbartolo - Calatafimi","colore":"#035CA0","tipo":"tram","direzione":0,"da":"Notarbartolo","a":"Notarbartolo","fermate":["9045","9050","9044","9067","9005","9004","9003","9070","9072","9074","9041","9071","9009","9008","9069","9073","9007","9006","9068","9066","9049","9046"],"lon":13.329397,"lat":38.104375}}]}