{"type": "FeatureCollection", "features": [{"type": "Feature", "geometry": {"type": "Polygon", "coordinates": [[[13.292143633597382, 38.147616997694904], [13.291969818104088, 38.14754885165296], [13.292202230210133, 38.147479330848824], [13.292388510581793, 38.14740913152611], [13.292621442010791, 38.147317741493985], [13.292827190602345, 38.1472040807619], [13.293032597473138, 38.14710500376196], [13.293211173778225, 38.14696907951351], [13.293264913026784, 38.14679196389741], [13.293313236724396, 38.1465952862054], [13.293403333122434, 38.146483106574486], [13.293548258261223, 38.1464309333527], [13.293613483135884, 38.14631345909959], [13.293723692523967, 38.14614235277342], [13.29384628433724, 38.14597636647031], [13.293993969500875, 38.14580580346885], [13.294169169404325, 38.145527092001615], [13.29435874147067, 38.145436086866795], [13.294517647052075, 38.14531997185365], [13.294559415268585, 38.145169692527006], [13.294637661578557, 38.14498127905523], [13.294727168916086, 38.1447055423561], [13.29486933013537, 38.14454721878601], [13.294982780710676, 38.144432214763164], [13.295096920816194, 38.144288065008986], [13.295154499069794, 38.144194126464114], [13.295257537218903, 38.14413000888632], [13.295370147574422, 38.144051441991], [13.295546335144508, 38.14401754792891], [13.29567807090577, 38.14391010270077], [13.295836479579545, 38.143846788219484], [13.295958312520462, 38.14376836179649], [13.29609838805264, 38.14368379801666], [13.296243278307905, 38.1436399639245], [13.296436479437093, 38.14349288927273], [13.29650707098574, 38.14335370079316], [13.296675009356255, 38.14324009017473], [13.296891005727723, 38.14316586365757], [13.297057705634183, 38.143105424432626], [13.297188362503187, 38.1430154562785], [13.297289215484343, 38.14289120958198], [13.297444795822033, 38.14278226695285], [13.297635754930978, 38.14273184278672], [13.297784993485449, 38.14263247193764], [13.297940348060878, 38.142533188639426], [13.298180938365283, 38.14245448318567], [13.298280655650931, 38.14237856887504], [13.298483066752956, 38.14236215642047], [13.29872831173056, 38.142346371387966], [13.29887889748932, 38.142188995712935], [13.298972720702995, 38.14210332493061], [13.29912128265327, 38.14203295671131], [13.299324592745181, 38.14197787656448], [13.299544677117549, 38.14199073328557], [13.299814854408583, 38.141955963315276], [13.299948815494254, 38.14198690791032], [13.300076884530986, 38.14200810378049], [13.30014751396193, 38.142084533655286], [13.30022234426378, 38.142187250236105], [13.300314637108968, 38.14227667038436], [13.300484278187906, 38.14236042858204], [13.300619463970056, 38.142450469254456], [13.300598059067017, 38.1426330976455], [13.30064668368612, 38.142755765182734], [13.30065975389966, 38.14293211744815], [13.300725371034867, 38.14306180496734], [13.300868975970413, 38.14315874130471], [13.30098747659794, 38.14322821057099], [13.301061993919019, 38.14334446942623], [13.301128714114274, 38.14342674664384], [13.301236596185918, 38.14358413999528], [13.301465172908602, 38.14371618170353], [13.301685489730808, 38.14383455617783], [13.30174254626423, 38.14396411121536], [13.301806918853588, 38.14414798659752], [13.301872696255362, 38.144270893568105], [13.302025823216752, 38.144327314286635], [13.302170679460273, 38.14437005978051], [13.30219223926867, 38.14418065834126], [13.302179323561294, 38.143997526250274], [13.302149101191205, 38.14382092615509], [13.302100786230596, 38.14368471547151], [13.302068992757988, 38.14357584824056], [13.302037365682217, 38.143460201176524], [13.30201461825727, 38.143331135162576], [13.302002184318468, 38.14312768764183], [13.301962758710337, 38.14297805719138], [13.30201704584413, 38.14285687828206], [13.302054810322778, 38.142708363962065], [13.302151821237622, 38.14259457594322], [13.302330668889676, 38.1426513672235], [13.30255114116427, 38.1427629600924], [13.302727171187481, 38.1429416667352], [13.302801523662206, 38.1430647043612], [13.302901935000303, 38.14317456309688], [13.303028383450005, 38.143271248870484], [13.303149822056293, 38.14339697812666], [13.303210492913694, 38.14346489578806], [13.303259233983292, 38.143559450050255], [13.303308276570355, 38.143640600090855], [13.30336801530615, 38.14374872086448], [13.303416032345531, 38.143874547028425], [13.303441516509775, 38.14399558141502], [13.30351247051865, 38.14410833126189], [13.303606257871692, 38.14421247669015], [13.303695635003022, 38.14426292501032], [13.303779969232231, 38.14428649231775], [13.303881897386487, 38.14428348936572], [13.304023951985062, 38.14425873028152], [13.304221429368347, 38.144283922286796], [13.30441170072941, 38.144376050898906], [13.30448893180082, 38.144462074587246], [13.304554327525645, 38.14457027644412], [13.304744081743802, 38.14468474705668], [13.304885723458543, 38.14467784853832], [13.305049049539845, 38.14471148761466], [13.305115481367649, 38.14477501313051], [13.305073709557684, 38.14486826020973], [13.305099930768877, 38.14495802155297], [13.305068088858574, 38.14503785650048], [13.304960773638758, 38.145255525096324], [13.304838597456065, 38.14548450776097], [13.304746151677273, 38.14569085396591], [13.304770023128809, 38.14592195118499], [13.304853908887258, 38.146084689342516], [13.304938865163823, 38.14620129111291], [13.305081173436268, 38.1463648643139], [13.305061777033199, 38.14649302765024], [13.30500624580321, 38.146521124917186], [13.30495171865998, 38.14650588932468], [13.304887710577598, 38.14650496625451], [13.304868750943243, 38.146533590478235], [13.30488570354979, 38.14659162472486], [13.304911958601728, 38.146642567647206], [13.304965994788715, 38.146679462174696], [13.305056591365522, 38.14671688439919], [13.305128741277334, 38.146761265010774], [13.305146028271839, 38.146804861846896], [13.305081518638426, 38.146825597643755], [13.305016173171847, 38.14688244396032], [13.304995724745257, 38.14691203439818], [13.304985073760468, 38.1469768948818], [13.304948334718109, 38.146983589262014], [13.30498373548628, 38.14703466418536], [13.305028459282143, 38.14707864896643], [13.304963112380587, 38.14713549612926], [13.304907403362353, 38.1471708073688], [13.30489759936146, 38.14719956465894], [13.304843228658541, 38.14717710656778], [13.304796507054016, 38.147219772199], [13.304776878596918, 38.1472772783525], [13.304720509725302, 38.14734147878883], [13.304619427444251, 38.14736168631842], [13.304518670228344, 38.14736745715786], [13.304454159761645, 38.147388199799245], [13.304487729311292, 38.1475187039396], [13.304513985511058, 38.1475696478619], [13.304544170336152, 38.14765604837526], [13.304569086844312, 38.14776476155336], [13.3046221090227, 38.14784498891415], [13.304657351853542, 38.14790328725453], [13.304682938555565, 38.14798311127162], [13.304756862339582, 38.14805541352813], [13.304772831111592, 38.14811006228864], [13.304784875584897, 38.148147648360734], [13.304796842462764, 38.148188636139885], [13.304819591050652, 38.14819906309003], [13.304858651521052, 38.14818602376768], [13.304919721293377, 38.14815288697821], [13.304963009448576, 38.1481433114777], [13.305006456188979, 38.14812693349393], [13.3050104490527, 38.14814059343286], [13.305040028562415, 38.148164830287456], [13.30505654851095, 38.14819567617712], [13.305073137894222, 38.14822312834848], [13.305089490153845, 38.14826077656929], [13.305119080192297, 38.148285005445594], [13.305135354896626, 38.148326055369274], [13.305151864652546, 38.14835690109829], [13.305172603313169, 38.14839121069082], [13.305172052424963, 38.14841501262747], [13.30510574951926, 38.14849654899937], [13.305119189288213, 38.14861112434685], [13.30514067265061, 38.14872582390005], [13.305097508681403, 38.148852292376596], [13.304977319895661, 38.148911152366544], [13.304812955055608, 38.14895629307121], [13.304809810965411, 38.14909200754956], [13.304627941725348, 38.14915047505702], [13.304530124535415, 38.149291612923136], [13.304381051134138, 38.14941843349713], [13.304283390441094, 38.1495527767603], [13.304092609296333, 38.149624692689144], [13.303911848594819, 38.14963566345674], [13.303680472421643, 38.14960516525326], [13.303502808516317, 38.1494329690539], [13.303190353589407, 38.14919969446097], [13.302990369373319, 38.14895372489107], [13.30276042991846, 38.148788876328574], [13.302648399556315, 38.14857958539479], [13.302631501136371, 38.14804861266306], [13.302549213256675, 38.14781667161218], [13.302409057388438, 38.14756082210859], [13.302387869082365, 38.14721438708173], [13.302307734487007, 38.146890173458104], [13.302254664859152, 38.14665865369804], [13.302244196589182, 38.14621060054298], [13.302313736605454, 38.146140096965226], [13.302484180509893, 38.14611127589827], [13.302598569741038, 38.14605930335086], [13.302741447495354, 38.14599880012008], [13.302783223131511, 38.14590554586508], [13.302814416112039, 38.14578086343407], [13.302834497473594, 38.145647086168005], [13.302842846368302, 38.14553100688552], [13.302856444738175, 38.14543288634635], [13.302870861154366, 38.14529901998219], [13.302902364301536, 38.14516093344125], [13.302905887676413, 38.145009033967526], [13.302795615540285, 38.14479917914267], [13.302612494220186, 38.14487893288646], [13.302479829066382, 38.14503992743576], [13.302468085779498, 38.14517551127922], [13.302422605461333, 38.14528346407831], [13.302420243814563, 38.1453852498668], [13.302451778660389, 38.1455078867724], [13.30243972969089, 38.14565704505668], [13.302375799628477, 38.14581903218489], [13.302159735950797, 38.14587021216781], [13.301787265693106, 38.14599380020366], [13.301476355647651, 38.14605718699718], [13.301147959765657, 38.14613389165056], [13.300922817273477, 38.146205306295485], [13.300586918794178, 38.14623438918452], [13.300364306734377, 38.146197229145095], [13.30004827696684, 38.14611120562215], [13.299812259887782, 38.145910940103754], [13.299538722207359, 38.14584589243712], [13.299247995159085, 38.145780594274946], [13.299045719262265, 38.14560796644438], [13.298873867458665, 38.14560547881795], [13.298762957472437, 38.14556993389553], [13.298652993519434, 38.14549367137986], [13.298504875406474, 38.14557977619878], [13.29840877683464, 38.14564626543109], [13.298330025687946, 38.14570621563567], [13.298306882063692, 38.145777147673854], [13.298286546605311, 38.145912613707665], [13.298147484537868, 38.14597848009541], [13.298144643884813, 38.14610061987947], [13.298219450058454, 38.14621031331088], [13.298156624392945, 38.14632479522429], [13.29812736845781, 38.14647370358691], [13.298140138568762, 38.14666394951178], [13.298136666894022, 38.146813238766065], [13.298082109296214, 38.14694142021724], [13.298087389919441, 38.14708403877189], [13.298100790748009, 38.14724714330771], [13.298106850603812, 38.14735584131197], [13.298231953836902, 38.14752055571007], [13.298287214990067, 38.14773178657459], [13.298318266702193, 38.14790451545371], [13.298301344191065, 38.14801334629124], [13.298265929009132, 38.14805146540389], [13.298208601462811, 38.14804154627169], [13.298114573501628, 38.14800155297928], [13.298049045220965, 38.14797333646897], [13.297996678871499, 38.14799756966789], [13.297975492596636, 38.14804271500071], [13.297936773237483, 38.1480989645627], [13.297906951156037, 38.148143985607284], [13.297881625303186, 38.148189887379075], [13.297881446271886, 38.14825041561003], [13.297917193540291, 38.14832110534043], [13.297836137884179, 38.14834293371855], [13.297740796014962, 38.1483141929404], [13.297637221987406, 38.148260410827525], [13.297608300856002, 38.14815592689733], [13.297538004945308, 38.14806924593603], [13.29747568088058, 38.14806357332288], [13.297339471085657, 38.148115319024825], [13.297285859429754, 38.1482226390265], [13.29726093532717, 38.148322210375774], [13.297235023475404, 38.14844315400722], [13.297201323223645, 38.14855334184806], [13.297244009327152, 38.14866103989357], [13.297420361894734, 38.148664029593945], [13.297390795758675, 38.148765258500525], [13.2973396989673, 38.14880253714552], [13.297248231356802, 38.14886810481086], [13.297174182846891, 38.14885386489722], [13.29711414659814, 38.14878025978089], [13.29702071698536, 38.148739893094785], [13.296932693151572, 38.14870738004916], [13.296886368907359, 38.14858439571804], [13.296811727720465, 38.148509840558845], [13.296644712942369, 38.148502176748266], [13.296491782707298, 38.14842528984746], [13.296260570567632, 38.148387998130275], [13.295685054235117, 38.148439896956326], [13.2952525418261, 38.14857110857586], [13.294956338159333, 38.14858056074127], [13.294673029013945, 38.1485352081268], [13.294409360607682, 38.14839388867569], [13.29417630409124, 38.148184271066434], [13.293959587447267, 38.14802072308852], [13.293672607583115, 38.147883647570396], [13.293169372226453, 38.14781218035686], [13.292699238480951, 38.14781451790382], [13.292404972136346, 38.147741500384384], [13.292143633597382, 38.147616997694904]]]}, "properties": {"anno": 2012, "id": 4198, "data": "2012-06-21", "localita": "Grotta Molara", "sup_ha": 46.2667, "sup_boscata_ha": 0.0, "sup_non_boscata_ha": 39.2806, "luogo_inizio": "incolto e pascolo", "squadre_aib": 2, "fine_intervento": "2012-06-21"}}, {"type": "Feature", "geometry": {"type": "Polygon", "coordinates": [[[13.297088166837229, 38.15501530549954], [13.297093987661812, 38.15499056265719], [13.297127589634444, 38.154965855941555], [13.297174352079795, 38.154983080513226], [13.297272733025348, 38.15503416985279], [13.297350262699478, 38.15508080776154], [13.29740255723422, 38.1550857060408], [13.297471337238978, 38.15505773430856], [13.297492864574949, 38.155033218283485], [13.297518485623574, 38.1550584179383], [13.297538566619387, 38.15509594999171], [13.297516461929037, 38.1551452930266], [13.297547026573431, 38.155182977985255], [13.297582543955816, 38.15523314747487], [13.297673607169061, 38.15526815892879], [13.297727731884798, 38.15519445191769], [13.297811746645916, 38.15518739534465], [13.29788392906617, 38.155238096266814], [13.297962905144004, 38.155222693793235], [13.298066528430914, 38.155273850353254], [13.298129008081816, 38.155291309571815], [13.29816125205789, 38.15535658013017], [13.298223153714034, 38.15539885908656], [13.29831212166578, 38.15540428036799], [13.298359076740626, 38.155413241721696], [13.298389161276473, 38.15547160588909], [13.298450099389674, 38.155555252540196], [13.298512010509304, 38.155597531483046], [13.29858040599304, 38.15558610804452], [13.298617561937835, 38.15556595825614], [13.298681057968585, 38.155586205715416], [13.29875354003857, 38.15562449681805], [13.298778189010488, 38.155691063894544], [13.298761703022443, 38.15572392594916], [13.298746388837413, 38.15573936551625], [13.298639874505016, 38.15581231388955], [13.298591281254287, 38.15587367972929], [13.298522403524055, 38.155905791576295], [13.29846342139683, 38.15596286683646], [13.298411447682776, 38.1559818456943], [13.298347994401187, 38.156005754285225], [13.2983056059686, 38.156025828151165], [13.298252829794698, 38.15604161777895], [13.298205006422254, 38.15606989369848], [13.298142806591901, 38.15604002494171], [13.298107191283915, 38.155993986070605], [13.298103211594285, 38.15594013208331], [13.298077493786963, 38.15591907293447], [13.298015399334563, 38.155885071967106], [13.297936721332066, 38.155888065158535], [13.29789071965788, 38.15583774379363], [13.29789721474115, 38.15578404164404], [13.297864802669654, 38.15573611522178], [13.29782977598867, 38.15566526474832], [13.297773300127984, 38.15561478338491], [13.297732540035783, 38.15556453704553], [13.297701781660141, 38.15553512387869], [13.29762960024698, 38.15548442195875], [13.29758864685136, 38.1554424464184], [13.29752655434032, 38.15540843801429], [13.297475416229878, 38.15535390113242], [13.297427384898743, 38.15530161534391], [13.297292617945127, 38.15523759297361], [13.29722576549573, 38.15518282810512], [13.297174435388692, 38.15513656196036], [13.297139110715705, 38.15507812149309], [13.297088166837229, 38.15501530549954]]]}, "properties": {"anno": 2012, "id": 5233, "data": "2012-06-23", "localita": "Inserra", "sup_ha": 0.6233, "sup_boscata_ha": 0.0, "sup_non_boscata_ha": 0.0048, "luogo_inizio": "strada comunale", "squadre_aib": 1, "fine_intervento": "2012-06-23"}}, {"type": "Feature", "geometry": {"type": "Polygon", "coordinates": [[[13.35934183244901, 38.06907244754996], [13.359339014244696, 38.06919874782533], [13.35922501962097, 38.069285742200115], [13.359199657657186, 38.0693050979833], [13.358970217420163, 38.069356042841065], [13.358762700845709, 38.06940212063482], [13.358740776859689, 38.06940698814393], [13.35871289110211, 38.06941873406811], [13.358533350856032, 38.06949434038772], [13.358476330909355, 38.069497638851196], [13.358472473956713, 38.069497865240336], [13.358325089786396, 38.06950638077763], [13.358281894828762, 38.06950887738223], [13.358170593764054, 38.06938098449415], [13.358128167778725, 38.06923599855643], [13.35801647427474, 38.0691261463657], [13.357903966181906, 38.069052382548364], [13.35774380170212, 38.069068192330406], [13.357672913094724, 38.0691754957459], [13.357509927904225, 38.06931761348648], [13.357414999650134, 38.06947872779077], [13.357186363926276, 38.06949358053546], [13.357050632180792, 38.069437538444795], [13.357008217328616, 38.06929256038946], [13.35707869429896, 38.06920329795553], [13.357217247503922, 38.06913303986692], [13.357264912956214, 38.069043458397616], [13.357265121541445, 38.069039841234385], [13.357268541963382, 38.0688810696755], [13.357180880171885, 38.06871740557337], [13.357066760170587, 38.0687158109379], [13.356908613466342, 38.06864140896331], [13.356820952753571, 38.06847774461111], [13.356777318751801, 38.06838688838846], [13.356688449519485, 38.06827736133385], [13.35664642958605, 38.06811433421981], [13.356765790214302, 38.067881360641636], [13.356792239819928, 38.067719298247916], [13.35695522270202, 38.0675771814165], [13.357070954268382, 38.06750660525158], [13.357187480348319, 38.06739993930824], [13.357417731803151, 38.067312908443924], [13.357533048803088, 38.067260372348485], [13.357625556238, 38.06720751733611], [13.357694830044935, 38.06717239197623], [13.357832966286022, 38.06712017360346], [13.357949502028248, 38.06701350791839], [13.358042804297906, 38.066924562901086], [13.358066036311044, 38.06690684119126], [13.358250223482047, 38.06683721133417], [13.358317885714442, 38.0668742565273], [13.358501679460614, 38.066822674319496], [13.35866103369176, 38.066842944804065], [13.358683852109603, 38.066843263527375], [13.358522888276736, 38.06689516403498], [13.358842410280046, 38.06689962252583], [13.35904901305906, 38.0668483580158], [13.35927724751571, 38.06685154229426], [13.359437808752457, 38.06681768867135], [13.35959836998944, 38.066783828519014], [13.359804176252082, 38.066768652337004], [13.36003240145114, 38.06677183411536], [13.360282246851334, 38.06682946426673], [13.360208146027873, 38.067081110495565], [13.360134848025167, 38.06729667519482], [13.359993081092208, 38.06751128516189], [13.359826480882042, 38.06781579621255], [13.359684712184713, 38.06803039763765], [13.359749155764675, 38.0682117902776], [13.359906098008214, 38.068340318746316], [13.36001739950515, 38.068468210029025], [13.36008224727023, 38.06863155458377], [13.36005378301568, 38.06888383661799], [13.36023355640569, 38.0690126904987], [13.360230739740608, 38.06913899083179], [13.360022913308432, 38.06924438647557], [13.359795487608917, 38.06920511500115], [13.359663376894334, 38.06898668605811], [13.359480383314244, 38.069002187636514], [13.35934183244901, 38.06907244754996]]]}, "properties": {"anno": 2012, "id": 3888, "data": "2012-07-05", "localita": "Chiarandà", "sup_ha": 6.9073, "sup_boscata_ha": 0.6516, "sup_non_boscata_ha": 6.2557, "luogo_inizio": "bosco", "squadre_aib": 2, "fine_intervento": "2012-07-05"}}, {"type": "Feature", "geometry": {"type": "Polygon", "coordinates": [[[13.274602117198539, 38.12519092878648], [13.274238534348807, 38.12519835556684], [13.274068252272672, 38.12522775211952], [13.274022672598363, 38.125105872778086], [13.274161412328725, 38.125044115783], [13.274346792045236, 38.125059601236394], [13.27450975368206, 38.124998199717716], [13.27462592333086, 38.1248659308463], [13.274604414811813, 38.12475079104647], [13.27442756704309, 38.12471629766193], [13.274297640474371, 38.12474628747164], [13.27413437895309, 38.12482044039394], [13.273859606986152, 38.124829169245935], [13.27359184405441, 38.124882645474926], [13.273380296225751, 38.12494971805445], [13.273079345873322, 38.125040987911724], [13.272690939347745, 38.125073556186855], [13.272360251609717, 38.12505593252946], [13.271964976928556, 38.1250373666787], [13.271626520775751, 38.125006872364494], [13.271302008577148, 38.12504260400482], [13.271060598130513, 38.125094861830156], [13.270728129139155, 38.12509815960875], [13.270622064666446, 38.12508082916362], [13.270557526539852, 38.1249957715282], [13.270472173639003, 38.1249472067072], [13.27034578148241, 38.12494534627813], [13.270272725813768, 38.124939012012646], [13.270233683294665, 38.12490163943162], [13.270214843608404, 38.124854052218495], [13.270289751492456, 38.12478156483314], [13.270430943402898, 38.12472056301318], [13.270664397885685, 38.124712026851995], [13.27103740499948, 38.12464734158105], [13.27120934257407, 38.12454780220271], [13.27130131334433, 38.124415188568506], [13.271117441381689, 38.12433593463622], [13.270785251715132, 38.12438207935516], [13.27044441600099, 38.12443163831423], [13.27028414732453, 38.1244555598346], [13.270157506687598, 38.124464214934754], [13.269864688350799, 38.12446516457891], [13.269671773149497, 38.124462325250505], [13.269420117766495, 38.12441130313727], [13.269320328580827, 38.12440983450494], [13.269226458199006, 38.124439991333226], [13.26917236601756, 38.1244759944496], [13.269092293359849, 38.124485333765456], [13.268972681617935, 38.124478312552675], [13.26883261638717, 38.124492020388956], [13.268698327243461, 38.12454261076356], [13.268518102013775, 38.12456623658086], [13.268284902569086, 38.12457857157611], [13.268112315577518, 38.12456025890288], [13.267959811006737, 38.12453698290287], [13.267801777894809, 38.12446632354991], [13.26770951355802, 38.12442816517164], [13.267613537134434, 38.124297104217206], [13.267648244785207, 38.12419554761914], [13.267769940177553, 38.12417182137804], [13.267866055951764, 38.12420513503476], [13.267912688804335, 38.124278712273785], [13.26805804070437, 38.12432291260439], [13.268177155550466, 38.12435094725752], [13.26831709636089, 38.124342498508746], [13.26843684229023, 38.12434426222421], [13.268544022569364, 38.12431429413953], [13.268624094924574, 38.12430496240139], [13.268724371360847, 38.12428541085662], [13.268771435695351, 38.12426508297554], [13.268799031899817, 38.12422343114928], [13.268814205528223, 38.12414480585348], [13.268762225939136, 38.12409147158193], [13.268683892765479, 38.124027238435986], [13.26855961507107, 38.12393604072967], [13.268329275447309, 38.123827518542434], [13.26823801511387, 38.123747324889784], [13.268153525360812, 38.12366197176343], [13.268068911738125, 38.12358186878158], [13.268017067419704, 38.12352328414751], [13.267918148854182, 38.12348502870991], [13.267720207209798, 38.12341377348346], [13.26762806831787, 38.12337036486671], [13.267642622045216, 38.12331801056015], [13.267683155053604, 38.12329232753169], [13.26777013010201, 38.12327258059728], [13.267823342374957, 38.12327336450665], [13.26796378818454, 38.12324389475427], [13.268164214205402, 38.12321004824504], [13.26824403711502, 38.12321122434838], [13.268264738627428, 38.12317999036204], [13.268225076022478, 38.12316889517146], [13.267941651597793, 38.12305432303971], [13.267689122468449, 38.12304009094907], [13.267393757614613, 38.12286752218166], [13.267027492825669, 38.122738590280555], [13.26677130485909, 38.122598136339334], [13.266481105318555, 38.122488728079844], [13.266445175513041, 38.122319981364875], [13.266368696532442, 38.1221128436522], [13.266391391379706, 38.12206347629356], [13.266790858662898, 38.12204582161653], [13.266960755856843, 38.122073176704085], [13.267072733059532, 38.12202904849573], [13.267099376268009, 38.121742982370726], [13.267064915852394, 38.12166006802409], [13.267040878040746, 38.121556378626295], [13.267028295828197, 38.12145808595106], [13.26689749300844, 38.12138814530983], [13.266775101358812, 38.12124245534731], [13.266480834020449, 38.12115309133786], [13.266212627290713, 38.12115175391156], [13.266052763408787, 38.1211206221803], [13.265868894135991, 38.12119377541328], [13.265619532326054, 38.12123587561205], [13.26551966205546, 38.12111798556248], [13.265336772845199, 38.121219934967996], [13.265255727624783, 38.12107615809763], [13.26505240668913, 38.12099206288469], [13.264861850323678, 38.12099840198145], [13.264602425566055, 38.12104558716657], [13.264382609640617, 38.121098584799725], [13.264157055253332, 38.12118420254221], [13.264163418502209, 38.12133472382585], [13.264000507757995, 38.12143172968054], [13.263317276445525, 38.12133661333829], [13.263056776051304, 38.12125493322684], [13.262604899924861, 38.121178930608714], [13.262362686292564, 38.12084965395836], [13.262154101409505, 38.120638587275245], [13.26206132219252, 38.120641139041815], [13.261927886951115, 38.12068233513408], [13.261863085803961, 38.120691840573365], [13.261783715975755, 38.120617419614376], [13.261740171600634, 38.12049905328796], [13.2614679591565, 38.120387762270674], [13.261196520261182, 38.12045308021309], [13.260822029029168, 38.12038827618737], [13.260679704916766, 38.12030323466795], [13.260874202080007, 38.12003313184244], [13.260853052409534, 38.119818583093064], [13.26091375472909, 38.11965707543142], [13.261091928424657, 38.11952149624925], [13.261241824805586, 38.11947188271275], [13.261404578610025, 38.11943282278479], [13.261497484046568, 38.1193077194088], [13.261632228324316, 38.11927005501805], [13.261901736856029, 38.11919473237174], [13.262048055287071, 38.119139611851445], [13.262369833825442, 38.11897693683304], [13.262734119561342, 38.11890300537324], [13.262815503075858, 38.118875861837225], [13.262826805302142, 38.11890555591015], [13.262931566768223, 38.118881188523375], [13.262914560109689, 38.11884281831737], [13.262936505053954, 38.11883549823087], [13.26329078068112, 38.11871295103835], [13.2636398442375, 38.118810636208636], [13.263964998922214, 38.118740535446044], [13.26407008856381, 38.11877733265315], [13.2642030665838, 38.11881454913462], [13.264264915968361, 38.11879343131182], [13.264326984103564, 38.11876350682736], [13.264461726040997, 38.11872583912723], [13.264551672371567, 38.11869631835114], [13.264651293649178, 38.11872863742056], [13.264806574172876, 38.118766174625236], [13.265443488727158, 38.11848476502232], [13.265612782897087, 38.118165613127516], [13.265823041554738, 38.11800127446792], [13.26594107355792, 38.1174918953973], [13.266108591017957, 38.11724761924628], [13.266444362239286, 38.11719969199799], [13.26679998950089, 38.11701987635278], [13.266868507986722, 38.11671685599818], [13.266776545899551, 38.1165965270374], [13.26661673776672, 38.11651486369132], [13.266500804931434, 38.11646468762879], [13.266188279737616, 38.11647329219781], [13.265652629261405, 38.116483018104724], [13.2653452583972, 38.11650932347669], [13.265132778615296, 38.11653263194839], [13.264891577431516, 38.116590752504145], [13.264511306093027, 38.11663361468275], [13.264041112449538, 38.11670597934193], [13.263705655218583, 38.1167406832627], [13.263415212344636, 38.11675842393953], [13.263164220617528, 38.1167591212464], [13.262997274977552, 38.11674344035709], [13.262736285313212, 38.11669552203274], [13.262414797277586, 38.11661145518577], [13.26186671125172, 38.11644032630072], [13.261662312434568, 38.11635798917447], [13.261397310414784, 38.11624391472092], [13.261150085034153, 38.116086040024314], [13.26083892076373, 38.11603737559416], [13.260503047369744, 38.116089690245786], [13.260237667237192, 38.11622675890608], [13.260100512304355, 38.1163657255717], [13.259812408385056, 38.116520090766755], [13.259369345223247, 38.116623687555546], [13.259089115991099, 38.11668122676258], [13.258689608674953, 38.1168295275461], [13.258451797962389, 38.117213747109076], [13.25803029766505, 38.117348505609584], [13.257784153303323, 38.11738010318496], [13.257440050474669, 38.11730891018509], [13.256647626965389, 38.11732800980814], [13.256492353109637, 38.11729045385516], [13.256439956054997, 38.117148681428404], [13.256552808235805, 38.116859538592315], [13.25662566780896, 38.11637593472986], [13.256465121818074, 38.11609155424205], [13.256342875628494, 38.11583859012768], [13.256289195976528, 38.11551613703634], [13.25627067783628, 38.11535723963844], [13.25619163980572, 38.11492866739596], [13.255970718510605, 38.114603732862555], [13.255517551218995, 38.114429578068325], [13.255055864990709, 38.114378663619064], [13.254586181791584, 38.114195442826855], [13.254554518247327, 38.11412006238443], [13.254481609330629, 38.113903073437], [13.254537548855723, 38.11342803726997], [13.254668381507877, 38.11308629152569], [13.25485328338374, 38.11281585396356], [13.255129069444028, 38.11247625941667], [13.25538360101675, 38.112092285668936], [13.255239460091376, 38.11158784381963], [13.254885593157738, 38.11122568208107], [13.254531320389232, 38.111114679904276], [13.254170427013431, 38.111047632070886], [13.253797863454198, 38.11100244240089], [13.253663751125988, 38.11101367145688], [13.253322533311866, 38.11105707014009], [13.25298016079998, 38.11114891659248], [13.25267007877833, 38.1112897164429], [13.252320228845848, 38.11146076546967], [13.252174024257782, 38.1115114635578], [13.252022666119817, 38.11154446595512], [13.25192273509777, 38.11152535365832], [13.25181186878257, 38.11149726956724], [13.251746761922483, 38.11142139061932], [13.251742871268627, 38.111350834928686], [13.251745288891472, 38.111249532320244], [13.251814600958475, 38.11114921722972], [13.251872766463228, 38.11104873620334], [13.251911048474534, 38.110846620630596], [13.25201264570907, 38.11032820225156], [13.251944382678468, 38.10991740626407], [13.251956893988709, 38.109860307643665], [13.251956051635842, 38.10966201559011], [13.251788913222137, 38.10942160063603], [13.251688143470075, 38.109204196152895], [13.251650586463215, 38.10914194919727], [13.251665946872324, 38.10896592835343], [13.251406769234059, 38.108376044339856], [13.251179369746179, 38.10809066229669], [13.251092691437941, 38.10798363000522], [13.251000030660409, 38.10789412649243], [13.250801241175353, 38.10781185420016], [13.250552174589108, 38.107733245816995], [13.250354322770592, 38.10761132974984], [13.250085596769116, 38.107422271849764], [13.249925090843558, 38.107371416444586], [13.249847045153011, 38.10737025452201], [13.249768684189387, 38.10738230264058], [13.249569996433443, 38.10752915825661], [13.249391193596553, 38.107544123236394], [13.249179461921194, 38.10753656617593], [13.248932501764566, 38.10736985473743], [13.248758121438355, 38.10719982626868], [13.248634221564265, 38.10701732010343], [13.248288078373498, 38.10703419590133], [13.248094024271564, 38.10698724263507], [13.247968439174203, 38.106875216554066], [13.247909544311854, 38.10677300037906], [13.247923745177928, 38.10664543048877], [13.247792598366283, 38.10653332036249], [13.247498095608519, 38.10648927441993], [13.247241567370379, 38.10648985630184], [13.247002703927842, 38.10645105057702], [13.246770055770318, 38.106385894043015], [13.246555324623788, 38.10622570105469], [13.246298432490457, 38.10611748686037], [13.24597738961948, 38.10593004110062], [13.246144324047636, 38.10585424168186], [13.24633368471026, 38.10582724277051], [13.246503562160111, 38.10582604705131], [13.246691852332484, 38.105843769370885], [13.24685067948164, 38.1059095121929], [13.247043242391992, 38.10594593396254], [13.247536199982402, 38.10582890969045], [13.248050411543908, 38.10577929531314], [13.24873627985963, 38.105780694048114], [13.249160671264958, 38.105756172440245], [13.249321173127138, 38.10580702880477], [13.249404368186898, 38.1058258938362], [13.24947231004109, 38.105782842636025], [13.249635653919745, 38.10571477624155], [13.249953602506997, 38.10571069114527], [13.250774832832462, 38.10564800887794], [13.251307239437905, 38.10553695596052], [13.252080711867759, 38.10537220854989], [13.252621213193999, 38.105389059105136], [13.253396369613776, 38.10538735563341], [13.253524573897629, 38.10538926004556], [13.253537094281823, 38.10533216944338], [13.253466302953479, 38.10526061182909], [13.25346325090791, 38.105154823707004], [13.253526036678666, 38.10509406742022], [13.253588087073041, 38.10506414101114], [13.25372271384175, 38.10503089580805], [13.253890888768739, 38.104993735196615], [13.254008158853686, 38.10498666757118], [13.254154778959307, 38.10491833903242], [13.25453519313925, 38.10486671108683], [13.254601566800618, 38.104889727417884], [13.254696327106487, 38.1048911336006], [13.254827269231097, 38.104895276123536], [13.255001436242303, 38.104840584998], [13.25522661314679, 38.10475138928508], [13.25546841069307, 38.10466685302021], [13.255530775315293, 38.10462371543191], [13.255655618146756, 38.10453303870657], [13.255755006781623, 38.10457417069735], [13.256091379960251, 38.10473337829547], [13.256433526459341, 38.10488386076254], [13.256626322280772, 38.10498365342378], [13.256945657787778, 38.105155827748455], [13.25727666271726, 38.10530613524441], [13.257613242752129, 38.10545653262343], [13.257872512584155, 38.105574934413625], [13.258153139725787, 38.10573331028084], [13.258356048716177, 38.10587732018264], [13.258488058117786, 38.105954177537996], [13.258511289627961, 38.105914864018914], [13.25840220934469, 38.10581190982488], [13.258305540578585, 38.105656260500986], [13.258171625299564, 38.10542514784347], [13.258059066920518, 38.105234017799745], [13.257973221113721, 38.1050917417061], [13.257886965056683, 38.10496708642048], [13.257778305611382, 38.104846510939], [13.257707415957135, 38.10477936743172], [13.25774148808695, 38.10475343596703], [13.257808376753804, 38.10475442714109], [13.257969092066544, 38.10479646591658], [13.258057652010821, 38.104824214262095], [13.258234885824042, 38.104875306605585], [13.258384447069679, 38.10491717942503], [13.258578712252552, 38.10495530264969], [13.258772035149667, 38.10503307584477], [13.258859862475482, 38.10509166080571], [13.25891918986871, 38.105176251097], [13.258935079533359, 38.1052117396259], [13.259011972040202, 38.10526134531594], [13.259099486278192, 38.10533313936897], [13.259214139488112, 38.10543618272294], [13.259278735752272, 38.105534072936656], [13.259347638954766, 38.10568490690574], [13.25944146877661, 38.105725953428205], [13.259498363749406, 38.10567832864207], [13.259476900920534, 38.10564275760908], [13.259457426399983, 38.10552350420901], [13.25947844426522, 38.10534316185451], [13.259476733604576, 38.10518010156486], [13.259474300229607, 38.10504787864113], [13.259448102126218, 38.1049769925317], [13.259406338152996, 38.104857401627456], [13.25941348006087, 38.10479141356812], [13.259529912066606, 38.10481958101625], [13.259685475102396, 38.10484391505283], [13.259873948749142, 38.10489076651748], [13.260056128752698, 38.10496836533], [13.260183004243059, 38.105118572389074], [13.260293582552212, 38.10522065407587], [13.260335940388854, 38.10522128050112], [13.26042118637568, 38.10520022358932], [13.260533344850927, 38.10523536402857], [13.260688399520431, 38.10524882106085], [13.260773911215672, 38.10521660498588], [13.260916962407856, 38.105140593877216], [13.261159902380994, 38.10502141532152], [13.261417492546157, 38.104880141822086], [13.261645258800883, 38.104805382721345], [13.261913794656468, 38.10479818996858], [13.262253727926678, 38.104758569722875], [13.262481492838287, 38.10468381617596], [13.262781702484274, 38.10453199908827], [13.262953249692574, 38.10444525124755], [13.263153307372423, 38.104347761861206], [13.26335282486784, 38.10427258172287], [13.26365170919179, 38.10417655069925], [13.263934364880365, 38.10416956111119], [13.26425726431197, 38.104252454770545], [13.264412309973222, 38.104265899529665], [13.264679786757412, 38.10430332896128], [13.264833519436985, 38.10437256891056], [13.265184656338933, 38.10445586903166], [13.265438540834154, 38.10447077841666], [13.265734781847167, 38.10448631170725], [13.265918336466477, 38.104489018842436], [13.266186871141324, 38.10448181537927], [13.266570479263423, 38.10438702649403], [13.266951964974798, 38.104381486211864], [13.267304423332535, 38.10440900688116], [13.267570847200297, 38.10449105210021], [13.268191577636188, 38.104522522748574], [13.268615158300223, 38.104528760516565], [13.269137851344919, 38.104525293456206], [13.269812419774986, 38.10466914853647], [13.270190756100005, 38.10479748758725], [13.270471562186177, 38.10486858150466], [13.270709228581046, 38.10497252283681], [13.271459374425865, 38.10524074203322], [13.271960104758291, 38.10533087415453], [13.272846363748624, 38.10550945623688], [13.2728226792235, 38.105624997319254], [13.272726087992687, 38.10572291357435], [13.272681274867317, 38.105846417623276], [13.27249972684632, 38.10599275624259], [13.27232904691912, 38.10612269172214], [13.27221072959189, 38.10625339625494], [13.272486287724682, 38.1062821259811], [13.272937336540553, 38.10632223356589], [13.273387597905424, 38.10639581010865], [13.273838911644988, 38.106424763386464], [13.274288072056507, 38.10634598924919], [13.274686812227495, 38.10631873288587], [13.27530742462421, 38.10621194835702], [13.275883801812881, 38.106203839729076], [13.276459214410353, 38.10623711141651], [13.27686686446549, 38.106276194944265], [13.277358298738895, 38.106316513004515], [13.2776622026644, 38.10631268398848], [13.277966390451892, 38.10629555068529], [13.278278339156785, 38.10624431901232], [13.27857773740281, 38.106125930804005], [13.278819614936781, 38.10605135226729], [13.2792445169209, 38.10600176310452], [13.279696093172229, 38.10601953483997], [13.28030298341614, 38.10603956792506], [13.280725014046864, 38.106112711183826], [13.28113134276585, 38.10625257964766], [13.28134027152356, 38.10637839851838], [13.281561219675329, 38.10659368228309], [13.281684373594011, 38.10676289085032], [13.281680710315486, 38.10691909127407], [13.281563034713406, 38.107118262669395], [13.281532704254923, 38.107207110168005], [13.2814877280474, 38.10731806101195], [13.281398035726296, 38.10752879726983], [13.281604864433028, 38.107743874366705], [13.28195316054535, 38.10794986375809], [13.28199212025835, 38.10809552290387], [13.282087824630828, 38.108230849077245], [13.282167575625534, 38.108444068406385], [13.282232418724952, 38.108690552856515], [13.282509338513684, 38.10892897097834], [13.282800374216972, 38.10916759481753], [13.283106318571534, 38.10937296168088], [13.28334506528267, 38.10943224829137], [13.283624333770483, 38.10957025307729], [13.28397082474018, 38.10985432951004], [13.284159624663008, 38.110236548404394], [13.284280177636411, 38.11051732599437], [13.284546905754153, 38.11058818988037], [13.284727604434261, 38.110713590517], [13.285018653290951, 38.1109522091132], [13.285253228623628, 38.11119001159478], [13.285475770229683, 38.11133833954787], [13.28574354596451, 38.11136457088188], [13.285997721080424, 38.111368276512515], [13.28622548450324, 38.111293469698644], [13.286465544860736, 38.11129696927734], [13.286749261424761, 38.11124530341285], [13.286989321711454, 38.11124880101681], [13.287241670189363, 38.11133059665754], [13.287280641996604, 38.11147625516212], [13.287275685910638, 38.111688237720486], [13.287230453477271, 38.11181035077436], [13.28717031539331, 38.1119657206308], [13.287083241597395, 38.11206489773897], [13.286953804953592, 38.112163465073095], [13.286710871807458, 38.1122826899481], [13.286425323665965, 38.112412455488645], [13.286182649523715, 38.112520527374066], [13.285902027233037, 38.11297922412353], [13.286139000917768, 38.11334645064346], [13.286185036756365, 38.11356539069131], [13.286230128577873, 38.113824728358814], [13.286348138800287, 38.11402854325148], [13.286485481544394, 38.114281146730725], [13.286602737638816, 38.114517290850564], [13.286988394372719, 38.11465225445558], [13.28739716186965, 38.114674376036135], [13.287486568716792, 38.11478884833932], [13.287462334833243, 38.114950179423545], [13.287182200646745, 38.11511585454008], [13.286934633211116, 38.11520117211769], [13.286696730213006, 38.115310883473065], [13.286386472609225, 38.11545187202552], [13.286127347087033, 38.11559359684003], [13.285898727462694, 38.11574386061887], [13.2855373241641, 38.11588410137912], [13.285216451179014, 38.11604109711352], [13.284967364896252, 38.11619106113616], [13.284635887508289, 38.11636406659013], [13.284314821327769, 38.11652914503449], [13.284114602534343, 38.11677682347651], [13.283939013426924, 38.116847011841166], [13.283822896625635, 38.1169989142233], [13.283700504282352, 38.11717182308661], [13.283654217319, 38.11733856426327], [13.283664671623422, 38.11749496271302], [13.283602439030524, 38.117739590079736], [13.283698671565311, 38.1178526041053], [13.283745209094318, 38.118016380529376], [13.283825665669728, 38.11819125666795], [13.283922623577071, 38.118384179256296], [13.28403220293291, 38.118519395601595], [13.284182595916535, 38.11859730129805], [13.284302615710613, 38.118768295149366], [13.284338830125197, 38.11890689131243], [13.284319419543568, 38.11901349429771], [13.28433278071968, 38.11916511834602], [13.284362632764104, 38.11933479679204], [13.284510202076255, 38.119532908161574], [13.284853676809886, 38.120032285335164], [13.28510968174703, 38.12017408793485], [13.285538206088676, 38.120171427727456], [13.28595294808435, 38.12003495666635], [13.286246209221662, 38.12003032972451], [13.286510882243684, 38.120043090395924], [13.286715363019104, 38.12002855271594], [13.286936307915028, 38.11990418442251], [13.28726292382496, 38.119749457802286], [13.28744451185093, 38.11965586107433], [13.287676712200447, 38.11966617205021], [13.287953848591618, 38.11955537623338], [13.288182861097974, 38.119431130357974], [13.288419197445556, 38.119338880634466], [13.288680758305594, 38.11920444176725], [13.288817388511703, 38.1191405700412], [13.289025200079182, 38.119176151531676], [13.289113942015662, 38.11912619530025], [13.28919429558645, 38.11908765276009], [13.28912741046777, 38.119035431373405], [13.288938190990542, 38.11901346551965], [13.288882738638755, 38.11895756523317], [13.288877062481122, 38.11885371942977], [13.288937337356721, 38.118772601403975], [13.289180370387811, 38.11878126574336], [13.289641333262052, 38.11852734308626], [13.290031933235882, 38.11839905891703], [13.29021788657915, 38.11838899994772], [13.290164840617292, 38.118585988873576], [13.290257981849411, 38.118746828448124], [13.290311962921326, 38.118856068874486], [13.290203148340128, 38.119020349804224], [13.290079978111871, 38.11910787129849], [13.28994159464035, 38.119115460410534], [13.289712507518562, 38.11924605565091], [13.289591627984864, 38.1192253887496], [13.289428973279753, 38.11924607834762], [13.289372840586866, 38.11928881912572], [13.289275462406625, 38.11929252942151], [13.289182097640099, 38.11926298705792], [13.289098034591502, 38.11925151710626], [13.288974776293527, 38.11925227910938], [13.288865513003788, 38.11934805750523], [13.288766569937215, 38.11941835854007], [13.288729051455485, 38.119497236971064], [13.288717524836517, 38.119573937458696], [13.288732068409352, 38.11964589010032], [13.28881798831866, 38.11971631881068], [13.288901322769684, 38.11975853365397], [13.288955063462058, 38.1198182470995], [13.288992654182193, 38.11987516141117], [13.288971405413317, 38.11995171308218], [13.28891154925608, 38.1200149002148], [13.288939058753726, 38.12008704172039], [13.289042087169856, 38.12011928889873], [13.28915526587185, 38.1201337459514], [13.2892177084583, 38.12009878782653], [13.289336396152757, 38.120015955686846], [13.289425796217046, 38.11993783267914], [13.289506726148659, 38.11994413719834], [13.289550984145757, 38.11999345780391], [13.289606833060807, 38.12010188673946], [13.289692156790176, 38.12019792564169], [13.289820229747894, 38.120268974651346], [13.290047725609234, 38.12024921954556], [13.290227805581683, 38.12016873207039], [13.290428132750778, 38.12006003665533], [13.290583738174282, 38.12005113590201], [13.290724965926765, 38.12005318946395], [13.290811264358187, 38.11998748080008], [13.291025183828298, 38.119901307863195], [13.291180277862756, 38.11991471828218], [13.291346625135013, 38.12005106382014], [13.291585153335365, 38.120121501740456], [13.29184118068951, 38.120047095440086], [13.291982929725082, 38.1200268284504], [13.292167816286206, 38.1199737134835], [13.292394821226466, 38.119932366226955], [13.292580758211498, 38.11983462164416], [13.292782120371118, 38.11968129928527], [13.292717224111826, 38.11943482079816], [13.292579137480244, 38.11928453949255], [13.292657311065646, 38.11918965742879], [13.29274629378685, 38.11928706846282], [13.292902062754074, 38.11961193717998], [13.293041935072203, 38.119743001260744], [13.293260065691875, 38.12002037816888], [13.293459658045023, 38.120216840929345], [13.29345590073747, 38.120378082328855], [13.293204585099742, 38.12064864377665], [13.292713590940238, 38.12068990349583], [13.292202189711826, 38.120730864429426], [13.291689668419927, 38.12082020445264], [13.290846418639429, 38.12108215688171], [13.290517580178706, 38.121174154647676], [13.290067407375759, 38.12121599648681], [13.289618371979243, 38.121209464570455], [13.28912511329877, 38.121347455212174], [13.289015521044087, 38.12166845861506], [13.288743399028078, 38.12195484179279], [13.28822633315191, 38.12223765012329], [13.28764953750487, 38.122455070230984], [13.287471930301546, 38.122491269937484], [13.287433347327996, 38.12247594070924], [13.287215686351324, 38.12246001331019], [13.28686751288851, 38.12249704451107], [13.286818682149198, 38.1225082340612], [13.28663198628695, 38.122311202145504], [13.286236969047978, 38.12174089911745], [13.286322760277772, 38.121564719555636], [13.285554693500597, 38.12123092155696], [13.28537703660583, 38.12097024889904], [13.285139272574876, 38.120660308922545], [13.284850877650284, 38.12076901588841], [13.28468154597388, 38.121024619527546], [13.284430573705185, 38.121279038539264], [13.283852264005366, 38.12156093383017], [13.283293233873215, 38.12189150467345], [13.282775769312593, 38.12219041759443], [13.281961204116277, 38.122097864422884], [13.281163283793946, 38.12216685211614], [13.280791711865943, 38.12233884850708], [13.280051603600075, 38.122553841295314], [13.280044785994773, 38.12284407797201], [13.279389352338343, 38.12293126473044], [13.278979231106852, 38.12300591261984], [13.278727095272876, 38.12330869236882], [13.278968240825186, 38.1234735182606], [13.280183198683092, 38.12374504619805], [13.281367224569097, 38.12376236284267], [13.282669432850753, 38.123734115589784], [13.282474761550688, 38.12386448404859], [13.282301792991117, 38.12400867817788], [13.282064386510363, 38.12414556001676], [13.281787074803214, 38.124262710337646], [13.28146161450705, 38.124366406571475], [13.281129430096902, 38.1244125807078], [13.280750297916551, 38.1243942807066], [13.280137359196553, 38.12435979531286], [13.279678107763528, 38.12431480005914], [13.27899101466578, 38.12434301744103], [13.278183426916886, 38.124343954857196], [13.277202892180263, 38.12414458480217], [13.276853213669966, 38.124247905741456], [13.276410822714622, 38.12451573767165], [13.276109577723323, 38.124619766235114], [13.275689030470907, 38.124645495101525], [13.27524739362895, 38.12488143662903], [13.274961084846678, 38.125036720371256], [13.274602117198539, 38.12519092878648]], [[13.275150621444428, 38.11027242267597], [13.27530790780469, 38.110454405759846], [13.27544118310832, 38.11038543561359], [13.275289649762174, 38.110212998612205], [13.275150621444428, 38.11027242267597]], [[13.265376576027233, 38.11496863158581], [13.265380495004043, 38.115052673382], [13.2654453262453, 38.11505829888355], [13.265441760251663, 38.11508391343237], [13.265613131778965, 38.115079441959196], [13.2656101068468, 38.11495807867138], [13.265376576027233, 38.11496863158581]]]}, "properties": {"anno": 2012, "id": 5685, "data": "2012-07-13", "localita": "Monte Cuccio", "sup_ha": 516.768, "sup_boscata_ha": 79.2413, "sup_non_boscata_ha": 306.1512, "luogo_inizio": "incolto e pascolo", "squadre_aib": 8, "fine_intervento": "2012-07-15"}}, {"type": "Feature", "geometry": {"type": "Polygon", "coordinates": [[[13.288243745557073, 38.106246479101685], [13.288240116405056, 38.10618129636188], [13.288303485047354, 38.10611505236177], [13.288390075150133, 38.10604711183308], [13.288538750206477, 38.105967863072486], [13.288798243716409, 38.10588615611371], [13.288909006286989, 38.10577582540165], [13.289010105104277, 38.10558292225584], [13.289199777550442, 38.10540250256438], [13.28927110617869, 38.10532619785779], [13.289373999610765, 38.10522185034615], [13.289413486181193, 38.10511220599596], [13.289438608086742, 38.10504554587304], [13.28944069399967, 38.10495620831055], [13.289452203997977, 38.104867007979884], [13.28945394250943, 38.104792564518334], [13.289493099772285, 38.10472983692967], [13.289518047772832, 38.10467062428371], [13.28956322705421, 38.10462367655703], [13.289602179597642, 38.10459118855499], [13.289622783430174, 38.10456561936334], [13.289669210579653, 38.10452462491681], [13.289764918941842, 38.104475716480934], [13.289829058290895, 38.10445509141714], [13.289898742035113, 38.10443023670261], [13.289970120315497, 38.10441116153263], [13.290023048487638, 38.104403308654184], [13.290063507448508, 38.104383777022086], [13.29010774755084, 38.10435855090377], [13.290152187407958, 38.104324706112344], [13.290193294054962, 38.10427787728716], [13.290277604294666, 38.10423163762297], [13.290421082551944, 38.10426197053559], [13.290485195511646, 38.104277398129], [13.290537710507497, 38.10428809785119], [13.290611360590162, 38.10427273035014], [13.29069803329578, 38.10425209927388], [13.290753734534162, 38.10424211007196], [13.290891366259839, 38.10425964803463], [13.291089676017515, 38.1042894324377], [13.291234172366815, 38.10430942283985], [13.291446968520532, 38.104360516638], [13.29160214762843, 38.10440005981365], [13.29164026686774, 38.104407955188336], [13.291750270304911, 38.1043981955988], [13.291857912505291, 38.10438850250218], [13.29196202082287, 38.10437947345722], [13.292040469939478, 38.104372036710835], [13.292113288904797, 38.10436536516106], [13.292212293888937, 38.104388841967825], [13.292312260573064, 38.104410693430246], [13.292374793533243, 38.10442562390851], [13.292469261799686, 38.10444675096556], [13.292532476160115, 38.10446195531028], [13.292693728442554, 38.10445650481791], [13.292842891687567, 38.1044521761104], [13.292965764407528, 38.10444745795443], [13.29324226519168, 38.10443248610502], [13.293434734889535, 38.10440663761678], [13.29358395531972, 38.104235581904405], [13.293657276973606, 38.10417817317925], [13.293695334424783, 38.10414818778512], [13.293826003638483, 38.104151871005634], [13.293920207352796, 38.1042016820488], [13.294020730550566, 38.104273118438044], [13.29408795253506, 38.10431177021901], [13.294148612639413, 38.10433956841095], [13.294196277877965, 38.10434025968748], [13.294300265668427, 38.10430849550578], [13.294387865645628, 38.10426697774759], [13.294464312172519, 38.10423956092654], [13.294566160272533, 38.104206811092546], [13.294620757259045, 38.10418763813835], [13.294689648462489, 38.104174374423955], [13.29476629490455, 38.10413839911617], [13.294860122485995, 38.10413976023146], [13.294907107114724, 38.104137590011746], [13.294972258439934, 38.104129974498626], [13.29503426873716, 38.104102347762534], [13.295092471649804, 38.104083226924054], [13.295146869669818, 38.104072603914744], [13.29519766024907, 38.104061935735196], [13.295241293575874, 38.10404830602873], [13.295286287061423, 38.10404387003636], [13.295328278163337, 38.1039960347846], [13.295426469224928, 38.10400249184636], [13.295508935553995, 38.104026510812616], [13.295612863901287, 38.1040593942034], [13.29572774545272, 38.104086733762045], [13.295849983341421, 38.10410847096719], [13.295965196330988, 38.10412155215837], [13.296102126173936, 38.104132089709], [13.29617003253573, 38.10416159967235], [13.296241612432935, 38.10418831155046], [13.296313514460795, 38.10420076511219], [13.296371054958176, 38.10421015181028], [13.296446241109194, 38.1042369158656], [13.296529049477696, 38.104246676134665], [13.296629693369757, 38.104265248055725], [13.296726465119558, 38.10429517536352], [13.296819298554526, 38.10433930933706], [13.296933584090072, 38.10439230643541], [13.297029836643253, 38.10444504920449], [13.29713557350544, 38.104554973958415], [13.29718076970382, 38.10462979428864], [13.297222813145165, 38.104684595188814], [13.297258172512429, 38.10471649217074], [13.29732160184756, 38.10478301464939], [13.297378983783199, 38.10495499271397], [13.2974368852097, 38.10510416135066], [13.297464169804458, 38.10517301930545], [13.297484960104617, 38.10521039960304], [13.297523927175499, 38.10524234789281], [13.297566500629886, 38.10527434122725], [13.297640894114783, 38.10533532068239], [13.297661087669741, 38.105398366863355], [13.297692178533696, 38.10545871963543], [13.297708567344282, 38.10553027096015], [13.29775081010944, 38.10557652238091], [13.297785707095523, 38.10562836909238], [13.297850074346925, 38.10565497548307], [13.297932080190538, 38.105698950790334], [13.298014086112786, 38.105742926943265], [13.298100039494535, 38.10577269638579], [13.298167417796488, 38.1058250135822], [13.298276775952884, 38.10593498888166], [13.298292568733, 38.106032206954204], [13.298290979741072, 38.106100639219484], [13.298245547627385, 38.106191268574946], [13.298131553793402, 38.10628089828909], [13.298057586557457, 38.1063568439884], [13.297955548518201, 38.10639815526621], [13.297796034238303, 38.10642722286305], [13.297693986839764, 38.106468533775136], [13.297592129630269, 38.106537169264406], [13.297529464211555, 38.106595472942644], [13.297487732910938, 38.10663255356522], [13.297439566525467, 38.106653382783115], [13.297370965284898, 38.1066739229953], [13.29728836810712, 38.1067104039906], [13.29723338913026, 38.10673114158066], [13.29716528872865, 38.10673015528782], [13.297117247156592, 38.10674560254494], [13.29704864572468, 38.10676614346521], [13.29699416765845, 38.106765354561055], [13.296912194912291, 38.10677493427226], [13.296823412293385, 38.10678440707677], [13.296741323636171, 38.10679936862339], [13.29668671029576, 38.10680396125065], [13.296639043394654, 38.106803270946756], [13.296577754150713, 38.106802382179275], [13.29649615633164, 38.10679581703018], [13.296462236817105, 38.1067899423848], [13.296428305927922, 38.10678406666355], [13.296394386424971, 38.106778191998814], [13.296367517718803, 38.10676165952221], [13.296354155645302, 38.106750699357995], [13.296333847136877, 38.10674502117908], [13.296272432903272, 38.10674951497658], [13.296217954871391, 38.10674872571283], [13.296177088953689, 38.1067481329653], [13.296116049805892, 38.106736482116254], [13.296075569262014, 38.106719744918294], [13.296001784112121, 38.10667023088091], [13.295927999041448, 38.10662071769998], [13.295900889681839, 38.10661494168792], [13.295832914305688, 38.10660858091214], [13.295758254174375, 38.106596731366146], [13.295684344276635, 38.10655259985796], [13.295597667431366, 38.10654925329847], [13.295485970319756, 38.10654211102981], [13.295396007081996, 38.1065021351301], [13.295291811502146, 38.10647300015442], [13.295187359116989, 38.106454916105584], [13.294970952060323, 38.10644073120286], [13.294824947704571, 38.10640546563147], [13.294663682529192, 38.10642522051302], [13.294573462921543, 38.10639629501069], [13.294255017778609, 38.10637985229555], [13.294032367300279, 38.10641472612539], [13.293839526773773, 38.106411928029516], [13.293638819199339, 38.10633279915513], [13.2934295357484, 38.10620782861677], [13.293210788458014, 38.10607509173256], [13.293068818938185, 38.105958709958614], [13.292927204306608, 38.105827100569954], [13.292747212343393, 38.10568730387608], [13.292594360816055, 38.10562411037703], [13.292440976121343, 38.10558377901107], [13.29213297455955, 38.1055564429632], [13.291873002184097, 38.10553742488532], [13.291581289172221, 38.10558188674227], [13.29148038934236, 38.1056501658432], [13.291421314022877, 38.10569944449353], [13.291362136153225, 38.10575307250528], [13.291349889609275, 38.10580519959973], [13.291375536684809, 38.10588839895767], [13.29140490167922, 38.10593023968843], [13.29145275572957, 38.10600722039096], [13.2915035235571, 38.1060777036104], [13.291529933479246, 38.106128216614835], [13.29155633315457, 38.10617873036537], [13.291584884020038, 38.10625543116489], [13.291618552750686, 38.10634964597132], [13.291608449436385, 38.10642796092775], [13.291553819214451, 38.10652306786269], [13.291499454044933, 38.106607280689005], [13.291452734184254, 38.1067177595546], [13.291340814188318, 38.1067858863285], [13.291170977560618, 38.1068531632545], [13.290940479660547, 38.10691955825724], [13.290747989455395, 38.1069527198358], [13.290499509894158, 38.106962189003056], [13.290276811401831, 38.10696986556324], [13.290177065326132, 38.10698270186247], [13.290100163033548, 38.106985156515094], [13.290041242896859, 38.1069914469556], [13.289959126556115, 38.106970062478766], [13.28990464853972, 38.10696927028403], [13.289843359351293, 38.106968378901435], [13.28976188765565, 38.1069564263786], [13.289721157508746, 38.106950450629654], [13.289589006036437, 38.10688072549855], [13.289515423219889, 38.10683284240102], [13.289456758154735, 38.106807565332254], [13.2893829856664, 38.106767820622835], [13.289358184943378, 38.106726753292364], [13.289348503107856, 38.10670015284037], [13.28929743048837, 38.10668109173529], [13.28922613768451, 38.106645454558524], [13.289111118264893, 38.10660714470861], [13.289003728410004, 38.106573016494984], [13.288873448066159, 38.106526343792204], [13.28878403641083, 38.106494512124605], [13.288650707165697, 38.106468147840495], [13.288522764254989, 38.10643168489456], [13.28839262809113, 38.106378907388475], [13.288322334411976, 38.10630054230893], [13.288243745557073, 38.106246479101685]]]}, "properties": {"anno": 2012, "id": 5666, "data": "2012-07-15", "localita": "Cozzo Comune - Madonna del Ponticello", "sup_ha": 18.1709, "sup_boscata_ha": 5.7918, "sup_non_boscata_ha": 12.3791, "luogo_inizio": "altro", "squadre_aib": 1, "fine_intervento": "2012-07-15"}}, {"type": "Feature", "geometry": {"type": "Polygon", "coordinates": [[[13.292836568187848, 38.160767852451734], [13.29285919649169, 38.160598644398384], [13.293032352084989, 38.16038002474867], [13.293177849850297, 38.16014625963049], [13.293285848428528, 38.15991931359333], [13.293411644166158, 38.15972948667827], [13.293510136335259, 38.15950978281509], [13.293532589651749, 38.159347943608516], [13.293518913583906, 38.159133974695536], [13.29348726784717, 38.15889026462542], [13.293464602479764, 38.158661428206216], [13.293572254221871, 38.158449220828686], [13.293838203128175, 38.15825406493115], [13.29409379451675, 38.15810297565], [13.294328653049192, 38.15804004259184], [13.294741518143963, 38.157950211758], [13.295106166901133, 38.157926014510785], [13.29534777937604, 38.15797375287871], [13.295624826323058, 38.158103076211766], [13.295930046389364, 38.15822544972739], [13.296187922959968, 38.15837661004225], [13.296249983091666, 38.158517565989634], [13.296208534014571, 38.158693874198256], [13.296152500425855, 38.1589555639056], [13.296107211139278, 38.159079270895], [13.296043866606965, 38.15919793873564], [13.2960136162531, 38.15932184861164], [13.295993655212865, 38.15939809351184], [13.295979428798201, 38.15948877727643], [13.29596977703483, 38.159567245380664], [13.295961822643307, 38.15964844973849], [13.295947261254502, 38.159753468955095], [13.29595152608998, 38.1598300645352], [13.29593057200396, 38.15994934750953], [13.295903335435547, 38.160078109722605], [13.295872003580927, 38.160144121683786], [13.295851941223368, 38.16022514217918], [13.295807430806688, 38.160315386356906], [13.295744967360172, 38.1603957995002], [13.295658279766698, 38.16047586187766], [13.295577993873609, 38.160541660578616], [13.295485692768008, 38.160602507691955], [13.295433270694684, 38.160640465422574], [13.295383928302073, 38.16067801635435], [13.295285689959517, 38.160733991895015], [13.295224006452319, 38.16078092679175], [13.295186446787467, 38.16083300435555], [13.295173436311265, 38.16087108272612], [13.294992002113657, 38.16091599298225], [13.294793101810033, 38.160965147030716], [13.294643332316083, 38.16102802544401], [13.294476773224382, 38.16110368078231], [13.294276971823544, 38.161191856831124], [13.294095759763616, 38.161189225898], [13.293963365479538, 38.16121331990699], [13.293798638315732, 38.16121092804521], [13.293568924445706, 38.16116856361029], [13.293290090429322, 38.16111246642421], [13.293061896215246, 38.161005063142994], [13.292917292325743, 38.16090908144161], [13.292836568187848, 38.160767852451734]]]}, "properties": {"anno": 2012, "id": 4390, "data": "2012-07-17", "localita": "Inserra - Ferreri", "sup_ha": 7.5108, "sup_boscata_ha": 0.0, "sup_non_boscata_ha": 6.9093, "luogo_inizio": "incolto e pascolo", "squadre_aib": 2, "fine_intervento": "2012-07-17"}}, {"type": "Feature", "geometry": {"type": "Polygon", "coordinates": [[[13.367806975615949, 38.15781480783691], [13.367533226408682, 38.15789110614919], [13.367400132412318, 38.15801783307688], [13.367202500432851, 38.15811794187811], [13.367037999185314, 38.15819279688477], [13.366885634912864, 38.15822026168788], [13.366699840420358, 38.158194445025295], [13.366711463405693, 38.15811327897559], [13.366762571033647, 38.1580210468609], [13.366899544125555, 38.15781769245966], [13.366853023561411, 38.15770473788355], [13.366864128085579, 38.157646799678744], [13.36679706429672, 38.157533007826224], [13.366800069815094, 38.15739854696752], [13.366765521104433, 38.15729627652369], [13.366748436355405, 38.157177251863324], [13.36682833415429, 38.157138066997], [13.366909174383865, 38.157204181652276], [13.367025335185895, 38.15716289839877], [13.367076073756458, 38.15710251224066], [13.367157572558977, 38.157058159525995], [13.367263268795112, 38.1570669000136], [13.36736700061479, 38.15712344944461], [13.367355457973778, 38.157287335860914], [13.367352749826063, 38.157408509400234], [13.367330598609929, 38.157520960436344], [13.367325244255317, 38.15760121972617], [13.367306196269187, 38.15765451099335], [13.367484703515837, 38.157654170502134], [13.367534854387909, 38.157481847823526], [13.367528768244737, 38.157315231750495], [13.367590371465786, 38.15719216445803], [13.367661263814897, 38.157126262750346], [13.367658436326396, 38.15697410992795], [13.367600985598695, 38.15696681013978], [13.367555535130156, 38.1569375829687], [13.367502476674986, 38.15682841370439], [13.367436518138234, 38.15666248817115], [13.367403697865205, 38.15657265656525], [13.36737845505467, 38.15649064349521], [13.367478643914934, 38.15646180826793], [13.36759522715587, 38.15638482651338], [13.367468202969988, 38.15624399965155], [13.367432085210753, 38.156146764981], [13.36736468437287, 38.15607932266563], [13.367223157417156, 38.155902015143774], [13.367178848626544, 38.15582885052227], [13.367119910654587, 38.155725247004405], [13.3670303568856, 38.155621218585885], [13.366965615485594, 38.1555281699914], [13.366929102375133, 38.15544906137899], [13.366884658232754, 38.15538193806737], [13.36684021417027, 38.15531481474003], [13.366818465311807, 38.15526009457051], [13.366714409170044, 38.15511958635375], [13.366669300227926, 38.15508268825616], [13.366624585803992, 38.15502764859543], [13.366594474075953, 38.154980029592096], [13.366641078603857, 38.154950449649874], [13.366725682480608, 38.15493348666024], [13.366794442634138, 38.15494048546808], [13.36684145270385, 38.15489277216166], [13.366843074000608, 38.154820245322696], [13.366836898235126, 38.154753646131624], [13.366831003282568, 38.15467497054494], [13.366801738346574, 38.15461410252543], [13.366833434902823, 38.15456616901348], [13.366827674909635, 38.15448144388646], [13.366836542702528, 38.154427156757244], [13.366759861313012, 38.15443213530986], [13.366679139167966, 38.15440839201199], [13.36658189247518, 38.15441401620366], [13.366485103259237, 38.154398726716565], [13.36638219320158, 38.15442221802857], [13.366307697468795, 38.154434606445456], [13.366228966361126, 38.15442613217539], [13.366146795432293, 38.154334300527836], [13.366109733974888, 38.154279367158324], [13.366050124133231, 38.15420598919892], [13.366005951389623, 38.154126773711255], [13.366006768425933, 38.154052426123584], [13.365978314822833, 38.153955297649446], [13.36595778340918, 38.15384617658287], [13.365944642075327, 38.153749261183044], [13.365923706045201, 38.15365827340298], [13.365900207878164, 38.15350889323095], [13.365894114160806, 38.15347036233951], [13.365885030688244, 38.15340982901497], [13.365868941389886, 38.153351939577405], [13.365863308260094, 38.15328137097823], [13.365861186624432, 38.15322093363512], [13.365842352914065, 38.15313005259401], [13.36580394092738, 38.15294289739665], [13.365936384872043, 38.15295534294057], [13.366029277283095, 38.15299613697438], [13.36609404576194, 38.15307549846399], [13.366187682070649, 38.15325680281377], [13.36628016954116, 38.15348951056413], [13.36640750989399, 38.15361984798176], [13.366572366559, 38.153739482065475], [13.366799793467157, 38.15377721204018], [13.366919628821092, 38.15373196337688], [13.366994924549497, 38.15372066530092], [13.36704856023388, 38.15369918453276], [13.36714294273621, 38.15367333731411], [13.36724045240231, 38.153647533502244], [13.367335176437347, 38.15360687639668], [13.367408958416146, 38.1535479909802], [13.367468723049486, 38.15350749294181], [13.367548304918007, 38.153444400261726], [13.367556103695273, 38.15337537654228], [13.367483059153283, 38.15328547594778], [13.367477271005763, 38.15312489910512], [13.367565398211159, 38.15309896456922], [13.367618435937745, 38.15310463405175], [13.367625056627768, 38.15315877880717], [13.367650808846667, 38.15322809682318], [13.367704121342596, 38.15328487144201], [13.367790750966556, 38.15331623901517], [13.367826674823638, 38.153355635050374], [13.367836719417824, 38.15336621482857], [13.3678498863342, 38.15336871297592], [13.367848497109122, 38.153387259755426], [13.367788234304525, 38.153387969421196], [13.367787645608255, 38.15345835142667], [13.367786057825818, 38.153485394463836], [13.36780561483063, 38.15348721994452], [13.367805732584184, 38.153525503663744], [13.367984762585378, 38.15352604012926], [13.367985528111621, 38.1534243698426], [13.368190779873826, 38.15341894596202], [13.368302754058783, 38.15343350511743], [13.36833031611929, 38.1535402993349], [13.368255647938454, 38.15359837367655], [13.368383951817131, 38.15370643440983], [13.368357742206415, 38.15372852939912], [13.368322786813819, 38.153764718951216], [13.368326130758577, 38.15379820817011], [13.368332499104353, 38.15381879037443], [13.368349408440498, 38.153856772123916], [13.3683606912822, 38.153902233875925], [13.368288315209846, 38.15390122905082], [13.368271738259207, 38.15390963018596], [13.368266938538001, 38.153940847013786], [13.3682744082804, 38.15397330584348], [13.368282287621337, 38.153987437681145], [13.368364247566737, 38.153987495170355], [13.368374126032055, 38.154014293815656], [13.368351636504975, 38.1540173535235], [13.368371793449922, 38.154080860330104], [13.368371687952596, 38.1540825215393], [13.368353489568333, 38.15411676849636], [13.36833372365696, 38.15413183640651], [13.368324669337827, 38.154164587398974], [13.36833225530294, 38.154197568720704], [13.368196002767167, 38.154208820799305], [13.36818680177499, 38.154248149248964], [13.368180618754312, 38.15427655048918], [13.368364089398357, 38.1542637547828], [13.368399469052566, 38.15429493153922], [13.368372736616111, 38.154373456493474], [13.368391084242237, 38.154421929919486], [13.368438448540996, 38.15441382498896], [13.368535168731675, 38.154432693194394], [13.368578878425286, 38.15446398473425], [13.368583007380662, 38.154527604051566], [13.36859556402577, 38.15458694991591], [13.368558177841283, 38.15464560368908], [13.368519133981936, 38.15465383238378], [13.368474738323666, 38.15465321643136], [13.368438614639215, 38.15465490526579], [13.368423865575895, 38.154694148530965], [13.36841762448731, 38.15472474785172], [13.368410413783463, 38.15479916253232], [13.36844001277606, 38.154841211880324], [13.368452851880663, 38.154887418889075], [13.3684490030942, 38.154935575774815], [13.368453766777863, 38.154970708636256], [13.36848092475607, 38.154997389597135], [13.3685253694077, 38.15499581636514], [13.368535347849132, 38.155046356137284], [13.368396466374739, 38.15505100862146], [13.368410427148982, 38.15517173707784], [13.368560401954804, 38.15516724682085], [13.368581923738523, 38.15534586299251], [13.368572712763246, 38.15539091651606], [13.368576704229428, 38.155464189143856], [13.36859995046813, 38.15555548792069], [13.368623205868316, 38.15564678772057], [13.368657345534817, 38.15575377415332], [13.368724469627468, 38.15576801350921], [13.36879771377265, 38.15576015803557], [13.368818513606994, 38.15570940782538], [13.368872284479139, 38.15569240337006], [13.368965040936178, 38.1556914767512], [13.36906923483513, 38.15618961409815], [13.369127458753223, 38.15649898458622], [13.369151406601878, 38.15688502797676], [13.370558927832834, 38.156853285417725], [13.37056221173758, 38.156897059788186], [13.369168461181383, 38.15693154938341], [13.36915170655948, 38.15710958692913], [13.36914452104057, 38.15719349499646], [13.36914185815863, 38.157274910135904], [13.369053344148796, 38.15778950718734], [13.36864715013038, 38.15774902035134], [13.368318585722937, 38.15772201652768], [13.368147718200886, 38.15771109879963], [13.367861212769084, 38.157699570189905], [13.367806975615949, 38.15781480783691]]]}, "properties": {"anno": 2012, "id": 4370, "data": "2012-07-29", "localita": "Monte Pellegrino - Arenella", "sup_ha": 8.1835, "sup_boscata_ha": 0.151, "sup_non_boscata_ha": 7.91, "luogo_inizio": "incolto e pascolo", "squadre_aib": 2, "fine_intervento": "2012-07-29"}}, {"type": "Feature", "geometry": {"type": "Polygon", "coordinates": [[[13.273724514556424, 38.1491365448398], [13.273672066648965, 38.148968746562986], [13.273760062460342, 38.148825276398185], [13.27369352378968, 38.14865727187603], [13.273808914627274, 38.14854761526232], [13.27381259175481, 38.14839177333458], [13.273886747638157, 38.14823697556362], [13.273918355149096, 38.14809267633814], [13.273838512009991, 38.147891071763915], [13.273842977232167, 38.14770183865772], [13.273973246307309, 38.14755899601235], [13.27430007899851, 38.14745243676687], [13.275030080266758, 38.14755380332306], [13.275540623997024, 38.147487092608316], [13.276155110865687, 38.14732915094328], [13.276548247894413, 38.1472607139806], [13.27708986436067, 38.14737068531911], [13.277500507091466, 38.147556029935224], [13.277955819929575, 38.14750704997985], [13.278368383909665, 38.147278117677416], [13.278764708473531, 38.147073680268576], [13.279187979965407, 38.14705514406674], [13.279514558857487, 38.147152679716505], [13.27966247298756, 38.14615765961296], [13.279729476288978, 38.14567174969685], [13.279883393361894, 38.14558134159985], [13.280355720369018, 38.1457361713184], [13.280525659393087, 38.14586349629711], [13.280507475312918, 38.14530118892347], [13.280398220261532, 38.14505162386023], [13.280214164476723, 38.14486709652125], [13.279824786709371, 38.144664966890694], [13.279660609442644, 38.14449232705316], [13.279492664833775, 38.14439367286306], [13.279159166325922, 38.14435211566106], [13.278874771994994, 38.14437286413001], [13.27855853948306, 38.14440560656222], [13.278331369547542, 38.14445210453739], [13.278226477637475, 38.14446100126563], [13.278212832495266, 38.14435071512099], [13.27843592347875, 38.1442543309584], [13.278590390394017, 38.14416940178956], [13.278744465802154, 38.14410106713579], [13.278945165432482, 38.14406248467945], [13.279135449547082, 38.14401960115455], [13.279595182504163, 38.1440397559021], [13.279929392237639, 38.14406944394397], [13.28030371556847, 38.14417410832961], [13.28067822369589, 38.14427050959857], [13.280847566093023, 38.14419033082552], [13.281011881232386, 38.14387865125285], [13.281247094384414, 38.143667187504676], [13.281430973215427, 38.14341365241266], [13.281787672960599, 38.142931208913126], [13.281840775038733, 38.14245259083208], [13.282046543433575, 38.14215804724478], [13.282321657089406, 38.142029819448396], [13.282695002874663, 38.14217578958669], [13.283082680595866, 38.14215665724084], [13.283266544700657, 38.142349442901995], [13.283567422933457, 38.14246128957607], [13.283872372305687, 38.14239961857643], [13.284200968145246, 38.14222258188384], [13.284462129127125, 38.142242925865965], [13.284870547290312, 38.142232355251195], [13.285236139653941, 38.14226248738723], [13.285612193588523, 38.142292770216955], [13.285709257926387, 38.14217020225975], [13.2858904083222, 38.142032330545646], [13.286161257074548, 38.1420858734377], [13.286379999301206, 38.142130390700906], [13.286514267598786, 38.142206738971936], [13.286696776679973, 38.14245735839086], [13.286861273504687, 38.14258373967567], [13.287036040065717, 38.142718536085276], [13.287272797807322, 38.14288728957748], [13.287469264712971, 38.14298933966576], [13.287443891558484, 38.143179078092984], [13.287345861639823, 38.14334295301512], [13.287185249143338, 38.1434976576011], [13.287202692579495, 38.14364669184164], [13.287220717103999, 38.143770929807204], [13.287101383112558, 38.14395103296049], [13.28688108768189, 38.14397261869646], [13.286434509338402, 38.14427192529307], [13.286461059620297, 38.144478951307455], [13.286224881576594, 38.1447317320173], [13.286136147970659, 38.14494534288261], [13.28589048289215, 38.14515665580244], [13.28572056208789, 38.14526163005223], [13.28552874691511, 38.1454076120924], [13.285431676852792, 38.14553017070127], [13.285313885467845, 38.14564417012094], [13.28513524236793, 38.14567462536884], [13.284883746294536, 38.14568748700798], [13.284608429388683, 38.145823982323385], [13.284405760724146, 38.14598632779918], [13.284266072201822, 38.14614133391284], [13.284044800365466, 38.14620422677322], [13.283896576181576, 38.14627644510702], [13.283726659115485, 38.14638141555446], [13.283651479836468, 38.14646297300414], [13.283544538565254, 38.14652770627784], [13.283561320564996, 38.14658139010587], [13.283614766658856, 38.14661066544373], [13.283691754271604, 38.14659754231986], [13.283893845361462, 38.14663611921292], [13.28402193935711, 38.14675198294862], [13.284109034389628, 38.14688505278245], [13.28431358686839, 38.146914762261844], [13.284533537617113, 38.14696071555134], [13.284713454784177, 38.147079120833794], [13.28483770649396, 38.14716642533538], [13.284620598509077, 38.14719175078243], [13.284475547184948, 38.14722170170361], [13.284335250014637, 38.14724102410886], [13.284182434726999, 38.14721742270913], [13.284020267175473, 38.14720792293946], [13.283712881159403, 38.14723549423221], [13.283292092564443, 38.147289910895125], [13.28317960977995, 38.147277577602345], [13.282665041285586, 38.14729143796391], [13.282626871228645, 38.14737993699284], [13.282952743627801, 38.1474353014417], [13.283102999349635, 38.14745734494176], [13.283303263021722, 38.14749003943938], [13.283363744957548, 38.14759014071476], [13.283487200575495, 38.147593900992774], [13.28390262387843, 38.14756027995217], [13.28412824597071, 38.14758342265643], [13.284329906068681, 38.147556598173836], [13.284454116811522, 38.14761794876554], [13.284563203059625, 38.14778821544762], [13.284673460392648, 38.147908898704735], [13.285169157453769, 38.14797849706849], [13.2855322494237, 38.1480334039365], [13.285683446351872, 38.14801576943083], [13.2858830163042, 38.14807821689079], [13.286159474999186, 38.14835139225853], [13.286370637969537, 38.14857828611828], [13.286460286488252, 38.14873364049593], [13.286508491959363, 38.14884819604312], [13.286531109138828, 38.14896908379369], [13.286500004616364, 38.14907698306232], [13.286479287690824, 38.14923742435999], [13.286433599946335, 38.1493774042442], [13.286321655027976, 38.14944944757167], [13.286210337914014, 38.14949470634888], [13.286326535362116, 38.14960355768526], [13.286469991631671, 38.149635161837566], [13.28660439755527, 38.149690699516675], [13.286723094300061, 38.14969243054102], [13.286873670716792, 38.14978169315344], [13.286899433405319, 38.1498468956215], [13.287041244224154, 38.14990550118154], [13.287099785888962, 38.149953470174026], [13.286991324148955, 38.14999900384085], [13.28693101833789, 38.150026393779626], [13.28688309308917, 38.15003511092245], [13.286775734234888, 38.15003354547835], [13.286715869135875, 38.150042095555754], [13.286643634934205, 38.15006931130025], [13.2864876724036, 38.15020410261942], [13.286411866268375, 38.150198196741435], [13.286336048570504, 38.150192297855206], [13.28618149914757, 38.150175649660405], [13.286066433119766, 38.15015957668064], [13.285899850043217, 38.150137951032065], [13.285034164897926, 38.15006654547096], [13.284940913060813, 38.15002680083276], [13.284799745251034, 38.149957567429595], [13.284589636958064, 38.14984893597787], [13.284493571250325, 38.149799556020646], [13.284393521615149, 38.149790902043904], [13.284285931907794, 38.14984450240111], [13.28420258469864, 38.14990086482299], [13.284116030902485, 38.14996437346754], [13.284092970100092, 38.1500408116801], [13.283976723458451, 38.15007509662316], [13.283846981495012, 38.15016676448435], [13.283410099042875, 38.15014119531986], [13.283083060071844, 38.15009563414365], [13.282834538080587, 38.15007040711921], [13.282540849695156, 38.15002773106128], [13.282350024023422, 38.15000335409587], [13.28206185064346, 38.14998474666316], [13.281943184205637, 38.14999260612056], [13.281802805236529, 38.150019342669154], [13.281558887353922, 38.1500565602057], [13.28134242008447, 38.150089377585346], [13.281071388720433, 38.150116603397194], [13.280606672103472, 38.150112205667], [13.280378961591513, 38.15010647310326], [13.280226380556845, 38.15013542977703], [13.280064176312836, 38.150185834620366], [13.279821772791951, 38.150287843189574], [13.279619585640146, 38.15035924919293], [13.279478867084283, 38.150400373254435], [13.278989059447099, 38.15042919255091], [13.27857512395078, 38.15046151292706], [13.278258775106892, 38.15047846678542], [13.278125261706117, 38.15047171659653], [13.27805552298187, 38.15046589429583], [13.2779285853033, 38.15043764468778], [13.277548349681034, 38.15032890897583], [13.2771955097176, 38.150218179583156], [13.276987310077958, 38.1501575562027], [13.27687883267573, 38.150119974384864], [13.276759499243893, 38.15002706355662], [13.276365305970671, 38.14958814159731], [13.276198608541366, 38.149582029483994], [13.275969976703275, 38.14960669653231], [13.27579654367067, 38.14972985142166], [13.275564954756765, 38.14992042188096], [13.275178344566523, 38.15000258414283], [13.274983327746142, 38.150018023910725], [13.274789949930284, 38.14996394510758], [13.274751100756655, 38.14984260051575], [13.27449610911352, 38.149846173917766], [13.274319015514452, 38.14988749620236], [13.274157121724176, 38.14987413428657], [13.273956350169625, 38.149937060485385], [13.273819601485597, 38.14983989762422], [13.273732957878563, 38.1497800668068], [13.273807777749838, 38.14975188685189], [13.273919660754705, 38.14972425167443], [13.273954155291971, 38.14963692177316], [13.274073960180706, 38.14947033356163], [13.273917133322955, 38.149339805488204], [13.273724514556424, 38.1491365448398]], [[13.28485869327809, 38.1488203457386], [13.284883191426792, 38.14887143135653], [13.285080585795479, 38.148945322114095], [13.285139805247368, 38.14888532101532], [13.285184756765068, 38.14888597748166], [13.285223641931639, 38.148871326373694], [13.28526336059382, 38.14882117860069], [13.285289878879688, 38.148786056119434], [13.285309974506703, 38.14875084074554], [13.285298557655777, 38.14868980085788], [13.28520235421316, 38.148683332311954], [13.28515775908029, 38.14866746299065], [13.285100678435878, 38.14863619414397], [13.285017327322285, 38.148629905036024], [13.28498426876044, 38.14867000372079], [13.284930994592766, 38.14875038323637], [13.28485869327809, 38.1488203457386]]]}, "properties": {"anno": 2012, "id": 5261, "data": "2012-07-29", "localita": "Discarica di Bellolampo", "sup_ha": 58.8331, "sup_boscata_ha": 0.0, "sup_non_boscata_ha": 49.904, "luogo_inizio": "discarica", "squadre_aib": 2, "fine_intervento": "2012-07-29"}}, {"type": "Feature", "geometry": {"type": "Polygon", "coordinates": [[[13.305222330630931, 38.10557204106098], [13.305158732459775, 38.10563532255046], [13.305119811822028, 38.10566497300907], [13.305085144771397, 38.10571734497054], [13.30501729372575, 38.10575791208364], [13.304988536866821, 38.1057612730739], [13.304927645493423, 38.10570752315503], [13.304875967332443, 38.10566901532177], [13.30483374614781, 38.10563441176858], [13.304781717992594, 38.10561100079807], [13.304753661551542, 38.105584160720944], [13.30473506968573, 38.10556123947608], [13.304711351914284, 38.105553338996344], [13.304692071078273, 38.10556061891995], [13.30465836381887, 38.10557145936194], [13.304615005769536, 38.10558594365476], [13.304586609547304, 38.105574199687275], [13.304543601793759, 38.105573579845874], [13.304490962826264, 38.105576596011], [13.304452556372095, 38.10558360073725], [13.30441372389412, 38.10560947629308], [13.304389404275438, 38.105628003140225], [13.304360385486003, 38.1056426943212], [13.304321727469844, 38.10566102138739], [13.304283321123702, 38.10566801884974], [13.304254389761882, 38.105678927216616], [13.304230158310999, 38.10569368747446], [13.304177859208982, 38.10568160645137], [13.304111056659162, 38.10567685978467], [13.304087862570727, 38.10564631381021], [13.3040792708125, 38.10560465173653], [13.304082994132271, 38.105578875005506], [13.304062307772936, 38.10556022744663], [13.30405858270226, 38.10553848499699], [13.304080542869421, 38.10550209523403], [13.304033072858354, 38.105454699083445], [13.303985806060387, 38.105398961833856], [13.303923101017832, 38.1053713572474], [13.303846125914841, 38.10532186421738], [13.303766072811118, 38.105314035946705], [13.303683521257854, 38.105322858668636], [13.303582656062307, 38.105393144893405], [13.303541293025022, 38.10535584162712], [13.303556605715414, 38.10533270241694], [13.303584933451534, 38.105294735723426], [13.303596415597834, 38.105254863073704], [13.303577042243836, 38.10517950879563], [13.30354880206932, 38.1051223762622], [13.303509167105334, 38.10510178506789], [13.303382830573813, 38.1050866148656], [13.303309957714808, 38.10504218408188], [13.303160561959166, 38.105020001037616], [13.303074450575307, 38.10500040821304], [13.30304759457118, 38.10495529024579], [13.303072535025862, 38.10491032935733], [13.303179132477833, 38.104847669232605], [13.303218140923693, 38.10481423753689], [13.303299981781608, 38.1047889826911], [13.30332438770809, 38.10476667506658], [13.303353668281249, 38.104740661003554], [13.30336835667583, 38.104725771200386], [13.303369231256795, 38.10468801362728], [13.303360455100993, 38.104653900714425], [13.303341961651842, 38.104627197524636], [13.303261956253568, 38.104573170675444], [13.303219570786524, 38.10454612236193], [13.303171873948408, 38.104541658352225], [13.303109760928029, 38.104540762013535], [13.303061987028386, 38.10454007278512], [13.303023766102347, 38.10453952064134], [13.302985108360728, 38.10455784727669], [13.302956002582345, 38.104576304685864], [13.302907519579582, 38.10460581626624], [13.302854444417383, 38.10462771050333], [13.302783040399035, 38.104615352841584], [13.302716578044885, 38.10459550835238], [13.302650388014053, 38.10456434174661], [13.302617118823472, 38.104556310043655], [13.302559441456326, 38.10457057855929], [13.30250254223093, 38.104550880249306], [13.302447106687211, 38.10451002536439], [13.302403091595236, 38.10449604373067], [13.30242658730037, 38.10439293787485], [13.302371150097034, 38.10432540623813], [13.302383008555655, 38.104268852918786], [13.302413604628926, 38.10422424515503], [13.302448571134786, 38.104173028212955], [13.302390828422938, 38.10411380638024], [13.302347778835049, 38.104058122214596], [13.302323689091933, 38.10400438913942], [13.302248742851404, 38.1039582578559], [13.302181977888948, 38.10392392765373], [13.302093445449456, 38.103917646486224], [13.302066821768822, 38.104064077194614], [13.30202522963678, 38.104036783986764], [13.301988394232572, 38.103986200069365], [13.301934133419401, 38.10395872370279], [13.301879920417303, 38.1039295781184], [13.301812682218987, 38.10391525244137], [13.301709727475501, 38.10389374614691], [13.301613322841298, 38.10386232777736], [13.301521914673978, 38.10388936984171], [13.301441245476308, 38.103908224004506], [13.30136386423119, 38.10396716322193], [13.30128657026035, 38.10402277199131], [13.301274545100025, 38.10408599601176], [13.301240289606751, 38.10419728102759], [13.301203479993026, 38.104236795277224], [13.30106241302409, 38.104219740581804], [13.300997468056424, 38.10428887330991], [13.301008202882457, 38.10437244616667], [13.301012830456102, 38.104445924904724], [13.301031015563705, 38.10448122304017], [13.301034343177115, 38.10451963974597], [13.300997774302264, 38.1045491435126], [13.30094281680993, 38.10455169019023], [13.300889780041516, 38.10456259962443], [13.300792177189622, 38.10458287827737], [13.300736726648077, 38.10460709827841], [13.300689368956636, 38.104626642858435], [13.300617615366418, 38.10462938888535], [13.300532855371276, 38.10465754377209], [13.300501025720923, 38.10471078720009], [13.300500938275151, 38.104714560971495], [13.300452190535013, 38.104755401818345], [13.300364959332821, 38.104807012746726], [13.300292154646419, 38.10485505641772], [13.300229428981453, 38.10488058575655], [13.300152548364029, 38.1048983511447], [13.300037874920326, 38.10489669257622], [13.299928250116281, 38.10488378095349], [13.299852070658403, 38.10487134518847], [13.299795434635893, 38.104840315260795], [13.299734109113214, 38.104805441491486], [13.29966774524982, 38.104781820770725], [13.299596604358056, 38.104758131764186], [13.299548995153582, 38.10474989251561], [13.299502097777946, 38.104711444339124], [13.299455190023382, 38.10467300320326], [13.299432446204259, 38.10462357774964], [13.299410043341409, 38.10455905528066], [13.299387729346451, 38.10449075094692], [13.29932294283297, 38.10439917157831], [13.2993200939578, 38.10431604709391], [13.299297253705262, 38.10427039525325], [13.299232116083532, 38.10419392080886], [13.299237944659565, 38.10414869124494], [13.299266962684808, 38.10413400131988], [13.299305884779947, 38.104104352830255], [13.29931571045228, 38.104093169074616], [13.299273841775538, 38.10404346670086], [13.299198276137332, 38.10400460333725], [13.299146943387367, 38.1039509888537], [13.299133929020678, 38.10389415324112], [13.299049239278268, 38.10383628068726], [13.299015969875088, 38.103828240756776], [13.298978274569738, 38.10380504288989], [13.298940316886133, 38.10379315911118], [13.298916250020605, 38.10380036247231], [13.29887193784402, 38.103856376055184], [13.298818676755621, 38.103885816745034], [13.29878983399539, 38.103892950915075], [13.29871242392059, 38.10390559621748], [13.298655638795761, 38.10384672889068], [13.29860174210058, 38.1037951587594], [13.298542003667995, 38.10373140927504], [13.298464186977908, 38.10365530228217], [13.298356450244476, 38.10354974658277], [13.29819018815542, 38.10346027156078], [13.298048174062703, 38.103380819071894], [13.297972918812574, 38.103326524041606], [13.297879071421486, 38.10328163101222], [13.297754854568597, 38.10322661917322], [13.297633535058, 38.10317891268985], [13.297548933185658, 38.10313173732582], [13.297575426413172, 38.103045052133034], [13.297518755172046, 38.10298134568424], [13.297451837671103, 38.10296344989956], [13.29739693225854, 38.10295539872581], [13.297322847620329, 38.102850322628754], [13.297270424011792, 38.102798889497265], [13.297237624922706, 38.102754997096554], [13.297170640923172, 38.10272730347957], [13.297116333293719, 38.10269980079615], [13.297061250565664, 38.10270568452117], [13.297006246528216, 38.10270822779177], [13.296934570046037, 38.10270050912007], [13.296858358310498, 38.10270608642122], [13.296785827937663, 38.1027350918128], [13.296717912658238, 38.102763962212876], [13.296670052437374, 38.10276704417796], [13.296646248662734, 38.1027629239807], [13.296627484763205, 38.10274754994965], [13.296526977140024, 38.10275364526717], [13.296450537388809, 38.10275253766042], [13.29640178880212, 38.10279337681654], [13.296401087324835, 38.10282357864464], [13.296399595596968, 38.10288775514748], [13.29639438018871, 38.102906564602314], [13.296340864801286, 38.10294733460007], [13.296263537719803, 38.10298397697315], [13.296210461879761, 38.103005868194195], [13.296133484235964, 38.10302741360408], [13.296027761829869, 38.10305231794069], [13.295898146710911, 38.10307687557712], [13.295778173082827, 38.10309779701051], [13.295676963173179, 38.103134092502025], [13.295615728799863, 38.10309544198874], [13.295502209236782, 38.103044700474044], [13.295430457311058, 38.1030474352565], [13.295362954690827, 38.10307289268305], [13.295329159415996, 38.103087512316414], [13.295271121721608, 38.10311688297677], [13.295246879326534, 38.10313163310772], [13.295170438092356, 38.10313052464242], [13.295132218036413, 38.10312997084983], [13.29506532953651, 38.103129000957615], [13.29502179572257, 38.103151030128025], [13.294997377610308, 38.1031733367379], [13.294948638209267, 38.103214175411175], [13.294895376089354, 38.10324361429855], [13.294842739684217, 38.10324662708783], [13.294747446974668, 38.10323391869493], [13.294466697401724, 38.10318075025449], [13.294071551703539, 38.10311458758746], [13.293757359901793, 38.1030609399042], [13.293486085817793, 38.10301168179494], [13.293100406719677, 38.102949436541884], [13.292915039302544, 38.10290519949667], [13.292596522337444, 38.10283259357418], [13.2925146802851, 38.102857840933396], [13.291353630640137, 38.103766816833954], [13.291385959816987, 38.10383074709882], [13.291575399422992, 38.103863555776314], [13.291925874774444, 38.10387866905393], [13.292262659643725, 38.10393700009442], [13.292564533303347, 38.10386122134076], [13.292804785123229, 38.10382553362102], [13.293072443038435, 38.10386170523974], [13.293363227663948, 38.10390744030897], [13.29363137653091, 38.103970232274364], [13.29364470412002, 38.104124062265356], [13.293748040943491, 38.10416292793541], [13.293709983505337, 38.10419291334687], [13.293636661855333, 38.10425032300632], [13.293487441535234, 38.104421377886574], [13.293294971813788, 38.10444722646063], [13.29301847097998, 38.104462198433055], [13.292895598236578, 38.10446691664368], [13.29274643496213, 38.10447124541746], [13.292585182648388, 38.10447669598151], [13.292521967123262, 38.10446149164805], [13.292427498821207, 38.104440364632666], [13.292364965836759, 38.10442543418194], [13.292264999115298, 38.10440358276357], [13.292165995232958, 38.10438010601703], [13.292093176256508, 38.104386777599224], [13.292014725987977, 38.104394214363985], [13.291910618773247, 38.10440324437274], [13.291802976577252, 38.10441293661643], [13.291692971982934, 38.10442269623837], [13.291654853869801, 38.104414800897075], [13.291499674699926, 38.10437525778977], [13.291286878463477, 38.104324164085334], [13.291142382068447, 38.10430417374704], [13.290944072246322, 38.104274389431616], [13.290806439317072, 38.10425685241407], [13.290750739234731, 38.10426684075658], [13.290664066524883, 38.104287471871636], [13.290590416437093, 38.10430283940562], [13.290537901422178, 38.10429213970659], [13.290473787297415, 38.10427671212481], [13.290330310106379, 38.10424638019293], [13.290329184828803, 38.10424700004644], [13.29032801343419, 38.104246222403816], [13.290248507547643, 38.104211662177526], [13.290181680544872, 38.104177293656974], [13.290119001122566, 38.10414631802555], [13.289983945038408, 38.10413768153657], [13.28984481745408, 38.10412229617828], [13.289743802407012, 38.1041041248908], [13.289664064328985, 38.10407958919252], [13.289537849510163, 38.104054370389484], [13.289475316913064, 38.10401672423829], [13.289366317939935, 38.103978393284315], [13.289233522036437, 38.10387292400497], [13.289155421072659, 38.103778271374495], [13.289073092873487, 38.10368355712291], [13.288994066830115, 38.10362896806983], [13.288942686584322, 38.1035499064614], [13.288886144438319, 38.103515096749426], [13.288833849832377, 38.103503001778705], [13.288728917206265, 38.10349392401421], [13.288600446651028, 38.103469393194715], [13.288476223370646, 38.103467585122225], [13.288375714156839, 38.10347368153128], [13.288289897591591, 38.10346487290032], [13.288204158673699, 38.10345229841741], [13.288108778953497, 38.103443359307924], [13.288013399448706, 38.10343441201368], [13.28794226390227, 38.1034107151616], [13.287856525116617, 38.103398140427686], [13.287804769672249, 38.10336339996743], [13.287796266571794, 38.10331795582567], [13.287753887729835, 38.103290902077426], [13.287697345224927, 38.103256091793185], [13.287635763782157, 38.10323253492502], [13.287608076418646, 38.10319058614704], [13.287599395918297, 38.103152697578444], [13.287595677880702, 38.103107322274944], [13.287596472234295, 38.10307334685661], [13.287592489866269, 38.10303929369475], [13.287594165703558, 38.10296756188646], [13.287601500925943, 38.10285814874371], [13.287602735996328, 38.10280529557879], [13.287632021188356, 38.10277928554108], [13.287766236599687, 38.102762355070894], [13.287867097245856, 38.1027411632686], [13.28786983132025, 38.102624132975166], [13.287880981672046, 38.10255631337796], [13.287931135477706, 38.10245507524155], [13.287900603170767, 38.102330001918865], [13.287883957442208, 38.10222401605701], [13.28788492783167, 38.10218249223111], [13.28812965277278, 38.10214073410845], [13.288364550215984, 38.10211016728824], [13.288469656944901, 38.102111696932496], [13.288541584367142, 38.102101409879005], [13.288644570371481, 38.10198961333557], [13.288826099311462, 38.10178831860915], [13.288923857127408, 38.10169532351665], [13.289038146567574, 38.10150815995555], [13.289144028841198, 38.101271776769906], [13.289274505718593, 38.101005531553305], [13.289434353147566, 38.10070950998255], [13.28951395985299, 38.10057470575663], [13.289529617414221, 38.10051828660757], [13.289535948827538, 38.10024646821356], [13.289485589709631, 38.10015131853882], [13.289604477031537, 38.09997177226542], [13.289888367630947, 38.09988903542666], [13.290293144558348, 38.09995157625442], [13.290473367471696, 38.10001084355113], [13.290558400189113, 38.1000536171642], [13.290768664904853, 38.0998489624017], [13.290741549010567, 38.09957665810792], [13.290655431573128, 38.099375246181744], [13.290237656236007, 38.0992558774966], [13.289602157068032, 38.09925041132858], [13.289385556222017, 38.09911130572149], [13.289281130107492, 38.09887563106586], [13.289144571603828, 38.09858285021235], [13.28894779131123, 38.09841382047535], [13.288974029059473, 38.09810829864427], [13.288927657336288, 38.098047192924945], [13.288798288527083, 38.097856484682076], [13.288682995090257, 38.097677306447494], [13.288401125364892, 38.09767320355293], [13.288190397205856, 38.09769279678471], [13.287932945795355, 38.097666388459935], [13.287763857471795, 38.097539298339385], [13.287622938750397, 38.09763921440206], [13.287534213840775, 38.097755000300836], [13.287402846394535, 38.09785505532152], [13.287252463826182, 38.09795105701969], [13.287116055820835, 38.098062365123845], [13.287027593034052, 38.0981668194269], [13.286953028040836, 38.098290362306976], [13.286859701125266, 38.09839852147931], [13.2867753189299, 38.09853325428217], [13.286680846303387, 38.098690492757534], [13.28661079121455, 38.09882542717725], [13.286573914568946, 38.09897217869635], [13.286540579885473, 38.099171853054585], [13.286436641849988, 38.09932517820932], [13.286298556537368, 38.09950821710348], [13.285989353168436, 38.09965099175408], [13.28584612024786, 38.09964512855769], [13.2857873780761, 38.099704702538794], [13.285483576409387, 38.09982111861977], [13.285161894405286, 38.0998844089228], [13.28503484016934, 38.09979947278923], [13.284912386430902, 38.09972215465229], [13.284785597671933, 38.09962588892107], [13.284632357282732, 38.09943482675459], [13.284572629438136, 38.0993319881541], [13.284457069259751, 38.099164127986214], [13.284417867889358, 38.09900116602264], [13.284363975765755, 38.09885309052368], [13.284338132155142, 38.09873186879435], [13.284293536751257, 38.09859525593549], [13.284297065006662, 38.09844425119285], [13.284270603760353, 38.09834944745346], [13.284343132666503, 38.09810880010306], [13.284427328247657, 38.097777697048436], [13.284491889623121, 38.09746895918956], [13.284477803165741, 38.09725348376139], [13.28432058964668, 38.0972323054362], [13.284001574157047, 38.09718233827426], [13.283825688531424, 38.09714200145784], [13.283650783695412, 38.09706014072889], [13.283542487701839, 38.09699057900179], [13.28335209876562, 38.09695758864607], [13.283123581743014, 38.09692026662137], [13.282899055416504, 38.096916987693106], [13.282722024503393, 38.09692572954611], [13.282531106990174, 38.09691539024525], [13.282373983228267, 38.09689043470212], [13.282207219349587, 38.09686911391964], [13.282088410940315, 38.096840943228834], [13.281871212912113, 38.09672825120851], [13.281701440246348, 38.096631361628425], [13.281607749572597, 38.09655067765542], [13.281551743491367, 38.096493212188385], [13.281611193564421, 38.096403446795655], [13.2817042511109, 38.09630661386985], [13.281960172269654, 38.09578541196291], [13.282327335642977, 38.09530926014397], [13.282675369437621, 38.09534455405484], [13.283087097303468, 38.09551673132407], [13.28342735723238, 38.09568032093022], [13.283777699374824, 38.095821388626106], [13.284036918960119, 38.095976236149696], [13.284281010065277, 38.09616484827783], [13.284457333956693, 38.096186305716124], [13.284593491786211, 38.09629025957349], [13.285037093471162, 38.09653087674715], [13.28528712061458, 38.096670477294786], [13.285550559856546, 38.09644017100506], [13.285642643026742, 38.09638486589435], [13.285775824932326, 38.09630938738359], [13.286024159872655, 38.09631678319966], [13.286561708858521, 38.096422809093056], [13.28677368707223, 38.0965543014608], [13.287057422143706, 38.09668306294352], [13.28731786306457, 38.096581105171225], [13.287525814960057, 38.09627067813374], [13.287532263520914, 38.096199014921986], [13.287343636090243, 38.09609052446783], [13.287286755704434, 38.09607081912839], [13.287087686723929, 38.095999939006525], [13.286478121010495, 38.09570403945741], [13.286308951535064, 38.09558072111873], [13.286322124398495, 38.09542607374957], [13.286410310012036, 38.095332941876826], [13.286603974947903, 38.095430180376454], [13.28677287108838, 38.09556482031549], [13.287095610492008, 38.095660163472836], [13.287413113982756, 38.095570369762214], [13.287795735835939, 38.09555705655441], [13.288172429020067, 38.09559275911348], [13.288483659727655, 38.095567070133484], [13.288954061510905, 38.095683441798464], [13.289146147449618, 38.095848627226104], [13.28970731413439, 38.09596630869496], [13.28994875218156, 38.09606423722498], [13.29020388481465, 38.09598486395598], [13.290499987502617, 38.09599294371705], [13.290895182938504, 38.09605533477357], [13.291348675191983, 38.096077034401816], [13.291694786321038, 38.096195356940676], [13.292389592744646, 38.09652645483862], [13.292614164642973, 38.096733651206435], [13.29322131901502, 38.09672358800566], [13.293549901907042, 38.0967736691297], [13.29381082362662, 38.09685676272901], [13.294207996658514, 38.097040025804205], [13.29440036142177, 38.097193880773425], [13.294664911069999, 38.097326121387745], [13.29481993674625, 38.097441671538675], [13.294953264780338, 38.09746248194822], [13.295126517946402, 38.09761605835127], [13.295184288126858, 38.09759801073274], [13.295583580568664, 38.09769066569429], [13.295697269854179, 38.097733851372034], [13.295927769279604, 38.09789203125047], [13.296308477165747, 38.09796175403353], [13.29650781372191, 38.098021289280446], [13.29681747589166, 38.09806354408271], [13.297001950606981, 38.09814552406945], [13.297346154556147, 38.09834688662964], [13.297520738199902, 38.098443831616045], [13.297694962865396, 38.098555873101375], [13.297849820845803, 38.09867896784494], [13.29802864677876, 38.09879863460076], [13.298487764645508, 38.098704794079], [13.298839615279993, 38.09863492704348], [13.299331250011381, 38.09851518737853], [13.299496475461812, 38.09862712657359], [13.299500162866286, 38.09878285955661], [13.299482232501848, 38.09892675172058], [13.299456887181314, 38.0990763004811], [13.299393593559005, 38.099288721257686], [13.299273280164833, 38.0994426608604], [13.299188511772847, 38.09963747066731], [13.299241660177314, 38.099863112255896], [13.29935141866049, 38.10016453073711], [13.29956584177089, 38.100357903369684], [13.299699757911084, 38.100561648170775], [13.299650784230417, 38.10078581319188], [13.29962435259251, 38.100981467652716], [13.299775796216748, 38.10105861522495], [13.300070239776405, 38.10094755802865], [13.300386691366992, 38.100831047353935], [13.300583367587429, 38.10084541883607], [13.300749405735656, 38.1009227771941], [13.300789559132516, 38.101079037589436], [13.30076246147149, 38.10130351861502], [13.300676616075062, 38.10154444342438], [13.300496492161182, 38.101864207339766], [13.300263496231938, 38.1021669540706], [13.299966886307137, 38.10258945563767], [13.29993892175013, 38.102724447619075], [13.299951535536927, 38.10282274509541], [13.30003981747289, 38.102871113790265], [13.300166009594708, 38.10289059670401], [13.300260846532993, 38.102870387568416], [13.300413819507549, 38.102805883963875], [13.300520421984178, 38.10281330556148], [13.300566549597292, 38.10285910753382], [13.300604853155782, 38.10292048762427], [13.30078465773863, 38.10298392183148], [13.30145997451049, 38.101938781073244], [13.301630456446667, 38.10155090301498], [13.301513088985311, 38.101286478150996], [13.301464107969437, 38.10094046244915], [13.301270253690518, 38.10069745364539], [13.301219005755087, 38.10044899283042], [13.301392885155439, 38.10032389301838], [13.30159161954109, 38.10035679737544], [13.30171211214691, 38.10048614276037], [13.30178200970701, 38.10074988933005], [13.301943793573217, 38.100737209878105], [13.302068974870707, 38.1006639510812], [13.302245577303593, 38.100557992557505], [13.302347267538162, 38.10067188609549], [13.302361913707383, 38.10072206453814], [13.302384640967809, 38.100768793794785], [13.302397833237364, 38.10081808068279], [13.302532883157165, 38.100971088794054], [13.302657157931252, 38.10117682045502], [13.302752679308508, 38.101385912493704], [13.30288181839385, 38.1015879391566], [13.302960596373312, 38.10169481980601], [13.302939121414425, 38.101796478888396], [13.302964990906737, 38.10191770614219], [13.303067650314498, 38.102024932619656], [13.303170931653748, 38.10210573100126], [13.303241108196307, 38.10217095097018], [13.303182375633202, 38.10223052577258], [13.303204955827606, 38.10228749915054], [13.303184179675682, 38.102358956334925], [13.303230038809309, 38.10244270204949], [13.303295090741509, 38.10252294902258], [13.30330341966392, 38.10257594149917], [13.303292555706216, 38.10263243990892], [13.303223570282167, 38.10272207866181], [13.30322252220779, 38.10276738471805], [13.303263158848019, 38.10286994008896], [13.303299193453899, 38.102964869885135], [13.303302308759015, 38.103036672161664], [13.3033390533116, 38.10310140918448], [13.303328091898578, 38.10316167401424], [13.303424404612835, 38.10333678984851], [13.303498757562705, 38.103428497055745], [13.303614699462408, 38.1035812360738], [13.303732138619628, 38.103669797510754], [13.303892136929628, 38.10377785033748], [13.303970995643274, 38.103880956434224], [13.304060116240594, 38.10395399139944], [13.30416878918518, 38.10400843968092], [13.304186409980874, 38.1040728922485], [13.304261200908376, 38.1041457283049], [13.304326605769294, 38.104210870637516], [13.304397310184456, 38.10425343559426], [13.30448260654879, 38.10428487790068], [13.304573300059818, 38.10428996105676], [13.304677624111893, 38.104325460997714], [13.304759289481861, 38.10430775356903], [13.304845992412627, 38.10427879185994], [13.304917570955695, 38.104283599807005], [13.304974820687615, 38.10428820095202], [13.305037097736268, 38.10428154768974], [13.305080891199944, 38.104248184404916], [13.305114336123156, 38.104248666967486], [13.305156722167945, 38.10427571370999], [13.30521866041811, 38.10428416553197], [13.305256968641714, 38.10428093506979], [13.305300150069293, 38.10427400616936], [13.305391183318772, 38.104263992537625], [13.305436024331446, 38.10418533114412], [13.305475293018835, 38.10414057551638], [13.30549527117003, 38.10410309348799], [13.305515172187956, 38.10406939349301], [13.30552542398318, 38.10403932934496], [13.305550013641396, 38.10400947291706], [13.30555540119341, 38.10398311454114], [13.305570788031918, 38.10393801529012], [13.305652267969743, 38.103927862747874], [13.305704915010184, 38.103924838956935], [13.305772240507387, 38.10390693209662], [13.30585762429008, 38.103934598727335], [13.305885593349496, 38.10396521322592], [13.305908874881016, 38.10399198417547], [13.305906692484175, 38.10408637104436], [13.305914325861794, 38.10416956444023], [13.305907279256957, 38.10426765619602], [13.305967211122821, 38.10436292982637], [13.306056334145964, 38.10443597143948], [13.306107933878774, 38.10447826077717], [13.306179076754749, 38.10450194588352], [13.306207047278045, 38.104532561228254], [13.30621537850701, 38.104585552634994], [13.306224232861362, 38.10461589233619], [13.306330116482028, 38.10479114382987], [13.306375447316706, 38.10489754086152], [13.306449273322208, 38.10501189967729], [13.306457439400223, 38.10507244777403], [13.306461605117109, 38.10509894391956], [13.306513893960682, 38.105111023777894], [13.306532224665728, 38.10514527511079], [13.306492258707268, 38.10522023125927], [13.306438912186863, 38.105253458238735], [13.306362119693162, 38.10526745303368], [13.306300093104896, 38.10526278458468], [13.30626664883896, 38.105262302365276], [13.30612852840071, 38.10524142655514], [13.306042522358233, 38.10524018722509], [13.305951826389634, 38.10523510515793], [13.30584671539139, 38.105233590162385], [13.305780086170696, 38.10522130317859], [13.30574620484226, 38.105239692404496], [13.30567340425583, 38.10528773949752], [13.305615193040552, 38.10532467096954], [13.30557158399421, 38.10535047801573], [13.305580439300904, 38.10538081777407], [13.305526567944707, 38.105436688796004], [13.305478444425647, 38.10545110466805], [13.305426058073811, 38.10544279798022], [13.3053544785235, 38.10543798310951], [13.305301568740703, 38.10545232985944], [13.305238940546431, 38.105474087350956], [13.30522894094768, 38.10549282818571], [13.305233019011439, 38.10552309904411], [13.305222330630931, 38.10557204106098]], [[13.297578722980118, 38.09977433078783], [13.297577980557183, 38.09982799153539], [13.297681410840417, 38.09986015842673], [13.297702464591254, 38.09985521955955], [13.297715430260244, 38.09982473762568], [13.297721138195904, 38.09979858612178], [13.297718437317753, 38.09978322063526], [13.297719144667616, 38.09977475529844], [13.297682427611795, 38.09977260741677], [13.297622706272406, 38.09977133914148], [13.29759616295492, 38.09977095538195], [13.297578722980118, 38.09977433078783]], [[13.294831643707441, 38.09776392007313], [13.294944037882537, 38.09770703069636], [13.294887142442793, 38.097651865607475], [13.29475868305417, 38.09771688106615], [13.294831643707441, 38.09776392007313]], [[13.293903522903426, 38.102488165350024], [13.293909345408064, 38.102522220721056], [13.293942092403057, 38.10253575439242], [13.293974848342366, 38.102549296295216], [13.29400802168454, 38.10254454943567], [13.294028218840044, 38.10252916586063], [13.294008872236816, 38.1025079802682], [13.294006117327173, 38.10248442582063], [13.294013096507827, 38.10246885028472], [13.29399998985981, 38.10246343130411], [13.29397355392497, 38.102463048276306], [13.29395702292854, 38.102462808193664], [13.293940614458652, 38.102457349363846], [13.293917541037555, 38.10245439723628], [13.293897759968665, 38.102451500131004], [13.293903522903426, 38.102488165350024]], [[13.294664186941025, 38.09768625437092], [13.294569593944852, 38.09765979865146], [13.29452045859601, 38.0977259645015], [13.294614857398058, 38.09776077677604], [13.294664186941025, 38.09768625437092]], [[13.294757982670989, 38.102714820952734], [13.294685023651757, 38.102724211884514], [13.294618608233495, 38.10273631478977], [13.29463391327827, 38.10278879539713], [13.294769813107795, 38.102775089551336], [13.294757982670989, 38.102714820952734]], [[13.295135612965527, 38.098340960688354], [13.295187804316232, 38.098370981190804], [13.29525829106825, 38.09829676557844], [13.295174077373648, 38.098278827503385], [13.295135612965527, 38.098340960688354]]]}, "properties": {"anno": 2012, "id": 5606, "data": "2012-08-06", "localita": "Cozzo Comune - Madonna del Ponticello", "sup_ha": 94.4365, "sup_boscata_ha": 19.9947, "sup_non_boscata_ha": 67.9306, "luogo_inizio": "strada comunale", "squadre_aib": 3, "fine_intervento": "2012-08-06"}}, {"type": "Feature", "geometry": {"type": "Polygon", "coordinates": [[[13.286197183001946, 38.18562105151063], [13.286123417839589, 38.18550944750107], [13.28627730493841, 38.18546145419802], [13.286496726067064, 38.185334022523826], [13.286591583454792, 38.18536052890802], [13.286679956894314, 38.18539195917155], [13.286794971548089, 38.18537354811554], [13.28687015177287, 38.18542488258284], [13.286944389764216, 38.18551639613971], [13.28708390562652, 38.18553852712689], [13.287171100775021, 38.185620185220166], [13.2872333245562, 38.185681382908435], [13.287334429244716, 38.1857130056501], [13.28735846897583, 38.185773646166446], [13.287395229235312, 38.185834472262755], [13.287419269222209, 38.185895105560725], [13.287442836336156, 38.185975835157045], [13.287453370775776, 38.1860403113399], [13.28723670990143, 38.1861192870333], [13.287115516810335, 38.18617320349399], [13.28705216661077, 38.186166709881384], [13.286953562806795, 38.18615970988877], [13.286861221277896, 38.186186204706765], [13.286681017582993, 38.18616066795826], [13.286580854999363, 38.18608887183022], [13.286444158218291, 38.18594620094259], [13.286356963527275, 38.18586454232357], [13.286308414937473, 38.18576335093469], [13.286259395697858, 38.18568224864517], [13.286197183001946, 38.18562105151063]]]}, "properties": {"anno": 2012, "id": 5013, "data": "2012-08-12", "localita": "Crocette", "sup_ha": 0.6769, "sup_boscata_ha": 0.0, "sup_non_boscata_ha": 0.2101, "luogo_inizio": "strada comunale", "squadre_aib": 2, "fine_intervento": "2012-08-12"}}, {"type": "Feature", "geometry": {"type": "Polygon", "coordinates": [[[13.354916329750957, 38.07281615972411], [13.354902361417713, 38.07283035164141], [13.354646323293968, 38.07268029462699], [13.354506003752542, 38.072326806502836], [13.354405363704423, 38.071856685091355], [13.354228656249068, 38.07147339205372], [13.35470958777166, 38.0715094157384], [13.355122324341558, 38.07128082732951], [13.355795678170066, 38.0709972990782], [13.356282499175173, 38.07076975125103], [13.356617208443817, 38.07071583755926], [13.357063698118951, 38.07063419811324], [13.357324979804448, 38.070549962541946], [13.357586250671766, 38.07046572533039], [13.35777670144954, 38.07023403193561], [13.35796716014677, 38.07000233742234], [13.358010091522475, 38.06973928888561], [13.358273320381395, 38.06956720064398], [13.358274985178582, 38.06957365569528], [13.358341524977146, 38.069831801123364], [13.358555940020091, 38.070186319100586], [13.358699544517739, 38.07039338897485], [13.358878223927796, 38.07068882536375], [13.359056914998943, 38.0709842616427], [13.35897824739339, 38.07118822241881], [13.358718283411585, 38.07121389012201], [13.358494701178339, 38.07126936047056], [13.358122290222353, 38.07135203955616], [13.357898062520235, 38.07143679470729], [13.357560734235864, 38.071607847164444], [13.357187012338281, 38.071749102966926], [13.356956891859285, 38.072097422247694], [13.356433016541276, 38.07232445537279], [13.356057324393252, 38.07255355760923], [13.355682940392494, 38.0727240870151], [13.355310518974996, 38.07280676503423], [13.355129883490779, 38.07259918086865], [13.354916329750957, 38.07281615972411]]]}, "properties": {"anno": 2012, "id": 5047, "data": "2012-09-24", "localita": "Casuzze - Balzo Cavallo", "sup_ha": 6.0668, "sup_boscata_ha": 0.0, "sup_non_boscata_ha": 6.0668, "luogo_inizio": "altro", "squadre_aib": 2, "fine_intervento": "2012-09-24"}}, {"type": "Feature", "geometry": {"type": "Polygon", "coordinates": [[[13.358526731644112, 38.07306478626606], [13.358256158968768, 38.073147551824874], [13.358319488363234, 38.07343167593499], [13.358337800669988, 38.07350274182982], [13.357987983014935, 38.0735686683954], [13.357929485098264, 38.0737370113238], [13.357835958851936, 38.0734681961678], [13.35761221092159, 38.07323691034417], [13.35727849724975, 38.0730276889286], [13.35681245270446, 38.07295036878051], [13.3550922081161, 38.07287355935956], [13.355064538514336, 38.07288132146113], [13.355034266241821, 38.072870969269246], [13.354946689541286, 38.07284102411617], [13.354932280921613, 38.07282922499022], [13.354916329750957, 38.07281615972411], [13.355129883490779, 38.07259918086865], [13.355310518974996, 38.07280676503423], [13.355682940392494, 38.0727240870151], [13.356057324393252, 38.07255355760923], [13.356433016541276, 38.07232445537279], [13.356956891859285, 38.072097422247694], [13.357187012338281, 38.071749102966926], [13.357560734235864, 38.071607847164444], [13.357898062520235, 38.07143679470729], [13.358122290222353, 38.07135203955616], [13.358494701178339, 38.07126936047056], [13.358718283411585, 38.07121389012201], [13.35897824739339, 38.07118822241881], [13.359056914998943, 38.0709842616427], [13.358878223927796, 38.07068882536375], [13.358699544517739, 38.07039338897485], [13.358555940020091, 38.070186319100586], [13.358341524977146, 38.069831801123364], [13.358274985178582, 38.06957365569528], [13.358325089786396, 38.06950638077763], [13.358472473956713, 38.069497865240336], [13.358475023981953, 38.069498071188605], [13.358476330909355, 38.069497638851196], [13.358533350856032, 38.06949434038772], [13.35871289110211, 38.06941873406811], [13.358762700845709, 38.06940212063482], [13.358970217420163, 38.069356042841065], [13.359199657657186, 38.0693050979833], [13.35922501962097, 38.069285742200115], [13.359466125524104, 38.06932497326635], [13.359778698829329, 38.06958896421839], [13.360063193630134, 38.069773891298645], [13.360722819413663, 38.069649336260575], [13.361333748237065, 38.06947688865638], [13.362188150918952, 38.06954386871869], [13.362878067015105, 38.07029303744113], [13.36175012682276, 38.07044256111388], [13.359917311748784, 38.0709598902211], [13.359294485538502, 38.07121870539828], [13.359790792077844, 38.07216976023146], [13.35929571803639, 38.072501165847456], [13.358680544465818, 38.07286237212334], [13.358526731644112, 38.07306478626606]], [[13.357468332031297, 38.071960560761795], [13.357475201808635, 38.0720357240635], [13.35757714920368, 38.072029029387], [13.357569485049872, 38.07195115141851], [13.357468332031297, 38.071960560761795]]]}, "properties": {"anno": 2012, "id": 5135, "data": "2012-09-29", "localita": "Chiarandà - Casuzze", "sup_ha": 9.5564, "sup_boscata_ha": 0.5724, "sup_non_boscata_ha": 8.984, "luogo_inizio": "incolto e pascolo", "squadre_aib": 3, "fine_intervento": "2012-09-30"}}]}