{"type": "FeatureCollection", "features": [{"type": "Feature", "geometry": {"type": "Polygon", "coordinates": [[[13.288696009180178, 38.210919368786584], [13.28868767542005, 38.2108482528062], [13.288729319466611, 38.210777872771885], [13.288752270074607, 38.21065199513028], [13.288794653878263, 38.21055007075611], [13.288847398550164, 38.210432512666294], [13.288959915957685, 38.210323717469585], [13.288951221759893, 38.21026837379546], [13.289084838486442, 38.21011256153545], [13.28918699549519, 38.21001939262627], [13.289251873569887, 38.20992176558572], [13.289336261270149, 38.2098683365217], [13.289363004238105, 38.20976164748881], [13.289353147417408, 38.209640823744984], [13.289304498604345, 38.20954901613446], [13.289301666813527, 38.20947244903945], [13.289259695033074, 38.209293274602274], [13.289199410550651, 38.20910654730837], [13.289229423048837, 38.20900859946711], [13.289349284479034, 38.209017631569246], [13.289493348904415, 38.20917642454394], [13.289591928437215, 38.20937846903131], [13.289630787345532, 38.20942635988672], [13.289689645879442, 38.2094745493884], [13.28972869968423, 38.20951455787952], [13.289767743255855, 38.20955456620865], [13.289826972286754, 38.20958698348711], [13.289875460487938, 38.20965079212931], [13.289904515155472, 38.20969065486352], [13.289953189137991, 38.20974658010734], [13.289961709842661, 38.209809806362315], [13.289980394989714, 38.209865295542876], [13.290008905134224, 38.20992882115348], [13.290027600620105, 38.20998431047672], [13.290096623347546, 38.21002475458427], [13.290212495886058, 38.21002139259058], [13.290256098828007, 38.209934571779584], [13.290260369028761, 38.209752427928066], [13.290114845800133, 38.20945877998032], [13.289963330958196, 38.20922335337607], [13.289820205566636, 38.20902449003809], [13.28974024532977, 38.208857642514616], [13.289627163848964, 38.20857249155029], [13.289499063111576, 38.208360633025876], [13.289356426865503, 38.208201052525766], [13.289160083293952, 38.20806169507603], [13.289154643050427, 38.20796415502738], [13.28918301977329, 38.20787629708138], [13.289250395062677, 38.20780977938579], [13.289324335228704, 38.207743349226305], [13.289378552092389, 38.20767664056231], [13.289427148890049, 38.20756830455419], [13.289428974969093, 38.20749044547035], [13.289437263782395, 38.20741787037394], [13.289445298116316, 38.20735567746865], [13.289485990864465, 38.207304347337946], [13.289501097688797, 38.207221484797664], [13.289509254693415, 38.207154096667004], [13.289597447618501, 38.207041147841544], [13.289664213129196, 38.207000583505966], [13.289763737977129, 38.206965684491415], [13.28986705669582, 38.20695206395947], [13.289993864418344, 38.20697422470177], [13.29009714676325, 38.20701633315596], [13.290250066715602, 38.207079471437474], [13.290325809336622, 38.20714148530705], [13.290345504009377, 38.207272722888185], [13.290388999546773, 38.20738239989001], [13.290412639516195, 38.20749697655121], [13.290383888714278, 38.20760040506509], [13.29038157667723, 38.2076990288973], [13.290399251090653, 38.207787557958575], [13.290470269777467, 38.20784571173268], [13.29056285719844, 38.20782628760237], [13.290667020725396, 38.20787453720616], [13.290763870553468, 38.20795383250668], [13.290748035237977, 38.20806784230868], [13.290757179865244, 38.208239321690684], [13.290748172748376, 38.208343045027206], [13.290745739781123, 38.20844685689492], [13.290815421587105, 38.20856210398807], [13.290885964757704, 38.2086410232921], [13.290970995326783, 38.20866302520056], [13.291074794984684, 38.20872684574975], [13.291178595988105, 38.20879066532654], [13.291270575079857, 38.2087972006014], [13.291355727252862, 38.208814015107905], [13.291441244694106, 38.208815259171786], [13.291521889575407, 38.20874373633728], [13.291570615554837, 38.20863021242123], [13.291736057042995, 38.20859108145541], [13.291811576670137, 38.20845717470721], [13.291964952557954, 38.2083711334928], [13.29205350855398, 38.20824260519409], [13.29219970198093, 38.208182421647656], [13.292274368842474, 38.20808484968281], [13.29242043125662, 38.20802986005517], [13.292437114229973, 38.20787951392282], [13.292405924202148, 38.20780637231869], [13.292528849717568, 38.20789643056281], [13.292611581168252, 38.20801705626671], [13.292681994340423, 38.20810116151563], [13.292692237210398, 38.20822593055713], [13.292730011803759, 38.20829917507711], [13.2928139487741, 38.20836789406002], [13.292932852734713, 38.208348858064625], [13.293037130849681, 38.208391911140474], [13.293080143690283, 38.208522352857], [13.293062854609005, 38.20869864375681], [13.293024094026139, 38.208947226364984], [13.293137708651395, 38.20904024856002], [13.293365669210807, 38.209195851157716], [13.293399986258372, 38.209379084394286], [13.293400773058735, 38.20951497949611], [13.293303965587418, 38.20956538684208], [13.293181249797234, 38.20957893825149], [13.29306684638093, 38.20956960824323], [13.292935682347949, 38.20952938128522], [13.292772898793226, 38.20951168740723], [13.292708591436199, 38.209519951020305], [13.292657849844568, 38.209529941218456], [13.29263414962308, 38.20954646170322], [13.29262584656872, 38.209569327776066], [13.292640910851418, 38.20958947974652], [13.292667638157159, 38.20960979417186], [13.292715901745058, 38.20962276199471], [13.292758483550024, 38.20962951022856], [13.292783261956947, 38.2096497962781], [13.29282160599763, 38.20967181703276], [13.29285606375141, 38.209693774036985], [13.292873148718666, 38.209710887811866], [13.29289972271395, 38.209737328763616], [13.29292451128289, 38.209757623041924], [13.29295299833692, 38.20978563009243], [13.292971735745681, 38.209815025505044], [13.292995345737218, 38.20986000530305], [13.293023619582037, 38.209892888131286], [13.293051949507644, 38.20992386040198], [13.293090097422033, 38.20994925036892], [13.293152883865572, 38.209955895798885], [13.293215939225416, 38.2099510787096], [13.293272053260472, 38.209932791893074], [13.293325611760377, 38.20992020108584], [13.293381681116362, 38.20990382493312], [13.293433131439825, 38.20987782565738], [13.293474852827131, 38.2098535971637], [13.293518771612172, 38.20983895473454], [13.293562332471947, 38.209839588104515], [13.293612666528917, 38.20986133235206], [13.293806638161037, 38.21014641285157], [13.293928618063106, 38.21026321773476], [13.294020123796438, 38.21038692130225], [13.294044717776673, 38.21048835953383], [13.294081312332999, 38.21065382859447], [13.294037003448691, 38.210818114465475], [13.293959627619333, 38.2109553209206], [13.29391780679985, 38.211013231796514], [13.293880373737714, 38.21117230338946], [13.293980630251829, 38.211307903376834], [13.29422666847898, 38.21135822652631], [13.294359613195642, 38.211439962072085], [13.294399404430054, 38.21155763925097], [13.294494956063499, 38.21170794589369], [13.294581351039511, 38.211801899460724], [13.294484582422976, 38.21177348360151], [13.294398490018509, 38.21173898497009], [13.29428627482712, 38.21169580240201], [13.294140322323774, 38.21163135755943], [13.293958792112079, 38.211567148737906], [13.293667651352424, 38.21148609027703], [13.293313353691921, 38.211411578819494], [13.293195572568008, 38.211380775553316], [13.292995115168777, 38.21128228822229], [13.29282918357653, 38.21114106408748], [13.292694065068163, 38.21099374733133], [13.292572251343191, 38.210987602772995], [13.292410224956422, 38.21104210341138], [13.292307616096387, 38.21116307123197], [13.29213348405305, 38.21126113055877], [13.291975872266004, 38.21136380429148], [13.291795457542618, 38.2115517446358], [13.291665539251573, 38.211549855409125], [13.291587241981908, 38.2114777212004], [13.291528020910663, 38.21144530491556], [13.291520977224362, 38.21131899817655], [13.291472116705354, 38.21127095513207], [13.29149302978206, 38.21123182019931], [13.291464712452791, 38.211160413482304], [13.29132553403154, 38.21112684118129], [13.291203572643383, 38.21121183121737], [13.291281304630953, 38.21130761927228], [13.291309816455342, 38.21137114369094], [13.291358861441672, 38.21141129710663], [13.291367373230678, 38.21147452312601], [13.291315741782297, 38.21154476591139], [13.29121709506707, 38.211488113641465], [13.29114769004383, 38.21146344126898], [13.29110918903274, 38.2113997713626], [13.290989260353646, 38.211398026845586], [13.290887842479108, 38.2114596601784], [13.290895799370011, 38.211546540869385], [13.29076643454261, 38.21152099598485], [13.290694626875565, 38.21159882981834], [13.290615047052665, 38.21158189411248], [13.290519266178583, 38.211616001213066], [13.290477632458357, 38.21168638203551], [13.29035825801852, 38.21166098222208], [13.290330671635882, 38.21155803890262], [13.290181132501491, 38.21154008465423], [13.290112098070438, 38.21149963952097], [13.290034736591902, 38.211388078554236], [13.289976246434698, 38.21132412515204], [13.289948116374806, 38.21124482843173], [13.289860571183807, 38.21114101224734], [13.289932563936539, 38.21105528833872], [13.289834104631842, 38.210990752476796], [13.289869497211328, 38.21087077377835], [13.2898313677734, 38.210791338532005], [13.289833216890584, 38.21071248583134], [13.289865230782684, 38.21062618029364], [13.289847099222696, 38.21054703644409], [13.289808599624465, 38.21048337424726], [13.289820808215104, 38.21038889494657], [13.289802853433196, 38.21030186128344], [13.289761536845397, 38.210246228832546], [13.289670847688129, 38.210253849496006], [13.289549674772397, 38.21022127554915], [13.289405096782055, 38.210281122401376], [13.289284368938521, 38.21030851801404], [13.289268128005858, 38.21041031088642], [13.289292918713082, 38.210534576661566], [13.28924427044347, 38.21063954775515], [13.289231791348247, 38.210777836652966], [13.289186516164598, 38.2108699540431], [13.289066892905941, 38.21087744803267], [13.288945855030901, 38.21092300889944], [13.288836481911774, 38.210897753360626], [13.288696009180178, 38.210919368786584]]]}, "properties": {"anno": 2016, "id": 11169, "data": "2016-03-21", "localita": "BARCARELLO-LA FOSSA", "sup_ha": 12.9876, "sup_boscata_ha": 0.0, "sup_non_boscata_ha": 11.2866, "luogo_inizio": "bosco", "squadre_aib": 1}}, {"type": "Feature", "geometry": {"type": "Polygon", "coordinates": [[[13.387166432656835, 38.08584310838412], [13.387190676206446, 38.08560730851056], [13.38742341213866, 38.08542963321535], [13.387541762427242, 38.08525038855603], [13.387723657955176, 38.08507200767797], [13.387841346008846, 38.084922903847506], [13.387909747721793, 38.08470278029354], [13.388053726864682, 38.08451383394153], [13.388082009863787, 38.08438359344944], [13.388023094117141, 38.084171776696095], [13.388026179163484, 38.084031146720406], [13.388016999869318, 38.083870242905355], [13.388228274633661, 38.083511404214036], [13.388344417456302, 38.08343261477601], [13.388499565043665, 38.08331415717013], [13.388578685143566, 38.08318461378071], [13.38860674713707, 38.08306442287872], [13.388584411819014, 38.08292344421571], [13.388396420171444, 38.08280028458109], [13.388308340772786, 38.08275888327402], [13.38811968813986, 38.08266586438545], [13.388123874575841, 38.08247500987539], [13.387998774254477, 38.08238286084191], [13.388001638629525, 38.0822522724767], [13.388003401196642, 38.082171907699085], [13.38798106725187, 38.08203092893282], [13.387983931641978, 38.08190033965999], [13.387935959681293, 38.08176905470361], [13.387836058741284, 38.08168730402979], [13.387788087192664, 38.08155601811659], [13.3878043166844, 38.08139547098665], [13.387808283211198, 38.08121465811738], [13.387759871865804, 38.081103463619606], [13.387763397376789, 38.08094273405087], [13.387716097336337, 38.08078131516431], [13.3876295526081, 38.08066959823289], [13.387608111451266, 38.08048843668483], [13.387674737325797, 38.080348677695405], [13.387852652404266, 38.080351116286], [13.38804085766025, 38.08046422691596], [13.388241988177011, 38.08056746176111], [13.388493954653494, 38.08067140072618], [13.388711614785377, 38.08089041856542], [13.38915377460739, 38.08101705087992], [13.389468404675602, 38.0811620409112], [13.389631636719352, 38.08125471012827], [13.389998644996234, 38.081330070518106], [13.39029991430571, 38.08150501741399], [13.39072871592131, 38.0816616029847], [13.390609048811681, 38.081901124554705], [13.390436143024617, 38.08225044780973], [13.390369292142735, 38.082400258063075], [13.390312964259897, 38.0826506907761], [13.390244131205444, 38.08289090834038], [13.390240830313974, 38.083041580158266], [13.390439120948349, 38.08327540817135], [13.390525442496802, 38.08339716557231], [13.390535726446561, 38.08350783665944], [13.39065952180012, 38.083660256643235], [13.390682520826006, 38.0837711018781], [13.390589149339974, 38.08397078856049], [13.390510481502297, 38.084080242943536], [13.39036870105578, 38.08416873608415], [13.390176520553077, 38.08423644193647], [13.3899972760465, 38.08429428005827], [13.389831615173009, 38.08431210913587], [13.389676677732304, 38.08442051857751], [13.389558553356025, 38.08458971577975], [13.389568847345696, 38.08470038705723], [13.38962996840211, 38.08481175499465], [13.389689329885073, 38.08500348772464], [13.389446318204055, 38.085070496554884], [13.389355373258141, 38.08515968436669], [13.38923790820428, 38.08529874811611], [13.389196690007786, 38.08543886432524], [13.389104423846822, 38.08558831807809], [13.388952135313426, 38.08557618709969], [13.388673629912178, 38.085522131875436], [13.388432368834355, 38.08550877366553], [13.388242607316673, 38.08546597932539], [13.388126019697696, 38.08556486717088], [13.388046906351205, 38.085694410270186], [13.387943023184953, 38.085793465018604], [13.387917383478403, 38.08580316600103], [13.387738573828317, 38.08584090101434], [13.38750936492824, 38.08585785652079], [13.387343920670961, 38.08586564035016], [13.387166432656835, 38.08584310838412]]]}, "properties": {"anno": 2016, "id": 11307, "data": "2016-05-16", "localita": "Monte Grifone", "sup_ha": 10.0202, "sup_boscata_ha": 0.0, "sup_non_boscata_ha": 9.9194, "luogo_inizio": "incolto e pascolo", "squadre_aib": 0}}, {"type": "Feature", "geometry": {"type": "MultiPolygon", "coordinates": [[[[13.341871331826693, 38.18331689427919], [13.341835156492772, 38.18316163675977], [13.34238934728772, 38.182945759157654], [13.342996379195489, 38.18274579600247], [13.343198107062895, 38.18276752549281], [13.343329546194745, 38.18284295396621], [13.343809998103845, 38.18266470815412], [13.344378700995517, 38.18250979724833], [13.344721561351015, 38.182490702464726], [13.345327104220319, 38.18245194663082], [13.345443473927379, 38.182228775829515], [13.345263983837485, 38.181948116160825], [13.34530406750911, 38.1816486186371], [13.345433966548743, 38.181549684013106], [13.345789909570197, 38.18155158123018], [13.346025697626592, 38.18133525708992], [13.346011506014207, 38.181199716322666], [13.345624999656401, 38.181194274630805], [13.34537554015197, 38.1811196572412], [13.34502549469295, 38.18077788896775], [13.344899050750245, 38.18059511122863], [13.345014389272773, 38.18040431348165], [13.3450454070134, 38.18023337924103], [13.345335205981526, 38.17998442125786], [13.345458432099308, 38.17962919897182], [13.345282672820066, 38.17949763593543], [13.344913199267934, 38.17990031097678], [13.344689882093034, 38.1796417627782], [13.344774227905194, 38.17929477221253], [13.345000880198697, 38.17897204138158], [13.344955667380903, 38.17869426717366], [13.345284166631174, 38.178627199637084], [13.345855606028026, 38.17886251956142], [13.346217186728971, 38.17874223535748], [13.346260989186893, 38.17852420257449], [13.346455087760823, 38.17833873743389], [13.346584679232063, 38.17807619449955], [13.346710153577703, 38.1777881677199], [13.346893769379342, 38.177646982021706], [13.347012165262086, 38.17747331503862], [13.347102483264527, 38.1772865667915], [13.347320122922667, 38.177146503767204], [13.347497619550209, 38.17696294698198], [13.347364869655289, 38.176713500730784], [13.347326612128644, 38.176558549694775], [13.347500402739797, 38.17639692573451], [13.34782039147079, 38.17611956486539], [13.348103865555304, 38.17603064109676], [13.348472582049522, 38.1758708002966], [13.348741206143675, 38.17554990309186], [13.348788337560457, 38.1752712453683], [13.348755542775416, 38.17491988503046], [13.348689296824592, 38.174636074769595], [13.348791250123448, 38.174269145791754], [13.348629044751105, 38.173999345406905], [13.348581063145724, 38.17374561451298], [13.348448862754955, 38.17366513192506], [13.348195292682968, 38.173777619536835], [13.347799559740388, 38.17386850006688], [13.347581553310714, 38.173837009716806], [13.347449558788261, 38.17353094254549], [13.347311149305462, 38.17301577563294], [13.347285603121781, 38.17265051803259], [13.347443282945907, 38.17225770436615], [13.347597081962496, 38.17192620669186], [13.3479792591437, 38.17172292897224], [13.348325427534501, 38.17190206498025], [13.348681911932834, 38.17210465034356], [13.349045469073111, 38.172398348190576], [13.349288329462224, 38.17261005513225], [13.349583379380572, 38.17265614929639], [13.349763498235934, 38.17274858327323], [13.349952159298681, 38.17279918016007], [13.350094731610739, 38.172873101188785], [13.350244627535385, 38.17295911237949], [13.35038191717685, 38.17293106935515], [13.350521516632543, 38.17280117545146], [13.35062912415391, 38.17274275285673], [13.35078321506573, 38.17264303257599], [13.350922126736076, 38.17254309076553], [13.351137475334838, 38.17242024928287], [13.35119479014941, 38.17223526357995], [13.351334387965052, 38.17210536864749], [13.351502438350018, 38.17205977962109], [13.351634159338717, 38.17194176024316], [13.351790682492519, 38.1717341850196], [13.351922276668947, 38.17162215363088], [13.351916845976039, 38.17152618429718], [13.352012526437933, 38.171323752861355], [13.352109412901665, 38.17106739394078], [13.352159547036388, 38.170864323964494], [13.352253862984208, 38.170721805780154], [13.35228800603591, 38.170554471783625], [13.35234531763059, 38.17036947817169], [13.352378648559156, 38.17023809142173], [13.3523896213399, 38.17008841606116], [13.352342846123035, 38.169806069454026], [13.352285105027219, 38.16967340729166], [13.352211917060359, 38.16955251393234], [13.3521804788269, 38.16947657945914], [13.352231665131415, 38.169551703376115], [13.352337561670327, 38.16962201590768], [13.352410223732642, 38.16956607684999], [13.352301354544261, 38.16946130048166], [13.35227929829829, 38.16947286121541], [13.352242761542133, 38.16942665525932], [13.352279089863448, 38.16941276974049], [13.35251973689544, 38.16964662505209], [13.352818518917728, 38.169891043524615], [13.353186589408393, 38.17014064254463], [13.353651281569753, 38.170366308396744], [13.353794032462474, 38.170191296760734], [13.353640002923456, 38.16991941161031], [13.353742720062483, 38.16962582973546], [13.353727452788648, 38.169355888514936], [13.35400857160641, 38.169199672269336], [13.353714653608877, 38.16897640078092], [13.35362314606152, 38.168772820891284], [13.353817359879603, 38.168682817729604], [13.354011952130916, 38.168575969369634], [13.354216268116422, 38.16851140135382], [13.354410279637808, 38.168429823052406], [13.35452062692348, 38.16827121454315], [13.354651739682543, 38.16813819022384], [13.354677831238856, 38.167927829494786], [13.354681437854724, 38.16776772582551], [13.354729265213239, 38.16754081137634], [13.354850651838445, 38.16736549982248], [13.35480032558785, 38.16722992738888], [13.354782206217445, 38.16708637754907], [13.355002694610913, 38.16677759261983], [13.355091871663905, 38.16661025818761], [13.35527692246979, 38.166452694561364], [13.355463481591269, 38.16622772127716], [13.355587340569613, 38.16594286143365], [13.355710999919602, 38.1656664354517], [13.355877357672316, 38.16539060724346], [13.355752691275434, 38.165237137648376], [13.355302349096284, 38.16532355205426], [13.354843791187868, 38.1653002765257], [13.354706606029895, 38.165076769463695], [13.354639857505415, 38.16482243692996], [13.354624499730665, 38.164585176382886], [13.354744603974721, 38.16430893405529], [13.354976352702131, 38.16413234707838], [13.355011454135049, 38.163953014587506], [13.355182199613182, 38.16372653137488], [13.355343883548562, 38.163442698079045], [13.355534044871332, 38.16327370016256], [13.355621811408046, 38.163054226801755], [13.355604427575022, 38.16290685729189], [13.35539889943988, 38.16283858747653], [13.354823918601655, 38.16262618336734], [13.354109422744262, 38.16263253240229], [13.353737460713068, 38.16236983809888], [13.353193162595819, 38.162174209001066], [13.353142736906872, 38.161918038110436], [13.353302116935717, 38.161705621421824], [13.353111585862864, 38.161408341981954], [13.35277918758826, 38.161256379215466], [13.352627313271823, 38.16113640343168], [13.352353530030749, 38.16098526004945], [13.351715686426907, 38.16066581275578], [13.351363433523346, 38.16067722449357], [13.351085843819206, 38.16059158259595], [13.35084891495969, 38.16053921664103], [13.350498700885899, 38.16046073507071], [13.350231644797539, 38.16036707449075], [13.349900096941303, 38.160378764655725], [13.349651160400244, 38.160399793246015], [13.349452067453695, 38.160351108601574], [13.349444457734323, 38.16021632898102], [13.349431411338395, 38.1600856670045], [13.349386304889446, 38.15995877273596], [13.349277351053603, 38.15982677145267], [13.349267879173977, 38.159687327279734], [13.34946887743606, 38.15956836527755], [13.349529055738653, 38.159343033105955], [13.349511552519205, 38.15914271063501], [13.349363784304414, 38.159013364791335], [13.349288296074612, 38.158888646857974], [13.349165118451513, 38.158709167088155], [13.349080193092513, 38.158568864769876], [13.349053802507052, 38.1584371139249], [13.349037731180474, 38.158282320002], [13.34897307810621, 38.1581113832854], [13.348947734482453, 38.15793327800615], [13.348971497663232, 38.157748132937854], [13.348937250938704, 38.15753125460943], [13.3489105113866, 38.15741495037959], [13.348845335113454, 38.157267203403215], [13.348780334705852, 38.1571117213621], [13.348804446534718, 38.156911122427545], [13.348906129005405, 38.156742522827024], [13.349007123039938, 38.15660483281581], [13.349099716708457, 38.156405195781836], [13.349219583462977, 38.15629868848667], [13.349320216577306, 38.156176444685634], [13.349537913453117, 38.15607130420287], [13.34973482585937, 38.15601997063355], [13.349961095209839, 38.15596905648417], [13.350205356613904, 38.155987936698985], [13.350489623548567, 38.155968745867085], [13.350725145925718, 38.15594113218311], [13.350980761701695, 38.15589061924407], [13.351167885611181, 38.15583915299585], [13.351346443858668, 38.15573345951902], [13.351575325552046, 38.15556664160398], [13.351734310908741, 38.15546068085151], [13.351885262193967, 38.15527731045662], [13.351986761138125, 38.15511644299096], [13.352129319864698, 38.15487113372129], [13.352260174768377, 38.15471066986456], [13.352350143220336, 38.15462692159811], [13.352567317648601, 38.154544955348214], [13.35263859509339, 38.15442229672857], [13.35271074371213, 38.15426100960541], [13.352810671660766, 38.154169670392584], [13.352919165943687, 38.154132550726985], [13.353075369064944, 38.15415019869832], [13.353221255172858, 38.15419088365605], [13.353357365020909, 38.15423143043626], [13.353482470882891, 38.15432592223481], [13.353597966167797, 38.15441255876221], [13.353878223310918, 38.15457104443845], [13.354069384470096, 38.154774660582895], [13.35423888781736, 38.15507071211898], [13.35433151541001, 38.15530385803175], [13.354415392745308, 38.15549051927303], [13.354437964912202, 38.15579223523407], [13.354513110545263, 38.155932403956186], [13.354614430114742, 38.155779253865184], [13.354628218840633, 38.1556016898736], [13.354641831381, 38.15543186001298], [13.354713976706936, 38.15527057160742], [13.35486930446859, 38.15532684562808], [13.355044377586609, 38.15537566576335], [13.355125785708507, 38.15523769595426], [13.355109518088677, 38.15509062932756], [13.355064599179709, 38.15491225094017], [13.354989800548507, 38.154756634921064], [13.35479829865207, 38.15456847517806], [13.354598045926975, 38.15433382331856], [13.35453912439756, 38.15390793296795], [13.354604440154887, 38.153615168907855], [13.354579779531896, 38.153406163793626], [13.354426719122241, 38.15324945250459], [13.35439245781286, 38.15303257438663], [13.354220348669095, 38.15285241487953], [13.354036714796592, 38.15274937496167], [13.353803806015845, 38.1526611027641], [13.353551867764294, 38.152549375086615], [13.353317641677153, 38.152302646532256], [13.353219405102053, 38.152027471291674], [13.353116934712405, 38.151837612349546], [13.353002687807605, 38.15161287838069], [13.352874664362513, 38.15144249392983], [13.35275336228951, 38.15125237051098], [13.352575785194578, 38.151051537294606], [13.352566365334724, 38.1509125679004], [13.352589891764717, 38.1507046412068], [13.35249705975328, 38.15058524394524], [13.352637009006619, 38.15041261772102], [13.353167392592576, 38.14989404161168], [13.353697366164896, 38.14939336365591], [13.354113806377473, 38.14902539361261], [13.3541565527481, 38.14903703128403], [13.354228879383017, 38.148965214477485], [13.354320187074732, 38.14900161396665], [13.354441630868486, 38.148899194664544], [13.35449674767177, 38.14884978943202], [13.354558613154659, 38.148782922886255], [13.354865777816876, 38.148827361514435], [13.354960778972716, 38.14884123773737], [13.355113764117663, 38.148677793823055], [13.354873915721319, 38.148606696767025], [13.355018019966886, 38.148556028166], [13.354974518778599, 38.14851277050491], [13.354881509708372, 38.14855160779047], [13.354769282968032, 38.14859771230318], [13.354629143593458, 38.14861330732286], [13.354528025104976, 38.148589316802095], [13.35453792081527, 38.148431398716994], [13.354580057053726, 38.14827550855579], [13.354909303842591, 38.14827223989138], [13.35491222293428, 38.14830871452443], [13.354940854383685, 38.148311081102214], [13.354946524298956, 38.148447045605344], [13.35506863899684, 38.14845072804818], [13.355066780522952, 38.148533412159104], [13.35563682133631, 38.148513251306454], [13.355634011680761, 38.14830819478246], [13.35606326977011, 38.14828496720174], [13.35626802542772, 38.14836584945239], [13.356600710633113, 38.14834922275025], [13.356801954281073, 38.148586092177155], [13.357088474134596, 38.14862555988469], [13.357299981154766, 38.148805831160296], [13.357579363798555, 38.14902878231547], [13.357786621052723, 38.14906453887375], [13.358029391701905, 38.1491257191562], [13.358169281605225, 38.14915409410413], [13.358302247102074, 38.14919294470516], [13.358376606310841, 38.149238589909515], [13.35845702703591, 38.14932452858834], [13.358508810644478, 38.14941006780036], [13.358595883534816, 38.14951872165983], [13.35868307428559, 38.149621721306], [13.358763051119373, 38.149727447958675], [13.35892870714022, 38.14990451972777], [13.359003672839611, 38.15001353938283], [13.359084095114422, 38.150099478558175], [13.359156787525595, 38.15021075804552], [13.359310145929628, 38.15039667733417], [13.359390125631313, 38.15050240360198], [13.359468284070136, 38.1506095102093], [13.359564138935092, 38.15072535489073], [13.359680655695849, 38.15087824088643], [13.359792207490461, 38.151012684189105], [13.35989308305478, 38.15114414406201], [13.359976767645447, 38.15124426588364], [13.360175266850948, 38.15149301564504], [13.36025914326624, 38.151584657153016], [13.360321339893423, 38.15166254127806], [13.360377475383313, 38.15173615296089], [13.360471636882327, 38.15184773231536], [13.36059342333277, 38.152004931933625], [13.360665205406857, 38.15167796462448], [13.360712601328272, 38.15148071669447], [13.360751876355646, 38.15132576392904], [13.360775257107932, 38.151241274104315], [13.360757709187267, 38.1510657336891], [13.360752198933266, 38.15099214402622], [13.360750330677885, 38.15091578541701], [13.360847608170658, 38.150888865290476], [13.360958434956816, 38.15089606628565], [13.361052132170068, 38.1508691032235], [13.361170117856727, 38.150876403938454], [13.361242527100789, 38.15084065271187], [13.361337482364961, 38.15075716072015], [13.361468742465021, 38.15065155295892], [13.361585120859887, 38.15057118759227], [13.361665627901578, 38.15049314141711], [13.36168847118745, 38.15059241405869], [13.361704211645488, 38.15058273602255], [13.36173672434136, 38.15067538562088], [13.361849730853374, 38.150645032524174], [13.361785992664066, 38.1505329775154], [13.361894954269287, 38.15048503460727], [13.361949337425695, 38.150454687264514], [13.362011195395258, 38.150410313680844], [13.362097478861031, 38.15039454984243], [13.362186573292762, 38.15041275723227], [13.362236753118738, 38.15041062921724], [13.362286733008633, 38.15041698118837], [13.362343872932117, 38.150423432093966], [13.362415330574589, 38.15043008354571], [13.362483146168426, 38.15043951116293], [13.362554857837079, 38.15043485537683], [13.362640689636706, 38.15043887833215], [13.362659938941487, 38.15047723506412], [13.362391755298633, 38.15051775577984], [13.362377081596902, 38.15057077295722], [13.36238511844195, 38.15061346393553], [13.362668809639073, 38.1505854803884], [13.362674961016229, 38.15051105849731], [13.362674460318468, 38.15050619686539], [13.362674968415691, 38.150507206060944], [13.362701129992152, 38.15061783548147], [13.362800847607984, 38.150641846328845], [13.362897354224065, 38.15064884583113], [13.36297948919063, 38.1506584646885], [13.363029406124182, 38.15066764336664], [13.363072616640135, 38.150656942251935], [13.36311581705751, 38.15064623286981], [13.363184138472798, 38.15063304574309], [13.363223316515947, 38.15064207464618], [13.363285063687531, 38.150646181365495], [13.363354313353677, 38.15065263024815], [13.363399028100037, 38.150645904351386], [13.363445860372872, 38.15064655616232], [13.363492927726957, 38.15063663859987], [13.363500324917354, 38.150605038217414], [13.36351394568277, 38.150594655412235], [13.363515245432215, 38.15053655018926], [13.36352323191743, 38.150478530044], [13.363518553604957, 38.15038862992152], [13.363519971528694, 38.15032523642304], [13.363495101876852, 38.15024033851454], [13.363496993245278, 38.150155812657964], [13.363616933332777, 38.15017862039807], [13.363763277997405, 38.15021765129098], [13.36378495852656, 38.15044518026482], [13.363793598376535, 38.150638190798844], [13.363834607021568, 38.15074425691872], [13.363864132838666, 38.15079506224546], [13.364021853721377, 38.15092407724494], [13.364087446495649, 38.15098312162196], [13.364205633204389, 38.1511049682391], [13.364308392423846, 38.15112626167623], [13.364388587274645, 38.151070520659175], [13.364390334641206, 38.150992448830614], [13.364348722343316, 38.150913773036315], [13.36430259466827, 38.15088162257801], [13.364237104347616, 38.150874232621156], [13.364114355481982, 38.150881054087755], [13.364038657766445, 38.1507710631785], [13.364009111859243, 38.150596266203806], [13.363979799783943, 38.15041090705347], [13.363956583283242, 38.15025204547497], [13.364036153468552, 38.15028486295504], [13.364161718355193, 38.15035530732722], [13.364200209458916, 38.15042982222329], [13.364306656707289, 38.150457731220214], [13.364449880921702, 38.15054888344542], [13.364533121267518, 38.15066878938358], [13.364576305498831, 38.15081923617771], [13.364610664017043, 38.150723587735555], [13.364582690569323, 38.15053376490444], [13.365009876234478, 38.150483161090186], [13.365136220879073, 38.15043685491611], [13.365257681453404, 38.150423396178205], [13.365374097379632, 38.150366658253375], [13.365411400349803, 38.15029931963661], [13.365445259550986, 38.15022628537973], [13.36549725982402, 38.15014218481694], [13.36556263233019, 38.150100686158645], [13.365643712626268, 38.1499972039951], [13.365755593167878, 38.15011750770562], [13.3658045628403, 38.15016907971249], [13.365865535259713, 38.15016427244138], [13.365909176611053, 38.15013377375814], [13.365952512599877, 38.15011741752071], [13.365961312548048, 38.15004402718075], [13.365900106587606, 38.14989898676997], [13.365865571711101, 38.1498419598808], [13.36590237955527, 38.14979723560825], [13.36598526168941, 38.14977293876219], [13.366023881074158, 38.14980740825994], [13.3660764938025, 38.14985620294796], [13.366104311567177, 38.14989334190964], [13.366088856420772, 38.149944018258005], [13.36604444709704, 38.15000843031699], [13.366042869143545, 38.15007909415809], [13.366121234734143, 38.15009714206646], [13.366077341364273, 38.150138939913234], [13.365968453938569, 38.15020528354016], [13.365955821824377, 38.15028992314168], [13.36599763288356, 38.15034139545211], [13.366075745108896, 38.15037075867789], [13.366143371956555, 38.15038866525833], [13.366214831316151, 38.15039530631224], [13.366283720612646, 38.150356683182025], [13.366379550091423, 38.1502336194172], [13.366395321575611, 38.15016880883067], [13.366411218026816, 38.15009834417835], [13.36644506585302, 38.150025310364136], [13.366461214466854, 38.149943538509], [13.366488418113182, 38.14984778994546], [13.366378530012952, 38.14979819864204], [13.366208482150112, 38.1498778239191], [13.36618217888648, 38.14977285626329], [13.366180808583994, 38.149673874189766], [13.366200032600057, 38.14961477557356], [13.366287387464093, 38.14955096004307], [13.366375561850333, 38.14945040304798], [13.366455432012804, 38.149400621864565], [13.366493689462025, 38.149290888457514], [13.366594595419294, 38.149261193305904], [13.366926574575622, 38.14930538687671], [13.36677380041801, 38.14989416364903], [13.366767634570444, 38.15000999839362], [13.36648214174496, 38.14999807612116], [13.3664543868409, 38.15007136683289], [13.366424829024288, 38.150141679290805], [13.366410486963254, 38.15019894346634], [13.366394149607508, 38.15024860546936], [13.366368608943803, 38.15028877888366], [13.366357447614323, 38.15032915143956], [13.366327671294558, 38.15037574449431], [13.366276936873687, 38.150441506019604], [13.366230013392054, 38.15052028671084], [13.366590761856914, 38.150544751902295], [13.36653562203063, 38.1506724840298], [13.366720977798158, 38.15091255638432], [13.366647859355778, 38.15123013232205], [13.36656818977675, 38.151512861288474], [13.366584753274703, 38.15175638391677], [13.36662370535099, 38.15198283151665], [13.366362767208823, 38.15217036414697], [13.366319362255826, 38.15247097393871], [13.366300425322821, 38.15266186944943], [13.366216942255967, 38.152832989900155], [13.36631614862649, 38.153039323494916], [13.366428108146764, 38.15325608173025], [13.366634766116182, 38.153299947580315], [13.366676343470553, 38.15344333303181], [13.36663368378942, 38.153589975134885], [13.366699023172243, 38.15367950592724], [13.366781119849389, 38.15373634609433], [13.366701521821938, 38.15385424500905], [13.366796216633787, 38.15392139055183], [13.366771350329854, 38.1540299206024], [13.366827458550466, 38.15410159493557], [13.366825535494105, 38.15418765058694], [13.366859162690421, 38.154261544534045], [13.366809495464283, 38.15433174946549], [13.366694600859843, 38.15430736776264], [13.366628647624003, 38.15424568657117], [13.366688103444831, 38.15416802093742], [13.366595652080301, 38.1541439513187], [13.366517808755802, 38.15418337372616], [13.366435541208313, 38.15413412793582], [13.366355576215941, 38.15412541940315], [13.366282589095947, 38.15409149018646], [13.366166845481834, 38.154105076334815], [13.366100667057035, 38.154053513756], [13.365988583758979, 38.154046890362004], [13.366024623997168, 38.154156265984874], [13.366104738906152, 38.15430170275719], [13.36644991096728, 38.15478250422053], [13.366626855240202, 38.15504322549553], [13.366741665876992, 38.15521446036941], [13.3668659257041, 38.155393423490445], [13.366968148292901, 38.155554353814566], [13.367068870901141, 38.155494988107044], [13.367108750076627, 38.155432244804324], [13.367193178367256, 38.1553853076421], [13.367310256622218, 38.15531999337953], [13.367434195904337, 38.15527689922841], [13.36739372513157, 38.155182968113344], [13.367307228711539, 38.15503238696446], [13.36723522279539, 38.15507993132062], [13.367205429983267, 38.155143009583554], [13.367136010764638, 38.15507482443476], [13.367086005701413, 38.154984497817736], [13.366981612906569, 38.15495194275032], [13.366888538447839, 38.15495570660507], [13.366828761474341, 38.154904240674526], [13.366949342758776, 38.15481729402778], [13.366960771892757, 38.15473643611394], [13.366930019726238, 38.154677768847634], [13.366874354632934, 38.154585847638046], [13.366855202360108, 38.154438726979386], [13.366891592762345, 38.15438859767583], [13.366977462012919, 38.15442017336224], [13.367024187767141, 38.15448158696509], [13.367095496152599, 38.154447130761945], [13.367118788287035, 38.154409474489924], [13.367165192836753, 38.15434175636867], [13.36723812415433, 38.154378217478374], [13.36727951280721, 38.154391454548524], [13.367312695937615, 38.154341273305334], [13.367395934003458, 38.15434749438422], [13.367432872747601, 38.15441636958897], [13.367425102788376, 38.15447702624266], [13.367401527348811, 38.15452734200146], [13.367431779912053, 38.154608786704934], [13.367536085227226, 38.154676065276554], [13.36767042399188, 38.15465276924896], [13.367761925092239, 38.15457934610959], [13.36777852635833, 38.15447126870162], [13.367847310571207, 38.15435645848529], [13.367745131083812, 38.15427287316904], [13.367729554258247, 38.154123277229694], [13.36766435608021, 38.154077555270916], [13.36759699942604, 38.15412890168671], [13.367585368965582, 38.154225838414746], [13.3674337434931, 38.15423867103659], [13.367349225221883, 38.1542113563163], [13.367235049558436, 38.154228787218564], [13.367144276285533, 38.154273103886126], [13.367055370560733, 38.15423388825635], [13.366981195022552, 38.154253117898854], [13.366947068776021, 38.15420200154799], [13.366894213694893, 38.154127839302795], [13.366863801614498, 38.15405399008123], [13.366938598966428, 38.15400692633866], [13.366944793360911, 38.153937563143295], [13.367043384934577, 38.15390962974106], [13.367128536017544, 38.153829796105406], [13.367197316276359, 38.15376492142942], [13.367258143679106, 38.153710812455856], [13.367359082815003, 38.153659676330854], [13.36746575474945, 38.15359987297875], [13.36749434909703, 38.153560868279996], [13.367552604213465, 38.15343471828776], [13.367620682353115, 38.15336562328385], [13.367657767967396, 38.15331113717759], [13.367722493766015, 38.153314591784735], [13.367789311330487, 38.15336924707884], [13.367792307321967, 38.15349189772826], [13.367797815232109, 38.15354482302898], [13.367884794537519, 38.15354603113279], [13.367945003616946, 38.153546867094946], [13.368011900693269, 38.15354779597929], [13.368026466884883, 38.15349514878439], [13.368047709429302, 38.153442603387944], [13.368195252056186, 38.15342879581683], [13.368315671164222, 38.15343046830448], [13.368346122273923, 38.15353560123827], [13.36825192196037, 38.15358812145374], [13.368317167477809, 38.15366300589914], [13.368212339004653, 38.15386235797831], [13.36822005201941, 38.154116120000765], [13.367992116600973, 38.15413409297265], [13.368029864505074, 38.154541521502075], [13.368077251630378, 38.1548169720531], [13.368392396424841, 38.154789636342066], [13.368452409152791, 38.154812081395484], [13.368461745663323, 38.154980840610065], [13.368508344132023, 38.154992060707066], [13.368534398382211, 38.155024125282424], [13.36851983222961, 38.15507677162767], [13.368433332256394, 38.15505443349032], [13.368371558159636, 38.15504607911477], [13.368382908326241, 38.15517312641105], [13.368570996756075, 38.155183163752326], [13.368569995331525, 38.15535532275145], [13.368621595137723, 38.15535363802205], [13.368682838204752, 38.15571097448046], [13.368967901183302, 38.15569070091491], [13.369087676323012, 38.15632121073377], [13.369098666615841, 38.15643665477967], [13.369172730079322, 38.156708156923685], [13.369285414156014, 38.15675727893247], [13.369324255163573, 38.15681594887905], [13.369377071586186, 38.15684838492787], [13.369464517579157, 38.156828459427246], [13.369565466846966, 38.156803439554594], [13.36970572910975, 38.15681595792309], [13.369785778611478, 38.15682763385386], [13.369873106883464, 38.156812989122706], [13.369933907946656, 38.15678741244917], [13.369956221371124, 38.15668732188911], [13.369997311504337, 38.15664561620818], [13.370012220741044, 38.156577119109386], [13.369987697829107, 38.15647637925967], [13.37001102462542, 38.15641862571119], [13.370102725170273, 38.15637284358936], [13.370242857388751, 38.156362512819655], [13.370284406568192, 38.15667601753723], [13.370316914026105, 38.156718744817795], [13.370429952914106, 38.15675201441788], [13.370488986431127, 38.15680568151154], [13.370514688211523, 38.156853597000385], [13.370775609782672, 38.156857214050206], [13.370794388259782, 38.15691560514458], [13.370473243144678, 38.15691115327624], [13.37015856152625, 38.15691735566587], [13.369817107093104, 38.156923192723895], [13.36957601283686, 38.156930413372976], [13.369395377113428, 38.15692790771506], [13.369174474528615, 38.15693012523079], [13.369144883070936, 38.15705654250639], [13.369184666749314, 38.15707294949907], [13.36911303520265, 38.15740560334696], [13.369085480844708, 38.157574277214636], [13.36906669167517, 38.157705505390496], [13.369056878122747, 38.1577898978211], [13.368847430852947, 38.157758814858155], [13.36868116527596, 38.15774711562838], [13.36857463483346, 38.15772372247094], [13.368476101705447, 38.157697308745085], [13.368361574182543, 38.157676934969494], [13.368274791733018, 38.157656945749686], [13.368180082991605, 38.157636847211805], [13.368081339684595, 38.157619822316775], [13.367958954723251, 38.15759620825054], [13.367793179314784, 38.15756259972357], [13.367536589636703, 38.15751207584295], [13.367433230938076, 38.1577016120132], [13.367382519453539, 38.15784178812224], [13.367329313271453, 38.15791618585686], [13.367386577127505, 38.15819248129575], [13.367283777745605, 38.15835697953417], [13.367103940924538, 38.158420225081315], [13.366960756384838, 38.15844015041325], [13.366807010550264, 38.15840044640539], [13.366829138182355, 38.15829744131463], [13.366899390584226, 38.15817005912405], [13.366936463077737, 38.15810796087772], [13.366989879250527, 38.15802417416904], [13.36703522929877, 38.15794653754389], [13.367143508181368, 38.15789168997976], [13.367133086398, 38.15782580049008], [13.367059105214215, 38.157765289378915], [13.366984004805404, 38.15775485374923], [13.366853833313307, 38.15772486975343], [13.366710463340521, 38.15767438676195], [13.366495356612088, 38.15755414752891], [13.366341199363553, 38.15736440543986], [13.36615730185973, 38.15725165333046], [13.366030129750865, 38.15709992403365], [13.365918968028486, 38.1570280815718], [13.365864755815178, 38.15699212888352], [13.365936560488686, 38.15691409934963], [13.36622883327963, 38.15682333271316], [13.366440358760535, 38.15676305352864], [13.366629934919938, 38.15678939720071], [13.366767188886971, 38.15665526361538], [13.366849622903727, 38.156590206025086], [13.366953127517924, 38.15652571357903], [13.3670972354252, 38.156404406765326], [13.367209272592872, 38.15631112654393], [13.367349256325246, 38.15650162660034], [13.367395276263544, 38.15662771862961], [13.367460806105258, 38.15678374148359], [13.367536395685203, 38.156965050643066], [13.367614318296388, 38.15704159504712], [13.367715450486365, 38.15703042232037], [13.367764616219102, 38.15696821974653], [13.36767264251647, 38.15680764257192], [13.367554686765558, 38.156621550412254], [13.36741578817239, 38.15642258289219], [13.367308352119679, 38.156240830833454], [13.367138825066826, 38.155986941933335], [13.367000105260962, 38.15577960085442], [13.36677987915656, 38.15589392269896], [13.366699325843742, 38.15593472145585], [13.36657979117083, 38.15581987426196], [13.366474483032006, 38.155780679640365], [13.366373361572743, 38.155791850561165], [13.366249319240232, 38.15587815905597], [13.36612462067672, 38.155993806962634], [13.365986715812534, 38.15598770198528], [13.365878221468929, 38.156090998274315], [13.365723090649446, 38.15614333708645], [13.365678100925301, 38.156255897098], [13.365468192366114, 38.1563829368922], [13.365384567974807, 38.15653499831377], [13.365196593234105, 38.15643755484676], [13.365034306600396, 38.15651855150573], [13.364933721744396, 38.156527717215674], [13.364833361352723, 38.156526321452745], [13.364740054527006, 38.15650917571704], [13.364619149368862, 38.15652863168461], [13.364817138018779, 38.15665292374362], [13.364969011522358, 38.15674487079039], [13.365146583503229, 38.156884740538885], [13.365474721131502, 38.157174663305646], [13.365646305378966, 38.15728273919615], [13.365777753262758, 38.15739025622937], [13.365869298231779, 38.15748664606623], [13.366020102014003, 38.157626142866974], [13.366077134295177, 38.1577696110398], [13.366047535982808, 38.157896027372765], [13.36593883313286, 38.15796850227177], [13.365836462507982, 38.15805691331471], [13.365694781110884, 38.158107784655755], [13.365493112288021, 38.158147256275825], [13.36531833424256, 38.15818181831556], [13.365190027947811, 38.158232875247755], [13.364989313901471, 38.15823008322716], [13.364827201876263, 38.15829653155221], [13.364611447223744, 38.15836750892461], [13.364475388155116, 38.158466023058246], [13.364218664246192, 38.15857342237536], [13.36400853168091, 38.15869204201398], [13.363785257746589, 38.15879990642613], [13.36360248772752, 38.158892478679576], [13.363311236099456, 38.159046961636], [13.363249861210608, 38.159112868953514], [13.36344430910282, 38.159163095732374], [13.364189648026036, 38.15959071460889], [13.364380800303842, 38.15981987954509], [13.364783531996798, 38.16004007109451], [13.365134382896656, 38.160279333279234], [13.365201861593908, 38.160310810125935], [13.365365719940609, 38.16038152147366], [13.365423310757496, 38.16062492297373], [13.365498727507857, 38.16077526555476], [13.365621683254776, 38.16091383176982], [13.365761370145254, 38.161009081319406], [13.36571711771874, 38.16122619170959], [13.365689596970531, 38.16139998555719], [13.365637604137516, 38.16161076552844], [13.36561091723733, 38.16174725138587], [13.365560872649041, 38.16187096682745], [13.365511393634433, 38.16196980770448], [13.365509167144678, 38.16206930635958], [13.36553733267282, 38.16221899201307], [13.36547997562178, 38.16231772320211], [13.365374937309628, 38.16243445934491], [13.365169176206031, 38.16247513945774], [13.364956380811801, 38.16247840169333], [13.36480009866557, 38.16242024053243], [13.36456312005154, 38.16244804766504], [13.364397159635363, 38.16247062101453], [13.364261590413745, 38.16254338053715], [13.364360920084321, 38.16268161979295], [13.364492452941615, 38.162789194398606], [13.364607531034506, 38.16292765191314], [13.364690687132082, 38.16308432539234], [13.36474346194813, 38.16319081177245], [13.364740538440515, 38.16332140480964], [13.364769816583966, 38.163421341295205], [13.364727647220672, 38.16354516600654], [13.364725280549635, 38.16365088528868], [13.364699843931767, 38.1637314008526], [13.364657118445205, 38.16388010018703], [13.364669802448972, 38.164017133219524], [13.364683193844014, 38.16412307107098], [13.364618265118702, 38.164277691867795], [13.364540649112119, 38.16447823290747], [13.364412337004996, 38.16456901624569], [13.364176471923246, 38.1646298229189], [13.363913077479097, 38.16471160970636], [13.363735969196004, 38.16483235143535], [13.363534887690655, 38.16496463716721], [13.363306484845436, 38.16511076586693], [13.363151538514543, 38.16519392113785], [13.36297004889855, 38.165255381569175], [13.362807366049738, 38.16528155524331], [13.362609797292329, 38.16525747109127], [13.362349524539711, 38.165218295961374], [13.362142535744928, 38.16514917850376], [13.361871185726011, 38.16512750544712], [13.361703545788338, 38.16502680475956], [13.3613990337641, 38.1649689028851], [13.36112788466085, 38.164938298457685], [13.360677895897036, 38.16477962117726], [13.360588880076962, 38.164920712814485], [13.360988403403672, 38.16509731509192], [13.361190409477095, 38.16518061262919], [13.36151797639824, 38.165220953837455], [13.361763063981066, 38.16540321502787], [13.362021088889936, 38.16551412440281], [13.362202927424677, 38.16568200986861], [13.362161912966982, 38.1659796605088], [13.362038416703703, 38.16612705448665], [13.362021355075287, 38.166323155795865], [13.362138696248408, 38.166382658210935], [13.36223509606986, 38.16644186839669], [13.362306948428637, 38.16650625220574], [13.36234378720655, 38.16657565648929], [13.362376948234829, 38.166653274153866], [13.362413662792173, 38.16672818467335], [13.362471045120234, 38.16676604679674], [13.362491941318149, 38.16676490086222], [13.362537159639986, 38.16677126389922], [13.36260216682043, 38.166785057338515], [13.362623694318184, 38.166796101387924], [13.362649303960756, 38.16681070523503], [13.362721620618899, 38.166832889565946], [13.36275205879522, 38.166842387070595], [13.362794637600878, 38.16682382360631], [13.362854312636603, 38.166839780173895], [13.362943663256534, 38.16684304467711], [13.363019996962088, 38.166857212997], [13.363066847365014, 38.16687068363622], [13.363223707783845, 38.166839246704086], [13.363376005257646, 38.16680027249812], [13.363546967021819, 38.16677276797428], [13.363682949407195, 38.166703921759066], [13.363845894136837, 38.16670619078564], [13.363995390278689, 38.16671269156163], [13.364142302036964, 38.16664086641253], [13.36422067110103, 38.166607232355695], [13.364296041180358, 38.16659194497636], [13.364406853182414, 38.16661186731647], [13.364484718856033, 38.166600699615216], [13.364565133508895, 38.16665715292147], [13.364688896285422, 38.16676618081129], [13.364701484480468, 38.16685699830306], [13.364648473371057, 38.16691345131967], [13.364575735387726, 38.16692674072866], [13.364502741080319, 38.166947973999164], [13.364394041687804, 38.16695280856396], [13.364290515756515, 38.16691687557813], [13.36421085639002, 38.166920233792105], [13.364126463593514, 38.16688543686706], [13.364040584313562, 38.1667926518807], [13.3639416658837, 38.16681987056392], [13.36385993685382, 38.166823394354445], [13.363777414766632, 38.166760384878714], [13.363660423225308, 38.166785316597725], [13.363582557268375, 38.16679648284362], [13.363477973001213, 38.16680999637468], [13.363431554519204, 38.166815440407525], [13.363323159058183, 38.16683221069727], [13.363196361987796, 38.166866994804145], [13.363143514277214, 38.16688797188918], [13.363087979454836, 38.16693053792163], [13.363108800973558, 38.16696957700284], [13.363122781942803, 38.167050858887194], [13.363113066535456, 38.16713181040157], [13.363024372113209, 38.16721166167225], [13.363054640129738, 38.16727133333418], [13.36311656271785, 38.16732833815594], [13.363079555861452, 38.16739331070473], [13.363125891351077, 38.167440737683144], [13.3631366259694, 38.16749079179224], [13.363175272037658, 38.167528750126564], [13.363276274246202, 38.16760485760664], [13.363471888205236, 38.16768137452583], [13.36365028112613, 38.16775354895279], [13.363690819064976, 38.16787573581412], [13.36365792157616, 38.167953172310426], [13.363583686257575, 38.16802182923196], [13.3635216917175, 38.16808519469191], [13.363496055555693, 38.16814769982513], [13.363534140524683, 38.16822475767331], [13.363659974277347, 38.168276133897685], [13.363748836868048, 38.168328922361326], [13.363820496088982, 38.168412141653725], [13.363933106683081, 38.168439243963206], [13.364020307410124, 38.168517061770316], [13.364041848920518, 38.168638665687254], [13.36396015114215, 38.168675827275145], [13.363854767798118, 38.168687131110026], [13.363748821594772, 38.168723962739534], [13.363619190216111, 38.16873492121568], [13.363456518712834, 38.16877734768264], [13.363369136330089, 38.16893294421472], [13.36326051978231, 38.16900242744121], [13.36311872142824, 38.16902411546851], [13.363027078376208, 38.169100601148685], [13.362980707809031, 38.169258849999444], [13.363072689814672, 38.16935816874187], [13.363260679269935, 38.16937769117503], [13.363405849407844, 38.16939661733428], [13.363580840722445, 38.16942272409819], [13.363568950812144, 38.169571308329466], [13.363527995343423, 38.16967892097983], [13.36353902494855, 38.16976021572137], [13.363527957160123, 38.169871624363005], [13.363509907791174, 38.17000829929055], [13.363611898663907, 38.170043527594316], [13.363714496623135, 38.17005171456664], [13.363804700813503, 38.17003944595487], [13.363890019843122, 38.170054158901436], [13.363888278222635, 38.170131896224234], [13.36398244484078, 38.17014433166662], [13.364051205646172, 38.17015412133691], [13.364089316427599, 38.170200276220044], [13.364166865250239, 38.170233734205546], [13.364182780581455, 38.170272222600936], [13.364215708293044, 38.170300639470206], [13.364203798951822, 38.17033285280051], [13.364173256632949, 38.17036480651507], [13.364135226233488, 38.17039812390264], [13.364104641735915, 38.170431553137384], [13.364126220465536, 38.170467169099496], [13.364209456493914, 38.17049629414232], [13.364260851619722, 38.17053233181161], [13.364265482690374, 38.17057507603717], [13.364201330914291, 38.17060950653646], [13.36411706364893, 38.17062599096353], [13.364086653914141, 38.17065205821512], [13.364082002315355, 38.17069320508612], [13.36411273191742, 38.17073631206751], [13.364184825708065, 38.170763806650754], [13.364254885930539, 38.17079862825706], [13.364280856421786, 38.170887293633896], [13.364233206210208, 38.170960383804264], [13.364007737453816, 38.17097699237598], [13.363920376338646, 38.17112584694942], [13.363927272666551, 38.17119220021917], [13.363942066957893, 38.171239474806505], [13.363939153041985, 38.17128652605564], [13.363945713499955, 38.17133670844571], [13.364945171928333, 38.17131671696699], [13.36496215663395, 38.17139054354949], [13.364964797623365, 38.17143914831559], [13.364996861030761, 38.17150582047372], [13.364991616967648, 38.171573449200245], [13.364957413104138, 38.17160240797704], [13.364431228637809, 38.17162304413419], [13.364104488858567, 38.17164498731633], [13.363926329283826, 38.17164938971338], [13.3639342822755, 38.17181750858026], [13.363958593984163, 38.1719116895257], [13.36383648801805, 38.17205597389242], [13.363899003903224, 38.17221325320124], [13.364015970840244, 38.17229829870322], [13.364041216223026, 38.17235078441443], [13.364058500546816, 38.17250476226336], [13.364005576059942, 38.172626509902365], [13.363861329263223, 38.17275059138067], [13.363763837362615, 38.17282488279044], [13.363619733995353, 38.17288713629008], [13.363540503482158, 38.172886033739275], [13.363433700855772, 38.17293667980774], [13.363380415947727, 38.17295679653296], [13.36327454699907, 38.17296574725481], [13.363184422364185, 38.17302215701799], [13.363115346392409, 38.17305001535067], [13.363000655118359, 38.17307723851772], [13.362851322520635, 38.173021121718755], [13.362817006022018, 38.17292337478319], [13.362704888014663, 38.17283535785733], [13.362538277821127, 38.17273576851092], [13.362195024514811, 38.172663213930235], [13.361919958301229, 38.17253135625262], [13.361822604426365, 38.172395877704716], [13.362112603524215, 38.17241561148727], [13.362355012288974, 38.17237925482168], [13.362476846172488, 38.172333277500826], [13.362675477258698, 38.17222876282917], [13.362802514459018, 38.17217490305232], [13.36287438460216, 38.172112335419136], [13.362961523689645, 38.17204202506597], [13.363016473843288, 38.17196429073317], [13.363054826887401, 38.171881966876484], [13.363114732526805, 38.171718343826846], [13.363108152230184, 38.17156329578754], [13.363090784556181, 38.17143987731111], [13.362976751410278, 38.171362795843656], [13.362858749048138, 38.171237975897505], [13.36275108911801, 38.17110138291236], [13.362699217678236, 38.17094569602457], [13.362684879499142, 38.17068723435395], [13.362598761727902, 38.17048736548399], [13.362314197456021, 38.17038406522276], [13.36209660122333, 38.170436662071424], [13.36190820586145, 38.17053337117094], [13.361829705418753, 38.17066737024992], [13.361643101697636, 38.17068463281564], [13.36145999941632, 38.17065941205519], [13.361296915761214, 38.1706998101796], [13.361240555221698, 38.17080266232782], [13.361114841386923, 38.170898458002], [13.36102062479768, 38.17061237662452], [13.360994178798215, 38.17044513400281], [13.360992975662487, 38.17027425877091], [13.361118996323222, 38.170041588786525], [13.361379828823976, 38.16969646988654], [13.361412078933496, 38.16943623410459], [13.361486758140511, 38.169051472058605], [13.36134642794538, 38.168830539469056], [13.361245945454163, 38.168599736299704], [13.361113301525487, 38.16833052836795], [13.361089028799118, 38.16794063451218], [13.36107299654256, 38.16773819938792], [13.361061204216174, 38.1675209143824], [13.360983948917834, 38.167250094041144], [13.36116412707248, 38.16739076851951], [13.361315645582101, 38.16751681855391], [13.361538606369125, 38.16758082362458], [13.361984902906574, 38.1676922371651], [13.362283868449259, 38.16780712722232], [13.362484559213906, 38.16792618633526], [13.362650822431393, 38.168017078151124], [13.362829739241183, 38.168169051283435], [13.363016910665513, 38.168265772764755], [13.363216960974345, 38.168220822025205], [13.363272512633927, 38.1680392398079], [13.363165276164647, 38.16783029761558], [13.363102513540818, 38.167591243463896], [13.363036478756808, 38.16749812793391], [13.362995277991491, 38.16738230923489], [13.362953216130933, 38.16730488665637], [13.36283793790972, 38.167237979105984], [13.362708750278742, 38.16714013834412], [13.362588540623591, 38.167036891229664], [13.362447483652646, 38.166955012104246], [13.362205131517277, 38.16687642127554], [13.362029085576902, 38.16676115431859], [13.361778886676642, 38.16676706730668], [13.361541749140429, 38.16672145433401], [13.361395892535509, 38.16658780017635], [13.361352638912315, 38.16647764679455], [13.361314386814762, 38.166327447332705], [13.361333757352773, 38.16615789909083], [13.361487961159966, 38.1659229255121], [13.361538305614536, 38.16583453957251], [13.361523361133727, 38.16572964314219], [13.361513679836985, 38.165647590186325], [13.361446663359658, 38.165551073444625], [13.361304527362634, 38.16546261373318], [13.361086558694634, 38.165414066429776], [13.360851270857124, 38.16549497966816], [13.360724989407046, 38.165470464597206], [13.36063977165509, 38.16541465625446], [13.360566082268253, 38.16535901603438], [13.360504423151994, 38.16528078184106], [13.360420125311558, 38.16518403131785], [13.360364944937022, 38.16507402192187], [13.360303797044129, 38.16497304095637], [13.360271468377944, 38.16487246334553], [13.360295444711136, 38.164786699781935], [13.360374766460895, 38.164647454679525], [13.360509643959125, 38.164534433619906], [13.36066101280131, 38.16446827584728], [13.360909739037888, 38.1644307818025], [13.361139153874477, 38.164369402339666], [13.36087282286021, 38.16431805191665], [13.360709261992383, 38.16427290483473], [13.360551852518343, 38.164215016972456], [13.360462712191184, 38.16423099643705], [13.360451955754618, 38.164235056530615], [13.36013915279211, 38.16458384568497], [13.359909703579534, 38.16493065053501], [13.359921556701368, 38.165009680767696], [13.359936133858033, 38.16512510521225], [13.35995898584389, 38.16525420974826], [13.360051255254973, 38.16535038794878], [13.36017953836222, 38.165372508434416], [13.360161005341393, 38.16543325473065], [13.360279027496528, 38.165529785223825], [13.360320566047593, 38.16559137047412], [13.360344035387188, 38.1656933635507], [13.360384204489945, 38.165815926681596], [13.360440788271303, 38.16597260505586], [13.360490304470625, 38.16606141354046], [13.36053138591172, 38.16614332197048], [13.360545205117795, 38.16629262989032], [13.360584613689765, 38.16644906836079], [13.360616073984277, 38.16665148649793], [13.360732102309889, 38.16677823127587], [13.360727189710344, 38.166997131408024], [13.360571187287524, 38.16747460874603], [13.36054909422738, 38.16787053750318], [13.3605439460813, 38.16809986721164], [13.360551765014682, 38.16833980278626], [13.360598260980593, 38.16862198665107], [13.360765693942355, 38.16881201510622], [13.360947274043564, 38.16896052448564], [13.361035022122685, 38.169170299615814], [13.3610826754912, 38.16931289284852], [13.361042374644569, 38.169431079130376], [13.361036760881653, 38.169681252825036], [13.360846062892241, 38.16993927823013], [13.360697308687996, 38.170093613001704], [13.360768805699358, 38.17043871265178], [13.360851642153875, 38.17086737978634], [13.360977603630372, 38.17114024714437], [13.361089886551245, 38.17143377301952], [13.361230455225794, 38.17164428439078], [13.361464625018936, 38.171803951828586], [13.361514869134135, 38.17191935288438], [13.361327666342385, 38.17202101787766], [13.361168046880861, 38.17207092648309], [13.361150633631144, 38.172258376663514], [13.361304873523943, 38.172448220161144], [13.361553184392937, 38.17256638290313], [13.361842036363951, 38.17264339359062], [13.362223013948414, 38.1727529874939], [13.362445985174725, 38.172781310830956], [13.362622048521978, 38.172866621447554], [13.36262542215222, 38.17305054708365], [13.362674733503944, 38.17320764374642], [13.362817880473193, 38.173303488451644], [13.363057201282217, 38.1732338303143], [13.363310423924812, 38.173133081173056], [13.363426925153464, 38.173238979377444], [13.363394669934168, 38.173499207424065], [13.363389529667124, 38.173728537238965], [13.363370252656946, 38.17399937908429], [13.363304722520978, 38.17425407048186], [13.363300663882464, 38.17443513486329], [13.363181926162621, 38.174614602232914], [13.363140314441774, 38.17476495454426], [13.363079587761833, 38.17491504932953], [13.362980640885796, 38.17506460393794], [13.362938689654547, 38.175230046114756], [13.362934968760953, 38.17539602137118], [13.36291179315328, 38.17557681912399], [13.362851404289248, 38.175711815675996], [13.362680971794806, 38.175996896651945], [13.362618116907969, 38.17607636971311], [13.36263684076007, 38.17614893844998], [13.362768760733784, 38.17616684980981], [13.362869253494921, 38.17622449266162], [13.362940480515528, 38.17622548499469], [13.362979198356859, 38.17631440584079], [13.36297721781648, 38.17640275918121], [13.363025037365048, 38.17654001799601], [13.363042861793236, 38.17665275302174], [13.363041781060229, 38.17670094812112], [13.363039619546191, 38.1767973401204], [13.363036738140474, 38.17692585167773], [13.36302350357035, 38.177062259155676], [13.362970109275938, 38.17717400200949], [13.362936521017511, 38.17731012655438], [13.362932917932637, 38.177470773849116], [13.36293948818113, 38.177631563002045], [13.362965513392712, 38.17783279331416], [13.362910137486846, 38.178032897533676], [13.362988475912216, 38.17817058101122], [13.363075007518061, 38.178396759607764], [13.363132461545158, 38.1785582573131], [13.363231336946374, 38.17868818578663], [13.3634619578292, 38.17884406264329], [13.363570467478365, 38.17899823156537], [13.363638996115485, 38.17911971262061], [13.363706624543438, 38.17928134374935], [13.363704284082806, 38.17938576540622], [13.363682317348653, 38.17945777580681], [13.363569836443736, 38.17948031437854], [13.363538407996826, 38.17952004795311], [13.363455384394252, 38.17959120718249], [13.363372360770821, 38.17966236004241], [13.363361468092528, 38.17969435399251], [13.36326610003569, 38.1798617558715], [13.363191088075117, 38.18002944058292], [13.363187666205619, 38.18018205006661], [13.363194597572914, 38.18032677893779], [13.363211171632999, 38.180495739659655], [13.363208109138949, 38.180632288903304], [13.36321576082236, 38.18074488200689], [13.363138586219652, 38.18100895136635], [13.363165512675899, 38.181170023351996], [13.36301836693556, 38.18137688188828], [13.362933710181728, 38.18152032727173], [13.362799267825697, 38.18161487536021], [13.36267570928517, 38.1816774301977], [13.362541076252022, 38.181780008391776], [13.362416805904557, 38.181874689801624], [13.362313422535456, 38.18194556595681], [13.362279649609357, 38.18208971977278], [13.362286759199424, 38.18222641084935], [13.362294599628456, 38.182330973539415], [13.36225208439816, 38.18241073002218], [13.362024248204442, 38.18258431660716], [13.361651060739522, 38.18288443669951], [13.361360889668463, 38.183113404177185], [13.361162857387423, 38.183319542718664], [13.36094428751415, 38.183533434435866], [13.36060142999724, 38.183842005795206], [13.360362813107914, 38.18407237374957], [13.360254443882978, 38.18402146224002], [13.360138808623534, 38.18394576147414], [13.359960616158153, 38.18386917944026], [13.359760762485264, 38.183712039546535], [13.359472955606897, 38.18364010270861], [13.359223694027945, 38.1835934077944], [13.359042173992982, 38.183664959673976], [13.358976148446844, 38.1838183960702], [13.358932053361588, 38.18404005054882], [13.358910996618443, 38.18428055339823], [13.358812582718778, 38.18448292121363], [13.35867354034378, 38.18475264774753], [13.358459211912608, 38.18489166050873], [13.358312890678654, 38.18513658182786], [13.358066310339503, 38.18531836668781], [13.357930041135212, 38.185464644168235], [13.357661657272867, 38.18557202868576], [13.357426784696294, 38.185581089463774], [13.357300132381244, 38.18564723865622], [13.357215497517304, 38.18576752974263], [13.3571973777953, 38.185913602375166], [13.357133355814186, 38.18607135344962], [13.357005181484581, 38.18614207879391], [13.356806730126253, 38.1861364218392], [13.356668083026578, 38.18606163107117], [13.356479897378346, 38.185986481822], [13.356353319270873, 38.185986319088826], [13.356090844154302, 38.18603743775123], [13.355973562274992, 38.18607769984394], [13.355835328897227, 38.186141827921325], [13.355773196937324, 38.18627149169792], [13.355744554973706, 38.186364552075055], [13.35578833577307, 38.186572876666474], [13.355881548158333, 38.1867146561544], [13.35600072462533, 38.18702069732192], [13.356054734696372, 38.187363100084696], [13.356167634137435, 38.18768051878388], [13.356192924117641, 38.188035997216495], [13.35620274382428, 38.188258559496894], [13.356183961196184, 38.18843389360328], [13.356155925364847, 38.18869104716855], [13.356009092632453, 38.18862460840566], [13.355752909489922, 38.18847469059718], [13.355532870080019, 38.18836624858895], [13.355327528080062, 38.188263869715115], [13.355375563222557, 38.188106509452226], [13.355321667231165, 38.1878657657343], [13.355275170137753, 38.187625133762246], [13.355204996318026, 38.18744855431223], [13.355134286047361, 38.18729538157404], [13.3550038671829, 38.18715892964671], [13.354935541917987, 38.18690042778236], [13.35484364991857, 38.18670013038095], [13.354862302279592, 38.18653065226395], [13.355120117572199, 38.18635098094224], [13.35540097340623, 38.18630012198102], [13.35557564298717, 38.18615914634101], [13.355801279606053, 38.186112352172564], [13.356022246658837, 38.18600103126042], [13.35634380528253, 38.18595557032195], [13.356529757698477, 38.18592183130967], [13.356678165804478, 38.185918049515166], [13.356752830593825, 38.185895679527725], [13.356813449235066, 38.18583799956657], [13.356889826434477, 38.1857395619971], [13.356967917005646, 38.18556505688947], [13.357017009942737, 38.18536087576913], [13.357330573344969, 38.18493797349229], [13.357521047761754, 38.184712361531076], [13.35762812157856, 38.18456752435369], [13.357821226549191, 38.1842248790255], [13.357790087682723, 38.18396104841252], [13.357880320482511, 38.1835759946451], [13.358318699272905, 38.18325494497186], [13.358775022899467, 38.183327040052035], [13.359147372852613, 38.183430820956055], [13.359645686931811, 38.183487068475216], [13.359981945983888, 38.18334389029722], [13.36044712734674, 38.183021777741644], [13.361036421575664, 38.18273425474337], [13.361543949806705, 38.18237986852557], [13.361865667780767, 38.18195716923458], [13.362067320328165, 38.181319210122574], [13.362491599798153, 38.18096365895586], [13.362690296999704, 38.18045709099363], [13.362665995700794, 38.17968453369395], [13.362473654520796, 38.17944361999929], [13.362419705276123, 38.179064973353015], [13.362344578398778, 38.1787024623653], [13.362394300220211, 38.17834169112204], [13.362469618259977, 38.1777676911934], [13.362582129535967, 38.177391364482794], [13.36267346433711, 38.17703117251641], [13.362741411686397, 38.17678566586606], [13.3627461997132, 38.176572139711425], [13.362500933012411, 38.17637155986132], [13.362330790784153, 38.17653349153362], [13.36221422668387, 38.17709049397249], [13.361997676425101, 38.17746537057977], [13.36200411198514, 38.17810623808923], [13.362007598383641, 38.17887849802278], [13.362036315549794, 38.17945395450792], [13.36221363907281, 38.179900041606366], [13.362286555200944, 38.18036110306433], [13.361945144254108, 38.18073423106746], [13.361666154814882, 38.18110823639005], [13.361425841084493, 38.1816142216185], [13.36114463386783, 38.18208677589152], [13.36088865730843, 38.182362519229635], [13.360320544166942, 38.18263390626369], [13.359983541029207, 38.182809935475575], [13.359644320442417, 38.18308450582204], [13.359412836524754, 38.18319628603849], [13.358997392304007, 38.18315762439057], [13.358731673857088, 38.18294032968381], [13.35810092235789, 38.18299960035277], [13.357708460643599, 38.18330433962922], [13.357577957661652, 38.183501526337594], [13.357511538738745, 38.18381667919428], [13.357580645450586, 38.18414007246218], [13.357449136301009, 38.184433977771896], [13.357257414991587, 38.18462846007022], [13.357084652965519, 38.18490535744613], [13.356888493028931, 38.18529693929082], [13.356819037741221, 38.18560813352883], [13.356648490776324, 38.185786480052066], [13.356457868186059, 38.18582131998927], [13.356295028097504, 38.1858073355648], [13.356013058731223, 38.185815097812956], [13.355698788430661, 38.18593946932736], [13.35527993132812, 38.18609749791212], [13.35495176447329, 38.1861807026692], [13.354625596382617, 38.18650392407016], [13.35444594754006, 38.18657749913838], [13.354216923090846, 38.18653917156268], [13.354064667619639, 38.18638485580401], [13.353812341839163, 38.186393028373594], [13.35343253334985, 38.18646379841771], [13.353246267466908, 38.18650215832098], [13.352868966625904, 38.1864617497867], [13.352443340438061, 38.18626262946263], [13.352226747500442, 38.186002046852195], [13.35210079153108, 38.18529561665879], [13.351899380686088, 38.18499704945079], [13.351739580609665, 38.18469906434999], [13.351412564360169, 38.184431594813674], [13.350898637305828, 38.1841450704425], [13.350610647984498, 38.18399315731255], [13.350278441789966, 38.18395563338119], [13.350052881687859, 38.18380459530314], [13.34986559798352, 38.18380196557536], [13.349597676914062, 38.18368319063187], [13.349289623176146, 38.18349813093812], [13.349079673773247, 38.1835773312493], [13.348951845605455, 38.183706975835356], [13.3488630457928, 38.18395218048003], [13.34893958518134, 38.18424899932078], [13.349039174356333, 38.18444756030152], [13.349032858379614, 38.18472678450204], [13.348948134139523, 38.184791314533264], [13.348699172099074, 38.18475495507173], [13.348539756616882, 38.18444054095169], [13.348292645060562, 38.184322055784286], [13.348067086976618, 38.184171013049664], [13.347756805410901, 38.18408449907243], [13.347527902278408, 38.18408127891935], [13.347498292502795, 38.1840215045836], [13.34688933196941, 38.184052423737455], [13.346405308442867, 38.18408375422575], [13.34599289318089, 38.1841542500116], [13.345603776324506, 38.18426321480181], [13.345319933777917, 38.18399217890569], [13.344861793350175, 38.183947574615274], [13.34445499926727, 38.18377017681105], [13.344116722725317, 38.18360777986745], [13.343698463184582, 38.18378663220926], [13.343497518156113, 38.18402126290809], [13.34326547217669, 38.184251050293085], [13.342759532839299, 38.184002534504316], [13.342624864281094, 38.18379794258261], [13.342281249253213, 38.18355612673154], [13.341871331826693, 38.18331689427919]], [[13.350190898989963, 38.160068365877336], [13.350182188068235, 38.16015693633319], [13.350511954188256, 38.160180100354445], [13.350512718985716, 38.160175892692976], [13.350516079851717, 38.160176064269855], [13.350533721032447, 38.16007449811488], [13.350559234895355, 38.16007485653497], [13.350587384661882, 38.16007787710421], [13.350587818044204, 38.16007525806599], [13.350593119122447, 38.16007533253385], [13.350596960983237, 38.16001936037922], [13.350598318712564, 38.160011075113424], [13.350597545895514, 38.16001087771374], [13.350598115991406, 38.16000259670356], [13.350559739403897, 38.15999411823591], [13.350405665509566, 38.1599866584041], [13.350401594921168, 38.159944239626626], [13.350313135610921, 38.15994508032362], [13.350310883284537, 38.15994504867833], [13.35031079288589, 38.1599451095894], [13.350289241790708, 38.1599453114522], [13.350234770738277, 38.159981610583095], [13.350224514272853, 38.1600658859506], [13.350195052327221, 38.16006740680828], [13.350195007087219, 38.16006809737472], [13.350190898989963, 38.160068365877336]], [[13.350581168962892, 38.16021417288874], [13.35061279321616, 38.16021582020504], [13.350841143905578, 38.16022840177514], [13.350835130009294, 38.16024811074023], [13.350584473689398, 38.16025735681325], [13.350584453087437, 38.1602578152225], [13.350582288003372, 38.16025786230906], [13.35057921146162, 38.16032003629212], [13.350891133854498, 38.16031647473529], [13.350891437276195, 38.16031526691491], [13.35089294198992, 38.16031524929825], [13.350905873896274, 38.16025799085871], [13.350939007780314, 38.160126516813875], [13.350811527313267, 38.16012472812019], [13.350778472311143, 38.16012199557109], [13.350778538743945, 38.160124264764654], [13.350778115433245, 38.16012425881881], [13.35077879351859, 38.16013387848625], [13.350779503978583, 38.16015994327158], [13.350764507732837, 38.16015872331483], [13.350582792343388, 38.160142282736444], [13.350581168962892, 38.16021417288874]], [[13.350916299649043, 38.17799999102836], [13.350903323442154, 38.178016767938374], [13.3510942081722, 38.17810199307057], [13.35114490045246, 38.17802789502435], [13.350960548541032, 38.17794276083786], [13.350960447243342, 38.17794289909689], [13.350959112880094, 38.17794228197423], [13.350916299649043, 38.17799999102836]], [[13.351368686437445, 38.160328464655386], [13.351368387317214, 38.160415832194154], [13.35139114116834, 38.16041863712484], [13.351451205516984, 38.160427403608175], [13.351451550361855, 38.16042607921499], [13.351465365927215, 38.160427780857816], [13.351471088235535, 38.160350315886504], [13.35147550821877, 38.16033320963528], [13.351472363767643, 38.160333057345476], [13.351472601022824, 38.16032992187974], [13.351381011548911, 38.16032863771257], [13.351373620211097, 38.16032827709555], [13.351373614428205, 38.16032853384958], [13.351368686437445, 38.160328464655386]], [[13.35147082090603, 38.160111479697655], [13.35145041782977, 38.16027269122844], [13.351592286967858, 38.160290428390184], [13.351635961725567, 38.16029694424382], [13.351652530800747, 38.16016785625433], [13.351659918612727, 38.16012736918646], [13.35147082090603, 38.160111479697655]], [[13.35168658428366, 38.16038408582716], [13.35167915202315, 38.1604605553375], [13.351889843791481, 38.16047701976354], [13.351886069597457, 38.16039138928507], [13.35168658428366, 38.16038408582716]], [[13.352010472997305, 38.17703397293532], [13.352029370839169, 38.177072210078904], [13.352032587236579, 38.17707928528667], [13.352043638107524, 38.177105487943074], [13.352066817737587, 38.17714800358035], [13.352082346856317, 38.177179442734136], [13.352127423737802, 38.1771674428123], [13.352132834445023, 38.17718105168907], [13.35213754268188, 38.17719569066009], [13.352165289028365, 38.17718721617174], [13.352208840704815, 38.17718134802606], [13.352213795843591, 38.17717240673748], [13.352226389996014, 38.17716856697421], [13.352149701336602, 38.1770053720761], [13.352145250372708, 38.1769889415779], [13.352142443124832, 38.1769899042796], [13.352142199008647, 38.176989388986264], [13.352010472997305, 38.17703397293532]], [[13.355114142417078, 38.15198726376082], [13.35522451832148, 38.15203683364068], [13.355238272404392, 38.15210105317825], [13.355186892819537, 38.1521323478277], [13.355187447236867, 38.15218336315836], [13.35518065603412, 38.15219046213217], [13.35518767100714, 38.1522044421379], [13.35518853628875, 38.1522844455023], [13.355345048452804, 38.152376082354145], [13.355385484680706, 38.15240916680668], [13.355432824497516, 38.15245723178627], [13.355503595963857, 38.15253773206976], [13.35560990342721, 38.15270254310109], [13.355636252419213, 38.15288299173829], [13.355609796335257, 38.152967887982534], [13.355597329932454, 38.15297538152276], [13.355542442663014, 38.15299773978261], [13.355528982229428, 38.153145625584585], [13.355525020627333, 38.15332165030957], [13.35554765390674, 38.15344202757838], [13.355712594893783, 38.153544385247855], [13.355807768936689, 38.15359373360374], [13.355883682331495, 38.15359880409046], [13.355865804096133, 38.15333963189421], [13.355871616591058, 38.15323086903596], [13.35587659878543, 38.15312355535883], [13.355898894583039, 38.15292268861668], [13.355930373942059, 38.15287510380796], [13.355931094920905, 38.15286449442369], [13.355932270964852, 38.152862538211686], [13.355948531146195, 38.152638312223914], [13.355948226908726, 38.15261160786793], [13.355968300850297, 38.15231536717023], [13.355878079612149, 38.15204597740275], [13.355813044933823, 38.1518447349437], [13.35581410323576, 38.151797656908016], [13.355767018967688, 38.151729071329996], [13.355705171303399, 38.15165903627632], [13.355694558345627, 38.1516432107703], [13.355645510535524, 38.15157049548593], [13.35552563647259, 38.15149278076973], [13.355481744374575, 38.1514161291817], [13.355466666675273, 38.151401538822704], [13.355442162709265, 38.15137306627141], [13.355437840495341, 38.15137364287016], [13.355427192585648, 38.15136334107136], [13.355335456035643, 38.15138606901186], [13.35537825820195, 38.15151073006027], [13.355376997898158, 38.15156673863909], [13.355114142417078, 38.15198726376082]], [[13.355486453649197, 38.15100142256926], [13.355488693690821, 38.15107846230351], [13.35557418309152, 38.15108280465252], [13.355581956205013, 38.151002758231], [13.355486453649197, 38.15100142256926]], [[13.35504524098544, 38.1718411793515], [13.355091134695057, 38.17186833493252], [13.355229838036037, 38.171985333900174], [13.35535495083106, 38.1718598226692], [13.355348707021813, 38.17185614672389], [13.355350957792114, 38.17185408031834], [13.35513517071529, 38.17173027728575], [13.35504524098544, 38.1718411793515]], [[13.355533570274515, 38.154180182273656], [13.355643867898062, 38.15423375100431], [13.35585192866178, 38.153996546619545], [13.355696215702435, 38.15393434146691], [13.355533570274515, 38.154180182273656]], [[13.356008973368708, 38.15625183153267], [13.356127595645425, 38.15638555353686], [13.356292069588603, 38.156283803429005], [13.356242668154042, 38.15622708657163], [13.356228632876318, 38.1561748651222], [13.356010953401848, 38.1561638115279], [13.356008973368708, 38.15625183153267]], [[13.355971195586518, 38.163141950182876], [13.355941844209266, 38.16320231903299], [13.356011177140438, 38.16323091360094], [13.35605452556829, 38.163170747923026], [13.355971195586518, 38.163141950182876]], [[13.356089957110221, 38.162977491095376], [13.356069376047982, 38.16309845260917], [13.356194482332214, 38.16309362290775], [13.35623009145541, 38.16299261113082], [13.356089957110221, 38.162977491095376]], [[13.35612373449933, 38.163204863998295], [13.356073020357583, 38.16328150461189], [13.356149356052457, 38.16331019714678], [13.356185576654273, 38.16325545403457], [13.35612373449933, 38.163204863998295]], [[13.356301317418673, 38.15934099152672], [13.35629811122961, 38.15938943717016], [13.35634988161299, 38.159441999387916], [13.356468205703054, 38.15936004269462], [13.356437461947303, 38.15931446248975], [13.356350690625508, 38.15931157887352], [13.356301317418673, 38.15934099152672]], [[13.356601619327702, 38.16467017795373], [13.356657205455834, 38.16468753311525], [13.356606749186927, 38.164753123720025], [13.35670357148387, 38.16480420309598], [13.356811735847932, 38.164662069443764], [13.356673315975952, 38.16459383081278], [13.356601619327702, 38.16467017795373]], [[13.356721252368922, 38.164329294586835], [13.356748117522363, 38.16437939568954], [13.356853061677532, 38.16438086260834], [13.3568338100829, 38.16430324342383], [13.356721252368922, 38.164329294586835]], [[13.357371225851914, 38.16105550364608], [13.357294278933132, 38.16111485103471], [13.357375934498208, 38.16117424008181], [13.357445341421991, 38.16112206686649], [13.357371225851914, 38.16105550364608]], [[13.357372958948334, 38.163677171358984], [13.357425607381364, 38.16372403643168], [13.357489982836938, 38.16366948492918], [13.357433708892138, 38.16362629823294], [13.357372958948334, 38.163677171358984]], [[13.357639148853021, 38.16322390584424], [13.35764219317338, 38.16322506768933], [13.357641806192579, 38.16322608691393], [13.357856687055556, 38.163317494273805], [13.357878055264099, 38.163285196674885], [13.357932074253215, 38.16331182855217], [13.357933682194341, 38.16330990900461], [13.357940762976257, 38.16331313781861], [13.35802008020508, 38.16320927172561], [13.35769388436538, 38.16308868483579], [13.357690830590013, 38.163096744599216], [13.357683352357661, 38.16309413833096], [13.357639148853021, 38.16322390584424]], [[13.357776406330114, 38.162665067706875], [13.357724674717403, 38.16274324845656], [13.357818519048463, 38.16279190885597], [13.35789059232034, 38.16269822665014], [13.357776406330114, 38.162665067706875]], [[13.357482034513362, 38.17387383497503], [13.357598808759905, 38.17393139197011], [13.357788088342318, 38.173681353888036], [13.357663119214255, 38.17363817874498], [13.357482034513362, 38.17387383497503]], [[13.35768908617945, 38.17341692412432], [13.357745395978524, 38.17347985053902], [13.357899385305428, 38.17339915224852], [13.357824626003895, 38.17334011595275], [13.35768908617945, 38.17341692412432]], [[13.358326304807061, 38.16284245918413], [13.358322088175502, 38.16284883282553], [13.358488500864874, 38.16291746087731], [13.358705066792226, 38.16262213045244], [13.358517674199776, 38.162553210304004], [13.358511970014167, 38.16256183862731], [13.358509277236562, 38.1625608304137], [13.358326002754527, 38.16284233870902], [13.358326304807061, 38.16284245918413]], [[13.358430724703032, 38.16139517479876], [13.358432383704411, 38.16140237586685], [13.358443692789093, 38.161485827050385], [13.358569611769727, 38.161487585644046], [13.358578839218515, 38.16138826346796], [13.358453032675126, 38.16139595259335], [13.358430724703032, 38.16139517479876]], [[13.35914148233333, 38.16219726315277], [13.359154238958503, 38.16225268987302], [13.359231062185131, 38.16225928586071], [13.359230193088594, 38.16229795312536], [13.35936324097583, 38.162294287188054], [13.359373087833596, 38.162167340823395], [13.359205559123236, 38.162148431675476], [13.359197788856621, 38.16220483048063], [13.35916225278428, 38.16220166999489], [13.35914148233333, 38.16219726315277]], [[13.36023781192768, 38.15420376990453], [13.360224638892578, 38.15428746219076], [13.360243367122486, 38.15435910784194], [13.360266027247363, 38.15437255264438], [13.36027029891841, 38.15438076164927], [13.360299095616345, 38.154392170766485], [13.360308046293676, 38.15439748473905], [13.360361786698492, 38.15441964445549], [13.360403549565815, 38.15442314833232], [13.360408336091243, 38.15442421727837], [13.360414017099922, 38.15442402444839], [13.360438487044437, 38.154426066650124], [13.360526829384375, 38.15441659415431], [13.360540229019582, 38.15441221317228], [13.360555184675752, 38.15440995185655], [13.360585540340526, 38.15439740953152], [13.360631556592448, 38.1543823669898], [13.360760935521986, 38.154357401037004], [13.360779603284849, 38.15435235550724], [13.360809545956107, 38.15434729704928], [13.360881903376104, 38.15432590204121], [13.360992152447444, 38.154302043988366], [13.36099677027011, 38.15430055481444], [13.3610176725328, 38.15429673629975], [13.36116080479444, 38.154263044715655], [13.36118855976255, 38.154234881861356], [13.361204935292207, 38.154210127046305], [13.361194154912871, 38.15418677305379], [13.361149372940627, 38.15416830381113], [13.361113339479846, 38.15416244878917], [13.361061781647743, 38.15414388584153], [13.36102353601925, 38.154136213780134], [13.36093558544397, 38.15412784789413], [13.36091317245516, 38.15411386325941], [13.360879811296975, 38.154091110529194], [13.360848451291984, 38.15408260901941], [13.360828295540827, 38.154074598247306], [13.360740344885428, 38.15406624032517], [13.36061596962166, 38.15406985781967], [13.360550169750793, 38.15408143216556], [13.360500352991057, 38.15408608960605], [13.360443791215923, 38.154088866709806], [13.360344019409297, 38.1541035397552], [13.360282182702285, 38.154140151749566], [13.36023781192768, 38.15420376990453]], [[13.35982401291943, 38.175774382456325], [13.359825380034463, 38.17577481339301], [13.359824944785695, 38.17577579409881], [13.360421436024078, 38.17596279121243], [13.360487395360764, 38.17598359859511], [13.360487808493993, 38.17598360436461], [13.360488707591168, 38.17598388096494], [13.360511305522522, 38.175984196547205], [13.360512344271214, 38.17598394700906], [13.360519043420645, 38.17598404056242], [13.360544534799061, 38.17597689155953], [13.360697583328902, 38.17583567612205], [13.360995341819576, 38.1755678029459], [13.360963520685068, 38.175546966901805], [13.360935156616122, 38.17551597871329], [13.36092626790551, 38.175480167178826], [13.360934447003233, 38.17540380855001], [13.36094181648406, 38.17536312695428], [13.360968898832569, 38.17530742492539], [13.36103857837905, 38.17522427209944], [13.361048703794284, 38.17520809227046], [13.36109831527035, 38.17514480321678], [13.361172629622303, 38.17507835520793], [13.361214695739866, 38.175077614079854], [13.361255589101157, 38.17508178058808], [13.361279525344386, 38.175112341018725], [13.361282991182938, 38.175124982418495], [13.361282344564728, 38.17515374791719], [13.361290377217216, 38.17522778344114], [13.361289404436013, 38.17527111008138], [13.361268088898042, 38.175357477667205], [13.361227516930889, 38.17543848751577], [13.361235000691284, 38.17544926639984], [13.36123380164795, 38.175456621275465], [13.361270719829417, 38.17550463213798], [13.36130825500094, 38.175525151339954], [13.361327596699883, 38.1755214516362], [13.3613483548105, 38.175521741375796], [13.36136380009707, 38.175514530372624], [13.361381392078242, 38.17551117121385], [13.361429878631396, 38.175466859489184], [13.361430379845201, 38.1754445326602], [13.361434293432879, 38.17543371910978], [13.36143072043016, 38.175429326477904], [13.361431000209622, 38.175416886054684], [13.361422178932525, 38.175386769121225], [13.361416087604255, 38.17537671710582], [13.36140466380817, 38.17529245728822], [13.361391671189384, 38.175193888340175], [13.36139487157342, 38.1751434077195], [13.36139947365894, 38.17511459649596], [13.361374850627454, 38.1750607212109], [13.361357218965566, 38.17504215692625], [13.361332413404693, 38.17501309925275], [13.36131719567294, 38.17501020674924], [13.361240868705508, 38.17498747619779], [13.361214731453728, 38.17500146076681], [13.361206026097069, 38.175001339249384], [13.361157875523844, 38.175030660922054], [13.361155338472841, 38.17503322810036], [13.361152628870915, 38.175034681720895], [13.361142227209385, 38.17504653116127], [13.361099548950266, 38.17508983523449], [13.361048168452612, 38.17514648136293], [13.361036838611007, 38.1751579753892], [13.361020284920711, 38.175163299135285], [13.361005954362394, 38.17516518889696], [13.36094305150237, 38.17516431161414], [13.360881713284366, 38.17516345614273], [13.360701868559978, 38.17514123906173], [13.360658696382295, 38.17513468667049], [13.360582419273372, 38.175118497117076], [13.360501481200245, 38.17512756814876], [13.360499711957608, 38.17514457204647], [13.360486363026842, 38.17518375616654], [13.36049761143527, 38.1752464016349], [13.360529872566344, 38.17531070852506], [13.360537612951576, 38.17538807345751], [13.360533745697989, 38.175442406270186], [13.360501672684313, 38.17548890328775], [13.360443121221948, 38.175558071757294], [13.360423330775006, 38.175579143307466], [13.360367368582912, 38.175635515165354], [13.360263754339261, 38.17569683846916], [13.360224241970533, 38.17571747862197], [13.360122839535617, 38.17572106647315], [13.360063355060795, 38.17572264530431], [13.359874527829044, 38.175722596541], [13.359850513677241, 38.17572226195254], [13.359850348711921, 38.175722593082625], [13.35984874473394, 38.17572259410461], [13.359837036619618, 38.175748758361216], [13.35982401291943, 38.175774382456325]], [[13.361812204552457, 38.150715466012805], [13.361820599319028, 38.15094266303788], [13.361841461104573, 38.151013910182876], [13.361940198782657, 38.15101883644704], [13.361999709290131, 38.150969994529135], [13.362005752078307, 38.15070042812549], [13.361812204552457, 38.150715466012805]], [[13.3622006835514, 38.15082377260193], [13.362186334986298, 38.150862601622144], [13.362231090816097, 38.150870325344506], [13.362234074977874, 38.15093778234461], [13.362404832026696, 38.15093661138876], [13.362419816278756, 38.150869404976866], [13.362487192168633, 38.15087034366691], [13.362523524843304, 38.15085310701973], [13.362627074658503, 38.150843906243395], [13.362616735039703, 38.150904084271026], [13.362701999221326, 38.15090881480703], [13.36269982023087, 38.150805891434764], [13.362474990098972, 38.15081340194673], [13.362408329232668, 38.15078054535915], [13.362359875126083, 38.15073729071923], [13.36227445143521, 38.15073965088975], [13.36222377137183, 38.15079571650197], [13.3622006835514, 38.15082377260193]], [[13.365547453105377, 38.150448144399626], [13.36547873042643, 38.15050750284065], [13.36556744979417, 38.150558408044326], [13.365622698922461, 38.15049886202125], [13.365547453105377, 38.150448144399626]]], [[[13.345839408889871, 38.16789405192187], [13.345797044912779, 38.16736415464866], [13.346064894146684, 38.16673848197071], [13.346409090555373, 38.16594220826047], [13.346892352431547, 38.16540539773537], [13.34770650464545, 38.164658652495305], [13.348285485170091, 38.16389429341468], [13.348650659813543, 38.16296956922134], [13.34865918265008, 38.16296643404474], [13.348664839760712, 38.16292078886155], [13.348750666196988, 38.16270102947479], [13.3488812269861, 38.16242788533399], [13.348949250462352, 38.16225702734398], [13.348942879603394, 38.16219932739697], [13.348995620911637, 38.16187701014705], [13.34923422426579, 38.16137782342457], [13.349417093620454, 38.16112911493389], [13.349370576824542, 38.16099362525817], [13.349334027566076, 38.16068960709468], [13.349511447313057, 38.16062670466973], [13.349853899093647, 38.16059064425386], [13.3501205869903, 38.160700653260086], [13.350482450102794, 38.16072207763939], [13.35069572268809, 38.16090490152977], [13.350609612971247, 38.16105082784183], [13.350707571247671, 38.161297420192014], [13.350629400324133, 38.161549721989495], [13.35059356193562, 38.161761747376595], [13.350651412212194, 38.161950563359014], [13.350771541772394, 38.162132080459386], [13.350732626515285, 38.16230301409028], [13.350794845761746, 38.162475717058214], [13.350874509305374, 38.16261579642034], [13.350736272024994, 38.16277733522438], [13.350856782839259, 38.16294250484692], [13.350820563529549, 38.163170870432744], [13.35090254298941, 38.16343767769516], [13.350980177816202, 38.16366764779518], [13.351036370028597, 38.16393000684285], [13.351009023915218, 38.16422388367179], [13.35092162059747, 38.16442701298661], [13.35102050572945, 38.16463274879809], [13.35105766348084, 38.164821273905396], [13.35109500662707, 38.16500162883972], [13.351172818628823, 38.165223422194984], [13.35130441911712, 38.16535604972276], [13.351360070397197, 38.16564292556131], [13.351407209734376, 38.165847942527954], [13.351247892859995, 38.16602553134029], [13.351171019368078, 38.16622063677997], [13.351083971960033, 38.16640741930685], [13.351118917890936, 38.166693997209606], [13.35119655666643, 38.166923959030285], [13.351012271468816, 38.16717354407533], [13.35072068529548, 38.167255232176416], [13.3503823260866, 38.1672695465817], [13.35018685529122, 38.1673716454126], [13.350313379662612, 38.16764982988798], [13.350564240102601, 38.16776771716826], [13.35063595158222, 38.168224815619254], [13.350725505651882, 38.16828184918895], [13.35078118029693, 38.16831929016464], [13.3508898650578, 38.16833356303167], [13.35101454744246, 38.16835443810263], [13.351074805103208, 38.168368031529695], [13.351147233907227, 38.16837861110435], [13.351254477882856, 38.16836736735511], [13.351273783096834, 38.16838219603892], [13.351192262764812, 38.16843390875701], [13.351256606000602, 38.168483620888935], [13.351341971980741, 38.16843459536191], [13.351344138763189, 38.1684362569153], [13.351465281961948, 38.16866101142424], [13.351673180051248, 38.16886770859971], [13.35184551220023, 38.16916442376571], [13.351910194993286, 38.16918035525751], [13.351961472994653, 38.16922741348218], [13.352016755957132, 38.169238209645435], [13.352048244961255, 38.16924867270636], [13.352078460343625, 38.169245336212214], [13.352096014363637, 38.16924057206719], [13.352118357406109, 38.1692346234049], [13.352223062799968, 38.16935288976907], [13.352146270516705, 38.169393941007186], [13.352137451319775, 38.169372648623224], [13.352071070063179, 38.16929157090236], [13.351939960480399, 38.16926718856372], [13.351905463668832, 38.1692491719577], [13.351836651820996, 38.16920562817113], [13.351801942270722, 38.16921712743774], [13.351739606025369, 38.16928817329364], [13.351647047990744, 38.16935279839322], [13.351524267789644, 38.16941101707814], [13.351490259820066, 38.16957235635039], [13.351374938565545, 38.169636668813055], [13.351295934810494, 38.16977340311941], [13.351076924721182, 38.16972238399405], [13.350901148904512, 38.16977386127845], [13.350770107226898, 38.16986191906875], [13.350722271437654, 38.16996313842533], [13.350697198132616, 38.17006467662679], [13.350740028151971, 38.17018514445174], [13.350767678623292, 38.170305399028244], [13.350856449804226, 38.17040852740809], [13.350936555495847, 38.17055948911945], [13.350734225429466, 38.17077840719479], [13.350571732502337, 38.1709139690059], [13.350479306357986, 38.1709726048858], [13.350387557641044, 38.17100128795565], [13.350280900520394, 38.171017766832925], [13.350143885797047, 38.17103382711873], [13.350038581917742, 38.17099039217603], [13.349988429537063, 38.170857834684], [13.349852091914792, 38.17084393288322], [13.349685395905041, 38.170829605092074], [13.349481019682042, 38.17080276082453], [13.349259036513255, 38.17088354824697], [13.349020917604406, 38.17067043990135], [13.348846085814063, 38.17067996955813], [13.348695247467433, 38.17063589302255], [13.348536001079092, 38.17062766479804], [13.34838543351757, 38.17057160515375], [13.348288539614591, 38.17049232559378], [13.348100426736046, 38.17041776074571], [13.347858516884807, 38.17037240983022], [13.347723807600726, 38.17028660845307], [13.347619726223858, 38.17018925146863], [13.34746305770362, 38.17006718207255], [13.347366968280994, 38.16995195261842], [13.347271702504427, 38.16980077601776], [13.34726045538064, 38.16962681447945], [13.347088067801423, 38.16952849635017], [13.34703833810934, 38.16937795973521], [13.34685958800783, 38.16922560739102], [13.346743179334872, 38.16900221983211], [13.346564963141159, 38.16882590151736], [13.34624879576981, 38.168707582401524], [13.345867183025645, 38.168462469758616], [13.345839408889871, 38.16789405192187]], [[13.350137003990909, 38.17055357285552], [13.350134525393313, 38.170663243421394], [13.350245665595898, 38.17066480339863], [13.350237225834903, 38.170546201063104], [13.350137003990909, 38.17055357285552]]]]}, "properties": {"anno": 2016, "id": 13997, "data": "2016-06-16", "localita": "Monte Pellegrino", "sup_ha": 494.8555, "sup_boscata_ha": 365.0138, "sup_non_boscata_ha": 54.9273, "luogo_inizio": "bosco", "squadre_aib": 11}}, {"type": "Feature", "geometry": {"type": "Polygon", "coordinates": [[[13.284908840601872, 38.20658373595668], [13.284913379209708, 38.206564466938566], [13.284956474878769, 38.20646843530242], [13.285138053312455, 38.20638731283783], [13.285241313216316, 38.206337262422544], [13.285290829407643, 38.20614143960576], [13.285172853092417, 38.20577562374254], [13.28518010791556, 38.20564040485943], [13.285186918415867, 38.20552450851777], [13.285491145983025, 38.20523547052035], [13.285879795147505, 38.20505729022163], [13.286012867640657, 38.20484779469749], [13.286043936300997, 38.20451729455524], [13.286083839468123, 38.20430643831926], [13.28626306726555, 38.20411600288209], [13.286702172737561, 38.20377307590513], [13.287176219633743, 38.203430656245594], [13.287422079049831, 38.20337908641188], [13.287447953568712, 38.20376557270208], [13.287473838748793, 38.20415205101088], [13.287674408789995, 38.204541077044226], [13.287855785044387, 38.204755166534284], [13.287830110708498, 38.2053523315368], [13.287799707125076, 38.205655257285855], [13.287588562262464, 38.20571653158917], [13.287378254607404, 38.20569012106502], [13.287068068405338, 38.2057514415065], [13.286874815524211, 38.20580788767542], [13.286645725480653, 38.20596915629187], [13.28665977957457, 38.206081294874544], [13.286936450033068, 38.20602606664032], [13.287171566529528, 38.20596365103923], [13.28733870947931, 38.20595292146502], [13.287487771727898, 38.20600118469884], [13.287695387487307, 38.20604372081961], [13.287909700786454, 38.205932651039326], [13.288298153638353, 38.20596032872554], [13.28847672691127, 38.206173631115504], [13.288489247915312, 38.206351591510426], [13.288469004905613, 38.20650274033533], [13.288582706203794, 38.20663607807072], [13.288538526812506, 38.206740787892606], [13.28846839192318, 38.20688462166558], [13.28860155663687, 38.20689972948903], [13.288681885705191, 38.20703258861117], [13.288645424027731, 38.20716374567706], [13.288502378193147, 38.20721433816551], [13.288302950153192, 38.207178510358126], [13.288168393892178, 38.207222637849696], [13.287917520220027, 38.20724532398684], [13.28776474674355, 38.20735503051699], [13.287871020573675, 38.20744875810265], [13.287969731318476, 38.207509453996416], [13.288008505223589, 38.20763512799726], [13.288097489357243, 38.20775494596329], [13.288243783833401, 38.20792168158793], [13.288474421670491, 38.20840570727989], [13.288396565917983, 38.208523093691085], [13.288240458670428, 38.2085965371652], [13.287858740016834, 38.20850537319018], [13.287483967200426, 38.20847357517924], [13.287369182090213, 38.20838630153565], [13.287274490151809, 38.208154466348546], [13.287135317950103, 38.20768494735798], [13.28705753765601, 38.207492222331915], [13.286879033298625, 38.20758244299464], [13.286929846791404, 38.2079683910882], [13.286970610288977, 38.208217199546425], [13.286931138061762, 38.208409674031074], [13.286822221291933, 38.208738618863684], [13.286804915765986, 38.20888145100496], [13.286836757564304, 38.209109387190395], [13.28692017555442, 38.209121611605426], [13.287029319041244, 38.209027809399174], [13.287111011181832, 38.20891526509222], [13.287313640610304, 38.20874159979114], [13.287583028933637, 38.20868118221873], [13.287709425356574, 38.20875656840682], [13.28791755991355, 38.208823947794045], [13.288090969757482, 38.208881638372716], [13.288308806177747, 38.20903189791484], [13.288516078703147, 38.20913603921617], [13.288675690615351, 38.20928545801475], [13.288931702577377, 38.20929837807309], [13.289101882190101, 38.20949390785076], [13.289247902520174, 38.20972586076861], [13.289355961444159, 38.209767666433116], [13.289345806570685, 38.20986480161172], [13.28924613997068, 38.20992484328785], [13.289182973799404, 38.210017501037456], [13.289075145859584, 38.21013623795895], [13.288960161201762, 38.210270912029664], [13.28896224017672, 38.210327083852725], [13.288858173208782, 38.21042984191263], [13.288812132987951, 38.21051472338849], [13.288751159603423, 38.21065820146429], [13.288743196065267, 38.21070889017495], [13.288731336392615, 38.21078090034754], [13.28869244314192, 38.21084984438912], [13.288707813789014, 38.21091690771669], [13.288843750927324, 38.21090017442936], [13.288951579108746, 38.210925803948975], [13.289078102213798, 38.210876849961004], [13.289179660262068, 38.21088100959164], [13.289236171435318, 38.210782910962756], [13.289246454477356, 38.210633341745215], [13.289296077673933, 38.21054048747176], [13.289271982014034, 38.21041180441783], [13.289284594324783, 38.21030772106712], [13.289403707399643, 38.21028538988156], [13.289561095949837, 38.210220843628484], [13.289668672912315, 38.210257173732096], [13.289763897675579, 38.21024251890491], [13.289803157372777, 38.21030190446239], [13.2898177145815, 38.21040371093692], [13.289802228436516, 38.21048636518533], [13.289854915636205, 38.210551298391024], [13.289866713122894, 38.21062633346298], [13.28983427877694, 38.21070874165521], [13.28983239876991, 38.210788914108704], [13.289871229878118, 38.21086701504474], [13.289837865116773, 38.21098950959934], [13.289931264088704, 38.211052364051454], [13.289858003191263, 38.211142202211136], [13.289953607353802, 38.211255877386876], [13.289985719289614, 38.21133120753237], [13.290002407064833, 38.21134214747514], [13.290113947758961, 38.21149883559801], [13.290184263249653, 38.21153461425066], [13.290329419230428, 38.21155811347796], [13.29036436449454, 38.21165754402708], [13.290482288853548, 38.211685999280334], [13.290524630081263, 38.21161442480873], [13.290617034976675, 38.211575669901], [13.290694372604646, 38.21160086184084], [13.290770715936269, 38.21152443679566], [13.290892162168383, 38.21154759092483], [13.290887510285728, 38.21145662563275], [13.290997406496079, 38.211394058696385], [13.291109070539074, 38.21140102856118], [13.2911482795463, 38.21146309299208], [13.291205230377054, 38.211490652489985], [13.291315642067616, 38.21155108070722], [13.291364879172614, 38.21147426152533], [13.291362933578046, 38.21141274688519], [13.291309482945994, 38.211379885518255], [13.291277432101671, 38.21130188376488], [13.29120484699149, 38.211217947938344], [13.291332307816031, 38.21112890523555], [13.291463534575444, 38.21116824185591], [13.291495971980932, 38.21123020759484], [13.29147119749508, 38.21127529256301], [13.291527845886906, 38.21131622435819], [13.291525466453615, 38.21141778317509], [13.291535060061893, 38.21144198116621], [13.291578343419358, 38.21147469442864], [13.291667983124304, 38.21155353348105], [13.291803544809142, 38.21155283379865], [13.291977420176423, 38.211362863476076], [13.292307482063205, 38.21115913029996], [13.292415244175839, 38.211043054171654], [13.292547281125701, 38.21100238804086], [13.292589319973645, 38.210989443445385], [13.292697650454889, 38.210993690448085], [13.292724308397823, 38.21101279178799], [13.292777678795371, 38.21109153044099], [13.292786539124524, 38.21110460092495], [13.292959173712035, 38.211256829386556], [13.293092546199539, 38.21134966498888], [13.293294477165395, 38.211408749519066], [13.293779940628799, 38.21151472433602], [13.294253925494232, 38.21167667366555], [13.294367976244049, 38.21172645421941], [13.294478693853534, 38.211773515179395], [13.294583140129783, 38.21179909040039], [13.294595986357873, 38.21179496500735], [13.294605519515889, 38.211798654115796], [13.294813239142542, 38.211884409873186], [13.29511456641244, 38.211953129679266], [13.295320782634546, 38.212103216544314], [13.295562595246622, 38.212226233624236], [13.295768169118304, 38.21240388055788], [13.295925217335462, 38.212663561920024], [13.296000524826164, 38.21293125625361], [13.296172663162304, 38.21304406318474], [13.296307919191804, 38.2132390837337], [13.29643848234, 38.213490007225346], [13.296498643310489, 38.213823301389354], [13.296409863590846, 38.21413297961066], [13.296472038299356, 38.21438051771607], [13.296578228217422, 38.214489283896384], [13.296918393111792, 38.21447277667705], [13.297244725230234, 38.214466780794595], [13.29759898406046, 38.214429027510505], [13.297951981400354, 38.21444486413002], [13.298209876835443, 38.21445932970043], [13.298409929952982, 38.21462307176799], [13.298734011342063, 38.21471355275082], [13.299030667524185, 38.21481435558817], [13.29925663948715, 38.215032095579296], [13.299551298084937, 38.215218654361436], [13.299833874118672, 38.215340699752204], [13.300062598622512, 38.2154405239764], [13.300168044914964, 38.21558144498901], [13.300274491328313, 38.21567949855786], [13.300434541513136, 38.215810489925225], [13.300539990017358, 38.21595141784781], [13.300521399554658, 38.21616560917186], [13.300338626899096, 38.21619918811755], [13.300248708329347, 38.21632004293965], [13.300039797310353, 38.21614905287473], [13.29972198297372, 38.216083369820375], [13.299265880695387, 38.21613784806689], [13.299172577085676, 38.216403719453204], [13.298968180000161, 38.21645420497167], [13.298604311242403, 38.21628859549873], [13.298303880064884, 38.21630715167316], [13.298086421373302, 38.216502503683465], [13.298179240063668, 38.216671815573065], [13.298192890616445, 38.21691633488799], [13.29809348411183, 38.2171169790193], [13.297927429325062, 38.21724325497057], [13.29780139381679, 38.217402270924865], [13.297743295098526, 38.21756227938604], [13.29768443655982, 38.2177544383713], [13.297267240808356, 38.21757681911823], [13.296957232130795, 38.21746509779195], [13.296770268896656, 38.2173229837075], [13.296391583109768, 38.21724242572853], [13.296286392095622, 38.217090776770064], [13.29597663837833, 38.216968328240256], [13.295760245568728, 38.21692229971361], [13.295557446989669, 38.21687646011646], [13.295384571638417, 38.21671310800212], [13.295393844226465, 38.21631648349826], [13.295385272788794, 38.216101899507336], [13.295267494873919, 38.21590717059218], [13.29499726385108, 38.21583891005916], [13.294851569117593, 38.21567594393702], [13.294561183476668, 38.21530714483662], [13.294419001430976, 38.2149941064031], [13.294138942879682, 38.21476485083543], [13.293940906532237, 38.214515345640315], [13.293794965110935, 38.21436310296812], [13.293308460573224, 38.213876363762544], [13.293018616502968, 38.21361587494619], [13.29286120690647, 38.21355663729821], [13.292682944008861, 38.213462923099684], [13.2924537691785, 38.21338555934121], [13.292246648357304, 38.213291425512644], [13.292103803180622, 38.213226704343136], [13.292005855585623, 38.21309429858042], [13.291886387569878, 38.212955877868296], [13.291514170978495, 38.21266855921474], [13.291286867596094, 38.212511485603024], [13.291072936468423, 38.2124001681377], [13.290922879198547, 38.2123353405286], [13.290614055578674, 38.21210516120364], [13.290647636251714, 38.21203428275695], [13.290633304692209, 38.21196480347543], [13.29057262627961, 38.21194293071164], [13.290486446464602, 38.2119878509886], [13.290383170843366, 38.21196745554646], [13.290225465001697, 38.211885394454605], [13.290131980649573, 38.21178748107309], [13.28998517145555, 38.21169508348063], [13.289898834900521, 38.211632953779635], [13.289809642998774, 38.21157917222874], [13.289736209573132, 38.211534025393114], [13.289649478103637, 38.21148868471691], [13.28959121186056, 38.21147733342832], [13.289493300106004, 38.211454917475415], [13.289290983685351, 38.21138510869262], [13.289133746540026, 38.211329815695464], [13.289039772077038, 38.211326325297414], [13.288953620465968, 38.211333553752006], [13.288819699658427, 38.211314635941235], [13.28869643823203, 38.21130012328776], [13.2885738629749, 38.211255929920824], [13.288367025424838, 38.21113842630388], [13.288179336234396, 38.211006363985305], [13.287526001956419, 38.21067881179068], [13.28721758303677, 38.21053862588567], [13.287173045474594, 38.21051245679234], [13.287107197759966, 38.210481471757014], [13.287013541511403, 38.21041881408494], [13.286979738308547, 38.21037328782828], [13.287033977047212, 38.21035907062286], [13.287119437077896, 38.21036532026802], [13.287169849876117, 38.21037857045535], [13.287246300666656, 38.21043096410241], [13.287378372690476, 38.21049158683198], [13.287479579076468, 38.21053338073675], [13.287554752919643, 38.21053871849182], [13.287746868436791, 38.210427612788834], [13.28789510711934, 38.21029408470109], [13.287978471498395, 38.21017656906504], [13.288062641611, 38.210025140863536], [13.288033851749914, 38.20995261531333], [13.288014214295833, 38.20986690858919], [13.287901706920415, 38.20973997338669], [13.287878628922465, 38.209686268990026], [13.287692997850847, 38.20971415439017], [13.287561918796714, 38.20976349821774], [13.287302844419775, 38.20973124199062], [13.287159331897286, 38.20969498365522], [13.287074087603454, 38.2096367905982], [13.286896253613765, 38.20952599242886], [13.286390445812406, 38.209232203650004], [13.286022518247576, 38.20904805398487], [13.2856911549428, 38.208685642177635], [13.285502405391235, 38.20845302287415], [13.285474556169433, 38.208261057787126], [13.285233666735863, 38.20818092170243], [13.285058997246317, 38.20803789639427], [13.285046720005633, 38.20787170128447], [13.28527743203096, 38.20769628163595], [13.28544012132617, 38.207660350916235], [13.285539891650888, 38.20754686783205], [13.285623491608689, 38.20743315566655], [13.285699093757877, 38.20739332016196], [13.285812932413458, 38.207340168779275], [13.285840255685905, 38.20729898370499], [13.2857947096737, 38.20719813896212], [13.285752141968203, 38.20707277381605], [13.285712324993346, 38.20703438397386], [13.285640398307772, 38.2069350498895], [13.285435636584102, 38.206929745495394], [13.285263815599663, 38.2069433408747], [13.285177564764856, 38.2069646404094], [13.285079892839871, 38.20695032667795], [13.285056694310983, 38.20689521415488], [13.28513492853968, 38.20686735696878], [13.285224809514219, 38.20686544584307], [13.285234720230898, 38.206791480846555], [13.28522375483767, 38.20673654618278], [13.285089808725894, 38.20670236713422], [13.284984282178968, 38.20667505103362], [13.284924335214049, 38.20661940149327], [13.284908840601872, 38.20658373595668]], [[13.288867485029016, 38.211034173647725], [13.288838714638418, 38.21111438206197], [13.28890541959848, 38.211136568870025], [13.288947535769704, 38.21106080489174], [13.288867485029016, 38.211034173647725]], [[13.289723722317877, 38.21133095844849], [13.289673795194076, 38.211396005803685], [13.28973721725754, 38.21144360123378], [13.289784854968712, 38.21136154709842], [13.289723722317877, 38.21133095844849]]]}, "properties": {"anno": 2016, "id": 14073, "data": "2016-06-16", "localita": "Barcarello- \"La Fossa\"", "sup_ha": 39.1238, "sup_boscata_ha": 0.0, "sup_non_boscata_ha": 25.2035, "luogo_inizio": "altro", "squadre_aib": 0}}, {"type": "Feature", "geometry": {"type": "Polygon", "coordinates": [[[13.282724359038907, 38.14656764810402], [13.282729122844588, 38.146756528327415], [13.282800112396082, 38.1468665008808], [13.282884453665295, 38.146994816407464], [13.282794575453007, 38.14710243106708], [13.2824956298082, 38.14730139906159], [13.282163784795854, 38.14766301394662], [13.281877930043029, 38.1479883852301], [13.281499378892866, 38.148312407311145], [13.281306222947702, 38.148639131932036], [13.281018649930239, 38.149037707635316], [13.28077828227729, 38.1494003610042], [13.280492414437715, 38.14972572761285], [13.280241588153201, 38.14979987302307], [13.280104787818432, 38.14927020467393], [13.280008741829686, 38.14895862416997], [13.279952120530094, 38.14872924996684], [13.279894731890355, 38.14853250757177], [13.279777644801856, 38.14823694783462], [13.279761577934282, 38.14804080980848], [13.279663434630214, 38.14790601324004], [13.279688327249676, 38.147726796362136], [13.279590750073709, 38.14748049363243], [13.27961564135479, 38.14730128484931], [13.279557487789397, 38.14713718135323], [13.27958518774007, 38.14704854617454], [13.279858831184077, 38.14684032766549], [13.279841230900677, 38.146709468645604], [13.279907834863465, 38.146514547912425], [13.279850822149648, 38.146301481746], [13.279708857158573, 38.14618513094388], [13.279584482011593, 38.14619963978837], [13.27941724198122, 38.146278813820736], [13.27941378780247, 38.14642568640062], [13.279177916353886, 38.14641527931785], [13.278994237452299, 38.14631463834962], [13.278893602848921, 38.146198892308725], [13.27870876378537, 38.1461472133958], [13.278462327831784, 38.14607830285857], [13.27854997947449, 38.14586736317206], [13.278696934160704, 38.145771563813206], [13.278845038998911, 38.14562680972811], [13.278848877832901, 38.14546361449008], [13.278873771211423, 38.14528440494816], [13.278815610485621, 38.145120300957984], [13.278756692026702, 38.14498883613387], [13.278635006041375, 38.144889110502206], [13.27851447376839, 38.14474041403817], [13.278463011730027, 38.144698822156336], [13.278388141711025, 38.144677201250694], [13.278319053437189, 38.144631031575926], [13.278198140198493, 38.14457794247964], [13.27815200146492, 38.14455058229853], [13.278150515865041, 38.144503351804595], [13.278177847614591, 38.14444627412066], [13.278231421926264, 38.14441809874773], [13.278338805271817, 38.14428700378874], [13.278524502575435, 38.14421506246106], [13.278655307567801, 38.14413906116832], [13.278853962247306, 38.1440820379799], [13.279067657605411, 38.14403122405641], [13.279326167542635, 38.14401103574571], [13.279576381208907, 38.1440206883378], [13.280001658424888, 38.14400893719333], [13.280283343908216, 38.14397110246424], [13.280420894071577, 38.14393115827695], [13.280635011001332, 38.14386237200441], [13.280904203603782, 38.14381906208283], [13.28104938163847, 38.14375499183183], [13.281198334892265, 38.143530240221935], [13.28123957460765, 38.14330391459797], [13.281377224783244, 38.14305062753039], [13.281538584852868, 38.142807148649915], [13.281201499062513, 38.142644273324855], [13.280682015702295, 38.14240903820182], [13.279834540968691, 38.14200437259842], [13.278230983146964, 38.141249197072675], [13.27745014166583, 38.142278381619114], [13.276593965870102, 38.14209658052246], [13.275593733443857, 38.14187921635982], [13.275413709783093, 38.14209201456336], [13.275215538301296, 38.141983418371304], [13.27507376576466, 38.14188378246607], [13.274871314719231, 38.14173853351691], [13.274764985525472, 38.14166380179278], [13.274622447327442, 38.141596672832755], [13.27447429666992, 38.14154978352447], [13.274335751150959, 38.1415314896343], [13.274026942481767, 38.14153101819714], [13.273877537107571, 38.141536957027746], [13.273769876409949, 38.1415191164468], [13.273646864808562, 38.14149697950737], [13.273473174284248, 38.14144158762318], [13.273376375130093, 38.14139951439984], [13.27327442241167, 38.14135737252757], [13.273146279416544, 38.1413351596133], [13.272976772645164, 38.14132047220159], [13.272786687087939, 38.14130549087821], [13.27267873057412, 38.141299833276875], [13.272582506995873, 38.141233382204646], [13.27250162547641, 38.14117121922473], [13.272509261619907, 38.141065643218774], [13.272541662251108, 38.141001082396976], [13.272599985442534, 38.14092876982591], [13.272668796944798, 38.140848477537894], [13.272787997492767, 38.14081364783211], [13.272885850619346, 38.14081102366997], [13.273033816311356, 38.14086603809851], [13.273146723947654, 38.14087989312703], [13.273281745265653, 38.140829029441484], [13.273361415836092, 38.1407245107411], [13.273359149706605, 38.14060253014731], [13.273371256034386, 38.1405254751468], [13.27349349971215, 38.140580118904715], [13.273637176136573, 38.140598488302246], [13.273838321655022, 38.14058111297544], [13.274045089924355, 38.140543505759545], [13.274287098045264, 38.14053892577521], [13.274503584973987, 38.140525845340946], [13.274755984196277, 38.14051735459484], [13.275018390612136, 38.140521206746634], [13.27526135653069, 38.1404759942247], [13.275535781558236, 38.14040685118783], [13.275732637027925, 38.14035282838435], [13.275904821418894, 38.140253736859385], [13.276109402628837, 38.14009007506062], [13.276160213217548, 38.13989976463226], [13.276281708027339, 38.13976740246716], [13.276473060105301, 38.13951005384699], [13.27624220119056, 38.13947821269127], [13.276134629289052, 38.13945631312225], [13.275956661570687, 38.13936427279828], [13.27588864896424, 38.13919254205341], [13.276033019670892, 38.138962960625825], [13.276154608656062, 38.138826537464865], [13.276431706206052, 38.13864360817933], [13.276738901445874, 38.138493646757645], [13.276967091601438, 38.138419759315035], [13.277250739978207, 38.138395461796335], [13.27737060455554, 38.13833218172649], [13.277450744424275, 38.13820733749401], [13.277550038671217, 38.13814375640291], [13.277695241264698, 38.13809710656409], [13.27789599709947, 38.13809597741862], [13.278045778344339, 38.13807378718957], [13.278195166241758, 38.138067842723835], [13.278365812854572, 38.13803376065565], [13.278501208573925, 38.137966636514584], [13.27866673075047, 38.13771296886163], [13.278953129923238, 38.13779033351526], [13.279068518476645, 38.1376985306956], [13.279155134014461, 38.13751687658065], [13.279268054989, 38.13731121583194], [13.279856923747788, 38.13673227446784], [13.280031358944848, 38.13649661727605], [13.280204898407973, 38.13629906715438], [13.280304729003218, 38.13615759693797], [13.280524040676173, 38.136065526471604], [13.280767471886369, 38.135973800584544], [13.280986783592024, 38.135881729240715], [13.281183541723866, 38.135722620836326], [13.281379851946893, 38.13558256892727], [13.281517951885617, 38.13543725274897], [13.2815950769037, 38.13529836351332], [13.281679310799923, 38.13517125292183], [13.28178555058416, 38.13505029932304], [13.28194334965044, 38.13493592420048], [13.28235491652831, 38.134708585092916], [13.282462668747087, 38.13452347779797], [13.282605825047696, 38.134403062424575], [13.282807777134835, 38.13429516597259], [13.282972135531464, 38.13421589768284], [13.283122947687156, 38.134083925213446], [13.283273622808371, 38.133957777520195], [13.28348324000525, 38.133838330755594], [13.283616411364227, 38.13382860787475], [13.283681087183083, 38.133905394881275], [13.283627212660386, 38.13399794554751], [13.283579627771886, 38.134137259833224], [13.283422937511206, 38.134204980797406], [13.283345953967052, 38.13433803196912], [13.283248195999066, 38.134412446511654], [13.283171621895896, 38.13452800187745], [13.283117062732762, 38.134649719537315], [13.28306892969662, 38.1348123623326], [13.283059494384858, 38.13489973542474], [13.283072210207946, 38.13498742425532], [13.28310721354274, 38.1350696128437], [13.283095589349335, 38.13525029014406], [13.283048960433153, 38.13534878062766], [13.282950654020048, 38.13544652363173], [13.282778908719614, 38.13552568293441], [13.28259322635464, 38.13556964294797], [13.282510223891626, 38.135644272625], [13.282397831995644, 38.13571263100283], [13.282276267657782, 38.135856705856575], [13.282250694535701, 38.13600217567754], [13.282128845679207, 38.13616165894771], [13.281987337649738, 38.13620834496698], [13.281815873190482, 38.136275846669726], [13.281611745178301, 38.13636257970106], [13.281497907234728, 38.13658165414797], [13.28160253416223, 38.13675487282469], [13.281710424841506, 38.1369918628245], [13.281765664213173, 38.13715601656577], [13.28194177611993, 38.13720526307928], [13.282136089516818, 38.137108924530004], [13.282190232730091, 38.1370047101884], [13.282309882496603, 38.136942284278405], [13.282437053976954, 38.13687414217749], [13.282556694200363, 38.13681171587107], [13.282530305309173, 38.13667715445057], [13.282504464722477, 38.13651925798361], [13.28262466126337, 38.136433511095284], [13.282722149214319, 38.136370760651786], [13.28287133417036, 38.136308766042454], [13.283020371755262, 38.136252610483204], [13.28315396785966, 38.13622539181744], [13.283245165422876, 38.13611587636395], [13.28334279800523, 38.13604730233059], [13.283513987322225, 38.13599146183079], [13.283668777643642, 38.13600538986999], [13.283867040645422, 38.13605495722584], [13.28401361597125, 38.13610376989615], [13.284226248486528, 38.136171041073005], [13.284423555181146, 38.13626143194474], [13.284696890184494, 38.136259587781026], [13.284955047267001, 38.136275022988656], [13.285191326102746, 38.13627847068547], [13.285420083183677, 38.13628764137685], [13.285626552438321, 38.13630232134989], [13.285841362348544, 38.136276284276676], [13.286055214723541, 38.13629107126375], [13.286283426295235, 38.136323569073], [13.286486629032797, 38.136478209622], [13.286632116047311, 38.136573667673275], [13.286799891167453, 38.136663624616865], [13.286952908530411, 38.13675336514951], [13.28714256464611, 38.13685530105743], [13.287362575081119, 38.13692268140944], [13.287591199394369, 38.136937681043804], [13.287731496797218, 38.136939724934116], [13.2878430670527, 38.136906345586816], [13.28800783529014, 38.13680956647215], [13.288156735075813, 38.136759236549096], [13.288341598728165, 38.13675026095236], [13.288563247292696, 38.13674765444162], [13.288762072237738, 38.13677388589352], [13.288982766413909, 38.136812095916], [13.28917392481294, 38.136849882454804], [13.289365082258685, 38.13688766957104], [13.289555978994255, 38.13693712006326], [13.28949050045911, 38.13721035264633], [13.289531669643583, 38.137345135097924], [13.28944540153378, 38.13755973192413], [13.289464419110926, 38.137694184521095], [13.289535398426603, 38.13781772467661], [13.289635632640154, 38.1379533664651], [13.28976609596383, 38.138060270243116], [13.28974778361439, 38.13821168981992], [13.289793876288115, 38.13845154128503], [13.289901369209767, 38.13859312274572], [13.290008182001378, 38.13876385704845], [13.290203187932036, 38.138953376122934], [13.290296721168797, 38.1390597425219], [13.290383561993648, 38.13913684857479], [13.290410646676674, 38.13924224749405], [13.290334623799145, 38.13933448687807], [13.290205408317442, 38.139417825879285], [13.289859865711705, 38.13942091662599], [13.289619897106428, 38.13957494401742], [13.28941862090816, 38.139653683751966], [13.289223092981338, 38.139802523458044], [13.289070497214688, 38.14001031310233], [13.288826555229578, 38.1400838008514], [13.288629577543743, 38.14025244329763], [13.288440553829235, 38.140415343710494], [13.288319810715866, 38.14052443159913], [13.28821474382106, 38.14070852712476], [13.28835635365656, 38.14084398094883], [13.288604950498703, 38.14104769858913], [13.288827860149071, 38.14131774165241], [13.289076237472953, 38.141530980495254], [13.289385579712889, 38.141716525339355], [13.28956248953548, 38.141890610609856], [13.289752345854437, 38.14202676459291], [13.290089596448702, 38.14205073558895], [13.290401846473229, 38.14211244501003], [13.290423074889006, 38.14223662106233], [13.289997602360305, 38.14237335384545], [13.289508047454602, 38.14267113911119], [13.28931084155483, 38.14284931095452], [13.288931166036324, 38.14309151774314], [13.28875607361847, 38.14335576543448], [13.288521564683732, 38.14358102822493], [13.288336641864744, 38.14374984568978], [13.288150381127451, 38.14397581817725], [13.288210046967542, 38.14422827433012], [13.28787425329192, 38.14425175225779], [13.287655940294908, 38.14437149059772], [13.287460020853247, 38.14455774164119], [13.287205572867663, 38.14468641443193], [13.286831432617012, 38.14481333420419], [13.2866452647322, 38.145094282405225], [13.286266038574094, 38.145438609372384], [13.285495138602114, 38.14563538712075], [13.28485368963314, 38.14592859785867], [13.284196126761007, 38.14615705295711], [13.283732153455297, 38.146335460452775], [13.283530592067255, 38.14649954449643], [13.283359848745949, 38.14652609686942], [13.283186376588084, 38.146472733835424], [13.282869403187348, 38.14646083929385], [13.282724359038907, 38.14656764810402]], [[13.277513616016577, 38.1414630899852], [13.277426847027744, 38.141507557935064], [13.277532898030575, 38.14162804644159], [13.2775024889447, 38.14164041053874], [13.277572264454752, 38.141727429117346], [13.277712945757377, 38.14165630482225], [13.277647499152604, 38.141582152749955], [13.277682669383216, 38.141564373018916], [13.277606251766441, 38.141464447841386], [13.277547666878593, 38.14149286036906], [13.277513616016577, 38.1414630899852]], [[13.277580488031465, 38.141378066724315], [13.277530696979872, 38.14132793782572], [13.277439295927591, 38.1413723378442], [13.277488957818175, 38.14142795752187], [13.277580488031465, 38.141378066724315]]]}, "properties": {"anno": 2016, "id": 14327, "data": "2016-06-16", "localita": "Bellolampo", "sup_ha": 111.046, "sup_boscata_ha": 0.0011, "sup_non_boscata_ha": 107.5806, "luogo_inizio": "altro", "squadre_aib": 0}}, {"type": "Feature", "geometry": {"type": "Polygon", "coordinates": [[[13.333966452542441, 38.16364749121788], [13.333977139439332, 38.16362197562757], [13.33398853858062, 38.163597612831026], [13.33400116533358, 38.16355045874121], [13.334019091990946, 38.163493110073794], [13.334032977634601, 38.163411458881285], [13.33405080230014, 38.163344748266496], [13.334068754412296, 38.1632728883461], [13.334063994940859, 38.16319555596293], [13.33407137515573, 38.16311873827313], [13.33406698941722, 38.163064250544195], [13.334068458059468, 38.16299987889742], [13.334076446377123, 38.16293560786672], [13.334088054365457, 38.16285592855296], [13.334117940853512, 38.162784967900926], [13.334237559162453, 38.16282881564183], [13.3343387188234, 38.162870559399806], [13.33443499822844, 38.162902812067166], [13.334445547889354, 38.16286947139019], [13.334454837248249, 38.162816778144865], [13.334474109070456, 38.1627616860936], [13.334520648702622, 38.16272370572318], [13.334686030809944, 38.16275454396195], [13.334764665330171, 38.162795976878], [13.33470473118018, 38.16284921889736], [13.334596293444426, 38.16288373500517], [13.3345329865745, 38.16294207930417], [13.33468005894498, 38.16301650355429], [13.334816783151458, 38.16308518006318], [13.334788819993927, 38.16316719854304], [13.334741058213417, 38.16325923753025], [13.3346990441674, 38.163384848347896], [13.334677954601098, 38.16345150464708], [13.33464940286794, 38.16355927569714], [13.334626722274152, 38.16367588401864], [13.33469271083438, 38.16358107386301], [13.334745713017613, 38.16349616271658], [13.334811586759825, 38.16340638481814], [13.33487687691746, 38.163341799033915], [13.334952966967382, 38.163264820223915], [13.334996123725219, 38.16323195001511], [13.335058609298507, 38.16320965430144], [13.335163664720591, 38.16318023281136], [13.33527545930136, 38.16321643204684], [13.335399721565059, 38.163271150435264], [13.335439856958324, 38.16322793590497], [13.335510155071102, 38.16314908848554], [13.335582414196185, 38.16319053861841], [13.335464353712698, 38.163329971681286], [13.335445057939932, 38.16342890116869], [13.335363594829577, 38.16342516796748], [13.335314328178033, 38.163439920993035], [13.335268551116076, 38.163444423056056], [13.335190461484817, 38.163435594565655], [13.335102477333237, 38.163431768719136], [13.335027643130994, 38.16342298628277], [13.334974768459167, 38.16345314043164], [13.33492485509511, 38.16349621522991], [13.334982784317873, 38.16353051806144], [13.334922273124839, 38.16360950484783], [13.33483198935765, 38.16370609193629], [13.33480455418189, 38.16376494420994], [13.334793652134156, 38.1638137233349], [13.334743211120228, 38.16387997236496], [13.334668171948932, 38.16381757685353], [13.3345914919927, 38.16382152407346], [13.334424906087513, 38.163849397210605], [13.334524747457603, 38.163669404492474], [13.33440626367385, 38.16363567258706], [13.33420163627084, 38.163564037026745], [13.334122314685716, 38.16368385094411], [13.333966452542441, 38.16364749121788]]]}, "properties": {"anno": 2016, "id": 13803, "data": "2016-06-21", "localita": "Villa Niscemi", "sup_ha": 0.7599, "sup_boscata_ha": 0.0, "sup_non_boscata_ha": 0.7599, "luogo_inizio": "bosco", "squadre_aib": 2}}, {"type": "Feature", "geometry": {"type": "Polygon", "coordinates": [[[13.351008017663334, 38.07125274420319], [13.350629786861896, 38.07068827055969], [13.351065357541053, 38.07035592694831], [13.352182161388745, 38.070356865617036], [13.35305838593978, 38.07029556257831], [13.353358090051765, 38.07021146974913], [13.353986803489931, 38.07039684852201], [13.354354026723614, 38.07062271402899], [13.354555751167297, 38.07075797417691], [13.35401183005184, 38.07094165523667], [13.353297144182111, 38.07127009501278], [13.353010779218444, 38.07158981472205], [13.352652272078755, 38.07180552092676], [13.351965412607706, 38.07172232263642], [13.35148655295435, 38.07149489257034], [13.351008017663334, 38.07125274420319]]]}, "properties": {"anno": 2016, "id": 13773, "data": "2016-07-12", "localita": "Serra Chiarando", "sup_ha": 3.6733, "sup_boscata_ha": 0.8574, "sup_non_boscata_ha": 2.8159, "luogo_inizio": "incolto e pascolo", "squadre_aib": 2}}, {"type": "Feature", "geometry": {"type": "Polygon", "coordinates": [[[13.35567110060598, 38.07088800248337], [13.355797015344308, 38.07084959933976], [13.355923967093988, 38.07076487141212], [13.35607441683912, 38.07067738822182], [13.3561879482519, 38.07049360996204], [13.356229917630879, 38.07036443931822], [13.3565011379689, 38.07029408684678], [13.356584168576227, 38.07007590221758], [13.356794604611185, 38.06992746516061], [13.357052791502493, 38.06991562811402], [13.357486842414747, 38.06990314701032], [13.357913290566275, 38.06988129742972], [13.358351319949694, 38.06986579296413], [13.358622501318335, 38.07041760830418], [13.358560754049302, 38.07046187373686], [13.358309694880907, 38.07050470915273], [13.358116683035401, 38.07057306575723], [13.35797151552193, 38.070598842548485], [13.357389946199262, 38.070742107663456], [13.356953464107981, 38.07086266826695], [13.356641939763358, 38.07098807409768], [13.356280660974374, 38.071066435833764], [13.355830453237674, 38.0712764036674], [13.35567110060598, 38.07088800248337]]]}, "properties": {"anno": 2016, "id": 13749, "data": "2016-07-13", "localita": "Serra Chiarando", "sup_ha": 1.9959, "sup_boscata_ha": 0.0, "sup_non_boscata_ha": 1.9959, "luogo_inizio": "altro", "squadre_aib": 4}}, {"type": "Feature", "geometry": {"type": "Polygon", "coordinates": [[[13.351055235351184, 38.07365750494457], [13.351121956011308, 38.07353027603068], [13.351249363992261, 38.07332621979908], [13.351273191724784, 38.07314012527504], [13.351339879756495, 38.073006897450625], [13.351307987264628, 38.072784908075455], [13.351322282622911, 38.07247611541657], [13.35122933313361, 38.07198256844191], [13.351311854161905, 38.072164661587244], [13.351604142727773, 38.07240427630528], [13.352122676062521, 38.07250343649104], [13.352073865042245, 38.07270859515438], [13.352070383172478, 38.07286389322364], [13.352051818021067, 38.07303452525184], [13.352142476114329, 38.07337368654461], [13.352088107700826, 38.073427793826795], [13.351976298696433, 38.07346000494123], [13.351787313610862, 38.073504635914766], [13.351562938279109, 38.073602816168574], [13.351416666696997, 38.073648052975194], [13.351211647302609, 38.073645178995214], [13.351055235351184, 38.07365750494457]]]}, "properties": {"anno": 2016, "id": 13752, "data": "2016-07-23", "localita": "SERRO CHIARANDA", "sup_ha": 0.9424, "sup_boscata_ha": 0.0394, "sup_non_boscata_ha": 0.903, "luogo_inizio": "incolto e pascolo", "squadre_aib": 3}}, {"type": "Feature", "geometry": {"type": "Polygon", "coordinates": [[[13.33438296678231, 38.07327319362182], [13.334349975264713, 38.073214283994844], [13.33444001051201, 38.07320302836941], [13.334586791655564, 38.073251035162926], [13.334832657375328, 38.07335470735287], [13.335156017410608, 38.07341773679819], [13.335426584252222, 38.07348000936142], [13.335462019890995, 38.07354731272445], [13.33545537382401, 38.07360775038547], [13.335370292885871, 38.07363368160553], [13.335185890295117, 38.07361437634058], [13.334983529206381, 38.07357184506204], [13.334760802061195, 38.0734956358405], [13.334593476311454, 38.07342229319287], [13.334486899934625, 38.073347728776106], [13.33438296678231, 38.07327319362182]]]}, "properties": {"anno": 2016, "id": 14309, "data": "2016-07-24", "localita": "Monte Starrabba", "sup_ha": 0.173, "sup_boscata_ha": 0.173, "sup_non_boscata_ha": 0.0, "luogo_inizio": "altro", "squadre_aib": 3}}, {"type": "Feature", "geometry": {"type": "Polygon", "coordinates": [[[13.291912045353774, 38.12013499933642], [13.291942936712635, 38.12006605267244], [13.292050188040712, 38.12001846042686], [13.292170406083875, 38.11997820294719], [13.292235158213382, 38.11996895127057], [13.292326181034591, 38.11993968161069], [13.292371458315975, 38.11993524285326], [13.29244301633188, 38.11991079436086], [13.292514692017736, 38.11988124327731], [13.292593173386564, 38.1198365026423], [13.292651823754241, 38.11981186638147], [13.292698170477482, 38.11976155608939], [13.292724449960582, 38.11974154538777], [13.292757415331561, 38.11971143956885], [13.292771153697542, 38.11967595091162], [13.29277855184039, 38.119635273947516], [13.292792518331487, 38.119589597209256], [13.292793231711538, 38.11955901537352], [13.29276766439624, 38.11954845144814], [13.292771712534242, 38.11952583491154], [13.292809108051612, 38.11949167599911], [13.292838853807845, 38.11947187155587], [13.292889933877502, 38.11947839322522], [13.292934315793252, 38.119458800583566], [13.293003698220716, 38.119465587308184], [13.293077007905195, 38.11946087258849], [13.29315072154632, 38.11943880885425], [13.293223357078265, 38.11946299756292], [13.293362112710552, 38.11947657860659], [13.293485838769755, 38.11950728874785], [13.293569251855674, 38.119540304044676], [13.293696028461932, 38.11959708243527], [13.293786688634793, 38.11963309203033], [13.293847209791029, 38.119706255390874], [13.29384871165144, 38.119798806313256], [13.293864012605207, 38.11985495373334], [13.293907628104975, 38.11992185884319], [13.29385400210554, 38.12000774502318], [13.293845417085777, 38.120099388823824], [13.293832836335643, 38.120165781315144], [13.293787521210303, 38.12022584965147], [13.293735152067907, 38.12027423989383], [13.293689835820906, 38.12033430096438], [13.293633877648576, 38.12037975705971], [13.293563482871296, 38.1204163187536], [13.293496813332865, 38.120450052570725], [13.293430556769723, 38.120466437512924], [13.293360230216793, 38.120500110004365], [13.293293761344213, 38.12052516920175], [13.293216794432164, 38.12052983991229], [13.293142743348243, 38.120566348217025], [13.293069028557865, 38.12058841191528], [13.293006689028642, 38.120593286956044], [13.292947610569259, 38.12061556329458], [13.29290756846548, 38.12060630479626], [13.292845700085154, 38.12059094890388], [13.292776180917096, 38.12058993932746], [13.29270694135023, 38.120577366287314], [13.292666619528847, 38.12057967833741], [13.292622718330303, 38.12057904106209], [13.292561533568426, 38.12053478164855], [13.292507191852117, 38.12051085757897], [13.29237973104105, 38.12048298216917], [13.292333251311321, 38.1204360463627], [13.292279379908738, 38.120391892233336], [13.292207283575339, 38.120344583915966], [13.292116285667092, 38.12032301763795], [13.292039983287319, 38.12029878303106], [13.291989779511031, 38.12025468210409], [13.291943559364338, 38.120196182433645], [13.291912045353774, 38.12013499933642]]]}, "properties": {"anno": 2016, "id": 13549, "data": "2016-09-02", "localita": "Falconara", "sup_ha": 1.4382, "sup_boscata_ha": 0.0, "sup_non_boscata_ha": 1.4382, "luogo_inizio": "bosco", "squadre_aib": 2}}, {"type": "Feature", "geometry": {"type": "Polygon", "coordinates": [[[13.330980643765985, 38.04721223832357], [13.331069837616127, 38.04705351940186], [13.331141593730639, 38.04673195738784], [13.331119866712543, 38.04657113610731], [13.331175450713427, 38.04635791076818], [13.331305596805677, 38.04621262139256], [13.33138624343585, 38.04601312093475], [13.331510661680094, 38.04574736900651], [13.331624511782538, 38.04557509426571], [13.331714966333848, 38.045315541376056], [13.331820360104091, 38.045143146387744], [13.331922213150984, 38.0449406048892], [13.332019302311418, 38.04476141131162], [13.33218402168384, 38.044583167468524], [13.332366267268958, 38.04437842563195], [13.332490225255127, 38.04413272470935], [13.332757917632518, 38.0438890617979], [13.333044024166854, 38.04357877936103], [13.333313348542882, 38.043419519466845], [13.333685462334426, 38.043307883408325], [13.334104647638258, 38.043350736729785], [13.334283456064073, 38.04340898537536], [13.334661486384334, 38.04346472443559], [13.334948447861498, 38.043583318914436], [13.335246400609966, 38.043749789146396], [13.335449343999818, 38.04384810598756], [13.335266686559498, 38.04446926283197], [13.335280037228548, 38.04471673147738], [13.335132874216967, 38.044939453455726], [13.335147559777495, 38.04518482050261], [13.3353884212242, 38.045207324806775], [13.335736374636948, 38.04529814500531], [13.336181273449148, 38.04537124852765], [13.33647104975935, 38.045365807745696], [13.337066748101735, 38.04531899760873], [13.3370528841921, 38.04509399667253], [13.337144227066382, 38.04482553378615], [13.337410130334721, 38.04437968960656], [13.337499624375203, 38.044177753202426], [13.337730147920025, 38.04412374942803], [13.338023293215285, 38.04408112511271], [13.33844870034293, 38.04412460339842], [13.338955296626002, 38.044349067540516], [13.339397490544656, 38.04457680020393], [13.339457703677079, 38.04498442614253], [13.339808157145121, 38.045185372674936], [13.340049317117114, 38.04543900106046], [13.340291396061161, 38.045546530903565], [13.34053248092131, 38.045698676809764], [13.34075307315001, 38.04592490101686], [13.341564112693167, 38.04547241868341], [13.34186775615688, 38.045873842691144], [13.340813456233903, 38.046405987445624], [13.340989381111894, 38.04658831082231], [13.341212334618213, 38.04678628271893], [13.341452712331806, 38.047051938023856], [13.34196422981228, 38.04689411582433], [13.342328988406601, 38.04677518604579], [13.342526147115217, 38.04713110662102], [13.342689472707033, 38.04738155828826], [13.342074376738093, 38.04763768706072], [13.342126323558457, 38.04785572856982], [13.342178598344473, 38.04805878877144], [13.342375669427298, 38.04814399052456], [13.342445780632097, 38.04843272517372], [13.34263147255609, 38.04853946309031], [13.34253962110573, 38.048858169860424], [13.342562305267911, 38.04911325916475], [13.342576018672364, 38.049345746242146], [13.34259158813942, 38.04949583656624], [13.342550323842271, 38.04964511726054], [13.342555910062808, 38.04981754068544], [13.342570814073133, 38.049997592520334], [13.342614795136598, 38.050148082608665], [13.342375272950992, 38.05026459891627], [13.342097681379684, 38.05038807379353], [13.342093291974114, 38.05058283848925], [13.342181442637758, 38.050876318312525], [13.342290732696496, 38.05107268564672], [13.343160238612157, 38.0511748598615], [13.343413335348858, 38.05140629112516], [13.343559077993863, 38.051616579942696], [13.343593670036535, 38.051750934874434], [13.343721955661964, 38.051901485338405], [13.343849571782695, 38.052081764619864], [13.343940911752354, 38.05220204949355], [13.344120916967109, 38.05256155563046], [13.344211264357538, 38.05272644065207], [13.344282793665352, 38.05289106859417], [13.344373466618011, 38.05304108212291], [13.34448361690958, 38.05316162255977], [13.344612910544551, 38.05326756470463], [13.344780144527869, 38.05335916332955], [13.34490876003278, 38.05349484119928], [13.345153025791634, 38.053578309469174], [13.345329315719393, 38.053745638423464], [13.345501811810427, 38.05388991081469], [13.345692892741964, 38.054013019666264], [13.345965238766967, 38.05419391003082], [13.346149948627042, 38.054345244787314], [13.346352119974629, 38.05455632336892], [13.346610373209108, 38.05478306659254], [13.346724086418492, 38.05493421715495], [13.346886099720502, 38.055069546243956], [13.3470007189022, 38.055275307014895], [13.347176617292652, 38.05553473119656], [13.347230360915168, 38.05565447664896], [13.347303246884215, 38.055759615329876], [13.347394597141522, 38.055879889573745], [13.3475235570562, 38.05604697684332], [13.34767099815605, 38.056136639397685], [13.347836573014803, 38.05630257843854], [13.3478705072923, 38.056466668449495], [13.347865831940151, 38.056674838103035], [13.347769468730641, 38.05677760597473], [13.34774765373207, 38.05691115848855], [13.347668429450664, 38.05708853526947], [13.347570395639812, 38.05733648917795], [13.347582179414367, 38.05757817027535], [13.347671529194773, 38.05778766104041], [13.347742413648685, 38.057982016169596], [13.347755543886382, 38.05823505854265], [13.347788142201368, 38.05845862813133], [13.347839215768914, 38.05869733520016], [13.347925961160332, 38.05901623958399], [13.34789350964249, 38.05921124789863], [13.347738386663664, 38.059417304064404], [13.347788833381827, 38.05963626174238], [13.347982744653814, 38.059863783451036], [13.348380326047447, 38.06010494936626], [13.347822136971912, 38.060628832900015], [13.34855075556822, 38.06093816334933], [13.348883928777632, 38.06067074154913], [13.34917387625276, 38.060420035124196], [13.349486195290893, 38.06043940442775], [13.349741168190965, 38.06048045049048], [13.34995840475866, 38.060513470042785], [13.350374101018756, 38.060571753670516], [13.350817117676032, 38.060621018933], [13.351181169904489, 38.06064611135527], [13.351385607530256, 38.06085567391227], [13.351607470932608, 38.06106548055439], [13.351571123749421, 38.06131546733891], [13.351492226961467, 38.06147797436377], [13.35126288800248, 38.061638373382586], [13.351109758852369, 38.061755225191085], [13.350919361815965, 38.061856669755095], [13.350560034958992, 38.06194087604381], [13.350387770066698, 38.0620723279276], [13.350324596216367, 38.062315225591846], [13.349796331087623, 38.062555849230726], [13.349237551178728, 38.06260312410079], [13.348904343679845, 38.0626948998914], [13.348591963504347, 38.06263539542221], [13.348359584646444, 38.06289394676696], [13.348424623430022, 38.063204948516734], [13.34860935022381, 38.063356279677656], [13.348773272618192, 38.063596570231674], [13.348901254744794, 38.06376197950144], [13.34889758266373, 38.0639255415772], [13.348780396885752, 38.0641172542046], [13.348788877600635, 38.064372802020664], [13.348761898071228, 38.06463828551829], [13.348692708354092, 38.06491148841465], [13.348717515529241, 38.06521093276073], [13.348663369211318, 38.06575020866169], [13.34853658286236, 38.06626556350246], [13.348369863767898, 38.06670417035266], [13.348133448689763, 38.067141798984245], [13.348034749841911, 38.067535954136524], [13.347895249860965, 38.068132185869544], [13.347807468517507, 38.06829712096369], [13.347303931456198, 38.06825681127075], [13.346810719522201, 38.06822494914164], [13.346390298437882, 38.06822734966459], [13.345758083579152, 38.06830154157543], [13.345055685342837, 38.06822519029804], [13.34463438054392, 38.068498118778805], [13.344262874931012, 38.06874092948708], [13.34387612208977, 38.06888705458986], [13.343494022725325, 38.068826554672285], [13.342643313789466, 38.06867676902909], [13.341952857113268, 38.06837766593951], [13.341456865826427, 38.067957277756136], [13.340899319434715, 38.06753288046926], [13.340699947301605, 38.067277054036616], [13.340739196110082, 38.066992162298625], [13.340788999460543, 38.066603608079824], [13.340653925278579, 38.06604378316943], [13.340814031112432, 38.06585790463933], [13.34108780806016, 38.06572552290738], [13.341476871247053, 38.06557531468566], [13.341750499415241, 38.06544942324743], [13.342129590807488, 38.06501361790441], [13.341979151997672, 38.064838950163676], [13.341766211203813, 38.06483594814144], [13.341348674297263, 38.06445956315339], [13.340718962723878, 38.064046498982584], [13.340172921516267, 38.06370198079638], [13.339795710338034, 38.0634271976064], [13.339337131439184, 38.062982865447225], [13.338879308161905, 38.06250485756781], [13.338674035257611, 38.0621492673926], [13.338632287441333, 38.06181781655453], [13.338637122092877, 38.061603799408594], [13.338684147147807, 38.06133847745777], [13.338689714976702, 38.06109203056254], [13.33864518318468, 38.06088379502226], [13.33859143429597, 38.060720852673604], [13.33847293268197, 38.060518067018805], [13.338369965279366, 38.06035442144371], [13.338267720382115, 38.060158351304544], [13.338360145994445, 38.06006234875489], [13.338494321282159, 38.05993448731484], [13.338644605726287, 38.05981984229625], [13.338778633270685, 38.05969847239761], [13.338938730468568, 38.0595125960364], [13.339129874917928, 38.059405005669404], [13.339214828872937, 38.059276455810526], [13.339341375744647, 38.05912253851219], [13.339607229028642, 38.0589770825083], [13.339954725817035, 38.05886054307247], [13.340284303138665, 38.05869072172994], [13.340613317370426, 38.058545812985], [13.34085773127065, 38.058424639410326], [13.341070624852419, 38.05830302035999], [13.341360238366365, 38.058041243043824], [13.341607833159651, 38.057778872923606], [13.34168360745279, 38.057680240012786], [13.341781327041886, 38.05754037817555], [13.341931948507835, 38.057384645629455], [13.342042047910775, 38.05716187394115], [13.342241910427516, 38.05691590471692], [13.342439967551444, 38.05661617441735], [13.342595677090669, 38.05649736689563], [13.342698457094997, 38.056181167673884], [13.342607603261039, 38.05596812564847], [13.34221304663399, 38.05566953491396], [13.342177440250984, 38.055428993455614], [13.342025839382854, 38.05523871780658], [13.341898998101804, 38.055042304538226], [13.341774173830585, 38.05486370998643], [13.341549607576091, 38.05453136699729], [13.341183164585763, 38.05381527781518], [13.340816728360975, 38.05309919477871], [13.34052133962974, 38.05262611856829], [13.340289390186596, 38.05220834782095], [13.340094041944894, 38.05195453525394], [13.340062177133342, 38.05168696426963], [13.340102186156344, 38.051413315171914], [13.340091610401375, 38.05113227196765], [13.340139320772076, 38.05089217478136], [13.340050388675056, 38.050710339959814], [13.339935335463807, 38.05056158018092], [13.339673987789917, 38.050524454987176], [13.339454306094202, 38.05051466527156], [13.339407493703359, 38.050340113728495], [13.339453848314283, 38.05016018906231], [13.339550322593727, 38.05000772614462], [13.339639699042186, 38.049794973249355], [13.339698123008043, 38.04956811825085], [13.339581568994957, 38.04937280394326], [13.339264812597765, 38.0495422220252], [13.339292705994861, 38.04924438969906], [13.339466954534911, 38.0480803983778], [13.339243653727618, 38.04785653430582], [13.339015835769946, 38.04783325879902], [13.338817956121256, 38.04777320216385], [13.338383955351672, 38.04755734455168], [13.338057109275875, 38.047404743952974], [13.337873269112901, 38.04727600897011], [13.337583066553906, 38.04723784210252], [13.337345435820945, 38.04727460788614], [13.337057364478486, 38.04729728942392], [13.336777003381156, 38.04735351534057], [13.336462517427654, 38.04742263573866], [13.33593788201163, 38.047435279885626], [13.336175956468661, 38.04775298578577], [13.336456460734844, 38.048064602259025], [13.336269175717476, 38.04818862697246], [13.336124369468287, 38.04822656998563], [13.335920314224916, 38.04830367594596], [13.335766328737707, 38.0484030317285], [13.335546229708823, 38.048501443778946], [13.33538299959426, 38.04841057195061], [13.335172839780933, 38.048354087812264], [13.334955132396477, 38.048257371776266], [13.334712371003656, 38.04814693118159], [13.334553844245944, 38.04805105295802], [13.334379627045186, 38.04790145029216], [13.334190769375335, 38.0476513166586], [13.33393895071802, 38.0475674934314], [13.3337017617403, 38.04758419938521], [13.333313757601243, 38.047538569385566], [13.33300361796509, 38.04756089735595], [13.332866175270896, 38.04744511755821], [13.332795908868336, 38.04728413701804], [13.332637324583935, 38.04716366013687], [13.332367326037394, 38.04713056047331], [13.332171950865993, 38.04716792165104], [13.332001800348836, 38.04721232192921], [13.33176371316826, 38.047269134911495], [13.331594008256019, 38.04729348313323], [13.331424614842254, 38.04730445736594], [13.331174812222455, 38.04739959624357], [13.330980643765985, 38.04721223832357]]]}, "properties": {"anno": 2016, "id": 14057, "data": "2016-09-05", "localita": "Valle Giorgia", "sup_ha": 159.7211, "sup_boscata_ha": 7.7134, "sup_non_boscata_ha": 148.6773, "luogo_inizio": "strada comunale", "squadre_aib": 8}}, {"type": "Feature", "geometry": {"type": "Polygon", "coordinates": [[[13.352205232523342, 38.073403962506255], [13.352090310048151, 38.07342734347925], [13.35208844946374, 38.073427448958746], [13.352142476114329, 38.07337368654461], [13.352051818021067, 38.07303452525184], [13.352070383172478, 38.07286389322364], [13.352073865042245, 38.07270859515438], [13.352122676062521, 38.07250343649104], [13.352122548948778, 38.07250341127746], [13.352184998995844, 38.07249335655833], [13.35218556655022, 38.0724934654507], [13.352654470197304, 38.07240162236234], [13.353011874018609, 38.07221770458769], [13.35339859916326, 38.07211633365756], [13.353473338826241, 38.07202702418091], [13.353791584587679, 38.071735770684846], [13.354044369474039, 38.07158323859248], [13.354296795443867, 38.07144713229685], [13.354332184150522, 38.07125870444932], [13.354901240168708, 38.07126623849319], [13.354892216993122, 38.0713932591427], [13.354877003503187, 38.07152018591076], [13.354468751203296, 38.07151936915518], [13.354129236298158, 38.07176401180434], [13.353928069618066, 38.071907896629035], [13.35376996710983, 38.07206217315762], [13.35376071253327, 38.072198963838055], [13.354333638844407, 38.07230478722262], [13.354588660613036, 38.072518633055445], [13.354592178521308, 38.07264551925738], [13.354256465633373, 38.07275565621173], [13.353973062396324, 38.07281923780693], [13.353664340014836, 38.07286895424328], [13.35339756593869, 38.07295303516851], [13.35311325369895, 38.07305713019476], [13.352914966632959, 38.07313541007959], [13.352673670080586, 38.07322659727535], [13.352457541101417, 38.07333840368946], [13.352205768519545, 38.073404614372734], [13.352205441590268, 38.07340384107413], [13.352205232523342, 38.073403962506255]]]}, "properties": {"anno": 2016, "id": 13750, "data": "2016-10-13", "localita": "Baglio Chiaranda", "sup_ha": 2.1147, "sup_boscata_ha": 0.0, "sup_non_boscata_ha": 2.1147, "luogo_inizio": "altro", "squadre_aib": 3}}]}