livello;area;settore;nome;responsabile;sede;indirizzo;telefoni;email;pec;lon;lat;url
area;Area Affari Generali e Istituzionali;;Area Affari Generali e Istituzionali;Maria Mandala' (Dirigente Amministrativo);Via Roma, 209;Via Roma, 209, 90133 Palermo PA, Italia;091 7403600;affarigeneralieistituzionali@comune.palermo.it;;13.3633977;38.1172739;https://www.comune.palermo.it/amministrazione/unita_organizzativa/area-affari-generali-e-istituzionali-2/
settore;Area Affari Generali e Istituzionali;Capo Area Affari Generali e Istituzionali;Capo Area Affari Generali e Istituzionali;Maria Mandala' (Dirigente Amministrativo);Via Roma, 209;Via Roma, 209, 90133 Palermo PA, Italia;;affarigeneralieistituzionali@comune.palermo.it;;13.3633977;38.1172739;https://www.comune.palermo.it/amministrazione/unita_organizzativa/capo-area-affari-generali-e-istituzionali/
settore;Area Affari Generali e Istituzionali;Ufficio contratti e approvvigionamenti;Ufficio contratti e approvvigionamenti;Maria Mandala' (Dirigente Amministrativo);Via Roma, 209;Via Roma, 209, 90133 Palermo PA, Italia;;affarigeneralieistituzionali@comune.palermo.it;;13.3633977;38.1172739;https://www.comune.palermo.it/amministrazione/unita_organizzativa/ufficio-contratti-e-approvvigionamenti/
area;Area Programmazione Fondi Extracomunali;;Area Programmazione Fondi Extracomunali;Giuseppe Sacco (Dirigente Amministrativo);Palazzo Palagonia;Via del Quattro Aprile, 4, 90133 Palermo PA, Italia;0917405692;fondiextracomunali@cert.comune.palermo.it / fondiextracomunali@comune.palermo.it;fondiextracomunali@cert.comune.palermo.it;13.370036;38.1167363;https://www.comune.palermo.it/amministrazione/unita_organizzativa/area-programmazione-fondi-extracomunali/
settore;Area Programmazione Fondi Extracomunali;Capo Area Responsabile pianificazione e coordinamento fondi extracomunali;Capo Area Responsabile pianificazione e coordinamento fondi extracomunali;Giuseppe Sacco (Dirigente Amministrativo);Palazzo Palagonia;Via del Quattro Aprile, 4, 90133 Palermo PA, Italia;0917405692;fondiextracomunali@cert.comune.palermo.it / fondiextracomunali@comune.palermo.it;fondiextracomunali@cert.comune.palermo.it;13.370036;38.1167363;https://www.comune.palermo.it/amministrazione/unita_organizzativa/capo-area-responsabile-pianificazione-e-coordinamento-fondi-extracomunali/
unita;Area Programmazione Fondi Extracomunali;Capo Area Responsabile pianificazione e coordinamento fondi extracomunali;U.O. Attività finalizzata alla gestione della strategia territoriale dell’area urbana funzionale (FUA) di Palermo e monitoraggio interventi programmi operativi nazionali;Monica Sichera (Funzionario Amministrativo);Palazzo Palagonia;Via del Quattro Aprile, 4, 90133 Palermo PA, Italia;0917405696;fondiextracomunali@cert.comune.palermo.it / fondiextracomunali@comune.palermo.it;fondiextracomunali@cert.comune.palermo.it;13.370036;38.1167363;https://www.comune.palermo.it/amministrazione/unita_organizzativa/uo-attivit-finalizzata-alla-gestione-della-strategia-territoriale-dellarea-urbana-funzionale-fua-di-palermo-e-monitoraggio-interventi-programmi-operativi-nazionali/
unita;Area Programmazione Fondi Extracomunali;Capo Area Responsabile pianificazione e coordinamento fondi extracomunali;U.O. Direzione e coordinamento altri fondi extracomunali;Teresa Mineo (Funzionario Amministrativo);Palazzo Palagonia;Via del Quattro Aprile, 4, 90133 Palermo PA, Italia;0917408507;fondiextracomunali@cert.comune.palermo.it / fondiextracomunali@comune.palermo.it;fondiextracomunali@cert.comune.palermo.it;13.370036;38.1167363;https://www.comune.palermo.it/amministrazione/unita_organizzativa/uo-direzione-e-coordinamento-altri-fondi-extracomunali/
unita;Area Programmazione Fondi Extracomunali;Capo Area Responsabile pianificazione e coordinamento fondi extracomunali;U.O. Gestione economico finanziaria;Caterina Tardibuono (Funzionario Contabile);Palazzo Palagonia;Via del Quattro Aprile, 4, 90133 Palermo PA, Italia;0917405688;fondiextracomunali@cert.comune.palermo.it / fondiextracomunali@comune.palermo.it;fondiextracomunali@cert.comune.palermo.it;13.370036;38.1167363;https://www.comune.palermo.it/amministrazione/unita_organizzativa/uo-gestione-economico-finanziaria/
settore;Area Programmazione Fondi Extracomunali;Ufficio autonomo programmazione monitoraggio, supporto al controllo e rendicontazione PNRR e PN Metro Plus;Ufficio autonomo programmazione monitoraggio, supporto al controllo e rendicontazione PNRR e PN Metro Plus;Claudio Cimo' (Dirigente Amministrativo);Palazzo Palagonia;Via del Quattro Aprile, 4, 90133 Palermo PA, Italia;0917408520;monitoraggiopnrr@cert.comune.palermo.it / monitoraggiopnrr@comune.palermo.it;monitoraggiopnrr@cert.comune.palermo.it;13.370036;38.1167363;https://www.comune.palermo.it/amministrazione/unita_organizzativa/ufficio-autonomo-programmazione-monitoraggio-supporto-al-controllo-e-rendicontazione-pnrr-e-pn-metro-plus/
unita;Area Programmazione Fondi Extracomunali;Ufficio autonomo programmazione monitoraggio, supporto al controllo e rendicontazione PNRR e PN Metro Plus;U.O. Programmazione, Monitoraggio, Supporto al controllo e rendicontazione PN Metro Plus e PON Metro complementare;Caterina Tardibuono (Funzionario Contabile);Palazzo Palagonia;Via del Quattro Aprile, 4, 90133 Palermo PA, Italia;;;;13.370036;38.1167363;https://www.comune.palermo.it/amministrazione/unita_organizzativa/uo-programmazione-monitoraggio-supporto-al-controllo-e-rendicontazione-pn-metro-plus-e-pon-metro-complementare/
unita;Area Programmazione Fondi Extracomunali;Ufficio autonomo programmazione monitoraggio, supporto al controllo e rendicontazione PNRR e PN Metro Plus;U.O. Programmazione, Monitoraggio, Supporto al controllo e rendicontazione PNRR;Rosalba Lodato (Funzionario Amministrativo);Palazzo Palagonia;Via del Quattro Aprile, 4, 90133 Palermo PA, Italia;0917405633;monitoraggiopnrr@cert.comune.palermo.it / monitoraggiopnrr@comune.palermo.it;monitoraggiopnrr@cert.comune.palermo.it;13.370036;38.1167363;https://www.comune.palermo.it/amministrazione/unita_organizzativa/uo-programmazione-monitoraggio-supporto-al-controllo-e-rendicontazione-pnrr/
area;Area Risorse Umane;;Area Risorse Umane;Antonella Ferrara (Dirigente Amministrativo);Via Giuseppe Garibaldi, 44;Via Giuseppe Garibaldi, 44, 90133 Palermo PA, Italia;0917402888;risorseumane@comune.palermo.it;;13.3670445;38.113069;https://www.comune.palermo.it/amministrazione/unita_organizzativa/area-risorse-umane/
settore;Area Risorse Umane;Capo Area Responsabile risorse umane e reclutamento;Capo Area Responsabile risorse umane e reclutamento;Antonella Ferrara (Dirigente Amministrativo);Via Giuseppe Garibaldi, 44;Via Giuseppe Garibaldi, 44, 90133 Palermo PA, Italia;0917402888;risorseumane@comune.palermo.it;;13.3670445;38.113069;https://www.comune.palermo.it/amministrazione/unita_organizzativa/capo-area-responsabile-risorse-umane-e-reclutamento-3/
unita;Area Risorse Umane;Capo Area Responsabile risorse umane e reclutamento;U.O. Attività Ispettiva;Sergio Schimicci (Istruttore Amministrativo);Via Giuseppe Garibaldi, 44;Via Giuseppe Garibaldi, 44, 90133 Palermo PA, Italia;0917402871-31;risorseumane@comune.palermo.it / settorerisorseumane@cert.comune.palermo.it;settorerisorseumane@cert.comune.palermo.it;13.3670445;38.113069;https://www.comune.palermo.it/amministrazione/unita_organizzativa/uo-attivit-ispettiva/
unita;Area Risorse Umane;Capo Area Responsabile risorse umane e reclutamento;U.O. Contenzioso del lavoro, autorizzazioni incarichi extra-istituzionali e tirocini formativi;Maria Teresa Palazzo (Funzionario Amministrativo);Via Giuseppe Garibaldi, 44;Via Giuseppe Garibaldi, 44, 90133 Palermo PA, Italia;0917402861;risorseumane@comune.palermo.it / settorerisorseumane@cert.comune.palermo.it;settorerisorseumane@cert.comune.palermo.it;13.3670445;38.113069;https://www.comune.palermo.it/amministrazione/unita_organizzativa/uo-contenzioso-del-lavoro-autorizzazioni-incarichi-extra-istituzionali-e-tirocini-formativi/
unita;Area Risorse Umane;Capo Area Responsabile risorse umane e reclutamento;U.O. Direzione e protocollo Risorse Umane;Maria Teresa Palazzo (Funzionario Amministrativo);Via Giuseppe Garibaldi, 44;Via Giuseppe Garibaldi, 44, 90133 Palermo PA, Italia;091/7402861;risorseumane@comune.palermo.it / settorerisorseumane@cert.comune.palermo.it;settorerisorseumane@cert.comune.palermo.it;13.3670445;38.113069;https://www.comune.palermo.it/amministrazione/unita_organizzativa/uo-direzione-e-protocollo-risorse-umane/
unita;Area Risorse Umane;Capo Area Responsabile risorse umane e reclutamento;U.O. Gestione bacino residuale L.S.U.;Maria Teresa Palazzo (Funzionario Amministrativo);Via Giuseppe Garibaldi, 44;Via Giuseppe Garibaldi, 44, 90133 Palermo PA, Italia;0917402885;risorseumane@comune.palermo.it / settorerisorseumane@cert.comune.palermo.it;settorerisorseumane@cert.comune.palermo.it;13.3670445;38.113069;https://www.comune.palermo.it/amministrazione/unita_organizzativa/uo-gestione-bacino-residuale-lsu/
unita;Area Risorse Umane;Capo Area Responsabile risorse umane e reclutamento;U.O. Gestione Mobilità Interna;Cecilia Pecoraro (Funzionario Amministrativo);Via Giuseppe Garibaldi, 44;Via Giuseppe Garibaldi, 44, 90133 Palermo PA, Italia;0917402885-80;set.ru.trasferimenti@comune.palermo.it / settorerisorseumane@cert.comune.palermo.it;settorerisorseumane@cert.comune.palermo.it;13.3670445;38.113069;https://www.comune.palermo.it/amministrazione/unita_organizzativa/uo-gestione-mobilit-interna/
unita;Area Risorse Umane;Capo Area Responsabile risorse umane e reclutamento;U.O. Part-Time, Mobilita’ e Comandi;Stefania Agnello (Istruttore Amministrativo);Via Giuseppe Garibaldi, 44;Via Giuseppe Garibaldi, 44, 90133 Palermo PA, Italia;0917402813 / 0917402832 / 0917402833 / 0917402856;acquisizionerisorseumane@cert.comune.palermo.it / acquisizionerisorseumane@comune.palermo.it;acquisizionerisorseumane@cert.comune.palermo.it;13.3670445;38.113069;https://www.comune.palermo.it/amministrazione/unita_organizzativa/uo-part-time-mobilita-e-comandi/
unita;Area Risorse Umane;Capo Area Responsabile risorse umane e reclutamento;U.O. Politiche conciliative e del Benessere Aziendale Pari Opportunità e contrasto alla Discriminazione Buone Pratiche innovative a tutela della Salute;Concetta Di Benedetto (Assistente Sociale);Palazzo Palagonia;Via del Quattro Aprile, 4, 90133 Palermo PA, Italia;0917405637 / 0917408535 / 0917408542;benessereaziendale@comune.palermo.it / c.dibenedetto@comune.palermo.it / d.formisani@comune.palermo.it / risorseumane@comune.palermo.it / settorerisorseumane@cert.comune.palermo.it;settorerisorseumane@cert.comune.palermo.it;13.370036;38.1167363;https://www.comune.palermo.it/amministrazione/unita_organizzativa/uo-politiche-conciliative-e-del-benessere-aziendale-pari-opportunit-e-contrasto-alla-discriminazione-buone-pratiche-innovative-a-tutela-della-salute/
unita;Area Risorse Umane;Capo Area Responsabile risorse umane e reclutamento;U.O. Procedimenti Disciplinari – Disciplina di Utilizzo LSU e Rimborso Spese Legali;Maria Cristina Guercio (Funzionario Amministrativo);Via Giuseppe Garibaldi, 44;Via Giuseppe Garibaldi, 44, 90133 Palermo PA, Italia;0917402849;disciplina@cert.comune.palermo.it / disciplinarisorseumane@comune.palermo.it;disciplina@cert.comune.palermo.it;13.3670445;38.113069;https://www.comune.palermo.it/amministrazione/unita_organizzativa/uo-procedimenti-disciplinari-disciplina-di-utilizzo-lsu-e-rimborso-spese-legali/
unita;Area Risorse Umane;Capo Area Responsabile risorse umane e reclutamento;U.O. Procedure Concorsuali;Maria Grazia Lucchese (Esperto Front Office);Via Giuseppe Garibaldi, 44;Via Giuseppe Garibaldi, 44, 90133 Palermo PA, Italia;0917402841;acquisizionerisorseumane@cert.comune.palermo.it / acquisizionerisorseumane@comune.palermo.it / concorsi@cert.comune.palermo.it;acquisizionerisorseumane@cert.comune.palermo.it / concorsi@cert.comune.palermo.it;13.3670445;38.113069;https://www.comune.palermo.it/amministrazione/unita_organizzativa/uo-procedure-concorsuali/
unita;Area Risorse Umane;Capo Area Responsabile risorse umane e reclutamento;U.O. Progressioni Verticali;Cecilia Pecoraro (Funzionario Amministrativo);Via Giuseppe Garibaldi, 44;Via Giuseppe Garibaldi, 44, 90133 Palermo PA, Italia;091 7402885;progressioniverticali@comune.palermo.it / settorerisorseumane@cert.comune.palermo.it;settorerisorseumane@cert.comune.palermo.it;13.3670445;38.113069;https://www.comune.palermo.it/amministrazione/unita_organizzativa/uo-progressioni-verticali/
unita;Area Risorse Umane;Capo Area Responsabile risorse umane e reclutamento;U.O. Segreteria Risorse Umane;Maria Teresa Palazzo (Funzionario Amministrativo);Via Giuseppe Garibaldi, 44;Via Giuseppe Garibaldi, 44, 90133 Palermo PA, Italia;0917402815 / 0917402816 / 0917402892;set.ru.segreteria@comune.palermo.it / settorerisorseumane@cert.comune.palermo.it;settorerisorseumane@cert.comune.palermo.it;13.3670445;38.113069;https://www.comune.palermo.it/amministrazione/unita_organizzativa/uo-segreteria-risorse-umane/
settore;Area Risorse Umane;Ufficio Autonomo gestione risorse umane;Ufficio Autonomo gestione risorse umane;Cettina Maria Como (Dirigente Amministrativo);Via Giuseppe Garibaldi, 44;Via Giuseppe Garibaldi, 44, 90133 Palermo PA, Italia;0917402882;gestionerisorseumane@comune.palermo.it;;13.3670445;38.113069;https://www.comune.palermo.it/amministrazione/unita_organizzativa/ufficio-autonomo-gestione-risorse-umane/
unita;Area Risorse Umane;Ufficio Autonomo gestione risorse umane;U.O. Applicazioni contrattuali, agibilità’ sindacali e ascotweb;Loredana Brocato (Funzionario Amministrativo);Via Giuseppe Garibaldi, 44;Via Giuseppe Garibaldi, 44, 90133 Palermo PA, Italia;0917402865;gestionerisorseumane@cert.comune.palermo.it / gestionerisorseumane@comune.palermo.it / l.brocato@comune.palermo.it;gestionerisorseumane@cert.comune.palermo.it;13.3670445;38.113069;https://www.comune.palermo.it/amministrazione/unita_organizzativa/uo-applicazioni-contrattuali-agibilit-sindacali-e-ascotweb/
unita;Area Risorse Umane;Ufficio Autonomo gestione risorse umane;U.O. Direzione – Ufficio Autonomo Gestione Risorse Umane;Loredana Brocato (Funzionario Amministrativo);Via Giuseppe Garibaldi, 44;Via Giuseppe Garibaldi, 44, 90133 Palermo PA, Italia;091 7402882;gestionerisorseumane@cert.comune.palermo.it / gestionerisorseumane@comune.palermo.it;gestionerisorseumane@cert.comune.palermo.it;13.3670445;38.113069;https://www.comune.palermo.it/amministrazione/unita_organizzativa/uo-direzione-ufficio-autonomo-gestione-risorse-umane/
unita;Area Risorse Umane;Ufficio Autonomo gestione risorse umane;U.O. Matricola;Raimondo Raneri (Funzionario Amministrativo);Via Giuseppe Garibaldi, 44;Via Giuseppe Garibaldi, 44, 90133 Palermo PA, Italia;0917402884;gestionerisorseumane@cert.comune.palermo.it / gestionerisorseumane@comune.palermo.it / r.raneri@comune.palermo.it;gestionerisorseumane@cert.comune.palermo.it;13.3670445;38.113069;https://www.comune.palermo.it/amministrazione/unita_organizzativa/uo-matricola/
unita;Area Risorse Umane;Ufficio Autonomo gestione risorse umane;U.O. Trasparenza;Maria Gabriella Crimi (Funzionario Amministrativo);Via Giuseppe Garibaldi, 44;Via Giuseppe Garibaldi, 44, 90133 Palermo PA, Italia;091 7402882;gestionerisorseumane@cert.comune.palermo.it / gestionerisorseumane@comune.palermo.it / m.g.crimi@comune.palermo.it;gestionerisorseumane@cert.comune.palermo.it;13.3670445;38.113069;https://www.comune.palermo.it/amministrazione/unita_organizzativa/uo-trasparenza/
unita;Area Risorse Umane;Ufficio Autonomo gestione risorse umane;U.O. Trattamento pensionistico personale comunale;Calogero Chianetta (Funzionario Amministrativo);Via Giuseppe Garibaldi, 44;Via Giuseppe Garibaldi, 44, 90133 Palermo PA, Italia;0917402877;c.chianetta@comune.palermo.it / gestionerisorseumane@cert.comune.palermo.it / gestionerisorseumane@comune.palermo.it;gestionerisorseumane@cert.comune.palermo.it;13.3670445;38.113069;https://www.comune.palermo.it/amministrazione/unita_organizzativa/uo-trattamento-pensionistico-personale-comunale/
area;Area SUAP, Sviluppo Economico, Mercati e Lavoro;;Area SUAP, Sviluppo Economico, Mercati e Lavoro;Rosa Vicari (Dirigente Amministrativo);SUAP;Via Ugo la Malfa, 34, 90146 Palermo PA, Italia;0917404643;sviluppoeconomico@cert.comune.palermo.it / sviluppoeconomico@comune.palermo.it;sviluppoeconomico@cert.comune.palermo.it;13.316623;38.1585157;https://www.comune.palermo.it/amministrazione/unita_organizzativa/area-suap-sviluppo-economico-mercati-e-lavoro/
settore;Area SUAP, Sviluppo Economico, Mercati e Lavoro;Capo Area responsabile Suap, Commercio e Supporto tecnico, lavoro e concessioni suolo pubblico;Capo Area responsabile Suap, Commercio e Supporto tecnico, lavoro e concessioni suolo pubblico;Rosa Vicari (Dirigente Amministrativo);SUAP;Via Ugo la Malfa, 34, 90146 Palermo PA, Italia;091 7404642 / 091 7404643;suapfacile@cert.comune.palermo.it / sviluppoeconomico@cert.comune.palermo.it / sviluppoeconomico@comune.palermo.it;suapfacile@cert.comune.palermo.it / sviluppoeconomico@cert.comune.palermo.it;13.316623;38.1585157;https://www.comune.palermo.it/amministrazione/unita_organizzativa/capo-area-responsabile-suap-commercio-e-supporto-tecnico-lavoro-e-concessioni-suolo-pubblico/
unita;Area SUAP, Sviluppo Economico, Mercati e Lavoro;Capo Area responsabile Suap, Commercio e Supporto tecnico, lavoro e concessioni suolo pubblico;U.O. Affari Generali, Fiera del Mediterraneo e U.R.P.;Giuseppa Buttitta (Funzionario Polizia Municipale);SUAP;Via Ugo la Malfa, 34, 90146 Palermo PA, Italia;0917404600 / 0917404605 / 0917404607 / 0917404644 / 0917404646;sviluppoeconomico@cert.comune.palermo.it / sviluppoeconomico@comune.palermo.it;sviluppoeconomico@cert.comune.palermo.it;13.316623;38.1585157;https://www.comune.palermo.it/amministrazione/unita_organizzativa/uo-affari-generali-fiera-del-mediterraneo-e-urp/
unita;Area SUAP, Sviluppo Economico, Mercati e Lavoro;Capo Area responsabile Suap, Commercio e Supporto tecnico, lavoro e concessioni suolo pubblico;U.O. Antievasione;;SUAP;Via Ugo la Malfa, 34, 90146 Palermo PA, Italia;091 4704681 / 091 7404640;sviluppoeconomico@cert.comune.palermo.it / sviluppoeconomico@comune.palermo.it;sviluppoeconomico@cert.comune.palermo.it;13.316623;38.1585157;https://www.comune.palermo.it/amministrazione/unita_organizzativa/antievasione/
unita;Area SUAP, Sviluppo Economico, Mercati e Lavoro;Capo Area responsabile Suap, Commercio e Supporto tecnico, lavoro e concessioni suolo pubblico;U.O. Antievasione;Simone D'Acquisto (Responsabile di U.O.);SUAP;Via Ugo la Malfa, 34, 90146 Palermo PA, Italia;091 4704681 / 091 7404640;sviluppoeconomico@cert.comune.palermo.it / sviluppoeconomico@comune.palermo.it;sviluppoeconomico@cert.comune.palermo.it;13.316623;38.1585157;https://www.comune.palermo.it/amministrazione/unita_organizzativa/uo-antievasione/
unita;Area SUAP, Sviluppo Economico, Mercati e Lavoro;Capo Area responsabile Suap, Commercio e Supporto tecnico, lavoro e concessioni suolo pubblico;U.O. Commercio su area privata;Luciana Campanella (Esperto Front Office);SUAP;Via Ugo la Malfa, 34, 90146 Palermo PA, Italia;0917404603 / 0917404623 / 0917404636;suapfacile@cert.comune.palermo.it / sviluppoeconomico@comune.palermo.it;suapfacile@cert.comune.palermo.it;13.316623;38.1585157;https://www.comune.palermo.it/amministrazione/unita_organizzativa/commercio-su-area-privata-autorizzazioni-e-scia/
unita;Area SUAP, Sviluppo Economico, Mercati e Lavoro;Capo Area responsabile Suap, Commercio e Supporto tecnico, lavoro e concessioni suolo pubblico;U.O. Commercio su area pubblica;;SUAP;Via Ugo la Malfa, 34, 90146 Palermo PA, Italia;0917404627 / 0917404631;suapfacile@cert.comune.palermo.it / sviluppoeconomico@comune.palermo.it;suapfacile@cert.comune.palermo.it;13.316623;38.1585157;https://www.comune.palermo.it/amministrazione/unita_organizzativa/uo-commercio-su-area-pubblica/
unita;Area SUAP, Sviluppo Economico, Mercati e Lavoro;Capo Area responsabile Suap, Commercio e Supporto tecnico, lavoro e concessioni suolo pubblico;U.O. Contabilità;Simone D'Acquisto (Responsabile di U.O.);SUAP;Via Ugo la Malfa, 34, 90146 Palermo PA, Italia;0917404633 / 0917404656 / 0917404681;sviluppoeconomico@cert.comune.palermo.it / sviluppoeconomico@comune.palermo.it;sviluppoeconomico@cert.comune.palermo.it;13.316623;38.1585157;https://www.comune.palermo.it/amministrazione/unita_organizzativa/uo-antievasione-e-contabilit/
unita;Area SUAP, Sviluppo Economico, Mercati e Lavoro;Capo Area responsabile Suap, Commercio e Supporto tecnico, lavoro e concessioni suolo pubblico;U.O. Direzione capo Area – Capo Area Suap, Commercio e Supporto tecnico, lavoro e concessioni suolo pubblico;Vincenza Simonte (Funzionario Amministrativo);SUAP;Via Ugo la Malfa, 34, 90146 Palermo PA, Italia;091 740 4635 / 091 740 4642 / 091 740 4643;sviluppoeconomico@cert.comune.palermo.it / sviluppoeconomico@comune.palermo.it;sviluppoeconomico@cert.comune.palermo.it;13.316623;38.1585157;https://www.comune.palermo.it/amministrazione/unita_organizzativa/uo-direzione-capo-area-capo-area-suap-commercio-e-supporto-tecnico-lavoro-e-concessioni-suolo-pubblico/
unita;Area SUAP, Sviluppo Economico, Mercati e Lavoro;Capo Area responsabile Suap, Commercio e Supporto tecnico, lavoro e concessioni suolo pubblico;U.O. Gestione del Personale;Vincenza Simonte (Funzionario Amministrativo);SUAP;Via Ugo la Malfa, 34, 90146 Palermo PA, Italia;091 7404616 / 091 7404685 / 0917404686;sviluppoeconomico@cert.comune.palermo.it / sviluppoeconomico@comune.palermo.it;sviluppoeconomico@cert.comune.palermo.it;13.316623;38.1585157;https://www.comune.palermo.it/amministrazione/unita_organizzativa/uo-gestione-del-personale-2/
unita;Area SUAP, Sviluppo Economico, Mercati e Lavoro;Capo Area responsabile Suap, Commercio e Supporto tecnico, lavoro e concessioni suolo pubblico;U.O. Occupazione Permanente Suolo Pubblico;Marco Cannioto (Funzionario Tecnico);SUAP;Via Ugo la Malfa, 34, 90146 Palermo PA, Italia;0917404614 / 0917404619 / 0917404621 / 0917404660;sviluppoeconomico@cert.comune.palermo.it / sviluppoeconomico@comune.palermo.it;sviluppoeconomico@cert.comune.palermo.it;13.316623;38.1585157;https://www.comune.palermo.it/amministrazione/unita_organizzativa/uo-occupazione-permanente-suolo-pubblico/
unita;Area SUAP, Sviluppo Economico, Mercati e Lavoro;Capo Area responsabile Suap, Commercio e Supporto tecnico, lavoro e concessioni suolo pubblico;U.O. Occupazione Suolo Pubblico per Eventi e Manifestazioni;Claudio Tedesco (Funzionario Amministrativo);SUAP;Via Ugo la Malfa, 34, 90146 Palermo PA, Italia;0917404604 / 0917404620;sviluppoeconomico@cert.comune.palermo.it / sviluppoeconomico@comune.palermo.it;sviluppoeconomico@cert.comune.palermo.it;13.316623;38.1585157;https://www.comune.palermo.it/amministrazione/unita_organizzativa/uo-occupazione-suolo-pubblico-per-eventi-e-manifestazioni/
unita;Area SUAP, Sviluppo Economico, Mercati e Lavoro;Capo Area responsabile Suap, Commercio e Supporto tecnico, lavoro e concessioni suolo pubblico;U.O. Occupazione Temporanea Suolo Pubblico e Supporto Tecnico;Benedetto Schiera (Funzionario Tecnico);SUAP;Via Ugo la Malfa, 34, 90146 Palermo PA, Italia;0917404629 / 0917404645 / 0917404662;sviluppoeconomico@cert.comune.palermo.it / sviluppoeconomico@comune.palermo.it;sviluppoeconomico@cert.comune.palermo.it;13.316623;38.1585157;https://www.comune.palermo.it/amministrazione/unita_organizzativa/uo-occupazione-temporanea-suolo-pubblico-e-supporto-tecnico/
unita;Area SUAP, Sviluppo Economico, Mercati e Lavoro;Capo Area responsabile Suap, Commercio e Supporto tecnico, lavoro e concessioni suolo pubblico;U.O. Protocollo, Archivio e Pec – Capo Area Suap, Commercio e Supporto tecnico, lavoro e concessioni suolo pubblico;Francesco La Torre (Istruttore Amministrativo Referente di U.O.);SUAP;Via Ugo la Malfa, 34, 90146 Palermo PA, Italia;0917404653;sviluppoeconomico@cert.comune.palermo.it / sviluppoeconomico@comune.palermo.it;sviluppoeconomico@cert.comune.palermo.it;13.316623;38.1585157;https://www.comune.palermo.it/amministrazione/unita_organizzativa/uo-protocollo-archivio-e-pec-capo-area-suap-commercio-e-supporto-tecnico-lavoro-e-concessioni-suolo-pubblico/
unita;Area SUAP, Sviluppo Economico, Mercati e Lavoro;Capo Area responsabile Suap, Commercio e Supporto tecnico, lavoro e concessioni suolo pubblico;U.O. Sanzioni e Revoche;Matteo Benigno (Esperto Front Office);SUAP;Via Ugo la Malfa, 34, 90146 Palermo PA, Italia;0917404608;suapfacile@cert.comune.palermo.it / sviluppoeconomico@comune.palermo.it;suapfacile@cert.comune.palermo.it;13.316623;38.1585157;https://www.comune.palermo.it/amministrazione/unita_organizzativa/uo-sanzioni-e-revoche/
unita;Area SUAP, Sviluppo Economico, Mercati e Lavoro;Capo Area responsabile Suap, Commercio e Supporto tecnico, lavoro e concessioni suolo pubblico;U.O. Servizi Attività Produttive;Maria Letizia Vassallo (Funzionario Amministrativo);SUAP;Via Ugo la Malfa, 34, 90146 Palermo PA, Italia;0917404631 / 0917404652 / 0917404675;suapfacile@cert.comune.palermo.it / sviluppoeconomico@comune.palermo.it;suapfacile@cert.comune.palermo.it;13.316623;38.1585157;https://www.comune.palermo.it/amministrazione/unita_organizzativa/uo-servizi-suap/
unita;Area SUAP, Sviluppo Economico, Mercati e Lavoro;Capo Area responsabile Suap, Commercio e Supporto tecnico, lavoro e concessioni suolo pubblico;U.O. Somministrazione – Artigianato e Commercio su Area Pubblica;Edoardo D'Angelo (Funzionario Amministrativo);SUAP;Via Ugo la Malfa, 34, 90146 Palermo PA, Italia;0917404627 / 0917404638 / 0917404649;suapfacile@cert.comune.palermo.it / sviluppoeconomico@comune.palermo.it;suapfacile@cert.comune.palermo.it;13.316623;38.1585157;https://www.comune.palermo.it/amministrazione/unita_organizzativa/uo-somministrazione-artigianato-e-commercio-su-area-pubblica/
unita;Area SUAP, Sviluppo Economico, Mercati e Lavoro;Capo Area responsabile Suap, Commercio e Supporto tecnico, lavoro e concessioni suolo pubblico;U.O. Staff Assessore;;SUAP;Via Ugo la Malfa, 34, 90146 Palermo PA, Italia;091 7404606;sviluppoeconomico@cert.comune.palermo.it / sviluppoeconomico@comune.palermo.it;sviluppoeconomico@cert.comune.palermo.it;13.316623;38.1585157;https://www.comune.palermo.it/amministrazione/unita_organizzativa/uo-staff-assessore/
settore;Area SUAP, Sviluppo Economico, Mercati e Lavoro;Ufficio Mercati Generali e rionali, servizi di trasporto pubblico, rilascio licenza NCC e taxi e pubblicità;Ufficio Mercati Generali e rionali, servizi di trasporto pubblico, rilascio licenza NCC e taxi e pubblicità;Gaetano Parrotta (Dirigente Amministrativo);SUAP;Via Ugo la Malfa, 34, 90146 Palermo PA, Italia;0917404625 / 0917404667;suapfacile@cert.comune.palermo.it / ufficioautonomomercatitrasportopubblicita@comune.palermo.it;suapfacile@cert.comune.palermo.it;13.316623;38.1585157;https://www.comune.palermo.it/amministrazione/unita_organizzativa/ufficio-mercati-generali-e-rionali-servizi-di-trasporto-pubblico-rilascio-licenza-ncc-e-taxi-e-pubblicita/
unita;Area SUAP, Sviluppo Economico, Mercati e Lavoro;Ufficio Mercati Generali e rionali, servizi di trasporto pubblico, rilascio licenza NCC e taxi e pubblicità;U.O. Direzione – Ufficio Mercati Generali e rionali, servizi di trasporto pubblico, rilascio licenza NCC e taxi e pubblicità;Valentina Antonietta Spinò (Funzionario Amministrativo);SUAP;Via Ugo la Malfa, 34, 90146 Palermo PA, Italia;0917404625;osppubblicita@cert.comune.palermo.it / ufficioautonomomercatitrasportopubblicita@comune.palermo.it;osppubblicita@cert.comune.palermo.it;13.316623;38.1585157;https://www.comune.palermo.it/amministrazione/unita_organizzativa/uo-direzione-ufficio-mercati-generali-e-rionali-servizi-di-trasporto-pubblico-rilascio-licenza-ncc-e-taxi-e-pubblicit/
unita;Area SUAP, Sviluppo Economico, Mercati e Lavoro;Ufficio Mercati Generali e rionali, servizi di trasporto pubblico, rilascio licenza NCC e taxi e pubblicità;U.O. Mercati Generali;Rosario Randazzo (Funzionario Tecnico);Ufficio Mercati Generali;Via Montepellegrino, 4, 90142 Palermo PA, Italia;0917406204 / 0917406218;mercati@comune.palermo.it / mercatigenerali@cert.comune.palermo.it;mercatigenerali@cert.comune.palermo.it;13.3579555;38.1380391;https://www.comune.palermo.it/amministrazione/unita_organizzativa/uo-mercati-generali/
unita;Area SUAP, Sviluppo Economico, Mercati e Lavoro;Ufficio Mercati Generali e rionali, servizi di trasporto pubblico, rilascio licenza NCC e taxi e pubblicità;U.O. Mercatini Rionali;Giuseppa Burgio (Esperto Tecnico Progettista);SUAP;Via Ugo la Malfa, 34, 90146 Palermo PA, Italia;0917404637;osppubblicita@cert.comune.palermo.it / ufficioautonomomercatitrasportopubblicita@comune.palermo.it;osppubblicita@cert.comune.palermo.it;13.316623;38.1585157;https://www.comune.palermo.it/amministrazione/unita_organizzativa/uo-mercatini-rionali/
unita;Area SUAP, Sviluppo Economico, Mercati e Lavoro;Ufficio Mercati Generali e rionali, servizi di trasporto pubblico, rilascio licenza NCC e taxi e pubblicità;U.O. Pubblicità e Affissioni;Roberto Taormina (Funzionario Polizia Municipale);SUAP;Via Ugo la Malfa, 34, 90146 Palermo PA, Italia;0917404661;osppubblicita@cert.comune.palermo.it / ufficioautonomomercatitrasportopubblicita@comune.palermo.it;osppubblicita@cert.comune.palermo.it;13.316623;38.1585157;https://www.comune.palermo.it/amministrazione/unita_organizzativa/uo-pubblicit-e-affissioni/
unita;Area SUAP, Sviluppo Economico, Mercati e Lavoro;Ufficio Mercati Generali e rionali, servizi di trasporto pubblico, rilascio licenza NCC e taxi e pubblicità;U.O. Sanzioni Pecuniarie, contenzioso pubblicità;Giuseppe Giacoppo (Funzionario Tecnico);SUAP;Via Ugo la Malfa, 34, 90146 Palermo PA, Italia;0917404615;osppubblicita@cert.comune.palermo.it / ufficioautonomomercatitrasportopubblicita@comune.palermo.it;osppubblicita@cert.comune.palermo.it;13.316623;38.1585157;https://www.comune.palermo.it/amministrazione/unita_organizzativa/uo-sanzioni-pecuniarie-contenzioso-pubblicit/
unita;Area SUAP, Sviluppo Economico, Mercati e Lavoro;Ufficio Mercati Generali e rionali, servizi di trasporto pubblico, rilascio licenza NCC e taxi e pubblicità;U.O. Trasporto Pubblico;Marcella Pedicone (Funzionario Amministrativo);SUAP;Via Ugo la Malfa, 34, 90146 Palermo PA, Italia;0917404613;osppubblicita@cert.comune.palermo.it / ufficioautonomomercatitrasportopubblicita@comune.palermo.it;osppubblicita@cert.comune.palermo.it;13.316623;38.1585157;https://www.comune.palermo.it/amministrazione/unita_organizzativa/uo-trasporto-pubblico/
area;Area Servizi Demografici e Decentramento;;Area Servizi Demografici e Decentramento;Alessandra Autore (Dirigente Amministrativo);Piazza Giulio Cesare, 52;P.za Giulio Cesare, 52, 90133 Palermo PA, Italia;0917403779;servizicittadini@comune.palermo.it / settoreservizicollettivita@cert.comune.palermo.it;settoreservizicollettivita@cert.comune.palermo.it;13.3660875;38.1106322;https://www.comune.palermo.it/amministrazione/unita_organizzativa/area-servizi-demografici-e-decentramento/
settore;Area Servizi Demografici e Decentramento;Capo Area responsabile anagrafe, stato civile ed elettorato;Capo Area responsabile anagrafe, stato civile ed elettorato;Alessandra Autore (Dirigente Amministrativo);Piazza Giulio Cesare, 52;P.za Giulio Cesare, 52, 90133 Palermo PA, Italia;091 7403779;anagrafe@cert.comune.palermo.it / anagrafe@comune.palermo.it / elettorato@cert.comune.palermo.it / servizioelettorato@comune.palermo.it / statocivile@cert.comune.palermo.it;anagrafe@cert.comune.palermo.it / elettorato@cert.comune.palermo.it / statocivile@cert.comune.palermo.it;13.3660875;38.1106322;https://www.comune.palermo.it/amministrazione/unita_organizzativa/capo-area-responsabile-anagrafe-stato-civile-ed-elettorato/
unita;Area Servizi Demografici e Decentramento;Capo Area responsabile anagrafe, stato civile ed elettorato;U.O. Anagrafe Italiani Residenti Estero;Elvira Cortigiano (Funzionario);Viale Lazio 119/A;Viale Lazio, 119/A , 90144 Palermo PA, Italia;0917405213;aire@cert.comune.palermo.it / uff.aire@comune.palermo.it;aire@cert.comune.palermo.it;13.3328917;38.1405837;https://www.comune.palermo.it/amministrazione/unita_organizzativa/uo-anagrafe-italiani-residenti-estero/
unita;Area Servizi Demografici e Decentramento;Capo Area responsabile anagrafe, stato civile ed elettorato;U.O. C.I.E.;Maria Panebianco (Istruttore Amministrativo);Viale Lazio 119/A;Viale Lazio, 119/A , 90144 Palermo PA, Italia;0917405231;anagrafe@cert.comune.palermo.it / ufficiocartedidentita@comune.palermo.it;anagrafe@cert.comune.palermo.it;13.3328917;38.1405837;https://www.comune.palermo.it/amministrazione/unita_organizzativa/uo-cie/
unita;Area Servizi Demografici e Decentramento;Capo Area responsabile anagrafe, stato civile ed elettorato;U.O. Cittadinanze;Giuseppa Tumminia (Funzionario Amministrativo);Piazza Giulio Cesare, 52;P.za Giulio Cesare, 52, 90133 Palermo PA, Italia;0917403747 / 0917403838;cittadinanza.prenotazionegiuramento@comune.palermo.it / cittadinanzerettifiche@comune.palermo.it / statocivile@cert.comune.palermo.it / statocivile@comune.palermo.it;statocivile@cert.comune.palermo.it;13.3660875;38.1106322;https://www.comune.palermo.it/amministrazione/unita_organizzativa/uo-cittadinanze/
unita;Area Servizi Demografici e Decentramento;Capo Area responsabile anagrafe, stato civile ed elettorato;U.O. Contabilità – Protocollo e Corrispondenza;Giulio Incardona (Funzionario Amministrativo);Piazza Giulio Cesare, 52;P.za Giulio Cesare, 52, 90133 Palermo PA, Italia;0917403723 / 0917403749 / 0917403773;statocivile@cert.comune.palermo.it / statocivile@comune.palermo.it;statocivile@cert.comune.palermo.it;13.3660875;38.1106322;https://www.comune.palermo.it/amministrazione/unita_organizzativa/uo-contabilit-protocollo-e-corrispondenza/
unita;Area Servizi Demografici e Decentramento;Capo Area responsabile anagrafe, stato civile ed elettorato;U.O. Direzione Anagrafe;Rosalia Sposito (Funzionario Amministrativo);Viale Lazio 119/A;Viale Lazio, 119/A , 90144 Palermo PA, Italia;0917405227;anagrafe@cert.comune.palermo.it / anagrafe@comune.palermo.it;anagrafe@cert.comune.palermo.it;13.3328917;38.1405837;https://www.comune.palermo.it/amministrazione/unita_organizzativa/uo-direzione-anagrafe/
unita;Area Servizi Demografici e Decentramento;Capo Area responsabile anagrafe, stato civile ed elettorato;U.O. Divorzi e regimi patrimoniali;Eugenio Di Maio (Istruttore Amministrativo);Piazza Giulio Cesare, 52;P.za Giulio Cesare, 52, 90133 Palermo PA, Italia;0917403755 / 0917403777;divorziregimipatrimoniali@comune.palermo.it / statocivile@cert.comune.palermo.it / statocivile@comune.palermo.it;statocivile@cert.comune.palermo.it;13.3660875;38.1106322;https://www.comune.palermo.it/amministrazione/unita_organizzativa/uo-divorzi-e-regimi-patrimoniali/
unita;Area Servizi Demografici e Decentramento;Capo Area responsabile anagrafe, stato civile ed elettorato;U.O. Elettorato – Cancellazioni;Laura Ferrigno (Istruttore Amministrativo);Piazza Giulio Cesare, 52;P.za Giulio Cesare, 52, 90133 Palermo PA, Italia;0917403794 / 0917403798 / 0917403811 / 0917403814;elettorato@cert.comune.palermo.it / servizioelettorato@comune.palermo.it;elettorato@cert.comune.palermo.it;13.3660875;38.1106322;https://www.comune.palermo.it/amministrazione/unita_organizzativa/uo-elettorato-cancellazioni/
unita;Area Servizi Demografici e Decentramento;Capo Area responsabile anagrafe, stato civile ed elettorato;U.O. Elettorato – Gestione Amministrativa- Aggiornamento Albi Presidenti e Scrutatori – Liste Aggiunte – CECIR.;Gabriella Micale (Funzionario Amministrativo);Piazza Giulio Cesare, 52;P.za Giulio Cesare, 52, 90133 Palermo PA, Italia;0917403707 / 0917403797;elettorato@cert.comune.palermo.it / elettoratocecir@cert.comune.palermo.it / elettoratocecir@comune.palermo.it / presidentiscrutatori@comune.palermo.it / servizioelettorato@comune.palermo.it;elettorato@cert.comune.palermo.it / elettoratocecir@cert.comune.palermo.it;13.3660875;38.1106322;https://www.comune.palermo.it/amministrazione/unita_organizzativa/uo-elettorato-gestione-amministrativa-aggiornamento-albi-presidenti-e-scrutatori-liste-aggiunte-cecir/
unita;Area Servizi Demografici e Decentramento;Capo Area responsabile anagrafe, stato civile ed elettorato;U.O. Elettorato – Territorio e Tessere Elettorali – Aggiornamento Albo Giudici Popolari;Alessandra Autore (Dirigente Amministrativo);Piazza Giulio Cesare, 52;P.za Giulio Cesare, 52, 90133 Palermo PA, Italia;0917403770 / 0917403804 / 0917403826 / 0917403832 / 0917403842;elettorato@cert.comune.palermo.it / servizioelettorato@comune.palermo.it;elettorato@cert.comune.palermo.it;13.3660875;38.1106322;https://www.comune.palermo.it/amministrazione/unita_organizzativa/uo-elettorato-territorio-e-tessere-elettorali-aggiornamento-albo-giudici-popolari/
unita;Area Servizi Demografici e Decentramento;Capo Area responsabile anagrafe, stato civile ed elettorato;U.O. Elettorato -Iscrizioni;Gabriella Micale (Funzionario Amministrativo);Piazza Giulio Cesare, 52;P.za Giulio Cesare, 52, 90133 Palermo PA, Italia;0917403703 / 0917403799 / 0917403807 / 0917403810 / 0917403815;elettorato@cert.comune.palermo.it / servizioelettorato@comune.palermo.it;elettorato@cert.comune.palermo.it;13.3660875;38.1106322;https://www.comune.palermo.it/amministrazione/unita_organizzativa/uo-elettorato-iscrizioni/
unita;Area Servizi Demografici e Decentramento;Capo Area responsabile anagrafe, stato civile ed elettorato;U.O. Gestione del Personale – Protocollo – Archivio;Alessandra Autore (Dirigente Amministrativo);Piazza Giulio Cesare, 52;P.za Giulio Cesare, 52, 90133 Palermo PA, Italia;0917403767 / 0917403779 / 0917403789 / 0917403824;servizicittadini@comune.palermo.it / settoreservizicollettivita@cert.comune.palermo.it;settoreservizicollettivita@cert.comune.palermo.it;13.3660875;38.1106322;https://www.comune.palermo.it/amministrazione/unita_organizzativa/uo-gestione-del-personale-protocollo-archivio/
unita;Area Servizi Demografici e Decentramento;Capo Area responsabile anagrafe, stato civile ed elettorato;U.O. Gestione Residenze;Domenica Viola (Istruttore Amministrativo);Viale Lazio 119/A;Viale Lazio, 119/A , 90144 Palermo PA, Italia;0917405221;cambioresidenza@comune.palermo.it / movimentoanagrafico@cert.comune.palermo.it;movimentoanagrafico@cert.comune.palermo.it;13.3328917;38.1405837;https://www.comune.palermo.it/amministrazione/unita_organizzativa/uo-gestione-residenze/
unita;Area Servizi Demografici e Decentramento;Capo Area responsabile anagrafe, stato civile ed elettorato;U.O. Matrimoni: iscrizioni e trascrizioni;Giulio Incardona (Funzionario Amministrativo);Piazza Giulio Cesare, 52;P.za Giulio Cesare, 52, 90133 Palermo PA, Italia;0917403752;statocivile@cert.comune.palermo.it / statocivile@comune.palermo.it;statocivile@cert.comune.palermo.it;13.3660875;38.1106322;https://www.comune.palermo.it/amministrazione/unita_organizzativa/uo-matrimoni-iscrizioni-e-trascrizioni/
unita;Area Servizi Demografici e Decentramento;Capo Area responsabile anagrafe, stato civile ed elettorato;U.O. Morti Nascite ed Adozioni: dichiarazioni e trascrizioni;Anna Caruso (Funzionario Amministrativo);Piazza Giulio Cesare, 52;P.za Giulio Cesare, 52, 90133 Palermo PA, Italia;0917403729 / 0917403734 / 0917403781;statocivile@cert.comune.palermo.it / statocivile@comune.palermo.it;statocivile@cert.comune.palermo.it;13.3660875;38.1106322;https://www.comune.palermo.it/amministrazione/unita_organizzativa/uo-morti-nascite-ed-adozioni-dichiarazioni-e-trascrizioni/
unita;Area Servizi Demografici e Decentramento;Capo Area responsabile anagrafe, stato civile ed elettorato;U.O. Redazione proposte di annotazioni e rilascio certificazioni;Fabio Cutuli (Istruttore Amministrativo);Piazza Giulio Cesare, 52;P.za Giulio Cesare, 52, 90133 Palermo PA, Italia;0917403718 / 0917403783;certificazionicopieintegrali@comune.palermo.it / statocivile@cert.comune.palermo.it / statocivile@comune.palermo.it;statocivile@cert.comune.palermo.it;13.3660875;38.1106322;https://www.comune.palermo.it/amministrazione/unita_organizzativa/uo-redazione-proposte-di-annotazioni-e-rilascio-certificazioni/
unita;Area Servizi Demografici e Decentramento;Capo Area responsabile anagrafe, stato civile ed elettorato;U.O. Rilascio Certificati Storici;Rosalia Sposito (Funzionario Amministrativo);Viale Lazio 119/A;Viale Lazio, 119/A , 90144 Palermo PA, Italia;0917405215;certanagrafichestoriche@cert.comune.palermo.it;certanagrafichestoriche@cert.comune.palermo.it;13.3328917;38.1405837;https://www.comune.palermo.it/amministrazione/unita_organizzativa/uo-rilascio-certificati-storici/
unita;Area Servizi Demografici e Decentramento;Capo Area responsabile anagrafe, stato civile ed elettorato;U.O. Segreteria Amministrativa- Leva- Rettifiche;Giulio Incardona (Funzionario Amministrativo);Piazza Giulio Cesare, 52;P.za Giulio Cesare, 52, 90133 Palermo PA, Italia;0917403731 / 0917403732 / 0917403737 / 0917403741;statocivile@cert.comune.palermo.it / statocivile@comune.palermo.it;statocivile@cert.comune.palermo.it;13.3660875;38.1106322;https://www.comune.palermo.it/amministrazione/unita_organizzativa/uo-segreteria-amministrativa-leva-rettifiche/
unita;Area Servizi Demografici e Decentramento;Capo Area responsabile anagrafe, stato civile ed elettorato;U.O. Segreteria di Direzione – Affari Generali – Economato – Sicurezza;Alessandra Autore (Dirigente Amministrativo);Piazza Giulio Cesare, 52;P.za Giulio Cesare, 52, 90133 Palermo PA, Italia;0917403774 / 0917403805 / 0917403808 / 0917403825;servizicittadini@comune.palermo.it / settoreservizicollettivita@cert.comune.palermo.it;settoreservizicollettivita@cert.comune.palermo.it;13.3660875;38.1106322;https://www.comune.palermo.it/amministrazione/unita_organizzativa/uo-segreteria-di-direzione-affari-generali-economato-sicurezza/
unita;Area Servizi Demografici e Decentramento;Capo Area responsabile anagrafe, stato civile ed elettorato;U.O. Stranieri e rettifiche anagrafiche;Mattea Anello (Funzionario Amministrativo);Viale Lazio 119/A;Viale Lazio, 119/A , 90144 Palermo PA, Italia;091 7405279;stranieri@cert.comune.palermo.it / ufficiostranieri@comune.palermo.it;stranieri@cert.comune.palermo.it;13.3328917;38.1405837;https://www.comune.palermo.it/amministrazione/unita_organizzativa/uo-stranieri-e-rettifiche-anagrafiche/
settore;Area Servizi Demografici e Decentramento;Capo Area Servizi Demografici e Decentramento;Capo Area Servizi Demografici e Decentramento;Alessandra Autore (Dirigente Amministrativo);Piazza Giulio Cesare, 52;P.za Giulio Cesare, 52, 90133 Palermo PA, Italia;0917403779;servizicittadini@comune.palermo.it / settoreservizicollettivita@cert.comune.palermo.it;settoreservizicollettivita@cert.comune.palermo.it;13.3660875;38.1106322;https://www.comune.palermo.it/amministrazione/unita_organizzativa/capo-area-servizi-demografici-e-decentramento/
settore;Area Servizi Demografici e Decentramento;Ufficio autonomo circoscrizioni e postazioni decentrate;Ufficio autonomo circoscrizioni e postazioni decentrate;Giuseppina Patrizia Arena (Dirigente Amministrativo);Piazza Giulio Cesare, 52;P.za Giulio Cesare, 52, 90133 Palermo PA, Italia;0917401111 / 0917403830;coordinamentocircoscrizioni@cert.comune.palermo.it / ufficioautonomocircoscrizioni@comune.palermo.it;coordinamentocircoscrizioni@cert.comune.palermo.it;13.3660875;38.1106322;https://www.comune.palermo.it/amministrazione/unita_organizzativa/ufficio-autonomo-circoscrizioni-e-postazioni-decentrate/
unita;Area Servizi Demografici e Decentramento;Ufficio autonomo circoscrizioni e postazioni decentrate;U.O. Circ. I – Direzione/Organi Istituzionali;Antonino Pagano (Funzionario Amministrativo);Piazza Giulio Cesare, 52;P.za Giulio Cesare, 52, 90133 Palermo PA, Italia;0917403705 / 0917403821;primacircoscrizione@cert.comune.palermo.it / primacircoscrizione@comune.palermo.it;primacircoscrizione@cert.comune.palermo.it;13.3660875;38.1106322;https://www.comune.palermo.it/amministrazione/unita_organizzativa/uo-circ-i-direzioneorgani-istituzionali/
unita;Area Servizi Demografici e Decentramento;Ufficio autonomo circoscrizioni e postazioni decentrate;U.O. Circ. I – Sportello Polifunzionale;Corrado Di Prima (Funzionario Amministrativo);Piazza Giulio Cesare, 52;P.za Giulio Cesare, 52, 90133 Palermo PA, Italia;0917403721;primacircoscrizione@cert.comune.palermo.it / sportellopolifunzionaleprimacircoscrizione@comune.palermo.it;primacircoscrizione@cert.comune.palermo.it;13.3660875;38.1106322;https://www.comune.palermo.it/amministrazione/unita_organizzativa/uo-circ-i-sportello-polifunzionale/
unita;Area Servizi Demografici e Decentramento;Ufficio autonomo circoscrizioni e postazioni decentrate;U.O. Circ. II – Direzione/Organi Istituzionali;Giovanna Lota' (Funzionario Contabile);Via San Ciro, 15;Via S. Ciro, 15, 90124 Palermo PA, Italia;0917409624 / 0917409625;secondacircoscrizione@cert.comune.palermo.it / secondacircoscrizione@comune.palermo.it;secondacircoscrizione@cert.comune.palermo.it;13.3832624;38.0947897;https://www.comune.palermo.it/amministrazione/unita_organizzativa/uo-circ-ii-direzioneorgani-istituzionali/
unita;Area Servizi Demografici e Decentramento;Ufficio autonomo circoscrizioni e postazioni decentrate;U.O. Circ. II – Sportello Polifunzionale;Giovanna Lota' (Funzionario Contabile);Via San Ciro, 15;Via S. Ciro, 15, 90124 Palermo PA, Italia;0917409618;secondacircoscrizione@cert.comune.palermo.it / sportellopolifunzionalesecondacircoscrizione@comune.palermo.it;secondacircoscrizione@cert.comune.palermo.it;13.3832624;38.0947897;https://www.comune.palermo.it/amministrazione/unita_organizzativa/uo-circ-ii-sportello-polifunzionale/
unita;Area Servizi Demografici e Decentramento;Ufficio autonomo circoscrizioni e postazioni decentrate;U.O. Circ. III – Direzione/Organi Istituzionali;Lucia Di Grigoli (Funzionario Contabile);Via F. La Colla, 48/52;Via la Colla Francesco, 48, 90124 Palermo PA, Italia;0917407509 / 0917407518 / 0917407524 / 0917407527;terzacircoscrizione@cert.comune.palermo.it / terzacircoscrizione@comune.palermo.it;terzacircoscrizione@cert.comune.palermo.it;13.3727514;38.101185;https://www.comune.palermo.it/amministrazione/unita_organizzativa/uo-circ-iii-direzioneorgani-istituzionali/
unita;Area Servizi Demografici e Decentramento;Ufficio autonomo circoscrizioni e postazioni decentrate;U.O. Circ. III – Sportello Polifunzionale;Lucia Di Grigoli (Funzionario Contabile);Via F. La Colla, 48/52;Via la Colla Francesco, 48, 90124 Palermo PA, Italia;0917407520 / 0917407522 / 0917407525 / 0917407527;sportellopolifunzionaleterzacircoscrizione@comune.palermo.it / terzacircoscrizione@cert.comune.palermo.it;terzacircoscrizione@cert.comune.palermo.it;13.3727514;38.101185;https://www.comune.palermo.it/amministrazione/unita_organizzativa/uo-circ-iii-sportello-polifunzionale/
unita;Area Servizi Demografici e Decentramento;Ufficio autonomo circoscrizioni e postazioni decentrate;U.O. Circ. IV – Direzione/Organi Istituzionali;Maria Luisa Fricano (Funzionario Amministrativo);Viale Regione Siciliana Nord/Ovest n° 95;Viale della Regione Siciliana Nord Ovest, 95, 90129 Palermo PA, Italia;0917409502 / 0917409526;quartacircoscrizione@cert.comune.palermo.it / quartacircoscrizione@comune.palermo.it;quartacircoscrizione@cert.comune.palermo.it;13.3309621;38.1041057;https://www.comune.palermo.it/amministrazione/unita_organizzativa/uo-circ-iv-direzioneorgani-istituzionali/
unita;Area Servizi Demografici e Decentramento;Ufficio autonomo circoscrizioni e postazioni decentrate;U.O. Circ. IV – Sportello Polifunzionale;Antonella Cosentino (Funzionario Amministrativo);Viale Regione Siciliana Nord/Ovest n° 95;Viale della Regione Siciliana Nord Ovest, 95, 90129 Palermo PA, Italia;0917409518 / 0917409519;quartacircoscrizione@cert.comune.palermo.it / sportellopolifunzionalequartacircoscrizione@comune.palermo.it;quartacircoscrizione@cert.comune.palermo.it;13.3309621;38.1041057;https://www.comune.palermo.it/amministrazione/unita_organizzativa/circ-iv-sportello-polifunzionale/
unita;Area Servizi Demografici e Decentramento;Ufficio autonomo circoscrizioni e postazioni decentrate;U.O. Circ. V – Direzione/Organi Istituzionali;Francesco Castellana (Funzionario Amministrativo);Largo Pozzillo, 7;Largo Pozzillo, 7, 90135 Palermo PA, Italia;0917408082 / 0917409251 / 0917409255 / 0917409269;p.ciaperoni@comune.palermo.it / quintacircoscrizione@cert.comune.palermo.it / quintacircoscrizione@comune.palermo.it;quintacircoscrizione@cert.comune.palermo.it;13.299314;38.1283856;https://www.comune.palermo.it/amministrazione/unita_organizzativa/uo-circ-v-direzioneorgani-istituzionali/
unita;Area Servizi Demografici e Decentramento;Ufficio autonomo circoscrizioni e postazioni decentrate;U.O. Circ. V – Sportello Polifunzionale;Francesco Castellana (Funzionario Amministrativo);Largo Pozzillo, 7;Largo Pozzillo, 7, 90135 Palermo PA, Italia;0917408083 / 0917408090;quintacircoscrizione@cert.comune.palermo.it / rosa.citelli@comune.palermo.it / sportellopolifunzionalequintacircoscrizione@comune.palermo.it;quintacircoscrizione@cert.comune.palermo.it;13.299314;38.1283856;https://www.comune.palermo.it/amministrazione/unita_organizzativa/uo-circ-v-sportello-polifunzionale/
unita;Area Servizi Demografici e Decentramento;Ufficio autonomo circoscrizioni e postazioni decentrate;U.O. Circ. VI – Direzione/Organi Istituzionali;Francesco Militello (Funzionario Amministrativo);Via Monte San Calogero, 26/28;Via Monte San Calogero, 26/28 - 90146 Palermo PA, Italia;0917407650 / 0917407651 / 0917407655 / 0917407673;sestacircoscrizione@cert.comune.palermo.it / sestacircoscrizione@comune.palermo.it;sestacircoscrizione@cert.comune.palermo.it;13.3254173;38.1535917;https://www.comune.palermo.it/amministrazione/unita_organizzativa/uo-circ-vi-direzioneorgani-istituzionali/
unita;Area Servizi Demografici e Decentramento;Ufficio autonomo circoscrizioni e postazioni decentrate;U.O. Circ. VI – Sportello polifunzionale;Francesco Militello (Funzionario Amministrativo);Via Monte San Calogero, 26/28;Via Monte San Calogero, 26/28 - 90146 Palermo PA, Italia;0917407651 / 0917407652;sestacircoscrizione@cert.comune.palermo.it / sportellopolifunzionalesestacircoscrizione@comune.palermo.it;sestacircoscrizione@cert.comune.palermo.it;13.3254173;38.1535917;https://www.comune.palermo.it/amministrazione/unita_organizzativa/uo-circvi-sportello-polifunzionale/
unita;Area Servizi Demografici e Decentramento;Ufficio autonomo circoscrizioni e postazioni decentrate;U.O. Circ. VII – Direzione/Organi Istituzionali;Ettore Pinsolo (Funzionario amministrativo);Via Eleonora Duse, 31;Via Eleonora Duse, 31, 90146 Palermo PA, Italia;0917409422 / 0917409427;organistituzionalisettimacircoscrizione@comune.palermo.it / settimacircoscrizione@cert.comune.palermo.it / settimacircoscrizione@comune.palermo.it;settimacircoscrizione@cert.comune.palermo.it;13.3187865;38.1711424;https://www.comune.palermo.it/amministrazione/unita_organizzativa/uo-circ-vii-direzioneorgani-istituzionali/
unita;Area Servizi Demografici e Decentramento;Ufficio autonomo circoscrizioni e postazioni decentrate;U.O. Circ. VII – Sportello Polifunzionale;Ettore Pinsolo (Funzionario amministrativo);Via Eleonora Duse, 31;Via Eleonora Duse, 31, 90146 Palermo PA, Italia;0917409423;settimacircoscrizione@cert.comune.palermo.it / sportellopolifunzionalesettimacircoscrizione@comune.palermo.it;settimacircoscrizione@cert.comune.palermo.it;13.3187865;38.1711424;https://www.comune.palermo.it/amministrazione/unita_organizzativa/uo-circ-vii-sportello-polifunzionale/
unita;Area Servizi Demografici e Decentramento;Ufficio autonomo circoscrizioni e postazioni decentrate;U.O. Circ. VIII – Sportello Polifunzionale;Anna Benassai (Istruttore Amministrativo);Via Enrico Fileti 19;Via Enrico Fileti, 19, 90142 Palermo PA, Italia;0917407407 / 0917407413;ottavacircoscrizione@cert.comune.palermo.it / ottavacircoscrizione@comune.palermo.it / pd.montepellegrino@comune.palermo.it / sportellopolifunzionaleottavacircoscrizione@comune.palermo.it;;13.3646413;38.1424432;https://www.comune.palermo.it/amministrazione/unita_organizzativa/uo-circ-viii-sportello-polifunzionale/
unita;Area Servizi Demografici e Decentramento;Ufficio autonomo circoscrizioni e postazioni decentrate;U.O. Circ. VIII Direzione/Organi Istituzionali;Vincenzo Renato Di Prima (Responsabile di U.O.);Via Enrico Fileti 19;Via Enrico Fileti, 19, 90142 Palermo PA, Italia;0917407412 / 0917407419;ottavacircoscrizione@cert.comune.palermo.it / ottavacircoscrizione@comune.palermo.it / pd.montepellegrino@comune.palermo.it / sportellopolifunzionaleottavacircoscrizione@comune.palermo.it;;13.3646413;38.1424432;https://www.comune.palermo.it/amministrazione/unita_organizzativa/uo-circ-viii-direzioneorgani-istituzionali/
unita;Area Servizi Demografici e Decentramento;Ufficio autonomo circoscrizioni e postazioni decentrate;U.O. P.D. Boccadifalco;Monica Rizzuto (Istruttore Amministrativo);Piazza Pietro Micca n° 26;Piazza Pietro Micca, 26, 90136 Palermo PA, Italia;0917408300 / 0917408303;boccadifalco@cert.comune.palermo.it / m.rizzuto@comune.palermo.it / pd.boccadifalco@comune.palermo.it;boccadifalco@cert.comune.palermo.it;13.3088104;38.1090705;https://www.comune.palermo.it/amministrazione/unita_organizzativa/uo-pd-boccadifalco/
unita;Area Servizi Demografici e Decentramento;Ufficio autonomo circoscrizioni e postazioni decentrate;U.O. P.D. Borgo Nuovo;Pietro Palumberi (Istruttore Contabile);Largo Pozzillo, 7;Largo Pozzillo, 7, 90135 Palermo PA, Italia;0917409252;borgonuovo@cert.comune.palermo.it / p.palumberi@comune.palermo.it / pd.borgonuovo@comune.palermo.it;borgonuovo@cert.comune.palermo.it;13.299314;38.1283856;https://www.comune.palermo.it/amministrazione/unita_organizzativa/uo-pd-borgo-nuovo/
unita;Area Servizi Demografici e Decentramento;Ufficio autonomo circoscrizioni e postazioni decentrate;U.O. P.D. Brancaccio Settecannoli;Giovanna Lota' (Funzionario Contabile);Via San Ciro, 15;Via S. Ciro, 15, 90124 Palermo PA, Italia;091 7409637;g.lota@comune.palermo.it / pd.brancaccio@cert.comune.palermo.it / pd.brancaccio@comune.palermo.it;pd.brancaccio@cert.comune.palermo.it;13.3832624;38.0947897;https://www.comune.palermo.it/amministrazione/unita_organizzativa/uo-pd-brancaccio-settecannoli/
unita;Area Servizi Demografici e Decentramento;Ufficio autonomo circoscrizioni e postazioni decentrate;U.O. P.D. Capinere;Vincenza Gargano (Istruttore Amministrativo);Via G. Scaccia, 2;Via Girolamo Scaccia, 2, 90125 Palermo PA, Italia;0917408660 / 0917408661 / 0917408662;pd.capinere@cert.comune.palermo.it / pd.capinere@comune.palermo.it / v.gargano@comune.palermo.it;pd.capinere@cert.comune.palermo.it;13.3533027;38.0882453;https://www.comune.palermo.it/amministrazione/unita_organizzativa/uo-pd-capinere/
unita;Area Servizi Demografici e Decentramento;Ufficio autonomo circoscrizioni e postazioni decentrate;U.O. P.D. Mezzomonreale;Maria Rosaria Alimena (Istruttore Amministrativo);Viale Regione Siciliana Nord/Ovest n° 95;Viale della Regione Siciliana Nord Ovest, 95, 90129 Palermo PA, Italia;0917409500 / 0917409514 / 0917409515;m.r.alimena@comune.palermo.it / pd.mezzomonreale@comune.palermo.it / quartacircoscrizione@cert.comune.palermo.it;quartacircoscrizione@cert.comune.palermo.it;13.3309621;38.1041057;https://www.comune.palermo.it/amministrazione/unita_organizzativa/uo-pd-mezzomonreale/
unita;Area Servizi Demografici e Decentramento;Ufficio autonomo circoscrizioni e postazioni decentrate;U.O. P.D. Montepellegrino;Caterina Vitali;Via Enrico Fileti 19;Via Enrico Fileti, 19, 90142 Palermo PA, Italia;0917407419;caterina.vitali@comune.palermo.it / pd.montepellegrino@cert.comune.palermo.it / pd.montepellegrino@comune.palermo.it;pd.montepellegrino@cert.comune.palermo.it;13.3646413;38.1424432;https://www.comune.palermo.it/amministrazione/unita_organizzativa/uo-pd-montepellegrino/
unita;Area Servizi Demografici e Decentramento;Ufficio autonomo circoscrizioni e postazioni decentrate;U.O. P.D. Noce Malaspina;Silvana Roccella (Istruttore Contabile);Via Generale Sirtori, 31;Via Generale Giuseppe Sirtori, 31, 90145 Palermo PA, Italia;0917409080;pd.nocemalaspina@cert.comune.palermo.it / pd.nocemalaspina@comune.palermo.it / s.roccella@comune.palermo.it;pd.nocemalaspina@cert.comune.palermo.it;13.3408398;38.1273709;https://www.comune.palermo.it/amministrazione/unita_organizzativa/uo-pd-noce-malaspina/
unita;Area Servizi Demografici e Decentramento;Ufficio autonomo circoscrizioni e postazioni decentrate;U.O. P.D. Pallavicino;Valeria Bellavia (Istruttore Amministrativo);Via Eleonora Duse, 31;Via Eleonora Duse, 31, 90146 Palermo PA, Italia;0917409440;pd.pallavicino@cert.comune.palermo.it / pd.pallavicino@comune.palermo.it / v.bellavia@comune.palermo.it;pd.pallavicino@cert.comune.palermo.it;13.3187865;38.1711424;https://www.comune.palermo.it/amministrazione/unita_organizzativa/uo-pd-pallavicino/
unita;Area Servizi Demografici e Decentramento;Ufficio autonomo circoscrizioni e postazioni decentrate;U.O. P.D. Piazza Marina;Iole Maria De Luca (Istruttore Amministrativo);Piazza Marina, 44;Piazza Marina, 44, 90133 Palermo PA, Italia;0916166387;i.m.deluca@comune.palermo.it / pd.piazzamarina@cert.comune.palermo.it / pd.piazzamarina@comune.palermo.it;pd.piazzamarina@cert.comune.palermo.it;13.3691089;38.1168163;https://www.comune.palermo.it/amministrazione/unita_organizzativa/uo-pd-piazza-marina/
unita;Area Servizi Demografici e Decentramento;Ufficio autonomo circoscrizioni e postazioni decentrate;U.O. P.D. Resuttana San Lorenzo;Arianna Bucaro (Istruttore Contabile);Via Monte San Calogero, 26/28;Via Monte San Calogero, 26/28 - 90146 Palermo PA, Italia;0917407652 / 0917407665 / 0917407698;a.bucaro@comune.palermo.it / pd.resuttana@comune.palermo.it / resuttana@cert.comune.palermo.it;resuttana@cert.comune.palermo.it;13.3254173;38.1535917;https://www.comune.palermo.it/amministrazione/unita_organizzativa/uo-pd-resuttana-san-lorenzo/
unita;Area Servizi Demografici e Decentramento;Ufficio autonomo circoscrizioni e postazioni decentrate;U.O. P.D. Tricomi;Maria Luisa Fricano (Funzionario Amministrativo);Via Tricomi, 14/A;Via Ernesto Tricomi, 14/A, 90128 Palermo PA, Italia;0917408640 / 0917408641 / 0917408642;pd.tricomi@comune.palermo.it / r.nicosia@comune.palermo.it / tricomi@cert.comune.palermo.it;tricomi@cert.comune.palermo.it;13.3548696;38.1026977;https://www.comune.palermo.it/amministrazione/unita_organizzativa/uo-pd-tricomi/
unita;Area Servizi Demografici e Decentramento;Ufficio autonomo circoscrizioni e postazioni decentrate;U.O. Staff Dirigente di Servizio;;Piazza Giulio Cesare, 52;P.za Giulio Cesare, 52, 90133 Palermo PA, Italia;0917403721;a.pagano@comune.palermo.it / ufficioautonomocircoscrizioni@comune.palermo.it;;13.3660875;38.1106322;https://www.comune.palermo.it/amministrazione/unita_organizzativa/uo-staff-dirigente-di-servizio/
area;Area Società Partecipate;;Area Società Partecipate;Roberto Giacomo Pulizzi (Dirigente Amministrativo);Palazzo Galletti di S. Cataldo;Piazza Marina, 46, 90133 Palermo PA;0917406360;controlloaefsocietapartecipate@cert.comune.palermo.it / controlloaefsocietapartecipate@comune.palermo.it;controlloaefsocietapartecipate@cert.comune.palermo.it;13.3668992;38.1170384;https://www.comune.palermo.it/amministrazione/unita_organizzativa/area-societa-partecipate/
settore;Area Società Partecipate;Capo Area Responsabile per le Società Partecipate;Capo Area Responsabile per le Società Partecipate;Roberto Giacomo Pulizzi (Dirigente Amministrativo);Palazzo Galletti di S. Cataldo;Piazza Marina, 46, 90133 Palermo PA;0917406361 / 0917406369;controlloaefsocietapartecipate@cert.comune.palermo.it / controlloaefsocietapartecipate@comune.palermo.it;controlloaefsocietapartecipate@cert.comune.palermo.it;13.3668992;38.1170384;https://www.comune.palermo.it/amministrazione/unita_organizzativa/capo-area-responsabile-per-le-societ-partecipate/
unita;Area Società Partecipate;Capo Area Responsabile per le Società Partecipate;U.O. Controllo delle Società Partecipate AMAT, AMG Energia, SISPI, GESAP, Fondazione Teatro Massimo, Associazione Teatro Biondo.;Mario Antonio Scibetta (Funzionario Amministrativo);Palazzo Galletti di S. Cataldo;Piazza Marina, 46, 90133 Palermo PA;0917406332;controlloaefsocietapartecipate@cert.comune.palermo.it / controlloaefsocietapartecipate@comune.palermo.it;controlloaefsocietapartecipate@cert.comune.palermo.it;13.3668992;38.1170384;https://www.comune.palermo.it/amministrazione/unita_organizzativa/uo-controllo-delle-societ-partecipate-amat-amg-energia-sispi-gesap-fondazione-teatro-massimo-associazione-teatro-biondo/
unita;Area Società Partecipate;Capo Area Responsabile per le Società Partecipate;U.O. Controllo delle Società Partecipate RAP, RESET, SRR, AMAP, ATI IDRICO, Acquedotto Biviere;Francesco Paolo Dottore (Funzionario Amministrativo);Palazzo Galletti di S. Cataldo;Piazza Marina, 46, 90133 Palermo PA;0917406313;controlloaefsocietapartecipate@cert.comune.palermo.it / controlloaefsocietapartecipate@comune.palermo.it;controlloaefsocietapartecipate@cert.comune.palermo.it;13.3668992;38.1170384;https://www.comune.palermo.it/amministrazione/unita_organizzativa/uo-controllo-delle-societ-partecipate-rap-reset-srr-amap-ati-idrico-acquedotto-biviere/
unita;Area Società Partecipate;Capo Area Responsabile per le Società Partecipate;U.O. Staff dell’Assessore alle società Partecipate;Caterina Baudo (Funzionario Amministrativo);Palazzo Galletti di S. Cataldo;Piazza Marina, 46, 90133 Palermo PA;0917406323;controlloaefsocietapartecipate@cert.comune.palermo.it / controlloaefsocietapartecipate@comune.palermo.it;controlloaefsocietapartecipate@cert.comune.palermo.it;13.3668992;38.1170384;https://www.comune.palermo.it/amministrazione/unita_organizzativa/uo-staff-dellassessore-alle-societ-partecipate/
unita;Area Società Partecipate;Capo Area Responsabile per le Società Partecipate;U.O. Ufficio di Staff del Capo Area e Gestione del personale;Rosalba D'Antoni (Funzionario Amministrativo);Palazzo Galletti di S. Cataldo;Piazza Marina, 46, 90133 Palermo PA;0917406331 / 0917406367;controlloaefsocietapartecipate@cert.comune.palermo.it / controlloaefsocietapartecipate@comune.palermo.it;controlloaefsocietapartecipate@cert.comune.palermo.it;13.3668992;38.1170384;https://www.comune.palermo.it/amministrazione/unita_organizzativa/uo-ufficio-di-staff-del-capo-area-e-gestione-del-personale/
settore;Area Società Partecipate;Ufficio controllo economico finanziario società partecipate;Ufficio controllo economico finanziario società partecipate;Maurizio Pedicone (Dirigente Amministrativo);Palazzo Galletti di S. Cataldo;Piazza Marina, 46, 90133 Palermo PA;091 7406360;controlloaefsocietapartecipate@cert.comune.palermo.it / controlloaefsocietapartecipate@comune.palermo.it;controlloaefsocietapartecipate@cert.comune.palermo.it;13.3668992;38.1170384;https://www.comune.palermo.it/amministrazione/unita_organizzativa/ufficio-controllo-economico-finanziario-societ-partecipate/
unita;Area Società Partecipate;Ufficio controllo economico finanziario società partecipate;U.O. Controllo delle società partecipate AMAT spa, AMG Energia spa, Sispi spa, Gesap, Fondazione Teatro Massimo, Associazione Teatro Biondo e altre partecipazioni minori;Francesco Paolo Sanfilippo (Funzionario Contabile);Palazzo Galletti di S. Cataldo;Piazza Marina, 46, 90133 Palermo PA;091 7401111 / 091 7406324 / 091 7406330 / 091 7406360;controlloaefsocietapartecipate@comune.palermo.it / controlloecofinpartecipate@cert.comune.palermo.it / controlloecofinpartecipate@comune.palermo.it;controlloecofinpartecipate@cert.comune.palermo.it;13.3668992;38.1170384;https://www.comune.palermo.it/amministrazione/unita_organizzativa/uo-controllo-delle-societ-partecipate-amat-spa-amg-energia-spa-sispi-spa-gesap-fondazione-teatro-massimo-associazione-teatro-biondo-e-altre-partecipazioni-minori/
unita;Area Società Partecipate;Ufficio controllo economico finanziario società partecipate;U.O. Controllo delle società partecipate RAP spa, Reset s.c.p.a., SRR, Amap spa, ATI idrico, Acquedotto Biviere;Francesco Paolo Sanfilippo (Funzionario Contabile);Palazzo Galletti di S. Cataldo;Piazza Marina, 46, 90133 Palermo PA;091 7401111 / 091 7406324 / 091 7406330 / 091 7406360;controlloaefsocietapartecipate@comune.palermo.it / controlloecofinpartecipate@cert.comune.palermo.it / controlloecofinpartecipate@comune.palermo.it;controlloecofinpartecipate@cert.comune.palermo.it;13.3668992;38.1170384;https://www.comune.palermo.it/amministrazione/unita_organizzativa/uo-controllo-delle-societ-partecipate-rap-spa-reset-scpa-srr-amap-spa-ati-idrico-acquedotto-biviere/
area;Area Urbanistica della rigenerazione urbana, della mobilità e del centro storico;;Area Urbanistica della rigenerazione urbana, della mobilità e del centro storico;Marco Ciralli (Dirigente Tecnico);Polo Tecnico;Via Ausonia, 69, 90144 Palermo PA, Italia;0917401533 / 0917401535;pianificazioneterritoriale@cert.comune.palermo.it / pianificazioneterritoriale@comune.palermo.it;pianificazioneterritoriale@cert.comune.palermo.it;13.3350655;38.1489097;https://www.comune.palermo.it/amministrazione/unita_organizzativa/area-urbanistica-della-rigenerazione-urbana-della-mobilita-e-del-centro-storico/
settore;Area Urbanistica della rigenerazione urbana, della mobilità e del centro storico;Capo Area responsabile della pianificazione urbanistica;Capo Area responsabile della pianificazione urbanistica;Marco Ciralli (Dirigente Tecnico);Polo Tecnico;Via Ausonia, 69, 90144 Palermo PA, Italia;0917401533 / 0917401535;pianificazioneterritoriale@cert.comune.palermo.it / pianificazioneterritoriale@comune.palermo.it;pianificazioneterritoriale@cert.comune.palermo.it;13.3350655;38.1489097;https://www.comune.palermo.it/amministrazione/unita_organizzativa/capo-area-responsabile-della-pianificazione-urbanistica/
unita;Area Urbanistica della rigenerazione urbana, della mobilità e del centro storico;Capo Area responsabile della pianificazione urbanistica;U.O. Certificazione P.R.G. e Contenzioso;Vincenzo Collura (Funzionario Tecnico);Polo Tecnico;Via Ausonia, 69, 90144 Palermo PA, Italia;0917401357 / 0917401375;gestionestrumentiurbanistici@comune.palermo.it / pianificazioneterritoriale@cert.comune.palermo.it / v.collura@comune.palermo.it;pianificazioneterritoriale@cert.comune.palermo.it;13.3350655;38.1489097;https://www.comune.palermo.it/amministrazione/unita_organizzativa/uo-certificazione-prg-e-contenzioso/
unita;Area Urbanistica della rigenerazione urbana, della mobilità e del centro storico;Capo Area responsabile della pianificazione urbanistica;U.O. Segreteria Amministrativa in Staff al Capo Area – Spese di Funzionamento – Economato – Gestione del Personale;Vita Mandala' (Funzionario Amministrativo);Polo Tecnico;Via Ausonia, 69, 90144 Palermo PA, Italia;0917401609;p.sampino@comune.palermo.it / pianificazioneterritoriale@cert.comune.palermo.it / pianificazioneterritoriale@comune.palermo.it;pianificazioneterritoriale@cert.comune.palermo.it;13.3350655;38.1489097;https://www.comune.palermo.it/amministrazione/unita_organizzativa/uo-segreteria-amministrativa-in-staff-al-capo-area-spese-di-funzionamento-economato-gestione-del-personale/
settore;Area Urbanistica della rigenerazione urbana, della mobilità e del centro storico;Ufficio condono, sanatorie edilizie e abusivismo;Ufficio condono, sanatorie edilizie e abusivismo;Sebastiano Cucuzza (Dirigente Tecnico);Polo Tecnico;Via Ausonia, 69, 90144 Palermo PA, Italia;0917401244;condonoedilizio@comune.palermo.it / controlloterritorio@cert.comune.palermo.it / controlloterritorio@comune.palermo.it;controlloterritorio@cert.comune.palermo.it;13.3350655;38.1489097;https://www.comune.palermo.it/amministrazione/unita_organizzativa/ufficio-condono-sanatorie-edilizie-e-abusivismo/
unita;Area Urbanistica della rigenerazione urbana, della mobilità e del centro storico;Ufficio condono, sanatorie edilizie e abusivismo;U.O. Affari Generali e Archivio Abusivismo;Antonino Di Falco (Funzionario Tecnico Ingegnere - Progettista);Polo Tecnico;Via Ausonia, 69, 90144 Palermo PA, Italia;0917401344;controllodelterritorio@comune.palermo.it / controllodeterittorio@cert.comune.palermo.it;controllodeterittorio@cert.comune.palermo.it;13.3350655;38.1489097;https://www.comune.palermo.it/amministrazione/unita_organizzativa/uo-affari-generali-e-archivio-abusivismo/
unita;Area Urbanistica della rigenerazione urbana, della mobilità e del centro storico;Ufficio condono, sanatorie edilizie e abusivismo;U.O. Affari Generali e Archivio Condono;Claudio Pecoraro (Funzionario Amministrativo);Polo Tecnico;Via Ausonia, 69, 90144 Palermo PA, Italia;0917401282;condonoedilizio@cert.comune.palermo.it / condonoedilizio@comune.palermo.it;condonoedilizio@cert.comune.palermo.it;13.3350655;38.1489097;https://www.comune.palermo.it/amministrazione/unita_organizzativa/uo-affari-generali-e-archivio-condono/
unita;Area Urbanistica della rigenerazione urbana, della mobilità e del centro storico;Ufficio condono, sanatorie edilizie e abusivismo;U.O. Amministrativa Abusivismo;Gaetana Sole (Funzionario Amministrativo);Polo Tecnico;Via Ausonia, 69, 90144 Palermo PA, Italia;0917401276;controllodelterritorio@comune.palermo.it / controllodeterittorio@cert.comune.palermo.it;controllodeterittorio@cert.comune.palermo.it;13.3350655;38.1489097;https://www.comune.palermo.it/amministrazione/unita_organizzativa/uo-amministrativa-abusivismo/
unita;Area Urbanistica della rigenerazione urbana, della mobilità e del centro storico;Ufficio condono, sanatorie edilizie e abusivismo;U.O. Istruttoria Tecnica Condono Edilizio;Guido Perricone (Esperto Tecnico Progettista);Polo Tecnico;Via Ausonia, 69, 90144 Palermo PA, Italia;0917401235;condonoedilizio@cert.comune.palermo.it / condonoedilizio@comune.palermo.it;condonoedilizio@cert.comune.palermo.it;13.3350655;38.1489097;https://www.comune.palermo.it/amministrazione/unita_organizzativa/uo-istruttoria-tecnica-condono-edilizio/
unita;Area Urbanistica della rigenerazione urbana, della mobilità e del centro storico;Ufficio condono, sanatorie edilizie e abusivismo;U.O. Perizie Giurate Condono Edilizio;Gaetano Giuseppe Manno (Funzionario Tecnico);Polo Tecnico;Via Ausonia, 69, 90144 Palermo PA, Italia;0917401213;condonoedilizio@cert.comune.palermo.it / condonoedilizio@comune.palermo.it;condonoedilizio@cert.comune.palermo.it;13.3350655;38.1489097;https://www.comune.palermo.it/amministrazione/unita_organizzativa/uo-perizie-giurate-condono-edilizio/
unita;Area Urbanistica della rigenerazione urbana, della mobilità e del centro storico;Ufficio condono, sanatorie edilizie e abusivismo;U.O. Rapporti con l’Autorità Giudiziaria, Abitabilità e Visure di PRG;Giuseppe Trapani (Esperto Tecnico Progettista);Polo Tecnico;Via Ausonia, 69, 90144 Palermo PA, Italia;0917401244;condonoedilizio@cert.comune.palermo.it / condonoedilizio@comune.palermo.it;condonoedilizio@cert.comune.palermo.it;13.3350655;38.1489097;https://www.comune.palermo.it/amministrazione/unita_organizzativa/uo-rapporti-con-lautorit-giudiziaria-abitabilit-e-visure-di-prg/
unita;Area Urbanistica della rigenerazione urbana, della mobilità e del centro storico;Ufficio condono, sanatorie edilizie e abusivismo;U.O. Staff Direzione – Condono – Abusivismo;Michela Alba;Polo Tecnico;Via Ausonia, 69, 90144 Palermo PA, Italia;0917401244;condonoedilizio@cert.comune.palermo.it / condonoedilizio@comune.palermo.it;condonoedilizio@cert.comune.palermo.it;13.3350655;38.1489097;https://www.comune.palermo.it/amministrazione/unita_organizzativa/uo-staff-direzione-condono-abusivismo/
unita;Area Urbanistica della rigenerazione urbana, della mobilità e del centro storico;Ufficio condono, sanatorie edilizie e abusivismo;U.O. Tecnica – Provvedimenti Sanzionatori – Abusivismo;Antonia Epifani (Architetto);Polo Tecnico;Via Ausonia, 69, 90144 Palermo PA, Italia;0917401254;controllodelterritorio@comune.palermo.it / controllodeterittorio@cert.comune.palermo.it;controllodeterittorio@cert.comune.palermo.it;13.3350655;38.1489097;https://www.comune.palermo.it/amministrazione/unita_organizzativa/uo-tecnica-provvedimenti-sanzionatori-abusivismo/
settore;Area Urbanistica della rigenerazione urbana, della mobilità e del centro storico;Ufficio pianificazione della mobilità sostenibile;Ufficio pianificazione della mobilità sostenibile;Roberto Biondo (Dirigente Tecnico);Polo Tecnico;Via Ausonia, 69, 90144 Palermo PA, Italia;0917401588 / 0917401607;trasportopubblicodimassa@cert.comune.palermo.it / trasportopubblicodimassa@comune.palermo.it;trasportopubblicodimassa@cert.comune.palermo.it;13.3350655;38.1489097;https://www.comune.palermo.it/amministrazione/unita_organizzativa/ufficio-pianificazione-della-mobilita-sostenibile/
unita;Area Urbanistica della rigenerazione urbana, della mobilità e del centro storico;Ufficio pianificazione della mobilità sostenibile;U.O. Grandi Infrastrutture;Alessandro Augello (Funzionario Tecnico Architetto);Polo Tecnico;Via Ausonia, 69, 90144 Palermo PA, Italia;0917401328;a.augello@comune.palermo.it;;13.3350655;38.1489097;https://www.comune.palermo.it/amministrazione/unita_organizzativa/uo-grandi-infrastrutture/
unita;Area Urbanistica della rigenerazione urbana, della mobilità e del centro storico;Ufficio pianificazione della mobilità sostenibile;U.O. Programmazione tecnica delle attività afferenti a tutti gli interventi del trasporto pubblico di massa a guida vincolata e greenway;Leonarda Silvana Chirco (Funzionario Tecnico Architetto);Polo Tecnico;Via Ausonia, 69, 90144 Palermo PA, Italia;0917401607;l.s.chirco@comune.palermo.it;;13.3350655;38.1489097;https://www.comune.palermo.it/amministrazione/unita_organizzativa/uo-programmazione-tecnica-delle-attivit-afferenti-a-tutti-gli-interventi-del-trasporto-pubblico-di-massa-a-guida-vincolata-e-greenway/
unita;Area Urbanistica della rigenerazione urbana, della mobilità e del centro storico;Ufficio pianificazione della mobilità sostenibile;U.O. Servizi Amministrativi – Mobilita’;Bernardina Marrone (Istruttore Amministrativo);Polo Tecnico;Via Ausonia, 69, 90144 Palermo PA, Italia;;b.marrone@comune.palermo.it;;13.3350655;38.1489097;https://www.comune.palermo.it/amministrazione/unita_organizzativa/uo-servizi-amministrativi-mobilita/
settore;Area Urbanistica della rigenerazione urbana, della mobilità e del centro storico;Ufficio per la rigenerazione urbana e la qualità dello spazio pubblico e dell’abitare – aree monumentali e pedonali;Ufficio per la rigenerazione urbana e la qualità dello spazio pubblico e dell’abitare – aree monumentali e pedonali;Adriano Salvatore Di Francisca (Dirigente Tecnico);Ex Noviziato dei Crociferi;Via Foro Umberto I n. 14, 90133 Palermo PA, Italia;091 7406840 / 091 7406844;rigenerazioneurbana@cert.comune.palermo.it / rigenerazioneurbana@comune.palermo.it;rigenerazioneurbana@cert.comune.palermo.it;13.3741244;38.1168027;https://www.comune.palermo.it/amministrazione/unita_organizzativa/ufficio-per-la-rigenerazione-urbana-e-la-qualita-dello-spazio-pubblico-e-dellabitare-aree-monumentali-e-pedonali/
unita;Area Urbanistica della rigenerazione urbana, della mobilità e del centro storico;Ufficio per la rigenerazione urbana e la qualità dello spazio pubblico e dell’abitare – aree monumentali e pedonali;U.O. Interventi di Rigenerazione Urbana in partenariato pubblico – privato;Paola Caselli (Funzionario Tecnico Architetto);Ex Noviziato dei Crociferi;Via Foro Umberto I n. 14, 90133 Palermo PA, Italia;0917406857;p.caselli@comune.palermo.it / rigenerazioneurbana@comune.palermo.it;;13.3741244;38.1168027;https://www.comune.palermo.it/amministrazione/unita_organizzativa/uo-interventi-di-rigenerazione-urbana-in-partenariato-pubblico-privato/
unita;Area Urbanistica della rigenerazione urbana, della mobilità e del centro storico;Ufficio per la rigenerazione urbana e la qualità dello spazio pubblico e dell’abitare – aree monumentali e pedonali;U.O. Staff Dirigente – Area Rigenerazione;Adriano Salvatore Di Francisca (Dirigente Tecnico);Ex Noviziato dei Crociferi;Via Foro Umberto I n. 14, 90133 Palermo PA, Italia;;a.s.difrancisca@comune.palermo.it / rigenerazioneurbana@cert.comune.palermo.it;;13.3741244;38.1168027;https://www.comune.palermo.it/amministrazione/unita_organizzativa/uo-staff-dirigente-3/
unita;Area Urbanistica della rigenerazione urbana, della mobilità e del centro storico;Ufficio per la rigenerazione urbana e la qualità dello spazio pubblico e dell’abitare – aree monumentali e pedonali;U.O. Sviluppo strategico;Paolo Porretto (Funzionario Tecnico Architetto);Ex Noviziato dei Crociferi;Via Foro Umberto I n. 14, 90133 Palermo PA, Italia;091 7406821;paolo.porretto@comune.palermo.it / rigenerazioneurbana@comune.palermo.it;;13.3741244;38.1168027;https://www.comune.palermo.it/amministrazione/unita_organizzativa/uo-sviluppo-strategico/
settore;Area Urbanistica della rigenerazione urbana, della mobilità e del centro storico;Ufficio del centro storico per la progettazione, lavori e riqualificazione di beni immobili di interesse storico monumentale;Ufficio del centro storico per la progettazione, lavori e riqualificazione di beni immobili di interesse storico monumentale;Tonino Martelli (Dirigente Tecnico);Ex Noviziato dei Crociferi;Via Foro Umberto I n. 14, 90133 Palermo PA, Italia;0917406811 / 0917406839;centrostorico.oopp@comune.palermo.it / cittastorica@cert.comune.palermo.it / cittastorica@comune.palermo.it;cittastorica@cert.comune.palermo.it;13.3741244;38.1168027;https://www.comune.palermo.it/amministrazione/unita_organizzativa/ufficio-del-centro-storico-per-la-progettazione-lavori-e-riqualificazione-di-beni-immobili-di-interesse-storico-monumentale/
unita;Area Urbanistica della rigenerazione urbana, della mobilità e del centro storico;Ufficio del centro storico per la progettazione, lavori e riqualificazione di beni immobili di interesse storico monumentale;U.O. Manutenzione beni di interesse storico monumentale;Stefano Gueli (Funzionario Tecnico Architetto);Ex Noviziato dei Crociferi;Via Foro Umberto I n. 14, 90133 Palermo PA, Italia;0917406872;cittastorica@cert.comune.palermo.it / manutenzionebbcc@comune.palermo.it / s.gueli@comune.palermo.it;cittastorica@cert.comune.palermo.it;13.3741244;38.1168027;https://www.comune.palermo.it/amministrazione/unita_organizzativa/uo-manutenzione-beni-di-interesse-storico-monumentale/
unita;Area Urbanistica della rigenerazione urbana, della mobilità e del centro storico;Ufficio del centro storico per la progettazione, lavori e riqualificazione di beni immobili di interesse storico monumentale;U.O. Progettazione Edifici Monumentali;Salvatore Giardina (Funzionario Tecnico Architetto);Ex Noviziato dei Crociferi;Via Foro Umberto I n. 14, 90133 Palermo PA, Italia;091 7406813;centrostorico.oopp@comune.palermo.it / cittastorica@cert.comune.palermo.it / s.giardina@comune.palermo.it;cittastorica@cert.comune.palermo.it;13.3741244;38.1168027;https://www.comune.palermo.it/amministrazione/unita_organizzativa/uo-progettazione-edifici-monumentali/
unita;Area Urbanistica della rigenerazione urbana, della mobilità e del centro storico;Ufficio del centro storico per la progettazione, lavori e riqualificazione di beni immobili di interesse storico monumentale;U.O. Segreteria tecnico amministrativa in Staff al Dirigente;Michele Milano (Funzionario Tecnico Progettista);Ex Noviziato dei Crociferi;Via Foro Umberto I n. 14, 90133 Palermo PA, Italia;0917406806;cittastorica@cert.comune.palermo / cittastorica@comune.palermo.it / m.milano@comune.palermo.it;cittastorica@cert.comune.palermo;13.3741244;38.1168027;https://www.comune.palermo.it/amministrazione/unita_organizzativa/uo-segreteria-tecnico-amministrativa-in-staff-al-dirigente/
unita;Area Urbanistica della rigenerazione urbana, della mobilità e del centro storico;Ufficio del centro storico per la progettazione, lavori e riqualificazione di beni immobili di interesse storico monumentale;U.O. Spazi aperti di interesse storico monumentale;Giuseppe Prestigiacomo (Funzionario Tecnico Architetto);Ex Noviziato dei Crociferi;Via Foro Umberto I n. 14, 90133 Palermo PA, Italia;0917406807;cittastorica@cert.comune,palermo.it / cittastorica@comune.palermo.it / giuseppe.prestigiacomo@comune.palermo.it;cittastorica@cert.comune,palermo.it;13.3741244;38.1168027;https://www.comune.palermo.it/amministrazione/unita_organizzativa/uo-spazi-aperti-di-interesse-storico-monumentale/
area;Area dei Lavori Pubblici e Manutenzioni;;Area dei Lavori Pubblici e Manutenzioni;Francesco Trapani (Dirigente Tecnico);Polo Tecnico;Via Ausonia, 69, 90144 Palermo PA, Italia;091 7401212;tecnicainfrastrutture@cert.comune.palermo.it / tecnicainfrastrutture@comune.palermo.it;tecnicainfrastrutture@cert.comune.palermo.it;13.3350655;38.1489097;https://www.comune.palermo.it/amministrazione/unita_organizzativa/area-dei-lavori-pubblici-e-manutenzioni/
settore;Area dei Lavori Pubblici e Manutenzioni;Capo Area responsabile pianificazione dei LL.PP. e manutenzioni;Capo Area responsabile pianificazione dei LL.PP. e manutenzioni;Francesco Trapani (Dirigente Tecnico);Polo Tecnico;Via Ausonia, 69, 90144 Palermo PA, Italia;0917401520;tecnicainfrastrutture@cert.comune.palermo.it / tecnicainfrastrutture@comune.palermo.it;tecnicainfrastrutture@cert.comune.palermo.it;13.3350655;38.1489097;https://www.comune.palermo.it/amministrazione/unita_organizzativa/capo-area-responsabile-pianificazione-dei-llpp-e-manutenzioni/
unita;Area dei Lavori Pubblici e Manutenzioni;Capo Area responsabile pianificazione dei LL.PP. e manutenzioni;U.O. Cantiere comunale e autoparco;Claudio Bologna (Funzionario Tecnico);Autoparco;Via Tiro a Segno, 62, 90123 Palermo PA, Italia;0917404009 / 0917404010;cantierecomunaleautoparco@comune.palermo.it;;13.3757595;38.1102143;https://www.comune.palermo.it/amministrazione/unita_organizzativa/uo-cantiere-comunale-e-autoparco/
unita;Area dei Lavori Pubblici e Manutenzioni;Capo Area responsabile pianificazione dei LL.PP. e manutenzioni;U.O. Coordinamento Amministrativo del personale – Capo Area responsabile pianificazione dei LL.PP. e manutenzioni;Daniela Landolina (Funzionario Amministrativo);Polo Tecnico;Via Ausonia, 69, 90144 Palermo PA, Italia;091 7401865 / 091 7401871;tecnicainfrastrutture@cert.comune.palermo.it / tecnicainfrastrutture@comune.palermo.it;tecnicainfrastrutture@cert.comune.palermo.it;13.3350655;38.1489097;https://www.comune.palermo.it/amministrazione/unita_organizzativa/uo-coordinamento-amministrativo-del-personale-capo-area-responsabile-pianificazione-dei-llpp-e-manutenzioni/
unita;Area dei Lavori Pubblici e Manutenzioni;Capo Area responsabile pianificazione dei LL.PP. e manutenzioni;U.O. Programmazione OO.PP.;Marcello Emo (Funzionario Tecnico Architetto);Polo Tecnico;Via Ausonia, 69, 90144 Palermo PA, Italia;0917401498;tecnicainfrastrutture@cert.comune.palermo.it / tecnicainfrastrutture@comune.palermo.it;tecnicainfrastrutture@cert.comune.palermo.it;13.3350655;38.1489097;https://www.comune.palermo.it/amministrazione/unita_organizzativa/uo-programmazione-oopp/
unita;Area dei Lavori Pubblici e Manutenzioni;Capo Area responsabile pianificazione dei LL.PP. e manutenzioni;U.O. Segreteria – Capo Area responsabile pianificazione dei LL.PP. e manutenzioni;Francesco Trapani (Dirigente Tecnico);Polo Tecnico;Via Ausonia, 69, 90144 Palermo PA, Italia;0917401212;tecnicainfrastrutture@cert.comune.palermo.it / tecnicainfrastrutture@comune.palermo.it;tecnicainfrastrutture@cert.comune.palermo.it;13.3350655;38.1489097;https://www.comune.palermo.it/amministrazione/unita_organizzativa/uo-segreteria-capo-area-responsabile-pianificazione-dei-llpp-e-manutenzioni/
unita;Area dei Lavori Pubblici e Manutenzioni;Capo Area responsabile pianificazione dei LL.PP. e manutenzioni;U.O. Segreteria Assessore – Capo Area responsabile pianificazione dei LL.PP. e manutenzioni;Francesco Trapani (Dirigente Tecnico);Polo Tecnico;Via Ausonia, 69, 90144 Palermo PA, Italia;0917401416;assessoratollpp@comune.palermo.it;;13.3350655;38.1489097;https://www.comune.palermo.it/amministrazione/unita_organizzativa/uo-segreteria-assessore-capo-area-responsabile-pianificazione-dei-llpp-e-manutenzioni/
unita;Area dei Lavori Pubblici e Manutenzioni;Capo Area responsabile pianificazione dei LL.PP. e manutenzioni;U.O. Supporto economico – Capo Area responsabile pianificazione dei LL.PP. e manutenzioni;Francesca Paola Di Giovanni;Polo Tecnico;Via Ausonia, 69, 90144 Palermo PA, Italia;091 7401477;tecnicainfrastrure@comune.palermo.it / tecnicainfrastrutture@cert.comune.palermo.it;tecnicainfrastrutture@cert.comune.palermo.it;13.3350655;38.1489097;https://www.comune.palermo.it/amministrazione/unita_organizzativa/uo-supporto-economico-capo-area-responsabile-pianificazione-dei-llpp-e-manutenzioni/
unita;Area dei Lavori Pubblici e Manutenzioni;Capo Area responsabile pianificazione dei LL.PP. e manutenzioni;U.O. Supporto giuridico – Capo Area responsabile pianificazione dei LL.PP. e manutenzioni;Francesco Di Liberti;Polo Tecnico;Via Ausonia, 69, 90144 Palermo PA, Italia;091 7401477;tecnicainfrastrure@comune.palermo.it / tecnicainfrastrutture@cert.comune.palermo.it;tecnicainfrastrutture@cert.comune.palermo.it;13.3350655;38.1489097;https://www.comune.palermo.it/amministrazione/unita_organizzativa/uo-supporto-giuridico-capo-area-responsabile-pianificazione-dei-llpp-e-manutenzioni/
unita;Area dei Lavori Pubblici e Manutenzioni;Capo Area responsabile pianificazione dei LL.PP. e manutenzioni;U.O. Supporto tecnico amministrativo e procedure negoziali – Capo Area responsabile pianificazione dei LL.PP. e manutenzioni;Edoardo Intravaia;Polo Tecnico;Via Ausonia, 69, 90144 Palermo PA, Italia;091 7401847;tecnicainfrastrure@comune.palermo.it / tecnicainfrastrutture@cert.comune.palermo.it;tecnicainfrastrutture@cert.comune.palermo.it;13.3350655;38.1489097;https://www.comune.palermo.it/amministrazione/unita_organizzativa/uo-supporto-tecnico-amministrativo-e-procedure-negoziali-capo-area-responsabile-pianificazione-dei-llpp-e-manutenzioni/
settore;Area dei Lavori Pubblici e Manutenzioni;Gestione amministrativa COIME;Gestione amministrativa COIME;Francesco Trapani (Dirigente Tecnico);COIME;Largo Claudio Traina, 1, 90129 Palermo PA, Italia;0917404140;coime@cert.comune.palermo.it / coime@comune.palermo.it;coime@cert.comune.palermo.it;13.3399365;38.1023223;https://www.comune.palermo.it/amministrazione/unita_organizzativa/gestione-amministrativa-coime/
unita;Area dei Lavori Pubblici e Manutenzioni;Gestione amministrativa COIME;U.O. Direzione Amministrativa COIME;Giuseppe Perniciaro (Impiegato Tecnico);COIME;Largo Claudio Traina, 1, 90129 Palermo PA, Italia;0917404141 / 0917404142 / 0917404143 / 0917404144;coime@cert.comune.palermo.it / coime@comune.palermo.it / g.perniciaro@comune.palermo.it;coime@cert.comune.palermo.it;13.3399365;38.1023223;https://www.comune.palermo.it/amministrazione/unita_organizzativa/uo-direzione-amministrativa-coime/
settore;Area dei Lavori Pubblici e Manutenzioni;Ufficio infrastrutture viarie e per la mobilità;Ufficio infrastrutture viarie e per la mobilità;Daniele Enea (Dirigente Tecnico);Polo Tecnico;Via Ausonia, 69, 90144 Palermo PA, Italia;0917401287;serviziarete@cert.comune.palermo.it / servizio.manutenzionestrade@comune.palermo.it;serviziarete@cert.comune.palermo.it;13.3350655;38.1489097;https://www.comune.palermo.it/amministrazione/unita_organizzativa/ufficio-infrastrutture-viarie-e-per-la-mobilita/
unita;Area dei Lavori Pubblici e Manutenzioni;Ufficio infrastrutture viarie e per la mobilità;U.O. Attività di Supporto alla Manutenzione Stradale;Leoluca Lanza (Funzionario Tecnico);Polo Tecnico;Via Ausonia, 69, 90144 Palermo PA, Italia;0917401220;infrastrutture.serviziarete@cert.comune.palermo.it / infrastrutture.serviziarete@comune.palermo.it;infrastrutture.serviziarete@cert.comune.palermo.it;13.3350655;38.1489097;https://www.comune.palermo.it/amministrazione/unita_organizzativa/uo-attivit-di-supporto-alla-manutenzione-stradale/
unita;Area dei Lavori Pubblici e Manutenzioni;Ufficio infrastrutture viarie e per la mobilità;U.O. Attività di Supporto alla Progettazione Assi e Lavori Infrastrutture stradali;Fabio Cittati;Polo Tecnico;Via Ausonia, 69, 90144 Palermo PA, Italia;091 7401829;;;13.3350655;38.1489097;https://www.comune.palermo.it/amministrazione/unita_organizzativa/uo-attivit-di-supporto-alla-progettazione-assi-e-lavori-infrastrutture-stradali/
settore;Area dei Lavori Pubblici e Manutenzioni;Ufficio per il dissesto idrogeologico, servizi a rete idrico-fognari ed Espropriazioni;Ufficio per il dissesto idrogeologico, servizi a rete idrico-fognari ed Espropriazioni;Giuseppe Giuliano (Dirigente Tecnico);Polo Tecnico;Via Ausonia, 69, 90144 Palermo PA, Italia;0917401391 / 0917401500;ufficio.idrogeologicofognario@cert.comune.palermo.it / ufficio.idrogeologicofognario@comune.palermo.it;ufficio.idrogeologicofognario@cert.comune.palermo.it;13.3350655;38.1489097;https://www.comune.palermo.it/amministrazione/unita_organizzativa/ufficio-per-il-dissesto-idrogeologico-servizi-a-rete-idrico-fognari-ed-espropriazioni/
unita;Area dei Lavori Pubblici e Manutenzioni;Ufficio per il dissesto idrogeologico, servizi a rete idrico-fognari ed Espropriazioni;U.O. Contrasto al dissesto idrogeologico;Aldo Carmelo Pisano (Funzionario Tecnico Geologo);Polo Tecnico;Via Ausonia, 69, 90144 Palermo PA, Italia;0917401712;ufficio.idrogeologicofognario@cert.comune.palermo.it / ufficio.idrogeologicofognario@comune.palermo.it;ufficio.idrogeologicofognario@cert.comune.palermo.it;13.3350655;38.1489097;https://www.comune.palermo.it/amministrazione/unita_organizzativa/uo-contrasto-al-dissesto-idrogeologico/
unita;Area dei Lavori Pubblici e Manutenzioni;Ufficio per il dissesto idrogeologico, servizi a rete idrico-fognari ed Espropriazioni;U.O. Direzione Contabile e Recupero Crediti – Ufficio per il dissesto idrogeologico;Lucia D'Agostino (Funzionario Contabile);Polo Tecnico;Via Ausonia, 69, 90144 Palermo PA, Italia;091 7401267;espropriazioni@cert.comune.palermo.it / espropriazioni@comune.palermo.it;espropriazioni@cert.comune.palermo.it;13.3350655;38.1489097;https://www.comune.palermo.it/amministrazione/unita_organizzativa/uo-direzione-contabile-e-recupero-crediti-ufficio-per-il-dissesto-idrogeologico/
unita;Area dei Lavori Pubblici e Manutenzioni;Ufficio per il dissesto idrogeologico, servizi a rete idrico-fognari ed Espropriazioni;U.O. Frazionamenti – Ufficio per il dissesto idrogeologico;Bernardo Giannone (Funzionario Tecnico);Polo Tecnico;Via Ausonia, 69, 90144 Palermo PA, Italia;0917401673;espropriazioni@cer.comune.palermo.it / espropriazioni@comune.palermo.it;espropriazioni@cer.comune.palermo.it;13.3350655;38.1489097;https://www.comune.palermo.it/amministrazione/unita_organizzativa/uo-frazionamenti-ufficio-per-il-dissesto-idrogeologico/
unita;Area dei Lavori Pubblici e Manutenzioni;Ufficio per il dissesto idrogeologico, servizi a rete idrico-fognari ed Espropriazioni;U.O. Gestione Procedure Espropriative e Supporto Tecnico – Ufficio per il dissesto idrogeologico;Fausto Ribbeni (Funzionario Tecnico);Polo Tecnico;Via Ausonia, 69, 90144 Palermo PA, Italia;091 7401675;espropriazioni@cert.comune.palermo.it / espropriazioni@comune.palermo.it;espropriazioni@cert.comune.palermo.it;13.3350655;38.1489097;https://www.comune.palermo.it/amministrazione/unita_organizzativa/uo-gestione-procedure-espropriative-e-supporto-tecnico-ufficio-per-il-dissesto-idrogeologico/
unita;Area dei Lavori Pubblici e Manutenzioni;Ufficio per il dissesto idrogeologico, servizi a rete idrico-fognari ed Espropriazioni;U.O. Servizi a rete idrico/fognari;Nicolo' Asaro (Funzionario Tecnico Progettista);Polo Tecnico;Via Ausonia, 69, 90144 Palermo PA, Italia;0917401520;ufficio.idrogeologicofognario@cert.comune.palermo.it / ufficio.idrogeologicofognario@comune.palermo.it;ufficio.idrogeologicofognario@cert.comune.palermo.it;13.3350655;38.1489097;https://www.comune.palermo.it/amministrazione/unita_organizzativa/uo-servizi-a-rete-idricofognari/
unita;Area dei Lavori Pubblici e Manutenzioni;Ufficio per il dissesto idrogeologico, servizi a rete idrico-fognari ed Espropriazioni;U.O. Staff del Dirigente – Ufficio per il dissesto idrogeologico e i servizi a rete idrico/fognari e rapporti con le relative autorità commissariali;Salvatore Vizzini (Funzionario Tecnico);Polo Tecnico;Via Ausonia, 69, 90144 Palermo PA, Italia;0917401706;ufficio.idrogeologicofognario@cert.comune.palermo.it / ufficio.idrogeologicofognario@comune.palermo.it;ufficio.idrogeologicofognario@cert.comune.palermo.it;13.3350655;38.1489097;https://www.comune.palermo.it/amministrazione/unita_organizzativa/uo-staff-del-dirigente-ufficio-per-il-dissesto-idrogeologico-e-i-servizi-a-rete-idricofognari-e-rapporti-con-le-relative-autorit-commissariali/
settore;Area dei Lavori Pubblici e Manutenzioni;Ufficio Edilizia Pubblica ed Impianti Sportivi;Ufficio Edilizia Pubblica ed Impianti Sportivi;Marisa Santa Bellomo (Dirigente Tecnico);Polo Tecnico;Via Ausonia, 69, 90144 Palermo PA, Italia;0917401574;ediliziapubblica@cert.comune.palermo.it / ediliziapubblica@comune.palermo.it;ediliziapubblica@cert.comune.palermo.it;13.3350655;38.1489097;https://www.comune.palermo.it/amministrazione/unita_organizzativa/ufficio-edilizia-pubblica-ed-impianti-sportivi/
unita;Area dei Lavori Pubblici e Manutenzioni;Ufficio Edilizia Pubblica ed Impianti Sportivi;U.O. Direzione Contabile e Recupero Crediti;Lucia D'Agostino (Funzionario Contabile);Polo Tecnico;Via Ausonia, 69, 90144 Palermo PA, Italia;0917401267;espropriazioni@cert.comune.palermo.it / espropriazioni@comune.palermo.it;espropriazioni@cert.comune.palermo.it;13.3350655;38.1489097;https://www.comune.palermo.it/amministrazione/unita_organizzativa/uo-direzione-contabile-e-recupero-crediti/
unita;Area dei Lavori Pubblici e Manutenzioni;Ufficio Edilizia Pubblica ed Impianti Sportivi;U.O. Edifici produttivi;Giovanni Riccobono (Funzionario Tecnico Progettista);Polo Tecnico;Via Ausonia, 69, 90144 Palermo PA, Italia;0917401704;ediliziapubblica@cert.comune.palermo.it / ediliziapubblica@comune.palermo.it;ediliziapubblica@cert.comune.palermo.it;13.3350655;38.1489097;https://www.comune.palermo.it/amministrazione/unita_organizzativa/uo-edifici-produttivi/
unita;Area dei Lavori Pubblici e Manutenzioni;Ufficio Edilizia Pubblica ed Impianti Sportivi;U.O. Edifici Pubblici;Paola Maida (Funzionario Architetto);Polo Tecnico;Via Ausonia, 69, 90144 Palermo PA, Italia;0917401842;ediliziapubblica@cert.comune.palermo.it / ediliziapubblica@comune.palermo.it;ediliziapubblica@cert.comune.palermo.it;13.3350655;38.1489097;https://www.comune.palermo.it/amministrazione/unita_organizzativa/uo-edifici-pubblici/
unita;Area dei Lavori Pubblici e Manutenzioni;Ufficio Edilizia Pubblica ed Impianti Sportivi;U.O. Frazionamenti;Bernardo Giannone (Funzionario Tecnico);Polo Tecnico;Via Ausonia, 69, 90144 Palermo PA, Italia;0917401673;espropriazioni@cer.comune.palermo.it / espropriazioni@comune.palermo.it;espropriazioni@cer.comune.palermo.it;13.3350655;38.1489097;https://www.comune.palermo.it/amministrazione/unita_organizzativa/uo-frazionamenti/
unita;Area dei Lavori Pubblici e Manutenzioni;Ufficio Edilizia Pubblica ed Impianti Sportivi;U.O. Gestione Procedure Espropriative e Supporto Tecnico;Fausto Ribbeni (Funzionario Tecnico);Polo Tecnico;Via Ausonia, 69, 90144 Palermo PA, Italia;0917401675;espropriazioni@cert.comune.palermo.it / espropriazioni@comune.palermo.it;espropriazioni@cert.comune.palermo.it;13.3350655;38.1489097;https://www.comune.palermo.it/amministrazione/unita_organizzativa/uo-gestione-procedure-espropriative-e-supporto-tecnico/
unita;Area dei Lavori Pubblici e Manutenzioni;Ufficio Edilizia Pubblica ed Impianti Sportivi;U.O. Impianti Sportivi;Francesco La Cerva (Funzionario Tecnico Architetto);Polo Tecnico;Via Ausonia, 69, 90144 Palermo PA, Italia;0917401875;ediliziapubblica@cert.comune.palermo.it / ediliziapubblica@comune.palermo.it;ediliziapubblica@cert.comune.palermo.it;13.3350655;38.1489097;https://www.comune.palermo.it/amministrazione/unita_organizzativa/uo-impianti-sportivi/
unita;Area dei Lavori Pubblici e Manutenzioni;Ufficio Edilizia Pubblica ed Impianti Sportivi;U.O. Staff del Dirigente – Ufficio Edilizia Pubblica ed Impianti Sportivi;Gaetana Titoli (Collaboratore Professionale Amministrativo);Polo Tecnico;Via Ausonia, 69, 90144 Palermo PA, Italia;0917401574;ediliziapubblica@cert.comune.palermo.it / ediliziapubblica@comune.palermo.it;ediliziapubblica@cert.comune.palermo.it;13.3350655;38.1489097;https://www.comune.palermo.it/amministrazione/unita_organizzativa/uo-staff-del-dirigente-ufficio-edilizia-pubblica-ed-impianti-sportivi/
settore;Area dei Lavori Pubblici e Manutenzioni;Ufficio illuminazione pubblica e impianti tecnologici;Ufficio illuminazione pubblica e impianti tecnologici;Roberto Cairone (Dirigente Tecnico);Polo Tecnico;Via Ausonia, 69, 90144 Palermo PA, Italia;0917401700;ufficiopubblicailluminazione@cert.comune.palermo.it / ufficiopubblicailluminazione@comune.palermo.it;ufficiopubblicailluminazione@cert.comune.palermo.it;13.3350655;38.1489097;https://www.comune.palermo.it/amministrazione/unita_organizzativa/ufficio-illuminazione-pubblica-e-impianti-tecnologici/
unita;Area dei Lavori Pubblici e Manutenzioni;Ufficio illuminazione pubblica e impianti tecnologici;U.O. Impianti pubblica illuminazione viaria e semafori;Giuseppe Franchina (Funzionario Tecnico Impiantista);Polo Tecnico;Via Ausonia, 69, 90144 Palermo PA, Italia;0917401365;ufficiopubblicailluminazione@cert.comune.palermo.it / ufficiopubblicailluminazione@comune.palermo.it;ufficiopubblicailluminazione@cert.comune.palermo.it;13.3350655;38.1489097;https://www.comune.palermo.it/amministrazione/unita_organizzativa/uo-impianti-pubblica-illuminazione-viaria-e-semafori/
unita;Area dei Lavori Pubblici e Manutenzioni;Ufficio illuminazione pubblica e impianti tecnologici;U.O. Impianti tecnologici, elettrici e di illuminazione negli edifici di proprietà e/o di pertinenza comunale;Liborio Piro (Funzionario Tecnico Progettista);Polo Tecnico;Via Ausonia, 69, 90144 Palermo PA, Italia;0917401397;ufficiopubblicailluminazione@cert.comune.palermo.it / ufficiopubblicailluminazione@comune.palermo.it;ufficiopubblicailluminazione@cert.comune.palermo.it;13.3350655;38.1489097;https://www.comune.palermo.it/amministrazione/unita_organizzativa/uo-impianti-tecnologici-elettrici-e-di-illuminazione-negli-edifici-di-propriet-eo-di-pertinenza-comunale/
unita;Area dei Lavori Pubblici e Manutenzioni;Ufficio illuminazione pubblica e impianti tecnologici;U.O. Staff amministrativo del dirigente – Ufficio illuminazione pubblica e impianti tecnologici;Marianna Santoro (Istruttore Contabile);Polo Tecnico;Via Ausonia, 69, 90144 Palermo PA, Italia;0917401388;ufficiopubblicailluminazione@cert.comune.palermo.it / ufficiopubblicailluminazione@comune.palermo.it;ufficiopubblicailluminazione@cert.comune.palermo.it;13.3350655;38.1489097;https://www.comune.palermo.it/amministrazione/unita_organizzativa/uo-staff-amministrativo-del-dirigente-ufficio-illuminazione-pubblica-e-impianti-tecnologici/
unita;Area dei Lavori Pubblici e Manutenzioni;Ufficio illuminazione pubblica e impianti tecnologici;U.O. Staff giuridico del dirigente – Ufficio illuminazione pubblica e impianti tecnologici;Doriana Marino (Funzionario Amministrativo);Polo Tecnico;Via Ausonia, 69, 90144 Palermo PA, Italia;0917401563;ufficiopubblicailluminazione@cert.comune.palermo.it / ufficiopubblicailluminazione@comune.palermo.it;ufficiopubblicailluminazione@cert.comune.palermo.it;13.3350655;38.1489097;https://www.comune.palermo.it/amministrazione/unita_organizzativa/uo-staff-giuridico-del-dirigente-ufficio-illuminazione-pubblica-e-impianti-tecnologici/
settore;Area dei Lavori Pubblici e Manutenzioni;Ufficio tecnico ERP;Ufficio tecnico ERP;Dario Di Gangi (Dirigente Tecnico);Polo Tecnico;Via Ausonia, 69, 90144 Palermo PA, Italia;0917401256;servizio.manutenzioneimmobili@cert.comune.palermo.it / servizio.manutenzioneimmobili@comune.palermo.it;servizio.manutenzioneimmobili@cert.comune.palermo.it;13.3350655;38.1489097;https://www.comune.palermo.it/amministrazione/unita_organizzativa/ufficio-tecnico-erp/
unita;Area dei Lavori Pubblici e Manutenzioni;Ufficio tecnico ERP;U.O. Servizio Manutenzione straordinaria immobili comunali e ERP;Tiziana Benfante (Funzionario Tecnico Architetto);Polo Tecnico;Via Ausonia, 69, 90144 Palermo PA, Italia;0917401256;servizio.manutenzioneimmobili@cert.comune.palermo.it / servizio.manutenzioneimmobili@comune.palermo.it;servizio.manutenzioneimmobili@cert.comune.palermo.it;13.3350655;38.1489097;https://www.comune.palermo.it/amministrazione/unita_organizzativa/uo-servizio-manutenzione-straordinaria-immobili-comunali-e-erp/
settore;Area dei Lavori Pubblici e Manutenzioni;Ufficio autoparco, programmazione e gestione attività di manutenzione a supporto del Capo Area per il coordinamento tecnico COIME e cantiere comunale;Ufficio autoparco, programmazione e gestione attività di manutenzione a supporto del Capo Area per il coordinamento tecnico COIME e cantiere comunale;Francesco Trapani (Dirigente Tecnico);Autoparco;Via Tiro a Segno, 62, 90123 Palermo PA, Italia;0917404009 / 0917404145;cantierecoime@comune.palermo.it / manutenzioni@comune.palermo.it;;13.3757595;38.1102143;https://www.comune.palermo.it/amministrazione/unita_organizzativa/ufficio-autoparco-programmazione-e-gestione-attivit-di-manutenzione-a-supporto-del-capo-area-per-il-coordinamento-tecnico-coime-e-cantiere-comunale/
area;Area dei servizi cimiteriali Protezione Civile e Sicurezza;;Area dei servizi cimiteriali Protezione Civile e Sicurezza;Giuseppe Giuliano (Dirigente Tecnico);Palazzo Barone;Via Lincoln, 144, 90123 Palermo PA, Italia;0917403475 / 0917403480;impianticimiteriali@cert.comune.palermo.it / provvedimenticimiteriali@comune.palermo.it;impianticimiteriali@cert.comune.palermo.it;13.3680473;38.1112046;https://www.comune.palermo.it/amministrazione/unita_organizzativa/area-dei-servizi-cimiteriali-protezione-civile-e-sicurezza/
settore;Area dei servizi cimiteriali Protezione Civile e Sicurezza;Capo area responsabile servizi cimiteriali;Capo area responsabile servizi cimiteriali;Giuseppe Giuliano (Dirigente Tecnico);Palazzo Barone;Via Lincoln, 144, 90123 Palermo PA, Italia;0917403411 / 0917403438;impianticimiteriali@cert.comune.palermo.it / servizicimiteriali@comune.palermo.it;impianticimiteriali@cert.comune.palermo.it;13.3680473;38.1112046;https://www.comune.palermo.it/amministrazione/unita_organizzativa/capo-area-responsabile-servizi-cimiteriali/
unita;Area dei servizi cimiteriali Protezione Civile e Sicurezza;Capo area responsabile servizi cimiteriali;U.O. Cimitero Cappuccini;Giovanni Battista Musico' (Agente Polizia Municipale);Cimitero Cappuccini;Piazza Cappuccini, 3, 90134 Palermo PA, Italia;0917408200;cimiterocappuccini@comune.palermo.it / impianticimiteriali.servizio@cert.comune.palermo.it;impianticimiteriali.servizio@cert.comune.palermo.it;13.3395148;38.1113863;https://www.comune.palermo.it/amministrazione/unita_organizzativa/cimitero-cappuccini/
unita;Area dei servizi cimiteriali Protezione Civile e Sicurezza;Capo area responsabile servizi cimiteriali;U.O. Cimitero S.M. dei Rotoli;Angelo Martorana (Agente Polizia Municipale);Cimitero S.M. dei Rotoli;V. Papa Sergio I, 96, 90142 Palermo PA, Italia;0917408161 / 0917408162;cimiterosantamariarotoli@comune.palermo.it / impianticimiteriali.servizio@cert.comune.palermo.it;impianticimiteriali.servizio@cert.comune.palermo.it;13.3672463;38.1603159;https://www.comune.palermo.it/amministrazione/unita_organizzativa/cimitero-s-m-dei-rotoli/
unita;Area dei servizi cimiteriali Protezione Civile e Sicurezza;Capo area responsabile servizi cimiteriali;U.O. Cimitero S.M. di Gesù;Vincenzo Montemaggiore (Agente Polizia Municipale);Cimitero S.M. di Gesù;III Circoscrizione, Palermo, Sicilia, 90124, Italia;091 7409914;cimiterosantamariagesu@comune.palermo.it / impianticimiteriali.servizio@cert.comune.palermo.it;impianticimiteriali.servizio@cert.comune.palermo.it;13.378431022103;38.083247901314;https://www.comune.palermo.it/amministrazione/unita_organizzativa/cimitero-sm-di-gesu/
unita;Area dei servizi cimiteriali Protezione Civile e Sicurezza;Capo area responsabile servizi cimiteriali;U.O. Concessioni – Servizi Cimiteriali;Paolo Di Matteo (Funzionario Amministrativo);Palazzo Barone;Via Lincoln, 144, 90123 Palermo PA, Italia;0917403435 / 0917403476 / 0917403479;impianticimiteriali.servizio@cert.comune.palermo.it / provvedimenticimiteriali@comune.palermo;impianticimiteriali.servizio@cert.comune.palermo.it;13.3680473;38.1112046;https://www.comune.palermo.it/amministrazione/unita_organizzativa/concessioni/
unita;Area dei servizi cimiteriali Protezione Civile e Sicurezza;Capo area responsabile servizi cimiteriali;U.O. Contabilità – Servizi Cimiteriali;Francesco Paolo Lipari (Funzionario Contabile);Palazzo Barone;Via Lincoln, 144, 90123 Palermo PA, Italia;0917403423 / 0917403424 / 0917403425 / 0917403492;contabilitacimiteriale@comune.palermo.it / impianticimiteriali.servizio@cert.comune.palermo.it;impianticimiteriali.servizio@cert.comune.palermo.it;13.3680473;38.1112046;https://www.comune.palermo.it/amministrazione/unita_organizzativa/uo-contabilit-servizi-cimiteriali/
unita;Area dei servizi cimiteriali Protezione Civile e Sicurezza;Capo area responsabile servizi cimiteriali;U.O. Direzione – Servizi Cimiteriali;Bianca Fuschi (Funzionario Polizia Municipale);Palazzo Barone;Via Lincoln, 144, 90123 Palermo PA, Italia;0917403411 / 0917403438 / 0917403448;impianticimiteriali@cert.comune.palermo.it / servizicimiteriali@comune.palermo.it;impianticimiteriali@cert.comune.palermo.it;13.3680473;38.1112046;https://www.comune.palermo.it/amministrazione/unita_organizzativa/uo-direzione-servizi-cimiteriali/
unita;Area dei servizi cimiteriali Protezione Civile e Sicurezza;Capo area responsabile servizi cimiteriali;U.O. Gare e Affidamenti – Servizi Cimiteriali;Francesco Paolo Lipari (Funzionario Contabile);Palazzo Barone;Via Lincoln, 144, 90123 Palermo PA, Italia;0917403423 / 0917403424;contabilitacimiteriale@comune.palermo.it / impianticimiteriali.servizio@cert.comune.palermo.it;impianticimiteriali.servizio@cert.comune.palermo.it;13.3680473;38.1112046;https://www.comune.palermo.it/amministrazione/unita_organizzativa/gare-e-affidamenti/
unita;Area dei servizi cimiteriali Protezione Civile e Sicurezza;Capo area responsabile servizi cimiteriali;U.O. Gestione del Personale – Servizi Cimiteriali;Bianca Fuschi (Funzionario Polizia Municipale);Palazzo Barone;Via Lincoln, 144, 90123 Palermo PA, Italia;0917403472 / 0917403477;impianticimiteriali@cert.comune.palermo.it / personalecimiteriale@comune.palermo.it;impianticimiteriali@cert.comune.palermo.it;13.3680473;38.1112046;https://www.comune.palermo.it/amministrazione/unita_organizzativa/uo-gestione-del-personale-servizi-cimiteriali/
unita;Area dei servizi cimiteriali Protezione Civile e Sicurezza;Capo area responsabile servizi cimiteriali;U.O. Immissioni – Servizi Cimiteriali;Paolo Di Matteo (Funzionario Amministrativo);Palazzo Barone;Via Lincoln, 144, 90123 Palermo PA, Italia;0917403422 / 0917403434 / 0917403453 / 0917403467;impianticimiteriali.servizio@cert.comune.palermo.it / provvedimenticimiteriali@comune.palermo;impianticimiteriali.servizio@cert.comune.palermo.it;13.3680473;38.1112046;https://www.comune.palermo.it/amministrazione/unita_organizzativa/immissioni/
unita;Area dei servizi cimiteriali Protezione Civile e Sicurezza;Capo area responsabile servizi cimiteriali;U.O. Stato Civile – Servizi Cimiteriali;Paolo Di Matteo (Funzionario Amministrativo);Palazzo Barone;Via Lincoln, 144, 90123 Palermo PA, Italia;0917403427 / 0917403433 / 0917403468 / 0917403470;impianticimiteriali.servizio@cert.comune.palermo.it / provvedimenticimiteriali@comune.palermo;impianticimiteriali.servizio@cert.comune.palermo.it;13.3680473;38.1112046;https://www.comune.palermo.it/amministrazione/unita_organizzativa/uo-stato-civile-servizi-cimiteriali/
unita;Area dei servizi cimiteriali Protezione Civile e Sicurezza;Capo area responsabile servizi cimiteriali;U.O. Tecnica – Servizi Cimiteriali;Francesco Paolo Amato (Funzionario Tecnico);Palazzo Barone;Via Lincoln, 144, 90123 Palermo PA, Italia;0917403428 / 0917403457 / 0917403492;impianticimiteriali.servizio@cert.comune.palermo.it / ufficiotecnicocimiteriale@comune.palermo.it;impianticimiteriali.servizio@cert.comune.palermo.it;13.3680473;38.1112046;https://www.comune.palermo.it/amministrazione/unita_organizzativa/tecnica/
settore;Area dei servizi cimiteriali Protezione Civile e Sicurezza;Ufficio protezione civile ed edilizia pericolante;Ufficio protezione civile ed edilizia pericolante;Maurizio Argento (Dirigente Tecnico);Polo Tecnico;Via Ausonia, 69, 90144 Palermo PA, Italia;091 7401283;m.argento@comune.palermo.it / protezionecivile@cert.comune.palermo.it / protezionecivile@comune.palermo.it;protezionecivile@cert.comune.palermo.it;13.3350655;38.1489097;https://www.comune.palermo.it/amministrazione/unita_organizzativa/ufficio-protezione-civile-ed-edilizia-pericolante/
unita;Area dei servizi cimiteriali Protezione Civile e Sicurezza;Ufficio protezione civile ed edilizia pericolante;U.O. Amministrativa Contabile e Staff Dirigente – Protezione civile ed edilizia pericolante;Maurizio Argento (Dirigente Tecnico);Polo Tecnico;Via Ausonia, 69, 90144 Palermo PA, Italia;0917401749;protezionecivile@cert.comune.palermo.it / protezionecivile@comune.palermo.it;protezionecivile@cert.comune.palermo.it;13.3350655;38.1489097;https://www.comune.palermo.it/amministrazione/unita_organizzativa/amministrativa-contabile-e-staff-dirigente/
unita;Area dei servizi cimiteriali Protezione Civile e Sicurezza;Ufficio protezione civile ed edilizia pericolante;U.O. Edilizia Degradata e Interventi Urgenti;Debora Messina (Esperto Tecnico Progettista);Ex Noviziato dei Crociferi;Via Foro Umberto I n. 14, 90133 Palermo PA, Italia;0917406864 / 0917406870;protezionecivile@cert.comune.palermo.it / protezionecivile@comune.palermo.it;protezionecivile@cert.comune.palermo.it;13.3741244;38.1168027;https://www.comune.palermo.it/amministrazione/unita_organizzativa/edilizia-degradata-e-interventi-urgenti/
unita;Area dei servizi cimiteriali Protezione Civile e Sicurezza;Ufficio protezione civile ed edilizia pericolante;U.O. Edilizia Pericolante;Nicola Giaconia (Funzionario Tecnico);Polo Tecnico;Via Ausonia, 69, 90144 Palermo PA, Italia;0917401451 / 0917401750;protezionecivile@cert.comune.palermo.it / protezionecivile@comune.palermo.it;protezionecivile@cert.comune.palermo.it;13.3350655;38.1489097;https://www.comune.palermo.it/amministrazione/unita_organizzativa/edilizia-pericolante/
unita;Area dei servizi cimiteriali Protezione Civile e Sicurezza;Ufficio protezione civile ed edilizia pericolante;U.O. Protezione Civile;Salvatore Mereu (Funzionario Tecnico Architetto);Polo Tecnico;Via Ausonia, 69, 90144 Palermo PA, Italia;0917401515;protezionecivile@cert.comune.palermo.it / protezionecivile@comune.palermo.it;protezionecivile@cert.comune.palermo.it;13.3350655;38.1489097;https://www.comune.palermo.it/amministrazione/unita_organizzativa/protezione-civile/
unita;Area dei servizi cimiteriali Protezione Civile e Sicurezza;Ufficio protezione civile ed edilizia pericolante;U.O. Segreteria Assessore Protezione Civile;Benedetto Fabrizio Misseri (Collaboratore Professionale Amministrativo);Polo Tecnico;Via Ausonia, 69, 90144 Palermo PA, Italia;0917402679;protezionecivile@cert.comune.palermo.it / protezionecivile@comune.palermo.it;protezionecivile@cert.comune.palermo.it;13.3350655;38.1489097;https://www.comune.palermo.it/amministrazione/unita_organizzativa/uo-segreteria-assessore-2/
settore;Area dei servizi cimiteriali Protezione Civile e Sicurezza;Ufficio autonomo sicurezza nei luoghi di lavoro e RSPP;Ufficio autonomo sicurezza nei luoghi di lavoro e RSPP;Maurizio Pedicone (Dirigente Amministrativo);Vicolo Gran Cancelliere, 1;Vicolo Gran Cancelliere, 1, 90134 Palermo PA, Italia;0917409701 / 0917409703 / 0917409706;sicurezza@cert.comune.palermo.it / sicurezza@comune.palermo.it;sicurezza@cert.comune.palermo.it;13.3596498;38.1162274;https://www.comune.palermo.it/amministrazione/unita_organizzativa/ufficio-autonomo-sicurezza-nei-luoghi-di-lavoro-e-rspp/
unita;Area dei servizi cimiteriali Protezione Civile e Sicurezza;Ufficio autonomo sicurezza nei luoghi di lavoro e RSPP;U.O. DVR Rapporti con i Datori di Lavoro e Medico competente;Maurizio Centinaro (Maurizio Centinaro);Vicolo Gran Cancelliere, 1;Vicolo Gran Cancelliere, 1, 90134 Palermo PA, Italia;091 7409705;sicurezza@cert.comune.palermo.it / sicurezza@comune.palermo.it;sicurezza@cert.comune.palermo.it;13.3596498;38.1162274;https://www.comune.palermo.it/amministrazione/unita_organizzativa/uo-dvr-rapporti-con-i-datori-di-lavoro-e-medico-competente/
unita;Area dei servizi cimiteriali Protezione Civile e Sicurezza;Ufficio autonomo sicurezza nei luoghi di lavoro e RSPP;U.O. Formazione e Sorveglianza Sanitaria;Giovanni Pietro Merlino (Giovanni Pietro Merlino);Vicolo Gran Cancelliere, 1;Vicolo Gran Cancelliere, 1, 90134 Palermo PA, Italia;;sicurezza@cert.comune.palermo.it / sicurezza@comune.palermo.it;sicurezza@cert.comune.palermo.it;13.3596498;38.1162274;https://www.comune.palermo.it/amministrazione/unita_organizzativa/uo-formazione-e-sorveglianza-sanitaria/
unita;Area dei servizi cimiteriali Protezione Civile e Sicurezza;Ufficio autonomo sicurezza nei luoghi di lavoro e RSPP;U.O. Staff Dirigente Ufficio Sicurezza nei Luoghi di Lavoro e RSPP;Maurizio Pedicone (Dirigente Amministrativo);Vicolo Gran Cancelliere, 1;Vicolo Gran Cancelliere, 1, 90134 Palermo PA, Italia;091 7409711;sicurezza@cert.comune.palermo.it / sicurezza@comune.palermo.it;sicurezza@cert.comune.palermo.it;13.3596498;38.1162274;https://www.comune.palermo.it/amministrazione/unita_organizzativa/uo-staff-dirigente-4/
settore;Area dei servizi cimiteriali Protezione Civile e Sicurezza;Ufficio Protezione Civile e Sicurezza;Ufficio Protezione Civile e Sicurezza;Maurizio Argento (Dirigente Tecnico);Polo Tecnico;Via Ausonia, 69, 90144 Palermo PA, Italia;091 7401283;m.argento@comune.palermo.it / protezionecivile@cert.comune.palermo.it / protezionecivile@comune.palermo.it;protezionecivile@cert.comune.palermo.it;13.3350655;38.1489097;https://www.comune.palermo.it/amministrazione/unita_organizzativa/ufficio-protezione-civile-e-sicurezza/
area;Area del Patrimonio;;Area del Patrimonio;Luigi Galatioto (Dirigente Amministrativo);Via Gerardo Astorino, 36;Via Gerardo Astorino, 36, 90146 Palermo PA, Italia;0917406424 / 0917406431;areapatrimonio@comune.palermo.it / settoredellerisorseimmobiliari@cert.comune.palermo.it;settoredellerisorseimmobiliari@cert.comune.palermo.it;13.3242128;38.1641916;https://www.comune.palermo.it/amministrazione/unita_organizzativa/area-del-patrimonio/
settore;Area del Patrimonio;Capo Area Responsabile Patrimonio;Capo Area Responsabile Patrimonio;Luigi Galatioto (Dirigente Amministrativo);Via Gerardo Astorino, 36;Via Gerardo Astorino, 36, 90146 Palermo PA, Italia;0917406424 / 0917406427 / 0917406431;areapatrimonio@comune.palermo.it / settoredellerisorseimmobiliari@cert.comune.palermo.it;settoredellerisorseimmobiliari@cert.comune.palermo.it;13.3242128;38.1641916;https://www.comune.palermo.it/amministrazione/unita_organizzativa/capo-area-responsabile-patrimonio/
unita;Area del Patrimonio;Capo Area Responsabile Patrimonio;U.O. Fitti passivi – Patrimonio;Pasquale Filippone (Funzionario Amministrativo);Via Gerardo Astorino, 36;Via Gerardo Astorino, 36, 90146 Palermo PA, Italia;091-7406426 / 091-7406443 / 091-7406475;areapatrimonio@comune.palermo.it / settoredellerisorseimmobiliari@cert.comune.palermo.it;settoredellerisorseimmobiliari@cert.comune.palermo.it;13.3242128;38.1641916;https://www.comune.palermo.it/amministrazione/unita_organizzativa/uo-fitti-passivi-patrimonio/
unita;Area del Patrimonio;Capo Area Responsabile Patrimonio;U.O. Gestione beni confiscati – Patrimonio;Giulia Di Matteo (Funzionario Amministrativo);Via Gerardo Astorino, 36;Via Gerardo Astorino, 36, 90146 Palermo PA, Italia;0917406408 / 0917406420 / 0917406430 / 0917406446 / 0917406474;areapatrimonio@comune.palermo.it / settoredellerisorseimmobiliari@cert.comune.palermo.it;settoredellerisorseimmobiliari@cert.comune.palermo.it;13.3242128;38.1641916;https://www.comune.palermo.it/amministrazione/unita_organizzativa/gestione-beni-confiscati/
unita;Area del Patrimonio;Capo Area Responsabile Patrimonio;U.O. Gestione condomini – Patrimonio;Giacomo Palazzolo (Funzionario Amministrativo);Via Gerardo Astorino, 36;Via Gerardo Astorino, 36, 90146 Palermo PA, Italia;091-7406449 / 091-7406450 / 091-7406503;areapatrimonio@comune.palermo.it / settoredellerisorseimmobiliari@cert.comune.palermo.it;settoredellerisorseimmobiliari@cert.comune.palermo.it;13.3242128;38.1641916;https://www.comune.palermo.it/amministrazione/unita_organizzativa/uo-gestione-condomini-patrimonio/
unita;Area del Patrimonio;Capo Area Responsabile Patrimonio;U.O. Gestione fitti attivi e patrimonio disponibile – Patrimonio;Elvira Borsellino (Funzionario Contabile);Via Gerardo Astorino, 36;Via Gerardo Astorino, 36, 90146 Palermo PA, Italia;091-7406418 / 091-7406470 / 091-7406471;areapatrimonio@comune.palermo.it / settoredellerisorseimmobiliari@cert.comune.palermo.it;settoredellerisorseimmobiliari@cert.comune.palermo.it;13.3242128;38.1641916;https://www.comune.palermo.it/amministrazione/unita_organizzativa/uo-gestione-fitti-attivi-e-patrimonio-disponibile-patrimonio/
unita;Area del Patrimonio;Capo Area Responsabile Patrimonio;U.O. Gestione problematiche sicurezza dei luoghi di lavoro e abusivismo edilizio – Patrimonio;Giovanna Pollara (Funzionario Tecnico);Via Gerardo Astorino, 36;Via Gerardo Astorino, 36, 90146 Palermo PA, Italia;0917406484;areapatrimonio@comune.palermo.it / settoredellerisorseimmobiliari@cert.comune.palermo.it;settoredellerisorseimmobiliari@cert.comune.palermo.it;13.3242128;38.1641916;https://www.comune.palermo.it/amministrazione/unita_organizzativa/uo-gestione-problematiche-sicurezza-dei-luoghi-di-lavoro-e-abusivismo-edilizio-patrimonio/
unita;Area del Patrimonio;Capo Area Responsabile Patrimonio;U.O. Segreteria di direzione, personale, protocollo e archivio – Patrimonio;Daniela D'Anna (Funzionario Amministrativo);Via Gerardo Astorino, 36;Via Gerardo Astorino, 36, 90146 Palermo PA, Italia;0917406431 / 0917406499;areapatrimonio@comune.palermo.it / settoredellerisorseimmobiliari@cert.comune.palermo.it;settoredellerisorseimmobiliari@cert.comune.palermo.it;13.3242128;38.1641916;https://www.comune.palermo.it/amministrazione/unita_organizzativa/segreteria-di-direzione-personale-protocollo-e-archivio/
unita;Area del Patrimonio;Capo Area Responsabile Patrimonio;U.O. Staff Capo Area – Patrimonio;;Via Gerardo Astorino, 36;Via Gerardo Astorino, 36, 90146 Palermo PA, Italia;0917406424 / 0917406431;areapatrimonio@comune.palermo.it / settoredellerisorseimmobiliari@cert.comune.palermo.it;settoredellerisorseimmobiliari@cert.comune.palermo.it;13.3242128;38.1641916;https://www.comune.palermo.it/amministrazione/unita_organizzativa/staff-capo-area/
unita;Area del Patrimonio;Capo Area Responsabile Patrimonio;U.O. Supporto non amministrativo – Patrimonio;Giuseppe Orantelli (Funzionario Tecnico Architetto);Via Gerardo Astorino, 36;Via Gerardo Astorino, 36, 90146 Palermo PA, Italia;091-7406411 / 091-7406413 / 091-7406502;areapatrimonio@comune.palermo.it / settoredellerisorseimmobiliari@cert.comune.palermo.it;settoredellerisorseimmobiliari@cert.comune.palermo.it;13.3242128;38.1641916;https://www.comune.palermo.it/amministrazione/unita_organizzativa/uo-supporto-non-amministrativo/
settore;Area del Patrimonio;Ufficio Autonomo Demanio e Inventario;Ufficio Autonomo Demanio e Inventario;Ferdinando Ania (Dirigente Amministrativo);Via Gerardo Astorino, 36;Via Gerardo Astorino, 36, 90146 Palermo PA, Italia;0917406433/82 / 0917406453/77 / 0917406497 / 0917406501;demanio@comune.palermo.it / gestionebeniconfiscatidemanio@cert.comune.palermo.it / inventario@cert.comune.palermo.it / inventario@comune.palermo.it;gestionebeniconfiscatidemanio@cert.comune.palermo.it / inventario@cert.comune.palermo.it;13.3242128;38.1641916;https://www.comune.palermo.it/amministrazione/unita_organizzativa/ufficio-autonomo-demanio-e-inventario/
unita;Area del Patrimonio;Ufficio Autonomo Demanio e Inventario;U.O. Gestione beni demaniali e patrimonio indisponibile;Nicolo' Salvatore Achille (Funzionario Amministrativo);Via Gerardo Astorino, 36;Via Gerardo Astorino, 36, 90146 Palermo PA, Italia;091-7406433 / 091-7406482;demanio@comune.palermo.it / gestionebeniconfiscatidemanio@cert.comune.palermo.it;gestionebeniconfiscatidemanio@cert.comune.palermo.it;13.3242128;38.1641916;https://www.comune.palermo.it/amministrazione/unita_organizzativa/gestione-beni-demaniali-e-patrimonio-indisponibile/
unita;Area del Patrimonio;Ufficio Autonomo Demanio e Inventario;U.O. Inventario;Gaspare Russo (Funzionario Tecnico);Via Gerardo Astorino, 36;Via Gerardo Astorino, 36, 90146 Palermo PA, Italia;091-7406481 / 091-7406501;inventario@cert.comune.palermo.it / inventario@comune.palermo.it;inventario@cert.comune.palermo.it;13.3242128;38.1641916;https://www.comune.palermo.it/amministrazione/unita_organizzativa/uo-inventario/
area;Area della Istruzione e Formazione;;Area della Istruzione e Formazione;Maria Anna Fiasconaro (Dirigente Amministrativo);Via Emanuele Notarbartolo n° 21/a;Via Emanuele Notarbartolo, 21/A, 90141 Palermo PA, Italia;0917404377;areascuola@comune.palermo.it / settoreservizieducativi@cert.comune.palermo.it;settoreservizieducativi@cert.comune.palermo.it;13.3457766;38.1328753;https://www.comune.palermo.it/amministrazione/unita_organizzativa/area-della-istruzione-e-formazione/
settore;Area della Istruzione e Formazione;Capo Area responsabile pianificazione dell’Istruzione e Formazione;Capo Area responsabile pianificazione dell’Istruzione e Formazione;Maria Anna Fiasconaro (Dirigente Amministrativo);Via Emanuele Notarbartolo n° 21/a;Via Emanuele Notarbartolo, 21/A, 90141 Palermo PA, Italia;0917404377 / 0917404381 / 0917404397;"areascuola@comune.palermo.it / settoresevizieducativi@cert.comune.palermo.it;";"settoresevizieducativi@cert.comune.palermo.it;";13.3457766;38.1328753;https://www.comune.palermo.it/amministrazione/unita_organizzativa/capo-area-responsabile-pianificazione-dellistruzione-e-formazione/
unita;Area della Istruzione e Formazione;Capo Area responsabile pianificazione dell’Istruzione e Formazione;U.O. Controllo Contabile;Fabio Filippo Scoma (Funzionario Contabile);Via Emanuele Notarbartolo n° 21/a;Via Emanuele Notarbartolo, 21/A, 90141 Palermo PA, Italia;0917404346 / 0917404363;areascuola@comune.palermo.it / settoreservizieducativi@cert.comune.palermo.it;settoreservizieducativi@cert.comune.palermo.it;13.3457766;38.1328753;https://www.comune.palermo.it/amministrazione/unita_organizzativa/uo-controllo-contabile/
unita;Area della Istruzione e Formazione;Capo Area responsabile pianificazione dell’Istruzione e Formazione;U.O. Gestione Personale interno e Servizi Generali – Capo Area responsabile pianificazione dell’Istruzione e Formazione;Fabio Filippo Scoma (Funzionario Contabile);Via Emanuele Notarbartolo n° 21/a;Via Emanuele Notarbartolo, 21/A, 90141 Palermo PA, Italia;0917404332 / 0917404361 / 0917404396;areascuola@comune.palermo.it / settoreservizieducativi@cert.comune.palermo.it;settoreservizieducativi@cert.comune.palermo.it;13.3457766;38.1328753;https://www.comune.palermo.it/amministrazione/unita_organizzativa/uo-gestione-personale-interno-e-servizi-generali-capo-area-responsabile-pianificazione-dellistruzione-e-formazione/
unita;Area della Istruzione e Formazione;Capo Area responsabile pianificazione dell’Istruzione e Formazione;U.O. Segreteria Assessore – Capo Area responsabile pianificazione dell’Istruzione e Formazione;Maria Antonietta Mangiapane (Esperto Attività Sportive);Via Emanuele Notarbartolo n° 21/a;Via Emanuele Notarbartolo, 21/A, 90141 Palermo PA, Italia;0917404300 / 0917404301;a.tamajo@comune.palermo.it / assessoratoscuola@comune.palermo.it / servizieducativi@cert.comune.paletrmo.it;servizieducativi@cert.comune.paletrmo.it;13.3457766;38.1328753;https://www.comune.palermo.it/amministrazione/unita_organizzativa/uo-segreteria-assessore-capo-area-responsabile-pianificazione-dellistruzione-e-formazione/
unita;Area della Istruzione e Formazione;Capo Area responsabile pianificazione dell’Istruzione e Formazione;U.O. Sicurezza – Capo Area responsabile pianificazione dell’Istruzione e Formazione;Fabio Filippo Scoma (Funzionario Contabile);Via Emanuele Notarbartolo n° 21/a;Via Emanuele Notarbartolo, 21/A, 90141 Palermo PA, Italia;0917404348 / 0917404373 / 0917404376;areascuola@comune.palermo.it / settoreservizieducativi@cert.comune.palermo.it;settoreservizieducativi@cert.comune.palermo.it;13.3457766;38.1328753;https://www.comune.palermo.it/amministrazione/unita_organizzativa/sicurezza/
unita;Area della Istruzione e Formazione;Capo Area responsabile pianificazione dell’Istruzione e Formazione;U.O. Staff Capo Area – Capo Area responsabile pianificazione dell’Istruzione e Formazione;Fabio Filippo Scoma (Funzionario Contabile);Via Emanuele Notarbartolo n° 21/a;Via Emanuele Notarbartolo, 21/A, 90141 Palermo PA, Italia;0917404376 / 0917404381 / 0917404387;"areascuola@comune.palermo.it / g.ragusa@comune.palermo.it; / settoreservizieducativi@cert.comune.palermo.it;";"settoreservizieducativi@cert.comune.palermo.it;";13.3457766;38.1328753;https://www.comune.palermo.it/amministrazione/unita_organizzativa/uo-staff-capo-area-capo-area-responsabile-pianificazione-dellistruzione-e-formazione/
unita;Area della Istruzione e Formazione;Capo Area responsabile pianificazione dell’Istruzione e Formazione;U.O. Ufficio Garante per i Diritti dell’Infanzia e dell’ adolescenza;Nadia Galici (Funzionario Amministrativo);Via Catania n° 146;Via Catania, 146, 90141 Palermo PA, Italia;091 7404180 / 091 7404305 / 091 7404394;garanteinfanziadolescenza@cert.comune.palermo.it / garanteinfanziadolescenza@comune.palermo.it / nadia.galici@comune.palermo.it;garanteinfanziadolescenza@cert.comune.palermo.it;13.3460296;38.126361;https://www.comune.palermo.it/amministrazione/unita_organizzativa/uo-autorit-garante-dei-diritti-dellinfanzia-e-adolescenza/
settore;Area della Istruzione e Formazione;Ufficio Servizi Educativi e Scuola dell’Infanzia 0-6 anni;Ufficio Servizi Educativi e Scuola dell’Infanzia 0-6 anni;Rosario Gagliano (Dirigente Amministrativo);Via Emanuele Notarbartolo n° 21/a;Via Emanuele Notarbartolo, 21/A, 90141 Palermo PA, Italia;0917404341;servizinfanzia@cert.comune.palermo.it / servizinfanzia@comune.palermo.it;servizinfanzia@cert.comune.palermo.it;13.3457766;38.1328753;https://www.comune.palermo.it/amministrazione/unita_organizzativa/ufficio-servizi-educativi-e-scuola-dellinfanzia-06-anni/
unita;Area della Istruzione e Formazione;Ufficio Servizi Educativi e Scuola dell’Infanzia 0-6 anni;U.O. Approvvigionamento;Salvatore Milazzo (Funzionario Amministrativo);Via Emanuele Notarbartolo n° 21/a;Via Emanuele Notarbartolo, 21/A, 90141 Palermo PA, Italia;091 7404345 / 091 7404393 / 091 74704391;s.milazzo@comune.palermo.it / servizinfanzia@cert.comune.palermo.it / servizinfanzia@comune.palermo.it;servizinfanzia@cert.comune.palermo.it;13.3457766;38.1328753;https://www.comune.palermo.it/amministrazione/unita_organizzativa/uo-approvvigionamento/
unita;Area della Istruzione e Formazione;Ufficio Servizi Educativi e Scuola dell’Infanzia 0-6 anni;U.O. Contributi 0/6;Silvia Merendino (Funzionario Educativo/Pedagogico);Via Emanuele Notarbartolo n° 21/a;Via Emanuele Notarbartolo, 21/A, 90141 Palermo PA, Italia;0917404339 / 0917404370 / 0917404373;contributizerosei@comune.palermo.it / servizinfanzia@cert.comune.palermo.it;servizinfanzia@cert.comune.palermo.it;13.3457766;38.1328753;https://www.comune.palermo.it/amministrazione/unita_organizzativa/uo-contributi-06/
unita;Area della Istruzione e Formazione;Ufficio Servizi Educativi e Scuola dell’Infanzia 0-6 anni;U.O. Direzione e Segreteria – Ufficio Servizi Educativi e Scuola dell’Infanzia 0/6 anni;Daniela Tripisciano (Funzionario Sociologo);Via Emanuele Notarbartolo n° 21/a;Via Emanuele Notarbartolo, 21/A, 90141 Palermo PA, Italia;091/7404341 / 091/7404343;d.tripisciano@comune.palermo.it / servizinfanzia@cert.comune.palermo.it / servizinfanzia@comune.palermo.it;servizinfanzia@cert.comune.palermo.it;13.3457766;38.1328753;https://www.comune.palermo.it/amministrazione/unita_organizzativa/uo-direzione-e-segreteria-ufficio-servizi-educativi-e-scuola-dellinfanzia-06-anni/
unita;Area della Istruzione e Formazione;Ufficio Servizi Educativi e Scuola dell’Infanzia 0-6 anni;U.O. Progettazione, Gestione Amministrativa e pedagogica servizi 0/3 a gestione indiretta;Tiziana Fornaciari (Esperto Area Socio Assistenziale);Via Emanuele Notarbartolo n° 21/a;Via Emanuele Notarbartolo, 21/A, 90141 Palermo PA, Italia;0917404302 / 0917404313 / 0917404358;pacinfanzia@comune.palermo.it / servizinfanzia@cert.comune.palermo.it;servizinfanzia@cert.comune.palermo.it;13.3457766;38.1328753;https://www.comune.palermo.it/amministrazione/unita_organizzativa/progettazione-gestione-amministrativa-e-pedagogica-servizi-03-a-gestione-indiretta/
unita;Area della Istruzione e Formazione;Ufficio Servizi Educativi e Scuola dell’Infanzia 0-6 anni;U.O. Programmazione, monitoraggio e rendicontazione fondi extracomunali prima e seconda infanzia;Valeria Palmisano (Funzionario Amministrativo);Via Emanuele Notarbartolo n° 21/a;Via Emanuele Notarbartolo, 21/A, 90141 Palermo PA, Italia;0917404342 / 0917404343 / 0917404393;servizinfanzia@cert.comune.palermo.it / servizinfanzia@comune.palermo.it;servizinfanzia@cert.comune.palermo.it;13.3457766;38.1328753;https://www.comune.palermo.it/amministrazione/unita_organizzativa/programmazione-monitoraggio-e-rendicontazione-fondi-extracomunali-prima-e-seconda-infanzia/
unita;Area della Istruzione e Formazione;Ufficio Servizi Educativi e Scuola dell’Infanzia 0-6 anni;U.O. Servizi Educativi comunali a gestione diretta 0/3;Francesca Mazzola (Funzionario Amministrativo);Via Emanuele Notarbartolo n° 21/a;Via Emanuele Notarbartolo, 21/A, 90141 Palermo PA, Italia;0917404309 / 0917404347 / 0917404374 / 0917404388;asilinido@comune.palermo.it / servizinfanzia@cert.comune.palermo.it;servizinfanzia@cert.comune.palermo.it;13.3457766;38.1328753;https://www.comune.palermo.it/amministrazione/unita_organizzativa/servizi-educativi-comunali-a-gestione-diretta-03/
unita;Area della Istruzione e Formazione;Ufficio Servizi Educativi e Scuola dell’Infanzia 0-6 anni;U.O. Servizi Educativi comunali a gestione diretta 3/6;Margherita Greco (Funzionario Amministrativo);Via Galileo Galilei, n° 36;Via Galileo Galilei, 36, 90145 Palermo PA, Italia;0916810636 / 0916823391 / 0916865091;scuoleinfanzia@comune.palermo.it / servizinfanzia@cert.comune.palermo.it;servizinfanzia@cert.comune.palermo.it;13.3340165;38.1313979;https://www.comune.palermo.it/amministrazione/unita_organizzativa/servizi-educativi-comunali-a-gestione-diretta-36/
settore;Area della Istruzione e Formazione;Ufficio per la scuola dell’obbligo e contrasto alla dispersione scolastica;Ufficio per la scuola dell’obbligo e contrasto alla dispersione scolastica;Maria Sparacino (Dirigente Amministrativo);Via Emanuele Notarbartolo n° 21/a;Via Emanuele Notarbartolo, 21/A, 90141 Palermo PA, Italia;0917404304 / 0917404305;serviziscuole@cert.comune.palermo.it / serviziscuole@comune.palermo.it;serviziscuole@cert.comune.palermo.it;13.3457766;38.1328753;https://www.comune.palermo.it/amministrazione/unita_organizzativa/ufficio-per-la-scuola-dellobbligo-e-contrasto-alla-dispersione-scolastica/
unita;Area della Istruzione e Formazione;Ufficio per la scuola dell’obbligo e contrasto alla dispersione scolastica;U.O. Assistenza Specialistica;Ina Treppiedi (Esperto Front Office);Via Emanuele Notarbartolo n° 21/a;Via Emanuele Notarbartolo, 21/A, 90141 Palermo PA, Italia;091 7404357 / 091 7404389;assistenzaspecialistica@comune.palermo.it / serviziscuole@cert.comune.palermo.it;serviziscuole@cert.comune.palermo.it;13.3457766;38.1328753;https://www.comune.palermo.it/amministrazione/unita_organizzativa/assistenza-specialistica/
unita;Area della Istruzione e Formazione;Ufficio per la scuola dell’obbligo e contrasto alla dispersione scolastica;U.O. Contributi per diritto allo studio;Maria Rosa Valenza (Funzionario Amministrativo);Via Emanuele Notarbartolo n° 21/a;Via Emanuele Notarbartolo, 21/A, 90141 Palermo PA, Italia;091/7404398 / 0917404312;"contributidirittoallostudio@comune.palermo.it; / serviziscuole@cert.comune.palermo.it / serviziscuole@comune.palermo.it;											";serviziscuole@cert.comune.palermo.it;13.3457766;38.1328753;https://www.comune.palermo.it/amministrazione/unita_organizzativa/uo-contributi-per-diritto-allo-studio/
unita;Area della Istruzione e Formazione;Ufficio per la scuola dell’obbligo e contrasto alla dispersione scolastica;U.O. Direzione e segreteria – Ufficio per la scuola dell’obbligo e contrasto alla dispersione scolastica;Nadia Galici (Funzionario Amministrativo);Via Emanuele Notarbartolo n° 21/a;Via Emanuele Notarbartolo, 21/A, 90141 Palermo PA, Italia;091 7404305 / 091 7404394;"serviziscuole@cert.comune.palermo.it / serviziscuole@comune.palermo.it;";serviziscuole@cert.comune.palermo.it;13.3457766;38.1328753;https://www.comune.palermo.it/amministrazione/unita_organizzativa/uo-direzione-e-segreteria-ufficio-per-la-scuola-dellobbligo-e-contrasto-alla-dispersione-scolastica/
unita;Area della Istruzione e Formazione;Ufficio per la scuola dell’obbligo e contrasto alla dispersione scolastica;U.O. Dispersione Scolastica;Vincenza Di Grigoli (Pedagogista);Via Emanuele Notarbartolo n° 21/a;Via Emanuele Notarbartolo, 21/A, 90141 Palermo PA, Italia;091 7404337 / 091 7404338 / 091 7404354;"portaledellascuola@comune.palermo.it; / serviziscuole@cert.comune.palermo.it";serviziscuole@cert.comune.palermo.it;13.3457766;38.1328753;https://www.comune.palermo.it/amministrazione/unita_organizzativa/uo-dispersione-scolastica/
unita;Area della Istruzione e Formazione;Ufficio per la scuola dell’obbligo e contrasto alla dispersione scolastica;U.O. Gestione personale esterno;Ina Treppiedi (Esperto Front Office);Via Emanuele Notarbartolo n° 21/a;Via Emanuele Notarbartolo, 21/A, 90141 Palermo PA, Italia;0917404378 / 0917404389;gestionepersonalesterno@comune.palermo.it / serviziscuole@cert.comune.palermo.it / serviziscuole@comune.palermo.it;serviziscuole@cert.comune.palermo.it;13.3457766;38.1328753;https://www.comune.palermo.it/amministrazione/unita_organizzativa/uo-gestione-personale-esterno/
unita;Area della Istruzione e Formazione;Ufficio per la scuola dell’obbligo e contrasto alla dispersione scolastica;U.O. Organizzazione rete scolastica e funzionamento scuole;Giovanna Durante (Funzionario Amministrativo);Via Emanuele Notarbartolo n° 21/a;Via Emanuele Notarbartolo, 21/A, 90141 Palermo PA, Italia;0917404318 / 0917404392;"serviziscuole@cert.comune.palermo.it / serviziscuole@comune.palermo.it;											";serviziscuole@cert.comune.palermo.it;13.3457766;38.1328753;https://www.comune.palermo.it/amministrazione/unita_organizzativa/uo-organizzazione-rete-scolastica-e-funzionamento-scuole/
unita;Area della Istruzione e Formazione;Ufficio per la scuola dell’obbligo e contrasto alla dispersione scolastica;U.O. Progetti e iniziative educative rivolte alle scuole dell’obbligo;Giuseppa Raimondi (Pedagogista);Via Emanuele Notarbartolo n° 21/a;Via Emanuele Notarbartolo, 21/A, 90141 Palermo PA, Italia;0917404306 / 0917404334 / 0917404383;g.raimondi@comune.palermo.it / serviziscuole@cert.comune.palermo.it;serviziscuole@cert.comune.palermo.it;13.3457766;38.1328753;https://www.comune.palermo.it/amministrazione/unita_organizzativa/uo-progetti-e-iniziative-educative-rivolte-alle-scuole-dellobbligo/
unita;Area della Istruzione e Formazione;Ufficio per la scuola dell’obbligo e contrasto alla dispersione scolastica;U.O. Refezione;Calogero Miserendino (Funzionario Amministrativo);Via Emanuele Notarbartolo n° 21/a;Via Emanuele Notarbartolo, 21/A, 90141 Palermo PA, Italia;091 7404304 / 091 7404340 / 091 7404359 / 091 7404362;"refezionescolastica@comune.palermo.it / serviziscuole@cert.comune.palermo.it / serviziscuole@comune.palermo.it;";serviziscuole@cert.comune.palermo.it;13.3457766;38.1328753;https://www.comune.palermo.it/amministrazione/unita_organizzativa/uo-refezione/
settore;Area della Istruzione e Formazione;Ufficio Edilizia Scolastica;Ufficio Edilizia Scolastica;Adriano Salvatore Di Francisca (Dirigente Tecnico);Polo Tecnico;Via Ausonia, 69, 90144 Palermo PA, Italia;0917401470;ediliziascolastica@cert.comune.palermo.it / manutenzionescuole@comune.palermo.it;ediliziascolastica@cert.comune.palermo.it;13.3350655;38.1489097;https://www.comune.palermo.it/amministrazione/unita_organizzativa/ufficio-manutenzione-straordinaria-progettazione-gestione-e-monitoraggio-di-interventi-per-ledilizia-scolastica/
unita;Area della Istruzione e Formazione;Ufficio Edilizia Scolastica;U.O. Manutenzione ordinaria e straordinaria impianti tecnologici scuole e asili – Edilizia Scolastica;Benedetto D'Amico;Polo Tecnico;Via Ausonia, 69, 90144 Palermo PA, Italia;0917401884;b.damico@comune.palermo.it / ediliziascolastica@cert.comune.palermo.it / manutenzionescuole@comune.palermo.it;ediliziascolastica@cert.comune.palermo.it;13.3350655;38.1489097;https://www.comune.palermo.it/amministrazione/unita_organizzativa/uo-manutenzione-ordinaria-e-straordinaria-impianti-tecnologici-scuole-e-asili-edilizia-scolastica/
unita;Area della Istruzione e Formazione;Ufficio Edilizia Scolastica;U.O. Manutenzione ordinaria, manutenzione straordinaria, opere nuove e ristrutturazioni edifici scolastici e asili nido zona nord – Edilizia Scolastica;Francesco Savarino (Funzionario Tecnico);Polo Tecnico;Via Ausonia, 69, 90144 Palermo PA, Italia;0917401506;ediliziascolastica@cert.comune.palermo.it / f.savarino@comune.palermo.it / manutenzionescuole@comune.palermo.it;ediliziascolastica@cert.comune.palermo.it;13.3350655;38.1489097;https://www.comune.palermo.it/amministrazione/unita_organizzativa/uo-manutenzione-ordinaria-manutenzione-straordinaria-opere-nuove-e-ristrutturazioni-edifici-scolastici-e-asili-nido-zona-nord-edilizia-scolastica/
unita;Area della Istruzione e Formazione;Ufficio Edilizia Scolastica;U.O. Manutenzione ordinaria, manutenzione straordinaria, opere nuove e ristrutturazioni edifici scolastici e asili nido zona sud – Edilizia Scolastica;Roberta Romeo (Funzionario Tecnico);Polo Tecnico;Via Ausonia, 69, 90144 Palermo PA, Italia;0917401512;ediliziascolastica@cert.comune.palermo.it / manutenzionescuole@comune.palermo.it / r.romeo@comune.palermo.it;ediliziascolastica@cert.comune.palermo.it;13.3350655;38.1489097;https://www.comune.palermo.it/amministrazione/unita_organizzativa/uo-manutenzione-ordinaria-manutenzione-straordinaria-opere-nuove-e-ristrutturazioni-edifici-scolastici-e-asili-nido-zona-sud-edilizia-scolastica/
unita;Area della Istruzione e Formazione;Ufficio Edilizia Scolastica;U.O. Staff di direzione – Edilizia Scolastica;Maurizio Moscato (Funzionario Amministrativo);Polo Tecnico;Via Ausonia, 69, 90144 Palermo PA, Italia;091/7401703 / 0917401508;ediliziascolastica@cert.comune.palermo.it / m.moscato@comune.palermo.it / manutenzionescuole@comune.palermo.it;ediliziascolastica@cert.comune.palermo.it;13.3350655;38.1489097;https://www.comune.palermo.it/amministrazione/unita_organizzativa/uo-staff-di-direzione-edilizia-scolastica/
area;Area della Polizia municipale;;Area della Polizia municipale;Angelo Colucciello (Comandante Corpo Di P.M.);Comando Polizia Municipale;Via Ugo la Malfa, 72, 90146 Palermo PA, Italia;0916954111;comandopoliziamunicipale@cert.comune.palermo.it / comandopoliziamunicipale@comune.palermo.it;comandopoliziamunicipale@cert.comune.palermo.it;13.3144742;38.1613715;https://www.comune.palermo.it/amministrazione/unita_organizzativa/area-della-polizia-municipale/
settore;Area della Polizia municipale;Comandante Corpo di Polizia Municipale;Comandante Corpo di Polizia Municipale;Angelo Colucciello (Comandante Corpo Di P.M.);Comando Polizia Municipale;Via Ugo la Malfa, 72, 90146 Palermo PA, Italia;0916954255;comandopoliziamunicipale@cert.comune.palermo.it / segreteriacomandante@comune.palermo.it;comandopoliziamunicipale@cert.comune.palermo.it;13.3144742;38.1613715;https://www.comune.palermo.it/amministrazione/unita_organizzativa/comandante-corpo-di-polizia-municipale/
unita;Area della Polizia municipale;Comandante Corpo di Polizia Municipale;U.O Benessere animale – Comandante Corpo di Polizia Municipale;Rosalia La Mattina (Funzionario Polizia Municipale);Comando Polizia Municipale;Via Ugo la Malfa, 72, 90146 Palermo PA, Italia;0916954598 / 0916954655;comandopoliziamunicipale@cert.comune.palermo.it / spg.ba@comune.palermo.it;comandopoliziamunicipale@cert.comune.palermo.it;13.3144742;38.1613715;https://www.comune.palermo.it/amministrazione/unita_organizzativa/uo-benessere-animale-comandante-corpo-di-polizia-municipale/
unita;Area della Polizia municipale;Comandante Corpo di Polizia Municipale;U.O. Aliquota P.M. presso il Tribunale per i minorenni;Giorgio Rosario Schiavo (Funzionario Polizia Municipale);Tribunale dei minorenni;Via Principe di Palagonia, 165, 90145 Palermo PA, Italia;091/6810637 / 091/68679401 / 091/68679422;comandopoliziamunicipale@cert.comune.palermo.it / giorgio.schiavo@@giustizia.it;comandopoliziamunicipale@cert.comune.palermo.it;13.335255;38.1362493;https://www.comune.palermo.it/amministrazione/unita_organizzativa/uo-aliquota-pm-presso-il-tribunale-per-i-minorenni/
unita;Area della Polizia municipale;Comandante Corpo di Polizia Municipale;U.O. Aliquota P.M. presso tribunale;Marco Matranga (Funzionario Polizia Municipale);Via Villareale n° 40;Via Valerio Villareale, 40, 90141 Palermo PA, Italia;091/7424037;pgaliquotapm@cert.comune.palermo.it / pgaliquotapm@comune.palermo.it;pgaliquotapm@cert.comune.palermo.it;13.3554122;38.1226817;https://www.comune.palermo.it/amministrazione/unita_organizzativa/uo-aliquota-pm-presso-tribunale/
unita;Area della Polizia municipale;Comandante Corpo di Polizia Municipale;U.O. Armeria;Benedetto Cassara' (Funzionario Polizia Municipale);Comando Polizia Municipale;Via Ugo la Malfa, 72, 90146 Palermo PA, Italia;091/6954244;armeriapm@comune.palermo.it / comandopoliziamunicipale@cert.comune.palermo.it;comandopoliziamunicipale@cert.comune.palermo.it;13.3144742;38.1613715;https://www.comune.palermo.it/amministrazione/unita_organizzativa/uo-armeria/
unita;Area della Polizia municipale;Comandante Corpo di Polizia Municipale;U.O. Centrale comunicazioni – Comando operativo – Richiesta interventi rimozione forzata;Caterina Faraone (Funzionario Polizia Municipale);Comando Polizia Municipale;Via Ugo la Malfa, 72, 90146 Palermo PA, Italia;091/6954111 / 091/6954328;comandopoliziamunicipale@cert.comune.palermo.it / crto@comune.palermo.it;comandopoliziamunicipale@cert.comune.palermo.it;13.3144742;38.1613715;https://www.comune.palermo.it/amministrazione/unita_organizzativa/uo-centrale-comunicazioni-comando-operativo-richiesta-interventi-rimozione-forzata/
unita;Area della Polizia municipale;Comandante Corpo di Polizia Municipale;U.O. Controlli ambientali e Veicoli abbandonati;Gaetano Burzotta (Funzionario Polizia Municipale);Comando Polizia Municipale;Via Ugo la Malfa, 72, 90146 Palermo PA, Italia;091/6954361;mobilitasicurezzapm@cert.comune.palermo.it / spg.ncgaa@comune.palermo.it;mobilitasicurezzapm@cert.comune.palermo.it;13.3144742;38.1613715;https://www.comune.palermo.it/amministrazione/unita_organizzativa/uo-controlli-ambientali-e-veicoli-abbandonati/
unita;Area della Polizia municipale;Comandante Corpo di Polizia Municipale;U.O. Gestione e custodia veicoli;Giuseppe Franco Spena (Funzionario Polizia Municipale);Comando Polizia Municipale;Via Ugo la Malfa, 72, 90146 Palermo PA, Italia;091/6954602;autoparcopm@comune.palermo.it / comandopoliziamunicipale@cert.comune.palermo.it;comandopoliziamunicipale@cert.comune.palermo.it;13.3144742;38.1613715;https://www.comune.palermo.it/amministrazione/unita_organizzativa/uo-gestione-e-custodia-veicoli/
unita;Area della Polizia municipale;Comandante Corpo di Polizia Municipale;U.O. Lavori stradali;Tiziana Oliveri (Funzionario Polizia Municipale);Comando Polizia Municipale;Via Ugo la Malfa, 72, 90146 Palermo PA, Italia;091/6954302;comandopoliziamunicipale@cert.comune.palermo.it / controllilavoristradali@comune.palermo.it;comandopoliziamunicipale@cert.comune.palermo.it;13.3144742;38.1613715;https://www.comune.palermo.it/amministrazione/unita_organizzativa/uo-lavori-stradali/
unita;Area della Polizia municipale;Comandante Corpo di Polizia Municipale;U.O. Nucleo a cavallo;Basilio Princiotta Cariddi (Agente Polizia Municipale);Campo Ostacoli/Parco della Favorita;Viale Diana, VI Circoscrizione, Palermo, Sicilia, 90167, Italia;091/9828974;comandopoliziamunicipale@cert.comune.palermo.it / pm.nucleoacavallo@comune.palermo.it;comandopoliziamunicipale@cert.comune.palermo.it;13.34702547659;38.156564525555;https://www.comune.palermo.it/amministrazione/unita_organizzativa/uo-nucleo-a-cavallo/
unita;Area della Polizia municipale;Comandante Corpo di Polizia Municipale;U.O. Nucleo Cinofili;Giuseppe Medici (Funzionario Polizia Municipale);Campo addestramento Parco della Favorita;Viale Diana, VI Circoscrizione, Palermo, Sicilia, 90167, Italia;091/511325 / 091/7407428;comandopoliziamunicipale@cert.comune.palermo.it / spg.nc@comune.palermo.it;comandopoliziamunicipale@cert.comune.palermo.it;13.345627047512;38.15578249146;https://www.comune.palermo.it/amministrazione/unita_organizzativa/uo-nucleo-cinofili-2/
unita;Area della Polizia municipale;Comandante Corpo di Polizia Municipale;U.O. Nucleo controllo velocità;Giovanni Iraci (Funzionario Polizia Municipale);Comando Polizia Municipale;Via Ugo la Malfa, 72, 90146 Palermo PA, Italia;091/6954291 / 091/6954604;autovelox@comune.palermo.it / comandopoliziamunicipale@cert.comune.palermo.it;comandopoliziamunicipale@cert.comune.palermo.it;13.3144742;38.1613715;https://www.comune.palermo.it/amministrazione/unita_organizzativa/uo-nucleo-controllo-velocit/
unita;Area della Polizia municipale;Comandante Corpo di Polizia Municipale;U.O. Nucleo Infortunistica;Gaspare Ianni' (Funzionario Polizia Municipale);Comando Polizia Municipale;Via Ugo la Malfa, 72, 90146 Palermo PA, Italia;091/6954294;comandopoliziamunicipale@cert.comune.palermo.it / nucleoinfortunistica@comune.palermo.it;comandopoliziamunicipale@cert.comune.palermo.it;13.3144742;38.1613715;https://www.comune.palermo.it/amministrazione/unita_organizzativa/uo-nucleo-infortunistica/
unita;Area della Polizia municipale;Comandante Corpo di Polizia Municipale;U.O. Nucleo segnaletica;Gaetano Burzotta (Funzionario Polizia Municipale);Comando Polizia Municipale;Via Ugo la Malfa, 72, 90146 Palermo PA, Italia;091/6954331;mobilitasicurezzapm@cert.comune.palermo.it / ufficiosegnaleticapm@comune.palermo.it;mobilitasicurezzapm@cert.comune.palermo.it;13.3144742;38.1613715;https://www.comune.palermo.it/amministrazione/unita_organizzativa/uo-nucleo-segnaletica/
unita;Area della Polizia municipale;Comandante Corpo di Polizia Municipale;U.O. Nucleo tutela decoro e Viabilità urbana;Giustina Uccello (Funzionario Polizia Municipale);Comando Polizia Municipale;Via Ugo la Malfa, 72, 90146 Palermo PA, Italia;091/6954664 / 091/6954665;comandopoliziamunicipale@cert.comune.palermo.it / pm.sviu@comune.palermo.it;comandopoliziamunicipale@cert.comune.palermo.it;13.3144742;38.1613715;https://www.comune.palermo.it/amministrazione/unita_organizzativa/uo-nucleo-tutela-decoro-e-viabilit-urbana/
unita;Area della Polizia municipale;Comandante Corpo di Polizia Municipale;U.O. Nucleo tutela patrimonio artistico;Antonio Maone (Funzionario Polizia Municipale);Comando Polizia Municipale;Via Ugo la Malfa, 72, 90146 Palermo PA, Italia;091-6954669 / 091-6954671 / 091-6954672 / 091-6954673;comandopoliziamunicipale@cert.comune.palermo.it / spg.ntpa@comune.palermo.it;comandopoliziamunicipale@cert.comune.palermo.it;13.3144742;38.1613715;https://www.comune.palermo.it/amministrazione/unita_organizzativa/uo-nucleo-tutela-patrimonio-artistico/
unita;Area della Polizia municipale;Comandante Corpo di Polizia Municipale;U.O. Nucleo Tutela Risorse Immobiliari – Beni Confiscati;Matteo Barbera (Funzionario Polizia Municipale);Comando Polizia Municipale;Via Ugo la Malfa, 72, 90146 Palermo PA, Italia;091-6954454;pm.beniconfiscati@comune.palermo.it / vigilanzattivitaproduttivedilizie@cert.comune.palermo.it;vigilanzattivitaproduttivedilizie@cert.comune.palermo.it;13.3144742;38.1613715;https://www.comune.palermo.it/amministrazione/unita_organizzativa/uo-nucleo-tutela-risorse-immobiliari-beni-confiscati/
unita;Area della Polizia municipale;Comandante Corpo di Polizia Municipale;U.O. Nucleo tutela risorse immobiliari – Centro storico;Ciro Lo Bello (Funzionario Polizia Municipale);Ex Noviziato dei Crociferi;Via Foro Umberto I n. 14, 90133 Palermo PA, Italia;091-7406901 / 091-7406905;comandopoliziamunicipale@cert.comune.palermo.it / pm.interventiabitativi@comune.palermo.it;comandopoliziamunicipale@cert.comune.palermo.it;13.3741244;38.1168027;https://www.comune.palermo.it/amministrazione/unita_organizzativa/uo-nucleo-tutela-risorse-immobiliari-centro-storico-2/
unita;Area della Polizia municipale;Comandante Corpo di Polizia Municipale;U.O. Nucleo tutela risorse immobiliari – Edilizia Pericolante;Pietro Lucchese (Funzionario Polizia Municipale);Comando Polizia Municipale;Via Ugo la Malfa, 72, 90146 Palermo PA, Italia;091-6954446 / 091-9654449;comandopoliziamunicipale@cert.comune.palermo.it / ntri.pde@comune.palermo.it;comandopoliziamunicipale@cert.comune.palermo.it;13.3144742;38.1613715;https://www.comune.palermo.it/amministrazione/unita_organizzativa/uo-nucleo-tutela-risorse-immobiliari-edilizia-pericolante/
unita;Area della Polizia municipale;Comandante Corpo di Polizia Municipale;U.O. Nucleo tutela risorse immobiliari – Interventi abitativi;Matteo Barbera (Funzionario Polizia Municipale);Viale Regione siciliana n° 2357;Viale della Regione Siciliana, 2357, 90145 Palermo PA, Italia;0917403051 / 0917403057 / 0917403074;comandopoliziamunicipale@cert.comune.palermo.it / ntripm@comune.palermo.it;comandopoliziamunicipale@cert.comune.palermo.it;13.3297207;38.124559;https://www.comune.palermo.it/amministrazione/unita_organizzativa/uo-nucleo-tutela-risorse-immobiliari-interventi-abitativi/
unita;Area della Polizia municipale;Comandante Corpo di Polizia Municipale;U.O. Organizzazione e Metodo – Formazione – Matricola – Disciplina;Elvira Damiano (Funzionario Polizia Municipale);Comando Polizia Municipale;Via Ugo la Malfa, 72, 90146 Palermo PA, Italia;091/6954224 / 091/6954233 / 091/6954265 / 091/6954615;comandopoliziamunicipale@cert.comune.palermo.it / org.met.pm@comune.palermo.it;comandopoliziamunicipale@cert.comune.palermo.it;13.3144742;38.1613715;https://www.comune.palermo.it/amministrazione/unita_organizzativa/uo-organizzazione-e-metodo-formazione-matricola-disciplina/
unita;Area della Polizia municipale;Comandante Corpo di Polizia Municipale;U.O. Polizia ambientale;Gaetano Alba (Funzionario Polizia Municipale);Comando Polizia Municipale;Via Ugo la Malfa, 72, 90146 Palermo PA, Italia;091-6954607 / 091-6954610;comandopoliziamunicipale@cert.comune.palermo.it / spg.nopa@comune.palermo.it;comandopoliziamunicipale@cert.comune.palermo.it;13.3144742;38.1613715;https://www.comune.palermo.it/amministrazione/unita_organizzativa/uo-polizia-ambientale/
unita;Area della Polizia municipale;Comandante Corpo di Polizia Municipale;U.O. Polizia Giudiziaria di P.M.;Fabio Battello (Funzionario);Comando Polizia Municipale;Via Ugo la Malfa, 72, 90146 Palermo PA, Italia;091/6954271 / 091/6954370;pg.sicurezza@comune.palermo.it / pgcomandopm@cert.comune.palermo.it / spg.ba@comune.palermo.it(benessereanimali);pgcomandopm@cert.comune.palermo.it;13.3144742;38.1613715;https://www.comune.palermo.it/amministrazione/unita_organizzativa/uo-polizia-giudiziaria-di-pm/
unita;Area della Polizia municipale;Comandante Corpo di Polizia Municipale;U.O. Polizia stradale;Pinomassimo La Rizza (Funzionario Polizia Municipale);Comando Polizia Municipale;Via Ugo la Malfa, 72, 90146 Palermo PA, Italia;091/6954503;mobilitasicurezza@comune.palermo.it / mobilitasicurezzapm@cert.comune.palermo.it;mobilitasicurezzapm@cert.comune.palermo.it;13.3144742;38.1613715;https://www.comune.palermo.it/amministrazione/unita_organizzativa/uo-polizia-stradale/
unita;Area della Polizia municipale;Comandante Corpo di Polizia Municipale;U.O. Polizia Urbanistica ed Edilizia;Antonio Maone (Funzionario Polizia Municipale);Comando Polizia Municipale;Via Ugo la Malfa, 72, 90146 Palermo PA, Italia;091-6954228 / 091-6954229;comandopoliziamunicipale@cert.comune.palermo.it / poliziaedilizia@comune.palermo.it;comandopoliziamunicipale@cert.comune.palermo.it;13.3144742;38.1613715;https://www.comune.palermo.it/amministrazione/unita_organizzativa/uo-polizia-urbanistica-ed-edilizia/
unita;Area della Polizia municipale;Comandante Corpo di Polizia Municipale;U.O. Protocollo generale – Comandante corpo di Polizia Municipale;Benedetto Cassara' (Funzionario Polizia Municipale);Comando Polizia Municipale;Via Ugo la Malfa, 72, 90146 Palermo PA, Italia;091/6954325;comandopoliziamunicipale@cert.comune.palermo.it / protocollogenerale.pm@comune.palermo.it;comandopoliziamunicipale@cert.comune.palermo.it;13.3144742;38.1613715;https://www.comune.palermo.it/amministrazione/unita_organizzativa/uo-protocollo-generale-comandante-corpo-di-polizia-municipale/
unita;Area della Polizia municipale;Comandante Corpo di Polizia Municipale;U.O. Rimozione forzata;Caterina Faraone (Funzionario Polizia Municipale);Comando Polizia Municipale;Via Ugo la Malfa, 72, 90146 Palermo PA, Italia;091/6954328;comandopoliziamunicipale@cert.comune.palermo.it / crto@comune.palermo.it;comandopoliziamunicipale@cert.comune.palermo.it;13.3144742;38.1613715;https://www.comune.palermo.it/amministrazione/unita_organizzativa/uo-rimozione-forzata/
unita;Area della Polizia municipale;Comandante Corpo di Polizia Municipale;U.O. Segreteria particolare del comandante;Benedetto Cassara' (Funzionario Polizia Municipale);Comando Polizia Municipale;Via Ugo la Malfa, 72, 90146 Palermo PA, Italia;091/6954255;comandopoliziamunicipale@cert.comune.palermo.it / segreteriacomandante@comune.palermo.it;comandopoliziamunicipale@cert.comune.palermo.it;13.3144742;38.1613715;https://www.comune.palermo.it/amministrazione/unita_organizzativa/uo-segreteria-particolare-del-comandante/
unita;Area della Polizia municipale;Comandante Corpo di Polizia Municipale;U.O. Ufficio controllo interno di gestione;Giuseppa Impinna (Funzionario Polizia Municipale);Comando Polizia Municipale;Via Ugo la Malfa, 72, 90146 Palermo PA, Italia;091/6954266 / 091/6954639;comandopoliziamunicipale@cert.comune.palermo.it / ucigq@comune.palermo.it;comandopoliziamunicipale@cert.comune.palermo.it;13.3144742;38.1613715;https://www.comune.palermo.it/amministrazione/unita_organizzativa/uo-ufficio-controllo-interno-di-gestione/
unita;Area della Polizia municipale;Comandante Corpo di Polizia Municipale;U.O. Ufficio coordinamento generale;Benedetto Cassara' (Funzionario Polizia Municipale);Comando Polizia Municipale;Via Ugo la Malfa, 72, 90146 Palermo PA, Italia;091/6954256 / 091/6954258;comandopoliziamunicipale@cert.comune.palermo.it / coordinamentostrategico@comune.palermo.it;comandopoliziamunicipale@cert.comune.palermo.it;13.3144742;38.1613715;https://www.comune.palermo.it/amministrazione/unita_organizzativa/uo-ufficio-coordinamento-generale/
unita;Area della Polizia municipale;Comandante Corpo di Polizia Municipale;U.O. Ufficio educazione stradale;Rosa Mazzamuto (Ispettrice Capo Polizia Municipale);Comando Polizia Municipale;Via Ugo la Malfa, 72, 90146 Palermo PA, Italia;091/6954267;comandopoliziamunicipale@cert.comune.palermo.it / pm.educazionestradale@comune.palermo.it;comandopoliziamunicipale@cert.comune.palermo.it;13.3144742;38.1613715;https://www.comune.palermo.it/amministrazione/unita_organizzativa/uo-ufficio-educazione-stradale/
unita;Area della Polizia municipale;Comandante Corpo di Polizia Municipale;U.O. Ufficio gestione beni di consumo e strumentali – Comandante Corpo di polizia Municipale;Sergio Sanfilippo (Funzionario Polizia Municipale);Comando Polizia Municipale;Via Ugo la Malfa, 72, 90146 Palermo PA, Italia;091/6954332;comandopoliziamunicipale@cert.comune.palermo.it / magazzinopm@comune.palermo.it;comandopoliziamunicipale@cert.comune.palermo.it;13.3144742;38.1613715;https://www.comune.palermo.it/amministrazione/unita_organizzativa/uo-ufficio-gestione-beni-di-consumo-e-strumentali-comandante-corpo-di-polizia-municipale/
unita;Area della Polizia municipale;Comandante Corpo di Polizia Municipale;U.O. Ufficio gestione beni immobili logistica del comando;Aldo Li Vigni (Funzionario di Polizia Municipale);Comando Polizia Municipale;Via Ugo la Malfa, 72, 90146 Palermo PA, Italia;091/6954293;comandopoliziamunicipale@cert.comune.palermo.it / gest.caserma@comune.palermo.it;comandopoliziamunicipale@cert.comune.palermo.it;13.3144742;38.1613715;https://www.comune.palermo.it/amministrazione/unita_organizzativa/uo-ufficio-gestione-beni-immobili-logistica-del-comando/
unita;Area della Polizia municipale;Comandante Corpo di Polizia Municipale;U.O. Ufficio Gestione del personale – Comandante Corpo di Polizia Municipale;Maria Rosaria Lopes (Funzionario Polizia Municipale);Comando Polizia Municipale;Via Ugo la Malfa, 72, 90146 Palermo PA, Italia;091/6954287 / 091/6954292;mobilitasicurezza@comune.palermo.it / mobilitasicurezzapm@cert.comune.palermo.it / ufficioservizi@comune.palermo.it;mobilitasicurezzapm@cert.comune.palermo.it;13.3144742;38.1613715;https://www.comune.palermo.it/amministrazione/unita_organizzativa/uo-ufficio-gestione-del-personale-comandante-corpo-di-polizia-municipale/
unita;Area della Polizia municipale;Comandante Corpo di Polizia Municipale;U.O. Ufficio gestione unificata delle risorse umane;Santo Sgroi (Funzionario Polizia Municipale);Comando Polizia Municipale;Via Ugo la Malfa, 72, 90146 Palermo PA, Italia;091/6954337 / 091/6954350;comandopoliziamunicipale@cert.comune.palermo.it / segreteriaamministrativa@comune.palermo.it;comandopoliziamunicipale@cert.comune.palermo.it;13.3144742;38.1613715;https://www.comune.palermo.it/amministrazione/unita_organizzativa/uo-ufficio-gestione-unificata-delle-risorse-umane/
unita;Area della Polizia municipale;Comandante Corpo di Polizia Municipale;U.O. Ufficio salario accessorio;Benedetto Cassara' (Funzionario Polizia Municipale);Comando Polizia Municipale;Via Ugo la Malfa, 72, 90146 Palermo PA, Italia;091/6954214;comandopoliziamunicipale@cert.comune.palermo.it / salaccpm@comune.palermo.it;comandopoliziamunicipale@cert.comune.palermo.it;13.3144742;38.1613715;https://www.comune.palermo.it/amministrazione/unita_organizzativa/uo-ufficio-salario-accessorio/
unita;Area della Polizia municipale;Comandante Corpo di Polizia Municipale;U.O. Ufficio servizi centralizzati e notturni;Vincenzo Rao (Funzionario Polizia Municipale);Comando Polizia Municipale;Via Ugo la Malfa, 72, 90146 Palermo PA, Italia;091/6954339;comandopoliziamunicipale@cert.comune.palermo.it / servizicentralizzati@comune.palermo.it;comandopoliziamunicipale@cert.comune.palermo.it;13.3144742;38.1613715;https://www.comune.palermo.it/amministrazione/unita_organizzativa/uo-ufficio-servizi-centralizzati-e-notturni/
unita;Area della Polizia municipale;Comandante Corpo di Polizia Municipale;U.O. Ufficio sicurezza nei luoghi di lavoro;Maurizio Troia (Agente Polizia Municipale);Comando Polizia Municipale;Via Ugo la Malfa, 72, 90146 Palermo PA, Italia;091/6954262;comandopoliziamunicipale@cert.comune.palermo.it / ufficiosicurezzapm@comune.palermo.it;comandopoliziamunicipale@cert.comune.palermo.it;13.3144742;38.1613715;https://www.comune.palermo.it/amministrazione/unita_organizzativa/uo-ufficio-sicurezza-nei-luoghi-di-lavoro/
settore;Area della Polizia municipale;Ufficio supporto generale e procedure sanzionatorie;Ufficio supporto generale e procedure sanzionatorie;Angelo Colucciello (Comandante Corpo Di P.M.);Comando Polizia Municipale;Via Ugo la Malfa, 72, 90146 Palermo PA, Italia;0916954211;affarigeneralipm@cert.comune.palermo.it / verbalizzazioni@comune.palermo.it;affarigeneralipm@cert.comune.palermo.it;13.3144742;38.1613715;https://www.comune.palermo.it/amministrazione/unita_organizzativa/ufficio-supporto-generale-e-procedure-sanzionatorie/
unita;Area della Polizia municipale;Ufficio supporto generale e procedure sanzionatorie;U.O. Acquisizione ed elaborazione verbali C.d.S.;Loredana Trapani (Funzionario);Comando Polizia Municipale;Via Ugo la Malfa, 72, 90146 Palermo PA, Italia;091 6954310 / 091 6954315 / 091 6954612;;;13.3144742;38.1613715;https://www.comune.palermo.it/amministrazione/unita_organizzativa/uo-acquisizione-ed-elaborazione-verbali-cds/
unita;Area della Polizia municipale;Ufficio supporto generale e procedure sanzionatorie;U.O. Archivio Verbali Codice della Strada;Rita Scaffaro (Funzionario Polizia Municipale);Comando Polizia Municipale;Via Ugo la Malfa, 72, 90146 Palermo PA, Italia;0916954315;affarigeneralipm@cert.comune.palermo.it / archivioverbalipm@comune.palermo.it;affarigeneralipm@cert.comune.palermo.it;13.3144742;38.1613715;https://www.comune.palermo.it/amministrazione/unita_organizzativa/uo-archivio-verbali-codice-della-strada/
unita;Area della Polizia municipale;Ufficio supporto generale e procedure sanzionatorie;U.O. C.E.D. e Innovazione Tecnologica;Francesca Solofra (Funzionario);Comando Polizia Municipale;Via Ugo la Malfa, 72, 90146 Palermo PA, Italia;0916954612;affarigeneralipm@cert.comune.palermo.it / ugsi@comune.palermo.it;affarigeneralipm@cert.comune.palermo.it;13.3144742;38.1613715;https://www.comune.palermo.it/amministrazione/unita_organizzativa/uo-ced-e-innovazione-tecnologica/
unita;Area della Polizia municipale;Ufficio supporto generale e procedure sanzionatorie;U.O. Contenzioso amministrativo e autotutela;Baldassare Matera (Funzionario);Comando Polizia Municipale;Via Ugo la Malfa, 72, 90146 Palermo PA, Italia;091 6954334;;;13.3144742;38.1613715;https://www.comune.palermo.it/amministrazione/unita_organizzativa/uo-contenzioso-amministrativo-e-autotutela/
unita;Area della Polizia municipale;Ufficio supporto generale e procedure sanzionatorie;U.O. Contenzioso Giudiziario ed Extragiudiziario;Salvatore Palumbo (Funzionario Polizia Municipale);Comando Polizia Municipale;Via Ugo la Malfa, 72, 90146 Palermo PA, Italia;0916954313 / 0916954321 / 0916954695;affarigeneralipm@cert.comune.palermo.it / contenziosopoliziamunicipale@comune.palermo.it;affarigeneralipm@cert.comune.palermo.it;13.3144742;38.1613715;https://www.comune.palermo.it/amministrazione/unita_organizzativa/uo-contenzioso-giudiziario-ed-extragiudiziario/
unita;Area della Polizia municipale;Ufficio supporto generale e procedure sanzionatorie;U.O. Decurtazione Punti;Desire' Mazzanobile (Funzionario Polizia Municipale);Comando Polizia Municipale;Via Ugo la Malfa, 72, 90146 Palermo PA, Italia;0916954511 / 0916954518;affarigeneralipm@cert.comune.palermo.it / decurpunti@comune.palermo.it;affarigeneralipm@cert.comune.palermo.it;13.3144742;38.1613715;https://www.comune.palermo.it/amministrazione/unita_organizzativa/uo-decurtazione-punti/
unita;Area della Polizia municipale;Ufficio supporto generale e procedure sanzionatorie;U.O. Esecuzione Sentenze;Margherita - Greco;Comando Polizia Municipale;Via Ugo la Malfa, 72, 90146 Palermo PA, Italia;0916954216;affarigeneralipm@cert.comune.palermo.it / esecuzionesentenzepm@comune.palermo.it;affarigeneralipm@cert.comune.palermo.it;13.3144742;38.1613715;https://www.comune.palermo.it/amministrazione/unita_organizzativa/uo-esecuzione-sentenze/
unita;Area della Polizia municipale;Ufficio supporto generale e procedure sanzionatorie;U.O. Front Office e Conservazione Oggetti Rinvenuti;Maria Letizia Barone;Comando Polizia Municipale;Via Ugo la Malfa, 72, 90146 Palermo PA, Italia;0916954336;affarigeneralipm@cert.comune.palermo.it / urppoliziamunicipale@comune.palermo.it;affarigeneralipm@cert.comune.palermo.it;13.3144742;38.1613715;https://www.comune.palermo.it/amministrazione/unita_organizzativa/uo-front-office-e-conservazione-oggetti-rinvenuti/
unita;Area della Polizia municipale;Ufficio supporto generale e procedure sanzionatorie;U.O. Gestione Bilancio e Acquisti;Saverio Cosenza (Funzionario Polizia Municipale);Comando Polizia Municipale;Via Ugo la Malfa, 72, 90146 Palermo PA, Italia;0916954213;affarigeneralipm@cert.comune.palermo.it / bilanciopm@comune.palermo.it;affarigeneralipm@cert.comune.palermo.it;13.3144742;38.1613715;https://www.comune.palermo.it/amministrazione/unita_organizzativa/uo-gestione-bilancio-e-acquisti/
unita;Area della Polizia municipale;Ufficio supporto generale e procedure sanzionatorie;U.O. Gestione Illeciti Amministrativi;Rosanna Rizzo (Funzionario Polizia Municipale);Comando Polizia Municipale;Via Ugo la Malfa, 72, 90146 Palermo PA, Italia;0916954277 / 0916954304;affarigeneralipm@cert.comune.palermo.it / illecitiammpm@comune.palermo.it;affarigeneralipm@cert.comune.palermo.it;13.3144742;38.1613715;https://www.comune.palermo.it/amministrazione/unita_organizzativa/uo-gestione-illeciti-amministrativi/
unita;Area della Polizia municipale;Ufficio supporto generale e procedure sanzionatorie;U.O. Gestione Ricorsi al Prefetto;Baldassare Matera (Funzionario);Comando Polizia Municipale;Via Ugo la Malfa, 72, 90146 Palermo PA, Italia;0916954334;affarigeneralipm@cert.comune.palermo.it / ufficio.ricorsi@comune.palermo.it;affarigeneralipm@cert.comune.palermo.it;13.3144742;38.1613715;https://www.comune.palermo.it/amministrazione/unita_organizzativa/uo-gestione-ricorsi-al-prefetto/
unita;Area della Polizia municipale;Ufficio supporto generale e procedure sanzionatorie;U.O. Gestione Verbale Illeciti Amministrativi;Rosanna Rizzo (Funzionario Polizia Municipale);Comando Polizia Municipale;Via Ugo la Malfa, 72, 90146 Palermo PA, Italia;0916954277 / 0916954281 / 0916954304;affarigeneralipm@cert.comune.palermo.it / verbaliamministrativipm@comune.palermo.it;affarigeneralipm@cert.comune.palermo.it;13.3144742;38.1613715;https://www.comune.palermo.it/amministrazione/unita_organizzativa/uo-gestione-verbale-illeciti-amministrativi/
unita;Area della Polizia municipale;Ufficio supporto generale e procedure sanzionatorie;U.O. Informativo;Salvatore Damiano (Funzionario Polizia Municipale);Comando Polizia Municipale;Via Ugo la Malfa, 72, 90146 Palermo PA, Italia;0916954269 / 0916954638;affarigeneralipm@cert.comune.palermo.it / informativopm@comune.palermo.it;affarigeneralipm@cert.comune.palermo.it;13.3144742;38.1613715;https://www.comune.palermo.it/amministrazione/unita_organizzativa/uo-informativo/
unita;Area della Polizia municipale;Ufficio supporto generale e procedure sanzionatorie;U.O. Introiti Contravvenzionali;Carmela Oneto (Funzionario Polizia Municipale);Comando Polizia Municipale;Via Ugo la Malfa, 72, 90146 Palermo PA, Italia;0916954668;affarigeneralipm@cert.comune.palermo.it / introitipm@comune.palermo.it;affarigeneralipm@cert.comune.palermo.it;13.3144742;38.1613715;https://www.comune.palermo.it/amministrazione/unita_organizzativa/uo-introiti-contravvenzionali/
unita;Area della Polizia municipale;Ufficio supporto generale e procedure sanzionatorie;U.O. Notifiche e accertamenti anagrafici;Salvatore Damiano (Funzionario Polizia Municipale);Comando Polizia Municipale;Via Ugo la Malfa, 72, 90146 Palermo PA, Italia;091 6954234 / 091 6954269 / 091 6954638;;;13.3144742;38.1613715;https://www.comune.palermo.it/amministrazione/unita_organizzativa/uo-notifiche-e-accertamenti-anagrafici/
unita;Area della Polizia municipale;Ufficio supporto generale e procedure sanzionatorie;U.O. Polo Circoscrizionale Borgo Nuovo;Anna Todaro (Funzionario Polizia Municipale);Largo Pozzillo, 7;Largo Pozzillo, 7, 90135 Palermo PA, Italia;0917408084;affarigeneralipm@cert.comune.palermo.it / poloquintacircoscrizione@comune.palermo.it;affarigeneralipm@cert.comune.palermo.it;13.299314;38.1283856;https://www.comune.palermo.it/amministrazione/unita_organizzativa/uo-polo-circoscrizionale-borgo-nuovo/
unita;Area della Polizia municipale;Ufficio supporto generale e procedure sanzionatorie;U.O. Polo Circoscrizionale Palermo Centro Uffici Polizia Municipale;Maria Saveria Davi' (Funzionario Polizia Municipale);Via Enrico Fileti 19;Via Enrico Fileti, 19, 90142 Palermo PA, Italia;0917407425 / 0917407426;affarigeneralipm@cert.comune.palermo.it / palermocentropm@comune.palermo.it;affarigeneralipm@cert.comune.palermo.it;13.3646413;38.1424432;https://www.comune.palermo.it/amministrazione/unita_organizzativa/uo-polo-circoscrizionale-palermo-centro-uffici-polizia-municipale/
unita;Area della Polizia municipale;Ufficio supporto generale e procedure sanzionatorie;U.O. Polo Circoscrizionale Sud/Est;Girolamo Siino (Funzionario Polizia Municipale);Via Azolino Hazon 24;Via Azolino Hazon, 24, 90124 Palermo PA, Italia;0919828903 / 0919828905;affarigeneralipm@cert.comune.palermo.it / polobrancacciopm@comune.palermo.it;affarigeneralipm@cert.comune.palermo.it;13.3847382;38.0960395;https://www.comune.palermo.it/amministrazione/unita_organizzativa/uo-polo-circoscrizionale-sudest/
unita;Area della Polizia municipale;Ufficio supporto generale e procedure sanzionatorie;U.O. Rapporti con la Prefettura;Eleonora Lo Grasso (Funzionario Polizia Municipale);Prefettura di Palermo - Sede Sampolo;Via Sampolo, 69, 90143 Palermo PA, Italia;091338422 / 091338426;affarigeneralipm@cert.comune.palermo.it / prefetturapm@comune.palermo.it;affarigeneralipm@cert.comune.palermo.it;13.3509249;38.1408012;https://www.comune.palermo.it/amministrazione/unita_organizzativa/uo-rapporti-con-la-prefettura/
unita;Area della Polizia municipale;Ufficio supporto generale e procedure sanzionatorie;U.O. Riscontro Verbali Codice della Strada;Francesca Solofra (Funzionario);Comando Polizia Municipale;Via Ugo la Malfa, 72, 90146 Palermo PA, Italia;0916954310;affarigeneralipm@cert.comune.palermo.it / riscontro@comune.palermo.it;affarigeneralipm@cert.comune.palermo.it;13.3144742;38.1613715;https://www.comune.palermo.it/amministrazione/unita_organizzativa/uo-riscontro-verbali-codice-della-strada/
unita;Area della Polizia municipale;Ufficio supporto generale e procedure sanzionatorie;U.O. Ruoli Esattoriali;Provvidenza Versaci (Funzionario Polizia Municipale);Comando Polizia Municipale;Via Ugo la Malfa, 72, 90146 Palermo PA, Italia;0916954212 / 0916954306 / 0916954308 / 0916954667;affarigeneralipm@cert.comune.palermo.it / iscrizioniaruolo@comune.palermo.it;affarigeneralipm@cert.comune.palermo.it;13.3144742;38.1613715;https://www.comune.palermo.it/amministrazione/unita_organizzativa/uo-ruoli-esattoriali/
unita;Area della Polizia municipale;Ufficio supporto generale e procedure sanzionatorie;U.O. Sanzioni Accessorie C.d.S;Carmelino Di Maria (Funzionario Polizia Municipale);Comando Polizia Municipale;Via Ugo la Malfa, 72, 90146 Palermo PA, Italia;091 6954314 / 091 6954611 / 0916954511 / 0916954518;;;13.3144742;38.1613715;https://www.comune.palermo.it/amministrazione/unita_organizzativa/uo-sanzioni-accessorie-cds/
unita;Area della Polizia municipale;Ufficio supporto generale e procedure sanzionatorie;U.O. Segreteria di staff del Dirigente;;Comando Polizia Municipale;Via Ugo la Malfa, 72, 90146 Palermo PA, Italia;0916954211 / 0916954661;affarigeneralipm@cert.comune.palermo.it / verbalizzazioni@comune.palermo.it;affarigeneralipm@cert.comune.palermo.it;13.3144742;38.1613715;https://www.comune.palermo.it/amministrazione/unita_organizzativa/uo-segreteria-di-staff-del-dirigente/
unita;Area della Polizia municipale;Ufficio supporto generale e procedure sanzionatorie;U.O. Staff del Dirigente e gestione del personale;Desire' Mazzanobile (Funzionario Polizia Municipale);Comando Polizia Municipale;Via Ugo la Malfa, 72, 90146 Palermo PA, Italia;091 6954211 / 091 6954661;affarigeneralipm@cert.comune.palermo.it / verbalizzazioni@comune.palermo.it;affarigeneralipm@cert.comune.palermo.it;13.3144742;38.1613715;https://www.comune.palermo.it/amministrazione/unita_organizzativa/uo-staff-del-dirigente-e-gestione-del-personale-2/
unita;Area della Polizia municipale;Ufficio supporto generale e procedure sanzionatorie;U.O. Ufficio Illeciti Amministrativi;Rosanna Rizzo (Funzionario Polizia Municipale);Comando Polizia Municipale;Via Ugo la Malfa, 72, 90146 Palermo PA, Italia;091 6954277 / 091 6954281 / 091 6954304;;;13.3144742;38.1613715;https://www.comune.palermo.it/amministrazione/unita_organizzativa/uo-ufficio-illeciti-amministrativi/
unita;Area della Polizia municipale;Ufficio supporto generale e procedure sanzionatorie;U.O. Ufficio Notifiche della Polizia Municipale;Salvatore Damiano (Funzionario Polizia Municipale);Comando Polizia Municipale;Via Ugo la Malfa, 72, 90146 Palermo PA, Italia;0916954234 / 0916954269 / 0916954638;affarigeneralipm@cert.comune.palermo.it / notifichepm@comune.palermo.it;affarigeneralipm@cert.comune.palermo.it;13.3144742;38.1613715;https://www.comune.palermo.it/amministrazione/unita_organizzativa/uo-ufficio-notifiche-della-polizia-municipale/
unita;Area della Polizia municipale;Ufficio supporto generale e procedure sanzionatorie;U.O. Ufficio Sanzioni Amministrative Accessorie;Carmelino Di Maria (Funzionario Polizia Municipale);Comando Polizia Municipale;Via Ugo la Malfa, 72, 90146 Palermo PA, Italia;0916954314 / 0916954611;affarigeneralipm@cert.comune.palermo.it / sanzioniaccessoriecds@comune.palermo.it;affarigeneralipm@cert.comune.palermo.it;13.3144742;38.1613715;https://www.comune.palermo.it/amministrazione/unita_organizzativa/uo-ufficio-sanzioni-amministrative-accessorie/
unita;Area della Polizia municipale;Ufficio supporto generale e procedure sanzionatorie;U.O. Video Controllo Z.T.L.;Vincenza La Franca (Funzionario Polizia Municipale);Piazza Giulio Cesare, 52;P.za Giulio Cesare, 52, 90133 Palermo PA, Italia;0917403700;affarigeneralipm@cert.comune.palermo.it / videocontrolloztl@comune.palermo.it;affarigeneralipm@cert.comune.palermo.it;13.3660875;38.1106322;https://www.comune.palermo.it/amministrazione/unita_organizzativa/uo-video-controllo-ztl/
settore;Area della Polizia municipale;Ufficio Traffico e Mobilità Urbana;Ufficio Traffico e Mobilità Urbana;Alessandro Carollo (Dirigente Tecnico);Polo Tecnico;Via Ausonia, 69, 90144 Palermo PA, Italia;0917401362;mobilitaurbana@cert.comune.palermo.it / mobilitaurbana@comune.palermo.it / sportellopolifunzionaleottavacircoscrizione@comune.palermo.it / sportellopolifunzionaleprimacircoscrizione@comune.palermo.it / sportellopolifunzionalequartacircoscrizione@comune.palermo.it / sportellopolifunzionalequintacircoscrizione@comune.palermo.it / sportellopolifunzionalesecondacircoscrizione@comune.palermo.it / sportellopolifunzionalesestacircoscrizione@comune.palermo.it / sportellopolifunzionalesettimacircoscrizione@comune.palermo.it / sportellopolifunzionaleterzacircoscrizione@comune.palermo.it;mobilitaurbana@cert.comune.palermo.it;13.3350655;38.1489097;https://www.comune.palermo.it/amministrazione/unita_organizzativa/ufficio-traffico-e-mobilit-urbana/
unita;Area della Polizia municipale;Ufficio Traffico e Mobilità Urbana;U.O. Attività Amministrativa e contabile-Gestione Contratto AMAT;;Polo Tecnico;Via Ausonia, 69, 90144 Palermo PA, Italia;0917401329 / 0917401609;mobilitaurbana@cert.comune.palermo.it / mobilitaurbana@comune.palermo.it;mobilitaurbana@cert.comune.palermo.it;13.3350655;38.1489097;https://www.comune.palermo.it/amministrazione/unita_organizzativa/uo-gestione-con-amat-palermo-spa/
unita;Area della Polizia municipale;Ufficio Traffico e Mobilità Urbana;U.O. Gestione Mobilità Urbana;Fabio Nicolicchia (Funzionario Architetto);Polo Tecnico;Via Ausonia, 69, 90144 Palermo PA, Italia;0917401218 / 0917401488 / 0917401615 / 0917401619;mobilitaurbana@cert.comune.palermo.it / mobilitaurbana@comune.palermo.it;mobilitaurbana@cert.comune.palermo.it;13.3350655;38.1489097;https://www.comune.palermo.it/amministrazione/unita_organizzativa/uo-gestione-mobilit-urbana/
unita;Area della Polizia municipale;Ufficio Traffico e Mobilità Urbana;U.O. Passi Carrabili e Rilascio Pass;Sebastiano Benenati (Funzionario Architetto);Polo Tecnico;Via Ausonia, 69, 90144 Palermo PA, Italia;0917401208 / 0917402694;mobilitaurbana@cert.comune.palermo.it / mobilitaurbana@comune.palermo.it;mobilitaurbana@cert.comune.palermo.it;13.3350655;38.1489097;https://www.comune.palermo.it/amministrazione/unita_organizzativa/uo-passi-carrabili-e-rilascio-pass/
unita;Area della Polizia municipale;Ufficio Traffico e Mobilità Urbana;U.O. Staff Dirigente e Protocollo;;Polo Tecnico;Via Ausonia, 69, 90144 Palermo PA, Italia;0917401257 / 0917401553 / 0917402683;mobilitaurbana@cert.comune.palermo.it / mobilitaurbana@comune.palermo.it;mobilitaurbana@cert.comune.palermo.it;13.3350655;38.1489097;https://www.comune.palermo.it/amministrazione/unita_organizzativa/uo-staff-dirigente-e-protocollo/
unita;Area della Polizia municipale;Ufficio Traffico e Mobilità Urbana;U.O. Traffico e regolamentazione viaria;Francesco Palazzo (Funzionario Tecnico Architetto);Polo Tecnico;Via Ausonia, 69, 90144 Palermo PA, Italia;0917401207 / 0917401579 / 0917401604 / 0917401826;mobilitaurbana@cert.comune.palermo.it / mobilitaurbana@comune.palermo.it;mobilitaurbana@cert.comune.palermo.it;13.3350655;38.1489097;https://www.comune.palermo.it/amministrazione/unita_organizzativa/uo-traffico-e-regolamentazione-viaria/
settore;Area della Polizia municipale;Vice Comandante;Vice Comandante;Margherita Amato (Dirigente Amministrativo);Comando Polizia Municipale;Via Ugo la Malfa, 72, 90146 Palermo PA, Italia;0916954259;segreteriavicecomandante@comune.palermo.it / staffvicecomandante@cert.comune.palermo.it;staffvicecomandante@cert.comune.palermo.it;13.3144742;38.1613715;https://www.comune.palermo.it/amministrazione/unita_organizzativa/vice-comandante/
unita;Area della Polizia municipale;Vice Comandante;U.O. Controllo Professioni Turistiche;Giovanni Renda (Funzionario Polizia Municipale);Comando Polizia Municipale;Via Ugo la Malfa, 72, 90146 Palermo PA, Italia;091-6954283 / 3355706455;controlloattivitaturistichepm@comune.palermo.it / poliziamministrativa@cert.comune.palermo.it;poliziamministrativa@cert.comune.palermo.it;13.3144742;38.1613715;https://www.comune.palermo.it/amministrazione/unita_organizzativa/uo-controllo-professioni-turistiche/
unita;Area della Polizia municipale;Vice Comandante;U.O. Gestione del Personale – Vice Comandante Polizia Municipale;Santi Mucera (Funzionario Polizia Municipale);Comando Polizia Municipale;Via Ugo la Malfa, 72, 90146 Palermo PA, Italia;091-6954222 / 091-6954225;segreteriastaffvicecomandante@comune.palermo.it / staffvicecomandante@cert.comune.palermo.it;staffvicecomandante@cert.comune.palermo.it;13.3144742;38.1613715;https://www.comune.palermo.it/amministrazione/unita_organizzativa/uo-gestione-del-personale-vice-comandante-polizia-municipale/
unita;Area della Polizia municipale;Vice Comandante;U.O. Nucleo Controllo Attività Commerciali su Area Pubblica;Rosario Gambino (Funzionario Polizia Municipale);Comando Polizia Municipale;Via Ugo la Malfa, 72, 90146 Palermo PA, Italia;0916954278;pm.poliziaurbana@comune.palermo.it / poliziamministrativa@cert.comune.palermo.it;poliziamministrativa@cert.comune.palermo.it;13.3144742;38.1613715;https://www.comune.palermo.it/amministrazione/unita_organizzativa/uo-nucleo-controllo-attivit-commerciali-su-area-pubblica/
unita;Area della Polizia municipale;Vice Comandante;U.O. Nucleo Controllo Attività Produttive e Artigianali – Antifrodi;Francesco Fuschi (Funzionario Polizia Municipale);Comando Polizia Municipale;Via Ugo la Malfa, 72, 90146 Palermo PA, Italia;091 6954272 / 091 6954274;pm.caep@comune.palermo.it / poliziamministrativa@cert.comune.palermo.it;poliziamministrativa@cert.comune.palermo.it;13.3144742;38.1613715;https://www.comune.palermo.it/amministrazione/unita_organizzativa/uo-nucleo-controllo-attivit-produttive-e-artigianali-antifrodi/
unita;Area della Polizia municipale;Vice Comandante;U.O. Nucleo Polizia Tributaria relativa ad Imposte e Tributi Comunali;Francesco Fuschi (Funzionario Polizia Municipale);Comando Polizia Municipale;Via Ugo la Malfa, 72, 90146 Palermo PA, Italia;091-6954663;pm.tributi@comune.palermo.it / poliziamministrativa@cert.comune.palermo.it;poliziamministrativa@cert.comune.palermo.it;13.3144742;38.1613715;https://www.comune.palermo.it/amministrazione/unita_organizzativa/uo-nucleo-polizia-tributaria-relativa-ad-imposte-e-tributi-comunali/
unita;Area della Polizia municipale;Vice Comandante;U.O. Nucleo T.S.O. e A.S.O.;Antonio Mazzola (Funzionario Polizia Municipale);Via Azolino Hazon n. 12;Via Azolino Hazon, 12, 90124 Palermo PA, Italia;091 74044125 / 091 74044129 / 091 74044130;pm.tso@cert.comune.palermo.it / pm.tso@comune.palermo.it;pm.tso@cert.comune.palermo.it;13.3849533;38.0959163;https://www.comune.palermo.it/amministrazione/unita_organizzativa/uo-nucleo-tso-e-aso/
unita;Area della Polizia municipale;Vice Comandante;U.O. Segreteria Vice Comandante;Santi Mucera (Funzionario Polizia Municipale);Comando Polizia Municipale;Via Ugo la Malfa, 72, 90146 Palermo PA, Italia;0916954259;segreteriavicecomandante@comune.palermo.it / staffvicecomandante@cert.comune.palermo.it;staffvicecomandante@cert.comune.palermo.it;13.3144742;38.1613715;https://www.comune.palermo.it/amministrazione/unita_organizzativa/uo-segreteria-vice-comandante/
unita;Area della Polizia municipale;Vice Comandante;U.O. Vigilanza Pubblicità;Giovanni Renda (Funzionario Polizia Municipale);Comando Polizia Municipale;Via Ugo la Malfa, 72, 90146 Palermo PA, Italia;091-6954270 / 091-6954286;pm.pubblicita@comune.palermo.it / poliziamministrativa@cert.comune.palermo.it;poliziamministrativa@cert.comune.palermo.it;13.3144742;38.1613715;https://www.comune.palermo.it/amministrazione/unita_organizzativa/uo-vigilanza-pubblicit/
unita;Area della Polizia municipale;Vice Comandante;U.O. Vigilanza Sedi Istituzionali – Rappresentanza – Delta 22;Santi Mucera (Funzionario Polizia Municipale);Comando Polizia Municipale;Via Ugo la Malfa, 72, 90146 Palermo PA, Italia;091/6954319 / 091/6954524 / 091/7402338;s.mucera@comune.palermo.it / staffvicecomandante@cert.comune.palermo.it;staffvicecomandante@cert.comune.palermo.it;13.3144742;38.1613715;https://www.comune.palermo.it/amministrazione/unita_organizzativa/uo-vigilanza-sedi-istituzionali-rappresentanza-delta-22/
unita;Area della Polizia municipale;Vice Comandante;U.O. Vigilanza Trasporto pubblico;Giovanni Renda (Funzionario Polizia Municipale);Comando Polizia Municipale;Via Ugo la Malfa, 72, 90146 Palermo PA, Italia;091-6954283 / 3355706455;pm.trasportopubblico@comune.palermo.it / poliziamministrativa@cert.comune.palermo.it;poliziamministrativa@cert.comune.palermo.it;13.3144742;38.1613715;https://www.comune.palermo.it/amministrazione/unita_organizzativa/uo-vigilanza-trasporto-pubblico/
area;Area della Vice Segreteria Generale;;Area della Vice Segreteria Generale;Patrizia Milisenda (Dirigente Amministrativo);Palazzo Rostagno;Piazza Marina, 39, 90133 Palermo PA, Italia;0917407743;vicesegretariogenerale@comune.palermo.it;;13.3689724;38.116554;https://www.comune.palermo.it/amministrazione/unita_organizzativa/area-della-vice-segreteria-generale/
settore;Area della Vice Segreteria Generale;Capo Area Vice Segretario Generale;Capo Area Vice Segretario Generale;Patrizia Milisenda (Dirigente Amministrativo);Palazzo Rostagno;Piazza Marina, 39, 90133 Palermo PA, Italia;0917407726;protocollo@cert.comune.palermo.it / vicesegretariogenerale@comune.palermo.it;protocollo@cert.comune.palermo.it;13.3689724;38.116554;https://www.comune.palermo.it/amministrazione/unita_organizzativa/capo-area-vice-segretario-generale/
unita;Area della Vice Segreteria Generale;Capo Area Vice Segretario Generale;U.O. Affari Generali;Giuseppina Scibetta (Funzionario Amministrativo);Palazzo Rostagno;Piazza Marina, 39, 90133 Palermo PA, Italia;0917407729 / 0917407766;protocollo@cert.comune.palermo.it / uff.affari.generali@comune.palermo.it;protocollo@cert.comune.palermo.it;13.3689724;38.116554;https://www.comune.palermo.it/amministrazione/unita_organizzativa/uo-affari-generali/
unita;Area della Vice Segreteria Generale;Capo Area Vice Segretario Generale;U.O. Ufficio Relazioni con il Pubblico (URP);Giuseppina Scibetta (Funzionario Amministrativo);Piazza Unità d'Italia n. 20;Piazza Unità d'Italia, 20, 90144 Palermo PA, Italia;0917409061 / 0917409062 / 0917409063 / 0917409064;urp@comune.palermo.it;;13.3442261;38.137862;https://www.comune.palermo.it/amministrazione/unita_organizzativa/uo-ufficio-relazioni-con-il-pubblico-urp/
unita;Area della Vice Segreteria Generale;Capo Area Vice Segretario Generale;U.O. Archivio Protocollo Ufficio Posta – Capo Area Vice Segretario Generale;;Palazzo Rostagno;Piazza Marina, 39, 90133 Palermo PA, Italia;0917407755 / 0917407756 / 0917407757;archivio@comune.palermo.it / protocollo@cert.comune.palermo.it;protocollo@cert.comune.palermo.it;13.3689724;38.116554;https://www.comune.palermo.it/amministrazione/unita_organizzativa/uo-archivio-protocollo-ufficio-posta-capo-area-vice-segretario-generale/
unita;Area della Vice Segreteria Generale;Capo Area Vice Segretario Generale;U.O. Atti Ispettivi;Giuseppina Scibetta (Funzionario Amministrativo);Palazzo Rostagno;Piazza Marina, 39, 90133 Palermo PA, Italia;0917407753;atti.ispettivi@comune.palermo.it / protocollo@cert.comune.palermo.it;protocollo@cert.comune.palermo.it;13.3689724;38.116554;https://www.comune.palermo.it/amministrazione/unita_organizzativa/uo-atti-ispettivi-2/
unita;Area della Vice Segreteria Generale;Capo Area Vice Segretario Generale;U.O. Casa Comunale;Luigi Birriola;Via Sadat n° 11;Via Anwar Sadat, 11, 90142 Palermo PA, Italia;0917406006 / 0917406007;casacomunale@cert.comune.palermo.it / casacomunale@comune.palermo.it;casacomunale@cert.comune.palermo.it;13.3543356;38.146376;https://www.comune.palermo.it/amministrazione/unita_organizzativa/uo-casa-comunale/
unita;Area della Vice Segreteria Generale;Capo Area Vice Segretario Generale;U.O. Centralino;Antonella Amormino;Piazza Giulio Cesare, 6;P.za Giulio Cesare, 6, 90123 Palermo PA, Italia;091 7402416;centralino@comune.palermo.it / protocollo@cert.comune.palermo.it;protocollo@cert.comune.palermo.it;13.3668765;38.1109609;https://www.comune.palermo.it/amministrazione/unita_organizzativa/uo-centralino/
unita;Area della Vice Segreteria Generale;Capo Area Vice Segretario Generale;U.O. Contabile ed Approvvigionamenti;Angelo Gabriele Tornatore;Palazzo Rostagno;Piazza Marina, 39, 90133 Palermo PA, Italia;091 7407758;;;13.3689724;38.116554;https://www.comune.palermo.it/amministrazione/unita_organizzativa/uo-contabile-ed-approvvigionamenti/
unita;Area della Vice Segreteria Generale;Capo Area Vice Segretario Generale;U.O. Deliberazioni;;Palazzo Rostagno;Piazza Marina, 39, 90133 Palermo PA, Italia;091 7407744;protocollo@cert.comune.palermo.it / ufficiodeliberazioni@comune.palermo.it;protocollo@cert.comune.palermo.it;13.3689724;38.116554;https://www.comune.palermo.it/amministrazione/unita_organizzativa/uo-deliberazioni-2/
unita;Area della Vice Segreteria Generale;Capo Area Vice Segretario Generale;U.O. Direzione – Capo Area Vice Segretario Generale;Giovanna Ragusa (Funzionario Contabile);Palazzo Rostagno;Piazza Marina, 39, 90133 Palermo PA, Italia;0917407743;protocollo@cert.comune.palermo.it / vicesegreteriagenerale@comune.palermo.it;protocollo@cert.comune.palermo.it;13.3689724;38.116554;https://www.comune.palermo.it/amministrazione/unita_organizzativa/uo-direzione-capo-area-vice-segretario-generale/
unita;Area della Vice Segreteria Generale;Capo Area Vice Segretario Generale;U.O. Gestione del Personale – Capo Area Vice Segretario Generale;Giuseppina Scibetta (Funzionario Amministrativo);Palazzo Rostagno;Piazza Marina, 39, 90133 Palermo PA, Italia;091 7407733 / 091 7407766 / 091 7407771;gestionepersonalesegreteria@comune.palermo.it / protocollo@cert.comune.palermo.it;protocollo@cert.comune.palermo.it;13.3689724;38.116554;https://www.comune.palermo.it/amministrazione/unita_organizzativa/uo-gestione-del-personale-capo-area-vice-segretario-generale/
unita;Area della Vice Segreteria Generale;Capo Area Vice Segretario Generale;U.O. Gestione Sinistri;Giuliana Brunetto (Funzionario Amministrativo);Polo Tecnico;Via Ausonia, 69, 90144 Palermo PA, Italia;0917401482;gestionesinistri@cert.comune.palermo.it / gestionesinistri@comune.palermo.it;gestionesinistri@cert.comune.palermo.it;13.3350655;38.1489097;https://www.comune.palermo.it/amministrazione/unita_organizzativa/uo-gestione-sinistri/
unita;Area della Vice Segreteria Generale;Capo Area Vice Segretario Generale;U.O. Messi – Albo Pretorio;Luigi Birriola;Via Sadat n° 11;Via Anwar Sadat, 11, 90142 Palermo PA, Italia;091 7406053 / 091 7406055;albopretorio@cert.comune.palermo.it / messi.albo@comune.palermo.it;albopretorio@cert.comune.palermo.it;13.3543356;38.146376;https://www.comune.palermo.it/amministrazione/unita_organizzativa/uo-messi-albo-pretorio/
unita;Area della Vice Segreteria Generale;Capo Area Vice Segretario Generale;U.O. PSC ex Patto per la città – Comitato controlli di livello;Rosalia Guzzo (Funzionario Tecnico Architetto);Palazzo Rostagno;Piazza Marina, 39, 90133 Palermo PA, Italia;091 7407753;;;13.3689724;38.116554;https://www.comune.palermo.it/amministrazione/unita_organizzativa/uo-psc-ex-patto-per-la-citt-comitato-controlli-di-livello/
settore;Area della Vice Segreteria Generale;Ufficio autonomo per il Consiglio Comunale;Ufficio autonomo per il Consiglio Comunale;Cettina Maria Como (Dirigente Amministrativo);Palazzo delle Ex Ferrovie;Via Roma, 19, 90133 Palermo PA, Italia;0917402217;staffconsigliocomunale@cert.comune.palermo.it / staffconsigliocomunale@comune.palermo.it;staffconsigliocomunale@cert.comune.palermo.it;13.3661205;38.1118282;https://www.comune.palermo.it/amministrazione/unita_organizzativa/ufficio-speciale-per-il-consiglio-comunale/
unita;Area della Vice Segreteria Generale;Ufficio autonomo per il Consiglio Comunale;U.O. Amministrativa Contabile;Paola Margheritino (Funzionario Amministrativo);Palazzo delle Ex Ferrovie;Via Roma, 19, 90133 Palermo PA, Italia;0917402488;gestionecontabilitacc@comune.palermo.it / staffconsigliocomunale@cert.comune.palermo.it;staffconsigliocomunale@cert.comune.palermo.it;13.3661205;38.1118282;https://www.comune.palermo.it/amministrazione/unita_organizzativa/amministrativa-contabile/
unita;Area della Vice Segreteria Generale;Ufficio autonomo per il Consiglio Comunale;U.O. Cerimoniale del Presidente del Consiglio Comunale;Giulia Bondì (Funzionario Amministrativo);Palazzo Palagonia;Via del Quattro Aprile, 4, 90133 Palermo PA, Italia;091 740 5644;cerimonialepresidenzacc@comune.palermo.it;;13.370036;38.1167363;https://www.comune.palermo.it/amministrazione/unita_organizzativa/uo-cerimoniale-del-presidente-del-consiglio-comunale/
unita;Area della Vice Segreteria Generale;Ufficio autonomo per il Consiglio Comunale;U.O. Gestione del Personale – Ufficio Autonomo per il Consiglio Comunale;Paola Francesca Santoro (Assistente Sociale);Palazzo delle Ex Ferrovie;Via Roma, 19, 90133 Palermo PA, Italia;091 - 7402295;gestionepersonalecc@comune.palermo.it / staffconsigliocomunale@cert.comune.palermo.it;staffconsigliocomunale@cert.comune.palermo.it;13.3661205;38.1118282;https://www.comune.palermo.it/amministrazione/unita_organizzativa/uo-gestione-del-personale-affari-generali/
unita;Area della Vice Segreteria Generale;Ufficio autonomo per il Consiglio Comunale;U.O. Presidenza;Salvatore Palazzolo (Esperto Attività Sportive);Palazzo delle Ex Ferrovie;Via Roma, 19, 90133 Palermo PA, Italia;091-7405681;presidenzacc@comune.palermo.it / staffconsigliocomunale@cert.comune.palermo.it;staffconsigliocomunale@cert.comune.palermo.it;13.3661205;38.1118282;https://www.comune.palermo.it/amministrazione/unita_organizzativa/presidenza/
unita;Area della Vice Segreteria Generale;Ufficio autonomo per il Consiglio Comunale;U.O. Segreteria di Direzione;;Palazzo delle Ex Ferrovie;Via Roma, 19, 90133 Palermo PA, Italia;0917402217;staffconsigliocomunale@cert.comune.palermo.it / staffconsigliocomunale@comune.palermo.it;staffconsigliocomunale@cert.comune.palermo.it;13.3661205;38.1118282;https://www.comune.palermo.it/amministrazione/unita_organizzativa/segreteria-di-direzione/
unita;Area della Vice Segreteria Generale;Ufficio autonomo per il Consiglio Comunale;U.O. Supporto agli Organi Istituzionali;Salvatore Palazzolo (Esperto Attività Sportive);Palazzo delle Ex Ferrovie;Via Roma, 19, 90133 Palermo PA, Italia;0917402391;attivitaconsiglio@comune.palermo.it / staffconsigliocomunale@cert.comune.palermo.it;staffconsigliocomunale@cert.comune.palermo.it;13.3661205;38.1118282;https://www.comune.palermo.it/amministrazione/unita_organizzativa/supporto-agli-organi-istituzionali/
settore;Area della Vice Segreteria Generale;Ufficio autonomo contratti e approvvigionamenti;Ufficio autonomo contratti e approvvigionamenti;Salvatore Incrapera (Dirigente Amministrativo);Via San Biagio n.4;Via San Biagio, 4 Palermo, Sicilia, 90134, Italia;0917401910 / 0917403592;contratti@cert.comune.palermo.it / contratti@comune.palermo.it;contratti@cert.comune.palermo.it;13.359388766537;38.115802207431;https://www.comune.palermo.it/amministrazione/unita_organizzativa/ufficio-autonomo-contratti-e-approvvigionamenti/
unita;Area della Vice Segreteria Generale;Ufficio autonomo contratti e approvvigionamenti;U.O. Approvvigionamenti ufficio autonomo contratti e approvvigionamenti;Rosa Anna Vitale;Via Roma, 209;Via Roma, 209, 90133 Palermo PA, Italia;091 7403592;approvvigionamenti@cert.comune.palermo.it / approvvigionamenti@comune.palermo.it;approvvigionamenti@cert.comune.palermo.it;13.3633977;38.1172739;https://www.comune.palermo.it/amministrazione/unita_organizzativa/uo-approvvigionamenti-ufficio-autonomo-contratti-e-approvvigionamenti/
unita;Area della Vice Segreteria Generale;Ufficio autonomo contratti e approvvigionamenti;U.O. Contratti – Gestione Procedure di Gara Servizi Sociali – Lavori;Emanuela Sortino;Via San Biagio n.4;Via San Biagio, 4 Palermo, Sicilia, 90134, Italia;091 7401910 / 091 7401924;contratti@cert.comune.palermo.it / contratti@comune.palermo.it;contratti@cert.comune.palermo.it;13.359388766537;38.115802207431;https://www.comune.palermo.it/amministrazione/unita_organizzativa/uo-contratti-gestione-procedure-di-gara-servizi-sociali-lavori/
unita;Area della Vice Segreteria Generale;Ufficio autonomo contratti e approvvigionamenti;U.O. Contratti Gestione Procedure di Gara Servizi di Architettura ed Ingegneria;Mauro Restivo;Via San Biagio n.4;Via San Biagio, 4 Palermo, Sicilia, 90134, Italia;091 7401910 / 091 7401914;contratti@cert.comune.palermo.it / contratti@comune.palermo.it;contratti@cert.comune.palermo.it;13.359388766537;38.115802207431;https://www.comune.palermo.it/amministrazione/unita_organizzativa/uo-contratti-gestione-procedure-di-gara-servizi-di-architettura-ed-ingegneria/
unita;Area della Vice Segreteria Generale;Ufficio autonomo contratti e approvvigionamenti;U.O. Contratti Procedure di Gara con Fondi Strutturali e non;Salvatore Incrapera (Dirigente Amministrativo);Via San Biagio n.4;Via San Biagio, 4 Palermo, Sicilia, 90134, Italia;091 7401910;contratti@cert.comune.palermo.it / contratti@comune.palermo.it;contratti@cert.comune.palermo.it;13.359388766537;38.115802207431;https://www.comune.palermo.it/amministrazione/unita_organizzativa/uo-contratti-procedure-di-gara-con-fondi-strutturali-e-non/
unita;Area della Vice Segreteria Generale;Ufficio autonomo contratti e approvvigionamenti;U.O. Registrazioni e Pubblicazioni Contratti;Salvatore Incrapera (Dirigente Amministrativo);Via San Biagio n.4;Via San Biagio, 4 Palermo, Sicilia, 90134, Italia;091 7401910;contratti@cert.comune.palermo.it / contratti@comune.palermo.it;contratti@cert.comune.palermo.it;13.359388766537;38.115802207431;https://www.comune.palermo.it/amministrazione/unita_organizzativa/uo-registrazioni-e-pubblicazioni-contratti/
unita;Area della Vice Segreteria Generale;Ufficio autonomo contratti e approvvigionamenti;U.O. Segreteria Ufficio contratti e approvvigionamenti;Leonardo Cristofaro;Via San Biagio n.4;Via San Biagio, 4 Palermo, Sicilia, 90134, Italia;091 7401910;approvvigionamenti@cert.comune.palermo.it / approvvigionamenti@comune.palermo.it / contratti@cert.comune.palermo.it / contratti@comune.palermo.it;approvvigionamenti@cert.comune.palermo.it / contratti@cert.comune.palermo.it;13.359388766537;38.115802207431;https://www.comune.palermo.it/amministrazione/unita_organizzativa/uo-segreteria-ufficio-contratti-e-approvvigionamenti/
unita;Area della Vice Segreteria Generale;Ufficio autonomo contratti e approvvigionamenti;U.O. Servizio Utenze;Salvatore Incrapera (Dirigente Amministrativo);Via Roma, 209;Via Roma, 209, 90133 Palermo PA, Italia;091 7403592;approvvigionamenti@cert.comune.palermo.it / approvvigionamenti@comune.palermo.it;approvvigionamenti@cert.comune.palermo.it;13.3633977;38.1172739;https://www.comune.palermo.it/amministrazione/unita_organizzativa/uo-servizio-utenze/
area;Area della cultura, turismo e sport;;Area della cultura, turismo e sport;Domenico Verona (Dirigente Amministrativo);Palazzo Ziino;Via Dante, 53, 90141 Palermo PA, Italia;0917407783 / 0917407792 / 0917407821;cultura@comune.palermo.it / settorecultura@cert.comune.palermo.it;settorecultura@cert.comune.palermo.it;13.3516445;38.1241504;https://www.comune.palermo.it/amministrazione/unita_organizzativa/area-della-cultura-turismo-e-sport/
settore;Area della cultura, turismo e sport;Capo Area responsabile pianificazione interventi culturali, biblioteche e spazi etnoantropologici;Capo Area responsabile pianificazione interventi culturali, biblioteche e spazi etnoantropologici;Domenico Verona (Dirigente Amministrativo);Palazzo Ziino;Via Dante, 53, 90141 Palermo PA, Italia;091 7407782 / 091 7407783 / 091 7407792 / 091 7407821;cultura@comune.palermo.it;;13.3516445;38.1241504;https://www.comune.palermo.it/amministrazione/unita_organizzativa/capo-area-responsabile-pianificazione-interventi-culturali-biblioteche-e-spazi-etnoantropologici/
unita;Area della cultura, turismo e sport;Capo Area responsabile pianificazione interventi culturali, biblioteche e spazi etnoantropologici;U.O. Biblioteche Decentrate;Maria Salvatrice La Barbera (Funzionario Culturale);Palazzo Ziino;Via Dante, 53, 90141 Palermo PA, Italia;0917407800;;;13.3516445;38.1241504;https://www.comune.palermo.it/amministrazione/unita_organizzativa/uo-biblioteche-decentrate/
unita;Area della cultura, turismo e sport;Capo Area responsabile pianificazione interventi culturali, biblioteche e spazi etnoantropologici;U.O. Cantieri Culturali alla Zisa;Fabio Guadagni (Funzionario Amministrativo);Cantieri Culturali alla Zisa;Via Paolo Gili, 4, 90134 Palermo PA;091 7408463 / 091 7408466;cantiericulturali@comune.palermo.it / settorecultura@cert.comune.palermo.it;settorecultura@cert.comune.palermo.it;13.337998;38.1182137;https://www.comune.palermo.it/amministrazione/unita_organizzativa/uo-cantieri-culturali-alla-zisa/
unita;Area della cultura, turismo e sport;Capo Area responsabile pianificazione interventi culturali, biblioteche e spazi etnoantropologici;U.O. Commissione Tecnica di Pubblico Spettacolo;Renzo Botindari (Funzionario Tecnico Progettista);Palazzo Ziino;Via Dante, 53, 90141 Palermo PA, Italia;0917407800;;;13.3516445;38.1241504;https://www.comune.palermo.it/amministrazione/unita_organizzativa/uo-commissione-tecnica-di-pubblico-spettacolo/
unita;Area della cultura, turismo e sport;Capo Area responsabile pianificazione interventi culturali, biblioteche e spazi etnoantropologici;U.O. Contabilità Cultura;Claudio Giambertone (Istruttore Contabile);Palazzo Ziino;Via Dante, 53, 90141 Palermo PA, Italia;091 7407822;cultura@comune.palermo.it / settorecultura@cert.comune.palermo.it;settorecultura@cert.comune.palermo.it;13.3516445;38.1241504;https://www.comune.palermo.it/amministrazione/unita_organizzativa/uo-contabilit-cultura/
unita;Area della cultura, turismo e sport;Capo Area responsabile pianificazione interventi culturali, biblioteche e spazi etnoantropologici;U.O. Gestione Personale Archivio Cultura;Anna Marisa Musca (Funzionario Amministrativo);Palazzo Ziino;Via Dante, 53, 90141 Palermo PA, Italia;0917408767;bilbiotechearchiviospazietno@comune.palermo.it / sistemabibliotecario@cert.comune.palermo.it;sistemabibliotecario@cert.comune.palermo.it;13.3516445;38.1241504;https://www.comune.palermo.it/amministrazione/unita_organizzativa/uo-gestione-personale-archivio-cultura/
unita;Area della cultura, turismo e sport;Capo Area responsabile pianificazione interventi culturali, biblioteche e spazi etnoantropologici;U.O. Gestione Personale Biblioteca Sciascia e Biblioteche Decentrate;Silvia Maniscalco (Funzionario Amministrativo);Palazzo Ziino;Via Dante, 53, 90141 Palermo PA, Italia;091 7407952 / 091 7407963 / 091 7407964 / 091 7407966;sbcpersonale@comune.palermo.it / sistemabibliotecario@cert.comune.palermo.it;sistemabibliotecario@cert.comune.palermo.it;13.3516445;38.1241504;https://www.comune.palermo.it/amministrazione/unita_organizzativa/uo-gestione-personale-biblioteca-sciascia-e-biblioteche-decentrate/
unita;Area della cultura, turismo e sport;Capo Area responsabile pianificazione interventi culturali, biblioteche e spazi etnoantropologici;U.O. Gestione Tecnica Siti Culturali;Valentina Mancuso (Funzionario Tecnico);Palazzo Ziino;Via Dante, 53, 90141 Palermo PA, Italia;091 7407795 / 091 7407832;cultura@comune.palermo.it / settorecultura@cert.comune.palermo.it;settorecultura@cert.comune.palermo.it;13.3516445;38.1241504;https://www.comune.palermo.it/amministrazione/unita_organizzativa/uo-gestione-tecnica-siti-culturali/
unita;Area della cultura, turismo e sport;Capo Area responsabile pianificazione interventi culturali, biblioteche e spazi etnoantropologici;U.O. Progettazione Strategica;Giuseppe Rizzo (Funzionario Amministrativo);Palazzo Ziino;Via Dante, 53, 90141 Palermo PA, Italia;0917407790 / 0917407808;cultura@comune.palermo.it / settorecultura@cert.comune.palermo.it;settorecultura@cert.comune.palermo.it;13.3516445;38.1241504;https://www.comune.palermo.it/amministrazione/unita_organizzativa/uo-progettazione-strategica/
unita;Area della cultura, turismo e sport;Capo Area responsabile pianificazione interventi culturali, biblioteche e spazi etnoantropologici;U.O. Promozione e Comunicazione;Mauro Costa (Assistente Servizi Culturali e Turistici);Palazzo Ziino;Via Dante, 53, 90141 Palermo PA, Italia;0917407957 / 0917407958;sbcpromozione@comune.palermo.it / sistemabibliotecario@cert.comune.palermo.it;sistemabibliotecario@cert.comune.palermo.it;13.3516445;38.1241504;https://www.comune.palermo.it/amministrazione/unita_organizzativa/uo-promozione-e-comunicazione/
unita;Area della cultura, turismo e sport;Capo Area responsabile pianificazione interventi culturali, biblioteche e spazi etnoantropologici;U.O. Sala Studio e Biblioteca Archivio, Gestione Fondi Archivistici;Valentina Di Fazio (Assistente Servizi Culturali e Turistici);Archivio Storico Comunale;Archivio Storico Comunale, 157, Via Maqueda, Kalsa, I Circoscrizione, Palermo, Sicilia, 90140, Italia;091 7408761 / 091 7408762 / 091 7408766;bibliotechearchiviospazietno@comune.palermo.it;;13.363547455781;38.113795434114;https://www.comune.palermo.it/amministrazione/unita_organizzativa/uo-sala-studio-e-biblioteca-archivio-gestione-fondi-archivistici/
unita;Area della cultura, turismo e sport;Capo Area responsabile pianificazione interventi culturali, biblioteche e spazi etnoantropologici;U.O. Segreteria Vicesindaco Assessore alla Cultura;Lorita Cristofalo (Collaboratore Professionale Amministrativo);Palazzo Ziino;Via Dante, 53, 90141 Palermo PA, Italia;091 7407780 / 091 7407799 / 091 7407810;assessoratocultura@comune.palermo.it / settorecultura@cert.comune.palermo.it;settorecultura@cert.comune.palermo.it;13.3516445;38.1241504;https://www.comune.palermo.it/amministrazione/unita_organizzativa/uo-segreteria-vicesindaco-assessore-alla-cultura/
unita;Area della cultura, turismo e sport;Capo Area responsabile pianificazione interventi culturali, biblioteche e spazi etnoantropologici;U.O. Spasimo;Fabio Guadagni (Funzionario Amministrativo);;;;;;;;https://www.comune.palermo.it/amministrazione/unita_organizzativa/uo-spasimo/
unita;Area della cultura, turismo e sport;Capo Area responsabile pianificazione interventi culturali, biblioteche e spazi etnoantropologici;U.O. Staff Capo Area – Gestione del Personale;Marilena Barresi (Collaboratore Professionale Amministrativo);Palazzo Ziino;Via Dante, 53, 90141 Palermo PA, Italia;091 7407782 / 091 7407783 / 091 7407792 / 091 7407821;cultura@comune.palermo.it / settorecultura@cert.comune.palermo.it;settorecultura@cert.comune.palermo.it;13.3516445;38.1241504;https://www.comune.palermo.it/amministrazione/unita_organizzativa/uo-staff-capo-area-gestione-del-personale/
unita;Area della cultura, turismo e sport;Capo Area responsabile pianificazione interventi culturali, biblioteche e spazi etnoantropologici;U.O. Toponomastica;Santi Marchese (Esperto Tecnico Geometra);Palazzo Ziino;Via Dante, 53, 90141 Palermo PA, Italia;0917409187;info.toponomastica@comune.palermo.it / toponomastica@cert.comune.palermo.it;toponomastica@cert.comune.palermo.it;13.3516445;38.1241504;https://www.comune.palermo.it/amministrazione/unita_organizzativa/uo-toponomastica/
settore;Area della cultura, turismo e sport;Ufficio Sport, turismo e gestione impianti sportivi;Ufficio Sport, turismo e gestione impianti sportivi;Caterina Guercio (Dirigente Amministrativo);Villa Marraffa;Via Scannaserpe, 1, 90146 Palermo PA, Italia;0917409104 / 0917409143;promozioneturismo@comune.palermo.it / sport@cert.comune.palermo.it / sport@comune.palermo.it / turismo@cert.comune.palermo.it;sport@cert.comune.palermo.it / turismo@cert.comune.palermo.it;13.3327497;38.1531132;https://www.comune.palermo.it/amministrazione/unita_organizzativa/ufficio-sport-turismo-e-gestione-impianti-sportivi/
unita;Area della cultura, turismo e sport;Ufficio Sport, turismo e gestione impianti sportivi;U.O. Cassa-Assegnazione utilizzo impianti sportivi e palestre scolastiche;Carmela Arcoleo (Esperto Attivit Sportive);Villa Marraffa;Via Scannaserpe, 1, 90146 Palermo PA, Italia;0917409110 / 0917409113 / 0917409116;c.arcoleo@comune.palermo.it / g.sucameli@comune.palermo.it / sport@cert.comune.palermo.it / sport@comune.palermo.it;sport@cert.comune.palermo.it;13.3327497;38.1531132;https://www.comune.palermo.it/amministrazione/unita_organizzativa/uo-cassa-assegnazione-utilizzo-impianti-sportivi-e-palestre-scolastiche/
unita;Area della cultura, turismo e sport;Ufficio Sport, turismo e gestione impianti sportivi;U.O. Gestione amministrativo contabile;Giuseppa De Luca (Funzionario Amministrativo);Villa Marraffa;Via Scannaserpe, 1, 90146 Palermo PA, Italia;091/7409105 / 091/7409106 / 3351997545;g.deluca@comune.palermo.it / sport@cert.comune.palermo.it / sport@comune.palermo.it;sport@cert.comune.palermo.it;13.3327497;38.1531132;https://www.comune.palermo.it/amministrazione/unita_organizzativa/uo-gestione-amministrativo-contabile-sport/
unita;Area della cultura, turismo e sport;Ufficio Sport, turismo e gestione impianti sportivi;U.O. Gestione Impianti Sportivi -Manifestazioni Sportive e Protocollo;Sergio Sparacio (Esperto Attività Sportive);Villa Marraffa;Via Scannaserpe, 1, 90146 Palermo PA, Italia;0917409105 / 0917409106;s.sparacio@comune.palermo.it / sport@cert.comune.palermo.it / sport@comune.palermo.it;sport@cert.comune.palermo.it;13.3327497;38.1531132;https://www.comune.palermo.it/amministrazione/unita_organizzativa/uo-gestione-impianti-sportivi-manifestazioni-sportive-e-protocollo/
unita;Area della cultura, turismo e sport;Ufficio Sport, turismo e gestione impianti sportivi;U.O. Gestione Personale, Servizi generali e Segreteria di Direzione;Serena Ignoffo (Funzionario Amministrativo);Villa Marraffa;Via Scannaserpe, 1, 90146 Palermo PA, Italia;0917409103 / 0917409108 / 0917409118;s.ignoffo@comune.palermo.it / sport@cert.comune.palermo.it / sport@comune.palermo.it;sport@cert.comune.palermo.it;13.3327497;38.1531132;https://www.comune.palermo.it/amministrazione/unita_organizzativa/uo-gestione-personale-servizi-generali-e-segreteria-di-direzione/
unita;Area della cultura, turismo e sport;Ufficio Sport, turismo e gestione impianti sportivi;U.O. Gestione Tecnica Impianti Sportivi;Giovanni Polizzi;Villa Marraffa;Via Scannaserpe, 1, 90146 Palermo PA, Italia;0917409106 / 3204331538;g.polizzi@comune.palermo.it / sport@cert.comune.palermo.it;sport@cert.comune.palermo.it;13.3327497;38.1531132;https://www.comune.palermo.it/amministrazione/unita_organizzativa/uo-gestione-tecnica-impianti-sportivi/
unita;Area della cultura, turismo e sport;Ufficio Sport, turismo e gestione impianti sportivi;U.O. Impianto PalaMangano;Annita Borino (Funzionario Amministrativo);Impianto PalaMangano;Via Ugo Perricone Engel, 14, 90146 Palermo PA, Italia;091222217 / 3357256200;a.borino@comune.palermo.it / palamangano@comune.palermo.it / sport@cert.comune.palermo.it / sport@comune.palermo.it;sport@cert.comune.palermo.it;13.3109625;38.1281949;https://www.comune.palermo.it/amministrazione/unita_organizzativa/uo-impianto-palamangano/
unita;Area della cultura, turismo e sport;Ufficio Sport, turismo e gestione impianti sportivi;U.O. Impianto PalaOreto;Gianfranco Sucameli (Esperto Attivit Sportive);PalaOreto;Via Santa Maria di Gesù, 11, 90124 Palermo PA, Italia;091442740 / 3314676602;gianfranco.sucameli@comune.palermo.it / palaoreto@comune.palermo.it / sport@cert.comune.palermo.it / sport@comune.palermo.it;sport@cert.comune.palermo.it;13.3717105;38.0939506;https://www.comune.palermo.it/amministrazione/unita_organizzativa/uo-impianto-palaoreto/
unita;Area della cultura, turismo e sport;Ufficio Sport, turismo e gestione impianti sportivi;U.O. Impianto Pattinodromo del Giardino Inglese;Rosa Agnello (Istruttore Contabile);Impianto Pattinodromo del Giardino Inglese;Via Duca della Verdura, 3, 90143 Palermo PA, Italia;0917409142 / 3382001984;pattinodromo@comune.palermo.it / rosa.agnello@comune.palermo.it / sport@cert.comune.palermo.it / sport@comune.palermo.it;sport@cert.comune.palermo.it;13.3515459;38.1339194;https://www.comune.palermo.it/amministrazione/unita_organizzativa/uo-impianto-pattinodromo-del-giardino-inglese/
unita;Area della cultura, turismo e sport;Ufficio Sport, turismo e gestione impianti sportivi;U.O. Impianto Pattinodromo Via Mulè;Serena Ignoffo (Funzionario Amministrativo);Impianto Pattinodromo Via Mulè;Via Giuseppe Mulè, 90129 Palermo PA, Italia;0917409108 / 3382002075;s.ignoffo@comune.palermo.it / sport@cert.comune.palermo.it;sport@cert.comune.palermo.it;13.3335463;38.1023338;https://www.comune.palermo.it/amministrazione/unita_organizzativa/uo-impianto-pattinodromo-via-mul/
unita;Area della cultura, turismo e sport;Ufficio Sport, turismo e gestione impianti sportivi;U.O. Impianto Piscina Comunale;Sergio Sparacio (Esperto Attività Sportive);Piscina Comunale;Viale del Fante, 5, 90146 Palermo PA, Italia;0917408005;piscina@comune.palermo.it / s.sparacio@comune.palermo.it / sport@cert.comune.palermo.it / sport@comune.palermo.it;sport@cert.comune.palermo.it;13.3429052;38.1494413;https://www.comune.palermo.it/amministrazione/unita_organizzativa/uo-impianto-piscina-comunale/
unita;Area della cultura, turismo e sport;Ufficio Sport, turismo e gestione impianti sportivi;U.O. Impianto Polivalente Bonagia;Giuseppina Sucameli (Esperto Attivit Sportive);Impianto Polivalente Bonagia;Via Mico Geraci, 90125 Palermo PA, Italia;0917409113 / 3382001884;g.sucameli@comune.palermo.it / sport@cert.comune.palermo.it / sport@comune.palermo.it;sport@cert.comune.palermo.it;13.3591514;38.0832944;https://www.comune.palermo.it/amministrazione/unita_organizzativa/uo-impianto-polivalente-bonagia/
unita;Area della cultura, turismo e sport;Ufficio Sport, turismo e gestione impianti sportivi;U.O. Impianto Stadio delle Palme;Salvatore Attardo (Funzionario Tecnico);Stadio delle Palme;Viale del Fante, 27, 90142 Palermo PA, Italia;091526338;s.attardo@comune.palermo.it / sport@cert.comune.palermo.it / sport@comune.palermo.it / stadiopalme@comune.palermo.it;sport@cert.comune.palermo.it;13.3378438;38.1568062;https://www.comune.palermo.it/amministrazione/unita_organizzativa/uo-impianto-stadio-delle-palme/
unita;Area della cultura, turismo e sport;Ufficio Sport, turismo e gestione impianti sportivi;U.O. Palestra Borgo Ulivia;;Palestra Borgo Ulivia;Via Ortigia, 90125 Palermo PA, Italia;0916470169 / 3312656284;m.bonfardeci@comune.palermo.it / paleborgoulivia@comune.palermo.it / sport@cert.comune.palermo.it / sport@comune.palermo.it;sport@cert.comune.palermo.it;13.361226;38.0909328;https://www.comune.palermo.it/amministrazione/unita_organizzativa/uo-palestra-borgo-ulivia/
unita;Area della cultura, turismo e sport;Ufficio Sport, turismo e gestione impianti sportivi;U.O. Palestra Valentino Renda;Marco La Rosa (Esperto Attivit Sportive);Palestra Valentino Renda;Via XXVII Maggio, 26, 90121 Palermo PA, Italia;0916214417;m.larosa@comune.palermo.it / palesperone@comune.palermo.it / sport@cert.comune.palermo.it / sport@comune.palermo.it;sport@cert.comune.palermo.it;13.4040492;38.0966512;https://www.comune.palermo.it/amministrazione/unita_organizzativa/uo-palestra-valentino-renda/
unita;Area della cultura, turismo e sport;Ufficio Sport, turismo e gestione impianti sportivi;U.O. Promozione Turistica e Coordinamento Segreteria Tecnica del Dirigente;Alessandro Pinelli (Funzionario Amministrativo);Via Sant'Anna, 19;Via Sant'Anna, 19, 90133 Palermo PA, Italia;091 7408868;promozioneturismo@comune.palermo.it / turismo@cert.comune.palermo.it;turismo@cert.comune.palermo.it;13.365583;38.1151475;https://www.comune.palermo.it/amministrazione/unita_organizzativa/uo-promozione-turistica-e-coordinamento-segreteria-tecnica-del-dirigente/
unita;Area della cultura, turismo e sport;Ufficio Sport, turismo e gestione impianti sportivi;U.O. Segreteria Assessore Turismo e Sport;Daniela Geraci (Collaboratore Professionale Amministrativo);Villa Marraffa - Assessorato Sport;Via Scannaserpe, 1, 90146 Palermo PA, Italia;0917408874 / 0917409112;assessoratoturismoesport@comune.palermo.it;;13.3327497;38.1531132;https://www.comune.palermo.it/amministrazione/unita_organizzativa/uo-segreteria-assessore-turismo-e-sport-2/
settore;Area della cultura, turismo e sport;Ufficio teatri, spettacoli e coordinamento eventi;Ufficio teatri, spettacoli e coordinamento eventi;Gaspare Simeti (Dirigente Culturale);Palazzo Ziino;Via Dante, 53, 90141 Palermo PA, Italia;0917407796 / 0917407811 / 0917407819 / 0917407837;teatricoordinamentoeventi@comune.palermo.it / ufficioeventi@cert.comune.palermo.it;ufficioeventi@cert.comune.palermo.it;13.3516445;38.1241504;https://www.comune.palermo.it/amministrazione/unita_organizzativa/ufficio-teatri-spettacoli-e-coordinamento-eventi/
unita;Area della cultura, turismo e sport;Ufficio teatri, spettacoli e coordinamento eventi;U.O. Eventi culturali;Rita Catania (Istruttore Amministrativo);Palazzo Ziino;Via Dante, 53, 90141 Palermo PA, Italia;0917407811;teatricoordinamentoeventi@comune.palermo.it / ufficioeventi@cert.comune.palermo.it;ufficioeventi@cert.comune.palermo.it;13.3516445;38.1241504;https://www.comune.palermo.it/amministrazione/unita_organizzativa/uo-eventi-culturali/
unita;Area della cultura, turismo e sport;Ufficio teatri, spettacoli e coordinamento eventi;U.O. Gestione dei teatri;Valeria Russo (Funzionario Amministrativo);Palazzo Ziino;Via Dante, 53, 90141 Palermo PA, Italia;0917407796;teatricoordinamentoeventi@comune.palermo.it / ufficioeventi@cert.comune.palermo.it;ufficioeventi@cert.comune.palermo.it;13.3516445;38.1241504;https://www.comune.palermo.it/amministrazione/unita_organizzativa/uo-gestione-dei-teatri/
unita;Area della cultura, turismo e sport;Ufficio teatri, spettacoli e coordinamento eventi;U.O. Staff di segreteria ufficio teatri, spettacoli e coordinamento eventi;Claudia Aversano (Funzionario Amministrativo);Palazzo Ziino;Via Dante, 53, 90141 Palermo PA, Italia;091 7407837;teatricoordinamentoeventi@comune.palermo.it / ufficioeventi@cert.comune.palermo.it;ufficioeventi@cert.comune.palermo.it;13.3516445;38.1241504;https://www.comune.palermo.it/amministrazione/unita_organizzativa/uo-staff-di-segreteria-ufficio-teatri-spettacoli-e-coordinamento-eventi/
settore;Area della cultura, turismo e sport;Ufficio musei e spazi espositivi;Ufficio musei e spazi espositivi;Maria Francesca Martinez Tagliavia (Dirigente Amministrativo);Galleria d'Arte Moderna;Via Sant'Anna, 21 90133;091 6162621 / 091 7408884 / 091 9828927;m.f.martineztagliavia@comune.palermo.it / museispaziespositivi@cert.comune.palermo.it / museispaziespositivi@comune.palermo.it;museispaziespositivi@cert.comune.palermo.it;13.3655215;38.1151489;https://www.comune.palermo.it/amministrazione/unita_organizzativa/ufficio-musei-e-spazi-espositivi/
unita;Area della cultura, turismo e sport;Ufficio musei e spazi espositivi;U.O. Gestione Amministrativa Personale GAM;Rosa Manzella;Galleria d'Arte Moderna;Via Sant'Anna, 21 90133;+39 091 6177736 / 091 7408885 / 091 7408888;museispaziespositivi@cert.comune.palermo.it / ufficiopersonalegam@comune.palermo.it;museispaziespositivi@cert.comune.palermo.it;13.3655215;38.1151489;https://www.comune.palermo.it/amministrazione/unita_organizzativa/uo-gestione-amministrativa-personale-gam/
unita;Area della cultura, turismo e sport;Ufficio musei e spazi espositivi;U.O. Gestione Scientifica Museale;Silvana Rainieri (Funzionario Culturale);Galleria d'Arte Moderna;Via Sant'Anna, 21 90133;091 7408883 / 091 9828928;bibliotecagam@comune.palermo.it / museispaziespositivi@comune.palermo.it / s.rainieri@comune.palermo.it;;13.3655215;38.1151489;https://www.comune.palermo.it/amministrazione/unita_organizzativa/uo-gestione-scientifica-museale/
unita;Area della cultura, turismo e sport;Ufficio musei e spazi espositivi;U.O. Gestione Tecnica e Amministrativa Contabile – GAM;Chiara Cruciata;Galleria d'Arte Moderna;Via Sant'Anna, 21 90133;091 7408882 / 091 7408886 / 091 9828929;museispaziespositivi@comune.palermo.it;;13.3655215;38.1151489;https://www.comune.palermo.it/amministrazione/unita_organizzativa/uo-gestione-tecnica-e-amministrativa-contabile-gam/
unita;Area della cultura, turismo e sport;Ufficio musei e spazi espositivi;U.O. Staff di segreteria e gestione amministrativa – protocollo GAM;Rosalba Ciotti (Funzionario Amministrativo);Galleria d'Arte Moderna;Via Sant'Anna, 21 90133;091 7408880 / 091 9828927;museispaziespositivi@cert.comune.palermo.it / museispaziespositivi@comune.palermo.it / protocollogam@comune.palermo.it / r.ciotti@comune.palermo.it;museispaziespositivi@cert.comune.palermo.it;13.3655215;38.1151489;https://www.comune.palermo.it/amministrazione/unita_organizzativa/uo-staff-di-segreteria-e-gestione-amministrativa-protocollo-gam/
area;Area delle Entrate e dei Tributi Comunali;;Area delle Entrate e dei Tributi Comunali;Roberto Giacomo Pulizzi (Dirigente Amministrativo);Piazza Giulio Cesare, 6;P.za Giulio Cesare, 6, 90123 Palermo PA, Italia;0917404501;imupici@comune.palermo.it / settoretributi@cert.comune.palermo.it / settoretributi@comune.palermo.it;settoretributi@cert.comune.palermo.it;13.3668765;38.1109609;https://www.comune.palermo.it/amministrazione/unita_organizzativa/area-delle-entrate-e-dei-tributi-comunali/
settore;Area delle Entrate e dei Tributi Comunali;Capo Area Area delle Entrate e dei Tributi Comunali;Capo Area Area delle Entrate e dei Tributi Comunali;;Piazza Giulio Cesare, 6;P.za Giulio Cesare, 6, 90123 Palermo PA, Italia;0917404501;imupici@comune.palermo.it / settoretributi@cert.comune.palermo.it / settoretributi@comune.palermo.it;settoretributi@cert.comune.palermo.it;13.3668765;38.1109609;https://www.comune.palermo.it/amministrazione/unita_organizzativa/capo-area-delle-entrate-e-dei-tributi-comunali/
settore;Area delle Entrate e dei Tributi Comunali;Avvocato Dirigente – Tributi;Avvocato Dirigente – Tributi;Marilena Sireci (Avvocato Dirigente);Piazza Giulio Cesare, 6;P.za Giulio Cesare, 6, 90123 Palermo PA, Italia;0917404542;contenziosotributario@comune.palermo.it;;13.3668765;38.1109609;https://www.comune.palermo.it/amministrazione/unita_organizzativa/avvocato-dirigente-tributi/
unita;Area delle Entrate e dei Tributi Comunali;Avvocato Dirigente – Tributi;U.O. Contenzioso tributario;Marilena Sireci (Avvocato Dirigente);Piazza Giulio Cesare, 6;P.za Giulio Cesare, 6, 90123 Palermo PA, Italia;091-7404500 / 091-7404511 / 091-7404518 / 091-7404526;contenziosotributario@cert.comune.palermo.it / contenziosotributario@comune.palermo.it / protocollo@cert.comune.palermo.it;contenziosotributario@cert.comune.palermo.it / protocollo@cert.comune.palermo.it;13.3668765;38.1109609;https://www.comune.palermo.it/amministrazione/unita_organizzativa/uo-contenzioso-tributario/
settore;Area delle Entrate e dei Tributi Comunali;Capo Area Responsabile ICI/IMU/TASI;Capo Area Responsabile ICI/IMU/TASI;;Piazza Giulio Cesare, 6;P.za Giulio Cesare, 6, 90123 Palermo PA, Italia;0917404560;settoretributi@cert.comune.palermo.it / settoretributi@comune.palermo.it;settoretributi@cert.comune.palermo.it;13.3668765;38.1109609;https://www.comune.palermo.it/amministrazione/unita_organizzativa/capo-area-responsabile-iciimutasi/
unita;Area delle Entrate e dei Tributi Comunali;Capo Area Responsabile ICI/IMU/TASI;U.O. Cup (ex tosap/temporanea e permanente e icp);Alessandro Carrano (Funzionario Amministrativo);Piazza Giulio Cesare, 6;P.za Giulio Cesare, 6, 90123 Palermo PA, Italia;091-7404520 / 091-7404550 / 091-7404582 / 091-7404588;settoretributi@cert.comune.palermo.it / tosapicp@cert.comune.palermo.it / tosapicp@comune.palermo.it;settoretributi@cert.comune.palermo.it / tosapicp@cert.comune.palermo.it;13.3668765;38.1109609;https://www.comune.palermo.it/amministrazione/unita_organizzativa/uo-cup-ex-tosaptemporanea-e-permanente-e-icp/
unita;Area delle Entrate e dei Tributi Comunali;Capo Area Responsabile ICI/IMU/TASI;U.O. Direzione – Tributi;Gioacchino Casoria (Funzionario Amministrativo);Piazza Giulio Cesare, 6;P.za Giulio Cesare, 6, 90123 Palermo PA, Italia;091-7404501;settoretributi@cert.comune.palermo.it / settoretributi@comune.palermo.it;settoretributi@cert.comune.palermo.it;13.3668765;38.1109609;https://www.comune.palermo.it/amministrazione/unita_organizzativa/uo-direzione-tributi-3/
unita;Area delle Entrate e dei Tributi Comunali;Capo Area Responsabile ICI/IMU/TASI;U.O. ICI/IMU/TASI;;Piazza Giulio Cesare, 6;P.za Giulio Cesare, 6, 90123 Palermo PA, Italia;0917404512 / 0917404538 / 0917404591;icimuptasi@cert.comune.palermo.it / imupici@comune.palermo.it;icimuptasi@cert.comune.palermo.it;13.3668765;38.1109609;https://www.comune.palermo.it/amministrazione/unita_organizzativa/uo-iciimutasi/
unita;Area delle Entrate e dei Tributi Comunali;Capo Area Responsabile ICI/IMU/TASI;U.O. Imposta di soggiorno;Marcello Capetta (Funzionario Amministrativo);Piazza Giulio Cesare, 6;P.za Giulio Cesare, 6, 90123 Palermo PA, Italia;091 7404523 / 091 7404539 / 091 7404559 / 091 7404576 / 3384907159 / 3384907281;impostadisoggiorno@cert.comune.palermo.it / impostadisoggiorno@comune.palermo.it / settoretributi@cert.comune.palermo.it;impostadisoggiorno@cert.comune.palermo.it / settoretributi@cert.comune.palermo.it;13.3668765;38.1109609;https://www.comune.palermo.it/amministrazione/unita_organizzativa/uo-imposta-di-soggiorno-3/
unita;Area delle Entrate e dei Tributi Comunali;Capo Area Responsabile ICI/IMU/TASI;U.O. Ucice;Valentina Buffa (Funzionario Amministrativo);Piazza Giulio Cesare, 6;P.za Giulio Cesare, 6, 90123 Palermo PA, Italia;091-7404570;settoretributi@cert.comune.palermo.it / ucice.tributi@cert.comune.palermo.it / ucice@comune.palermo.it;settoretributi@cert.comune.palermo.it / ucice.tributi@cert.comune.palermo.it;13.3668765;38.1109609;https://www.comune.palermo.it/amministrazione/unita_organizzativa/uo-ucice/
unita;Area delle Entrate e dei Tributi Comunali;Capo Area Responsabile ICI/IMU/TASI;U.O. Ufficio tecnico – Tributi;Emilio Di Gristina (Funzionario Tecnico Architetto);Piazza Giulio Cesare, 6;P.za Giulio Cesare, 6, 90123 Palermo PA, Italia;0917404531;settoretributi@cert.comune.palermo.it / ufficiotecnicotributi@comune.palermo.it;settoretributi@cert.comune.palermo.it;13.3668765;38.1109609;https://www.comune.palermo.it/amministrazione/unita_organizzativa/uo-ufficio-tecnico-tributi/
settore;Area delle Entrate e dei Tributi Comunali;Ufficio TARSU/TARES/TARI;Ufficio TARSU/TARES/TARI;Fabrizio La Malfa (Dirigente Amministrativo);Piazza Giulio Cesare, 6;P.za Giulio Cesare, 6, 90123 Palermo PA, Italia;0916168139;infotari@comune.palermo.it / tarsutarestari@cert.comune.palermo.it;tarsutarestari@cert.comune.palermo.it;13.3668765;38.1109609;https://www.comune.palermo.it/amministrazione/unita_organizzativa/ufficio-tarsutarestari/
unita;Area delle Entrate e dei Tributi Comunali;Ufficio TARSU/TARES/TARI;U.O. Call center;Fabrizio La Malfa (Dirigente Amministrativo);Piazza Giulio Cesare, 6;P.za Giulio Cesare, 6, 90123 Palermo PA, Italia;0916168139;infotari@comune.palermo.it / settoretributi@cert.comune.palermo.it / tarsutarestari@cert.comune.palermo.it;settoretributi@cert.comune.palermo.it / tarsutarestari@cert.comune.palermo.it;13.3668765;38.1109609;https://www.comune.palermo.it/amministrazione/unita_organizzativa/uo-call-center/
unita;Area delle Entrate e dei Tributi Comunali;Ufficio TARSU/TARES/TARI;U.O. Tarsu – Tares – Tari;Carla Mendola (Funzionario Contabile);Piazza Giulio Cesare, 6;P.za Giulio Cesare, 6, 90123 Palermo PA, Italia;0916168139;infotari@comune.palermo.it / settoretributi@cert.comune.palermo.it / tarsutarestari@cert.comune.palermo.it;settoretributi@cert.comune.palermo.it / tarsutarestari@cert.comune.palermo.it;13.3668765;38.1109609;https://www.comune.palermo.it/amministrazione/unita_organizzativa/uo-tarsu-tares-tari/
area;Area delle Politiche Ambientali, transizione ecologica e Rigenerazione del verde;;Area delle Politiche Ambientali, transizione ecologica e Rigenerazione del verde;Giuseppina Liuzzo (Dirigente Tecnico);Via Antonio Salinas, 3;Via Antonino Salinas, 3, 90141 Palermo PA, Italia;0917405906 / 0917405930 / 0917405949;ambiente@cert.comune.palermo.it / ambiente@comune.palermo.it;ambiente@cert.comune.palermo.it;13.3463172;38.128591;https://www.comune.palermo.it/amministrazione/unita_organizzativa/area-delle-politiche-ambientali-transizione-ecologica-e-rigenerazione-del-verde-2/
settore;Area delle Politiche Ambientali, transizione ecologica e Rigenerazione del verde;Capo Area responsabile pianificazione ambientale e interventi sulla costa, mare, parchi e riserve;Capo Area responsabile pianificazione ambientale e interventi sulla costa, mare, parchi e riserve;Giuseppina Liuzzo (Dirigente Tecnico);Via Antonio Salinas, 3;Via Antonino Salinas, 3, 90141 Palermo PA, Italia;0917405906 / 0917405930 / 0917405949;ambiente@cert.comune.palermo.it / ambiente@comune.palermo.it;ambiente@cert.comune.palermo.it;13.3463172;38.128591;https://www.comune.palermo.it/amministrazione/unita_organizzativa/capo-area-responsabile-pianificazione-ambientale/
unita;Area delle Politiche Ambientali, transizione ecologica e Rigenerazione del verde;Capo Area responsabile pianificazione ambientale e interventi sulla costa, mare, parchi e riserve;U.O. Autorizzazione e pareri in ambito di clima acustico;Fabio Zanetti (Esperto Tecnico Progettista);Via Antonio Salinas, 3;Via Antonino Salinas, 3, 90141 Palermo PA, Italia;0917405908 / 0917405950 / 0917405994;ambiente@comune.palermo.it / f.zanetti@comune.palermo.it;;13.3463172;38.128591;https://www.comune.palermo.it/amministrazione/unita_organizzativa/uo-autorizzazione-e-pareri-in-ambito-di-clima-acustico/
unita;Area delle Politiche Ambientali, transizione ecologica e Rigenerazione del verde;Capo Area responsabile pianificazione ambientale e interventi sulla costa, mare, parchi e riserve;U.O. Interventi a Tutela dell’Ambiente;Roberto Giaconia (Funzionario Tecnico);Via Antonio Salinas, 3;Via Antonino Salinas, 3, 90141 Palermo PA, Italia;0917405951;ambiente@cert.comune.palermo.it / ambiente@comune.palermo.it / r.giaconia@comune.palermo.it;ambiente@cert.comune.palermo.it;13.3463172;38.128591;https://www.comune.palermo.it/amministrazione/unita_organizzativa/uo-interventi-a-tutela-dellambiente/
unita;Area delle Politiche Ambientali, transizione ecologica e Rigenerazione del verde;Capo Area responsabile pianificazione ambientale e interventi sulla costa, mare, parchi e riserve;U.O. Pianificazione Ambientale e Progettazione;Elenia Drago (Funzionario Tecnico Ingegnere);Via Antonio Salinas, 3;Via Antonino Salinas, 3, 90141 Palermo PA, Italia;0917405918;ambiente@cert.comune.palermo.it / ambiente@comune.palermo.it / e.drago@comune.palermo.it;ambiente@cert.comune.palermo.it;13.3463172;38.128591;https://www.comune.palermo.it/amministrazione/unita_organizzativa/uo-pianificazione-ambientale-e-progettazione/
unita;Area delle Politiche Ambientali, transizione ecologica e Rigenerazione del verde;Capo Area responsabile pianificazione ambientale e interventi sulla costa, mare, parchi e riserve;U.O. Progettazione Lavori e Interventi sulla Costa, Parchi e Riserve;Giovanni Sarta (Funzionario Tecnico Architetto);Fiera del Mediterraneo;Via Anwar Sadat, 13, 90142 Palermo PA, Italia;0917406060;g.sarta@comune.palermo.it;;13.3558591;38.1464838;https://www.comune.palermo.it/amministrazione/unita_organizzativa/uo-progettazione-lavori-e-interventi-sulla-costa-parchi-e-riserve/
unita;Area delle Politiche Ambientali, transizione ecologica e Rigenerazione del verde;Capo Area responsabile pianificazione ambientale e interventi sulla costa, mare, parchi e riserve;U.O. Segreteria, Gestione del Personale e Logistica – Capo Area responsabile pianificazione ambientale;Luigia Civiletti (Funzionario Amministrativo);Via Antonio Salinas, 3;Via Antonino Salinas, 3, 90141 Palermo PA, Italia;0917405900 / 0917405906 / 0917405949;ambiente@cert.comune.palermo.it / ambiente@comune.palermo.it / l.civiletti@comune.palermo.it;ambiente@cert.comune.palermo.it;13.3463172;38.128591;https://www.comune.palermo.it/amministrazione/unita_organizzativa/uo-segreteria-gestione-del-personale-e-logistica-capo-area-responsabile-pianificazione-ambientale/
unita;Area delle Politiche Ambientali, transizione ecologica e Rigenerazione del verde;Capo Area responsabile pianificazione ambientale e interventi sulla costa, mare, parchi e riserve;U.O. Staff del Capo Area – Capo Area responsabile pianificazione ambientale;Francesco Naccari (Esperto Tecnico Progettista);Via Antonio Salinas, 3;Via Antonino Salinas, 3, 90141 Palermo PA, Italia;0917405906 / 0917405930 / 0917405949;ambiente@cert.comune.palermo.it / ambiente@comune.palermo.it / f.naccari@comune.palermo.it;ambiente@cert.comune.palermo.it;13.3463172;38.128591;https://www.comune.palermo.it/amministrazione/unita_organizzativa/uo-staff-del-capo-area-capo-area-responsabile-pianificazione-ambientale/
settore;Area delle Politiche Ambientali, transizione ecologica e Rigenerazione del verde;Ufficio autonomo gestione verde urbano, agricoltura urbana e rapporti con RESET;Ufficio autonomo gestione verde urbano, agricoltura urbana e rapporti con RESET;Francesco La Monica (Dirigente Tecnico);Casa Natura - ex Scuderie Reali;Viale Diana, s.n.c. Palermo, Sicilia, 90167, Italia;0917409323 / 0917409325;settoreverdeterritorio@cert.comune.palermo.it / verdeurbano@comune.palermo.it;settoreverdeterritorio@cert.comune.palermo.it;13.33941115841;38.166862311355;https://www.comune.palermo.it/amministrazione/unita_organizzativa/ufficio-autonomo-gestione-verde-urbano-agricoltura-urbana-e-rapporti-con-reset-2/
unita;Area delle Politiche Ambientali, transizione ecologica e Rigenerazione del verde;Ufficio autonomo gestione verde urbano, agricoltura urbana e rapporti con RESET;U.O. Coordinamento e Gestione progetti speciali;Saverio Lentini (Funzionario Tecnico);Casa Natura - ex Scuderie Reali;Viale Diana, s.n.c. Palermo, Sicilia, 90167, Italia;091/7409309;s.lentini@comune.palermo.it / settoreverdeterritorio@cert.comune.palermo.it / verdevivibilita@comune.palermo.it;settoreverdeterritorio@cert.comune.palermo.it;13.33941115841;38.166862311355;https://www.comune.palermo.it/amministrazione/unita_organizzativa/uo-coordinamento-e-gestione-progetti-speciali/
unita;Area delle Politiche Ambientali, transizione ecologica e Rigenerazione del verde;Ufficio autonomo gestione verde urbano, agricoltura urbana e rapporti con RESET;U.O. Direzione amministrativa gestione verde urbano;Emilio Agatino Lombardo (Funzionario Amministrativo);Casa Natura - ex Scuderie Reali;Viale Diana, s.n.c. Palermo, Sicilia, 90167, Italia;091/7409305;e.lombardo@comune.palermo.it / settoreverdeterritorio@cert.comune.palermo.it / verdevivibilita@comune.palermo.it;settoreverdeterritorio@cert.comune.palermo.it;13.33941115841;38.166862311355;https://www.comune.palermo.it/amministrazione/unita_organizzativa/uo-direzione-amministrativa-gestione-verde-urbano/
unita;Area delle Politiche Ambientali, transizione ecologica e Rigenerazione del verde;Ufficio autonomo gestione verde urbano, agricoltura urbana e rapporti con RESET;U.O. Direzione Contabile gestione verde urbano;Francesco Paolo Lipari (Funzionario Contabile);Casa Natura - ex Scuderie Reali;Viale Diana, s.n.c. Palermo, Sicilia, 90167, Italia;091 7409306;f.lipari@comune.palermo.it / settoreverdeterritorio@cert.comune.palermo.it / verdevivibilita@comune.palermo.it;settoreverdeterritorio@cert.comune.palermo.it;13.33941115841;38.166862311355;https://www.comune.palermo.it/amministrazione/unita_organizzativa/uo-direzione-contabile-gestione-verde-urbano/
unita;Area delle Politiche Ambientali, transizione ecologica e Rigenerazione del verde;Ufficio autonomo gestione verde urbano, agricoltura urbana e rapporti con RESET;U.O. Patrimonio arboreo e agricoltura urbana;;Casa Natura - ex Scuderie Reali;Viale Diana, s.n.c. Palermo, Sicilia, 90167, Italia;091/7409307 / 091/7409323;settoreverdeterritorio@cert.comune.palermo.it / verdevivibilita@comune.palermo.it;settoreverdeterritorio@cert.comune.palermo.it;13.33941115841;38.166862311355;https://www.comune.palermo.it/amministrazione/unita_organizzativa/uo-patrimonio-arboreo-e-agricoltura-urbana/
unita;Area delle Politiche Ambientali, transizione ecologica e Rigenerazione del verde;Ufficio autonomo gestione verde urbano, agricoltura urbana e rapporti con RESET;U.O. Segreteria di Direzione/Gestione Personale gestione verde urbano;Patrizia Piazzese (Funzionario Amministrativo);Casa Natura - ex Scuderie Reali;Viale Diana, s.n.c. Palermo, Sicilia, 90167, Italia;091 7409313 / 091 7409326;p.piazzese@comune.palermo.it / personaleverde@comune.palermo.it / settoreverdeterritorio@cert.comune.palermo.it / verdevivibilita@comune.palermo.it;settoreverdeterritorio@cert.comune.palermo.it;13.33941115841;38.166862311355;https://www.comune.palermo.it/amministrazione/unita_organizzativa/uo-segreteria-di-direzionegestione-personale-gestione-verde-urbano/
unita;Area delle Politiche Ambientali, transizione ecologica e Rigenerazione del verde;Ufficio autonomo gestione verde urbano, agricoltura urbana e rapporti con RESET;U.O. Supporto Giuridico gestione verde urbano;Vincenzo Francesco Di Marco (Funzionario Amministrativo);Casa Natura - ex Scuderie Reali;Viale Diana, s.n.c. Palermo, Sicilia, 90167, Italia;091/7409311;settoreverdeterritorio@cert.comune.palermo.it / v.f.dimarco@comune.palermo.it / verdevivibilita@comune.palermo.it;settoreverdeterritorio@cert.comune.palermo.it;13.33941115841;38.166862311355;https://www.comune.palermo.it/amministrazione/unita_organizzativa/uo-supporto-giuridico-gestione-verde-urbano/
unita;Area delle Politiche Ambientali, transizione ecologica e Rigenerazione del verde;Ufficio autonomo gestione verde urbano, agricoltura urbana e rapporti con RESET;U.O. Ufficio tecnico/sicurezza sui luoghi di lavoro;Mario Manetta (Funzionario Tecnico Progettista);Casa Natura - ex Scuderie Reali;Viale Diana, s.n.c. Palermo, Sicilia, 90167, Italia;091/7409319;m.manetta@comune.palermo.it / settoreverdeterritorio@cert.comune.palermo.it / verdevivibilita@comune.palermo.it;settoreverdeterritorio@cert.comune.palermo.it;13.33941115841;38.166862311355;https://www.comune.palermo.it/amministrazione/unita_organizzativa/uo-ufficio-tecnicosicurezza-sui-luoghi-di-lavoro/
unita;Area delle Politiche Ambientali, transizione ecologica e Rigenerazione del verde;Ufficio autonomo gestione verde urbano, agricoltura urbana e rapporti con RESET;U.O. Verde Urbano e Giardini/Comunicazione;Rosario Rosano (Esperto Tecnico Perito Agrario);Casa Natura - ex Scuderie Reali;Viale Diana, s.n.c. Palermo, Sicilia, 90167, Italia;091/7409317;r.rosano@comune.palermo.it / settoreverdeterritorio@cert.comune.palermo.it / verdevivibilita@comune.palermo.it;settoreverdeterritorio@cert.comune.palermo.it;13.33941115841;38.166862311355;https://www.comune.palermo.it/amministrazione/unita_organizzativa/uo-verde-urbano-e-giardinicomunicazione/
unita;Area delle Politiche Ambientali, transizione ecologica e Rigenerazione del verde;Ufficio autonomo gestione verde urbano, agricoltura urbana e rapporti con RESET;U.O. Vivaio e Logistica;Giovanni Butera (Funzionario Tecnico Agronomo);Via Duca degli Abruzzi;Via Duca degli Abruzzi, s.n.c. 90149 Palermo PA, Italia;091/7404161 / 091/7798935;g.butera@comune.palermo.it / settoreverdeterritorio@cert.comune.palermo.it / verdevivibilita@comune.palermo.it;settoreverdeterritorio@cert.comune.palermo.it;13.3316839;38.1667534;https://www.comune.palermo.it/amministrazione/unita_organizzativa/uo-vivaio-e-logistica/
area;Area delle Politiche Socio Sanitarie;;Area delle Politiche Socio Sanitarie;Fernanda Ferreri (Dirigente Amministrativo);Palazzo Tommaso Natale;Via Giuseppe Garibaldi, 26, 90133 Palermo PA, Italia;0917404202 / 0917404204 / 0917404209 / 0917404231;politichesociali@comune.palermo.it / settoreservizisocioassistenziali@cert.comune.palermo.it;settoreservizisocioassistenziali@cert.comune.palermo.it;13.3672164;38.112786;https://www.comune.palermo.it/amministrazione/unita_organizzativa/area-delle-politiche-socio-sanitarie/
settore;Area delle Politiche Socio Sanitarie;Capo Area responsabile della pianificazione interventi sul sociale, dei servizi di base e disabilità, servizi sociali, contrasto alla povertà e servizi residenziali;Capo Area responsabile della pianificazione interventi sul sociale, dei servizi di base e disabilità, servizi sociali, contrasto alla povertà e servizi residenziali;Fernanda Ferreri (Dirigente Amministrativo);Palazzo Tommaso Natale;Via Giuseppe Garibaldi, 26, 90133 Palermo PA, Italia;0917404202 / 0917404204 / 0917404209 / 0917404231;politichesociali@comune.palermo.it / settoreservizisocioassistenziali@cert.comune.palermo.it;settoreservizisocioassistenziali@cert.comune.palermo.it;13.3672164;38.112786;https://www.comune.palermo.it/amministrazione/unita_organizzativa/capo-area-responsabile-della-pianificazione-interventi-sul-sociale-dei-servizi-di-base-e-disabilit-servizi-sociali-contrasto-alla-povert-e-servizi-residenziali/
unita;Area delle Politiche Socio Sanitarie;Capo Area responsabile della pianificazione interventi sul sociale, dei servizi di base e disabilità, servizi sociali, contrasto alla povertà e servizi residenziali;U.O. A Sostegno;Maria Spinella (Assistente Sociale);Via Scopari n° 1;Via Scopari, 1, 90133 Palermo PA, Italia;0917408141 / 6171578 / 6172077;asostegno@comune.palermo.it / contrastoallapoverta@cert.comune.palermo.it;contrastoallapoverta@cert.comune.palermo.it;13.3715785;38.1176341;https://www.comune.palermo.it/amministrazione/unita_organizzativa/uo-a-sostegno/
unita;Area delle Politiche Socio Sanitarie;Capo Area responsabile della pianificazione interventi sul sociale, dei servizi di base e disabilità, servizi sociali, contrasto alla povertà e servizi residenziali;U.O. Affidamento familiare – Adozioni nazionale e internazionali;Antonina Tata (Assistente Sociale);Piazza Del Noviziato n° 2;Piazza del Noviziato, 2, 90134 Palermo PA, Italia;0917408703;affidamentoeadozioni@comune.palermo.it / contrastoallapoverta@cert.comune.palermo.it;contrastoallapoverta@cert.comune.palermo.it;13.3522582;38.1166599;https://www.comune.palermo.it/amministrazione/unita_organizzativa/uo-affidamento-familiare-adozioni-nazionale-e-internazionali/
unita;Area delle Politiche Socio Sanitarie;Capo Area responsabile della pianificazione interventi sul sociale, dei servizi di base e disabilità, servizi sociali, contrasto alla povertà e servizi residenziali;U.O. Casa dei diritti;Angela Errore (Assistente Sociale);Via Liberta' 45;Via della Libertà, 45, 90143 Palermo PA, Italia;0917408340 / 0917408341-43;casadeidiritti@comune.plermo.it / comunicazionesai@comune.palermo.it;;13.3522987;38.1309905;https://www.comune.palermo.it/amministrazione/unita_organizzativa/uo-casa-dei-diritti/
unita;Area delle Politiche Socio Sanitarie;Capo Area responsabile della pianificazione interventi sul sociale, dei servizi di base e disabilità, servizi sociali, contrasto alla povertà e servizi residenziali;U.O. Città dei ragazzi, gruppo tecnico e magazzini;Amalia Lanza (Funzionario Amministrativo);Palazzo Tommaso Natale;Via Giuseppe Garibaldi, 26, 90133 Palermo PA, Italia;0917404227 / 0917409021/22;cittadeiragazzigruppotecnico@comune.palermo.it / settoreservizisocioassistenziali@cert.comune.palermo.it;settoreservizisocioassistenziali@cert.comune.palermo.it;13.3672164;38.112786;https://www.comune.palermo.it/amministrazione/unita_organizzativa/uo-citt-dei-ragazzi-gruppo-tecnico-e-magazzini/
unita;Area delle Politiche Socio Sanitarie;Capo Area responsabile della pianificazione interventi sul sociale, dei servizi di base e disabilità, servizi sociali, contrasto alla povertà e servizi residenziali;U.O. Contrasto alla grave marginalità adulta;Anna Patrizia Provenzano (Assistente Sociale);Palazzo Magnisi;Via Fratelli Orlando, 16, 90133 Palermo PA, Italia;0917405426 / 3312612727;marginalitaadulta@comune.palermo.it;;13.3650232;38.1202509;https://www.comune.palermo.it/amministrazione/unita_organizzativa/uo-contrasto-alla-grave-marginalit-adulta/
unita;Area delle Politiche Socio Sanitarie;Capo Area responsabile della pianificazione interventi sul sociale, dei servizi di base e disabilità, servizi sociali, contrasto alla povertà e servizi residenziali;U.O. Coordinamento Servizi Sociali;Fabio Feliciello (Assistente Sociale);Palazzo Tommaso Natale;Via Giuseppe Garibaldi, 26, 90133 Palermo PA, Italia;091 7404245 / 091 7404246 / 091 7404255;contrastoallapoverta@cert.comune.palermo.it / ssccoordinamento@comune.palermo.it;contrastoallapoverta@cert.comune.palermo.it;13.3672164;38.112786;https://www.comune.palermo.it/amministrazione/unita_organizzativa/uo-coordinamento-servizi-sociali/
unita;Area delle Politiche Socio Sanitarie;Capo Area responsabile della pianificazione interventi sul sociale, dei servizi di base e disabilità, servizi sociali, contrasto alla povertà e servizi residenziali;U.O. DesTEENazione;Alessandra Benigno (Esperto Area Socio Assistenziale);Via Monte San Calogero, 26/28;Via Monte San Calogero, 26/28 - 90146 Palermo PA, Italia;091 7407645;;;13.3254173;38.1535917;https://www.comune.palermo.it/amministrazione/unita_organizzativa/uo-desteenazione/
unita;Area delle Politiche Socio Sanitarie;Capo Area responsabile della pianificazione interventi sul sociale, dei servizi di base e disabilità, servizi sociali, contrasto alla povertà e servizi residenziali;U.O. Direzione, affari generali e gestione del personale;Enza Cangialosi (Funzionario Amministrativo);Palazzo Tommaso Natale;Via Giuseppe Garibaldi, 26, 90133 Palermo PA, Italia;0917404202 / 0917404204 / 0917404209;politichesociali@comune.palermo.it / settoreservizisocioassistenziali@cert.comune.palermo.it;settoreservizisocioassistenziali@cert.comune.palermo.it;13.3672164;38.112786;https://www.comune.palermo.it/amministrazione/unita_organizzativa/uo-direzione-affari-generali-e-gestione-del-personale/
unita;Area delle Politiche Socio Sanitarie;Capo Area responsabile della pianificazione interventi sul sociale, dei servizi di base e disabilità, servizi sociali, contrasto alla povertà e servizi residenziali;U.O. Gestione Archivio, protocollo e uscierato;Enza Cangialosi (Funzionario Amministrativo);Palazzo Tommaso Natale;Via Giuseppe Garibaldi, 26, 90133 Palermo PA, Italia;0917404216/02;politichesociali@comune.palermo.it / settoreservizisocioassistenziali@cert.comune.palermo.it;settoreservizisocioassistenziali@cert.comune.palermo.it;13.3672164;38.112786;https://www.comune.palermo.it/amministrazione/unita_organizzativa/uo-gestione-archivio-protocollo-e-uscierato-2/
unita;Area delle Politiche Socio Sanitarie;Capo Area responsabile della pianificazione interventi sul sociale, dei servizi di base e disabilità, servizi sociali, contrasto alla povertà e servizi residenziali;U.O. Interventi per anziani;Antonina Guastella (Assistente Sociale);Piazza Pietro Micca n° 26;Piazza Pietro Micca, 26, 90136 Palermo PA, Italia;0917408310/07;centranziani@comune.palermo.it / contrastoallapoverta@cert.comune.palermo.it;contrastoallapoverta@cert.comune.palermo.it;13.3088104;38.1090705;https://www.comune.palermo.it/amministrazione/unita_organizzativa/uo-interventi-per-anziani/
unita;Area delle Politiche Socio Sanitarie;Capo Area responsabile della pianificazione interventi sul sociale, dei servizi di base e disabilità, servizi sociali, contrasto alla povertà e servizi residenziali;U.O. Interventi per persone con disabilità;Francesca Matranga (Funzionario Amministrativo);Via Francesco Taormina;Via Franco Taormina, 1, 90128 Palermo PA, Italia;0916563300- / 0917409460/72;f.matranga@comune.palermo.it / liquidazionicittadinanza@cert.comune.palermo.it / settoreservizisocioassistenziali@cert.comune.palermo.it / ufficioh@comune.palermo.it;liquidazionicittadinanza@cert.comune.palermo.it / settoreservizisocioassistenziali@cert.comune.palermo.it;13.3467803;38.0971826;https://www.comune.palermo.it/amministrazione/unita_organizzativa/uo-interventi-per-persone-con-disabilit-2/
unita;Area delle Politiche Socio Sanitarie;Capo Area responsabile della pianificazione interventi sul sociale, dei servizi di base e disabilità, servizi sociali, contrasto alla povertà e servizi residenziali;U.O. Mediazione Giustizia Riparativa;Dorotea Passantino (Assistente Sociale);Via Monte San Calogero, 26/28;Via Monte San Calogero, 26/28 - 90146 Palermo PA, Italia;091 7407647 / 091 7407659 / 091 7407663 / 091 7407667;contrastoallapoverta@cert.comune.palermo.it / mediazionegiustiziariparativa@comune.palermo.it;contrastoallapoverta@cert.comune.palermo.it;13.3254173;38.1535917;https://www.comune.palermo.it/amministrazione/unita_organizzativa/uo-mediazione-giustizia-riparativa/
unita;Area delle Politiche Socio Sanitarie;Capo Area responsabile della pianificazione interventi sul sociale, dei servizi di base e disabilità, servizi sociali, contrasto alla povertà e servizi residenziali;U.O. Programmazione e monitoraggio fondo solidarietà comunale (FSC) e contributo assistenti sociali;Alessandra Benigno (Esperto Area Socio Assistenziale);Via Monte San Calogero, 26/28;Via Monte San Calogero, 26/28 - 90146 Palermo PA, Italia;091 7407645;programmazionefsc@comune.palermo.it;;13.3254173;38.1535917;https://www.comune.palermo.it/amministrazione/unita_organizzativa/uo-programmazione-e-monitoraggio-fondo-solidariet-comunale-fsc-e-contributo-assistenti-sociali/
unita;Area delle Politiche Socio Sanitarie;Capo Area responsabile della pianificazione interventi sul sociale, dei servizi di base e disabilità, servizi sociali, contrasto alla povertà e servizi residenziali;U.O. Protezione Infanzia e adolescenza;Claudia Cassara' (Assistente Sociale);Fratelli Orlando;Via Fratelli Orlando, 16, 90133 Palermo PA, Italia;0917405430- / 3312612766;contrastoallapoverta@cert.comune.palermo.it / equipeinteristituzionale@comune.palermo.it;contrastoallapoverta@cert.comune.palermo.it;13.3650232;38.1202509;https://www.comune.palermo.it/amministrazione/unita_organizzativa/uo-protezione-infanzia-e-adolescenza/
unita;Area delle Politiche Socio Sanitarie;Capo Area responsabile della pianificazione interventi sul sociale, dei servizi di base e disabilità, servizi sociali, contrasto alla povertà e servizi residenziali;U.O. Protezione Sociale;Paolo Quercia (Assistente Sociale);Via Catania n° 146;Via Catania, 146, 90141 Palermo PA, Italia;0917404081-3 / 3351997497;emergenzesociali@cert.comune.palermo.it / protezionesociale@comune.palermo.it;emergenzesociali@cert.comune.palermo.it;13.3460296;38.126361;https://www.comune.palermo.it/amministrazione/unita_organizzativa/uo-protezione-sociale/
unita;Area delle Politiche Socio Sanitarie;Capo Area responsabile della pianificazione interventi sul sociale, dei servizi di base e disabilità, servizi sociali, contrasto alla povertà e servizi residenziali;U.O. Ragioneria – Politiche Socio Sanitarie;Maria Teresa Carrazza (Funzionario Contabile);Palazzo Tommaso Natale;Via Giuseppe Garibaldi, 26, 90133 Palermo PA, Italia;0917404210/11;m.t.carrazza@comune.palermo.it / settoreservizisocioassistenziali@cert.comune.palermo.it;settoreservizisocioassistenziali@cert.comune.palermo.it;13.3672164;38.112786;https://www.comune.palermo.it/amministrazione/unita_organizzativa/uo-ragioneria-politiche-socio-sanitarie/
unita;Area delle Politiche Socio Sanitarie;Capo Area responsabile della pianificazione interventi sul sociale, dei servizi di base e disabilità, servizi sociali, contrasto alla povertà e servizi residenziali;U.O. Residenzialità Adulti;Rosalia Vilardi (Funzionario Amministrativo);Palazzo Tommaso Natale;Via Giuseppe Garibaldi, 26, 90133 Palermo PA, Italia;0917404229;liquidazionicittadinanza@cert.comune.palermo.it / r.vilardi@comune.palermo.it / residenzialiadulti@comune.palermo.it / settoreservizisocioassistenziali@cert.comune.palermo.it;liquidazionicittadinanza@cert.comune.palermo.it / settoreservizisocioassistenziali@cert.comune.palermo.it;13.3672164;38.112786;https://www.comune.palermo.it/amministrazione/unita_organizzativa/uo-residenzialit-adulti/
unita;Area delle Politiche Socio Sanitarie;Capo Area responsabile della pianificazione interventi sul sociale, dei servizi di base e disabilità, servizi sociali, contrasto alla povertà e servizi residenziali;U.O. Residenzialità Minori;Donatella Vizzini (Funzionario Contabile);Palazzo Tommaso Natale;Via Giuseppe Garibaldi, 26, 90133 Palermo PA, Italia;0917404203 / 0917404253;d.vizzini@comune.palermo.it / liquidazionicittadinanza@cert.comune.palermo.it / residenzialiminori@comune.palermo.it / settoreservizisocioassistenziali@cert.comune.palermo.it;liquidazionicittadinanza@cert.comune.palermo.it / settoreservizisocioassistenziali@cert.comune.palermo.it;13.3672164;38.112786;https://www.comune.palermo.it/amministrazione/unita_organizzativa/uo-residenzialit-minori/
unita;Area delle Politiche Socio Sanitarie;Capo Area responsabile della pianificazione interventi sul sociale, dei servizi di base e disabilità, servizi sociali, contrasto alla povertà e servizi residenziali;U.O. Ricorsi Amministrativi e Giudiziari;Dario Sireci (Funzionario Amministrativo);Palazzo Tommaso Natale;Via Giuseppe Garibaldi, 26, 90133 Palermo PA, Italia;0917404215;d.sireci@comune.palermo.it / settoreservizisocioassistenziali@cert.comune.palermo.it;settoreservizisocioassistenziali@cert.comune.palermo.it;13.3672164;38.112786;https://www.comune.palermo.it/amministrazione/unita_organizzativa/uo-ricorsi-amministrativi-e-giudiziari/
unita;Area delle Politiche Socio Sanitarie;Capo Area responsabile della pianificazione interventi sul sociale, dei servizi di base e disabilità, servizi sociali, contrasto alla povertà e servizi residenziali;U.O. Segreteria Assessore – Politiche Socio Sanitarie;Tommaso Pisciotta (Funzionario);Palazzo Tommaso Natale;Via Giuseppe Garibaldi, 26, 90133 Palermo PA, Italia;0917404200 / 0917404252 / 0917404266;assessoratoattivitasociali@comune.palermo.it / settoreservizisocioassistenziali@cert.comune.palermo.it;settoreservizisocioassistenziali@cert.comune.palermo.it;13.3672164;38.112786;https://www.comune.palermo.it/amministrazione/unita_organizzativa/uo-segreteria-assessore-politiche-socio-sanitarie/
unita;Area delle Politiche Socio Sanitarie;Capo Area responsabile della pianificazione interventi sul sociale, dei servizi di base e disabilità, servizi sociali, contrasto alla povertà e servizi residenziali;U.O. Servizio Sociale di Comunità I Area Circoscrizionale;Franca Maria Rita Fortezza (Assistente Sociale);Palazzo Magnisi;Via Fratelli Orlando, 16, 90133 Palermo PA, Italia;0917405426- / 3312612727;contrastoallapoverta@cert.comune.palermo.it / sscprimacircoscrizione@comune.palermo.it;contrastoallapoverta@cert.comune.palermo.it;13.3650232;38.1202509;https://www.comune.palermo.it/amministrazione/unita_organizzativa/uo-servizio-sociale-di-comunit-i-area-circoscrizionale/
unita;Area delle Politiche Socio Sanitarie;Capo Area responsabile della pianificazione interventi sul sociale, dei servizi di base e disabilità, servizi sociali, contrasto alla povertà e servizi residenziali;U.O. Servizio Sociale di Comunità II Area Circoscrizionale;Fabiola Quattrocchi;Palazzo Barone;Via Lincoln, 144, 90123 Palermo PA, Italia;091 7403463 / 091 7403490 / 3312612733;contrastoallapoverta@cert.comune.palermo.it / sscsecondacircoscrizione@comune.palermo.it;contrastoallapoverta@cert.comune.palermo.it;13.3680473;38.1112046;https://www.comune.palermo.it/amministrazione/unita_organizzativa/uo-servizio-sociale-di-comunit-ii-area-circoscrizionale/
unita;Area delle Politiche Socio Sanitarie;Capo Area responsabile della pianificazione interventi sul sociale, dei servizi di base e disabilità, servizi sociali, contrasto alla povertà e servizi residenziali;U.O. Servizio Sociale di Comunità III Area Circoscrizionale;Laura Amodeo (Funzionario);Via Lo Greco n° 5;Via Damiano lo Greco, 5, 90125 Palermo PA, Italia;0917409165-3 / 3312613470;contrastoallapoverta@cert.comune.palermo.it / sscterzacircoscrizione@comune.palermo.it;contrastoallapoverta@cert.comune.palermo.it;13.3629718;38.0842516;https://www.comune.palermo.it/amministrazione/unita_organizzativa/uo-servizio-sociale-di-comunit-iii-area-circoscrizionale/
unita;Area delle Politiche Socio Sanitarie;Capo Area responsabile della pianificazione interventi sul sociale, dei servizi di base e disabilità, servizi sociali, contrasto alla povertà e servizi residenziali;U.O. Servizio Sociale di Comunità IV Area Circoscrizionale;Concetta Amoroso (Esperto Area Socio Assistenziale);Viale Regione Siciliana Nord/Ovest n° 95;Viale della Regione Siciliana Nord Ovest, 95, 90129 Palermo PA, Italia;0917409532-3 / 3312611226;contrastoallapoverta@cert.comune.palermo.it / sscquartacircoscrizione@comune.palermo.it;contrastoallapoverta@cert.comune.palermo.it;13.3309621;38.1041057;https://www.comune.palermo.it/amministrazione/unita_organizzativa/uo-servizio-sociale-di-comunit-iv-area-circoscrizionale/
unita;Area delle Politiche Socio Sanitarie;Capo Area responsabile della pianificazione interventi sul sociale, dei servizi di base e disabilità, servizi sociali, contrasto alla povertà e servizi residenziali;U.O. Servizio Sociale di Comunità V Area Circoscrizionale;Rosalia Oliveri;Largo Pozzillo, 7;Largo Pozzillo, 7, 90135 Palermo PA, Italia;091 7408092 / 091 7408094 / 091 7408097 / 091 7408099;contrastoallapoverta@cert.comune.palermo.it / sscquintacircoscrizione@comune.palermo.it;contrastoallapoverta@cert.comune.palermo.it;13.299314;38.1283856;https://www.comune.palermo.it/amministrazione/unita_organizzativa/uo-servizio-sociale-di-comunit-v-area-circoscrizionale/
unita;Area delle Politiche Socio Sanitarie;Capo Area responsabile della pianificazione interventi sul sociale, dei servizi di base e disabilità, servizi sociali, contrasto alla povertà e servizi residenziali;U.O. Servizio Sociale di Comunità VI Area Circoscrizionale;Valeria Cerniglia Raitano (Assistente Sociale);Via Monte San Calogero, 26/28;Via Monte San Calogero, 26/28 - 90146 Palermo PA, Italia;0917407683 / 3312612717;contrastoallapoverta@cert.comune.palermo.it / sscsestacircoscrizione@comune.palermo.it;contrastoallapoverta@cert.comune.palermo.it;13.3254173;38.1535917;https://www.comune.palermo.it/amministrazione/unita_organizzativa/uo-servizio-sociale-di-comunit-vi-area-circoscrizionale/
unita;Area delle Politiche Socio Sanitarie;Capo Area responsabile della pianificazione interventi sul sociale, dei servizi di base e disabilità, servizi sociali, contrasto alla povertà e servizi residenziali;U.O. Servizio Sociale di Comunità VII Area Circoscrizionale;Maria Grazia Vitale (Funzionario);Via Giuseppe Spata n° 10;Via Spata Giuseppe, 10, 90146 Palermo PA, Italia;3314678096;contrastoallapoverta@cert.comune.palermo.it / sscsettimacircoscrizione@comune.palermo.it;contrastoallapoverta@cert.comune.palermo.it;13.3315443;38.1724279;https://www.comune.palermo.it/amministrazione/unita_organizzativa/uo-servizio-sociale-di-comunit-vii-area-circoscrizionale/
unita;Area delle Politiche Socio Sanitarie;Capo Area responsabile della pianificazione interventi sul sociale, dei servizi di base e disabilità, servizi sociali, contrasto alla povertà e servizi residenziali;U.O. Servizio Sociale di Comunità VIII Area Circoscrizionale;Maria Paglino (Assistente Sociale);Via Enrico Fileti 19;Via Enrico Fileti, 19, 90142 Palermo PA, Italia;0917407434 / 3312612647;contrastoallapoverta@cert.comune.palermo.it / sscottavacircoscrizione@comune.palermo.it;contrastoallapoverta@cert.comune.palermo.it;13.3646413;38.1424432;https://www.comune.palermo.it/amministrazione/unita_organizzativa/uo-servizio-sociale-di-comunit-viii-area-circoscrizionale/
unita;Area delle Politiche Socio Sanitarie;Capo Area responsabile della pianificazione interventi sul sociale, dei servizi di base e disabilità, servizi sociali, contrasto alla povertà e servizi residenziali;U.O. Sostegno ed inclusione delle persone con disabilità;Luigia Giallombardo (Assistente Sociale);Viale Regione Siciliana Nord/Ovest n° 95;Viale della Regione Siciliana Nord Ovest, 95, 90129 Palermo PA, Italia;;;;13.3309621;38.1041057;https://www.comune.palermo.it/amministrazione/unita_organizzativa/uo-sostegno-ed-inclusione-delle-persone-con-disabilit/
unita;Area delle Politiche Socio Sanitarie;Capo Area responsabile della pianificazione interventi sul sociale, dei servizi di base e disabilità, servizi sociali, contrasto alla povertà e servizi residenziali;U.O. Sostegno minori e famiglie;Valeria Torre;Palazzo Tommaso Natale;Via Giuseppe Garibaldi, 26, 90133 Palermo PA, Italia;091 7404250 / 091 7404254 / 091 7404255;sostegnominoriefamiglie@comune.palermo.it;;13.3672164;38.112786;https://www.comune.palermo.it/amministrazione/unita_organizzativa/uo-sostegno-minori-e-famiglie/
unita;Area delle Politiche Socio Sanitarie;Capo Area responsabile della pianificazione interventi sul sociale, dei servizi di base e disabilità, servizi sociali, contrasto alla povertà e servizi residenziali;U.O. Spazio neutro;Iole Teresa Melidone (Psicologo);Via Carlo Goldoni n° 9;Via Carlo Goldoni, 9, 90145 Palermo PA, Italia;0917651930- / 3312612648 / 7408321;contrastoallapoverta@cert.comune.palermo.it / spazioneutro@comune.palermo.it;contrastoallapoverta@cert.comune.palermo.it;13.3424296;38.1279641;https://www.comune.palermo.it/amministrazione/unita_organizzativa/uo-spazio-neutro/
unita;Area delle Politiche Socio Sanitarie;Capo Area responsabile della pianificazione interventi sul sociale, dei servizi di base e disabilità, servizi sociali, contrasto alla povertà e servizi residenziali;U.O. Tutela Minori;Laura Purpura (Assistente Sociale);Via Carlo Goldoni n° 9;Via Carlo Goldoni, 9, 90145 Palermo PA, Italia;0917408324;contrastoallapoverta@cert.comune.palermo.it / tutelaminori@comune.palermo.it;contrastoallapoverta@cert.comune.palermo.it;13.3424296;38.1279641;https://www.comune.palermo.it/amministrazione/unita_organizzativa/uo-tutela-minori/
settore;Area delle Politiche Socio Sanitarie;Ufficio di pianificazione e monitoraggio delle attività sociali e delle emergenze sociali;Ufficio di pianificazione e monitoraggio delle attività sociali e delle emergenze sociali;Mario Lo Iacono (Dirigente Amministrativo);Palazzo Tommaso Natale;Via Giuseppe Garibaldi, 26, 90133 Palermo PA, Italia;0917404220 / 0917404227 / 0917404242 / 0917404254 / 0917407645;personefragili@cert.comune.palermo.it / pianificazioneattivitasociali@comune.palermo.it / pianoterritorialeinfanzia@omune.palermo.it / pnrrsociale@comune.palermo.it / settoreservizisocioassistenziali@cert.comune.palermo.it;personefragili@cert.comune.palermo.it / settoreservizisocioassistenziali@cert.comune.palermo.it;13.3672164;38.112786;https://www.comune.palermo.it/amministrazione/unita_organizzativa/ufficio-di-pianificazione-e-monitoraggio-delle-attivita-sociali-e-delle-emergenze-sociali/
unita;Area delle Politiche Socio Sanitarie;Ufficio di pianificazione e monitoraggio delle attività sociali e delle emergenze sociali;U.O. Accreditamento Servizi sociali;Maria Cipolla (Assistente Sociale);Palazzo Tommaso Natale;Via Giuseppe Garibaldi, 26, 90133 Palermo PA, Italia;0917404261;accreditamentoservizisociali@comune.palermo.it;;13.3672164;38.112786;https://www.comune.palermo.it/amministrazione/unita_organizzativa/uo-accreditamento-servizi-sociali/
unita;Area delle Politiche Socio Sanitarie;Ufficio di pianificazione e monitoraggio delle attività sociali e delle emergenze sociali;U.O. Fondo povertà estrema;Anna Salone (Assistente Sociale);Palazzo Tommaso Natale;Via Giuseppe Garibaldi, 26, 90133 Palermo PA, Italia;091 7404264 / 091 7408343;a.salone@comune.palermo.it / povertaestrema@comune.palermo.it;;13.3672164;38.112786;https://www.comune.palermo.it/amministrazione/unita_organizzativa/uo-fondo-povert-estrema/
unita;Area delle Politiche Socio Sanitarie;Ufficio di pianificazione e monitoraggio delle attività sociali e delle emergenze sociali;U.O. Piano di zona e distretto;Stefania Accomando (Funzionario);Palazzo Tommaso Natale;Via Giuseppe Garibaldi, 26, 90133 Palermo PA, Italia;091 7404207 / 091 7404218 / 091 7404240;personefragili@cert.comune.palermo.it / pianodizonaedisretto@comune.palermo.it;personefragili@cert.comune.palermo.it;13.3672164;38.112786;https://www.comune.palermo.it/amministrazione/unita_organizzativa/uo-piano-di-zona-e-distretto/
unita;Area delle Politiche Socio Sanitarie;Ufficio di pianificazione e monitoraggio delle attività sociali e delle emergenze sociali;U.O. Pon Metro e Progettazione;Caterina Sciortino (Funzionario Amministrativo);Palazzo Tommaso Natale;Via Giuseppe Garibaldi, 26, 90133 Palermo PA, Italia;0917404247 / 0917404254;pnrrsociale@comune.palermo.it / progettazionesociale@comune.palermo.it / settoreservizisocioassistenziali@cert.comune.palermo.it;settoreservizisocioassistenziali@cert.comune.palermo.it;13.3672164;38.112786;https://www.comune.palermo.it/amministrazione/unita_organizzativa/uo-pon-metro-e-progettazione/
unita;Area delle Politiche Socio Sanitarie;Ufficio di pianificazione e monitoraggio delle attività sociali e delle emergenze sociali;U.O. Progetti Infanzia e adolescenza;Denise Fontana (Funzionario);Palazzo Tommaso Natale;Via Giuseppe Garibaldi, 26, 90133 Palermo PA, Italia;0917404242-27;pianoterritorialeinfanzia@comune.palermo.it / settoreservizisocioassistenziali@cert.comune.palermo.it;settoreservizisocioassistenziali@cert.comune.palermo.it;13.3672164;38.112786;https://www.comune.palermo.it/amministrazione/unita_organizzativa/uo-progetti-infanzia-e-adolescenza/
area;Area dell’Avvocatura Comunale;;Area dell’Avvocatura Comunale;Vincenzo Criscuoli (Avvocato Cassazionista);Palazzo Rostagno;Piazza Marina, 39, 90133 Palermo PA, Italia;0917407722 / 0917407723;avvocatura@cert.comune.palermo.it / avvocatura@comune.palermo.it;;13.3689724;38.116554;https://www.comune.palermo.it/amministrazione/unita_organizzativa/area-dellavvocatura-comunale/
settore;Area dell’Avvocatura Comunale;Avvocato Capo Coordinatore;Avvocato Capo Coordinatore;Vincenzo Criscuoli (Avvocato Cassazionista);Palazzo Rostagno;Piazza Marina, 39, 90133 Palermo PA, Italia;0917407720 / 0917407722 / 0917407723;v.criscuoli@cert.comune.palermo.it / v.criscuoli@comune.palermo.it;v.criscuoli@cert.comune.palermo.it;13.3689724;38.116554;https://www.comune.palermo.it/amministrazione/unita_organizzativa/avvocato-capo-coordinatore/
unita;Area dell’Avvocatura Comunale;Avvocato Capo Coordinatore;U.O. Attività Amministrativa – Avvocatura;Pierpaolo Lombardo (Funzionario Amministrativo);;;0917407735;p.lombardo@comune.palermo.it;;;;https://www.comune.palermo.it/amministrazione/unita_organizzativa/uo-attivit-amministrativa-avvocatura/
unita;Area dell’Avvocatura Comunale;Avvocato Capo Coordinatore;U.O. Funzioni Legali – Avvocatura;Valentina Bellomo (Funzionario Legale);;;0917407751;v.bellomo@cert.comune.palermo.it / v.bellomo@comune.palermo.it;v.bellomo@cert.comune.palermo.it;;;https://www.comune.palermo.it/amministrazione/unita_organizzativa/uo-funzioni-legali-avvocatura/
unita;Area dell’Avvocatura Comunale;Avvocato Capo Coordinatore;U.O. Ufficio Direzione Segreteria – Avvocatura;Maria Teresa Ganci (Funzionario Amministrativo);;;0917407738;m.t.ganci@comune.palermo.it;;;;https://www.comune.palermo.it/amministrazione/unita_organizzativa/uo-ufficio-direzione-segreteria-avvocatura/
settore;Area dell’Avvocatura Comunale;Avvocato Dirigente gruppo I;Avvocato Dirigente gruppo I;Sergio Palesano (Avvocato Cassazionista);Palazzo Rostagno;Piazza Marina, 39, 90133 Palermo PA, Italia;0917407749;avvocatura@cert.comune.palermo.it / avvocatura@comune.palermo.it;avvocatura@cert.comune.palermo.it;13.3689724;38.116554;https://www.comune.palermo.it/amministrazione/unita_organizzativa/avvocato-dirigente-gruppo-i/
settore;Area dell’Avvocatura Comunale;Avvocato Dirigente gruppo II;Avvocato Dirigente gruppo II;Caterina Grasso (Avvocato Cassazionista);Palazzo Rostagno;Piazza Marina, 39, 90133 Palermo PA, Italia;0917407720 / 0917407722 / 0917407723;avvocatura@cert.comune.palermo.it / avvocatura@comune.palermo.it;avvocatura@cert.comune.palermo.it;13.3689724;38.116554;https://www.comune.palermo.it/amministrazione/unita_organizzativa/avvocato-dirigente-gruppo-ii/
settore;Area dell’Avvocatura Comunale;Avvocato Dirigente gruppo III;Avvocato Dirigente gruppo III;Roberta Cannarozzo (Avvocato Dirigente);Palazzo Rostagno;Piazza Marina, 39, 90133 Palermo PA, Italia;0917407720 / 0917407722 / 0917407723;avvocatura@cert.comune.palermo.it / avvocatura@comune.palermo.it;avvocatura@cert.comune.palermo.it;13.3689724;38.116554;https://www.comune.palermo.it/amministrazione/unita_organizzativa/avvocato-dirigente-gruppo-iii/
settore;Area dell’Avvocatura Comunale;Avvocato Dirigente gruppo IV;Avvocato Dirigente gruppo IV;Roberto Saetta (Avvocato Cassazionista);Palazzo Rostagno;Piazza Marina, 39, 90133 Palermo PA, Italia;0917407720 / 0917407722 / 0917407723;avvocatura@cert.comune.palermo.it / avvocatura@comune.palermo.it;avvocatura@cert.comune.palermo.it;13.3689724;38.116554;https://www.comune.palermo.it/amministrazione/unita_organizzativa/avvocato-dirigente-gruppo-iv/
area;Area dell’Igiene e Salute, Politiche Abitative e Giovanili;;Area dell’Igiene e Salute, Politiche Abitative e Giovanili;Marina Pennisi (Dirigente Amministrativo);Via Montalbo, 249;Via Montalbo, 249, 90142 Palermo PA, Italia;0917409378;igieneesanita@cert.comune.palermo.it / igienesanita@comune.palermo.it;igieneesanita@cert.comune.palermo.it;13.3671816;38.1387481;https://www.comune.palermo.it/amministrazione/unita_organizzativa/area-delligiene-e-salute-politiche-abitative-e-giovanili/
settore;Area dell’Igiene e Salute, Politiche Abitative e Giovanili;Capo Area responsabile Igiene e Salute, Benessere Animale – Canile Comunale, Politiche Abitative ed Assegnazione Erp;Capo Area responsabile Igiene e Salute, Benessere Animale – Canile Comunale, Politiche Abitative ed Assegnazione Erp;Marina Pennisi (Dirigente Amministrativo);Via Montalbo, 249;Via Montalbo, 249, 90142 Palermo PA, Italia;0917409378;igieneesanita@cert.comune.palermo.it / igienesanita@comune.palermo.it;igieneesanita@cert.comune.palermo.it;13.3671816;38.1387481;https://www.comune.palermo.it/amministrazione/unita_organizzativa/capo-area-responsabile-igiene-e-salute-benessere-animale-canile-comunale-politiche-abitative-ed-assegnazione-erp/
unita;Area dell’Igiene e Salute, Politiche Abitative e Giovanili;Capo Area responsabile Igiene e Salute, Benessere Animale – Canile Comunale, Politiche Abitative ed Assegnazione Erp;U.O. Abitare Sociale;Alessandra Lo Sicco (Assistente Sociale);Ex Caserma Falletta;Via dello Spirito Santo a Monte Pietà, 35, 90134 Palermo PA, Italia;0917407358 / 0917407365;a.losicco@comune.palermo.it / abitaresociale@comune.palermo.it / sostegnoaffitto@cert.comune.palermo.it;sostegnoaffitto@cert.comune.palermo.it;13.3573769;38.1175278;https://www.comune.palermo.it/amministrazione/unita_organizzativa/abitare-sociale/
unita;Area dell’Igiene e Salute, Politiche Abitative e Giovanili;Capo Area responsabile Igiene e Salute, Benessere Animale – Canile Comunale, Politiche Abitative ed Assegnazione Erp;U.O. Benessere degli animali / Canile Comunale;Enrico Ando' (Funzionario Tecnico Architetto);Via Montalbo, 249;Via Montalbo, 249, 90142 Palermo PA, Italia;0917408240 / 0917408241 / 0917408242 / 3358363902;benessereanimale@comune.palermo.it / e.ando@comune.palermo.it / igieneesanita@cert.comune.palermo.it;igieneesanita@cert.comune.palermo.it;13.3671816;38.1387481;https://www.comune.palermo.it/amministrazione/unita_organizzativa/uo-benessere-degli-animali-canile-comunale/
unita;Area dell’Igiene e Salute, Politiche Abitative e Giovanili;Capo Area responsabile Igiene e Salute, Benessere Animale – Canile Comunale, Politiche Abitative ed Assegnazione Erp;U.O. Contabilita’;Silvana Cantone (Funzionario Amministrativo);Via Montalbo, 249;Via Montalbo, 249, 90142 Palermo PA, Italia;+39 091 7409378 / 091 7407305;abitaresociale@comune.palermo.it / igieneesanita@cert.comune.palermo.it / igienesanita@comune.palermo.it;igieneesanita@cert.comune.palermo.it;13.3671816;38.1387481;https://www.comune.palermo.it/amministrazione/unita_organizzativa/uo-contabilita/
unita;Area dell’Igiene e Salute, Politiche Abitative e Giovanili;Capo Area responsabile Igiene e Salute, Benessere Animale – Canile Comunale, Politiche Abitative ed Assegnazione Erp;U.O. Direzione e Bilancio;Anna Maria Viola (Funzionario Amministrativo);Via Montalbo, 249;Via Montalbo, 249, 90142 Palermo PA, Italia;0917409354 / 0917409356 / 0917409378 / 0917409379;anna.maria.viola@comune.palermo.it / igieneesanita@cert.comune.palermo.it / igienesanita@comune.palermo.it;igieneesanita@cert.comune.palermo.it;13.3671816;38.1387481;https://www.comune.palermo.it/amministrazione/unita_organizzativa/uo-direzione-e-bilancio/
unita;Area dell’Igiene e Salute, Politiche Abitative e Giovanili;Capo Area responsabile Igiene e Salute, Benessere Animale – Canile Comunale, Politiche Abitative ed Assegnazione Erp;U.O. Enti Privati di Assistenza;Luciano Ficile (Funzionario Amministrativo);Via Montalbo, 249;Via Montalbo, 249, 90142 Palermo PA, Italia;0917409355 / 0917409359 / 0917409360 / 0917409378;igieneesanita@cert.comune.palermo.it / igienesanita@comune.palermo.it / l.ficile@comune.palermo.it;igieneesanita@cert.comune.palermo.it;13.3671816;38.1387481;https://www.comune.palermo.it/amministrazione/unita_organizzativa/uo-enti-privati-di-assistenza/
unita;Area dell’Igiene e Salute, Politiche Abitative e Giovanili;Capo Area responsabile Igiene e Salute, Benessere Animale – Canile Comunale, Politiche Abitative ed Assegnazione Erp;U.O. Gestione amministrativa;Silvana Cantone (Funzionario Amministrativo);Via Montalbo, 249;Via Montalbo, 249, 90142 Palermo PA, Italia;0917409350 / 0917409375 / 0917409376;s.cantone@comune.palermo.it / sostegnoaffitto@cert.comune.palermo.it / sostegnoaffitto@comune.palermo.it;sostegnoaffitto@cert.comune.palermo.it;13.3671816;38.1387481;https://www.comune.palermo.it/amministrazione/unita_organizzativa/uo-gestione-amministrativa/
settore;Area dell’Igiene e Salute, Politiche Abitative e Giovanili;Ufficio Politiche Giovanili e Igiene Pubblica;Ufficio Politiche Giovanili e Igiene Pubblica;Roberto Raineri (Dirigente Amministrativo);Ex Caserma Falletta;Via dello Spirito Santo a Monte Pietà, 35, 90134 Palermo PA, Italia;091 7407305 / 091 7407364 / 091 7407389;igieneesanita@cert.comune.palermo.it / igienepubblica@comune.palermo.it / politichegiovanili@comune.palermo.it / politichegiovanilieigienepubblica@cert.comune.palermo.it;igieneesanita@cert.comune.palermo.it / politichegiovanilieigienepubblica@cert.comune.palermo.it;13.3573769;38.1175278;https://www.comune.palermo.it/amministrazione/unita_organizzativa/ufficio-politiche-giovanili-e-igiene-pubblica/
unita;Area dell’Igiene e Salute, Politiche Abitative e Giovanili;Ufficio Politiche Giovanili e Igiene Pubblica;U.O. Igiene Pubblica e Politiche Giovanili;Flavia Mercurio;Ex Caserma Falletta;Via dello Spirito Santo a Monte Pietà, 35, 90134 Palermo PA, Italia;091 7407389;igienepubblica@comune.palermo.it / politichegiovanili@comune.palermo.it / politichegiovanilieigienepubblica@cert.comune.palermo.it;politichegiovanilieigienepubblica@cert.comune.palermo.it;13.3573769;38.1175278;https://www.comune.palermo.it/amministrazione/unita_organizzativa/uo-igiene-pubblica-e-politiche-giovanili/
unita;Area dell’Igiene e Salute, Politiche Abitative e Giovanili;Ufficio Politiche Giovanili e Igiene Pubblica;U.O. Politiche giovanili e servizio civile universale;;Ex Caserma Falletta;Via dello Spirito Santo a Monte Pietà, 35, 90134 Palermo PA, Italia;091 7407364;politichegiovanili@comune.palermo.it / politichegiovanilieigienepubblica@cert.comune.palermo.it;politichegiovanilieigienepubblica@cert.comune.palermo.it;13.3573769;38.1175278;https://www.comune.palermo.it/amministrazione/unita_organizzativa/uo-politiche-giovanili-e-servizio-civile-universale/
unita;Area dell’Igiene e Salute, Politiche Abitative e Giovanili;Ufficio Politiche Giovanili e Igiene Pubblica;U.O. Staff Direzione;Sandra Biasini;Ex Caserma Falletta;Via dello Spirito Santo a Monte Pietà, 35, 90134 Palermo PA, Italia;091 7407305;politichegiovanili@comune.palermo.it / politichegiovanilieigienepubblica@cert.comune.palermo.it;politichegiovanilieigienepubblica@cert.comune.palermo.it;13.3573769;38.1175278;https://www.comune.palermo.it/amministrazione/unita_organizzativa/uo-staff-direzione/
area;Direzione Generale e Programmazione Strategica;;Direzione Generale e Programmazione Strategica;Eugenio Ceglia (Direttore Generale);Palazzo Galletti di S. Cataldo;Piazza Marina, 46, 90133 Palermo PA;0917406300 / 0917406311;direttore.generale@cert.comune.palermo.it / staff.direzione@comune.palermo.it;direttore.generale@cert.comune.palermo.it;13.3668992;38.1170384;https://www.comune.palermo.it/amministrazione/unita_organizzativa/direzione-generale-e-programmazione-strategica-2/
settore;Direzione Generale e Programmazione Strategica;Direttore Generale;Direttore Generale;Eugenio Ceglia (Direttore Generale);Palazzo Galletti di S. Cataldo;Piazza Marina, 46, 90133 Palermo PA;0917406300 / 0917406311;direttore.generale@cert.comune.palermo.it / staff.direzione@comune.palermo.it;direttore.generale@cert.comune.palermo.it;13.3668992;38.1170384;https://www.comune.palermo.it/amministrazione/unita_organizzativa/direttore-generale/
unita;Direzione Generale e Programmazione Strategica;Direttore Generale;U.O. Affari Generali e Segreteria;Paolo Di Matteo (Funzionario Amministrativo);Palazzo Galletti di S. Cataldo;Piazza Marina, 46, 90133 Palermo PA;0917406337;direttore.generale@cert.comune.palermo.it / p.dimatteo@comune.palermo.it;direttore.generale@cert.comune.palermo.it;13.3668992;38.1170384;https://www.comune.palermo.it/amministrazione/unita_organizzativa/uo-affari-generali-e-segreteria/
unita;Direzione Generale e Programmazione Strategica;Direttore Generale;U.O. Comitato sicurezza dei datori di lavoro;Vincenzo Lauriano (Funzionario Tecnico Progettista);Palazzo Galletti di S. Cataldo;Piazza Marina, 46, 90133 Palermo PA;0917406302;v.lauriano@comune.palermo.it;;13.3668992;38.1170384;https://www.comune.palermo.it/amministrazione/unita_organizzativa/uo-comitato-sicurezza-dei-datori-di-lavoro/
unita;Direzione Generale e Programmazione Strategica;Direttore Generale;U.O. Controlli;Phyllis Mary Donze' (Funzionario Contabile);Palazzo Palagonia;Via del Quattro Aprile, 4, 90133 Palermo PA, Italia;0917405609 / 0917406360;controllo.direzionegenerale@comune.palermo.it / direttore.generale@cert.comune.palermo.it;direttore.generale@cert.comune.palermo.it;13.370036;38.1167363;https://www.comune.palermo.it/amministrazione/unita_organizzativa/uo-controlli/
unita;Direzione Generale e Programmazione Strategica;Direttore Generale;U.O. Organizzazione e Valutazione;Maria Rosaria Marasa' (Funzionario Amministrativo);Palazzo Palagonia;Via del Quattro Aprile, 4, 90133 Palermo PA, Italia;0917405605;m.marasa@comune.palermo.it / pecdirezionegenerale@cert.comune.palermo.it;pecdirezionegenerale@cert.comune.palermo.it;13.370036;38.1167363;https://www.comune.palermo.it/amministrazione/unita_organizzativa/uo-organizzazione-e-valutazione/
unita;Direzione Generale e Programmazione Strategica;Direttore Generale;U.O. Verifica e monitoraggio a supporto delle funzioni di coordinamento degli uffici comunali;Marco Emiliano Di Marzo (Funzionario Amministrativo);Palazzo Galletti di S. Cataldo;Piazza Marina, 46, 90133 Palermo PA;0917406388;direttore.generale@cert.comune.palermo.it / m.e.dimarzo@comune.palermo.it;direttore.generale@cert.comune.palermo.it;13.3668992;38.1170384;https://www.comune.palermo.it/amministrazione/unita_organizzativa/uo-verifica-e-monitoraggio-a-supporto-delle-funzioni-di-coordinamento-degli-uffici-comunali/
settore;Direzione Generale e Programmazione Strategica;Direttore Generale Vicario;Direttore Generale Vicario;Sergio Maneri (Dirigente Amministrativo);Palazzo Palagonia;Via del Quattro Aprile, 4, 90133 Palermo PA, Italia;0917408553;;;13.370036;38.1167363;https://www.comune.palermo.it/amministrazione/unita_organizzativa/direttore-generale-vicario/
unita;Direzione Generale e Programmazione Strategica;Direttore Generale Vicario;U.O. Coordinamento e monitoraggio economico finanziario;Fabio Lo Baido (Funzionario Contabile);Palazzo Palagonia;Via del Quattro Aprile, 4, 90133 Palermo PA, Italia;091 7405629;organizzazione.direzionegenerale@comune.palermo.it / pecdirezionegenerale@cert.comune.palermo.it;pecdirezionegenerale@cert.comune.palermo.it;13.370036;38.1167363;https://www.comune.palermo.it/amministrazione/unita_organizzativa/uo-coordinamento-e-monitoraggio-economico-finanziario/
unita;Direzione Generale e Programmazione Strategica;Direttore Generale Vicario;U.O. Formazione e supporto attività delegate al Direttore Generale Vicario;Teresa Daniela Terzo (Funzionario Amministrativo);Palazzo Palagonia;Via del Quattro Aprile, 4, 90133 Palermo PA, Italia;091 7408532;formazionedipendenti@comune.palermo.it;;13.370036;38.1167363;https://www.comune.palermo.it/amministrazione/unita_organizzativa/uo-formazione-e-supporto-attivit-delegate-al-direttore-generale-vicario/
unita;Direzione Generale e Programmazione Strategica;Direttore Generale Vicario;U.O. Segreteria Staff DGV;Francesca Paola Perniciaro (Funzionario Amministrativo);Palazzo Palagonia;Via del Quattro Aprile, 4, 90133 Palermo PA, Italia;091 7405606 / 091 7408553;organizzazione.direzionegenerale@comune.palermo.it / pecdirezionegenerale@cert.comune.palermo.it;pecdirezionegenerale@cert.comune.palermo.it;13.370036;38.1167363;https://www.comune.palermo.it/amministrazione/unita_organizzativa/uo-segreteria-staff-dgv/
settore;Direzione Generale e Programmazione Strategica;Supporto amministrativo ai partenariati pubblico-privato, alla gestione di progetti speciali e alla attrazione di investimenti;Supporto amministrativo ai partenariati pubblico-privato, alla gestione di progetti speciali e alla attrazione di investimenti;Massimo Rizzuto (Dirigente Amministrativo);Palazzo Palagonia;Via del Quattro Aprile, 4, 90133 Palermo PA, Italia;0917405667 / 0917408528;progettistrategici-ppp@cert.comune.palermo.it / progettistrategici-ppp@comune.palermo.it;progettistrategici-ppp@cert.comune.palermo.it;13.370036;38.1167363;https://www.comune.palermo.it/amministrazione/unita_organizzativa/supporto-amministrativo-ai-partenariati-pubblicoprivato-alla-gestione-di-progetti-speciali-e-alla-attrazione-di-investimenti/
unita;Direzione Generale e Programmazione Strategica;Supporto amministrativo ai partenariati pubblico-privato, alla gestione di progetti speciali e alla attrazione di investimenti;U.O. Staff Dirigente Supporto amministrativo ai partenariati pubblico-privato;Natale Rosselli (Funzionario Amministrativo);Palazzo Palagonia;Via del Quattro Aprile, 4, 90133 Palermo PA, Italia;0917405639 / 0917405667;n.rosselli@comune.palermo.it / progettistrategici-ppp@cert.comune.palermo.it / progettistrategici-ppp@comune.palermo.it;progettistrategici-ppp@cert.comune.palermo.it;13.370036;38.1167363;https://www.comune.palermo.it/amministrazione/unita_organizzativa/uo-staff-dirigente-supporto-amministrativo-ai-partenariati-pubblico-privato/
unita;Direzione Generale e Programmazione Strategica;Supporto amministrativo ai partenariati pubblico-privato, alla gestione di progetti speciali e alla attrazione di investimenti;U.O. Supporto amministrativo ai partenariati pubblico-privato;Germana Console (Funzionario Amministrativo);Palazzo Palagonia;Via del Quattro Aprile, 4, 90133 Palermo PA, Italia;0917405667 / 0917408528;g.console@comune.palermo.it / progettistrategici-ppp@cert.comune.palermo.it / progettistrategici-ppp@comune.palermo.it;progettistrategici-ppp@cert.comune.palermo.it;13.370036;38.1167363;https://www.comune.palermo.it/amministrazione/unita_organizzativa/uo-supporto-amministrativo-ai-partenariati-pubblico-privato/
unita;Direzione Generale e Programmazione Strategica;Supporto amministrativo ai partenariati pubblico-privato, alla gestione di progetti speciali e alla attrazione di investimenti;U.O. Supporto Amministrativo ai Progetti Speciali e Attrazione Investimenti;Diego Bellia (Funzionario Amministrativo);Palazzo Palagonia;Via del Quattro Aprile, 4, 90133 Palermo PA, Italia;0917405667 / 0917405676;d.bellia@comune.palermo.it / progettistrategici-ppp@cert.comune.palermo.it / progettistrategici-ppp@comune.palermo.it;progettistrategici-ppp@cert.comune.palermo.it;13.370036;38.1167363;https://www.comune.palermo.it/amministrazione/unita_organizzativa/uo-supporto-amministrativo-ai-progetti-speciali-e-attrazione-investimenti/
settore;Direzione Generale e Programmazione Strategica;Ufficio di Staff Innovazione Digitale e Informatizzazione;Ufficio di Staff Innovazione Digitale e Informatizzazione;Sergio Maneri (Dirigente Amministrativo);Ex Caserma Falletta;Via dello Spirito Santo a Monte Pietà, 35, 90134 Palermo PA, Italia;0917407389;innovazione@cert.comune.palermo.it / innovazione@comune.palermo.it;innovazione@cert.comune.palermo.it;13.3573769;38.1175278;https://www.comune.palermo.it/amministrazione/unita_organizzativa/ufficio-di-staff-innovazione-digitale-e-informatizzazione/
unita;Direzione Generale e Programmazione Strategica;Ufficio di Staff Innovazione Digitale e Informatizzazione;U.O. Direzione e Affari Generali e supporto amministrativo alla U.O. Transizione digitale e SITEC;Anna Maria La Rocca (Funzionario Amministrativo);Ex Caserma Falletta;Via dello Spirito Santo a Monte Pietà, 35, 90134 Palermo PA, Italia;0917407353;a.larocca@comune.palermo.it / innovazione@cert.comune.palermo.it / innovazione@comune.palermo.it;innovazione@cert.comune.palermo.it;13.3573769;38.1175278;https://www.comune.palermo.it/amministrazione/unita_organizzativa/uo-direzione-e-affari-generali-e-supporto-amministrativo-alla-uo-transizione-digitale-e-sitec/
unita;Direzione Generale e Programmazione Strategica;Ufficio di Staff Innovazione Digitale e Informatizzazione;U.O. Gestione Sistemi di Telefonia e Sviluppo Tecnologico;Angelo Barberi Frandanisa (Funzionario Amministrativo);Ex Caserma Falletta;Via dello Spirito Santo a Monte Pietà, 35, 90134 Palermo PA, Italia;0917407306;a.barberi@comune.palermo.it / innovazione@cert.comune.palermo.it / innovazione@comune.palermo.it;innovazione@cert.comune.palermo.it;13.3573769;38.1175278;https://www.comune.palermo.it/amministrazione/unita_organizzativa/uo-gestione-sistemi-di-telefonia-e-sviluppo-tecnologico/
unita;Direzione Generale e Programmazione Strategica;Ufficio di Staff Innovazione Digitale e Informatizzazione;U.O. Personale ed Economato – Ufficio di Staff Innovazione Digitale e Informatizzazione;Rosalia Giacalone (Istruttore Amministrativo);Ex Caserma Falletta;Via dello Spirito Santo a Monte Pietà, 35, 90134 Palermo PA, Italia;0917407363;innovazione@cert.comune.palermo.it / innovazione@comune.palermo.it / r.giacalone@comune.palermo.it;innovazione@cert.comune.palermo.it;13.3573769;38.1175278;https://www.comune.palermo.it/amministrazione/unita_organizzativa/uo-personale-ed-economato-ufficio-di-staff-innovazione-digitale-e-informatizzazione/
unita;Direzione Generale e Programmazione Strategica;Ufficio di Staff Innovazione Digitale e Informatizzazione;U.O. Segreteria Assessore – Ufficio di Staff Innovazione Digitale e Informatizzazione;Anna Antico (Collaboratore Professionale Amministrativo);Ex Caserma Falletta;Via dello Spirito Santo a Monte Pietà, 35, 90134 Palermo PA, Italia;0917407347;innovazione@cert.comune.palermo.it / innovazione@comune.palermo.it;innovazione@cert.comune.palermo.it;13.3573769;38.1175278;https://www.comune.palermo.it/amministrazione/unita_organizzativa/uo-segreteria-assessore-ufficio-di-staff-innovazione-digitale-e-informatizzazione/
unita;Direzione Generale e Programmazione Strategica;Ufficio di Staff Innovazione Digitale e Informatizzazione;U.O. Transizione digitale e SITEC;Ciro Spataro (Funzionario Tecnico);Ex Caserma Falletta;Via dello Spirito Santo a Monte Pietà, 35, 90134 Palermo PA, Italia;0917407340;c.spataro@comune.palermo.it / innovazione@cert.comune.palermo.it / innovazione@comune.palermo.it;innovazione@cert.comune.palermo.it;13.3573769;38.1175278;https://www.comune.palermo.it/amministrazione/unita_organizzativa/uotransizione-digitale-e-sitec/
unita;Direzione Generale e Programmazione Strategica;Ufficio di Staff Innovazione Digitale e Informatizzazione;U.O. Webmaster / Nodo SITR Comunale;Giuseppe Meli (Funzionario Tecnico - Webmaster);Ex Caserma Falletta;Via dello Spirito Santo a Monte Pietà, 35, 90134 Palermo PA, Italia;0917407370 / 0917407371 / 0917407391;g.meli@comune.palermo.it / webmaster@comune.palermo.it;;13.3573769;38.1175278;https://www.comune.palermo.it/amministrazione/unita_organizzativa/uo-webmaster-nodo-sitr-comunale/
area;Ragioneria Generale;;Ragioneria Generale;Bohuslav Basile (Dirigente Contabile);Via Roma, 209;Via Roma, 209, 90133 Palermo PA, Italia;0917403601 / 0917403602;ragioneriagenerale@cert.comune.palermo.it / ragioneriagenerale@comune.palermo.it;ragioneriagenerale@cert.comune.palermo.it;13.3633977;38.1172739;https://www.comune.palermo.it/amministrazione/unita_organizzativa/ragioneria-generale-2/
settore;Ragioneria Generale;Ragioniere Generale;Ragioniere Generale;Bohuslav Basile (Dirigente Contabile);Via Roma, 209;Via Roma, 209, 90133 Palermo PA, Italia;0917403601 / 0917403602;ragioneriagenerale@cert.comune.palermo.it / ragioneriagenerale@comune.palermo.it;ragioneriagenerale@cert.comune.palermo.it;13.3633977;38.1172739;https://www.comune.palermo.it/amministrazione/unita_organizzativa/ragioniere-generale/
unita;Ragioneria Generale;Ragioniere Generale;U.O. Agenti contabili dematerializzazione;Simonetta Passarello (Funzionario Contabile);Via Roma, 209;Via Roma, 209, 90133 Palermo PA, Italia;0917403606;ragioneriagenerale@cert.comune.palermo.it / ragioneriagenerale@comune.palermo.it;ragioneriagenerale@cert.comune.palermo.it;13.3633977;38.1172739;https://www.comune.palermo.it/amministrazione/unita_organizzativa/uo-agenti-contabili-dematerializzazione-coordinamento-rendicontazioni-ex-art-158-tuel/
unita;Ragioneria Generale;Ragioniere Generale;U.O. Bilancio;Ernesto La Rocca (Funzionario Contabile);Via Roma, 209;Via Roma, 209, 90133 Palermo PA, Italia;0917403683;ragioneriagenerale@cert.comune.palermo.it / ragioneriagenerale@comune.palermo.it / ufficiobilancio@comune.palermo.it;ragioneriagenerale@cert.comune.palermo.it;13.3633977;38.1172739;https://www.comune.palermo.it/amministrazione/unita_organizzativa/uo-bilancio/
unita;Ragioneria Generale;Ragioniere Generale;U.O. Direzione;Enrica Maria Candida Sarcinelli (Funzionario Contabile);Via Roma, 209;Via Roma, 209, 90133 Palermo PA, Italia;091 7403577;ragioneriagenerale@cert.comune.palermo.it / ragioneriagenerale@comune.palermo.it;ragioneriagenerale@cert.comune.palermo.it;13.3633977;38.1172739;https://www.comune.palermo.it/amministrazione/unita_organizzativa/uo-direzione/
unita;Ragioneria Generale;Ragioniere Generale;U.O. Segreteria;Giuseppe Notaro (Funzionario Amministrativo);Via Roma, 209;Via Roma, 209, 90133 Palermo PA, Italia;0917403598;ragioneriagenerale@cert.comune.palermo.it / ragioneriagenerale@comune.palermo.it;ragioneriagenerale@cert.comune.palermo.it;13.3633977;38.1172739;https://www.comune.palermo.it/amministrazione/unita_organizzativa/uo-segreteria/
unita;Ragioneria Generale;Ragioniere Generale;U.O. Sicurezza e tutela della privacy;Vincenzo Torregrossa (Funzionario Contabile);Via Roma, 209;Via Roma, 209, 90133 Palermo PA, Italia;091 7403648;ragioneriagenerale@cert.comune.palermo.it / ragioneriagenerale@comune.palermo.it;ragioneriagenerale@cert.comune.palermo.it;13.3633977;38.1172739;https://www.comune.palermo.it/amministrazione/unita_organizzativa/uo-sicurezza-e-tutela-della-privacy/
unita;Ragioneria Generale;Ragioniere Generale;U.O. Tesoreria Comunale e Borderaux;Fabio Cardaci (Funzionario Contabile);Via Roma, 209;Via Roma, 209, 90133 Palermo PA, Italia;0917403609;ragioneriagenerale@cert.comune.palermo.it / ragioneriagenerale@comune.palermo.it;ragioneriagenerale@cert.comune.palermo.it;13.3633977;38.1172739;https://www.comune.palermo.it/amministrazione/unita_organizzativa/tesoreria-e-cassa/
settore;Ragioneria Generale;Ufficio Stipendi ed economato;Ufficio Stipendi ed economato;Nicoletta Mangiapane (Dirigente Contabile);Via Roma, 209;Via Roma, 209, 90133 Palermo PA, Italia;;ragioneriagenerale@cert.comune.palermo.it / ragioneriagenerale@comune.palermo.it / ufficiostipendi@comune.palermo.it;ragioneriagenerale@cert.comune.palermo.it;13.3633977;38.1172739;https://www.comune.palermo.it/amministrazione/unita_organizzativa/ufficio-stipendi-ed-economato/
unita;Ragioneria Generale;Ufficio Stipendi ed economato;U.O. ANF/INAIL;Donatella Marotta (Funzionario Contabile);Via Roma, 209;Via Roma, 209, 90133 Palermo PA, Italia;0917403641 / 0917403642 / 0917403673 / 0917403693;assegninucleofamiliareinail@comune.palermo.it / personaleragioneria@cert.comune.palermo.it / ragioneriagenerale@cert.comune.palermo.it / ragioneriagenerale@comune.palermo.it;personaleragioneria@cert.comune.palermo.it / ragioneriagenerale@cert.comune.palermo.it;13.3633977;38.1172739;https://www.comune.palermo.it/amministrazione/unita_organizzativa/uo-anfinail/
unita;Ragioneria Generale;Ufficio Stipendi ed economato;U.O. Cessione e Pignoramenti;Stefano Fragapane (Funzionario Contabile);Via Roma, 209;Via Roma, 209, 90133 Palermo PA, Italia;0917403558 / 0917403610 / 0917403672 / 0917403675;ragioneriagenerale@cert.comune.palermo.it / ragioneriagenerale@comune.palermo.it;ragioneriagenerale@cert.comune.palermo.it;13.3633977;38.1172739;https://www.comune.palermo.it/amministrazione/unita_organizzativa/uo-cessione-e-pignoramenti/
unita;Ragioneria Generale;Ufficio Stipendi ed economato;U.O. Pensioni, TFS e Previdenza;Antonino Rera (Funzionario Amministrativo);Via Roma, 209;Via Roma, 209, 90133 Palermo PA, Italia;0917403515;antonio.rera@comune.palermo.it / personaleragioneria@cert.comune.palermo.it / ragioneriagenerale@cert.comune.palermo.it / ufficiocontributi@comune.palermo.it / ufficiopensioni@comune.palermo.it;personaleragioneria@cert.comune.palermo.it / ragioneriagenerale@cert.comune.palermo.it;13.3633977;38.1172739;https://www.comune.palermo.it/amministrazione/unita_organizzativa/uo-pensioni-tfs-e-previdenza/
unita;Ragioneria Generale;Ufficio Stipendi ed economato;U.O. Salario Accessorio;Vincenza Sichera (Funzionario Amministrativo);Via Roma, 209;Via Roma, 209, 90133 Palermo PA, Italia;0917403663 / 0917403664 / 0917403666 / 0917403669;ragioneriagenerale@cert.comune.palermo.it / ragioneriagenerale@comune.palermo.it / salarioaccessorio@comune.palermo.it / v.sichera@comune.palermo.it;ragioneriagenerale@cert.comune.palermo.it;13.3633977;38.1172739;https://www.comune.palermo.it/amministrazione/unita_organizzativa/uo-salario-accessorio/
unita;Ragioneria Generale;Ufficio Stipendi ed economato;U.O. Stipendi;Antonino Rera (Funzionario Amministrativo);Via Roma, 209;Via Roma, 209, 90133 Palermo PA, Italia;0917403515 / 0917403640 / 0917403643 / 0917403644 / 0917403645;antonio.rera@comune.palermo.it / personale@cert.comune.palermo.it / ragioneriagenerale@cert.comune.palermo.it / ragioneriagenerale@comune.palermo.it / ufficiostipendi@comune.palermo.it;personale@cert.comune.palermo.it / ragioneriagenerale@cert.comune.palermo.it;13.3633977;38.1172739;https://www.comune.palermo.it/amministrazione/unita_organizzativa/uo-stipendi/
settore;Ragioneria Generale;Vice Ragioniere Generale;Vice Ragioniere Generale;Francesco Donia (Dirigente Contabile);Via Roma, 209;Via Roma, 209, 90133 Palermo PA, Italia;0917403682;ragioneriagenerale@cert.comune.palermo.it / viceragionieregenerale@comune.palermo.it;ragioneriagenerale@cert.comune.palermo.it;13.3633977;38.1172739;https://www.comune.palermo.it/amministrazione/unita_organizzativa/vice-ragioniere-generale/
unita;Ragioneria Generale;Vice Ragioniere Generale;U.O. Archivio Vice Ragioniere Generale;Laura Cassara' (Impiegato Amministrativo Contabile);Via Roma, 209;Via Roma, 209, 90133 Palermo PA, Italia;;viceragionieregenerale@comune.palermo.it;;13.3633977;38.1172739;https://www.comune.palermo.it/amministrazione/unita_organizzativa/uo-archivio-vice-ragioniere-generale/
unita;Ragioneria Generale;Vice Ragioniere Generale;U.O. Contabilità Generale, Economico Patrimoniale e Organismi Partecipati;Giovanni Balistreri (Funzionario Contabile);Via Roma, 209;Via Roma, 209, 90133 Palermo PA, Italia;0917403571;contabilita@comune.palermo.it;;13.3633977;38.1172739;https://www.comune.palermo.it/amministrazione/unita_organizzativa/uo-contabilit-generale-economico-patrimoniale-e-organismi-partecipati/
unita;Ragioneria Generale;Vice Ragioniere Generale;U.O. Interventi Finanziari e OO.PP.;Tommasa Sucameli (Funzionario Contabile);Via Roma, 209;Via Roma, 209, 90133 Palermo PA, Italia;0917403517 / 0917403659;interventifinanziari@comune.palermo.it;;13.3633977;38.1172739;https://www.comune.palermo.it/amministrazione/unita_organizzativa/uo-interventi-finanziari-e-oopp/
unita;Ragioneria Generale;Vice Ragioniere Generale;U.O. Protocollo Vice Ragioniere Generale;Laura Cassara' (Impiegato Amministrativo Contabile);Via Roma, 209;Via Roma, 209, 90133 Palermo PA, Italia;091 7403575;ragioneriagenerale@cert.comune.palermo.it / viceragionieregenerale@comune.palermo.it;ragioneriagenerale@cert.comune.palermo.it;13.3633977;38.1172739;https://www.comune.palermo.it/amministrazione/unita_organizzativa/uo-protocollo-vice-ragioniere-generale-2/
unita;Ragioneria Generale;Vice Ragioniere Generale;U.O. Segreteria Personale – Archivio – Protocollo;Domenico Megna (Istruttore Contabile);Via Roma, 209;Via Roma, 209, 90133 Palermo PA, Italia;0917403570;viceragionieregenerale@comune.palermo.it;;13.3633977;38.1172739;https://www.comune.palermo.it/amministrazione/unita_organizzativa/uo-segreteria-personale-archivio-protocollo/
unita;Ragioneria Generale;Vice Ragioniere Generale;U.O. Ufficio Impegni;Rosalia La Rosa (Funzionario Amministrativo);Via Roma, 209;Via Roma, 209, 90133 Palermo PA, Italia;0917403668 / 0917403681;ufficioimpegni@comune.palermo.it;;13.3633977;38.1172739;https://www.comune.palermo.it/amministrazione/unita_organizzativa/uo-ufficio-impegni/
settore;Ragioneria Generale;Ufficio spese ed entrate;Ufficio spese ed entrate;Grace Fatta (Dirigente Contabile);Via Roma, 209;Via Roma, 209, 90133 Palermo PA, Italia;0917403604;economato@comune.palermo.it / entrate@comune.palermo.it / ragioneriagenerale@cert.comune.palermo.it / serviziospese@comune.palermo.it / tributarioentrate@comune.palermo.it;ragioneriagenerale@cert.comune.palermo.it;13.3633977;38.1172739;https://www.comune.palermo.it/amministrazione/unita_organizzativa/ufficio-spese-ed-entrate/
unita;Ragioneria Generale;Ufficio spese ed entrate;U.O. Contenzioso;Giovanni Ferraro (Funzionario Contabile);Via Roma, 209;Via Roma, 209, 90133 Palermo PA, Italia;0917403615 / 0917403616;g.ferraro@comune.palermo.it / pagamentidfbcontenzioso@comune.palermo.it / ufficiospesecontenzioso@cert.comune.palermo.it;ufficiospesecontenzioso@cert.comune.palermo.it;13.3633977;38.1172739;https://www.comune.palermo.it/amministrazione/unita_organizzativa/uo-contenzioso/
unita;Ragioneria Generale;Ufficio spese ed entrate;U.O. Economato;Andrea Blando;Via Roma, 209;Via Roma, 209, 90133 Palermo PA, Italia;0917403560;a.blando@comune.palermo.it / economato@comune.palermo.it / ragioneriagenerale@cert.comune.palermo.it;ragioneriagenerale@cert.comune.palermo.it;13.3633977;38.1172739;https://www.comune.palermo.it/amministrazione/unita_organizzativa/uo-economato/
unita;Ragioneria Generale;Ufficio spese ed entrate;U.O. Entrate;Gaetano Bonanno (Funzionario Contabile);Via Roma, 209;Via Roma, 209, 90133 Palermo PA, Italia;0197403621 / 0917403569;entrate@comune.palermo.it / ga.bonanno@comune.palermo.it;;13.3633977;38.1172739;https://www.comune.palermo.it/amministrazione/unita_organizzativa/uo-entrate/
unita;Ragioneria Generale;Ufficio spese ed entrate;U.O. Fitti passivi;Francesca Paola Cracolici (Ragioniere Terminalista);Via Roma, 209;Via Roma, 209, 90133 Palermo PA, Italia;0917403677;f.p.cracolici@comune.palermo.it / serviziospese@comune.palermo.it;;13.3633977;38.1172739;https://www.comune.palermo.it/amministrazione/unita_organizzativa/uo-fitti-passivi-2/
unita;Ragioneria Generale;Ufficio spese ed entrate;U.O. Pagamenti servizi socio assistenziali;Lidia Fricano (Funzionario Contabile);Via Roma, 209;Via Roma, 209, 90133 Palermo PA, Italia;0917403630 / 0917403631;l.fricano@comune.palermo.it / serviziospese@comune.palermo.it;;13.3633977;38.1172739;https://www.comune.palermo.it/amministrazione/unita_organizzativa/uo-pagamenti-servizi-socio-assistenziali/
unita;Ragioneria Generale;Ufficio spese ed entrate;U.O. Spese esiti;Marcella Busà;Via Roma, 209;Via Roma, 209, 90133 Palermo PA, Italia;0917403637;m.busa@comune.palermo.it / serviziospese@comune.palermo.it;;13.3633977;38.1172739;https://www.comune.palermo.it/amministrazione/unita_organizzativa/uo-spese-esiti/
unita;Ragioneria Generale;Ufficio spese ed entrate;U.O. Staff Dirigente;Grace Fatta (Dirigente Contabile);Via Roma, 209;Via Roma, 209, 90133 Palermo PA, Italia;0917403588;economato@comune.palermo.it / entrate@comune.palermo.it / serviziospese@comune.palermo.it / tributarioentrate@comune.palermo.it / ufficiospesecontenzioso@cert.comune.palermo.it;ufficiospesecontenzioso@cert.comune.palermo.it;13.3633977;38.1172739;https://www.comune.palermo.it/amministrazione/unita_organizzativa/uo-staff-dirigente-2/
unita;Ragioneria Generale;Ufficio spese ed entrate;U.O. Tributario;Francesca Aiello (Funzionario Contabile);Via Roma, 209;Via Roma, 209, 90133 Palermo PA, Italia;0917403618 / 0917403629;f.aiello@comune.palermo.it / tributarioentrate@comune.palermo.it;;13.3633977;38.1172739;https://www.comune.palermo.it/amministrazione/unita_organizzativa/uo-tributario/
settore;Ragioneria Generale;Ufficio monitoraggio e coordinamento attuazione piano di riequilibrio;Ufficio monitoraggio e coordinamento attuazione piano di riequilibrio;;Via Roma, 209;Via Roma, 209, 90133 Palermo PA, Italia;;ragioneriagenerale@cert.comune.palermo.it / ragioneriagenerale@comune.palermo.it;ragioneriagenerale@cert.comune.palermo.it;13.3633977;38.1172739;https://www.comune.palermo.it/amministrazione/unita_organizzativa/ufficio-monitoraggio-e-coordinamento-attuazione-piano-di-riequilibrio/
area;Segreteria Generale;;Segreteria Generale;Raimondo Liotta (Segretario Generale);Palazzo Galletti di S. Cataldo;Piazza Marina, 46, 90133 Palermo PA;0917406368;segretariogenerale@cert.comune.palermo.it / segretariogenerale@comune.palermo.it;segretariogenerale@cert.comune.palermo.it;13.3668992;38.1170384;https://www.comune.palermo.it/amministrazione/unita_organizzativa/segreteria-generale/
settore;Segreteria Generale;Segretario Generale;Segretario Generale;Raimondo Liotta (Segretario Generale);Palazzo Galletti di S. Cataldo;Piazza Marina, 46, 90133 Palermo PA;0917406368;segretariogenerale@cert.comune.palermo.it / segretariogenerale@comune.palermo.it;segretariogenerale@cert.comune.palermo.it;13.3668992;38.1170384;https://www.comune.palermo.it/amministrazione/unita_organizzativa/segretario-generale/
unita;Segreteria Generale;Segretario Generale;U.O. Controlli di Regolarità Amministrativa in fase Preventiva;Valeria Stuppia (Funzionario Amministrativo);Palazzo Galletti di S. Cataldo;Piazza Marina, 46, 90133 Palermo PA;0917406342;affari.istituzionali@comune.palermo.it;;13.3668992;38.1170384;https://www.comune.palermo.it/amministrazione/unita_organizzativa/uo-controlli-di-regolarit-amministrativa-in-fase-preventiva/
unita;Segreteria Generale;Segretario Generale;U.O. Segreteria/Affari Generali;Giuseppe Agostino Mazzarella (Funzionario Amministrativo);Palazzo Galletti di S. Cataldo;Piazza Marina, 46, 90133 Palermo PA;0917406345;segretariogenerale@comune.palermo.it;;13.3668992;38.1170384;https://www.comune.palermo.it/amministrazione/unita_organizzativa/uo-segreteriaaffari-generali/
unita;Segreteria Generale;Segretario Generale;U.O. Supporto al Responsabile Anticorruzione e Controlli di Regolarità Amministrativa in fase successiva;Maria Concetta Scalia (Funzionario Amministrativo);Palazzo Galletti di S. Cataldo;Piazza Marina, 46, 90133 Palermo PA;0917406357;anticorruzione@comune.palermo.it;;13.3668992;38.1170384;https://www.comune.palermo.it/amministrazione/unita_organizzativa/uo-supporto-al-responsabile-anticorruzione-e-controlli-di-regolarit-amministrativa-in-fase-successiva/
area;Sportello autonomo concessioni edilizie;;Sportello autonomo concessioni edilizie;Roberto Termini (Dirigente Tecnico);Polo Tecnico;Via Ausonia, 69, 90144 Palermo PA, Italia;0917401248 / 0917401316 / 0917401491;ediliziaprivata@cert.comune.palermo.it / sace@comune.palermo.it;ediliziaprivata@cert.comune.palermo.it;13.3350655;38.1489097;https://www.comune.palermo.it/amministrazione/unita_organizzativa/sportello-autonomo-concessioni-edilizie/
settore;Sportello autonomo concessioni edilizie;Ufficio autonomo SACE;Ufficio autonomo SACE;Roberto Termini (Dirigente Tecnico);Polo Tecnico;Via Ausonia, 69, 90144 Palermo PA, Italia;0917401248 / 0917401316 / 0917401491;ediliziaprivata@cert.comune.palermo.it / sace@comune.palermo.it;ediliziaprivata@cert.comune.palermo.it;13.3350655;38.1489097;https://www.comune.palermo.it/amministrazione/unita_organizzativa/ufficio-autonomo-sace/
unita;Sportello autonomo concessioni edilizie;Ufficio autonomo SACE;U.O. Amministrativa – Ufficio autonomo SACE;Angela Ferrara (Funzionario Amministrativo);Polo Tecnico;Via Ausonia, 69, 90144 Palermo PA, Italia;0917401442 / 3312656644;amministrativo.sace@comune.palermo.it / amministrativoriqualificazione@cert.comune.palermo.it;amministrativoriqualificazione@cert.comune.palermo.it;13.3350655;38.1489097;https://www.comune.palermo.it/amministrazione/unita_organizzativa/uo-amministrativa-ufficio-autonomo-sace/
unita;Sportello autonomo concessioni edilizie;Ufficio autonomo SACE;U.O. Tecnica Attività Produttive;Salvatore Grassedonio (Funzionario Tecnico);Polo Tecnico;Via Ausonia, 69, 90144 Palermo PA, Italia;0917401332;ediliziaprivata@cert.comune.palermo.it / saceattivitaproduttive@comune.palermo.it;ediliziaprivata@cert.comune.palermo.it;13.3350655;38.1489097;https://www.comune.palermo.it/amministrazione/unita_organizzativa/uo-tecnica-attivit-produttive/
unita;Sportello autonomo concessioni edilizie;Ufficio autonomo SACE;U.O. Tecnica Edilizia Residenziale – Ufficio autonomo SACE;Roberto Termini (Dirigente Tecnico);Polo Tecnico;Via Ausonia, 69, 90144 Palermo PA, Italia;0917401248 / 0917401316 / 091740136 / 0917401491;ediliziaprivata@cert.comune.palermo.it / sace@comune.palermo.it;ediliziaprivata@cert.comune.palermo.it;13.3350655;38.1489097;https://www.comune.palermo.it/amministrazione/unita_organizzativa/uo-tecnica-edilizia-residenziale-ufficio-autonomo-sace/
unita;Sportello autonomo concessioni edilizie;Ufficio autonomo SACE;U.O. Tecnica Edilizia Residenziale ZTO A e Pianificazione Attuativa;Maria Calo' (Funzionario Tecnico);Polo Tecnico;Via Ausonia, 69, 90144 Palermo PA, Italia;0917401292;ediliziaprivata@cert.comune.palermo.it / sace@comune.palermo.it;ediliziaprivata@cert.comune.palermo.it;13.3350655;38.1489097;https://www.comune.palermo.it/amministrazione/unita_organizzativa/uo-tecnica-edilizia-residenziale-zto-a-e-pianificazione-attuativa/
settore;Uffici non collocati;Sportelli polifunzionali;Sportelli polifunzionali;;;;0917401111 / 0917403830;sportellopolifunzionaleottavacircoscrizione@comune.palermo.it / sportellopolifunzionaleprimacircoscrizione@comune.palermo.it / sportellopolifunzionalequartacircoscrizione@comune.palermo.it / sportellopolifunzionalequintacircoscrizione@comune.palermo.it / sportellopolifunzionalesecondacircoscrizione@comune.palermo.it / sportellopolifunzionalesestacircoscrizione@comune.palermo.it / sportellopolifunzionalesettimacircoscrizione@comune.palermo.it / sportellopolifunzionaleterzacircoscrizione@comune.palermo.it;;;;https://www.comune.palermo.it/amministrazione/unita_organizzativa/sportelli-polifunzionali/
settore;Uffici non collocati;Vice Capo di Gabinetto;Vice Capo di Gabinetto;Sandro Follari (Dirigente Amministrativo);Palazzo Palagonia;Via del Quattro Aprile, 4, 90133 Palermo PA, Italia;0917405608 / 0917405675;gabinettosindaco@cert.comune.palermo.it / vicecapogabinetto@comune.palermo.it;gabinettosindaco@cert.comune.palermo.it;13.370036;38.1167363;https://www.comune.palermo.it/amministrazione/unita_organizzativa/vice-capo-di-gabinetto/
unita;Uffici non collocati;Vice Capo di Gabinetto;U.O. Comunicazione degli eventi relativi alle attività culturali e della promozione della città;Claudia Giocondo (Funzionario Amministrativo);Palazzo Palagonia;Via del Quattro Aprile, 4, 90133 Palermo PA, Italia;;c.giocondo@comune.palermo.it;;13.370036;38.1167363;https://www.comune.palermo.it/amministrazione/unita_organizzativa/uo-comunicazione-degli-eventi-relativi-alle-attivit-culturali-e-della-promozione-della-citt/
unita;Uffici non collocati;Vice Capo di Gabinetto;U.O. Segreteria Amministrativa Sindaco;Monica Marino (Esperto Front Office);Palazzo Palagonia;Via del Quattro Aprile, 4, 90133 Palermo PA, Italia;0917405698;monica.marino@comune.palermo.it;;13.370036;38.1167363;https://www.comune.palermo.it/amministrazione/unita_organizzativa/uo-segreteria-amministrativa-sindaco/
unita;Uffici non collocati;Vice Capo di Gabinetto;U.O. Segreteria di Direzione – Affari Generali – Coordinamento delle attività dell’Ufficio di Vice Capo di Gabinetto – Gestione del Personale;Maria Concetta Filiano (Funzionario Amministrativo);Palazzo Palagonia;Via del Quattro Aprile, 4, 90133 Palermo PA, Italia;0917405647;m.c.filiano@comune.palermo.it;;13.370036;38.1167363;https://www.comune.palermo.it/amministrazione/unita_organizzativa/uo-segreteria-di-direzione-affari-generali-coordinamento-delle-attivit-dellufficio-di-vice-capo-di-gabinetto-gestione-del-personale/
unita;Uffici non collocati;Vice Capo di Gabinetto;U.O. Segreteria Vice Capo di Gabinetto;Cinzia Lo Presti (Funzionario Amministrativo);Palazzo Palagonia;Via del Quattro Aprile, 4, 90133 Palermo PA, Italia;0917405608;c.lopresti@comune.palermo.it;;13.370036;38.1167363;https://www.comune.palermo.it/amministrazione/unita_organizzativa/uo-segreteria-vice-capo-di-gabinetto/
unita;Uffici non collocati;Vice Capo di Gabinetto;U.O. Statistiche Demografiche e Sociali;Giuseppe Ferrara (Statistico);Palazzo Palagonia;Via del Quattro Aprile, 4, 90133 Palermo PA, Italia;0917405627;giuseppe.ferrara@comune.palermo.it;;13.370036;38.1167363;https://www.comune.palermo.it/amministrazione/unita_organizzativa/uo-statistiche-demografiche-e-sociali/
unita;Uffici non collocati;Vice Capo di Gabinetto;U.O. Statistiche Economiche;Girolamo D'Anneo (Statistico);Palazzo Palagonia;Via del Quattro Aprile, 4, 90133 Palermo PA, Italia;0917405645;statistica@cert.comune.palermo.it / statistica@comune.palermo.it;statistica@cert.comune.palermo.it;13.370036;38.1167363;https://www.comune.palermo.it/amministrazione/unita_organizzativa/uo-statistiche-economiche/
unita;Uffici non collocati;Vice Capo di Gabinetto;U.O. Studi e Ricerche Statistiche;Girolamo D'Anneo (Statistico);Palazzo Palagonia;Via del Quattro Aprile, 4, 90133 Palermo PA, Italia;0917405645;statistica@cert.comune.palermo.it / statistica@comune.palermo.it;statistica@cert.comune.palermo.it;13.370036;38.1167363;https://www.comune.palermo.it/amministrazione/unita_organizzativa/studi-e-ricerche-statistiche/
unita;Uffici non collocati;Vice Capo di Gabinetto;U.O. Ufficio Portavoce del Sindaco;Giuseppe Leone (Responsabile Ufficio Di Staff);Palazzo Palagonia;Via del Quattro Aprile, 4, 90133 Palermo PA, Italia;0917405608;giuseppe.leone@comune.palermo.it;;13.370036;38.1167363;https://www.comune.palermo.it/amministrazione/unita_organizzativa/uo-ufficio-portavoce-del-sindaco/
unita;Uffici non collocati;Vice Capo di Gabinetto;U.O. Ufficio Relazioni Nazionali;Valentina Falletta (Responsabile Ufficio Di Staff);Palazzo Palagonia;Via del Quattro Aprile, 4, 90133 Palermo PA, Italia;0917405654;valentina.falletta@comune.palermo.it;;13.370036;38.1167363;https://www.comune.palermo.it/amministrazione/unita_organizzativa/uo-ufficio-relazioni-nazionali/
unita;Uffici non collocati;Vice Capo di Gabinetto;U.O. Ufficio Segreteria Particolare del Sindaco;Antonino Zito (Responsabile Ufficio Di Staff);Palazzo Palagonia;Via del Quattro Aprile, 4, 90133 Palermo PA, Italia;0917405608;antonino.zito@comune.palermo.it;;13.370036;38.1167363;https://www.comune.palermo.it/amministrazione/unita_organizzativa/uo-ufficio-segreteria-particolare-del-sindaco/
settore;Uffici non collocati;Ufficio Anagrafe e Stato Civile;Ufficio Anagrafe e Stato Civile;;;;;anagrafe@comune.palermo.it / elettorato@cert.comune.palermo.it / servizioelettorato@comune.palermo.it;;;;https://www.comune.palermo.it/amministrazione/unita_organizzativa/ufficio-anagrafe-e-stato-civile/
settore;Uffici non collocati;Ufficio Stampa;Ufficio Stampa;Sandro Follari (Dirigente Amministrativo);Palazzo Galletti di S. Cataldo;Piazza Marina, 46, 90133 Palermo PA;0917406336 / 0917406382;ufficiostampa@comune.palermo.it;;13.3668992;38.1170384;https://www.comune.palermo.it/amministrazione/unita_organizzativa/ufficio-stampa/
unita;Uffici non collocati;;U.O. Museo Pitrè;Silvia Matranga (Funzionario Amministrativo);"Museo Etnografico ""G. Pitre'""";Viale Duca degli Abruzzi, 1, 90146 Palermo PA, Italia;091 740 9008 - 091 7409006;museopitre@comune.palermo.it;;13.3310171;38.1668755;https://www.comune.palermo.it/amministrazione/unita_organizzativa/uo-museo-pitr/
unita;Uffici non collocati;;U.O. Staff Segreteria, Gestione Amministrativa, Culturale, Progetti Speciali e Sicurezza;Claudia Fucarino (Funzionario Culturale);Archivio Storico Comunale;Archivio Storico Comunale, 157, Via Maqueda, Kalsa, I Circoscrizione, Palermo, Sicilia, 90140, Italia;091 7408761 / 091 7408762 / 091 7408766;bibliotechearchiviospazietno@comune.palermo.it;;13.363547455781;38.113795434114;https://www.comune.palermo.it/amministrazione/unita_organizzativa/uo-staff-segreteria-gestione-amministrativa-culturale-progetti-speciali-e-sicurezza/
settore;Uffici non collocati;U.O. Piani attuativi, programmi costruttivi, ERP, rapporti con IACP;U.O. Piani attuativi, programmi costruttivi, ERP, rapporti con IACP;Tiziana Turrisi (Funzionario Tecnico Architetto);Polo Tecnico;Via Ausonia, 69, 90144 Palermo PA, Italia;0917401356 / 0917401556;pianificazioneterritoriale@cert.comune.palermo.it / pianificazioneterritoriale@comune.palermo.it / t.turrisi@comune.palermo.it;pianificazioneterritoriale@cert.comune.palermo.it;13.3350655;38.1489097;https://www.comune.palermo.it/amministrazione/unita_organizzativa/uo-piani-attuativi-programmi-costruttivi-erp-rapporti-con-iacp/
unita;Uffici non collocati;U.O. Piani attuativi, programmi costruttivi, ERP, rapporti con IACP;U.O. Piani attuativi, programmi costruttivi, ERP, rapporti con IACP;Tiziana Turrisi (Funzionario Tecnico Architetto);Polo Tecnico;Via Ausonia, 69, 90144 Palermo PA, Italia;0917401356 / 0917401556;pianificazioneterritoriale@cert.comune.palermo.it / pianificazioneterritoriale@comune.palermo.it / t.turrisi@comune.palermo.it;pianificazioneterritoriale@cert.comune.palermo.it;13.3350655;38.1489097;https://www.comune.palermo.it/amministrazione/unita_organizzativa/uo-piani-attuativi-programmi-costruttivi-erp-rapporti-con-iacp/
settore;Uffici non collocati;U.O. Pianificazione aree con vincoli decaduti. Attuazione piano ristrutturazione rete distribuzione carburanti, Art. 4 L.R. 16/2016;U.O. Pianificazione aree con vincoli decaduti. Attuazione piano ristrutturazione rete distribuzione carburanti, Art. 4 L.R. 16/2016;Rosario Favitta (Funzionario Tecnico);Polo Tecnico;Via Ausonia, 69, 90144 Palermo PA, Italia;0917401347;pianificazioneterritoriale@cert.comune.palermo.it / pianificazioneterritoriale@comune.palermo.it / r.favitta@comune.palermo.it;pianificazioneterritoriale@cert.comune.palermo.it;13.3350655;38.1489097;https://www.comune.palermo.it/amministrazione/unita_organizzativa/uo-pianificazione-aree-con-vincoli-decaduti-attuazione-piano-ristrutturazione-rete-distribuzione-carburanti-art-4-lr-162016/
unita;Uffici non collocati;U.O. Pianificazione aree con vincoli decaduti. Attuazione piano ristrutturazione rete distribuzione carburanti, Art. 4 L.R. 16/2016;U.O. Pianificazione aree con vincoli decaduti. Attuazione piano ristrutturazione rete distribuzione carburanti, Art. 4 L.R. 16/2016;Rosario Favitta (Funzionario Tecnico);Polo Tecnico;Via Ausonia, 69, 90144 Palermo PA, Italia;0917401347;pianificazioneterritoriale@cert.comune.palermo.it / pianificazioneterritoriale@comune.palermo.it / r.favitta@comune.palermo.it;pianificazioneterritoriale@cert.comune.palermo.it;13.3350655;38.1489097;https://www.comune.palermo.it/amministrazione/unita_organizzativa/uo-pianificazione-aree-con-vincoli-decaduti-attuazione-piano-ristrutturazione-rete-distribuzione-carburanti-art-4-lr-162016/
settore;Uffici non collocati;U.O. Protocollo Urbanistica;U.O. Protocollo Urbanistica;Giuseppe Lazzara (Esperto Tecnico Progettista);Polo Tecnico;Via Ausonia, 69, 90144 Palermo PA, Italia;0917401555 / 0917401562;pianificazioneterritoriale@cert.comune.palermo.it / pianificazioneterritoriale@comune.palermo.it / protocollopianificazioneterritorio@comune.palermo.it;pianificazioneterritoriale@cert.comune.palermo.it;13.3350655;38.1489097;https://www.comune.palermo.it/amministrazione/unita_organizzativa/uo-protocollo-urbanistica/
unita;Uffici non collocati;U.O. Protocollo Urbanistica;U.O. Protocollo Urbanistica;Giuseppe Lazzara (Esperto Tecnico Progettista);Polo Tecnico;Via Ausonia, 69, 90144 Palermo PA, Italia;0917401555 / 0917401562;pianificazioneterritoriale@cert.comune.palermo.it / pianificazioneterritoriale@comune.palermo.it / protocollopianificazioneterritorio@comune.palermo.it;pianificazioneterritoriale@cert.comune.palermo.it;13.3350655;38.1489097;https://www.comune.palermo.it/amministrazione/unita_organizzativa/uo-protocollo-urbanistica/
settore;Uffici non collocati;U.O. Segreteria Assessore – Polo Tecnico e ex Noviziato dei Crociferi;U.O. Segreteria Assessore – Polo Tecnico e ex Noviziato dei Crociferi;;Polo Tecnico;Via Ausonia, 69, 90144 Palermo PA, Italia;0917402650 / 0917402669;assessoratomobilita@comune.palermo.it / m.carta@comune.palermo.it / pianificazioneterritoriale@cert.comune.palermo.it;pianificazioneterritoriale@cert.comune.palermo.it;13.3350655;38.1489097;https://www.comune.palermo.it/amministrazione/unita_organizzativa/uo-segreteria-assessore-polo-tecnico-e-ex-noviziato-dei-crociferi/
unita;Uffici non collocati;U.O. Segreteria Assessore – Polo Tecnico e ex Noviziato dei Crociferi;U.O. Segreteria Assessore – Polo Tecnico e ex Noviziato dei Crociferi;;Polo Tecnico;Via Ausonia, 69, 90144 Palermo PA, Italia;0917402650 / 0917402669;assessoratomobilita@comune.palermo.it / m.carta@comune.palermo.it / pianificazioneterritoriale@cert.comune.palermo.it;pianificazioneterritoriale@cert.comune.palermo.it;13.3350655;38.1489097;https://www.comune.palermo.it/amministrazione/unita_organizzativa/uo-segreteria-assessore-polo-tecnico-e-ex-noviziato-dei-crociferi/
settore;Uffici non collocati;U.O. Servizi amministrativi e Segreteria;U.O. Servizi amministrativi e Segreteria;Giuseppe Lazzara (Esperto Tecnico Progettista);Polo Tecnico;Via Ausonia, 69, 90144 Palermo PA, Italia;0917401403 / 0917401484 / 0917401535;g.lazzara@comune.palermo.it / pianificazioneterritoriale@cert.comune.palermo.it / pianificazioneterritoriale@comune.palermo.it;pianificazioneterritoriale@cert.comune.palermo.it;13.3350655;38.1489097;https://www.comune.palermo.it/amministrazione/unita_organizzativa/uo-servizi-amministrativi-e-segreteria/
unita;Uffici non collocati;U.O. Servizi amministrativi e Segreteria;U.O. Servizi amministrativi e Segreteria;Giuseppe Lazzara (Esperto Tecnico Progettista);Polo Tecnico;Via Ausonia, 69, 90144 Palermo PA, Italia;0917401403 / 0917401484 / 0917401535;g.lazzara@comune.palermo.it / pianificazioneterritoriale@cert.comune.palermo.it / pianificazioneterritoriale@comune.palermo.it;pianificazioneterritoriale@cert.comune.palermo.it;13.3350655;38.1489097;https://www.comune.palermo.it/amministrazione/unita_organizzativa/uo-servizi-amministrativi-e-segreteria/
settore;Uffici non collocati;U.O. Staff supporto economico finanziario;U.O. Staff supporto economico finanziario;;Polo Tecnico;Via Ausonia, 69, 90144 Palermo PA, Italia;0917401616;pianificazioneterritoriale@comune.palermo.it;;13.3350655;38.1489097;https://www.comune.palermo.it/amministrazione/unita_organizzativa/uo-staff-supporto-economico-finanziario/
unita;Uffici non collocati;U.O. Staff supporto economico finanziario;U.O. Staff supporto economico finanziario;;Polo Tecnico;Via Ausonia, 69, 90144 Palermo PA, Italia;0917401616;pianificazioneterritoriale@comune.palermo.it;;13.3350655;38.1489097;https://www.comune.palermo.it/amministrazione/unita_organizzativa/uo-staff-supporto-economico-finanziario/
settore;Uffici non collocati;U.O. Staff supporto gestione amministrativa/contabile ed alle procedure negoziali;U.O. Staff supporto gestione amministrativa/contabile ed alle procedure negoziali;Elena Bellante (Funzionario Amministrativo);Polo Tecnico;Via Ausonia, 69, 90144 Palermo PA, Italia;0917402670;e.bellante@comune.palermo.it;;13.3350655;38.1489097;https://www.comune.palermo.it/amministrazione/unita_organizzativa/uo-staff-supporto-gestione-amministrativacontabile-ed-alle-procedure-negoziali/
unita;Uffici non collocati;U.O. Staff supporto gestione amministrativa/contabile ed alle procedure negoziali;U.O. Staff supporto gestione amministrativa/contabile ed alle procedure negoziali;Elena Bellante (Funzionario Amministrativo);Polo Tecnico;Via Ausonia, 69, 90144 Palermo PA, Italia;0917402670;e.bellante@comune.palermo.it;;13.3350655;38.1489097;https://www.comune.palermo.it/amministrazione/unita_organizzativa/uo-staff-supporto-gestione-amministrativacontabile-ed-alle-procedure-negoziali/
settore;Uffici non collocati;U.O. Staff Tecnico del Capo Area;U.O. Staff Tecnico del Capo Area;Fabio Granata (Funzionario Tecnico Progettista);Polo Tecnico;Via Ausonia, 69, 90144 Palermo PA, Italia;0917401286;f.granata@comune.palermo.it / pianificazioneterritoriale@cert.comune.palermo.it;pianificazioneterritoriale@cert.comune.palermo.it;13.3350655;38.1489097;https://www.comune.palermo.it/amministrazione/unita_organizzativa/uo-staff-tecnico-del-capo-area/
unita;Uffici non collocati;U.O. Staff Tecnico del Capo Area;U.O. Staff Tecnico del Capo Area;Fabio Granata (Funzionario Tecnico Progettista);Polo Tecnico;Via Ausonia, 69, 90144 Palermo PA, Italia;0917401286;f.granata@comune.palermo.it / pianificazioneterritoriale@cert.comune.palermo.it;pianificazioneterritoriale@cert.comune.palermo.it;13.3350655;38.1489097;https://www.comune.palermo.it/amministrazione/unita_organizzativa/uo-staff-tecnico-del-capo-area/
settore;Uffici non collocati;U.O. Strumenti di attuazione del piano – Art. 7 L.65/81, Gestione del PRUSST e dei programmi integrati di iniziativa privata, Catasto incendi, Piani Particolareggiati in zone D;U.O. Strumenti di attuazione del piano – Art. 7 L.65/81, Gestione del PRUSST e dei programmi integrati di iniziativa privata, Catasto incendi, Piani Particolareggiati in zone D;Luigi Di Lorenzo (Funzionario Tecnico);Polo Tecnico;Via Ausonia, 69, 90144 Palermo PA, Italia;0917401405;l.dilorenzo@comune.palermo.it / pianificazioneterritoriale@cert.comune.palermo.it / pianificazioneterritoriale@comune.palermo.it;pianificazioneterritoriale@cert.comune.palermo.it;13.3350655;38.1489097;https://www.comune.palermo.it/amministrazione/unita_organizzativa/uo-strumenti-di-attuazione-del-piano-art-7-l6581-gestione-del-prusst-e-dei-programmi-integrati-di-iniziativa-privata-catasto-incendi-piani-particolareggiati-in-zone-d/
unita;Uffici non collocati;U.O. Strumenti di attuazione del piano – Art. 7 L.65/81, Gestione del PRUSST e dei programmi integrati di iniziativa privata, Catasto incendi, Piani Particolareggiati in zone D;U.O. Strumenti di attuazione del piano – Art. 7 L.65/81, Gestione del PRUSST e dei programmi integrati di iniziativa privata, Catasto incendi, Piani Particolareggiati in zone D;Luigi Di Lorenzo (Funzionario Tecnico);Polo Tecnico;Via Ausonia, 69, 90144 Palermo PA, Italia;0917401405;l.dilorenzo@comune.palermo.it / pianificazioneterritoriale@cert.comune.palermo.it / pianificazioneterritoriale@comune.palermo.it;pianificazioneterritoriale@cert.comune.palermo.it;13.3350655;38.1489097;https://www.comune.palermo.it/amministrazione/unita_organizzativa/uo-strumenti-di-attuazione-del-piano-art-7-l6581-gestione-del-prusst-e-dei-programmi-integrati-di-iniziativa-privata-catasto-incendi-piani-particolareggiati-in-zone-d/
settore;Uffici non collocati;U.O. Ufficio del Piano Regolatore Generale e Conformità Urbanistica;U.O. Ufficio del Piano Regolatore Generale e Conformità Urbanistica;Fabio Granata (Funzionario Tecnico Progettista);Polo Tecnico;Via Ausonia, 69, 90144 Palermo PA, Italia;0917401286;f.granata@comune.palermo.it / pianificazioneterritoriale@cert.comune.palermo.it / pianificazioneterritoriale@comune.palermo.it;pianificazioneterritoriale@cert.comune.palermo.it;13.3350655;38.1489097;https://www.comune.palermo.it/amministrazione/unita_organizzativa/uo-ufficio-del-piano-regolatore-generale-e-conformit-urbanistica/
unita;Uffici non collocati;U.O. Ufficio del Piano Regolatore Generale e Conformità Urbanistica;U.O. Ufficio del Piano Regolatore Generale e Conformità Urbanistica;Fabio Granata (Funzionario Tecnico Progettista);Polo Tecnico;Via Ausonia, 69, 90144 Palermo PA, Italia;0917401286;f.granata@comune.palermo.it / pianificazioneterritoriale@cert.comune.palermo.it / pianificazioneterritoriale@comune.palermo.it;pianificazioneterritoriale@cert.comune.palermo.it;13.3350655;38.1489097;https://www.comune.palermo.it/amministrazione/unita_organizzativa/uo-ufficio-del-piano-regolatore-generale-e-conformit-urbanistica/
area;Ufficio di Gabinetto del Sindaco;;Ufficio di Gabinetto del Sindaco;Sergio Pollicita (Dirigente Capo di Gabinetto);Palazzo Galletti di S. Cataldo;Piazza Marina, 46, 90133 Palermo PA;0917406315 / 0917406316;capogabinettosindaco@comune.palermo.it / gabinettosindaco@cert.comune.palermo.it;gabinettosindaco@cert.comune.palermo.it;13.3668992;38.1170384;https://www.comune.palermo.it/amministrazione/unita_organizzativa/ufficio-di-gabinetto-del-sindaco/
settore;Ufficio di Gabinetto del Sindaco;Capo di Gabinetto;Capo di Gabinetto;Sergio Pollicita (Dirigente Capo di Gabinetto);Palazzo Galletti di S. Cataldo;Piazza Marina, 46, 90133 Palermo PA;0917406315 / 0917406316;capogabinettosindaco@comune.palermo.it / gabinettosindaco@cert.comune.palermo.it;gabinettosindaco@cert.comune.palermo.it;13.3668992;38.1170384;https://www.comune.palermo.it/amministrazione/unita_organizzativa/capo-di-gabinetto/
unita;Ufficio di Gabinetto del Sindaco;Capo di Gabinetto;U.O. Affari Generali, Archivio, Protocollo;Daniela Martino (Istruttore Amministrativo);Palazzo Galletti di S. Cataldo;Piazza Marina, 46, 90133 Palermo PA;0917406312;d.martino@comune.palermo.it / gabinettosindaco@cert.comune.palermo.it;gabinettosindaco@cert.comune.palermo.it;13.3668992;38.1170384;https://www.comune.palermo.it/amministrazione/unita_organizzativa/uo-affari-generali-archivio-protocollo/
unita;Ufficio di Gabinetto del Sindaco;Capo di Gabinetto;U.O. Coordinamento Amministrativo/Finanziario e Gestione Contabile del Gabinetto del Sindaco;Angela Carbone (Funzionario Amministrativo);Palazzo Galletti di S. Cataldo;Piazza Marina, 46, 90133 Palermo PA;0917406310;a.carbone@comune.palermo.it / gabinettosindaco@cert.comune.palermo.it;gabinettosindaco@cert.comune.palermo.it;13.3668992;38.1170384;https://www.comune.palermo.it/amministrazione/unita_organizzativa/uo-coordinamento-amministrativofinanziario-e-gestione-contabile-del-gabinetto-del-sindaco/
unita;Ufficio di Gabinetto del Sindaco;Capo di Gabinetto;U.O. Direzione – Segreteria – Capo di Gabinetto;Salvatore Lorusso (Funzionario Amministrativo);Palazzo Galletti di S. Cataldo;Piazza Marina, 46, 90133 Palermo PA;0917406306;capogabinettosindaco@comune.palermo.it / gabinettosindaco@cert.comune.palermo.it;gabinettosindaco@cert.comune.palermo.it;13.3668992;38.1170384;https://www.comune.palermo.it/amministrazione/unita_organizzativa/uo-direzione-segreteria-capo-di-gabinetto-2/
unita;Ufficio di Gabinetto del Sindaco;Capo di Gabinetto;U.O. Gestione del Personale – Capo di Gabinetto;Angela Carbone (Funzionario Amministrativo);Palazzo Galletti di S. Cataldo;Piazza Marina, 46, 90133 Palermo PA;0917406340;a.carbone@comune.palermo.it / gabinettosindaco@cert.comune.palermo.it;gabinettosindaco@cert.comune.palermo.it;13.3668992;38.1170384;https://www.comune.palermo.it/amministrazione/unita_organizzativa/uo-gestione-del-personale-capo-di-gabinetto-2/
unita;Ufficio di Gabinetto del Sindaco;Capo di Gabinetto;U.O. Nomine – Incarichi – Trasparenza – Capo di Gabinetto;Salvatore Piazzese (Funzionario Amministrativo);Palazzo Galletti di S. Cataldo;Piazza Marina, 46, 90133 Palermo PA;0917406308;capodigabinetto@comune.palermo.it / gabinettosindaco@cert.comune.palermo.it;gabinettosindaco@cert.comune.palermo.it;13.3668992;38.1170384;https://www.comune.palermo.it/amministrazione/unita_organizzativa/uo-nomine-incarichi-trasparenza-capo-di-gabinetto/
unita;Ufficio di Gabinetto del Sindaco;Capo di Gabinetto;U.O. Staff Tecnico del Capo di Gabinetto;Fausto Moriniello (Funzionario Tecnico Architetto);Palazzo Galletti di S. Cataldo;Piazza Marina, 46, 90133 Palermo PA;0917406309;f.moriniello@comune.palermo.it / gabinettosindaco@cert.comune.palermo.it;gabinettosindaco@cert.comune.palermo.it;13.3668992;38.1170384;https://www.comune.palermo.it/amministrazione/unita_organizzativa/uo-staff-tecnico-del-capo-di-gabinetto/
unita;Ufficio di Gabinetto del Sindaco;Capo di Gabinetto;U.O. Supporto Operativo Gabinetto del Sindaco;Salvatore D'Arpa (Funzionario Polizia Municipale);Palazzo Galletti di S. Cataldo;Piazza Marina, 46, 90133 Palermo PA;0917406327;gabinettosindaco@cert.comune.palermo.it / s.darpa@comune.palermo.it;gabinettosindaco@cert.comune.palermo.it;13.3668992;38.1170384;https://www.comune.palermo.it/amministrazione/unita_organizzativa/uo-supporto-operativo-gabinetto-del-sindaco/
unita;Ufficio di Gabinetto del Sindaco;Capo di Gabinetto;U.O. Ufficio del Commissario di governo per la gestione dell’emergenza cimiteriale;Diletta De Angelis Ricciotti (Funzionario Tecnico);Palazzo Galletti di S. Cataldo;Piazza Marina, 46, 90133 Palermo PA;097406321;d.deangelisricciotti@comune.palermo.it / gabinettosindaco@cert.comune.palermo.it;gabinettosindaco@cert.comune.palermo.it;13.3668992;38.1170384;https://www.comune.palermo.it/amministrazione/unita_organizzativa/uo-ufficio-del-commissario-di-governo-per-la-gestione-dellemergenza-cimiteriale/
settore;Ufficio di Gabinetto del Sindaco;Ufficio del Cerimoniale e Relazioni Internazionali;Ufficio del Cerimoniale e Relazioni Internazionali;Nicola Fabio Corsini (Dirigente Ufficio del Cerimoniale e Relazioni Internazionali);Villa Niscemi;Via dei Quartieri 2, San Lorenzo, VI Circoscrizione, Palermo, Sicilia, 90146, Italia;+39 091 7404820 / +39 091 7404822 / +39 091 7404845 / +39 091 7404871;cerimoniale_international@cert.comune.palermo.it / cerimonialesindaco@comune.palermo.it;cerimoniale_international@cert.comune.palermo.it;13.331229515386;38.164246457508;https://www.comune.palermo.it/amministrazione/unita_organizzativa/ufficio-del-cerimoniale-e-relazioni-internazionali/
unita;Ufficio di Gabinetto del Sindaco;Ufficio del Cerimoniale e Relazioni Internazionali;U.O. Archivio, Magazzino, Coordinamento Servizi Ausiliari per Attività di Rappresentanza;Nicolo' Corrao (Istruttore Contabile);Villa Niscemi;Via dei Quartieri 2, San Lorenzo, VI Circoscrizione, Palermo, Sicilia, 90146, Italia;0917404823;cerimoniale_international@cert.comune.palermo.it / cerimonialesindaco@comune.palermo.it;cerimoniale_international@cert.comune.palermo.it;13.331229515386;38.164246457508;https://www.comune.palermo.it/amministrazione/unita_organizzativa/uo-archivio-magazzino-coordinamento-servizi-ausiliari-per-attivit-di-rappresentanza/
unita;Ufficio di Gabinetto del Sindaco;Ufficio del Cerimoniale e Relazioni Internazionali;U.O. Cerimoniale, Relazioni Internazionali, Film Commission;Carmela Saia (Istruttore Amministrativo);;;0917404820 / 0917404845 / 0917404871 / 0917404900;cerimoniale_international@cert.comune.palermo.it / cerimonialesindaco@comune.palermo.it / palermofilmcommission@comune.palermo.it;cerimoniale_international@cert.comune.palermo.it;;;https://www.comune.palermo.it/amministrazione/unita_organizzativa/uo-cerimoniale-relazioni-internazionali-film-commission/
unita;Ufficio di Gabinetto del Sindaco;Ufficio del Cerimoniale e Relazioni Internazionali;U.O. Organizzazione amministrativo/finanziaria e gestione contabile;Lorenzo Garofalo (Funzionario Polizia Municipale);Palazzo delle Aquile (o Pretorio);Piazza Pretoria, 1, 90133 Palermo PA;0917404925;cerimoniale_international@cert.comune.palermo.it / cerimonialesindaco@comune.palermo.it;cerimoniale_international@cert.comune.palermo.it;13.3597188;38.1151341;https://www.comune.palermo.it/amministrazione/unita_organizzativa/uo-organizzazione-amministrativofinanziaria-e-gestione-contabile/
unita;Ufficio di Gabinetto del Sindaco;Ufficio del Cerimoniale e Relazioni Internazionali;U.O. Segreteria di Direzione, Servizi Generali, Gestione del Personale, Protocollo, Concessione Spazi Villa Niscemi, Galleria d’Arte Nicola Scafidi e Patrocini;Donatella Greco (Istruttore Amministrativo);Villa Niscemi;Via dei Quartieri 2, San Lorenzo, VI Circoscrizione, Palermo, Sicilia, 90146, Italia;0917404822 / 0917404925;cerimoniale_international@cert.comune.palermo.it / cerimonialesindaco@comune.palermo.it;cerimoniale_international@cert.comune.palermo.it;13.331229515386;38.164246457508;https://www.comune.palermo.it/amministrazione/unita_organizzativa/uo-segreteria-di-direzione-servizi-generali-gestione-del-personale-protocollo-concessione-spazi-villa-niscemi-galleria-darte-nicola-scafidi-e-patrocini/
settore;Ufficio di Gabinetto del Sindaco;Ufficio Capo di Gabinetto;Ufficio Capo di Gabinetto;Sergio Pollicita (Dirigente Capo di Gabinetto);Palazzo Galletti di S. Cataldo;Piazza Marina, 46, 90133 Palermo PA;0917406315 / 0917406316;capogabinettosindaco@comune.palermo.it / gabinettosindaco@cert.comune.palermo.it;gabinettosindaco@cert.comune.palermo.it;13.3668992;38.1170384;https://www.comune.palermo.it/amministrazione/unita_organizzativa/ufficio-capo-di-gabinetto/
