{"type": "FeatureCollection", "features": [{"type": "Feature", "geometry": {"type": "Point", "coordinates": [13.3633977, 38.1172739]}, "properties": {"id": "area-affari-generali-e-istituzionali-2", "livello": "area", "nome": "Area Affari Generali e Istituzionali", "area": "Area Affari Generali e Istituzionali", "settore": "", "responsabile": "Maria Mandala' (Dirigente Amministrativo)", "sede": "Via Roma, 209", "indirizzo": "Via Roma, 209, 90133 Palermo PA, Italia", "telefoni": ["091 7403600"], "email": ["affarigeneralieistituzionali@comune.palermo.it"], "pec": [], "url": "https://www.comune.palermo.it/amministrazione/unita_organizzativa/area-affari-generali-e-istituzionali-2/", "colore": "#e6194b"}}, {"type": "Feature", "geometry": {"type": "Point", "coordinates": [13.3633977, 38.1172739]}, "properties": {"id": "capo-area-affari-generali-e-istituzionali", "livello": "settore", "nome": "Capo Area Affari Generali e Istituzionali", "area": "Area Affari Generali e Istituzionali", "settore": "Capo Area Affari Generali e Istituzionali", "responsabile": "Maria Mandala' (Dirigente Amministrativo)", "sede": "Via Roma, 209", "indirizzo": "Via Roma, 209, 90133 Palermo PA, Italia", "telefoni": [], "email": ["affarigeneralieistituzionali@comune.palermo.it"], "pec": [], "url": "https://www.comune.palermo.it/amministrazione/unita_organizzativa/capo-area-affari-generali-e-istituzionali/", "colore": "#e6194b"}}, {"type": "Feature", "geometry": {"type": "Point", "coordinates": [13.3633977, 38.1172739]}, "properties": {"id": "ufficio-contratti-e-approvvigionamenti", "livello": "settore", "nome": "Ufficio contratti e approvvigionamenti", "area": "Area Affari Generali e Istituzionali", "settore": "Ufficio contratti e approvvigionamenti", "responsabile": "Maria Mandala' (Dirigente Amministrativo)", "sede": "Via Roma, 209", "indirizzo": "Via Roma, 209, 90133 Palermo PA, Italia", "telefoni": [], "email": ["affarigeneralieistituzionali@comune.palermo.it"], "pec": [], "url": "https://www.comune.palermo.it/amministrazione/unita_organizzativa/ufficio-contratti-e-approvvigionamenti/", "colore": "#e6194b"}}, {"type": "Feature", "geometry": {"type": "Point", "coordinates": [13.370036, 38.1167363]}, "properties": {"id": "area-programmazione-fondi-extracomunali", "livello": "area", "nome": "Area Programmazione Fondi Extracomunali", "area": "Area Programmazione Fondi Extracomunali", "settore": "", "responsabile": "Giuseppe Sacco (Dirigente Amministrativo)", "sede": "Palazzo Palagonia", "indirizzo": "Via del Quattro Aprile, 4, 90133 Palermo PA, Italia", "telefoni": ["0917405692"], "email": ["fondiextracomunali@cert.comune.palermo.it", "fondiextracomunali@comune.palermo.it"], "pec": ["fondiextracomunali@cert.comune.palermo.it"], "url": "https://www.comune.palermo.it/amministrazione/unita_organizzativa/area-programmazione-fondi-extracomunali/", "colore": "#3cb44b"}}, {"type": "Feature", "geometry": {"type": "Point", "coordinates": [13.370036, 38.1167363]}, "properties": {"id": "capo-area-responsabile-pianificazione-e-coordinamento-fondi-extracomunali", "livello": "settore", "nome": "Capo Area Responsabile pianificazione e coordinamento fondi extracomunali", "area": "Area Programmazione Fondi Extracomunali", "settore": "Capo Area Responsabile pianificazione e coordinamento fondi extracomunali", "responsabile": "Giuseppe Sacco (Dirigente Amministrativo)", "sede": "Palazzo Palagonia", "indirizzo": "Via del Quattro Aprile, 4, 90133 Palermo PA, Italia", "telefoni": ["0917405692"], "email": ["fondiextracomunali@cert.comune.palermo.it", "fondiextracomunali@comune.palermo.it"], "pec": ["fondiextracomunali@cert.comune.palermo.it"], "url": "https://www.comune.palermo.it/amministrazione/unita_organizzativa/capo-area-responsabile-pianificazione-e-coordinamento-fondi-extracomunali/", "colore": "#3cb44b"}}, {"type": "Feature", "geometry": {"type": "Point", "coordinates": [13.370036, 38.1167363]}, "properties": {"id": "uo-attivit-finalizzata-alla-gestione-della-strategia-territoriale-dellarea-urbana-funzionale-fua-di-palermo-e-monitoraggio-interventi-programmi-operativi-nazionali", "livello": "unita", "nome": "U.O. Attività finalizzata alla gestione della strategia territoriale dell’area urbana funzionale (FUA) di Palermo e monitoraggio interventi programmi operativi nazionali", "area": "Area Programmazione Fondi Extracomunali", "settore": "Capo Area Responsabile pianificazione e coordinamento fondi extracomunali", "responsabile": "Monica Sichera (Funzionario Amministrativo)", "sede": "Palazzo Palagonia", "indirizzo": "Via del Quattro Aprile, 4, 90133 Palermo PA, Italia", "telefoni": ["0917405696"], "email": ["fondiextracomunali@cert.comune.palermo.it", "fondiextracomunali@comune.palermo.it"], "pec": ["fondiextracomunali@cert.comune.palermo.it"], "url": "https://www.comune.palermo.it/amministrazione/unita_organizzativa/uo-attivit-finalizzata-alla-gestione-della-strategia-territoriale-dellarea-urbana-funzionale-fua-di-palermo-e-monitoraggio-interventi-programmi-operativi-nazionali/", "colore": "#3cb44b"}}, {"type": "Feature", "geometry": {"type": "Point", "coordinates": [13.370036, 38.1167363]}, "properties": {"id": "uo-direzione-e-coordinamento-altri-fondi-extracomunali", "livello": "unita", "nome": "U.O. Direzione e coordinamento altri fondi extracomunali", "area": "Area Programmazione Fondi Extracomunali", "settore": "Capo Area Responsabile pianificazione e coordinamento fondi extracomunali", "responsabile": "Teresa Mineo (Funzionario Amministrativo)", "sede": "Palazzo Palagonia", "indirizzo": "Via del Quattro Aprile, 4, 90133 Palermo PA, Italia", "telefoni": ["0917408507"], "email": ["fondiextracomunali@cert.comune.palermo.it", "fondiextracomunali@comune.palermo.it"], "pec": ["fondiextracomunali@cert.comune.palermo.it"], "url": "https://www.comune.palermo.it/amministrazione/unita_organizzativa/uo-direzione-e-coordinamento-altri-fondi-extracomunali/", "colore": "#3cb44b"}}, {"type": "Feature", "geometry": {"type": "Point", "coordinates": [13.370036, 38.1167363]}, "properties": {"id": "uo-gestione-economico-finanziaria", "livello": "unita", "nome": "U.O. Gestione economico finanziaria", "area": "Area Programmazione Fondi Extracomunali", "settore": "Capo Area Responsabile pianificazione e coordinamento fondi extracomunali", "responsabile": "Caterina Tardibuono (Funzionario Contabile)", "sede": "Palazzo Palagonia", "indirizzo": "Via del Quattro Aprile, 4, 90133 Palermo PA, Italia", "telefoni": ["0917405688"], "email": ["fondiextracomunali@cert.comune.palermo.it", "fondiextracomunali@comune.palermo.it"], "pec": ["fondiextracomunali@cert.comune.palermo.it"], "url": "https://www.comune.palermo.it/amministrazione/unita_organizzativa/uo-gestione-economico-finanziaria/", "colore": "#3cb44b"}}, {"type": "Feature", "geometry": {"type": "Point", "coordinates": [13.370036, 38.1167363]}, "properties": {"id": "ufficio-autonomo-programmazione-monitoraggio-supporto-al-controllo-e-rendicontazione-pnrr-e-pn-metro-plus", "livello": "settore", "nome": "Ufficio autonomo programmazione monitoraggio, supporto al controllo e rendicontazione PNRR e PN Metro Plus", "area": "Area Programmazione Fondi Extracomunali", "settore": "Ufficio autonomo programmazione monitoraggio, supporto al controllo e rendicontazione PNRR e PN Metro Plus", "responsabile": "Claudio Cimo' (Dirigente Amministrativo)", "sede": "Palazzo Palagonia", "indirizzo": "Via del Quattro Aprile, 4, 90133 Palermo PA, Italia", "telefoni": ["0917408520"], "email": ["monitoraggiopnrr@cert.comune.palermo.it", "monitoraggiopnrr@comune.palermo.it"], "pec": ["monitoraggiopnrr@cert.comune.palermo.it"], "url": "https://www.comune.palermo.it/amministrazione/unita_organizzativa/ufficio-autonomo-programmazione-monitoraggio-supporto-al-controllo-e-rendicontazione-pnrr-e-pn-metro-plus/", "colore": "#3cb44b"}}, {"type": "Feature", "geometry": {"type": "Point", "coordinates": [13.370036, 38.1167363]}, "properties": {"id": "uo-programmazione-monitoraggio-supporto-al-controllo-e-rendicontazione-pn-metro-plus-e-pon-metro-complementare", "livello": "unita", "nome": "U.O. Programmazione, Monitoraggio, Supporto al controllo e rendicontazione PN Metro Plus e PON Metro complementare", "area": "Area Programmazione Fondi Extracomunali", "settore": "Ufficio autonomo programmazione monitoraggio, supporto al controllo e rendicontazione PNRR e PN Metro Plus", "responsabile": "Caterina Tardibuono (Funzionario Contabile)", "sede": "Palazzo Palagonia", "indirizzo": "Via del Quattro Aprile, 4, 90133 Palermo PA, Italia", "telefoni": [], "email": [], "pec": [], "url": "https://www.comune.palermo.it/amministrazione/unita_organizzativa/uo-programmazione-monitoraggio-supporto-al-controllo-e-rendicontazione-pn-metro-plus-e-pon-metro-complementare/", "colore": "#3cb44b"}}, {"type": "Feature", "geometry": {"type": "Point", "coordinates": [13.370036, 38.1167363]}, "properties": {"id": "uo-programmazione-monitoraggio-supporto-al-controllo-e-rendicontazione-pnrr", "livello": "unita", "nome": "U.O. Programmazione, Monitoraggio, Supporto al controllo e rendicontazione PNRR", "area": "Area Programmazione Fondi Extracomunali", "settore": "Ufficio autonomo programmazione monitoraggio, supporto al controllo e rendicontazione PNRR e PN Metro Plus", "responsabile": "Rosalba Lodato (Funzionario Amministrativo)", "sede": "Palazzo Palagonia", "indirizzo": "Via del Quattro Aprile, 4, 90133 Palermo PA, Italia", "telefoni": ["0917405633"], "email": ["monitoraggiopnrr@cert.comune.palermo.it", "monitoraggiopnrr@comune.palermo.it"], "pec": ["monitoraggiopnrr@cert.comune.palermo.it"], "url": "https://www.comune.palermo.it/amministrazione/unita_organizzativa/uo-programmazione-monitoraggio-supporto-al-controllo-e-rendicontazione-pnrr/", "colore": "#3cb44b"}}, {"type": "Feature", "geometry": {"type": "Point", "coordinates": [13.3670445, 38.113069]}, "properties": {"id": "area-risorse-umane", "livello": "area", "nome": "Area Risorse Umane", "area": "Area Risorse Umane", "settore": "", "responsabile": "Antonella Ferrara (Dirigente Amministrativo)", "sede": "Via Giuseppe Garibaldi, 44", "indirizzo": "Via Giuseppe Garibaldi, 44, 90133 Palermo PA, Italia", "telefoni": ["0917402888"], "email": ["risorseumane@comune.palermo.it"], "pec": [], "url": "https://www.comune.palermo.it/amministrazione/unita_organizzativa/area-risorse-umane/", "colore": "#4363d8"}}, {"type": "Feature", "geometry": {"type": "Point", "coordinates": [13.3670445, 38.113069]}, "properties": {"id": "capo-area-responsabile-risorse-umane-e-reclutamento-3", "livello": "settore", "nome": "Capo Area Responsabile risorse umane e reclutamento", "area": "Area Risorse Umane", "settore": "Capo Area Responsabile risorse umane e reclutamento", "responsabile": "Antonella Ferrara (Dirigente Amministrativo)", "sede": "Via Giuseppe Garibaldi, 44", "indirizzo": "Via Giuseppe Garibaldi, 44, 90133 Palermo PA, Italia", "telefoni": ["0917402888"], "email": ["risorseumane@comune.palermo.it"], "pec": [], "url": "https://www.comune.palermo.it/amministrazione/unita_organizzativa/capo-area-responsabile-risorse-umane-e-reclutamento-3/", "colore": "#4363d8"}}, {"type": "Feature", "geometry": {"type": "Point", "coordinates": [13.3670445, 38.113069]}, "properties": {"id": "uo-attivit-ispettiva", "livello": "unita", "nome": "U.O. Attività Ispettiva", "area": "Area Risorse Umane", "settore": "Capo Area Responsabile risorse umane e reclutamento", "responsabile": "Sergio Schimicci (Istruttore Amministrativo)", "sede": "Via Giuseppe Garibaldi, 44", "indirizzo": "Via Giuseppe Garibaldi, 44, 90133 Palermo PA, Italia", "telefoni": ["0917402871-31"], "email": ["risorseumane@comune.palermo.it", "settorerisorseumane@cert.comune.palermo.it"], "pec": ["settorerisorseumane@cert.comune.palermo.it"], "url": "https://www.comune.palermo.it/amministrazione/unita_organizzativa/uo-attivit-ispettiva/", "colore": "#4363d8"}}, {"type": "Feature", "geometry": {"type": "Point", "coordinates": [13.3670445, 38.113069]}, "properties": {"id": "uo-contenzioso-del-lavoro-autorizzazioni-incarichi-extra-istituzionali-e-tirocini-formativi", "livello": "unita", "nome": "U.O. Contenzioso del lavoro, autorizzazioni incarichi extra-istituzionali e tirocini formativi", "area": "Area Risorse Umane", "settore": "Capo Area Responsabile risorse umane e reclutamento", "responsabile": "Maria Teresa Palazzo (Funzionario Amministrativo)", "sede": "Via Giuseppe Garibaldi, 44", "indirizzo": "Via Giuseppe Garibaldi, 44, 90133 Palermo PA, Italia", "telefoni": ["0917402861"], "email": ["risorseumane@comune.palermo.it", "settorerisorseumane@cert.comune.palermo.it"], "pec": ["settorerisorseumane@cert.comune.palermo.it"], "url": "https://www.comune.palermo.it/amministrazione/unita_organizzativa/uo-contenzioso-del-lavoro-autorizzazioni-incarichi-extra-istituzionali-e-tirocini-formativi/", "colore": "#4363d8"}}, {"type": "Feature", "geometry": {"type": "Point", "coordinates": [13.3670445, 38.113069]}, "properties": {"id": "uo-direzione-e-protocollo-risorse-umane", "livello": "unita", "nome": "U.O. Direzione e protocollo Risorse Umane", "area": "Area Risorse Umane", "settore": "Capo Area Responsabile risorse umane e reclutamento", "responsabile": "Maria Teresa Palazzo (Funzionario Amministrativo)", "sede": "Via Giuseppe Garibaldi, 44", "indirizzo": "Via Giuseppe Garibaldi, 44, 90133 Palermo PA, Italia", "telefoni": ["091/7402861"], "email": ["risorseumane@comune.palermo.it", "settorerisorseumane@cert.comune.palermo.it"], "pec": ["settorerisorseumane@cert.comune.palermo.it"], "url": "https://www.comune.palermo.it/amministrazione/unita_organizzativa/uo-direzione-e-protocollo-risorse-umane/", "colore": "#4363d8"}}, {"type": "Feature", "geometry": {"type": "Point", "coordinates": [13.3670445, 38.113069]}, "properties": {"id": "uo-gestione-bacino-residuale-lsu", "livello": "unita", "nome": "U.O. Gestione bacino residuale L.S.U.", "area": "Area Risorse Umane", "settore": "Capo Area Responsabile risorse umane e reclutamento", "responsabile": "Maria Teresa Palazzo (Funzionario Amministrativo)", "sede": "Via Giuseppe Garibaldi, 44", "indirizzo": "Via Giuseppe Garibaldi, 44, 90133 Palermo PA, Italia", "telefoni": ["0917402885"], "email": ["risorseumane@comune.palermo.it", "settorerisorseumane@cert.comune.palermo.it"], "pec": ["settorerisorseumane@cert.comune.palermo.it"], "url": "https://www.comune.palermo.it/amministrazione/unita_organizzativa/uo-gestione-bacino-residuale-lsu/", "colore": "#4363d8"}}, {"type": "Feature", "geometry": {"type": "Point", "coordinates": [13.3670445, 38.113069]}, "properties": {"id": "uo-gestione-mobilit-interna", "livello": "unita", "nome": "U.O. Gestione Mobilità Interna", "area": "Area Risorse Umane", "settore": "Capo Area Responsabile risorse umane e reclutamento", "responsabile": "Cecilia Pecoraro (Funzionario Amministrativo)", "sede": "Via Giuseppe Garibaldi, 44", "indirizzo": "Via Giuseppe Garibaldi, 44, 90133 Palermo PA, Italia", "telefoni": ["0917402885-80"], "email": ["set.ru.trasferimenti@comune.palermo.it", "settorerisorseumane@cert.comune.palermo.it"], "pec": ["settorerisorseumane@cert.comune.palermo.it"], "url": "https://www.comune.palermo.it/amministrazione/unita_organizzativa/uo-gestione-mobilit-interna/", "colore": "#4363d8"}}, {"type": "Feature", "geometry": {"type": "Point", "coordinates": [13.3670445, 38.113069]}, "properties": {"id": "uo-part-time-mobilita-e-comandi", "livello": "unita", "nome": "U.O. Part-Time, Mobilita’ e Comandi", "area": "Area Risorse Umane", "settore": "Capo Area Responsabile risorse umane e reclutamento", "responsabile": "Stefania Agnello (Istruttore Amministrativo)", "sede": "Via Giuseppe Garibaldi, 44", "indirizzo": "Via Giuseppe Garibaldi, 44, 90133 Palermo PA, Italia", "telefoni": ["0917402813", "0917402832", "0917402833", "0917402856"], "email": ["acquisizionerisorseumane@cert.comune.palermo.it", "acquisizionerisorseumane@comune.palermo.it"], "pec": ["acquisizionerisorseumane@cert.comune.palermo.it"], "url": "https://www.comune.palermo.it/amministrazione/unita_organizzativa/uo-part-time-mobilita-e-comandi/", "colore": "#4363d8"}}, {"type": "Feature", "geometry": {"type": "Point", "coordinates": [13.370036, 38.1167363]}, "properties": {"id": "uo-politiche-conciliative-e-del-benessere-aziendale-pari-opportunit-e-contrasto-alla-discriminazione-buone-pratiche-innovative-a-tutela-della-salute", "livello": "unita", "nome": "U.O. Politiche conciliative e del Benessere Aziendale Pari Opportunità e contrasto alla Discriminazione Buone Pratiche innovative a tutela della Salute", "area": "Area Risorse Umane", "settore": "Capo Area Responsabile risorse umane e reclutamento", "responsabile": "Concetta Di Benedetto (Assistente Sociale)", "sede": "Palazzo Palagonia", "indirizzo": "Via del Quattro Aprile, 4, 90133 Palermo PA, Italia", "telefoni": ["0917405637", "0917408535", "0917408542"], "email": ["benessereaziendale@comune.palermo.it", "c.dibenedetto@comune.palermo.it", "d.formisani@comune.palermo.it", "risorseumane@comune.palermo.it", "settorerisorseumane@cert.comune.palermo.it"], "pec": ["settorerisorseumane@cert.comune.palermo.it"], "url": "https://www.comune.palermo.it/amministrazione/unita_organizzativa/uo-politiche-conciliative-e-del-benessere-aziendale-pari-opportunit-e-contrasto-alla-discriminazione-buone-pratiche-innovative-a-tutela-della-salute/", "colore": "#4363d8"}}, {"type": "Feature", "geometry": {"type": "Point", "coordinates": [13.3670445, 38.113069]}, "properties": {"id": "uo-procedimenti-disciplinari-disciplina-di-utilizzo-lsu-e-rimborso-spese-legali", "livello": "unita", "nome": "U.O. Procedimenti Disciplinari – Disciplina di Utilizzo LSU e Rimborso Spese Legali", "area": "Area Risorse Umane", "settore": "Capo Area Responsabile risorse umane e reclutamento", "responsabile": "Maria Cristina Guercio (Funzionario Amministrativo)", "sede": "Via Giuseppe Garibaldi, 44", "indirizzo": "Via Giuseppe Garibaldi, 44, 90133 Palermo PA, Italia", "telefoni": ["0917402849"], "email": ["disciplina@cert.comune.palermo.it", "disciplinarisorseumane@comune.palermo.it"], "pec": ["disciplina@cert.comune.palermo.it"], "url": "https://www.comune.palermo.it/amministrazione/unita_organizzativa/uo-procedimenti-disciplinari-disciplina-di-utilizzo-lsu-e-rimborso-spese-legali/", "colore": "#4363d8"}}, {"type": "Feature", "geometry": {"type": "Point", "coordinates": [13.3670445, 38.113069]}, "properties": {"id": "uo-procedure-concorsuali", "livello": "unita", "nome": "U.O. Procedure Concorsuali", "area": "Area Risorse Umane", "settore": "Capo Area Responsabile risorse umane e reclutamento", "responsabile": "Maria Grazia Lucchese (Esperto Front Office)", "sede": "Via Giuseppe Garibaldi, 44", "indirizzo": "Via Giuseppe Garibaldi, 44, 90133 Palermo PA, Italia", "telefoni": ["0917402841"], "email": ["acquisizionerisorseumane@cert.comune.palermo.it", "acquisizionerisorseumane@comune.palermo.it", "concorsi@cert.comune.palermo.it"], "pec": ["acquisizionerisorseumane@cert.comune.palermo.it", "concorsi@cert.comune.palermo.it"], "url": "https://www.comune.palermo.it/amministrazione/unita_organizzativa/uo-procedure-concorsuali/", "colore": "#4363d8"}}, {"type": "Feature", "geometry": {"type": "Point", "coordinates": [13.3670445, 38.113069]}, "properties": {"id": "uo-progressioni-verticali", "livello": "unita", "nome": "U.O. Progressioni Verticali", "area": "Area Risorse Umane", "settore": "Capo Area Responsabile risorse umane e reclutamento", "responsabile": "Cecilia Pecoraro (Funzionario Amministrativo)", "sede": "Via Giuseppe Garibaldi, 44", "indirizzo": "Via Giuseppe Garibaldi, 44, 90133 Palermo PA, Italia", "telefoni": ["091 7402885"], "email": ["progressioniverticali@comune.palermo.it", "settorerisorseumane@cert.comune.palermo.it"], "pec": ["settorerisorseumane@cert.comune.palermo.it"], "url": "https://www.comune.palermo.it/amministrazione/unita_organizzativa/uo-progressioni-verticali/", "colore": "#4363d8"}}, {"type": "Feature", "geometry": {"type": "Point", "coordinates": [13.3670445, 38.113069]}, "properties": {"id": "uo-segreteria-risorse-umane", "livello": "unita", "nome": "U.O. Segreteria Risorse Umane", "area": "Area Risorse Umane", "settore": "Capo Area Responsabile risorse umane e reclutamento", "responsabile": "Maria Teresa Palazzo (Funzionario Amministrativo)", "sede": "Via Giuseppe Garibaldi, 44", "indirizzo": "Via Giuseppe Garibaldi, 44, 90133 Palermo PA, Italia", "telefoni": ["0917402815", "0917402816", "0917402892"], "email": ["set.ru.segreteria@comune.palermo.it", "settorerisorseumane@cert.comune.palermo.it"], "pec": ["settorerisorseumane@cert.comune.palermo.it"], "url": "https://www.comune.palermo.it/amministrazione/unita_organizzativa/uo-segreteria-risorse-umane/", "colore": "#4363d8"}}, {"type": "Feature", "geometry": {"type": "Point", "coordinates": [13.3670445, 38.113069]}, "properties": {"id": "ufficio-autonomo-gestione-risorse-umane", "livello": "settore", "nome": "Ufficio Autonomo gestione risorse umane", "area": "Area Risorse Umane", "settore": "Ufficio Autonomo gestione risorse umane", "responsabile": "Cettina Maria Como (Dirigente Amministrativo)", "sede": "Via Giuseppe Garibaldi, 44", "indirizzo": "Via Giuseppe Garibaldi, 44, 90133 Palermo PA, Italia", "telefoni": ["0917402882"], "email": ["gestionerisorseumane@comune.palermo.it"], "pec": [], "url": "https://www.comune.palermo.it/amministrazione/unita_organizzativa/ufficio-autonomo-gestione-risorse-umane/", "colore": "#4363d8"}}, {"type": "Feature", "geometry": {"type": "Point", "coordinates": [13.3670445, 38.113069]}, "properties": {"id": "uo-applicazioni-contrattuali-agibilit-sindacali-e-ascotweb", "livello": "unita", "nome": "U.O. Applicazioni contrattuali, agibilità’ sindacali e ascotweb", "area": "Area Risorse Umane", "settore": "Ufficio Autonomo gestione risorse umane", "responsabile": "Loredana Brocato (Funzionario Amministrativo)", "sede": "Via Giuseppe Garibaldi, 44", "indirizzo": "Via Giuseppe Garibaldi, 44, 90133 Palermo PA, Italia", "telefoni": ["0917402865"], "email": ["gestionerisorseumane@cert.comune.palermo.it", "gestionerisorseumane@comune.palermo.it", "l.brocato@comune.palermo.it"], "pec": ["gestionerisorseumane@cert.comune.palermo.it"], "url": "https://www.comune.palermo.it/amministrazione/unita_organizzativa/uo-applicazioni-contrattuali-agibilit-sindacali-e-ascotweb/", "colore": "#4363d8"}}, {"type": "Feature", "geometry": {"type": "Point", "coordinates": [13.3670445, 38.113069]}, "properties": {"id": "uo-direzione-ufficio-autonomo-gestione-risorse-umane", "livello": "unita", "nome": "U.O. Direzione – Ufficio Autonomo Gestione Risorse Umane", "area": "Area Risorse Umane", "settore": "Ufficio Autonomo gestione risorse umane", "responsabile": "Loredana Brocato (Funzionario Amministrativo)", "sede": "Via Giuseppe Garibaldi, 44", "indirizzo": "Via Giuseppe Garibaldi, 44, 90133 Palermo PA, Italia", "telefoni": ["091 7402882"], "email": ["gestionerisorseumane@cert.comune.palermo.it", "gestionerisorseumane@comune.palermo.it"], "pec": ["gestionerisorseumane@cert.comune.palermo.it"], "url": "https://www.comune.palermo.it/amministrazione/unita_organizzativa/uo-direzione-ufficio-autonomo-gestione-risorse-umane/", "colore": "#4363d8"}}, {"type": "Feature", "geometry": {"type": "Point", "coordinates": [13.3670445, 38.113069]}, "properties": {"id": "uo-matricola", "livello": "unita", "nome": "U.O. Matricola", "area": "Area Risorse Umane", "settore": "Ufficio Autonomo gestione risorse umane", "responsabile": "Raimondo Raneri (Funzionario Amministrativo)", "sede": "Via Giuseppe Garibaldi, 44", "indirizzo": "Via Giuseppe Garibaldi, 44, 90133 Palermo PA, Italia", "telefoni": ["0917402884"], "email": ["gestionerisorseumane@cert.comune.palermo.it", "gestionerisorseumane@comune.palermo.it", "r.raneri@comune.palermo.it"], "pec": ["gestionerisorseumane@cert.comune.palermo.it"], "url": "https://www.comune.palermo.it/amministrazione/unita_organizzativa/uo-matricola/", "colore": "#4363d8"}}, {"type": "Feature", "geometry": {"type": "Point", "coordinates": [13.3670445, 38.113069]}, "properties": {"id": "uo-trasparenza", "livello": "unita", "nome": "U.O. Trasparenza", "area": "Area Risorse Umane", "settore": "Ufficio Autonomo gestione risorse umane", "responsabile": "Maria Gabriella Crimi (Funzionario Amministrativo)", "sede": "Via Giuseppe Garibaldi, 44", "indirizzo": "Via Giuseppe Garibaldi, 44, 90133 Palermo PA, Italia", "telefoni": ["091 7402882"], "email": ["gestionerisorseumane@cert.comune.palermo.it", "gestionerisorseumane@comune.palermo.it", "m.g.crimi@comune.palermo.it"], "pec": ["gestionerisorseumane@cert.comune.palermo.it"], "url": "https://www.comune.palermo.it/amministrazione/unita_organizzativa/uo-trasparenza/", "colore": "#4363d8"}}, {"type": "Feature", "geometry": {"type": "Point", "coordinates": [13.3670445, 38.113069]}, "properties": {"id": "uo-trattamento-pensionistico-personale-comunale", "livello": "unita", "nome": "U.O. Trattamento pensionistico personale comunale", "area": "Area Risorse Umane", "settore": "Ufficio Autonomo gestione risorse umane", "responsabile": "Calogero Chianetta (Funzionario Amministrativo)", "sede": "Via Giuseppe Garibaldi, 44", "indirizzo": "Via Giuseppe Garibaldi, 44, 90133 Palermo PA, Italia", "telefoni": ["0917402877"], "email": ["c.chianetta@comune.palermo.it", "gestionerisorseumane@cert.comune.palermo.it", "gestionerisorseumane@comune.palermo.it"], "pec": ["gestionerisorseumane@cert.comune.palermo.it"], "url": "https://www.comune.palermo.it/amministrazione/unita_organizzativa/uo-trattamento-pensionistico-personale-comunale/", "colore": "#4363d8"}}, {"type": "Feature", "geometry": {"type": "Point", "coordinates": [13.316623, 38.1585157]}, "properties": {"id": "area-suap-sviluppo-economico-mercati-e-lavoro", "livello": "area", "nome": "Area SUAP, Sviluppo Economico, Mercati e Lavoro", "area": "Area SUAP, Sviluppo Economico, Mercati e Lavoro", "settore": "", "responsabile": "Rosa Vicari (Dirigente Amministrativo)", "sede": "SUAP", "indirizzo": "Via Ugo la Malfa, 34, 90146 Palermo PA, Italia", "telefoni": ["0917404643"], "email": ["sviluppoeconomico@cert.comune.palermo.it", "sviluppoeconomico@comune.palermo.it"], "pec": ["sviluppoeconomico@cert.comune.palermo.it"], "url": "https://www.comune.palermo.it/amministrazione/unita_organizzativa/area-suap-sviluppo-economico-mercati-e-lavoro/", "colore": "#f58231"}}, {"type": "Feature", "geometry": {"type": "Point", "coordinates": [13.316623, 38.1585157]}, "properties": {"id": "capo-area-responsabile-suap-commercio-e-supporto-tecnico-lavoro-e-concessioni-suolo-pubblico", "livello": "settore", "nome": "Capo Area responsabile Suap, Commercio e Supporto tecnico, lavoro e concessioni suolo pubblico", "area": "Area SUAP, Sviluppo Economico, Mercati e Lavoro", "settore": "Capo Area responsabile Suap, Commercio e Supporto tecnico, lavoro e concessioni suolo pubblico", "responsabile": "Rosa Vicari (Dirigente Amministrativo)", "sede": "SUAP", "indirizzo": "Via Ugo la Malfa, 34, 90146 Palermo PA, Italia", "telefoni": ["091 7404642", "091 7404643"], "email": ["suapfacile@cert.comune.palermo.it", "sviluppoeconomico@cert.comune.palermo.it", "sviluppoeconomico@comune.palermo.it"], "pec": ["suapfacile@cert.comune.palermo.it", "sviluppoeconomico@cert.comune.palermo.it"], "url": "https://www.comune.palermo.it/amministrazione/unita_organizzativa/capo-area-responsabile-suap-commercio-e-supporto-tecnico-lavoro-e-concessioni-suolo-pubblico/", "colore": "#f58231"}}, {"type": "Feature", "geometry": {"type": "Point", "coordinates": [13.316623, 38.1585157]}, "properties": {"id": "uo-affari-generali-fiera-del-mediterraneo-e-urp", "livello": "unita", "nome": "U.O. Affari Generali, Fiera del Mediterraneo e U.R.P.", "area": "Area SUAP, Sviluppo Economico, Mercati e Lavoro", "settore": "Capo Area responsabile Suap, Commercio e Supporto tecnico, lavoro e concessioni suolo pubblico", "responsabile": "Giuseppa Buttitta (Funzionario Polizia Municipale)", "sede": "SUAP", "indirizzo": "Via Ugo la Malfa, 34, 90146 Palermo PA, Italia", "telefoni": ["0917404600", "0917404605", "0917404607", "0917404644", "0917404646"], "email": ["sviluppoeconomico@cert.comune.palermo.it", "sviluppoeconomico@comune.palermo.it"], "pec": ["sviluppoeconomico@cert.comune.palermo.it"], "url": "https://www.comune.palermo.it/amministrazione/unita_organizzativa/uo-affari-generali-fiera-del-mediterraneo-e-urp/", "colore": "#f58231"}}, {"type": "Feature", "geometry": {"type": "Point", "coordinates": [13.316623, 38.1585157]}, "properties": {"id": "antievasione", "livello": "unita", "nome": "U.O. Antievasione", "area": "Area SUAP, Sviluppo Economico, Mercati e Lavoro", "settore": "Capo Area responsabile Suap, Commercio e Supporto tecnico, lavoro e concessioni suolo pubblico", "responsabile": "", "sede": "SUAP", "indirizzo": "Via Ugo la Malfa, 34, 90146 Palermo PA, Italia", "telefoni": ["091 4704681", "091 7404640"], "email": ["sviluppoeconomico@cert.comune.palermo.it", "sviluppoeconomico@comune.palermo.it"], "pec": ["sviluppoeconomico@cert.comune.palermo.it"], "url": "https://www.comune.palermo.it/amministrazione/unita_organizzativa/antievasione/", "colore": "#f58231"}}, {"type": "Feature", "geometry": {"type": "Point", "coordinates": [13.316623, 38.1585157]}, "properties": {"id": "uo-antievasione", "livello": "unita", "nome": "U.O. Antievasione", "area": "Area SUAP, Sviluppo Economico, Mercati e Lavoro", "settore": "Capo Area responsabile Suap, Commercio e Supporto tecnico, lavoro e concessioni suolo pubblico", "responsabile": "Simone D'Acquisto (Responsabile di U.O.)", "sede": "SUAP", "indirizzo": "Via Ugo la Malfa, 34, 90146 Palermo PA, Italia", "telefoni": ["091 4704681", "091 7404640"], "email": ["sviluppoeconomico@cert.comune.palermo.it", "sviluppoeconomico@comune.palermo.it"], "pec": ["sviluppoeconomico@cert.comune.palermo.it"], "url": "https://www.comune.palermo.it/amministrazione/unita_organizzativa/uo-antievasione/", "colore": "#f58231"}}, {"type": "Feature", "geometry": {"type": "Point", "coordinates": [13.316623, 38.1585157]}, "properties": {"id": "commercio-su-area-privata-autorizzazioni-e-scia", "livello": "unita", "nome": "U.O. Commercio su area privata", "area": "Area SUAP, Sviluppo Economico, Mercati e Lavoro", "settore": "Capo Area responsabile Suap, Commercio e Supporto tecnico, lavoro e concessioni suolo pubblico", "responsabile": "Luciana Campanella (Esperto Front Office)", "sede": "SUAP", "indirizzo": "Via Ugo la Malfa, 34, 90146 Palermo PA, Italia", "telefoni": ["0917404603", "0917404623", "0917404636"], "email": ["suapfacile@cert.comune.palermo.it", "sviluppoeconomico@comune.palermo.it"], "pec": ["suapfacile@cert.comune.palermo.it"], "url": "https://www.comune.palermo.it/amministrazione/unita_organizzativa/commercio-su-area-privata-autorizzazioni-e-scia/", "colore": "#f58231"}}, {"type": "Feature", "geometry": {"type": "Point", "coordinates": [13.316623, 38.1585157]}, "properties": {"id": "uo-commercio-su-area-pubblica", "livello": "unita", "nome": "U.O. Commercio su area pubblica", "area": "Area SUAP, Sviluppo Economico, Mercati e Lavoro", "settore": "Capo Area responsabile Suap, Commercio e Supporto tecnico, lavoro e concessioni suolo pubblico", "responsabile": "", "sede": "SUAP", "indirizzo": "Via Ugo la Malfa, 34, 90146 Palermo PA, Italia", "telefoni": ["0917404627", "0917404631"], "email": ["suapfacile@cert.comune.palermo.it", "sviluppoeconomico@comune.palermo.it"], "pec": ["suapfacile@cert.comune.palermo.it"], "url": "https://www.comune.palermo.it/amministrazione/unita_organizzativa/uo-commercio-su-area-pubblica/", "colore": "#f58231"}}, {"type": "Feature", "geometry": {"type": "Point", "coordinates": [13.316623, 38.1585157]}, "properties": {"id": "uo-antievasione-e-contabilit", "livello": "unita", "nome": "U.O. Contabilità", "area": "Area SUAP, Sviluppo Economico, Mercati e Lavoro", "settore": "Capo Area responsabile Suap, Commercio e Supporto tecnico, lavoro e concessioni suolo pubblico", "responsabile": "Simone D'Acquisto (Responsabile di U.O.)", "sede": "SUAP", "indirizzo": "Via Ugo la Malfa, 34, 90146 Palermo PA, Italia", "telefoni": ["0917404633", "0917404656", "0917404681"], "email": ["sviluppoeconomico@cert.comune.palermo.it", "sviluppoeconomico@comune.palermo.it"], "pec": ["sviluppoeconomico@cert.comune.palermo.it"], "url": "https://www.comune.palermo.it/amministrazione/unita_organizzativa/uo-antievasione-e-contabilit/", "colore": "#f58231"}}, {"type": "Feature", "geometry": {"type": "Point", "coordinates": [13.316623, 38.1585157]}, "properties": {"id": "uo-direzione-capo-area-capo-area-suap-commercio-e-supporto-tecnico-lavoro-e-concessioni-suolo-pubblico", "livello": "unita", "nome": "U.O. Direzione capo Area – Capo Area Suap, Commercio e Supporto tecnico, lavoro e concessioni suolo pubblico", "area": "Area SUAP, Sviluppo Economico, Mercati e Lavoro", "settore": "Capo Area responsabile Suap, Commercio e Supporto tecnico, lavoro e concessioni suolo pubblico", "responsabile": "Vincenza Simonte (Funzionario Amministrativo)", "sede": "SUAP", "indirizzo": "Via Ugo la Malfa, 34, 90146 Palermo PA, Italia", "telefoni": ["091 740 4635", "091 740 4642", "091 740 4643"], "email": ["sviluppoeconomico@cert.comune.palermo.it", "sviluppoeconomico@comune.palermo.it"], "pec": ["sviluppoeconomico@cert.comune.palermo.it"], "url": "https://www.comune.palermo.it/amministrazione/unita_organizzativa/uo-direzione-capo-area-capo-area-suap-commercio-e-supporto-tecnico-lavoro-e-concessioni-suolo-pubblico/", "colore": "#f58231"}}, {"type": "Feature", "geometry": {"type": "Point", "coordinates": [13.316623, 38.1585157]}, "properties": {"id": "uo-gestione-del-personale-2", "livello": "unita", "nome": "U.O. Gestione del Personale", "area": "Area SUAP, Sviluppo Economico, Mercati e Lavoro", "settore": "Capo Area responsabile Suap, Commercio e Supporto tecnico, lavoro e concessioni suolo pubblico", "responsabile": "Vincenza Simonte (Funzionario Amministrativo)", "sede": "SUAP", "indirizzo": "Via Ugo la Malfa, 34, 90146 Palermo PA, Italia", "telefoni": ["091 7404616", "091 7404685", "0917404686"], "email": ["sviluppoeconomico@cert.comune.palermo.it", "sviluppoeconomico@comune.palermo.it"], "pec": ["sviluppoeconomico@cert.comune.palermo.it"], "url": "https://www.comune.palermo.it/amministrazione/unita_organizzativa/uo-gestione-del-personale-2/", "colore": "#f58231"}}, {"type": "Feature", "geometry": {"type": "Point", "coordinates": [13.316623, 38.1585157]}, "properties": {"id": "uo-occupazione-permanente-suolo-pubblico", "livello": "unita", "nome": "U.O. Occupazione Permanente Suolo Pubblico", "area": "Area SUAP, Sviluppo Economico, Mercati e Lavoro", "settore": "Capo Area responsabile Suap, Commercio e Supporto tecnico, lavoro e concessioni suolo pubblico", "responsabile": "Marco Cannioto (Funzionario Tecnico)", "sede": "SUAP", "indirizzo": "Via Ugo la Malfa, 34, 90146 Palermo PA, Italia", "telefoni": ["0917404614", "0917404619", "0917404621", "0917404660"], "email": ["sviluppoeconomico@cert.comune.palermo.it", "sviluppoeconomico@comune.palermo.it"], "pec": ["sviluppoeconomico@cert.comune.palermo.it"], "url": "https://www.comune.palermo.it/amministrazione/unita_organizzativa/uo-occupazione-permanente-suolo-pubblico/", "colore": "#f58231"}}, {"type": "Feature", "geometry": {"type": "Point", "coordinates": [13.316623, 38.1585157]}, "properties": {"id": "uo-occupazione-suolo-pubblico-per-eventi-e-manifestazioni", "livello": "unita", "nome": "U.O. Occupazione Suolo Pubblico per Eventi e Manifestazioni", "area": "Area SUAP, Sviluppo Economico, Mercati e Lavoro", "settore": "Capo Area responsabile Suap, Commercio e Supporto tecnico, lavoro e concessioni suolo pubblico", "responsabile": "Claudio Tedesco (Funzionario Amministrativo)", "sede": "SUAP", "indirizzo": "Via Ugo la Malfa, 34, 90146 Palermo PA, Italia", "telefoni": ["0917404604", "0917404620"], "email": ["sviluppoeconomico@cert.comune.palermo.it", "sviluppoeconomico@comune.palermo.it"], "pec": ["sviluppoeconomico@cert.comune.palermo.it"], "url": "https://www.comune.palermo.it/amministrazione/unita_organizzativa/uo-occupazione-suolo-pubblico-per-eventi-e-manifestazioni/", "colore": "#f58231"}}, {"type": "Feature", "geometry": {"type": "Point", "coordinates": [13.316623, 38.1585157]}, "properties": {"id": "uo-occupazione-temporanea-suolo-pubblico-e-supporto-tecnico", "livello": "unita", "nome": "U.O. Occupazione Temporanea Suolo Pubblico e Supporto Tecnico", "area": "Area SUAP, Sviluppo Economico, Mercati e Lavoro", "settore": "Capo Area responsabile Suap, Commercio e Supporto tecnico, lavoro e concessioni suolo pubblico", "responsabile": "Benedetto Schiera (Funzionario Tecnico)", "sede": "SUAP", "indirizzo": "Via Ugo la Malfa, 34, 90146 Palermo PA, Italia", "telefoni": ["0917404629", "0917404645", "0917404662"], "email": ["sviluppoeconomico@cert.comune.palermo.it", "sviluppoeconomico@comune.palermo.it"], "pec": ["sviluppoeconomico@cert.comune.palermo.it"], "url": "https://www.comune.palermo.it/amministrazione/unita_organizzativa/uo-occupazione-temporanea-suolo-pubblico-e-supporto-tecnico/", "colore": "#f58231"}}, {"type": "Feature", "geometry": {"type": "Point", "coordinates": [13.316623, 38.1585157]}, "properties": {"id": "uo-protocollo-archivio-e-pec-capo-area-suap-commercio-e-supporto-tecnico-lavoro-e-concessioni-suolo-pubblico", "livello": "unita", "nome": "U.O. Protocollo, Archivio e Pec – Capo Area Suap, Commercio e Supporto tecnico, lavoro e concessioni suolo pubblico", "area": "Area SUAP, Sviluppo Economico, Mercati e Lavoro", "settore": "Capo Area responsabile Suap, Commercio e Supporto tecnico, lavoro e concessioni suolo pubblico", "responsabile": "Francesco La Torre (Istruttore Amministrativo Referente di U.O.)", "sede": "SUAP", "indirizzo": "Via Ugo la Malfa, 34, 90146 Palermo PA, Italia", "telefoni": ["0917404653"], "email": ["sviluppoeconomico@cert.comune.palermo.it", "sviluppoeconomico@comune.palermo.it"], "pec": ["sviluppoeconomico@cert.comune.palermo.it"], "url": "https://www.comune.palermo.it/amministrazione/unita_organizzativa/uo-protocollo-archivio-e-pec-capo-area-suap-commercio-e-supporto-tecnico-lavoro-e-concessioni-suolo-pubblico/", "colore": "#f58231"}}, {"type": "Feature", "geometry": {"type": "Point", "coordinates": [13.316623, 38.1585157]}, "properties": {"id": "uo-sanzioni-e-revoche", "livello": "unita", "nome": "U.O. Sanzioni e Revoche", "area": "Area SUAP, Sviluppo Economico, Mercati e Lavoro", "settore": "Capo Area responsabile Suap, Commercio e Supporto tecnico, lavoro e concessioni suolo pubblico", "responsabile": "Matteo Benigno (Esperto Front Office)", "sede": "SUAP", "indirizzo": "Via Ugo la Malfa, 34, 90146 Palermo PA, Italia", "telefoni": ["0917404608"], "email": ["suapfacile@cert.comune.palermo.it", "sviluppoeconomico@comune.palermo.it"], "pec": ["suapfacile@cert.comune.palermo.it"], "url": "https://www.comune.palermo.it/amministrazione/unita_organizzativa/uo-sanzioni-e-revoche/", "colore": "#f58231"}}, {"type": "Feature", "geometry": {"type": "Point", "coordinates": [13.316623, 38.1585157]}, "properties": {"id": "uo-servizi-suap", "livello": "unita", "nome": "U.O. Servizi Attività Produttive", "area": "Area SUAP, Sviluppo Economico, Mercati e Lavoro", "settore": "Capo Area responsabile Suap, Commercio e Supporto tecnico, lavoro e concessioni suolo pubblico", "responsabile": "Maria Letizia Vassallo (Funzionario Amministrativo)", "sede": "SUAP", "indirizzo": "Via Ugo la Malfa, 34, 90146 Palermo PA, Italia", "telefoni": ["0917404631", "0917404652", "0917404675"], "email": ["suapfacile@cert.comune.palermo.it", "sviluppoeconomico@comune.palermo.it"], "pec": ["suapfacile@cert.comune.palermo.it"], "url": "https://www.comune.palermo.it/amministrazione/unita_organizzativa/uo-servizi-suap/", "colore": "#f58231"}}, {"type": "Feature", "geometry": {"type": "Point", "coordinates": [13.316623, 38.1585157]}, "properties": {"id": "uo-somministrazione-artigianato-e-commercio-su-area-pubblica", "livello": "unita", "nome": "U.O. Somministrazione – Artigianato e Commercio su Area Pubblica", "area": "Area SUAP, Sviluppo Economico, Mercati e Lavoro", "settore": "Capo Area responsabile Suap, Commercio e Supporto tecnico, lavoro e concessioni suolo pubblico", "responsabile": "Edoardo D'Angelo (Funzionario Amministrativo)", "sede": "SUAP", "indirizzo": "Via Ugo la Malfa, 34, 90146 Palermo PA, Italia", "telefoni": ["0917404627", "0917404638", "0917404649"], "email": ["suapfacile@cert.comune.palermo.it", "sviluppoeconomico@comune.palermo.it"], "pec": ["suapfacile@cert.comune.palermo.it"], "url": "https://www.comune.palermo.it/amministrazione/unita_organizzativa/uo-somministrazione-artigianato-e-commercio-su-area-pubblica/", "colore": "#f58231"}}, {"type": "Feature", "geometry": {"type": "Point", "coordinates": [13.316623, 38.1585157]}, "properties": {"id": "uo-staff-assessore", "livello": "unita", "nome": "U.O. Staff Assessore", "area": "Area SUAP, Sviluppo Economico, Mercati e Lavoro", "settore": "Capo Area responsabile Suap, Commercio e Supporto tecnico, lavoro e concessioni suolo pubblico", "responsabile": "", "sede": "SUAP", "indirizzo": "Via Ugo la Malfa, 34, 90146 Palermo PA, Italia", "telefoni": ["091 7404606"], "email": ["sviluppoeconomico@cert.comune.palermo.it", "sviluppoeconomico@comune.palermo.it"], "pec": ["sviluppoeconomico@cert.comune.palermo.it"], "url": "https://www.comune.palermo.it/amministrazione/unita_organizzativa/uo-staff-assessore/", "colore": "#f58231"}}, {"type": "Feature", "geometry": {"type": "Point", "coordinates": [13.316623, 38.1585157]}, "properties": {"id": "ufficio-mercati-generali-e-rionali-servizi-di-trasporto-pubblico-rilascio-licenza-ncc-e-taxi-e-pubblicita", "livello": "settore", "nome": "Ufficio Mercati Generali e rionali, servizi di trasporto pubblico, rilascio licenza NCC e taxi e pubblicità", "area": "Area SUAP, Sviluppo Economico, Mercati e Lavoro", "settore": "Ufficio Mercati Generali e rionali, servizi di trasporto pubblico, rilascio licenza NCC e taxi e pubblicità", "responsabile": "Gaetano Parrotta (Dirigente Amministrativo)", "sede": "SUAP", "indirizzo": "Via Ugo la Malfa, 34, 90146 Palermo PA, Italia", "telefoni": ["0917404625", "0917404667"], "email": ["suapfacile@cert.comune.palermo.it", "ufficioautonomomercatitrasportopubblicita@comune.palermo.it"], "pec": ["suapfacile@cert.comune.palermo.it"], "url": "https://www.comune.palermo.it/amministrazione/unita_organizzativa/ufficio-mercati-generali-e-rionali-servizi-di-trasporto-pubblico-rilascio-licenza-ncc-e-taxi-e-pubblicita/", "colore": "#f58231"}}, {"type": "Feature", "geometry": {"type": "Point", "coordinates": [13.316623, 38.1585157]}, "properties": {"id": "uo-direzione-ufficio-mercati-generali-e-rionali-servizi-di-trasporto-pubblico-rilascio-licenza-ncc-e-taxi-e-pubblicit", "livello": "unita", "nome": "U.O. Direzione – Ufficio Mercati Generali e rionali, servizi di trasporto pubblico, rilascio licenza NCC e taxi e pubblicità", "area": "Area SUAP, Sviluppo Economico, Mercati e Lavoro", "settore": "Ufficio Mercati Generali e rionali, servizi di trasporto pubblico, rilascio licenza NCC e taxi e pubblicità", "responsabile": "Valentina Antonietta Spinò (Funzionario Amministrativo)", "sede": "SUAP", "indirizzo": "Via Ugo la Malfa, 34, 90146 Palermo PA, Italia", "telefoni": ["0917404625"], "email": ["osppubblicita@cert.comune.palermo.it", "ufficioautonomomercatitrasportopubblicita@comune.palermo.it"], "pec": ["osppubblicita@cert.comune.palermo.it"], "url": "https://www.comune.palermo.it/amministrazione/unita_organizzativa/uo-direzione-ufficio-mercati-generali-e-rionali-servizi-di-trasporto-pubblico-rilascio-licenza-ncc-e-taxi-e-pubblicit/", "colore": "#f58231"}}, {"type": "Feature", "geometry": {"type": "Point", "coordinates": [13.3579555, 38.1380391]}, "properties": {"id": "uo-mercati-generali", "livello": "unita", "nome": "U.O. Mercati Generali", "area": "Area SUAP, Sviluppo Economico, Mercati e Lavoro", "settore": "Ufficio Mercati Generali e rionali, servizi di trasporto pubblico, rilascio licenza NCC e taxi e pubblicità", "responsabile": "Rosario Randazzo (Funzionario Tecnico)", "sede": "Ufficio Mercati Generali", "indirizzo": "Via Montepellegrino, 4, 90142 Palermo PA, Italia", "telefoni": ["0917406204", "0917406218"], "email": ["mercati@comune.palermo.it", "mercatigenerali@cert.comune.palermo.it"], "pec": ["mercatigenerali@cert.comune.palermo.it"], "url": "https://www.comune.palermo.it/amministrazione/unita_organizzativa/uo-mercati-generali/", "colore": "#f58231"}}, {"type": "Feature", "geometry": {"type": "Point", "coordinates": [13.316623, 38.1585157]}, "properties": {"id": "uo-mercatini-rionali", "livello": "unita", "nome": "U.O. Mercatini Rionali", "area": "Area SUAP, Sviluppo Economico, Mercati e Lavoro", "settore": "Ufficio Mercati Generali e rionali, servizi di trasporto pubblico, rilascio licenza NCC e taxi e pubblicità", "responsabile": "Giuseppa Burgio (Esperto Tecnico Progettista)", "sede": "SUAP", "indirizzo": "Via Ugo la Malfa, 34, 90146 Palermo PA, Italia", "telefoni": ["0917404637"], "email": ["osppubblicita@cert.comune.palermo.it", "ufficioautonomomercatitrasportopubblicita@comune.palermo.it"], "pec": ["osppubblicita@cert.comune.palermo.it"], "url": "https://www.comune.palermo.it/amministrazione/unita_organizzativa/uo-mercatini-rionali/", "colore": "#f58231"}}, {"type": "Feature", "geometry": {"type": "Point", "coordinates": [13.316623, 38.1585157]}, "properties": {"id": "uo-pubblicit-e-affissioni", "livello": "unita", "nome": "U.O. Pubblicità e Affissioni", "area": "Area SUAP, Sviluppo Economico, Mercati e Lavoro", "settore": "Ufficio Mercati Generali e rionali, servizi di trasporto pubblico, rilascio licenza NCC e taxi e pubblicità", "responsabile": "Roberto Taormina (Funzionario Polizia Municipale)", "sede": "SUAP", "indirizzo": "Via Ugo la Malfa, 34, 90146 Palermo PA, Italia", "telefoni": ["0917404661"], "email": ["osppubblicita@cert.comune.palermo.it", "ufficioautonomomercatitrasportopubblicita@comune.palermo.it"], "pec": ["osppubblicita@cert.comune.palermo.it"], "url": "https://www.comune.palermo.it/amministrazione/unita_organizzativa/uo-pubblicit-e-affissioni/", "colore": "#f58231"}}, {"type": "Feature", "geometry": {"type": "Point", "coordinates": [13.316623, 38.1585157]}, "properties": {"id": "uo-sanzioni-pecuniarie-contenzioso-pubblicit", "livello": "unita", "nome": "U.O. Sanzioni Pecuniarie, contenzioso pubblicità", "area": "Area SUAP, Sviluppo Economico, Mercati e Lavoro", "settore": "Ufficio Mercati Generali e rionali, servizi di trasporto pubblico, rilascio licenza NCC e taxi e pubblicità", "responsabile": "Giuseppe Giacoppo (Funzionario Tecnico)", "sede": "SUAP", "indirizzo": "Via Ugo la Malfa, 34, 90146 Palermo PA, Italia", "telefoni": ["0917404615"], "email": ["osppubblicita@cert.comune.palermo.it", "ufficioautonomomercatitrasportopubblicita@comune.palermo.it"], "pec": ["osppubblicita@cert.comune.palermo.it"], "url": "https://www.comune.palermo.it/amministrazione/unita_organizzativa/uo-sanzioni-pecuniarie-contenzioso-pubblicit/", "colore": "#f58231"}}, {"type": "Feature", "geometry": {"type": "Point", "coordinates": [13.316623, 38.1585157]}, "properties": {"id": "uo-trasporto-pubblico", "livello": "unita", "nome": "U.O. Trasporto Pubblico", "area": "Area SUAP, Sviluppo Economico, Mercati e Lavoro", "settore": "Ufficio Mercati Generali e rionali, servizi di trasporto pubblico, rilascio licenza NCC e taxi e pubblicità", "responsabile": "Marcella Pedicone (Funzionario Amministrativo)", "sede": "SUAP", "indirizzo": "Via Ugo la Malfa, 34, 90146 Palermo PA, Italia", "telefoni": ["0917404613"], "email": ["osppubblicita@cert.comune.palermo.it", "ufficioautonomomercatitrasportopubblicita@comune.palermo.it"], "pec": ["osppubblicita@cert.comune.palermo.it"], "url": "https://www.comune.palermo.it/amministrazione/unita_organizzativa/uo-trasporto-pubblico/", "colore": "#f58231"}}, {"type": "Feature", "geometry": {"type": "Point", "coordinates": [13.3660875, 38.1106322]}, "properties": {"id": "area-servizi-demografici-e-decentramento", "livello": "area", "nome": "Area Servizi Demografici e Decentramento", "area": "Area Servizi Demografici e Decentramento", "settore": "", "responsabile": "Alessandra Autore (Dirigente Amministrativo)", "sede": "Piazza Giulio Cesare, 52", "indirizzo": "P.za Giulio Cesare, 52, 90133 Palermo PA, Italia", "telefoni": ["0917403779"], "email": ["servizicittadini@comune.palermo.it", "settoreservizicollettivita@cert.comune.palermo.it"], "pec": ["settoreservizicollettivita@cert.comune.palermo.it"], "url": "https://www.comune.palermo.it/amministrazione/unita_organizzativa/area-servizi-demografici-e-decentramento/", "colore": "#911eb4"}}, {"type": "Feature", "geometry": {"type": "Point", "coordinates": [13.3660875, 38.1106322]}, "properties": {"id": "capo-area-responsabile-anagrafe-stato-civile-ed-elettorato", "livello": "settore", "nome": "Capo Area responsabile anagrafe, stato civile ed elettorato", "area": "Area Servizi Demografici e Decentramento", "settore": "Capo Area responsabile anagrafe, stato civile ed elettorato", "responsabile": "Alessandra Autore (Dirigente Amministrativo)", "sede": "Piazza Giulio Cesare, 52", "indirizzo": "P.za Giulio Cesare, 52, 90133 Palermo PA, Italia", "telefoni": ["091 7403779"], "email": ["anagrafe@cert.comune.palermo.it", "anagrafe@comune.palermo.it", "elettorato@cert.comune.palermo.it", "servizioelettorato@comune.palermo.it", "statocivile@cert.comune.palermo.it"], "pec": ["anagrafe@cert.comune.palermo.it", "elettorato@cert.comune.palermo.it", "statocivile@cert.comune.palermo.it"], "url": "https://www.comune.palermo.it/amministrazione/unita_organizzativa/capo-area-responsabile-anagrafe-stato-civile-ed-elettorato/", "colore": "#911eb4"}}, {"type": "Feature", "geometry": {"type": "Point", "coordinates": [13.3328917, 38.1405837]}, "properties": {"id": "uo-anagrafe-italiani-residenti-estero", "livello": "unita", "nome": "U.O. Anagrafe Italiani Residenti Estero", "area": "Area Servizi Demografici e Decentramento", "settore": "Capo Area responsabile anagrafe, stato civile ed elettorato", "responsabile": "Elvira Cortigiano (Funzionario)", "sede": "Viale Lazio 119/A", "indirizzo": "Viale Lazio, 119/A , 90144 Palermo PA, Italia", "telefoni": ["0917405213"], "email": ["aire@cert.comune.palermo.it", "uff.aire@comune.palermo.it"], "pec": ["aire@cert.comune.palermo.it"], "url": "https://www.comune.palermo.it/amministrazione/unita_organizzativa/uo-anagrafe-italiani-residenti-estero/", "colore": "#911eb4"}}, {"type": "Feature", "geometry": {"type": "Point", "coordinates": [13.3328917, 38.1405837]}, "properties": {"id": "uo-cie", "livello": "unita", "nome": "U.O. C.I.E.", "area": "Area Servizi Demografici e Decentramento", "settore": "Capo Area responsabile anagrafe, stato civile ed elettorato", "responsabile": "Maria Panebianco (Istruttore Amministrativo)", "sede": "Viale Lazio 119/A", "indirizzo": "Viale Lazio, 119/A , 90144 Palermo PA, Italia", "telefoni": ["0917405231"], "email": ["anagrafe@cert.comune.palermo.it", "ufficiocartedidentita@comune.palermo.it"], "pec": ["anagrafe@cert.comune.palermo.it"], "url": "https://www.comune.palermo.it/amministrazione/unita_organizzativa/uo-cie/", "colore": "#911eb4"}}, {"type": "Feature", "geometry": {"type": "Point", "coordinates": [13.3660875, 38.1106322]}, "properties": {"id": "uo-cittadinanze", "livello": "unita", "nome": "U.O. Cittadinanze", "area": "Area Servizi Demografici e Decentramento", "settore": "Capo Area responsabile anagrafe, stato civile ed elettorato", "responsabile": "Giuseppa Tumminia (Funzionario Amministrativo)", "sede": "Piazza Giulio Cesare, 52", "indirizzo": "P.za Giulio Cesare, 52, 90133 Palermo PA, Italia", "telefoni": ["0917403747", "0917403838"], "email": ["cittadinanza.prenotazionegiuramento@comune.palermo.it", "cittadinanzerettifiche@comune.palermo.it", "statocivile@cert.comune.palermo.it", "statocivile@comune.palermo.it"], "pec": ["statocivile@cert.comune.palermo.it"], "url": "https://www.comune.palermo.it/amministrazione/unita_organizzativa/uo-cittadinanze/", "colore": "#911eb4"}}, {"type": "Feature", "geometry": {"type": "Point", "coordinates": [13.3660875, 38.1106322]}, "properties": {"id": "uo-contabilit-protocollo-e-corrispondenza", "livello": "unita", "nome": "U.O. Contabilità – Protocollo e Corrispondenza", "area": "Area Servizi Demografici e Decentramento", "settore": "Capo Area responsabile anagrafe, stato civile ed elettorato", "responsabile": "Giulio Incardona (Funzionario Amministrativo)", "sede": "Piazza Giulio Cesare, 52", "indirizzo": "P.za Giulio Cesare, 52, 90133 Palermo PA, Italia", "telefoni": ["0917403723", "0917403749", "0917403773"], "email": ["statocivile@cert.comune.palermo.it", "statocivile@comune.palermo.it"], "pec": ["statocivile@cert.comune.palermo.it"], "url": "https://www.comune.palermo.it/amministrazione/unita_organizzativa/uo-contabilit-protocollo-e-corrispondenza/", "colore": "#911eb4"}}, {"type": "Feature", "geometry": {"type": "Point", "coordinates": [13.3328917, 38.1405837]}, "properties": {"id": "uo-direzione-anagrafe", "livello": "unita", "nome": "U.O. Direzione Anagrafe", "area": "Area Servizi Demografici e Decentramento", "settore": "Capo Area responsabile anagrafe, stato civile ed elettorato", "responsabile": "Rosalia Sposito (Funzionario Amministrativo)", "sede": "Viale Lazio 119/A", "indirizzo": "Viale Lazio, 119/A , 90144 Palermo PA, Italia", "telefoni": ["0917405227"], "email": ["anagrafe@cert.comune.palermo.it", "anagrafe@comune.palermo.it"], "pec": ["anagrafe@cert.comune.palermo.it"], "url": "https://www.comune.palermo.it/amministrazione/unita_organizzativa/uo-direzione-anagrafe/", "colore": "#911eb4"}}, {"type": "Feature", "geometry": {"type": "Point", "coordinates": [13.3660875, 38.1106322]}, "properties": {"id": "uo-divorzi-e-regimi-patrimoniali", "livello": "unita", "nome": "U.O. Divorzi e regimi patrimoniali", "area": "Area Servizi Demografici e Decentramento", "settore": "Capo Area responsabile anagrafe, stato civile ed elettorato", "responsabile": "Eugenio Di Maio (Istruttore Amministrativo)", "sede": "Piazza Giulio Cesare, 52", "indirizzo": "P.za Giulio Cesare, 52, 90133 Palermo PA, Italia", "telefoni": ["0917403755", "0917403777"], "email": ["divorziregimipatrimoniali@comune.palermo.it", "statocivile@cert.comune.palermo.it", "statocivile@comune.palermo.it"], "pec": ["statocivile@cert.comune.palermo.it"], "url": "https://www.comune.palermo.it/amministrazione/unita_organizzativa/uo-divorzi-e-regimi-patrimoniali/", "colore": "#911eb4"}}, {"type": "Feature", "geometry": {"type": "Point", "coordinates": [13.3660875, 38.1106322]}, "properties": {"id": "uo-elettorato-cancellazioni", "livello": "unita", "nome": "U.O. Elettorato – Cancellazioni", "area": "Area Servizi Demografici e Decentramento", "settore": "Capo Area responsabile anagrafe, stato civile ed elettorato", "responsabile": "Laura Ferrigno (Istruttore Amministrativo)", "sede": "Piazza Giulio Cesare, 52", "indirizzo": "P.za Giulio Cesare, 52, 90133 Palermo PA, Italia", "telefoni": ["0917403794", "0917403798", "0917403811", "0917403814"], "email": ["elettorato@cert.comune.palermo.it", "servizioelettorato@comune.palermo.it"], "pec": ["elettorato@cert.comune.palermo.it"], "url": "https://www.comune.palermo.it/amministrazione/unita_organizzativa/uo-elettorato-cancellazioni/", "colore": "#911eb4"}}, {"type": "Feature", "geometry": {"type": "Point", "coordinates": [13.3660875, 38.1106322]}, "properties": {"id": "uo-elettorato-gestione-amministrativa-aggiornamento-albi-presidenti-e-scrutatori-liste-aggiunte-cecir", "livello": "unita", "nome": "U.O. Elettorato – Gestione Amministrativa- Aggiornamento Albi Presidenti e Scrutatori – Liste Aggiunte – CECIR.", "area": "Area Servizi Demografici e Decentramento", "settore": "Capo Area responsabile anagrafe, stato civile ed elettorato", "responsabile": "Gabriella Micale (Funzionario Amministrativo)", "sede": "Piazza Giulio Cesare, 52", "indirizzo": "P.za Giulio Cesare, 52, 90133 Palermo PA, Italia", "telefoni": ["0917403707", "0917403797"], "email": ["elettorato@cert.comune.palermo.it", "elettoratocecir@cert.comune.palermo.it", "elettoratocecir@comune.palermo.it", "presidentiscrutatori@comune.palermo.it", "servizioelettorato@comune.palermo.it"], "pec": ["elettorato@cert.comune.palermo.it", "elettoratocecir@cert.comune.palermo.it"], "url": "https://www.comune.palermo.it/amministrazione/unita_organizzativa/uo-elettorato-gestione-amministrativa-aggiornamento-albi-presidenti-e-scrutatori-liste-aggiunte-cecir/", "colore": "#911eb4"}}, {"type": "Feature", "geometry": {"type": "Point", "coordinates": [13.3660875, 38.1106322]}, "properties": {"id": "uo-elettorato-territorio-e-tessere-elettorali-aggiornamento-albo-giudici-popolari", "livello": "unita", "nome": "U.O. Elettorato – Territorio e Tessere Elettorali – Aggiornamento Albo Giudici Popolari", "area": "Area Servizi Demografici e Decentramento", "settore": "Capo Area responsabile anagrafe, stato civile ed elettorato", "responsabile": "Alessandra Autore (Dirigente Amministrativo)", "sede": "Piazza Giulio Cesare, 52", "indirizzo": "P.za Giulio Cesare, 52, 90133 Palermo PA, Italia", "telefoni": ["0917403770", "0917403804", "0917403826", "0917403832", "0917403842"], "email": ["elettorato@cert.comune.palermo.it", "servizioelettorato@comune.palermo.it"], "pec": ["elettorato@cert.comune.palermo.it"], "url": "https://www.comune.palermo.it/amministrazione/unita_organizzativa/uo-elettorato-territorio-e-tessere-elettorali-aggiornamento-albo-giudici-popolari/", "colore": "#911eb4"}}, {"type": "Feature", "geometry": {"type": "Point", "coordinates": [13.3660875, 38.1106322]}, "properties": {"id": "uo-elettorato-iscrizioni", "livello": "unita", "nome": "U.O. Elettorato -Iscrizioni", "area": "Area Servizi Demografici e Decentramento", "settore": "Capo Area responsabile anagrafe, stato civile ed elettorato", "responsabile": "Gabriella Micale (Funzionario Amministrativo)", "sede": "Piazza Giulio Cesare, 52", "indirizzo": "P.za Giulio Cesare, 52, 90133 Palermo PA, Italia", "telefoni": ["0917403703", "0917403799", "0917403807", "0917403810", "0917403815"], "email": ["elettorato@cert.comune.palermo.it", "servizioelettorato@comune.palermo.it"], "pec": ["elettorato@cert.comune.palermo.it"], "url": "https://www.comune.palermo.it/amministrazione/unita_organizzativa/uo-elettorato-iscrizioni/", "colore": "#911eb4"}}, {"type": "Feature", "geometry": {"type": "Point", "coordinates": [13.3660875, 38.1106322]}, "properties": {"id": "uo-gestione-del-personale-protocollo-archivio", "livello": "unita", "nome": "U.O. Gestione del Personale – Protocollo – Archivio", "area": "Area Servizi Demografici e Decentramento", "settore": "Capo Area responsabile anagrafe, stato civile ed elettorato", "responsabile": "Alessandra Autore (Dirigente Amministrativo)", "sede": "Piazza Giulio Cesare, 52", "indirizzo": "P.za Giulio Cesare, 52, 90133 Palermo PA, Italia", "telefoni": ["0917403767", "0917403779", "0917403789", "0917403824"], "email": ["servizicittadini@comune.palermo.it", "settoreservizicollettivita@cert.comune.palermo.it"], "pec": ["settoreservizicollettivita@cert.comune.palermo.it"], "url": "https://www.comune.palermo.it/amministrazione/unita_organizzativa/uo-gestione-del-personale-protocollo-archivio/", "colore": "#911eb4"}}, {"type": "Feature", "geometry": {"type": "Point", "coordinates": [13.3328917, 38.1405837]}, "properties": {"id": "uo-gestione-residenze", "livello": "unita", "nome": "U.O. Gestione Residenze", "area": "Area Servizi Demografici e Decentramento", "settore": "Capo Area responsabile anagrafe, stato civile ed elettorato", "responsabile": "Domenica Viola (Istruttore Amministrativo)", "sede": "Viale Lazio 119/A", "indirizzo": "Viale Lazio, 119/A , 90144 Palermo PA, Italia", "telefoni": ["0917405221"], "email": ["cambioresidenza@comune.palermo.it", "movimentoanagrafico@cert.comune.palermo.it"], "pec": ["movimentoanagrafico@cert.comune.palermo.it"], "url": "https://www.comune.palermo.it/amministrazione/unita_organizzativa/uo-gestione-residenze/", "colore": "#911eb4"}}, {"type": "Feature", "geometry": {"type": "Point", "coordinates": [13.3660875, 38.1106322]}, "properties": {"id": "uo-matrimoni-iscrizioni-e-trascrizioni", "livello": "unita", "nome": "U.O. Matrimoni: iscrizioni e trascrizioni", "area": "Area Servizi Demografici e Decentramento", "settore": "Capo Area responsabile anagrafe, stato civile ed elettorato", "responsabile": "Giulio Incardona (Funzionario Amministrativo)", "sede": "Piazza Giulio Cesare, 52", "indirizzo": "P.za Giulio Cesare, 52, 90133 Palermo PA, Italia", "telefoni": ["0917403752"], "email": ["statocivile@cert.comune.palermo.it", "statocivile@comune.palermo.it"], "pec": ["statocivile@cert.comune.palermo.it"], "url": "https://www.comune.palermo.it/amministrazione/unita_organizzativa/uo-matrimoni-iscrizioni-e-trascrizioni/", "colore": "#911eb4"}}, {"type": "Feature", "geometry": {"type": "Point", "coordinates": [13.3660875, 38.1106322]}, "properties": {"id": "uo-morti-nascite-ed-adozioni-dichiarazioni-e-trascrizioni", "livello": "unita", "nome": "U.O. Morti Nascite ed Adozioni: dichiarazioni e trascrizioni", "area": "Area Servizi Demografici e Decentramento", "settore": "Capo Area responsabile anagrafe, stato civile ed elettorato", "responsabile": "Anna Caruso (Funzionario Amministrativo)", "sede": "Piazza Giulio Cesare, 52", "indirizzo": "P.za Giulio Cesare, 52, 90133 Palermo PA, Italia", "telefoni": ["0917403729", "0917403734", "0917403781"], "email": ["statocivile@cert.comune.palermo.it", "statocivile@comune.palermo.it"], "pec": ["statocivile@cert.comune.palermo.it"], "url": "https://www.comune.palermo.it/amministrazione/unita_organizzativa/uo-morti-nascite-ed-adozioni-dichiarazioni-e-trascrizioni/", "colore": "#911eb4"}}, {"type": "Feature", "geometry": {"type": "Point", "coordinates": [13.3660875, 38.1106322]}, "properties": {"id": "uo-redazione-proposte-di-annotazioni-e-rilascio-certificazioni", "livello": "unita", "nome": "U.O. Redazione proposte di annotazioni e rilascio certificazioni", "area": "Area Servizi Demografici e Decentramento", "settore": "Capo Area responsabile anagrafe, stato civile ed elettorato", "responsabile": "Fabio Cutuli (Istruttore Amministrativo)", "sede": "Piazza Giulio Cesare, 52", "indirizzo": "P.za Giulio Cesare, 52, 90133 Palermo PA, Italia", "telefoni": ["0917403718", "0917403783"], "email": ["certificazionicopieintegrali@comune.palermo.it", "statocivile@cert.comune.palermo.it", "statocivile@comune.palermo.it"], "pec": ["statocivile@cert.comune.palermo.it"], "url": "https://www.comune.palermo.it/amministrazione/unita_organizzativa/uo-redazione-proposte-di-annotazioni-e-rilascio-certificazioni/", "colore": "#911eb4"}}, {"type": "Feature", "geometry": {"type": "Point", "coordinates": [13.3328917, 38.1405837]}, "properties": {"id": "uo-rilascio-certificati-storici", "livello": "unita", "nome": "U.O. Rilascio Certificati Storici", "area": "Area Servizi Demografici e Decentramento", "settore": "Capo Area responsabile anagrafe, stato civile ed elettorato", "responsabile": "Rosalia Sposito (Funzionario Amministrativo)", "sede": "Viale Lazio 119/A", "indirizzo": "Viale Lazio, 119/A , 90144 Palermo PA, Italia", "telefoni": ["0917405215"], "email": ["certanagrafichestoriche@cert.comune.palermo.it"], "pec": ["certanagrafichestoriche@cert.comune.palermo.it"], "url": "https://www.comune.palermo.it/amministrazione/unita_organizzativa/uo-rilascio-certificati-storici/", "colore": "#911eb4"}}, {"type": "Feature", "geometry": {"type": "Point", "coordinates": [13.3660875, 38.1106322]}, "properties": {"id": "uo-segreteria-amministrativa-leva-rettifiche", "livello": "unita", "nome": "U.O. Segreteria Amministrativa- Leva- Rettifiche", "area": "Area Servizi Demografici e Decentramento", "settore": "Capo Area responsabile anagrafe, stato civile ed elettorato", "responsabile": "Giulio Incardona (Funzionario Amministrativo)", "sede": "Piazza Giulio Cesare, 52", "indirizzo": "P.za Giulio Cesare, 52, 90133 Palermo PA, Italia", "telefoni": ["0917403731", "0917403732", "0917403737", "0917403741"], "email": ["statocivile@cert.comune.palermo.it", "statocivile@comune.palermo.it"], "pec": ["statocivile@cert.comune.palermo.it"], "url": "https://www.comune.palermo.it/amministrazione/unita_organizzativa/uo-segreteria-amministrativa-leva-rettifiche/", "colore": "#911eb4"}}, {"type": "Feature", "geometry": {"type": "Point", "coordinates": [13.3660875, 38.1106322]}, "properties": {"id": "uo-segreteria-di-direzione-affari-generali-economato-sicurezza", "livello": "unita", "nome": "U.O. Segreteria di Direzione – Affari Generali – Economato – Sicurezza", "area": "Area Servizi Demografici e Decentramento", "settore": "Capo Area responsabile anagrafe, stato civile ed elettorato", "responsabile": "Alessandra Autore (Dirigente Amministrativo)", "sede": "Piazza Giulio Cesare, 52", "indirizzo": "P.za Giulio Cesare, 52, 90133 Palermo PA, Italia", "telefoni": ["0917403774", "0917403805", "0917403808", "0917403825"], "email": ["servizicittadini@comune.palermo.it", "settoreservizicollettivita@cert.comune.palermo.it"], "pec": ["settoreservizicollettivita@cert.comune.palermo.it"], "url": "https://www.comune.palermo.it/amministrazione/unita_organizzativa/uo-segreteria-di-direzione-affari-generali-economato-sicurezza/", "colore": "#911eb4"}}, {"type": "Feature", "geometry": {"type": "Point", "coordinates": [13.3328917, 38.1405837]}, "properties": {"id": "uo-stranieri-e-rettifiche-anagrafiche", "livello": "unita", "nome": "U.O. Stranieri e rettifiche anagrafiche", "area": "Area Servizi Demografici e Decentramento", "settore": "Capo Area responsabile anagrafe, stato civile ed elettorato", "responsabile": "Mattea Anello (Funzionario Amministrativo)", "sede": "Viale Lazio 119/A", "indirizzo": "Viale Lazio, 119/A , 90144 Palermo PA, Italia", "telefoni": ["091 7405279"], "email": ["stranieri@cert.comune.palermo.it", "ufficiostranieri@comune.palermo.it"], "pec": ["stranieri@cert.comune.palermo.it"], "url": "https://www.comune.palermo.it/amministrazione/unita_organizzativa/uo-stranieri-e-rettifiche-anagrafiche/", "colore": "#911eb4"}}, {"type": "Feature", "geometry": {"type": "Point", "coordinates": [13.3660875, 38.1106322]}, "properties": {"id": "capo-area-servizi-demografici-e-decentramento", "livello": "settore", "nome": "Capo Area Servizi Demografici e Decentramento", "area": "Area Servizi Demografici e Decentramento", "settore": "Capo Area Servizi Demografici e Decentramento", "responsabile": "Alessandra Autore (Dirigente Amministrativo)", "sede": "Piazza Giulio Cesare, 52", "indirizzo": "P.za Giulio Cesare, 52, 90133 Palermo PA, Italia", "telefoni": ["0917403779"], "email": ["servizicittadini@comune.palermo.it", "settoreservizicollettivita@cert.comune.palermo.it"], "pec": ["settoreservizicollettivita@cert.comune.palermo.it"], "url": "https://www.comune.palermo.it/amministrazione/unita_organizzativa/capo-area-servizi-demografici-e-decentramento/", "colore": "#911eb4"}}, {"type": "Feature", "geometry": {"type": "Point", "coordinates": [13.3660875, 38.1106322]}, "properties": {"id": "ufficio-autonomo-circoscrizioni-e-postazioni-decentrate", "livello": "settore", "nome": "Ufficio autonomo circoscrizioni e postazioni decentrate", "area": "Area Servizi Demografici e Decentramento", "settore": "Ufficio autonomo circoscrizioni e postazioni decentrate", "responsabile": "Giuseppina Patrizia Arena (Dirigente Amministrativo)", "sede": "Piazza Giulio Cesare, 52", "indirizzo": "P.za Giulio Cesare, 52, 90133 Palermo PA, Italia", "telefoni": ["0917401111", "0917403830"], "email": ["coordinamentocircoscrizioni@cert.comune.palermo.it", "ufficioautonomocircoscrizioni@comune.palermo.it"], "pec": ["coordinamentocircoscrizioni@cert.comune.palermo.it"], "url": "https://www.comune.palermo.it/amministrazione/unita_organizzativa/ufficio-autonomo-circoscrizioni-e-postazioni-decentrate/", "colore": "#911eb4"}}, {"type": "Feature", "geometry": {"type": "Point", "coordinates": [13.3660875, 38.1106322]}, "properties": {"id": "uo-circ-i-direzioneorgani-istituzionali", "livello": "unita", "nome": "U.O. Circ. I – Direzione/Organi Istituzionali", "area": "Area Servizi Demografici e Decentramento", "settore": "Ufficio autonomo circoscrizioni e postazioni decentrate", "responsabile": "Antonino Pagano (Funzionario Amministrativo)", "sede": "Piazza Giulio Cesare, 52", "indirizzo": "P.za Giulio Cesare, 52, 90133 Palermo PA, Italia", "telefoni": ["0917403705", "0917403821"], "email": ["primacircoscrizione@cert.comune.palermo.it", "primacircoscrizione@comune.palermo.it"], "pec": ["primacircoscrizione@cert.comune.palermo.it"], "url": "https://www.comune.palermo.it/amministrazione/unita_organizzativa/uo-circ-i-direzioneorgani-istituzionali/", "colore": "#911eb4"}}, {"type": "Feature", "geometry": {"type": "Point", "coordinates": [13.3660875, 38.1106322]}, "properties": {"id": "uo-circ-i-sportello-polifunzionale", "livello": "unita", "nome": "U.O. Circ. I – Sportello Polifunzionale", "area": "Area Servizi Demografici e Decentramento", "settore": "Ufficio autonomo circoscrizioni e postazioni decentrate", "responsabile": "Corrado Di Prima (Funzionario Amministrativo)", "sede": "Piazza Giulio Cesare, 52", "indirizzo": "P.za Giulio Cesare, 52, 90133 Palermo PA, Italia", "telefoni": ["0917403721"], "email": ["primacircoscrizione@cert.comune.palermo.it", "sportellopolifunzionaleprimacircoscrizione@comune.palermo.it"], "pec": ["primacircoscrizione@cert.comune.palermo.it"], "url": "https://www.comune.palermo.it/amministrazione/unita_organizzativa/uo-circ-i-sportello-polifunzionale/", "colore": "#911eb4"}}, {"type": "Feature", "geometry": {"type": "Point", "coordinates": [13.3832624, 38.0947897]}, "properties": {"id": "uo-circ-ii-direzioneorgani-istituzionali", "livello": "unita", "nome": "U.O. Circ. II – Direzione/Organi Istituzionali", "area": "Area Servizi Demografici e Decentramento", "settore": "Ufficio autonomo circoscrizioni e postazioni decentrate", "responsabile": "Giovanna Lota' (Funzionario Contabile)", "sede": "Via San Ciro, 15", "indirizzo": "Via S. Ciro, 15, 90124 Palermo PA, Italia", "telefoni": ["0917409624", "0917409625"], "email": ["secondacircoscrizione@cert.comune.palermo.it", "secondacircoscrizione@comune.palermo.it"], "pec": ["secondacircoscrizione@cert.comune.palermo.it"], "url": "https://www.comune.palermo.it/amministrazione/unita_organizzativa/uo-circ-ii-direzioneorgani-istituzionali/", "colore": "#911eb4"}}, {"type": "Feature", "geometry": {"type": "Point", "coordinates": [13.3832624, 38.0947897]}, "properties": {"id": "uo-circ-ii-sportello-polifunzionale", "livello": "unita", "nome": "U.O. Circ. II – Sportello Polifunzionale", "area": "Area Servizi Demografici e Decentramento", "settore": "Ufficio autonomo circoscrizioni e postazioni decentrate", "responsabile": "Giovanna Lota' (Funzionario Contabile)", "sede": "Via San Ciro, 15", "indirizzo": "Via S. Ciro, 15, 90124 Palermo PA, Italia", "telefoni": ["0917409618"], "email": ["secondacircoscrizione@cert.comune.palermo.it", "sportellopolifunzionalesecondacircoscrizione@comune.palermo.it"], "pec": ["secondacircoscrizione@cert.comune.palermo.it"], "url": "https://www.comune.palermo.it/amministrazione/unita_organizzativa/uo-circ-ii-sportello-polifunzionale/", "colore": "#911eb4"}}, {"type": "Feature", "geometry": {"type": "Point", "coordinates": [13.3727514, 38.101185]}, "properties": {"id": "uo-circ-iii-direzioneorgani-istituzionali", "livello": "unita", "nome": "U.O. Circ. III – Direzione/Organi Istituzionali", "area": "Area Servizi Demografici e Decentramento", "settore": "Ufficio autonomo circoscrizioni e postazioni decentrate", "responsabile": "Lucia Di Grigoli (Funzionario Contabile)", "sede": "Via F. La Colla, 48/52", "indirizzo": "Via la Colla Francesco, 48, 90124 Palermo PA, Italia", "telefoni": ["0917407509", "0917407518", "0917407524", "0917407527"], "email": ["terzacircoscrizione@cert.comune.palermo.it", "terzacircoscrizione@comune.palermo.it"], "pec": ["terzacircoscrizione@cert.comune.palermo.it"], "url": "https://www.comune.palermo.it/amministrazione/unita_organizzativa/uo-circ-iii-direzioneorgani-istituzionali/", "colore": "#911eb4"}}, {"type": "Feature", "geometry": {"type": "Point", "coordinates": [13.3727514, 38.101185]}, "properties": {"id": "uo-circ-iii-sportello-polifunzionale", "livello": "unita", "nome": "U.O. Circ. III – Sportello Polifunzionale", "area": "Area Servizi Demografici e Decentramento", "settore": "Ufficio autonomo circoscrizioni e postazioni decentrate", "responsabile": "Lucia Di Grigoli (Funzionario Contabile)", "sede": "Via F. La Colla, 48/52", "indirizzo": "Via la Colla Francesco, 48, 90124 Palermo PA, Italia", "telefoni": ["0917407520", "0917407522", "0917407525", "0917407527"], "email": ["sportellopolifunzionaleterzacircoscrizione@comune.palermo.it", "terzacircoscrizione@cert.comune.palermo.it"], "pec": ["terzacircoscrizione@cert.comune.palermo.it"], "url": "https://www.comune.palermo.it/amministrazione/unita_organizzativa/uo-circ-iii-sportello-polifunzionale/", "colore": "#911eb4"}}, {"type": "Feature", "geometry": {"type": "Point", "coordinates": [13.3309621, 38.1041057]}, "properties": {"id": "uo-circ-iv-direzioneorgani-istituzionali", "livello": "unita", "nome": "U.O. Circ. IV – Direzione/Organi Istituzionali", "area": "Area Servizi Demografici e Decentramento", "settore": "Ufficio autonomo circoscrizioni e postazioni decentrate", "responsabile": "Maria Luisa Fricano (Funzionario Amministrativo)", "sede": "Viale Regione Siciliana Nord/Ovest n° 95", "indirizzo": "Viale della Regione Siciliana Nord Ovest, 95, 90129 Palermo PA, Italia", "telefoni": ["0917409502", "0917409526"], "email": ["quartacircoscrizione@cert.comune.palermo.it", "quartacircoscrizione@comune.palermo.it"], "pec": ["quartacircoscrizione@cert.comune.palermo.it"], "url": "https://www.comune.palermo.it/amministrazione/unita_organizzativa/uo-circ-iv-direzioneorgani-istituzionali/", "colore": "#911eb4"}}, {"type": "Feature", "geometry": {"type": "Point", "coordinates": [13.3309621, 38.1041057]}, "properties": {"id": "circ-iv-sportello-polifunzionale", "livello": "unita", "nome": "U.O. Circ. IV – Sportello Polifunzionale", "area": "Area Servizi Demografici e Decentramento", "settore": "Ufficio autonomo circoscrizioni e postazioni decentrate", "responsabile": "Antonella Cosentino (Funzionario Amministrativo)", "sede": "Viale Regione Siciliana Nord/Ovest n° 95", "indirizzo": "Viale della Regione Siciliana Nord Ovest, 95, 90129 Palermo PA, Italia", "telefoni": ["0917409518", "0917409519"], "email": ["quartacircoscrizione@cert.comune.palermo.it", "sportellopolifunzionalequartacircoscrizione@comune.palermo.it"], "pec": ["quartacircoscrizione@cert.comune.palermo.it"], "url": "https://www.comune.palermo.it/amministrazione/unita_organizzativa/circ-iv-sportello-polifunzionale/", "colore": "#911eb4"}}, {"type": "Feature", "geometry": {"type": "Point", "coordinates": [13.299314, 38.1283856]}, "properties": {"id": "uo-circ-v-direzioneorgani-istituzionali", "livello": "unita", "nome": "U.O. Circ. V – Direzione/Organi Istituzionali", "area": "Area Servizi Demografici e Decentramento", "settore": "Ufficio autonomo circoscrizioni e postazioni decentrate", "responsabile": "Francesco Castellana (Funzionario Amministrativo)", "sede": "Largo Pozzillo, 7", "indirizzo": "Largo Pozzillo, 7, 90135 Palermo PA, Italia", "telefoni": ["0917408082", "0917409251", "0917409255", "0917409269"], "email": ["p.ciaperoni@comune.palermo.it", "quintacircoscrizione@cert.comune.palermo.it", "quintacircoscrizione@comune.palermo.it"], "pec": ["quintacircoscrizione@cert.comune.palermo.it"], "url": "https://www.comune.palermo.it/amministrazione/unita_organizzativa/uo-circ-v-direzioneorgani-istituzionali/", "colore": "#911eb4"}}, {"type": "Feature", "geometry": {"type": "Point", "coordinates": [13.299314, 38.1283856]}, "properties": {"id": "uo-circ-v-sportello-polifunzionale", "livello": "unita", "nome": "U.O. Circ. V – Sportello Polifunzionale", "area": "Area Servizi Demografici e Decentramento", "settore": "Ufficio autonomo circoscrizioni e postazioni decentrate", "responsabile": "Francesco Castellana (Funzionario Amministrativo)", "sede": "Largo Pozzillo, 7", "indirizzo": "Largo Pozzillo, 7, 90135 Palermo PA, Italia", "telefoni": ["0917408083", "0917408090"], "email": ["quintacircoscrizione@cert.comune.palermo.it", "rosa.citelli@comune.palermo.it", "sportellopolifunzionalequintacircoscrizione@comune.palermo.it"], "pec": ["quintacircoscrizione@cert.comune.palermo.it"], "url": "https://www.comune.palermo.it/amministrazione/unita_organizzativa/uo-circ-v-sportello-polifunzionale/", "colore": "#911eb4"}}, {"type": "Feature", "geometry": {"type": "Point", "coordinates": [13.3254173, 38.1535917]}, "properties": {"id": "uo-circ-vi-direzioneorgani-istituzionali", "livello": "unita", "nome": "U.O. Circ. VI – Direzione/Organi Istituzionali", "area": "Area Servizi Demografici e Decentramento", "settore": "Ufficio autonomo circoscrizioni e postazioni decentrate", "responsabile": "Francesco Militello (Funzionario Amministrativo)", "sede": "Via Monte San Calogero, 26/28", "indirizzo": "Via Monte San Calogero, 26/28 - 90146 Palermo PA, Italia", "telefoni": ["0917407650", "0917407651", "0917407655", "0917407673"], "email": ["sestacircoscrizione@cert.comune.palermo.it", "sestacircoscrizione@comune.palermo.it"], "pec": ["sestacircoscrizione@cert.comune.palermo.it"], "url": "https://www.comune.palermo.it/amministrazione/unita_organizzativa/uo-circ-vi-direzioneorgani-istituzionali/", "colore": "#911eb4"}}, {"type": "Feature", "geometry": {"type": "Point", "coordinates": [13.3254173, 38.1535917]}, "properties": {"id": "uo-circvi-sportello-polifunzionale", "livello": "unita", "nome": "U.O. Circ. VI – Sportello polifunzionale", "area": "Area Servizi Demografici e Decentramento", "settore": "Ufficio autonomo circoscrizioni e postazioni decentrate", "responsabile": "Francesco Militello (Funzionario Amministrativo)", "sede": "Via Monte San Calogero, 26/28", "indirizzo": "Via Monte San Calogero, 26/28 - 90146 Palermo PA, Italia", "telefoni": ["0917407651", "0917407652"], "email": ["sestacircoscrizione@cert.comune.palermo.it", "sportellopolifunzionalesestacircoscrizione@comune.palermo.it"], "pec": ["sestacircoscrizione@cert.comune.palermo.it"], "url": "https://www.comune.palermo.it/amministrazione/unita_organizzativa/uo-circvi-sportello-polifunzionale/", "colore": "#911eb4"}}, {"type": "Feature", "geometry": {"type": "Point", "coordinates": [13.3187865, 38.1711424]}, "properties": {"id": "uo-circ-vii-direzioneorgani-istituzionali", "livello": "unita", "nome": "U.O. Circ. VII – Direzione/Organi Istituzionali", "area": "Area Servizi Demografici e Decentramento", "settore": "Ufficio autonomo circoscrizioni e postazioni decentrate", "responsabile": "Ettore Pinsolo (Funzionario amministrativo)", "sede": "Via Eleonora Duse, 31", "indirizzo": "Via Eleonora Duse, 31, 90146 Palermo PA, Italia", "telefoni": ["0917409422", "0917409427"], "email": ["organistituzionalisettimacircoscrizione@comune.palermo.it", "settimacircoscrizione@cert.comune.palermo.it", "settimacircoscrizione@comune.palermo.it"], "pec": ["settimacircoscrizione@cert.comune.palermo.it"], "url": "https://www.comune.palermo.it/amministrazione/unita_organizzativa/uo-circ-vii-direzioneorgani-istituzionali/", "colore": "#911eb4"}}, {"type": "Feature", "geometry": {"type": "Point", "coordinates": [13.3187865, 38.1711424]}, "properties": {"id": "uo-circ-vii-sportello-polifunzionale", "livello": "unita", "nome": "U.O. Circ. VII – Sportello Polifunzionale", "area": "Area Servizi Demografici e Decentramento", "settore": "Ufficio autonomo circoscrizioni e postazioni decentrate", "responsabile": "Ettore Pinsolo (Funzionario amministrativo)", "sede": "Via Eleonora Duse, 31", "indirizzo": "Via Eleonora Duse, 31, 90146 Palermo PA, Italia", "telefoni": ["0917409423"], "email": ["settimacircoscrizione@cert.comune.palermo.it", "sportellopolifunzionalesettimacircoscrizione@comune.palermo.it"], "pec": ["settimacircoscrizione@cert.comune.palermo.it"], "url": "https://www.comune.palermo.it/amministrazione/unita_organizzativa/uo-circ-vii-sportello-polifunzionale/", "colore": "#911eb4"}}, {"type": "Feature", "geometry": {"type": "Point", "coordinates": [13.3646413, 38.1424432]}, "properties": {"id": "uo-circ-viii-sportello-polifunzionale", "livello": "unita", "nome": "U.O. Circ. VIII – Sportello Polifunzionale", "area": "Area Servizi Demografici e Decentramento", "settore": "Ufficio autonomo circoscrizioni e postazioni decentrate", "responsabile": "Anna Benassai (Istruttore Amministrativo)", "sede": "Via Enrico Fileti 19", "indirizzo": "Via Enrico Fileti, 19, 90142 Palermo PA, Italia", "telefoni": ["0917407407", "0917407413"], "email": ["ottavacircoscrizione@cert.comune.palermo.it", "ottavacircoscrizione@comune.palermo.it", "pd.montepellegrino@comune.palermo.it", "sportellopolifunzionaleottavacircoscrizione@comune.palermo.it"], "pec": [], "url": "https://www.comune.palermo.it/amministrazione/unita_organizzativa/uo-circ-viii-sportello-polifunzionale/", "colore": "#911eb4"}}, {"type": "Feature", "geometry": {"type": "Point", "coordinates": [13.3646413, 38.1424432]}, "properties": {"id": "uo-circ-viii-direzioneorgani-istituzionali", "livello": "unita", "nome": "U.O. Circ. VIII Direzione/Organi Istituzionali", "area": "Area Servizi Demografici e Decentramento", "settore": "Ufficio autonomo circoscrizioni e postazioni decentrate", "responsabile": "Vincenzo Renato Di Prima (Responsabile di U.O.)", "sede": "Via Enrico Fileti 19", "indirizzo": "Via Enrico Fileti, 19, 90142 Palermo PA, Italia", "telefoni": ["0917407412", "0917407419"], "email": ["ottavacircoscrizione@cert.comune.palermo.it", "ottavacircoscrizione@comune.palermo.it", "pd.montepellegrino@comune.palermo.it", "sportellopolifunzionaleottavacircoscrizione@comune.palermo.it"], "pec": [], "url": "https://www.comune.palermo.it/amministrazione/unita_organizzativa/uo-circ-viii-direzioneorgani-istituzionali/", "colore": "#911eb4"}}, {"type": "Feature", "geometry": {"type": "Point", "coordinates": [13.3088104, 38.1090705]}, "properties": {"id": "uo-pd-boccadifalco", "livello": "unita", "nome": "U.O. P.D. Boccadifalco", "area": "Area Servizi Demografici e Decentramento", "settore": "Ufficio autonomo circoscrizioni e postazioni decentrate", "responsabile": "Monica Rizzuto (Istruttore Amministrativo)", "sede": "Piazza Pietro Micca n° 26", "indirizzo": "Piazza Pietro Micca, 26, 90136 Palermo PA, Italia", "telefoni": ["0917408300", "0917408303"], "email": ["boccadifalco@cert.comune.palermo.it", "m.rizzuto@comune.palermo.it", "pd.boccadifalco@comune.palermo.it"], "pec": ["boccadifalco@cert.comune.palermo.it"], "url": "https://www.comune.palermo.it/amministrazione/unita_organizzativa/uo-pd-boccadifalco/", "colore": "#911eb4"}}, {"type": "Feature", "geometry": {"type": "Point", "coordinates": [13.299314, 38.1283856]}, "properties": {"id": "uo-pd-borgo-nuovo", "livello": "unita", "nome": "U.O. P.D. Borgo Nuovo", "area": "Area Servizi Demografici e Decentramento", "settore": "Ufficio autonomo circoscrizioni e postazioni decentrate", "responsabile": "Pietro Palumberi (Istruttore Contabile)", "sede": "Largo Pozzillo, 7", "indirizzo": "Largo Pozzillo, 7, 90135 Palermo PA, Italia", "telefoni": ["0917409252"], "email": ["borgonuovo@cert.comune.palermo.it", "p.palumberi@comune.palermo.it", "pd.borgonuovo@comune.palermo.it"], "pec": ["borgonuovo@cert.comune.palermo.it"], "url": "https://www.comune.palermo.it/amministrazione/unita_organizzativa/uo-pd-borgo-nuovo/", "colore": "#911eb4"}}, {"type": "Feature", "geometry": {"type": "Point", "coordinates": [13.3832624, 38.0947897]}, "properties": {"id": "uo-pd-brancaccio-settecannoli", "livello": "unita", "nome": "U.O. P.D. Brancaccio Settecannoli", "area": "Area Servizi Demografici e Decentramento", "settore": "Ufficio autonomo circoscrizioni e postazioni decentrate", "responsabile": "Giovanna Lota' (Funzionario Contabile)", "sede": "Via San Ciro, 15", "indirizzo": "Via S. Ciro, 15, 90124 Palermo PA, Italia", "telefoni": ["091 7409637"], "email": ["g.lota@comune.palermo.it", "pd.brancaccio@cert.comune.palermo.it", "pd.brancaccio@comune.palermo.it"], "pec": ["pd.brancaccio@cert.comune.palermo.it"], "url": "https://www.comune.palermo.it/amministrazione/unita_organizzativa/uo-pd-brancaccio-settecannoli/", "colore": "#911eb4"}}, {"type": "Feature", "geometry": {"type": "Point", "coordinates": [13.3533027, 38.0882453]}, "properties": {"id": "uo-pd-capinere", "livello": "unita", "nome": "U.O. P.D. Capinere", "area": "Area Servizi Demografici e Decentramento", "settore": "Ufficio autonomo circoscrizioni e postazioni decentrate", "responsabile": "Vincenza Gargano (Istruttore Amministrativo)", "sede": "Via G. Scaccia, 2", "indirizzo": "Via Girolamo Scaccia, 2, 90125 Palermo PA, Italia", "telefoni": ["0917408660", "0917408661", "0917408662"], "email": ["pd.capinere@cert.comune.palermo.it", "pd.capinere@comune.palermo.it", "v.gargano@comune.palermo.it"], "pec": ["pd.capinere@cert.comune.palermo.it"], "url": "https://www.comune.palermo.it/amministrazione/unita_organizzativa/uo-pd-capinere/", "colore": "#911eb4"}}, {"type": "Feature", "geometry": {"type": "Point", "coordinates": [13.3309621, 38.1041057]}, "properties": {"id": "uo-pd-mezzomonreale", "livello": "unita", "nome": "U.O. P.D. Mezzomonreale", "area": "Area Servizi Demografici e Decentramento", "settore": "Ufficio autonomo circoscrizioni e postazioni decentrate", "responsabile": "Maria Rosaria Alimena (Istruttore Amministrativo)", "sede": "Viale Regione Siciliana Nord/Ovest n° 95", "indirizzo": "Viale della Regione Siciliana Nord Ovest, 95, 90129 Palermo PA, Italia", "telefoni": ["0917409500", "0917409514", "0917409515"], "email": ["m.r.alimena@comune.palermo.it", "pd.mezzomonreale@comune.palermo.it", "quartacircoscrizione@cert.comune.palermo.it"], "pec": ["quartacircoscrizione@cert.comune.palermo.it"], "url": "https://www.comune.palermo.it/amministrazione/unita_organizzativa/uo-pd-mezzomonreale/", "colore": "#911eb4"}}, {"type": "Feature", "geometry": {"type": "Point", "coordinates": [13.3646413, 38.1424432]}, "properties": {"id": "uo-pd-montepellegrino", "livello": "unita", "nome": "U.O. P.D. Montepellegrino", "area": "Area Servizi Demografici e Decentramento", "settore": "Ufficio autonomo circoscrizioni e postazioni decentrate", "responsabile": "Caterina Vitali", "sede": "Via Enrico Fileti 19", "indirizzo": "Via Enrico Fileti, 19, 90142 Palermo PA, Italia", "telefoni": ["0917407419"], "email": ["caterina.vitali@comune.palermo.it", "pd.montepellegrino@cert.comune.palermo.it", "pd.montepellegrino@comune.palermo.it"], "pec": ["pd.montepellegrino@cert.comune.palermo.it"], "url": "https://www.comune.palermo.it/amministrazione/unita_organizzativa/uo-pd-montepellegrino/", "colore": "#911eb4"}}, {"type": "Feature", "geometry": {"type": "Point", "coordinates": [13.3408398, 38.1273709]}, "properties": {"id": "uo-pd-noce-malaspina", "livello": "unita", "nome": "U.O. P.D. Noce Malaspina", "area": "Area Servizi Demografici e Decentramento", "settore": "Ufficio autonomo circoscrizioni e postazioni decentrate", "responsabile": "Silvana Roccella (Istruttore Contabile)", "sede": "Via Generale Sirtori, 31", "indirizzo": "Via Generale Giuseppe Sirtori, 31, 90145 Palermo PA, Italia", "telefoni": ["0917409080"], "email": ["pd.nocemalaspina@cert.comune.palermo.it", "pd.nocemalaspina@comune.palermo.it", "s.roccella@comune.palermo.it"], "pec": ["pd.nocemalaspina@cert.comune.palermo.it"], "url": "https://www.comune.palermo.it/amministrazione/unita_organizzativa/uo-pd-noce-malaspina/", "colore": "#911eb4"}}, {"type": "Feature", "geometry": {"type": "Point", "coordinates": [13.3187865, 38.1711424]}, "properties": {"id": "uo-pd-pallavicino", "livello": "unita", "nome": "U.O. P.D. Pallavicino", "area": "Area Servizi Demografici e Decentramento", "settore": "Ufficio autonomo circoscrizioni e postazioni decentrate", "responsabile": "Valeria Bellavia (Istruttore Amministrativo)", "sede": "Via Eleonora Duse, 31", "indirizzo": "Via Eleonora Duse, 31, 90146 Palermo PA, Italia", "telefoni": ["0917409440"], "email": ["pd.pallavicino@cert.comune.palermo.it", "pd.pallavicino@comune.palermo.it", "v.bellavia@comune.palermo.it"], "pec": ["pd.pallavicino@cert.comune.palermo.it"], "url": "https://www.comune.palermo.it/amministrazione/unita_organizzativa/uo-pd-pallavicino/", "colore": "#911eb4"}}, {"type": "Feature", "geometry": {"type": "Point", "coordinates": [13.3691089, 38.1168163]}, "properties": {"id": "uo-pd-piazza-marina", "livello": "unita", "nome": "U.O. P.D. Piazza Marina", "area": "Area Servizi Demografici e Decentramento", "settore": "Ufficio autonomo circoscrizioni e postazioni decentrate", "responsabile": "Iole Maria De Luca (Istruttore Amministrativo)", "sede": "Piazza Marina, 44", "indirizzo": "Piazza Marina, 44, 90133 Palermo PA, Italia", "telefoni": ["0916166387"], "email": ["i.m.deluca@comune.palermo.it", "pd.piazzamarina@cert.comune.palermo.it", "pd.piazzamarina@comune.palermo.it"], "pec": ["pd.piazzamarina@cert.comune.palermo.it"], "url": "https://www.comune.palermo.it/amministrazione/unita_organizzativa/uo-pd-piazza-marina/", "colore": "#911eb4"}}, {"type": "Feature", "geometry": {"type": "Point", "coordinates": [13.3254173, 38.1535917]}, "properties": {"id": "uo-pd-resuttana-san-lorenzo", "livello": "unita", "nome": "U.O. P.D. Resuttana San Lorenzo", "area": "Area Servizi Demografici e Decentramento", "settore": "Ufficio autonomo circoscrizioni e postazioni decentrate", "responsabile": "Arianna Bucaro (Istruttore Contabile)", "sede": "Via Monte San Calogero, 26/28", "indirizzo": "Via Monte San Calogero, 26/28 - 90146 Palermo PA, Italia", "telefoni": ["0917407652", "0917407665", "0917407698"], "email": ["a.bucaro@comune.palermo.it", "pd.resuttana@comune.palermo.it", "resuttana@cert.comune.palermo.it"], "pec": ["resuttana@cert.comune.palermo.it"], "url": "https://www.comune.palermo.it/amministrazione/unita_organizzativa/uo-pd-resuttana-san-lorenzo/", "colore": "#911eb4"}}, {"type": "Feature", "geometry": {"type": "Point", "coordinates": [13.3548696, 38.1026977]}, "properties": {"id": "uo-pd-tricomi", "livello": "unita", "nome": "U.O. P.D. Tricomi", "area": "Area Servizi Demografici e Decentramento", "settore": "Ufficio autonomo circoscrizioni e postazioni decentrate", "responsabile": "Maria Luisa Fricano (Funzionario Amministrativo)", "sede": "Via Tricomi, 14/A", "indirizzo": "Via Ernesto Tricomi, 14/A, 90128 Palermo PA, Italia", "telefoni": ["0917408640", "0917408641", "0917408642"], "email": ["pd.tricomi@comune.palermo.it", "r.nicosia@comune.palermo.it", "tricomi@cert.comune.palermo.it"], "pec": ["tricomi@cert.comune.palermo.it"], "url": "https://www.comune.palermo.it/amministrazione/unita_organizzativa/uo-pd-tricomi/", "colore": "#911eb4"}}, {"type": "Feature", "geometry": {"type": "Point", "coordinates": [13.3660875, 38.1106322]}, "properties": {"id": "uo-staff-dirigente-di-servizio", "livello": "unita", "nome": "U.O. Staff Dirigente di Servizio", "area": "Area Servizi Demografici e Decentramento", "settore": "Ufficio autonomo circoscrizioni e postazioni decentrate", "responsabile": "", "sede": "Piazza Giulio Cesare, 52", "indirizzo": "P.za Giulio Cesare, 52, 90133 Palermo PA, Italia", "telefoni": ["0917403721"], "email": ["a.pagano@comune.palermo.it", "ufficioautonomocircoscrizioni@comune.palermo.it"], "pec": [], "url": "https://www.comune.palermo.it/amministrazione/unita_organizzativa/uo-staff-dirigente-di-servizio/", "colore": "#911eb4"}}, {"type": "Feature", "geometry": {"type": "Point", "coordinates": [13.3668992, 38.1170384]}, "properties": {"id": "area-societa-partecipate", "livello": "area", "nome": "Area Società Partecipate", "area": "Area Società Partecipate", "settore": "", "responsabile": "Roberto Giacomo Pulizzi (Dirigente Amministrativo)", "sede": "Palazzo Galletti di S. Cataldo", "indirizzo": "Piazza Marina, 46, 90133 Palermo PA", "telefoni": ["0917406360"], "email": ["controlloaefsocietapartecipate@cert.comune.palermo.it", "controlloaefsocietapartecipate@comune.palermo.it"], "pec": ["controlloaefsocietapartecipate@cert.comune.palermo.it"], "url": "https://www.comune.palermo.it/amministrazione/unita_organizzativa/area-societa-partecipate/", "colore": "#00a6a6"}}, {"type": "Feature", "geometry": {"type": "Point", "coordinates": [13.3668992, 38.1170384]}, "properties": {"id": "capo-area-responsabile-per-le-societ-partecipate", "livello": "settore", "nome": "Capo Area Responsabile per le Società Partecipate", "area": "Area Società Partecipate", "settore": "Capo Area Responsabile per le Società Partecipate", "responsabile": "Roberto Giacomo Pulizzi (Dirigente Amministrativo)", "sede": "Palazzo Galletti di S. Cataldo", "indirizzo": "Piazza Marina, 46, 90133 Palermo PA", "telefoni": ["0917406361", "0917406369"], "email": ["controlloaefsocietapartecipate@cert.comune.palermo.it", "controlloaefsocietapartecipate@comune.palermo.it"], "pec": ["controlloaefsocietapartecipate@cert.comune.palermo.it"], "url": "https://www.comune.palermo.it/amministrazione/unita_organizzativa/capo-area-responsabile-per-le-societ-partecipate/", "colore": "#00a6a6"}}, {"type": "Feature", "geometry": {"type": "Point", "coordinates": [13.3668992, 38.1170384]}, "properties": {"id": "uo-controllo-delle-societ-partecipate-amat-amg-energia-sispi-gesap-fondazione-teatro-massimo-associazione-teatro-biondo", "livello": "unita", "nome": "U.O. Controllo delle Società Partecipate AMAT, AMG Energia, SISPI, GESAP, Fondazione Teatro Massimo, Associazione Teatro Biondo.", "area": "Area Società Partecipate", "settore": "Capo Area Responsabile per le Società Partecipate", "responsabile": "Mario Antonio Scibetta (Funzionario Amministrativo)", "sede": "Palazzo Galletti di S. Cataldo", "indirizzo": "Piazza Marina, 46, 90133 Palermo PA", "telefoni": ["0917406332"], "email": ["controlloaefsocietapartecipate@cert.comune.palermo.it", "controlloaefsocietapartecipate@comune.palermo.it"], "pec": ["controlloaefsocietapartecipate@cert.comune.palermo.it"], "url": "https://www.comune.palermo.it/amministrazione/unita_organizzativa/uo-controllo-delle-societ-partecipate-amat-amg-energia-sispi-gesap-fondazione-teatro-massimo-associazione-teatro-biondo/", "colore": "#00a6a6"}}, {"type": "Feature", "geometry": {"type": "Point", "coordinates": [13.3668992, 38.1170384]}, "properties": {"id": "uo-controllo-delle-societ-partecipate-rap-reset-srr-amap-ati-idrico-acquedotto-biviere", "livello": "unita", "nome": "U.O. Controllo delle Società Partecipate RAP, RESET, SRR, AMAP, ATI IDRICO, Acquedotto Biviere", "area": "Area Società Partecipate", "settore": "Capo Area Responsabile per le Società Partecipate", "responsabile": "Francesco Paolo Dottore (Funzionario Amministrativo)", "sede": "Palazzo Galletti di S. Cataldo", "indirizzo": "Piazza Marina, 46, 90133 Palermo PA", "telefoni": ["0917406313"], "email": ["controlloaefsocietapartecipate@cert.comune.palermo.it", "controlloaefsocietapartecipate@comune.palermo.it"], "pec": ["controlloaefsocietapartecipate@cert.comune.palermo.it"], "url": "https://www.comune.palermo.it/amministrazione/unita_organizzativa/uo-controllo-delle-societ-partecipate-rap-reset-srr-amap-ati-idrico-acquedotto-biviere/", "colore": "#00a6a6"}}, {"type": "Feature", "geometry": {"type": "Point", "coordinates": [13.3668992, 38.1170384]}, "properties": {"id": "uo-staff-dellassessore-alle-societ-partecipate", "livello": "unita", "nome": "U.O. Staff dell’Assessore alle società Partecipate", "area": "Area Società Partecipate", "settore": "Capo Area Responsabile per le Società Partecipate", "responsabile": "Caterina Baudo (Funzionario Amministrativo)", "sede": "Palazzo Galletti di S. Cataldo", "indirizzo": "Piazza Marina, 46, 90133 Palermo PA", "telefoni": ["0917406323"], "email": ["controlloaefsocietapartecipate@cert.comune.palermo.it", "controlloaefsocietapartecipate@comune.palermo.it"], "pec": ["controlloaefsocietapartecipate@cert.comune.palermo.it"], "url": "https://www.comune.palermo.it/amministrazione/unita_organizzativa/uo-staff-dellassessore-alle-societ-partecipate/", "colore": "#00a6a6"}}, {"type": "Feature", "geometry": {"type": "Point", "coordinates": [13.3668992, 38.1170384]}, "properties": {"id": "uo-ufficio-di-staff-del-capo-area-e-gestione-del-personale", "livello": "unita", "nome": "U.O. Ufficio di Staff del Capo Area e Gestione del personale", "area": "Area Società Partecipate", "settore": "Capo Area Responsabile per le Società Partecipate", "responsabile": "Rosalba D'Antoni (Funzionario Amministrativo)", "sede": "Palazzo Galletti di S. Cataldo", "indirizzo": "Piazza Marina, 46, 90133 Palermo PA", "telefoni": ["0917406331", "0917406367"], "email": ["controlloaefsocietapartecipate@cert.comune.palermo.it", "controlloaefsocietapartecipate@comune.palermo.it"], "pec": ["controlloaefsocietapartecipate@cert.comune.palermo.it"], "url": "https://www.comune.palermo.it/amministrazione/unita_organizzativa/uo-ufficio-di-staff-del-capo-area-e-gestione-del-personale/", "colore": "#00a6a6"}}, {"type": "Feature", "geometry": {"type": "Point", "coordinates": [13.3668992, 38.1170384]}, "properties": {"id": "ufficio-controllo-economico-finanziario-societ-partecipate", "livello": "settore", "nome": "Ufficio controllo economico finanziario società partecipate", "area": "Area Società Partecipate", "settore": "Ufficio controllo economico finanziario società partecipate", "responsabile": "Maurizio Pedicone (Dirigente Amministrativo)", "sede": "Palazzo Galletti di S. Cataldo", "indirizzo": "Piazza Marina, 46, 90133 Palermo PA", "telefoni": ["091 7406360"], "email": ["controlloaefsocietapartecipate@cert.comune.palermo.it", "controlloaefsocietapartecipate@comune.palermo.it"], "pec": ["controlloaefsocietapartecipate@cert.comune.palermo.it"], "url": "https://www.comune.palermo.it/amministrazione/unita_organizzativa/ufficio-controllo-economico-finanziario-societ-partecipate/", "colore": "#00a6a6"}}, {"type": "Feature", "geometry": {"type": "Point", "coordinates": [13.3668992, 38.1170384]}, "properties": {"id": "uo-controllo-delle-societ-partecipate-amat-spa-amg-energia-spa-sispi-spa-gesap-fondazione-teatro-massimo-associazione-teatro-biondo-e-altre-partecipazioni-minori", "livello": "unita", "nome": "U.O. Controllo delle società partecipate AMAT spa, AMG Energia spa, Sispi spa, Gesap, Fondazione Teatro Massimo, Associazione Teatro Biondo e altre partecipazioni minori", "area": "Area Società Partecipate", "settore": "Ufficio controllo economico finanziario società partecipate", "responsabile": "Francesco Paolo Sanfilippo (Funzionario Contabile)", "sede": "Palazzo Galletti di S. Cataldo", "indirizzo": "Piazza Marina, 46, 90133 Palermo PA", "telefoni": ["091 7401111", "091 7406324", "091 7406330", "091 7406360"], "email": ["controlloaefsocietapartecipate@comune.palermo.it", "controlloecofinpartecipate@cert.comune.palermo.it", "controlloecofinpartecipate@comune.palermo.it"], "pec": ["controlloecofinpartecipate@cert.comune.palermo.it"], "url": "https://www.comune.palermo.it/amministrazione/unita_organizzativa/uo-controllo-delle-societ-partecipate-amat-spa-amg-energia-spa-sispi-spa-gesap-fondazione-teatro-massimo-associazione-teatro-biondo-e-altre-partecipazioni-minori/", "colore": "#00a6a6"}}, {"type": "Feature", "geometry": {"type": "Point", "coordinates": [13.3668992, 38.1170384]}, "properties": {"id": "uo-controllo-delle-societ-partecipate-rap-spa-reset-scpa-srr-amap-spa-ati-idrico-acquedotto-biviere", "livello": "unita", "nome": "U.O. Controllo delle società partecipate RAP spa, Reset s.c.p.a., SRR, Amap spa, ATI idrico, Acquedotto Biviere", "area": "Area Società Partecipate", "settore": "Ufficio controllo economico finanziario società partecipate", "responsabile": "Francesco Paolo Sanfilippo (Funzionario Contabile)", "sede": "Palazzo Galletti di S. Cataldo", "indirizzo": "Piazza Marina, 46, 90133 Palermo PA", "telefoni": ["091 7401111", "091 7406324", "091 7406330", "091 7406360"], "email": ["controlloaefsocietapartecipate@comune.palermo.it", "controlloecofinpartecipate@cert.comune.palermo.it", "controlloecofinpartecipate@comune.palermo.it"], "pec": ["controlloecofinpartecipate@cert.comune.palermo.it"], "url": "https://www.comune.palermo.it/amministrazione/unita_organizzativa/uo-controllo-delle-societ-partecipate-rap-spa-reset-scpa-srr-amap-spa-ati-idrico-acquedotto-biviere/", "colore": "#00a6a6"}}, {"type": "Feature", "geometry": {"type": "Point", "coordinates": [13.3350655, 38.1489097]}, "properties": {"id": "area-urbanistica-della-rigenerazione-urbana-della-mobilita-e-del-centro-storico", "livello": "area", "nome": "Area Urbanistica della rigenerazione urbana, della mobilità e del centro storico", "area": "Area Urbanistica della rigenerazione urbana, della mobilità e del centro storico", "settore": "", "responsabile": "Marco Ciralli (Dirigente Tecnico)", "sede": "Polo Tecnico", "indirizzo": "Via Ausonia, 69, 90144 Palermo PA, Italia", "telefoni": ["0917401533", "0917401535"], "email": ["pianificazioneterritoriale@cert.comune.palermo.it", "pianificazioneterritoriale@comune.palermo.it"], "pec": ["pianificazioneterritoriale@cert.comune.palermo.it"], "url": "https://www.comune.palermo.it/amministrazione/unita_organizzativa/area-urbanistica-della-rigenerazione-urbana-della-mobilita-e-del-centro-storico/", "colore": "#d4a017"}}, {"type": "Feature", "geometry": {"type": "Point", "coordinates": [13.3350655, 38.1489097]}, "properties": {"id": "capo-area-responsabile-della-pianificazione-urbanistica", "livello": "settore", "nome": "Capo Area responsabile della pianificazione urbanistica", "area": "Area Urbanistica della rigenerazione urbana, della mobilità e del centro storico", "settore": "Capo Area responsabile della pianificazione urbanistica", "responsabile": "Marco Ciralli (Dirigente Tecnico)", "sede": "Polo Tecnico", "indirizzo": "Via Ausonia, 69, 90144 Palermo PA, Italia", "telefoni": ["0917401533", "0917401535"], "email": ["pianificazioneterritoriale@cert.comune.palermo.it", "pianificazioneterritoriale@comune.palermo.it"], "pec": ["pianificazioneterritoriale@cert.comune.palermo.it"], "url": "https://www.comune.palermo.it/amministrazione/unita_organizzativa/capo-area-responsabile-della-pianificazione-urbanistica/", "colore": "#d4a017"}}, {"type": "Feature", "geometry": {"type": "Point", "coordinates": [13.3350655, 38.1489097]}, "properties": {"id": "uo-certificazione-prg-e-contenzioso", "livello": "unita", "nome": "U.O. Certificazione P.R.G. e Contenzioso", "area": "Area Urbanistica della rigenerazione urbana, della mobilità e del centro storico", "settore": "Capo Area responsabile della pianificazione urbanistica", "responsabile": "Vincenzo Collura (Funzionario Tecnico)", "sede": "Polo Tecnico", "indirizzo": "Via Ausonia, 69, 90144 Palermo PA, Italia", "telefoni": ["0917401357", "0917401375"], "email": ["gestionestrumentiurbanistici@comune.palermo.it", "pianificazioneterritoriale@cert.comune.palermo.it", "v.collura@comune.palermo.it"], "pec": ["pianificazioneterritoriale@cert.comune.palermo.it"], "url": "https://www.comune.palermo.it/amministrazione/unita_organizzativa/uo-certificazione-prg-e-contenzioso/", "colore": "#d4a017"}}, {"type": "Feature", "geometry": {"type": "Point", "coordinates": [13.3350655, 38.1489097]}, "properties": {"id": "uo-segreteria-amministrativa-in-staff-al-capo-area-spese-di-funzionamento-economato-gestione-del-personale", "livello": "unita", "nome": "U.O. Segreteria Amministrativa in Staff al Capo Area – Spese di Funzionamento – Economato – Gestione del Personale", "area": "Area Urbanistica della rigenerazione urbana, della mobilità e del centro storico", "settore": "Capo Area responsabile della pianificazione urbanistica", "responsabile": "Vita Mandala' (Funzionario Amministrativo)", "sede": "Polo Tecnico", "indirizzo": "Via Ausonia, 69, 90144 Palermo PA, Italia", "telefoni": ["0917401609"], "email": ["p.sampino@comune.palermo.it", "pianificazioneterritoriale@cert.comune.palermo.it", "pianificazioneterritoriale@comune.palermo.it"], "pec": ["pianificazioneterritoriale@cert.comune.palermo.it"], "url": "https://www.comune.palermo.it/amministrazione/unita_organizzativa/uo-segreteria-amministrativa-in-staff-al-capo-area-spese-di-funzionamento-economato-gestione-del-personale/", "colore": "#d4a017"}}, {"type": "Feature", "geometry": {"type": "Point", "coordinates": [13.3350655, 38.1489097]}, "properties": {"id": "ufficio-condono-sanatorie-edilizie-e-abusivismo", "livello": "settore", "nome": "Ufficio condono, sanatorie edilizie e abusivismo", "area": "Area Urbanistica della rigenerazione urbana, della mobilità e del centro storico", "settore": "Ufficio condono, sanatorie edilizie e abusivismo", "responsabile": "Sebastiano Cucuzza (Dirigente Tecnico)", "sede": "Polo Tecnico", "indirizzo": "Via Ausonia, 69, 90144 Palermo PA, Italia", "telefoni": ["0917401244"], "email": ["condonoedilizio@comune.palermo.it", "controlloterritorio@cert.comune.palermo.it", "controlloterritorio@comune.palermo.it"], "pec": ["controlloterritorio@cert.comune.palermo.it"], "url": "https://www.comune.palermo.it/amministrazione/unita_organizzativa/ufficio-condono-sanatorie-edilizie-e-abusivismo/", "colore": "#d4a017"}}, {"type": "Feature", "geometry": {"type": "Point", "coordinates": [13.3350655, 38.1489097]}, "properties": {"id": "uo-affari-generali-e-archivio-abusivismo", "livello": "unita", "nome": "U.O. Affari Generali e Archivio Abusivismo", "area": "Area Urbanistica della rigenerazione urbana, della mobilità e del centro storico", "settore": "Ufficio condono, sanatorie edilizie e abusivismo", "responsabile": "Antonino Di Falco (Funzionario Tecnico Ingegnere - Progettista)", "sede": "Polo Tecnico", "indirizzo": "Via Ausonia, 69, 90144 Palermo PA, Italia", "telefoni": ["0917401344"], "email": ["controllodelterritorio@comune.palermo.it", "controllodeterittorio@cert.comune.palermo.it"], "pec": ["controllodeterittorio@cert.comune.palermo.it"], "url": "https://www.comune.palermo.it/amministrazione/unita_organizzativa/uo-affari-generali-e-archivio-abusivismo/", "colore": "#d4a017"}}, {"type": "Feature", "geometry": {"type": "Point", "coordinates": [13.3350655, 38.1489097]}, "properties": {"id": "uo-affari-generali-e-archivio-condono", "livello": "unita", "nome": "U.O. Affari Generali e Archivio Condono", "area": "Area Urbanistica della rigenerazione urbana, della mobilità e del centro storico", "settore": "Ufficio condono, sanatorie edilizie e abusivismo", "responsabile": "Claudio Pecoraro (Funzionario Amministrativo)", "sede": "Polo Tecnico", "indirizzo": "Via Ausonia, 69, 90144 Palermo PA, Italia", "telefoni": ["0917401282"], "email": ["condonoedilizio@cert.comune.palermo.it", "condonoedilizio@comune.palermo.it"], "pec": ["condonoedilizio@cert.comune.palermo.it"], "url": "https://www.comune.palermo.it/amministrazione/unita_organizzativa/uo-affari-generali-e-archivio-condono/", "colore": "#d4a017"}}, {"type": "Feature", "geometry": {"type": "Point", "coordinates": [13.3350655, 38.1489097]}, "properties": {"id": "uo-amministrativa-abusivismo", "livello": "unita", "nome": "U.O. Amministrativa Abusivismo", "area": "Area Urbanistica della rigenerazione urbana, della mobilità e del centro storico", "settore": "Ufficio condono, sanatorie edilizie e abusivismo", "responsabile": "Gaetana Sole (Funzionario Amministrativo)", "sede": "Polo Tecnico", "indirizzo": "Via Ausonia, 69, 90144 Palermo PA, Italia", "telefoni": ["0917401276"], "email": ["controllodelterritorio@comune.palermo.it", "controllodeterittorio@cert.comune.palermo.it"], "pec": ["controllodeterittorio@cert.comune.palermo.it"], "url": "https://www.comune.palermo.it/amministrazione/unita_organizzativa/uo-amministrativa-abusivismo/", "colore": "#d4a017"}}, {"type": "Feature", "geometry": {"type": "Point", "coordinates": [13.3350655, 38.1489097]}, "properties": {"id": "uo-istruttoria-tecnica-condono-edilizio", "livello": "unita", "nome": "U.O. Istruttoria Tecnica Condono Edilizio", "area": "Area Urbanistica della rigenerazione urbana, della mobilità e del centro storico", "settore": "Ufficio condono, sanatorie edilizie e abusivismo", "responsabile": "Guido Perricone (Esperto Tecnico Progettista)", "sede": "Polo Tecnico", "indirizzo": "Via Ausonia, 69, 90144 Palermo PA, Italia", "telefoni": ["0917401235"], "email": ["condonoedilizio@cert.comune.palermo.it", "condonoedilizio@comune.palermo.it"], "pec": ["condonoedilizio@cert.comune.palermo.it"], "url": "https://www.comune.palermo.it/amministrazione/unita_organizzativa/uo-istruttoria-tecnica-condono-edilizio/", "colore": "#d4a017"}}, {"type": "Feature", "geometry": {"type": "Point", "coordinates": [13.3350655, 38.1489097]}, "properties": {"id": "uo-perizie-giurate-condono-edilizio", "livello": "unita", "nome": "U.O. Perizie Giurate Condono Edilizio", "area": "Area Urbanistica della rigenerazione urbana, della mobilità e del centro storico", "settore": "Ufficio condono, sanatorie edilizie e abusivismo", "responsabile": "Gaetano Giuseppe Manno (Funzionario Tecnico)", "sede": "Polo Tecnico", "indirizzo": "Via Ausonia, 69, 90144 Palermo PA, Italia", "telefoni": ["0917401213"], "email": ["condonoedilizio@cert.comune.palermo.it", "condonoedilizio@comune.palermo.it"], "pec": ["condonoedilizio@cert.comune.palermo.it"], "url": "https://www.comune.palermo.it/amministrazione/unita_organizzativa/uo-perizie-giurate-condono-edilizio/", "colore": "#d4a017"}}, {"type": "Feature", "geometry": {"type": "Point", "coordinates": [13.3350655, 38.1489097]}, "properties": {"id": "uo-rapporti-con-lautorit-giudiziaria-abitabilit-e-visure-di-prg", "livello": "unita", "nome": "U.O. Rapporti con l’Autorità Giudiziaria, Abitabilità e Visure di PRG", "area": "Area Urbanistica della rigenerazione urbana, della mobilità e del centro storico", "settore": "Ufficio condono, sanatorie edilizie e abusivismo", "responsabile": "Giuseppe Trapani (Esperto Tecnico Progettista)", "sede": "Polo Tecnico", "indirizzo": "Via Ausonia, 69, 90144 Palermo PA, Italia", "telefoni": ["0917401244"], "email": ["condonoedilizio@cert.comune.palermo.it", "condonoedilizio@comune.palermo.it"], "pec": ["condonoedilizio@cert.comune.palermo.it"], "url": "https://www.comune.palermo.it/amministrazione/unita_organizzativa/uo-rapporti-con-lautorit-giudiziaria-abitabilit-e-visure-di-prg/", "colore": "#d4a017"}}, {"type": "Feature", "geometry": {"type": "Point", "coordinates": [13.3350655, 38.1489097]}, "properties": {"id": "uo-staff-direzione-condono-abusivismo", "livello": "unita", "nome": "U.O. Staff Direzione – Condono – Abusivismo", "area": "Area Urbanistica della rigenerazione urbana, della mobilità e del centro storico", "settore": "Ufficio condono, sanatorie edilizie e abusivismo", "responsabile": "Michela Alba", "sede": "Polo Tecnico", "indirizzo": "Via Ausonia, 69, 90144 Palermo PA, Italia", "telefoni": ["0917401244"], "email": ["condonoedilizio@cert.comune.palermo.it", "condonoedilizio@comune.palermo.it"], "pec": ["condonoedilizio@cert.comune.palermo.it"], "url": "https://www.comune.palermo.it/amministrazione/unita_organizzativa/uo-staff-direzione-condono-abusivismo/", "colore": "#d4a017"}}, {"type": "Feature", "geometry": {"type": "Point", "coordinates": [13.3350655, 38.1489097]}, "properties": {"id": "uo-tecnica-provvedimenti-sanzionatori-abusivismo", "livello": "unita", "nome": "U.O. Tecnica – Provvedimenti Sanzionatori – Abusivismo", "area": "Area Urbanistica della rigenerazione urbana, della mobilità e del centro storico", "settore": "Ufficio condono, sanatorie edilizie e abusivismo", "responsabile": "Antonia Epifani (Architetto)", "sede": "Polo Tecnico", "indirizzo": "Via Ausonia, 69, 90144 Palermo PA, Italia", "telefoni": ["0917401254"], "email": ["controllodelterritorio@comune.palermo.it", "controllodeterittorio@cert.comune.palermo.it"], "pec": ["controllodeterittorio@cert.comune.palermo.it"], "url": "https://www.comune.palermo.it/amministrazione/unita_organizzativa/uo-tecnica-provvedimenti-sanzionatori-abusivismo/", "colore": "#d4a017"}}, {"type": "Feature", "geometry": {"type": "Point", "coordinates": [13.3350655, 38.1489097]}, "properties": {"id": "ufficio-pianificazione-della-mobilita-sostenibile", "livello": "settore", "nome": "Ufficio pianificazione della mobilità sostenibile", "area": "Area Urbanistica della rigenerazione urbana, della mobilità e del centro storico", "settore": "Ufficio pianificazione della mobilità sostenibile", "responsabile": "Roberto Biondo (Dirigente Tecnico)", "sede": "Polo Tecnico", "indirizzo": "Via Ausonia, 69, 90144 Palermo PA, Italia", "telefoni": ["0917401588", "0917401607"], "email": ["trasportopubblicodimassa@cert.comune.palermo.it", "trasportopubblicodimassa@comune.palermo.it"], "pec": ["trasportopubblicodimassa@cert.comune.palermo.it"], "url": "https://www.comune.palermo.it/amministrazione/unita_organizzativa/ufficio-pianificazione-della-mobilita-sostenibile/", "colore": "#d4a017"}}, {"type": "Feature", "geometry": {"type": "Point", "coordinates": [13.3350655, 38.1489097]}, "properties": {"id": "uo-grandi-infrastrutture", "livello": "unita", "nome": "U.O. Grandi Infrastrutture", "area": "Area Urbanistica della rigenerazione urbana, della mobilità e del centro storico", "settore": "Ufficio pianificazione della mobilità sostenibile", "responsabile": "Alessandro Augello (Funzionario Tecnico Architetto)", "sede": "Polo Tecnico", "indirizzo": "Via Ausonia, 69, 90144 Palermo PA, Italia", "telefoni": ["0917401328"], "email": ["a.augello@comune.palermo.it"], "pec": [], "url": "https://www.comune.palermo.it/amministrazione/unita_organizzativa/uo-grandi-infrastrutture/", "colore": "#d4a017"}}, {"type": "Feature", "geometry": {"type": "Point", "coordinates": [13.3350655, 38.1489097]}, "properties": {"id": "uo-programmazione-tecnica-delle-attivit-afferenti-a-tutti-gli-interventi-del-trasporto-pubblico-di-massa-a-guida-vincolata-e-greenway", "livello": "unita", "nome": "U.O. Programmazione tecnica delle attività afferenti a tutti gli interventi del trasporto pubblico di massa a guida vincolata e greenway", "area": "Area Urbanistica della rigenerazione urbana, della mobilità e del centro storico", "settore": "Ufficio pianificazione della mobilità sostenibile", "responsabile": "Leonarda Silvana Chirco (Funzionario Tecnico Architetto)", "sede": "Polo Tecnico", "indirizzo": "Via Ausonia, 69, 90144 Palermo PA, Italia", "telefoni": ["0917401607"], "email": ["l.s.chirco@comune.palermo.it"], "pec": [], "url": "https://www.comune.palermo.it/amministrazione/unita_organizzativa/uo-programmazione-tecnica-delle-attivit-afferenti-a-tutti-gli-interventi-del-trasporto-pubblico-di-massa-a-guida-vincolata-e-greenway/", "colore": "#d4a017"}}, {"type": "Feature", "geometry": {"type": "Point", "coordinates": [13.3350655, 38.1489097]}, "properties": {"id": "uo-servizi-amministrativi-mobilita", "livello": "unita", "nome": "U.O. Servizi Amministrativi – Mobilita’", "area": "Area Urbanistica della rigenerazione urbana, della mobilità e del centro storico", "settore": "Ufficio pianificazione della mobilità sostenibile", "responsabile": "Bernardina Marrone (Istruttore Amministrativo)", "sede": "Polo Tecnico", "indirizzo": "Via Ausonia, 69, 90144 Palermo PA, Italia", "telefoni": [], "email": ["b.marrone@comune.palermo.it"], "pec": [], "url": "https://www.comune.palermo.it/amministrazione/unita_organizzativa/uo-servizi-amministrativi-mobilita/", "colore": "#d4a017"}}, {"type": "Feature", "geometry": {"type": "Point", "coordinates": [13.3741244, 38.1168027]}, "properties": {"id": "ufficio-per-la-rigenerazione-urbana-e-la-qualita-dello-spazio-pubblico-e-dellabitare-aree-monumentali-e-pedonali", "livello": "settore", "nome": "Ufficio per la rigenerazione urbana e la qualità dello spazio pubblico e dell’abitare – aree monumentali e pedonali", "area": "Area Urbanistica della rigenerazione urbana, della mobilità e del centro storico", "settore": "Ufficio per la rigenerazione urbana e la qualità dello spazio pubblico e dell’abitare – aree monumentali e pedonali", "responsabile": "Adriano Salvatore Di Francisca (Dirigente Tecnico)", "sede": "Ex Noviziato dei Crociferi", "indirizzo": "Via Foro Umberto I n. 14, 90133 Palermo PA, Italia", "telefoni": ["091 7406840", "091 7406844"], "email": ["rigenerazioneurbana@cert.comune.palermo.it", "rigenerazioneurbana@comune.palermo.it"], "pec": ["rigenerazioneurbana@cert.comune.palermo.it"], "url": "https://www.comune.palermo.it/amministrazione/unita_organizzativa/ufficio-per-la-rigenerazione-urbana-e-la-qualita-dello-spazio-pubblico-e-dellabitare-aree-monumentali-e-pedonali/", "colore": "#d4a017"}}, {"type": "Feature", "geometry": {"type": "Point", "coordinates": [13.3741244, 38.1168027]}, "properties": {"id": "uo-interventi-di-rigenerazione-urbana-in-partenariato-pubblico-privato", "livello": "unita", "nome": "U.O. Interventi di Rigenerazione Urbana in partenariato pubblico – privato", "area": "Area Urbanistica della rigenerazione urbana, della mobilità e del centro storico", "settore": "Ufficio per la rigenerazione urbana e la qualità dello spazio pubblico e dell’abitare – aree monumentali e pedonali", "responsabile": "Paola Caselli (Funzionario Tecnico Architetto)", "sede": "Ex Noviziato dei Crociferi", "indirizzo": "Via Foro Umberto I n. 14, 90133 Palermo PA, Italia", "telefoni": ["0917406857"], "email": ["p.caselli@comune.palermo.it", "rigenerazioneurbana@comune.palermo.it"], "pec": [], "url": "https://www.comune.palermo.it/amministrazione/unita_organizzativa/uo-interventi-di-rigenerazione-urbana-in-partenariato-pubblico-privato/", "colore": "#d4a017"}}, {"type": "Feature", "geometry": {"type": "Point", "coordinates": [13.3741244, 38.1168027]}, "properties": {"id": "uo-staff-dirigente-3", "livello": "unita", "nome": "U.O. Staff Dirigente – Area Rigenerazione", "area": "Area Urbanistica della rigenerazione urbana, della mobilità e del centro storico", "settore": "Ufficio per la rigenerazione urbana e la qualità dello spazio pubblico e dell’abitare – aree monumentali e pedonali", "responsabile": "Adriano Salvatore Di Francisca (Dirigente Tecnico)", "sede": "Ex Noviziato dei Crociferi", "indirizzo": "Via Foro Umberto I n. 14, 90133 Palermo PA, Italia", "telefoni": [], "email": ["a.s.difrancisca@comune.palermo.it", "rigenerazioneurbana@cert.comune.palermo.it"], "pec": [], "url": "https://www.comune.palermo.it/amministrazione/unita_organizzativa/uo-staff-dirigente-3/", "colore": "#d4a017"}}, {"type": "Feature", "geometry": {"type": "Point", "coordinates": [13.3741244, 38.1168027]}, "properties": {"id": "uo-sviluppo-strategico", "livello": "unita", "nome": "U.O. Sviluppo strategico", "area": "Area Urbanistica della rigenerazione urbana, della mobilità e del centro storico", "settore": "Ufficio per la rigenerazione urbana e la qualità dello spazio pubblico e dell’abitare – aree monumentali e pedonali", "responsabile": "Paolo Porretto (Funzionario Tecnico Architetto)", "sede": "Ex Noviziato dei Crociferi", "indirizzo": "Via Foro Umberto I n. 14, 90133 Palermo PA, Italia", "telefoni": ["091 7406821"], "email": ["paolo.porretto@comune.palermo.it", "rigenerazioneurbana@comune.palermo.it"], "pec": [], "url": "https://www.comune.palermo.it/amministrazione/unita_organizzativa/uo-sviluppo-strategico/", "colore": "#d4a017"}}, {"type": "Feature", "geometry": {"type": "Point", "coordinates": [13.3741244, 38.1168027]}, "properties": {"id": "ufficio-del-centro-storico-per-la-progettazione-lavori-e-riqualificazione-di-beni-immobili-di-interesse-storico-monumentale", "livello": "settore", "nome": "Ufficio del centro storico per la progettazione, lavori e riqualificazione di beni immobili di interesse storico monumentale", "area": "Area Urbanistica della rigenerazione urbana, della mobilità e del centro storico", "settore": "Ufficio del centro storico per la progettazione, lavori e riqualificazione di beni immobili di interesse storico monumentale", "responsabile": "Tonino Martelli (Dirigente Tecnico)", "sede": "Ex Noviziato dei Crociferi", "indirizzo": "Via Foro Umberto I n. 14, 90133 Palermo PA, Italia", "telefoni": ["0917406811", "0917406839"], "email": ["centrostorico.oopp@comune.palermo.it", "cittastorica@cert.comune.palermo.it", "cittastorica@comune.palermo.it"], "pec": ["cittastorica@cert.comune.palermo.it"], "url": "https://www.comune.palermo.it/amministrazione/unita_organizzativa/ufficio-del-centro-storico-per-la-progettazione-lavori-e-riqualificazione-di-beni-immobili-di-interesse-storico-monumentale/", "colore": "#d4a017"}}, {"type": "Feature", "geometry": {"type": "Point", "coordinates": [13.3741244, 38.1168027]}, "properties": {"id": "uo-manutenzione-beni-di-interesse-storico-monumentale", "livello": "unita", "nome": "U.O. Manutenzione beni di interesse storico monumentale", "area": "Area Urbanistica della rigenerazione urbana, della mobilità e del centro storico", "settore": "Ufficio del centro storico per la progettazione, lavori e riqualificazione di beni immobili di interesse storico monumentale", "responsabile": "Stefano Gueli (Funzionario Tecnico Architetto)", "sede": "Ex Noviziato dei Crociferi", "indirizzo": "Via Foro Umberto I n. 14, 90133 Palermo PA, Italia", "telefoni": ["0917406872"], "email": ["cittastorica@cert.comune.palermo.it", "manutenzionebbcc@comune.palermo.it", "s.gueli@comune.palermo.it"], "pec": ["cittastorica@cert.comune.palermo.it"], "url": "https://www.comune.palermo.it/amministrazione/unita_organizzativa/uo-manutenzione-beni-di-interesse-storico-monumentale/", "colore": "#d4a017"}}, {"type": "Feature", "geometry": {"type": "Point", "coordinates": [13.3741244, 38.1168027]}, "properties": {"id": "uo-progettazione-edifici-monumentali", "livello": "unita", "nome": "U.O. Progettazione Edifici Monumentali", "area": "Area Urbanistica della rigenerazione urbana, della mobilità e del centro storico", "settore": "Ufficio del centro storico per la progettazione, lavori e riqualificazione di beni immobili di interesse storico monumentale", "responsabile": "Salvatore Giardina (Funzionario Tecnico Architetto)", "sede": "Ex Noviziato dei Crociferi", "indirizzo": "Via Foro Umberto I n. 14, 90133 Palermo PA, Italia", "telefoni": ["091 7406813"], "email": ["centrostorico.oopp@comune.palermo.it", "cittastorica@cert.comune.palermo.it", "s.giardina@comune.palermo.it"], "pec": ["cittastorica@cert.comune.palermo.it"], "url": "https://www.comune.palermo.it/amministrazione/unita_organizzativa/uo-progettazione-edifici-monumentali/", "colore": "#d4a017"}}, {"type": "Feature", "geometry": {"type": "Point", "coordinates": [13.3741244, 38.1168027]}, "properties": {"id": "uo-segreteria-tecnico-amministrativa-in-staff-al-dirigente", "livello": "unita", "nome": "U.O. Segreteria tecnico amministrativa in Staff al Dirigente", "area": "Area Urbanistica della rigenerazione urbana, della mobilità e del centro storico", "settore": "Ufficio del centro storico per la progettazione, lavori e riqualificazione di beni immobili di interesse storico monumentale", "responsabile": "Michele Milano (Funzionario Tecnico Progettista)", "sede": "Ex Noviziato dei Crociferi", "indirizzo": "Via Foro Umberto I n. 14, 90133 Palermo PA, Italia", "telefoni": ["0917406806"], "email": ["cittastorica@cert.comune.palermo", "cittastorica@comune.palermo.it", "m.milano@comune.palermo.it"], "pec": ["cittastorica@cert.comune.palermo"], "url": "https://www.comune.palermo.it/amministrazione/unita_organizzativa/uo-segreteria-tecnico-amministrativa-in-staff-al-dirigente/", "colore": "#d4a017"}}, {"type": "Feature", "geometry": {"type": "Point", "coordinates": [13.3741244, 38.1168027]}, "properties": {"id": "uo-spazi-aperti-di-interesse-storico-monumentale", "livello": "unita", "nome": "U.O. Spazi aperti di interesse storico monumentale", "area": "Area Urbanistica della rigenerazione urbana, della mobilità e del centro storico", "settore": "Ufficio del centro storico per la progettazione, lavori e riqualificazione di beni immobili di interesse storico monumentale", "responsabile": "Giuseppe Prestigiacomo (Funzionario Tecnico Architetto)", "sede": "Ex Noviziato dei Crociferi", "indirizzo": "Via Foro Umberto I n. 14, 90133 Palermo PA, Italia", "telefoni": ["0917406807"], "email": ["cittastorica@cert.comune,palermo.it", "cittastorica@comune.palermo.it", "giuseppe.prestigiacomo@comune.palermo.it"], "pec": ["cittastorica@cert.comune,palermo.it"], "url": "https://www.comune.palermo.it/amministrazione/unita_organizzativa/uo-spazi-aperti-di-interesse-storico-monumentale/", "colore": "#d4a017"}}, {"type": "Feature", "geometry": {"type": "Point", "coordinates": [13.3350655, 38.1489097]}, "properties": {"id": "area-dei-lavori-pubblici-e-manutenzioni", "livello": "area", "nome": "Area dei Lavori Pubblici e Manutenzioni", "area": "Area dei Lavori Pubblici e Manutenzioni", "settore": "", "responsabile": "Francesco Trapani (Dirigente Tecnico)", "sede": "Polo Tecnico", "indirizzo": "Via Ausonia, 69, 90144 Palermo PA, Italia", "telefoni": ["091 7401212"], "email": ["tecnicainfrastrutture@cert.comune.palermo.it", "tecnicainfrastrutture@comune.palermo.it"], "pec": ["tecnicainfrastrutture@cert.comune.palermo.it"], "url": "https://www.comune.palermo.it/amministrazione/unita_organizzativa/area-dei-lavori-pubblici-e-manutenzioni/", "colore": "#f032e6"}}, {"type": "Feature", "geometry": {"type": "Point", "coordinates": [13.3350655, 38.1489097]}, "properties": {"id": "capo-area-responsabile-pianificazione-dei-llpp-e-manutenzioni", "livello": "settore", "nome": "Capo Area responsabile pianificazione dei LL.PP. e manutenzioni", "area": "Area dei Lavori Pubblici e Manutenzioni", "settore": "Capo Area responsabile pianificazione dei LL.PP. e manutenzioni", "responsabile": "Francesco Trapani (Dirigente Tecnico)", "sede": "Polo Tecnico", "indirizzo": "Via Ausonia, 69, 90144 Palermo PA, Italia", "telefoni": ["0917401520"], "email": ["tecnicainfrastrutture@cert.comune.palermo.it", "tecnicainfrastrutture@comune.palermo.it"], "pec": ["tecnicainfrastrutture@cert.comune.palermo.it"], "url": "https://www.comune.palermo.it/amministrazione/unita_organizzativa/capo-area-responsabile-pianificazione-dei-llpp-e-manutenzioni/", "colore": "#f032e6"}}, {"type": "Feature", "geometry": {"type": "Point", "coordinates": [13.3757595, 38.1102143]}, "properties": {"id": "uo-cantiere-comunale-e-autoparco", "livello": "unita", "nome": "U.O. Cantiere comunale e autoparco", "area": "Area dei Lavori Pubblici e Manutenzioni", "settore": "Capo Area responsabile pianificazione dei LL.PP. e manutenzioni", "responsabile": "Claudio Bologna (Funzionario Tecnico)", "sede": "Autoparco", "indirizzo": "Via Tiro a Segno, 62, 90123 Palermo PA, Italia", "telefoni": ["0917404009", "0917404010"], "email": ["cantierecomunaleautoparco@comune.palermo.it"], "pec": [], "url": "https://www.comune.palermo.it/amministrazione/unita_organizzativa/uo-cantiere-comunale-e-autoparco/", "colore": "#f032e6"}}, {"type": "Feature", "geometry": {"type": "Point", "coordinates": [13.3350655, 38.1489097]}, "properties": {"id": "uo-coordinamento-amministrativo-del-personale-capo-area-responsabile-pianificazione-dei-llpp-e-manutenzioni", "livello": "unita", "nome": "U.O. Coordinamento Amministrativo del personale – Capo Area responsabile pianificazione dei LL.PP. e manutenzioni", "area": "Area dei Lavori Pubblici e Manutenzioni", "settore": "Capo Area responsabile pianificazione dei LL.PP. e manutenzioni", "responsabile": "Daniela Landolina (Funzionario Amministrativo)", "sede": "Polo Tecnico", "indirizzo": "Via Ausonia, 69, 90144 Palermo PA, Italia", "telefoni": ["091 7401865", "091 7401871"], "email": ["tecnicainfrastrutture@cert.comune.palermo.it", "tecnicainfrastrutture@comune.palermo.it"], "pec": ["tecnicainfrastrutture@cert.comune.palermo.it"], "url": "https://www.comune.palermo.it/amministrazione/unita_organizzativa/uo-coordinamento-amministrativo-del-personale-capo-area-responsabile-pianificazione-dei-llpp-e-manutenzioni/", "colore": "#f032e6"}}, {"type": "Feature", "geometry": {"type": "Point", "coordinates": [13.3350655, 38.1489097]}, "properties": {"id": "uo-programmazione-oopp", "livello": "unita", "nome": "U.O. Programmazione OO.PP.", "area": "Area dei Lavori Pubblici e Manutenzioni", "settore": "Capo Area responsabile pianificazione dei LL.PP. e manutenzioni", "responsabile": "Marcello Emo (Funzionario Tecnico Architetto)", "sede": "Polo Tecnico", "indirizzo": "Via Ausonia, 69, 90144 Palermo PA, Italia", "telefoni": ["0917401498"], "email": ["tecnicainfrastrutture@cert.comune.palermo.it", "tecnicainfrastrutture@comune.palermo.it"], "pec": ["tecnicainfrastrutture@cert.comune.palermo.it"], "url": "https://www.comune.palermo.it/amministrazione/unita_organizzativa/uo-programmazione-oopp/", "colore": "#f032e6"}}, {"type": "Feature", "geometry": {"type": "Point", "coordinates": [13.3350655, 38.1489097]}, "properties": {"id": "uo-segreteria-capo-area-responsabile-pianificazione-dei-llpp-e-manutenzioni", "livello": "unita", "nome": "U.O. Segreteria – Capo Area responsabile pianificazione dei LL.PP. e manutenzioni", "area": "Area dei Lavori Pubblici e Manutenzioni", "settore": "Capo Area responsabile pianificazione dei LL.PP. e manutenzioni", "responsabile": "Francesco Trapani (Dirigente Tecnico)", "sede": "Polo Tecnico", "indirizzo": "Via Ausonia, 69, 90144 Palermo PA, Italia", "telefoni": ["0917401212"], "email": ["tecnicainfrastrutture@cert.comune.palermo.it", "tecnicainfrastrutture@comune.palermo.it"], "pec": ["tecnicainfrastrutture@cert.comune.palermo.it"], "url": "https://www.comune.palermo.it/amministrazione/unita_organizzativa/uo-segreteria-capo-area-responsabile-pianificazione-dei-llpp-e-manutenzioni/", "colore": "#f032e6"}}, {"type": "Feature", "geometry": {"type": "Point", "coordinates": [13.3350655, 38.1489097]}, "properties": {"id": "uo-segreteria-assessore-capo-area-responsabile-pianificazione-dei-llpp-e-manutenzioni", "livello": "unita", "nome": "U.O. Segreteria Assessore – Capo Area responsabile pianificazione dei LL.PP. e manutenzioni", "area": "Area dei Lavori Pubblici e Manutenzioni", "settore": "Capo Area responsabile pianificazione dei LL.PP. e manutenzioni", "responsabile": "Francesco Trapani (Dirigente Tecnico)", "sede": "Polo Tecnico", "indirizzo": "Via Ausonia, 69, 90144 Palermo PA, Italia", "telefoni": ["0917401416"], "email": ["assessoratollpp@comune.palermo.it"], "pec": [], "url": "https://www.comune.palermo.it/amministrazione/unita_organizzativa/uo-segreteria-assessore-capo-area-responsabile-pianificazione-dei-llpp-e-manutenzioni/", "colore": "#f032e6"}}, {"type": "Feature", "geometry": {"type": "Point", "coordinates": [13.3350655, 38.1489097]}, "properties": {"id": "uo-supporto-economico-capo-area-responsabile-pianificazione-dei-llpp-e-manutenzioni", "livello": "unita", "nome": "U.O. Supporto economico – Capo Area responsabile pianificazione dei LL.PP. e manutenzioni", "area": "Area dei Lavori Pubblici e Manutenzioni", "settore": "Capo Area responsabile pianificazione dei LL.PP. e manutenzioni", "responsabile": "Francesca Paola Di Giovanni", "sede": "Polo Tecnico", "indirizzo": "Via Ausonia, 69, 90144 Palermo PA, Italia", "telefoni": ["091 7401477"], "email": ["tecnicainfrastrure@comune.palermo.it", "tecnicainfrastrutture@cert.comune.palermo.it"], "pec": ["tecnicainfrastrutture@cert.comune.palermo.it"], "url": "https://www.comune.palermo.it/amministrazione/unita_organizzativa/uo-supporto-economico-capo-area-responsabile-pianificazione-dei-llpp-e-manutenzioni/", "colore": "#f032e6"}}, {"type": "Feature", "geometry": {"type": "Point", "coordinates": [13.3350655, 38.1489097]}, "properties": {"id": "uo-supporto-giuridico-capo-area-responsabile-pianificazione-dei-llpp-e-manutenzioni", "livello": "unita", "nome": "U.O. Supporto giuridico – Capo Area responsabile pianificazione dei LL.PP. e manutenzioni", "area": "Area dei Lavori Pubblici e Manutenzioni", "settore": "Capo Area responsabile pianificazione dei LL.PP. e manutenzioni", "responsabile": "Francesco Di Liberti", "sede": "Polo Tecnico", "indirizzo": "Via Ausonia, 69, 90144 Palermo PA, Italia", "telefoni": ["091 7401477"], "email": ["tecnicainfrastrure@comune.palermo.it", "tecnicainfrastrutture@cert.comune.palermo.it"], "pec": ["tecnicainfrastrutture@cert.comune.palermo.it"], "url": "https://www.comune.palermo.it/amministrazione/unita_organizzativa/uo-supporto-giuridico-capo-area-responsabile-pianificazione-dei-llpp-e-manutenzioni/", "colore": "#f032e6"}}, {"type": "Feature", "geometry": {"type": "Point", "coordinates": [13.3350655, 38.1489097]}, "properties": {"id": "uo-supporto-tecnico-amministrativo-e-procedure-negoziali-capo-area-responsabile-pianificazione-dei-llpp-e-manutenzioni", "livello": "unita", "nome": "U.O. Supporto tecnico amministrativo e procedure negoziali – Capo Area responsabile pianificazione dei LL.PP. e manutenzioni", "area": "Area dei Lavori Pubblici e Manutenzioni", "settore": "Capo Area responsabile pianificazione dei LL.PP. e manutenzioni", "responsabile": "Edoardo Intravaia", "sede": "Polo Tecnico", "indirizzo": "Via Ausonia, 69, 90144 Palermo PA, Italia", "telefoni": ["091 7401847"], "email": ["tecnicainfrastrure@comune.palermo.it", "tecnicainfrastrutture@cert.comune.palermo.it"], "pec": ["tecnicainfrastrutture@cert.comune.palermo.it"], "url": "https://www.comune.palermo.it/amministrazione/unita_organizzativa/uo-supporto-tecnico-amministrativo-e-procedure-negoziali-capo-area-responsabile-pianificazione-dei-llpp-e-manutenzioni/", "colore": "#f032e6"}}, {"type": "Feature", "geometry": {"type": "Point", "coordinates": [13.3399365, 38.1023223]}, "properties": {"id": "gestione-amministrativa-coime", "livello": "settore", "nome": "Gestione amministrativa COIME", "area": "Area dei Lavori Pubblici e Manutenzioni", "settore": "Gestione amministrativa COIME", "responsabile": "Francesco Trapani (Dirigente Tecnico)", "sede": "COIME", "indirizzo": "Largo Claudio Traina, 1, 90129 Palermo PA, Italia", "telefoni": ["0917404140"], "email": ["coime@cert.comune.palermo.it", "coime@comune.palermo.it"], "pec": ["coime@cert.comune.palermo.it"], "url": "https://www.comune.palermo.it/amministrazione/unita_organizzativa/gestione-amministrativa-coime/", "colore": "#f032e6"}}, {"type": "Feature", "geometry": {"type": "Point", "coordinates": [13.3399365, 38.1023223]}, "properties": {"id": "uo-direzione-amministrativa-coime", "livello": "unita", "nome": "U.O. Direzione Amministrativa COIME", "area": "Area dei Lavori Pubblici e Manutenzioni", "settore": "Gestione amministrativa COIME", "responsabile": "Giuseppe Perniciaro (Impiegato Tecnico)", "sede": "COIME", "indirizzo": "Largo Claudio Traina, 1, 90129 Palermo PA, Italia", "telefoni": ["0917404141", "0917404142", "0917404143", "0917404144"], "email": ["coime@cert.comune.palermo.it", "coime@comune.palermo.it", "g.perniciaro@comune.palermo.it"], "pec": ["coime@cert.comune.palermo.it"], "url": "https://www.comune.palermo.it/amministrazione/unita_organizzativa/uo-direzione-amministrativa-coime/", "colore": "#f032e6"}}, {"type": "Feature", "geometry": {"type": "Point", "coordinates": [13.3350655, 38.1489097]}, "properties": {"id": "ufficio-infrastrutture-viarie-e-per-la-mobilita", "livello": "settore", "nome": "Ufficio infrastrutture viarie e per la mobilità", "area": "Area dei Lavori Pubblici e Manutenzioni", "settore": "Ufficio infrastrutture viarie e per la mobilità", "responsabile": "Daniele Enea (Dirigente Tecnico)", "sede": "Polo Tecnico", "indirizzo": "Via Ausonia, 69, 90144 Palermo PA, Italia", "telefoni": ["0917401287"], "email": ["serviziarete@cert.comune.palermo.it", "servizio.manutenzionestrade@comune.palermo.it"], "pec": ["serviziarete@cert.comune.palermo.it"], "url": "https://www.comune.palermo.it/amministrazione/unita_organizzativa/ufficio-infrastrutture-viarie-e-per-la-mobilita/", "colore": "#f032e6"}}, {"type": "Feature", "geometry": {"type": "Point", "coordinates": [13.3350655, 38.1489097]}, "properties": {"id": "uo-attivit-di-supporto-alla-manutenzione-stradale", "livello": "unita", "nome": "U.O. Attività di Supporto alla Manutenzione Stradale", "area": "Area dei Lavori Pubblici e Manutenzioni", "settore": "Ufficio infrastrutture viarie e per la mobilità", "responsabile": "Leoluca Lanza (Funzionario Tecnico)", "sede": "Polo Tecnico", "indirizzo": "Via Ausonia, 69, 90144 Palermo PA, Italia", "telefoni": ["0917401220"], "email": ["infrastrutture.serviziarete@cert.comune.palermo.it", "infrastrutture.serviziarete@comune.palermo.it"], "pec": ["infrastrutture.serviziarete@cert.comune.palermo.it"], "url": "https://www.comune.palermo.it/amministrazione/unita_organizzativa/uo-attivit-di-supporto-alla-manutenzione-stradale/", "colore": "#f032e6"}}, {"type": "Feature", "geometry": {"type": "Point", "coordinates": [13.3350655, 38.1489097]}, "properties": {"id": "uo-attivit-di-supporto-alla-progettazione-assi-e-lavori-infrastrutture-stradali", "livello": "unita", "nome": "U.O. Attività di Supporto alla Progettazione Assi e Lavori Infrastrutture stradali", "area": "Area dei Lavori Pubblici e Manutenzioni", "settore": "Ufficio infrastrutture viarie e per la mobilità", "responsabile": "Fabio Cittati", "sede": "Polo Tecnico", "indirizzo": "Via Ausonia, 69, 90144 Palermo PA, Italia", "telefoni": ["091 7401829"], "email": [], "pec": [], "url": "https://www.comune.palermo.it/amministrazione/unita_organizzativa/uo-attivit-di-supporto-alla-progettazione-assi-e-lavori-infrastrutture-stradali/", "colore": "#f032e6"}}, {"type": "Feature", "geometry": {"type": "Point", "coordinates": [13.3350655, 38.1489097]}, "properties": {"id": "ufficio-per-il-dissesto-idrogeologico-servizi-a-rete-idrico-fognari-ed-espropriazioni", "livello": "settore", "nome": "Ufficio per il dissesto idrogeologico, servizi a rete idrico-fognari ed Espropriazioni", "area": "Area dei Lavori Pubblici e Manutenzioni", "settore": "Ufficio per il dissesto idrogeologico, servizi a rete idrico-fognari ed Espropriazioni", "responsabile": "Giuseppe Giuliano (Dirigente Tecnico)", "sede": "Polo Tecnico", "indirizzo": "Via Ausonia, 69, 90144 Palermo PA, Italia", "telefoni": ["0917401391", "0917401500"], "email": ["ufficio.idrogeologicofognario@cert.comune.palermo.it", "ufficio.idrogeologicofognario@comune.palermo.it"], "pec": ["ufficio.idrogeologicofognario@cert.comune.palermo.it"], "url": "https://www.comune.palermo.it/amministrazione/unita_organizzativa/ufficio-per-il-dissesto-idrogeologico-servizi-a-rete-idrico-fognari-ed-espropriazioni/", "colore": "#f032e6"}}, {"type": "Feature", "geometry": {"type": "Point", "coordinates": [13.3350655, 38.1489097]}, "properties": {"id": "uo-contrasto-al-dissesto-idrogeologico", "livello": "unita", "nome": "U.O. Contrasto al dissesto idrogeologico", "area": "Area dei Lavori Pubblici e Manutenzioni", "settore": "Ufficio per il dissesto idrogeologico, servizi a rete idrico-fognari ed Espropriazioni", "responsabile": "Aldo Carmelo Pisano (Funzionario Tecnico Geologo)", "sede": "Polo Tecnico", "indirizzo": "Via Ausonia, 69, 90144 Palermo PA, Italia", "telefoni": ["0917401712"], "email": ["ufficio.idrogeologicofognario@cert.comune.palermo.it", "ufficio.idrogeologicofognario@comune.palermo.it"], "pec": ["ufficio.idrogeologicofognario@cert.comune.palermo.it"], "url": "https://www.comune.palermo.it/amministrazione/unita_organizzativa/uo-contrasto-al-dissesto-idrogeologico/", "colore": "#f032e6"}}, {"type": "Feature", "geometry": {"type": "Point", "coordinates": [13.3350655, 38.1489097]}, "properties": {"id": "uo-direzione-contabile-e-recupero-crediti-ufficio-per-il-dissesto-idrogeologico", "livello": "unita", "nome": "U.O. Direzione Contabile e Recupero Crediti – Ufficio per il dissesto idrogeologico", "area": "Area dei Lavori Pubblici e Manutenzioni", "settore": "Ufficio per il dissesto idrogeologico, servizi a rete idrico-fognari ed Espropriazioni", "responsabile": "Lucia D'Agostino (Funzionario Contabile)", "sede": "Polo Tecnico", "indirizzo": "Via Ausonia, 69, 90144 Palermo PA, Italia", "telefoni": ["091 7401267"], "email": ["espropriazioni@cert.comune.palermo.it", "espropriazioni@comune.palermo.it"], "pec": ["espropriazioni@cert.comune.palermo.it"], "url": "https://www.comune.palermo.it/amministrazione/unita_organizzativa/uo-direzione-contabile-e-recupero-crediti-ufficio-per-il-dissesto-idrogeologico/", "colore": "#f032e6"}}, {"type": "Feature", "geometry": {"type": "Point", "coordinates": [13.3350655, 38.1489097]}, "properties": {"id": "uo-frazionamenti-ufficio-per-il-dissesto-idrogeologico", "livello": "unita", "nome": "U.O. Frazionamenti – Ufficio per il dissesto idrogeologico", "area": "Area dei Lavori Pubblici e Manutenzioni", "settore": "Ufficio per il dissesto idrogeologico, servizi a rete idrico-fognari ed Espropriazioni", "responsabile": "Bernardo Giannone (Funzionario Tecnico)", "sede": "Polo Tecnico", "indirizzo": "Via Ausonia, 69, 90144 Palermo PA, Italia", "telefoni": ["0917401673"], "email": ["espropriazioni@cer.comune.palermo.it", "espropriazioni@comune.palermo.it"], "pec": ["espropriazioni@cer.comune.palermo.it"], "url": "https://www.comune.palermo.it/amministrazione/unita_organizzativa/uo-frazionamenti-ufficio-per-il-dissesto-idrogeologico/", "colore": "#f032e6"}}, {"type": "Feature", "geometry": {"type": "Point", "coordinates": [13.3350655, 38.1489097]}, "properties": {"id": "uo-gestione-procedure-espropriative-e-supporto-tecnico-ufficio-per-il-dissesto-idrogeologico", "livello": "unita", "nome": "U.O. Gestione Procedure Espropriative e Supporto Tecnico – Ufficio per il dissesto idrogeologico", "area": "Area dei Lavori Pubblici e Manutenzioni", "settore": "Ufficio per il dissesto idrogeologico, servizi a rete idrico-fognari ed Espropriazioni", "responsabile": "Fausto Ribbeni (Funzionario Tecnico)", "sede": "Polo Tecnico", "indirizzo": "Via Ausonia, 69, 90144 Palermo PA, Italia", "telefoni": ["091 7401675"], "email": ["espropriazioni@cert.comune.palermo.it", "espropriazioni@comune.palermo.it"], "pec": ["espropriazioni@cert.comune.palermo.it"], "url": "https://www.comune.palermo.it/amministrazione/unita_organizzativa/uo-gestione-procedure-espropriative-e-supporto-tecnico-ufficio-per-il-dissesto-idrogeologico/", "colore": "#f032e6"}}, {"type": "Feature", "geometry": {"type": "Point", "coordinates": [13.3350655, 38.1489097]}, "properties": {"id": "uo-servizi-a-rete-idricofognari", "livello": "unita", "nome": "U.O. Servizi a rete idrico/fognari", "area": "Area dei Lavori Pubblici e Manutenzioni", "settore": "Ufficio per il dissesto idrogeologico, servizi a rete idrico-fognari ed Espropriazioni", "responsabile": "Nicolo' Asaro (Funzionario Tecnico Progettista)", "sede": "Polo Tecnico", "indirizzo": "Via Ausonia, 69, 90144 Palermo PA, Italia", "telefoni": ["0917401520"], "email": ["ufficio.idrogeologicofognario@cert.comune.palermo.it", "ufficio.idrogeologicofognario@comune.palermo.it"], "pec": ["ufficio.idrogeologicofognario@cert.comune.palermo.it"], "url": "https://www.comune.palermo.it/amministrazione/unita_organizzativa/uo-servizi-a-rete-idricofognari/", "colore": "#f032e6"}}, {"type": "Feature", "geometry": {"type": "Point", "coordinates": [13.3350655, 38.1489097]}, "properties": {"id": "uo-staff-del-dirigente-ufficio-per-il-dissesto-idrogeologico-e-i-servizi-a-rete-idricofognari-e-rapporti-con-le-relative-autorit-commissariali", "livello": "unita", "nome": "U.O. Staff del Dirigente – Ufficio per il dissesto idrogeologico e i servizi a rete idrico/fognari e rapporti con le relative autorità commissariali", "area": "Area dei Lavori Pubblici e Manutenzioni", "settore": "Ufficio per il dissesto idrogeologico, servizi a rete idrico-fognari ed Espropriazioni", "responsabile": "Salvatore Vizzini (Funzionario Tecnico)", "sede": "Polo Tecnico", "indirizzo": "Via Ausonia, 69, 90144 Palermo PA, Italia", "telefoni": ["0917401706"], "email": ["ufficio.idrogeologicofognario@cert.comune.palermo.it", "ufficio.idrogeologicofognario@comune.palermo.it"], "pec": ["ufficio.idrogeologicofognario@cert.comune.palermo.it"], "url": "https://www.comune.palermo.it/amministrazione/unita_organizzativa/uo-staff-del-dirigente-ufficio-per-il-dissesto-idrogeologico-e-i-servizi-a-rete-idricofognari-e-rapporti-con-le-relative-autorit-commissariali/", "colore": "#f032e6"}}, {"type": "Feature", "geometry": {"type": "Point", "coordinates": [13.3350655, 38.1489097]}, "properties": {"id": "ufficio-edilizia-pubblica-ed-impianti-sportivi", "livello": "settore", "nome": "Ufficio Edilizia Pubblica ed Impianti Sportivi", "area": "Area dei Lavori Pubblici e Manutenzioni", "settore": "Ufficio Edilizia Pubblica ed Impianti Sportivi", "responsabile": "Marisa Santa Bellomo (Dirigente Tecnico)", "sede": "Polo Tecnico", "indirizzo": "Via Ausonia, 69, 90144 Palermo PA, Italia", "telefoni": ["0917401574"], "email": ["ediliziapubblica@cert.comune.palermo.it", "ediliziapubblica@comune.palermo.it"], "pec": ["ediliziapubblica@cert.comune.palermo.it"], "url": "https://www.comune.palermo.it/amministrazione/unita_organizzativa/ufficio-edilizia-pubblica-ed-impianti-sportivi/", "colore": "#f032e6"}}, {"type": "Feature", "geometry": {"type": "Point", "coordinates": [13.3350655, 38.1489097]}, "properties": {"id": "uo-direzione-contabile-e-recupero-crediti", "livello": "unita", "nome": "U.O. Direzione Contabile e Recupero Crediti", "area": "Area dei Lavori Pubblici e Manutenzioni", "settore": "Ufficio Edilizia Pubblica ed Impianti Sportivi", "responsabile": "Lucia D'Agostino (Funzionario Contabile)", "sede": "Polo Tecnico", "indirizzo": "Via Ausonia, 69, 90144 Palermo PA, Italia", "telefoni": ["0917401267"], "email": ["espropriazioni@cert.comune.palermo.it", "espropriazioni@comune.palermo.it"], "pec": ["espropriazioni@cert.comune.palermo.it"], "url": "https://www.comune.palermo.it/amministrazione/unita_organizzativa/uo-direzione-contabile-e-recupero-crediti/", "colore": "#f032e6"}}, {"type": "Feature", "geometry": {"type": "Point", "coordinates": [13.3350655, 38.1489097]}, "properties": {"id": "uo-edifici-produttivi", "livello": "unita", "nome": "U.O. Edifici produttivi", "area": "Area dei Lavori Pubblici e Manutenzioni", "settore": "Ufficio Edilizia Pubblica ed Impianti Sportivi", "responsabile": "Giovanni Riccobono (Funzionario Tecnico Progettista)", "sede": "Polo Tecnico", "indirizzo": "Via Ausonia, 69, 90144 Palermo PA, Italia", "telefoni": ["0917401704"], "email": ["ediliziapubblica@cert.comune.palermo.it", "ediliziapubblica@comune.palermo.it"], "pec": ["ediliziapubblica@cert.comune.palermo.it"], "url": "https://www.comune.palermo.it/amministrazione/unita_organizzativa/uo-edifici-produttivi/", "colore": "#f032e6"}}, {"type": "Feature", "geometry": {"type": "Point", "coordinates": [13.3350655, 38.1489097]}, "properties": {"id": "uo-edifici-pubblici", "livello": "unita", "nome": "U.O. Edifici Pubblici", "area": "Area dei Lavori Pubblici e Manutenzioni", "settore": "Ufficio Edilizia Pubblica ed Impianti Sportivi", "responsabile": "Paola Maida (Funzionario Architetto)", "sede": "Polo Tecnico", "indirizzo": "Via Ausonia, 69, 90144 Palermo PA, Italia", "telefoni": ["0917401842"], "email": ["ediliziapubblica@cert.comune.palermo.it", "ediliziapubblica@comune.palermo.it"], "pec": ["ediliziapubblica@cert.comune.palermo.it"], "url": "https://www.comune.palermo.it/amministrazione/unita_organizzativa/uo-edifici-pubblici/", "colore": "#f032e6"}}, {"type": "Feature", "geometry": {"type": "Point", "coordinates": [13.3350655, 38.1489097]}, "properties": {"id": "uo-frazionamenti", "livello": "unita", "nome": "U.O. Frazionamenti", "area": "Area dei Lavori Pubblici e Manutenzioni", "settore": "Ufficio Edilizia Pubblica ed Impianti Sportivi", "responsabile": "Bernardo Giannone (Funzionario Tecnico)", "sede": "Polo Tecnico", "indirizzo": "Via Ausonia, 69, 90144 Palermo PA, Italia", "telefoni": ["0917401673"], "email": ["espropriazioni@cer.comune.palermo.it", "espropriazioni@comune.palermo.it"], "pec": ["espropriazioni@cer.comune.palermo.it"], "url": "https://www.comune.palermo.it/amministrazione/unita_organizzativa/uo-frazionamenti/", "colore": "#f032e6"}}, {"type": "Feature", "geometry": {"type": "Point", "coordinates": [13.3350655, 38.1489097]}, "properties": {"id": "uo-gestione-procedure-espropriative-e-supporto-tecnico", "livello": "unita", "nome": "U.O. Gestione Procedure Espropriative e Supporto Tecnico", "area": "Area dei Lavori Pubblici e Manutenzioni", "settore": "Ufficio Edilizia Pubblica ed Impianti Sportivi", "responsabile": "Fausto Ribbeni (Funzionario Tecnico)", "sede": "Polo Tecnico", "indirizzo": "Via Ausonia, 69, 90144 Palermo PA, Italia", "telefoni": ["0917401675"], "email": ["espropriazioni@cert.comune.palermo.it", "espropriazioni@comune.palermo.it"], "pec": ["espropriazioni@cert.comune.palermo.it"], "url": "https://www.comune.palermo.it/amministrazione/unita_organizzativa/uo-gestione-procedure-espropriative-e-supporto-tecnico/", "colore": "#f032e6"}}, {"type": "Feature", "geometry": {"type": "Point", "coordinates": [13.3350655, 38.1489097]}, "properties": {"id": "uo-impianti-sportivi", "livello": "unita", "nome": "U.O. Impianti Sportivi", "area": "Area dei Lavori Pubblici e Manutenzioni", "settore": "Ufficio Edilizia Pubblica ed Impianti Sportivi", "responsabile": "Francesco La Cerva (Funzionario Tecnico Architetto)", "sede": "Polo Tecnico", "indirizzo": "Via Ausonia, 69, 90144 Palermo PA, Italia", "telefoni": ["0917401875"], "email": ["ediliziapubblica@cert.comune.palermo.it", "ediliziapubblica@comune.palermo.it"], "pec": ["ediliziapubblica@cert.comune.palermo.it"], "url": "https://www.comune.palermo.it/amministrazione/unita_organizzativa/uo-impianti-sportivi/", "colore": "#f032e6"}}, {"type": "Feature", "geometry": {"type": "Point", "coordinates": [13.3350655, 38.1489097]}, "properties": {"id": "uo-staff-del-dirigente-ufficio-edilizia-pubblica-ed-impianti-sportivi", "livello": "unita", "nome": "U.O. Staff del Dirigente – Ufficio Edilizia Pubblica ed Impianti Sportivi", "area": "Area dei Lavori Pubblici e Manutenzioni", "settore": "Ufficio Edilizia Pubblica ed Impianti Sportivi", "responsabile": "Gaetana Titoli (Collaboratore Professionale Amministrativo)", "sede": "Polo Tecnico", "indirizzo": "Via Ausonia, 69, 90144 Palermo PA, Italia", "telefoni": ["0917401574"], "email": ["ediliziapubblica@cert.comune.palermo.it", "ediliziapubblica@comune.palermo.it"], "pec": ["ediliziapubblica@cert.comune.palermo.it"], "url": "https://www.comune.palermo.it/amministrazione/unita_organizzativa/uo-staff-del-dirigente-ufficio-edilizia-pubblica-ed-impianti-sportivi/", "colore": "#f032e6"}}, {"type": "Feature", "geometry": {"type": "Point", "coordinates": [13.3350655, 38.1489097]}, "properties": {"id": "ufficio-illuminazione-pubblica-e-impianti-tecnologici", "livello": "settore", "nome": "Ufficio illuminazione pubblica e impianti tecnologici", "area": "Area dei Lavori Pubblici e Manutenzioni", "settore": "Ufficio illuminazione pubblica e impianti tecnologici", "responsabile": "Roberto Cairone (Dirigente Tecnico)", "sede": "Polo Tecnico", "indirizzo": "Via Ausonia, 69, 90144 Palermo PA, Italia", "telefoni": ["0917401700"], "email": ["ufficiopubblicailluminazione@cert.comune.palermo.it", "ufficiopubblicailluminazione@comune.palermo.it"], "pec": ["ufficiopubblicailluminazione@cert.comune.palermo.it"], "url": "https://www.comune.palermo.it/amministrazione/unita_organizzativa/ufficio-illuminazione-pubblica-e-impianti-tecnologici/", "colore": "#f032e6"}}, {"type": "Feature", "geometry": {"type": "Point", "coordinates": [13.3350655, 38.1489097]}, "properties": {"id": "uo-impianti-pubblica-illuminazione-viaria-e-semafori", "livello": "unita", "nome": "U.O. Impianti pubblica illuminazione viaria e semafori", "area": "Area dei Lavori Pubblici e Manutenzioni", "settore": "Ufficio illuminazione pubblica e impianti tecnologici", "responsabile": "Giuseppe Franchina (Funzionario Tecnico Impiantista)", "sede": "Polo Tecnico", "indirizzo": "Via Ausonia, 69, 90144 Palermo PA, Italia", "telefoni": ["0917401365"], "email": ["ufficiopubblicailluminazione@cert.comune.palermo.it", "ufficiopubblicailluminazione@comune.palermo.it"], "pec": ["ufficiopubblicailluminazione@cert.comune.palermo.it"], "url": "https://www.comune.palermo.it/amministrazione/unita_organizzativa/uo-impianti-pubblica-illuminazione-viaria-e-semafori/", "colore": "#f032e6"}}, {"type": "Feature", "geometry": {"type": "Point", "coordinates": [13.3350655, 38.1489097]}, "properties": {"id": "uo-impianti-tecnologici-elettrici-e-di-illuminazione-negli-edifici-di-propriet-eo-di-pertinenza-comunale", "livello": "unita", "nome": "U.O. Impianti tecnologici, elettrici e di illuminazione negli edifici di proprietà e/o di pertinenza comunale", "area": "Area dei Lavori Pubblici e Manutenzioni", "settore": "Ufficio illuminazione pubblica e impianti tecnologici", "responsabile": "Liborio Piro (Funzionario Tecnico Progettista)", "sede": "Polo Tecnico", "indirizzo": "Via Ausonia, 69, 90144 Palermo PA, Italia", "telefoni": ["0917401397"], "email": ["ufficiopubblicailluminazione@cert.comune.palermo.it", "ufficiopubblicailluminazione@comune.palermo.it"], "pec": ["ufficiopubblicailluminazione@cert.comune.palermo.it"], "url": "https://www.comune.palermo.it/amministrazione/unita_organizzativa/uo-impianti-tecnologici-elettrici-e-di-illuminazione-negli-edifici-di-propriet-eo-di-pertinenza-comunale/", "colore": "#f032e6"}}, {"type": "Feature", "geometry": {"type": "Point", "coordinates": [13.3350655, 38.1489097]}, "properties": {"id": "uo-staff-amministrativo-del-dirigente-ufficio-illuminazione-pubblica-e-impianti-tecnologici", "livello": "unita", "nome": "U.O. Staff amministrativo del dirigente – Ufficio illuminazione pubblica e impianti tecnologici", "area": "Area dei Lavori Pubblici e Manutenzioni", "settore": "Ufficio illuminazione pubblica e impianti tecnologici", "responsabile": "Marianna Santoro (Istruttore Contabile)", "sede": "Polo Tecnico", "indirizzo": "Via Ausonia, 69, 90144 Palermo PA, Italia", "telefoni": ["0917401388"], "email": ["ufficiopubblicailluminazione@cert.comune.palermo.it", "ufficiopubblicailluminazione@comune.palermo.it"], "pec": ["ufficiopubblicailluminazione@cert.comune.palermo.it"], "url": "https://www.comune.palermo.it/amministrazione/unita_organizzativa/uo-staff-amministrativo-del-dirigente-ufficio-illuminazione-pubblica-e-impianti-tecnologici/", "colore": "#f032e6"}}, {"type": "Feature", "geometry": {"type": "Point", "coordinates": [13.3350655, 38.1489097]}, "properties": {"id": "uo-staff-giuridico-del-dirigente-ufficio-illuminazione-pubblica-e-impianti-tecnologici", "livello": "unita", "nome": "U.O. Staff giuridico del dirigente – Ufficio illuminazione pubblica e impianti tecnologici", "area": "Area dei Lavori Pubblici e Manutenzioni", "settore": "Ufficio illuminazione pubblica e impianti tecnologici", "responsabile": "Doriana Marino (Funzionario Amministrativo)", "sede": "Polo Tecnico", "indirizzo": "Via Ausonia, 69, 90144 Palermo PA, Italia", "telefoni": ["0917401563"], "email": ["ufficiopubblicailluminazione@cert.comune.palermo.it", "ufficiopubblicailluminazione@comune.palermo.it"], "pec": ["ufficiopubblicailluminazione@cert.comune.palermo.it"], "url": "https://www.comune.palermo.it/amministrazione/unita_organizzativa/uo-staff-giuridico-del-dirigente-ufficio-illuminazione-pubblica-e-impianti-tecnologici/", "colore": "#f032e6"}}, {"type": "Feature", "geometry": {"type": "Point", "coordinates": [13.3350655, 38.1489097]}, "properties": {"id": "ufficio-tecnico-erp", "livello": "settore", "nome": "Ufficio tecnico ERP", "area": "Area dei Lavori Pubblici e Manutenzioni", "settore": "Ufficio tecnico ERP", "responsabile": "Dario Di Gangi (Dirigente Tecnico)", "sede": "Polo Tecnico", "indirizzo": "Via Ausonia, 69, 90144 Palermo PA, Italia", "telefoni": ["0917401256"], "email": ["servizio.manutenzioneimmobili@cert.comune.palermo.it", "servizio.manutenzioneimmobili@comune.palermo.it"], "pec": ["servizio.manutenzioneimmobili@cert.comune.palermo.it"], "url": "https://www.comune.palermo.it/amministrazione/unita_organizzativa/ufficio-tecnico-erp/", "colore": "#f032e6"}}, {"type": "Feature", "geometry": {"type": "Point", "coordinates": [13.3350655, 38.1489097]}, "properties": {"id": "uo-servizio-manutenzione-straordinaria-immobili-comunali-e-erp", "livello": "unita", "nome": "U.O. Servizio Manutenzione straordinaria immobili comunali e ERP", "area": "Area dei Lavori Pubblici e Manutenzioni", "settore": "Ufficio tecnico ERP", "responsabile": "Tiziana Benfante (Funzionario Tecnico Architetto)", "sede": "Polo Tecnico", "indirizzo": "Via Ausonia, 69, 90144 Palermo PA, Italia", "telefoni": ["0917401256"], "email": ["servizio.manutenzioneimmobili@cert.comune.palermo.it", "servizio.manutenzioneimmobili@comune.palermo.it"], "pec": ["servizio.manutenzioneimmobili@cert.comune.palermo.it"], "url": "https://www.comune.palermo.it/amministrazione/unita_organizzativa/uo-servizio-manutenzione-straordinaria-immobili-comunali-e-erp/", "colore": "#f032e6"}}, {"type": "Feature", "geometry": {"type": "Point", "coordinates": [13.3757595, 38.1102143]}, "properties": {"id": "ufficio-autoparco-programmazione-e-gestione-attivit-di-manutenzione-a-supporto-del-capo-area-per-il-coordinamento-tecnico-coime-e-cantiere-comunale", "livello": "settore", "nome": "Ufficio autoparco, programmazione e gestione attività di manutenzione a supporto del Capo Area per il coordinamento tecnico COIME e cantiere comunale", "area": "Area dei Lavori Pubblici e Manutenzioni", "settore": "Ufficio autoparco, programmazione e gestione attività di manutenzione a supporto del Capo Area per il coordinamento tecnico COIME e cantiere comunale", "responsabile": "Francesco Trapani (Dirigente Tecnico)", "sede": "Autoparco", "indirizzo": "Via Tiro a Segno, 62, 90123 Palermo PA, Italia", "telefoni": ["0917404009", "0917404145"], "email": ["cantierecoime@comune.palermo.it", "manutenzioni@comune.palermo.it"], "pec": [], "url": "https://www.comune.palermo.it/amministrazione/unita_organizzativa/ufficio-autoparco-programmazione-e-gestione-attivit-di-manutenzione-a-supporto-del-capo-area-per-il-coordinamento-tecnico-coime-e-cantiere-comunale/", "colore": "#f032e6"}}, {"type": "Feature", "geometry": {"type": "Point", "coordinates": [13.3680473, 38.1112046]}, "properties": {"id": "area-dei-servizi-cimiteriali-protezione-civile-e-sicurezza", "livello": "area", "nome": "Area dei servizi cimiteriali Protezione Civile e Sicurezza", "area": "Area dei servizi cimiteriali Protezione Civile e Sicurezza", "settore": "", "responsabile": "Giuseppe Giuliano (Dirigente Tecnico)", "sede": "Palazzo Barone", "indirizzo": "Via Lincoln, 144, 90123 Palermo PA, Italia", "telefoni": ["0917403475", "0917403480"], "email": ["impianticimiteriali@cert.comune.palermo.it", "provvedimenticimiteriali@comune.palermo.it"], "pec": ["impianticimiteriali@cert.comune.palermo.it"], "url": "https://www.comune.palermo.it/amministrazione/unita_organizzativa/area-dei-servizi-cimiteriali-protezione-civile-e-sicurezza/", "colore": "#7a9a01"}}, {"type": "Feature", "geometry": {"type": "Point", "coordinates": [13.3680473, 38.1112046]}, "properties": {"id": "capo-area-responsabile-servizi-cimiteriali", "livello": "settore", "nome": "Capo area responsabile servizi cimiteriali", "area": "Area dei servizi cimiteriali Protezione Civile e Sicurezza", "settore": "Capo area responsabile servizi cimiteriali", "responsabile": "Giuseppe Giuliano (Dirigente Tecnico)", "sede": "Palazzo Barone", "indirizzo": "Via Lincoln, 144, 90123 Palermo PA, Italia", "telefoni": ["0917403411", "0917403438"], "email": ["impianticimiteriali@cert.comune.palermo.it", "servizicimiteriali@comune.palermo.it"], "pec": ["impianticimiteriali@cert.comune.palermo.it"], "url": "https://www.comune.palermo.it/amministrazione/unita_organizzativa/capo-area-responsabile-servizi-cimiteriali/", "colore": "#7a9a01"}}, {"type": "Feature", "geometry": {"type": "Point", "coordinates": [13.3395148, 38.1113863]}, "properties": {"id": "cimitero-cappuccini", "livello": "unita", "nome": "U.O. Cimitero Cappuccini", "area": "Area dei servizi cimiteriali Protezione Civile e Sicurezza", "settore": "Capo area responsabile servizi cimiteriali", "responsabile": "Giovanni Battista Musico' (Agente Polizia Municipale)", "sede": "Cimitero Cappuccini", "indirizzo": "Piazza Cappuccini, 3, 90134 Palermo PA, Italia", "telefoni": ["0917408200"], "email": ["cimiterocappuccini@comune.palermo.it", "impianticimiteriali.servizio@cert.comune.palermo.it"], "pec": ["impianticimiteriali.servizio@cert.comune.palermo.it"], "url": "https://www.comune.palermo.it/amministrazione/unita_organizzativa/cimitero-cappuccini/", "colore": "#7a9a01"}}, {"type": "Feature", "geometry": {"type": "Point", "coordinates": [13.3672463, 38.1603159]}, "properties": {"id": "cimitero-s-m-dei-rotoli", "livello": "unita", "nome": "U.O. Cimitero S.M. dei Rotoli", "area": "Area dei servizi cimiteriali Protezione Civile e Sicurezza", "settore": "Capo area responsabile servizi cimiteriali", "responsabile": "Angelo Martorana (Agente Polizia Municipale)", "sede": "Cimitero S.M. dei Rotoli", "indirizzo": "V. Papa Sergio I, 96, 90142 Palermo PA, Italia", "telefoni": ["0917408161", "0917408162"], "email": ["cimiterosantamariarotoli@comune.palermo.it", "impianticimiteriali.servizio@cert.comune.palermo.it"], "pec": ["impianticimiteriali.servizio@cert.comune.palermo.it"], "url": "https://www.comune.palermo.it/amministrazione/unita_organizzativa/cimitero-s-m-dei-rotoli/", "colore": "#7a9a01"}}, {"type": "Feature", "geometry": {"type": "Point", "coordinates": [13.378431022103, 38.083247901314]}, "properties": {"id": "cimitero-sm-di-gesu", "livello": "unita", "nome": "U.O. Cimitero S.M. di Gesù", "area": "Area dei servizi cimiteriali Protezione Civile e Sicurezza", "settore": "Capo area responsabile servizi cimiteriali", "responsabile": "Vincenzo Montemaggiore (Agente Polizia Municipale)", "sede": "Cimitero S.M. di Gesù", "indirizzo": "III Circoscrizione, Palermo, Sicilia, 90124, Italia", "telefoni": ["091 7409914"], "email": ["cimiterosantamariagesu@comune.palermo.it", "impianticimiteriali.servizio@cert.comune.palermo.it"], "pec": ["impianticimiteriali.servizio@cert.comune.palermo.it"], "url": "https://www.comune.palermo.it/amministrazione/unita_organizzativa/cimitero-sm-di-gesu/", "colore": "#7a9a01"}}, {"type": "Feature", "geometry": {"type": "Point", "coordinates": [13.3680473, 38.1112046]}, "properties": {"id": "concessioni", "livello": "unita", "nome": "U.O. Concessioni – Servizi Cimiteriali", "area": "Area dei servizi cimiteriali Protezione Civile e Sicurezza", "settore": "Capo area responsabile servizi cimiteriali", "responsabile": "Paolo Di Matteo (Funzionario Amministrativo)", "sede": "Palazzo Barone", "indirizzo": "Via Lincoln, 144, 90123 Palermo PA, Italia", "telefoni": ["0917403435", "0917403476", "0917403479"], "email": ["impianticimiteriali.servizio@cert.comune.palermo.it", "provvedimenticimiteriali@comune.palermo"], "pec": ["impianticimiteriali.servizio@cert.comune.palermo.it"], "url": "https://www.comune.palermo.it/amministrazione/unita_organizzativa/concessioni/", "colore": "#7a9a01"}}, {"type": "Feature", "geometry": {"type": "Point", "coordinates": [13.3680473, 38.1112046]}, "properties": {"id": "uo-contabilit-servizi-cimiteriali", "livello": "unita", "nome": "U.O. Contabilità – Servizi Cimiteriali", "area": "Area dei servizi cimiteriali Protezione Civile e Sicurezza", "settore": "Capo area responsabile servizi cimiteriali", "responsabile": "Francesco Paolo Lipari (Funzionario Contabile)", "sede": "Palazzo Barone", "indirizzo": "Via Lincoln, 144, 90123 Palermo PA, Italia", "telefoni": ["0917403423", "0917403424", "0917403425", "0917403492"], "email": ["contabilitacimiteriale@comune.palermo.it", "impianticimiteriali.servizio@cert.comune.palermo.it"], "pec": ["impianticimiteriali.servizio@cert.comune.palermo.it"], "url": "https://www.comune.palermo.it/amministrazione/unita_organizzativa/uo-contabilit-servizi-cimiteriali/", "colore": "#7a9a01"}}, {"type": "Feature", "geometry": {"type": "Point", "coordinates": [13.3680473, 38.1112046]}, "properties": {"id": "uo-direzione-servizi-cimiteriali", "livello": "unita", "nome": "U.O. Direzione – Servizi Cimiteriali", "area": "Area dei servizi cimiteriali Protezione Civile e Sicurezza", "settore": "Capo area responsabile servizi cimiteriali", "responsabile": "Bianca Fuschi (Funzionario Polizia Municipale)", "sede": "Palazzo Barone", "indirizzo": "Via Lincoln, 144, 90123 Palermo PA, Italia", "telefoni": ["0917403411", "0917403438", "0917403448"], "email": ["impianticimiteriali@cert.comune.palermo.it", "servizicimiteriali@comune.palermo.it"], "pec": ["impianticimiteriali@cert.comune.palermo.it"], "url": "https://www.comune.palermo.it/amministrazione/unita_organizzativa/uo-direzione-servizi-cimiteriali/", "colore": "#7a9a01"}}, {"type": "Feature", "geometry": {"type": "Point", "coordinates": [13.3680473, 38.1112046]}, "properties": {"id": "gare-e-affidamenti", "livello": "unita", "nome": "U.O. Gare e Affidamenti – Servizi Cimiteriali", "area": "Area dei servizi cimiteriali Protezione Civile e Sicurezza", "settore": "Capo area responsabile servizi cimiteriali", "responsabile": "Francesco Paolo Lipari (Funzionario Contabile)", "sede": "Palazzo Barone", "indirizzo": "Via Lincoln, 144, 90123 Palermo PA, Italia", "telefoni": ["0917403423", "0917403424"], "email": ["contabilitacimiteriale@comune.palermo.it", "impianticimiteriali.servizio@cert.comune.palermo.it"], "pec": ["impianticimiteriali.servizio@cert.comune.palermo.it"], "url": "https://www.comune.palermo.it/amministrazione/unita_organizzativa/gare-e-affidamenti/", "colore": "#7a9a01"}}, {"type": "Feature", "geometry": {"type": "Point", "coordinates": [13.3680473, 38.1112046]}, "properties": {"id": "uo-gestione-del-personale-servizi-cimiteriali", "livello": "unita", "nome": "U.O. Gestione del Personale – Servizi Cimiteriali", "area": "Area dei servizi cimiteriali Protezione Civile e Sicurezza", "settore": "Capo area responsabile servizi cimiteriali", "responsabile": "Bianca Fuschi (Funzionario Polizia Municipale)", "sede": "Palazzo Barone", "indirizzo": "Via Lincoln, 144, 90123 Palermo PA, Italia", "telefoni": ["0917403472", "0917403477"], "email": ["impianticimiteriali@cert.comune.palermo.it", "personalecimiteriale@comune.palermo.it"], "pec": ["impianticimiteriali@cert.comune.palermo.it"], "url": "https://www.comune.palermo.it/amministrazione/unita_organizzativa/uo-gestione-del-personale-servizi-cimiteriali/", "colore": "#7a9a01"}}, {"type": "Feature", "geometry": {"type": "Point", "coordinates": [13.3680473, 38.1112046]}, "properties": {"id": "immissioni", "livello": "unita", "nome": "U.O. Immissioni – Servizi Cimiteriali", "area": "Area dei servizi cimiteriali Protezione Civile e Sicurezza", "settore": "Capo area responsabile servizi cimiteriali", "responsabile": "Paolo Di Matteo (Funzionario Amministrativo)", "sede": "Palazzo Barone", "indirizzo": "Via Lincoln, 144, 90123 Palermo PA, Italia", "telefoni": ["0917403422", "0917403434", "0917403453", "0917403467"], "email": ["impianticimiteriali.servizio@cert.comune.palermo.it", "provvedimenticimiteriali@comune.palermo"], "pec": ["impianticimiteriali.servizio@cert.comune.palermo.it"], "url": "https://www.comune.palermo.it/amministrazione/unita_organizzativa/immissioni/", "colore": "#7a9a01"}}, {"type": "Feature", "geometry": {"type": "Point", "coordinates": [13.3680473, 38.1112046]}, "properties": {"id": "uo-stato-civile-servizi-cimiteriali", "livello": "unita", "nome": "U.O. Stato Civile – Servizi Cimiteriali", "area": "Area dei servizi cimiteriali Protezione Civile e Sicurezza", "settore": "Capo area responsabile servizi cimiteriali", "responsabile": "Paolo Di Matteo (Funzionario Amministrativo)", "sede": "Palazzo Barone", "indirizzo": "Via Lincoln, 144, 90123 Palermo PA, Italia", "telefoni": ["0917403427", "0917403433", "0917403468", "0917403470"], "email": ["impianticimiteriali.servizio@cert.comune.palermo.it", "provvedimenticimiteriali@comune.palermo"], "pec": ["impianticimiteriali.servizio@cert.comune.palermo.it"], "url": "https://www.comune.palermo.it/amministrazione/unita_organizzativa/uo-stato-civile-servizi-cimiteriali/", "colore": "#7a9a01"}}, {"type": "Feature", "geometry": {"type": "Point", "coordinates": [13.3680473, 38.1112046]}, "properties": {"id": "tecnica", "livello": "unita", "nome": "U.O. Tecnica – Servizi Cimiteriali", "area": "Area dei servizi cimiteriali Protezione Civile e Sicurezza", "settore": "Capo area responsabile servizi cimiteriali", "responsabile": "Francesco Paolo Amato (Funzionario Tecnico)", "sede": "Palazzo Barone", "indirizzo": "Via Lincoln, 144, 90123 Palermo PA, Italia", "telefoni": ["0917403428", "0917403457", "0917403492"], "email": ["impianticimiteriali.servizio@cert.comune.palermo.it", "ufficiotecnicocimiteriale@comune.palermo.it"], "pec": ["impianticimiteriali.servizio@cert.comune.palermo.it"], "url": "https://www.comune.palermo.it/amministrazione/unita_organizzativa/tecnica/", "colore": "#7a9a01"}}, {"type": "Feature", "geometry": {"type": "Point", "coordinates": [13.3350655, 38.1489097]}, "properties": {"id": "ufficio-protezione-civile-ed-edilizia-pericolante", "livello": "settore", "nome": "Ufficio protezione civile ed edilizia pericolante", "area": "Area dei servizi cimiteriali Protezione Civile e Sicurezza", "settore": "Ufficio protezione civile ed edilizia pericolante", "responsabile": "Maurizio Argento (Dirigente Tecnico)", "sede": "Polo Tecnico", "indirizzo": "Via Ausonia, 69, 90144 Palermo PA, Italia", "telefoni": ["091 7401283"], "email": ["m.argento@comune.palermo.it", "protezionecivile@cert.comune.palermo.it", "protezionecivile@comune.palermo.it"], "pec": ["protezionecivile@cert.comune.palermo.it"], "url": "https://www.comune.palermo.it/amministrazione/unita_organizzativa/ufficio-protezione-civile-ed-edilizia-pericolante/", "colore": "#7a9a01"}}, {"type": "Feature", "geometry": {"type": "Point", "coordinates": [13.3350655, 38.1489097]}, "properties": {"id": "amministrativa-contabile-e-staff-dirigente", "livello": "unita", "nome": "U.O. Amministrativa Contabile e Staff Dirigente – Protezione civile ed edilizia pericolante", "area": "Area dei servizi cimiteriali Protezione Civile e Sicurezza", "settore": "Ufficio protezione civile ed edilizia pericolante", "responsabile": "Maurizio Argento (Dirigente Tecnico)", "sede": "Polo Tecnico", "indirizzo": "Via Ausonia, 69, 90144 Palermo PA, Italia", "telefoni": ["0917401749"], "email": ["protezionecivile@cert.comune.palermo.it", "protezionecivile@comune.palermo.it"], "pec": ["protezionecivile@cert.comune.palermo.it"], "url": "https://www.comune.palermo.it/amministrazione/unita_organizzativa/amministrativa-contabile-e-staff-dirigente/", "colore": "#7a9a01"}}, {"type": "Feature", "geometry": {"type": "Point", "coordinates": [13.3741244, 38.1168027]}, "properties": {"id": "edilizia-degradata-e-interventi-urgenti", "livello": "unita", "nome": "U.O. Edilizia Degradata e Interventi Urgenti", "area": "Area dei servizi cimiteriali Protezione Civile e Sicurezza", "settore": "Ufficio protezione civile ed edilizia pericolante", "responsabile": "Debora Messina (Esperto Tecnico Progettista)", "sede": "Ex Noviziato dei Crociferi", "indirizzo": "Via Foro Umberto I n. 14, 90133 Palermo PA, Italia", "telefoni": ["0917406864", "0917406870"], "email": ["protezionecivile@cert.comune.palermo.it", "protezionecivile@comune.palermo.it"], "pec": ["protezionecivile@cert.comune.palermo.it"], "url": "https://www.comune.palermo.it/amministrazione/unita_organizzativa/edilizia-degradata-e-interventi-urgenti/", "colore": "#7a9a01"}}, {"type": "Feature", "geometry": {"type": "Point", "coordinates": [13.3350655, 38.1489097]}, "properties": {"id": "edilizia-pericolante", "livello": "unita", "nome": "U.O. Edilizia Pericolante", "area": "Area dei servizi cimiteriali Protezione Civile e Sicurezza", "settore": "Ufficio protezione civile ed edilizia pericolante", "responsabile": "Nicola Giaconia (Funzionario Tecnico)", "sede": "Polo Tecnico", "indirizzo": "Via Ausonia, 69, 90144 Palermo PA, Italia", "telefoni": ["0917401451", "0917401750"], "email": ["protezionecivile@cert.comune.palermo.it", "protezionecivile@comune.palermo.it"], "pec": ["protezionecivile@cert.comune.palermo.it"], "url": "https://www.comune.palermo.it/amministrazione/unita_organizzativa/edilizia-pericolante/", "colore": "#7a9a01"}}, {"type": "Feature", "geometry": {"type": "Point", "coordinates": [13.3350655, 38.1489097]}, "properties": {"id": "protezione-civile", "livello": "unita", "nome": "U.O. Protezione Civile", "area": "Area dei servizi cimiteriali Protezione Civile e Sicurezza", "settore": "Ufficio protezione civile ed edilizia pericolante", "responsabile": "Salvatore Mereu (Funzionario Tecnico Architetto)", "sede": "Polo Tecnico", "indirizzo": "Via Ausonia, 69, 90144 Palermo PA, Italia", "telefoni": ["0917401515"], "email": ["protezionecivile@cert.comune.palermo.it", "protezionecivile@comune.palermo.it"], "pec": ["protezionecivile@cert.comune.palermo.it"], "url": "https://www.comune.palermo.it/amministrazione/unita_organizzativa/protezione-civile/", "colore": "#7a9a01"}}, {"type": "Feature", "geometry": {"type": "Point", "coordinates": [13.3350655, 38.1489097]}, "properties": {"id": "uo-segreteria-assessore-2", "livello": "unita", "nome": "U.O. Segreteria Assessore Protezione Civile", "area": "Area dei servizi cimiteriali Protezione Civile e Sicurezza", "settore": "Ufficio protezione civile ed edilizia pericolante", "responsabile": "Benedetto Fabrizio Misseri (Collaboratore Professionale Amministrativo)", "sede": "Polo Tecnico", "indirizzo": "Via Ausonia, 69, 90144 Palermo PA, Italia", "telefoni": ["0917402679"], "email": ["protezionecivile@cert.comune.palermo.it", "protezionecivile@comune.palermo.it"], "pec": ["protezionecivile@cert.comune.palermo.it"], "url": "https://www.comune.palermo.it/amministrazione/unita_organizzativa/uo-segreteria-assessore-2/", "colore": "#7a9a01"}}, {"type": "Feature", "geometry": {"type": "Point", "coordinates": [13.3596498, 38.1162274]}, "properties": {"id": "ufficio-autonomo-sicurezza-nei-luoghi-di-lavoro-e-rspp", "livello": "settore", "nome": "Ufficio autonomo sicurezza nei luoghi di lavoro e RSPP", "area": "Area dei servizi cimiteriali Protezione Civile e Sicurezza", "settore": "Ufficio autonomo sicurezza nei luoghi di lavoro e RSPP", "responsabile": "Maurizio Pedicone (Dirigente Amministrativo)", "sede": "Vicolo Gran Cancelliere, 1", "indirizzo": "Vicolo Gran Cancelliere, 1, 90134 Palermo PA, Italia", "telefoni": ["0917409701", "0917409703", "0917409706"], "email": ["sicurezza@cert.comune.palermo.it", "sicurezza@comune.palermo.it"], "pec": ["sicurezza@cert.comune.palermo.it"], "url": "https://www.comune.palermo.it/amministrazione/unita_organizzativa/ufficio-autonomo-sicurezza-nei-luoghi-di-lavoro-e-rspp/", "colore": "#7a9a01"}}, {"type": "Feature", "geometry": {"type": "Point", "coordinates": [13.3596498, 38.1162274]}, "properties": {"id": "uo-dvr-rapporti-con-i-datori-di-lavoro-e-medico-competente", "livello": "unita", "nome": "U.O. DVR Rapporti con i Datori di Lavoro e Medico competente", "area": "Area dei servizi cimiteriali Protezione Civile e Sicurezza", "settore": "Ufficio autonomo sicurezza nei luoghi di lavoro e RSPP", "responsabile": "Maurizio Centinaro (Maurizio Centinaro)", "sede": "Vicolo Gran Cancelliere, 1", "indirizzo": "Vicolo Gran Cancelliere, 1, 90134 Palermo PA, Italia", "telefoni": ["091 7409705"], "email": ["sicurezza@cert.comune.palermo.it", "sicurezza@comune.palermo.it"], "pec": ["sicurezza@cert.comune.palermo.it"], "url": "https://www.comune.palermo.it/amministrazione/unita_organizzativa/uo-dvr-rapporti-con-i-datori-di-lavoro-e-medico-competente/", "colore": "#7a9a01"}}, {"type": "Feature", "geometry": {"type": "Point", "coordinates": [13.3596498, 38.1162274]}, "properties": {"id": "uo-formazione-e-sorveglianza-sanitaria", "livello": "unita", "nome": "U.O. Formazione e Sorveglianza Sanitaria", "area": "Area dei servizi cimiteriali Protezione Civile e Sicurezza", "settore": "Ufficio autonomo sicurezza nei luoghi di lavoro e RSPP", "responsabile": "Giovanni Pietro Merlino (Giovanni Pietro Merlino)", "sede": "Vicolo Gran Cancelliere, 1", "indirizzo": "Vicolo Gran Cancelliere, 1, 90134 Palermo PA, Italia", "telefoni": [], "email": ["sicurezza@cert.comune.palermo.it", "sicurezza@comune.palermo.it"], "pec": ["sicurezza@cert.comune.palermo.it"], "url": "https://www.comune.palermo.it/amministrazione/unita_organizzativa/uo-formazione-e-sorveglianza-sanitaria/", "colore": "#7a9a01"}}, {"type": "Feature", "geometry": {"type": "Point", "coordinates": [13.3596498, 38.1162274]}, "properties": {"id": "uo-staff-dirigente-4", "livello": "unita", "nome": "U.O. Staff Dirigente Ufficio Sicurezza nei Luoghi di Lavoro e RSPP", "area": "Area dei servizi cimiteriali Protezione Civile e Sicurezza", "settore": "Ufficio autonomo sicurezza nei luoghi di lavoro e RSPP", "responsabile": "Maurizio Pedicone (Dirigente Amministrativo)", "sede": "Vicolo Gran Cancelliere, 1", "indirizzo": "Vicolo Gran Cancelliere, 1, 90134 Palermo PA, Italia", "telefoni": ["091 7409711"], "email": ["sicurezza@cert.comune.palermo.it", "sicurezza@comune.palermo.it"], "pec": ["sicurezza@cert.comune.palermo.it"], "url": "https://www.comune.palermo.it/amministrazione/unita_organizzativa/uo-staff-dirigente-4/", "colore": "#7a9a01"}}, {"type": "Feature", "geometry": {"type": "Point", "coordinates": [13.3350655, 38.1489097]}, "properties": {"id": "ufficio-protezione-civile-e-sicurezza", "livello": "settore", "nome": "Ufficio Protezione Civile e Sicurezza", "area": "Area dei servizi cimiteriali Protezione Civile e Sicurezza", "settore": "Ufficio Protezione Civile e Sicurezza", "responsabile": "Maurizio Argento (Dirigente Tecnico)", "sede": "Polo Tecnico", "indirizzo": "Via Ausonia, 69, 90144 Palermo PA, Italia", "telefoni": ["091 7401283"], "email": ["m.argento@comune.palermo.it", "protezionecivile@cert.comune.palermo.it", "protezionecivile@comune.palermo.it"], "pec": ["protezionecivile@cert.comune.palermo.it"], "url": "https://www.comune.palermo.it/amministrazione/unita_organizzativa/ufficio-protezione-civile-e-sicurezza/", "colore": "#7a9a01"}}, {"type": "Feature", "geometry": {"type": "Point", "coordinates": [13.3242128, 38.1641916]}, "properties": {"id": "area-del-patrimonio", "livello": "area", "nome": "Area del Patrimonio", "area": "Area del Patrimonio", "settore": "", "responsabile": "Luigi Galatioto (Dirigente Amministrativo)", "sede": "Via Gerardo Astorino, 36", "indirizzo": "Via Gerardo Astorino, 36, 90146 Palermo PA, Italia", "telefoni": ["0917406424", "0917406431"], "email": ["areapatrimonio@comune.palermo.it", "settoredellerisorseimmobiliari@cert.comune.palermo.it"], "pec": ["settoredellerisorseimmobiliari@cert.comune.palermo.it"], "url": "https://www.comune.palermo.it/amministrazione/unita_organizzativa/area-del-patrimonio/", "colore": "#8c564b"}}, {"type": "Feature", "geometry": {"type": "Point", "coordinates": [13.3242128, 38.1641916]}, "properties": {"id": "capo-area-responsabile-patrimonio", "livello": "settore", "nome": "Capo Area Responsabile Patrimonio", "area": "Area del Patrimonio", "settore": "Capo Area Responsabile Patrimonio", "responsabile": "Luigi Galatioto (Dirigente Amministrativo)", "sede": "Via Gerardo Astorino, 36", "indirizzo": "Via Gerardo Astorino, 36, 90146 Palermo PA, Italia", "telefoni": ["0917406424", "0917406427", "0917406431"], "email": ["areapatrimonio@comune.palermo.it", "settoredellerisorseimmobiliari@cert.comune.palermo.it"], "pec": ["settoredellerisorseimmobiliari@cert.comune.palermo.it"], "url": "https://www.comune.palermo.it/amministrazione/unita_organizzativa/capo-area-responsabile-patrimonio/", "colore": "#8c564b"}}, {"type": "Feature", "geometry": {"type": "Point", "coordinates": [13.3242128, 38.1641916]}, "properties": {"id": "uo-fitti-passivi-patrimonio", "livello": "unita", "nome": "U.O. Fitti passivi – Patrimonio", "area": "Area del Patrimonio", "settore": "Capo Area Responsabile Patrimonio", "responsabile": "Pasquale Filippone (Funzionario Amministrativo)", "sede": "Via Gerardo Astorino, 36", "indirizzo": "Via Gerardo Astorino, 36, 90146 Palermo PA, Italia", "telefoni": ["091-7406426", "091-7406443", "091-7406475"], "email": ["areapatrimonio@comune.palermo.it", "settoredellerisorseimmobiliari@cert.comune.palermo.it"], "pec": ["settoredellerisorseimmobiliari@cert.comune.palermo.it"], "url": "https://www.comune.palermo.it/amministrazione/unita_organizzativa/uo-fitti-passivi-patrimonio/", "colore": "#8c564b"}}, {"type": "Feature", "geometry": {"type": "Point", "coordinates": [13.3242128, 38.1641916]}, "properties": {"id": "gestione-beni-confiscati", "livello": "unita", "nome": "U.O. Gestione beni confiscati – Patrimonio", "area": "Area del Patrimonio", "settore": "Capo Area Responsabile Patrimonio", "responsabile": "Giulia Di Matteo (Funzionario Amministrativo)", "sede": "Via Gerardo Astorino, 36", "indirizzo": "Via Gerardo Astorino, 36, 90146 Palermo PA, Italia", "telefoni": ["0917406408", "0917406420", "0917406430", "0917406446", "0917406474"], "email": ["areapatrimonio@comune.palermo.it", "settoredellerisorseimmobiliari@cert.comune.palermo.it"], "pec": ["settoredellerisorseimmobiliari@cert.comune.palermo.it"], "url": "https://www.comune.palermo.it/amministrazione/unita_organizzativa/gestione-beni-confiscati/", "colore": "#8c564b"}}, {"type": "Feature", "geometry": {"type": "Point", "coordinates": [13.3242128, 38.1641916]}, "properties": {"id": "uo-gestione-condomini-patrimonio", "livello": "unita", "nome": "U.O. Gestione condomini – Patrimonio", "area": "Area del Patrimonio", "settore": "Capo Area Responsabile Patrimonio", "responsabile": "Giacomo Palazzolo (Funzionario Amministrativo)", "sede": "Via Gerardo Astorino, 36", "indirizzo": "Via Gerardo Astorino, 36, 90146 Palermo PA, Italia", "telefoni": ["091-7406449", "091-7406450", "091-7406503"], "email": ["areapatrimonio@comune.palermo.it", "settoredellerisorseimmobiliari@cert.comune.palermo.it"], "pec": ["settoredellerisorseimmobiliari@cert.comune.palermo.it"], "url": "https://www.comune.palermo.it/amministrazione/unita_organizzativa/uo-gestione-condomini-patrimonio/", "colore": "#8c564b"}}, {"type": "Feature", "geometry": {"type": "Point", "coordinates": [13.3242128, 38.1641916]}, "properties": {"id": "uo-gestione-fitti-attivi-e-patrimonio-disponibile-patrimonio", "livello": "unita", "nome": "U.O. Gestione fitti attivi e patrimonio disponibile – Patrimonio", "area": "Area del Patrimonio", "settore": "Capo Area Responsabile Patrimonio", "responsabile": "Elvira Borsellino (Funzionario Contabile)", "sede": "Via Gerardo Astorino, 36", "indirizzo": "Via Gerardo Astorino, 36, 90146 Palermo PA, Italia", "telefoni": ["091-7406418", "091-7406470", "091-7406471"], "email": ["areapatrimonio@comune.palermo.it", "settoredellerisorseimmobiliari@cert.comune.palermo.it"], "pec": ["settoredellerisorseimmobiliari@cert.comune.palermo.it"], "url": "https://www.comune.palermo.it/amministrazione/unita_organizzativa/uo-gestione-fitti-attivi-e-patrimonio-disponibile-patrimonio/", "colore": "#8c564b"}}, {"type": "Feature", "geometry": {"type": "Point", "coordinates": [13.3242128, 38.1641916]}, "properties": {"id": "uo-gestione-problematiche-sicurezza-dei-luoghi-di-lavoro-e-abusivismo-edilizio-patrimonio", "livello": "unita", "nome": "U.O. Gestione problematiche sicurezza dei luoghi di lavoro e abusivismo edilizio – Patrimonio", "area": "Area del Patrimonio", "settore": "Capo Area Responsabile Patrimonio", "responsabile": "Giovanna Pollara (Funzionario Tecnico)", "sede": "Via Gerardo Astorino, 36", "indirizzo": "Via Gerardo Astorino, 36, 90146 Palermo PA, Italia", "telefoni": ["0917406484"], "email": ["areapatrimonio@comune.palermo.it", "settoredellerisorseimmobiliari@cert.comune.palermo.it"], "pec": ["settoredellerisorseimmobiliari@cert.comune.palermo.it"], "url": "https://www.comune.palermo.it/amministrazione/unita_organizzativa/uo-gestione-problematiche-sicurezza-dei-luoghi-di-lavoro-e-abusivismo-edilizio-patrimonio/", "colore": "#8c564b"}}, {"type": "Feature", "geometry": {"type": "Point", "coordinates": [13.3242128, 38.1641916]}, "properties": {"id": "segreteria-di-direzione-personale-protocollo-e-archivio", "livello": "unita", "nome": "U.O. Segreteria di direzione, personale, protocollo e archivio – Patrimonio", "area": "Area del Patrimonio", "settore": "Capo Area Responsabile Patrimonio", "responsabile": "Daniela D'Anna (Funzionario Amministrativo)", "sede": "Via Gerardo Astorino, 36", "indirizzo": "Via Gerardo Astorino, 36, 90146 Palermo PA, Italia", "telefoni": ["0917406431", "0917406499"], "email": ["areapatrimonio@comune.palermo.it", "settoredellerisorseimmobiliari@cert.comune.palermo.it"], "pec": ["settoredellerisorseimmobiliari@cert.comune.palermo.it"], "url": "https://www.comune.palermo.it/amministrazione/unita_organizzativa/segreteria-di-direzione-personale-protocollo-e-archivio/", "colore": "#8c564b"}}, {"type": "Feature", "geometry": {"type": "Point", "coordinates": [13.3242128, 38.1641916]}, "properties": {"id": "staff-capo-area", "livello": "unita", "nome": "U.O. Staff Capo Area – Patrimonio", "area": "Area del Patrimonio", "settore": "Capo Area Responsabile Patrimonio", "responsabile": "", "sede": "Via Gerardo Astorino, 36", "indirizzo": "Via Gerardo Astorino, 36, 90146 Palermo PA, Italia", "telefoni": ["0917406424", "0917406431"], "email": ["areapatrimonio@comune.palermo.it", "settoredellerisorseimmobiliari@cert.comune.palermo.it"], "pec": ["settoredellerisorseimmobiliari@cert.comune.palermo.it"], "url": "https://www.comune.palermo.it/amministrazione/unita_organizzativa/staff-capo-area/", "colore": "#8c564b"}}, {"type": "Feature", "geometry": {"type": "Point", "coordinates": [13.3242128, 38.1641916]}, "properties": {"id": "uo-supporto-non-amministrativo", "livello": "unita", "nome": "U.O. Supporto non amministrativo – Patrimonio", "area": "Area del Patrimonio", "settore": "Capo Area Responsabile Patrimonio", "responsabile": "Giuseppe Orantelli (Funzionario Tecnico Architetto)", "sede": "Via Gerardo Astorino, 36", "indirizzo": "Via Gerardo Astorino, 36, 90146 Palermo PA, Italia", "telefoni": ["091-7406411", "091-7406413", "091-7406502"], "email": ["areapatrimonio@comune.palermo.it", "settoredellerisorseimmobiliari@cert.comune.palermo.it"], "pec": ["settoredellerisorseimmobiliari@cert.comune.palermo.it"], "url": "https://www.comune.palermo.it/amministrazione/unita_organizzativa/uo-supporto-non-amministrativo/", "colore": "#8c564b"}}, {"type": "Feature", "geometry": {"type": "Point", "coordinates": [13.3242128, 38.1641916]}, "properties": {"id": "ufficio-autonomo-demanio-e-inventario", "livello": "settore", "nome": "Ufficio Autonomo Demanio e Inventario", "area": "Area del Patrimonio", "settore": "Ufficio Autonomo Demanio e Inventario", "responsabile": "Ferdinando Ania (Dirigente Amministrativo)", "sede": "Via Gerardo Astorino, 36", "indirizzo": "Via Gerardo Astorino, 36, 90146 Palermo PA, Italia", "telefoni": ["0917406433/82", "0917406453/77", "0917406497", "0917406501"], "email": ["demanio@comune.palermo.it", "gestionebeniconfiscatidemanio@cert.comune.palermo.it", "inventario@cert.comune.palermo.it", "inventario@comune.palermo.it"], "pec": ["gestionebeniconfiscatidemanio@cert.comune.palermo.it", "inventario@cert.comune.palermo.it"], "url": "https://www.comune.palermo.it/amministrazione/unita_organizzativa/ufficio-autonomo-demanio-e-inventario/", "colore": "#8c564b"}}, {"type": "Feature", "geometry": {"type": "Point", "coordinates": [13.3242128, 38.1641916]}, "properties": {"id": "gestione-beni-demaniali-e-patrimonio-indisponibile", "livello": "unita", "nome": "U.O. Gestione beni demaniali e patrimonio indisponibile", "area": "Area del Patrimonio", "settore": "Ufficio Autonomo Demanio e Inventario", "responsabile": "Nicolo' Salvatore Achille (Funzionario Amministrativo)", "sede": "Via Gerardo Astorino, 36", "indirizzo": "Via Gerardo Astorino, 36, 90146 Palermo PA, Italia", "telefoni": ["091-7406433", "091-7406482"], "email": ["demanio@comune.palermo.it", "gestionebeniconfiscatidemanio@cert.comune.palermo.it"], "pec": ["gestionebeniconfiscatidemanio@cert.comune.palermo.it"], "url": "https://www.comune.palermo.it/amministrazione/unita_organizzativa/gestione-beni-demaniali-e-patrimonio-indisponibile/", "colore": "#8c564b"}}, {"type": "Feature", "geometry": {"type": "Point", "coordinates": [13.3242128, 38.1641916]}, "properties": {"id": "uo-inventario", "livello": "unita", "nome": "U.O. Inventario", "area": "Area del Patrimonio", "settore": "Ufficio Autonomo Demanio e Inventario", "responsabile": "Gaspare Russo (Funzionario Tecnico)", "sede": "Via Gerardo Astorino, 36", "indirizzo": "Via Gerardo Astorino, 36, 90146 Palermo PA, Italia", "telefoni": ["091-7406481", "091-7406501"], "email": ["inventario@cert.comune.palermo.it", "inventario@comune.palermo.it"], "pec": ["inventario@cert.comune.palermo.it"], "url": "https://www.comune.palermo.it/amministrazione/unita_organizzativa/uo-inventario/", "colore": "#8c564b"}}, {"type": "Feature", "geometry": {"type": "Point", "coordinates": [13.3457766, 38.1328753]}, "properties": {"id": "area-della-istruzione-e-formazione", "livello": "area", "nome": "Area della Istruzione e Formazione", "area": "Area della Istruzione e Formazione", "settore": "", "responsabile": "Maria Anna Fiasconaro (Dirigente Amministrativo)", "sede": "Via Emanuele Notarbartolo n° 21/a", "indirizzo": "Via Emanuele Notarbartolo, 21/A, 90141 Palermo PA, Italia", "telefoni": ["0917404377"], "email": ["areascuola@comune.palermo.it", "settoreservizieducativi@cert.comune.palermo.it"], "pec": ["settoreservizieducativi@cert.comune.palermo.it"], "url": "https://www.comune.palermo.it/amministrazione/unita_organizzativa/area-della-istruzione-e-formazione/", "colore": "#1f77b4"}}, {"type": "Feature", "geometry": {"type": "Point", "coordinates": [13.3457766, 38.1328753]}, "properties": {"id": "capo-area-responsabile-pianificazione-dellistruzione-e-formazione", "livello": "settore", "nome": "Capo Area responsabile pianificazione dell’Istruzione e Formazione", "area": "Area della Istruzione e Formazione", "settore": "Capo Area responsabile pianificazione dell’Istruzione e Formazione", "responsabile": "Maria Anna Fiasconaro (Dirigente Amministrativo)", "sede": "Via Emanuele Notarbartolo n° 21/a", "indirizzo": "Via Emanuele Notarbartolo, 21/A, 90141 Palermo PA, Italia", "telefoni": ["0917404377", "0917404381", "0917404397"], "email": ["areascuola@comune.palermo.it", "settoresevizieducativi@cert.comune.palermo.it;"], "pec": ["settoresevizieducativi@cert.comune.palermo.it;"], "url": "https://www.comune.palermo.it/amministrazione/unita_organizzativa/capo-area-responsabile-pianificazione-dellistruzione-e-formazione/", "colore": "#1f77b4"}}, {"type": "Feature", "geometry": {"type": "Point", "coordinates": [13.3457766, 38.1328753]}, "properties": {"id": "uo-controllo-contabile", "livello": "unita", "nome": "U.O. Controllo Contabile", "area": "Area della Istruzione e Formazione", "settore": "Capo Area responsabile pianificazione dell’Istruzione e Formazione", "responsabile": "Fabio Filippo Scoma (Funzionario Contabile)", "sede": "Via Emanuele Notarbartolo n° 21/a", "indirizzo": "Via Emanuele Notarbartolo, 21/A, 90141 Palermo PA, Italia", "telefoni": ["0917404346", "0917404363"], "email": ["areascuola@comune.palermo.it", "settoreservizieducativi@cert.comune.palermo.it"], "pec": ["settoreservizieducativi@cert.comune.palermo.it"], "url": "https://www.comune.palermo.it/amministrazione/unita_organizzativa/uo-controllo-contabile/", "colore": "#1f77b4"}}, {"type": "Feature", "geometry": {"type": "Point", "coordinates": [13.3457766, 38.1328753]}, "properties": {"id": "uo-gestione-personale-interno-e-servizi-generali-capo-area-responsabile-pianificazione-dellistruzione-e-formazione", "livello": "unita", "nome": "U.O. Gestione Personale interno e Servizi Generali – Capo Area responsabile pianificazione dell’Istruzione e Formazione", "area": "Area della Istruzione e Formazione", "settore": "Capo Area responsabile pianificazione dell’Istruzione e Formazione", "responsabile": "Fabio Filippo Scoma (Funzionario Contabile)", "sede": "Via Emanuele Notarbartolo n° 21/a", "indirizzo": "Via Emanuele Notarbartolo, 21/A, 90141 Palermo PA, Italia", "telefoni": ["0917404332", "0917404361", "0917404396"], "email": ["areascuola@comune.palermo.it", "settoreservizieducativi@cert.comune.palermo.it"], "pec": ["settoreservizieducativi@cert.comune.palermo.it"], "url": "https://www.comune.palermo.it/amministrazione/unita_organizzativa/uo-gestione-personale-interno-e-servizi-generali-capo-area-responsabile-pianificazione-dellistruzione-e-formazione/", "colore": "#1f77b4"}}, {"type": "Feature", "geometry": {"type": "Point", "coordinates": [13.3457766, 38.1328753]}, "properties": {"id": "uo-segreteria-assessore-capo-area-responsabile-pianificazione-dellistruzione-e-formazione", "livello": "unita", "nome": "U.O. Segreteria Assessore – Capo Area responsabile pianificazione dell’Istruzione e Formazione", "area": "Area della Istruzione e Formazione", "settore": "Capo Area responsabile pianificazione dell’Istruzione e Formazione", "responsabile": "Maria Antonietta Mangiapane (Esperto Attività Sportive)", "sede": "Via Emanuele Notarbartolo n° 21/a", "indirizzo": "Via Emanuele Notarbartolo, 21/A, 90141 Palermo PA, Italia", "telefoni": ["0917404300", "0917404301"], "email": ["a.tamajo@comune.palermo.it", "assessoratoscuola@comune.palermo.it", "servizieducativi@cert.comune.paletrmo.it"], "pec": ["servizieducativi@cert.comune.paletrmo.it"], "url": "https://www.comune.palermo.it/amministrazione/unita_organizzativa/uo-segreteria-assessore-capo-area-responsabile-pianificazione-dellistruzione-e-formazione/", "colore": "#1f77b4"}}, {"type": "Feature", "geometry": {"type": "Point", "coordinates": [13.3457766, 38.1328753]}, "properties": {"id": "sicurezza", "livello": "unita", "nome": "U.O. Sicurezza – Capo Area responsabile pianificazione dell’Istruzione e Formazione", "area": "Area della Istruzione e Formazione", "settore": "Capo Area responsabile pianificazione dell’Istruzione e Formazione", "responsabile": "Fabio Filippo Scoma (Funzionario Contabile)", "sede": "Via Emanuele Notarbartolo n° 21/a", "indirizzo": "Via Emanuele Notarbartolo, 21/A, 90141 Palermo PA, Italia", "telefoni": ["0917404348", "0917404373", "0917404376"], "email": ["areascuola@comune.palermo.it", "settoreservizieducativi@cert.comune.palermo.it"], "pec": ["settoreservizieducativi@cert.comune.palermo.it"], "url": "https://www.comune.palermo.it/amministrazione/unita_organizzativa/sicurezza/", "colore": "#1f77b4"}}, {"type": "Feature", "geometry": {"type": "Point", "coordinates": [13.3457766, 38.1328753]}, "properties": {"id": "uo-staff-capo-area-capo-area-responsabile-pianificazione-dellistruzione-e-formazione", "livello": "unita", "nome": "U.O. Staff Capo Area – Capo Area responsabile pianificazione dell’Istruzione e Formazione", "area": "Area della Istruzione e Formazione", "settore": "Capo Area responsabile pianificazione dell’Istruzione e Formazione", "responsabile": "Fabio Filippo Scoma (Funzionario Contabile)", "sede": "Via Emanuele Notarbartolo n° 21/a", "indirizzo": "Via Emanuele Notarbartolo, 21/A, 90141 Palermo PA, Italia", "telefoni": ["0917404376", "0917404381", "0917404387"], "email": ["areascuola@comune.palermo.it", "g.ragusa@comune.palermo.it;", "settoreservizieducativi@cert.comune.palermo.it;"], "pec": ["settoreservizieducativi@cert.comune.palermo.it;"], "url": "https://www.comune.palermo.it/amministrazione/unita_organizzativa/uo-staff-capo-area-capo-area-responsabile-pianificazione-dellistruzione-e-formazione/", "colore": "#1f77b4"}}, {"type": "Feature", "geometry": {"type": "Point", "coordinates": [13.3460296, 38.126361]}, "properties": {"id": "uo-autorit-garante-dei-diritti-dellinfanzia-e-adolescenza", "livello": "unita", "nome": "U.O. Ufficio Garante per i Diritti dell’Infanzia e dell’ adolescenza", "area": "Area della Istruzione e Formazione", "settore": "Capo Area responsabile pianificazione dell’Istruzione e Formazione", "responsabile": "Nadia Galici (Funzionario Amministrativo)", "sede": "Via Catania n° 146", "indirizzo": "Via Catania, 146, 90141 Palermo PA, Italia", "telefoni": ["091 7404180", "091 7404305", "091 7404394"], "email": ["garanteinfanziadolescenza@cert.comune.palermo.it", "garanteinfanziadolescenza@comune.palermo.it", "nadia.galici@comune.palermo.it"], "pec": ["garanteinfanziadolescenza@cert.comune.palermo.it"], "url": "https://www.comune.palermo.it/amministrazione/unita_organizzativa/uo-autorit-garante-dei-diritti-dellinfanzia-e-adolescenza/", "colore": "#1f77b4"}}, {"type": "Feature", "geometry": {"type": "Point", "coordinates": [13.3457766, 38.1328753]}, "properties": {"id": "ufficio-servizi-educativi-e-scuola-dellinfanzia-06-anni", "livello": "settore", "nome": "Ufficio Servizi Educativi e Scuola dell’Infanzia 0-6 anni", "area": "Area della Istruzione e Formazione", "settore": "Ufficio Servizi Educativi e Scuola dell’Infanzia 0-6 anni", "responsabile": "Rosario Gagliano (Dirigente Amministrativo)", "sede": "Via Emanuele Notarbartolo n° 21/a", "indirizzo": "Via Emanuele Notarbartolo, 21/A, 90141 Palermo PA, Italia", "telefoni": ["0917404341"], "email": ["servizinfanzia@cert.comune.palermo.it", "servizinfanzia@comune.palermo.it"], "pec": ["servizinfanzia@cert.comune.palermo.it"], "url": "https://www.comune.palermo.it/amministrazione/unita_organizzativa/ufficio-servizi-educativi-e-scuola-dellinfanzia-06-anni/", "colore": "#1f77b4"}}, {"type": "Feature", "geometry": {"type": "Point", "coordinates": [13.3457766, 38.1328753]}, "properties": {"id": "uo-approvvigionamento", "livello": "unita", "nome": "U.O. Approvvigionamento", "area": "Area della Istruzione e Formazione", "settore": "Ufficio Servizi Educativi e Scuola dell’Infanzia 0-6 anni", "responsabile": "Salvatore Milazzo (Funzionario Amministrativo)", "sede": "Via Emanuele Notarbartolo n° 21/a", "indirizzo": "Via Emanuele Notarbartolo, 21/A, 90141 Palermo PA, Italia", "telefoni": ["091 7404345", "091 7404393", "091 74704391"], "email": ["s.milazzo@comune.palermo.it", "servizinfanzia@cert.comune.palermo.it", "servizinfanzia@comune.palermo.it"], "pec": ["servizinfanzia@cert.comune.palermo.it"], "url": "https://www.comune.palermo.it/amministrazione/unita_organizzativa/uo-approvvigionamento/", "colore": "#1f77b4"}}, {"type": "Feature", "geometry": {"type": "Point", "coordinates": [13.3457766, 38.1328753]}, "properties": {"id": "uo-contributi-06", "livello": "unita", "nome": "U.O. Contributi 0/6", "area": "Area della Istruzione e Formazione", "settore": "Ufficio Servizi Educativi e Scuola dell’Infanzia 0-6 anni", "responsabile": "Silvia Merendino (Funzionario Educativo/Pedagogico)", "sede": "Via Emanuele Notarbartolo n° 21/a", "indirizzo": "Via Emanuele Notarbartolo, 21/A, 90141 Palermo PA, Italia", "telefoni": ["0917404339", "0917404370", "0917404373"], "email": ["contributizerosei@comune.palermo.it", "servizinfanzia@cert.comune.palermo.it"], "pec": ["servizinfanzia@cert.comune.palermo.it"], "url": "https://www.comune.palermo.it/amministrazione/unita_organizzativa/uo-contributi-06/", "colore": "#1f77b4"}}, {"type": "Feature", "geometry": {"type": "Point", "coordinates": [13.3457766, 38.1328753]}, "properties": {"id": "uo-direzione-e-segreteria-ufficio-servizi-educativi-e-scuola-dellinfanzia-06-anni", "livello": "unita", "nome": "U.O. Direzione e Segreteria – Ufficio Servizi Educativi e Scuola dell’Infanzia 0/6 anni", "area": "Area della Istruzione e Formazione", "settore": "Ufficio Servizi Educativi e Scuola dell’Infanzia 0-6 anni", "responsabile": "Daniela Tripisciano (Funzionario Sociologo)", "sede": "Via Emanuele Notarbartolo n° 21/a", "indirizzo": "Via Emanuele Notarbartolo, 21/A, 90141 Palermo PA, Italia", "telefoni": ["091/7404341", "091/7404343"], "email": ["d.tripisciano@comune.palermo.it", "servizinfanzia@cert.comune.palermo.it", "servizinfanzia@comune.palermo.it"], "pec": ["servizinfanzia@cert.comune.palermo.it"], "url": "https://www.comune.palermo.it/amministrazione/unita_organizzativa/uo-direzione-e-segreteria-ufficio-servizi-educativi-e-scuola-dellinfanzia-06-anni/", "colore": "#1f77b4"}}, {"type": "Feature", "geometry": {"type": "Point", "coordinates": [13.3457766, 38.1328753]}, "properties": {"id": "progettazione-gestione-amministrativa-e-pedagogica-servizi-03-a-gestione-indiretta", "livello": "unita", "nome": "U.O. Progettazione, Gestione Amministrativa e pedagogica servizi 0/3 a gestione indiretta", "area": "Area della Istruzione e Formazione", "settore": "Ufficio Servizi Educativi e Scuola dell’Infanzia 0-6 anni", "responsabile": "Tiziana Fornaciari (Esperto Area Socio Assistenziale)", "sede": "Via Emanuele Notarbartolo n° 21/a", "indirizzo": "Via Emanuele Notarbartolo, 21/A, 90141 Palermo PA, Italia", "telefoni": ["0917404302", "0917404313", "0917404358"], "email": ["pacinfanzia@comune.palermo.it", "servizinfanzia@cert.comune.palermo.it"], "pec": ["servizinfanzia@cert.comune.palermo.it"], "url": "https://www.comune.palermo.it/amministrazione/unita_organizzativa/progettazione-gestione-amministrativa-e-pedagogica-servizi-03-a-gestione-indiretta/", "colore": "#1f77b4"}}, {"type": "Feature", "geometry": {"type": "Point", "coordinates": [13.3457766, 38.1328753]}, "properties": {"id": "programmazione-monitoraggio-e-rendicontazione-fondi-extracomunali-prima-e-seconda-infanzia", "livello": "unita", "nome": "U.O. Programmazione, monitoraggio e rendicontazione fondi extracomunali prima e seconda infanzia", "area": "Area della Istruzione e Formazione", "settore": "Ufficio Servizi Educativi e Scuola dell’Infanzia 0-6 anni", "responsabile": "Valeria Palmisano (Funzionario Amministrativo)", "sede": "Via Emanuele Notarbartolo n° 21/a", "indirizzo": "Via Emanuele Notarbartolo, 21/A, 90141 Palermo PA, Italia", "telefoni": ["0917404342", "0917404343", "0917404393"], "email": ["servizinfanzia@cert.comune.palermo.it", "servizinfanzia@comune.palermo.it"], "pec": ["servizinfanzia@cert.comune.palermo.it"], "url": "https://www.comune.palermo.it/amministrazione/unita_organizzativa/programmazione-monitoraggio-e-rendicontazione-fondi-extracomunali-prima-e-seconda-infanzia/", "colore": "#1f77b4"}}, {"type": "Feature", "geometry": {"type": "Point", "coordinates": [13.3457766, 38.1328753]}, "properties": {"id": "servizi-educativi-comunali-a-gestione-diretta-03", "livello": "unita", "nome": "U.O. Servizi Educativi comunali a gestione diretta 0/3", "area": "Area della Istruzione e Formazione", "settore": "Ufficio Servizi Educativi e Scuola dell’Infanzia 0-6 anni", "responsabile": "Francesca Mazzola (Funzionario Amministrativo)", "sede": "Via Emanuele Notarbartolo n° 21/a", "indirizzo": "Via Emanuele Notarbartolo, 21/A, 90141 Palermo PA, Italia", "telefoni": ["0917404309", "0917404347", "0917404374", "0917404388"], "email": ["asilinido@comune.palermo.it", "servizinfanzia@cert.comune.palermo.it"], "pec": ["servizinfanzia@cert.comune.palermo.it"], "url": "https://www.comune.palermo.it/amministrazione/unita_organizzativa/servizi-educativi-comunali-a-gestione-diretta-03/", "colore": "#1f77b4"}}, {"type": "Feature", "geometry": {"type": "Point", "coordinates": [13.3340165, 38.1313979]}, "properties": {"id": "servizi-educativi-comunali-a-gestione-diretta-36", "livello": "unita", "nome": "U.O. Servizi Educativi comunali a gestione diretta 3/6", "area": "Area della Istruzione e Formazione", "settore": "Ufficio Servizi Educativi e Scuola dell’Infanzia 0-6 anni", "responsabile": "Margherita Greco (Funzionario Amministrativo)", "sede": "Via Galileo Galilei, n° 36", "indirizzo": "Via Galileo Galilei, 36, 90145 Palermo PA, Italia", "telefoni": ["0916810636", "0916823391", "0916865091"], "email": ["scuoleinfanzia@comune.palermo.it", "servizinfanzia@cert.comune.palermo.it"], "pec": ["servizinfanzia@cert.comune.palermo.it"], "url": "https://www.comune.palermo.it/amministrazione/unita_organizzativa/servizi-educativi-comunali-a-gestione-diretta-36/", "colore": "#1f77b4"}}, {"type": "Feature", "geometry": {"type": "Point", "coordinates": [13.3457766, 38.1328753]}, "properties": {"id": "ufficio-per-la-scuola-dellobbligo-e-contrasto-alla-dispersione-scolastica", "livello": "settore", "nome": "Ufficio per la scuola dell’obbligo e contrasto alla dispersione scolastica", "area": "Area della Istruzione e Formazione", "settore": "Ufficio per la scuola dell’obbligo e contrasto alla dispersione scolastica", "responsabile": "Maria Sparacino (Dirigente Amministrativo)", "sede": "Via Emanuele Notarbartolo n° 21/a", "indirizzo": "Via Emanuele Notarbartolo, 21/A, 90141 Palermo PA, Italia", "telefoni": ["0917404304", "0917404305"], "email": ["serviziscuole@cert.comune.palermo.it", "serviziscuole@comune.palermo.it"], "pec": ["serviziscuole@cert.comune.palermo.it"], "url": "https://www.comune.palermo.it/amministrazione/unita_organizzativa/ufficio-per-la-scuola-dellobbligo-e-contrasto-alla-dispersione-scolastica/", "colore": "#1f77b4"}}, {"type": "Feature", "geometry": {"type": "Point", "coordinates": [13.3457766, 38.1328753]}, "properties": {"id": "assistenza-specialistica", "livello": "unita", "nome": "U.O. Assistenza Specialistica", "area": "Area della Istruzione e Formazione", "settore": "Ufficio per la scuola dell’obbligo e contrasto alla dispersione scolastica", "responsabile": "Ina Treppiedi (Esperto Front Office)", "sede": "Via Emanuele Notarbartolo n° 21/a", "indirizzo": "Via Emanuele Notarbartolo, 21/A, 90141 Palermo PA, Italia", "telefoni": ["091 7404357", "091 7404389"], "email": ["assistenzaspecialistica@comune.palermo.it", "serviziscuole@cert.comune.palermo.it"], "pec": ["serviziscuole@cert.comune.palermo.it"], "url": "https://www.comune.palermo.it/amministrazione/unita_organizzativa/assistenza-specialistica/", "colore": "#1f77b4"}}, {"type": "Feature", "geometry": {"type": "Point", "coordinates": [13.3457766, 38.1328753]}, "properties": {"id": "uo-contributi-per-diritto-allo-studio", "livello": "unita", "nome": "U.O. Contributi per diritto allo studio", "area": "Area della Istruzione e Formazione", "settore": "Ufficio per la scuola dell’obbligo e contrasto alla dispersione scolastica", "responsabile": "Maria Rosa Valenza (Funzionario Amministrativo)", "sede": "Via Emanuele Notarbartolo n° 21/a", "indirizzo": "Via Emanuele Notarbartolo, 21/A, 90141 Palermo PA, Italia", "telefoni": ["091/7404398", "0917404312"], "email": ["contributidirittoallostudio@comune.palermo.it;", "serviziscuole@cert.comune.palermo.it", "serviziscuole@comune.palermo.it;\t\t\t\t\t\t\t\t\t\t\t"], "pec": ["serviziscuole@cert.comune.palermo.it"], "url": "https://www.comune.palermo.it/amministrazione/unita_organizzativa/uo-contributi-per-diritto-allo-studio/", "colore": "#1f77b4"}}, {"type": "Feature", "geometry": {"type": "Point", "coordinates": [13.3457766, 38.1328753]}, "properties": {"id": "uo-direzione-e-segreteria-ufficio-per-la-scuola-dellobbligo-e-contrasto-alla-dispersione-scolastica", "livello": "unita", "nome": "U.O. Direzione e segreteria – Ufficio per la scuola dell’obbligo e contrasto alla dispersione scolastica", "area": "Area della Istruzione e Formazione", "settore": "Ufficio per la scuola dell’obbligo e contrasto alla dispersione scolastica", "responsabile": "Nadia Galici (Funzionario Amministrativo)", "sede": "Via Emanuele Notarbartolo n° 21/a", "indirizzo": "Via Emanuele Notarbartolo, 21/A, 90141 Palermo PA, Italia", "telefoni": ["091 7404305", "091 7404394"], "email": ["serviziscuole@cert.comune.palermo.it", "serviziscuole@comune.palermo.it;"], "pec": ["serviziscuole@cert.comune.palermo.it"], "url": "https://www.comune.palermo.it/amministrazione/unita_organizzativa/uo-direzione-e-segreteria-ufficio-per-la-scuola-dellobbligo-e-contrasto-alla-dispersione-scolastica/", "colore": "#1f77b4"}}, {"type": "Feature", "geometry": {"type": "Point", "coordinates": [13.3457766, 38.1328753]}, "properties": {"id": "uo-dispersione-scolastica", "livello": "unita", "nome": "U.O. Dispersione Scolastica", "area": "Area della Istruzione e Formazione", "settore": "Ufficio per la scuola dell’obbligo e contrasto alla dispersione scolastica", "responsabile": "Vincenza Di Grigoli (Pedagogista)", "sede": "Via Emanuele Notarbartolo n° 21/a", "indirizzo": "Via Emanuele Notarbartolo, 21/A, 90141 Palermo PA, Italia", "telefoni": ["091 7404337", "091 7404338", "091 7404354"], "email": ["portaledellascuola@comune.palermo.it;", "serviziscuole@cert.comune.palermo.it"], "pec": ["serviziscuole@cert.comune.palermo.it"], "url": "https://www.comune.palermo.it/amministrazione/unita_organizzativa/uo-dispersione-scolastica/", "colore": "#1f77b4"}}, {"type": "Feature", "geometry": {"type": "Point", "coordinates": [13.3457766, 38.1328753]}, "properties": {"id": "uo-gestione-personale-esterno", "livello": "unita", "nome": "U.O. Gestione personale esterno", "area": "Area della Istruzione e Formazione", "settore": "Ufficio per la scuola dell’obbligo e contrasto alla dispersione scolastica", "responsabile": "Ina Treppiedi (Esperto Front Office)", "sede": "Via Emanuele Notarbartolo n° 21/a", "indirizzo": "Via Emanuele Notarbartolo, 21/A, 90141 Palermo PA, Italia", "telefoni": ["0917404378", "0917404389"], "email": ["gestionepersonalesterno@comune.palermo.it", "serviziscuole@cert.comune.palermo.it", "serviziscuole@comune.palermo.it"], "pec": ["serviziscuole@cert.comune.palermo.it"], "url": "https://www.comune.palermo.it/amministrazione/unita_organizzativa/uo-gestione-personale-esterno/", "colore": "#1f77b4"}}, {"type": "Feature", "geometry": {"type": "Point", "coordinates": [13.3457766, 38.1328753]}, "properties": {"id": "uo-organizzazione-rete-scolastica-e-funzionamento-scuole", "livello": "unita", "nome": "U.O. Organizzazione rete scolastica e funzionamento scuole", "area": "Area della Istruzione e Formazione", "settore": "Ufficio per la scuola dell’obbligo e contrasto alla dispersione scolastica", "responsabile": "Giovanna Durante (Funzionario Amministrativo)", "sede": "Via Emanuele Notarbartolo n° 21/a", "indirizzo": "Via Emanuele Notarbartolo, 21/A, 90141 Palermo PA, Italia", "telefoni": ["0917404318", "0917404392"], "email": ["serviziscuole@cert.comune.palermo.it", "serviziscuole@comune.palermo.it;\t\t\t\t\t\t\t\t\t\t\t"], "pec": ["serviziscuole@cert.comune.palermo.it"], "url": "https://www.comune.palermo.it/amministrazione/unita_organizzativa/uo-organizzazione-rete-scolastica-e-funzionamento-scuole/", "colore": "#1f77b4"}}, {"type": "Feature", "geometry": {"type": "Point", "coordinates": [13.3457766, 38.1328753]}, "properties": {"id": "uo-progetti-e-iniziative-educative-rivolte-alle-scuole-dellobbligo", "livello": "unita", "nome": "U.O. Progetti e iniziative educative rivolte alle scuole dell’obbligo", "area": "Area della Istruzione e Formazione", "settore": "Ufficio per la scuola dell’obbligo e contrasto alla dispersione scolastica", "responsabile": "Giuseppa Raimondi (Pedagogista)", "sede": "Via Emanuele Notarbartolo n° 21/a", "indirizzo": "Via Emanuele Notarbartolo, 21/A, 90141 Palermo PA, Italia", "telefoni": ["0917404306", "0917404334", "0917404383"], "email": ["g.raimondi@comune.palermo.it", "serviziscuole@cert.comune.palermo.it"], "pec": ["serviziscuole@cert.comune.palermo.it"], "url": "https://www.comune.palermo.it/amministrazione/unita_organizzativa/uo-progetti-e-iniziative-educative-rivolte-alle-scuole-dellobbligo/", "colore": "#1f77b4"}}, {"type": "Feature", "geometry": {"type": "Point", "coordinates": [13.3457766, 38.1328753]}, "properties": {"id": "uo-refezione", "livello": "unita", "nome": "U.O. Refezione", "area": "Area della Istruzione e Formazione", "settore": "Ufficio per la scuola dell’obbligo e contrasto alla dispersione scolastica", "responsabile": "Calogero Miserendino (Funzionario Amministrativo)", "sede": "Via Emanuele Notarbartolo n° 21/a", "indirizzo": "Via Emanuele Notarbartolo, 21/A, 90141 Palermo PA, Italia", "telefoni": ["091 7404304", "091 7404340", "091 7404359", "091 7404362"], "email": ["refezionescolastica@comune.palermo.it", "serviziscuole@cert.comune.palermo.it", "serviziscuole@comune.palermo.it;"], "pec": ["serviziscuole@cert.comune.palermo.it"], "url": "https://www.comune.palermo.it/amministrazione/unita_organizzativa/uo-refezione/", "colore": "#1f77b4"}}, {"type": "Feature", "geometry": {"type": "Point", "coordinates": [13.3350655, 38.1489097]}, "properties": {"id": "ufficio-manutenzione-straordinaria-progettazione-gestione-e-monitoraggio-di-interventi-per-ledilizia-scolastica", "livello": "settore", "nome": "Ufficio Edilizia Scolastica", "area": "Area della Istruzione e Formazione", "settore": "Ufficio Edilizia Scolastica", "responsabile": "Adriano Salvatore Di Francisca (Dirigente Tecnico)", "sede": "Polo Tecnico", "indirizzo": "Via Ausonia, 69, 90144 Palermo PA, Italia", "telefoni": ["0917401470"], "email": ["ediliziascolastica@cert.comune.palermo.it", "manutenzionescuole@comune.palermo.it"], "pec": ["ediliziascolastica@cert.comune.palermo.it"], "url": "https://www.comune.palermo.it/amministrazione/unita_organizzativa/ufficio-manutenzione-straordinaria-progettazione-gestione-e-monitoraggio-di-interventi-per-ledilizia-scolastica/", "colore": "#1f77b4"}}, {"type": "Feature", "geometry": {"type": "Point", "coordinates": [13.3350655, 38.1489097]}, "properties": {"id": "uo-manutenzione-ordinaria-e-straordinaria-impianti-tecnologici-scuole-e-asili-edilizia-scolastica", "livello": "unita", "nome": "U.O. Manutenzione ordinaria e straordinaria impianti tecnologici scuole e asili – Edilizia Scolastica", "area": "Area della Istruzione e Formazione", "settore": "Ufficio Edilizia Scolastica", "responsabile": "Benedetto D'Amico", "sede": "Polo Tecnico", "indirizzo": "Via Ausonia, 69, 90144 Palermo PA, Italia", "telefoni": ["0917401884"], "email": ["b.damico@comune.palermo.it", "ediliziascolastica@cert.comune.palermo.it", "manutenzionescuole@comune.palermo.it"], "pec": ["ediliziascolastica@cert.comune.palermo.it"], "url": "https://www.comune.palermo.it/amministrazione/unita_organizzativa/uo-manutenzione-ordinaria-e-straordinaria-impianti-tecnologici-scuole-e-asili-edilizia-scolastica/", "colore": "#1f77b4"}}, {"type": "Feature", "geometry": {"type": "Point", "coordinates": [13.3350655, 38.1489097]}, "properties": {"id": "uo-manutenzione-ordinaria-manutenzione-straordinaria-opere-nuove-e-ristrutturazioni-edifici-scolastici-e-asili-nido-zona-nord-edilizia-scolastica", "livello": "unita", "nome": "U.O. Manutenzione ordinaria, manutenzione straordinaria, opere nuove e ristrutturazioni edifici scolastici e asili nido zona nord – Edilizia Scolastica", "area": "Area della Istruzione e Formazione", "settore": "Ufficio Edilizia Scolastica", "responsabile": "Francesco Savarino (Funzionario Tecnico)", "sede": "Polo Tecnico", "indirizzo": "Via Ausonia, 69, 90144 Palermo PA, Italia", "telefoni": ["0917401506"], "email": ["ediliziascolastica@cert.comune.palermo.it", "f.savarino@comune.palermo.it", "manutenzionescuole@comune.palermo.it"], "pec": ["ediliziascolastica@cert.comune.palermo.it"], "url": "https://www.comune.palermo.it/amministrazione/unita_organizzativa/uo-manutenzione-ordinaria-manutenzione-straordinaria-opere-nuove-e-ristrutturazioni-edifici-scolastici-e-asili-nido-zona-nord-edilizia-scolastica/", "colore": "#1f77b4"}}, {"type": "Feature", "geometry": {"type": "Point", "coordinates": [13.3350655, 38.1489097]}, "properties": {"id": "uo-manutenzione-ordinaria-manutenzione-straordinaria-opere-nuove-e-ristrutturazioni-edifici-scolastici-e-asili-nido-zona-sud-edilizia-scolastica", "livello": "unita", "nome": "U.O. Manutenzione ordinaria, manutenzione straordinaria, opere nuove e ristrutturazioni edifici scolastici e asili nido zona sud – Edilizia Scolastica", "area": "Area della Istruzione e Formazione", "settore": "Ufficio Edilizia Scolastica", "responsabile": "Roberta Romeo (Funzionario Tecnico)", "sede": "Polo Tecnico", "indirizzo": "Via Ausonia, 69, 90144 Palermo PA, Italia", "telefoni": ["0917401512"], "email": ["ediliziascolastica@cert.comune.palermo.it", "manutenzionescuole@comune.palermo.it", "r.romeo@comune.palermo.it"], "pec": ["ediliziascolastica@cert.comune.palermo.it"], "url": "https://www.comune.palermo.it/amministrazione/unita_organizzativa/uo-manutenzione-ordinaria-manutenzione-straordinaria-opere-nuove-e-ristrutturazioni-edifici-scolastici-e-asili-nido-zona-sud-edilizia-scolastica/", "colore": "#1f77b4"}}, {"type": "Feature", "geometry": {"type": "Point", "coordinates": [13.3350655, 38.1489097]}, "properties": {"id": "uo-staff-di-direzione-edilizia-scolastica", "livello": "unita", "nome": "U.O. Staff di direzione – Edilizia Scolastica", "area": "Area della Istruzione e Formazione", "settore": "Ufficio Edilizia Scolastica", "responsabile": "Maurizio Moscato (Funzionario Amministrativo)", "sede": "Polo Tecnico", "indirizzo": "Via Ausonia, 69, 90144 Palermo PA, Italia", "telefoni": ["091/7401703", "0917401508"], "email": ["ediliziascolastica@cert.comune.palermo.it", "m.moscato@comune.palermo.it", "manutenzionescuole@comune.palermo.it"], "pec": ["ediliziascolastica@cert.comune.palermo.it"], "url": "https://www.comune.palermo.it/amministrazione/unita_organizzativa/uo-staff-di-direzione-edilizia-scolastica/", "colore": "#1f77b4"}}, {"type": "Feature", "geometry": {"type": "Point", "coordinates": [13.3144742, 38.1613715]}, "properties": {"id": "area-della-polizia-municipale", "livello": "area", "nome": "Area della Polizia municipale", "area": "Area della Polizia municipale", "settore": "", "responsabile": "Angelo Colucciello (Comandante Corpo Di P.M.)", "sede": "Comando Polizia Municipale", "indirizzo": "Via Ugo la Malfa, 72, 90146 Palermo PA, Italia", "telefoni": ["0916954111"], "email": ["comandopoliziamunicipale@cert.comune.palermo.it", "comandopoliziamunicipale@comune.palermo.it"], "pec": ["comandopoliziamunicipale@cert.comune.palermo.it"], "url": "https://www.comune.palermo.it/amministrazione/unita_organizzativa/area-della-polizia-municipale/", "colore": "#ff7f0e"}}, {"type": "Feature", "geometry": {"type": "Point", "coordinates": [13.3144742, 38.1613715]}, "properties": {"id": "comandante-corpo-di-polizia-municipale", "livello": "settore", "nome": "Comandante Corpo di Polizia Municipale", "area": "Area della Polizia municipale", "settore": "Comandante Corpo di Polizia Municipale", "responsabile": "Angelo Colucciello (Comandante Corpo Di P.M.)", "sede": "Comando Polizia Municipale", "indirizzo": "Via Ugo la Malfa, 72, 90146 Palermo PA, Italia", "telefoni": ["0916954255"], "email": ["comandopoliziamunicipale@cert.comune.palermo.it", "segreteriacomandante@comune.palermo.it"], "pec": ["comandopoliziamunicipale@cert.comune.palermo.it"], "url": "https://www.comune.palermo.it/amministrazione/unita_organizzativa/comandante-corpo-di-polizia-municipale/", "colore": "#ff7f0e"}}, {"type": "Feature", "geometry": {"type": "Point", "coordinates": [13.3144742, 38.1613715]}, "properties": {"id": "uo-benessere-animale-comandante-corpo-di-polizia-municipale", "livello": "unita", "nome": "U.O Benessere animale – Comandante Corpo di Polizia Municipale", "area": "Area della Polizia municipale", "settore": "Comandante Corpo di Polizia Municipale", "responsabile": "Rosalia La Mattina (Funzionario Polizia Municipale)", "sede": "Comando Polizia Municipale", "indirizzo": "Via Ugo la Malfa, 72, 90146 Palermo PA, Italia", "telefoni": ["0916954598", "0916954655"], "email": ["comandopoliziamunicipale@cert.comune.palermo.it", "spg.ba@comune.palermo.it"], "pec": ["comandopoliziamunicipale@cert.comune.palermo.it"], "url": "https://www.comune.palermo.it/amministrazione/unita_organizzativa/uo-benessere-animale-comandante-corpo-di-polizia-municipale/", "colore": "#ff7f0e"}}, {"type": "Feature", "geometry": {"type": "Point", "coordinates": [13.335255, 38.1362493]}, "properties": {"id": "uo-aliquota-pm-presso-il-tribunale-per-i-minorenni", "livello": "unita", "nome": "U.O. Aliquota P.M. presso il Tribunale per i minorenni", "area": "Area della Polizia municipale", "settore": "Comandante Corpo di Polizia Municipale", "responsabile": "Giorgio Rosario Schiavo (Funzionario Polizia Municipale)", "sede": "Tribunale dei minorenni", "indirizzo": "Via Principe di Palagonia, 165, 90145 Palermo PA, Italia", "telefoni": ["091/6810637", "091/68679401", "091/68679422"], "email": ["comandopoliziamunicipale@cert.comune.palermo.it", "giorgio.schiavo@@giustizia.it"], "pec": ["comandopoliziamunicipale@cert.comune.palermo.it"], "url": "https://www.comune.palermo.it/amministrazione/unita_organizzativa/uo-aliquota-pm-presso-il-tribunale-per-i-minorenni/", "colore": "#ff7f0e"}}, {"type": "Feature", "geometry": {"type": "Point", "coordinates": [13.3554122, 38.1226817]}, "properties": {"id": "uo-aliquota-pm-presso-tribunale", "livello": "unita", "nome": "U.O. Aliquota P.M. presso tribunale", "area": "Area della Polizia municipale", "settore": "Comandante Corpo di Polizia Municipale", "responsabile": "Marco Matranga (Funzionario Polizia Municipale)", "sede": "Via Villareale n° 40", "indirizzo": "Via Valerio Villareale, 40, 90141 Palermo PA, Italia", "telefoni": ["091/7424037"], "email": ["pgaliquotapm@cert.comune.palermo.it", "pgaliquotapm@comune.palermo.it"], "pec": ["pgaliquotapm@cert.comune.palermo.it"], "url": "https://www.comune.palermo.it/amministrazione/unita_organizzativa/uo-aliquota-pm-presso-tribunale/", "colore": "#ff7f0e"}}, {"type": "Feature", "geometry": {"type": "Point", "coordinates": [13.3144742, 38.1613715]}, "properties": {"id": "uo-armeria", "livello": "unita", "nome": "U.O. Armeria", "area": "Area della Polizia municipale", "settore": "Comandante Corpo di Polizia Municipale", "responsabile": "Benedetto Cassara' (Funzionario Polizia Municipale)", "sede": "Comando Polizia Municipale", "indirizzo": "Via Ugo la Malfa, 72, 90146 Palermo PA, Italia", "telefoni": ["091/6954244"], "email": ["armeriapm@comune.palermo.it", "comandopoliziamunicipale@cert.comune.palermo.it"], "pec": ["comandopoliziamunicipale@cert.comune.palermo.it"], "url": "https://www.comune.palermo.it/amministrazione/unita_organizzativa/uo-armeria/", "colore": "#ff7f0e"}}, {"type": "Feature", "geometry": {"type": "Point", "coordinates": [13.3144742, 38.1613715]}, "properties": {"id": "uo-centrale-comunicazioni-comando-operativo-richiesta-interventi-rimozione-forzata", "livello": "unita", "nome": "U.O. Centrale comunicazioni – Comando operativo – Richiesta interventi rimozione forzata", "area": "Area della Polizia municipale", "settore": "Comandante Corpo di Polizia Municipale", "responsabile": "Caterina Faraone (Funzionario Polizia Municipale)", "sede": "Comando Polizia Municipale", "indirizzo": "Via Ugo la Malfa, 72, 90146 Palermo PA, Italia", "telefoni": ["091/6954111", "091/6954328"], "email": ["comandopoliziamunicipale@cert.comune.palermo.it", "crto@comune.palermo.it"], "pec": ["comandopoliziamunicipale@cert.comune.palermo.it"], "url": "https://www.comune.palermo.it/amministrazione/unita_organizzativa/uo-centrale-comunicazioni-comando-operativo-richiesta-interventi-rimozione-forzata/", "colore": "#ff7f0e"}}, {"type": "Feature", "geometry": {"type": "Point", "coordinates": [13.3144742, 38.1613715]}, "properties": {"id": "uo-controlli-ambientali-e-veicoli-abbandonati", "livello": "unita", "nome": "U.O. Controlli ambientali e Veicoli abbandonati", "area": "Area della Polizia municipale", "settore": "Comandante Corpo di Polizia Municipale", "responsabile": "Gaetano Burzotta (Funzionario Polizia Municipale)", "sede": "Comando Polizia Municipale", "indirizzo": "Via Ugo la Malfa, 72, 90146 Palermo PA, Italia", "telefoni": ["091/6954361"], "email": ["mobilitasicurezzapm@cert.comune.palermo.it", "spg.ncgaa@comune.palermo.it"], "pec": ["mobilitasicurezzapm@cert.comune.palermo.it"], "url": "https://www.comune.palermo.it/amministrazione/unita_organizzativa/uo-controlli-ambientali-e-veicoli-abbandonati/", "colore": "#ff7f0e"}}, {"type": "Feature", "geometry": {"type": "Point", "coordinates": [13.3144742, 38.1613715]}, "properties": {"id": "uo-gestione-e-custodia-veicoli", "livello": "unita", "nome": "U.O. Gestione e custodia veicoli", "area": "Area della Polizia municipale", "settore": "Comandante Corpo di Polizia Municipale", "responsabile": "Giuseppe Franco Spena (Funzionario Polizia Municipale)", "sede": "Comando Polizia Municipale", "indirizzo": "Via Ugo la Malfa, 72, 90146 Palermo PA, Italia", "telefoni": ["091/6954602"], "email": ["autoparcopm@comune.palermo.it", "comandopoliziamunicipale@cert.comune.palermo.it"], "pec": ["comandopoliziamunicipale@cert.comune.palermo.it"], "url": "https://www.comune.palermo.it/amministrazione/unita_organizzativa/uo-gestione-e-custodia-veicoli/", "colore": "#ff7f0e"}}, {"type": "Feature", "geometry": {"type": "Point", "coordinates": [13.3144742, 38.1613715]}, "properties": {"id": "uo-lavori-stradali", "livello": "unita", "nome": "U.O. Lavori stradali", "area": "Area della Polizia municipale", "settore": "Comandante Corpo di Polizia Municipale", "responsabile": "Tiziana Oliveri (Funzionario Polizia Municipale)", "sede": "Comando Polizia Municipale", "indirizzo": "Via Ugo la Malfa, 72, 90146 Palermo PA, Italia", "telefoni": ["091/6954302"], "email": ["comandopoliziamunicipale@cert.comune.palermo.it", "controllilavoristradali@comune.palermo.it"], "pec": ["comandopoliziamunicipale@cert.comune.palermo.it"], "url": "https://www.comune.palermo.it/amministrazione/unita_organizzativa/uo-lavori-stradali/", "colore": "#ff7f0e"}}, {"type": "Feature", "geometry": {"type": "Point", "coordinates": [13.34702547659, 38.156564525555]}, "properties": {"id": "uo-nucleo-a-cavallo", "livello": "unita", "nome": "U.O. Nucleo a cavallo", "area": "Area della Polizia municipale", "settore": "Comandante Corpo di Polizia Municipale", "responsabile": "Basilio Princiotta Cariddi (Agente Polizia Municipale)", "sede": "Campo Ostacoli/Parco della Favorita", "indirizzo": "Viale Diana, VI Circoscrizione, Palermo, Sicilia, 90167, Italia", "telefoni": ["091/9828974"], "email": ["comandopoliziamunicipale@cert.comune.palermo.it", "pm.nucleoacavallo@comune.palermo.it"], "pec": ["comandopoliziamunicipale@cert.comune.palermo.it"], "url": "https://www.comune.palermo.it/amministrazione/unita_organizzativa/uo-nucleo-a-cavallo/", "colore": "#ff7f0e"}}, {"type": "Feature", "geometry": {"type": "Point", "coordinates": [13.345627047512, 38.15578249146]}, "properties": {"id": "uo-nucleo-cinofili-2", "livello": "unita", "nome": "U.O. Nucleo Cinofili", "area": "Area della Polizia municipale", "settore": "Comandante Corpo di Polizia Municipale", "responsabile": "Giuseppe Medici (Funzionario Polizia Municipale)", "sede": "Campo addestramento Parco della Favorita", "indirizzo": "Viale Diana, VI Circoscrizione, Palermo, Sicilia, 90167, Italia", "telefoni": ["091/511325", "091/7407428"], "email": ["comandopoliziamunicipale@cert.comune.palermo.it", "spg.nc@comune.palermo.it"], "pec": ["comandopoliziamunicipale@cert.comune.palermo.it"], "url": "https://www.comune.palermo.it/amministrazione/unita_organizzativa/uo-nucleo-cinofili-2/", "colore": "#ff7f0e"}}, {"type": "Feature", "geometry": {"type": "Point", "coordinates": [13.3144742, 38.1613715]}, "properties": {"id": "uo-nucleo-controllo-velocit", "livello": "unita", "nome": "U.O. Nucleo controllo velocità", "area": "Area della Polizia municipale", "settore": "Comandante Corpo di Polizia Municipale", "responsabile": "Giovanni Iraci (Funzionario Polizia Municipale)", "sede": "Comando Polizia Municipale", "indirizzo": "Via Ugo la Malfa, 72, 90146 Palermo PA, Italia", "telefoni": ["091/6954291", "091/6954604"], "email": ["autovelox@comune.palermo.it", "comandopoliziamunicipale@cert.comune.palermo.it"], "pec": ["comandopoliziamunicipale@cert.comune.palermo.it"], "url": "https://www.comune.palermo.it/amministrazione/unita_organizzativa/uo-nucleo-controllo-velocit/", "colore": "#ff7f0e"}}, {"type": "Feature", "geometry": {"type": "Point", "coordinates": [13.3144742, 38.1613715]}, "properties": {"id": "uo-nucleo-infortunistica", "livello": "unita", "nome": "U.O. Nucleo Infortunistica", "area": "Area della Polizia municipale", "settore": "Comandante Corpo di Polizia Municipale", "responsabile": "Gaspare Ianni' (Funzionario Polizia Municipale)", "sede": "Comando Polizia Municipale", "indirizzo": "Via Ugo la Malfa, 72, 90146 Palermo PA, Italia", "telefoni": ["091/6954294"], "email": ["comandopoliziamunicipale@cert.comune.palermo.it", "nucleoinfortunistica@comune.palermo.it"], "pec": ["comandopoliziamunicipale@cert.comune.palermo.it"], "url": "https://www.comune.palermo.it/amministrazione/unita_organizzativa/uo-nucleo-infortunistica/", "colore": "#ff7f0e"}}, {"type": "Feature", "geometry": {"type": "Point", "coordinates": [13.3144742, 38.1613715]}, "properties": {"id": "uo-nucleo-segnaletica", "livello": "unita", "nome": "U.O. Nucleo segnaletica", "area": "Area della Polizia municipale", "settore": "Comandante Corpo di Polizia Municipale", "responsabile": "Gaetano Burzotta (Funzionario Polizia Municipale)", "sede": "Comando Polizia Municipale", "indirizzo": "Via Ugo la Malfa, 72, 90146 Palermo PA, Italia", "telefoni": ["091/6954331"], "email": ["mobilitasicurezzapm@cert.comune.palermo.it", "ufficiosegnaleticapm@comune.palermo.it"], "pec": ["mobilitasicurezzapm@cert.comune.palermo.it"], "url": "https://www.comune.palermo.it/amministrazione/unita_organizzativa/uo-nucleo-segnaletica/", "colore": "#ff7f0e"}}, {"type": "Feature", "geometry": {"type": "Point", "coordinates": [13.3144742, 38.1613715]}, "properties": {"id": "uo-nucleo-tutela-decoro-e-viabilit-urbana", "livello": "unita", "nome": "U.O. Nucleo tutela decoro e Viabilità urbana", "area": "Area della Polizia municipale", "settore": "Comandante Corpo di Polizia Municipale", "responsabile": "Giustina Uccello (Funzionario Polizia Municipale)", "sede": "Comando Polizia Municipale", "indirizzo": "Via Ugo la Malfa, 72, 90146 Palermo PA, Italia", "telefoni": ["091/6954664", "091/6954665"], "email": ["comandopoliziamunicipale@cert.comune.palermo.it", "pm.sviu@comune.palermo.it"], "pec": ["comandopoliziamunicipale@cert.comune.palermo.it"], "url": "https://www.comune.palermo.it/amministrazione/unita_organizzativa/uo-nucleo-tutela-decoro-e-viabilit-urbana/", "colore": "#ff7f0e"}}, {"type": "Feature", "geometry": {"type": "Point", "coordinates": [13.3144742, 38.1613715]}, "properties": {"id": "uo-nucleo-tutela-patrimonio-artistico", "livello": "unita", "nome": "U.O. Nucleo tutela patrimonio artistico", "area": "Area della Polizia municipale", "settore": "Comandante Corpo di Polizia Municipale", "responsabile": "Antonio Maone (Funzionario Polizia Municipale)", "sede": "Comando Polizia Municipale", "indirizzo": "Via Ugo la Malfa, 72, 90146 Palermo PA, Italia", "telefoni": ["091-6954669", "091-6954671", "091-6954672", "091-6954673"], "email": ["comandopoliziamunicipale@cert.comune.palermo.it", "spg.ntpa@comune.palermo.it"], "pec": ["comandopoliziamunicipale@cert.comune.palermo.it"], "url": "https://www.comune.palermo.it/amministrazione/unita_organizzativa/uo-nucleo-tutela-patrimonio-artistico/", "colore": "#ff7f0e"}}, {"type": "Feature", "geometry": {"type": "Point", "coordinates": [13.3144742, 38.1613715]}, "properties": {"id": "uo-nucleo-tutela-risorse-immobiliari-beni-confiscati", "livello": "unita", "nome": "U.O. Nucleo Tutela Risorse Immobiliari – Beni Confiscati", "area": "Area della Polizia municipale", "settore": "Comandante Corpo di Polizia Municipale", "responsabile": "Matteo Barbera (Funzionario Polizia Municipale)", "sede": "Comando Polizia Municipale", "indirizzo": "Via Ugo la Malfa, 72, 90146 Palermo PA, Italia", "telefoni": ["091-6954454"], "email": ["pm.beniconfiscati@comune.palermo.it", "vigilanzattivitaproduttivedilizie@cert.comune.palermo.it"], "pec": ["vigilanzattivitaproduttivedilizie@cert.comune.palermo.it"], "url": "https://www.comune.palermo.it/amministrazione/unita_organizzativa/uo-nucleo-tutela-risorse-immobiliari-beni-confiscati/", "colore": "#ff7f0e"}}, {"type": "Feature", "geometry": {"type": "Point", "coordinates": [13.3741244, 38.1168027]}, "properties": {"id": "uo-nucleo-tutela-risorse-immobiliari-centro-storico-2", "livello": "unita", "nome": "U.O. Nucleo tutela risorse immobiliari – Centro storico", "area": "Area della Polizia municipale", "settore": "Comandante Corpo di Polizia Municipale", "responsabile": "Ciro Lo Bello (Funzionario Polizia Municipale)", "sede": "Ex Noviziato dei Crociferi", "indirizzo": "Via Foro Umberto I n. 14, 90133 Palermo PA, Italia", "telefoni": ["091-7406901", "091-7406905"], "email": ["comandopoliziamunicipale@cert.comune.palermo.it", "pm.interventiabitativi@comune.palermo.it"], "pec": ["comandopoliziamunicipale@cert.comune.palermo.it"], "url": "https://www.comune.palermo.it/amministrazione/unita_organizzativa/uo-nucleo-tutela-risorse-immobiliari-centro-storico-2/", "colore": "#ff7f0e"}}, {"type": "Feature", "geometry": {"type": "Point", "coordinates": [13.3144742, 38.1613715]}, "properties": {"id": "uo-nucleo-tutela-risorse-immobiliari-edilizia-pericolante", "livello": "unita", "nome": "U.O. Nucleo tutela risorse immobiliari – Edilizia Pericolante", "area": "Area della Polizia municipale", "settore": "Comandante Corpo di Polizia Municipale", "responsabile": "Pietro Lucchese (Funzionario Polizia Municipale)", "sede": "Comando Polizia Municipale", "indirizzo": "Via Ugo la Malfa, 72, 90146 Palermo PA, Italia", "telefoni": ["091-6954446", "091-9654449"], "email": ["comandopoliziamunicipale@cert.comune.palermo.it", "ntri.pde@comune.palermo.it"], "pec": ["comandopoliziamunicipale@cert.comune.palermo.it"], "url": "https://www.comune.palermo.it/amministrazione/unita_organizzativa/uo-nucleo-tutela-risorse-immobiliari-edilizia-pericolante/", "colore": "#ff7f0e"}}, {"type": "Feature", "geometry": {"type": "Point", "coordinates": [13.3297207, 38.124559]}, "properties": {"id": "uo-nucleo-tutela-risorse-immobiliari-interventi-abitativi", "livello": "unita", "nome": "U.O. Nucleo tutela risorse immobiliari – Interventi abitativi", "area": "Area della Polizia municipale", "settore": "Comandante Corpo di Polizia Municipale", "responsabile": "Matteo Barbera (Funzionario Polizia Municipale)", "sede": "Viale Regione siciliana n° 2357", "indirizzo": "Viale della Regione Siciliana, 2357, 90145 Palermo PA, Italia", "telefoni": ["0917403051", "0917403057", "0917403074"], "email": ["comandopoliziamunicipale@cert.comune.palermo.it", "ntripm@comune.palermo.it"], "pec": ["comandopoliziamunicipale@cert.comune.palermo.it"], "url": "https://www.comune.palermo.it/amministrazione/unita_organizzativa/uo-nucleo-tutela-risorse-immobiliari-interventi-abitativi/", "colore": "#ff7f0e"}}, {"type": "Feature", "geometry": {"type": "Point", "coordinates": [13.3144742, 38.1613715]}, "properties": {"id": "uo-organizzazione-e-metodo-formazione-matricola-disciplina", "livello": "unita", "nome": "U.O. Organizzazione e Metodo – Formazione – Matricola – Disciplina", "area": "Area della Polizia municipale", "settore": "Comandante Corpo di Polizia Municipale", "responsabile": "Elvira Damiano (Funzionario Polizia Municipale)", "sede": "Comando Polizia Municipale", "indirizzo": "Via Ugo la Malfa, 72, 90146 Palermo PA, Italia", "telefoni": ["091/6954224", "091/6954233", "091/6954265", "091/6954615"], "email": ["comandopoliziamunicipale@cert.comune.palermo.it", "org.met.pm@comune.palermo.it"], "pec": ["comandopoliziamunicipale@cert.comune.palermo.it"], "url": "https://www.comune.palermo.it/amministrazione/unita_organizzativa/uo-organizzazione-e-metodo-formazione-matricola-disciplina/", "colore": "#ff7f0e"}}, {"type": "Feature", "geometry": {"type": "Point", "coordinates": [13.3144742, 38.1613715]}, "properties": {"id": "uo-polizia-ambientale", "livello": "unita", "nome": "U.O. Polizia ambientale", "area": "Area della Polizia municipale", "settore": "Comandante Corpo di Polizia Municipale", "responsabile": "Gaetano Alba (Funzionario Polizia Municipale)", "sede": "Comando Polizia Municipale", "indirizzo": "Via Ugo la Malfa, 72, 90146 Palermo PA, Italia", "telefoni": ["091-6954607", "091-6954610"], "email": ["comandopoliziamunicipale@cert.comune.palermo.it", "spg.nopa@comune.palermo.it"], "pec": ["comandopoliziamunicipale@cert.comune.palermo.it"], "url": "https://www.comune.palermo.it/amministrazione/unita_organizzativa/uo-polizia-ambientale/", "colore": "#ff7f0e"}}, {"type": "Feature", "geometry": {"type": "Point", "coordinates": [13.3144742, 38.1613715]}, "properties": {"id": "uo-polizia-giudiziaria-di-pm", "livello": "unita", "nome": "U.O. Polizia Giudiziaria di P.M.", "area": "Area della Polizia municipale", "settore": "Comandante Corpo di Polizia Municipale", "responsabile": "Fabio Battello (Funzionario)", "sede": "Comando Polizia Municipale", "indirizzo": "Via Ugo la Malfa, 72, 90146 Palermo PA, Italia", "telefoni": ["091/6954271", "091/6954370"], "email": ["pg.sicurezza@comune.palermo.it", "pgcomandopm@cert.comune.palermo.it", "spg.ba@comune.palermo.it(benessereanimali)"], "pec": ["pgcomandopm@cert.comune.palermo.it"], "url": "https://www.comune.palermo.it/amministrazione/unita_organizzativa/uo-polizia-giudiziaria-di-pm/", "colore": "#ff7f0e"}}, {"type": "Feature", "geometry": {"type": "Point", "coordinates": [13.3144742, 38.1613715]}, "properties": {"id": "uo-polizia-stradale", "livello": "unita", "nome": "U.O. Polizia stradale", "area": "Area della Polizia municipale", "settore": "Comandante Corpo di Polizia Municipale", "responsabile": "Pinomassimo La Rizza (Funzionario Polizia Municipale)", "sede": "Comando Polizia Municipale", "indirizzo": "Via Ugo la Malfa, 72, 90146 Palermo PA, Italia", "telefoni": ["091/6954503"], "email": ["mobilitasicurezza@comune.palermo.it", "mobilitasicurezzapm@cert.comune.palermo.it"], "pec": ["mobilitasicurezzapm@cert.comune.palermo.it"], "url": "https://www.comune.palermo.it/amministrazione/unita_organizzativa/uo-polizia-stradale/", "colore": "#ff7f0e"}}, {"type": "Feature", "geometry": {"type": "Point", "coordinates": [13.3144742, 38.1613715]}, "properties": {"id": "uo-polizia-urbanistica-ed-edilizia", "livello": "unita", "nome": "U.O. Polizia Urbanistica ed Edilizia", "area": "Area della Polizia municipale", "settore": "Comandante Corpo di Polizia Municipale", "responsabile": "Antonio Maone (Funzionario Polizia Municipale)", "sede": "Comando Polizia Municipale", "indirizzo": "Via Ugo la Malfa, 72, 90146 Palermo PA, Italia", "telefoni": ["091-6954228", "091-6954229"], "email": ["comandopoliziamunicipale@cert.comune.palermo.it", "poliziaedilizia@comune.palermo.it"], "pec": ["comandopoliziamunicipale@cert.comune.palermo.it"], "url": "https://www.comune.palermo.it/amministrazione/unita_organizzativa/uo-polizia-urbanistica-ed-edilizia/", "colore": "#ff7f0e"}}, {"type": "Feature", "geometry": {"type": "Point", "coordinates": [13.3144742, 38.1613715]}, "properties": {"id": "uo-protocollo-generale-comandante-corpo-di-polizia-municipale", "livello": "unita", "nome": "U.O. Protocollo generale – Comandante corpo di Polizia Municipale", "area": "Area della Polizia municipale", "settore": "Comandante Corpo di Polizia Municipale", "responsabile": "Benedetto Cassara' (Funzionario Polizia Municipale)", "sede": "Comando Polizia Municipale", "indirizzo": "Via Ugo la Malfa, 72, 90146 Palermo PA, Italia", "telefoni": ["091/6954325"], "email": ["comandopoliziamunicipale@cert.comune.palermo.it", "protocollogenerale.pm@comune.palermo.it"], "pec": ["comandopoliziamunicipale@cert.comune.palermo.it"], "url": "https://www.comune.palermo.it/amministrazione/unita_organizzativa/uo-protocollo-generale-comandante-corpo-di-polizia-municipale/", "colore": "#ff7f0e"}}, {"type": "Feature", "geometry": {"type": "Point", "coordinates": [13.3144742, 38.1613715]}, "properties": {"id": "uo-rimozione-forzata", "livello": "unita", "nome": "U.O. Rimozione forzata", "area": "Area della Polizia municipale", "settore": "Comandante Corpo di Polizia Municipale", "responsabile": "Caterina Faraone (Funzionario Polizia Municipale)", "sede": "Comando Polizia Municipale", "indirizzo": "Via Ugo la Malfa, 72, 90146 Palermo PA, Italia", "telefoni": ["091/6954328"], "email": ["comandopoliziamunicipale@cert.comune.palermo.it", "crto@comune.palermo.it"], "pec": ["comandopoliziamunicipale@cert.comune.palermo.it"], "url": "https://www.comune.palermo.it/amministrazione/unita_organizzativa/uo-rimozione-forzata/", "colore": "#ff7f0e"}}, {"type": "Feature", "geometry": {"type": "Point", "coordinates": [13.3144742, 38.1613715]}, "properties": {"id": "uo-segreteria-particolare-del-comandante", "livello": "unita", "nome": "U.O. Segreteria particolare del comandante", "area": "Area della Polizia municipale", "settore": "Comandante Corpo di Polizia Municipale", "responsabile": "Benedetto Cassara' (Funzionario Polizia Municipale)", "sede": "Comando Polizia Municipale", "indirizzo": "Via Ugo la Malfa, 72, 90146 Palermo PA, Italia", "telefoni": ["091/6954255"], "email": ["comandopoliziamunicipale@cert.comune.palermo.it", "segreteriacomandante@comune.palermo.it"], "pec": ["comandopoliziamunicipale@cert.comune.palermo.it"], "url": "https://www.comune.palermo.it/amministrazione/unita_organizzativa/uo-segreteria-particolare-del-comandante/", "colore": "#ff7f0e"}}, {"type": "Feature", "geometry": {"type": "Point", "coordinates": [13.3144742, 38.1613715]}, "properties": {"id": "uo-ufficio-controllo-interno-di-gestione", "livello": "unita", "nome": "U.O. Ufficio controllo interno di gestione", "area": "Area della Polizia municipale", "settore": "Comandante Corpo di Polizia Municipale", "responsabile": "Giuseppa Impinna (Funzionario Polizia Municipale)", "sede": "Comando Polizia Municipale", "indirizzo": "Via Ugo la Malfa, 72, 90146 Palermo PA, Italia", "telefoni": ["091/6954266", "091/6954639"], "email": ["comandopoliziamunicipale@cert.comune.palermo.it", "ucigq@comune.palermo.it"], "pec": ["comandopoliziamunicipale@cert.comune.palermo.it"], "url": "https://www.comune.palermo.it/amministrazione/unita_organizzativa/uo-ufficio-controllo-interno-di-gestione/", "colore": "#ff7f0e"}}, {"type": "Feature", "geometry": {"type": "Point", "coordinates": [13.3144742, 38.1613715]}, "properties": {"id": "uo-ufficio-coordinamento-generale", "livello": "unita", "nome": "U.O. Ufficio coordinamento generale", "area": "Area della Polizia municipale", "settore": "Comandante Corpo di Polizia Municipale", "responsabile": "Benedetto Cassara' (Funzionario Polizia Municipale)", "sede": "Comando Polizia Municipale", "indirizzo": "Via Ugo la Malfa, 72, 90146 Palermo PA, Italia", "telefoni": ["091/6954256", "091/6954258"], "email": ["comandopoliziamunicipale@cert.comune.palermo.it", "coordinamentostrategico@comune.palermo.it"], "pec": ["comandopoliziamunicipale@cert.comune.palermo.it"], "url": "https://www.comune.palermo.it/amministrazione/unita_organizzativa/uo-ufficio-coordinamento-generale/", "colore": "#ff7f0e"}}, {"type": "Feature", "geometry": {"type": "Point", "coordinates": [13.3144742, 38.1613715]}, "properties": {"id": "uo-ufficio-educazione-stradale", "livello": "unita", "nome": "U.O. Ufficio educazione stradale", "area": "Area della Polizia municipale", "settore": "Comandante Corpo di Polizia Municipale", "responsabile": "Rosa Mazzamuto (Ispettrice Capo Polizia Municipale)", "sede": "Comando Polizia Municipale", "indirizzo": "Via Ugo la Malfa, 72, 90146 Palermo PA, Italia", "telefoni": ["091/6954267"], "email": ["comandopoliziamunicipale@cert.comune.palermo.it", "pm.educazionestradale@comune.palermo.it"], "pec": ["comandopoliziamunicipale@cert.comune.palermo.it"], "url": "https://www.comune.palermo.it/amministrazione/unita_organizzativa/uo-ufficio-educazione-stradale/", "colore": "#ff7f0e"}}, {"type": "Feature", "geometry": {"type": "Point", "coordinates": [13.3144742, 38.1613715]}, "properties": {"id": "uo-ufficio-gestione-beni-di-consumo-e-strumentali-comandante-corpo-di-polizia-municipale", "livello": "unita", "nome": "U.O. Ufficio gestione beni di consumo e strumentali – Comandante Corpo di polizia Municipale", "area": "Area della Polizia municipale", "settore": "Comandante Corpo di Polizia Municipale", "responsabile": "Sergio Sanfilippo (Funzionario Polizia Municipale)", "sede": "Comando Polizia Municipale", "indirizzo": "Via Ugo la Malfa, 72, 90146 Palermo PA, Italia", "telefoni": ["091/6954332"], "email": ["comandopoliziamunicipale@cert.comune.palermo.it", "magazzinopm@comune.palermo.it"], "pec": ["comandopoliziamunicipale@cert.comune.palermo.it"], "url": "https://www.comune.palermo.it/amministrazione/unita_organizzativa/uo-ufficio-gestione-beni-di-consumo-e-strumentali-comandante-corpo-di-polizia-municipale/", "colore": "#ff7f0e"}}, {"type": "Feature", "geometry": {"type": "Point", "coordinates": [13.3144742, 38.1613715]}, "properties": {"id": "uo-ufficio-gestione-beni-immobili-logistica-del-comando", "livello": "unita", "nome": "U.O. Ufficio gestione beni immobili logistica del comando", "area": "Area della Polizia municipale", "settore": "Comandante Corpo di Polizia Municipale", "responsabile": "Aldo Li Vigni (Funzionario di Polizia Municipale)", "sede": "Comando Polizia Municipale", "indirizzo": "Via Ugo la Malfa, 72, 90146 Palermo PA, Italia", "telefoni": ["091/6954293"], "email": ["comandopoliziamunicipale@cert.comune.palermo.it", "gest.caserma@comune.palermo.it"], "pec": ["comandopoliziamunicipale@cert.comune.palermo.it"], "url": "https://www.comune.palermo.it/amministrazione/unita_organizzativa/uo-ufficio-gestione-beni-immobili-logistica-del-comando/", "colore": "#ff7f0e"}}, {"type": "Feature", "geometry": {"type": "Point", "coordinates": [13.3144742, 38.1613715]}, "properties": {"id": "uo-ufficio-gestione-del-personale-comandante-corpo-di-polizia-municipale", "livello": "unita", "nome": "U.O. Ufficio Gestione del personale – Comandante Corpo di Polizia Municipale", "area": "Area della Polizia municipale", "settore": "Comandante Corpo di Polizia Municipale", "responsabile": "Maria Rosaria Lopes (Funzionario Polizia Municipale)", "sede": "Comando Polizia Municipale", "indirizzo": "Via Ugo la Malfa, 72, 90146 Palermo PA, Italia", "telefoni": ["091/6954287", "091/6954292"], "email": ["mobilitasicurezza@comune.palermo.it", "mobilitasicurezzapm@cert.comune.palermo.it", "ufficioservizi@comune.palermo.it"], "pec": ["mobilitasicurezzapm@cert.comune.palermo.it"], "url": "https://www.comune.palermo.it/amministrazione/unita_organizzativa/uo-ufficio-gestione-del-personale-comandante-corpo-di-polizia-municipale/", "colore": "#ff7f0e"}}, {"type": "Feature", "geometry": {"type": "Point", "coordinates": [13.3144742, 38.1613715]}, "properties": {"id": "uo-ufficio-gestione-unificata-delle-risorse-umane", "livello": "unita", "nome": "U.O. Ufficio gestione unificata delle risorse umane", "area": "Area della Polizia municipale", "settore": "Comandante Corpo di Polizia Municipale", "responsabile": "Santo Sgroi (Funzionario Polizia Municipale)", "sede": "Comando Polizia Municipale", "indirizzo": "Via Ugo la Malfa, 72, 90146 Palermo PA, Italia", "telefoni": ["091/6954337", "091/6954350"], "email": ["comandopoliziamunicipale@cert.comune.palermo.it", "segreteriaamministrativa@comune.palermo.it"], "pec": ["comandopoliziamunicipale@cert.comune.palermo.it"], "url": "https://www.comune.palermo.it/amministrazione/unita_organizzativa/uo-ufficio-gestione-unificata-delle-risorse-umane/", "colore": "#ff7f0e"}}, {"type": "Feature", "geometry": {"type": "Point", "coordinates": [13.3144742, 38.1613715]}, "properties": {"id": "uo-ufficio-salario-accessorio", "livello": "unita", "nome": "U.O. Ufficio salario accessorio", "area": "Area della Polizia municipale", "settore": "Comandante Corpo di Polizia Municipale", "responsabile": "Benedetto Cassara' (Funzionario Polizia Municipale)", "sede": "Comando Polizia Municipale", "indirizzo": "Via Ugo la Malfa, 72, 90146 Palermo PA, Italia", "telefoni": ["091/6954214"], "email": ["comandopoliziamunicipale@cert.comune.palermo.it", "salaccpm@comune.palermo.it"], "pec": ["comandopoliziamunicipale@cert.comune.palermo.it"], "url": "https://www.comune.palermo.it/amministrazione/unita_organizzativa/uo-ufficio-salario-accessorio/", "colore": "#ff7f0e"}}, {"type": "Feature", "geometry": {"type": "Point", "coordinates": [13.3144742, 38.1613715]}, "properties": {"id": "uo-ufficio-servizi-centralizzati-e-notturni", "livello": "unita", "nome": "U.O. Ufficio servizi centralizzati e notturni", "area": "Area della Polizia municipale", "settore": "Comandante Corpo di Polizia Municipale", "responsabile": "Vincenzo Rao (Funzionario Polizia Municipale)", "sede": "Comando Polizia Municipale", "indirizzo": "Via Ugo la Malfa, 72, 90146 Palermo PA, Italia", "telefoni": ["091/6954339"], "email": ["comandopoliziamunicipale@cert.comune.palermo.it", "servizicentralizzati@comune.palermo.it"], "pec": ["comandopoliziamunicipale@cert.comune.palermo.it"], "url": "https://www.comune.palermo.it/amministrazione/unita_organizzativa/uo-ufficio-servizi-centralizzati-e-notturni/", "colore": "#ff7f0e"}}, {"type": "Feature", "geometry": {"type": "Point", "coordinates": [13.3144742, 38.1613715]}, "properties": {"id": "uo-ufficio-sicurezza-nei-luoghi-di-lavoro", "livello": "unita", "nome": "U.O. Ufficio sicurezza nei luoghi di lavoro", "area": "Area della Polizia municipale", "settore": "Comandante Corpo di Polizia Municipale", "responsabile": "Maurizio Troia (Agente Polizia Municipale)", "sede": "Comando Polizia Municipale", "indirizzo": "Via Ugo la Malfa, 72, 90146 Palermo PA, Italia", "telefoni": ["091/6954262"], "email": ["comandopoliziamunicipale@cert.comune.palermo.it", "ufficiosicurezzapm@comune.palermo.it"], "pec": ["comandopoliziamunicipale@cert.comune.palermo.it"], "url": "https://www.comune.palermo.it/amministrazione/unita_organizzativa/uo-ufficio-sicurezza-nei-luoghi-di-lavoro/", "colore": "#ff7f0e"}}, {"type": "Feature", "geometry": {"type": "Point", "coordinates": [13.3144742, 38.1613715]}, "properties": {"id": "ufficio-supporto-generale-e-procedure-sanzionatorie", "livello": "settore", "nome": "Ufficio supporto generale e procedure sanzionatorie", "area": "Area della Polizia municipale", "settore": "Ufficio supporto generale e procedure sanzionatorie", "responsabile": "Angelo Colucciello (Comandante Corpo Di P.M.)", "sede": "Comando Polizia Municipale", "indirizzo": "Via Ugo la Malfa, 72, 90146 Palermo PA, Italia", "telefoni": ["0916954211"], "email": ["affarigeneralipm@cert.comune.palermo.it", "verbalizzazioni@comune.palermo.it"], "pec": ["affarigeneralipm@cert.comune.palermo.it"], "url": "https://www.comune.palermo.it/amministrazione/unita_organizzativa/ufficio-supporto-generale-e-procedure-sanzionatorie/", "colore": "#ff7f0e"}}, {"type": "Feature", "geometry": {"type": "Point", "coordinates": [13.3144742, 38.1613715]}, "properties": {"id": "uo-acquisizione-ed-elaborazione-verbali-cds", "livello": "unita", "nome": "U.O. Acquisizione ed elaborazione verbali C.d.S.", "area": "Area della Polizia municipale", "settore": "Ufficio supporto generale e procedure sanzionatorie", "responsabile": "Loredana Trapani (Funzionario)", "sede": "Comando Polizia Municipale", "indirizzo": "Via Ugo la Malfa, 72, 90146 Palermo PA, Italia", "telefoni": ["091 6954310", "091 6954315", "091 6954612"], "email": [], "pec": [], "url": "https://www.comune.palermo.it/amministrazione/unita_organizzativa/uo-acquisizione-ed-elaborazione-verbali-cds/", "colore": "#ff7f0e"}}, {"type": "Feature", "geometry": {"type": "Point", "coordinates": [13.3144742, 38.1613715]}, "properties": {"id": "uo-archivio-verbali-codice-della-strada", "livello": "unita", "nome": "U.O. Archivio Verbali Codice della Strada", "area": "Area della Polizia municipale", "settore": "Ufficio supporto generale e procedure sanzionatorie", "responsabile": "Rita Scaffaro (Funzionario Polizia Municipale)", "sede": "Comando Polizia Municipale", "indirizzo": "Via Ugo la Malfa, 72, 90146 Palermo PA, Italia", "telefoni": ["0916954315"], "email": ["affarigeneralipm@cert.comune.palermo.it", "archivioverbalipm@comune.palermo.it"], "pec": ["affarigeneralipm@cert.comune.palermo.it"], "url": "https://www.comune.palermo.it/amministrazione/unita_organizzativa/uo-archivio-verbali-codice-della-strada/", "colore": "#ff7f0e"}}, {"type": "Feature", "geometry": {"type": "Point", "coordinates": [13.3144742, 38.1613715]}, "properties": {"id": "uo-ced-e-innovazione-tecnologica", "livello": "unita", "nome": "U.O. C.E.D. e Innovazione Tecnologica", "area": "Area della Polizia municipale", "settore": "Ufficio supporto generale e procedure sanzionatorie", "responsabile": "Francesca Solofra (Funzionario)", "sede": "Comando Polizia Municipale", "indirizzo": "Via Ugo la Malfa, 72, 90146 Palermo PA, Italia", "telefoni": ["0916954612"], "email": ["affarigeneralipm@cert.comune.palermo.it", "ugsi@comune.palermo.it"], "pec": ["affarigeneralipm@cert.comune.palermo.it"], "url": "https://www.comune.palermo.it/amministrazione/unita_organizzativa/uo-ced-e-innovazione-tecnologica/", "colore": "#ff7f0e"}}, {"type": "Feature", "geometry": {"type": "Point", "coordinates": [13.3144742, 38.1613715]}, "properties": {"id": "uo-contenzioso-amministrativo-e-autotutela", "livello": "unita", "nome": "U.O. Contenzioso amministrativo e autotutela", "area": "Area della Polizia municipale", "settore": "Ufficio supporto generale e procedure sanzionatorie", "responsabile": "Baldassare Matera (Funzionario)", "sede": "Comando Polizia Municipale", "indirizzo": "Via Ugo la Malfa, 72, 90146 Palermo PA, Italia", "telefoni": ["091 6954334"], "email": [], "pec": [], "url": "https://www.comune.palermo.it/amministrazione/unita_organizzativa/uo-contenzioso-amministrativo-e-autotutela/", "colore": "#ff7f0e"}}, {"type": "Feature", "geometry": {"type": "Point", "coordinates": [13.3144742, 38.1613715]}, "properties": {"id": "uo-contenzioso-giudiziario-ed-extragiudiziario", "livello": "unita", "nome": "U.O. Contenzioso Giudiziario ed Extragiudiziario", "area": "Area della Polizia municipale", "settore": "Ufficio supporto generale e procedure sanzionatorie", "responsabile": "Salvatore Palumbo (Funzionario Polizia Municipale)", "sede": "Comando Polizia Municipale", "indirizzo": "Via Ugo la Malfa, 72, 90146 Palermo PA, Italia", "telefoni": ["0916954313", "0916954321", "0916954695"], "email": ["affarigeneralipm@cert.comune.palermo.it", "contenziosopoliziamunicipale@comune.palermo.it"], "pec": ["affarigeneralipm@cert.comune.palermo.it"], "url": "https://www.comune.palermo.it/amministrazione/unita_organizzativa/uo-contenzioso-giudiziario-ed-extragiudiziario/", "colore": "#ff7f0e"}}, {"type": "Feature", "geometry": {"type": "Point", "coordinates": [13.3144742, 38.1613715]}, "properties": {"id": "uo-decurtazione-punti", "livello": "unita", "nome": "U.O. Decurtazione Punti", "area": "Area della Polizia municipale", "settore": "Ufficio supporto generale e procedure sanzionatorie", "responsabile": "Desire' Mazzanobile (Funzionario Polizia Municipale)", "sede": "Comando Polizia Municipale", "indirizzo": "Via Ugo la Malfa, 72, 90146 Palermo PA, Italia", "telefoni": ["0916954511", "0916954518"], "email": ["affarigeneralipm@cert.comune.palermo.it", "decurpunti@comune.palermo.it"], "pec": ["affarigeneralipm@cert.comune.palermo.it"], "url": "https://www.comune.palermo.it/amministrazione/unita_organizzativa/uo-decurtazione-punti/", "colore": "#ff7f0e"}}, {"type": "Feature", "geometry": {"type": "Point", "coordinates": [13.3144742, 38.1613715]}, "properties": {"id": "uo-esecuzione-sentenze", "livello": "unita", "nome": "U.O. Esecuzione Sentenze", "area": "Area della Polizia municipale", "settore": "Ufficio supporto generale e procedure sanzionatorie", "responsabile": "Margherita - Greco", "sede": "Comando Polizia Municipale", "indirizzo": "Via Ugo la Malfa, 72, 90146 Palermo PA, Italia", "telefoni": ["0916954216"], "email": ["affarigeneralipm@cert.comune.palermo.it", "esecuzionesentenzepm@comune.palermo.it"], "pec": ["affarigeneralipm@cert.comune.palermo.it"], "url": "https://www.comune.palermo.it/amministrazione/unita_organizzativa/uo-esecuzione-sentenze/", "colore": "#ff7f0e"}}, {"type": "Feature", "geometry": {"type": "Point", "coordinates": [13.3144742, 38.1613715]}, "properties": {"id": "uo-front-office-e-conservazione-oggetti-rinvenuti", "livello": "unita", "nome": "U.O. Front Office e Conservazione Oggetti Rinvenuti", "area": "Area della Polizia municipale", "settore": "Ufficio supporto generale e procedure sanzionatorie", "responsabile": "Maria Letizia Barone", "sede": "Comando Polizia Municipale", "indirizzo": "Via Ugo la Malfa, 72, 90146 Palermo PA, Italia", "telefoni": ["0916954336"], "email": ["affarigeneralipm@cert.comune.palermo.it", "urppoliziamunicipale@comune.palermo.it"], "pec": ["affarigeneralipm@cert.comune.palermo.it"], "url": "https://www.comune.palermo.it/amministrazione/unita_organizzativa/uo-front-office-e-conservazione-oggetti-rinvenuti/", "colore": "#ff7f0e"}}, {"type": "Feature", "geometry": {"type": "Point", "coordinates": [13.3144742, 38.1613715]}, "properties": {"id": "uo-gestione-bilancio-e-acquisti", "livello": "unita", "nome": "U.O. Gestione Bilancio e Acquisti", "area": "Area della Polizia municipale", "settore": "Ufficio supporto generale e procedure sanzionatorie", "responsabile": "Saverio Cosenza (Funzionario Polizia Municipale)", "sede": "Comando Polizia Municipale", "indirizzo": "Via Ugo la Malfa, 72, 90146 Palermo PA, Italia", "telefoni": ["0916954213"], "email": ["affarigeneralipm@cert.comune.palermo.it", "bilanciopm@comune.palermo.it"], "pec": ["affarigeneralipm@cert.comune.palermo.it"], "url": "https://www.comune.palermo.it/amministrazione/unita_organizzativa/uo-gestione-bilancio-e-acquisti/", "colore": "#ff7f0e"}}, {"type": "Feature", "geometry": {"type": "Point", "coordinates": [13.3144742, 38.1613715]}, "properties": {"id": "uo-gestione-illeciti-amministrativi", "livello": "unita", "nome": "U.O. Gestione Illeciti Amministrativi", "area": "Area della Polizia municipale", "settore": "Ufficio supporto generale e procedure sanzionatorie", "responsabile": "Rosanna Rizzo (Funzionario Polizia Municipale)", "sede": "Comando Polizia Municipale", "indirizzo": "Via Ugo la Malfa, 72, 90146 Palermo PA, Italia", "telefoni": ["0916954277", "0916954304"], "email": ["affarigeneralipm@cert.comune.palermo.it", "illecitiammpm@comune.palermo.it"], "pec": ["affarigeneralipm@cert.comune.palermo.it"], "url": "https://www.comune.palermo.it/amministrazione/unita_organizzativa/uo-gestione-illeciti-amministrativi/", "colore": "#ff7f0e"}}, {"type": "Feature", "geometry": {"type": "Point", "coordinates": [13.3144742, 38.1613715]}, "properties": {"id": "uo-gestione-ricorsi-al-prefetto", "livello": "unita", "nome": "U.O. Gestione Ricorsi al Prefetto", "area": "Area della Polizia municipale", "settore": "Ufficio supporto generale e procedure sanzionatorie", "responsabile": "Baldassare Matera (Funzionario)", "sede": "Comando Polizia Municipale", "indirizzo": "Via Ugo la Malfa, 72, 90146 Palermo PA, Italia", "telefoni": ["0916954334"], "email": ["affarigeneralipm@cert.comune.palermo.it", "ufficio.ricorsi@comune.palermo.it"], "pec": ["affarigeneralipm@cert.comune.palermo.it"], "url": "https://www.comune.palermo.it/amministrazione/unita_organizzativa/uo-gestione-ricorsi-al-prefetto/", "colore": "#ff7f0e"}}, {"type": "Feature", "geometry": {"type": "Point", "coordinates": [13.3144742, 38.1613715]}, "properties": {"id": "uo-gestione-verbale-illeciti-amministrativi", "livello": "unita", "nome": "U.O. Gestione Verbale Illeciti Amministrativi", "area": "Area della Polizia municipale", "settore": "Ufficio supporto generale e procedure sanzionatorie", "responsabile": "Rosanna Rizzo (Funzionario Polizia Municipale)", "sede": "Comando Polizia Municipale", "indirizzo": "Via Ugo la Malfa, 72, 90146 Palermo PA, Italia", "telefoni": ["0916954277", "0916954281", "0916954304"], "email": ["affarigeneralipm@cert.comune.palermo.it", "verbaliamministrativipm@comune.palermo.it"], "pec": ["affarigeneralipm@cert.comune.palermo.it"], "url": "https://www.comune.palermo.it/amministrazione/unita_organizzativa/uo-gestione-verbale-illeciti-amministrativi/", "colore": "#ff7f0e"}}, {"type": "Feature", "geometry": {"type": "Point", "coordinates": [13.3144742, 38.1613715]}, "properties": {"id": "uo-informativo", "livello": "unita", "nome": "U.O. Informativo", "area": "Area della Polizia municipale", "settore": "Ufficio supporto generale e procedure sanzionatorie", "responsabile": "Salvatore Damiano (Funzionario Polizia Municipale)", "sede": "Comando Polizia Municipale", "indirizzo": "Via Ugo la Malfa, 72, 90146 Palermo PA, Italia", "telefoni": ["0916954269", "0916954638"], "email": ["affarigeneralipm@cert.comune.palermo.it", "informativopm@comune.palermo.it"], "pec": ["affarigeneralipm@cert.comune.palermo.it"], "url": "https://www.comune.palermo.it/amministrazione/unita_organizzativa/uo-informativo/", "colore": "#ff7f0e"}}, {"type": "Feature", "geometry": {"type": "Point", "coordinates": [13.3144742, 38.1613715]}, "properties": {"id": "uo-introiti-contravvenzionali", "livello": "unita", "nome": "U.O. Introiti Contravvenzionali", "area": "Area della Polizia municipale", "settore": "Ufficio supporto generale e procedure sanzionatorie", "responsabile": "Carmela Oneto (Funzionario Polizia Municipale)", "sede": "Comando Polizia Municipale", "indirizzo": "Via Ugo la Malfa, 72, 90146 Palermo PA, Italia", "telefoni": ["0916954668"], "email": ["affarigeneralipm@cert.comune.palermo.it", "introitipm@comune.palermo.it"], "pec": ["affarigeneralipm@cert.comune.palermo.it"], "url": "https://www.comune.palermo.it/amministrazione/unita_organizzativa/uo-introiti-contravvenzionali/", "colore": "#ff7f0e"}}, {"type": "Feature", "geometry": {"type": "Point", "coordinates": [13.3144742, 38.1613715]}, "properties": {"id": "uo-notifiche-e-accertamenti-anagrafici", "livello": "unita", "nome": "U.O. Notifiche e accertamenti anagrafici", "area": "Area della Polizia municipale", "settore": "Ufficio supporto generale e procedure sanzionatorie", "responsabile": "Salvatore Damiano (Funzionario Polizia Municipale)", "sede": "Comando Polizia Municipale", "indirizzo": "Via Ugo la Malfa, 72, 90146 Palermo PA, Italia", "telefoni": ["091 6954234", "091 6954269", "091 6954638"], "email": [], "pec": [], "url": "https://www.comune.palermo.it/amministrazione/unita_organizzativa/uo-notifiche-e-accertamenti-anagrafici/", "colore": "#ff7f0e"}}, {"type": "Feature", "geometry": {"type": "Point", "coordinates": [13.299314, 38.1283856]}, "properties": {"id": "uo-polo-circoscrizionale-borgo-nuovo", "livello": "unita", "nome": "U.O. Polo Circoscrizionale Borgo Nuovo", "area": "Area della Polizia municipale", "settore": "Ufficio supporto generale e procedure sanzionatorie", "responsabile": "Anna Todaro (Funzionario Polizia Municipale)", "sede": "Largo Pozzillo, 7", "indirizzo": "Largo Pozzillo, 7, 90135 Palermo PA, Italia", "telefoni": ["0917408084"], "email": ["affarigeneralipm@cert.comune.palermo.it", "poloquintacircoscrizione@comune.palermo.it"], "pec": ["affarigeneralipm@cert.comune.palermo.it"], "url": "https://www.comune.palermo.it/amministrazione/unita_organizzativa/uo-polo-circoscrizionale-borgo-nuovo/", "colore": "#ff7f0e"}}, {"type": "Feature", "geometry": {"type": "Point", "coordinates": [13.3646413, 38.1424432]}, "properties": {"id": "uo-polo-circoscrizionale-palermo-centro-uffici-polizia-municipale", "livello": "unita", "nome": "U.O. Polo Circoscrizionale Palermo Centro Uffici Polizia Municipale", "area": "Area della Polizia municipale", "settore": "Ufficio supporto generale e procedure sanzionatorie", "responsabile": "Maria Saveria Davi' (Funzionario Polizia Municipale)", "sede": "Via Enrico Fileti 19", "indirizzo": "Via Enrico Fileti, 19, 90142 Palermo PA, Italia", "telefoni": ["0917407425", "0917407426"], "email": ["affarigeneralipm@cert.comune.palermo.it", "palermocentropm@comune.palermo.it"], "pec": ["affarigeneralipm@cert.comune.palermo.it"], "url": "https://www.comune.palermo.it/amministrazione/unita_organizzativa/uo-polo-circoscrizionale-palermo-centro-uffici-polizia-municipale/", "colore": "#ff7f0e"}}, {"type": "Feature", "geometry": {"type": "Point", "coordinates": [13.3847382, 38.0960395]}, "properties": {"id": "uo-polo-circoscrizionale-sudest", "livello": "unita", "nome": "U.O. Polo Circoscrizionale Sud/Est", "area": "Area della Polizia municipale", "settore": "Ufficio supporto generale e procedure sanzionatorie", "responsabile": "Girolamo Siino (Funzionario Polizia Municipale)", "sede": "Via Azolino Hazon 24", "indirizzo": "Via Azolino Hazon, 24, 90124 Palermo PA, Italia", "telefoni": ["0919828903", "0919828905"], "email": ["affarigeneralipm@cert.comune.palermo.it", "polobrancacciopm@comune.palermo.it"], "pec": ["affarigeneralipm@cert.comune.palermo.it"], "url": "https://www.comune.palermo.it/amministrazione/unita_organizzativa/uo-polo-circoscrizionale-sudest/", "colore": "#ff7f0e"}}, {"type": "Feature", "geometry": {"type": "Point", "coordinates": [13.3509249, 38.1408012]}, "properties": {"id": "uo-rapporti-con-la-prefettura", "livello": "unita", "nome": "U.O. Rapporti con la Prefettura", "area": "Area della Polizia municipale", "settore": "Ufficio supporto generale e procedure sanzionatorie", "responsabile": "Eleonora Lo Grasso (Funzionario Polizia Municipale)", "sede": "Prefettura di Palermo - Sede Sampolo", "indirizzo": "Via Sampolo, 69, 90143 Palermo PA, Italia", "telefoni": ["091338422", "091338426"], "email": ["affarigeneralipm@cert.comune.palermo.it", "prefetturapm@comune.palermo.it"], "pec": ["affarigeneralipm@cert.comune.palermo.it"], "url": "https://www.comune.palermo.it/amministrazione/unita_organizzativa/uo-rapporti-con-la-prefettura/", "colore": "#ff7f0e"}}, {"type": "Feature", "geometry": {"type": "Point", "coordinates": [13.3144742, 38.1613715]}, "properties": {"id": "uo-riscontro-verbali-codice-della-strada", "livello": "unita", "nome": "U.O. Riscontro Verbali Codice della Strada", "area": "Area della Polizia municipale", "settore": "Ufficio supporto generale e procedure sanzionatorie", "responsabile": "Francesca Solofra (Funzionario)", "sede": "Comando Polizia Municipale", "indirizzo": "Via Ugo la Malfa, 72, 90146 Palermo PA, Italia", "telefoni": ["0916954310"], "email": ["affarigeneralipm@cert.comune.palermo.it", "riscontro@comune.palermo.it"], "pec": ["affarigeneralipm@cert.comune.palermo.it"], "url": "https://www.comune.palermo.it/amministrazione/unita_organizzativa/uo-riscontro-verbali-codice-della-strada/", "colore": "#ff7f0e"}}, {"type": "Feature", "geometry": {"type": "Point", "coordinates": [13.3144742, 38.1613715]}, "properties": {"id": "uo-ruoli-esattoriali", "livello": "unita", "nome": "U.O. Ruoli Esattoriali", "area": "Area della Polizia municipale", "settore": "Ufficio supporto generale e procedure sanzionatorie", "responsabile": "Provvidenza Versaci (Funzionario Polizia Municipale)", "sede": "Comando Polizia Municipale", "indirizzo": "Via Ugo la Malfa, 72, 90146 Palermo PA, Italia", "telefoni": ["0916954212", "0916954306", "0916954308", "0916954667"], "email": ["affarigeneralipm@cert.comune.palermo.it", "iscrizioniaruolo@comune.palermo.it"], "pec": ["affarigeneralipm@cert.comune.palermo.it"], "url": "https://www.comune.palermo.it/amministrazione/unita_organizzativa/uo-ruoli-esattoriali/", "colore": "#ff7f0e"}}, {"type": "Feature", "geometry": {"type": "Point", "coordinates": [13.3144742, 38.1613715]}, "properties": {"id": "uo-sanzioni-accessorie-cds", "livello": "unita", "nome": "U.O. Sanzioni Accessorie C.d.S", "area": "Area della Polizia municipale", "settore": "Ufficio supporto generale e procedure sanzionatorie", "responsabile": "Carmelino Di Maria (Funzionario Polizia Municipale)", "sede": "Comando Polizia Municipale", "indirizzo": "Via Ugo la Malfa, 72, 90146 Palermo PA, Italia", "telefoni": ["091 6954314", "091 6954611", "0916954511", "0916954518"], "email": [], "pec": [], "url": "https://www.comune.palermo.it/amministrazione/unita_organizzativa/uo-sanzioni-accessorie-cds/", "colore": "#ff7f0e"}}, {"type": "Feature", "geometry": {"type": "Point", "coordinates": [13.3144742, 38.1613715]}, "properties": {"id": "uo-segreteria-di-staff-del-dirigente", "livello": "unita", "nome": "U.O. Segreteria di staff del Dirigente", "area": "Area della Polizia municipale", "settore": "Ufficio supporto generale e procedure sanzionatorie", "responsabile": "", "sede": "Comando Polizia Municipale", "indirizzo": "Via Ugo la Malfa, 72, 90146 Palermo PA, Italia", "telefoni": ["0916954211", "0916954661"], "email": ["affarigeneralipm@cert.comune.palermo.it", "verbalizzazioni@comune.palermo.it"], "pec": ["affarigeneralipm@cert.comune.palermo.it"], "url": "https://www.comune.palermo.it/amministrazione/unita_organizzativa/uo-segreteria-di-staff-del-dirigente/", "colore": "#ff7f0e"}}, {"type": "Feature", "geometry": {"type": "Point", "coordinates": [13.3144742, 38.1613715]}, "properties": {"id": "uo-staff-del-dirigente-e-gestione-del-personale-2", "livello": "unita", "nome": "U.O. Staff del Dirigente e gestione del personale", "area": "Area della Polizia municipale", "settore": "Ufficio supporto generale e procedure sanzionatorie", "responsabile": "Desire' Mazzanobile (Funzionario Polizia Municipale)", "sede": "Comando Polizia Municipale", "indirizzo": "Via Ugo la Malfa, 72, 90146 Palermo PA, Italia", "telefoni": ["091 6954211", "091 6954661"], "email": ["affarigeneralipm@cert.comune.palermo.it", "verbalizzazioni@comune.palermo.it"], "pec": ["affarigeneralipm@cert.comune.palermo.it"], "url": "https://www.comune.palermo.it/amministrazione/unita_organizzativa/uo-staff-del-dirigente-e-gestione-del-personale-2/", "colore": "#ff7f0e"}}, {"type": "Feature", "geometry": {"type": "Point", "coordinates": [13.3144742, 38.1613715]}, "properties": {"id": "uo-ufficio-illeciti-amministrativi", "livello": "unita", "nome": "U.O. Ufficio Illeciti Amministrativi", "area": "Area della Polizia municipale", "settore": "Ufficio supporto generale e procedure sanzionatorie", "responsabile": "Rosanna Rizzo (Funzionario Polizia Municipale)", "sede": "Comando Polizia Municipale", "indirizzo": "Via Ugo la Malfa, 72, 90146 Palermo PA, Italia", "telefoni": ["091 6954277", "091 6954281", "091 6954304"], "email": [], "pec": [], "url": "https://www.comune.palermo.it/amministrazione/unita_organizzativa/uo-ufficio-illeciti-amministrativi/", "colore": "#ff7f0e"}}, {"type": "Feature", "geometry": {"type": "Point", "coordinates": [13.3144742, 38.1613715]}, "properties": {"id": "uo-ufficio-notifiche-della-polizia-municipale", "livello": "unita", "nome": "U.O. Ufficio Notifiche della Polizia Municipale", "area": "Area della Polizia municipale", "settore": "Ufficio supporto generale e procedure sanzionatorie", "responsabile": "Salvatore Damiano (Funzionario Polizia Municipale)", "sede": "Comando Polizia Municipale", "indirizzo": "Via Ugo la Malfa, 72, 90146 Palermo PA, Italia", "telefoni": ["0916954234", "0916954269", "0916954638"], "email": ["affarigeneralipm@cert.comune.palermo.it", "notifichepm@comune.palermo.it"], "pec": ["affarigeneralipm@cert.comune.palermo.it"], "url": "https://www.comune.palermo.it/amministrazione/unita_organizzativa/uo-ufficio-notifiche-della-polizia-municipale/", "colore": "#ff7f0e"}}, {"type": "Feature", "geometry": {"type": "Point", "coordinates": [13.3144742, 38.1613715]}, "properties": {"id": "uo-ufficio-sanzioni-amministrative-accessorie", "livello": "unita", "nome": "U.O. Ufficio Sanzioni Amministrative Accessorie", "area": "Area della Polizia municipale", "settore": "Ufficio supporto generale e procedure sanzionatorie", "responsabile": "Carmelino Di Maria (Funzionario Polizia Municipale)", "sede": "Comando Polizia Municipale", "indirizzo": "Via Ugo la Malfa, 72, 90146 Palermo PA, Italia", "telefoni": ["0916954314", "0916954611"], "email": ["affarigeneralipm@cert.comune.palermo.it", "sanzioniaccessoriecds@comune.palermo.it"], "pec": ["affarigeneralipm@cert.comune.palermo.it"], "url": "https://www.comune.palermo.it/amministrazione/unita_organizzativa/uo-ufficio-sanzioni-amministrative-accessorie/", "colore": "#ff7f0e"}}, {"type": "Feature", "geometry": {"type": "Point", "coordinates": [13.3660875, 38.1106322]}, "properties": {"id": "uo-video-controllo-ztl", "livello": "unita", "nome": "U.O. Video Controllo Z.T.L.", "area": "Area della Polizia municipale", "settore": "Ufficio supporto generale e procedure sanzionatorie", "responsabile": "Vincenza La Franca (Funzionario Polizia Municipale)", "sede": "Piazza Giulio Cesare, 52", "indirizzo": "P.za Giulio Cesare, 52, 90133 Palermo PA, Italia", "telefoni": ["0917403700"], "email": ["affarigeneralipm@cert.comune.palermo.it", "videocontrolloztl@comune.palermo.it"], "pec": ["affarigeneralipm@cert.comune.palermo.it"], "url": "https://www.comune.palermo.it/amministrazione/unita_organizzativa/uo-video-controllo-ztl/", "colore": "#ff7f0e"}}, {"type": "Feature", "geometry": {"type": "Point", "coordinates": [13.3350655, 38.1489097]}, "properties": {"id": "ufficio-traffico-e-mobilit-urbana", "livello": "settore", "nome": "Ufficio Traffico e Mobilità Urbana", "area": "Area della Polizia municipale", "settore": "Ufficio Traffico e Mobilità Urbana", "responsabile": "Alessandro Carollo (Dirigente Tecnico)", "sede": "Polo Tecnico", "indirizzo": "Via Ausonia, 69, 90144 Palermo PA, Italia", "telefoni": ["0917401362"], "email": ["mobilitaurbana@cert.comune.palermo.it", "mobilitaurbana@comune.palermo.it", "sportellopolifunzionaleottavacircoscrizione@comune.palermo.it", "sportellopolifunzionaleprimacircoscrizione@comune.palermo.it", "sportellopolifunzionalequartacircoscrizione@comune.palermo.it", "sportellopolifunzionalequintacircoscrizione@comune.palermo.it", "sportellopolifunzionalesecondacircoscrizione@comune.palermo.it", "sportellopolifunzionalesestacircoscrizione@comune.palermo.it", "sportellopolifunzionalesettimacircoscrizione@comune.palermo.it", "sportellopolifunzionaleterzacircoscrizione@comune.palermo.it"], "pec": ["mobilitaurbana@cert.comune.palermo.it"], "url": "https://www.comune.palermo.it/amministrazione/unita_organizzativa/ufficio-traffico-e-mobilit-urbana/", "colore": "#ff7f0e"}}, {"type": "Feature", "geometry": {"type": "Point", "coordinates": [13.3350655, 38.1489097]}, "properties": {"id": "uo-gestione-con-amat-palermo-spa", "livello": "unita", "nome": "U.O. Attività Amministrativa e contabile-Gestione Contratto AMAT", "area": "Area della Polizia municipale", "settore": "Ufficio Traffico e Mobilità Urbana", "responsabile": "", "sede": "Polo Tecnico", "indirizzo": "Via Ausonia, 69, 90144 Palermo PA, Italia", "telefoni": ["0917401329", "0917401609"], "email": ["mobilitaurbana@cert.comune.palermo.it", "mobilitaurbana@comune.palermo.it"], "pec": ["mobilitaurbana@cert.comune.palermo.it"], "url": "https://www.comune.palermo.it/amministrazione/unita_organizzativa/uo-gestione-con-amat-palermo-spa/", "colore": "#ff7f0e"}}, {"type": "Feature", "geometry": {"type": "Point", "coordinates": [13.3350655, 38.1489097]}, "properties": {"id": "uo-gestione-mobilit-urbana", "livello": "unita", "nome": "U.O. Gestione Mobilità Urbana", "area": "Area della Polizia municipale", "settore": "Ufficio Traffico e Mobilità Urbana", "responsabile": "Fabio Nicolicchia (Funzionario Architetto)", "sede": "Polo Tecnico", "indirizzo": "Via Ausonia, 69, 90144 Palermo PA, Italia", "telefoni": ["0917401218", "0917401488", "0917401615", "0917401619"], "email": ["mobilitaurbana@cert.comune.palermo.it", "mobilitaurbana@comune.palermo.it"], "pec": ["mobilitaurbana@cert.comune.palermo.it"], "url": "https://www.comune.palermo.it/amministrazione/unita_organizzativa/uo-gestione-mobilit-urbana/", "colore": "#ff7f0e"}}, {"type": "Feature", "geometry": {"type": "Point", "coordinates": [13.3350655, 38.1489097]}, "properties": {"id": "uo-passi-carrabili-e-rilascio-pass", "livello": "unita", "nome": "U.O. Passi Carrabili e Rilascio Pass", "area": "Area della Polizia municipale", "settore": "Ufficio Traffico e Mobilità Urbana", "responsabile": "Sebastiano Benenati (Funzionario Architetto)", "sede": "Polo Tecnico", "indirizzo": "Via Ausonia, 69, 90144 Palermo PA, Italia", "telefoni": ["0917401208", "0917402694"], "email": ["mobilitaurbana@cert.comune.palermo.it", "mobilitaurbana@comune.palermo.it"], "pec": ["mobilitaurbana@cert.comune.palermo.it"], "url": "https://www.comune.palermo.it/amministrazione/unita_organizzativa/uo-passi-carrabili-e-rilascio-pass/", "colore": "#ff7f0e"}}, {"type": "Feature", "geometry": {"type": "Point", "coordinates": [13.3350655, 38.1489097]}, "properties": {"id": "uo-staff-dirigente-e-protocollo", "livello": "unita", "nome": "U.O. Staff Dirigente e Protocollo", "area": "Area della Polizia municipale", "settore": "Ufficio Traffico e Mobilità Urbana", "responsabile": "", "sede": "Polo Tecnico", "indirizzo": "Via Ausonia, 69, 90144 Palermo PA, Italia", "telefoni": ["0917401257", "0917401553", "0917402683"], "email": ["mobilitaurbana@cert.comune.palermo.it", "mobilitaurbana@comune.palermo.it"], "pec": ["mobilitaurbana@cert.comune.palermo.it"], "url": "https://www.comune.palermo.it/amministrazione/unita_organizzativa/uo-staff-dirigente-e-protocollo/", "colore": "#ff7f0e"}}, {"type": "Feature", "geometry": {"type": "Point", "coordinates": [13.3350655, 38.1489097]}, "properties": {"id": "uo-traffico-e-regolamentazione-viaria", "livello": "unita", "nome": "U.O. Traffico e regolamentazione viaria", "area": "Area della Polizia municipale", "settore": "Ufficio Traffico e Mobilità Urbana", "responsabile": "Francesco Palazzo (Funzionario Tecnico Architetto)", "sede": "Polo Tecnico", "indirizzo": "Via Ausonia, 69, 90144 Palermo PA, Italia", "telefoni": ["0917401207", "0917401579", "0917401604", "0917401826"], "email": ["mobilitaurbana@cert.comune.palermo.it", "mobilitaurbana@comune.palermo.it"], "pec": ["mobilitaurbana@cert.comune.palermo.it"], "url": "https://www.comune.palermo.it/amministrazione/unita_organizzativa/uo-traffico-e-regolamentazione-viaria/", "colore": "#ff7f0e"}}, {"type": "Feature", "geometry": {"type": "Point", "coordinates": [13.3144742, 38.1613715]}, "properties": {"id": "vice-comandante", "livello": "settore", "nome": "Vice Comandante", "area": "Area della Polizia municipale", "settore": "Vice Comandante", "responsabile": "Margherita Amato (Dirigente Amministrativo)", "sede": "Comando Polizia Municipale", "indirizzo": "Via Ugo la Malfa, 72, 90146 Palermo PA, Italia", "telefoni": ["0916954259"], "email": ["segreteriavicecomandante@comune.palermo.it", "staffvicecomandante@cert.comune.palermo.it"], "pec": ["staffvicecomandante@cert.comune.palermo.it"], "url": "https://www.comune.palermo.it/amministrazione/unita_organizzativa/vice-comandante/", "colore": "#ff7f0e"}}, {"type": "Feature", "geometry": {"type": "Point", "coordinates": [13.3144742, 38.1613715]}, "properties": {"id": "uo-controllo-professioni-turistiche", "livello": "unita", "nome": "U.O. Controllo Professioni Turistiche", "area": "Area della Polizia municipale", "settore": "Vice Comandante", "responsabile": "Giovanni Renda (Funzionario Polizia Municipale)", "sede": "Comando Polizia Municipale", "indirizzo": "Via Ugo la Malfa, 72, 90146 Palermo PA, Italia", "telefoni": ["091-6954283", "3355706455"], "email": ["controlloattivitaturistichepm@comune.palermo.it", "poliziamministrativa@cert.comune.palermo.it"], "pec": ["poliziamministrativa@cert.comune.palermo.it"], "url": "https://www.comune.palermo.it/amministrazione/unita_organizzativa/uo-controllo-professioni-turistiche/", "colore": "#ff7f0e"}}, {"type": "Feature", "geometry": {"type": "Point", "coordinates": [13.3144742, 38.1613715]}, "properties": {"id": "uo-gestione-del-personale-vice-comandante-polizia-municipale", "livello": "unita", "nome": "U.O. Gestione del Personale – Vice Comandante Polizia Municipale", "area": "Area della Polizia municipale", "settore": "Vice Comandante", "responsabile": "Santi Mucera (Funzionario Polizia Municipale)", "sede": "Comando Polizia Municipale", "indirizzo": "Via Ugo la Malfa, 72, 90146 Palermo PA, Italia", "telefoni": ["091-6954222", "091-6954225"], "email": ["segreteriastaffvicecomandante@comune.palermo.it", "staffvicecomandante@cert.comune.palermo.it"], "pec": ["staffvicecomandante@cert.comune.palermo.it"], "url": "https://www.comune.palermo.it/amministrazione/unita_organizzativa/uo-gestione-del-personale-vice-comandante-polizia-municipale/", "colore": "#ff7f0e"}}, {"type": "Feature", "geometry": {"type": "Point", "coordinates": [13.3144742, 38.1613715]}, "properties": {"id": "uo-nucleo-controllo-attivit-commerciali-su-area-pubblica", "livello": "unita", "nome": "U.O. Nucleo Controllo Attività Commerciali su Area Pubblica", "area": "Area della Polizia municipale", "settore": "Vice Comandante", "responsabile": "Rosario Gambino (Funzionario Polizia Municipale)", "sede": "Comando Polizia Municipale", "indirizzo": "Via Ugo la Malfa, 72, 90146 Palermo PA, Italia", "telefoni": ["0916954278"], "email": ["pm.poliziaurbana@comune.palermo.it", "poliziamministrativa@cert.comune.palermo.it"], "pec": ["poliziamministrativa@cert.comune.palermo.it"], "url": "https://www.comune.palermo.it/amministrazione/unita_organizzativa/uo-nucleo-controllo-attivit-commerciali-su-area-pubblica/", "colore": "#ff7f0e"}}, {"type": "Feature", "geometry": {"type": "Point", "coordinates": [13.3144742, 38.1613715]}, "properties": {"id": "uo-nucleo-controllo-attivit-produttive-e-artigianali-antifrodi", "livello": "unita", "nome": "U.O. Nucleo Controllo Attività Produttive e Artigianali – Antifrodi", "area": "Area della Polizia municipale", "settore": "Vice Comandante", "responsabile": "Francesco Fuschi (Funzionario Polizia Municipale)", "sede": "Comando Polizia Municipale", "indirizzo": "Via Ugo la Malfa, 72, 90146 Palermo PA, Italia", "telefoni": ["091 6954272", "091 6954274"], "email": ["pm.caep@comune.palermo.it", "poliziamministrativa@cert.comune.palermo.it"], "pec": ["poliziamministrativa@cert.comune.palermo.it"], "url": "https://www.comune.palermo.it/amministrazione/unita_organizzativa/uo-nucleo-controllo-attivit-produttive-e-artigianali-antifrodi/", "colore": "#ff7f0e"}}, {"type": "Feature", "geometry": {"type": "Point", "coordinates": [13.3144742, 38.1613715]}, "properties": {"id": "uo-nucleo-polizia-tributaria-relativa-ad-imposte-e-tributi-comunali", "livello": "unita", "nome": "U.O. Nucleo Polizia Tributaria relativa ad Imposte e Tributi Comunali", "area": "Area della Polizia municipale", "settore": "Vice Comandante", "responsabile": "Francesco Fuschi (Funzionario Polizia Municipale)", "sede": "Comando Polizia Municipale", "indirizzo": "Via Ugo la Malfa, 72, 90146 Palermo PA, Italia", "telefoni": ["091-6954663"], "email": ["pm.tributi@comune.palermo.it", "poliziamministrativa@cert.comune.palermo.it"], "pec": ["poliziamministrativa@cert.comune.palermo.it"], "url": "https://www.comune.palermo.it/amministrazione/unita_organizzativa/uo-nucleo-polizia-tributaria-relativa-ad-imposte-e-tributi-comunali/", "colore": "#ff7f0e"}}, {"type": "Feature", "geometry": {"type": "Point", "coordinates": [13.3849533, 38.0959163]}, "properties": {"id": "uo-nucleo-tso-e-aso", "livello": "unita", "nome": "U.O. Nucleo T.S.O. e A.S.O.", "area": "Area della Polizia municipale", "settore": "Vice Comandante", "responsabile": "Antonio Mazzola (Funzionario Polizia Municipale)", "sede": "Via Azolino Hazon n. 12", "indirizzo": "Via Azolino Hazon, 12, 90124 Palermo PA, Italia", "telefoni": ["091 74044125", "091 74044129", "091 74044130"], "email": ["pm.tso@cert.comune.palermo.it", "pm.tso@comune.palermo.it"], "pec": ["pm.tso@cert.comune.palermo.it"], "url": "https://www.comune.palermo.it/amministrazione/unita_organizzativa/uo-nucleo-tso-e-aso/", "colore": "#ff7f0e"}}, {"type": "Feature", "geometry": {"type": "Point", "coordinates": [13.3144742, 38.1613715]}, "properties": {"id": "uo-segreteria-vice-comandante", "livello": "unita", "nome": "U.O. Segreteria Vice Comandante", "area": "Area della Polizia municipale", "settore": "Vice Comandante", "responsabile": "Santi Mucera (Funzionario Polizia Municipale)", "sede": "Comando Polizia Municipale", "indirizzo": "Via Ugo la Malfa, 72, 90146 Palermo PA, Italia", "telefoni": ["0916954259"], "email": ["segreteriavicecomandante@comune.palermo.it", "staffvicecomandante@cert.comune.palermo.it"], "pec": ["staffvicecomandante@cert.comune.palermo.it"], "url": "https://www.comune.palermo.it/amministrazione/unita_organizzativa/uo-segreteria-vice-comandante/", "colore": "#ff7f0e"}}, {"type": "Feature", "geometry": {"type": "Point", "coordinates": [13.3144742, 38.1613715]}, "properties": {"id": "uo-vigilanza-pubblicit", "livello": "unita", "nome": "U.O. Vigilanza Pubblicità", "area": "Area della Polizia municipale", "settore": "Vice Comandante", "responsabile": "Giovanni Renda (Funzionario Polizia Municipale)", "sede": "Comando Polizia Municipale", "indirizzo": "Via Ugo la Malfa, 72, 90146 Palermo PA, Italia", "telefoni": ["091-6954270", "091-6954286"], "email": ["pm.pubblicita@comune.palermo.it", "poliziamministrativa@cert.comune.palermo.it"], "pec": ["poliziamministrativa@cert.comune.palermo.it"], "url": "https://www.comune.palermo.it/amministrazione/unita_organizzativa/uo-vigilanza-pubblicit/", "colore": "#ff7f0e"}}, {"type": "Feature", "geometry": {"type": "Point", "coordinates": [13.3144742, 38.1613715]}, "properties": {"id": "uo-vigilanza-sedi-istituzionali-rappresentanza-delta-22", "livello": "unita", "nome": "U.O. Vigilanza Sedi Istituzionali – Rappresentanza – Delta 22", "area": "Area della Polizia municipale", "settore": "Vice Comandante", "responsabile": "Santi Mucera (Funzionario Polizia Municipale)", "sede": "Comando Polizia Municipale", "indirizzo": "Via Ugo la Malfa, 72, 90146 Palermo PA, Italia", "telefoni": ["091/6954319", "091/6954524", "091/7402338"], "email": ["s.mucera@comune.palermo.it", "staffvicecomandante@cert.comune.palermo.it"], "pec": ["staffvicecomandante@cert.comune.palermo.it"], "url": "https://www.comune.palermo.it/amministrazione/unita_organizzativa/uo-vigilanza-sedi-istituzionali-rappresentanza-delta-22/", "colore": "#ff7f0e"}}, {"type": "Feature", "geometry": {"type": "Point", "coordinates": [13.3144742, 38.1613715]}, "properties": {"id": "uo-vigilanza-trasporto-pubblico", "livello": "unita", "nome": "U.O. Vigilanza Trasporto pubblico", "area": "Area della Polizia municipale", "settore": "Vice Comandante", "responsabile": "Giovanni Renda (Funzionario Polizia Municipale)", "sede": "Comando Polizia Municipale", "indirizzo": "Via Ugo la Malfa, 72, 90146 Palermo PA, Italia", "telefoni": ["091-6954283", "3355706455"], "email": ["pm.trasportopubblico@comune.palermo.it", "poliziamministrativa@cert.comune.palermo.it"], "pec": ["poliziamministrativa@cert.comune.palermo.it"], "url": "https://www.comune.palermo.it/amministrazione/unita_organizzativa/uo-vigilanza-trasporto-pubblico/", "colore": "#ff7f0e"}}, {"type": "Feature", "geometry": {"type": "Point", "coordinates": [13.3689724, 38.116554]}, "properties": {"id": "area-della-vice-segreteria-generale", "livello": "area", "nome": "Area della Vice Segreteria Generale", "area": "Area della Vice Segreteria Generale", "settore": "", "responsabile": "Patrizia Milisenda (Dirigente Amministrativo)", "sede": "Palazzo Rostagno", "indirizzo": "Piazza Marina, 39, 90133 Palermo PA, Italia", "telefoni": ["0917407743"], "email": ["vicesegretariogenerale@comune.palermo.it"], "pec": [], "url": "https://www.comune.palermo.it/amministrazione/unita_organizzativa/area-della-vice-segreteria-generale/", "colore": "#2ca02c"}}, {"type": "Feature", "geometry": {"type": "Point", "coordinates": [13.3689724, 38.116554]}, "properties": {"id": "capo-area-vice-segretario-generale", "livello": "settore", "nome": "Capo Area Vice Segretario Generale", "area": "Area della Vice Segreteria Generale", "settore": "Capo Area Vice Segretario Generale", "responsabile": "Patrizia Milisenda (Dirigente Amministrativo)", "sede": "Palazzo Rostagno", "indirizzo": "Piazza Marina, 39, 90133 Palermo PA, Italia", "telefoni": ["0917407726"], "email": ["protocollo@cert.comune.palermo.it", "vicesegretariogenerale@comune.palermo.it"], "pec": ["protocollo@cert.comune.palermo.it"], "url": "https://www.comune.palermo.it/amministrazione/unita_organizzativa/capo-area-vice-segretario-generale/", "colore": "#2ca02c"}}, {"type": "Feature", "geometry": {"type": "Point", "coordinates": [13.3689724, 38.116554]}, "properties": {"id": "uo-affari-generali", "livello": "unita", "nome": "U.O. Affari Generali", "area": "Area della Vice Segreteria Generale", "settore": "Capo Area Vice Segretario Generale", "responsabile": "Giuseppina Scibetta (Funzionario Amministrativo)", "sede": "Palazzo Rostagno", "indirizzo": "Piazza Marina, 39, 90133 Palermo PA, Italia", "telefoni": ["0917407729", "0917407766"], "email": ["protocollo@cert.comune.palermo.it", "uff.affari.generali@comune.palermo.it"], "pec": ["protocollo@cert.comune.palermo.it"], "url": "https://www.comune.palermo.it/amministrazione/unita_organizzativa/uo-affari-generali/", "colore": "#2ca02c"}}, {"type": "Feature", "geometry": {"type": "Point", "coordinates": [13.3442261, 38.137862]}, "properties": {"id": "uo-ufficio-relazioni-con-il-pubblico-urp", "livello": "unita", "nome": "U.O. Ufficio Relazioni con il Pubblico (URP)", "area": "Area della Vice Segreteria Generale", "settore": "Capo Area Vice Segretario Generale", "responsabile": "Giuseppina Scibetta (Funzionario Amministrativo)", "sede": "Piazza Unità d'Italia n. 20", "indirizzo": "Piazza Unità d'Italia, 20, 90144 Palermo PA, Italia", "telefoni": ["0917409061", "0917409062", "0917409063", "0917409064"], "email": ["urp@comune.palermo.it"], "pec": [], "url": "https://www.comune.palermo.it/amministrazione/unita_organizzativa/uo-ufficio-relazioni-con-il-pubblico-urp/", "colore": "#2ca02c"}}, {"type": "Feature", "geometry": {"type": "Point", "coordinates": [13.3689724, 38.116554]}, "properties": {"id": "uo-archivio-protocollo-ufficio-posta-capo-area-vice-segretario-generale", "livello": "unita", "nome": "U.O. Archivio Protocollo Ufficio Posta – Capo Area Vice Segretario Generale", "area": "Area della Vice Segreteria Generale", "settore": "Capo Area Vice Segretario Generale", "responsabile": "", "sede": "Palazzo Rostagno", "indirizzo": "Piazza Marina, 39, 90133 Palermo PA, Italia", "telefoni": ["0917407755", "0917407756", "0917407757"], "email": ["archivio@comune.palermo.it", "protocollo@cert.comune.palermo.it"], "pec": ["protocollo@cert.comune.palermo.it"], "url": "https://www.comune.palermo.it/amministrazione/unita_organizzativa/uo-archivio-protocollo-ufficio-posta-capo-area-vice-segretario-generale/", "colore": "#2ca02c"}}, {"type": "Feature", "geometry": {"type": "Point", "coordinates": [13.3689724, 38.116554]}, "properties": {"id": "uo-atti-ispettivi-2", "livello": "unita", "nome": "U.O. Atti Ispettivi", "area": "Area della Vice Segreteria Generale", "settore": "Capo Area Vice Segretario Generale", "responsabile": "Giuseppina Scibetta (Funzionario Amministrativo)", "sede": "Palazzo Rostagno", "indirizzo": "Piazza Marina, 39, 90133 Palermo PA, Italia", "telefoni": ["0917407753"], "email": ["atti.ispettivi@comune.palermo.it", "protocollo@cert.comune.palermo.it"], "pec": ["protocollo@cert.comune.palermo.it"], "url": "https://www.comune.palermo.it/amministrazione/unita_organizzativa/uo-atti-ispettivi-2/", "colore": "#2ca02c"}}, {"type": "Feature", "geometry": {"type": "Point", "coordinates": [13.3543356, 38.146376]}, "properties": {"id": "uo-casa-comunale", "livello": "unita", "nome": "U.O. Casa Comunale", "area": "Area della Vice Segreteria Generale", "settore": "Capo Area Vice Segretario Generale", "responsabile": "Luigi Birriola", "sede": "Via Sadat n° 11", "indirizzo": "Via Anwar Sadat, 11, 90142 Palermo PA, Italia", "telefoni": ["0917406006", "0917406007"], "email": ["casacomunale@cert.comune.palermo.it", "casacomunale@comune.palermo.it"], "pec": ["casacomunale@cert.comune.palermo.it"], "url": "https://www.comune.palermo.it/amministrazione/unita_organizzativa/uo-casa-comunale/", "colore": "#2ca02c"}}, {"type": "Feature", "geometry": {"type": "Point", "coordinates": [13.3668765, 38.1109609]}, "properties": {"id": "uo-centralino", "livello": "unita", "nome": "U.O. Centralino", "area": "Area della Vice Segreteria Generale", "settore": "Capo Area Vice Segretario Generale", "responsabile": "Antonella Amormino", "sede": "Piazza Giulio Cesare, 6", "indirizzo": "P.za Giulio Cesare, 6, 90123 Palermo PA, Italia", "telefoni": ["091 7402416"], "email": ["centralino@comune.palermo.it", "protocollo@cert.comune.palermo.it"], "pec": ["protocollo@cert.comune.palermo.it"], "url": "https://www.comune.palermo.it/amministrazione/unita_organizzativa/uo-centralino/", "colore": "#2ca02c"}}, {"type": "Feature", "geometry": {"type": "Point", "coordinates": [13.3689724, 38.116554]}, "properties": {"id": "uo-contabile-ed-approvvigionamenti", "livello": "unita", "nome": "U.O. Contabile ed Approvvigionamenti", "area": "Area della Vice Segreteria Generale", "settore": "Capo Area Vice Segretario Generale", "responsabile": "Angelo Gabriele Tornatore", "sede": "Palazzo Rostagno", "indirizzo": "Piazza Marina, 39, 90133 Palermo PA, Italia", "telefoni": ["091 7407758"], "email": [], "pec": [], "url": "https://www.comune.palermo.it/amministrazione/unita_organizzativa/uo-contabile-ed-approvvigionamenti/", "colore": "#2ca02c"}}, {"type": "Feature", "geometry": {"type": "Point", "coordinates": [13.3689724, 38.116554]}, "properties": {"id": "uo-deliberazioni-2", "livello": "unita", "nome": "U.O. Deliberazioni", "area": "Area della Vice Segreteria Generale", "settore": "Capo Area Vice Segretario Generale", "responsabile": "", "sede": "Palazzo Rostagno", "indirizzo": "Piazza Marina, 39, 90133 Palermo PA, Italia", "telefoni": ["091 7407744"], "email": ["protocollo@cert.comune.palermo.it", "ufficiodeliberazioni@comune.palermo.it"], "pec": ["protocollo@cert.comune.palermo.it"], "url": "https://www.comune.palermo.it/amministrazione/unita_organizzativa/uo-deliberazioni-2/", "colore": "#2ca02c"}}, {"type": "Feature", "geometry": {"type": "Point", "coordinates": [13.3689724, 38.116554]}, "properties": {"id": "uo-direzione-capo-area-vice-segretario-generale", "livello": "unita", "nome": "U.O. Direzione – Capo Area Vice Segretario Generale", "area": "Area della Vice Segreteria Generale", "settore": "Capo Area Vice Segretario Generale", "responsabile": "Giovanna Ragusa (Funzionario Contabile)", "sede": "Palazzo Rostagno", "indirizzo": "Piazza Marina, 39, 90133 Palermo PA, Italia", "telefoni": ["0917407743"], "email": ["protocollo@cert.comune.palermo.it", "vicesegreteriagenerale@comune.palermo.it"], "pec": ["protocollo@cert.comune.palermo.it"], "url": "https://www.comune.palermo.it/amministrazione/unita_organizzativa/uo-direzione-capo-area-vice-segretario-generale/", "colore": "#2ca02c"}}, {"type": "Feature", "geometry": {"type": "Point", "coordinates": [13.3689724, 38.116554]}, "properties": {"id": "uo-gestione-del-personale-capo-area-vice-segretario-generale", "livello": "unita", "nome": "U.O. Gestione del Personale – Capo Area Vice Segretario Generale", "area": "Area della Vice Segreteria Generale", "settore": "Capo Area Vice Segretario Generale", "responsabile": "Giuseppina Scibetta (Funzionario Amministrativo)", "sede": "Palazzo Rostagno", "indirizzo": "Piazza Marina, 39, 90133 Palermo PA, Italia", "telefoni": ["091 7407733", "091 7407766", "091 7407771"], "email": ["gestionepersonalesegreteria@comune.palermo.it", "protocollo@cert.comune.palermo.it"], "pec": ["protocollo@cert.comune.palermo.it"], "url": "https://www.comune.palermo.it/amministrazione/unita_organizzativa/uo-gestione-del-personale-capo-area-vice-segretario-generale/", "colore": "#2ca02c"}}, {"type": "Feature", "geometry": {"type": "Point", "coordinates": [13.3350655, 38.1489097]}, "properties": {"id": "uo-gestione-sinistri", "livello": "unita", "nome": "U.O. Gestione Sinistri", "area": "Area della Vice Segreteria Generale", "settore": "Capo Area Vice Segretario Generale", "responsabile": "Giuliana Brunetto (Funzionario Amministrativo)", "sede": "Polo Tecnico", "indirizzo": "Via Ausonia, 69, 90144 Palermo PA, Italia", "telefoni": ["0917401482"], "email": ["gestionesinistri@cert.comune.palermo.it", "gestionesinistri@comune.palermo.it"], "pec": ["gestionesinistri@cert.comune.palermo.it"], "url": "https://www.comune.palermo.it/amministrazione/unita_organizzativa/uo-gestione-sinistri/", "colore": "#2ca02c"}}, {"type": "Feature", "geometry": {"type": "Point", "coordinates": [13.3543356, 38.146376]}, "properties": {"id": "uo-messi-albo-pretorio", "livello": "unita", "nome": "U.O. Messi – Albo Pretorio", "area": "Area della Vice Segreteria Generale", "settore": "Capo Area Vice Segretario Generale", "responsabile": "Luigi Birriola", "sede": "Via Sadat n° 11", "indirizzo": "Via Anwar Sadat, 11, 90142 Palermo PA, Italia", "telefoni": ["091 7406053", "091 7406055"], "email": ["albopretorio@cert.comune.palermo.it", "messi.albo@comune.palermo.it"], "pec": ["albopretorio@cert.comune.palermo.it"], "url": "https://www.comune.palermo.it/amministrazione/unita_organizzativa/uo-messi-albo-pretorio/", "colore": "#2ca02c"}}, {"type": "Feature", "geometry": {"type": "Point", "coordinates": [13.3689724, 38.116554]}, "properties": {"id": "uo-psc-ex-patto-per-la-citt-comitato-controlli-di-livello", "livello": "unita", "nome": "U.O. PSC ex Patto per la città – Comitato controlli di livello", "area": "Area della Vice Segreteria Generale", "settore": "Capo Area Vice Segretario Generale", "responsabile": "Rosalia Guzzo (Funzionario Tecnico Architetto)", "sede": "Palazzo Rostagno", "indirizzo": "Piazza Marina, 39, 90133 Palermo PA, Italia", "telefoni": ["091 7407753"], "email": [], "pec": [], "url": "https://www.comune.palermo.it/amministrazione/unita_organizzativa/uo-psc-ex-patto-per-la-citt-comitato-controlli-di-livello/", "colore": "#2ca02c"}}, {"type": "Feature", "geometry": {"type": "Point", "coordinates": [13.3661205, 38.1118282]}, "properties": {"id": "ufficio-speciale-per-il-consiglio-comunale", "livello": "settore", "nome": "Ufficio autonomo per il Consiglio Comunale", "area": "Area della Vice Segreteria Generale", "settore": "Ufficio autonomo per il Consiglio Comunale", "responsabile": "Cettina Maria Como (Dirigente Amministrativo)", "sede": "Palazzo delle Ex Ferrovie", "indirizzo": "Via Roma, 19, 90133 Palermo PA, Italia", "telefoni": ["0917402217"], "email": ["staffconsigliocomunale@cert.comune.palermo.it", "staffconsigliocomunale@comune.palermo.it"], "pec": ["staffconsigliocomunale@cert.comune.palermo.it"], "url": "https://www.comune.palermo.it/amministrazione/unita_organizzativa/ufficio-speciale-per-il-consiglio-comunale/", "colore": "#2ca02c"}}, {"type": "Feature", "geometry": {"type": "Point", "coordinates": [13.3661205, 38.1118282]}, "properties": {"id": "amministrativa-contabile", "livello": "unita", "nome": "U.O. Amministrativa Contabile", "area": "Area della Vice Segreteria Generale", "settore": "Ufficio autonomo per il Consiglio Comunale", "responsabile": "Paola Margheritino (Funzionario Amministrativo)", "sede": "Palazzo delle Ex Ferrovie", "indirizzo": "Via Roma, 19, 90133 Palermo PA, Italia", "telefoni": ["0917402488"], "email": ["gestionecontabilitacc@comune.palermo.it", "staffconsigliocomunale@cert.comune.palermo.it"], "pec": ["staffconsigliocomunale@cert.comune.palermo.it"], "url": "https://www.comune.palermo.it/amministrazione/unita_organizzativa/amministrativa-contabile/", "colore": "#2ca02c"}}, {"type": "Feature", "geometry": {"type": "Point", "coordinates": [13.370036, 38.1167363]}, "properties": {"id": "uo-cerimoniale-del-presidente-del-consiglio-comunale", "livello": "unita", "nome": "U.O. Cerimoniale del Presidente del Consiglio Comunale", "area": "Area della Vice Segreteria Generale", "settore": "Ufficio autonomo per il Consiglio Comunale", "responsabile": "Giulia Bondì (Funzionario Amministrativo)", "sede": "Palazzo Palagonia", "indirizzo": "Via del Quattro Aprile, 4, 90133 Palermo PA, Italia", "telefoni": ["091 740 5644"], "email": ["cerimonialepresidenzacc@comune.palermo.it"], "pec": [], "url": "https://www.comune.palermo.it/amministrazione/unita_organizzativa/uo-cerimoniale-del-presidente-del-consiglio-comunale/", "colore": "#2ca02c"}}, {"type": "Feature", "geometry": {"type": "Point", "coordinates": [13.3661205, 38.1118282]}, "properties": {"id": "uo-gestione-del-personale-affari-generali", "livello": "unita", "nome": "U.O. Gestione del Personale – Ufficio Autonomo per il Consiglio Comunale", "area": "Area della Vice Segreteria Generale", "settore": "Ufficio autonomo per il Consiglio Comunale", "responsabile": "Paola Francesca Santoro (Assistente Sociale)", "sede": "Palazzo delle Ex Ferrovie", "indirizzo": "Via Roma, 19, 90133 Palermo PA, Italia", "telefoni": ["091 - 7402295"], "email": ["gestionepersonalecc@comune.palermo.it", "staffconsigliocomunale@cert.comune.palermo.it"], "pec": ["staffconsigliocomunale@cert.comune.palermo.it"], "url": "https://www.comune.palermo.it/amministrazione/unita_organizzativa/uo-gestione-del-personale-affari-generali/", "colore": "#2ca02c"}}, {"type": "Feature", "geometry": {"type": "Point", "coordinates": [13.3661205, 38.1118282]}, "properties": {"id": "presidenza", "livello": "unita", "nome": "U.O. Presidenza", "area": "Area della Vice Segreteria Generale", "settore": "Ufficio autonomo per il Consiglio Comunale", "responsabile": "Salvatore Palazzolo (Esperto Attività Sportive)", "sede": "Palazzo delle Ex Ferrovie", "indirizzo": "Via Roma, 19, 90133 Palermo PA, Italia", "telefoni": ["091-7405681"], "email": ["presidenzacc@comune.palermo.it", "staffconsigliocomunale@cert.comune.palermo.it"], "pec": ["staffconsigliocomunale@cert.comune.palermo.it"], "url": "https://www.comune.palermo.it/amministrazione/unita_organizzativa/presidenza/", "colore": "#2ca02c"}}, {"type": "Feature", "geometry": {"type": "Point", "coordinates": [13.3661205, 38.1118282]}, "properties": {"id": "segreteria-di-direzione", "livello": "unita", "nome": "U.O. Segreteria di Direzione", "area": "Area della Vice Segreteria Generale", "settore": "Ufficio autonomo per il Consiglio Comunale", "responsabile": "", "sede": "Palazzo delle Ex Ferrovie", "indirizzo": "Via Roma, 19, 90133 Palermo PA, Italia", "telefoni": ["0917402217"], "email": ["staffconsigliocomunale@cert.comune.palermo.it", "staffconsigliocomunale@comune.palermo.it"], "pec": ["staffconsigliocomunale@cert.comune.palermo.it"], "url": "https://www.comune.palermo.it/amministrazione/unita_organizzativa/segreteria-di-direzione/", "colore": "#2ca02c"}}, {"type": "Feature", "geometry": {"type": "Point", "coordinates": [13.3661205, 38.1118282]}, "properties": {"id": "supporto-agli-organi-istituzionali", "livello": "unita", "nome": "U.O. Supporto agli Organi Istituzionali", "area": "Area della Vice Segreteria Generale", "settore": "Ufficio autonomo per il Consiglio Comunale", "responsabile": "Salvatore Palazzolo (Esperto Attività Sportive)", "sede": "Palazzo delle Ex Ferrovie", "indirizzo": "Via Roma, 19, 90133 Palermo PA, Italia", "telefoni": ["0917402391"], "email": ["attivitaconsiglio@comune.palermo.it", "staffconsigliocomunale@cert.comune.palermo.it"], "pec": ["staffconsigliocomunale@cert.comune.palermo.it"], "url": "https://www.comune.palermo.it/amministrazione/unita_organizzativa/supporto-agli-organi-istituzionali/", "colore": "#2ca02c"}}, {"type": "Feature", "geometry": {"type": "Point", "coordinates": [13.359388766537, 38.115802207431]}, "properties": {"id": "ufficio-autonomo-contratti-e-approvvigionamenti", "livello": "settore", "nome": "Ufficio autonomo contratti e approvvigionamenti", "area": "Area della Vice Segreteria Generale", "settore": "Ufficio autonomo contratti e approvvigionamenti", "responsabile": "Salvatore Incrapera (Dirigente Amministrativo)", "sede": "Via San Biagio n.4", "indirizzo": "Via San Biagio, 4 Palermo, Sicilia, 90134, Italia", "telefoni": ["0917401910", "0917403592"], "email": ["contratti@cert.comune.palermo.it", "contratti@comune.palermo.it"], "pec": ["contratti@cert.comune.palermo.it"], "url": "https://www.comune.palermo.it/amministrazione/unita_organizzativa/ufficio-autonomo-contratti-e-approvvigionamenti/", "colore": "#2ca02c"}}, {"type": "Feature", "geometry": {"type": "Point", "coordinates": [13.3633977, 38.1172739]}, "properties": {"id": "uo-approvvigionamenti-ufficio-autonomo-contratti-e-approvvigionamenti", "livello": "unita", "nome": "U.O. Approvvigionamenti ufficio autonomo contratti e approvvigionamenti", "area": "Area della Vice Segreteria Generale", "settore": "Ufficio autonomo contratti e approvvigionamenti", "responsabile": "Rosa Anna Vitale", "sede": "Via Roma, 209", "indirizzo": "Via Roma, 209, 90133 Palermo PA, Italia", "telefoni": ["091 7403592"], "email": ["approvvigionamenti@cert.comune.palermo.it", "approvvigionamenti@comune.palermo.it"], "pec": ["approvvigionamenti@cert.comune.palermo.it"], "url": "https://www.comune.palermo.it/amministrazione/unita_organizzativa/uo-approvvigionamenti-ufficio-autonomo-contratti-e-approvvigionamenti/", "colore": "#2ca02c"}}, {"type": "Feature", "geometry": {"type": "Point", "coordinates": [13.359388766537, 38.115802207431]}, "properties": {"id": "uo-contratti-gestione-procedure-di-gara-servizi-sociali-lavori", "livello": "unita", "nome": "U.O. Contratti – Gestione Procedure di Gara Servizi Sociali – Lavori", "area": "Area della Vice Segreteria Generale", "settore": "Ufficio autonomo contratti e approvvigionamenti", "responsabile": "Emanuela Sortino", "sede": "Via San Biagio n.4", "indirizzo": "Via San Biagio, 4 Palermo, Sicilia, 90134, Italia", "telefoni": ["091 7401910", "091 7401924"], "email": ["contratti@cert.comune.palermo.it", "contratti@comune.palermo.it"], "pec": ["contratti@cert.comune.palermo.it"], "url": "https://www.comune.palermo.it/amministrazione/unita_organizzativa/uo-contratti-gestione-procedure-di-gara-servizi-sociali-lavori/", "colore": "#2ca02c"}}, {"type": "Feature", "geometry": {"type": "Point", "coordinates": [13.359388766537, 38.115802207431]}, "properties": {"id": "uo-contratti-gestione-procedure-di-gara-servizi-di-architettura-ed-ingegneria", "livello": "unita", "nome": "U.O. Contratti Gestione Procedure di Gara Servizi di Architettura ed Ingegneria", "area": "Area della Vice Segreteria Generale", "settore": "Ufficio autonomo contratti e approvvigionamenti", "responsabile": "Mauro Restivo", "sede": "Via San Biagio n.4", "indirizzo": "Via San Biagio, 4 Palermo, Sicilia, 90134, Italia", "telefoni": ["091 7401910", "091 7401914"], "email": ["contratti@cert.comune.palermo.it", "contratti@comune.palermo.it"], "pec": ["contratti@cert.comune.palermo.it"], "url": "https://www.comune.palermo.it/amministrazione/unita_organizzativa/uo-contratti-gestione-procedure-di-gara-servizi-di-architettura-ed-ingegneria/", "colore": "#2ca02c"}}, {"type": "Feature", "geometry": {"type": "Point", "coordinates": [13.359388766537, 38.115802207431]}, "properties": {"id": "uo-contratti-procedure-di-gara-con-fondi-strutturali-e-non", "livello": "unita", "nome": "U.O. Contratti Procedure di Gara con Fondi Strutturali e non", "area": "Area della Vice Segreteria Generale", "settore": "Ufficio autonomo contratti e approvvigionamenti", "responsabile": "Salvatore Incrapera (Dirigente Amministrativo)", "sede": "Via San Biagio n.4", "indirizzo": "Via San Biagio, 4 Palermo, Sicilia, 90134, Italia", "telefoni": ["091 7401910"], "email": ["contratti@cert.comune.palermo.it", "contratti@comune.palermo.it"], "pec": ["contratti@cert.comune.palermo.it"], "url": "https://www.comune.palermo.it/amministrazione/unita_organizzativa/uo-contratti-procedure-di-gara-con-fondi-strutturali-e-non/", "colore": "#2ca02c"}}, {"type": "Feature", "geometry": {"type": "Point", "coordinates": [13.359388766537, 38.115802207431]}, "properties": {"id": "uo-registrazioni-e-pubblicazioni-contratti", "livello": "unita", "nome": "U.O. Registrazioni e Pubblicazioni Contratti", "area": "Area della Vice Segreteria Generale", "settore": "Ufficio autonomo contratti e approvvigionamenti", "responsabile": "Salvatore Incrapera (Dirigente Amministrativo)", "sede": "Via San Biagio n.4", "indirizzo": "Via San Biagio, 4 Palermo, Sicilia, 90134, Italia", "telefoni": ["091 7401910"], "email": ["contratti@cert.comune.palermo.it", "contratti@comune.palermo.it"], "pec": ["contratti@cert.comune.palermo.it"], "url": "https://www.comune.palermo.it/amministrazione/unita_organizzativa/uo-registrazioni-e-pubblicazioni-contratti/", "colore": "#2ca02c"}}, {"type": "Feature", "geometry": {"type": "Point", "coordinates": [13.359388766537, 38.115802207431]}, "properties": {"id": "uo-segreteria-ufficio-contratti-e-approvvigionamenti", "livello": "unita", "nome": "U.O. Segreteria Ufficio contratti e approvvigionamenti", "area": "Area della Vice Segreteria Generale", "settore": "Ufficio autonomo contratti e approvvigionamenti", "responsabile": "Leonardo Cristofaro", "sede": "Via San Biagio n.4", "indirizzo": "Via San Biagio, 4 Palermo, Sicilia, 90134, Italia", "telefoni": ["091 7401910"], "email": ["approvvigionamenti@cert.comune.palermo.it", "approvvigionamenti@comune.palermo.it", "contratti@cert.comune.palermo.it", "contratti@comune.palermo.it"], "pec": ["approvvigionamenti@cert.comune.palermo.it", "contratti@cert.comune.palermo.it"], "url": "https://www.comune.palermo.it/amministrazione/unita_organizzativa/uo-segreteria-ufficio-contratti-e-approvvigionamenti/", "colore": "#2ca02c"}}, {"type": "Feature", "geometry": {"type": "Point", "coordinates": [13.3633977, 38.1172739]}, "properties": {"id": "uo-servizio-utenze", "livello": "unita", "nome": "U.O. Servizio Utenze", "area": "Area della Vice Segreteria Generale", "settore": "Ufficio autonomo contratti e approvvigionamenti", "responsabile": "Salvatore Incrapera (Dirigente Amministrativo)", "sede": "Via Roma, 209", "indirizzo": "Via Roma, 209, 90133 Palermo PA, Italia", "telefoni": ["091 7403592"], "email": ["approvvigionamenti@cert.comune.palermo.it", "approvvigionamenti@comune.palermo.it"], "pec": ["approvvigionamenti@cert.comune.palermo.it"], "url": "https://www.comune.palermo.it/amministrazione/unita_organizzativa/uo-servizio-utenze/", "colore": "#2ca02c"}}, {"type": "Feature", "geometry": {"type": "Point", "coordinates": [13.3516445, 38.1241504]}, "properties": {"id": "area-della-cultura-turismo-e-sport", "livello": "area", "nome": "Area della cultura, turismo e sport", "area": "Area della cultura, turismo e sport", "settore": "", "responsabile": "Domenico Verona (Dirigente Amministrativo)", "sede": "Palazzo Ziino", "indirizzo": "Via Dante, 53, 90141 Palermo PA, Italia", "telefoni": ["0917407783", "0917407792", "0917407821"], "email": ["cultura@comune.palermo.it", "settorecultura@cert.comune.palermo.it"], "pec": ["settorecultura@cert.comune.palermo.it"], "url": "https://www.comune.palermo.it/amministrazione/unita_organizzativa/area-della-cultura-turismo-e-sport/", "colore": "#9467bd"}}, {"type": "Feature", "geometry": {"type": "Point", "coordinates": [13.3516445, 38.1241504]}, "properties": {"id": "capo-area-responsabile-pianificazione-interventi-culturali-biblioteche-e-spazi-etnoantropologici", "livello": "settore", "nome": "Capo Area responsabile pianificazione interventi culturali, biblioteche e spazi etnoantropologici", "area": "Area della cultura, turismo e sport", "settore": "Capo Area responsabile pianificazione interventi culturali, biblioteche e spazi etnoantropologici", "responsabile": "Domenico Verona (Dirigente Amministrativo)", "sede": "Palazzo Ziino", "indirizzo": "Via Dante, 53, 90141 Palermo PA, Italia", "telefoni": ["091 7407782", "091 7407783", "091 7407792", "091 7407821"], "email": ["cultura@comune.palermo.it"], "pec": [], "url": "https://www.comune.palermo.it/amministrazione/unita_organizzativa/capo-area-responsabile-pianificazione-interventi-culturali-biblioteche-e-spazi-etnoantropologici/", "colore": "#9467bd"}}, {"type": "Feature", "geometry": {"type": "Point", "coordinates": [13.3516445, 38.1241504]}, "properties": {"id": "uo-biblioteche-decentrate", "livello": "unita", "nome": "U.O. Biblioteche Decentrate", "area": "Area della cultura, turismo e sport", "settore": "Capo Area responsabile pianificazione interventi culturali, biblioteche e spazi etnoantropologici", "responsabile": "Maria Salvatrice La Barbera (Funzionario Culturale)", "sede": "Palazzo Ziino", "indirizzo": "Via Dante, 53, 90141 Palermo PA, Italia", "telefoni": ["0917407800"], "email": [], "pec": [], "url": "https://www.comune.palermo.it/amministrazione/unita_organizzativa/uo-biblioteche-decentrate/", "colore": "#9467bd"}}, {"type": "Feature", "geometry": {"type": "Point", "coordinates": [13.337998, 38.1182137]}, "properties": {"id": "uo-cantieri-culturali-alla-zisa", "livello": "unita", "nome": "U.O. Cantieri Culturali alla Zisa", "area": "Area della cultura, turismo e sport", "settore": "Capo Area responsabile pianificazione interventi culturali, biblioteche e spazi etnoantropologici", "responsabile": "Fabio Guadagni (Funzionario Amministrativo)", "sede": "Cantieri Culturali alla Zisa", "indirizzo": "Via Paolo Gili, 4, 90134 Palermo PA", "telefoni": ["091 7408463", "091 7408466"], "email": ["cantiericulturali@comune.palermo.it", "settorecultura@cert.comune.palermo.it"], "pec": ["settorecultura@cert.comune.palermo.it"], "url": "https://www.comune.palermo.it/amministrazione/unita_organizzativa/uo-cantieri-culturali-alla-zisa/", "colore": "#9467bd"}}, {"type": "Feature", "geometry": {"type": "Point", "coordinates": [13.3516445, 38.1241504]}, "properties": {"id": "uo-commissione-tecnica-di-pubblico-spettacolo", "livello": "unita", "nome": "U.O. Commissione Tecnica di Pubblico Spettacolo", "area": "Area della cultura, turismo e sport", "settore": "Capo Area responsabile pianificazione interventi culturali, biblioteche e spazi etnoantropologici", "responsabile": "Renzo Botindari (Funzionario Tecnico Progettista)", "sede": "Palazzo Ziino", "indirizzo": "Via Dante, 53, 90141 Palermo PA, Italia", "telefoni": ["0917407800"], "email": [], "pec": [], "url": "https://www.comune.palermo.it/amministrazione/unita_organizzativa/uo-commissione-tecnica-di-pubblico-spettacolo/", "colore": "#9467bd"}}, {"type": "Feature", "geometry": {"type": "Point", "coordinates": [13.3516445, 38.1241504]}, "properties": {"id": "uo-contabilit-cultura", "livello": "unita", "nome": "U.O. Contabilità Cultura", "area": "Area della cultura, turismo e sport", "settore": "Capo Area responsabile pianificazione interventi culturali, biblioteche e spazi etnoantropologici", "responsabile": "Claudio Giambertone (Istruttore Contabile)", "sede": "Palazzo Ziino", "indirizzo": "Via Dante, 53, 90141 Palermo PA, Italia", "telefoni": ["091 7407822"], "email": ["cultura@comune.palermo.it", "settorecultura@cert.comune.palermo.it"], "pec": ["settorecultura@cert.comune.palermo.it"], "url": "https://www.comune.palermo.it/amministrazione/unita_organizzativa/uo-contabilit-cultura/", "colore": "#9467bd"}}, {"type": "Feature", "geometry": {"type": "Point", "coordinates": [13.3516445, 38.1241504]}, "properties": {"id": "uo-gestione-personale-archivio-cultura", "livello": "unita", "nome": "U.O. Gestione Personale Archivio Cultura", "area": "Area della cultura, turismo e sport", "settore": "Capo Area responsabile pianificazione interventi culturali, biblioteche e spazi etnoantropologici", "responsabile": "Anna Marisa Musca (Funzionario Amministrativo)", "sede": "Palazzo Ziino", "indirizzo": "Via Dante, 53, 90141 Palermo PA, Italia", "telefoni": ["0917408767"], "email": ["bilbiotechearchiviospazietno@comune.palermo.it", "sistemabibliotecario@cert.comune.palermo.it"], "pec": ["sistemabibliotecario@cert.comune.palermo.it"], "url": "https://www.comune.palermo.it/amministrazione/unita_organizzativa/uo-gestione-personale-archivio-cultura/", "colore": "#9467bd"}}, {"type": "Feature", "geometry": {"type": "Point", "coordinates": [13.3516445, 38.1241504]}, "properties": {"id": "uo-gestione-personale-biblioteca-sciascia-e-biblioteche-decentrate", "livello": "unita", "nome": "U.O. Gestione Personale Biblioteca Sciascia e Biblioteche Decentrate", "area": "Area della cultura, turismo e sport", "settore": "Capo Area responsabile pianificazione interventi culturali, biblioteche e spazi etnoantropologici", "responsabile": "Silvia Maniscalco (Funzionario Amministrativo)", "sede": "Palazzo Ziino", "indirizzo": "Via Dante, 53, 90141 Palermo PA, Italia", "telefoni": ["091 7407952", "091 7407963", "091 7407964", "091 7407966"], "email": ["sbcpersonale@comune.palermo.it", "sistemabibliotecario@cert.comune.palermo.it"], "pec": ["sistemabibliotecario@cert.comune.palermo.it"], "url": "https://www.comune.palermo.it/amministrazione/unita_organizzativa/uo-gestione-personale-biblioteca-sciascia-e-biblioteche-decentrate/", "colore": "#9467bd"}}, {"type": "Feature", "geometry": {"type": "Point", "coordinates": [13.3516445, 38.1241504]}, "properties": {"id": "uo-gestione-tecnica-siti-culturali", "livello": "unita", "nome": "U.O. Gestione Tecnica Siti Culturali", "area": "Area della cultura, turismo e sport", "settore": "Capo Area responsabile pianificazione interventi culturali, biblioteche e spazi etnoantropologici", "responsabile": "Valentina Mancuso (Funzionario Tecnico)", "sede": "Palazzo Ziino", "indirizzo": "Via Dante, 53, 90141 Palermo PA, Italia", "telefoni": ["091 7407795", "091 7407832"], "email": ["cultura@comune.palermo.it", "settorecultura@cert.comune.palermo.it"], "pec": ["settorecultura@cert.comune.palermo.it"], "url": "https://www.comune.palermo.it/amministrazione/unita_organizzativa/uo-gestione-tecnica-siti-culturali/", "colore": "#9467bd"}}, {"type": "Feature", "geometry": {"type": "Point", "coordinates": [13.3516445, 38.1241504]}, "properties": {"id": "uo-progettazione-strategica", "livello": "unita", "nome": "U.O. Progettazione Strategica", "area": "Area della cultura, turismo e sport", "settore": "Capo Area responsabile pianificazione interventi culturali, biblioteche e spazi etnoantropologici", "responsabile": "Giuseppe Rizzo (Funzionario Amministrativo)", "sede": "Palazzo Ziino", "indirizzo": "Via Dante, 53, 90141 Palermo PA, Italia", "telefoni": ["0917407790", "0917407808"], "email": ["cultura@comune.palermo.it", "settorecultura@cert.comune.palermo.it"], "pec": ["settorecultura@cert.comune.palermo.it"], "url": "https://www.comune.palermo.it/amministrazione/unita_organizzativa/uo-progettazione-strategica/", "colore": "#9467bd"}}, {"type": "Feature", "geometry": {"type": "Point", "coordinates": [13.3516445, 38.1241504]}, "properties": {"id": "uo-promozione-e-comunicazione", "livello": "unita", "nome": "U.O. Promozione e Comunicazione", "area": "Area della cultura, turismo e sport", "settore": "Capo Area responsabile pianificazione interventi culturali, biblioteche e spazi etnoantropologici", "responsabile": "Mauro Costa (Assistente Servizi Culturali e Turistici)", "sede": "Palazzo Ziino", "indirizzo": "Via Dante, 53, 90141 Palermo PA, Italia", "telefoni": ["0917407957", "0917407958"], "email": ["sbcpromozione@comune.palermo.it", "sistemabibliotecario@cert.comune.palermo.it"], "pec": ["sistemabibliotecario@cert.comune.palermo.it"], "url": "https://www.comune.palermo.it/amministrazione/unita_organizzativa/uo-promozione-e-comunicazione/", "colore": "#9467bd"}}, {"type": "Feature", "geometry": {"type": "Point", "coordinates": [13.363547455781, 38.113795434114]}, "properties": {"id": "uo-sala-studio-e-biblioteca-archivio-gestione-fondi-archivistici", "livello": "unita", "nome": "U.O. Sala Studio e Biblioteca Archivio, Gestione Fondi Archivistici", "area": "Area della cultura, turismo e sport", "settore": "Capo Area responsabile pianificazione interventi culturali, biblioteche e spazi etnoantropologici", "responsabile": "Valentina Di Fazio (Assistente Servizi Culturali e Turistici)", "sede": "Archivio Storico Comunale", "indirizzo": "Archivio Storico Comunale, 157, Via Maqueda, Kalsa, I Circoscrizione, Palermo, Sicilia, 90140, Italia", "telefoni": ["091 7408761", "091 7408762", "091 7408766"], "email": ["bibliotechearchiviospazietno@comune.palermo.it"], "pec": [], "url": "https://www.comune.palermo.it/amministrazione/unita_organizzativa/uo-sala-studio-e-biblioteca-archivio-gestione-fondi-archivistici/", "colore": "#9467bd"}}, {"type": "Feature", "geometry": {"type": "Point", "coordinates": [13.3516445, 38.1241504]}, "properties": {"id": "uo-segreteria-vicesindaco-assessore-alla-cultura", "livello": "unita", "nome": "U.O. Segreteria Vicesindaco Assessore alla Cultura", "area": "Area della cultura, turismo e sport", "settore": "Capo Area responsabile pianificazione interventi culturali, biblioteche e spazi etnoantropologici", "responsabile": "Lorita Cristofalo (Collaboratore Professionale Amministrativo)", "sede": "Palazzo Ziino", "indirizzo": "Via Dante, 53, 90141 Palermo PA, Italia", "telefoni": ["091 7407780", "091 7407799", "091 7407810"], "email": ["assessoratocultura@comune.palermo.it", "settorecultura@cert.comune.palermo.it"], "pec": ["settorecultura@cert.comune.palermo.it"], "url": "https://www.comune.palermo.it/amministrazione/unita_organizzativa/uo-segreteria-vicesindaco-assessore-alla-cultura/", "colore": "#9467bd"}}, {"type": "Feature", "geometry": {"type": "Point", "coordinates": [13.3516445, 38.1241504]}, "properties": {"id": "uo-staff-capo-area-gestione-del-personale", "livello": "unita", "nome": "U.O. Staff Capo Area – Gestione del Personale", "area": "Area della cultura, turismo e sport", "settore": "Capo Area responsabile pianificazione interventi culturali, biblioteche e spazi etnoantropologici", "responsabile": "Marilena Barresi (Collaboratore Professionale Amministrativo)", "sede": "Palazzo Ziino", "indirizzo": "Via Dante, 53, 90141 Palermo PA, Italia", "telefoni": ["091 7407782", "091 7407783", "091 7407792", "091 7407821"], "email": ["cultura@comune.palermo.it", "settorecultura@cert.comune.palermo.it"], "pec": ["settorecultura@cert.comune.palermo.it"], "url": "https://www.comune.palermo.it/amministrazione/unita_organizzativa/uo-staff-capo-area-gestione-del-personale/", "colore": "#9467bd"}}, {"type": "Feature", "geometry": {"type": "Point", "coordinates": [13.3516445, 38.1241504]}, "properties": {"id": "uo-toponomastica", "livello": "unita", "nome": "U.O. Toponomastica", "area": "Area della cultura, turismo e sport", "settore": "Capo Area responsabile pianificazione interventi culturali, biblioteche e spazi etnoantropologici", "responsabile": "Santi Marchese (Esperto Tecnico Geometra)", "sede": "Palazzo Ziino", "indirizzo": "Via Dante, 53, 90141 Palermo PA, Italia", "telefoni": ["0917409187"], "email": ["info.toponomastica@comune.palermo.it", "toponomastica@cert.comune.palermo.it"], "pec": ["toponomastica@cert.comune.palermo.it"], "url": "https://www.comune.palermo.it/amministrazione/unita_organizzativa/uo-toponomastica/", "colore": "#9467bd"}}, {"type": "Feature", "geometry": {"type": "Point", "coordinates": [13.3327497, 38.1531132]}, "properties": {"id": "ufficio-sport-turismo-e-gestione-impianti-sportivi", "livello": "settore", "nome": "Ufficio Sport, turismo e gestione impianti sportivi", "area": "Area della cultura, turismo e sport", "settore": "Ufficio Sport, turismo e gestione impianti sportivi", "responsabile": "Caterina Guercio (Dirigente Amministrativo)", "sede": "Villa Marraffa", "indirizzo": "Via Scannaserpe, 1, 90146 Palermo PA, Italia", "telefoni": ["0917409104", "0917409143"], "email": ["promozioneturismo@comune.palermo.it", "sport@cert.comune.palermo.it", "sport@comune.palermo.it", "turismo@cert.comune.palermo.it"], "pec": ["sport@cert.comune.palermo.it", "turismo@cert.comune.palermo.it"], "url": "https://www.comune.palermo.it/amministrazione/unita_organizzativa/ufficio-sport-turismo-e-gestione-impianti-sportivi/", "colore": "#9467bd"}}, {"type": "Feature", "geometry": {"type": "Point", "coordinates": [13.3327497, 38.1531132]}, "properties": {"id": "uo-cassa-assegnazione-utilizzo-impianti-sportivi-e-palestre-scolastiche", "livello": "unita", "nome": "U.O. Cassa-Assegnazione utilizzo impianti sportivi e palestre scolastiche", "area": "Area della cultura, turismo e sport", "settore": "Ufficio Sport, turismo e gestione impianti sportivi", "responsabile": "Carmela Arcoleo (Esperto Attivit Sportive)", "sede": "Villa Marraffa", "indirizzo": "Via Scannaserpe, 1, 90146 Palermo PA, Italia", "telefoni": ["0917409110", "0917409113", "0917409116"], "email": ["c.arcoleo@comune.palermo.it", "g.sucameli@comune.palermo.it", "sport@cert.comune.palermo.it", "sport@comune.palermo.it"], "pec": ["sport@cert.comune.palermo.it"], "url": "https://www.comune.palermo.it/amministrazione/unita_organizzativa/uo-cassa-assegnazione-utilizzo-impianti-sportivi-e-palestre-scolastiche/", "colore": "#9467bd"}}, {"type": "Feature", "geometry": {"type": "Point", "coordinates": [13.3327497, 38.1531132]}, "properties": {"id": "uo-gestione-amministrativo-contabile-sport", "livello": "unita", "nome": "U.O. Gestione amministrativo contabile", "area": "Area della cultura, turismo e sport", "settore": "Ufficio Sport, turismo e gestione impianti sportivi", "responsabile": "Giuseppa De Luca (Funzionario Amministrativo)", "sede": "Villa Marraffa", "indirizzo": "Via Scannaserpe, 1, 90146 Palermo PA, Italia", "telefoni": ["091/7409105", "091/7409106", "3351997545"], "email": ["g.deluca@comune.palermo.it", "sport@cert.comune.palermo.it", "sport@comune.palermo.it"], "pec": ["sport@cert.comune.palermo.it"], "url": "https://www.comune.palermo.it/amministrazione/unita_organizzativa/uo-gestione-amministrativo-contabile-sport/", "colore": "#9467bd"}}, {"type": "Feature", "geometry": {"type": "Point", "coordinates": [13.3327497, 38.1531132]}, "properties": {"id": "uo-gestione-impianti-sportivi-manifestazioni-sportive-e-protocollo", "livello": "unita", "nome": "U.O. Gestione Impianti Sportivi -Manifestazioni Sportive e Protocollo", "area": "Area della cultura, turismo e sport", "settore": "Ufficio Sport, turismo e gestione impianti sportivi", "responsabile": "Sergio Sparacio (Esperto Attività Sportive)", "sede": "Villa Marraffa", "indirizzo": "Via Scannaserpe, 1, 90146 Palermo PA, Italia", "telefoni": ["0917409105", "0917409106"], "email": ["s.sparacio@comune.palermo.it", "sport@cert.comune.palermo.it", "sport@comune.palermo.it"], "pec": ["sport@cert.comune.palermo.it"], "url": "https://www.comune.palermo.it/amministrazione/unita_organizzativa/uo-gestione-impianti-sportivi-manifestazioni-sportive-e-protocollo/", "colore": "#9467bd"}}, {"type": "Feature", "geometry": {"type": "Point", "coordinates": [13.3327497, 38.1531132]}, "properties": {"id": "uo-gestione-personale-servizi-generali-e-segreteria-di-direzione", "livello": "unita", "nome": "U.O. Gestione Personale, Servizi generali e Segreteria di Direzione", "area": "Area della cultura, turismo e sport", "settore": "Ufficio Sport, turismo e gestione impianti sportivi", "responsabile": "Serena Ignoffo (Funzionario Amministrativo)", "sede": "Villa Marraffa", "indirizzo": "Via Scannaserpe, 1, 90146 Palermo PA, Italia", "telefoni": ["0917409103", "0917409108", "0917409118"], "email": ["s.ignoffo@comune.palermo.it", "sport@cert.comune.palermo.it", "sport@comune.palermo.it"], "pec": ["sport@cert.comune.palermo.it"], "url": "https://www.comune.palermo.it/amministrazione/unita_organizzativa/uo-gestione-personale-servizi-generali-e-segreteria-di-direzione/", "colore": "#9467bd"}}, {"type": "Feature", "geometry": {"type": "Point", "coordinates": [13.3327497, 38.1531132]}, "properties": {"id": "uo-gestione-tecnica-impianti-sportivi", "livello": "unita", "nome": "U.O. Gestione Tecnica Impianti Sportivi", "area": "Area della cultura, turismo e sport", "settore": "Ufficio Sport, turismo e gestione impianti sportivi", "responsabile": "Giovanni Polizzi", "sede": "Villa Marraffa", "indirizzo": "Via Scannaserpe, 1, 90146 Palermo PA, Italia", "telefoni": ["0917409106", "3204331538"], "email": ["g.polizzi@comune.palermo.it", "sport@cert.comune.palermo.it"], "pec": ["sport@cert.comune.palermo.it"], "url": "https://www.comune.palermo.it/amministrazione/unita_organizzativa/uo-gestione-tecnica-impianti-sportivi/", "colore": "#9467bd"}}, {"type": "Feature", "geometry": {"type": "Point", "coordinates": [13.3109625, 38.1281949]}, "properties": {"id": "uo-impianto-palamangano", "livello": "unita", "nome": "U.O. Impianto PalaMangano", "area": "Area della cultura, turismo e sport", "settore": "Ufficio Sport, turismo e gestione impianti sportivi", "responsabile": "Annita Borino (Funzionario Amministrativo)", "sede": "Impianto PalaMangano", "indirizzo": "Via Ugo Perricone Engel, 14, 90146 Palermo PA, Italia", "telefoni": ["091222217", "3357256200"], "email": ["a.borino@comune.palermo.it", "palamangano@comune.palermo.it", "sport@cert.comune.palermo.it", "sport@comune.palermo.it"], "pec": ["sport@cert.comune.palermo.it"], "url": "https://www.comune.palermo.it/amministrazione/unita_organizzativa/uo-impianto-palamangano/", "colore": "#9467bd"}}, {"type": "Feature", "geometry": {"type": "Point", "coordinates": [13.3717105, 38.0939506]}, "properties": {"id": "uo-impianto-palaoreto", "livello": "unita", "nome": "U.O. Impianto PalaOreto", "area": "Area della cultura, turismo e sport", "settore": "Ufficio Sport, turismo e gestione impianti sportivi", "responsabile": "Gianfranco Sucameli (Esperto Attivit Sportive)", "sede": "PalaOreto", "indirizzo": "Via Santa Maria di Gesù, 11, 90124 Palermo PA, Italia", "telefoni": ["091442740", "3314676602"], "email": ["gianfranco.sucameli@comune.palermo.it", "palaoreto@comune.palermo.it", "sport@cert.comune.palermo.it", "sport@comune.palermo.it"], "pec": ["sport@cert.comune.palermo.it"], "url": "https://www.comune.palermo.it/amministrazione/unita_organizzativa/uo-impianto-palaoreto/", "colore": "#9467bd"}}, {"type": "Feature", "geometry": {"type": "Point", "coordinates": [13.3515459, 38.1339194]}, "properties": {"id": "uo-impianto-pattinodromo-del-giardino-inglese", "livello": "unita", "nome": "U.O. Impianto Pattinodromo del Giardino Inglese", "area": "Area della cultura, turismo e sport", "settore": "Ufficio Sport, turismo e gestione impianti sportivi", "responsabile": "Rosa Agnello (Istruttore Contabile)", "sede": "Impianto Pattinodromo del Giardino Inglese", "indirizzo": "Via Duca della Verdura, 3, 90143 Palermo PA, Italia", "telefoni": ["0917409142", "3382001984"], "email": ["pattinodromo@comune.palermo.it", "rosa.agnello@comune.palermo.it", "sport@cert.comune.palermo.it", "sport@comune.palermo.it"], "pec": ["sport@cert.comune.palermo.it"], "url": "https://www.comune.palermo.it/amministrazione/unita_organizzativa/uo-impianto-pattinodromo-del-giardino-inglese/", "colore": "#9467bd"}}, {"type": "Feature", "geometry": {"type": "Point", "coordinates": [13.3335463, 38.1023338]}, "properties": {"id": "uo-impianto-pattinodromo-via-mul", "livello": "unita", "nome": "U.O. Impianto Pattinodromo Via Mulè", "area": "Area della cultura, turismo e sport", "settore": "Ufficio Sport, turismo e gestione impianti sportivi", "responsabile": "Serena Ignoffo (Funzionario Amministrativo)", "sede": "Impianto Pattinodromo Via Mulè", "indirizzo": "Via Giuseppe Mulè, 90129 Palermo PA, Italia", "telefoni": ["0917409108", "3382002075"], "email": ["s.ignoffo@comune.palermo.it", "sport@cert.comune.palermo.it"], "pec": ["sport@cert.comune.palermo.it"], "url": "https://www.comune.palermo.it/amministrazione/unita_organizzativa/uo-impianto-pattinodromo-via-mul/", "colore": "#9467bd"}}, {"type": "Feature", "geometry": {"type": "Point", "coordinates": [13.3429052, 38.1494413]}, "properties": {"id": "uo-impianto-piscina-comunale", "livello": "unita", "nome": "U.O. Impianto Piscina Comunale", "area": "Area della cultura, turismo e sport", "settore": "Ufficio Sport, turismo e gestione impianti sportivi", "responsabile": "Sergio Sparacio (Esperto Attività Sportive)", "sede": "Piscina Comunale", "indirizzo": "Viale del Fante, 5, 90146 Palermo PA, Italia", "telefoni": ["0917408005"], "email": ["piscina@comune.palermo.it", "s.sparacio@comune.palermo.it", "sport@cert.comune.palermo.it", "sport@comune.palermo.it"], "pec": ["sport@cert.comune.palermo.it"], "url": "https://www.comune.palermo.it/amministrazione/unita_organizzativa/uo-impianto-piscina-comunale/", "colore": "#9467bd"}}, {"type": "Feature", "geometry": {"type": "Point", "coordinates": [13.3591514, 38.0832944]}, "properties": {"id": "uo-impianto-polivalente-bonagia", "livello": "unita", "nome": "U.O. Impianto Polivalente Bonagia", "area": "Area della cultura, turismo e sport", "settore": "Ufficio Sport, turismo e gestione impianti sportivi", "responsabile": "Giuseppina Sucameli (Esperto Attivit Sportive)", "sede": "Impianto Polivalente Bonagia", "indirizzo": "Via Mico Geraci, 90125 Palermo PA, Italia", "telefoni": ["0917409113", "3382001884"], "email": ["g.sucameli@comune.palermo.it", "sport@cert.comune.palermo.it", "sport@comune.palermo.it"], "pec": ["sport@cert.comune.palermo.it"], "url": "https://www.comune.palermo.it/amministrazione/unita_organizzativa/uo-impianto-polivalente-bonagia/", "colore": "#9467bd"}}, {"type": "Feature", "geometry": {"type": "Point", "coordinates": [13.3378438, 38.1568062]}, "properties": {"id": "uo-impianto-stadio-delle-palme", "livello": "unita", "nome": "U.O. Impianto Stadio delle Palme", "area": "Area della cultura, turismo e sport", "settore": "Ufficio Sport, turismo e gestione impianti sportivi", "responsabile": "Salvatore Attardo (Funzionario Tecnico)", "sede": "Stadio delle Palme", "indirizzo": "Viale del Fante, 27, 90142 Palermo PA, Italia", "telefoni": ["091526338"], "email": ["s.attardo@comune.palermo.it", "sport@cert.comune.palermo.it", "sport@comune.palermo.it", "stadiopalme@comune.palermo.it"], "pec": ["sport@cert.comune.palermo.it"], "url": "https://www.comune.palermo.it/amministrazione/unita_organizzativa/uo-impianto-stadio-delle-palme/", "colore": "#9467bd"}}, {"type": "Feature", "geometry": {"type": "Point", "coordinates": [13.361226, 38.0909328]}, "properties": {"id": "uo-palestra-borgo-ulivia", "livello": "unita", "nome": "U.O. Palestra Borgo Ulivia", "area": "Area della cultura, turismo e sport", "settore": "Ufficio Sport, turismo e gestione impianti sportivi", "responsabile": "", "sede": "Palestra Borgo Ulivia", "indirizzo": "Via Ortigia, 90125 Palermo PA, Italia", "telefoni": ["0916470169", "3312656284"], "email": ["m.bonfardeci@comune.palermo.it", "paleborgoulivia@comune.palermo.it", "sport@cert.comune.palermo.it", "sport@comune.palermo.it"], "pec": ["sport@cert.comune.palermo.it"], "url": "https://www.comune.palermo.it/amministrazione/unita_organizzativa/uo-palestra-borgo-ulivia/", "colore": "#9467bd"}}, {"type": "Feature", "geometry": {"type": "Point", "coordinates": [13.4040492, 38.0966512]}, "properties": {"id": "uo-palestra-valentino-renda", "livello": "unita", "nome": "U.O. Palestra Valentino Renda", "area": "Area della cultura, turismo e sport", "settore": "Ufficio Sport, turismo e gestione impianti sportivi", "responsabile": "Marco La Rosa (Esperto Attivit Sportive)", "sede": "Palestra Valentino Renda", "indirizzo": "Via XXVII Maggio, 26, 90121 Palermo PA, Italia", "telefoni": ["0916214417"], "email": ["m.larosa@comune.palermo.it", "palesperone@comune.palermo.it", "sport@cert.comune.palermo.it", "sport@comune.palermo.it"], "pec": ["sport@cert.comune.palermo.it"], "url": "https://www.comune.palermo.it/amministrazione/unita_organizzativa/uo-palestra-valentino-renda/", "colore": "#9467bd"}}, {"type": "Feature", "geometry": {"type": "Point", "coordinates": [13.365583, 38.1151475]}, "properties": {"id": "uo-promozione-turistica-e-coordinamento-segreteria-tecnica-del-dirigente", "livello": "unita", "nome": "U.O. Promozione Turistica e Coordinamento Segreteria Tecnica del Dirigente", "area": "Area della cultura, turismo e sport", "settore": "Ufficio Sport, turismo e gestione impianti sportivi", "responsabile": "Alessandro Pinelli (Funzionario Amministrativo)", "sede": "Via Sant'Anna, 19", "indirizzo": "Via Sant'Anna, 19, 90133 Palermo PA, Italia", "telefoni": ["091 7408868"], "email": ["promozioneturismo@comune.palermo.it", "turismo@cert.comune.palermo.it"], "pec": ["turismo@cert.comune.palermo.it"], "url": "https://www.comune.palermo.it/amministrazione/unita_organizzativa/uo-promozione-turistica-e-coordinamento-segreteria-tecnica-del-dirigente/", "colore": "#9467bd"}}, {"type": "Feature", "geometry": {"type": "Point", "coordinates": [13.3327497, 38.1531132]}, "properties": {"id": "uo-segreteria-assessore-turismo-e-sport-2", "livello": "unita", "nome": "U.O. Segreteria Assessore Turismo e Sport", "area": "Area della cultura, turismo e sport", "settore": "Ufficio Sport, turismo e gestione impianti sportivi", "responsabile": "Daniela Geraci (Collaboratore Professionale Amministrativo)", "sede": "Villa Marraffa - Assessorato Sport", "indirizzo": "Via Scannaserpe, 1, 90146 Palermo PA, Italia", "telefoni": ["0917408874", "0917409112"], "email": ["assessoratoturismoesport@comune.palermo.it"], "pec": [], "url": "https://www.comune.palermo.it/amministrazione/unita_organizzativa/uo-segreteria-assessore-turismo-e-sport-2/", "colore": "#9467bd"}}, {"type": "Feature", "geometry": {"type": "Point", "coordinates": [13.3516445, 38.1241504]}, "properties": {"id": "ufficio-teatri-spettacoli-e-coordinamento-eventi", "livello": "settore", "nome": "Ufficio teatri, spettacoli e coordinamento eventi", "area": "Area della cultura, turismo e sport", "settore": "Ufficio teatri, spettacoli e coordinamento eventi", "responsabile": "Gaspare Simeti (Dirigente Culturale)", "sede": "Palazzo Ziino", "indirizzo": "Via Dante, 53, 90141 Palermo PA, Italia", "telefoni": ["0917407796", "0917407811", "0917407819", "0917407837"], "email": ["teatricoordinamentoeventi@comune.palermo.it", "ufficioeventi@cert.comune.palermo.it"], "pec": ["ufficioeventi@cert.comune.palermo.it"], "url": "https://www.comune.palermo.it/amministrazione/unita_organizzativa/ufficio-teatri-spettacoli-e-coordinamento-eventi/", "colore": "#9467bd"}}, {"type": "Feature", "geometry": {"type": "Point", "coordinates": [13.3516445, 38.1241504]}, "properties": {"id": "uo-eventi-culturali", "livello": "unita", "nome": "U.O. Eventi culturali", "area": "Area della cultura, turismo e sport", "settore": "Ufficio teatri, spettacoli e coordinamento eventi", "responsabile": "Rita Catania (Istruttore Amministrativo)", "sede": "Palazzo Ziino", "indirizzo": "Via Dante, 53, 90141 Palermo PA, Italia", "telefoni": ["0917407811"], "email": ["teatricoordinamentoeventi@comune.palermo.it", "ufficioeventi@cert.comune.palermo.it"], "pec": ["ufficioeventi@cert.comune.palermo.it"], "url": "https://www.comune.palermo.it/amministrazione/unita_organizzativa/uo-eventi-culturali/", "colore": "#9467bd"}}, {"type": "Feature", "geometry": {"type": "Point", "coordinates": [13.3516445, 38.1241504]}, "properties": {"id": "uo-gestione-dei-teatri", "livello": "unita", "nome": "U.O. Gestione dei teatri", "area": "Area della cultura, turismo e sport", "settore": "Ufficio teatri, spettacoli e coordinamento eventi", "responsabile": "Valeria Russo (Funzionario Amministrativo)", "sede": "Palazzo Ziino", "indirizzo": "Via Dante, 53, 90141 Palermo PA, Italia", "telefoni": ["0917407796"], "email": ["teatricoordinamentoeventi@comune.palermo.it", "ufficioeventi@cert.comune.palermo.it"], "pec": ["ufficioeventi@cert.comune.palermo.it"], "url": "https://www.comune.palermo.it/amministrazione/unita_organizzativa/uo-gestione-dei-teatri/", "colore": "#9467bd"}}, {"type": "Feature", "geometry": {"type": "Point", "coordinates": [13.3516445, 38.1241504]}, "properties": {"id": "uo-staff-di-segreteria-ufficio-teatri-spettacoli-e-coordinamento-eventi", "livello": "unita", "nome": "U.O. Staff di segreteria ufficio teatri, spettacoli e coordinamento eventi", "area": "Area della cultura, turismo e sport", "settore": "Ufficio teatri, spettacoli e coordinamento eventi", "responsabile": "Claudia Aversano (Funzionario Amministrativo)", "sede": "Palazzo Ziino", "indirizzo": "Via Dante, 53, 90141 Palermo PA, Italia", "telefoni": ["091 7407837"], "email": ["teatricoordinamentoeventi@comune.palermo.it", "ufficioeventi@cert.comune.palermo.it"], "pec": ["ufficioeventi@cert.comune.palermo.it"], "url": "https://www.comune.palermo.it/amministrazione/unita_organizzativa/uo-staff-di-segreteria-ufficio-teatri-spettacoli-e-coordinamento-eventi/", "colore": "#9467bd"}}, {"type": "Feature", "geometry": {"type": "Point", "coordinates": [13.3655215, 38.1151489]}, "properties": {"id": "ufficio-musei-e-spazi-espositivi", "livello": "settore", "nome": "Ufficio musei e spazi espositivi", "area": "Area della cultura, turismo e sport", "settore": "Ufficio musei e spazi espositivi", "responsabile": "Maria Francesca Martinez Tagliavia (Dirigente Amministrativo)", "sede": "Galleria d'Arte Moderna", "indirizzo": "Via Sant'Anna, 21 90133", "telefoni": ["091 6162621", "091 7408884", "091 9828927"], "email": ["m.f.martineztagliavia@comune.palermo.it", "museispaziespositivi@cert.comune.palermo.it", "museispaziespositivi@comune.palermo.it"], "pec": ["museispaziespositivi@cert.comune.palermo.it"], "url": "https://www.comune.palermo.it/amministrazione/unita_organizzativa/ufficio-musei-e-spazi-espositivi/", "colore": "#9467bd"}}, {"type": "Feature", "geometry": {"type": "Point", "coordinates": [13.3655215, 38.1151489]}, "properties": {"id": "uo-gestione-amministrativa-personale-gam", "livello": "unita", "nome": "U.O. Gestione Amministrativa Personale GAM", "area": "Area della cultura, turismo e sport", "settore": "Ufficio musei e spazi espositivi", "responsabile": "Rosa Manzella", "sede": "Galleria d'Arte Moderna", "indirizzo": "Via Sant'Anna, 21 90133", "telefoni": ["+39 091 6177736", "091 7408885", "091 7408888"], "email": ["museispaziespositivi@cert.comune.palermo.it", "ufficiopersonalegam@comune.palermo.it"], "pec": ["museispaziespositivi@cert.comune.palermo.it"], "url": "https://www.comune.palermo.it/amministrazione/unita_organizzativa/uo-gestione-amministrativa-personale-gam/", "colore": "#9467bd"}}, {"type": "Feature", "geometry": {"type": "Point", "coordinates": [13.3655215, 38.1151489]}, "properties": {"id": "uo-gestione-scientifica-museale", "livello": "unita", "nome": "U.O. Gestione Scientifica Museale", "area": "Area della cultura, turismo e sport", "settore": "Ufficio musei e spazi espositivi", "responsabile": "Silvana Rainieri (Funzionario Culturale)", "sede": "Galleria d'Arte Moderna", "indirizzo": "Via Sant'Anna, 21 90133", "telefoni": ["091 7408883", "091 9828928"], "email": ["bibliotecagam@comune.palermo.it", "museispaziespositivi@comune.palermo.it", "s.rainieri@comune.palermo.it"], "pec": [], "url": "https://www.comune.palermo.it/amministrazione/unita_organizzativa/uo-gestione-scientifica-museale/", "colore": "#9467bd"}}, {"type": "Feature", "geometry": {"type": "Point", "coordinates": [13.3655215, 38.1151489]}, "properties": {"id": "uo-gestione-tecnica-e-amministrativa-contabile-gam", "livello": "unita", "nome": "U.O. Gestione Tecnica e Amministrativa Contabile – GAM", "area": "Area della cultura, turismo e sport", "settore": "Ufficio musei e spazi espositivi", "responsabile": "Chiara Cruciata", "sede": "Galleria d'Arte Moderna", "indirizzo": "Via Sant'Anna, 21 90133", "telefoni": ["091 7408882", "091 7408886", "091 9828929"], "email": ["museispaziespositivi@comune.palermo.it"], "pec": [], "url": "https://www.comune.palermo.it/amministrazione/unita_organizzativa/uo-gestione-tecnica-e-amministrativa-contabile-gam/", "colore": "#9467bd"}}, {"type": "Feature", "geometry": {"type": "Point", "coordinates": [13.3655215, 38.1151489]}, "properties": {"id": "uo-staff-di-segreteria-e-gestione-amministrativa-protocollo-gam", "livello": "unita", "nome": "U.O. Staff di segreteria e gestione amministrativa – protocollo GAM", "area": "Area della cultura, turismo e sport", "settore": "Ufficio musei e spazi espositivi", "responsabile": "Rosalba Ciotti (Funzionario Amministrativo)", "sede": "Galleria d'Arte Moderna", "indirizzo": "Via Sant'Anna, 21 90133", "telefoni": ["091 7408880", "091 9828927"], "email": ["museispaziespositivi@cert.comune.palermo.it", "museispaziespositivi@comune.palermo.it", "protocollogam@comune.palermo.it", "r.ciotti@comune.palermo.it"], "pec": ["museispaziespositivi@cert.comune.palermo.it"], "url": "https://www.comune.palermo.it/amministrazione/unita_organizzativa/uo-staff-di-segreteria-e-gestione-amministrativa-protocollo-gam/", "colore": "#9467bd"}}, {"type": "Feature", "geometry": {"type": "Point", "coordinates": [13.3668765, 38.1109609]}, "properties": {"id": "area-delle-entrate-e-dei-tributi-comunali", "livello": "area", "nome": "Area delle Entrate e dei Tributi Comunali", "area": "Area delle Entrate e dei Tributi Comunali", "settore": "", "responsabile": "Roberto Giacomo Pulizzi (Dirigente Amministrativo)", "sede": "Piazza Giulio Cesare, 6", "indirizzo": "P.za Giulio Cesare, 6, 90123 Palermo PA, Italia", "telefoni": ["0917404501"], "email": ["imupici@comune.palermo.it", "settoretributi@cert.comune.palermo.it", "settoretributi@comune.palermo.it"], "pec": ["settoretributi@cert.comune.palermo.it"], "url": "https://www.comune.palermo.it/amministrazione/unita_organizzativa/area-delle-entrate-e-dei-tributi-comunali/", "colore": "#17becf"}}, {"type": "Feature", "geometry": {"type": "Point", "coordinates": [13.3668765, 38.1109609]}, "properties": {"id": "capo-area-delle-entrate-e-dei-tributi-comunali", "livello": "settore", "nome": "Capo Area Area delle Entrate e dei Tributi Comunali", "area": "Area delle Entrate e dei Tributi Comunali", "settore": "Capo Area Area delle Entrate e dei Tributi Comunali", "responsabile": "", "sede": "Piazza Giulio Cesare, 6", "indirizzo": "P.za Giulio Cesare, 6, 90123 Palermo PA, Italia", "telefoni": ["0917404501"], "email": ["imupici@comune.palermo.it", "settoretributi@cert.comune.palermo.it", "settoretributi@comune.palermo.it"], "pec": ["settoretributi@cert.comune.palermo.it"], "url": "https://www.comune.palermo.it/amministrazione/unita_organizzativa/capo-area-delle-entrate-e-dei-tributi-comunali/", "colore": "#17becf"}}, {"type": "Feature", "geometry": {"type": "Point", "coordinates": [13.3668765, 38.1109609]}, "properties": {"id": "avvocato-dirigente-tributi", "livello": "settore", "nome": "Avvocato Dirigente – Tributi", "area": "Area delle Entrate e dei Tributi Comunali", "settore": "Avvocato Dirigente – Tributi", "responsabile": "Marilena Sireci (Avvocato Dirigente)", "sede": "Piazza Giulio Cesare, 6", "indirizzo": "P.za Giulio Cesare, 6, 90123 Palermo PA, Italia", "telefoni": ["0917404542"], "email": ["contenziosotributario@comune.palermo.it"], "pec": [], "url": "https://www.comune.palermo.it/amministrazione/unita_organizzativa/avvocato-dirigente-tributi/", "colore": "#17becf"}}, {"type": "Feature", "geometry": {"type": "Point", "coordinates": [13.3668765, 38.1109609]}, "properties": {"id": "uo-contenzioso-tributario", "livello": "unita", "nome": "U.O. Contenzioso tributario", "area": "Area delle Entrate e dei Tributi Comunali", "settore": "Avvocato Dirigente – Tributi", "responsabile": "Marilena Sireci (Avvocato Dirigente)", "sede": "Piazza Giulio Cesare, 6", "indirizzo": "P.za Giulio Cesare, 6, 90123 Palermo PA, Italia", "telefoni": ["091-7404500", "091-7404511", "091-7404518", "091-7404526"], "email": ["contenziosotributario@cert.comune.palermo.it", "contenziosotributario@comune.palermo.it", "protocollo@cert.comune.palermo.it"], "pec": ["contenziosotributario@cert.comune.palermo.it", "protocollo@cert.comune.palermo.it"], "url": "https://www.comune.palermo.it/amministrazione/unita_organizzativa/uo-contenzioso-tributario/", "colore": "#17becf"}}, {"type": "Feature", "geometry": {"type": "Point", "coordinates": [13.3668765, 38.1109609]}, "properties": {"id": "capo-area-responsabile-iciimutasi", "livello": "settore", "nome": "Capo Area Responsabile ICI/IMU/TASI", "area": "Area delle Entrate e dei Tributi Comunali", "settore": "Capo Area Responsabile ICI/IMU/TASI", "responsabile": "", "sede": "Piazza Giulio Cesare, 6", "indirizzo": "P.za Giulio Cesare, 6, 90123 Palermo PA, Italia", "telefoni": ["0917404560"], "email": ["settoretributi@cert.comune.palermo.it", "settoretributi@comune.palermo.it"], "pec": ["settoretributi@cert.comune.palermo.it"], "url": "https://www.comune.palermo.it/amministrazione/unita_organizzativa/capo-area-responsabile-iciimutasi/", "colore": "#17becf"}}, {"type": "Feature", "geometry": {"type": "Point", "coordinates": [13.3668765, 38.1109609]}, "properties": {"id": "uo-cup-ex-tosaptemporanea-e-permanente-e-icp", "livello": "unita", "nome": "U.O. Cup (ex tosap/temporanea e permanente e icp)", "area": "Area delle Entrate e dei Tributi Comunali", "settore": "Capo Area Responsabile ICI/IMU/TASI", "responsabile": "Alessandro Carrano (Funzionario Amministrativo)", "sede": "Piazza Giulio Cesare, 6", "indirizzo": "P.za Giulio Cesare, 6, 90123 Palermo PA, Italia", "telefoni": ["091-7404520", "091-7404550", "091-7404582", "091-7404588"], "email": ["settoretributi@cert.comune.palermo.it", "tosapicp@cert.comune.palermo.it", "tosapicp@comune.palermo.it"], "pec": ["settoretributi@cert.comune.palermo.it", "tosapicp@cert.comune.palermo.it"], "url": "https://www.comune.palermo.it/amministrazione/unita_organizzativa/uo-cup-ex-tosaptemporanea-e-permanente-e-icp/", "colore": "#17becf"}}, {"type": "Feature", "geometry": {"type": "Point", "coordinates": [13.3668765, 38.1109609]}, "properties": {"id": "uo-direzione-tributi-3", "livello": "unita", "nome": "U.O. Direzione – Tributi", "area": "Area delle Entrate e dei Tributi Comunali", "settore": "Capo Area Responsabile ICI/IMU/TASI", "responsabile": "Gioacchino Casoria (Funzionario Amministrativo)", "sede": "Piazza Giulio Cesare, 6", "indirizzo": "P.za Giulio Cesare, 6, 90123 Palermo PA, Italia", "telefoni": ["091-7404501"], "email": ["settoretributi@cert.comune.palermo.it", "settoretributi@comune.palermo.it"], "pec": ["settoretributi@cert.comune.palermo.it"], "url": "https://www.comune.palermo.it/amministrazione/unita_organizzativa/uo-direzione-tributi-3/", "colore": "#17becf"}}, {"type": "Feature", "geometry": {"type": "Point", "coordinates": [13.3668765, 38.1109609]}, "properties": {"id": "uo-iciimutasi", "livello": "unita", "nome": "U.O. ICI/IMU/TASI", "area": "Area delle Entrate e dei Tributi Comunali", "settore": "Capo Area Responsabile ICI/IMU/TASI", "responsabile": "", "sede": "Piazza Giulio Cesare, 6", "indirizzo": "P.za Giulio Cesare, 6, 90123 Palermo PA, Italia", "telefoni": ["0917404512", "0917404538", "0917404591"], "email": ["icimuptasi@cert.comune.palermo.it", "imupici@comune.palermo.it"], "pec": ["icimuptasi@cert.comune.palermo.it"], "url": "https://www.comune.palermo.it/amministrazione/unita_organizzativa/uo-iciimutasi/", "colore": "#17becf"}}, {"type": "Feature", "geometry": {"type": "Point", "coordinates": [13.3668765, 38.1109609]}, "properties": {"id": "uo-imposta-di-soggiorno-3", "livello": "unita", "nome": "U.O. Imposta di soggiorno", "area": "Area delle Entrate e dei Tributi Comunali", "settore": "Capo Area Responsabile ICI/IMU/TASI", "responsabile": "Marcello Capetta (Funzionario Amministrativo)", "sede": "Piazza Giulio Cesare, 6", "indirizzo": "P.za Giulio Cesare, 6, 90123 Palermo PA, Italia", "telefoni": ["091 7404523", "091 7404539", "091 7404559", "091 7404576", "3384907159", "3384907281"], "email": ["impostadisoggiorno@cert.comune.palermo.it", "impostadisoggiorno@comune.palermo.it", "settoretributi@cert.comune.palermo.it"], "pec": ["impostadisoggiorno@cert.comune.palermo.it", "settoretributi@cert.comune.palermo.it"], "url": "https://www.comune.palermo.it/amministrazione/unita_organizzativa/uo-imposta-di-soggiorno-3/", "colore": "#17becf"}}, {"type": "Feature", "geometry": {"type": "Point", "coordinates": [13.3668765, 38.1109609]}, "properties": {"id": "uo-ucice", "livello": "unita", "nome": "U.O. Ucice", "area": "Area delle Entrate e dei Tributi Comunali", "settore": "Capo Area Responsabile ICI/IMU/TASI", "responsabile": "Valentina Buffa (Funzionario Amministrativo)", "sede": "Piazza Giulio Cesare, 6", "indirizzo": "P.za Giulio Cesare, 6, 90123 Palermo PA, Italia", "telefoni": ["091-7404570"], "email": ["settoretributi@cert.comune.palermo.it", "ucice.tributi@cert.comune.palermo.it", "ucice@comune.palermo.it"], "pec": ["settoretributi@cert.comune.palermo.it", "ucice.tributi@cert.comune.palermo.it"], "url": "https://www.comune.palermo.it/amministrazione/unita_organizzativa/uo-ucice/", "colore": "#17becf"}}, {"type": "Feature", "geometry": {"type": "Point", "coordinates": [13.3668765, 38.1109609]}, "properties": {"id": "uo-ufficio-tecnico-tributi", "livello": "unita", "nome": "U.O. Ufficio tecnico – Tributi", "area": "Area delle Entrate e dei Tributi Comunali", "settore": "Capo Area Responsabile ICI/IMU/TASI", "responsabile": "Emilio Di Gristina (Funzionario Tecnico Architetto)", "sede": "Piazza Giulio Cesare, 6", "indirizzo": "P.za Giulio Cesare, 6, 90123 Palermo PA, Italia", "telefoni": ["0917404531"], "email": ["settoretributi@cert.comune.palermo.it", "ufficiotecnicotributi@comune.palermo.it"], "pec": ["settoretributi@cert.comune.palermo.it"], "url": "https://www.comune.palermo.it/amministrazione/unita_organizzativa/uo-ufficio-tecnico-tributi/", "colore": "#17becf"}}, {"type": "Feature", "geometry": {"type": "Point", "coordinates": [13.3668765, 38.1109609]}, "properties": {"id": "ufficio-tarsutarestari", "livello": "settore", "nome": "Ufficio TARSU/TARES/TARI", "area": "Area delle Entrate e dei Tributi Comunali", "settore": "Ufficio TARSU/TARES/TARI", "responsabile": "Fabrizio La Malfa (Dirigente Amministrativo)", "sede": "Piazza Giulio Cesare, 6", "indirizzo": "P.za Giulio Cesare, 6, 90123 Palermo PA, Italia", "telefoni": ["0916168139"], "email": ["infotari@comune.palermo.it", "tarsutarestari@cert.comune.palermo.it"], "pec": ["tarsutarestari@cert.comune.palermo.it"], "url": "https://www.comune.palermo.it/amministrazione/unita_organizzativa/ufficio-tarsutarestari/", "colore": "#17becf"}}, {"type": "Feature", "geometry": {"type": "Point", "coordinates": [13.3668765, 38.1109609]}, "properties": {"id": "uo-call-center", "livello": "unita", "nome": "U.O. Call center", "area": "Area delle Entrate e dei Tributi Comunali", "settore": "Ufficio TARSU/TARES/TARI", "responsabile": "Fabrizio La Malfa (Dirigente Amministrativo)", "sede": "Piazza Giulio Cesare, 6", "indirizzo": "P.za Giulio Cesare, 6, 90123 Palermo PA, Italia", "telefoni": ["0916168139"], "email": ["infotari@comune.palermo.it", "settoretributi@cert.comune.palermo.it", "tarsutarestari@cert.comune.palermo.it"], "pec": ["settoretributi@cert.comune.palermo.it", "tarsutarestari@cert.comune.palermo.it"], "url": "https://www.comune.palermo.it/amministrazione/unita_organizzativa/uo-call-center/", "colore": "#17becf"}}, {"type": "Feature", "geometry": {"type": "Point", "coordinates": [13.3668765, 38.1109609]}, "properties": {"id": "uo-tarsu-tares-tari", "livello": "unita", "nome": "U.O. Tarsu – Tares – Tari", "area": "Area delle Entrate e dei Tributi Comunali", "settore": "Ufficio TARSU/TARES/TARI", "responsabile": "Carla Mendola (Funzionario Contabile)", "sede": "Piazza Giulio Cesare, 6", "indirizzo": "P.za Giulio Cesare, 6, 90123 Palermo PA, Italia", "telefoni": ["0916168139"], "email": ["infotari@comune.palermo.it", "settoretributi@cert.comune.palermo.it", "tarsutarestari@cert.comune.palermo.it"], "pec": ["settoretributi@cert.comune.palermo.it", "tarsutarestari@cert.comune.palermo.it"], "url": "https://www.comune.palermo.it/amministrazione/unita_organizzativa/uo-tarsu-tares-tari/", "colore": "#17becf"}}, {"type": "Feature", "geometry": {"type": "Point", "coordinates": [13.3463172, 38.128591]}, "properties": {"id": "area-delle-politiche-ambientali-transizione-ecologica-e-rigenerazione-del-verde-2", "livello": "area", "nome": "Area delle Politiche Ambientali, transizione ecologica e Rigenerazione del verde", "area": "Area delle Politiche Ambientali, transizione ecologica e Rigenerazione del verde", "settore": "", "responsabile": "Giuseppina Liuzzo (Dirigente Tecnico)", "sede": "Via Antonio Salinas, 3", "indirizzo": "Via Antonino Salinas, 3, 90141 Palermo PA, Italia", "telefoni": ["0917405906", "0917405930", "0917405949"], "email": ["ambiente@cert.comune.palermo.it", "ambiente@comune.palermo.it"], "pec": ["ambiente@cert.comune.palermo.it"], "url": "https://www.comune.palermo.it/amministrazione/unita_organizzativa/area-delle-politiche-ambientali-transizione-ecologica-e-rigenerazione-del-verde-2/", "colore": "#c2185b"}}, {"type": "Feature", "geometry": {"type": "Point", "coordinates": [13.3463172, 38.128591]}, "properties": {"id": "capo-area-responsabile-pianificazione-ambientale", "livello": "settore", "nome": "Capo Area responsabile pianificazione ambientale e interventi sulla costa, mare, parchi e riserve", "area": "Area delle Politiche Ambientali, transizione ecologica e Rigenerazione del verde", "settore": "Capo Area responsabile pianificazione ambientale e interventi sulla costa, mare, parchi e riserve", "responsabile": "Giuseppina Liuzzo (Dirigente Tecnico)", "sede": "Via Antonio Salinas, 3", "indirizzo": "Via Antonino Salinas, 3, 90141 Palermo PA, Italia", "telefoni": ["0917405906", "0917405930", "0917405949"], "email": ["ambiente@cert.comune.palermo.it", "ambiente@comune.palermo.it"], "pec": ["ambiente@cert.comune.palermo.it"], "url": "https://www.comune.palermo.it/amministrazione/unita_organizzativa/capo-area-responsabile-pianificazione-ambientale/", "colore": "#c2185b"}}, {"type": "Feature", "geometry": {"type": "Point", "coordinates": [13.3463172, 38.128591]}, "properties": {"id": "uo-autorizzazione-e-pareri-in-ambito-di-clima-acustico", "livello": "unita", "nome": "U.O. Autorizzazione e pareri in ambito di clima acustico", "area": "Area delle Politiche Ambientali, transizione ecologica e Rigenerazione del verde", "settore": "Capo Area responsabile pianificazione ambientale e interventi sulla costa, mare, parchi e riserve", "responsabile": "Fabio Zanetti (Esperto Tecnico Progettista)", "sede": "Via Antonio Salinas, 3", "indirizzo": "Via Antonino Salinas, 3, 90141 Palermo PA, Italia", "telefoni": ["0917405908", "0917405950", "0917405994"], "email": ["ambiente@comune.palermo.it", "f.zanetti@comune.palermo.it"], "pec": [], "url": "https://www.comune.palermo.it/amministrazione/unita_organizzativa/uo-autorizzazione-e-pareri-in-ambito-di-clima-acustico/", "colore": "#c2185b"}}, {"type": "Feature", "geometry": {"type": "Point", "coordinates": [13.3463172, 38.128591]}, "properties": {"id": "uo-interventi-a-tutela-dellambiente", "livello": "unita", "nome": "U.O. Interventi a Tutela dell’Ambiente", "area": "Area delle Politiche Ambientali, transizione ecologica e Rigenerazione del verde", "settore": "Capo Area responsabile pianificazione ambientale e interventi sulla costa, mare, parchi e riserve", "responsabile": "Roberto Giaconia (Funzionario Tecnico)", "sede": "Via Antonio Salinas, 3", "indirizzo": "Via Antonino Salinas, 3, 90141 Palermo PA, Italia", "telefoni": ["0917405951"], "email": ["ambiente@cert.comune.palermo.it", "ambiente@comune.palermo.it", "r.giaconia@comune.palermo.it"], "pec": ["ambiente@cert.comune.palermo.it"], "url": "https://www.comune.palermo.it/amministrazione/unita_organizzativa/uo-interventi-a-tutela-dellambiente/", "colore": "#c2185b"}}, {"type": "Feature", "geometry": {"type": "Point", "coordinates": [13.3463172, 38.128591]}, "properties": {"id": "uo-pianificazione-ambientale-e-progettazione", "livello": "unita", "nome": "U.O. Pianificazione Ambientale e Progettazione", "area": "Area delle Politiche Ambientali, transizione ecologica e Rigenerazione del verde", "settore": "Capo Area responsabile pianificazione ambientale e interventi sulla costa, mare, parchi e riserve", "responsabile": "Elenia Drago (Funzionario Tecnico Ingegnere)", "sede": "Via Antonio Salinas, 3", "indirizzo": "Via Antonino Salinas, 3, 90141 Palermo PA, Italia", "telefoni": ["0917405918"], "email": ["ambiente@cert.comune.palermo.it", "ambiente@comune.palermo.it", "e.drago@comune.palermo.it"], "pec": ["ambiente@cert.comune.palermo.it"], "url": "https://www.comune.palermo.it/amministrazione/unita_organizzativa/uo-pianificazione-ambientale-e-progettazione/", "colore": "#c2185b"}}, {"type": "Feature", "geometry": {"type": "Point", "coordinates": [13.3558591, 38.1464838]}, "properties": {"id": "uo-progettazione-lavori-e-interventi-sulla-costa-parchi-e-riserve", "livello": "unita", "nome": "U.O. Progettazione Lavori e Interventi sulla Costa, Parchi e Riserve", "area": "Area delle Politiche Ambientali, transizione ecologica e Rigenerazione del verde", "settore": "Capo Area responsabile pianificazione ambientale e interventi sulla costa, mare, parchi e riserve", "responsabile": "Giovanni Sarta (Funzionario Tecnico Architetto)", "sede": "Fiera del Mediterraneo", "indirizzo": "Via Anwar Sadat, 13, 90142 Palermo PA, Italia", "telefoni": ["0917406060"], "email": ["g.sarta@comune.palermo.it"], "pec": [], "url": "https://www.comune.palermo.it/amministrazione/unita_organizzativa/uo-progettazione-lavori-e-interventi-sulla-costa-parchi-e-riserve/", "colore": "#c2185b"}}, {"type": "Feature", "geometry": {"type": "Point", "coordinates": [13.3463172, 38.128591]}, "properties": {"id": "uo-segreteria-gestione-del-personale-e-logistica-capo-area-responsabile-pianificazione-ambientale", "livello": "unita", "nome": "U.O. Segreteria, Gestione del Personale e Logistica – Capo Area responsabile pianificazione ambientale", "area": "Area delle Politiche Ambientali, transizione ecologica e Rigenerazione del verde", "settore": "Capo Area responsabile pianificazione ambientale e interventi sulla costa, mare, parchi e riserve", "responsabile": "Luigia Civiletti (Funzionario Amministrativo)", "sede": "Via Antonio Salinas, 3", "indirizzo": "Via Antonino Salinas, 3, 90141 Palermo PA, Italia", "telefoni": ["0917405900", "0917405906", "0917405949"], "email": ["ambiente@cert.comune.palermo.it", "ambiente@comune.palermo.it", "l.civiletti@comune.palermo.it"], "pec": ["ambiente@cert.comune.palermo.it"], "url": "https://www.comune.palermo.it/amministrazione/unita_organizzativa/uo-segreteria-gestione-del-personale-e-logistica-capo-area-responsabile-pianificazione-ambientale/", "colore": "#c2185b"}}, {"type": "Feature", "geometry": {"type": "Point", "coordinates": [13.3463172, 38.128591]}, "properties": {"id": "uo-staff-del-capo-area-capo-area-responsabile-pianificazione-ambientale", "livello": "unita", "nome": "U.O. Staff del Capo Area – Capo Area responsabile pianificazione ambientale", "area": "Area delle Politiche Ambientali, transizione ecologica e Rigenerazione del verde", "settore": "Capo Area responsabile pianificazione ambientale e interventi sulla costa, mare, parchi e riserve", "responsabile": "Francesco Naccari (Esperto Tecnico Progettista)", "sede": "Via Antonio Salinas, 3", "indirizzo": "Via Antonino Salinas, 3, 90141 Palermo PA, Italia", "telefoni": ["0917405906", "0917405930", "0917405949"], "email": ["ambiente@cert.comune.palermo.it", "ambiente@comune.palermo.it", "f.naccari@comune.palermo.it"], "pec": ["ambiente@cert.comune.palermo.it"], "url": "https://www.comune.palermo.it/amministrazione/unita_organizzativa/uo-staff-del-capo-area-capo-area-responsabile-pianificazione-ambientale/", "colore": "#c2185b"}}, {"type": "Feature", "geometry": {"type": "Point", "coordinates": [13.33941115841, 38.166862311355]}, "properties": {"id": "ufficio-autonomo-gestione-verde-urbano-agricoltura-urbana-e-rapporti-con-reset-2", "livello": "settore", "nome": "Ufficio autonomo gestione verde urbano, agricoltura urbana e rapporti con RESET", "area": "Area delle Politiche Ambientali, transizione ecologica e Rigenerazione del verde", "settore": "Ufficio autonomo gestione verde urbano, agricoltura urbana e rapporti con RESET", "responsabile": "Francesco La Monica (Dirigente Tecnico)", "sede": "Casa Natura - ex Scuderie Reali", "indirizzo": "Viale Diana, s.n.c. Palermo, Sicilia, 90167, Italia", "telefoni": ["0917409323", "0917409325"], "email": ["settoreverdeterritorio@cert.comune.palermo.it", "verdeurbano@comune.palermo.it"], "pec": ["settoreverdeterritorio@cert.comune.palermo.it"], "url": "https://www.comune.palermo.it/amministrazione/unita_organizzativa/ufficio-autonomo-gestione-verde-urbano-agricoltura-urbana-e-rapporti-con-reset-2/", "colore": "#c2185b"}}, {"type": "Feature", "geometry": {"type": "Point", "coordinates": [13.33941115841, 38.166862311355]}, "properties": {"id": "uo-coordinamento-e-gestione-progetti-speciali", "livello": "unita", "nome": "U.O. Coordinamento e Gestione progetti speciali", "area": "Area delle Politiche Ambientali, transizione ecologica e Rigenerazione del verde", "settore": "Ufficio autonomo gestione verde urbano, agricoltura urbana e rapporti con RESET", "responsabile": "Saverio Lentini (Funzionario Tecnico)", "sede": "Casa Natura - ex Scuderie Reali", "indirizzo": "Viale Diana, s.n.c. Palermo, Sicilia, 90167, Italia", "telefoni": ["091/7409309"], "email": ["s.lentini@comune.palermo.it", "settoreverdeterritorio@cert.comune.palermo.it", "verdevivibilita@comune.palermo.it"], "pec": ["settoreverdeterritorio@cert.comune.palermo.it"], "url": "https://www.comune.palermo.it/amministrazione/unita_organizzativa/uo-coordinamento-e-gestione-progetti-speciali/", "colore": "#c2185b"}}, {"type": "Feature", "geometry": {"type": "Point", "coordinates": [13.33941115841, 38.166862311355]}, "properties": {"id": "uo-direzione-amministrativa-gestione-verde-urbano", "livello": "unita", "nome": "U.O. Direzione amministrativa gestione verde urbano", "area": "Area delle Politiche Ambientali, transizione ecologica e Rigenerazione del verde", "settore": "Ufficio autonomo gestione verde urbano, agricoltura urbana e rapporti con RESET", "responsabile": "Emilio Agatino Lombardo (Funzionario Amministrativo)", "sede": "Casa Natura - ex Scuderie Reali", "indirizzo": "Viale Diana, s.n.c. Palermo, Sicilia, 90167, Italia", "telefoni": ["091/7409305"], "email": ["e.lombardo@comune.palermo.it", "settoreverdeterritorio@cert.comune.palermo.it", "verdevivibilita@comune.palermo.it"], "pec": ["settoreverdeterritorio@cert.comune.palermo.it"], "url": "https://www.comune.palermo.it/amministrazione/unita_organizzativa/uo-direzione-amministrativa-gestione-verde-urbano/", "colore": "#c2185b"}}, {"type": "Feature", "geometry": {"type": "Point", "coordinates": [13.33941115841, 38.166862311355]}, "properties": {"id": "uo-direzione-contabile-gestione-verde-urbano", "livello": "unita", "nome": "U.O. Direzione Contabile gestione verde urbano", "area": "Area delle Politiche Ambientali, transizione ecologica e Rigenerazione del verde", "settore": "Ufficio autonomo gestione verde urbano, agricoltura urbana e rapporti con RESET", "responsabile": "Francesco Paolo Lipari (Funzionario Contabile)", "sede": "Casa Natura - ex Scuderie Reali", "indirizzo": "Viale Diana, s.n.c. Palermo, Sicilia, 90167, Italia", "telefoni": ["091 7409306"], "email": ["f.lipari@comune.palermo.it", "settoreverdeterritorio@cert.comune.palermo.it", "verdevivibilita@comune.palermo.it"], "pec": ["settoreverdeterritorio@cert.comune.palermo.it"], "url": "https://www.comune.palermo.it/amministrazione/unita_organizzativa/uo-direzione-contabile-gestione-verde-urbano/", "colore": "#c2185b"}}, {"type": "Feature", "geometry": {"type": "Point", "coordinates": [13.33941115841, 38.166862311355]}, "properties": {"id": "uo-patrimonio-arboreo-e-agricoltura-urbana", "livello": "unita", "nome": "U.O. Patrimonio arboreo e agricoltura urbana", "area": "Area delle Politiche Ambientali, transizione ecologica e Rigenerazione del verde", "settore": "Ufficio autonomo gestione verde urbano, agricoltura urbana e rapporti con RESET", "responsabile": "", "sede": "Casa Natura - ex Scuderie Reali", "indirizzo": "Viale Diana, s.n.c. Palermo, Sicilia, 90167, Italia", "telefoni": ["091/7409307", "091/7409323"], "email": ["settoreverdeterritorio@cert.comune.palermo.it", "verdevivibilita@comune.palermo.it"], "pec": ["settoreverdeterritorio@cert.comune.palermo.it"], "url": "https://www.comune.palermo.it/amministrazione/unita_organizzativa/uo-patrimonio-arboreo-e-agricoltura-urbana/", "colore": "#c2185b"}}, {"type": "Feature", "geometry": {"type": "Point", "coordinates": [13.33941115841, 38.166862311355]}, "properties": {"id": "uo-segreteria-di-direzionegestione-personale-gestione-verde-urbano", "livello": "unita", "nome": "U.O. Segreteria di Direzione/Gestione Personale gestione verde urbano", "area": "Area delle Politiche Ambientali, transizione ecologica e Rigenerazione del verde", "settore": "Ufficio autonomo gestione verde urbano, agricoltura urbana e rapporti con RESET", "responsabile": "Patrizia Piazzese (Funzionario Amministrativo)", "sede": "Casa Natura - ex Scuderie Reali", "indirizzo": "Viale Diana, s.n.c. Palermo, Sicilia, 90167, Italia", "telefoni": ["091 7409313", "091 7409326"], "email": ["p.piazzese@comune.palermo.it", "personaleverde@comune.palermo.it", "settoreverdeterritorio@cert.comune.palermo.it", "verdevivibilita@comune.palermo.it"], "pec": ["settoreverdeterritorio@cert.comune.palermo.it"], "url": "https://www.comune.palermo.it/amministrazione/unita_organizzativa/uo-segreteria-di-direzionegestione-personale-gestione-verde-urbano/", "colore": "#c2185b"}}, {"type": "Feature", "geometry": {"type": "Point", "coordinates": [13.33941115841, 38.166862311355]}, "properties": {"id": "uo-supporto-giuridico-gestione-verde-urbano", "livello": "unita", "nome": "U.O. Supporto Giuridico gestione verde urbano", "area": "Area delle Politiche Ambientali, transizione ecologica e Rigenerazione del verde", "settore": "Ufficio autonomo gestione verde urbano, agricoltura urbana e rapporti con RESET", "responsabile": "Vincenzo Francesco Di Marco (Funzionario Amministrativo)", "sede": "Casa Natura - ex Scuderie Reali", "indirizzo": "Viale Diana, s.n.c. Palermo, Sicilia, 90167, Italia", "telefoni": ["091/7409311"], "email": ["settoreverdeterritorio@cert.comune.palermo.it", "v.f.dimarco@comune.palermo.it", "verdevivibilita@comune.palermo.it"], "pec": ["settoreverdeterritorio@cert.comune.palermo.it"], "url": "https://www.comune.palermo.it/amministrazione/unita_organizzativa/uo-supporto-giuridico-gestione-verde-urbano/", "colore": "#c2185b"}}, {"type": "Feature", "geometry": {"type": "Point", "coordinates": [13.33941115841, 38.166862311355]}, "properties": {"id": "uo-ufficio-tecnicosicurezza-sui-luoghi-di-lavoro", "livello": "unita", "nome": "U.O. Ufficio tecnico/sicurezza sui luoghi di lavoro", "area": "Area delle Politiche Ambientali, transizione ecologica e Rigenerazione del verde", "settore": "Ufficio autonomo gestione verde urbano, agricoltura urbana e rapporti con RESET", "responsabile": "Mario Manetta (Funzionario Tecnico Progettista)", "sede": "Casa Natura - ex Scuderie Reali", "indirizzo": "Viale Diana, s.n.c. Palermo, Sicilia, 90167, Italia", "telefoni": ["091/7409319"], "email": ["m.manetta@comune.palermo.it", "settoreverdeterritorio@cert.comune.palermo.it", "verdevivibilita@comune.palermo.it"], "pec": ["settoreverdeterritorio@cert.comune.palermo.it"], "url": "https://www.comune.palermo.it/amministrazione/unita_organizzativa/uo-ufficio-tecnicosicurezza-sui-luoghi-di-lavoro/", "colore": "#c2185b"}}, {"type": "Feature", "geometry": {"type": "Point", "coordinates": [13.33941115841, 38.166862311355]}, "properties": {"id": "uo-verde-urbano-e-giardinicomunicazione", "livello": "unita", "nome": "U.O. Verde Urbano e Giardini/Comunicazione", "area": "Area delle Politiche Ambientali, transizione ecologica e Rigenerazione del verde", "settore": "Ufficio autonomo gestione verde urbano, agricoltura urbana e rapporti con RESET", "responsabile": "Rosario Rosano (Esperto Tecnico Perito Agrario)", "sede": "Casa Natura - ex Scuderie Reali", "indirizzo": "Viale Diana, s.n.c. Palermo, Sicilia, 90167, Italia", "telefoni": ["091/7409317"], "email": ["r.rosano@comune.palermo.it", "settoreverdeterritorio@cert.comune.palermo.it", "verdevivibilita@comune.palermo.it"], "pec": ["settoreverdeterritorio@cert.comune.palermo.it"], "url": "https://www.comune.palermo.it/amministrazione/unita_organizzativa/uo-verde-urbano-e-giardinicomunicazione/", "colore": "#c2185b"}}, {"type": "Feature", "geometry": {"type": "Point", "coordinates": [13.3316839, 38.1667534]}, "properties": {"id": "uo-vivaio-e-logistica", "livello": "unita", "nome": "U.O. Vivaio e Logistica", "area": "Area delle Politiche Ambientali, transizione ecologica e Rigenerazione del verde", "settore": "Ufficio autonomo gestione verde urbano, agricoltura urbana e rapporti con RESET", "responsabile": "Giovanni Butera (Funzionario Tecnico Agronomo)", "sede": "Via Duca degli Abruzzi", "indirizzo": "Via Duca degli Abruzzi, s.n.c. 90149 Palermo PA, Italia", "telefoni": ["091/7404161", "091/7798935"], "email": ["g.butera@comune.palermo.it", "settoreverdeterritorio@cert.comune.palermo.it", "verdevivibilita@comune.palermo.it"], "pec": ["settoreverdeterritorio@cert.comune.palermo.it"], "url": "https://www.comune.palermo.it/amministrazione/unita_organizzativa/uo-vivaio-e-logistica/", "colore": "#c2185b"}}, {"type": "Feature", "geometry": {"type": "Point", "coordinates": [13.3672164, 38.112786]}, "properties": {"id": "area-delle-politiche-socio-sanitarie", "livello": "area", "nome": "Area delle Politiche Socio Sanitarie", "area": "Area delle Politiche Socio Sanitarie", "settore": "", "responsabile": "Fernanda Ferreri (Dirigente Amministrativo)", "sede": "Palazzo Tommaso Natale", "indirizzo": "Via Giuseppe Garibaldi, 26, 90133 Palermo PA, Italia", "telefoni": ["0917404202", "0917404204", "0917404209", "0917404231"], "email": ["politichesociali@comune.palermo.it", "settoreservizisocioassistenziali@cert.comune.palermo.it"], "pec": ["settoreservizisocioassistenziali@cert.comune.palermo.it"], "url": "https://www.comune.palermo.it/amministrazione/unita_organizzativa/area-delle-politiche-socio-sanitarie/", "colore": "#5d4037"}}, {"type": "Feature", "geometry": {"type": "Point", "coordinates": [13.3672164, 38.112786]}, "properties": {"id": "capo-area-responsabile-della-pianificazione-interventi-sul-sociale-dei-servizi-di-base-e-disabilit-servizi-sociali-contrasto-alla-povert-e-servizi-residenziali", "livello": "settore", "nome": "Capo Area responsabile della pianificazione interventi sul sociale, dei servizi di base e disabilità, servizi sociali, contrasto alla povertà e servizi residenziali", "area": "Area delle Politiche Socio Sanitarie", "settore": "Capo Area responsabile della pianificazione interventi sul sociale, dei servizi di base e disabilità, servizi sociali, contrasto alla povertà e servizi residenziali", "responsabile": "Fernanda Ferreri (Dirigente Amministrativo)", "sede": "Palazzo Tommaso Natale", "indirizzo": "Via Giuseppe Garibaldi, 26, 90133 Palermo PA, Italia", "telefoni": ["0917404202", "0917404204", "0917404209", "0917404231"], "email": ["politichesociali@comune.palermo.it", "settoreservizisocioassistenziali@cert.comune.palermo.it"], "pec": ["settoreservizisocioassistenziali@cert.comune.palermo.it"], "url": "https://www.comune.palermo.it/amministrazione/unita_organizzativa/capo-area-responsabile-della-pianificazione-interventi-sul-sociale-dei-servizi-di-base-e-disabilit-servizi-sociali-contrasto-alla-povert-e-servizi-residenziali/", "colore": "#5d4037"}}, {"type": "Feature", "geometry": {"type": "Point", "coordinates": [13.3715785, 38.1176341]}, "properties": {"id": "uo-a-sostegno", "livello": "unita", "nome": "U.O. A Sostegno", "area": "Area delle Politiche Socio Sanitarie", "settore": "Capo Area responsabile della pianificazione interventi sul sociale, dei servizi di base e disabilità, servizi sociali, contrasto alla povertà e servizi residenziali", "responsabile": "Maria Spinella (Assistente Sociale)", "sede": "Via Scopari n° 1", "indirizzo": "Via Scopari, 1, 90133 Palermo PA, Italia", "telefoni": ["0917408141", "6171578", "6172077"], "email": ["asostegno@comune.palermo.it", "contrastoallapoverta@cert.comune.palermo.it"], "pec": ["contrastoallapoverta@cert.comune.palermo.it"], "url": "https://www.comune.palermo.it/amministrazione/unita_organizzativa/uo-a-sostegno/", "colore": "#5d4037"}}, {"type": "Feature", "geometry": {"type": "Point", "coordinates": [13.3522582, 38.1166599]}, "properties": {"id": "uo-affidamento-familiare-adozioni-nazionale-e-internazionali", "livello": "unita", "nome": "U.O. Affidamento familiare – Adozioni nazionale e internazionali", "area": "Area delle Politiche Socio Sanitarie", "settore": "Capo Area responsabile della pianificazione interventi sul sociale, dei servizi di base e disabilità, servizi sociali, contrasto alla povertà e servizi residenziali", "responsabile": "Antonina Tata (Assistente Sociale)", "sede": "Piazza Del Noviziato n° 2", "indirizzo": "Piazza del Noviziato, 2, 90134 Palermo PA, Italia", "telefoni": ["0917408703"], "email": ["affidamentoeadozioni@comune.palermo.it", "contrastoallapoverta@cert.comune.palermo.it"], "pec": ["contrastoallapoverta@cert.comune.palermo.it"], "url": "https://www.comune.palermo.it/amministrazione/unita_organizzativa/uo-affidamento-familiare-adozioni-nazionale-e-internazionali/", "colore": "#5d4037"}}, {"type": "Feature", "geometry": {"type": "Point", "coordinates": [13.3522987, 38.1309905]}, "properties": {"id": "uo-casa-dei-diritti", "livello": "unita", "nome": "U.O. Casa dei diritti", "area": "Area delle Politiche Socio Sanitarie", "settore": "Capo Area responsabile della pianificazione interventi sul sociale, dei servizi di base e disabilità, servizi sociali, contrasto alla povertà e servizi residenziali", "responsabile": "Angela Errore (Assistente Sociale)", "sede": "Via Liberta' 45", "indirizzo": "Via della Libertà, 45, 90143 Palermo PA, Italia", "telefoni": ["0917408340", "0917408341-43"], "email": ["casadeidiritti@comune.plermo.it", "comunicazionesai@comune.palermo.it"], "pec": [], "url": "https://www.comune.palermo.it/amministrazione/unita_organizzativa/uo-casa-dei-diritti/", "colore": "#5d4037"}}, {"type": "Feature", "geometry": {"type": "Point", "coordinates": [13.3672164, 38.112786]}, "properties": {"id": "uo-citt-dei-ragazzi-gruppo-tecnico-e-magazzini", "livello": "unita", "nome": "U.O. Città dei ragazzi, gruppo tecnico e magazzini", "area": "Area delle Politiche Socio Sanitarie", "settore": "Capo Area responsabile della pianificazione interventi sul sociale, dei servizi di base e disabilità, servizi sociali, contrasto alla povertà e servizi residenziali", "responsabile": "Amalia Lanza (Funzionario Amministrativo)", "sede": "Palazzo Tommaso Natale", "indirizzo": "Via Giuseppe Garibaldi, 26, 90133 Palermo PA, Italia", "telefoni": ["0917404227", "0917409021/22"], "email": ["cittadeiragazzigruppotecnico@comune.palermo.it", "settoreservizisocioassistenziali@cert.comune.palermo.it"], "pec": ["settoreservizisocioassistenziali@cert.comune.palermo.it"], "url": "https://www.comune.palermo.it/amministrazione/unita_organizzativa/uo-citt-dei-ragazzi-gruppo-tecnico-e-magazzini/", "colore": "#5d4037"}}, {"type": "Feature", "geometry": {"type": "Point", "coordinates": [13.3650232, 38.1202509]}, "properties": {"id": "uo-contrasto-alla-grave-marginalit-adulta", "livello": "unita", "nome": "U.O. Contrasto alla grave marginalità adulta", "area": "Area delle Politiche Socio Sanitarie", "settore": "Capo Area responsabile della pianificazione interventi sul sociale, dei servizi di base e disabilità, servizi sociali, contrasto alla povertà e servizi residenziali", "responsabile": "Anna Patrizia Provenzano (Assistente Sociale)", "sede": "Palazzo Magnisi", "indirizzo": "Via Fratelli Orlando, 16, 90133 Palermo PA, Italia", "telefoni": ["0917405426", "3312612727"], "email": ["marginalitaadulta@comune.palermo.it"], "pec": [], "url": "https://www.comune.palermo.it/amministrazione/unita_organizzativa/uo-contrasto-alla-grave-marginalit-adulta/", "colore": "#5d4037"}}, {"type": "Feature", "geometry": {"type": "Point", "coordinates": [13.3672164, 38.112786]}, "properties": {"id": "uo-coordinamento-servizi-sociali", "livello": "unita", "nome": "U.O. Coordinamento Servizi Sociali", "area": "Area delle Politiche Socio Sanitarie", "settore": "Capo Area responsabile della pianificazione interventi sul sociale, dei servizi di base e disabilità, servizi sociali, contrasto alla povertà e servizi residenziali", "responsabile": "Fabio Feliciello (Assistente Sociale)", "sede": "Palazzo Tommaso Natale", "indirizzo": "Via Giuseppe Garibaldi, 26, 90133 Palermo PA, Italia", "telefoni": ["091 7404245", "091 7404246", "091 7404255"], "email": ["contrastoallapoverta@cert.comune.palermo.it", "ssccoordinamento@comune.palermo.it"], "pec": ["contrastoallapoverta@cert.comune.palermo.it"], "url": "https://www.comune.palermo.it/amministrazione/unita_organizzativa/uo-coordinamento-servizi-sociali/", "colore": "#5d4037"}}, {"type": "Feature", "geometry": {"type": "Point", "coordinates": [13.3254173, 38.1535917]}, "properties": {"id": "uo-desteenazione", "livello": "unita", "nome": "U.O. DesTEENazione", "area": "Area delle Politiche Socio Sanitarie", "settore": "Capo Area responsabile della pianificazione interventi sul sociale, dei servizi di base e disabilità, servizi sociali, contrasto alla povertà e servizi residenziali", "responsabile": "Alessandra Benigno (Esperto Area Socio Assistenziale)", "sede": "Via Monte San Calogero, 26/28", "indirizzo": "Via Monte San Calogero, 26/28 - 90146 Palermo PA, Italia", "telefoni": ["091 7407645"], "email": [], "pec": [], "url": "https://www.comune.palermo.it/amministrazione/unita_organizzativa/uo-desteenazione/", "colore": "#5d4037"}}, {"type": "Feature", "geometry": {"type": "Point", "coordinates": [13.3672164, 38.112786]}, "properties": {"id": "uo-direzione-affari-generali-e-gestione-del-personale", "livello": "unita", "nome": "U.O. Direzione, affari generali e gestione del personale", "area": "Area delle Politiche Socio Sanitarie", "settore": "Capo Area responsabile della pianificazione interventi sul sociale, dei servizi di base e disabilità, servizi sociali, contrasto alla povertà e servizi residenziali", "responsabile": "Enza Cangialosi (Funzionario Amministrativo)", "sede": "Palazzo Tommaso Natale", "indirizzo": "Via Giuseppe Garibaldi, 26, 90133 Palermo PA, Italia", "telefoni": ["0917404202", "0917404204", "0917404209"], "email": ["politichesociali@comune.palermo.it", "settoreservizisocioassistenziali@cert.comune.palermo.it"], "pec": ["settoreservizisocioassistenziali@cert.comune.palermo.it"], "url": "https://www.comune.palermo.it/amministrazione/unita_organizzativa/uo-direzione-affari-generali-e-gestione-del-personale/", "colore": "#5d4037"}}, {"type": "Feature", "geometry": {"type": "Point", "coordinates": [13.3672164, 38.112786]}, "properties": {"id": "uo-gestione-archivio-protocollo-e-uscierato-2", "livello": "unita", "nome": "U.O. Gestione Archivio, protocollo e uscierato", "area": "Area delle Politiche Socio Sanitarie", "settore": "Capo Area responsabile della pianificazione interventi sul sociale, dei servizi di base e disabilità, servizi sociali, contrasto alla povertà e servizi residenziali", "responsabile": "Enza Cangialosi (Funzionario Amministrativo)", "sede": "Palazzo Tommaso Natale", "indirizzo": "Via Giuseppe Garibaldi, 26, 90133 Palermo PA, Italia", "telefoni": ["0917404216/02"], "email": ["politichesociali@comune.palermo.it", "settoreservizisocioassistenziali@cert.comune.palermo.it"], "pec": ["settoreservizisocioassistenziali@cert.comune.palermo.it"], "url": "https://www.comune.palermo.it/amministrazione/unita_organizzativa/uo-gestione-archivio-protocollo-e-uscierato-2/", "colore": "#5d4037"}}, {"type": "Feature", "geometry": {"type": "Point", "coordinates": [13.3088104, 38.1090705]}, "properties": {"id": "uo-interventi-per-anziani", "livello": "unita", "nome": "U.O. Interventi per anziani", "area": "Area delle Politiche Socio Sanitarie", "settore": "Capo Area responsabile della pianificazione interventi sul sociale, dei servizi di base e disabilità, servizi sociali, contrasto alla povertà e servizi residenziali", "responsabile": "Antonina Guastella (Assistente Sociale)", "sede": "Piazza Pietro Micca n° 26", "indirizzo": "Piazza Pietro Micca, 26, 90136 Palermo PA, Italia", "telefoni": ["0917408310/07"], "email": ["centranziani@comune.palermo.it", "contrastoallapoverta@cert.comune.palermo.it"], "pec": ["contrastoallapoverta@cert.comune.palermo.it"], "url": "https://www.comune.palermo.it/amministrazione/unita_organizzativa/uo-interventi-per-anziani/", "colore": "#5d4037"}}, {"type": "Feature", "geometry": {"type": "Point", "coordinates": [13.3467803, 38.0971826]}, "properties": {"id": "uo-interventi-per-persone-con-disabilit-2", "livello": "unita", "nome": "U.O. Interventi per persone con disabilità", "area": "Area delle Politiche Socio Sanitarie", "settore": "Capo Area responsabile della pianificazione interventi sul sociale, dei servizi di base e disabilità, servizi sociali, contrasto alla povertà e servizi residenziali", "responsabile": "Francesca Matranga (Funzionario Amministrativo)", "sede": "Via Francesco Taormina", "indirizzo": "Via Franco Taormina, 1, 90128 Palermo PA, Italia", "telefoni": ["0916563300-", "0917409460/72"], "email": ["f.matranga@comune.palermo.it", "liquidazionicittadinanza@cert.comune.palermo.it", "settoreservizisocioassistenziali@cert.comune.palermo.it", "ufficioh@comune.palermo.it"], "pec": ["liquidazionicittadinanza@cert.comune.palermo.it", "settoreservizisocioassistenziali@cert.comune.palermo.it"], "url": "https://www.comune.palermo.it/amministrazione/unita_organizzativa/uo-interventi-per-persone-con-disabilit-2/", "colore": "#5d4037"}}, {"type": "Feature", "geometry": {"type": "Point", "coordinates": [13.3254173, 38.1535917]}, "properties": {"id": "uo-mediazione-giustizia-riparativa", "livello": "unita", "nome": "U.O. Mediazione Giustizia Riparativa", "area": "Area delle Politiche Socio Sanitarie", "settore": "Capo Area responsabile della pianificazione interventi sul sociale, dei servizi di base e disabilità, servizi sociali, contrasto alla povertà e servizi residenziali", "responsabile": "Dorotea Passantino (Assistente Sociale)", "sede": "Via Monte San Calogero, 26/28", "indirizzo": "Via Monte San Calogero, 26/28 - 90146 Palermo PA, Italia", "telefoni": ["091 7407647", "091 7407659", "091 7407663", "091 7407667"], "email": ["contrastoallapoverta@cert.comune.palermo.it", "mediazionegiustiziariparativa@comune.palermo.it"], "pec": ["contrastoallapoverta@cert.comune.palermo.it"], "url": "https://www.comune.palermo.it/amministrazione/unita_organizzativa/uo-mediazione-giustizia-riparativa/", "colore": "#5d4037"}}, {"type": "Feature", "geometry": {"type": "Point", "coordinates": [13.3254173, 38.1535917]}, "properties": {"id": "uo-programmazione-e-monitoraggio-fondo-solidariet-comunale-fsc-e-contributo-assistenti-sociali", "livello": "unita", "nome": "U.O. Programmazione e monitoraggio fondo solidarietà comunale (FSC) e contributo assistenti sociali", "area": "Area delle Politiche Socio Sanitarie", "settore": "Capo Area responsabile della pianificazione interventi sul sociale, dei servizi di base e disabilità, servizi sociali, contrasto alla povertà e servizi residenziali", "responsabile": "Alessandra Benigno (Esperto Area Socio Assistenziale)", "sede": "Via Monte San Calogero, 26/28", "indirizzo": "Via Monte San Calogero, 26/28 - 90146 Palermo PA, Italia", "telefoni": ["091 7407645"], "email": ["programmazionefsc@comune.palermo.it"], "pec": [], "url": "https://www.comune.palermo.it/amministrazione/unita_organizzativa/uo-programmazione-e-monitoraggio-fondo-solidariet-comunale-fsc-e-contributo-assistenti-sociali/", "colore": "#5d4037"}}, {"type": "Feature", "geometry": {"type": "Point", "coordinates": [13.3650232, 38.1202509]}, "properties": {"id": "uo-protezione-infanzia-e-adolescenza", "livello": "unita", "nome": "U.O. Protezione Infanzia e adolescenza", "area": "Area delle Politiche Socio Sanitarie", "settore": "Capo Area responsabile della pianificazione interventi sul sociale, dei servizi di base e disabilità, servizi sociali, contrasto alla povertà e servizi residenziali", "responsabile": "Claudia Cassara' (Assistente Sociale)", "sede": "Fratelli Orlando", "indirizzo": "Via Fratelli Orlando, 16, 90133 Palermo PA, Italia", "telefoni": ["0917405430-", "3312612766"], "email": ["contrastoallapoverta@cert.comune.palermo.it", "equipeinteristituzionale@comune.palermo.it"], "pec": ["contrastoallapoverta@cert.comune.palermo.it"], "url": "https://www.comune.palermo.it/amministrazione/unita_organizzativa/uo-protezione-infanzia-e-adolescenza/", "colore": "#5d4037"}}, {"type": "Feature", "geometry": {"type": "Point", "coordinates": [13.3460296, 38.126361]}, "properties": {"id": "uo-protezione-sociale", "livello": "unita", "nome": "U.O. Protezione Sociale", "area": "Area delle Politiche Socio Sanitarie", "settore": "Capo Area responsabile della pianificazione interventi sul sociale, dei servizi di base e disabilità, servizi sociali, contrasto alla povertà e servizi residenziali", "responsabile": "Paolo Quercia (Assistente Sociale)", "sede": "Via Catania n° 146", "indirizzo": "Via Catania, 146, 90141 Palermo PA, Italia", "telefoni": ["0917404081-3", "3351997497"], "email": ["emergenzesociali@cert.comune.palermo.it", "protezionesociale@comune.palermo.it"], "pec": ["emergenzesociali@cert.comune.palermo.it"], "url": "https://www.comune.palermo.it/amministrazione/unita_organizzativa/uo-protezione-sociale/", "colore": "#5d4037"}}, {"type": "Feature", "geometry": {"type": "Point", "coordinates": [13.3672164, 38.112786]}, "properties": {"id": "uo-ragioneria-politiche-socio-sanitarie", "livello": "unita", "nome": "U.O. Ragioneria – Politiche Socio Sanitarie", "area": "Area delle Politiche Socio Sanitarie", "settore": "Capo Area responsabile della pianificazione interventi sul sociale, dei servizi di base e disabilità, servizi sociali, contrasto alla povertà e servizi residenziali", "responsabile": "Maria Teresa Carrazza (Funzionario Contabile)", "sede": "Palazzo Tommaso Natale", "indirizzo": "Via Giuseppe Garibaldi, 26, 90133 Palermo PA, Italia", "telefoni": ["0917404210/11"], "email": ["m.t.carrazza@comune.palermo.it", "settoreservizisocioassistenziali@cert.comune.palermo.it"], "pec": ["settoreservizisocioassistenziali@cert.comune.palermo.it"], "url": "https://www.comune.palermo.it/amministrazione/unita_organizzativa/uo-ragioneria-politiche-socio-sanitarie/", "colore": "#5d4037"}}, {"type": "Feature", "geometry": {"type": "Point", "coordinates": [13.3672164, 38.112786]}, "properties": {"id": "uo-residenzialit-adulti", "livello": "unita", "nome": "U.O. Residenzialità Adulti", "area": "Area delle Politiche Socio Sanitarie", "settore": "Capo Area responsabile della pianificazione interventi sul sociale, dei servizi di base e disabilità, servizi sociali, contrasto alla povertà e servizi residenziali", "responsabile": "Rosalia Vilardi (Funzionario Amministrativo)", "sede": "Palazzo Tommaso Natale", "indirizzo": "Via Giuseppe Garibaldi, 26, 90133 Palermo PA, Italia", "telefoni": ["0917404229"], "email": ["liquidazionicittadinanza@cert.comune.palermo.it", "r.vilardi@comune.palermo.it", "residenzialiadulti@comune.palermo.it", "settoreservizisocioassistenziali@cert.comune.palermo.it"], "pec": ["liquidazionicittadinanza@cert.comune.palermo.it", "settoreservizisocioassistenziali@cert.comune.palermo.it"], "url": "https://www.comune.palermo.it/amministrazione/unita_organizzativa/uo-residenzialit-adulti/", "colore": "#5d4037"}}, {"type": "Feature", "geometry": {"type": "Point", "coordinates": [13.3672164, 38.112786]}, "properties": {"id": "uo-residenzialit-minori", "livello": "unita", "nome": "U.O. Residenzialità Minori", "area": "Area delle Politiche Socio Sanitarie", "settore": "Capo Area responsabile della pianificazione interventi sul sociale, dei servizi di base e disabilità, servizi sociali, contrasto alla povertà e servizi residenziali", "responsabile": "Donatella Vizzini (Funzionario Contabile)", "sede": "Palazzo Tommaso Natale", "indirizzo": "Via Giuseppe Garibaldi, 26, 90133 Palermo PA, Italia", "telefoni": ["0917404203", "0917404253"], "email": ["d.vizzini@comune.palermo.it", "liquidazionicittadinanza@cert.comune.palermo.it", "residenzialiminori@comune.palermo.it", "settoreservizisocioassistenziali@cert.comune.palermo.it"], "pec": ["liquidazionicittadinanza@cert.comune.palermo.it", "settoreservizisocioassistenziali@cert.comune.palermo.it"], "url": "https://www.comune.palermo.it/amministrazione/unita_organizzativa/uo-residenzialit-minori/", "colore": "#5d4037"}}, {"type": "Feature", "geometry": {"type": "Point", "coordinates": [13.3672164, 38.112786]}, "properties": {"id": "uo-ricorsi-amministrativi-e-giudiziari", "livello": "unita", "nome": "U.O. Ricorsi Amministrativi e Giudiziari", "area": "Area delle Politiche Socio Sanitarie", "settore": "Capo Area responsabile della pianificazione interventi sul sociale, dei servizi di base e disabilità, servizi sociali, contrasto alla povertà e servizi residenziali", "responsabile": "Dario Sireci (Funzionario Amministrativo)", "sede": "Palazzo Tommaso Natale", "indirizzo": "Via Giuseppe Garibaldi, 26, 90133 Palermo PA, Italia", "telefoni": ["0917404215"], "email": ["d.sireci@comune.palermo.it", "settoreservizisocioassistenziali@cert.comune.palermo.it"], "pec": ["settoreservizisocioassistenziali@cert.comune.palermo.it"], "url": "https://www.comune.palermo.it/amministrazione/unita_organizzativa/uo-ricorsi-amministrativi-e-giudiziari/", "colore": "#5d4037"}}, {"type": "Feature", "geometry": {"type": "Point", "coordinates": [13.3672164, 38.112786]}, "properties": {"id": "uo-segreteria-assessore-politiche-socio-sanitarie", "livello": "unita", "nome": "U.O. Segreteria Assessore – Politiche Socio Sanitarie", "area": "Area delle Politiche Socio Sanitarie", "settore": "Capo Area responsabile della pianificazione interventi sul sociale, dei servizi di base e disabilità, servizi sociali, contrasto alla povertà e servizi residenziali", "responsabile": "Tommaso Pisciotta (Funzionario)", "sede": "Palazzo Tommaso Natale", "indirizzo": "Via Giuseppe Garibaldi, 26, 90133 Palermo PA, Italia", "telefoni": ["0917404200", "0917404252", "0917404266"], "email": ["assessoratoattivitasociali@comune.palermo.it", "settoreservizisocioassistenziali@cert.comune.palermo.it"], "pec": ["settoreservizisocioassistenziali@cert.comune.palermo.it"], "url": "https://www.comune.palermo.it/amministrazione/unita_organizzativa/uo-segreteria-assessore-politiche-socio-sanitarie/", "colore": "#5d4037"}}, {"type": "Feature", "geometry": {"type": "Point", "coordinates": [13.3650232, 38.1202509]}, "properties": {"id": "uo-servizio-sociale-di-comunit-i-area-circoscrizionale", "livello": "unita", "nome": "U.O. Servizio Sociale di Comunità I Area Circoscrizionale", "area": "Area delle Politiche Socio Sanitarie", "settore": "Capo Area responsabile della pianificazione interventi sul sociale, dei servizi di base e disabilità, servizi sociali, contrasto alla povertà e servizi residenziali", "responsabile": "Franca Maria Rita Fortezza (Assistente Sociale)", "sede": "Palazzo Magnisi", "indirizzo": "Via Fratelli Orlando, 16, 90133 Palermo PA, Italia", "telefoni": ["0917405426-", "3312612727"], "email": ["contrastoallapoverta@cert.comune.palermo.it", "sscprimacircoscrizione@comune.palermo.it"], "pec": ["contrastoallapoverta@cert.comune.palermo.it"], "url": "https://www.comune.palermo.it/amministrazione/unita_organizzativa/uo-servizio-sociale-di-comunit-i-area-circoscrizionale/", "colore": "#5d4037"}}, {"type": "Feature", "geometry": {"type": "Point", "coordinates": [13.3680473, 38.1112046]}, "properties": {"id": "uo-servizio-sociale-di-comunit-ii-area-circoscrizionale", "livello": "unita", "nome": "U.O. Servizio Sociale di Comunità II Area Circoscrizionale", "area": "Area delle Politiche Socio Sanitarie", "settore": "Capo Area responsabile della pianificazione interventi sul sociale, dei servizi di base e disabilità, servizi sociali, contrasto alla povertà e servizi residenziali", "responsabile": "Fabiola Quattrocchi", "sede": "Palazzo Barone", "indirizzo": "Via Lincoln, 144, 90123 Palermo PA, Italia", "telefoni": ["091 7403463", "091 7403490", "3312612733"], "email": ["contrastoallapoverta@cert.comune.palermo.it", "sscsecondacircoscrizione@comune.palermo.it"], "pec": ["contrastoallapoverta@cert.comune.palermo.it"], "url": "https://www.comune.palermo.it/amministrazione/unita_organizzativa/uo-servizio-sociale-di-comunit-ii-area-circoscrizionale/", "colore": "#5d4037"}}, {"type": "Feature", "geometry": {"type": "Point", "coordinates": [13.3629718, 38.0842516]}, "properties": {"id": "uo-servizio-sociale-di-comunit-iii-area-circoscrizionale", "livello": "unita", "nome": "U.O. Servizio Sociale di Comunità III Area Circoscrizionale", "area": "Area delle Politiche Socio Sanitarie", "settore": "Capo Area responsabile della pianificazione interventi sul sociale, dei servizi di base e disabilità, servizi sociali, contrasto alla povertà e servizi residenziali", "responsabile": "Laura Amodeo (Funzionario)", "sede": "Via Lo Greco n° 5", "indirizzo": "Via Damiano lo Greco, 5, 90125 Palermo PA, Italia", "telefoni": ["0917409165-3", "3312613470"], "email": ["contrastoallapoverta@cert.comune.palermo.it", "sscterzacircoscrizione@comune.palermo.it"], "pec": ["contrastoallapoverta@cert.comune.palermo.it"], "url": "https://www.comune.palermo.it/amministrazione/unita_organizzativa/uo-servizio-sociale-di-comunit-iii-area-circoscrizionale/", "colore": "#5d4037"}}, {"type": "Feature", "geometry": {"type": "Point", "coordinates": [13.3309621, 38.1041057]}, "properties": {"id": "uo-servizio-sociale-di-comunit-iv-area-circoscrizionale", "livello": "unita", "nome": "U.O. Servizio Sociale di Comunità IV Area Circoscrizionale", "area": "Area delle Politiche Socio Sanitarie", "settore": "Capo Area responsabile della pianificazione interventi sul sociale, dei servizi di base e disabilità, servizi sociali, contrasto alla povertà e servizi residenziali", "responsabile": "Concetta Amoroso (Esperto Area Socio Assistenziale)", "sede": "Viale Regione Siciliana Nord/Ovest n° 95", "indirizzo": "Viale della Regione Siciliana Nord Ovest, 95, 90129 Palermo PA, Italia", "telefoni": ["0917409532-3", "3312611226"], "email": ["contrastoallapoverta@cert.comune.palermo.it", "sscquartacircoscrizione@comune.palermo.it"], "pec": ["contrastoallapoverta@cert.comune.palermo.it"], "url": "https://www.comune.palermo.it/amministrazione/unita_organizzativa/uo-servizio-sociale-di-comunit-iv-area-circoscrizionale/", "colore": "#5d4037"}}, {"type": "Feature", "geometry": {"type": "Point", "coordinates": [13.299314, 38.1283856]}, "properties": {"id": "uo-servizio-sociale-di-comunit-v-area-circoscrizionale", "livello": "unita", "nome": "U.O. Servizio Sociale di Comunità V Area Circoscrizionale", "area": "Area delle Politiche Socio Sanitarie", "settore": "Capo Area responsabile della pianificazione interventi sul sociale, dei servizi di base e disabilità, servizi sociali, contrasto alla povertà e servizi residenziali", "responsabile": "Rosalia Oliveri", "sede": "Largo Pozzillo, 7", "indirizzo": "Largo Pozzillo, 7, 90135 Palermo PA, Italia", "telefoni": ["091 7408092", "091 7408094", "091 7408097", "091 7408099"], "email": ["contrastoallapoverta@cert.comune.palermo.it", "sscquintacircoscrizione@comune.palermo.it"], "pec": ["contrastoallapoverta@cert.comune.palermo.it"], "url": "https://www.comune.palermo.it/amministrazione/unita_organizzativa/uo-servizio-sociale-di-comunit-v-area-circoscrizionale/", "colore": "#5d4037"}}, {"type": "Feature", "geometry": {"type": "Point", "coordinates": [13.3254173, 38.1535917]}, "properties": {"id": "uo-servizio-sociale-di-comunit-vi-area-circoscrizionale", "livello": "unita", "nome": "U.O. Servizio Sociale di Comunità VI Area Circoscrizionale", "area": "Area delle Politiche Socio Sanitarie", "settore": "Capo Area responsabile della pianificazione interventi sul sociale, dei servizi di base e disabilità, servizi sociali, contrasto alla povertà e servizi residenziali", "responsabile": "Valeria Cerniglia Raitano (Assistente Sociale)", "sede": "Via Monte San Calogero, 26/28", "indirizzo": "Via Monte San Calogero, 26/28 - 90146 Palermo PA, Italia", "telefoni": ["0917407683", "3312612717"], "email": ["contrastoallapoverta@cert.comune.palermo.it", "sscsestacircoscrizione@comune.palermo.it"], "pec": ["contrastoallapoverta@cert.comune.palermo.it"], "url": "https://www.comune.palermo.it/amministrazione/unita_organizzativa/uo-servizio-sociale-di-comunit-vi-area-circoscrizionale/", "colore": "#5d4037"}}, {"type": "Feature", "geometry": {"type": "Point", "coordinates": [13.3315443, 38.1724279]}, "properties": {"id": "uo-servizio-sociale-di-comunit-vii-area-circoscrizionale", "livello": "unita", "nome": "U.O. Servizio Sociale di Comunità VII Area Circoscrizionale", "area": "Area delle Politiche Socio Sanitarie", "settore": "Capo Area responsabile della pianificazione interventi sul sociale, dei servizi di base e disabilità, servizi sociali, contrasto alla povertà e servizi residenziali", "responsabile": "Maria Grazia Vitale (Funzionario)", "sede": "Via Giuseppe Spata n° 10", "indirizzo": "Via Spata Giuseppe, 10, 90146 Palermo PA, Italia", "telefoni": ["3314678096"], "email": ["contrastoallapoverta@cert.comune.palermo.it", "sscsettimacircoscrizione@comune.palermo.it"], "pec": ["contrastoallapoverta@cert.comune.palermo.it"], "url": "https://www.comune.palermo.it/amministrazione/unita_organizzativa/uo-servizio-sociale-di-comunit-vii-area-circoscrizionale/", "colore": "#5d4037"}}, {"type": "Feature", "geometry": {"type": "Point", "coordinates": [13.3646413, 38.1424432]}, "properties": {"id": "uo-servizio-sociale-di-comunit-viii-area-circoscrizionale", "livello": "unita", "nome": "U.O. Servizio Sociale di Comunità VIII Area Circoscrizionale", "area": "Area delle Politiche Socio Sanitarie", "settore": "Capo Area responsabile della pianificazione interventi sul sociale, dei servizi di base e disabilità, servizi sociali, contrasto alla povertà e servizi residenziali", "responsabile": "Maria Paglino (Assistente Sociale)", "sede": "Via Enrico Fileti 19", "indirizzo": "Via Enrico Fileti, 19, 90142 Palermo PA, Italia", "telefoni": ["0917407434", "3312612647"], "email": ["contrastoallapoverta@cert.comune.palermo.it", "sscottavacircoscrizione@comune.palermo.it"], "pec": ["contrastoallapoverta@cert.comune.palermo.it"], "url": "https://www.comune.palermo.it/amministrazione/unita_organizzativa/uo-servizio-sociale-di-comunit-viii-area-circoscrizionale/", "colore": "#5d4037"}}, {"type": "Feature", "geometry": {"type": "Point", "coordinates": [13.3309621, 38.1041057]}, "properties": {"id": "uo-sostegno-ed-inclusione-delle-persone-con-disabilit", "livello": "unita", "nome": "U.O. Sostegno ed inclusione delle persone con disabilità", "area": "Area delle Politiche Socio Sanitarie", "settore": "Capo Area responsabile della pianificazione interventi sul sociale, dei servizi di base e disabilità, servizi sociali, contrasto alla povertà e servizi residenziali", "responsabile": "Luigia Giallombardo (Assistente Sociale)", "sede": "Viale Regione Siciliana Nord/Ovest n° 95", "indirizzo": "Viale della Regione Siciliana Nord Ovest, 95, 90129 Palermo PA, Italia", "telefoni": [], "email": [], "pec": [], "url": "https://www.comune.palermo.it/amministrazione/unita_organizzativa/uo-sostegno-ed-inclusione-delle-persone-con-disabilit/", "colore": "#5d4037"}}, {"type": "Feature", "geometry": {"type": "Point", "coordinates": [13.3672164, 38.112786]}, "properties": {"id": "uo-sostegno-minori-e-famiglie", "livello": "unita", "nome": "U.O. Sostegno minori e famiglie", "area": "Area delle Politiche Socio Sanitarie", "settore": "Capo Area responsabile della pianificazione interventi sul sociale, dei servizi di base e disabilità, servizi sociali, contrasto alla povertà e servizi residenziali", "responsabile": "Valeria Torre", "sede": "Palazzo Tommaso Natale", "indirizzo": "Via Giuseppe Garibaldi, 26, 90133 Palermo PA, Italia", "telefoni": ["091 7404250", "091 7404254", "091 7404255"], "email": ["sostegnominoriefamiglie@comune.palermo.it"], "pec": [], "url": "https://www.comune.palermo.it/amministrazione/unita_organizzativa/uo-sostegno-minori-e-famiglie/", "colore": "#5d4037"}}, {"type": "Feature", "geometry": {"type": "Point", "coordinates": [13.3424296, 38.1279641]}, "properties": {"id": "uo-spazio-neutro", "livello": "unita", "nome": "U.O. Spazio neutro", "area": "Area delle Politiche Socio Sanitarie", "settore": "Capo Area responsabile della pianificazione interventi sul sociale, dei servizi di base e disabilità, servizi sociali, contrasto alla povertà e servizi residenziali", "responsabile": "Iole Teresa Melidone (Psicologo)", "sede": "Via Carlo Goldoni n° 9", "indirizzo": "Via Carlo Goldoni, 9, 90145 Palermo PA, Italia", "telefoni": ["0917651930-", "3312612648", "7408321"], "email": ["contrastoallapoverta@cert.comune.palermo.it", "spazioneutro@comune.palermo.it"], "pec": ["contrastoallapoverta@cert.comune.palermo.it"], "url": "https://www.comune.palermo.it/amministrazione/unita_organizzativa/uo-spazio-neutro/", "colore": "#5d4037"}}, {"type": "Feature", "geometry": {"type": "Point", "coordinates": [13.3424296, 38.1279641]}, "properties": {"id": "uo-tutela-minori", "livello": "unita", "nome": "U.O. Tutela Minori", "area": "Area delle Politiche Socio Sanitarie", "settore": "Capo Area responsabile della pianificazione interventi sul sociale, dei servizi di base e disabilità, servizi sociali, contrasto alla povertà e servizi residenziali", "responsabile": "Laura Purpura (Assistente Sociale)", "sede": "Via Carlo Goldoni n° 9", "indirizzo": "Via Carlo Goldoni, 9, 90145 Palermo PA, Italia", "telefoni": ["0917408324"], "email": ["contrastoallapoverta@cert.comune.palermo.it", "tutelaminori@comune.palermo.it"], "pec": ["contrastoallapoverta@cert.comune.palermo.it"], "url": "https://www.comune.palermo.it/amministrazione/unita_organizzativa/uo-tutela-minori/", "colore": "#5d4037"}}, {"type": "Feature", "geometry": {"type": "Point", "coordinates": [13.3672164, 38.112786]}, "properties": {"id": "ufficio-di-pianificazione-e-monitoraggio-delle-attivita-sociali-e-delle-emergenze-sociali", "livello": "settore", "nome": "Ufficio di pianificazione e monitoraggio delle attività sociali e delle emergenze sociali", "area": "Area delle Politiche Socio Sanitarie", "settore": "Ufficio di pianificazione e monitoraggio delle attività sociali e delle emergenze sociali", "responsabile": "Mario Lo Iacono (Dirigente Amministrativo)", "sede": "Palazzo Tommaso Natale", "indirizzo": "Via Giuseppe Garibaldi, 26, 90133 Palermo PA, Italia", "telefoni": ["0917404220", "0917404227", "0917404242", "0917404254", "0917407645"], "email": ["personefragili@cert.comune.palermo.it", "pianificazioneattivitasociali@comune.palermo.it", "pianoterritorialeinfanzia@omune.palermo.it", "pnrrsociale@comune.palermo.it", "settoreservizisocioassistenziali@cert.comune.palermo.it"], "pec": ["personefragili@cert.comune.palermo.it", "settoreservizisocioassistenziali@cert.comune.palermo.it"], "url": "https://www.comune.palermo.it/amministrazione/unita_organizzativa/ufficio-di-pianificazione-e-monitoraggio-delle-attivita-sociali-e-delle-emergenze-sociali/", "colore": "#5d4037"}}, {"type": "Feature", "geometry": {"type": "Point", "coordinates": [13.3672164, 38.112786]}, "properties": {"id": "uo-accreditamento-servizi-sociali", "livello": "unita", "nome": "U.O. Accreditamento Servizi sociali", "area": "Area delle Politiche Socio Sanitarie", "settore": "Ufficio di pianificazione e monitoraggio delle attività sociali e delle emergenze sociali", "responsabile": "Maria Cipolla (Assistente Sociale)", "sede": "Palazzo Tommaso Natale", "indirizzo": "Via Giuseppe Garibaldi, 26, 90133 Palermo PA, Italia", "telefoni": ["0917404261"], "email": ["accreditamentoservizisociali@comune.palermo.it"], "pec": [], "url": "https://www.comune.palermo.it/amministrazione/unita_organizzativa/uo-accreditamento-servizi-sociali/", "colore": "#5d4037"}}, {"type": "Feature", "geometry": {"type": "Point", "coordinates": [13.3672164, 38.112786]}, "properties": {"id": "uo-fondo-povert-estrema", "livello": "unita", "nome": "U.O. Fondo povertà estrema", "area": "Area delle Politiche Socio Sanitarie", "settore": "Ufficio di pianificazione e monitoraggio delle attività sociali e delle emergenze sociali", "responsabile": "Anna Salone (Assistente Sociale)", "sede": "Palazzo Tommaso Natale", "indirizzo": "Via Giuseppe Garibaldi, 26, 90133 Palermo PA, Italia", "telefoni": ["091 7404264", "091 7408343"], "email": ["a.salone@comune.palermo.it", "povertaestrema@comune.palermo.it"], "pec": [], "url": "https://www.comune.palermo.it/amministrazione/unita_organizzativa/uo-fondo-povert-estrema/", "colore": "#5d4037"}}, {"type": "Feature", "geometry": {"type": "Point", "coordinates": [13.3672164, 38.112786]}, "properties": {"id": "uo-piano-di-zona-e-distretto", "livello": "unita", "nome": "U.O. Piano di zona e distretto", "area": "Area delle Politiche Socio Sanitarie", "settore": "Ufficio di pianificazione e monitoraggio delle attività sociali e delle emergenze sociali", "responsabile": "Stefania Accomando (Funzionario)", "sede": "Palazzo Tommaso Natale", "indirizzo": "Via Giuseppe Garibaldi, 26, 90133 Palermo PA, Italia", "telefoni": ["091 7404207", "091 7404218", "091 7404240"], "email": ["personefragili@cert.comune.palermo.it", "pianodizonaedisretto@comune.palermo.it"], "pec": ["personefragili@cert.comune.palermo.it"], "url": "https://www.comune.palermo.it/amministrazione/unita_organizzativa/uo-piano-di-zona-e-distretto/", "colore": "#5d4037"}}, {"type": "Feature", "geometry": {"type": "Point", "coordinates": [13.3672164, 38.112786]}, "properties": {"id": "uo-pon-metro-e-progettazione", "livello": "unita", "nome": "U.O. Pon Metro e Progettazione", "area": "Area delle Politiche Socio Sanitarie", "settore": "Ufficio di pianificazione e monitoraggio delle attività sociali e delle emergenze sociali", "responsabile": "Caterina Sciortino (Funzionario Amministrativo)", "sede": "Palazzo Tommaso Natale", "indirizzo": "Via Giuseppe Garibaldi, 26, 90133 Palermo PA, Italia", "telefoni": ["0917404247", "0917404254"], "email": ["pnrrsociale@comune.palermo.it", "progettazionesociale@comune.palermo.it", "settoreservizisocioassistenziali@cert.comune.palermo.it"], "pec": ["settoreservizisocioassistenziali@cert.comune.palermo.it"], "url": "https://www.comune.palermo.it/amministrazione/unita_organizzativa/uo-pon-metro-e-progettazione/", "colore": "#5d4037"}}, {"type": "Feature", "geometry": {"type": "Point", "coordinates": [13.3672164, 38.112786]}, "properties": {"id": "uo-progetti-infanzia-e-adolescenza", "livello": "unita", "nome": "U.O. Progetti Infanzia e adolescenza", "area": "Area delle Politiche Socio Sanitarie", "settore": "Ufficio di pianificazione e monitoraggio delle attività sociali e delle emergenze sociali", "responsabile": "Denise Fontana (Funzionario)", "sede": "Palazzo Tommaso Natale", "indirizzo": "Via Giuseppe Garibaldi, 26, 90133 Palermo PA, Italia", "telefoni": ["0917404242-27"], "email": ["pianoterritorialeinfanzia@comune.palermo.it", "settoreservizisocioassistenziali@cert.comune.palermo.it"], "pec": ["settoreservizisocioassistenziali@cert.comune.palermo.it"], "url": "https://www.comune.palermo.it/amministrazione/unita_organizzativa/uo-progetti-infanzia-e-adolescenza/", "colore": "#5d4037"}}, {"type": "Feature", "geometry": {"type": "Point", "coordinates": [13.3689724, 38.116554]}, "properties": {"id": "area-dellavvocatura-comunale", "livello": "area", "nome": "Area dell’Avvocatura Comunale", "area": "Area dell’Avvocatura Comunale", "settore": "", "responsabile": "Vincenzo Criscuoli (Avvocato Cassazionista)", "sede": "Palazzo Rostagno", "indirizzo": "Piazza Marina, 39, 90133 Palermo PA, Italia", "telefoni": ["0917407722", "0917407723"], "email": ["avvocatura@cert.comune.palermo.it", "avvocatura@comune.palermo.it"], "pec": [], "url": "https://www.comune.palermo.it/amministrazione/unita_organizzativa/area-dellavvocatura-comunale/", "colore": "#455a64"}}, {"type": "Feature", "geometry": {"type": "Point", "coordinates": [13.3689724, 38.116554]}, "properties": {"id": "avvocato-capo-coordinatore", "livello": "settore", "nome": "Avvocato Capo Coordinatore", "area": "Area dell’Avvocatura Comunale", "settore": "Avvocato Capo Coordinatore", "responsabile": "Vincenzo Criscuoli (Avvocato Cassazionista)", "sede": "Palazzo Rostagno", "indirizzo": "Piazza Marina, 39, 90133 Palermo PA, Italia", "telefoni": ["0917407720", "0917407722", "0917407723"], "email": ["v.criscuoli@cert.comune.palermo.it", "v.criscuoli@comune.palermo.it"], "pec": ["v.criscuoli@cert.comune.palermo.it"], "url": "https://www.comune.palermo.it/amministrazione/unita_organizzativa/avvocato-capo-coordinatore/", "colore": "#455a64"}}, {"type": "Feature", "geometry": {"type": "Point", "coordinates": [13.3689724, 38.116554]}, "properties": {"id": "avvocato-dirigente-gruppo-i", "livello": "settore", "nome": "Avvocato Dirigente gruppo I", "area": "Area dell’Avvocatura Comunale", "settore": "Avvocato Dirigente gruppo I", "responsabile": "Sergio Palesano (Avvocato Cassazionista)", "sede": "Palazzo Rostagno", "indirizzo": "Piazza Marina, 39, 90133 Palermo PA, Italia", "telefoni": ["0917407749"], "email": ["avvocatura@cert.comune.palermo.it", "avvocatura@comune.palermo.it"], "pec": ["avvocatura@cert.comune.palermo.it"], "url": "https://www.comune.palermo.it/amministrazione/unita_organizzativa/avvocato-dirigente-gruppo-i/", "colore": "#455a64"}}, {"type": "Feature", "geometry": {"type": "Point", "coordinates": [13.3689724, 38.116554]}, "properties": {"id": "avvocato-dirigente-gruppo-ii", "livello": "settore", "nome": "Avvocato Dirigente gruppo II", "area": "Area dell’Avvocatura Comunale", "settore": "Avvocato Dirigente gruppo II", "responsabile": "Caterina Grasso (Avvocato Cassazionista)", "sede": "Palazzo Rostagno", "indirizzo": "Piazza Marina, 39, 90133 Palermo PA, Italia", "telefoni": ["0917407720", "0917407722", "0917407723"], "email": ["avvocatura@cert.comune.palermo.it", "avvocatura@comune.palermo.it"], "pec": ["avvocatura@cert.comune.palermo.it"], "url": "https://www.comune.palermo.it/amministrazione/unita_organizzativa/avvocato-dirigente-gruppo-ii/", "colore": "#455a64"}}, {"type": "Feature", "geometry": {"type": "Point", "coordinates": [13.3689724, 38.116554]}, "properties": {"id": "avvocato-dirigente-gruppo-iii", "livello": "settore", "nome": "Avvocato Dirigente gruppo III", "area": "Area dell’Avvocatura Comunale", "settore": "Avvocato Dirigente gruppo III", "responsabile": "Roberta Cannarozzo (Avvocato Dirigente)", "sede": "Palazzo Rostagno", "indirizzo": "Piazza Marina, 39, 90133 Palermo PA, Italia", "telefoni": ["0917407720", "0917407722", "0917407723"], "email": ["avvocatura@cert.comune.palermo.it", "avvocatura@comune.palermo.it"], "pec": ["avvocatura@cert.comune.palermo.it"], "url": "https://www.comune.palermo.it/amministrazione/unita_organizzativa/avvocato-dirigente-gruppo-iii/", "colore": "#455a64"}}, {"type": "Feature", "geometry": {"type": "Point", "coordinates": [13.3689724, 38.116554]}, "properties": {"id": "avvocato-dirigente-gruppo-iv", "livello": "settore", "nome": "Avvocato Dirigente gruppo IV", "area": "Area dell’Avvocatura Comunale", "settore": "Avvocato Dirigente gruppo IV", "responsabile": "Roberto Saetta (Avvocato Cassazionista)", "sede": "Palazzo Rostagno", "indirizzo": "Piazza Marina, 39, 90133 Palermo PA, Italia", "telefoni": ["0917407720", "0917407722", "0917407723"], "email": ["avvocatura@cert.comune.palermo.it", "avvocatura@comune.palermo.it"], "pec": ["avvocatura@cert.comune.palermo.it"], "url": "https://www.comune.palermo.it/amministrazione/unita_organizzativa/avvocato-dirigente-gruppo-iv/", "colore": "#455a64"}}, {"type": "Feature", "geometry": {"type": "Point", "coordinates": [13.3671816, 38.1387481]}, "properties": {"id": "area-delligiene-e-salute-politiche-abitative-e-giovanili", "livello": "area", "nome": "Area dell’Igiene e Salute, Politiche Abitative e Giovanili", "area": "Area dell’Igiene e Salute, Politiche Abitative e Giovanili", "settore": "", "responsabile": "Marina Pennisi (Dirigente Amministrativo)", "sede": "Via Montalbo, 249", "indirizzo": "Via Montalbo, 249, 90142 Palermo PA, Italia", "telefoni": ["0917409378"], "email": ["igieneesanita@cert.comune.palermo.it", "igienesanita@comune.palermo.it"], "pec": ["igieneesanita@cert.comune.palermo.it"], "url": "https://www.comune.palermo.it/amministrazione/unita_organizzativa/area-delligiene-e-salute-politiche-abitative-e-giovanili/", "colore": "#ff6f61"}}, {"type": "Feature", "geometry": {"type": "Point", "coordinates": [13.3671816, 38.1387481]}, "properties": {"id": "capo-area-responsabile-igiene-e-salute-benessere-animale-canile-comunale-politiche-abitative-ed-assegnazione-erp", "livello": "settore", "nome": "Capo Area responsabile Igiene e Salute, Benessere Animale – Canile Comunale, Politiche Abitative ed Assegnazione Erp", "area": "Area dell’Igiene e Salute, Politiche Abitative e Giovanili", "settore": "Capo Area responsabile Igiene e Salute, Benessere Animale – Canile Comunale, Politiche Abitative ed Assegnazione Erp", "responsabile": "Marina Pennisi (Dirigente Amministrativo)", "sede": "Via Montalbo, 249", "indirizzo": "Via Montalbo, 249, 90142 Palermo PA, Italia", "telefoni": ["0917409378"], "email": ["igieneesanita@cert.comune.palermo.it", "igienesanita@comune.palermo.it"], "pec": ["igieneesanita@cert.comune.palermo.it"], "url": "https://www.comune.palermo.it/amministrazione/unita_organizzativa/capo-area-responsabile-igiene-e-salute-benessere-animale-canile-comunale-politiche-abitative-ed-assegnazione-erp/", "colore": "#ff6f61"}}, {"type": "Feature", "geometry": {"type": "Point", "coordinates": [13.3573769, 38.1175278]}, "properties": {"id": "abitare-sociale", "livello": "unita", "nome": "U.O. Abitare Sociale", "area": "Area dell’Igiene e Salute, Politiche Abitative e Giovanili", "settore": "Capo Area responsabile Igiene e Salute, Benessere Animale – Canile Comunale, Politiche Abitative ed Assegnazione Erp", "responsabile": "Alessandra Lo Sicco (Assistente Sociale)", "sede": "Ex Caserma Falletta", "indirizzo": "Via dello Spirito Santo a Monte Pietà, 35, 90134 Palermo PA, Italia", "telefoni": ["0917407358", "0917407365"], "email": ["a.losicco@comune.palermo.it", "abitaresociale@comune.palermo.it", "sostegnoaffitto@cert.comune.palermo.it"], "pec": ["sostegnoaffitto@cert.comune.palermo.it"], "url": "https://www.comune.palermo.it/amministrazione/unita_organizzativa/abitare-sociale/", "colore": "#ff6f61"}}, {"type": "Feature", "geometry": {"type": "Point", "coordinates": [13.3671816, 38.1387481]}, "properties": {"id": "uo-benessere-degli-animali-canile-comunale", "livello": "unita", "nome": "U.O. Benessere degli animali / Canile Comunale", "area": "Area dell’Igiene e Salute, Politiche Abitative e Giovanili", "settore": "Capo Area responsabile Igiene e Salute, Benessere Animale – Canile Comunale, Politiche Abitative ed Assegnazione Erp", "responsabile": "Enrico Ando' (Funzionario Tecnico Architetto)", "sede": "Via Montalbo, 249", "indirizzo": "Via Montalbo, 249, 90142 Palermo PA, Italia", "telefoni": ["0917408240", "0917408241", "0917408242", "3358363902"], "email": ["benessereanimale@comune.palermo.it", "e.ando@comune.palermo.it", "igieneesanita@cert.comune.palermo.it"], "pec": ["igieneesanita@cert.comune.palermo.it"], "url": "https://www.comune.palermo.it/amministrazione/unita_organizzativa/uo-benessere-degli-animali-canile-comunale/", "colore": "#ff6f61"}}, {"type": "Feature", "geometry": {"type": "Point", "coordinates": [13.3671816, 38.1387481]}, "properties": {"id": "uo-contabilita", "livello": "unita", "nome": "U.O. Contabilita’", "area": "Area dell’Igiene e Salute, Politiche Abitative e Giovanili", "settore": "Capo Area responsabile Igiene e Salute, Benessere Animale – Canile Comunale, Politiche Abitative ed Assegnazione Erp", "responsabile": "Silvana Cantone (Funzionario Amministrativo)", "sede": "Via Montalbo, 249", "indirizzo": "Via Montalbo, 249, 90142 Palermo PA, Italia", "telefoni": ["+39 091 7409378", "091 7407305"], "email": ["abitaresociale@comune.palermo.it", "igieneesanita@cert.comune.palermo.it", "igienesanita@comune.palermo.it"], "pec": ["igieneesanita@cert.comune.palermo.it"], "url": "https://www.comune.palermo.it/amministrazione/unita_organizzativa/uo-contabilita/", "colore": "#ff6f61"}}, {"type": "Feature", "geometry": {"type": "Point", "coordinates": [13.3671816, 38.1387481]}, "properties": {"id": "uo-direzione-e-bilancio", "livello": "unita", "nome": "U.O. Direzione e Bilancio", "area": "Area dell’Igiene e Salute, Politiche Abitative e Giovanili", "settore": "Capo Area responsabile Igiene e Salute, Benessere Animale – Canile Comunale, Politiche Abitative ed Assegnazione Erp", "responsabile": "Anna Maria Viola (Funzionario Amministrativo)", "sede": "Via Montalbo, 249", "indirizzo": "Via Montalbo, 249, 90142 Palermo PA, Italia", "telefoni": ["0917409354", "0917409356", "0917409378", "0917409379"], "email": ["anna.maria.viola@comune.palermo.it", "igieneesanita@cert.comune.palermo.it", "igienesanita@comune.palermo.it"], "pec": ["igieneesanita@cert.comune.palermo.it"], "url": "https://www.comune.palermo.it/amministrazione/unita_organizzativa/uo-direzione-e-bilancio/", "colore": "#ff6f61"}}, {"type": "Feature", "geometry": {"type": "Point", "coordinates": [13.3671816, 38.1387481]}, "properties": {"id": "uo-enti-privati-di-assistenza", "livello": "unita", "nome": "U.O. Enti Privati di Assistenza", "area": "Area dell’Igiene e Salute, Politiche Abitative e Giovanili", "settore": "Capo Area responsabile Igiene e Salute, Benessere Animale – Canile Comunale, Politiche Abitative ed Assegnazione Erp", "responsabile": "Luciano Ficile (Funzionario Amministrativo)", "sede": "Via Montalbo, 249", "indirizzo": "Via Montalbo, 249, 90142 Palermo PA, Italia", "telefoni": ["0917409355", "0917409359", "0917409360", "0917409378"], "email": ["igieneesanita@cert.comune.palermo.it", "igienesanita@comune.palermo.it", "l.ficile@comune.palermo.it"], "pec": ["igieneesanita@cert.comune.palermo.it"], "url": "https://www.comune.palermo.it/amministrazione/unita_organizzativa/uo-enti-privati-di-assistenza/", "colore": "#ff6f61"}}, {"type": "Feature", "geometry": {"type": "Point", "coordinates": [13.3671816, 38.1387481]}, "properties": {"id": "uo-gestione-amministrativa", "livello": "unita", "nome": "U.O. Gestione amministrativa", "area": "Area dell’Igiene e Salute, Politiche Abitative e Giovanili", "settore": "Capo Area responsabile Igiene e Salute, Benessere Animale – Canile Comunale, Politiche Abitative ed Assegnazione Erp", "responsabile": "Silvana Cantone (Funzionario Amministrativo)", "sede": "Via Montalbo, 249", "indirizzo": "Via Montalbo, 249, 90142 Palermo PA, Italia", "telefoni": ["0917409350", "0917409375", "0917409376"], "email": ["s.cantone@comune.palermo.it", "sostegnoaffitto@cert.comune.palermo.it", "sostegnoaffitto@comune.palermo.it"], "pec": ["sostegnoaffitto@cert.comune.palermo.it"], "url": "https://www.comune.palermo.it/amministrazione/unita_organizzativa/uo-gestione-amministrativa/", "colore": "#ff6f61"}}, {"type": "Feature", "geometry": {"type": "Point", "coordinates": [13.3573769, 38.1175278]}, "properties": {"id": "ufficio-politiche-giovanili-e-igiene-pubblica", "livello": "settore", "nome": "Ufficio Politiche Giovanili e Igiene Pubblica", "area": "Area dell’Igiene e Salute, Politiche Abitative e Giovanili", "settore": "Ufficio Politiche Giovanili e Igiene Pubblica", "responsabile": "Roberto Raineri (Dirigente Amministrativo)", "sede": "Ex Caserma Falletta", "indirizzo": "Via dello Spirito Santo a Monte Pietà, 35, 90134 Palermo PA, Italia", "telefoni": ["091 7407305", "091 7407364", "091 7407389"], "email": ["igieneesanita@cert.comune.palermo.it", "igienepubblica@comune.palermo.it", "politichegiovanili@comune.palermo.it", "politichegiovanilieigienepubblica@cert.comune.palermo.it"], "pec": ["igieneesanita@cert.comune.palermo.it", "politichegiovanilieigienepubblica@cert.comune.palermo.it"], "url": "https://www.comune.palermo.it/amministrazione/unita_organizzativa/ufficio-politiche-giovanili-e-igiene-pubblica/", "colore": "#ff6f61"}}, {"type": "Feature", "geometry": {"type": "Point", "coordinates": [13.3573769, 38.1175278]}, "properties": {"id": "uo-igiene-pubblica-e-politiche-giovanili", "livello": "unita", "nome": "U.O. Igiene Pubblica e Politiche Giovanili", "area": "Area dell’Igiene e Salute, Politiche Abitative e Giovanili", "settore": "Ufficio Politiche Giovanili e Igiene Pubblica", "responsabile": "Flavia Mercurio", "sede": "Ex Caserma Falletta", "indirizzo": "Via dello Spirito Santo a Monte Pietà, 35, 90134 Palermo PA, Italia", "telefoni": ["091 7407389"], "email": ["igienepubblica@comune.palermo.it", "politichegiovanili@comune.palermo.it", "politichegiovanilieigienepubblica@cert.comune.palermo.it"], "pec": ["politichegiovanilieigienepubblica@cert.comune.palermo.it"], "url": "https://www.comune.palermo.it/amministrazione/unita_organizzativa/uo-igiene-pubblica-e-politiche-giovanili/", "colore": "#ff6f61"}}, {"type": "Feature", "geometry": {"type": "Point", "coordinates": [13.3573769, 38.1175278]}, "properties": {"id": "uo-politiche-giovanili-e-servizio-civile-universale", "livello": "unita", "nome": "U.O. Politiche giovanili e servizio civile universale", "area": "Area dell’Igiene e Salute, Politiche Abitative e Giovanili", "settore": "Ufficio Politiche Giovanili e Igiene Pubblica", "responsabile": "", "sede": "Ex Caserma Falletta", "indirizzo": "Via dello Spirito Santo a Monte Pietà, 35, 90134 Palermo PA, Italia", "telefoni": ["091 7407364"], "email": ["politichegiovanili@comune.palermo.it", "politichegiovanilieigienepubblica@cert.comune.palermo.it"], "pec": ["politichegiovanilieigienepubblica@cert.comune.palermo.it"], "url": "https://www.comune.palermo.it/amministrazione/unita_organizzativa/uo-politiche-giovanili-e-servizio-civile-universale/", "colore": "#ff6f61"}}, {"type": "Feature", "geometry": {"type": "Point", "coordinates": [13.3573769, 38.1175278]}, "properties": {"id": "uo-staff-direzione", "livello": "unita", "nome": "U.O. Staff Direzione", "area": "Area dell’Igiene e Salute, Politiche Abitative e Giovanili", "settore": "Ufficio Politiche Giovanili e Igiene Pubblica", "responsabile": "Sandra Biasini", "sede": "Ex Caserma Falletta", "indirizzo": "Via dello Spirito Santo a Monte Pietà, 35, 90134 Palermo PA, Italia", "telefoni": ["091 7407305"], "email": ["politichegiovanili@comune.palermo.it", "politichegiovanilieigienepubblica@cert.comune.palermo.it"], "pec": ["politichegiovanilieigienepubblica@cert.comune.palermo.it"], "url": "https://www.comune.palermo.it/amministrazione/unita_organizzativa/uo-staff-direzione/", "colore": "#ff6f61"}}, {"type": "Feature", "geometry": {"type": "Point", "coordinates": [13.3668992, 38.1170384]}, "properties": {"id": "direzione-generale-e-programmazione-strategica-2", "livello": "area", "nome": "Direzione Generale e Programmazione Strategica", "area": "Direzione Generale e Programmazione Strategica", "settore": "", "responsabile": "Eugenio Ceglia (Direttore Generale)", "sede": "Palazzo Galletti di S. Cataldo", "indirizzo": "Piazza Marina, 46, 90133 Palermo PA", "telefoni": ["0917406300", "0917406311"], "email": ["direttore.generale@cert.comune.palermo.it", "staff.direzione@comune.palermo.it"], "pec": ["direttore.generale@cert.comune.palermo.it"], "url": "https://www.comune.palermo.it/amministrazione/unita_organizzativa/direzione-generale-e-programmazione-strategica-2/", "colore": "#00796b"}}, {"type": "Feature", "geometry": {"type": "Point", "coordinates": [13.3668992, 38.1170384]}, "properties": {"id": "direttore-generale", "livello": "settore", "nome": "Direttore Generale", "area": "Direzione Generale e Programmazione Strategica", "settore": "Direttore Generale", "responsabile": "Eugenio Ceglia (Direttore Generale)", "sede": "Palazzo Galletti di S. Cataldo", "indirizzo": "Piazza Marina, 46, 90133 Palermo PA", "telefoni": ["0917406300", "0917406311"], "email": ["direttore.generale@cert.comune.palermo.it", "staff.direzione@comune.palermo.it"], "pec": ["direttore.generale@cert.comune.palermo.it"], "url": "https://www.comune.palermo.it/amministrazione/unita_organizzativa/direttore-generale/", "colore": "#00796b"}}, {"type": "Feature", "geometry": {"type": "Point", "coordinates": [13.3668992, 38.1170384]}, "properties": {"id": "uo-affari-generali-e-segreteria", "livello": "unita", "nome": "U.O. Affari Generali e Segreteria", "area": "Direzione Generale e Programmazione Strategica", "settore": "Direttore Generale", "responsabile": "Paolo Di Matteo (Funzionario Amministrativo)", "sede": "Palazzo Galletti di S. Cataldo", "indirizzo": "Piazza Marina, 46, 90133 Palermo PA", "telefoni": ["0917406337"], "email": ["direttore.generale@cert.comune.palermo.it", "p.dimatteo@comune.palermo.it"], "pec": ["direttore.generale@cert.comune.palermo.it"], "url": "https://www.comune.palermo.it/amministrazione/unita_organizzativa/uo-affari-generali-e-segreteria/", "colore": "#00796b"}}, {"type": "Feature", "geometry": {"type": "Point", "coordinates": [13.3668992, 38.1170384]}, "properties": {"id": "uo-comitato-sicurezza-dei-datori-di-lavoro", "livello": "unita", "nome": "U.O. Comitato sicurezza dei datori di lavoro", "area": "Direzione Generale e Programmazione Strategica", "settore": "Direttore Generale", "responsabile": "Vincenzo Lauriano (Funzionario Tecnico Progettista)", "sede": "Palazzo Galletti di S. Cataldo", "indirizzo": "Piazza Marina, 46, 90133 Palermo PA", "telefoni": ["0917406302"], "email": ["v.lauriano@comune.palermo.it"], "pec": [], "url": "https://www.comune.palermo.it/amministrazione/unita_organizzativa/uo-comitato-sicurezza-dei-datori-di-lavoro/", "colore": "#00796b"}}, {"type": "Feature", "geometry": {"type": "Point", "coordinates": [13.370036, 38.1167363]}, "properties": {"id": "uo-controlli", "livello": "unita", "nome": "U.O. Controlli", "area": "Direzione Generale e Programmazione Strategica", "settore": "Direttore Generale", "responsabile": "Phyllis Mary Donze' (Funzionario Contabile)", "sede": "Palazzo Palagonia", "indirizzo": "Via del Quattro Aprile, 4, 90133 Palermo PA, Italia", "telefoni": ["0917405609", "0917406360"], "email": ["controllo.direzionegenerale@comune.palermo.it", "direttore.generale@cert.comune.palermo.it"], "pec": ["direttore.generale@cert.comune.palermo.it"], "url": "https://www.comune.palermo.it/amministrazione/unita_organizzativa/uo-controlli/", "colore": "#00796b"}}, {"type": "Feature", "geometry": {"type": "Point", "coordinates": [13.370036, 38.1167363]}, "properties": {"id": "uo-organizzazione-e-valutazione", "livello": "unita", "nome": "U.O. Organizzazione e Valutazione", "area": "Direzione Generale e Programmazione Strategica", "settore": "Direttore Generale", "responsabile": "Maria Rosaria Marasa' (Funzionario Amministrativo)", "sede": "Palazzo Palagonia", "indirizzo": "Via del Quattro Aprile, 4, 90133 Palermo PA, Italia", "telefoni": ["0917405605"], "email": ["m.marasa@comune.palermo.it", "pecdirezionegenerale@cert.comune.palermo.it"], "pec": ["pecdirezionegenerale@cert.comune.palermo.it"], "url": "https://www.comune.palermo.it/amministrazione/unita_organizzativa/uo-organizzazione-e-valutazione/", "colore": "#00796b"}}, {"type": "Feature", "geometry": {"type": "Point", "coordinates": [13.3668992, 38.1170384]}, "properties": {"id": "uo-verifica-e-monitoraggio-a-supporto-delle-funzioni-di-coordinamento-degli-uffici-comunali", "livello": "unita", "nome": "U.O. Verifica e monitoraggio a supporto delle funzioni di coordinamento degli uffici comunali", "area": "Direzione Generale e Programmazione Strategica", "settore": "Direttore Generale", "responsabile": "Marco Emiliano Di Marzo (Funzionario Amministrativo)", "sede": "Palazzo Galletti di S. Cataldo", "indirizzo": "Piazza Marina, 46, 90133 Palermo PA", "telefoni": ["0917406388"], "email": ["direttore.generale@cert.comune.palermo.it", "m.e.dimarzo@comune.palermo.it"], "pec": ["direttore.generale@cert.comune.palermo.it"], "url": "https://www.comune.palermo.it/amministrazione/unita_organizzativa/uo-verifica-e-monitoraggio-a-supporto-delle-funzioni-di-coordinamento-degli-uffici-comunali/", "colore": "#00796b"}}, {"type": "Feature", "geometry": {"type": "Point", "coordinates": [13.370036, 38.1167363]}, "properties": {"id": "direttore-generale-vicario", "livello": "settore", "nome": "Direttore Generale Vicario", "area": "Direzione Generale e Programmazione Strategica", "settore": "Direttore Generale Vicario", "responsabile": "Sergio Maneri (Dirigente Amministrativo)", "sede": "Palazzo Palagonia", "indirizzo": "Via del Quattro Aprile, 4, 90133 Palermo PA, Italia", "telefoni": ["0917408553"], "email": [], "pec": [], "url": "https://www.comune.palermo.it/amministrazione/unita_organizzativa/direttore-generale-vicario/", "colore": "#00796b"}}, {"type": "Feature", "geometry": {"type": "Point", "coordinates": [13.370036, 38.1167363]}, "properties": {"id": "uo-coordinamento-e-monitoraggio-economico-finanziario", "livello": "unita", "nome": "U.O. Coordinamento e monitoraggio economico finanziario", "area": "Direzione Generale e Programmazione Strategica", "settore": "Direttore Generale Vicario", "responsabile": "Fabio Lo Baido (Funzionario Contabile)", "sede": "Palazzo Palagonia", "indirizzo": "Via del Quattro Aprile, 4, 90133 Palermo PA, Italia", "telefoni": ["091 7405629"], "email": ["organizzazione.direzionegenerale@comune.palermo.it", "pecdirezionegenerale@cert.comune.palermo.it"], "pec": ["pecdirezionegenerale@cert.comune.palermo.it"], "url": "https://www.comune.palermo.it/amministrazione/unita_organizzativa/uo-coordinamento-e-monitoraggio-economico-finanziario/", "colore": "#00796b"}}, {"type": "Feature", "geometry": {"type": "Point", "coordinates": [13.370036, 38.1167363]}, "properties": {"id": "uo-formazione-e-supporto-attivit-delegate-al-direttore-generale-vicario", "livello": "unita", "nome": "U.O. Formazione e supporto attività delegate al Direttore Generale Vicario", "area": "Direzione Generale e Programmazione Strategica", "settore": "Direttore Generale Vicario", "responsabile": "Teresa Daniela Terzo (Funzionario Amministrativo)", "sede": "Palazzo Palagonia", "indirizzo": "Via del Quattro Aprile, 4, 90133 Palermo PA, Italia", "telefoni": ["091 7408532"], "email": ["formazionedipendenti@comune.palermo.it"], "pec": [], "url": "https://www.comune.palermo.it/amministrazione/unita_organizzativa/uo-formazione-e-supporto-attivit-delegate-al-direttore-generale-vicario/", "colore": "#00796b"}}, {"type": "Feature", "geometry": {"type": "Point", "coordinates": [13.370036, 38.1167363]}, "properties": {"id": "uo-segreteria-staff-dgv", "livello": "unita", "nome": "U.O. Segreteria Staff DGV", "area": "Direzione Generale e Programmazione Strategica", "settore": "Direttore Generale Vicario", "responsabile": "Francesca Paola Perniciaro (Funzionario Amministrativo)", "sede": "Palazzo Palagonia", "indirizzo": "Via del Quattro Aprile, 4, 90133 Palermo PA, Italia", "telefoni": ["091 7405606", "091 7408553"], "email": ["organizzazione.direzionegenerale@comune.palermo.it", "pecdirezionegenerale@cert.comune.palermo.it"], "pec": ["pecdirezionegenerale@cert.comune.palermo.it"], "url": "https://www.comune.palermo.it/amministrazione/unita_organizzativa/uo-segreteria-staff-dgv/", "colore": "#00796b"}}, {"type": "Feature", "geometry": {"type": "Point", "coordinates": [13.370036, 38.1167363]}, "properties": {"id": "supporto-amministrativo-ai-partenariati-pubblicoprivato-alla-gestione-di-progetti-speciali-e-alla-attrazione-di-investimenti", "livello": "settore", "nome": "Supporto amministrativo ai partenariati pubblico-privato, alla gestione di progetti speciali e alla attrazione di investimenti", "area": "Direzione Generale e Programmazione Strategica", "settore": "Supporto amministrativo ai partenariati pubblico-privato, alla gestione di progetti speciali e alla attrazione di investimenti", "responsabile": "Massimo Rizzuto (Dirigente Amministrativo)", "sede": "Palazzo Palagonia", "indirizzo": "Via del Quattro Aprile, 4, 90133 Palermo PA, Italia", "telefoni": ["0917405667", "0917408528"], "email": ["progettistrategici-ppp@cert.comune.palermo.it", "progettistrategici-ppp@comune.palermo.it"], "pec": ["progettistrategici-ppp@cert.comune.palermo.it"], "url": "https://www.comune.palermo.it/amministrazione/unita_organizzativa/supporto-amministrativo-ai-partenariati-pubblicoprivato-alla-gestione-di-progetti-speciali-e-alla-attrazione-di-investimenti/", "colore": "#00796b"}}, {"type": "Feature", "geometry": {"type": "Point", "coordinates": [13.370036, 38.1167363]}, "properties": {"id": "uo-staff-dirigente-supporto-amministrativo-ai-partenariati-pubblico-privato", "livello": "unita", "nome": "U.O. Staff Dirigente Supporto amministrativo ai partenariati pubblico-privato", "area": "Direzione Generale e Programmazione Strategica", "settore": "Supporto amministrativo ai partenariati pubblico-privato, alla gestione di progetti speciali e alla attrazione di investimenti", "responsabile": "Natale Rosselli (Funzionario Amministrativo)", "sede": "Palazzo Palagonia", "indirizzo": "Via del Quattro Aprile, 4, 90133 Palermo PA, Italia", "telefoni": ["0917405639", "0917405667"], "email": ["n.rosselli@comune.palermo.it", "progettistrategici-ppp@cert.comune.palermo.it", "progettistrategici-ppp@comune.palermo.it"], "pec": ["progettistrategici-ppp@cert.comune.palermo.it"], "url": "https://www.comune.palermo.it/amministrazione/unita_organizzativa/uo-staff-dirigente-supporto-amministrativo-ai-partenariati-pubblico-privato/", "colore": "#00796b"}}, {"type": "Feature", "geometry": {"type": "Point", "coordinates": [13.370036, 38.1167363]}, "properties": {"id": "uo-supporto-amministrativo-ai-partenariati-pubblico-privato", "livello": "unita", "nome": "U.O. Supporto amministrativo ai partenariati pubblico-privato", "area": "Direzione Generale e Programmazione Strategica", "settore": "Supporto amministrativo ai partenariati pubblico-privato, alla gestione di progetti speciali e alla attrazione di investimenti", "responsabile": "Germana Console (Funzionario Amministrativo)", "sede": "Palazzo Palagonia", "indirizzo": "Via del Quattro Aprile, 4, 90133 Palermo PA, Italia", "telefoni": ["0917405667", "0917408528"], "email": ["g.console@comune.palermo.it", "progettistrategici-ppp@cert.comune.palermo.it", "progettistrategici-ppp@comune.palermo.it"], "pec": ["progettistrategici-ppp@cert.comune.palermo.it"], "url": "https://www.comune.palermo.it/amministrazione/unita_organizzativa/uo-supporto-amministrativo-ai-partenariati-pubblico-privato/", "colore": "#00796b"}}, {"type": "Feature", "geometry": {"type": "Point", "coordinates": [13.370036, 38.1167363]}, "properties": {"id": "uo-supporto-amministrativo-ai-progetti-speciali-e-attrazione-investimenti", "livello": "unita", "nome": "U.O. Supporto Amministrativo ai Progetti Speciali e Attrazione Investimenti", "area": "Direzione Generale e Programmazione Strategica", "settore": "Supporto amministrativo ai partenariati pubblico-privato, alla gestione di progetti speciali e alla attrazione di investimenti", "responsabile": "Diego Bellia (Funzionario Amministrativo)", "sede": "Palazzo Palagonia", "indirizzo": "Via del Quattro Aprile, 4, 90133 Palermo PA, Italia", "telefoni": ["0917405667", "0917405676"], "email": ["d.bellia@comune.palermo.it", "progettistrategici-ppp@cert.comune.palermo.it", "progettistrategici-ppp@comune.palermo.it"], "pec": ["progettistrategici-ppp@cert.comune.palermo.it"], "url": "https://www.comune.palermo.it/amministrazione/unita_organizzativa/uo-supporto-amministrativo-ai-progetti-speciali-e-attrazione-investimenti/", "colore": "#00796b"}}, {"type": "Feature", "geometry": {"type": "Point", "coordinates": [13.3573769, 38.1175278]}, "properties": {"id": "ufficio-di-staff-innovazione-digitale-e-informatizzazione", "livello": "settore", "nome": "Ufficio di Staff Innovazione Digitale e Informatizzazione", "area": "Direzione Generale e Programmazione Strategica", "settore": "Ufficio di Staff Innovazione Digitale e Informatizzazione", "responsabile": "Sergio Maneri (Dirigente Amministrativo)", "sede": "Ex Caserma Falletta", "indirizzo": "Via dello Spirito Santo a Monte Pietà, 35, 90134 Palermo PA, Italia", "telefoni": ["0917407389"], "email": ["innovazione@cert.comune.palermo.it", "innovazione@comune.palermo.it"], "pec": ["innovazione@cert.comune.palermo.it"], "url": "https://www.comune.palermo.it/amministrazione/unita_organizzativa/ufficio-di-staff-innovazione-digitale-e-informatizzazione/", "colore": "#00796b"}}, {"type": "Feature", "geometry": {"type": "Point", "coordinates": [13.3573769, 38.1175278]}, "properties": {"id": "uo-direzione-e-affari-generali-e-supporto-amministrativo-alla-uo-transizione-digitale-e-sitec", "livello": "unita", "nome": "U.O. Direzione e Affari Generali e supporto amministrativo alla U.O. Transizione digitale e SITEC", "area": "Direzione Generale e Programmazione Strategica", "settore": "Ufficio di Staff Innovazione Digitale e Informatizzazione", "responsabile": "Anna Maria La Rocca (Funzionario Amministrativo)", "sede": "Ex Caserma Falletta", "indirizzo": "Via dello Spirito Santo a Monte Pietà, 35, 90134 Palermo PA, Italia", "telefoni": ["0917407353"], "email": ["a.larocca@comune.palermo.it", "innovazione@cert.comune.palermo.it", "innovazione@comune.palermo.it"], "pec": ["innovazione@cert.comune.palermo.it"], "url": "https://www.comune.palermo.it/amministrazione/unita_organizzativa/uo-direzione-e-affari-generali-e-supporto-amministrativo-alla-uo-transizione-digitale-e-sitec/", "colore": "#00796b"}}, {"type": "Feature", "geometry": {"type": "Point", "coordinates": [13.3573769, 38.1175278]}, "properties": {"id": "uo-gestione-sistemi-di-telefonia-e-sviluppo-tecnologico", "livello": "unita", "nome": "U.O. Gestione Sistemi di Telefonia e Sviluppo Tecnologico", "area": "Direzione Generale e Programmazione Strategica", "settore": "Ufficio di Staff Innovazione Digitale e Informatizzazione", "responsabile": "Angelo Barberi Frandanisa (Funzionario Amministrativo)", "sede": "Ex Caserma Falletta", "indirizzo": "Via dello Spirito Santo a Monte Pietà, 35, 90134 Palermo PA, Italia", "telefoni": ["0917407306"], "email": ["a.barberi@comune.palermo.it", "innovazione@cert.comune.palermo.it", "innovazione@comune.palermo.it"], "pec": ["innovazione@cert.comune.palermo.it"], "url": "https://www.comune.palermo.it/amministrazione/unita_organizzativa/uo-gestione-sistemi-di-telefonia-e-sviluppo-tecnologico/", "colore": "#00796b"}}, {"type": "Feature", "geometry": {"type": "Point", "coordinates": [13.3573769, 38.1175278]}, "properties": {"id": "uo-personale-ed-economato-ufficio-di-staff-innovazione-digitale-e-informatizzazione", "livello": "unita", "nome": "U.O. Personale ed Economato – Ufficio di Staff Innovazione Digitale e Informatizzazione", "area": "Direzione Generale e Programmazione Strategica", "settore": "Ufficio di Staff Innovazione Digitale e Informatizzazione", "responsabile": "Rosalia Giacalone (Istruttore Amministrativo)", "sede": "Ex Caserma Falletta", "indirizzo": "Via dello Spirito Santo a Monte Pietà, 35, 90134 Palermo PA, Italia", "telefoni": ["0917407363"], "email": ["innovazione@cert.comune.palermo.it", "innovazione@comune.palermo.it", "r.giacalone@comune.palermo.it"], "pec": ["innovazione@cert.comune.palermo.it"], "url": "https://www.comune.palermo.it/amministrazione/unita_organizzativa/uo-personale-ed-economato-ufficio-di-staff-innovazione-digitale-e-informatizzazione/", "colore": "#00796b"}}, {"type": "Feature", "geometry": {"type": "Point", "coordinates": [13.3573769, 38.1175278]}, "properties": {"id": "uo-segreteria-assessore-ufficio-di-staff-innovazione-digitale-e-informatizzazione", "livello": "unita", "nome": "U.O. Segreteria Assessore – Ufficio di Staff Innovazione Digitale e Informatizzazione", "area": "Direzione Generale e Programmazione Strategica", "settore": "Ufficio di Staff Innovazione Digitale e Informatizzazione", "responsabile": "Anna Antico (Collaboratore Professionale Amministrativo)", "sede": "Ex Caserma Falletta", "indirizzo": "Via dello Spirito Santo a Monte Pietà, 35, 90134 Palermo PA, Italia", "telefoni": ["0917407347"], "email": ["innovazione@cert.comune.palermo.it", "innovazione@comune.palermo.it"], "pec": ["innovazione@cert.comune.palermo.it"], "url": "https://www.comune.palermo.it/amministrazione/unita_organizzativa/uo-segreteria-assessore-ufficio-di-staff-innovazione-digitale-e-informatizzazione/", "colore": "#00796b"}}, {"type": "Feature", "geometry": {"type": "Point", "coordinates": [13.3573769, 38.1175278]}, "properties": {"id": "uotransizione-digitale-e-sitec", "livello": "unita", "nome": "U.O. Transizione digitale e SITEC", "area": "Direzione Generale e Programmazione Strategica", "settore": "Ufficio di Staff Innovazione Digitale e Informatizzazione", "responsabile": "Ciro Spataro (Funzionario Tecnico)", "sede": "Ex Caserma Falletta", "indirizzo": "Via dello Spirito Santo a Monte Pietà, 35, 90134 Palermo PA, Italia", "telefoni": ["0917407340"], "email": ["c.spataro@comune.palermo.it", "innovazione@cert.comune.palermo.it", "innovazione@comune.palermo.it"], "pec": ["innovazione@cert.comune.palermo.it"], "url": "https://www.comune.palermo.it/amministrazione/unita_organizzativa/uotransizione-digitale-e-sitec/", "colore": "#00796b"}}, {"type": "Feature", "geometry": {"type": "Point", "coordinates": [13.3573769, 38.1175278]}, "properties": {"id": "uo-webmaster-nodo-sitr-comunale", "livello": "unita", "nome": "U.O. Webmaster / Nodo SITR Comunale", "area": "Direzione Generale e Programmazione Strategica", "settore": "Ufficio di Staff Innovazione Digitale e Informatizzazione", "responsabile": "Giuseppe Meli (Funzionario Tecnico - Webmaster)", "sede": "Ex Caserma Falletta", "indirizzo": "Via dello Spirito Santo a Monte Pietà, 35, 90134 Palermo PA, Italia", "telefoni": ["0917407370", "0917407371", "0917407391"], "email": ["g.meli@comune.palermo.it", "webmaster@comune.palermo.it"], "pec": [], "url": "https://www.comune.palermo.it/amministrazione/unita_organizzativa/uo-webmaster-nodo-sitr-comunale/", "colore": "#00796b"}}, {"type": "Feature", "geometry": {"type": "Point", "coordinates": [13.3633977, 38.1172739]}, "properties": {"id": "ragioneria-generale-2", "livello": "area", "nome": "Ragioneria Generale", "area": "Ragioneria Generale", "settore": "", "responsabile": "Bohuslav Basile (Dirigente Contabile)", "sede": "Via Roma, 209", "indirizzo": "Via Roma, 209, 90133 Palermo PA, Italia", "telefoni": ["0917403601", "0917403602"], "email": ["ragioneriagenerale@cert.comune.palermo.it", "ragioneriagenerale@comune.palermo.it"], "pec": ["ragioneriagenerale@cert.comune.palermo.it"], "url": "https://www.comune.palermo.it/amministrazione/unita_organizzativa/ragioneria-generale-2/", "colore": "#6a1b9a"}}, {"type": "Feature", "geometry": {"type": "Point", "coordinates": [13.3633977, 38.1172739]}, "properties": {"id": "ragioniere-generale", "livello": "settore", "nome": "Ragioniere Generale", "area": "Ragioneria Generale", "settore": "Ragioniere Generale", "responsabile": "Bohuslav Basile (Dirigente Contabile)", "sede": "Via Roma, 209", "indirizzo": "Via Roma, 209, 90133 Palermo PA, Italia", "telefoni": ["0917403601", "0917403602"], "email": ["ragioneriagenerale@cert.comune.palermo.it", "ragioneriagenerale@comune.palermo.it"], "pec": ["ragioneriagenerale@cert.comune.palermo.it"], "url": "https://www.comune.palermo.it/amministrazione/unita_organizzativa/ragioniere-generale/", "colore": "#6a1b9a"}}, {"type": "Feature", "geometry": {"type": "Point", "coordinates": [13.3633977, 38.1172739]}, "properties": {"id": "uo-agenti-contabili-dematerializzazione-coordinamento-rendicontazioni-ex-art-158-tuel", "livello": "unita", "nome": "U.O. Agenti contabili dematerializzazione", "area": "Ragioneria Generale", "settore": "Ragioniere Generale", "responsabile": "Simonetta Passarello (Funzionario Contabile)", "sede": "Via Roma, 209", "indirizzo": "Via Roma, 209, 90133 Palermo PA, Italia", "telefoni": ["0917403606"], "email": ["ragioneriagenerale@cert.comune.palermo.it", "ragioneriagenerale@comune.palermo.it"], "pec": ["ragioneriagenerale@cert.comune.palermo.it"], "url": "https://www.comune.palermo.it/amministrazione/unita_organizzativa/uo-agenti-contabili-dematerializzazione-coordinamento-rendicontazioni-ex-art-158-tuel/", "colore": "#6a1b9a"}}, {"type": "Feature", "geometry": {"type": "Point", "coordinates": [13.3633977, 38.1172739]}, "properties": {"id": "uo-bilancio", "livello": "unita", "nome": "U.O. Bilancio", "area": "Ragioneria Generale", "settore": "Ragioniere Generale", "responsabile": "Ernesto La Rocca (Funzionario Contabile)", "sede": "Via Roma, 209", "indirizzo": "Via Roma, 209, 90133 Palermo PA, Italia", "telefoni": ["0917403683"], "email": ["ragioneriagenerale@cert.comune.palermo.it", "ragioneriagenerale@comune.palermo.it", "ufficiobilancio@comune.palermo.it"], "pec": ["ragioneriagenerale@cert.comune.palermo.it"], "url": "https://www.comune.palermo.it/amministrazione/unita_organizzativa/uo-bilancio/", "colore": "#6a1b9a"}}, {"type": "Feature", "geometry": {"type": "Point", "coordinates": [13.3633977, 38.1172739]}, "properties": {"id": "uo-direzione", "livello": "unita", "nome": "U.O. Direzione", "area": "Ragioneria Generale", "settore": "Ragioniere Generale", "responsabile": "Enrica Maria Candida Sarcinelli (Funzionario Contabile)", "sede": "Via Roma, 209", "indirizzo": "Via Roma, 209, 90133 Palermo PA, Italia", "telefoni": ["091 7403577"], "email": ["ragioneriagenerale@cert.comune.palermo.it", "ragioneriagenerale@comune.palermo.it"], "pec": ["ragioneriagenerale@cert.comune.palermo.it"], "url": "https://www.comune.palermo.it/amministrazione/unita_organizzativa/uo-direzione/", "colore": "#6a1b9a"}}, {"type": "Feature", "geometry": {"type": "Point", "coordinates": [13.3633977, 38.1172739]}, "properties": {"id": "uo-segreteria", "livello": "unita", "nome": "U.O. Segreteria", "area": "Ragioneria Generale", "settore": "Ragioniere Generale", "responsabile": "Giuseppe Notaro (Funzionario Amministrativo)", "sede": "Via Roma, 209", "indirizzo": "Via Roma, 209, 90133 Palermo PA, Italia", "telefoni": ["0917403598"], "email": ["ragioneriagenerale@cert.comune.palermo.it", "ragioneriagenerale@comune.palermo.it"], "pec": ["ragioneriagenerale@cert.comune.palermo.it"], "url": "https://www.comune.palermo.it/amministrazione/unita_organizzativa/uo-segreteria/", "colore": "#6a1b9a"}}, {"type": "Feature", "geometry": {"type": "Point", "coordinates": [13.3633977, 38.1172739]}, "properties": {"id": "uo-sicurezza-e-tutela-della-privacy", "livello": "unita", "nome": "U.O. Sicurezza e tutela della privacy", "area": "Ragioneria Generale", "settore": "Ragioniere Generale", "responsabile": "Vincenzo Torregrossa (Funzionario Contabile)", "sede": "Via Roma, 209", "indirizzo": "Via Roma, 209, 90133 Palermo PA, Italia", "telefoni": ["091 7403648"], "email": ["ragioneriagenerale@cert.comune.palermo.it", "ragioneriagenerale@comune.palermo.it"], "pec": ["ragioneriagenerale@cert.comune.palermo.it"], "url": "https://www.comune.palermo.it/amministrazione/unita_organizzativa/uo-sicurezza-e-tutela-della-privacy/", "colore": "#6a1b9a"}}, {"type": "Feature", "geometry": {"type": "Point", "coordinates": [13.3633977, 38.1172739]}, "properties": {"id": "tesoreria-e-cassa", "livello": "unita", "nome": "U.O. Tesoreria Comunale e Borderaux", "area": "Ragioneria Generale", "settore": "Ragioniere Generale", "responsabile": "Fabio Cardaci (Funzionario Contabile)", "sede": "Via Roma, 209", "indirizzo": "Via Roma, 209, 90133 Palermo PA, Italia", "telefoni": ["0917403609"], "email": ["ragioneriagenerale@cert.comune.palermo.it", "ragioneriagenerale@comune.palermo.it"], "pec": ["ragioneriagenerale@cert.comune.palermo.it"], "url": "https://www.comune.palermo.it/amministrazione/unita_organizzativa/tesoreria-e-cassa/", "colore": "#6a1b9a"}}, {"type": "Feature", "geometry": {"type": "Point", "coordinates": [13.3633977, 38.1172739]}, "properties": {"id": "ufficio-stipendi-ed-economato", "livello": "settore", "nome": "Ufficio Stipendi ed economato", "area": "Ragioneria Generale", "settore": "Ufficio Stipendi ed economato", "responsabile": "Nicoletta Mangiapane (Dirigente Contabile)", "sede": "Via Roma, 209", "indirizzo": "Via Roma, 209, 90133 Palermo PA, Italia", "telefoni": [], "email": ["ragioneriagenerale@cert.comune.palermo.it", "ragioneriagenerale@comune.palermo.it", "ufficiostipendi@comune.palermo.it"], "pec": ["ragioneriagenerale@cert.comune.palermo.it"], "url": "https://www.comune.palermo.it/amministrazione/unita_organizzativa/ufficio-stipendi-ed-economato/", "colore": "#6a1b9a"}}, {"type": "Feature", "geometry": {"type": "Point", "coordinates": [13.3633977, 38.1172739]}, "properties": {"id": "uo-anfinail", "livello": "unita", "nome": "U.O. ANF/INAIL", "area": "Ragioneria Generale", "settore": "Ufficio Stipendi ed economato", "responsabile": "Donatella Marotta (Funzionario Contabile)", "sede": "Via Roma, 209", "indirizzo": "Via Roma, 209, 90133 Palermo PA, Italia", "telefoni": ["0917403641", "0917403642", "0917403673", "0917403693"], "email": ["assegninucleofamiliareinail@comune.palermo.it", "personaleragioneria@cert.comune.palermo.it", "ragioneriagenerale@cert.comune.palermo.it", "ragioneriagenerale@comune.palermo.it"], "pec": ["personaleragioneria@cert.comune.palermo.it", "ragioneriagenerale@cert.comune.palermo.it"], "url": "https://www.comune.palermo.it/amministrazione/unita_organizzativa/uo-anfinail/", "colore": "#6a1b9a"}}, {"type": "Feature", "geometry": {"type": "Point", "coordinates": [13.3633977, 38.1172739]}, "properties": {"id": "uo-cessione-e-pignoramenti", "livello": "unita", "nome": "U.O. Cessione e Pignoramenti", "area": "Ragioneria Generale", "settore": "Ufficio Stipendi ed economato", "responsabile": "Stefano Fragapane (Funzionario Contabile)", "sede": "Via Roma, 209", "indirizzo": "Via Roma, 209, 90133 Palermo PA, Italia", "telefoni": ["0917403558", "0917403610", "0917403672", "0917403675"], "email": ["ragioneriagenerale@cert.comune.palermo.it", "ragioneriagenerale@comune.palermo.it"], "pec": ["ragioneriagenerale@cert.comune.palermo.it"], "url": "https://www.comune.palermo.it/amministrazione/unita_organizzativa/uo-cessione-e-pignoramenti/", "colore": "#6a1b9a"}}, {"type": "Feature", "geometry": {"type": "Point", "coordinates": [13.3633977, 38.1172739]}, "properties": {"id": "uo-pensioni-tfs-e-previdenza", "livello": "unita", "nome": "U.O. Pensioni, TFS e Previdenza", "area": "Ragioneria Generale", "settore": "Ufficio Stipendi ed economato", "responsabile": "Antonino Rera (Funzionario Amministrativo)", "sede": "Via Roma, 209", "indirizzo": "Via Roma, 209, 90133 Palermo PA, Italia", "telefoni": ["0917403515"], "email": ["antonio.rera@comune.palermo.it", "personaleragioneria@cert.comune.palermo.it", "ragioneriagenerale@cert.comune.palermo.it", "ufficiocontributi@comune.palermo.it", "ufficiopensioni@comune.palermo.it"], "pec": ["personaleragioneria@cert.comune.palermo.it", "ragioneriagenerale@cert.comune.palermo.it"], "url": "https://www.comune.palermo.it/amministrazione/unita_organizzativa/uo-pensioni-tfs-e-previdenza/", "colore": "#6a1b9a"}}, {"type": "Feature", "geometry": {"type": "Point", "coordinates": [13.3633977, 38.1172739]}, "properties": {"id": "uo-salario-accessorio", "livello": "unita", "nome": "U.O. Salario Accessorio", "area": "Ragioneria Generale", "settore": "Ufficio Stipendi ed economato", "responsabile": "Vincenza Sichera (Funzionario Amministrativo)", "sede": "Via Roma, 209", "indirizzo": "Via Roma, 209, 90133 Palermo PA, Italia", "telefoni": ["0917403663", "0917403664", "0917403666", "0917403669"], "email": ["ragioneriagenerale@cert.comune.palermo.it", "ragioneriagenerale@comune.palermo.it", "salarioaccessorio@comune.palermo.it", "v.sichera@comune.palermo.it"], "pec": ["ragioneriagenerale@cert.comune.palermo.it"], "url": "https://www.comune.palermo.it/amministrazione/unita_organizzativa/uo-salario-accessorio/", "colore": "#6a1b9a"}}, {"type": "Feature", "geometry": {"type": "Point", "coordinates": [13.3633977, 38.1172739]}, "properties": {"id": "uo-stipendi", "livello": "unita", "nome": "U.O. Stipendi", "area": "Ragioneria Generale", "settore": "Ufficio Stipendi ed economato", "responsabile": "Antonino Rera (Funzionario Amministrativo)", "sede": "Via Roma, 209", "indirizzo": "Via Roma, 209, 90133 Palermo PA, Italia", "telefoni": ["0917403515", "0917403640", "0917403643", "0917403644", "0917403645"], "email": ["antonio.rera@comune.palermo.it", "personale@cert.comune.palermo.it", "ragioneriagenerale@cert.comune.palermo.it", "ragioneriagenerale@comune.palermo.it", "ufficiostipendi@comune.palermo.it"], "pec": ["personale@cert.comune.palermo.it", "ragioneriagenerale@cert.comune.palermo.it"], "url": "https://www.comune.palermo.it/amministrazione/unita_organizzativa/uo-stipendi/", "colore": "#6a1b9a"}}, {"type": "Feature", "geometry": {"type": "Point", "coordinates": [13.3633977, 38.1172739]}, "properties": {"id": "vice-ragioniere-generale", "livello": "settore", "nome": "Vice Ragioniere Generale", "area": "Ragioneria Generale", "settore": "Vice Ragioniere Generale", "responsabile": "Francesco Donia (Dirigente Contabile)", "sede": "Via Roma, 209", "indirizzo": "Via Roma, 209, 90133 Palermo PA, Italia", "telefoni": ["0917403682"], "email": ["ragioneriagenerale@cert.comune.palermo.it", "viceragionieregenerale@comune.palermo.it"], "pec": ["ragioneriagenerale@cert.comune.palermo.it"], "url": "https://www.comune.palermo.it/amministrazione/unita_organizzativa/vice-ragioniere-generale/", "colore": "#6a1b9a"}}, {"type": "Feature", "geometry": {"type": "Point", "coordinates": [13.3633977, 38.1172739]}, "properties": {"id": "uo-archivio-vice-ragioniere-generale", "livello": "unita", "nome": "U.O. Archivio Vice Ragioniere Generale", "area": "Ragioneria Generale", "settore": "Vice Ragioniere Generale", "responsabile": "Laura Cassara' (Impiegato Amministrativo Contabile)", "sede": "Via Roma, 209", "indirizzo": "Via Roma, 209, 90133 Palermo PA, Italia", "telefoni": [], "email": ["viceragionieregenerale@comune.palermo.it"], "pec": [], "url": "https://www.comune.palermo.it/amministrazione/unita_organizzativa/uo-archivio-vice-ragioniere-generale/", "colore": "#6a1b9a"}}, {"type": "Feature", "geometry": {"type": "Point", "coordinates": [13.3633977, 38.1172739]}, "properties": {"id": "uo-contabilit-generale-economico-patrimoniale-e-organismi-partecipati", "livello": "unita", "nome": "U.O. Contabilità Generale, Economico Patrimoniale e Organismi Partecipati", "area": "Ragioneria Generale", "settore": "Vice Ragioniere Generale", "responsabile": "Giovanni Balistreri (Funzionario Contabile)", "sede": "Via Roma, 209", "indirizzo": "Via Roma, 209, 90133 Palermo PA, Italia", "telefoni": ["0917403571"], "email": ["contabilita@comune.palermo.it"], "pec": [], "url": "https://www.comune.palermo.it/amministrazione/unita_organizzativa/uo-contabilit-generale-economico-patrimoniale-e-organismi-partecipati/", "colore": "#6a1b9a"}}, {"type": "Feature", "geometry": {"type": "Point", "coordinates": [13.3633977, 38.1172739]}, "properties": {"id": "uo-interventi-finanziari-e-oopp", "livello": "unita", "nome": "U.O. Interventi Finanziari e OO.PP.", "area": "Ragioneria Generale", "settore": "Vice Ragioniere Generale", "responsabile": "Tommasa Sucameli (Funzionario Contabile)", "sede": "Via Roma, 209", "indirizzo": "Via Roma, 209, 90133 Palermo PA, Italia", "telefoni": ["0917403517", "0917403659"], "email": ["interventifinanziari@comune.palermo.it"], "pec": [], "url": "https://www.comune.palermo.it/amministrazione/unita_organizzativa/uo-interventi-finanziari-e-oopp/", "colore": "#6a1b9a"}}, {"type": "Feature", "geometry": {"type": "Point", "coordinates": [13.3633977, 38.1172739]}, "properties": {"id": "uo-protocollo-vice-ragioniere-generale-2", "livello": "unita", "nome": "U.O. Protocollo Vice Ragioniere Generale", "area": "Ragioneria Generale", "settore": "Vice Ragioniere Generale", "responsabile": "Laura Cassara' (Impiegato Amministrativo Contabile)", "sede": "Via Roma, 209", "indirizzo": "Via Roma, 209, 90133 Palermo PA, Italia", "telefoni": ["091 7403575"], "email": ["ragioneriagenerale@cert.comune.palermo.it", "viceragionieregenerale@comune.palermo.it"], "pec": ["ragioneriagenerale@cert.comune.palermo.it"], "url": "https://www.comune.palermo.it/amministrazione/unita_organizzativa/uo-protocollo-vice-ragioniere-generale-2/", "colore": "#6a1b9a"}}, {"type": "Feature", "geometry": {"type": "Point", "coordinates": [13.3633977, 38.1172739]}, "properties": {"id": "uo-segreteria-personale-archivio-protocollo", "livello": "unita", "nome": "U.O. Segreteria Personale – Archivio – Protocollo", "area": "Ragioneria Generale", "settore": "Vice Ragioniere Generale", "responsabile": "Domenico Megna (Istruttore Contabile)", "sede": "Via Roma, 209", "indirizzo": "Via Roma, 209, 90133 Palermo PA, Italia", "telefoni": ["0917403570"], "email": ["viceragionieregenerale@comune.palermo.it"], "pec": [], "url": "https://www.comune.palermo.it/amministrazione/unita_organizzativa/uo-segreteria-personale-archivio-protocollo/", "colore": "#6a1b9a"}}, {"type": "Feature", "geometry": {"type": "Point", "coordinates": [13.3633977, 38.1172739]}, "properties": {"id": "uo-ufficio-impegni", "livello": "unita", "nome": "U.O. Ufficio Impegni", "area": "Ragioneria Generale", "settore": "Vice Ragioniere Generale", "responsabile": "Rosalia La Rosa (Funzionario Amministrativo)", "sede": "Via Roma, 209", "indirizzo": "Via Roma, 209, 90133 Palermo PA, Italia", "telefoni": ["0917403668", "0917403681"], "email": ["ufficioimpegni@comune.palermo.it"], "pec": [], "url": "https://www.comune.palermo.it/amministrazione/unita_organizzativa/uo-ufficio-impegni/", "colore": "#6a1b9a"}}, {"type": "Feature", "geometry": {"type": "Point", "coordinates": [13.3633977, 38.1172739]}, "properties": {"id": "ufficio-spese-ed-entrate", "livello": "settore", "nome": "Ufficio spese ed entrate", "area": "Ragioneria Generale", "settore": "Ufficio spese ed entrate", "responsabile": "Grace Fatta (Dirigente Contabile)", "sede": "Via Roma, 209", "indirizzo": "Via Roma, 209, 90133 Palermo PA, Italia", "telefoni": ["0917403604"], "email": ["economato@comune.palermo.it", "entrate@comune.palermo.it", "ragioneriagenerale@cert.comune.palermo.it", "serviziospese@comune.palermo.it", "tributarioentrate@comune.palermo.it"], "pec": ["ragioneriagenerale@cert.comune.palermo.it"], "url": "https://www.comune.palermo.it/amministrazione/unita_organizzativa/ufficio-spese-ed-entrate/", "colore": "#6a1b9a"}}, {"type": "Feature", "geometry": {"type": "Point", "coordinates": [13.3633977, 38.1172739]}, "properties": {"id": "uo-contenzioso", "livello": "unita", "nome": "U.O. Contenzioso", "area": "Ragioneria Generale", "settore": "Ufficio spese ed entrate", "responsabile": "Giovanni Ferraro (Funzionario Contabile)", "sede": "Via Roma, 209", "indirizzo": "Via Roma, 209, 90133 Palermo PA, Italia", "telefoni": ["0917403615", "0917403616"], "email": ["g.ferraro@comune.palermo.it", "pagamentidfbcontenzioso@comune.palermo.it", "ufficiospesecontenzioso@cert.comune.palermo.it"], "pec": ["ufficiospesecontenzioso@cert.comune.palermo.it"], "url": "https://www.comune.palermo.it/amministrazione/unita_organizzativa/uo-contenzioso/", "colore": "#6a1b9a"}}, {"type": "Feature", "geometry": {"type": "Point", "coordinates": [13.3633977, 38.1172739]}, "properties": {"id": "uo-economato", "livello": "unita", "nome": "U.O. Economato", "area": "Ragioneria Generale", "settore": "Ufficio spese ed entrate", "responsabile": "Andrea Blando", "sede": "Via Roma, 209", "indirizzo": "Via Roma, 209, 90133 Palermo PA, Italia", "telefoni": ["0917403560"], "email": ["a.blando@comune.palermo.it", "economato@comune.palermo.it", "ragioneriagenerale@cert.comune.palermo.it"], "pec": ["ragioneriagenerale@cert.comune.palermo.it"], "url": "https://www.comune.palermo.it/amministrazione/unita_organizzativa/uo-economato/", "colore": "#6a1b9a"}}, {"type": "Feature", "geometry": {"type": "Point", "coordinates": [13.3633977, 38.1172739]}, "properties": {"id": "uo-entrate", "livello": "unita", "nome": "U.O. Entrate", "area": "Ragioneria Generale", "settore": "Ufficio spese ed entrate", "responsabile": "Gaetano Bonanno (Funzionario Contabile)", "sede": "Via Roma, 209", "indirizzo": "Via Roma, 209, 90133 Palermo PA, Italia", "telefoni": ["0197403621", "0917403569"], "email": ["entrate@comune.palermo.it", "ga.bonanno@comune.palermo.it"], "pec": [], "url": "https://www.comune.palermo.it/amministrazione/unita_organizzativa/uo-entrate/", "colore": "#6a1b9a"}}, {"type": "Feature", "geometry": {"type": "Point", "coordinates": [13.3633977, 38.1172739]}, "properties": {"id": "uo-fitti-passivi-2", "livello": "unita", "nome": "U.O. Fitti passivi", "area": "Ragioneria Generale", "settore": "Ufficio spese ed entrate", "responsabile": "Francesca Paola Cracolici (Ragioniere Terminalista)", "sede": "Via Roma, 209", "indirizzo": "Via Roma, 209, 90133 Palermo PA, Italia", "telefoni": ["0917403677"], "email": ["f.p.cracolici@comune.palermo.it", "serviziospese@comune.palermo.it"], "pec": [], "url": "https://www.comune.palermo.it/amministrazione/unita_organizzativa/uo-fitti-passivi-2/", "colore": "#6a1b9a"}}, {"type": "Feature", "geometry": {"type": "Point", "coordinates": [13.3633977, 38.1172739]}, "properties": {"id": "uo-pagamenti-servizi-socio-assistenziali", "livello": "unita", "nome": "U.O. Pagamenti servizi socio assistenziali", "area": "Ragioneria Generale", "settore": "Ufficio spese ed entrate", "responsabile": "Lidia Fricano (Funzionario Contabile)", "sede": "Via Roma, 209", "indirizzo": "Via Roma, 209, 90133 Palermo PA, Italia", "telefoni": ["0917403630", "0917403631"], "email": ["l.fricano@comune.palermo.it", "serviziospese@comune.palermo.it"], "pec": [], "url": "https://www.comune.palermo.it/amministrazione/unita_organizzativa/uo-pagamenti-servizi-socio-assistenziali/", "colore": "#6a1b9a"}}, {"type": "Feature", "geometry": {"type": "Point", "coordinates": [13.3633977, 38.1172739]}, "properties": {"id": "uo-spese-esiti", "livello": "unita", "nome": "U.O. Spese esiti", "area": "Ragioneria Generale", "settore": "Ufficio spese ed entrate", "responsabile": "Marcella Busà", "sede": "Via Roma, 209", "indirizzo": "Via Roma, 209, 90133 Palermo PA, Italia", "telefoni": ["0917403637"], "email": ["m.busa@comune.palermo.it", "serviziospese@comune.palermo.it"], "pec": [], "url": "https://www.comune.palermo.it/amministrazione/unita_organizzativa/uo-spese-esiti/", "colore": "#6a1b9a"}}, {"type": "Feature", "geometry": {"type": "Point", "coordinates": [13.3633977, 38.1172739]}, "properties": {"id": "uo-staff-dirigente-2", "livello": "unita", "nome": "U.O. Staff Dirigente", "area": "Ragioneria Generale", "settore": "Ufficio spese ed entrate", "responsabile": "Grace Fatta (Dirigente Contabile)", "sede": "Via Roma, 209", "indirizzo": "Via Roma, 209, 90133 Palermo PA, Italia", "telefoni": ["0917403588"], "email": ["economato@comune.palermo.it", "entrate@comune.palermo.it", "serviziospese@comune.palermo.it", "tributarioentrate@comune.palermo.it", "ufficiospesecontenzioso@cert.comune.palermo.it"], "pec": ["ufficiospesecontenzioso@cert.comune.palermo.it"], "url": "https://www.comune.palermo.it/amministrazione/unita_organizzativa/uo-staff-dirigente-2/", "colore": "#6a1b9a"}}, {"type": "Feature", "geometry": {"type": "Point", "coordinates": [13.3633977, 38.1172739]}, "properties": {"id": "uo-tributario", "livello": "unita", "nome": "U.O. Tributario", "area": "Ragioneria Generale", "settore": "Ufficio spese ed entrate", "responsabile": "Francesca Aiello (Funzionario Contabile)", "sede": "Via Roma, 209", "indirizzo": "Via Roma, 209, 90133 Palermo PA, Italia", "telefoni": ["0917403618", "0917403629"], "email": ["f.aiello@comune.palermo.it", "tributarioentrate@comune.palermo.it"], "pec": [], "url": "https://www.comune.palermo.it/amministrazione/unita_organizzativa/uo-tributario/", "colore": "#6a1b9a"}}, {"type": "Feature", "geometry": {"type": "Point", "coordinates": [13.3633977, 38.1172739]}, "properties": {"id": "ufficio-monitoraggio-e-coordinamento-attuazione-piano-di-riequilibrio", "livello": "settore", "nome": "Ufficio monitoraggio e coordinamento attuazione piano di riequilibrio", "area": "Ragioneria Generale", "settore": "Ufficio monitoraggio e coordinamento attuazione piano di riequilibrio", "responsabile": "", "sede": "Via Roma, 209", "indirizzo": "Via Roma, 209, 90133 Palermo PA, Italia", "telefoni": [], "email": ["ragioneriagenerale@cert.comune.palermo.it", "ragioneriagenerale@comune.palermo.it"], "pec": ["ragioneriagenerale@cert.comune.palermo.it"], "url": "https://www.comune.palermo.it/amministrazione/unita_organizzativa/ufficio-monitoraggio-e-coordinamento-attuazione-piano-di-riequilibrio/", "colore": "#6a1b9a"}}, {"type": "Feature", "geometry": {"type": "Point", "coordinates": [13.3668992, 38.1170384]}, "properties": {"id": "segreteria-generale", "livello": "area", "nome": "Segreteria Generale", "area": "Segreteria Generale", "settore": "", "responsabile": "Raimondo Liotta (Segretario Generale)", "sede": "Palazzo Galletti di S. Cataldo", "indirizzo": "Piazza Marina, 46, 90133 Palermo PA", "telefoni": ["0917406368"], "email": ["segretariogenerale@cert.comune.palermo.it", "segretariogenerale@comune.palermo.it"], "pec": ["segretariogenerale@cert.comune.palermo.it"], "url": "https://www.comune.palermo.it/amministrazione/unita_organizzativa/segreteria-generale/", "colore": "#827717"}}, {"type": "Feature", "geometry": {"type": "Point", "coordinates": [13.3668992, 38.1170384]}, "properties": {"id": "segretario-generale", "livello": "settore", "nome": "Segretario Generale", "area": "Segreteria Generale", "settore": "Segretario Generale", "responsabile": "Raimondo Liotta (Segretario Generale)", "sede": "Palazzo Galletti di S. Cataldo", "indirizzo": "Piazza Marina, 46, 90133 Palermo PA", "telefoni": ["0917406368"], "email": ["segretariogenerale@cert.comune.palermo.it", "segretariogenerale@comune.palermo.it"], "pec": ["segretariogenerale@cert.comune.palermo.it"], "url": "https://www.comune.palermo.it/amministrazione/unita_organizzativa/segretario-generale/", "colore": "#827717"}}, {"type": "Feature", "geometry": {"type": "Point", "coordinates": [13.3668992, 38.1170384]}, "properties": {"id": "uo-controlli-di-regolarit-amministrativa-in-fase-preventiva", "livello": "unita", "nome": "U.O. Controlli di Regolarità Amministrativa in fase Preventiva", "area": "Segreteria Generale", "settore": "Segretario Generale", "responsabile": "Valeria Stuppia (Funzionario Amministrativo)", "sede": "Palazzo Galletti di S. Cataldo", "indirizzo": "Piazza Marina, 46, 90133 Palermo PA", "telefoni": ["0917406342"], "email": ["affari.istituzionali@comune.palermo.it"], "pec": [], "url": "https://www.comune.palermo.it/amministrazione/unita_organizzativa/uo-controlli-di-regolarit-amministrativa-in-fase-preventiva/", "colore": "#827717"}}, {"type": "Feature", "geometry": {"type": "Point", "coordinates": [13.3668992, 38.1170384]}, "properties": {"id": "uo-segreteriaaffari-generali", "livello": "unita", "nome": "U.O. Segreteria/Affari Generali", "area": "Segreteria Generale", "settore": "Segretario Generale", "responsabile": "Giuseppe Agostino Mazzarella (Funzionario Amministrativo)", "sede": "Palazzo Galletti di S. Cataldo", "indirizzo": "Piazza Marina, 46, 90133 Palermo PA", "telefoni": ["0917406345"], "email": ["segretariogenerale@comune.palermo.it"], "pec": [], "url": "https://www.comune.palermo.it/amministrazione/unita_organizzativa/uo-segreteriaaffari-generali/", "colore": "#827717"}}, {"type": "Feature", "geometry": {"type": "Point", "coordinates": [13.3668992, 38.1170384]}, "properties": {"id": "uo-supporto-al-responsabile-anticorruzione-e-controlli-di-regolarit-amministrativa-in-fase-successiva", "livello": "unita", "nome": "U.O. Supporto al Responsabile Anticorruzione e Controlli di Regolarità Amministrativa in fase successiva", "area": "Segreteria Generale", "settore": "Segretario Generale", "responsabile": "Maria Concetta Scalia (Funzionario Amministrativo)", "sede": "Palazzo Galletti di S. Cataldo", "indirizzo": "Piazza Marina, 46, 90133 Palermo PA", "telefoni": ["0917406357"], "email": ["anticorruzione@comune.palermo.it"], "pec": [], "url": "https://www.comune.palermo.it/amministrazione/unita_organizzativa/uo-supporto-al-responsabile-anticorruzione-e-controlli-di-regolarit-amministrativa-in-fase-successiva/", "colore": "#827717"}}, {"type": "Feature", "geometry": {"type": "Point", "coordinates": [13.3350655, 38.1489097]}, "properties": {"id": "sportello-autonomo-concessioni-edilizie", "livello": "area", "nome": "Sportello autonomo concessioni edilizie", "area": "Sportello autonomo concessioni edilizie", "settore": "", "responsabile": "Roberto Termini (Dirigente Tecnico)", "sede": "Polo Tecnico", "indirizzo": "Via Ausonia, 69, 90144 Palermo PA, Italia", "telefoni": ["0917401248", "0917401316", "0917401491"], "email": ["ediliziaprivata@cert.comune.palermo.it", "sace@comune.palermo.it"], "pec": ["ediliziaprivata@cert.comune.palermo.it"], "url": "https://www.comune.palermo.it/amministrazione/unita_organizzativa/sportello-autonomo-concessioni-edilizie/", "colore": "#0277bd"}}, {"type": "Feature", "geometry": {"type": "Point", "coordinates": [13.3350655, 38.1489097]}, "properties": {"id": "ufficio-autonomo-sace", "livello": "settore", "nome": "Ufficio autonomo SACE", "area": "Sportello autonomo concessioni edilizie", "settore": "Ufficio autonomo SACE", "responsabile": "Roberto Termini (Dirigente Tecnico)", "sede": "Polo Tecnico", "indirizzo": "Via Ausonia, 69, 90144 Palermo PA, Italia", "telefoni": ["0917401248", "0917401316", "0917401491"], "email": ["ediliziaprivata@cert.comune.palermo.it", "sace@comune.palermo.it"], "pec": ["ediliziaprivata@cert.comune.palermo.it"], "url": "https://www.comune.palermo.it/amministrazione/unita_organizzativa/ufficio-autonomo-sace/", "colore": "#0277bd"}}, {"type": "Feature", "geometry": {"type": "Point", "coordinates": [13.3350655, 38.1489097]}, "properties": {"id": "uo-amministrativa-ufficio-autonomo-sace", "livello": "unita", "nome": "U.O. Amministrativa – Ufficio autonomo SACE", "area": "Sportello autonomo concessioni edilizie", "settore": "Ufficio autonomo SACE", "responsabile": "Angela Ferrara (Funzionario Amministrativo)", "sede": "Polo Tecnico", "indirizzo": "Via Ausonia, 69, 90144 Palermo PA, Italia", "telefoni": ["0917401442", "3312656644"], "email": ["amministrativo.sace@comune.palermo.it", "amministrativoriqualificazione@cert.comune.palermo.it"], "pec": ["amministrativoriqualificazione@cert.comune.palermo.it"], "url": "https://www.comune.palermo.it/amministrazione/unita_organizzativa/uo-amministrativa-ufficio-autonomo-sace/", "colore": "#0277bd"}}, {"type": "Feature", "geometry": {"type": "Point", "coordinates": [13.3350655, 38.1489097]}, "properties": {"id": "uo-tecnica-attivit-produttive", "livello": "unita", "nome": "U.O. Tecnica Attività Produttive", "area": "Sportello autonomo concessioni edilizie", "settore": "Ufficio autonomo SACE", "responsabile": "Salvatore Grassedonio (Funzionario Tecnico)", "sede": "Polo Tecnico", "indirizzo": "Via Ausonia, 69, 90144 Palermo PA, Italia", "telefoni": ["0917401332"], "email": ["ediliziaprivata@cert.comune.palermo.it", "saceattivitaproduttive@comune.palermo.it"], "pec": ["ediliziaprivata@cert.comune.palermo.it"], "url": "https://www.comune.palermo.it/amministrazione/unita_organizzativa/uo-tecnica-attivit-produttive/", "colore": "#0277bd"}}, {"type": "Feature", "geometry": {"type": "Point", "coordinates": [13.3350655, 38.1489097]}, "properties": {"id": "uo-tecnica-edilizia-residenziale-ufficio-autonomo-sace", "livello": "unita", "nome": "U.O. Tecnica Edilizia Residenziale – Ufficio autonomo SACE", "area": "Sportello autonomo concessioni edilizie", "settore": "Ufficio autonomo SACE", "responsabile": "Roberto Termini (Dirigente Tecnico)", "sede": "Polo Tecnico", "indirizzo": "Via Ausonia, 69, 90144 Palermo PA, Italia", "telefoni": ["0917401248", "0917401316", "091740136", "0917401491"], "email": ["ediliziaprivata@cert.comune.palermo.it", "sace@comune.palermo.it"], "pec": ["ediliziaprivata@cert.comune.palermo.it"], "url": "https://www.comune.palermo.it/amministrazione/unita_organizzativa/uo-tecnica-edilizia-residenziale-ufficio-autonomo-sace/", "colore": "#0277bd"}}, {"type": "Feature", "geometry": {"type": "Point", "coordinates": [13.3350655, 38.1489097]}, "properties": {"id": "uo-tecnica-edilizia-residenziale-zto-a-e-pianificazione-attuativa", "livello": "unita", "nome": "U.O. Tecnica Edilizia Residenziale ZTO A e Pianificazione Attuativa", "area": "Sportello autonomo concessioni edilizie", "settore": "Ufficio autonomo SACE", "responsabile": "Maria Calo' (Funzionario Tecnico)", "sede": "Polo Tecnico", "indirizzo": "Via Ausonia, 69, 90144 Palermo PA, Italia", "telefoni": ["0917401292"], "email": ["ediliziaprivata@cert.comune.palermo.it", "sace@comune.palermo.it"], "pec": ["ediliziaprivata@cert.comune.palermo.it"], "url": "https://www.comune.palermo.it/amministrazione/unita_organizzativa/uo-tecnica-edilizia-residenziale-zto-a-e-pianificazione-attuativa/", "colore": "#0277bd"}}, {"type": "Feature", "geometry": {"type": "Point", "coordinates": [13.370036, 38.1167363]}, "properties": {"id": "vice-capo-di-gabinetto", "livello": "settore", "nome": "Vice Capo di Gabinetto", "area": "Uffici non collocati", "settore": "Vice Capo di Gabinetto", "responsabile": "Sandro Follari (Dirigente Amministrativo)", "sede": "Palazzo Palagonia", "indirizzo": "Via del Quattro Aprile, 4, 90133 Palermo PA, Italia", "telefoni": ["0917405608", "0917405675"], "email": ["gabinettosindaco@cert.comune.palermo.it", "vicecapogabinetto@comune.palermo.it"], "pec": ["gabinettosindaco@cert.comune.palermo.it"], "url": "https://www.comune.palermo.it/amministrazione/unita_organizzativa/vice-capo-di-gabinetto/", "colore": "#ad1457"}}, {"type": "Feature", "geometry": {"type": "Point", "coordinates": [13.370036, 38.1167363]}, "properties": {"id": "uo-comunicazione-degli-eventi-relativi-alle-attivit-culturali-e-della-promozione-della-citt", "livello": "unita", "nome": "U.O. Comunicazione degli eventi relativi alle attività culturali e della promozione della città", "area": "Uffici non collocati", "settore": "Vice Capo di Gabinetto", "responsabile": "Claudia Giocondo (Funzionario Amministrativo)", "sede": "Palazzo Palagonia", "indirizzo": "Via del Quattro Aprile, 4, 90133 Palermo PA, Italia", "telefoni": [], "email": ["c.giocondo@comune.palermo.it"], "pec": [], "url": "https://www.comune.palermo.it/amministrazione/unita_organizzativa/uo-comunicazione-degli-eventi-relativi-alle-attivit-culturali-e-della-promozione-della-citt/", "colore": "#ad1457"}}, {"type": "Feature", "geometry": {"type": "Point", "coordinates": [13.370036, 38.1167363]}, "properties": {"id": "uo-segreteria-amministrativa-sindaco", "livello": "unita", "nome": "U.O. Segreteria Amministrativa Sindaco", "area": "Uffici non collocati", "settore": "Vice Capo di Gabinetto", "responsabile": "Monica Marino (Esperto Front Office)", "sede": "Palazzo Palagonia", "indirizzo": "Via del Quattro Aprile, 4, 90133 Palermo PA, Italia", "telefoni": ["0917405698"], "email": ["monica.marino@comune.palermo.it"], "pec": [], "url": "https://www.comune.palermo.it/amministrazione/unita_organizzativa/uo-segreteria-amministrativa-sindaco/", "colore": "#ad1457"}}, {"type": "Feature", "geometry": {"type": "Point", "coordinates": [13.370036, 38.1167363]}, "properties": {"id": "uo-segreteria-di-direzione-affari-generali-coordinamento-delle-attivit-dellufficio-di-vice-capo-di-gabinetto-gestione-del-personale", "livello": "unita", "nome": "U.O. Segreteria di Direzione – Affari Generali – Coordinamento delle attività dell’Ufficio di Vice Capo di Gabinetto – Gestione del Personale", "area": "Uffici non collocati", "settore": "Vice Capo di Gabinetto", "responsabile": "Maria Concetta Filiano (Funzionario Amministrativo)", "sede": "Palazzo Palagonia", "indirizzo": "Via del Quattro Aprile, 4, 90133 Palermo PA, Italia", "telefoni": ["0917405647"], "email": ["m.c.filiano@comune.palermo.it"], "pec": [], "url": "https://www.comune.palermo.it/amministrazione/unita_organizzativa/uo-segreteria-di-direzione-affari-generali-coordinamento-delle-attivit-dellufficio-di-vice-capo-di-gabinetto-gestione-del-personale/", "colore": "#ad1457"}}, {"type": "Feature", "geometry": {"type": "Point", "coordinates": [13.370036, 38.1167363]}, "properties": {"id": "uo-segreteria-vice-capo-di-gabinetto", "livello": "unita", "nome": "U.O. Segreteria Vice Capo di Gabinetto", "area": "Uffici non collocati", "settore": "Vice Capo di Gabinetto", "responsabile": "Cinzia Lo Presti (Funzionario Amministrativo)", "sede": "Palazzo Palagonia", "indirizzo": "Via del Quattro Aprile, 4, 90133 Palermo PA, Italia", "telefoni": ["0917405608"], "email": ["c.lopresti@comune.palermo.it"], "pec": [], "url": "https://www.comune.palermo.it/amministrazione/unita_organizzativa/uo-segreteria-vice-capo-di-gabinetto/", "colore": "#ad1457"}}, {"type": "Feature", "geometry": {"type": "Point", "coordinates": [13.370036, 38.1167363]}, "properties": {"id": "uo-statistiche-demografiche-e-sociali", "livello": "unita", "nome": "U.O. Statistiche Demografiche e Sociali", "area": "Uffici non collocati", "settore": "Vice Capo di Gabinetto", "responsabile": "Giuseppe Ferrara (Statistico)", "sede": "Palazzo Palagonia", "indirizzo": "Via del Quattro Aprile, 4, 90133 Palermo PA, Italia", "telefoni": ["0917405627"], "email": ["giuseppe.ferrara@comune.palermo.it"], "pec": [], "url": "https://www.comune.palermo.it/amministrazione/unita_organizzativa/uo-statistiche-demografiche-e-sociali/", "colore": "#ad1457"}}, {"type": "Feature", "geometry": {"type": "Point", "coordinates": [13.370036, 38.1167363]}, "properties": {"id": "uo-statistiche-economiche", "livello": "unita", "nome": "U.O. Statistiche Economiche", "area": "Uffici non collocati", "settore": "Vice Capo di Gabinetto", "responsabile": "Girolamo D'Anneo (Statistico)", "sede": "Palazzo Palagonia", "indirizzo": "Via del Quattro Aprile, 4, 90133 Palermo PA, Italia", "telefoni": ["0917405645"], "email": ["statistica@cert.comune.palermo.it", "statistica@comune.palermo.it"], "pec": ["statistica@cert.comune.palermo.it"], "url": "https://www.comune.palermo.it/amministrazione/unita_organizzativa/uo-statistiche-economiche/", "colore": "#ad1457"}}, {"type": "Feature", "geometry": {"type": "Point", "coordinates": [13.370036, 38.1167363]}, "properties": {"id": "studi-e-ricerche-statistiche", "livello": "unita", "nome": "U.O. Studi e Ricerche Statistiche", "area": "Uffici non collocati", "settore": "Vice Capo di Gabinetto", "responsabile": "Girolamo D'Anneo (Statistico)", "sede": "Palazzo Palagonia", "indirizzo": "Via del Quattro Aprile, 4, 90133 Palermo PA, Italia", "telefoni": ["0917405645"], "email": ["statistica@cert.comune.palermo.it", "statistica@comune.palermo.it"], "pec": ["statistica@cert.comune.palermo.it"], "url": "https://www.comune.palermo.it/amministrazione/unita_organizzativa/studi-e-ricerche-statistiche/", "colore": "#ad1457"}}, {"type": "Feature", "geometry": {"type": "Point", "coordinates": [13.370036, 38.1167363]}, "properties": {"id": "uo-ufficio-portavoce-del-sindaco", "livello": "unita", "nome": "U.O. Ufficio Portavoce del Sindaco", "area": "Uffici non collocati", "settore": "Vice Capo di Gabinetto", "responsabile": "Giuseppe Leone (Responsabile Ufficio Di Staff)", "sede": "Palazzo Palagonia", "indirizzo": "Via del Quattro Aprile, 4, 90133 Palermo PA, Italia", "telefoni": ["0917405608"], "email": ["giuseppe.leone@comune.palermo.it"], "pec": [], "url": "https://www.comune.palermo.it/amministrazione/unita_organizzativa/uo-ufficio-portavoce-del-sindaco/", "colore": "#ad1457"}}, {"type": "Feature", "geometry": {"type": "Point", "coordinates": [13.370036, 38.1167363]}, "properties": {"id": "uo-ufficio-relazioni-nazionali", "livello": "unita", "nome": "U.O. Ufficio Relazioni Nazionali", "area": "Uffici non collocati", "settore": "Vice Capo di Gabinetto", "responsabile": "Valentina Falletta (Responsabile Ufficio Di Staff)", "sede": "Palazzo Palagonia", "indirizzo": "Via del Quattro Aprile, 4, 90133 Palermo PA, Italia", "telefoni": ["0917405654"], "email": ["valentina.falletta@comune.palermo.it"], "pec": [], "url": "https://www.comune.palermo.it/amministrazione/unita_organizzativa/uo-ufficio-relazioni-nazionali/", "colore": "#ad1457"}}, {"type": "Feature", "geometry": {"type": "Point", "coordinates": [13.370036, 38.1167363]}, "properties": {"id": "uo-ufficio-segreteria-particolare-del-sindaco", "livello": "unita", "nome": "U.O. Ufficio Segreteria Particolare del Sindaco", "area": "Uffici non collocati", "settore": "Vice Capo di Gabinetto", "responsabile": "Antonino Zito (Responsabile Ufficio Di Staff)", "sede": "Palazzo Palagonia", "indirizzo": "Via del Quattro Aprile, 4, 90133 Palermo PA, Italia", "telefoni": ["0917405608"], "email": ["antonino.zito@comune.palermo.it"], "pec": [], "url": "https://www.comune.palermo.it/amministrazione/unita_organizzativa/uo-ufficio-segreteria-particolare-del-sindaco/", "colore": "#ad1457"}}, {"type": "Feature", "geometry": {"type": "Point", "coordinates": [13.3668992, 38.1170384]}, "properties": {"id": "ufficio-stampa", "livello": "settore", "nome": "Ufficio Stampa", "area": "Uffici non collocati", "settore": "Ufficio Stampa", "responsabile": "Sandro Follari (Dirigente Amministrativo)", "sede": "Palazzo Galletti di S. Cataldo", "indirizzo": "Piazza Marina, 46, 90133 Palermo PA", "telefoni": ["0917406336", "0917406382"], "email": ["ufficiostampa@comune.palermo.it"], "pec": [], "url": "https://www.comune.palermo.it/amministrazione/unita_organizzativa/ufficio-stampa/", "colore": "#ad1457"}}, {"type": "Feature", "geometry": {"type": "Point", "coordinates": [13.3310171, 38.1668755]}, "properties": {"id": "uo-museo-pitr", "livello": "unita", "nome": "U.O. Museo Pitrè", "area": "Uffici non collocati", "settore": "", "responsabile": "Silvia Matranga (Funzionario Amministrativo)", "sede": "Museo Etnografico \"G. Pitre'\"", "indirizzo": "Viale Duca degli Abruzzi, 1, 90146 Palermo PA, Italia", "telefoni": ["091 740 9008 - 091 7409006"], "email": ["museopitre@comune.palermo.it"], "pec": [], "url": "https://www.comune.palermo.it/amministrazione/unita_organizzativa/uo-museo-pitr/", "colore": "#ad1457"}}, {"type": "Feature", "geometry": {"type": "Point", "coordinates": [13.363547455781, 38.113795434114]}, "properties": {"id": "uo-staff-segreteria-gestione-amministrativa-culturale-progetti-speciali-e-sicurezza", "livello": "unita", "nome": "U.O. Staff Segreteria, Gestione Amministrativa, Culturale, Progetti Speciali e Sicurezza", "area": "Uffici non collocati", "settore": "", "responsabile": "Claudia Fucarino (Funzionario Culturale)", "sede": "Archivio Storico Comunale", "indirizzo": "Archivio Storico Comunale, 157, Via Maqueda, Kalsa, I Circoscrizione, Palermo, Sicilia, 90140, Italia", "telefoni": ["091 7408761", "091 7408762", "091 7408766"], "email": ["bibliotechearchiviospazietno@comune.palermo.it"], "pec": [], "url": "https://www.comune.palermo.it/amministrazione/unita_organizzativa/uo-staff-segreteria-gestione-amministrativa-culturale-progetti-speciali-e-sicurezza/", "colore": "#ad1457"}}, {"type": "Feature", "geometry": {"type": "Point", "coordinates": [13.3350655, 38.1489097]}, "properties": {"id": "uo-piani-attuativi-programmi-costruttivi-erp-rapporti-con-iacp", "livello": "settore", "nome": "U.O. Piani attuativi, programmi costruttivi, ERP, rapporti con IACP", "area": "Uffici non collocati", "settore": "U.O. Piani attuativi, programmi costruttivi, ERP, rapporti con IACP", "responsabile": "Tiziana Turrisi (Funzionario Tecnico Architetto)", "sede": "Polo Tecnico", "indirizzo": "Via Ausonia, 69, 90144 Palermo PA, Italia", "telefoni": ["0917401356", "0917401556"], "email": ["pianificazioneterritoriale@cert.comune.palermo.it", "pianificazioneterritoriale@comune.palermo.it", "t.turrisi@comune.palermo.it"], "pec": ["pianificazioneterritoriale@cert.comune.palermo.it"], "url": "https://www.comune.palermo.it/amministrazione/unita_organizzativa/uo-piani-attuativi-programmi-costruttivi-erp-rapporti-con-iacp/", "colore": "#ad1457"}}, {"type": "Feature", "geometry": {"type": "Point", "coordinates": [13.3350655, 38.1489097]}, "properties": {"id": "uo-piani-attuativi-programmi-costruttivi-erp-rapporti-con-iacp", "livello": "unita", "nome": "U.O. Piani attuativi, programmi costruttivi, ERP, rapporti con IACP", "area": "Uffici non collocati", "settore": "U.O. Piani attuativi, programmi costruttivi, ERP, rapporti con IACP", "responsabile": "Tiziana Turrisi (Funzionario Tecnico Architetto)", "sede": "Polo Tecnico", "indirizzo": "Via Ausonia, 69, 90144 Palermo PA, Italia", "telefoni": ["0917401356", "0917401556"], "email": ["pianificazioneterritoriale@cert.comune.palermo.it", "pianificazioneterritoriale@comune.palermo.it", "t.turrisi@comune.palermo.it"], "pec": ["pianificazioneterritoriale@cert.comune.palermo.it"], "url": "https://www.comune.palermo.it/amministrazione/unita_organizzativa/uo-piani-attuativi-programmi-costruttivi-erp-rapporti-con-iacp/", "colore": "#ad1457"}}, {"type": "Feature", "geometry": {"type": "Point", "coordinates": [13.3350655, 38.1489097]}, "properties": {"id": "uo-pianificazione-aree-con-vincoli-decaduti-attuazione-piano-ristrutturazione-rete-distribuzione-carburanti-art-4-lr-162016", "livello": "settore", "nome": "U.O. Pianificazione aree con vincoli decaduti. Attuazione piano ristrutturazione rete distribuzione carburanti, Art. 4 L.R. 16/2016", "area": "Uffici non collocati", "settore": "U.O. Pianificazione aree con vincoli decaduti. Attuazione piano ristrutturazione rete distribuzione carburanti, Art. 4 L.R. 16/2016", "responsabile": "Rosario Favitta (Funzionario Tecnico)", "sede": "Polo Tecnico", "indirizzo": "Via Ausonia, 69, 90144 Palermo PA, Italia", "telefoni": ["0917401347"], "email": ["pianificazioneterritoriale@cert.comune.palermo.it", "pianificazioneterritoriale@comune.palermo.it", "r.favitta@comune.palermo.it"], "pec": ["pianificazioneterritoriale@cert.comune.palermo.it"], "url": "https://www.comune.palermo.it/amministrazione/unita_organizzativa/uo-pianificazione-aree-con-vincoli-decaduti-attuazione-piano-ristrutturazione-rete-distribuzione-carburanti-art-4-lr-162016/", "colore": "#ad1457"}}, {"type": "Feature", "geometry": {"type": "Point", "coordinates": [13.3350655, 38.1489097]}, "properties": {"id": "uo-pianificazione-aree-con-vincoli-decaduti-attuazione-piano-ristrutturazione-rete-distribuzione-carburanti-art-4-lr-162016", "livello": "unita", "nome": "U.O. Pianificazione aree con vincoli decaduti. Attuazione piano ristrutturazione rete distribuzione carburanti, Art. 4 L.R. 16/2016", "area": "Uffici non collocati", "settore": "U.O. Pianificazione aree con vincoli decaduti. Attuazione piano ristrutturazione rete distribuzione carburanti, Art. 4 L.R. 16/2016", "responsabile": "Rosario Favitta (Funzionario Tecnico)", "sede": "Polo Tecnico", "indirizzo": "Via Ausonia, 69, 90144 Palermo PA, Italia", "telefoni": ["0917401347"], "email": ["pianificazioneterritoriale@cert.comune.palermo.it", "pianificazioneterritoriale@comune.palermo.it", "r.favitta@comune.palermo.it"], "pec": ["pianificazioneterritoriale@cert.comune.palermo.it"], "url": "https://www.comune.palermo.it/amministrazione/unita_organizzativa/uo-pianificazione-aree-con-vincoli-decaduti-attuazione-piano-ristrutturazione-rete-distribuzione-carburanti-art-4-lr-162016/", "colore": "#ad1457"}}, {"type": "Feature", "geometry": {"type": "Point", "coordinates": [13.3350655, 38.1489097]}, "properties": {"id": "uo-protocollo-urbanistica", "livello": "settore", "nome": "U.O. Protocollo Urbanistica", "area": "Uffici non collocati", "settore": "U.O. Protocollo Urbanistica", "responsabile": "Giuseppe Lazzara (Esperto Tecnico Progettista)", "sede": "Polo Tecnico", "indirizzo": "Via Ausonia, 69, 90144 Palermo PA, Italia", "telefoni": ["0917401555", "0917401562"], "email": ["pianificazioneterritoriale@cert.comune.palermo.it", "pianificazioneterritoriale@comune.palermo.it", "protocollopianificazioneterritorio@comune.palermo.it"], "pec": ["pianificazioneterritoriale@cert.comune.palermo.it"], "url": "https://www.comune.palermo.it/amministrazione/unita_organizzativa/uo-protocollo-urbanistica/", "colore": "#ad1457"}}, {"type": "Feature", "geometry": {"type": "Point", "coordinates": [13.3350655, 38.1489097]}, "properties": {"id": "uo-protocollo-urbanistica", "livello": "unita", "nome": "U.O. Protocollo Urbanistica", "area": "Uffici non collocati", "settore": "U.O. Protocollo Urbanistica", "responsabile": "Giuseppe Lazzara (Esperto Tecnico Progettista)", "sede": "Polo Tecnico", "indirizzo": "Via Ausonia, 69, 90144 Palermo PA, Italia", "telefoni": ["0917401555", "0917401562"], "email": ["pianificazioneterritoriale@cert.comune.palermo.it", "pianificazioneterritoriale@comune.palermo.it", "protocollopianificazioneterritorio@comune.palermo.it"], "pec": ["pianificazioneterritoriale@cert.comune.palermo.it"], "url": "https://www.comune.palermo.it/amministrazione/unita_organizzativa/uo-protocollo-urbanistica/", "colore": "#ad1457"}}, {"type": "Feature", "geometry": {"type": "Point", "coordinates": [13.3350655, 38.1489097]}, "properties": {"id": "uo-segreteria-assessore-polo-tecnico-e-ex-noviziato-dei-crociferi", "livello": "settore", "nome": "U.O. Segreteria Assessore – Polo Tecnico e ex Noviziato dei Crociferi", "area": "Uffici non collocati", "settore": "U.O. Segreteria Assessore – Polo Tecnico e ex Noviziato dei Crociferi", "responsabile": "", "sede": "Polo Tecnico", "indirizzo": "Via Ausonia, 69, 90144 Palermo PA, Italia", "telefoni": ["0917402650", "0917402669"], "email": ["assessoratomobilita@comune.palermo.it", "m.carta@comune.palermo.it", "pianificazioneterritoriale@cert.comune.palermo.it"], "pec": ["pianificazioneterritoriale@cert.comune.palermo.it"], "url": "https://www.comune.palermo.it/amministrazione/unita_organizzativa/uo-segreteria-assessore-polo-tecnico-e-ex-noviziato-dei-crociferi/", "colore": "#ad1457"}}, {"type": "Feature", "geometry": {"type": "Point", "coordinates": [13.3350655, 38.1489097]}, "properties": {"id": "uo-segreteria-assessore-polo-tecnico-e-ex-noviziato-dei-crociferi", "livello": "unita", "nome": "U.O. Segreteria Assessore – Polo Tecnico e ex Noviziato dei Crociferi", "area": "Uffici non collocati", "settore": "U.O. Segreteria Assessore – Polo Tecnico e ex Noviziato dei Crociferi", "responsabile": "", "sede": "Polo Tecnico", "indirizzo": "Via Ausonia, 69, 90144 Palermo PA, Italia", "telefoni": ["0917402650", "0917402669"], "email": ["assessoratomobilita@comune.palermo.it", "m.carta@comune.palermo.it", "pianificazioneterritoriale@cert.comune.palermo.it"], "pec": ["pianificazioneterritoriale@cert.comune.palermo.it"], "url": "https://www.comune.palermo.it/amministrazione/unita_organizzativa/uo-segreteria-assessore-polo-tecnico-e-ex-noviziato-dei-crociferi/", "colore": "#ad1457"}}, {"type": "Feature", "geometry": {"type": "Point", "coordinates": [13.3350655, 38.1489097]}, "properties": {"id": "uo-servizi-amministrativi-e-segreteria", "livello": "settore", "nome": "U.O. Servizi amministrativi e Segreteria", "area": "Uffici non collocati", "settore": "U.O. Servizi amministrativi e Segreteria", "responsabile": "Giuseppe Lazzara (Esperto Tecnico Progettista)", "sede": "Polo Tecnico", "indirizzo": "Via Ausonia, 69, 90144 Palermo PA, Italia", "telefoni": ["0917401403", "0917401484", "0917401535"], "email": ["g.lazzara@comune.palermo.it", "pianificazioneterritoriale@cert.comune.palermo.it", "pianificazioneterritoriale@comune.palermo.it"], "pec": ["pianificazioneterritoriale@cert.comune.palermo.it"], "url": "https://www.comune.palermo.it/amministrazione/unita_organizzativa/uo-servizi-amministrativi-e-segreteria/", "colore": "#ad1457"}}, {"type": "Feature", "geometry": {"type": "Point", "coordinates": [13.3350655, 38.1489097]}, "properties": {"id": "uo-servizi-amministrativi-e-segreteria", "livello": "unita", "nome": "U.O. Servizi amministrativi e Segreteria", "area": "Uffici non collocati", "settore": "U.O. Servizi amministrativi e Segreteria", "responsabile": "Giuseppe Lazzara (Esperto Tecnico Progettista)", "sede": "Polo Tecnico", "indirizzo": "Via Ausonia, 69, 90144 Palermo PA, Italia", "telefoni": ["0917401403", "0917401484", "0917401535"], "email": ["g.lazzara@comune.palermo.it", "pianificazioneterritoriale@cert.comune.palermo.it", "pianificazioneterritoriale@comune.palermo.it"], "pec": ["pianificazioneterritoriale@cert.comune.palermo.it"], "url": "https://www.comune.palermo.it/amministrazione/unita_organizzativa/uo-servizi-amministrativi-e-segreteria/", "colore": "#ad1457"}}, {"type": "Feature", "geometry": {"type": "Point", "coordinates": [13.3350655, 38.1489097]}, "properties": {"id": "uo-staff-supporto-economico-finanziario", "livello": "settore", "nome": "U.O. Staff supporto economico finanziario", "area": "Uffici non collocati", "settore": "U.O. Staff supporto economico finanziario", "responsabile": "", "sede": "Polo Tecnico", "indirizzo": "Via Ausonia, 69, 90144 Palermo PA, Italia", "telefoni": ["0917401616"], "email": ["pianificazioneterritoriale@comune.palermo.it"], "pec": [], "url": "https://www.comune.palermo.it/amministrazione/unita_organizzativa/uo-staff-supporto-economico-finanziario/", "colore": "#ad1457"}}, {"type": "Feature", "geometry": {"type": "Point", "coordinates": [13.3350655, 38.1489097]}, "properties": {"id": "uo-staff-supporto-economico-finanziario", "livello": "unita", "nome": "U.O. Staff supporto economico finanziario", "area": "Uffici non collocati", "settore": "U.O. Staff supporto economico finanziario", "responsabile": "", "sede": "Polo Tecnico", "indirizzo": "Via Ausonia, 69, 90144 Palermo PA, Italia", "telefoni": ["0917401616"], "email": ["pianificazioneterritoriale@comune.palermo.it"], "pec": [], "url": "https://www.comune.palermo.it/amministrazione/unita_organizzativa/uo-staff-supporto-economico-finanziario/", "colore": "#ad1457"}}, {"type": "Feature", "geometry": {"type": "Point", "coordinates": [13.3350655, 38.1489097]}, "properties": {"id": "uo-staff-supporto-gestione-amministrativacontabile-ed-alle-procedure-negoziali", "livello": "settore", "nome": "U.O. Staff supporto gestione amministrativa/contabile ed alle procedure negoziali", "area": "Uffici non collocati", "settore": "U.O. Staff supporto gestione amministrativa/contabile ed alle procedure negoziali", "responsabile": "Elena Bellante (Funzionario Amministrativo)", "sede": "Polo Tecnico", "indirizzo": "Via Ausonia, 69, 90144 Palermo PA, Italia", "telefoni": ["0917402670"], "email": ["e.bellante@comune.palermo.it"], "pec": [], "url": "https://www.comune.palermo.it/amministrazione/unita_organizzativa/uo-staff-supporto-gestione-amministrativacontabile-ed-alle-procedure-negoziali/", "colore": "#ad1457"}}, {"type": "Feature", "geometry": {"type": "Point", "coordinates": [13.3350655, 38.1489097]}, "properties": {"id": "uo-staff-supporto-gestione-amministrativacontabile-ed-alle-procedure-negoziali", "livello": "unita", "nome": "U.O. Staff supporto gestione amministrativa/contabile ed alle procedure negoziali", "area": "Uffici non collocati", "settore": "U.O. Staff supporto gestione amministrativa/contabile ed alle procedure negoziali", "responsabile": "Elena Bellante (Funzionario Amministrativo)", "sede": "Polo Tecnico", "indirizzo": "Via Ausonia, 69, 90144 Palermo PA, Italia", "telefoni": ["0917402670"], "email": ["e.bellante@comune.palermo.it"], "pec": [], "url": "https://www.comune.palermo.it/amministrazione/unita_organizzativa/uo-staff-supporto-gestione-amministrativacontabile-ed-alle-procedure-negoziali/", "colore": "#ad1457"}}, {"type": "Feature", "geometry": {"type": "Point", "coordinates": [13.3350655, 38.1489097]}, "properties": {"id": "uo-staff-tecnico-del-capo-area", "livello": "settore", "nome": "U.O. Staff Tecnico del Capo Area", "area": "Uffici non collocati", "settore": "U.O. Staff Tecnico del Capo Area", "responsabile": "Fabio Granata (Funzionario Tecnico Progettista)", "sede": "Polo Tecnico", "indirizzo": "Via Ausonia, 69, 90144 Palermo PA, Italia", "telefoni": ["0917401286"], "email": ["f.granata@comune.palermo.it", "pianificazioneterritoriale@cert.comune.palermo.it"], "pec": ["pianificazioneterritoriale@cert.comune.palermo.it"], "url": "https://www.comune.palermo.it/amministrazione/unita_organizzativa/uo-staff-tecnico-del-capo-area/", "colore": "#ad1457"}}, {"type": "Feature", "geometry": {"type": "Point", "coordinates": [13.3350655, 38.1489097]}, "properties": {"id": "uo-staff-tecnico-del-capo-area", "livello": "unita", "nome": "U.O. Staff Tecnico del Capo Area", "area": "Uffici non collocati", "settore": "U.O. Staff Tecnico del Capo Area", "responsabile": "Fabio Granata (Funzionario Tecnico Progettista)", "sede": "Polo Tecnico", "indirizzo": "Via Ausonia, 69, 90144 Palermo PA, Italia", "telefoni": ["0917401286"], "email": ["f.granata@comune.palermo.it", "pianificazioneterritoriale@cert.comune.palermo.it"], "pec": ["pianificazioneterritoriale@cert.comune.palermo.it"], "url": "https://www.comune.palermo.it/amministrazione/unita_organizzativa/uo-staff-tecnico-del-capo-area/", "colore": "#ad1457"}}, {"type": "Feature", "geometry": {"type": "Point", "coordinates": [13.3350655, 38.1489097]}, "properties": {"id": "uo-strumenti-di-attuazione-del-piano-art-7-l6581-gestione-del-prusst-e-dei-programmi-integrati-di-iniziativa-privata-catasto-incendi-piani-particolareggiati-in-zone-d", "livello": "settore", "nome": "U.O. Strumenti di attuazione del piano – Art. 7 L.65/81, Gestione del PRUSST e dei programmi integrati di iniziativa privata, Catasto incendi, Piani Particolareggiati in zone D", "area": "Uffici non collocati", "settore": "U.O. Strumenti di attuazione del piano – Art. 7 L.65/81, Gestione del PRUSST e dei programmi integrati di iniziativa privata, Catasto incendi, Piani Particolareggiati in zone D", "responsabile": "Luigi Di Lorenzo (Funzionario Tecnico)", "sede": "Polo Tecnico", "indirizzo": "Via Ausonia, 69, 90144 Palermo PA, Italia", "telefoni": ["0917401405"], "email": ["l.dilorenzo@comune.palermo.it", "pianificazioneterritoriale@cert.comune.palermo.it", "pianificazioneterritoriale@comune.palermo.it"], "pec": ["pianificazioneterritoriale@cert.comune.palermo.it"], "url": "https://www.comune.palermo.it/amministrazione/unita_organizzativa/uo-strumenti-di-attuazione-del-piano-art-7-l6581-gestione-del-prusst-e-dei-programmi-integrati-di-iniziativa-privata-catasto-incendi-piani-particolareggiati-in-zone-d/", "colore": "#ad1457"}}, {"type": "Feature", "geometry": {"type": "Point", "coordinates": [13.3350655, 38.1489097]}, "properties": {"id": "uo-strumenti-di-attuazione-del-piano-art-7-l6581-gestione-del-prusst-e-dei-programmi-integrati-di-iniziativa-privata-catasto-incendi-piani-particolareggiati-in-zone-d", "livello": "unita", "nome": "U.O. Strumenti di attuazione del piano – Art. 7 L.65/81, Gestione del PRUSST e dei programmi integrati di iniziativa privata, Catasto incendi, Piani Particolareggiati in zone D", "area": "Uffici non collocati", "settore": "U.O. Strumenti di attuazione del piano – Art. 7 L.65/81, Gestione del PRUSST e dei programmi integrati di iniziativa privata, Catasto incendi, Piani Particolareggiati in zone D", "responsabile": "Luigi Di Lorenzo (Funzionario Tecnico)", "sede": "Polo Tecnico", "indirizzo": "Via Ausonia, 69, 90144 Palermo PA, Italia", "telefoni": ["0917401405"], "email": ["l.dilorenzo@comune.palermo.it", "pianificazioneterritoriale@cert.comune.palermo.it", "pianificazioneterritoriale@comune.palermo.it"], "pec": ["pianificazioneterritoriale@cert.comune.palermo.it"], "url": "https://www.comune.palermo.it/amministrazione/unita_organizzativa/uo-strumenti-di-attuazione-del-piano-art-7-l6581-gestione-del-prusst-e-dei-programmi-integrati-di-iniziativa-privata-catasto-incendi-piani-particolareggiati-in-zone-d/", "colore": "#ad1457"}}, {"type": "Feature", "geometry": {"type": "Point", "coordinates": [13.3350655, 38.1489097]}, "properties": {"id": "uo-ufficio-del-piano-regolatore-generale-e-conformit-urbanistica", "livello": "settore", "nome": "U.O. Ufficio del Piano Regolatore Generale e Conformità Urbanistica", "area": "Uffici non collocati", "settore": "U.O. Ufficio del Piano Regolatore Generale e Conformità Urbanistica", "responsabile": "Fabio Granata (Funzionario Tecnico Progettista)", "sede": "Polo Tecnico", "indirizzo": "Via Ausonia, 69, 90144 Palermo PA, Italia", "telefoni": ["0917401286"], "email": ["f.granata@comune.palermo.it", "pianificazioneterritoriale@cert.comune.palermo.it", "pianificazioneterritoriale@comune.palermo.it"], "pec": ["pianificazioneterritoriale@cert.comune.palermo.it"], "url": "https://www.comune.palermo.it/amministrazione/unita_organizzativa/uo-ufficio-del-piano-regolatore-generale-e-conformit-urbanistica/", "colore": "#ad1457"}}, {"type": "Feature", "geometry": {"type": "Point", "coordinates": [13.3350655, 38.1489097]}, "properties": {"id": "uo-ufficio-del-piano-regolatore-generale-e-conformit-urbanistica", "livello": "unita", "nome": "U.O. Ufficio del Piano Regolatore Generale e Conformità Urbanistica", "area": "Uffici non collocati", "settore": "U.O. Ufficio del Piano Regolatore Generale e Conformità Urbanistica", "responsabile": "Fabio Granata (Funzionario Tecnico Progettista)", "sede": "Polo Tecnico", "indirizzo": "Via Ausonia, 69, 90144 Palermo PA, Italia", "telefoni": ["0917401286"], "email": ["f.granata@comune.palermo.it", "pianificazioneterritoriale@cert.comune.palermo.it", "pianificazioneterritoriale@comune.palermo.it"], "pec": ["pianificazioneterritoriale@cert.comune.palermo.it"], "url": "https://www.comune.palermo.it/amministrazione/unita_organizzativa/uo-ufficio-del-piano-regolatore-generale-e-conformit-urbanistica/", "colore": "#ad1457"}}, {"type": "Feature", "geometry": {"type": "Point", "coordinates": [13.3668992, 38.1170384]}, "properties": {"id": "ufficio-di-gabinetto-del-sindaco", "livello": "area", "nome": "Ufficio di Gabinetto del Sindaco", "area": "Ufficio di Gabinetto del Sindaco", "settore": "", "responsabile": "Sergio Pollicita (Dirigente Capo di Gabinetto)", "sede": "Palazzo Galletti di S. Cataldo", "indirizzo": "Piazza Marina, 46, 90133 Palermo PA", "telefoni": ["0917406315", "0917406316"], "email": ["capogabinettosindaco@comune.palermo.it", "gabinettosindaco@cert.comune.palermo.it"], "pec": ["gabinettosindaco@cert.comune.palermo.it"], "url": "https://www.comune.palermo.it/amministrazione/unita_organizzativa/ufficio-di-gabinetto-del-sindaco/", "colore": "#546e7a"}}, {"type": "Feature", "geometry": {"type": "Point", "coordinates": [13.3668992, 38.1170384]}, "properties": {"id": "capo-di-gabinetto", "livello": "settore", "nome": "Capo di Gabinetto", "area": "Ufficio di Gabinetto del Sindaco", "settore": "Capo di Gabinetto", "responsabile": "Sergio Pollicita (Dirigente Capo di Gabinetto)", "sede": "Palazzo Galletti di S. Cataldo", "indirizzo": "Piazza Marina, 46, 90133 Palermo PA", "telefoni": ["0917406315", "0917406316"], "email": ["capogabinettosindaco@comune.palermo.it", "gabinettosindaco@cert.comune.palermo.it"], "pec": ["gabinettosindaco@cert.comune.palermo.it"], "url": "https://www.comune.palermo.it/amministrazione/unita_organizzativa/capo-di-gabinetto/", "colore": "#546e7a"}}, {"type": "Feature", "geometry": {"type": "Point", "coordinates": [13.3668992, 38.1170384]}, "properties": {"id": "uo-affari-generali-archivio-protocollo", "livello": "unita", "nome": "U.O. Affari Generali, Archivio, Protocollo", "area": "Ufficio di Gabinetto del Sindaco", "settore": "Capo di Gabinetto", "responsabile": "Daniela Martino (Istruttore Amministrativo)", "sede": "Palazzo Galletti di S. Cataldo", "indirizzo": "Piazza Marina, 46, 90133 Palermo PA", "telefoni": ["0917406312"], "email": ["d.martino@comune.palermo.it", "gabinettosindaco@cert.comune.palermo.it"], "pec": ["gabinettosindaco@cert.comune.palermo.it"], "url": "https://www.comune.palermo.it/amministrazione/unita_organizzativa/uo-affari-generali-archivio-protocollo/", "colore": "#546e7a"}}, {"type": "Feature", "geometry": {"type": "Point", "coordinates": [13.3668992, 38.1170384]}, "properties": {"id": "uo-coordinamento-amministrativofinanziario-e-gestione-contabile-del-gabinetto-del-sindaco", "livello": "unita", "nome": "U.O. Coordinamento Amministrativo/Finanziario e Gestione Contabile del Gabinetto del Sindaco", "area": "Ufficio di Gabinetto del Sindaco", "settore": "Capo di Gabinetto", "responsabile": "Angela Carbone (Funzionario Amministrativo)", "sede": "Palazzo Galletti di S. Cataldo", "indirizzo": "Piazza Marina, 46, 90133 Palermo PA", "telefoni": ["0917406310"], "email": ["a.carbone@comune.palermo.it", "gabinettosindaco@cert.comune.palermo.it"], "pec": ["gabinettosindaco@cert.comune.palermo.it"], "url": "https://www.comune.palermo.it/amministrazione/unita_organizzativa/uo-coordinamento-amministrativofinanziario-e-gestione-contabile-del-gabinetto-del-sindaco/", "colore": "#546e7a"}}, {"type": "Feature", "geometry": {"type": "Point", "coordinates": [13.3668992, 38.1170384]}, "properties": {"id": "uo-direzione-segreteria-capo-di-gabinetto-2", "livello": "unita", "nome": "U.O. Direzione – Segreteria – Capo di Gabinetto", "area": "Ufficio di Gabinetto del Sindaco", "settore": "Capo di Gabinetto", "responsabile": "Salvatore Lorusso (Funzionario Amministrativo)", "sede": "Palazzo Galletti di S. Cataldo", "indirizzo": "Piazza Marina, 46, 90133 Palermo PA", "telefoni": ["0917406306"], "email": ["capogabinettosindaco@comune.palermo.it", "gabinettosindaco@cert.comune.palermo.it"], "pec": ["gabinettosindaco@cert.comune.palermo.it"], "url": "https://www.comune.palermo.it/amministrazione/unita_organizzativa/uo-direzione-segreteria-capo-di-gabinetto-2/", "colore": "#546e7a"}}, {"type": "Feature", "geometry": {"type": "Point", "coordinates": [13.3668992, 38.1170384]}, "properties": {"id": "uo-gestione-del-personale-capo-di-gabinetto-2", "livello": "unita", "nome": "U.O. Gestione del Personale – Capo di Gabinetto", "area": "Ufficio di Gabinetto del Sindaco", "settore": "Capo di Gabinetto", "responsabile": "Angela Carbone (Funzionario Amministrativo)", "sede": "Palazzo Galletti di S. Cataldo", "indirizzo": "Piazza Marina, 46, 90133 Palermo PA", "telefoni": ["0917406340"], "email": ["a.carbone@comune.palermo.it", "gabinettosindaco@cert.comune.palermo.it"], "pec": ["gabinettosindaco@cert.comune.palermo.it"], "url": "https://www.comune.palermo.it/amministrazione/unita_organizzativa/uo-gestione-del-personale-capo-di-gabinetto-2/", "colore": "#546e7a"}}, {"type": "Feature", "geometry": {"type": "Point", "coordinates": [13.3668992, 38.1170384]}, "properties": {"id": "uo-nomine-incarichi-trasparenza-capo-di-gabinetto", "livello": "unita", "nome": "U.O. Nomine – Incarichi – Trasparenza – Capo di Gabinetto", "area": "Ufficio di Gabinetto del Sindaco", "settore": "Capo di Gabinetto", "responsabile": "Salvatore Piazzese (Funzionario Amministrativo)", "sede": "Palazzo Galletti di S. Cataldo", "indirizzo": "Piazza Marina, 46, 90133 Palermo PA", "telefoni": ["0917406308"], "email": ["capodigabinetto@comune.palermo.it", "gabinettosindaco@cert.comune.palermo.it"], "pec": ["gabinettosindaco@cert.comune.palermo.it"], "url": "https://www.comune.palermo.it/amministrazione/unita_organizzativa/uo-nomine-incarichi-trasparenza-capo-di-gabinetto/", "colore": "#546e7a"}}, {"type": "Feature", "geometry": {"type": "Point", "coordinates": [13.3668992, 38.1170384]}, "properties": {"id": "uo-staff-tecnico-del-capo-di-gabinetto", "livello": "unita", "nome": "U.O. Staff Tecnico del Capo di Gabinetto", "area": "Ufficio di Gabinetto del Sindaco", "settore": "Capo di Gabinetto", "responsabile": "Fausto Moriniello (Funzionario Tecnico Architetto)", "sede": "Palazzo Galletti di S. Cataldo", "indirizzo": "Piazza Marina, 46, 90133 Palermo PA", "telefoni": ["0917406309"], "email": ["f.moriniello@comune.palermo.it", "gabinettosindaco@cert.comune.palermo.it"], "pec": ["gabinettosindaco@cert.comune.palermo.it"], "url": "https://www.comune.palermo.it/amministrazione/unita_organizzativa/uo-staff-tecnico-del-capo-di-gabinetto/", "colore": "#546e7a"}}, {"type": "Feature", "geometry": {"type": "Point", "coordinates": [13.3668992, 38.1170384]}, "properties": {"id": "uo-supporto-operativo-gabinetto-del-sindaco", "livello": "unita", "nome": "U.O. Supporto Operativo Gabinetto del Sindaco", "area": "Ufficio di Gabinetto del Sindaco", "settore": "Capo di Gabinetto", "responsabile": "Salvatore D'Arpa (Funzionario Polizia Municipale)", "sede": "Palazzo Galletti di S. Cataldo", "indirizzo": "Piazza Marina, 46, 90133 Palermo PA", "telefoni": ["0917406327"], "email": ["gabinettosindaco@cert.comune.palermo.it", "s.darpa@comune.palermo.it"], "pec": ["gabinettosindaco@cert.comune.palermo.it"], "url": "https://www.comune.palermo.it/amministrazione/unita_organizzativa/uo-supporto-operativo-gabinetto-del-sindaco/", "colore": "#546e7a"}}, {"type": "Feature", "geometry": {"type": "Point", "coordinates": [13.3668992, 38.1170384]}, "properties": {"id": "uo-ufficio-del-commissario-di-governo-per-la-gestione-dellemergenza-cimiteriale", "livello": "unita", "nome": "U.O. Ufficio del Commissario di governo per la gestione dell’emergenza cimiteriale", "area": "Ufficio di Gabinetto del Sindaco", "settore": "Capo di Gabinetto", "responsabile": "Diletta De Angelis Ricciotti (Funzionario Tecnico)", "sede": "Palazzo Galletti di S. Cataldo", "indirizzo": "Piazza Marina, 46, 90133 Palermo PA", "telefoni": ["097406321"], "email": ["d.deangelisricciotti@comune.palermo.it", "gabinettosindaco@cert.comune.palermo.it"], "pec": ["gabinettosindaco@cert.comune.palermo.it"], "url": "https://www.comune.palermo.it/amministrazione/unita_organizzativa/uo-ufficio-del-commissario-di-governo-per-la-gestione-dellemergenza-cimiteriale/", "colore": "#546e7a"}}, {"type": "Feature", "geometry": {"type": "Point", "coordinates": [13.331229515386, 38.164246457508]}, "properties": {"id": "ufficio-del-cerimoniale-e-relazioni-internazionali", "livello": "settore", "nome": "Ufficio del Cerimoniale e Relazioni Internazionali", "area": "Ufficio di Gabinetto del Sindaco", "settore": "Ufficio del Cerimoniale e Relazioni Internazionali", "responsabile": "Nicola Fabio Corsini (Dirigente Ufficio del Cerimoniale e Relazioni Internazionali)", "sede": "Villa Niscemi", "indirizzo": "Via dei Quartieri 2, San Lorenzo, VI Circoscrizione, Palermo, Sicilia, 90146, Italia", "telefoni": ["+39 091 7404820", "+39 091 7404822", "+39 091 7404845", "+39 091 7404871"], "email": ["cerimoniale_international@cert.comune.palermo.it", "cerimonialesindaco@comune.palermo.it"], "pec": ["cerimoniale_international@cert.comune.palermo.it"], "url": "https://www.comune.palermo.it/amministrazione/unita_organizzativa/ufficio-del-cerimoniale-e-relazioni-internazionali/", "colore": "#546e7a"}}, {"type": "Feature", "geometry": {"type": "Point", "coordinates": [13.331229515386, 38.164246457508]}, "properties": {"id": "uo-archivio-magazzino-coordinamento-servizi-ausiliari-per-attivit-di-rappresentanza", "livello": "unita", "nome": "U.O. Archivio, Magazzino, Coordinamento Servizi Ausiliari per Attività di Rappresentanza", "area": "Ufficio di Gabinetto del Sindaco", "settore": "Ufficio del Cerimoniale e Relazioni Internazionali", "responsabile": "Nicolo' Corrao (Istruttore Contabile)", "sede": "Villa Niscemi", "indirizzo": "Via dei Quartieri 2, San Lorenzo, VI Circoscrizione, Palermo, Sicilia, 90146, Italia", "telefoni": ["0917404823"], "email": ["cerimoniale_international@cert.comune.palermo.it", "cerimonialesindaco@comune.palermo.it"], "pec": ["cerimoniale_international@cert.comune.palermo.it"], "url": "https://www.comune.palermo.it/amministrazione/unita_organizzativa/uo-archivio-magazzino-coordinamento-servizi-ausiliari-per-attivit-di-rappresentanza/", "colore": "#546e7a"}}, {"type": "Feature", "geometry": {"type": "Point", "coordinates": [13.3597188, 38.1151341]}, "properties": {"id": "uo-organizzazione-amministrativofinanziaria-e-gestione-contabile", "livello": "unita", "nome": "U.O. Organizzazione amministrativo/finanziaria e gestione contabile", "area": "Ufficio di Gabinetto del Sindaco", "settore": "Ufficio del Cerimoniale e Relazioni Internazionali", "responsabile": "Lorenzo Garofalo (Funzionario Polizia Municipale)", "sede": "Palazzo delle Aquile (o Pretorio)", "indirizzo": "Piazza Pretoria, 1, 90133 Palermo PA", "telefoni": ["0917404925"], "email": ["cerimoniale_international@cert.comune.palermo.it", "cerimonialesindaco@comune.palermo.it"], "pec": ["cerimoniale_international@cert.comune.palermo.it"], "url": "https://www.comune.palermo.it/amministrazione/unita_organizzativa/uo-organizzazione-amministrativofinanziaria-e-gestione-contabile/", "colore": "#546e7a"}}, {"type": "Feature", "geometry": {"type": "Point", "coordinates": [13.331229515386, 38.164246457508]}, "properties": {"id": "uo-segreteria-di-direzione-servizi-generali-gestione-del-personale-protocollo-concessione-spazi-villa-niscemi-galleria-darte-nicola-scafidi-e-patrocini", "livello": "unita", "nome": "U.O. Segreteria di Direzione, Servizi Generali, Gestione del Personale, Protocollo, Concessione Spazi Villa Niscemi, Galleria d’Arte Nicola Scafidi e Patrocini", "area": "Ufficio di Gabinetto del Sindaco", "settore": "Ufficio del Cerimoniale e Relazioni Internazionali", "responsabile": "Donatella Greco (Istruttore Amministrativo)", "sede": "Villa Niscemi", "indirizzo": "Via dei Quartieri 2, San Lorenzo, VI Circoscrizione, Palermo, Sicilia, 90146, Italia", "telefoni": ["0917404822", "0917404925"], "email": ["cerimoniale_international@cert.comune.palermo.it", "cerimonialesindaco@comune.palermo.it"], "pec": ["cerimoniale_international@cert.comune.palermo.it"], "url": "https://www.comune.palermo.it/amministrazione/unita_organizzativa/uo-segreteria-di-direzione-servizi-generali-gestione-del-personale-protocollo-concessione-spazi-villa-niscemi-galleria-darte-nicola-scafidi-e-patrocini/", "colore": "#546e7a"}}, {"type": "Feature", "geometry": {"type": "Point", "coordinates": [13.3668992, 38.1170384]}, "properties": {"id": "ufficio-capo-di-gabinetto", "livello": "settore", "nome": "Ufficio Capo di Gabinetto", "area": "Ufficio di Gabinetto del Sindaco", "settore": "Ufficio Capo di Gabinetto", "responsabile": "Sergio Pollicita (Dirigente Capo di Gabinetto)", "sede": "Palazzo Galletti di S. Cataldo", "indirizzo": "Piazza Marina, 46, 90133 Palermo PA", "telefoni": ["0917406315", "0917406316"], "email": ["capogabinettosindaco@comune.palermo.it", "gabinettosindaco@cert.comune.palermo.it"], "pec": ["gabinettosindaco@cert.comune.palermo.it"], "url": "https://www.comune.palermo.it/amministrazione/unita_organizzativa/ufficio-capo-di-gabinetto/", "colore": "#546e7a"}}]}